2026-06-29 02:54:23,992 | INFO     | ======================================================================
2026-06-29 02:54:23,992 | INFO     | 🔍 VPN KEY CHECKER - Начало проверки
2026-06-29 02:54:23,992 | INFO     | ⏰ Время старта: 2026-06-29 02:54:23
2026-06-29 02:54:23,992 | INFO     | 📂 Рабочая директория: /home/runner/work/vpn-vless-configs-russia/vpn-vless-configs-russia
2026-06-29 02:54:23,993 | INFO     | ======================================================================
2026-06-29 02:54:23,993 | INFO     | 
2026-06-29 02:54:23,993 | INFO     | 🔍 Проверка наличия скриптов...
2026-06-29 02:54:23,993 | INFO     |   ✅ mirror.py
2026-06-29 02:54:23,993 | INFO     |   ✅ filter_ru_sni.py
2026-06-29 02:54:23,993 | INFO     |   ✅ filter_ru_sni_local.py
2026-06-29 02:54:23,993 | INFO     | 
2026-06-29 02:54:23,993 | INFO     | 
2026-06-29 02:54:23,993 | INFO     | ──────────────────────────────────────────────────────────────────────
2026-06-29 02:54:23,993 | INFO     | 📌 ЭТАП: Загрузка и geo-фильтрация
2026-06-29 02:54:23,993 | INFO     | ──────────────────────────────────────────────────────────────────────
2026-06-29 02:54:23,993 | INFO     | 🚀 Запуск mirror.py (Загрузка и фильтрация по РФ/СНГ/Европа)...
2026-06-29 03:00:55,884 | INFO     |   → 🚀 Старт: всего источников (старые + новые): 1315
2026-06-29 03:00:55,884 | INFO     |   → 1/1315: ✅ 4 взято | 🗑️ 147 мусор
2026-06-29 03:00:55,884 | INFO     |   → 2/1315: ✅ 0 взято | 🗑️ 0 мусор
2026-06-29 03:00:55,884 | INFO     |   → 3/1315 ❌ HTTP 404 — https://bitbucket.org/huwo1/proxy_nodes/raw/f31ca9ec67b84071515729ff45b011b6b09c10f2/clash.yaml
2026-06-29 03:00:55,884 | INFO     |   → 4/1315 ❌ HTTP 404 — https://cdn.jsdelivr.net/gh/cry0ice/genode@main/public/all.txt
2026-06-29 03:00:55,884 | INFO     |   → 5/1315 ❌ HTTP 404 — https://cdn.jsdelivr.net/gh/cry0ice/genode@main/public/ss.txt
2026-06-29 03:00:55,884 | INFO     |   → 6/1315 ❌ HTTP 404 — https://cdn.jsdelivr.net/gh/cry0ice/genode@main/public/ssr.txt
2026-06-29 03:00:55,884 | INFO     |   → 7/1315 ❌ HTTP 404 — https://cdn.jsdelivr.net/gh/cry0ice/genode@main/public/trojan.txt
2026-06-29 03:00:55,884 | INFO     |   → 8/1315 ❌ HTTP 404 — https://cdn.jsdelivr.net/gh/cry0ice/genode@main/public/vless.txt
2026-06-29 03:00:55,884 | INFO     |   → 9/1315 ❌ HTTP 404 — https://cdn.jsdelivr.net/gh/cry0ice/genode@main/public/vmess.txt
2026-06-29 03:00:55,884 | INFO     |   → 10/1315: ✅ 0 взято | 🗑️ 0 мусор
2026-06-29 03:00:55,884 | INFO     |   → 11/1315: ✅ 0 взято | 🗑️ 0 мусор
2026-06-29 03:00:55,885 | INFO     |   → 12/1315: ✅ 0 взято | 🗑️ 0 мусор
2026-06-29 03:00:55,885 | INFO     |   → 13/1315: ✅ 0 взято | 🗑️ 0 мусор
2026-06-29 03:00:55,885 | INFO     |   → 14/1315: ✅ 0 взято | 🗑️ 0 мусор
2026-06-29 03:00:55,885 | INFO     |   → 15/1315: ✅ 0 взято | 🗑️ 0 мусор
2026-06-29 03:00:55,885 | INFO     |   → 16/1315: ✅ 0 взято | 🗑️ 0 мусор
2026-06-29 03:00:55,885 | INFO     |   → 17/1315: ✅ 0 взято | 🗑️ 0 мусор
2026-06-29 03:00:55,885 | INFO     |   → 18/1315: ✅ 0 взято | 🗑️ 0 мусор
2026-06-29 03:00:55,885 | INFO     |   → 19/1315: ✅ 0 взято | 🗑️ 0 мусор
2026-06-29 03:00:55,885 | INFO     |   → 20/1315: ✅ 0 взято | 🗑️ 0 мусор
2026-06-29 03:00:55,885 | INFO     |   → 21/1315: ✅ 0 взято | 🗑️ 0 мусор
2026-06-29 03:00:55,885 | INFO     |   → 22/1315: ✅ 0 взято | 🗑️ 0 мусор
2026-06-29 03:00:55,885 | INFO     |   → 23/1315: ✅ 0 взято | 🗑️ 0 мусор
2026-06-29 03:00:55,885 | INFO     |   → 24/1315: ✅ 0 взято | 🗑️ 0 мусор
2026-06-29 03:00:55,885 | INFO     |   → 25/1315: ✅ 0 взято | 🗑️ 0 мусор
2026-06-29 03:00:55,885 | INFO     |   → 26/1315: ✅ 0 взято | 🗑️ 0 мусор
2026-06-29 03:00:55,885 | INFO     |   → 27/1315: ✅ 0 взято | 🗑️ 0 мусор
2026-06-29 03:00:55,885 | INFO     |   → 28/1315: ✅ 0 взято | 🗑️ 0 мусор
2026-06-29 03:00:55,886 | INFO     |   → 29/1315: ✅ 0 взято | 🗑️ 0 мусор
2026-06-29 03:00:55,886 | INFO     |   → 30/1315: ✅ 0 взято | 🗑️ 0 мусор
2026-06-29 03:00:55,886 | INFO     |   → 31/1315: ✅ 0 взято | 🗑️ 0 мусор
2026-06-29 03:00:55,886 | INFO     |   → 32/1315: ✅ 0 взято | 🗑️ 0 мусор
2026-06-29 03:00:55,886 | INFO     |   → 33/1315: ✅ 0 взято | 🗑️ 0 мусор
2026-06-29 03:00:55,886 | INFO     |   → 34/1315: ✅ 0 взято | 🗑️ 0 мусор
2026-06-29 03:00:55,886 | INFO     |   → 35/1315: ✅ 0 взято | 🗑️ 0 мусор
2026-06-29 03:00:55,886 | INFO     |   → 36/1315: ✅ 0 взято | 🗑️ 0 мусор
2026-06-29 03:00:55,886 | INFO     |   → 37/1315: ✅ 0 взято | 🗑️ 0 мусор
2026-06-29 03:00:55,886 | INFO     |   → 38/1315: ✅ 0 взято | 🗑️ 0 мусор
2026-06-29 03:00:55,886 | INFO     |   → 39/1315: ✅ 0 взято | 🗑️ 0 мусор
2026-06-29 03:00:55,886 | INFO     |   → 40/1315: ✅ 0 взято | 🗑️ 0 мусор
2026-06-29 03:00:55,886 | INFO     |   → 41/1315: ✅ 0 взято | 🗑️ 0 мусор
2026-06-29 03:00:55,886 | INFO     |   → 42/1315: ✅ 0 взято | 🗑️ 0 мусор
2026-06-29 03:00:55,886 | INFO     |   → 43/1315: ✅ 0 взято | 🗑️ 0 мусор
2026-06-29 03:00:55,886 | INFO     |   → 44/1315: ✅ 0 взято | 🗑️ 0 мусор
2026-06-29 03:00:55,886 | INFO     |   → 45/1315: ✅ 0 взято | 🗑️ 0 мусор
2026-06-29 03:00:55,886 | INFO     |   → 46/1315: ✅ 0 взято | 🗑️ 0 мусор
2026-06-29 03:00:55,886 | INFO     |   → 47/1315: ✅ 0 взято | 🗑️ 0 мусор
2026-06-29 03:00:55,886 | INFO     |   → 48/1315: ✅ 0 взято | 🗑️ 0 мусор
2026-06-29 03:00:55,887 | INFO     |   → 49/1315: ✅ 0 взято | 🗑️ 0 мусор
2026-06-29 03:00:55,887 | INFO     |   → 50/1315: ✅ 0 взято | 🗑️ 0 мусор
2026-06-29 03:00:55,887 | INFO     |   → 51/1315: ✅ 0 взято | 🗑️ 0 мусор
2026-06-29 03:00:55,887 | INFO     |   → 52/1315: ✅ 0 взято | 🗑️ 0 мусор
2026-06-29 03:00:55,887 | INFO     |   → 53/1315: ✅ 0 взято | 🗑️ 0 мусор
2026-06-29 03:00:55,887 | INFO     |   → 54/1315: ✅ 0 взято | 🗑️ 0 мусор
2026-06-29 03:00:55,887 | INFO     |   → 55/1315: ✅ 0 взято | 🗑️ 0 мусор
2026-06-29 03:00:55,887 | INFO     |   → 56/1315: ✅ 0 взято | 🗑️ 0 мусор
2026-06-29 03:00:55,887 | INFO     |   → 57/1315: ✅ 0 взято | 🗑️ 0 мусор
2026-06-29 03:00:55,887 | INFO     |   → 58/1315: ✅ 0 взято | 🗑️ 0 мусор
2026-06-29 03:00:55,887 | INFO     |   → 59/1315: ✅ 0 взято | 🗑️ 0 мусор
2026-06-29 03:00:55,887 | INFO     |   → 60/1315: ✅ 0 взято | 🗑️ 0 мусор
2026-06-29 03:00:55,887 | INFO     |   → 61/1315: ✅ 0 взято | 🗑️ 0 мусор
2026-06-29 03:00:55,887 | INFO     |   → 62/1315: ✅ 0 взято | 🗑️ 0 мусор
2026-06-29 03:00:55,887 | INFO     |   → 63/1315: ✅ 0 взято | 🗑️ 0 мусор
2026-06-29 03:00:55,887 | INFO     |   → 64/1315: ✅ 0 взято | 🗑️ 0 мусор
2026-06-29 03:00:55,887 | INFO     |   → 65/1315: ✅ 0 взято | 🗑️ 0 мусор
2026-06-29 03:00:55,887 | INFO     |   → 66/1315: ✅ 0 взято | 🗑️ 0 мусор
2026-06-29 03:00:55,887 | INFO     |   → 67/1315: ✅ 0 взято | 🗑️ 0 мусор
2026-06-29 03:00:55,887 | INFO     |   → 68/1315: ✅ 0 взято | 🗑️ 0 мусор
2026-06-29 03:00:55,887 | INFO     |   → 69/1315: ✅ 0 взято | 🗑️ 0 мусор
2026-06-29 03:00:55,887 | INFO     |   → 70/1315: ✅ 0 взято | 🗑️ 0 мусор
2026-06-29 03:00:55,887 | INFO     |   → 71/1315: ✅ 0 взято | 🗑️ 0 мусор
2026-06-29 03:00:55,887 | INFO     |   → 72/1315: ✅ 0 взято | 🗑️ 0 мусор
2026-06-29 03:00:55,887 | INFO     |   → 73/1315: ✅ 0 взято | 🗑️ 0 мусор
2026-06-29 03:00:55,887 | INFO     |   → 74/1315: ✅ 0 взято | 🗑️ 0 мусор
2026-06-29 03:00:55,887 | INFO     |   → 75/1315: ✅ 0 взято | 🗑️ 0 мусор
2026-06-29 03:00:55,887 | INFO     |   → 76/1315: ✅ 0 взято | 🗑️ 0 мусор
2026-06-29 03:00:55,887 | INFO     |   → 77/1315: ✅ 0 взято | 🗑️ 0 мусор
2026-06-29 03:00:55,887 | INFO     |   → 78/1315: ✅ 0 взято | 🗑️ 0 мусор
2026-06-29 03:00:55,888 | INFO     |   → 79/1315: ✅ 0 взято | 🗑️ 0 мусор
2026-06-29 03:00:55,888 | INFO     |   → 80/1315: ✅ 0 взято | 🗑️ 0 мусор
2026-06-29 03:00:55,888 | INFO     |   → 81/1315: ✅ 0 взято | 🗑️ 0 мусор
2026-06-29 03:00:55,888 | INFO     |   → 82/1315: ✅ 0 взято | 🗑️ 0 мусор
2026-06-29 03:00:55,888 | INFO     |   → 83/1315: ✅ 0 взято | 🗑️ 0 мусор
2026-06-29 03:00:55,888 | INFO     |   → 84/1315: ✅ 0 взято | 🗑️ 0 мусор
2026-06-29 03:00:55,888 | INFO     |   → 85/1315: ✅ 0 взято | 🗑️ 0 мусор
2026-06-29 03:00:55,888 | INFO     |   → 86/1315: ✅ 0 взято | 🗑️ 0 мусор
2026-06-29 03:00:55,888 | INFO     |   → 87/1315: ✅ 0 взято | 🗑️ 0 мусор
2026-06-29 03:00:55,888 | INFO     |   → 88/1315: ✅ 0 взято | 🗑️ 0 мусор
2026-06-29 03:00:55,888 | INFO     |   → 89/1315: ✅ 0 взято | 🗑️ 0 мусор
2026-06-29 03:00:55,888 | INFO     |   → 90/1315: ✅ 0 взято | 🗑️ 0 мусор
2026-06-29 03:00:55,888 | INFO     |   → 91/1315: ✅ 0 взято | 🗑️ 0 мусор
2026-06-29 03:00:55,888 | INFO     |   → 92/1315: ✅ 0 взято | 🗑️ 0 мусор
2026-06-29 03:00:55,888 | INFO     |   → 93/1315: ✅ 0 взято | 🗑️ 0 мусор
2026-06-29 03:00:55,888 | INFO     |   → 94/1315: ✅ 0 взято | 🗑️ 0 мусор
2026-06-29 03:00:55,888 | INFO     |   → 95/1315: ✅ 0 взято | 🗑️ 0 мусор
2026-06-29 03:00:55,888 | INFO     |   → 96/1315: ✅ 0 взято | 🗑️ 0 мусор
2026-06-29 03:00:55,888 | INFO     |   → 97/1315: ✅ 0 взято | 🗑️ 0 мусор
2026-06-29 03:00:55,889 | INFO     |   → 98/1315: ✅ 0 взято | 🗑️ 0 мусор
2026-06-29 03:00:55,889 | INFO     |   → 99/1315: ✅ 0 взято | 🗑️ 0 мусор
2026-06-29 03:00:55,889 | INFO     |   → 100/1315: ✅ 0 взято | 🗑️ 0 мусор
2026-06-29 03:00:55,889 | INFO     |   → 101/1315: ✅ 0 взято | 🗑️ 0 мусор
2026-06-29 03:00:55,889 | INFO     |   → 102/1315: ✅ 0 взято | 🗑️ 0 мусор
2026-06-29 03:00:55,889 | INFO     |   → 103/1315: ✅ 0 взято | 🗑️ 0 мусор
2026-06-29 03:00:55,889 | INFO     |   → 104/1315: ✅ 0 взято | 🗑️ 0 мусор
2026-06-29 03:00:55,889 | INFO     |   → 105/1315: ✅ 0 взято | 🗑️ 0 мусор
2026-06-29 03:00:55,889 | INFO     |   → 106/1315: ✅ 0 взято | 🗑️ 0 мусор
2026-06-29 03:00:55,889 | INFO     |   → 107/1315: ✅ 0 взято | 🗑️ 0 мусор
2026-06-29 03:00:55,889 | INFO     |   → 108/1315: ✅ 0 взято | 🗑️ 0 мусор
2026-06-29 03:00:55,889 | INFO     |   → 109/1315: ✅ 0 взято | 🗑️ 0 мусор
2026-06-29 03:00:55,889 | INFO     |   → 110/1315: ✅ 0 взято | 🗑️ 0 мусор
2026-06-29 03:00:55,889 | INFO     |   → 111/1315: ✅ 0 взято | 🗑️ 0 мусор
2026-06-29 03:00:55,889 | INFO     |   → 112/1315: ✅ 0 взято | 🗑️ 0 мусор
2026-06-29 03:00:55,889 | INFO     |   → 113/1315: ✅ 0 взято | 🗑️ 0 мусор
2026-06-29 03:00:55,889 | INFO     |   → 114/1315: ✅ 0 взято | 🗑️ 0 мусор
2026-06-29 03:00:55,889 | INFO     |   → 115/1315: ✅ 0 взято | 🗑️ 0 мусор
2026-06-29 03:00:55,889 | INFO     |   → 116/1315: ✅ 0 взято | 🗑️ 0 мусор
2026-06-29 03:00:55,890 | INFO     |   → 117/1315: ✅ 0 взято | 🗑️ 0 мусор
2026-06-29 03:00:55,890 | INFO     |   → 118/1315: ✅ 0 взято | 🗑️ 0 мусор
2026-06-29 03:00:55,890 | INFO     |   → 119/1315: ✅ 0 взято | 🗑️ 0 мусор
2026-06-29 03:00:55,890 | INFO     |   → 120/1315: ✅ 0 взято | 🗑️ 0 мусор
2026-06-29 03:00:55,890 | INFO     |   → 121/1315: ✅ 0 взято | 🗑️ 0 мусор
2026-06-29 03:00:55,890 | INFO     |   → 122/1315: ✅ 0 взято | 🗑️ 0 мусор
2026-06-29 03:00:55,890 | INFO     |   → 123/1315: ✅ 0 взято | 🗑️ 0 мусор
2026-06-29 03:00:55,890 | INFO     |   → 124/1315: ✅ 0 взято | 🗑️ 0 мусор
2026-06-29 03:00:55,890 | INFO     |   → 125/1315: ✅ 0 взято | 🗑️ 0 мусор
2026-06-29 03:00:55,890 | INFO     |   → 126/1315: ✅ 0 взято | 🗑️ 0 мусор
2026-06-29 03:00:55,890 | INFO     |   → 127/1315: ✅ 0 взято | 🗑️ 0 мусор
2026-06-29 03:00:55,890 | INFO     |   → 128/1315: ✅ 0 взято | 🗑️ 0 мусор
2026-06-29 03:00:55,890 | INFO     |   → 129/1315: ✅ 0 взято | 🗑️ 0 мусор
2026-06-29 03:00:55,890 | INFO     |   → 130/1315: ✅ 0 взято | 🗑️ 0 мусор
2026-06-29 03:00:55,890 | INFO     |   → 131/1315: ✅ 0 взято | 🗑️ 0 мусор
2026-06-29 03:00:55,890 | INFO     |   → 132/1315: ✅ 0 взято | 🗑️ 0 мусор
2026-06-29 03:00:55,890 | INFO     |   → 133/1315: ✅ 0 взято | 🗑️ 0 мусор
2026-06-29 03:00:55,890 | INFO     |   → 134/1315: ✅ 0 взято | 🗑️ 0 мусор
2026-06-29 03:00:55,890 | INFO     |   → 135/1315: ✅ 0 взято | 🗑️ 0 мусор
2026-06-29 03:00:55,890 | INFO     |   → 136/1315: ✅ 0 взято | 🗑️ 0 мусор
2026-06-29 03:00:55,890 | INFO     |   → 137/1315: ✅ 0 взято | 🗑️ 0 мусор
2026-06-29 03:00:55,890 | INFO     |   → 138/1315: ✅ 0 взято | 🗑️ 0 мусор
2026-06-29 03:00:55,890 | INFO     |   → 139/1315: ✅ 0 взято | 🗑️ 0 мусор
2026-06-29 03:00:55,890 | INFO     |   → 140/1315: ✅ 0 взято | 🗑️ 0 мусор
2026-06-29 03:00:55,891 | INFO     |   → 141/1315: ✅ 0 взято | 🗑️ 0 мусор
2026-06-29 03:00:55,891 | INFO     |   → 142/1315: ✅ 0 взято | 🗑️ 0 мусор
2026-06-29 03:00:55,891 | INFO     |   → 143/1315: ✅ 0 взято | 🗑️ 0 мусор
2026-06-29 03:00:55,891 | INFO     |   → 144/1315: ✅ 0 взято | 🗑️ 0 мусор
2026-06-29 03:00:55,891 | INFO     |   → 145/1315: ✅ 0 взято | 🗑️ 0 мусор
2026-06-29 03:00:55,891 | INFO     |   → 146/1315: ✅ 0 взято | 🗑️ 0 мусор
2026-06-29 03:00:55,891 | INFO     |   → 147/1315: ✅ 0 взято | 🗑️ 0 мусор
2026-06-29 03:00:55,891 | INFO     |   → 148/1315: ✅ 0 взято | 🗑️ 0 мусор
2026-06-29 03:00:55,891 | INFO     |   → 149/1315: ✅ 0 взято | 🗑️ 0 мусор
2026-06-29 03:00:55,891 | INFO     |   → 150/1315: ✅ 0 взято | 🗑️ 0 мусор
2026-06-29 03:00:55,891 | INFO     |   → 151/1315: ✅ 0 взято | 🗑️ 0 мусор
2026-06-29 03:00:55,891 | INFO     |   → 152/1315: ✅ 0 взято | 🗑️ 0 мусор
2026-06-29 03:00:55,891 | INFO     |   → 153/1315: ✅ 0 взято | 🗑️ 0 мусор
2026-06-29 03:00:55,891 | INFO     |   → 154/1315: ✅ 0 взято | 🗑️ 0 мусор
2026-06-29 03:00:55,891 | INFO     |   → 155/1315: ✅ 0 взято | 🗑️ 0 мусор
2026-06-29 03:00:55,891 | INFO     |   → 156/1315: ✅ 0 взято | 🗑️ 0 мусор
2026-06-29 03:00:55,891 | INFO     |   → 157/1315: ✅ 0 взято | 🗑️ 0 мусор
2026-06-29 03:00:55,891 | INFO     |   → 158/1315: ✅ 0 взято | 🗑️ 0 мусор
2026-06-29 03:00:55,891 | INFO     |   → 159/1315: ✅ 0 взято | 🗑️ 0 мусор
2026-06-29 03:00:55,891 | INFO     |   → 160/1315: ✅ 0 взято | 🗑️ 0 мусор
2026-06-29 03:00:55,891 | INFO     |   → 161/1315: ✅ 0 взято | 🗑️ 0 мусор
2026-06-29 03:00:55,891 | INFO     |   → 162/1315: ✅ 0 взято | 🗑️ 0 мусор
2026-06-29 03:00:55,891 | INFO     |   → 163/1315: ✅ 0 взято | 🗑️ 0 мусор
2026-06-29 03:00:55,891 | INFO     |   → 164/1315: ✅ 0 взято | 🗑️ 0 мусор
2026-06-29 03:00:55,891 | INFO     |   → 165/1315: ✅ 0 взято | 🗑️ 0 мусор
2026-06-29 03:00:55,891 | INFO     |   → 166/1315: ✅ 0 взято | 🗑️ 0 мусор
2026-06-29 03:00:55,891 | INFO     |   → 167/1315: ✅ 0 взято | 🗑️ 0 мусор
2026-06-29 03:00:55,891 | INFO     |   → 168/1315: ✅ 0 взято | 🗑️ 0 мусор
2026-06-29 03:00:55,891 | INFO     |   → 169/1315: ✅ 0 взято | 🗑️ 0 мусор
2026-06-29 03:00:55,891 | INFO     |   → 170/1315 ❌ HTTP 404 — https://freessrnode.github.io/uploads/2024/08/0-20240822.txt
2026-06-29 03:00:55,891 | INFO     |   → 171/1315 ❌ HTTP 404 — https://freessrnode.github.io/uploads/2024/08/1-20240822.txt
2026-06-29 03:00:55,891 | INFO     |   → 172/1315 ❌ HTTP 404 — https://freessrnode.github.io/uploads/2024/08/2-20240822.txt
2026-06-29 03:00:55,891 | INFO     |   → 173/1315 ❌ HTTP 404 — https://freessrnode.github.io/uploads/2024/08/3-20240822.txt
2026-06-29 03:00:55,891 | INFO     |   → 174/1315 ❌ HTTP 404 — https://freessrnode.github.io/uploads/2024/08/4-20240822.txt
2026-06-29 03:00:55,891 | INFO     |   → 175/1315 ⚠️ Ошибка: HTTPSConnectionPool(host='freevpnspy.githubrowcontent.com', port=443): Max retries exceeded with url: /2024/08/20240802_novless.yaml (Caused by NameResolutionError("HTTPSConnection(host='freevpnspy.githubrowcontent.com', port=443): Failed to resolve 'freevpnspy.githubrowcontent.com' ([Errno -2] Name or service not known)")) — https://freevpnspy.githubrowcontent.com/2024/08/20240802_novless.yaml
2026-06-29 03:00:55,891 | INFO     |   → 176/1315 ⚠️ Ошибка: HTTPSConnectionPool(host='freevpnspy.githubrowcontent.com', port=443): Max retries exceeded with url: /2024/08/20240802_vless.yaml (Caused by NameResolutionError("HTTPSConnection(host='freevpnspy.githubrowcontent.com', port=443): Failed to resolve 'freevpnspy.githubrowcontent.com' ([Errno -2] Name or service not known)")) — https://freevpnspy.githubrowcontent.com/2024/08/20240802_vless.yaml
2026-06-29 03:00:55,891 | INFO     |   → 177/1315: ✅ 0 взято | 🗑️ 0 мусор
2026-06-29 03:00:55,891 | INFO     |   → 178/1315: ✅ 0 взято | 🗑️ 0 мусор
2026-06-29 03:00:55,892 | INFO     |   → 179/1315: ✅ 5 взято | 🗑️ 133 мусор
2026-06-29 03:00:55,892 | INFO     |   → 180/1315: ✅ 5 взято | 🗑️ 166 мусор
2026-06-29 03:00:55,892 | INFO     |   → 181/1315: ✅ 14 взято | 🗑️ 292 мусор
2026-06-29 03:00:55,892 | INFO     |   → 182/1315: ✅ 0 взято | 🗑️ 115 мусор
2026-06-29 03:00:55,892 | INFO     |   → 183/1315: ✅ 14 взято | 🗑️ 218 мусор
2026-06-29 03:00:55,892 | INFO     |   → 184/1315: ✅ 7 взято | 🗑️ 148 мусор
2026-06-29 03:00:55,892 | INFO     |   → 185/1315: ✅ 0 взято | 🗑️ 0 мусор
2026-06-29 03:00:55,892 | INFO     |   → 186/1315: ✅ 10 взято | 🗑️ 232 мусор
2026-06-29 03:00:55,892 | INFO     |   → 187/1315: ✅ 4 взято | 🗑️ 151 мусор
2026-06-29 03:00:55,892 | INFO     |   → 188/1315: ✅ 0 взято | 🗑️ 0 мусор
2026-06-29 03:00:55,892 | INFO     |   → 189/1315: ✅ 0 взято | 🗑️ 0 мусор
2026-06-29 03:00:55,892 | INFO     |   → 190/1315: ✅ 0 взято | 🗑️ 0 мусор
2026-06-29 03:00:55,892 | INFO     |   → 191/1315: ✅ 1 взято | 🗑️ 226 мусор
2026-06-29 03:00:55,892 | INFO     |   → 192/1315: ✅ 0 взято | 🗑️ 0 мусор
2026-06-29 03:00:55,892 | INFO     |   → 193/1315: ✅ 0 взято | 🗑️ 0 мусор
2026-06-29 03:00:55,892 | INFO     |   → 194/1315: ✅ 0 взято | 🗑️ 0 мусор
2026-06-29 03:00:55,892 | INFO     |   → 195/1315: ✅ 7 взято | 🗑️ 113 мусор
2026-06-29 03:00:55,892 | INFO     |   → 196/1315: ✅ 0 взято | 🗑️ 0 мусор
2026-06-29 03:00:55,892 | INFO     |   → 197/1315: ✅ 0 взято | 🗑️ 0 мусор
2026-06-29 03:00:55,892 | INFO     |   → 198/1315: ✅ 0 взято | 🗑️ 0 мусор
2026-06-29 03:00:55,892 | INFO     |   → 199/1315: ✅ 1 взято | 🗑️ 169 мусор
2026-06-29 03:00:55,892 | INFO     |   → 200/1315: ✅ 0 взято | 🗑️ 0 мусор
2026-06-29 03:00:55,892 | INFO     |   → 201/1315: ✅ 5 взято | 🗑️ 211 мусор
2026-06-29 03:00:55,892 | INFO     |   → 202/1315: ✅ 0 взято | 🗑️ 0 мусор
2026-06-29 03:00:55,892 | INFO     |   → 203/1315: ✅ 1 взято | 🗑️ 213 мусор
2026-06-29 03:00:55,892 | INFO     |   → 204/1315: ✅ 0 взято | 🗑️ 0 мусор
2026-06-29 03:00:55,892 | INFO     |   → 205/1315: ✅ 0 взято | 🗑️ 0 мусор
2026-06-29 03:00:55,892 | INFO     |   → 206/1315: ✅ 2 взято | 🗑️ 60 мусор
2026-06-29 03:00:55,892 | INFO     |   → 207/1315: ✅ 0 взято | 🗑️ 0 мусор
2026-06-29 03:00:55,892 | INFO     |   → 208/1315: ✅ 1 взято | 🗑️ 226 мусор
2026-06-29 03:00:55,892 | INFO     |   → 209/1315: ✅ 3 взято | 🗑️ 152 мусор
2026-06-29 03:00:55,892 | INFO     |   → 210/1315: ✅ 0 взято | 🗑️ 0 мусор
2026-06-29 03:00:55,892 | INFO     |   → 211/1315: ✅ 0 взято | 🗑️ 0 мусор
2026-06-29 03:00:55,892 | INFO     |   → 212/1315: ✅ 3 взято | 🗑️ 99 мусор
2026-06-29 03:00:55,892 | INFO     |   → 213/1315: ✅ 0 взято | 🗑️ 0 мусор
2026-06-29 03:00:55,892 | INFO     |   → 214/1315: ✅ 0 взято | 🗑️ 300 мусор
2026-06-29 03:00:55,892 | INFO     |   → 215/1315: ✅ 0 взято | 🗑️ 0 мусор
2026-06-29 03:00:55,892 | INFO     |   → 216/1315: ✅ 0 взято | 🗑️ 0 мусор
2026-06-29 03:00:55,892 | INFO     |   → 217/1315: ✅ 0 взято | 🗑️ 142 мусор
2026-06-29 03:00:55,892 | INFO     |   → 218/1315: ✅ 2 взято | 🗑️ 124 мусор
2026-06-29 03:00:55,892 | INFO     |   → 219/1315: ✅ 0 взято | 🗑️ 0 мусор
2026-06-29 03:00:55,892 | INFO     |   → 220/1315: ✅ 0 взято | 🗑️ 0 мусор
2026-06-29 03:00:55,892 | INFO     |   → 221/1315: ✅ 1 взято | 🗑️ 104 мусор
2026-06-29 03:00:55,892 | INFO     |   → 222/1315: ✅ 1 взято | 🗑️ 96 мусор
2026-06-29 03:00:55,893 | INFO     |   → 223/1315: ✅ 0 взято | 🗑️ 193 мусор
2026-06-29 03:00:55,893 | INFO     |   → 224/1315: ✅ 2 взято | 🗑️ 115 мусор
2026-06-29 03:00:55,893 | INFO     |   → 225/1315: ✅ 7 взято | 🗑️ 179 мусор
2026-06-29 03:00:55,893 | INFO     |   → 226/1315: ✅ 0 взято | 🗑️ 0 мусор
2026-06-29 03:00:55,893 | INFO     |   → 227/1315: ✅ 0 взято | 🗑️ 0 мусор
2026-06-29 03:00:55,893 | INFO     |   → 228/1315: ✅ 0 взято | 🗑️ 125 мусор
2026-06-29 03:00:55,893 | INFO     |   → 229/1315: ✅ 11 взято | 🗑️ 225 мусор
2026-06-29 03:00:55,893 | INFO     |   → 230/1315: ✅ 0 взято | 🗑️ 296 мусор
2026-06-29 03:00:55,893 | INFO     |   → 231/1315: ✅ 1 взято | 🗑️ 141 мусор
2026-06-29 03:00:55,893 | INFO     |   → 232/1315: ✅ 1 взято | 🗑️ 279 мусор
2026-06-29 03:00:55,893 | INFO     |   → 233/1315: ✅ 0 взято | 🗑️ 96 мусор
2026-06-29 03:00:55,893 | INFO     |   → 234/1315: ✅ 0 взято | 🗑️ 130 мусор
2026-06-29 03:00:55,893 | INFO     |   → 235/1315: ✅ 0 взято | 🗑️ 263 мусор
2026-06-29 03:00:55,893 | INFO     |   → 236/1315: ✅ 2 взято | 🗑️ 105 мусор
2026-06-29 03:00:55,893 | INFO     |   → 237/1315: ✅ 0 взято | 🗑️ 0 мусор
2026-06-29 03:00:55,893 | INFO     |   → 238/1315: ✅ 0 взято | 🗑️ 0 мусор
2026-06-29 03:00:55,893 | INFO     |   → 239/1315: ✅ 3 взято | 🗑️ 268 мусор
2026-06-29 03:00:55,893 | INFO     |   → 240/1315: ✅ 0 взято | 🗑️ 248 мусор
2026-06-29 03:00:55,893 | INFO     |   → 241/1315: ✅ 0 взято | 🗑️ 0 мусор
2026-06-29 03:00:55,893 | INFO     |   → 242/1315: ✅ 1 взято | 🗑️ 139 мусор
2026-06-29 03:00:55,893 | INFO     |   → 243/1315: ✅ 1 взято | 🗑️ 109 мусор
2026-06-29 03:00:55,893 | INFO     |   → 244/1315: ✅ 0 взято | 🗑️ 0 мусор
2026-06-29 03:00:55,893 | INFO     |   → 245/1315: ✅ 0 взято | 🗑️ 0 мусор
2026-06-29 03:00:55,893 | INFO     |   → 246/1315: ✅ 0 взято | 🗑️ 0 мусор
2026-06-29 03:00:55,893 | INFO     |   → 247/1315: ✅ 0 взято | 🗑️ 0 мусор
2026-06-29 03:00:55,893 | INFO     |   → 248/1315: ✅ 0 взято | 🗑️ 137 мусор
2026-06-29 03:00:55,893 | INFO     |   → 249/1315: ✅ 0 взято | 🗑️ 0 мусор
2026-06-29 03:00:55,893 | INFO     |   → 250/1315: ✅ 0 взято | 🗑️ 0 мусор
2026-06-29 03:00:55,893 | INFO     |   → 251/1315: ✅ 0 взято | 🗑️ 198 мусор
2026-06-29 03:00:55,893 | INFO     |   → 252/1315: ✅ 0 взято | 🗑️ 0 мусор
2026-06-29 03:00:55,893 | INFO     |   → 253/1315: ✅ 0 взято | 🗑️ 0 мусор
2026-06-29 03:00:55,893 | INFO     |   → 254/1315: ✅ 0 взято | 🗑️ 0 мусор
2026-06-29 03:00:55,893 | INFO     |   → 255/1315: ✅ 0 взято | 🗑️ 112 мусор
2026-06-29 03:00:55,893 | INFO     |   → 256/1315: ✅ 0 взято | 🗑️ 0 мусор
2026-06-29 03:00:55,893 | INFO     |   → 257/1315: ✅ 0 взято | 🗑️ 0 мусор
2026-06-29 03:00:55,893 | INFO     |   → 258/1315: ✅ 0 взято | 🗑️ 0 мусор
2026-06-29 03:00:55,893 | INFO     |   → 259/1315 ❌ HTTP 404 — https://github.com/Epodonios/bulk-xray-v2ray-vless-vmess-...-configs/raw/main/sub/Albania/config.txt
2026-06-29 03:00:55,893 | INFO     |   → 260/1315 ❌ HTTP 404 — https://github.com/Epodonios/bulk-xray-v2ray-vless-vmess-...-configs/raw/main/sub/Cura%C3%A7ao/config.txt
2026-06-29 03:00:55,893 | INFO     |   → 261/1315 ❌ HTTP 404 — https://github.com/Epodonios/bulk-xray-v2ray-vless-vmess-...-configs/raw/main/sub/Finland/config.txt
2026-06-29 03:00:55,893 | INFO     |   → 262/1315 ❌ HTTP 404 — https://github.com/Epodonios/bulk-xray-v2ray-vless-vmess-...-configs/raw/main/sub/Iran/config.txt
2026-06-29 03:00:55,893 | INFO     |   → 263/1315 ❌ HTTP 404 — https://github.com/Epodonios/bulk-xray-v2ray-vless-vmess-...-configs/raw/main/sub/Netherlands/config.txt
2026-06-29 03:00:55,893 | INFO     |   → 264/1315 ❌ HTTP 404 — https://github.com/Epodonios/bulk-xray-v2ray-vless-vmess-...-configs/raw/main/sub/Norway/config.txt
2026-06-29 03:00:55,894 | INFO     |   → 265/1315 ❌ HTTP 404 — https://github.com/Epodonios/bulk-xray-v2ray-vless-vmess-...-configs/raw/main/sub/Russia/config.txt
2026-06-29 03:00:55,894 | INFO     |   → 266/1315: ✅ 13 взято | 🗑️ 70 мусор
2026-06-29 03:00:55,894 | INFO     |   → 267/1315: ✅ 0 взято | 🗑️ 4 мусор
2026-06-29 03:00:55,894 | INFO     |   → 268/1315: ✅ 0 взято | 🗑️ 7 мусор
2026-06-29 03:00:55,894 | INFO     |   → 269/1315: ✅ 0 взято | 🗑️ 51 мусор
2026-06-29 03:00:55,894 | INFO     |   → 270/1315: ✅ 0 взято | 🗑️ 8 мусор
2026-06-29 03:00:55,894 | INFO     |   → 271/1315: ✅ 0 взято | 🗑️ 0 мусор
2026-06-29 03:00:55,894 | INFO     |   → 272/1315: ✅ 17 взято | 🗑️ 119 мусор
2026-06-29 03:00:55,894 | INFO     |   → 273/1315 ❌ HTTP 404 — https://github.com/MrMohebi/xray-proxy-grabber-telegram/raw/master/collected-proxies/clash-meta/all.yaml
2026-06-29 03:00:55,894 | INFO     |   → 274/1315 ❌ HTTP 404 — https://github.com/MrMohebi/xray-proxy-grabber-telegram/raw/master/collected-proxies/row-url/all.txt
2026-06-29 03:00:55,894 | INFO     |   → 275/1315: ✅ 0 взято | 🗑️ 0 мусор
2026-06-29 03:00:55,894 | INFO     |   → 276/1315: ✅ 0 взято | 🗑️ 113 мусор
2026-06-29 03:00:55,894 | INFO     |   → 277/1315: ✅ 0 взято | 🗑️ 119 мусор
2026-06-29 03:00:55,894 | INFO     |   → 278/1315 ❌ HTTP 404 — https://github.com/abbasdvd3/abbasdvd10/73ec60de7a6c6aa6df4c14b511c1da60686891ca/ppo.txt
2026-06-29 03:00:55,894 | INFO     |   → 279/1315 ❌ HTTP 404 — https://github.com/acymz/AutoVPN/refs/heads/main/data/V2.txt
2026-06-29 03:00:55,894 | INFO     |   → 280/1315: ✅ 0 взято | 🗑️ 0 мусор
2026-06-29 03:00:55,894 | INFO     |   → 281/1315: ✅ 0 взято | 🗑️ 0 мусор
2026-06-29 03:00:55,894 | INFO     |   → 282/1315: ✅ 0 взято | 🗑️ 0 мусор
2026-06-29 03:00:55,894 | INFO     |   → 283/1315: ✅ 0 взято | 🗑️ 0 мусор
2026-06-29 03:00:55,894 | INFO     |   → 284/1315: ✅ 0 взято | 🗑️ 0 мусор
2026-06-29 03:00:55,894 | INFO     |   → 285/1315: ✅ 0 взято | 🗑️ 0 мусор
2026-06-29 03:00:55,894 | INFO     |   → 286/1315: ✅ 0 взято | 🗑️ 0 мусор
2026-06-29 03:00:55,894 | INFO     |   → 287/1315 ❌ HTTP 404 — https://github.com/mermeroo/V2RAY-FREE/raw/main/All_Configs_base64_Sub.txt
2026-06-29 03:00:55,894 | INFO     |   → 288/1315 ❌ HTTP 404 — https://github.com/mermeroo/V2RAY-FREE/raw/main/Base64/Sub1_base64.txt
2026-06-29 03:00:55,894 | INFO     |   → 289/1315 ❌ HTTP 404 — https://github.com/mermeroo/V2RAY-FREE/raw/main/Base64/Sub2_base64.txt
2026-06-29 03:00:55,894 | INFO     |   → 290/1315 ❌ HTTP 404 — https://github.com/mermeroo/V2RAY-FREE/raw/main/Base64/Sub3_base64.txt
2026-06-29 03:00:55,894 | INFO     |   → 291/1315 ❌ HTTP 404 — https://github.com/mermeroo/V2RAY-FREE/raw/main/Base64/Sub4_base64.txt
2026-06-29 03:00:55,894 | INFO     |   → 292/1315 ❌ HTTP 404 — https://github.com/mermeroo/V2RAY-FREE/raw/main/Base64/Sub5_base64.txt
2026-06-29 03:00:55,894 | INFO     |   → 293/1315 ❌ HTTP 404 — https://github.com/mermeroo/telegram-configs-collector/raw/main/protocols/hysteria
2026-06-29 03:00:55,894 | INFO     |   → 294/1315 ❌ HTTP 404 — https://github.com/mermeroo/telegram-configs-collector/raw/main/protocols/juicity
2026-06-29 03:00:55,894 | INFO     |   → 295/1315 ❌ HTTP 404 — https://github.com/mermeroo/telegram-configs-collector/raw/main/protocols/tuic
2026-06-29 03:00:55,894 | INFO     |   → 296/1315: ✅ 5 взято | 🗑️ 16 мусор
2026-06-29 03:00:55,894 | INFO     |   → 297/1315: ✅ 0 взято | 🗑️ 0 мусор
2026-06-29 03:00:55,894 | INFO     |   → 298/1315: ✅ 0 взято | 🗑️ 0 мусор
2026-06-29 03:00:55,894 | INFO     |   → 299/1315: ✅ 0 взято | 🗑️ 0 мусор
2026-06-29 03:00:55,894 | INFO     |   → 300/1315: ✅ 10 взято | 🗑️ 238 мусор
2026-06-29 03:00:55,894 | INFO     |   → 301/1315: ✅ 0 взято | 🗑️ 0 мусор
2026-06-29 03:00:55,894 | INFO     |   → 302/1315: ✅ 5 взято | 🗑️ 239 мусор
2026-06-29 03:00:55,895 | INFO     |   → 303/1315: ✅ 0 взято | 🗑️ 0 мусор
2026-06-29 03:00:55,895 | INFO     |   → 304/1315: ✅ 0 взято | 🗑️ 255 мусор
2026-06-29 03:00:55,895 | INFO     |   → 305/1315: ✅ 0 взято | 🗑️ 0 мусор
2026-06-29 03:00:55,895 | INFO     |   → 306/1315: ✅ 1 взято | 🗑️ 249 мусор
2026-06-29 03:00:55,895 | INFO     |   → 307/1315: ✅ 0 взято | 🗑️ 0 мусор
2026-06-29 03:00:55,895 | INFO     |   → 308/1315: ✅ 0 взято | 🗑️ 207 мусор
2026-06-29 03:00:55,895 | INFO     |   → 309/1315: ✅ 0 взято | 🗑️ 0 мусор
2026-06-29 03:00:55,895 | INFO     |   → 310/1315: ✅ 0 взято | 🗑️ 228 мусор
2026-06-29 03:00:55,895 | INFO     |   → 311/1315: ✅ 0 взято | 🗑️ 0 мусор
2026-06-29 03:00:55,895 | INFO     |   → 312/1315: ✅ 1 взято | 🗑️ 291 мусор
2026-06-29 03:00:55,895 | INFO     |   → 313/1315: ✅ 0 взято | 🗑️ 0 мусор
2026-06-29 03:00:55,895 | INFO     |   → 314/1315: ✅ 3 взято | 🗑️ 221 мусор
2026-06-29 03:00:55,895 | INFO     |   → 315/1315: ✅ 0 взято | 🗑️ 0 мусор
2026-06-29 03:00:55,895 | INFO     |   → 316/1315: ✅ 1 взято | 🗑️ 222 мусор
2026-06-29 03:00:55,895 | INFO     |   → 317/1315: ✅ 0 взято | 🗑️ 0 мусор
2026-06-29 03:00:55,895 | INFO     |   → 318/1315: ✅ 1 взято | 🗑️ 218 мусор
2026-06-29 03:00:55,895 | INFO     |   → 319/1315: ✅ 0 взято | 🗑️ 0 мусор
2026-06-29 03:00:55,895 | INFO     |   → 320/1315: ✅ 0 взято | 🗑️ 193 мусор
2026-06-29 03:00:55,895 | INFO     |   → 321/1315: ✅ 0 взято | 🗑️ 0 мусор
2026-06-29 03:00:55,895 | INFO     |   → 322/1315: ✅ 0 взято | 🗑️ 290 мусор
2026-06-29 03:00:55,895 | INFO     |   → 323/1315: ✅ 0 взято | 🗑️ 0 мусор
2026-06-29 03:00:55,895 | INFO     |   → 324/1315: ✅ 0 взято | 🗑️ 238 мусор
2026-06-29 03:00:55,896 | INFO     |   → 325/1315: ✅ 0 взято | 🗑️ 0 мусор
2026-06-29 03:00:55,896 | INFO     |   → 326/1315: ✅ 1 взято | 🗑️ 221 мусор
2026-06-29 03:00:55,896 | INFO     |   → 327/1315: ✅ 0 взято | 🗑️ 0 мусор
2026-06-29 03:00:55,896 | INFO     |   → 328/1315: ✅ 0 взято | 🗑️ 248 мусор
2026-06-29 03:00:55,896 | INFO     |   → 329/1315: ✅ 0 взято | 🗑️ 0 мусор
2026-06-29 03:00:55,896 | INFO     |   → 330/1315: ✅ 0 взято | 🗑️ 203 мусор
2026-06-29 03:00:55,896 | INFO     |   → 331/1315: ✅ 0 взято | 🗑️ 0 мусор
2026-06-29 03:00:55,896 | INFO     |   → 332/1315: ✅ 0 взято | 🗑️ 208 мусор
2026-06-29 03:00:55,896 | INFO     |   → 333/1315: ✅ 0 взято | 🗑️ 0 мусор
2026-06-29 03:00:55,896 | INFO     |   → 334/1315: ✅ 2 взято | 🗑️ 209 мусор
2026-06-29 03:00:55,896 | INFO     |   → 335/1315: ✅ 0 взято | 🗑️ 0 мусор
2026-06-29 03:00:55,896 | INFO     |   → 336/1315: ✅ 0 взято | 🗑️ 258 мусор
2026-06-29 03:00:55,896 | INFO     |   → 337/1315: ✅ 0 взято | 🗑️ 0 мусор
2026-06-29 03:00:55,896 | INFO     |   → 338/1315: ✅ 0 взято | 🗑️ 296 мусор
2026-06-29 03:00:55,896 | INFO     |   → 339/1315: ✅ 0 взято | 🗑️ 0 мусор
2026-06-29 03:00:55,896 | INFO     |   → 340/1315: ✅ 1 взято | 🗑️ 286 мусор
2026-06-29 03:00:55,896 | INFO     |   → 341/1315: ✅ 0 взято | 🗑️ 0 мусор
2026-06-29 03:00:55,896 | INFO     |   → 342/1315: ✅ 0 взято | 🗑️ 195 мусор
2026-06-29 03:00:55,897 | INFO     |   → 343/1315: ✅ 0 взято | 🗑️ 0 мусор
2026-06-29 03:00:55,897 | INFO     |   → 344/1315: ✅ 0 взято | 🗑️ 170 мусор
2026-06-29 03:00:55,897 | INFO     |   → 345/1315: ✅ 0 взято | 🗑️ 0 мусор
2026-06-29 03:00:55,897 | INFO     |   → 346/1315: ✅ 0 взято | 🗑️ 160 мусор
2026-06-29 03:00:55,897 | INFO     |   → 347/1315: ✅ 0 взято | 🗑️ 0 мусор
2026-06-29 03:00:55,897 | INFO     |   → 348/1315: ✅ 0 взято | 🗑️ 121 мусор
2026-06-29 03:00:55,897 | INFO     |   → 349/1315: ✅ 0 взято | 🗑️ 0 мусор
2026-06-29 03:00:55,897 | INFO     |   → 350/1315: ✅ 0 взято | 🗑️ 135 мусор
2026-06-29 03:00:55,897 | INFO     |   → 351/1315: ✅ 0 взято | 🗑️ 0 мусор
2026-06-29 03:00:55,897 | INFO     |   → 352/1315: ✅ 1 взято | 🗑️ 129 мусор
2026-06-29 03:00:55,897 | INFO     |   → 353/1315: ✅ 0 взято | 🗑️ 0 мусор
2026-06-29 03:00:55,897 | INFO     |   → 354/1315: ✅ 0 взято | 🗑️ 189 мусор
2026-06-29 03:00:55,897 | INFO     |   → 355/1315: ✅ 0 взято | 🗑️ 0 мусор
2026-06-29 03:00:55,897 | INFO     |   → 356/1315: ✅ 3 взято | 🗑️ 147 мусор
2026-06-29 03:00:55,897 | INFO     |   → 357/1315: ✅ 0 взято | 🗑️ 0 мусор
2026-06-29 03:00:55,897 | INFO     |   → 358/1315: ✅ 1 взято | 🗑️ 183 мусор
2026-06-29 03:00:55,897 | INFO     |   → 359/1315: ✅ 0 взято | 🗑️ 0 мусор
2026-06-29 03:00:55,897 | INFO     |   → 360/1315: ✅ 0 взято | 🗑️ 155 мусор
2026-06-29 03:00:55,897 | INFO     |   → 361/1315: ✅ 0 взято | 🗑️ 0 мусор
2026-06-29 03:00:55,898 | INFO     |   → 362/1315: ✅ 0 взято | 🗑️ 114 мусор
2026-06-29 03:00:55,898 | INFO     |   → 363/1315: ✅ 0 взято | 🗑️ 0 мусор
2026-06-29 03:00:55,898 | INFO     |   → 364/1315: ✅ 0 взято | 🗑️ 239 мусор
2026-06-29 03:00:55,898 | INFO     |   → 365/1315: ✅ 0 взято | 🗑️ 0 мусор
2026-06-29 03:00:55,898 | INFO     |   → 366/1315: ✅ 0 взято | 🗑️ 204 мусор
2026-06-29 03:00:55,898 | INFO     |   → 367/1315: ✅ 0 взято | 🗑️ 0 мусор
2026-06-29 03:00:55,898 | INFO     |   → 368/1315: ✅ 0 взято | 🗑️ 232 мусор
2026-06-29 03:00:55,898 | INFO     |   → 369/1315: ✅ 0 взято | 🗑️ 0 мусор
2026-06-29 03:00:55,898 | INFO     |   → 370/1315: ✅ 0 взято | 🗑️ 192 мусор
2026-06-29 03:00:55,898 | INFO     |   → 371/1315: ✅ 0 взято | 🗑️ 0 мусор
2026-06-29 03:00:55,898 | INFO     |   → 372/1315: ✅ 0 взято | 🗑️ 183 мусор
2026-06-29 03:00:55,898 | INFO     |   → 373/1315: ✅ 0 взято | 🗑️ 0 мусор
2026-06-29 03:00:55,898 | INFO     |   → 374/1315: ✅ 0 взято | 🗑️ 169 мусор
2026-06-29 03:00:55,898 | INFO     |   → 375/1315: ✅ 0 взято | 🗑️ 0 мусор
2026-06-29 03:00:55,898 | INFO     |   → 376/1315: ✅ 0 взято | 🗑️ 167 мусор
2026-06-29 03:00:55,898 | INFO     |   → 377/1315: ✅ 0 взято | 🗑️ 0 мусор
2026-06-29 03:00:55,898 | INFO     |   → 378/1315: ✅ 0 взято | 🗑️ 193 мусор
2026-06-29 03:00:55,898 | INFO     |   → 379/1315: ✅ 0 взято | 🗑️ 0 мусор
2026-06-29 03:00:55,898 | INFO     |   → 380/1315: ✅ 1 взято | 🗑️ 161 мусор
2026-06-29 03:00:55,899 | INFO     |   → 381/1315: ✅ 0 взято | 🗑️ 0 мусор
2026-06-29 03:00:55,899 | INFO     |   → 382/1315: ✅ 0 взято | 🗑️ 171 мусор
2026-06-29 03:00:55,899 | INFO     |   → 383/1315: ✅ 0 взято | 🗑️ 0 мусор
2026-06-29 03:00:55,899 | INFO     |   → 384/1315: ✅ 0 взято | 🗑️ 174 мусор
2026-06-29 03:00:55,899 | INFO     |   → 385/1315: ✅ 0 взято | 🗑️ 0 мусор
2026-06-29 03:00:55,899 | INFO     |   → 386/1315: ✅ 0 взято | 🗑️ 206 мусор
2026-06-29 03:00:55,899 | INFO     |   → 387/1315: ✅ 0 взято | 🗑️ 0 мусор
2026-06-29 03:00:55,899 | INFO     |   → 388/1315: ✅ 0 взято | 🗑️ 170 мусор
2026-06-29 03:00:55,899 | INFO     |   → 389/1315: ✅ 0 взято | 🗑️ 0 мусор
2026-06-29 03:00:55,899 | INFO     |   → 390/1315: ✅ 1 взято | 🗑️ 196 мусор
2026-06-29 03:00:55,899 | INFO     |   → 391/1315: ✅ 0 взято | 🗑️ 0 мусор
2026-06-29 03:00:55,899 | INFO     |   → 392/1315: ✅ 0 взято | 🗑️ 208 мусор
2026-06-29 03:00:55,899 | INFO     |   → 393/1315: ✅ 0 взято | 🗑️ 0 мусор
2026-06-29 03:00:55,899 | INFO     |   → 394/1315: ✅ 0 взято | 🗑️ 162 мусор
2026-06-29 03:00:55,899 | INFO     |   → 395/1315: ✅ 0 взято | 🗑️ 0 мусор
2026-06-29 03:00:55,899 | INFO     |   → 396/1315: ✅ 0 взято | 🗑️ 116 мусор
2026-06-29 03:00:55,899 | INFO     |   → 397/1315: ✅ 0 взято | 🗑️ 0 мусор
2026-06-29 03:00:55,899 | INFO     |   → 398/1315: ✅ 0 взято | 🗑️ 132 мусор
2026-06-29 03:00:55,899 | INFO     |   → 399/1315: ✅ 0 взято | 🗑️ 0 мусор
2026-06-29 03:00:55,900 | INFO     |   → 400/1315: ✅ 0 взято | 🗑️ 132 мусор
2026-06-29 03:00:55,900 | INFO     |   → 401/1315: ✅ 0 взято | 🗑️ 0 мусор
2026-06-29 03:00:55,900 | INFO     |   → 402/1315: ✅ 1 взято | 🗑️ 113 мусор
2026-06-29 03:00:55,900 | INFO     |   → 403/1315: ✅ 0 взято | 🗑️ 0 мусор
2026-06-29 03:00:55,900 | INFO     |   → 404/1315: ✅ 0 взято | 🗑️ 103 мусор
2026-06-29 03:00:55,900 | INFO     |   → 405/1315: ✅ 0 взято | 🗑️ 0 мусор
2026-06-29 03:00:55,900 | INFO     |   → 406/1315: ✅ 3 взято | 🗑️ 213 мусор
2026-06-29 03:00:55,900 | INFO     |   → 407/1315: ✅ 0 взято | 🗑️ 0 мусор
2026-06-29 03:00:55,900 | INFO     |   → 408/1315: ✅ 1 взято | 🗑️ 130 мусор
2026-06-29 03:00:55,900 | INFO     |   → 409/1315: ✅ 0 взято | 🗑️ 0 мусор
2026-06-29 03:00:55,900 | INFO     |   → 410/1315: ✅ 0 взято | 🗑️ 135 мусор
2026-06-29 03:00:55,900 | INFO     |   → 411/1315: ✅ 0 взято | 🗑️ 0 мусор
2026-06-29 03:00:55,900 | INFO     |   → 412/1315: ✅ 0 взято | 🗑️ 145 мусор
2026-06-29 03:00:55,900 | INFO     |   → 413/1315: ✅ 0 взято | 🗑️ 0 мусор
2026-06-29 03:00:55,900 | INFO     |   → 414/1315: ✅ 0 взято | 🗑️ 157 мусор
2026-06-29 03:00:55,900 | INFO     |   → 415/1315: ✅ 0 взято | 🗑️ 0 мусор
2026-06-29 03:00:55,900 | INFO     |   → 416/1315: ✅ 0 взято | 🗑️ 131 мусор
2026-06-29 03:00:55,900 | INFO     |   → 417/1315: ✅ 0 взято | 🗑️ 0 мусор
2026-06-29 03:00:55,900 | INFO     |   → 418/1315: ✅ 1 взято | 🗑️ 124 мусор
2026-06-29 03:00:55,900 | INFO     |   → 419/1315: ✅ 0 взято | 🗑️ 0 мусор
2026-06-29 03:00:55,901 | INFO     |   → 420/1315: ✅ 2 взято | 🗑️ 189 мусор
2026-06-29 03:00:55,901 | INFO     |   → 421/1315: ✅ 0 взято | 🗑️ 0 мусор
2026-06-29 03:00:55,901 | INFO     |   → 422/1315: ✅ 1 взято | 🗑️ 279 мусор
2026-06-29 03:00:55,901 | INFO     |   → 423/1315: ✅ 0 взято | 🗑️ 0 мусор
2026-06-29 03:00:55,901 | INFO     |   → 424/1315: ✅ 0 взято | 🗑️ 270 мусор
2026-06-29 03:00:55,901 | INFO     |   → 425/1315: ✅ 0 взято | 🗑️ 0 мусор
2026-06-29 03:00:55,901 | INFO     |   → 426/1315: ✅ 0 взято | 🗑️ 161 мусор
2026-06-29 03:00:55,901 | INFO     |   → 427/1315: ✅ 0 взято | 🗑️ 0 мусор
2026-06-29 03:00:55,901 | INFO     |   → 428/1315: ✅ 3 взято | 🗑️ 117 мусор
2026-06-29 03:00:55,901 | INFO     |   → 429/1315: ✅ 0 взято | 🗑️ 0 мусор
2026-06-29 03:00:55,901 | INFO     |   → 430/1315: ✅ 0 взято | 🗑️ 100 мусор
2026-06-29 03:00:55,901 | INFO     |   → 431/1315: ✅ 0 взято | 🗑️ 0 мусор
2026-06-29 03:00:55,901 | INFO     |   → 432/1315: ✅ 1 взято | 🗑️ 171 мусор
2026-06-29 03:00:55,901 | INFO     |   → 433/1315: ✅ 0 взято | 🗑️ 0 мусор
2026-06-29 03:00:55,901 | INFO     |   → 434/1315: ✅ 0 взято | 🗑️ 202 мусор
2026-06-29 03:00:55,901 | INFO     |   → 435/1315: ✅ 0 взято | 🗑️ 0 мусор
2026-06-29 03:00:55,901 | INFO     |   → 436/1315: ✅ 0 взято | 🗑️ 138 мусор
2026-06-29 03:00:55,901 | INFO     |   → 437/1315: ✅ 0 взято | 🗑️ 0 мусор
2026-06-29 03:00:55,901 | INFO     |   → 438/1315: ✅ 0 взято | 🗑️ 236 мусор
2026-06-29 03:00:55,901 | INFO     |   → 439/1315: ✅ 0 взято | 🗑️ 0 мусор
2026-06-29 03:00:55,901 | INFO     |   → 440/1315: ✅ 0 взято | 🗑️ 192 мусор
2026-06-29 03:00:55,901 | INFO     |   → 441/1315: ✅ 0 взято | 🗑️ 0 мусор
2026-06-29 03:00:55,901 | INFO     |   → 442/1315: ✅ 1 взято | 🗑️ 174 мусор
2026-06-29 03:00:55,901 | INFO     |   → 443/1315: ✅ 0 взято | 🗑️ 0 мусор
2026-06-29 03:00:55,901 | INFO     |   → 444/1315: ✅ 0 взято | 🗑️ 149 мусор
2026-06-29 03:00:55,901 | INFO     |   → 445/1315: ✅ 0 взято | 🗑️ 0 мусор
2026-06-29 03:00:55,901 | INFO     |   → 446/1315: ✅ 0 взято | 🗑️ 147 мусор
2026-06-29 03:00:55,901 | INFO     |   → 447/1315: ✅ 0 взято | 🗑️ 0 мусор
2026-06-29 03:00:55,902 | INFO     |   → 448/1315: ✅ 2 взято | 🗑️ 196 мусор
2026-06-29 03:00:55,902 | INFO     |   → 449/1315: ✅ 0 взято | 🗑️ 0 мусор
2026-06-29 03:00:55,902 | INFO     |   → 450/1315: ✅ 2 взято | 🗑️ 277 мусор
2026-06-29 03:00:55,902 | INFO     |   → 451/1315: ✅ 0 взято | 🗑️ 0 мусор
2026-06-29 03:00:55,902 | INFO     |   → 452/1315: ✅ 0 взято | 🗑️ 211 мусор
2026-06-29 03:00:55,902 | INFO     |   → 453/1315: ✅ 0 взято | 🗑️ 0 мусор
2026-06-29 03:00:55,902 | INFO     |   → 454/1315: ✅ 1 взято | 🗑️ 229 мусор
2026-06-29 03:00:55,902 | INFO     |   → 455/1315: ✅ 0 взято | 🗑️ 0 мусор
2026-06-29 03:00:55,902 | INFO     |   → 456/1315: ✅ 1 взято | 🗑️ 131 мусор
2026-06-29 03:00:55,902 | INFO     |   → 457/1315: ✅ 0 взято | 🗑️ 0 мусор
2026-06-29 03:00:55,902 | INFO     |   → 458/1315: ✅ 3 взято | 🗑️ 257 мусор
2026-06-29 03:00:55,902 | INFO     |   → 459/1315: ✅ 0 взято | 🗑️ 0 мусор
2026-06-29 03:00:55,902 | INFO     |   → 460/1315: ✅ 0 взято | 🗑️ 180 мусор
2026-06-29 03:00:55,902 | INFO     |   → 461/1315: ✅ 0 взято | 🗑️ 0 мусор
2026-06-29 03:00:55,902 | INFO     |   → 462/1315 ⚠️ Ошибка: HTTPSConnectionPool(host='ivuxy.tech', port=443): Max retries exceeded with url: /v.txt (Caused by NameResolutionError("HTTPSConnection(host='ivuxy.tech', port=443): Failed to resolve 'ivuxy.tech' ([Errno -2] Name or service not known)")) — https://ivuxy.tech/v.txt
2026-06-29 03:00:55,902 | INFO     |   → 463/1315 ⚠️ Ошибка: HTTPSConnectionPool(host='mirror.ghproxy.com', port=443): Max retries exceeded with url: /https://raw.githubusercontent.com/Barabama/FreeNodes/master/nodes/blues.txt (Caused by NameResolutionError("HTTPSConnection(host='mirror.ghproxy.com', port=443): Failed to resolve 'mirror.ghproxy.com' ([Errno -2] Name or service not known)")) — https://mirror.ghproxy.com/https://raw.githubusercontent.com/Barabama/FreeNodes/master/nodes/blues.txt
2026-06-29 03:00:55,902 | INFO     |   → 464/1315 ⚠️ Ошибка: HTTPSConnectionPool(host='mirror.ghproxy.com', port=443): Max retries exceeded with url: /https://raw.githubusercontent.com/Barabama/FreeNodes/master/nodes/halekj.txt (Caused by NameResolutionError("HTTPSConnection(host='mirror.ghproxy.com', port=443): Failed to resolve 'mirror.ghproxy.com' ([Errno -2] Name or service not known)")) — https://mirror.ghproxy.com/https://raw.githubusercontent.com/Barabama/FreeNodes/master/nodes/halekj.txt
2026-06-29 03:00:55,902 | INFO     |   → 465/1315 ⚠️ Ошибка: HTTPSConnectionPool(host='mirror.ghproxy.com', port=443): Max retries exceeded with url: /https://raw.githubusercontent.com/Barabama/FreeNodes/master/nodes/kkzui.txt (Caused by NameResolutionError("HTTPSConnection(host='mirror.ghproxy.com', port=443): Failed to resolve 'mirror.ghproxy.com' ([Errno -2] Name or service not known)")) — https://mirror.ghproxy.com/https://raw.githubusercontent.com/Barabama/FreeNodes/master/nodes/kkzui.txt
2026-06-29 03:00:55,902 | INFO     |   → 466/1315 ⚠️ Ошибка: HTTPSConnectionPool(host='mirror.ghproxy.com', port=443): Max retries exceeded with url: /https://raw.githubusercontent.com/Barabama/FreeNodes/master/nodes/merged.txt (Caused by NameResolutionError("HTTPSConnection(host='mirror.ghproxy.com', port=443): Failed to resolve 'mirror.ghproxy.com' ([Errno -2] Name or service not known)")) — https://mirror.ghproxy.com/https://raw.githubusercontent.com/Barabama/FreeNodes/master/nodes/merged.txt
2026-06-29 03:00:55,902 | INFO     |   → 467/1315 ⚠️ Ошибка: HTTPSConnectionPool(host='mirror.ghproxy.com', port=443): Max retries exceeded with url: /https://raw.githubusercontent.com/Barabama/FreeNodes/master/nodes/nodefree.txt (Caused by NameResolutionError("HTTPSConnection(host='mirror.ghproxy.com', port=443): Failed to resolve 'mirror.ghproxy.com' ([Errno -2] Name or service not known)")) — https://mirror.ghproxy.com/https://raw.githubusercontent.com/Barabama/FreeNodes/master/nodes/nodefree.txt
2026-06-29 03:00:55,902 | INFO     |   → 468/1315 ⚠️ Ошибка: HTTPSConnectionPool(host='mirror.ghproxy.com', port=443): Max retries exceeded with url: /https://raw.githubusercontent.com/Barabama/FreeNodes/master/nodes/openrunner.txt (Caused by NameResolutionError("HTTPSConnection(host='mirror.ghproxy.com', port=443): Failed to resolve 'mirror.ghproxy.com' ([Errno -2] Name or service not known)")) — https://mirror.ghproxy.com/https://raw.githubusercontent.com/Barabama/FreeNodes/master/nodes/openrunner.txt
2026-06-29 03:00:55,902 | INFO     |   → 469/1315 ⚠️ Ошибка: HTTPSConnectionPool(host='mirror.ghproxy.com', port=443): Max retries exceeded with url: /https://raw.githubusercontent.com/Barabama/FreeNodes/master/nodes/v2rayshare.txt (Caused by NameResolutionError("HTTPSConnection(host='mirror.ghproxy.com', port=443): Failed to resolve 'mirror.ghproxy.com' ([Errno -2] Name or service not known)")) — https://mirror.ghproxy.com/https://raw.githubusercontent.com/Barabama/FreeNodes/master/nodes/v2rayshare.txt
2026-06-29 03:00:55,902 | INFO     |   → 470/1315 ⚠️ Ошибка: HTTPSConnectionPool(host='mirror.ghproxy.com', port=443): Max retries exceeded with url: /https://raw.githubusercontent.com/Barabama/FreeNodes/master/nodes/wenode.txt (Caused by NameResolutionError("HTTPSConnection(host='mirror.ghproxy.com', port=443): Failed to resolve 'mirror.ghproxy.com' ([Errno -2] Name or service not known)")) — https://mirror.ghproxy.com/https://raw.githubusercontent.com/Barabama/FreeNodes/master/nodes/wenode.txt
2026-06-29 03:00:55,902 | INFO     |   → 471/1315 ⚠️ Ошибка: HTTPSConnectionPool(host='mirror.ghproxy.com', port=443): Max retries exceeded with url: /https://raw.githubusercontent.com/Barabama/FreeNodes/master/nodes/yudou66.txt (Caused by NameResolutionError("HTTPSConnection(host='mirror.ghproxy.com', port=443): Failed to resolve 'mirror.ghproxy.com' ([Errno -2] Name or service not known)")) — https://mirror.ghproxy.com/https://raw.githubusercontent.com/Barabama/FreeNodes/master/nodes/yudou66.txt
2026-06-29 03:00:55,902 | INFO     |   → 472/1315: ✅ 7 взято | 🗑️ 17 мусор
2026-06-29 03:00:55,902 | INFO     |   → 473/1315: ✅ 0 взято | 🗑️ 17 мусор
2026-06-29 03:00:55,902 | INFO     |   → 474/1315: ✅ 14 взято | 🗑️ 14 мусор
2026-06-29 03:00:55,902 | INFO     |   → 475/1315: ✅ 0 взято | 🗑️ 14 мусор
2026-06-29 03:00:55,902 | INFO     |   → 476/1315: ✅ 0 взято | 🗑️ 14 мусор
2026-06-29 03:00:55,902 | INFO     |   → 477/1315: ✅ 0 взято | 🗑️ 14 мусор
2026-06-29 03:00:55,902 | INFO     |   → 478/1315: ✅ 0 взято | 🗑️ 14 мусор
2026-06-29 03:00:55,902 | INFO     |   → 479/1315: ✅ 0 взято | 🗑️ 14 мусор
2026-06-29 03:00:55,902 | INFO     |   → 480/1315: ✅ 0 взято | 🗑️ 14 мусор
2026-06-29 03:00:55,902 | INFO     |   → 481/1315: ✅ 0 взято | 🗑️ 14 мусор
2026-06-29 03:00:55,902 | INFO     |   → 482/1315: ✅ 0 взято | 🗑️ 14 мусор
2026-06-29 03:00:55,902 | INFO     |   → 483/1315: ✅ 7 взято | 🗑️ 21 мусор
2026-06-29 03:00:55,903 | INFO     |   → 484/1315: ✅ 0 взято | 🗑️ 21 мусор
2026-06-29 03:00:55,903 | INFO     |   → 485/1315: ✅ 0 взято | 🗑️ 21 мусор
2026-06-29 03:00:55,903 | INFO     |   → 486/1315: ✅ 0 взято | 🗑️ 21 мусор
2026-06-29 03:00:55,903 | INFO     |   → 487/1315: ✅ 0 взято | 🗑️ 21 мусор
2026-06-29 03:00:55,903 | INFO     |   → 488/1315: ✅ 0 взято | 🗑️ 21 мусор
2026-06-29 03:00:55,903 | INFO     |   → 489/1315: ✅ 0 взято | 🗑️ 21 мусор
2026-06-29 03:00:55,903 | INFO     |   → 490/1315: ✅ 0 взято | 🗑️ 21 мусор
2026-06-29 03:00:55,903 | INFO     |   → 491/1315: ✅ 0 взято | 🗑️ 21 мусор
2026-06-29 03:00:55,903 | INFO     |   → 492/1315: ✅ 0 взято | 🗑️ 21 мусор
2026-06-29 03:00:55,903 | INFO     |   → 493/1315: ✅ 0 взято | 🗑️ 21 мусор
2026-06-29 03:00:55,903 | INFO     |   → 494/1315: ✅ 5 взято | 🗑️ 15 мусор
2026-06-29 03:00:55,903 | INFO     |   → 495/1315: ✅ 0 взято | 🗑️ 15 мусор
2026-06-29 03:00:55,903 | INFO     |   → 496/1315: ✅ 0 взято | 🗑️ 15 мусор
2026-06-29 03:00:55,903 | INFO     |   → 497/1315: ✅ 0 взято | 🗑️ 15 мусор
2026-06-29 03:00:55,903 | INFO     |   → 498/1315: ✅ 0 взято | 🗑️ 15 мусор
2026-06-29 03:00:55,903 | INFO     |   → 499/1315: ✅ 0 взято | 🗑️ 15 мусор
2026-06-29 03:00:55,903 | INFO     |   → 500/1315: ✅ 0 взято | 🗑️ 15 мусор
2026-06-29 03:00:55,903 | INFO     |   → 501/1315: ✅ 0 взято | 🗑️ 15 мусор
2026-06-29 03:00:55,903 | INFO     |   → 502/1315: ✅ 0 взято | 🗑️ 15 мусор
2026-06-29 03:00:55,903 | INFO     |   → 503/1315: ✅ 0 взято | 🗑️ 14 мусор
2026-06-29 03:00:55,903 | INFO     |   → 504/1315: ✅ 0 взято | 🗑️ 14 мусор
2026-06-29 03:00:55,903 | INFO     |   → 505/1315: ✅ 0 взято | 🗑️ 14 мусор
2026-06-29 03:00:55,903 | INFO     |   → 506/1315: ✅ 0 взято | 🗑️ 14 мусор
2026-06-29 03:00:55,903 | INFO     |   → 507/1315: ✅ 6 взято | 🗑️ 17 мусор
2026-06-29 03:00:55,903 | INFO     |   → 508/1315: ✅ 0 взято | 🗑️ 17 мусор
2026-06-29 03:00:55,903 | INFO     |   → 509/1315: ✅ 0 взято | 🗑️ 17 мусор
2026-06-29 03:00:55,903 | INFO     |   → 510/1315: ✅ 0 взято | 🗑️ 17 мусор
2026-06-29 03:00:55,903 | INFO     |   → 511/1315: ✅ 0 взято | 🗑️ 17 мусор
2026-06-29 03:00:55,903 | INFO     |   → 512/1315: ✅ 0 взято | 🗑️ 17 мусор
2026-06-29 03:00:55,903 | INFO     |   → 513/1315: ✅ 6 взято | 🗑️ 24 мусор
2026-06-29 03:00:55,903 | INFO     |   → 514/1315: ✅ 0 взято | 🗑️ 24 мусор
2026-06-29 03:00:55,903 | INFO     |   → 515/1315: ✅ 0 взято | 🗑️ 24 мусор
2026-06-29 03:00:55,903 | INFO     |   → 516/1315: ✅ 0 взято | 🗑️ 24 мусор
2026-06-29 03:00:55,903 | INFO     |   → 517/1315: ✅ 0 взято | 🗑️ 24 мусор
2026-06-29 03:00:55,903 | INFO     |   → 518/1315: ✅ 0 взято | 🗑️ 24 мусор
2026-06-29 03:00:55,903 | INFO     |   → 519/1315: ✅ 0 взято | 🗑️ 24 мусор
2026-06-29 03:00:55,903 | INFO     |   → 520/1315: ✅ 0 взято | 🗑️ 24 мусор
2026-06-29 03:00:55,903 | INFO     |   → 521/1315: ✅ 0 взято | 🗑️ 24 мусор
2026-06-29 03:00:55,903 | INFO     |   → 522/1315: ✅ 0 взято | 🗑️ 24 мусор
2026-06-29 03:00:55,903 | INFO     |   → 523/1315: ✅ 0 взято | 🗑️ 24 мусор
2026-06-29 03:00:55,903 | INFO     |   → 524/1315: ✅ 13 взято | 🗑️ 7 мусор
2026-06-29 03:00:55,903 | INFO     |   → 525/1315: ✅ 0 взято | 🗑️ 7 мусор
2026-06-29 03:00:55,903 | INFO     |   → 526/1315: ✅ 0 взято | 🗑️ 7 мусор
2026-06-29 03:00:55,903 | INFO     |   → 527/1315: ✅ 0 взято | 🗑️ 7 мусор
2026-06-29 03:00:55,903 | INFO     |   → 528/1315: ✅ 0 взято | 🗑️ 7 мусор
2026-06-29 03:00:55,904 | INFO     |   → 529/1315: ✅ 0 взято | 🗑️ 7 мусор
2026-06-29 03:00:55,904 | INFO     |   → 530/1315: ✅ 0 взято | 🗑️ 7 мусор
2026-06-29 03:00:55,904 | INFO     |   → 531/1315: ✅ 0 взято | 🗑️ 7 мусор
2026-06-29 03:00:55,904 | INFO     |   → 532/1315: ✅ 0 взято | 🗑️ 7 мусор
2026-06-29 03:00:55,904 | INFO     |   → 533/1315: ✅ 0 взято | 🗑️ 7 мусор
2026-06-29 03:00:55,904 | INFO     |   → 534/1315: ✅ 5 взято | 🗑️ 9 мусор
2026-06-29 03:00:55,904 | INFO     |   → 535/1315: ✅ 0 взято | 🗑️ 9 мусор
2026-06-29 03:00:55,904 | INFO     |   → 536/1315: ✅ 0 взято | 🗑️ 9 мусор
2026-06-29 03:00:55,904 | INFO     |   → 537/1315: ✅ 0 взято | 🗑️ 9 мусор
2026-06-29 03:00:55,904 | INFO     |   → 538/1315: ✅ 0 взято | 🗑️ 9 мусор
2026-06-29 03:00:55,904 | INFO     |   → 539/1315: ✅ 0 взято | 🗑️ 9 мусор
2026-06-29 03:00:55,904 | INFO     |   → 540/1315: ✅ 0 взято | 🗑️ 9 мусор
2026-06-29 03:00:55,904 | INFO     |   → 541/1315: ✅ 0 взято | 🗑️ 9 мусор
2026-06-29 03:00:55,904 | INFO     |   → 542/1315: ✅ 0 взято | 🗑️ 9 мусор
2026-06-29 03:00:55,904 | INFO     |   → 543/1315: ✅ 0 взято | 🗑️ 9 мусор
2026-06-29 03:00:55,904 | INFO     |   → 544/1315: ✅ 13 взято | 🗑️ 10 мусор
2026-06-29 03:00:55,904 | INFO     |   → 545/1315: ✅ 0 взято | 🗑️ 10 мусор
2026-06-29 03:00:55,904 | INFO     |   → 546/1315: ✅ 0 взято | 🗑️ 10 мусор
2026-06-29 03:00:55,904 | INFO     |   → 547/1315: ✅ 0 взято | 🗑️ 10 мусор
2026-06-29 03:00:55,904 | INFO     |   → 548/1315: ✅ 0 взято | 🗑️ 10 мусор
2026-06-29 03:00:55,904 | INFO     |   → 549/1315: ✅ 0 взято | 🗑️ 10 мусор
2026-06-29 03:00:55,904 | INFO     |   → 550/1315: ✅ 0 взято | 🗑️ 10 мусор
2026-06-29 03:00:55,904 | INFO     |   → 551/1315: ✅ 0 взято | 🗑️ 10 мусор
2026-06-29 03:00:55,904 | INFO     |   → 552/1315 ⚠️ Ошибка: HTTPSConnectionPool(host='nodefree.githubrowcontent.com', port=443): Max retries exceeded with url: /2024/07/20240705.yaml (Caused by NameResolutionError("HTTPSConnection(host='nodefree.githubrowcontent.com', port=443): Failed to resolve 'nodefree.githubrowcontent.com' ([Errno -2] Name or service not known)")) — https://nodefree.org/dy/2023/08/20230806.yaml
2026-06-29 03:00:55,904 | INFO     |   → 553/1315 ⚠️ Ошибка: HTTPSConnectionPool(host='nodefree.githubrowcontent.com', port=443): Max retries exceeded with url: /2024/07/20240705.txt (Caused by NameResolutionError("HTTPSConnection(host='nodefree.githubrowcontent.com', port=443): Failed to resolve 'nodefree.githubrowcontent.com' ([Errno -2] Name or service not known)")) — https://nodefree.org/dy/2023/12/20231221.txt
2026-06-29 03:00:55,904 | INFO     |   → 554/1315: ✅ 0 взято | 🗑️ 17 мусор
2026-06-29 03:00:55,904 | INFO     |   → 555/1315: ✅ 0 взято | 🗑️ 17 мусор
2026-06-29 03:00:55,904 | INFO     |   → 556/1315: ✅ 0 взято | 🗑️ 14 мусор
2026-06-29 03:00:55,904 | INFO     |   → 557/1315: ✅ 0 взято | 🗑️ 14 мусор
2026-06-29 03:00:55,904 | INFO     |   → 558/1315: ✅ 0 взято | 🗑️ 14 мусор
2026-06-29 03:00:55,904 | INFO     |   → 559/1315: ✅ 0 взято | 🗑️ 14 мусор
2026-06-29 03:00:55,904 | INFO     |   → 560/1315: ✅ 0 взято | 🗑️ 14 мусор
2026-06-29 03:00:55,904 | INFO     |   → 561/1315: ✅ 0 взято | 🗑️ 14 мусор
2026-06-29 03:00:55,904 | INFO     |   → 562/1315: ✅ 0 взято | 🗑️ 14 мусор
2026-06-29 03:00:55,904 | INFO     |   → 563/1315: ✅ 0 взято | 🗑️ 14 мусор
2026-06-29 03:00:55,904 | INFO     |   → 564/1315: ✅ 0 взято | 🗑️ 14 мусор
2026-06-29 03:00:55,904 | INFO     |   → 565/1315: ✅ 0 взято | 🗑️ 21 мусор
2026-06-29 03:00:55,904 | INFO     |   → 566/1315: ✅ 0 взято | 🗑️ 21 мусор
2026-06-29 03:00:55,904 | INFO     |   → 567/1315: ✅ 0 взято | 🗑️ 21 мусор
2026-06-29 03:00:55,904 | INFO     |   → 568/1315: ✅ 0 взято | 🗑️ 21 мусор
2026-06-29 03:00:55,904 | INFO     |   → 569/1315: ✅ 0 взято | 🗑️ 21 мусор
2026-06-29 03:00:55,904 | INFO     |   → 570/1315: ✅ 0 взято | 🗑️ 21 мусор
2026-06-29 03:00:55,904 | INFO     |   → 571/1315: ✅ 0 взято | 🗑️ 21 мусор
2026-06-29 03:00:55,904 | INFO     |   → 572/1315: ✅ 0 взято | 🗑️ 21 мусор
2026-06-29 03:00:55,904 | INFO     |   → 573/1315: ✅ 0 взято | 🗑️ 21 мусор
2026-06-29 03:00:55,905 | INFO     |   → 574/1315: ✅ 0 взято | 🗑️ 21 мусор
2026-06-29 03:00:55,905 | INFO     |   → 575/1315: ✅ 0 взято | 🗑️ 21 мусор
2026-06-29 03:00:55,905 | INFO     |   → 576/1315: ✅ 0 взято | 🗑️ 15 мусор
2026-06-29 03:00:55,905 | INFO     |   → 577/1315: ✅ 0 взято | 🗑️ 15 мусор
2026-06-29 03:00:55,905 | INFO     |   → 578/1315: ✅ 0 взято | 🗑️ 15 мусор
2026-06-29 03:00:55,905 | INFO     |   → 579/1315: ✅ 0 взято | 🗑️ 15 мусор
2026-06-29 03:00:55,905 | INFO     |   → 580/1315: ✅ 0 взято | 🗑️ 15 мусор
2026-06-29 03:00:55,905 | INFO     |   → 581/1315: ✅ 0 взято | 🗑️ 15 мусор
2026-06-29 03:00:55,905 | INFO     |   → 582/1315: ✅ 0 взято | 🗑️ 15 мусор
2026-06-29 03:00:55,905 | INFO     |   → 583/1315: ✅ 0 взято | 🗑️ 15 мусор
2026-06-29 03:00:55,905 | INFO     |   → 584/1315: ✅ 0 взято | 🗑️ 15 мусор
2026-06-29 03:00:55,905 | INFO     |   → 585/1315: ✅ 0 взято | 🗑️ 15 мусор
2026-06-29 03:00:55,905 | INFO     |   → 586/1315: ✅ 0 взято | 🗑️ 14 мусор
2026-06-29 03:00:55,905 | INFO     |   → 587/1315: ✅ 0 взято | 🗑️ 14 мусор
2026-06-29 03:00:55,905 | INFO     |   → 588/1315: ✅ 0 взято | 🗑️ 14 мусор
2026-06-29 03:00:55,905 | INFO     |   → 589/1315: ✅ 0 взято | 🗑️ 14 мусор
2026-06-29 03:00:55,905 | INFO     |   → 590/1315: ✅ 0 взято | 🗑️ 17 мусор
2026-06-29 03:00:55,905 | INFO     |   → 591/1315: ✅ 0 взято | 🗑️ 17 мусор
2026-06-29 03:00:55,905 | INFO     |   → 592/1315: ✅ 0 взято | 🗑️ 17 мусор
2026-06-29 03:00:55,905 | INFO     |   → 593/1315: ✅ 0 взято | 🗑️ 17 мусор
2026-06-29 03:00:55,905 | INFO     |   → 594/1315: ✅ 0 взято | 🗑️ 17 мусор
2026-06-29 03:00:55,905 | INFO     |   → 595/1315: ✅ 0 взято | 🗑️ 24 мусор
2026-06-29 03:00:55,905 | INFO     |   → 596/1315: ✅ 0 взято | 🗑️ 24 мусор
2026-06-29 03:00:55,905 | INFO     |   → 597/1315: ✅ 0 взято | 🗑️ 24 мусор
2026-06-29 03:00:55,905 | INFO     |   → 598/1315: ✅ 0 взято | 🗑️ 24 мусор
2026-06-29 03:00:55,905 | INFO     |   → 599/1315: ✅ 0 взято | 🗑️ 24 мусор
2026-06-29 03:00:55,905 | INFO     |   → 600/1315: ✅ 0 взято | 🗑️ 24 мусор
2026-06-29 03:00:55,905 | INFO     |   → 601/1315: ✅ 0 взято | 🗑️ 24 мусор
2026-06-29 03:00:55,905 | INFO     |   → 602/1315: ✅ 0 взято | 🗑️ 24 мусор
2026-06-29 03:00:55,905 | INFO     |   → 603/1315: ✅ 0 взято | 🗑️ 24 мусор
2026-06-29 03:00:55,905 | INFO     |   → 604/1315: ✅ 0 взято | 🗑️ 24 мусор
2026-06-29 03:00:55,905 | INFO     |   → 605/1315: ✅ 0 взято | 🗑️ 24 мусор
2026-06-29 03:00:55,905 | INFO     |   → 606/1315: ✅ 0 взято | 🗑️ 7 мусор
2026-06-29 03:00:55,905 | INFO     |   → 607/1315: ✅ 0 взято | 🗑️ 7 мусор
2026-06-29 03:00:55,905 | INFO     |   → 608/1315: ✅ 0 взято | 🗑️ 7 мусор
2026-06-29 03:00:55,905 | INFO     |   → 609/1315: ✅ 0 взято | 🗑️ 7 мусор
2026-06-29 03:00:55,905 | INFO     |   → 610/1315: ✅ 0 взято | 🗑️ 7 мусор
2026-06-29 03:00:55,906 | INFO     |   → 611/1315: ✅ 0 взято | 🗑️ 7 мусор
2026-06-29 03:00:55,906 | INFO     |   → 612/1315: ✅ 0 взято | 🗑️ 7 мусор
2026-06-29 03:00:55,906 | INFO     |   → 613/1315: ✅ 0 взято | 🗑️ 7 мусор
2026-06-29 03:00:55,906 | INFO     |   → 614/1315: ✅ 0 взято | 🗑️ 7 мусор
2026-06-29 03:00:55,906 | INFO     |   → 615/1315: ✅ 0 взято | 🗑️ 7 мусор
2026-06-29 03:00:55,906 | INFO     |   → 616/1315: ✅ 0 взято | 🗑️ 9 мусор
2026-06-29 03:00:55,906 | INFO     |   → 617/1315: ✅ 0 взято | 🗑️ 9 мусор
2026-06-29 03:00:55,906 | INFO     |   → 618/1315: ✅ 0 взято | 🗑️ 9 мусор
2026-06-29 03:00:55,906 | INFO     |   → 619/1315: ✅ 0 взято | 🗑️ 9 мусор
2026-06-29 03:00:55,906 | INFO     |   → 620/1315: ✅ 0 взято | 🗑️ 9 мусор
2026-06-29 03:00:55,906 | INFO     |   → 621/1315: ✅ 0 взято | 🗑️ 9 мусор
2026-06-29 03:00:55,906 | INFO     |   → 622/1315: ✅ 0 взято | 🗑️ 9 мусор
2026-06-29 03:00:55,906 | INFO     |   → 623/1315: ✅ 0 взято | 🗑️ 9 мусор
2026-06-29 03:00:55,906 | INFO     |   → 624/1315: ✅ 0 взято | 🗑️ 9 мусор
2026-06-29 03:00:55,906 | INFO     |   → 625/1315: ✅ 0 взято | 🗑️ 9 мусор
2026-06-29 03:00:55,906 | INFO     |   → 626/1315: ✅ 0 взято | 🗑️ 10 мусор
2026-06-29 03:00:55,906 | INFO     |   → 627/1315: ✅ 0 взято | 🗑️ 10 мусор
2026-06-29 03:00:55,906 | INFO     |   → 628/1315: ✅ 0 взято | 🗑️ 10 мусор
2026-06-29 03:00:55,906 | INFO     |   → 629/1315: ✅ 0 взято | 🗑️ 10 мусор
2026-06-29 03:00:55,907 | INFO     |   → 630/1315: ✅ 0 взято | 🗑️ 10 мусор
2026-06-29 03:00:55,907 | INFO     |   → 631/1315: ✅ 0 взято | 🗑️ 10 мусор
2026-06-29 03:00:55,907 | INFO     |   → 632/1315: ✅ 0 взято | 🗑️ 10 мусор
2026-06-29 03:00:55,907 | INFO     |   → 633/1315: ✅ 0 взято | 🗑️ 10 мусор
2026-06-29 03:00:55,907 | INFO     |   → 634/1315: ✅ 0 взято | 🗑️ 0 мусор
2026-06-29 03:00:55,907 | INFO     |   → 635/1315: ✅ 0 взято | 🗑️ 0 мусор
2026-06-29 03:00:55,907 | INFO     |   → 636/1315: ✅ 0 взято | 🗑️ 0 мусор
2026-06-29 03:00:55,907 | INFO     |   → 637/1315: ✅ 0 взято | 🗑️ 0 мусор
2026-06-29 03:00:55,907 | INFO     |   → 638/1315: ✅ 0 взято | 🗑️ 0 мусор
2026-06-29 03:00:55,907 | INFO     |   → 639/1315: ✅ 0 взято | 🗑️ 0 мусор
2026-06-29 03:00:55,907 | INFO     |   → 640/1315: ✅ 0 взято | 🗑️ 0 мусор
2026-06-29 03:00:55,907 | INFO     |   → 641/1315: ✅ 0 взято | 🗑️ 0 мусор
2026-06-29 03:00:55,907 | INFO     |   → 642/1315: ✅ 0 взято | 🗑️ 0 мусор
2026-06-29 03:00:55,907 | INFO     |   → 643/1315: ✅ 0 взято | 🗑️ 0 мусор
2026-06-29 03:00:55,907 | INFO     |   → 644/1315: ✅ 0 взято | 🗑️ 0 мусор
2026-06-29 03:00:55,907 | INFO     |   → 645/1315: ✅ 0 взято | 🗑️ 0 мусор
2026-06-29 03:00:55,907 | INFO     |   → 646/1315 ❌ HTTP 404 — https://raw.githubusercontent.com/10ium/MihomoSaz/main/Sublist/shatakvpn.yaml4_Sub.txt
2026-06-29 03:00:55,907 | INFO     |   → 647/1315: ✅ 0 взято | 🗑️ 0 мусор
2026-06-29 03:00:55,907 | INFO     |   → 648/1315: ✅ 0 взято | 🗑️ 0 мусор
2026-06-29 03:00:55,908 | INFO     |   → 649/1315: ✅ 167 взято | 🗑️ 672 мусор
2026-06-29 03:00:55,908 | INFO     |   → 650/1315: ✅ 0 взято | 🗑️ 0 мусор
2026-06-29 03:00:55,908 | INFO     |   → 651/1315: ✅ 0 взято | 🗑️ 0 мусор
2026-06-29 03:00:55,908 | INFO     |   → 652/1315: ✅ 11 взято | 🗑️ 399 мусор
2026-06-29 03:00:55,908 | INFO     |   → 653/1315: ✅ 0 взято | 🗑️ 0 мусор
2026-06-29 03:00:55,908 | INFO     |   → 654/1315 ❌ HTTP 404 — https://raw.githubusercontent.com/9Fork/openit/main/Clash.yaml
2026-06-29 03:00:55,908 | INFO     |   → 655/1315: ✅ 175 взято | 🗑️ 704 мусор
2026-06-29 03:00:55,908 | INFO     |   → 656/1315: ✅ 0 взято | 🗑️ 704 мусор
2026-06-29 03:00:55,908 | INFO     |   → 657/1315: ✅ 19 взято | 🗑️ 81 мусор
2026-06-29 03:00:55,908 | INFO     |   → 658/1315: ✅ 11 взято | 🗑️ 87 мусор
2026-06-29 03:00:55,908 | INFO     |   → 659/1315: ✅ 27 взято | 🗑️ 73 мусор
2026-06-29 03:00:55,908 | INFO     |   → 660/1315: ✅ 13 взято | 🗑️ 75 мусор
2026-06-29 03:00:55,908 | INFO     |   → 661/1315: ✅ 10 взято | 🗑️ 83 мусор
2026-06-29 03:00:55,908 | INFO     |   → 662/1315: ✅ 12 взято | 🗑️ 86 мусор
2026-06-29 03:00:55,908 | INFO     |   → 663/1315: ✅ 11 взято | 🗑️ 87 мусор
2026-06-29 03:00:55,908 | INFO     |   → 664/1315: ✅ 11 взято | 🗑️ 80 мусор
2026-06-29 03:00:55,908 | INFO     |   → 665/1315: ✅ 9 взято | 🗑️ 82 мусор
2026-06-29 03:00:55,908 | INFO     |   → 666/1315: ✅ 69 взято | 🗑️ 3 мусор
2026-06-29 03:00:55,908 | INFO     |   → 667/1315: ✅ 3 взято | 🗑️ 75 мусор
2026-06-29 03:00:55,909 | INFO     |   → 668/1315: ✅ 4 взято | 🗑️ 69 мусор
2026-06-29 03:00:55,909 | INFO     |   → 669/1315: ✅ 4 взято | 🗑️ 80 мусор
2026-06-29 03:00:55,909 | INFO     |   → 670/1315: ✅ 6 взято | 🗑️ 81 мусор
2026-06-29 03:00:55,909 | INFO     |   → 671/1315: ✅ 5 взято | 🗑️ 79 мусор
2026-06-29 03:00:55,909 | INFO     |   → 672/1315: ✅ 11 взято | 🗑️ 78 мусор
2026-06-29 03:00:55,909 | INFO     |   → 673/1315: ✅ 3 взято | 🗑️ 83 мусор
2026-06-29 03:00:55,909 | INFO     |   → 674/1315: ✅ 14 взято | 🗑️ 76 мусор
2026-06-29 03:00:55,909 | INFO     |   → 675/1315: ✅ 12 взято | 🗑️ 78 мусор
2026-06-29 03:00:55,909 | INFO     |   → 676/1315: ✅ 26 взято | 🗑️ 218 мусор
2026-06-29 03:00:55,909 | INFO     |   → 677/1315: ✅ 44 взято | 🗑️ 141 мусор
2026-06-29 03:00:55,909 | INFO     |   → 678/1315: ✅ 10 взято | 🗑️ 71 мусор
2026-06-29 03:00:55,909 | INFO     |   → 679/1315: ✅ 2 взято | 🗑️ 88 мусор
2026-06-29 03:00:55,909 | INFO     |   → 680/1315: ✅ 0 взято | 🗑️ 3 мусор
2026-06-29 03:00:55,909 | INFO     |   → 681/1315: ✅ 14 взято | 🗑️ 4 мусор
2026-06-29 03:00:55,909 | INFO     |   → 682/1315: ✅ 710 взято | 🗑️ 2244 мусор
2026-06-29 03:00:55,909 | INFO     |   → 683/1315 ❌ HTTP 404 — https://raw.githubusercontent.com/Alvin9999/pac2/master/clash/1/config.yaml
2026-06-29 03:00:55,909 | INFO     |   → 684/1315 ❌ HTTP 404 — https://raw.githubusercontent.com/AmirHDevo/temp2/7f15e7ddb311a6f8c5ab338bd1af0e1f2136a84b/configs.txt
2026-06-29 03:00:55,909 | INFO     |   → 685/1315: ✅ 52 взято | 🗑️ 504 мусор
2026-06-29 03:00:55,909 | INFO     |   → 686/1315: ✅ 11317 взято | 🗑️ 176029 мусор
2026-06-29 03:00:55,910 | INFO     |   → 687/1315: ✅ 5 взято | 🗑️ 47 мусор
2026-06-29 03:00:55,910 | INFO     |   → 688/1315: ✅ 0 взято | 🗑️ 28 мусор
2026-06-29 03:00:55,910 | INFO     |   → 689/1315: ✅ 21 взято | 🗑️ 107 мусор
2026-06-29 03:00:55,910 | INFO     |   → 690/1315: ✅ 78 взято | 🗑️ 347 мусор
2026-06-29 03:00:55,910 | INFO     |   → 691/1315: ✅ 0 взято | 🗑️ 1373 мусор
2026-06-29 03:00:55,910 | INFO     |   → 692/1315: ✅ 323 взято | 🗑️ 391 мусор
2026-06-29 03:00:55,910 | INFO     |   → 693/1315: ✅ 0 взято | 🗑️ 6 мусор
2026-06-29 03:00:55,910 | INFO     |   → 694/1315: ✅ 0 взято | 🗑️ 0 мусор
2026-06-29 03:00:55,910 | INFO     |   → 695/1315: ✅ 1 взято | 🗑️ 235 мусор
2026-06-29 03:00:55,910 | INFO     |   → 696/1315: ✅ 0 взято | 🗑️ 16 мусор
2026-06-29 03:00:55,910 | INFO     |   → 697/1315: ✅ 0 взято | 🗑️ 0 мусор
2026-06-29 03:00:55,910 | INFO     |   → 698/1315: ✅ 0 взято | 🗑️ 14 мусор
2026-06-29 03:00:55,910 | INFO     |   → 699/1315: ✅ 0 взято | 🗑️ 0 мусор
2026-06-29 03:00:55,910 | INFO     |   → 700/1315: ✅ 0 взято | 🗑️ 17 мусор
2026-06-29 03:00:55,910 | INFO     |   → 701/1315: ✅ 0 взято | 🗑️ 0 мусор
2026-06-29 03:00:55,910 | INFO     |   → 702/1315: ✅ 1 взято | 🗑️ 12 мусор
2026-06-29 03:00:55,910 | INFO     |   → 703/1315: ✅ 0 взято | 🗑️ 0 мусор
2026-06-29 03:00:55,910 | INFO     |   → 704/1315: ✅ 0 взято | 🗑️ 17 мусор
2026-06-29 03:00:55,911 | INFO     |   → 705/1315: ✅ 0 взято | 🗑️ 0 мусор
2026-06-29 03:00:55,911 | INFO     |   → 706/1315: ✅ 0 взято | 🗑️ 17 мусор
2026-06-29 03:00:55,911 | INFO     |   → 707/1315: ✅ 0 взято | 🗑️ 0 мусор
2026-06-29 03:00:55,911 | INFO     |   → 708/1315: ✅ 0 взято | 🗑️ 161 мусор
2026-06-29 03:00:55,911 | INFO     |   → 709/1315: ✅ 0 взято | 🗑️ 0 мусор
2026-06-29 03:00:55,911 | INFO     |   → 710/1315: ✅ 5 взято | 🗑️ 76 мусор
2026-06-29 03:00:55,911 | INFO     |   → 711/1315: ✅ 80 взято | 🗑️ 1110 мусор
2026-06-29 03:00:55,911 | INFO     |   → 712/1315: ✅ 5 взято | 🗑️ 13 мусор
2026-06-29 03:00:55,911 | INFO     |   → 713/1315 ❌ HTTP 404 — https://raw.githubusercontent.com/Epodonios/bulk-xray-v2ray-vless-vmess-...-configs/main/sub/Austria/config.txt
2026-06-29 03:00:55,911 | INFO     |   → 714/1315 ❌ HTTP 404 — https://raw.githubusercontent.com/Epodonios/bulk-xray-v2ray-vless-vmess-...-configs/main/sub/Canada/config.txt
2026-06-29 03:00:55,911 | INFO     |   → 715/1315 ❌ HTTP 404 — https://raw.githubusercontent.com/Epodonios/bulk-xray-v2ray-vless-vmess-...-configs/main/sub/Costa%20Rica/config.txt
2026-06-29 03:00:55,911 | INFO     |   → 716/1315 ❌ HTTP 404 — https://raw.githubusercontent.com/Epodonios/bulk-xray-v2ray-vless-vmess-...-configs/main/sub/France/config.txt
2026-06-29 03:00:55,911 | INFO     |   → 717/1315 ❌ HTTP 404 — https://raw.githubusercontent.com/Epodonios/bulk-xray-v2ray-vless-vmess-...-configs/main/sub/Germany/config.txt
2026-06-29 03:00:55,911 | INFO     |   → 718/1315 ❌ HTTP 404 — https://raw.githubusercontent.com/Epodonios/bulk-xray-v2ray-vless-vmess-...-configs/main/sub/Indonesia/config.txt
2026-06-29 03:00:55,911 | INFO     |   → 719/1315 ❌ HTTP 404 — https://raw.githubusercontent.com/Epodonios/bulk-xray-v2ray-vless-vmess-...-configs/main/sub/Ireland/config.txt
2026-06-29 03:00:55,911 | INFO     |   → 720/1315 ❌ HTTP 404 — https://raw.githubusercontent.com/Epodonios/bulk-xray-v2ray-vless-vmess-...-configs/main/sub/Republic%20of%20Lithuania/config.txt
2026-06-29 03:00:55,911 | INFO     |   → 721/1315 ❌ HTTP 404 — https://raw.githubusercontent.com/Epodonios/bulk-xray-v2ray-vless-vmess-...-configs/main/sub/South%20Africa/config.txt
2026-06-29 03:00:55,911 | INFO     |   → 722/1315 ❌ HTTP 404 — https://raw.githubusercontent.com/Epodonios/bulk-xray-v2ray-vless-vmess-...-configs/main/sub/Sweden/config.txt
2026-06-29 03:00:55,911 | INFO     |   → 723/1315 ❌ HTTP 404 — https://raw.githubusercontent.com/Epodonios/bulk-xray-v2ray-vless-vmess-...-configs/main/sub/Turkey/config.txt
2026-06-29 03:00:55,912 | INFO     |   → 724/1315 ❌ HTTP 404 — https://raw.githubusercontent.com/Epodonios/bulk-xray-v2ray-vless-vmess-...-configs/main/sub/United%20Arab%20Emirates/config.txt
2026-06-29 03:00:55,912 | INFO     |   → 725/1315 ❌ HTTP 404 — https://raw.githubusercontent.com/Epodonios/bulk-xray-v2ray-vless-vmess-...-configs/main/sub/United%20Kingdom/config.txt
2026-06-29 03:00:55,912 | INFO     |   → 726/1315 ❌ HTTP 404 — https://raw.githubusercontent.com/Epodonios/bulk-xray-v2ray-vless-vmess-...-configs/main/sub/United%20States/config.txt
2026-06-29 03:00:55,912 | INFO     |   → 727/1315: ✅ 677 взято | 🗑️ 6508 мусор
2026-06-29 03:00:55,912 | INFO     |   → 728/1315 ❌ HTTP 404 — https://raw.githubusercontent.com/Epodonios/v2ray-configs/main/Splitted-By-Protocol/mix.txt
2026-06-29 03:00:55,912 | INFO     |   → 729/1315: ✅ 0 взято | 🗑️ 446 мусор
2026-06-29 03:00:55,912 | INFO     |   → 730/1315: ✅ 0 взято | 🗑️ 0 мусор
2026-06-29 03:00:55,912 | INFO     |   → 731/1315: ✅ 0 взято | 🗑️ 1077 мусор
2026-06-29 03:00:55,912 | INFO     |   → 732/1315: ✅ 0 взято | 🗑️ 4269 мусор
2026-06-29 03:00:55,912 | INFO     |   → 733/1315: ✅ 0 взято | 🗑️ 586 мусор
2026-06-29 03:00:55,912 | INFO     |   → 734/1315 ❌ HTTP 404 — https://raw.githubusercontent.com/Epodonios/v2ray-configs/raw/main/Splitted-By-Protocol/trojan.txt
2026-06-29 03:00:55,912 | INFO     |   → 735/1315 ❌ HTTP 404 — https://raw.githubusercontent.com/Epodonios/v2ray-configs/raw/main/Splitted-By-Protocol/vmess.txt
2026-06-29 03:00:55,912 | INFO     |   → 736/1315: ✅ 0 взято | 🗑️ 446 мусор
2026-06-29 03:00:55,912 | INFO     |   → 737/1315: ✅ 0 взято | 🗑️ 0 мусор
2026-06-29 03:00:55,912 | INFO     |   → 738/1315: ✅ 0 взято | 🗑️ 1077 мусор
2026-06-29 03:00:55,912 | INFO     |   → 739/1315: ✅ 0 взято | 🗑️ 4269 мусор
2026-06-29 03:00:55,912 | INFO     |   → 740/1315: ✅ 0 взято | 🗑️ 586 мусор
2026-06-29 03:00:55,912 | INFO     |   → 741/1315 ❌ HTTP 404 — https://raw.githubusercontent.com/Fido6/FreeNodes/57221e59caddde55ffdda21d491ae952cd608049/nodes/halekj.txt
2026-06-29 03:00:55,912 | INFO     |   → 742/1315 ❌ HTTP 404 — https://raw.githubusercontent.com/Fido6/FreeNodes/57221e59caddde55ffdda21d491ae952cd608049/nodes/kkzui.txt
2026-06-29 03:00:55,913 | INFO     |   → 743/1315 ❌ HTTP 404 — https://raw.githubusercontent.com/Fido6/FreeNodes/57221e59caddde55ffdda21d491ae952cd608049/nodes/wenode.txt
2026-06-29 03:00:55,913 | INFO     |   → 744/1315: ✅ 0 взято | 🗑️ 0 мусор
2026-06-29 03:00:55,913 | INFO     |   → 745/1315: ✅ 0 взято | 🗑️ 0 мусор
2026-06-29 03:00:55,913 | INFO     |   → 746/1315: ✅ 14 взято | 🗑️ 250 мусор
2026-06-29 03:00:55,913 | INFO     |   → 747/1315: ✅ 1 взято | 🗑️ 16 мусор
2026-06-29 03:00:55,913 | INFO     |   → 748/1315: ✅ 1 взято | 🗑️ 17 мусор
2026-06-29 03:00:55,913 | INFO     |   → 749/1315: ✅ 4 взято | 🗑️ 11 мусор
2026-06-29 03:00:55,913 | INFO     |   → 750/1315: ✅ 0 взято | 🗑️ 0 мусор
2026-06-29 03:00:55,913 | INFO     |   → 751/1315: ✅ 0 взято | 🗑️ 137 мусор
2026-06-29 03:00:55,913 | INFO     |   → 752/1315: ✅ 0 взято | 🗑️ 32 мусор
2026-06-29 03:00:55,913 | INFO     |   → 753/1315: ✅ 2 взято | 🗑️ 19 мусор
2026-06-29 03:00:55,913 | INFO     |   → 754/1315: ✅ 0 взято | 🗑️ 43 мусор
2026-06-29 03:00:55,913 | INFO     |   → 755/1315: ✅ 0 взято | 🗑️ 43 мусор
2026-06-29 03:00:55,913 | INFO     |   → 756/1315 ❌ HTTP 404 — https://raw.githubusercontent.com/Iran-v2ray/v2ray/main/v2ray
2026-06-29 03:00:55,913 | INFO     |   → 757/1315: ✅ 0 взято | 🗑️ 1 мусор
2026-06-29 03:00:55,913 | INFO     |   → 758/1315: ✅ 0 взято | 🗑️ 1 мусор
2026-06-29 03:00:55,913 | INFO     |   → 759/1315: ✅ 0 взято | 🗑️ 28 мусор
2026-06-29 03:00:55,913 | INFO     |   → 760/1315: ✅ 14 взято | 🗑️ 282 мусор
2026-06-29 03:00:55,914 | INFO     |   → 761/1315: ✅ 0 взято | 🗑️ 94 мусор
2026-06-29 03:00:55,914 | INFO     |   → 762/1315: ✅ 0 взято | 🗑️ 0 мусор
2026-06-29 03:00:55,914 | INFO     |   → 763/1315: ✅ 0 взято | 🗑️ 0 мусор
2026-06-29 03:00:55,914 | INFO     |   → 764/1315 ❌ HTTP 404 — https://raw.githubusercontent.com/Kwinshadow/TelegramV2rayCollector/raw/refs/heads/main/sublinks/mix.txt
2026-06-29 03:00:55,914 | INFO     |   → 765/1315 ❌ HTTP 404 — https://raw.githubusercontent.com/LalatinaHub/Mineral/raw/refs/heads/master/result/nodes
2026-06-29 03:00:55,914 | INFO     |   → 766/1315 ❌ HTTP 404 — https://raw.githubusercontent.com/Leon406/SubCrawler/main/sub/share/all3
2026-06-29 03:00:55,914 | INFO     |   → 767/1315 ❌ HTTP 404 — https://raw.githubusercontent.com/Leon406/SubCrawler/main/sub/share/all4
2026-06-29 03:00:55,914 | INFO     |   → 768/1315: ✅ 4 взято | 🗑️ 335 мусор
2026-06-29 03:00:55,914 | INFO     |   → 769/1315: ✅ 0 взято | 🗑️ 33 мусор
2026-06-29 03:00:55,914 | INFO     |   → 770/1315: ✅ 0 взято | 🗑️ 6 мусор
2026-06-29 03:00:55,914 | INFO     |   → 771/1315: ✅ 0 взято | 🗑️ 147 мусор
2026-06-29 03:00:55,914 | INFO     |   → 772/1315 ❌ HTTP 404 — https://raw.githubusercontent.com/M-Mashreghi/free-config-collector/main/Splitted-By-Protocol/ssr.txt
2026-06-29 03:00:55,914 | INFO     |   → 773/1315: ✅ 139 взято | 🗑️ 114 мусор
2026-06-29 03:00:55,914 | INFO     |   → 774/1315: ✅ 126 взято | 🗑️ 137 мусор
2026-06-29 03:00:55,914 | INFO     |   → 775/1315: ✅ 0 взято | 🗑️ 12 мусор
2026-06-29 03:00:55,914 | INFO     |   → 776/1315: ✅ 0 взято | 🗑️ 1 мусор
2026-06-29 03:00:55,914 | INFO     |   → 777/1315: ✅ 47 взято | 🗑️ 167 мусор
2026-06-29 03:00:55,914 | INFO     |   → 778/1315: ✅ 0 взято | 🗑️ 167 мусор
2026-06-29 03:00:55,914 | INFO     |   → 779/1315 ❌ HTTP 404 — https://raw.githubusercontent.com/MatinGhanbari/v2ray-configs/main/subscriptions/filtered/subs/hy2.txt
2026-06-29 03:00:55,914 | INFO     |   → 780/1315: ✅ 22 взято | 🗑️ 1173 мусор
2026-06-29 03:00:55,914 | INFO     |   → 781/1315 ❌ HTTP 404 — https://raw.githubusercontent.com/MatinGhanbari/v2ray-configs/main/subscriptions/filtered/subs/ssr.txt
2026-06-29 03:00:55,914 | INFO     |   → 782/1315: ✅ 56 взято | 🗑️ 479 мусор
2026-06-29 03:00:55,914 | INFO     |   → 783/1315 ❌ HTTP 404 — https://raw.githubusercontent.com/MatinGhanbari/v2ray-configs/main/subscriptions/filtered/subs/tuic.txt
2026-06-29 03:00:55,915 | INFO     |   → 784/1315: ✅ 18 взято | 🗑️ 459 мусор
2026-06-29 03:00:55,915 | INFO     |   → 785/1315: ✅ 234 взято | 🗑️ 1522 мусор
2026-06-29 03:00:55,915 | INFO     |   → 786/1315: ✅ 0 взято | 🗑️ 2 мусор
2026-06-29 03:00:55,915 | INFO     |   → 787/1315: ✅ 281 взято | 🗑️ 1686 мусор
2026-06-29 03:00:55,915 | INFO     |   → 788/1315: ✅ 0 взято | 🗑️ 796 мусор
2026-06-29 03:00:55,915 | INFO     |   → 789/1315: ✅ 0 взято | 🗑️ 796 мусор
2026-06-29 03:00:55,915 | INFO     |   → 790/1315: ✅ 0 взято | 🗑️ 142 мусор
2026-06-29 03:00:55,915 | INFO     |   → 791/1315: ✅ 0 взято | 🗑️ 2 мусор
2026-06-29 03:00:55,915 | INFO     |   → 792/1315: ✅ 0 взято | 🗑️ 669 мусор
2026-06-29 03:00:55,915 | INFO     |   → 793/1315: ✅ 0 взято | 🗑️ 85 мусор
2026-06-29 03:00:55,915 | INFO     |   → 794/1315 ❌ HTTP 404 — https://raw.githubusercontent.com/MhdiTaheri/V2rayCollector/raw/refs/heads/main/sub/mix
2026-06-29 03:00:55,915 | INFO     |   → 795/1315: ✅ 53 взято | 🗑️ 267 мусор
2026-06-29 03:00:55,915 | INFO     |   → 796/1315 ❌ HTTP 404 — https://raw.githubusercontent.com/MhdiTaheri/V2rayCollector_Py/raw/refs/heads/main/sub/Mix/mix.txt
2026-06-29 03:00:55,915 | INFO     |   → 797/1315: ✅ 0 взято | 🗑️ 0 мусор
2026-06-29 03:00:55,915 | INFO     |   → 798/1315: ✅ 43 взято | 🗑️ 217 мусор
2026-06-29 03:00:55,915 | INFO     |   → 799/1315: ✅ 0 взято | 🗑️ 31 мусор
2026-06-29 03:00:55,915 | INFO     |   → 800/1315: ✅ 94 взято | 🗑️ 282 мусор
2026-06-29 03:00:55,915 | INFO     |   → 801/1315: ✅ 0 взято | 🗑️ 26 мусор
2026-06-29 03:00:55,915 | INFO     |   → 802/1315 ❌ HTTP 404 — https://raw.githubusercontent.com/MrMohebi/xray-proxy-grabber-telegram/master/collected-proxies/clash-meta/all.yaml
2026-06-29 03:00:55,915 | INFO     |   → 803/1315 ❌ HTTP 404 — https://raw.githubusercontent.com/MrMohebi/xray-proxy-grabber-telegram/master/collected-proxies/row-url/actives.txt
2026-06-29 03:00:55,915 | INFO     |   → 804/1315 ❌ HTTP 404 — https://raw.githubusercontent.com/MrMohebi/xray-proxy-grabber-telegram/master/collected-proxies/row-url/all.txt
2026-06-29 03:00:55,915 | INFO     |   → 805/1315: ✅ 0 взято | 🗑️ 13 мусор
2026-06-29 03:00:55,915 | INFO     |   → 806/1315: ✅ 0 взято | 🗑️ 13 мусор
2026-06-29 03:00:55,915 | INFO     |   → 807/1315: ✅ 5 взято | 🗑️ 15 мусор
2026-06-29 03:00:55,915 | INFO     |   → 808/1315: ✅ 0 взято | 🗑️ 30 мусор
2026-06-29 03:00:55,915 | INFO     |   → 809/1315: ✅ 0 взято | 🗑️ 15 мусор
2026-06-29 03:00:55,915 | INFO     |   → 810/1315: ✅ 66 взято | 🗑️ 123 мусор
2026-06-29 03:00:55,915 | INFO     |   → 811/1315: ✅ 133 взято | 🗑️ 65 мусор
2026-06-29 03:00:55,915 | INFO     |   → 812/1315: ✅ 0 взято | 🗑️ 0 мусор
2026-06-29 03:00:55,915 | INFO     |   → 813/1315 ❌ HTTP 404 — https://raw.githubusercontent.com/OpenCNLink/freevpn/3cfcff048bfdd1493ccffa52ecf30ce7f9fc6b28/src/list/vmess.txt
2026-06-29 03:00:55,915 | INFO     |   → 814/1315 ❌ HTTP 404 — https://raw.githubusercontent.com/Pawdro/Collection/main/sub
2026-06-29 03:00:55,915 | INFO     |   → 815/1315: ✅ 0 взято | 🗑️ 15 мусор
2026-06-29 03:00:55,915 | INFO     |   → 816/1315: ✅ 0 взято | 🗑️ 15 мусор
2026-06-29 03:00:55,915 | INFO     |   → 817/1315: ✅ 0 взято | 🗑️ 0 мусор
2026-06-29 03:00:55,915 | INFO     |   → 818/1315: ✅ 0 взято | 🗑️ 0 мусор
2026-06-29 03:00:55,915 | INFO     |   → 819/1315: ✅ 0 взято | 🗑️ 50 мусор
2026-06-29 03:00:55,916 | INFO     |   → 820/1315: ✅ 5 взято | 🗑️ 206 мусор
2026-06-29 03:00:55,916 | INFO     |   → 821/1315: ✅ 21 взято | 🗑️ 138 мусор
2026-06-29 03:00:55,916 | INFO     |   → 822/1315: ✅ 23 взято | 🗑️ 89 мусор
2026-06-29 03:00:55,916 | INFO     |   → 823/1315: ✅ 9 взято | 🗑️ 85 мусор
2026-06-29 03:00:55,916 | INFO     |   → 824/1315: ✅ 0 взято | 🗑️ 129 мусор
2026-06-29 03:00:55,916 | INFO     |   → 825/1315: ✅ 0 взято | 🗑️ 81 мусор
2026-06-29 03:00:55,916 | INFO     |   → 826/1315 ❌ HTTP 404 — https://raw.githubusercontent.com/STR97/STRUGOV/refs/heads/main/STR.BYPASS
2026-06-29 03:00:55,916 | INFO     |   → 827/1315: ✅ 4 взято | 🗑️ 34 мусор
2026-06-29 03:00:55,916 | INFO     |   → 828/1315: ✅ 11 взято | 🗑️ 16 мусор
2026-06-29 03:00:55,916 | INFO     |   → 829/1315: ✅ 0 взято | 🗑️ 16 мусор
2026-06-29 03:00:55,916 | INFO     |   → 830/1315: ✅ 0 взято | 🗑️ 27 мусор
2026-06-29 03:00:55,916 | INFO     |   → 831/1315: ✅ 140 взято | 🗑️ 1153 мусор
2026-06-29 03:00:55,916 | INFO     |   → 832/1315: ✅ 29 взято | 🗑️ 54 мусор
2026-06-29 03:00:55,916 | INFO     |   → 833/1315: ✅ 0 взято | 🗑️ 6 мусор
2026-06-29 03:00:55,916 | INFO     |   → 834/1315: ✅ 1 взято | 🗑️ 0 мусор
2026-06-29 03:00:55,916 | INFO     |   → 835/1315: ✅ 0 взято | 🗑️ 19 мусор
2026-06-29 03:00:55,916 | INFO     |   → 836/1315: ✅ 0 взято | 🗑️ 6 мусор
2026-06-29 03:00:55,916 | INFO     |   → 837/1315: ✅ 0 взято | 🗑️ 19 мусор
2026-06-29 03:00:55,916 | INFO     |   → 838/1315: ✅ 4 взято | 🗑️ 291 мусор
2026-06-29 03:00:55,917 | INFO     |   → 839/1315: ✅ 0 взято | 🗑️ 119 мусор
2026-06-29 03:00:55,917 | INFO     |   → 840/1315: ✅ 0 взято | 🗑️ 0 мусор
2026-06-29 03:00:55,917 | INFO     |   → 841/1315 ❌ HTTP 404 — https://raw.githubusercontent.com/V2RAYCONFIGSPOOL/V2RAY_SUB/main/V2RAY_SUB.txt
2026-06-29 03:00:55,917 | INFO     |   → 842/1315: ✅ 126 взято | 🗑️ 131 мусор
2026-06-29 03:00:55,917 | INFO     |   → 843/1315: ✅ 88 взято | 🗑️ 44 мусор
2026-06-29 03:00:55,917 | INFO     |   → 844/1315: ✅ 0 взято | 🗑️ 0 мусор
2026-06-29 03:00:55,917 | INFO     |   → 845/1315: ✅ 0 взято | 🗑️ 44 мусор
2026-06-29 03:00:55,917 | INFO     |   → 846/1315: ✅ 58 взято | 🗑️ 348 мусор
2026-06-29 03:00:55,917 | INFO     |   → 847/1315: ✅ 0 взято | 🗑️ 0 мусор
2026-06-29 03:00:55,917 | INFO     |   → 848/1315: ✅ 4 взято | 🗑️ 458 мусор
2026-06-29 03:00:55,917 | INFO     |   → 849/1315 ❌ HTTP 404 — https://raw.githubusercontent.com/ZYFXS/ZYFXS001/refs/heads/main/20c-youtube%40ZYFXS
2026-06-29 03:00:55,917 | INFO     |   → 850/1315 ❌ HTTP 404 — https://raw.githubusercontent.com/ZYFXS/ZYFXS001/refs/heads/main/20v-youtube%40ZYFXS
2026-06-29 03:00:55,917 | INFO     |   → 851/1315: ✅ 0 взято | 🗑️ 0 мусор
2026-06-29 03:00:55,917 | INFO     |   → 852/1315: ✅ 1 взято | 🗑️ 164 мусор
2026-06-29 03:00:55,917 | INFO     |   → 853/1315 ❌ HTTP 404 — https://raw.githubusercontent.com/ZYFXS/ZYFXS001/refs/heads/main/youtube%40ZYFXS---23c
2026-06-29 03:00:55,917 | INFO     |   → 854/1315 ❌ HTTP 404 — https://raw.githubusercontent.com/ZYFXS/ZYFXS001/refs/heads/main/youtube%40ZYFXS---23v
2026-06-29 03:00:55,917 | INFO     |   → 855/1315: ✅ 0 взято | 🗑️ 0 мусор
2026-06-29 03:00:55,917 | INFO     |   → 856/1315: ✅ 0 взято | 🗑️ 0 мусор
2026-06-29 03:00:55,917 | INFO     |   → 857/1315: ✅ 6 взято | 🗑️ 221 мусор
2026-06-29 03:00:55,917 | INFO     |   → 858/1315 ❌ HTTP 404 — https://raw.githubusercontent.com/ZYFXS/ZYFXS001/refs/heads/main/youtube%40ZYFXS-21c
2026-06-29 03:00:55,917 | INFO     |   → 859/1315 ❌ HTTP 404 — https://raw.githubusercontent.com/ZYFXS/ZYFXS001/refs/heads/main/youtube%40ZYFXS-21v
2026-06-29 03:00:55,917 | INFO     |   → 860/1315: ✅ 1 взято | 🗑️ 251 мусор
2026-06-29 03:00:55,918 | INFO     |   → 861/1315: ✅ 1 взято | 🗑️ 231 мусор
2026-06-29 03:00:55,918 | INFO     |   → 862/1315: ✅ 0 взято | 🗑️ 0 мусор
2026-06-29 03:00:55,918 | INFO     |   → 863/1315: ✅ 1 взято | 🗑️ 83 мусор
2026-06-29 03:00:55,918 | INFO     |   → 864/1315: ✅ 0 взято | 🗑️ 16 мусор
2026-06-29 03:00:55,918 | INFO     |   → 865/1315: ✅ 0 взято | 🗑️ 16 мусор
2026-06-29 03:00:55,918 | INFO     |   → 866/1315 ❌ HTTP 404 — https://raw.githubusercontent.com/aiboboxx/clashfree/main/clash.yml
2026-06-29 03:00:55,918 | INFO     |   → 867/1315 ❌ HTTP 404 — https://raw.githubusercontent.com/aiboboxx/v2rayfree/main/v2
2026-06-29 03:00:55,918 | INFO     |   → 868/1315 ❌ HTTP 404 — https://raw.githubusercontent.com/amirmohammad-mohammad-88/Sub-Reality-Azadi-config/Config/Azadi-Reality-Different
2026-06-29 03:00:55,918 | INFO     |   → 869/1315 ❌ HTTP 404 — https://raw.githubusercontent.com/amirmohammad-mohammad-88/Sub-Reality-Azadi-config/Config/Azadi-Reality-Different-Base64
2026-06-29 03:00:55,918 | INFO     |   → 870/1315: ✅ 1 взято | 🗑️ 17 мусор
2026-06-29 03:00:55,918 | INFO     |   → 871/1315: ✅ 0 взято | 🗑️ 0 мусор
2026-06-29 03:00:55,918 | INFO     |   → 872/1315: ✅ 4 взято | 🗑️ 114 мусор
2026-06-29 03:00:55,918 | INFO     |   → 873/1315: ✅ 29 взято | 🗑️ 76 мусор
2026-06-29 03:00:55,918 | INFO     |   → 874/1315 ❌ HTTP 404 — https://raw.githubusercontent.com/awesome-vpn/awesome-vpn/master/ss
2026-06-29 03:00:55,918 | INFO     |   → 875/1315 ❌ HTTP 404 — https://raw.githubusercontent.com/awesome-vpn/awesome-vpn/master/ssr
2026-06-29 03:00:55,918 | INFO     |   → 876/1315: ✅ 0 взято | 🗑️ 0 мусор
2026-06-29 03:00:55,918 | INFO     |   → 877/1315: ✅ 1 взято | 🗑️ 22 мусор
2026-06-29 03:00:55,918 | INFO     |   → 878/1315: ✅ 0 взято | 🗑️ 442 мусор
2026-06-29 03:00:55,918 | INFO     |   → 879/1315 ❌ HTTP 404 — https://raw.githubusercontent.com/barry-far/V2ray-Configs/ced94ddfff48276ec365b40227561f36b1b64bc8/Sub5.txt
2026-06-29 03:00:55,918 | INFO     |   → 880/1315 ❌ HTTP 404 — https://raw.githubusercontent.com/barry-far/V2ray-Configs/main/Splitted-By-Protocol/hysteria2.txt
2026-06-29 03:00:55,918 | INFO     |   → 881/1315 ❌ HTTP 404 — https://raw.githubusercontent.com/barry-far/V2ray-Configs/main/Splitted-By-Protocol/vless.txt
2026-06-29 03:00:55,919 | INFO     |   → 882/1315 ❌ HTTP 404 — https://raw.githubusercontent.com/barry-far/V2ray-Configs/main/Sub1.txt
2026-06-29 03:00:55,919 | INFO     |   → 883/1315 ❌ HTTP 404 — https://raw.githubusercontent.com/barry-far/V2ray-Configs/refs/heads/main/All_Configs_Sub.txt
2026-06-29 03:00:55,919 | INFO     |   → 884/1315: ✅ 0 взято | 🗑️ 0 мусор
2026-06-29 03:00:55,919 | INFO     |   → 885/1315 ❌ HTTP 404 — https://raw.githubusercontent.com/budamu/clashconfig/main/v2ray.txt
2026-06-29 03:00:55,919 | INFO     |   → 886/1315 ❌ HTTP 404 — https://raw.githubusercontent.com/budamu/clashconfig/main/v2ray2.txt
2026-06-29 03:00:55,919 | INFO     |   → 887/1315: ✅ 0 взято | 🗑️ 0 мусор
2026-06-29 03:00:55,919 | INFO     |   → 888/1315: ✅ 0 взято | 🗑️ 442 мусор
2026-06-29 03:00:55,919 | INFO     |   → 889/1315: ✅ 0 взято | 🗑️ 0 мусор
2026-06-29 03:00:55,919 | INFO     |   → 890/1315 ❌ HTTP 404 — https://raw.githubusercontent.com/chxxyz2004/zd/17fca23b73c46b5dd73e9be49b14d219b5e5f836/sub/2401/240110.txt
2026-06-29 03:00:55,919 | INFO     |   → 891/1315: ✅ 0 взято | 🗑️ 44 мусор
2026-06-29 03:00:55,919 | INFO     |   → 892/1315: ✅ 236 взято | 🗑️ 517 мусор
2026-06-29 03:00:55,919 | INFO     |   → 893/1315 ❌ HTTP 404 — https://raw.githubusercontent.com/cxr9912/cxr2022/main/free.yaml
2026-06-29 03:00:55,919 | INFO     |   → 894/1315 ❌ HTTP 404 — https://raw.githubusercontent.com/cxr9912/cxr2022/main/mix.yaml
2026-06-29 03:00:55,919 | INFO     |   → 895/1315 ❌ HTTP 404 — https://raw.githubusercontent.com/cxr9912/cxr2022/main/ss.yaml
2026-06-29 03:00:55,919 | INFO     |   → 896/1315 ❌ HTTP 404 — https://raw.githubusercontent.com/cxr9912/cxr2022/main/ssr.yaml
2026-06-29 03:00:55,919 | INFO     |   → 897/1315 ❌ HTTP 404 — https://raw.githubusercontent.com/cxr9912/cxr2022/main/vmess.yaml
2026-06-29 03:00:55,919 | INFO     |   → 898/1315 ❌ HTTP 404 — https://raw.githubusercontent.com/cxr9912/cxr2022/refs/heads/main/18cj.json
2026-06-29 03:00:55,919 | INFO     |   → 899/1315 ❌ HTTP 404 — https://raw.githubusercontent.com/cxr9912/cxr2022/refs/heads/main/aaaaaaaa.yaml
2026-06-29 03:00:55,919 | INFO     |   → 900/1315 ❌ HTTP 404 — https://raw.githubusercontent.com/cxr9912/cxr2022/refs/heads/main/free.yaml
2026-06-29 03:00:55,919 | INFO     |   → 901/1315 ❌ HTTP 404 — https://raw.githubusercontent.com/cxr9912/cxr2022/refs/heads/main/ss2088.txt
2026-06-29 03:00:55,919 | INFO     |   → 902/1315: ✅ 0 взято | 🗑️ 18 мусор
2026-06-29 03:00:55,919 | INFO     |   → 903/1315: ✅ 0 взято | 🗑️ 18 мусор
2026-06-29 03:00:55,920 | INFO     |   → 904/1315: ✅ 6 взято | 🗑️ 78 мусор
2026-06-29 03:00:55,920 | INFO     |   → 905/1315: ✅ 6 взято | 🗑️ 4 мусор
2026-06-29 03:00:55,920 | INFO     |   → 906/1315: ✅ 0 взято | 🗑️ 2 мусор
2026-06-29 03:00:55,920 | INFO     |   → 907/1315: ✅ 3 взято | 🗑️ 2 мусор
2026-06-29 03:00:55,920 | INFO     |   → 908/1315: ✅ 0 взято | 🗑️ 2 мусор
2026-06-29 03:00:55,920 | INFO     |   → 909/1315: ✅ 1 взято | 🗑️ 3 мусор
2026-06-29 03:00:55,920 | INFO     |   → 910/1315: ✅ 0 взято | 🗑️ 2 мусор
2026-06-29 03:00:55,920 | INFO     |   → 911/1315: ✅ 5 взято | 🗑️ 4 мусор
2026-06-29 03:00:55,920 | INFO     |   → 912/1315: ✅ 1 взято | 🗑️ 1 мусор
2026-06-29 03:00:55,920 | INFO     |   → 913/1315: ✅ 0 взято | 🗑️ 5 мусор
2026-06-29 03:00:55,920 | INFO     |   → 914/1315: ✅ 0 взято | 🗑️ 2 мусор
2026-06-29 03:00:55,920 | INFO     |   → 915/1315: ✅ 0 взято | 🗑️ 0 мусор
2026-06-29 03:00:55,920 | INFO     |   → 916/1315: ✅ 14560 взято | 🗑️ 258229 мусор
2026-06-29 03:00:55,920 | INFO     |   → 917/1315: ✅ 30 взято | 🗑️ 645 мусор
2026-06-29 03:00:55,920 | INFO     |   → 918/1315: ✅ 6 взято | 🗑️ 113 мусор
2026-06-29 03:00:55,920 | INFO     |   → 919/1315: ✅ 0 взято | 🗑️ 0 мусор
2026-06-29 03:00:55,920 | INFO     |   → 920/1315: ✅ 8 взято | 🗑️ 17 мусор
2026-06-29 03:00:55,920 | INFO     |   → 921/1315: ✅ 0 взято | 🗑️ 0 мусор
2026-06-29 03:00:55,920 | INFO     |   → 922/1315: ✅ 13 взято | 🗑️ 19 мусор
2026-06-29 03:00:55,920 | INFO     |   → 923/1315: ✅ 0 взято | 🗑️ 5 мусор
2026-06-29 03:00:55,920 | INFO     |   → 924/1315: ✅ 2 взято | 🗑️ 80 мусор
2026-06-29 03:00:55,920 | INFO     |   → 925/1315 ❌ HTTP 404 — https://raw.githubusercontent.com/free-nodes/v2rayfree/main/v2
2026-06-29 03:00:55,921 | INFO     |   → 926/1315 ❌ HTTP 404 — https://raw.githubusercontent.com/free-v2ray-config/trojan/main/trojan.txt
2026-06-29 03:00:55,921 | INFO     |   → 927/1315 ❌ HTTP 404 — https://raw.githubusercontent.com/free-v2ray-config/vless/main/vless.txt
2026-06-29 03:00:55,921 | INFO     |   → 928/1315 ❌ HTTP 404 — https://raw.githubusercontent.com/free-v2ray-config/vmess/main/vmess.txt
2026-06-29 03:00:55,921 | INFO     |   → 929/1315: ✅ 5 взято | 🗑️ 169 мусор
2026-06-29 03:00:55,921 | INFO     |   → 930/1315: ✅ 34 взято | 🗑️ 121 мусор
2026-06-29 03:00:55,921 | INFO     |   → 931/1315: ✅ 4 взято | 🗑️ 97 мусор
2026-06-29 03:00:55,921 | INFO     |   → 932/1315 ❌ HTTP 404 — https://raw.githubusercontent.com/free18/v2ray/main/Clash.yaml
2026-06-29 03:00:55,921 | INFO     |   → 933/1315: ✅ 0 взято | 🗑️ 0 мусор
2026-06-29 03:00:55,921 | INFO     |   → 934/1315: ✅ 0 взято | 🗑️ 15 мусор
2026-06-29 03:00:55,921 | INFO     |   → 935/1315: ✅ 0 взято | 🗑️ 0 мусор
2026-06-29 03:00:55,921 | INFO     |   → 936/1315: ✅ 0 взято | 🗑️ 8 мусор
2026-06-29 03:00:55,921 | INFO     |   → 937/1315: ✅ 0 взято | 🗑️ 8 мусор
2026-06-29 03:00:55,921 | INFO     |   → 938/1315: ✅ 0 взято | 🗑️ 8 мусор
2026-06-29 03:00:55,921 | INFO     |   → 939/1315: ✅ 0 взято | 🗑️ 8 мусор
2026-06-29 03:00:55,921 | INFO     |   → 940/1315 ❌ HTTP 404 — https://raw.githubusercontent.com/freev2rayconfig/V2RAY_SUB/3e6a7786a1601ee3723e8d043ae79e70dbdfd9a8/v2rayconfigs.txt
2026-06-29 03:00:55,921 | INFO     |   → 941/1315 ❌ HTTP 404 — https://raw.githubusercontent.com/freev2rayconfig/V2RAY_SUBSCRIPTION_LINK/main/v2rayconfigs.txt
2026-06-29 03:00:55,921 | INFO     |   → 942/1315 ❌ HTTP 404 — https://raw.githubusercontent.com/gfpcom/free-proxy-list/main/list/http.txt
2026-06-29 03:00:55,921 | INFO     |   → 943/1315 ❌ HTTP 404 — https://raw.githubusercontent.com/gfpcom/free-proxy-list/main/list/https.txt
2026-06-29 03:00:55,921 | INFO     |   → 944/1315 ❌ HTTP 404 — https://raw.githubusercontent.com/gfpcom/free-proxy-list/main/list/socks4.txt
2026-06-29 03:00:55,921 | INFO     |   → 945/1315 ❌ HTTP 404 — https://raw.githubusercontent.com/gfpcom/free-proxy-list/main/list/socks4a.txt
2026-06-29 03:00:55,921 | INFO     |   → 946/1315 ❌ HTTP 404 — https://raw.githubusercontent.com/gfpcom/free-proxy-list/main/list/socks5.txt
2026-06-29 03:00:55,922 | INFO     |   → 947/1315 ❌ HTTP 404 — https://raw.githubusercontent.com/gfpcom/free-proxy-list/main/list/socks5h.txt
2026-06-29 03:00:55,922 | INFO     |   → 948/1315 ❌ HTTP 404 — https://raw.githubusercontent.com/gfpcom/free-proxy-list/main/list/ss.txt
2026-06-29 03:00:55,922 | INFO     |   → 949/1315 ❌ HTTP 404 — https://raw.githubusercontent.com/gfpcom/free-proxy-list/main/list/ssr.txt
2026-06-29 03:00:55,922 | INFO     |   → 950/1315 ❌ HTTP 404 — https://raw.githubusercontent.com/gfpcom/free-proxy-list/main/list/trojan.txt
2026-06-29 03:00:55,922 | INFO     |   → 951/1315 ❌ HTTP 404 — https://raw.githubusercontent.com/gfpcom/free-proxy-list/main/list/vless.txt
2026-06-29 03:00:55,922 | INFO     |   → 952/1315 ❌ HTTP 404 — https://raw.githubusercontent.com/gfpcom/free-proxy-list/main/list/vmess.txt
2026-06-29 03:00:55,922 | INFO     |   → 953/1315: ✅ 0 взято | 🗑️ 17 мусор
2026-06-29 03:00:55,922 | INFO     |   → 954/1315: ✅ 0 взято | 🗑️ 0 мусор
2026-06-29 03:00:55,922 | INFO     |   → 955/1315: ✅ 4 взято | 🗑️ 63 мусор
2026-06-29 03:00:55,922 | INFO     |   → 956/1315 ❌ HTTP 404 — https://raw.githubusercontent.com/hameed-maleki/TVC/89a4522969c57dcc22458cae9898426e5c4f2679/lite/config.txt
2026-06-29 03:00:55,922 | INFO     |   → 957/1315: ✅ 5 взято | 🗑️ 132 мусор
2026-06-29 03:00:55,922 | INFO     |   → 958/1315: ✅ 0 взято | 🗑️ 56 мусор
2026-06-29 03:00:55,922 | INFO     |   → 959/1315 ❌ HTTP 404 — https://raw.githubusercontent.com/hkaa0/permalink/main/proxy/V2ray
2026-06-29 03:00:55,922 | INFO     |   → 960/1315 ❌ HTTP 404 — https://raw.githubusercontent.com/hkaa0/permalink/main/proxy/clash
2026-06-29 03:00:55,922 | INFO     |   → 961/1315 ❌ HTTP 404 — https://raw.githubusercontent.com/hkpc/Autoproxy/6cf946ddfc677a29062007e4b47d70674474baa7/sub/2401/240110.txt
2026-06-29 03:00:55,922 | INFO     |   → 962/1315 ❌ HTTP 404 — https://raw.githubusercontent.com/hkpc/V2ray-Configs/7d9aa0dabf947af180a7dd6302818ed37950531a/Sub1.txt
2026-06-29 03:00:55,922 | INFO     |   → 963/1315: ✅ 0 взято | 🗑️ 14 мусор
2026-06-29 03:00:55,922 | INFO     |   → 964/1315: ✅ 16 взято | 🗑️ 16 мусор
2026-06-29 03:00:55,922 | INFO     |   → 965/1315 ❌ HTTP 404 — https://raw.githubusercontent.com/iboxz/free-v2ray-collector/main/main
2026-06-29 03:00:55,922 | INFO     |   → 966/1315: ✅ 16 взято | 🗑️ 10 мусор
2026-06-29 03:00:55,922 | INFO     |   → 967/1315: ✅ 14 взято | 🗑️ 38 мусор
2026-06-29 03:00:55,922 | INFO     |   → 968/1315: ✅ 131 взято | 🗑️ 165 мусор
2026-06-29 03:00:55,923 | INFO     |   → 969/1315 ❌ HTTP 404 — https://raw.githubusercontent.com/igareck/vpn-configs-for-russia/refs/heads/main/Vless-Reality-White-Lists-Rus-Cable.txt
2026-06-29 03:00:55,923 | INFO     |   → 970/1315: ✅ 146 взято | 🗑️ 4 мусор
2026-06-29 03:00:55,923 | INFO     |   → 971/1315: ✅ 0 взято | 🗑️ 0 мусор
2026-06-29 03:00:55,923 | INFO     |   → 972/1315: ✅ 0 взято | 🗑️ 0 мусор
2026-06-29 03:00:55,923 | INFO     |   → 973/1315: ✅ 23 взято | 🗑️ 9 мусор
2026-06-29 03:00:55,923 | INFO     |   → 974/1315: ✅ 0 взято | 🗑️ 0 мусор
2026-06-29 03:00:55,923 | INFO     |   → 975/1315: ✅ 0 взято | 🗑️ 0 мусор
2026-06-29 03:00:55,923 | INFO     |   → 976/1315: ✅ 0 взято | 🗑️ 12 мусор
2026-06-29 03:00:55,923 | INFO     |   → 977/1315: ✅ 0 взято | 🗑️ 43 мусор
2026-06-29 03:00:55,923 | INFO     |   → 978/1315 ❌ HTTP 404 — https://raw.githubusercontent.com/jw853355718/clash_233/master/config.yml
2026-06-29 03:00:55,923 | INFO     |   → 979/1315: ✅ 0 взято | 🗑️ 210 мусор
2026-06-29 03:00:55,923 | INFO     |   → 980/1315: ✅ 0 взято | 🗑️ 0 мусор
2026-06-29 03:00:55,923 | INFO     |   → 981/1315: ✅ 0 взято | 🗑️ 0 мусор
2026-06-29 03:00:55,923 | INFO     |   → 982/1315 ❌ HTTP 404 — https://raw.githubusercontent.com/lcx12901/v2ray-/master/sspool.herokuapp.com/yzcloud.yaml
2026-06-29 03:00:55,923 | INFO     |   → 983/1315 ❌ HTTP 404 — https://raw.githubusercontent.com/lcx12901/v2ray-/master/sspool.herokuapp.com/yzcloud2.yaml
2026-06-29 03:00:55,923 | INFO     |   → 984/1315: ✅ 0 взято | 🗑️ 0 мусор
2026-06-29 03:00:55,923 | INFO     |   → 985/1315 ❌ HTTP 404 — https://raw.githubusercontent.com/learnhard-cn/free_proxy_ss/main/clash/config.yaml
2026-06-29 03:00:55,923 | INFO     |   → 986/1315: ✅ 0 взято | 🗑️ 8 мусор
2026-06-29 03:00:55,923 | INFO     |   → 987/1315: ✅ 0 взято | 🗑️ 4 мусор
2026-06-29 03:00:55,923 | INFO     |   → 988/1315: ✅ 0 взято | 🗑️ 0 мусор
2026-06-29 03:00:55,923 | INFO     |   → 989/1315: ✅ 0 взято | 🗑️ 4 мусор
2026-06-29 03:00:55,923 | INFO     |   → 990/1315: ✅ 0 взято | 🗑️ 149 мусор
2026-06-29 03:00:55,924 | INFO     |   → 991/1315: ✅ 0 взято | 🗑️ 421 мусор
2026-06-29 03:00:55,924 | INFO     |   → 992/1315 ❌ HTTP 404 — https://raw.githubusercontent.com/lisylva-lee/v2dyku/main/ssr
2026-06-29 03:00:55,924 | INFO     |   → 993/1315 ❌ HTTP 404 — https://raw.githubusercontent.com/lisylva-lee/v2dyku/main/v2dy
2026-06-29 03:00:55,924 | INFO     |   → 994/1315: ✅ 0 взято | 🗑️ 53 мусор
2026-06-29 03:00:55,924 | INFO     |   → 995/1315 ❌ HTTP 404 — https://raw.githubusercontent.com/luxl-1379/merge/77247d23def72b25226dfa741614e9b07a569c72/sub/sub_merge_base64.txt
2026-06-29 03:00:55,924 | INFO     |   → 996/1315: ✅ 146 взято | 🗑️ 343 мусор
2026-06-29 03:00:55,924 | INFO     |   → 997/1315: ✅ 0 взято | 🗑️ 125 мусор
2026-06-29 03:00:55,924 | INFO     |   → 998/1315: ✅ 751 взято | 🗑️ 4175 мусор
2026-06-29 03:00:55,924 | INFO     |   → 999/1315: ✅ 0 взято | 🗑️ 0 мусор
2026-06-29 03:00:55,924 | INFO     |   → 1000/1315: ✅ 0 взято | 🗑️ 4175 мусор
2026-06-29 03:00:55,924 | INFO     |   → 1001/1315: ✅ 59 взято | 🗑️ 331 мусор
2026-06-29 03:00:55,924 | INFO     |   → 1002/1315 ❌ HTTP 404 — https://raw.githubusercontent.com/mermeroo/Clash-V2ray/main/v2ray
2026-06-29 03:00:55,924 | INFO     |   → 1003/1315: ✅ 15 взято | 🗑️ 417 мусор
2026-06-29 03:00:55,924 | INFO     |   → 1004/1315: ✅ 6 взято | 🗑️ 102 мусор
2026-06-29 03:00:55,924 | INFO     |   → 1005/1315: ✅ 716 взято | 🗑️ 6258 мусор
2026-06-29 03:00:55,924 | INFO     |   → 1006/1315: ✅ 8 взято | 🗑️ 853 мусор
2026-06-29 03:00:55,924 | INFO     |   → 1007/1315: ✅ 32 взято | 🗑️ 69 мусор
2026-06-29 03:00:55,924 | INFO     |   → 1008/1315 ❌ HTTP 404 — https://raw.githubusercontent.com/mermeroo/free-v2ray-collector/main/main/mix
2026-06-29 03:00:55,924 | INFO     |   → 1009/1315 ❌ HTTP 404 — https://raw.githubusercontent.com/mermeroo/free-v2ray-collector/main/main/reality
2026-06-29 03:00:55,924 | INFO     |   → 1010/1315 ❌ HTTP 404 — https://raw.githubusercontent.com/mermeroo/free-v2ray-collector/main/main/shadowsocks
2026-06-29 03:00:55,924 | INFO     |   → 1011/1315 ❌ HTTP 404 — https://raw.githubusercontent.com/mermeroo/free-v2ray-collector/main/main/trojan
2026-06-29 03:00:55,925 | INFO     |   → 1012/1315 ❌ HTTP 404 — https://raw.githubusercontent.com/mermeroo/free-v2ray-collector/main/main/vless
2026-06-29 03:00:55,925 | INFO     |   → 1013/1315 ❌ HTTP 404 — https://raw.githubusercontent.com/mermeroo/free-v2ray-collector/main/main/vmess
2026-06-29 03:00:55,925 | INFO     |   → 1014/1315 ❌ HTTP 404 — https://raw.githubusercontent.com/mfuu/v2ray/master/merge/merge.txt
2026-06-29 03:00:55,925 | INFO     |   → 1015/1315: ✅ 0 взято | 🗑️ 87 мусор
2026-06-29 03:00:55,925 | INFO     |   → 1016/1315: ✅ 0 взято | 🗑️ 87 мусор
2026-06-29 03:00:55,925 | INFO     |   → 1017/1315: ✅ 638 взято | 🗑️ 15495 мусор
2026-06-29 03:00:55,925 | INFO     |   → 1018/1315: ✅ 0 взято | 🗑️ 15495 мусор
2026-06-29 03:00:55,925 | INFO     |   → 1019/1315: ✅ 0 взято | 🗑️ 2850 мусор
2026-06-29 03:00:55,925 | INFO     |   → 1020/1315: ✅ 0 взято | 🗑️ 2100 мусор
2026-06-29 03:00:55,925 | INFO     |   → 1021/1315: ✅ 0 взято | 🗑️ 6092 мусор
2026-06-29 03:00:55,925 | INFO     |   → 1022/1315: ✅ 0 взято | 🗑️ 4453 мусор
2026-06-29 03:00:55,925 | INFO     |   → 1023/1315 ❌ HTTP 404 — https://raw.githubusercontent.com/mianous/qiren/main/qiren.txt
2026-06-29 03:00:55,925 | INFO     |   → 1024/1315 ❌ HTTP 404 — https://raw.githubusercontent.com/miladtahanian/V2RayCFGDumper/refs/heads/main/config.txt
2026-06-29 03:00:55,925 | INFO     |   → 1025/1315 ❌ HTTP 404 — https://raw.githubusercontent.com/miladtahanian/multi-proxy-config-fetcher/refs/heads/main/configs/proxy_configs.txt
2026-06-29 03:00:55,925 | INFO     |   → 1026/1315: ✅ 0 взято | 🗑️ 0 мусор
2026-06-29 03:00:55,925 | INFO     |   → 1027/1315: ✅ 0 взято | 🗑️ 0 мусор
2026-06-29 03:00:55,925 | INFO     |   → 1028/1315: ✅ 0 взято | 🗑️ 0 мусор
2026-06-29 03:00:55,925 | INFO     |   → 1029/1315: ✅ 15 взято | 🗑️ 46 мусор
2026-06-29 03:00:55,925 | INFO     |   → 1030/1315: ✅ 0 взято | 🗑️ 165 мусор
2026-06-29 03:00:55,925 | INFO     |   → 1031/1315: ✅ 0 взято | 🗑️ 0 мусор
2026-06-29 03:00:55,925 | INFO     |   → 1032/1315: ✅ 28 взято | 🗑️ 93 мусор
2026-06-29 03:00:55,925 | INFO     |   → 1033/1315: ✅ 0 взято | 🗑️ 0 мусор
2026-06-29 03:00:55,925 | INFO     |   → 1034/1315: ✅ 15 взято | 🗑️ 70 мусор
2026-06-29 03:00:55,925 | INFO     |   → 1035/1315: ✅ 127 взято | 🗑️ 492 мусор
2026-06-29 03:00:55,925 | INFO     |   → 1036/1315: ✅ 331 взято | 🗑️ 190 мусор
2026-06-29 03:00:55,925 | INFO     |   → 1037/1315: ✅ 27 взято | 🗑️ 1182 мусор
2026-06-29 03:00:55,925 | INFO     |   → 1038/1315 ❌ HTTP 404 — https://raw.githubusercontent.com/obscure1990/freeVM/master/snippets/nodes.yml
2026-06-29 03:00:55,926 | INFO     |   → 1039/1315 ❌ HTTP 404 — https://raw.githubusercontent.com/op30mmd/things/909b38024ba14d69dc0f95c238f63bc6e930a00f/eut.txt
2026-06-29 03:00:55,926 | INFO     |   → 1040/1315 ❌ HTTP 404 — https://raw.githubusercontent.com/openRunner/clash-freenode/main/v2ray.txt
2026-06-29 03:00:55,926 | INFO     |   → 1041/1315 ❌ HTTP 404 — https://raw.githubusercontent.com/oslook/clash-freenode/main/clash.yaml
2026-06-29 03:00:55,926 | INFO     |   → 1042/1315: ✅ 0 взято | 🗑️ 0 мусор
2026-06-29 03:00:55,926 | INFO     |   → 1043/1315: ✅ 4 взято | 🗑️ 1 мусор
2026-06-29 03:00:55,926 | INFO     |   → 1044/1315: ✅ 0 взято | 🗑️ 0 мусор
2026-06-29 03:00:55,926 | INFO     |   → 1045/1315: ✅ 2 взято | 🗑️ 79 мусор
2026-06-29 03:00:55,926 | INFO     |   → 1046/1315: ✅ 0 взято | 🗑️ 0 мусор
2026-06-29 03:00:55,926 | INFO     |   → 1047/1315: ✅ 0 взято | 🗑️ 0 мусор
2026-06-29 03:00:55,926 | INFO     |   → 1048/1315: ✅ 0 взято | 🗑️ 19 мусор
2026-06-29 03:00:55,926 | INFO     |   → 1049/1315: ✅ 0 взято | 🗑️ 44 мусор
2026-06-29 03:00:55,926 | INFO     |   → 1050/1315: ✅ 63 взято | 🗑️ 521 мусор
2026-06-29 03:00:55,926 | INFO     |   → 1051/1315: ✅ 165 взято | 🗑️ 273 мусор
2026-06-29 03:00:55,926 | INFO     |   → 1052/1315: ✅ 0 взято | 🗑️ 0 мусор
2026-06-29 03:00:55,926 | INFO     |   → 1053/1315: ✅ 28 взято | 🗑️ 211 мусор
2026-06-29 03:00:55,926 | INFO     |   → 1054/1315: ✅ 0 взято | 🗑️ 79 мусор
2026-06-29 03:00:55,926 | INFO     |   → 1055/1315: ✅ 13 взято | 🗑️ 32 мусор
2026-06-29 03:00:55,926 | INFO     |   → 1056/1315: ✅ 0 взято | 🗑️ 0 мусор
2026-06-29 03:00:55,926 | INFO     |   → 1057/1315: ✅ 2 взято | 🗑️ 9 мусор
2026-06-29 03:00:55,926 | INFO     |   → 1058/1315: ✅ 11 взято | 🗑️ 76 мусор
2026-06-29 03:00:55,926 | INFO     |   → 1059/1315: ✅ 0 взято | 🗑️ 168 мусор
2026-06-29 03:00:55,926 | INFO     |   → 1060/1315: ✅ 0 взято | 🗑️ 79 мусор
2026-06-29 03:00:55,926 | INFO     |   → 1061/1315: ✅ 0 взято | 🗑️ 14 мусор
2026-06-29 03:00:55,926 | INFO     |   → 1062/1315 ❌ HTTP 404 — https://raw.githubusercontent.com/ronghuaxueleng/get_v2/main/pub/changfengoss.yaml
2026-06-29 03:00:55,926 | INFO     |   → 1063/1315: ✅ 0 взято | 🗑️ 0 мусор
2026-06-29 03:00:55,926 | INFO     |   → 1064/1315: ✅ 94 взято | 🗑️ 52 мусор
2026-06-29 03:00:55,926 | INFO     |   → 1065/1315: ✅ 0 взято | 🗑️ 52 мусор
2026-06-29 03:00:55,926 | INFO     |   → 1066/1315 ❌ HTTP 404 — https://raw.githubusercontent.com/rxsweet/CM_Vmess/refs/heads/main/test.txt
2026-06-29 03:00:55,926 | INFO     |   → 1067/1315 ❌ HTTP 404 — https://raw.githubusercontent.com/rxsweet/proxies/main/sub/free.yaml
2026-06-29 03:00:55,926 | INFO     |   → 1068/1315 ❌ HTTP 404 — https://raw.githubusercontent.com/rxsweet/proxies/main/sub/rx.yaml
2026-06-29 03:00:55,926 | INFO     |   → 1069/1315 ❌ HTTP 404 — https://raw.githubusercontent.com/rxsweet/proxies/main/sub/sources/dynamicAll.yaml
2026-06-29 03:00:55,926 | INFO     |   → 1070/1315 ❌ HTTP 404 — https://raw.githubusercontent.com/rxsweet/proxies/main/sub/sources/miningAll.yaml
2026-06-29 03:00:55,926 | INFO     |   → 1071/1315 ❌ HTTP 404 — https://raw.githubusercontent.com/rxsweet/proxies/main/sub/srx.yaml
2026-06-29 03:00:55,926 | INFO     |   → 1072/1315 ❌ HTTP 404 — https://raw.githubusercontent.com/sajad-sajadi/V2ray-Collector/raw/main/output/protocols/vmess.txt
2026-06-29 03:00:55,926 | INFO     |   → 1073/1315 ❌ HTTP 404 — https://raw.githubusercontent.com/sakha1370/OpenRay/raw/refs/heads/main/output/all_valid_proxies.txt
2026-06-29 03:00:55,926 | INFO     |   → 1074/1315: ✅ 53 взято | 🗑️ 399 мусор
2026-06-29 03:00:55,926 | INFO     |   → 1075/1315: ✅ 0 взято | 🗑️ 399 мусор
2026-06-29 03:00:55,926 | INFO     |   → 1076/1315 ❌ HTTP 404 — https://raw.githubusercontent.com/samjoeyang/subscribe/main/fly
2026-06-29 03:00:55,927 | INFO     |   → 1077/1315: ✅ 0 взято | 🗑️ 0 мусор
2026-06-29 03:00:55,927 | INFO     |   → 1078/1315 ❌ HTTP 404 — https://raw.githubusercontent.com/sarina-ad/v2ray/main/v2ray
2026-06-29 03:00:55,927 | INFO     |   → 1079/1315 ❌ HTTP 404 — https://raw.githubusercontent.com/satrom/V2SSR/master/SSR/Sub.txt
2026-06-29 03:00:55,927 | INFO     |   → 1080/1315 ❌ HTTP 404 — https://raw.githubusercontent.com/satrom/V2SSR/master/V2RAY/Sub.txt
2026-06-29 03:00:55,927 | INFO     |   → 1081/1315: ✅ 12930 взято | 🗑️ 230406 мусор
2026-06-29 03:00:55,927 | INFO     |   → 1082/1315: ✅ 0 взято | 🗑️ 0 мусор
2026-06-29 03:00:55,927 | INFO     |   → 1083/1315: ✅ 0 взято | 🗑️ 0 мусор
2026-06-29 03:00:55,927 | INFO     |   → 1084/1315: ✅ 3 взято | 🗑️ 49 мусор
2026-06-29 03:00:55,927 | INFO     |   → 1085/1315: ✅ 383 взято | 🗑️ 2407 мусор
2026-06-29 03:00:55,927 | INFO     |   → 1086/1315: ✅ 0 взято | 🗑️ 1180 мусор
2026-06-29 03:00:55,927 | INFO     |   → 1087/1315: ✅ 0 взято | 🗑️ 130 мусор
2026-06-29 03:00:55,927 | INFO     |   → 1088/1315: ✅ 0 взято | 🗑️ 1070 мусор
2026-06-29 03:00:55,927 | INFO     |   → 1089/1315: ✅ 0 взято | 🗑️ 27 мусор
2026-06-29 03:00:55,927 | INFO     |   → 1090/1315: ✅ 0 взято | 🗑️ 2407 мусор
2026-06-29 03:00:55,927 | INFO     |   → 1091/1315: ✅ 0 взято | 🗑️ 0 мусор
2026-06-29 03:00:55,927 | INFO     |   → 1092/1315 ❌ HTTP 404 — https://raw.githubusercontent.com/shirkerboy/scp/main/sub
2026-06-29 03:00:55,927 | INFO     |   → 1093/1315 ❌ HTTP 404 — https://raw.githubusercontent.com/snakem982/proxypool/main/nodelist.txt
2026-06-29 03:00:55,927 | INFO     |   → 1094/1315: ✅ 1 взято | 🗑️ 0 мусор
2026-06-29 03:00:55,927 | INFO     |   → 1095/1315 ❌ HTTP 404 — https://raw.githubusercontent.com/snakem982/proxypool/main/source/v2ray.txt
2026-06-29 03:00:55,927 | INFO     |   → 1096/1315 ❌ HTTP 404 — https://raw.githubusercontent.com/soroushmirzaei/telegram-configs-collector/main/channels/protocols/hysteria
2026-06-29 03:00:55,927 | INFO     |   → 1097/1315 ❌ HTTP 404 — https://raw.githubusercontent.com/soroushmirzaei/telegram-configs-collector/main/channels/protocols/juicity
2026-06-29 03:00:55,927 | INFO     |   → 1098/1315 ❌ HTTP 404 — https://raw.githubusercontent.com/soroushmirzaei/telegram-configs-collector/main/channels/protocols/reality
2026-06-29 03:00:55,927 | INFO     |   → 1099/1315 ❌ HTTP 404 — https://raw.githubusercontent.com/soroushmirzaei/telegram-configs-collector/main/channels/protocols/shadowsocks
2026-06-29 03:00:55,927 | INFO     |   → 1100/1315 ❌ HTTP 404 — https://raw.githubusercontent.com/soroushmirzaei/telegram-configs-collector/main/channels/protocols/trojan
2026-06-29 03:00:55,927 | INFO     |   → 1101/1315 ❌ HTTP 404 — https://raw.githubusercontent.com/soroushmirzaei/telegram-configs-collector/main/channels/protocols/tuic
2026-06-29 03:00:55,927 | INFO     |   → 1102/1315 ❌ HTTP 404 — https://raw.githubusercontent.com/soroushmirzaei/telegram-configs-collector/main/channels/protocols/vless
2026-06-29 03:00:55,928 | INFO     |   → 1103/1315 ❌ HTTP 404 — https://raw.githubusercontent.com/soroushmirzaei/telegram-configs-collector/main/channels/protocols/vmess
2026-06-29 03:00:55,928 | INFO     |   → 1104/1315 ❌ HTTP 404 — https://raw.githubusercontent.com/soroushmirzaei/telegram-configs-collector/main/countries/jp/mixed
2026-06-29 03:00:55,928 | INFO     |   → 1105/1315 ❌ HTTP 404 — https://raw.githubusercontent.com/soroushmirzaei/telegram-configs-collector/main/protocols/hysteria
2026-06-29 03:00:55,928 | INFO     |   → 1106/1315 ❌ HTTP 404 — https://raw.githubusercontent.com/soroushmirzaei/telegram-configs-collector/main/protocols/juicity
2026-06-29 03:00:55,928 | INFO     |   → 1107/1315 ❌ HTTP 404 — https://raw.githubusercontent.com/soroushmirzaei/telegram-configs-collector/main/protocols/reality
2026-06-29 03:00:55,928 | INFO     |   → 1108/1315 ❌ HTTP 404 — https://raw.githubusercontent.com/soroushmirzaei/telegram-configs-collector/main/protocols/shadowsocks
2026-06-29 03:00:55,928 | INFO     |   → 1109/1315 ❌ HTTP 404 — https://raw.githubusercontent.com/soroushmirzaei/telegram-configs-collector/main/protocols/trojan
2026-06-29 03:00:55,928 | INFO     |   → 1110/1315 ❌ HTTP 404 — https://raw.githubusercontent.com/soroushmirzaei/telegram-configs-collector/main/protocols/tuic
2026-06-29 03:00:55,928 | INFO     |   → 1111/1315 ❌ HTTP 404 — https://raw.githubusercontent.com/soroushmirzaei/telegram-configs-collector/main/protocols/vless
2026-06-29 03:00:55,928 | INFO     |   → 1112/1315 ❌ HTTP 404 — https://raw.githubusercontent.com/soroushmirzaei/telegram-configs-collector/main/protocols/vmess
2026-06-29 03:00:55,928 | INFO     |   → 1113/1315 ❌ HTTP 404 — https://raw.githubusercontent.com/soroushmirzaei/telegram-configs-collector/main/splitted/subscribe
2026-06-29 03:00:55,928 | INFO     |   → 1114/1315 ❌ HTTP 404 — https://raw.githubusercontent.com/ssrsub/ssr/master/Clash.yml
2026-06-29 03:00:55,928 | INFO     |   → 1115/1315 ❌ HTTP 404 — https://raw.githubusercontent.com/ssrsub/ssr/master/V2Ray
2026-06-29 03:00:55,928 | INFO     |   → 1116/1315 ❌ HTTP 404 — https://raw.githubusercontent.com/ssrsub/ssr/master/ss-sub
2026-06-29 03:00:55,928 | INFO     |   → 1117/1315 ❌ HTTP 404 — https://raw.githubusercontent.com/ssrsub/ssr/master/ssrsub
2026-06-29 03:00:55,928 | INFO     |   → 1118/1315 ❌ HTTP 404 — https://raw.githubusercontent.com/ssrsub/ssr/master/trojan
2026-06-29 03:00:55,928 | INFO     |   → 1119/1315: ✅ 0 взято | 🗑️ 0 мусор
2026-06-29 03:00:55,928 | INFO     |   → 1120/1315: ✅ 2 взято | 🗑️ 12 мусор
2026-06-29 03:00:55,928 | INFO     |   → 1121/1315: ✅ 0 взято | 🗑️ 13 мусор
2026-06-29 03:00:55,928 | INFO     |   → 1122/1315: ✅ 0 взято | 🗑️ 13 мусор
2026-06-29 03:00:55,928 | INFO     |   → 1123/1315 ❌ HTTP 404 — https://raw.githubusercontent.com/tbbatbb/Proxy/master/dist/clash.config.yaml
2026-06-29 03:00:55,928 | INFO     |   → 1124/1315: ✅ 2 взято | 🗑️ 35 мусор
2026-06-29 03:00:55,928 | INFO     |   → 1125/1315: ✅ 0 взято | 🗑️ 0 мусор
2026-06-29 03:00:55,928 | INFO     |   → 1126/1315: ✅ 5 взято | 🗑️ 111 мусор
2026-06-29 03:00:55,928 | INFO     |   → 1127/1315: ✅ 0 взято | 🗑️ 0 мусор
2026-06-29 03:00:55,928 | INFO     |   → 1128/1315: ✅ 0 взято | 🗑️ 158 мусор
2026-06-29 03:00:55,928 | INFO     |   → 1129/1315 ❌ HTTP 404 — https://raw.githubusercontent.com/v2clash/Autoproxy/a81f840ab2364124133572ec94e4b81fb0d4e58d/sub/2401/240104.txt
2026-06-29 03:00:55,929 | INFO     |   → 1130/1315 ❌ HTTP 404 — https://raw.githubusercontent.com/v2clash/V2ray-Configs/31f493c584d0c7b56350f4a34d80c53ad82bcc18/Sub9.txt
2026-06-29 03:00:55,929 | INFO     |   → 1131/1315: ✅ 0 взято | 🗑️ 0 мусор
2026-06-29 03:00:55,929 | INFO     |   → 1132/1315: ✅ 0 взято | 🗑️ 0 мусор
2026-06-29 03:00:55,929 | INFO     |   → 1133/1315: ✅ 0 взято | 🗑️ 0 мусор
2026-06-29 03:00:55,929 | INFO     |   → 1134/1315: ✅ 283 взято | 🗑️ 9640 мусор
2026-06-29 03:00:55,929 | INFO     |   → 1135/1315: ✅ 281 взято | 🗑️ 10086 мусор
2026-06-29 03:00:55,929 | INFO     |   → 1136/1315: ✅ 280 взято | 🗑️ 9675 мусор
2026-06-29 03:00:55,929 | INFO     |   → 1137/1315: ✅ 334 взято | 🗑️ 9823 мусор
2026-06-29 03:00:55,929 | INFO     |   → 1138/1315: ✅ 350 взято | 🗑️ 9639 мусор
2026-06-29 03:00:55,929 | INFO     |   → 1139/1315: ✅ 125 взято | 🗑️ 7919 мусор
2026-06-29 03:00:55,929 | INFO     |   → 1140/1315: ✅ 135 взято | 🗑️ 4836 мусор
2026-06-29 03:00:55,929 | INFO     |   → 1141/1315: ✅ 502 взято | 🗑️ 7659 мусор
2026-06-29 03:00:55,929 | INFO     |   → 1142/1315: ✅ 631 взято | 🗑️ 8081 мусор
2026-06-29 03:00:55,929 | INFO     |   → 1143/1315: ✅ 202 взято | 🗑️ 5131 мусор
2026-06-29 03:00:55,929 | INFO     |   → 1144/1315 ❌ HTTP 404 — https://raw.githubusercontent.com/vveg26/chromego_merge/main/sub/merged_proxies.yaml
2026-06-29 03:00:55,929 | INFO     |   → 1145/1315 ❌ HTTP 404 — https://raw.githubusercontent.com/vveg26/get_proxy/main/dist/clash.config.yaml
2026-06-29 03:00:55,929 | INFO     |   → 1146/1315: ✅ 0 взято | 🗑️ 10 мусор
2026-06-29 03:00:55,929 | INFO     |   → 1147/1315: ✅ 0 взято | 🗑️ 10 мусор
2026-06-29 03:00:55,929 | INFO     |   → 1148/1315: ✅ 0 взято | 🗑️ 4 мусор
2026-06-29 03:00:55,929 | INFO     |   → 1149/1315: ✅ 0 взято | 🗑️ 0 мусор
2026-06-29 03:00:55,929 | INFO     |   → 1150/1315: ✅ 0 взято | 🗑️ 4 мусор
2026-06-29 03:00:55,929 | INFO     |   → 1151/1315: ✅ 106 взято | 🗑️ 689 мусор
2026-06-29 03:00:55,929 | INFO     |   → 1152/1315: ✅ 48 взято | 🗑️ 841 мусор
2026-06-29 03:00:55,929 | INFO     |   → 1153/1315: ✅ 21 взято | 🗑️ 789 мусор
2026-06-29 03:00:55,929 | INFO     |   → 1154/1315: ✅ 24 взято | 🗑️ 774 мусор
2026-06-29 03:00:55,929 | INFO     |   → 1155/1315: ✅ 52 взято | 🗑️ 756 мусор
2026-06-29 03:00:55,930 | INFO     |   → 1156/1315: ✅ 191 взято | 🗑️ 745 мусор
2026-06-29 03:00:55,930 | INFO     |   → 1157/1315: ✅ 9 взято | 🗑️ 651 мусор
2026-06-29 03:00:55,930 | INFO     |   → 1158/1315: ✅ 185 взято | 🗑️ 388 мусор
2026-06-29 03:00:55,930 | INFO     |   → 1159/1315: ✅ 130 взято | 🗑️ 523 мусор
2026-06-29 03:00:55,930 | INFO     |   → 1160/1315: ✅ 67 взято | 🗑️ 533 мусор
2026-06-29 03:00:55,930 | INFO     |   → 1161/1315: ✅ 98 взято | 🗑️ 444 мусор
2026-06-29 03:00:55,930 | INFO     |   → 1162/1315: ✅ 102 взято | 🗑️ 670 мусор
2026-06-29 03:00:55,930 | INFO     |   → 1163/1315: ✅ 86 взято | 🗑️ 476 мусор
2026-06-29 03:00:55,930 | INFO     |   → 1164/1315: ✅ 95 взято | 🗑️ 657 мусор
2026-06-29 03:00:55,930 | INFO     |   → 1165/1315: ✅ 105 взято | 🗑️ 645 мусор
2026-06-29 03:00:55,930 | INFO     |   → 1166/1315: ✅ 115 взято | 🗑️ 985 мусор
2026-06-29 03:00:55,930 | INFO     |   → 1167/1315: ✅ 6 взято | 🗑️ 63 мусор
2026-06-29 03:00:55,930 | INFO     |   → 1168/1315: ✅ 7 взято | 🗑️ 62 мусор
2026-06-29 03:00:55,930 | INFO     |   → 1169/1315: ✅ 38 взято | 🗑️ 489 мусор
2026-06-29 03:00:55,930 | INFO     |   → 1170/1315: ✅ 0 взято | 🗑️ 0 мусор
2026-06-29 03:00:55,930 | INFO     |   → 1171/1315: ✅ 0 взято | 🗑️ 0 мусор
2026-06-29 03:00:55,930 | INFO     |   → 1172/1315: ✅ 0 взято | 🗑️ 0 мусор
2026-06-29 03:00:55,930 | INFO     |   → 1173/1315: ✅ 0 взято | 🗑️ 0 мусор
2026-06-29 03:00:55,930 | INFO     |   → 1174/1315: ✅ 0 взято | 🗑️ 0 мусор
2026-06-29 03:00:55,930 | INFO     |   → 1175/1315: ✅ 0 взято | 🗑️ 52 мусор
2026-06-29 03:00:55,930 | INFO     |   → 1176/1315: ✅ 5 взято | 🗑️ 10 мусор
2026-06-29 03:00:55,930 | INFO     |   → 1177/1315: ✅ 1 взято | 🗑️ 124 мусор
2026-06-29 03:00:55,930 | INFO     |   → 1178/1315: ✅ 181 взято | 🗑️ 126 мусор
2026-06-29 03:00:55,930 | INFO     |   → 1179/1315: ✅ 0 взято | 🗑️ 9 мусор
2026-06-29 03:00:55,930 | INFO     |   → 1180/1315: ✅ 50 взято | 🗑️ 1178 мусор
2026-06-29 03:00:55,930 | INFO     |   → 1181/1315 ❌ HTTP 404 — https://raw.githubusercontent.com/xiaozhu2007/xiaozhu2007/61a755a044dbaeea678bc2d1e20f21a21c6d7170/docs/fxxk.txt
2026-06-29 03:00:55,930 | INFO     |   → 1182/1315: ✅ 1 взято | 🗑️ 159 мусор
2026-06-29 03:00:55,931 | INFO     |   → 1183/1315: ✅ 0 взято | 🗑️ 22 мусор
2026-06-29 03:00:55,931 | INFO     |   → 1184/1315: ✅ 0 взято | 🗑️ 0 мусор
2026-06-29 03:00:55,931 | INFO     |   → 1185/1315 ❌ HTTP 404 — https://raw.githubusercontent.com/yebekhe/TVC/0f745f92bf381e505f1245abbc7c145b19b11503/config.txt
2026-06-29 03:00:55,931 | INFO     |   → 1186/1315 ❌ HTTP 404 — https://raw.githubusercontent.com/yebekhe/TVC/9fac69239c69327fb7a61f5a8d79d107133889e1/lite/config.txt
2026-06-29 03:00:55,931 | INFO     |   → 1187/1315 ❌ HTTP 404 — https://raw.githubusercontent.com/yebekhe/TelegramV2rayCollector/main/sub/normal/donated
2026-06-29 03:00:55,931 | INFO     |   → 1188/1315 ❌ HTTP 404 — https://raw.githubusercontent.com/yebekhe/TelegramV2rayCollector/main/sub/normal/hysteria2
2026-06-29 03:00:55,931 | INFO     |   → 1189/1315 ❌ HTTP 404 — https://raw.githubusercontent.com/yebekhe/TelegramV2rayCollector/main/sub/normal/mix
2026-06-29 03:00:55,931 | INFO     |   → 1190/1315 ❌ HTTP 404 — https://raw.githubusercontent.com/yebekhe/TelegramV2rayCollector/main/sub/normal/reality
2026-06-29 03:00:55,931 | INFO     |   → 1191/1315 ❌ HTTP 404 — https://raw.githubusercontent.com/yebekhe/TelegramV2rayCollector/main/sub/normal/shadowsocks
2026-06-29 03:00:55,931 | INFO     |   → 1192/1315 ❌ HTTP 404 — https://raw.githubusercontent.com/yebekhe/TelegramV2rayCollector/main/sub/normal/trojan
2026-06-29 03:00:55,931 | INFO     |   → 1193/1315 ❌ HTTP 404 — https://raw.githubusercontent.com/yebekhe/TelegramV2rayCollector/main/sub/normal/tuic
2026-06-29 03:00:55,931 | INFO     |   → 1194/1315 ❌ HTTP 404 — https://raw.githubusercontent.com/yebekhe/TelegramV2rayCollector/main/sub/normal/vless
2026-06-29 03:00:55,931 | INFO     |   → 1195/1315 ❌ HTTP 404 — https://raw.githubusercontent.com/yebekhe/TelegramV2rayCollector/main/sub/normal/vmess
2026-06-29 03:00:55,931 | INFO     |   → 1196/1315 ❌ HTTP 404 — https://raw.githubusercontent.com/yebekhe/V2Hub/main/Split/Normal/shadowsocks
2026-06-29 03:00:55,931 | INFO     |   → 1197/1315 ❌ HTTP 404 — https://raw.githubusercontent.com/yebekhe/V2Hub/main/merged
2026-06-29 03:00:55,931 | INFO     |   → 1198/1315: ✅ 0 взято | 🗑️ 30 мусор
2026-06-29 03:00:55,931 | INFO     |   → 1199/1315: ✅ 1262 взято | 🗑️ 10927 мусор
2026-06-29 03:00:55,931 | INFO     |   → 1200/1315: ✅ 19 взято | 🗑️ 484 мусор
2026-06-29 03:00:55,931 | INFO     |   → 1201/1315: ✅ 12 взято | 🗑️ 411 мусор
2026-06-29 03:00:55,931 | INFO     |   → 1202/1315: ✅ 216 взято | 🗑️ 516 мусор
2026-06-29 03:00:55,931 | INFO     |   → 1203/1315: ✅ 127 взято | 🗑️ 1966 мусор
2026-06-29 03:00:55,931 | INFO     |   → 1204/1315: ✅ 3 взято | 🗑️ 560 мусор
2026-06-29 03:00:55,931 | INFO     |   → 1205/1315 ❌ HTTP 404 — https://raw.githubusercontent.com/yyyr-otz/tele-providers-collector/019cb3e07ee52fddbc7caa54fc670c6b9bae6539/sub/proxies.txt
2026-06-29 03:00:55,931 | INFO     |   → 1206/1315 ❌ HTTP 404 — https://raw.githubusercontent.com/yyyr-otz/tele-providers-collector/b7a74ee98bcf02c5a507d688a1bed3aa9f7f4ed1/script/raw/protocols/mixed.txt
2026-06-29 03:00:55,931 | INFO     |   → 1207/1315: ✅ 0 взято | 🗑️ 0 мусор
2026-06-29 03:00:55,931 | INFO     |   → 1208/1315: ✅ 0 взято | 🗑️ 0 мусор
2026-06-29 03:00:55,932 | INFO     |   → 1209/1315: ✅ 1 взято | 🗑️ 18 мусор
2026-06-29 03:00:55,932 | INFO     |   → 1210/1315: ✅ 1 взято | 🗑️ 31 мусор
2026-06-29 03:00:55,932 | INFO     |   → 1211/1315: ✅ 0 взято | 🗑️ 5 мусор
2026-06-29 03:00:55,932 | INFO     |   → 1212/1315: ✅ 0 взято | 🗑️ 0 мусор
2026-06-29 03:00:55,932 | INFO     |   → 1213/1315 ⚠️ Ошибка: ('Connection aborted.', RemoteDisconnected('Remote end closed connection without response')) — https://sub.pmsub.me/clash.yaml
2026-06-29 03:00:55,932 | INFO     |   → 1214/1315: ✅ 0 взято | 🗑️ 1 мусор
2026-06-29 03:00:55,932 | INFO     |   → 1215/1315: ✅ 8 взято | 🗑️ 21 мусор
2026-06-29 03:00:55,932 | INFO     |   → 1216/1315: ✅ 0 взято | 🗑️ 0 мусор
2026-06-29 03:00:55,932 | INFO     |   → 1217/1315: ✅ 9 взято | 🗑️ 19 мусор
2026-06-29 03:00:55,932 | INFO     |   → 1218/1315: ✅ 0 взято | 🗑️ 0 мусор
2026-06-29 03:00:55,932 | INFO     |   → 1219/1315: ✅ 2 взято | 🗑️ 14 мусор
2026-06-29 03:00:55,932 | INFO     |   → 1220/1315: ✅ 4 взято | 🗑️ 22 мусор
2026-06-29 03:00:55,932 | INFO     |   → 1221/1315: ✅ 0 взято | 🗑️ 0 мусор
2026-06-29 03:00:55,932 | INFO     |   → 1222/1315: ✅ 0 взято | 🗑️ 0 мусор
2026-06-29 03:00:55,932 | INFO     |   → 1223/1315: ✅ 0 взято | 🗑️ 0 мусор
2026-06-29 03:00:55,932 | INFO     |   → 1224/1315: ✅ 2 взято | 🗑️ 16 мусор
2026-06-29 03:00:55,932 | INFO     |   → 1225/1315: ✅ 0 взято | 🗑️ 0 мусор
2026-06-29 03:00:55,932 | INFO     |   → 1226/1315: ✅ 4 взято | 🗑️ 7 мусор
2026-06-29 03:00:55,932 | INFO     |   → 1227/1315: ✅ 0 взято | 🗑️ 0 мусор
2026-06-29 03:00:55,932 | INFO     |   → 1228/1315: ✅ 6 взято | 🗑️ 14 мусор
2026-06-29 03:00:55,932 | INFO     |   → 1229/1315: ✅ 0 взято | 🗑️ 0 мусор
2026-06-29 03:00:55,932 | INFO     |   → 1230/1315: ✅ 2 взято | 🗑️ 13 мусор
2026-06-29 03:00:55,932 | INFO     |   → 1231/1315: ✅ 0 взято | 🗑️ 0 мусор
2026-06-29 03:00:55,932 | INFO     |   → 1232/1315: ✅ 0 взято | 🗑️ 0 мусор
2026-06-29 03:00:55,932 | INFO     |   → 1233/1315: ✅ 2 взято | 🗑️ 7 мусор
2026-06-29 03:00:55,932 | INFO     |   → 1234/1315: ✅ 1 взято | 🗑️ 14 мусор
2026-06-29 03:00:55,933 | INFO     |   → 1235/1315: ✅ 2 взято | 🗑️ 14 мусор
2026-06-29 03:00:55,933 | INFO     |   → 1236/1315: ✅ 0 взято | 🗑️ 0 мусор
2026-06-29 03:00:55,933 | INFO     |   → 1237/1315: ✅ 3 взято | 🗑️ 22 мусор
2026-06-29 03:00:55,933 | INFO     |   → 1238/1315: ✅ 0 взято | 🗑️ 0 мусор
2026-06-29 03:00:55,933 | INFO     |   → 1239/1315: ✅ 2 взято | 🗑️ 15 мусор
2026-06-29 03:00:55,933 | INFO     |   → 1240/1315: ✅ 3 взято | 🗑️ 12 мусор
2026-06-29 03:00:55,933 | INFO     |   → 1241/1315: ✅ 0 взято | 🗑️ 0 мусор
2026-06-29 03:00:55,933 | INFO     |   → 1242/1315: ✅ 0 взято | 🗑️ 0 мусор
2026-06-29 03:00:55,933 | INFO     |   → 1243/1315: ✅ 0 взято | 🗑️ 0 мусор
2026-06-29 03:00:55,933 | INFO     |   → 1244/1315: ✅ 4 взято | 🗑️ 11 мусор
2026-06-29 03:00:55,933 | INFO     |   → 1245/1315: ✅ 10 взято | 🗑️ 15 мусор
2026-06-29 03:00:55,933 | INFO     |   → 1246/1315: ✅ 0 взято | 🗑️ 0 мусор
2026-06-29 03:00:55,933 | INFO     |   → 1247/1315: ✅ 13 взято | 🗑️ 15 мусор
2026-06-29 03:00:55,933 | INFO     |   → 1248/1315: ✅ 0 взято | 🗑️ 0 мусор
2026-06-29 03:00:55,933 | INFO     |   → 1249/1315: ✅ 5 взято | 🗑️ 15 мусор
2026-06-29 03:00:55,933 | INFO     |   → 1250/1315: ✅ 0 взято | 🗑️ 0 мусор
2026-06-29 03:00:55,933 | INFO     |   → 1251/1315: ✅ 8 взято | 🗑️ 16 мусор
2026-06-29 03:00:55,933 | INFO     |   → 1252/1315: ✅ 0 взято | 🗑️ 0 мусор
2026-06-29 03:00:55,933 | INFO     |   → 1253/1315: ✅ 0 взято | 🗑️ 24 мусор
2026-06-29 03:00:55,933 | INFO     |   → 1254/1315: ✅ 0 взято | 🗑️ 0 мусор
2026-06-29 03:00:55,933 | INFO     |   → 1255/1315: ✅ 4 взято | 🗑️ 17 мусор
2026-06-29 03:00:55,933 | INFO     |   → 1256/1315: ✅ 0 взято | 🗑️ 0 мусор
2026-06-29 03:00:55,933 | INFO     |   → 1257/1315: ✅ 12 взято | 🗑️ 18 мусор
2026-06-29 03:00:55,933 | INFO     |   → 1258/1315: ✅ 0 взято | 🗑️ 0 мусор
2026-06-29 03:00:55,933 | INFO     |   → 1259/1315: ✅ 2 взято | 🗑️ 17 мусор
2026-06-29 03:00:55,933 | INFO     |   → 1260/1315: ✅ 0 взято | 🗑️ 0 мусор
2026-06-29 03:00:55,933 | INFO     |   → 1261/1315: ✅ 1 взято | 🗑️ 27 мусор
2026-06-29 03:00:55,934 | INFO     |   → 1262/1315: ✅ 0 взято | 🗑️ 0 мусор
2026-06-29 03:00:55,934 | INFO     |   → 1263/1315: ✅ 4 взято | 🗑️ 15 мусор
2026-06-29 03:00:55,934 | INFO     |   → 1264/1315: ✅ 0 взято | 🗑️ 0 мусор
2026-06-29 03:00:55,934 | INFO     |   → 1265/1315: ✅ 4 взято | 🗑️ 26 мусор
2026-06-29 03:00:55,934 | INFO     |   → 1266/1315: ✅ 0 взято | 🗑️ 0 мусор
2026-06-29 03:00:55,934 | INFO     |   → 1267/1315: ✅ 3 взято | 🗑️ 21 мусор
2026-06-29 03:00:55,934 | INFO     |   → 1268/1315: ✅ 0 взято | 🗑️ 0 мусор
2026-06-29 03:00:55,934 | INFO     |   → 1269/1315: ✅ 8 взято | 🗑️ 12 мусор
2026-06-29 03:00:55,934 | INFO     |   → 1270/1315: ✅ 0 взято | 🗑️ 0 мусор
2026-06-29 03:00:55,934 | INFO     |   → 1271/1315: ✅ 8 взято | 🗑️ 15 мусор
2026-06-29 03:00:55,934 | INFO     |   → 1272/1315: ✅ 0 взято | 🗑️ 0 мусор
2026-06-29 03:00:55,934 | INFO     |   → 1273/1315: ✅ 10 взято | 🗑️ 14 мусор
2026-06-29 03:00:55,934 | INFO     |   → 1274/1315: ✅ 0 взято | 🗑️ 0 мусор
2026-06-29 03:00:55,934 | INFO     |   → 1275/1315: ✅ 5 взято | 🗑️ 18 мусор
2026-06-29 03:00:55,934 | INFO     |   → 1276/1315: ✅ 0 взято | 🗑️ 0 мусор
2026-06-29 03:00:55,934 | INFO     |   → 1277/1315: ✅ 5 взято | 🗑️ 22 мусор
2026-06-29 03:00:55,934 | INFO     |   → 1278/1315: ✅ 0 взято | 🗑️ 0 мусор
2026-06-29 03:00:55,934 | INFO     |   → 1279/1315: ✅ 5 взято | 🗑️ 18 мусор
2026-06-29 03:00:55,934 | INFO     |   → 1280/1315: ✅ 0 взято | 🗑️ 0 мусор
2026-06-29 03:00:55,934 | INFO     |   → 1281/1315: ✅ 1 взято | 🗑️ 23 мусор
2026-06-29 03:00:55,934 | INFO     |   → 1282/1315: ✅ 0 взято | 🗑️ 0 мусор
2026-06-29 03:00:55,934 | INFO     |   → 1283/1315: ✅ 5 взято | 🗑️ 18 мусор
2026-06-29 03:00:55,934 | INFO     |   → 1284/1315: ✅ 0 взято | 🗑️ 0 мусор
2026-06-29 03:00:55,934 | INFO     |   → 1285/1315: ✅ 17 взято | 🗑️ 7 мусор
2026-06-29 03:00:55,934 | INFO     |   → 1286/1315: ✅ 0 взято | 🗑️ 0 мусор
2026-06-29 03:00:55,934 | INFO     |   → 1287/1315: ✅ 3 взято | 🗑️ 17 мусор
2026-06-29 03:00:55,935 | INFO     |   → 1288/1315: ✅ 0 взято | 🗑️ 0 мусор
2026-06-29 03:00:55,935 | INFO     |   → 1289/1315: ✅ 7 взято | 🗑️ 14 мусор
2026-06-29 03:00:55,935 | INFO     |   → 1290/1315: ✅ 0 взято | 🗑️ 0 мусор
2026-06-29 03:00:55,935 | INFO     |   → 1291/1315: ✅ 7 взято | 🗑️ 14 мусор
2026-06-29 03:00:55,935 | INFO     |   → 1292/1315: ✅ 0 взято | 🗑️ 0 мусор
2026-06-29 03:00:55,935 | INFO     |   → 1293/1315: ✅ 8 взято | 🗑️ 11 мусор
2026-06-29 03:00:55,935 | INFO     |   → 1294/1315: ✅ 0 взято | 🗑️ 0 мусор
2026-06-29 03:00:55,935 | INFO     |   → 1295/1315: ✅ 0 взято | 🗑️ 22 мусор
2026-06-29 03:00:55,935 | INFO     |   → 1296/1315: ✅ 0 взято | 🗑️ 0 мусор
2026-06-29 03:00:55,935 | INFO     |   → 1297/1315: ✅ 3 взято | 🗑️ 12 мусор
2026-06-29 03:00:55,935 | INFO     |   → 1298/1315: ✅ 0 взято | 🗑️ 0 мусор
2026-06-29 03:00:55,935 | INFO     |   → 1299/1315: ✅ 0 взято | 🗑️ 7 мусор
2026-06-29 03:00:55,935 | INFO     |   → 1300/1315: ✅ 0 взято | 🗑️ 0 мусор
2026-06-29 03:00:55,935 | INFO     |   → 1301/1315: ✅ 3 взято | 🗑️ 8 мусор
2026-06-29 03:00:55,935 | INFO     |   → 1302/1315: ✅ 0 взято | 🗑️ 0 мусор
2026-06-29 03:00:55,935 | INFO     |   → 1303/1315: ✅ 6 взято | 🗑️ 12 мусор
2026-06-29 03:00:55,935 | INFO     |   → 1304/1315: ✅ 0 взято | 🗑️ 0 мусор
2026-06-29 03:00:55,935 | INFO     |   → 1305/1315: ✅ 2 взято | 🗑️ 12 мусор
2026-06-29 03:00:55,935 | INFO     |   → 1306/1315: ✅ 0 взято | 🗑️ 0 мусор
2026-06-29 03:00:55,935 | INFO     |   → 1307/1315: ✅ 8 взято | 🗑️ 12 мусор
2026-06-29 03:00:55,935 | INFO     |   → 1308/1315: ✅ 0 взято | 🗑️ 0 мусор
2026-06-29 03:00:55,935 | INFO     |   → 1309/1315: ✅ 0 взято | 🗑️ 10 мусор
2026-06-29 03:00:55,935 | INFO     |   → 1310/1315: ✅ 0 взято | 🗑️ 0 мусор
2026-06-29 03:00:55,935 | INFO     |   → 1311/1315: ✅ 7 взято | 🗑️ 14 мусор
2026-06-29 03:00:55,935 | INFO     |   → 1312/1315: ✅ 0 взято | 🗑️ 0 мусор
2026-06-29 03:00:55,935 | INFO     |   → 1313/1315: ✅ 4 взято | 🗑️ 19 мусор
2026-06-29 03:00:55,936 | INFO     |   → 1314/1315: ✅ 0 взято | 🗑️ 0 мусор
2026-06-29 03:00:55,936 | INFO     |   → 1315/1315: ✅ 0 взято | 🗑️ 15 мусор
2026-06-29 03:00:55,936 | INFO     |   → ✅ ГОТОВО!
2026-06-29 03:00:55,936 | INFO     |   →    📥 Всего ключей после фильтра: 54869
2026-06-29 03:00:55,936 | INFO     |   →    🔗 Уникальных IP:PORT:SCHEME: 13856
2026-06-29 03:00:55,936 | INFO     |   →    🗑️ Выброшено мусора: 927674
2026-06-29 03:00:55,936 | INFO     |   → 📊 По протоколам:
2026-06-29 03:00:55,936 | INFO     |   →    vless: 6223
2026-06-29 03:00:55,936 | INFO     |   →    vmess: 3548
2026-06-29 03:00:55,936 | INFO     |   →    trojan: 1870
2026-06-29 03:00:55,936 | INFO     |   →    ss: 2043
2026-06-29 03:00:55,936 | INFO     |   →    hysteria: 13
2026-06-29 03:00:55,936 | INFO     |   →    hysteria2: 37
2026-06-29 03:00:55,936 | INFO     |   →    hy2: 70
2026-06-29 03:00:55,936 | INFO     |   →    tuic: 52
2026-06-29 03:00:55,936 | INFO     | ✅ mirror.py завершён успешно
2026-06-29 03:00:55,936 | INFO     | 
2026-06-29 03:00:55,936 | INFO     | 
2026-06-29 03:00:55,936 | INFO     | ──────────────────────────────────────────────────────────────────────
2026-06-29 03:00:55,936 | INFO     | 📌 ЭТАП: Фильтрация по реальному SNI
2026-06-29 03:00:55,936 | INFO     | ──────────────────────────────────────────────────────────────────────
2026-06-29 03:00:55,936 | INFO     | 🚀 Запуск filter_ru_sni.py (Фильтр по реальному SNI (CDN+RU))...
2026-06-29 03:00:56,283 | INFO     |   → hy2.txt: 70 → 21 (SNI-filtered)
2026-06-29 03:00:56,283 | INFO     |   →   hysteria.txt: 13 → 0 (SNI-filtered)
2026-06-29 03:00:56,283 | INFO     |   →   hysteria2.txt: 37 → 6 (SNI-filtered)
2026-06-29 03:00:56,283 | INFO     |   →   ss.txt: 2043 → 3 (SNI-filtered)
2026-06-29 03:00:56,283 | INFO     |   →   trojan.txt: 1870 → 19 (SNI-filtered)
2026-06-29 03:00:56,283 | INFO     |   →   tuic.txt: 52 → 0 (SNI-filtered)
2026-06-29 03:00:56,283 | INFO     |   →   vless.txt: 6223 → 1056 (SNI-filtered)
2026-06-29 03:00:56,283 | INFO     |   →   vmess.txt: 3548 → 37 (SNI-filtered)
2026-06-29 03:00:56,283 | INFO     |   → ==================================================
2026-06-29 03:00:56,283 | INFO     |   →   Всего входных:  13856
2026-06-29 03:00:56,283 | INFO     |   →   Прошли фильтр:  1142
2026-06-29 03:00:56,283 | INFO     |   →   Отброшено:      12714
2026-06-29 03:00:56,283 | INFO     |   → ==================================================
2026-06-29 03:00:56,283 | INFO     |   → Готово → /home/runner/work/vpn-vless-configs-russia/vpn-vless-configs-russia/githubmirror/ru-sni
2026-06-29 03:00:56,283 | INFO     | ✅ filter_ru_sni.py завершён успешно
2026-06-29 03:00:56,284 | INFO     | 
2026-06-29 03:00:56,284 | INFO     | 
2026-06-29 03:00:56,284 | INFO     | ──────────────────────────────────────────────────────────────────────
2026-06-29 03:00:56,284 | INFO     | 📌 ЭТАП: Экспериментальный RU-SNI фильтр
2026-06-29 03:00:56,284 | INFO     | ──────────────────────────────────────────────────────────────────────
2026-06-29 03:00:56,284 | INFO     | 🚀 Запуск filter_ru_sni_local.py (Экспериментальный фильтр по RU-SNI (локальные домены))...
2026-06-29 03:00:56,511 | INFO     |   → hy2.txt: 70 → 0 (RU-SNI)
2026-06-29 03:00:56,511 | INFO     |   → hysteria.txt: 13 → 0 (RU-SNI)
2026-06-29 03:00:56,511 | INFO     |   → hysteria2.txt: 37 → 0 (RU-SNI)
2026-06-29 03:00:56,511 | INFO     |   → ss.txt: 2043 → 0 (RU-SNI)
2026-06-29 03:00:56,511 | INFO     |   → trojan.txt: 1870 → 0 (RU-SNI)
2026-06-29 03:00:56,512 | INFO     |   → tuic.txt: 52 → 0 (RU-SNI)
2026-06-29 03:00:56,512 | INFO     |   → vless.txt: 6223 → 187 (RU-SNI)
2026-06-29 03:00:56,512 | INFO     |   → vmess.txt: 3548 → 0 (RU-SNI)
2026-06-29 03:00:56,512 | INFO     |   → ==================================================
2026-06-29 03:00:56,512 | INFO     |   → Всего входных:  13856
2026-06-29 03:00:56,512 | INFO     |   → Прошли RU-SNI:  187
2026-06-29 03:00:56,512 | INFO     |   → Отброшено:      13669
2026-06-29 03:00:56,512 | INFO     |   → ==================================================
2026-06-29 03:00:56,512 | INFO     |   → Готово → /home/runner/work/vpn-vless-configs-russia/vpn-vless-configs-russia/githubmirror/ru-sni-local
2026-06-29 03:00:56,512 | INFO     | ✅ filter_ru_sni_local.py завершён успешно
2026-06-29 03:00:56,512 | INFO     | 
2026-06-29 03:00:56,512 | INFO     | 
2026-06-29 03:00:56,512 | INFO     | ──────────────────────────────────────────────────────────────────────
2026-06-29 03:00:56,512 | INFO     | 📌 ЭТАП: Сбор статистики
2026-06-29 03:00:56,512 | INFO     | ──────────────────────────────────────────────────────────────────────
2026-06-29 03:00:56,512 | INFO     | 📊 Сбор статистики...
2026-06-29 03:00:56,512 | INFO     |   📁 githubmirror/clean:
2026-06-29 03:00:56,513 | INFO     |     • hy2         :    70 конфигов
2026-06-29 03:00:56,513 | INFO     |     • hysteria    :    13 конфигов
2026-06-29 03:00:56,513 | INFO     |     • hysteria2   :    37 конфигов
2026-06-29 03:00:56,515 | INFO     |     • ss          :  2043 конфигов
2026-06-29 03:00:56,517 | INFO     |     • trojan      :  1870 конфигов
2026-06-29 03:00:56,517 | INFO     |     • tuic        :    52 конфигов
2026-06-29 03:00:56,523 | INFO     |     • vless       :  6223 конфигов
2026-06-29 03:00:56,526 | INFO     |     • vmess       :  3548 конфигов
2026-06-29 03:00:56,526 | INFO     |   📁 githubmirror/ru-sni:
2026-06-29 03:00:56,526 | INFO     |     • hy2         :    21 конфигов ( 30.0% от clean)
2026-06-29 03:00:56,527 | INFO     |     • hysteria    :     0 конфигов (  0.0% от clean)
2026-06-29 03:00:56,527 | INFO     |     • hysteria2   :     6 конфигов ( 16.2% от clean)
2026-06-29 03:00:56,527 | INFO     |     • ss          :     3 конфигов (  0.1% от clean)
2026-06-29 03:00:56,527 | INFO     |     • trojan      :    19 конфигов (  1.0% от clean)
2026-06-29 03:00:56,527 | INFO     |     • tuic        :     0 конфигов (  0.0% от clean)
2026-06-29 03:00:56,528 | INFO     |     • vless       :  1056 конфигов ( 17.0% от clean)
2026-06-29 03:00:56,529 | INFO     |     • vmess       :    37 конфигов (  1.0% от clean)
2026-06-29 03:00:56,529 | INFO     | 
2026-06-29 03:00:56,529 | INFO     |   ──────────────────────────────────────────────────
2026-06-29 03:00:56,529 | INFO     |   📈 ИТОГО:
2026-06-29 03:00:56,529 | INFO     |     Clean (после geo-фильтра):    13856
2026-06-29 03:00:56,529 | INFO     |     RU-SNI (после SNI-фильтра):    1142
2026-06-29 03:00:56,529 | INFO     |     Прошло фильтр:                  8.2%
2026-06-29 03:00:56,529 | INFO     |   ──────────────────────────────────────────────────
2026-06-29 03:00:56,529 | INFO     | ✅ Статистика сохранена: /home/runner/work/vpn-vless-configs-russia/vpn-vless-configs-russia/stats.json
2026-06-29 03:00:56,529 | INFO     | 
2026-06-29 03:00:56,529 | INFO     | ======================================================================
2026-06-29 03:00:56,529 | INFO     | 📊 ИТОГОВЫЙ ОТЧЁТ
2026-06-29 03:00:56,530 | INFO     | ======================================================================
2026-06-29 03:00:56,530 | INFO     |   ✅ OK         | Загрузка и geo-фильтрация
2026-06-29 03:00:56,530 | INFO     |   ✅ OK         | Фильтрация по реальному SNI
2026-06-29 03:00:56,530 | INFO     |   ✅ OK         | Экспериментальный RU-SNI фильтр
2026-06-29 03:00:56,530 | INFO     |   ✅ OK         | Сбор статистики
2026-06-29 03:00:56,530 | INFO     | ──────────────────────────────────────────────────────────────────────
2026-06-29 03:00:56,530 | INFO     | ✅ ВСЕ ЭТАПЫ УСПЕШНЫ (4/4)
2026-06-29 03:00:56,530 | INFO     | ⏰ Время завершения: 2026-06-29 03:00:56
2026-06-29 03:00:56,530 | INFO     | ======================================================================
