2026-07-25 19:07:44,155 | INFO     | ======================================================================
2026-07-25 19:07:44,155 | INFO     | 🔍 VPN KEY CHECKER - Начало проверки
2026-07-25 19:07:44,155 | INFO     | ⏰ Время старта: 2026-07-25 19:07:44
2026-07-25 19:07:44,155 | INFO     | 📂 Рабочая директория: /home/runner/work/vpn-vless-configs-russia/vpn-vless-configs-russia
2026-07-25 19:07:44,155 | INFO     | ======================================================================
2026-07-25 19:07:44,156 | INFO     | 
2026-07-25 19:07:44,156 | INFO     | 🔍 Проверка наличия скриптов...
2026-07-25 19:07:44,156 | INFO     |   ✅ mirror.py
2026-07-25 19:07:44,156 | INFO     |   ✅ filter_ru_sni.py
2026-07-25 19:07:44,156 | INFO     |   ✅ filter_ru_sni_local.py
2026-07-25 19:07:44,156 | INFO     | 
2026-07-25 19:07:44,156 | INFO     | 
2026-07-25 19:07:44,156 | INFO     | ──────────────────────────────────────────────────────────────────────
2026-07-25 19:07:44,156 | INFO     | 📌 ЭТАП: Загрузка и geo-фильтрация
2026-07-25 19:07:44,156 | INFO     | ──────────────────────────────────────────────────────────────────────
2026-07-25 19:07:44,156 | INFO     | 🚀 Запуск mirror.py (Загрузка и фильтрация по РФ/СНГ/Европа)...
2026-07-25 19:16:09,706 | INFO     |   → 🚀 Старт: всего источников (старые + новые): 1544
2026-07-25 19:16:09,706 | INFO     |   → 1/1544: ✅ 4 взято | 🗑️ 200 мусор
2026-07-25 19:16:09,706 | INFO     |   → 2/1544: ✅ 0 взято | 🗑️ 0 мусор
2026-07-25 19:16:09,706 | INFO     |   → 3/1544 ❌ HTTP 404 — https://bitbucket.org/huwo1/proxy_nodes/raw/f31ca9ec67b84071515729ff45b011b6b09c10f2/clash.yaml
2026-07-25 19:16:09,706 | INFO     |   → 4/1544 ❌ HTTP 404 — https://cdn.jsdelivr.net/gh/cry0ice/genode@main/public/all.txt
2026-07-25 19:16:09,706 | INFO     |   → 5/1544 ❌ HTTP 404 — https://cdn.jsdelivr.net/gh/cry0ice/genode@main/public/ss.txt
2026-07-25 19:16:09,706 | INFO     |   → 6/1544 ❌ HTTP 404 — https://cdn.jsdelivr.net/gh/cry0ice/genode@main/public/ssr.txt
2026-07-25 19:16:09,706 | INFO     |   → 7/1544 ❌ HTTP 404 — https://cdn.jsdelivr.net/gh/cry0ice/genode@main/public/trojan.txt
2026-07-25 19:16:09,706 | INFO     |   → 8/1544 ❌ HTTP 404 — https://cdn.jsdelivr.net/gh/cry0ice/genode@main/public/vless.txt
2026-07-25 19:16:09,706 | INFO     |   → 9/1544 ❌ HTTP 404 — https://cdn.jsdelivr.net/gh/cry0ice/genode@main/public/vmess.txt
2026-07-25 19:16:09,706 | INFO     |   → 10/1544: ✅ 0 взято | 🗑️ 0 мусор
2026-07-25 19:16:09,706 | INFO     |   → 11/1544: ✅ 0 взято | 🗑️ 0 мусор
2026-07-25 19:16:09,706 | INFO     |   → 12/1544: ✅ 0 взято | 🗑️ 0 мусор
2026-07-25 19:16:09,706 | INFO     |   → 13/1544: ✅ 0 взято | 🗑️ 0 мусор
2026-07-25 19:16:09,706 | INFO     |   → 14/1544: ✅ 0 взято | 🗑️ 0 мусор
2026-07-25 19:16:09,706 | INFO     |   → 15/1544: ✅ 0 взято | 🗑️ 0 мусор
2026-07-25 19:16:09,706 | INFO     |   → 16/1544: ✅ 0 взято | 🗑️ 0 мусор
2026-07-25 19:16:09,706 | INFO     |   → 17/1544: ✅ 0 взято | 🗑️ 0 мусор
2026-07-25 19:16:09,707 | INFO     |   → 18/1544: ✅ 0 взято | 🗑️ 0 мусор
2026-07-25 19:16:09,707 | INFO     |   → 19/1544: ✅ 0 взято | 🗑️ 0 мусор
2026-07-25 19:16:09,707 | INFO     |   → 20/1544: ✅ 0 взято | 🗑️ 0 мусор
2026-07-25 19:16:09,707 | INFO     |   → 21/1544: ✅ 0 взято | 🗑️ 0 мусор
2026-07-25 19:16:09,707 | INFO     |   → 22/1544: ✅ 0 взято | 🗑️ 0 мусор
2026-07-25 19:16:09,707 | INFO     |   → 23/1544: ✅ 0 взято | 🗑️ 0 мусор
2026-07-25 19:16:09,707 | INFO     |   → 24/1544: ✅ 0 взято | 🗑️ 0 мусор
2026-07-25 19:16:09,707 | INFO     |   → 25/1544: ✅ 0 взято | 🗑️ 0 мусор
2026-07-25 19:16:09,707 | INFO     |   → 26/1544: ✅ 0 взято | 🗑️ 0 мусор
2026-07-25 19:16:09,707 | INFO     |   → 27/1544: ✅ 0 взято | 🗑️ 0 мусор
2026-07-25 19:16:09,707 | INFO     |   → 28/1544: ✅ 0 взято | 🗑️ 0 мусор
2026-07-25 19:16:09,707 | INFO     |   → 29/1544: ✅ 0 взято | 🗑️ 0 мусор
2026-07-25 19:16:09,707 | INFO     |   → 30/1544: ✅ 0 взято | 🗑️ 0 мусор
2026-07-25 19:16:09,707 | INFO     |   → 31/1544: ✅ 0 взято | 🗑️ 0 мусор
2026-07-25 19:16:09,707 | INFO     |   → 32/1544: ✅ 0 взято | 🗑️ 0 мусор
2026-07-25 19:16:09,707 | INFO     |   → 33/1544: ✅ 0 взято | 🗑️ 0 мусор
2026-07-25 19:16:09,707 | INFO     |   → 34/1544: ✅ 0 взято | 🗑️ 0 мусор
2026-07-25 19:16:09,707 | INFO     |   → 35/1544: ✅ 0 взято | 🗑️ 0 мусор
2026-07-25 19:16:09,707 | INFO     |   → 36/1544: ✅ 0 взято | 🗑️ 0 мусор
2026-07-25 19:16:09,707 | INFO     |   → 37/1544: ✅ 0 взято | 🗑️ 0 мусор
2026-07-25 19:16:09,707 | INFO     |   → 38/1544: ✅ 0 взято | 🗑️ 0 мусор
2026-07-25 19:16:09,707 | INFO     |   → 39/1544: ✅ 0 взято | 🗑️ 0 мусор
2026-07-25 19:16:09,707 | INFO     |   → 40/1544: ✅ 0 взято | 🗑️ 0 мусор
2026-07-25 19:16:09,707 | INFO     |   → 41/1544: ✅ 0 взято | 🗑️ 0 мусор
2026-07-25 19:16:09,707 | INFO     |   → 42/1544: ✅ 0 взято | 🗑️ 0 мусор
2026-07-25 19:16:09,707 | INFO     |   → 43/1544: ✅ 0 взято | 🗑️ 0 мусор
2026-07-25 19:16:09,707 | INFO     |   → 44/1544: ✅ 0 взято | 🗑️ 0 мусор
2026-07-25 19:16:09,707 | INFO     |   → 45/1544: ✅ 0 взято | 🗑️ 0 мусор
2026-07-25 19:16:09,707 | INFO     |   → 46/1544: ✅ 0 взято | 🗑️ 0 мусор
2026-07-25 19:16:09,707 | INFO     |   → 47/1544: ✅ 0 взято | 🗑️ 0 мусор
2026-07-25 19:16:09,708 | INFO     |   → 48/1544: ✅ 0 взято | 🗑️ 0 мусор
2026-07-25 19:16:09,708 | INFO     |   → 49/1544: ✅ 0 взято | 🗑️ 0 мусор
2026-07-25 19:16:09,708 | INFO     |   → 50/1544: ✅ 0 взято | 🗑️ 0 мусор
2026-07-25 19:16:09,708 | INFO     |   → 51/1544: ✅ 0 взято | 🗑️ 0 мусор
2026-07-25 19:16:09,708 | INFO     |   → 52/1544: ✅ 0 взято | 🗑️ 0 мусор
2026-07-25 19:16:09,708 | INFO     |   → 53/1544: ✅ 0 взято | 🗑️ 0 мусор
2026-07-25 19:16:09,708 | INFO     |   → 54/1544: ✅ 0 взято | 🗑️ 0 мусор
2026-07-25 19:16:09,708 | INFO     |   → 55/1544: ✅ 0 взято | 🗑️ 0 мусор
2026-07-25 19:16:09,708 | INFO     |   → 56/1544: ✅ 0 взято | 🗑️ 0 мусор
2026-07-25 19:16:09,708 | INFO     |   → 57/1544: ✅ 0 взято | 🗑️ 0 мусор
2026-07-25 19:16:09,708 | INFO     |   → 58/1544: ✅ 0 взято | 🗑️ 0 мусор
2026-07-25 19:16:09,708 | INFO     |   → 59/1544: ✅ 0 взято | 🗑️ 0 мусор
2026-07-25 19:16:09,708 | INFO     |   → 60/1544: ✅ 0 взято | 🗑️ 0 мусор
2026-07-25 19:16:09,708 | INFO     |   → 61/1544: ✅ 0 взято | 🗑️ 0 мусор
2026-07-25 19:16:09,708 | INFO     |   → 62/1544: ✅ 0 взято | 🗑️ 0 мусор
2026-07-25 19:16:09,708 | INFO     |   → 63/1544: ✅ 0 взято | 🗑️ 0 мусор
2026-07-25 19:16:09,708 | INFO     |   → 64/1544: ✅ 0 взято | 🗑️ 0 мусор
2026-07-25 19:16:09,708 | INFO     |   → 65/1544: ✅ 0 взято | 🗑️ 0 мусор
2026-07-25 19:16:09,708 | INFO     |   → 66/1544: ✅ 0 взято | 🗑️ 0 мусор
2026-07-25 19:16:09,708 | INFO     |   → 67/1544: ✅ 0 взято | 🗑️ 0 мусор
2026-07-25 19:16:09,708 | INFO     |   → 68/1544: ✅ 0 взято | 🗑️ 0 мусор
2026-07-25 19:16:09,708 | INFO     |   → 69/1544: ✅ 0 взято | 🗑️ 0 мусор
2026-07-25 19:16:09,708 | INFO     |   → 70/1544: ✅ 0 взято | 🗑️ 0 мусор
2026-07-25 19:16:09,708 | INFO     |   → 71/1544: ✅ 0 взято | 🗑️ 0 мусор
2026-07-25 19:16:09,708 | INFO     |   → 72/1544: ✅ 0 взято | 🗑️ 0 мусор
2026-07-25 19:16:09,708 | INFO     |   → 73/1544: ✅ 0 взято | 🗑️ 0 мусор
2026-07-25 19:16:09,708 | INFO     |   → 74/1544: ✅ 0 взято | 🗑️ 0 мусор
2026-07-25 19:16:09,708 | INFO     |   → 75/1544: ✅ 0 взято | 🗑️ 0 мусор
2026-07-25 19:16:09,708 | INFO     |   → 76/1544: ✅ 0 взято | 🗑️ 0 мусор
2026-07-25 19:16:09,708 | INFO     |   → 77/1544: ✅ 0 взято | 🗑️ 0 мусор
2026-07-25 19:16:09,708 | INFO     |   → 78/1544: ✅ 0 взято | 🗑️ 0 мусор
2026-07-25 19:16:09,708 | INFO     |   → 79/1544: ✅ 0 взято | 🗑️ 0 мусор
2026-07-25 19:16:09,708 | INFO     |   → 80/1544: ✅ 0 взято | 🗑️ 0 мусор
2026-07-25 19:16:09,708 | INFO     |   → 81/1544: ✅ 0 взято | 🗑️ 0 мусор
2026-07-25 19:16:09,709 | INFO     |   → 82/1544: ✅ 0 взято | 🗑️ 0 мусор
2026-07-25 19:16:09,709 | INFO     |   → 83/1544: ✅ 0 взято | 🗑️ 0 мусор
2026-07-25 19:16:09,709 | INFO     |   → 84/1544: ✅ 0 взято | 🗑️ 0 мусор
2026-07-25 19:16:09,709 | INFO     |   → 85/1544: ✅ 0 взято | 🗑️ 0 мусор
2026-07-25 19:16:09,709 | INFO     |   → 86/1544: ✅ 0 взято | 🗑️ 0 мусор
2026-07-25 19:16:09,709 | INFO     |   → 87/1544: ✅ 0 взято | 🗑️ 0 мусор
2026-07-25 19:16:09,709 | INFO     |   → 88/1544: ✅ 0 взято | 🗑️ 0 мусор
2026-07-25 19:16:09,709 | INFO     |   → 89/1544: ✅ 0 взято | 🗑️ 0 мусор
2026-07-25 19:16:09,709 | INFO     |   → 90/1544: ✅ 0 взято | 🗑️ 0 мусор
2026-07-25 19:16:09,709 | INFO     |   → 91/1544: ✅ 0 взято | 🗑️ 0 мусор
2026-07-25 19:16:09,709 | INFO     |   → 92/1544: ✅ 0 взято | 🗑️ 0 мусор
2026-07-25 19:16:09,709 | INFO     |   → 93/1544: ✅ 0 взято | 🗑️ 0 мусор
2026-07-25 19:16:09,709 | INFO     |   → 94/1544: ✅ 0 взято | 🗑️ 0 мусор
2026-07-25 19:16:09,709 | INFO     |   → 95/1544: ✅ 0 взято | 🗑️ 0 мусор
2026-07-25 19:16:09,709 | INFO     |   → 96/1544: ✅ 0 взято | 🗑️ 0 мусор
2026-07-25 19:16:09,709 | INFO     |   → 97/1544: ✅ 0 взято | 🗑️ 0 мусор
2026-07-25 19:16:09,709 | INFO     |   → 98/1544: ✅ 0 взято | 🗑️ 0 мусор
2026-07-25 19:16:09,709 | INFO     |   → 99/1544: ✅ 0 взято | 🗑️ 0 мусор
2026-07-25 19:16:09,709 | INFO     |   → 100/1544: ✅ 0 взято | 🗑️ 0 мусор
2026-07-25 19:16:09,709 | INFO     |   → 101/1544: ✅ 0 взято | 🗑️ 0 мусор
2026-07-25 19:16:09,709 | INFO     |   → 102/1544: ✅ 0 взято | 🗑️ 0 мусор
2026-07-25 19:16:09,709 | INFO     |   → 103/1544: ✅ 0 взято | 🗑️ 0 мусор
2026-07-25 19:16:09,709 | INFO     |   → 104/1544: ✅ 0 взято | 🗑️ 0 мусор
2026-07-25 19:16:09,709 | INFO     |   → 105/1544: ✅ 0 взято | 🗑️ 0 мусор
2026-07-25 19:16:09,709 | INFO     |   → 106/1544: ✅ 0 взято | 🗑️ 0 мусор
2026-07-25 19:16:09,709 | INFO     |   → 107/1544: ✅ 0 взято | 🗑️ 0 мусор
2026-07-25 19:16:09,709 | INFO     |   → 108/1544: ✅ 0 взято | 🗑️ 0 мусор
2026-07-25 19:16:09,709 | INFO     |   → 109/1544: ✅ 0 взято | 🗑️ 0 мусор
2026-07-25 19:16:09,709 | INFO     |   → 110/1544: ✅ 0 взято | 🗑️ 0 мусор
2026-07-25 19:16:09,709 | INFO     |   → 111/1544: ✅ 0 взято | 🗑️ 0 мусор
2026-07-25 19:16:09,710 | INFO     |   → 112/1544: ✅ 0 взято | 🗑️ 0 мусор
2026-07-25 19:16:09,710 | INFO     |   → 113/1544: ✅ 0 взято | 🗑️ 0 мусор
2026-07-25 19:16:09,710 | INFO     |   → 114/1544: ✅ 0 взято | 🗑️ 0 мусор
2026-07-25 19:16:09,710 | INFO     |   → 115/1544: ✅ 0 взято | 🗑️ 0 мусор
2026-07-25 19:16:09,710 | INFO     |   → 116/1544: ✅ 0 взято | 🗑️ 0 мусор
2026-07-25 19:16:09,710 | INFO     |   → 117/1544: ✅ 0 взято | 🗑️ 0 мусор
2026-07-25 19:16:09,710 | INFO     |   → 118/1544: ✅ 0 взято | 🗑️ 0 мусор
2026-07-25 19:16:09,710 | INFO     |   → 119/1544: ✅ 0 взято | 🗑️ 0 мусор
2026-07-25 19:16:09,710 | INFO     |   → 120/1544: ✅ 0 взято | 🗑️ 0 мусор
2026-07-25 19:16:09,710 | INFO     |   → 121/1544: ✅ 0 взято | 🗑️ 0 мусор
2026-07-25 19:16:09,710 | INFO     |   → 122/1544: ✅ 0 взято | 🗑️ 0 мусор
2026-07-25 19:16:09,710 | INFO     |   → 123/1544: ✅ 0 взято | 🗑️ 0 мусор
2026-07-25 19:16:09,710 | INFO     |   → 124/1544: ✅ 0 взято | 🗑️ 0 мусор
2026-07-25 19:16:09,710 | INFO     |   → 125/1544: ✅ 0 взято | 🗑️ 0 мусор
2026-07-25 19:16:09,710 | INFO     |   → 126/1544: ✅ 0 взято | 🗑️ 0 мусор
2026-07-25 19:16:09,710 | INFO     |   → 127/1544: ✅ 0 взято | 🗑️ 0 мусор
2026-07-25 19:16:09,710 | INFO     |   → 128/1544: ✅ 0 взято | 🗑️ 0 мусор
2026-07-25 19:16:09,710 | INFO     |   → 129/1544: ✅ 0 взято | 🗑️ 0 мусор
2026-07-25 19:16:09,710 | INFO     |   → 130/1544: ✅ 0 взято | 🗑️ 0 мусор
2026-07-25 19:16:09,710 | INFO     |   → 131/1544: ✅ 0 взято | 🗑️ 0 мусор
2026-07-25 19:16:09,710 | INFO     |   → 132/1544: ✅ 0 взято | 🗑️ 0 мусор
2026-07-25 19:16:09,710 | INFO     |   → 133/1544: ✅ 0 взято | 🗑️ 0 мусор
2026-07-25 19:16:09,710 | INFO     |   → 134/1544: ✅ 0 взято | 🗑️ 0 мусор
2026-07-25 19:16:09,710 | INFO     |   → 135/1544: ✅ 0 взято | 🗑️ 0 мусор
2026-07-25 19:16:09,710 | INFO     |   → 136/1544: ✅ 0 взято | 🗑️ 0 мусор
2026-07-25 19:16:09,710 | INFO     |   → 137/1544: ✅ 0 взято | 🗑️ 0 мусор
2026-07-25 19:16:09,710 | INFO     |   → 138/1544: ✅ 0 взято | 🗑️ 0 мусор
2026-07-25 19:16:09,710 | INFO     |   → 139/1544: ✅ 0 взято | 🗑️ 0 мусор
2026-07-25 19:16:09,710 | INFO     |   → 140/1544: ✅ 0 взято | 🗑️ 0 мусор
2026-07-25 19:16:09,710 | INFO     |   → 141/1544: ✅ 0 взято | 🗑️ 0 мусор
2026-07-25 19:16:09,710 | INFO     |   → 142/1544: ✅ 0 взято | 🗑️ 0 мусор
2026-07-25 19:16:09,711 | INFO     |   → 143/1544: ✅ 0 взято | 🗑️ 0 мусор
2026-07-25 19:16:09,711 | INFO     |   → 144/1544: ✅ 0 взято | 🗑️ 0 мусор
2026-07-25 19:16:09,711 | INFO     |   → 145/1544: ✅ 0 взято | 🗑️ 0 мусор
2026-07-25 19:16:09,711 | INFO     |   → 146/1544: ✅ 0 взято | 🗑️ 0 мусор
2026-07-25 19:16:09,711 | INFO     |   → 147/1544: ✅ 0 взято | 🗑️ 0 мусор
2026-07-25 19:16:09,711 | INFO     |   → 148/1544: ✅ 0 взято | 🗑️ 0 мусор
2026-07-25 19:16:09,711 | INFO     |   → 149/1544: ✅ 0 взято | 🗑️ 0 мусор
2026-07-25 19:16:09,711 | INFO     |   → 150/1544: ✅ 0 взято | 🗑️ 0 мусор
2026-07-25 19:16:09,711 | INFO     |   → 151/1544: ✅ 0 взято | 🗑️ 0 мусор
2026-07-25 19:16:09,711 | INFO     |   → 152/1544: ✅ 0 взято | 🗑️ 0 мусор
2026-07-25 19:16:09,711 | INFO     |   → 153/1544: ✅ 0 взято | 🗑️ 0 мусор
2026-07-25 19:16:09,711 | INFO     |   → 154/1544: ✅ 0 взято | 🗑️ 0 мусор
2026-07-25 19:16:09,711 | INFO     |   → 155/1544: ✅ 0 взято | 🗑️ 0 мусор
2026-07-25 19:16:09,711 | INFO     |   → 156/1544: ✅ 0 взято | 🗑️ 0 мусор
2026-07-25 19:16:09,711 | INFO     |   → 157/1544: ✅ 0 взято | 🗑️ 0 мусор
2026-07-25 19:16:09,711 | INFO     |   → 158/1544: ✅ 0 взято | 🗑️ 0 мусор
2026-07-25 19:16:09,711 | INFO     |   → 159/1544: ✅ 0 взято | 🗑️ 0 мусор
2026-07-25 19:16:09,711 | INFO     |   → 160/1544: ✅ 0 взято | 🗑️ 0 мусор
2026-07-25 19:16:09,711 | INFO     |   → 161/1544: ✅ 0 взято | 🗑️ 0 мусор
2026-07-25 19:16:09,711 | INFO     |   → 162/1544: ✅ 0 взято | 🗑️ 0 мусор
2026-07-25 19:16:09,711 | INFO     |   → 163/1544: ✅ 0 взято | 🗑️ 0 мусор
2026-07-25 19:16:09,711 | INFO     |   → 164/1544: ✅ 0 взято | 🗑️ 0 мусор
2026-07-25 19:16:09,711 | INFO     |   → 165/1544: ✅ 0 взято | 🗑️ 0 мусор
2026-07-25 19:16:09,711 | INFO     |   → 166/1544: ✅ 0 взято | 🗑️ 0 мусор
2026-07-25 19:16:09,711 | INFO     |   → 167/1544: ✅ 0 взято | 🗑️ 0 мусор
2026-07-25 19:16:09,711 | INFO     |   → 168/1544: ✅ 0 взято | 🗑️ 0 мусор
2026-07-25 19:16:09,711 | INFO     |   → 169/1544: ✅ 0 взято | 🗑️ 0 мусор
2026-07-25 19:16:09,711 | INFO     |   → 170/1544: ✅ 0 взято | 🗑️ 0 мусор
2026-07-25 19:16:09,711 | INFO     |   → 171/1544: ✅ 0 взято | 🗑️ 0 мусор
2026-07-25 19:16:09,711 | INFO     |   → 172/1544: ✅ 0 взято | 🗑️ 0 мусор
2026-07-25 19:16:09,711 | INFO     |   → 173/1544: ✅ 0 взято | 🗑️ 0 мусор
2026-07-25 19:16:09,711 | INFO     |   → 174/1544: ✅ 0 взято | 🗑️ 0 мусор
2026-07-25 19:16:09,711 | INFO     |   → 175/1544: ✅ 0 взято | 🗑️ 0 мусор
2026-07-25 19:16:09,712 | INFO     |   → 176/1544 ❌ HTTP 404 — https://freessrnode.github.io/uploads/2024/08/0-20240822.txt
2026-07-25 19:16:09,712 | INFO     |   → 177/1544 ❌ HTTP 404 — https://freessrnode.github.io/uploads/2024/08/1-20240822.txt
2026-07-25 19:16:09,712 | INFO     |   → 178/1544 ❌ HTTP 404 — https://freessrnode.github.io/uploads/2024/08/2-20240822.txt
2026-07-25 19:16:09,712 | INFO     |   → 179/1544 ❌ HTTP 404 — https://freessrnode.github.io/uploads/2024/08/3-20240822.txt
2026-07-25 19:16:09,712 | INFO     |   → 180/1544 ❌ HTTP 404 — https://freessrnode.github.io/uploads/2024/08/4-20240822.txt
2026-07-25 19:16:09,712 | INFO     |   → 181/1544 ⚠️ Ошибка: HTTPSConnectionPool(host='freevpnspy.githubrowcontent.com', port=443): Max retries exceeded with url: /2024/08/20240802_novless.yaml (Caused by NameResolutionError("HTTPSConnection(host='freevpnspy.githubrowcontent.com', port=443): Failed to resolve 'freevpnspy.githubrowcontent.com' ([Errno -2] Name or service not known)")) — https://freevpnspy.githubrowcontent.com/2024/08/20240802_novless.yaml
2026-07-25 19:16:09,712 | INFO     |   → 182/1544 ⚠️ Ошибка: HTTPSConnectionPool(host='freevpnspy.githubrowcontent.com', port=443): Max retries exceeded with url: /2024/08/20240802_vless.yaml (Caused by NameResolutionError("HTTPSConnection(host='freevpnspy.githubrowcontent.com', port=443): Failed to resolve 'freevpnspy.githubrowcontent.com' ([Errno -2] Name or service not known)")) — https://freevpnspy.githubrowcontent.com/2024/08/20240802_vless.yaml
2026-07-25 19:16:09,712 | INFO     |   → 183/1544: ✅ 0 взято | 🗑️ 0 мусор
2026-07-25 19:16:09,712 | INFO     |   → 184/1544: ✅ 0 взято | 🗑️ 0 мусор
2026-07-25 19:16:09,712 | INFO     |   → 185/1544: ✅ 5 взято | 🗑️ 133 мусор
2026-07-25 19:16:09,712 | INFO     |   → 186/1544: ✅ 5 взято | 🗑️ 166 мусор
2026-07-25 19:16:09,712 | INFO     |   → 187/1544: ✅ 2 взято | 🗑️ 114 мусор
2026-07-25 19:16:09,712 | INFO     |   → 188/1544: ✅ 14 взято | 🗑️ 292 мусор
2026-07-25 19:16:09,712 | INFO     |   → 189/1544: ✅ 0 взято | 🗑️ 115 мусор
2026-07-25 19:16:09,712 | INFO     |   → 190/1544: ✅ 14 взято | 🗑️ 218 мусор
2026-07-25 19:16:09,712 | INFO     |   → 191/1544: ✅ 7 взято | 🗑️ 148 мусор
2026-07-25 19:16:09,712 | INFO     |   → 192/1544: ✅ 5 взято | 🗑️ 161 мусор
2026-07-25 19:16:09,712 | INFO     |   → 193/1544: ✅ 2 взято | 🗑️ 60 мусор
2026-07-25 19:16:09,712 | INFO     |   → 194/1544: ✅ 0 взято | 🗑️ 0 мусор
2026-07-25 19:16:09,712 | INFO     |   → 195/1544: ✅ 10 взято | 🗑️ 232 мусор
2026-07-25 19:16:09,712 | INFO     |   → 196/1544: ✅ 4 взято | 🗑️ 151 мусор
2026-07-25 19:16:09,712 | INFO     |   → 197/1544: ✅ 0 взято | 🗑️ 0 мусор
2026-07-25 19:16:09,712 | INFO     |   → 198/1544: ✅ 0 взято | 🗑️ 0 мусор
2026-07-25 19:16:09,712 | INFO     |   → 199/1544: ✅ 0 взято | 🗑️ 0 мусор
2026-07-25 19:16:09,712 | INFO     |   → 200/1544: ✅ 1 взято | 🗑️ 226 мусор
2026-07-25 19:16:09,712 | INFO     |   → 201/1544: ✅ 0 взято | 🗑️ 0 мусор
2026-07-25 19:16:09,712 | INFO     |   → 202/1544: ✅ 0 взято | 🗑️ 0 мусор
2026-07-25 19:16:09,712 | INFO     |   → 203/1544: ✅ 0 взято | 🗑️ 0 мусор
2026-07-25 19:16:09,712 | INFO     |   → 204/1544: ✅ 7 взято | 🗑️ 113 мусор
2026-07-25 19:16:09,712 | INFO     |   → 205/1544: ✅ 0 взято | 🗑️ 0 мусор
2026-07-25 19:16:09,712 | INFO     |   → 206/1544: ✅ 0 взято | 🗑️ 0 мусор
2026-07-25 19:16:09,712 | INFO     |   → 207/1544: ✅ 0 взято | 🗑️ 0 мусор
2026-07-25 19:16:09,712 | INFO     |   → 208/1544: ✅ 1 взято | 🗑️ 169 мусор
2026-07-25 19:16:09,712 | INFO     |   → 209/1544: ✅ 0 взято | 🗑️ 0 мусор
2026-07-25 19:16:09,712 | INFO     |   → 210/1544: ✅ 0 взято | 🗑️ 0 мусор
2026-07-25 19:16:09,712 | INFO     |   → 211/1544: ✅ 5 взято | 🗑️ 211 мусор
2026-07-25 19:16:09,712 | INFO     |   → 212/1544: ✅ 0 взято | 🗑️ 0 мусор
2026-07-25 19:16:09,712 | INFO     |   → 213/1544: ✅ 1 взято | 🗑️ 213 мусор
2026-07-25 19:16:09,712 | INFO     |   → 214/1544: ✅ 0 взято | 🗑️ 0 мусор
2026-07-25 19:16:09,712 | INFO     |   → 215/1544: ✅ 0 взято | 🗑️ 0 мусор
2026-07-25 19:16:09,712 | INFO     |   → 216/1544: ✅ 2 взято | 🗑️ 60 мусор
2026-07-25 19:16:09,712 | INFO     |   → 217/1544: ✅ 0 взято | 🗑️ 0 мусор
2026-07-25 19:16:09,712 | INFO     |   → 218/1544: ✅ 1 взято | 🗑️ 226 мусор
2026-07-25 19:16:09,712 | INFO     |   → 219/1544: ✅ 3 взято | 🗑️ 152 мусор
2026-07-25 19:16:09,712 | INFO     |   → 220/1544: ✅ 0 взято | 🗑️ 0 мусор
2026-07-25 19:16:09,713 | INFO     |   → 221/1544: ✅ 0 взято | 🗑️ 0 мусор
2026-07-25 19:16:09,713 | INFO     |   → 222/1544: ✅ 3 взято | 🗑️ 99 мусор
2026-07-25 19:16:09,713 | INFO     |   → 223/1544: ✅ 0 взято | 🗑️ 0 мусор
2026-07-25 19:16:09,713 | INFO     |   → 224/1544: ✅ 0 взято | 🗑️ 300 мусор
2026-07-25 19:16:09,713 | INFO     |   → 225/1544: ✅ 0 взято | 🗑️ 0 мусор
2026-07-25 19:16:09,713 | INFO     |   → 226/1544: ✅ 0 взято | 🗑️ 0 мусор
2026-07-25 19:16:09,713 | INFO     |   → 227/1544: ✅ 0 взято | 🗑️ 142 мусор
2026-07-25 19:16:09,713 | INFO     |   → 228/1544: ✅ 2 взято | 🗑️ 124 мусор
2026-07-25 19:16:09,713 | INFO     |   → 229/1544: ✅ 0 взято | 🗑️ 0 мусор
2026-07-25 19:16:09,713 | INFO     |   → 230/1544: ✅ 0 взято | 🗑️ 0 мусор
2026-07-25 19:16:09,713 | INFO     |   → 231/1544: ✅ 1 взято | 🗑️ 104 мусор
2026-07-25 19:16:09,713 | INFO     |   → 232/1544: ✅ 1 взято | 🗑️ 96 мусор
2026-07-25 19:16:09,713 | INFO     |   → 233/1544: ✅ 0 взято | 🗑️ 193 мусор
2026-07-25 19:16:09,713 | INFO     |   → 234/1544: ✅ 2 взято | 🗑️ 115 мусор
2026-07-25 19:16:09,713 | INFO     |   → 235/1544: ✅ 7 взято | 🗑️ 179 мусор
2026-07-25 19:16:09,713 | INFO     |   → 236/1544: ✅ 0 взято | 🗑️ 0 мусор
2026-07-25 19:16:09,713 | INFO     |   → 237/1544: ✅ 0 взято | 🗑️ 0 мусор
2026-07-25 19:16:09,713 | INFO     |   → 238/1544: ✅ 0 взято | 🗑️ 125 мусор
2026-07-25 19:16:09,713 | INFO     |   → 239/1544: ✅ 11 взято | 🗑️ 225 мусор
2026-07-25 19:16:09,713 | INFO     |   → 240/1544: ✅ 0 взято | 🗑️ 296 мусор
2026-07-25 19:16:09,713 | INFO     |   → 241/1544: ✅ 1 взято | 🗑️ 141 мусор
2026-07-25 19:16:09,713 | INFO     |   → 242/1544: ✅ 1 взято | 🗑️ 279 мусор
2026-07-25 19:16:09,713 | INFO     |   → 243/1544: ✅ 0 взято | 🗑️ 96 мусор
2026-07-25 19:16:09,713 | INFO     |   → 244/1544: ✅ 0 взято | 🗑️ 130 мусор
2026-07-25 19:16:09,713 | INFO     |   → 245/1544: ✅ 0 взято | 🗑️ 263 мусор
2026-07-25 19:16:09,713 | INFO     |   → 246/1544: ✅ 2 взято | 🗑️ 105 мусор
2026-07-25 19:16:09,713 | INFO     |   → 247/1544: ✅ 0 взято | 🗑️ 0 мусор
2026-07-25 19:16:09,713 | INFO     |   → 248/1544: ✅ 0 взято | 🗑️ 0 мусор
2026-07-25 19:16:09,713 | INFO     |   → 249/1544: ✅ 3 взято | 🗑️ 268 мусор
2026-07-25 19:16:09,713 | INFO     |   → 250/1544: ✅ 0 взято | 🗑️ 248 мусор
2026-07-25 19:16:09,713 | INFO     |   → 251/1544: ✅ 0 взято | 🗑️ 0 мусор
2026-07-25 19:16:09,713 | INFO     |   → 252/1544: ✅ 1 взято | 🗑️ 139 мусор
2026-07-25 19:16:09,713 | INFO     |   → 253/1544: ✅ 1 взято | 🗑️ 109 мусор
2026-07-25 19:16:09,713 | INFO     |   → 254/1544: ✅ 0 взято | 🗑️ 0 мусор
2026-07-25 19:16:09,713 | INFO     |   → 255/1544: ✅ 0 взято | 🗑️ 0 мусор
2026-07-25 19:16:09,713 | INFO     |   → 256/1544: ✅ 0 взято | 🗑️ 0 мусор
2026-07-25 19:16:09,713 | INFO     |   → 257/1544: ✅ 0 взято | 🗑️ 0 мусор
2026-07-25 19:16:09,713 | INFO     |   → 258/1544: ✅ 0 взято | 🗑️ 137 мусор
2026-07-25 19:16:09,713 | INFO     |   → 259/1544: ✅ 0 взято | 🗑️ 0 мусор
2026-07-25 19:16:09,713 | INFO     |   → 260/1544: ✅ 0 взято | 🗑️ 0 мусор
2026-07-25 19:16:09,713 | INFO     |   → 261/1544: ✅ 0 взято | 🗑️ 198 мусор
2026-07-25 19:16:09,714 | INFO     |   → 262/1544: ✅ 0 взято | 🗑️ 0 мусор
2026-07-25 19:16:09,714 | INFO     |   → 263/1544: ✅ 0 взято | 🗑️ 0 мусор
2026-07-25 19:16:09,714 | INFO     |   → 264/1544: ✅ 0 взято | 🗑️ 0 мусор
2026-07-25 19:16:09,714 | INFO     |   → 265/1544: ✅ 0 взято | 🗑️ 0 мусор
2026-07-25 19:16:09,714 | INFO     |   → 266/1544: ✅ 0 взято | 🗑️ 0 мусор
2026-07-25 19:16:09,714 | INFO     |   → 267/1544: ✅ 0 взято | 🗑️ 112 мусор
2026-07-25 19:16:09,714 | INFO     |   → 268/1544: ✅ 0 взято | 🗑️ 0 мусор
2026-07-25 19:16:09,714 | INFO     |   → 269/1544: ✅ 0 взято | 🗑️ 0 мусор
2026-07-25 19:16:09,714 | INFO     |   → 270/1544: ✅ 0 взято | 🗑️ 0 мусор
2026-07-25 19:16:09,714 | INFO     |   → 271/1544 ❌ HTTP 404 — https://github.com/Epodonios/bulk-xray-v2ray-vless-vmess-...-configs/raw/main/sub/Albania/config.txt
2026-07-25 19:16:09,714 | INFO     |   → 272/1544 ❌ HTTP 404 — https://github.com/Epodonios/bulk-xray-v2ray-vless-vmess-...-configs/raw/main/sub/Cura%C3%A7ao/config.txt
2026-07-25 19:16:09,714 | INFO     |   → 273/1544 ❌ HTTP 404 — https://github.com/Epodonios/bulk-xray-v2ray-vless-vmess-...-configs/raw/main/sub/Finland/config.txt
2026-07-25 19:16:09,714 | INFO     |   → 274/1544 ❌ HTTP 404 — https://github.com/Epodonios/bulk-xray-v2ray-vless-vmess-...-configs/raw/main/sub/Iran/config.txt
2026-07-25 19:16:09,714 | INFO     |   → 275/1544 ❌ HTTP 404 — https://github.com/Epodonios/bulk-xray-v2ray-vless-vmess-...-configs/raw/main/sub/Netherlands/config.txt
2026-07-25 19:16:09,714 | INFO     |   → 276/1544 ❌ HTTP 404 — https://github.com/Epodonios/bulk-xray-v2ray-vless-vmess-...-configs/raw/main/sub/Norway/config.txt
2026-07-25 19:16:09,714 | INFO     |   → 277/1544 ❌ HTTP 404 — https://github.com/Epodonios/bulk-xray-v2ray-vless-vmess-...-configs/raw/main/sub/Russia/config.txt
2026-07-25 19:16:09,714 | INFO     |   → 278/1544: ✅ 13 взято | 🗑️ 70 мусор
2026-07-25 19:16:09,714 | INFO     |   → 279/1544: ✅ 0 взято | 🗑️ 4 мусор
2026-07-25 19:16:09,714 | INFO     |   → 280/1544: ✅ 0 взято | 🗑️ 7 мусор
2026-07-25 19:16:09,714 | INFO     |   → 281/1544: ✅ 0 взято | 🗑️ 51 мусор
2026-07-25 19:16:09,714 | INFO     |   → 282/1544: ✅ 0 взято | 🗑️ 8 мусор
2026-07-25 19:16:09,714 | INFO     |   → 283/1544: ✅ 0 взято | 🗑️ 0 мусор
2026-07-25 19:16:09,714 | INFO     |   → 284/1544: ✅ 17 взято | 🗑️ 119 мусор
2026-07-25 19:16:09,714 | INFO     |   → 285/1544 ❌ HTTP 404 — https://github.com/MrMohebi/xray-proxy-grabber-telegram/raw/master/collected-proxies/clash-meta/all.yaml
2026-07-25 19:16:09,714 | INFO     |   → 286/1544 ❌ HTTP 404 — https://github.com/MrMohebi/xray-proxy-grabber-telegram/raw/master/collected-proxies/row-url/all.txt
2026-07-25 19:16:09,714 | INFO     |   → 287/1544: ✅ 0 взято | 🗑️ 0 мусор
2026-07-25 19:16:09,714 | INFO     |   → 288/1544: ✅ 0 взято | 🗑️ 113 мусор
2026-07-25 19:16:09,714 | INFO     |   → 289/1544: ✅ 0 взято | 🗑️ 119 мусор
2026-07-25 19:16:09,714 | INFO     |   → 290/1544 ❌ HTTP 404 — https://github.com/abbasdvd3/abbasdvd10/73ec60de7a6c6aa6df4c14b511c1da60686891ca/ppo.txt
2026-07-25 19:16:09,714 | INFO     |   → 291/1544 ❌ HTTP 404 — https://github.com/acymz/AutoVPN/refs/heads/main/data/V2.txt
2026-07-25 19:16:09,715 | INFO     |   → 292/1544: ✅ 0 взято | 🗑️ 0 мусор
2026-07-25 19:16:09,715 | INFO     |   → 293/1544: ✅ 0 взято | 🗑️ 0 мусор
2026-07-25 19:16:09,715 | INFO     |   → 294/1544: ✅ 0 взято | 🗑️ 0 мусор
2026-07-25 19:16:09,715 | INFO     |   → 295/1544: ✅ 0 взято | 🗑️ 0 мусор
2026-07-25 19:16:09,715 | INFO     |   → 296/1544: ✅ 0 взято | 🗑️ 0 мусор
2026-07-25 19:16:09,715 | INFO     |   → 297/1544: ✅ 0 взято | 🗑️ 0 мусор
2026-07-25 19:16:09,715 | INFO     |   → 298/1544: ✅ 0 взято | 🗑️ 0 мусор
2026-07-25 19:16:09,715 | INFO     |   → 299/1544 ❌ HTTP 404 — https://github.com/mermeroo/V2RAY-FREE/raw/main/All_Configs_base64_Sub.txt
2026-07-25 19:16:09,715 | INFO     |   → 300/1544 ❌ HTTP 404 — https://github.com/mermeroo/V2RAY-FREE/raw/main/Base64/Sub1_base64.txt
2026-07-25 19:16:09,715 | INFO     |   → 301/1544 ❌ HTTP 404 — https://github.com/mermeroo/V2RAY-FREE/raw/main/Base64/Sub2_base64.txt
2026-07-25 19:16:09,715 | INFO     |   → 302/1544 ❌ HTTP 404 — https://github.com/mermeroo/V2RAY-FREE/raw/main/Base64/Sub3_base64.txt
2026-07-25 19:16:09,715 | INFO     |   → 303/1544 ❌ HTTP 404 — https://github.com/mermeroo/V2RAY-FREE/raw/main/Base64/Sub4_base64.txt
2026-07-25 19:16:09,715 | INFO     |   → 304/1544 ❌ HTTP 404 — https://github.com/mermeroo/V2RAY-FREE/raw/main/Base64/Sub5_base64.txt
2026-07-25 19:16:09,715 | INFO     |   → 305/1544 ❌ HTTP 404 — https://github.com/mermeroo/telegram-configs-collector/raw/main/protocols/hysteria
2026-07-25 19:16:09,715 | INFO     |   → 306/1544 ❌ HTTP 404 — https://github.com/mermeroo/telegram-configs-collector/raw/main/protocols/juicity
2026-07-25 19:16:09,715 | INFO     |   → 307/1544 ❌ HTTP 404 — https://github.com/mermeroo/telegram-configs-collector/raw/main/protocols/tuic
2026-07-25 19:16:09,715 | INFO     |   → 308/1544: ✅ 205 взято | 🗑️ 1944 мусор
2026-07-25 19:16:09,715 | INFO     |   → 309/1544: ✅ 5 взято | 🗑️ 16 мусор
2026-07-25 19:16:09,715 | INFO     |   → 310/1544: ✅ 0 взято | 🗑️ 0 мусор
2026-07-25 19:16:09,715 | INFO     |   → 311/1544: ✅ 0 взято | 🗑️ 0 мусор
2026-07-25 19:16:09,715 | INFO     |   → 312/1544: ✅ 0 взято | 🗑️ 0 мусор
2026-07-25 19:16:09,715 | INFO     |   → 313/1544: ✅ 10 взято | 🗑️ 238 мусор
2026-07-25 19:16:09,715 | INFO     |   → 314/1544: ✅ 0 взято | 🗑️ 0 мусор
2026-07-25 19:16:09,715 | INFO     |   → 315/1544: ✅ 5 взято | 🗑️ 239 мусор
2026-07-25 19:16:09,715 | INFO     |   → 316/1544: ✅ 0 взято | 🗑️ 0 мусор
2026-07-25 19:16:09,715 | INFO     |   → 317/1544: ✅ 0 взято | 🗑️ 255 мусор
2026-07-25 19:16:09,715 | INFO     |   → 318/1544: ✅ 0 взято | 🗑️ 0 мусор
2026-07-25 19:16:09,715 | INFO     |   → 319/1544: ✅ 1 взято | 🗑️ 249 мусор
2026-07-25 19:16:09,715 | INFO     |   → 320/1544: ✅ 0 взято | 🗑️ 0 мусор
2026-07-25 19:16:09,715 | INFO     |   → 321/1544: ✅ 0 взято | 🗑️ 207 мусор
2026-07-25 19:16:09,715 | INFO     |   → 322/1544: ✅ 0 взято | 🗑️ 0 мусор
2026-07-25 19:16:09,716 | INFO     |   → 323/1544: ✅ 0 взято | 🗑️ 228 мусор
2026-07-25 19:16:09,716 | INFO     |   → 324/1544: ✅ 0 взято | 🗑️ 0 мусор
2026-07-25 19:16:09,716 | INFO     |   → 325/1544: ✅ 1 взято | 🗑️ 291 мусор
2026-07-25 19:16:09,716 | INFO     |   → 326/1544: ✅ 0 взято | 🗑️ 0 мусор
2026-07-25 19:16:09,716 | INFO     |   → 327/1544: ✅ 3 взято | 🗑️ 221 мусор
2026-07-25 19:16:09,716 | INFO     |   → 328/1544: ✅ 0 взято | 🗑️ 0 мусор
2026-07-25 19:16:09,716 | INFO     |   → 329/1544: ✅ 1 взято | 🗑️ 222 мусор
2026-07-25 19:16:09,716 | INFO     |   → 330/1544: ✅ 0 взято | 🗑️ 0 мусор
2026-07-25 19:16:09,716 | INFO     |   → 331/1544: ✅ 1 взято | 🗑️ 218 мусор
2026-07-25 19:16:09,716 | INFO     |   → 332/1544: ✅ 0 взято | 🗑️ 0 мусор
2026-07-25 19:16:09,716 | INFO     |   → 333/1544: ✅ 0 взято | 🗑️ 193 мусор
2026-07-25 19:16:09,716 | INFO     |   → 334/1544: ✅ 0 взято | 🗑️ 0 мусор
2026-07-25 19:16:09,716 | INFO     |   → 335/1544: ✅ 0 взято | 🗑️ 290 мусор
2026-07-25 19:16:09,716 | INFO     |   → 336/1544: ✅ 0 взято | 🗑️ 0 мусор
2026-07-25 19:16:09,716 | INFO     |   → 337/1544: ✅ 0 взято | 🗑️ 238 мусор
2026-07-25 19:16:09,716 | INFO     |   → 338/1544: ✅ 0 взято | 🗑️ 0 мусор
2026-07-25 19:16:09,716 | INFO     |   → 339/1544: ✅ 1 взято | 🗑️ 221 мусор
2026-07-25 19:16:09,716 | INFO     |   → 340/1544: ✅ 0 взято | 🗑️ 0 мусор
2026-07-25 19:16:09,716 | INFO     |   → 341/1544: ✅ 0 взято | 🗑️ 248 мусор
2026-07-25 19:16:09,716 | INFO     |   → 342/1544: ✅ 0 взято | 🗑️ 0 мусор
2026-07-25 19:16:09,716 | INFO     |   → 343/1544: ✅ 0 взято | 🗑️ 203 мусор
2026-07-25 19:16:09,716 | INFO     |   → 344/1544: ✅ 0 взято | 🗑️ 0 мусор
2026-07-25 19:16:09,716 | INFO     |   → 345/1544: ✅ 0 взято | 🗑️ 208 мусор
2026-07-25 19:16:09,716 | INFO     |   → 346/1544: ✅ 0 взято | 🗑️ 0 мусор
2026-07-25 19:16:09,716 | INFO     |   → 347/1544: ✅ 2 взято | 🗑️ 209 мусор
2026-07-25 19:16:09,716 | INFO     |   → 348/1544: ✅ 0 взято | 🗑️ 0 мусор
2026-07-25 19:16:09,716 | INFO     |   → 349/1544: ✅ 0 взято | 🗑️ 258 мусор
2026-07-25 19:16:09,716 | INFO     |   → 350/1544: ✅ 0 взято | 🗑️ 0 мусор
2026-07-25 19:16:09,716 | INFO     |   → 351/1544: ✅ 0 взято | 🗑️ 296 мусор
2026-07-25 19:16:09,716 | INFO     |   → 352/1544: ✅ 0 взято | 🗑️ 0 мусор
2026-07-25 19:16:09,716 | INFO     |   → 353/1544: ✅ 1 взято | 🗑️ 286 мусор
2026-07-25 19:16:09,716 | INFO     |   → 354/1544: ✅ 0 взято | 🗑️ 0 мусор
2026-07-25 19:16:09,716 | INFO     |   → 355/1544: ✅ 0 взято | 🗑️ 195 мусор
2026-07-25 19:16:09,716 | INFO     |   → 356/1544: ✅ 0 взято | 🗑️ 0 мусор
2026-07-25 19:16:09,716 | INFO     |   → 357/1544: ✅ 0 взято | 🗑️ 170 мусор
2026-07-25 19:16:09,716 | INFO     |   → 358/1544: ✅ 0 взято | 🗑️ 0 мусор
2026-07-25 19:16:09,716 | INFO     |   → 359/1544: ✅ 0 взято | 🗑️ 160 мусор
2026-07-25 19:16:09,716 | INFO     |   → 360/1544: ✅ 0 взято | 🗑️ 0 мусор
2026-07-25 19:16:09,716 | INFO     |   → 361/1544: ✅ 0 взято | 🗑️ 121 мусор
2026-07-25 19:16:09,716 | INFO     |   → 362/1544: ✅ 0 взято | 🗑️ 0 мусор
2026-07-25 19:16:09,716 | INFO     |   → 363/1544: ✅ 0 взято | 🗑️ 135 мусор
2026-07-25 19:16:09,716 | INFO     |   → 364/1544: ✅ 0 взято | 🗑️ 0 мусор
2026-07-25 19:16:09,716 | INFO     |   → 365/1544: ✅ 1 взято | 🗑️ 129 мусор
2026-07-25 19:16:09,716 | INFO     |   → 366/1544: ✅ 0 взято | 🗑️ 0 мусор
2026-07-25 19:16:09,717 | INFO     |   → 367/1544: ✅ 0 взято | 🗑️ 189 мусор
2026-07-25 19:16:09,717 | INFO     |   → 368/1544: ✅ 0 взято | 🗑️ 0 мусор
2026-07-25 19:16:09,717 | INFO     |   → 369/1544: ✅ 3 взято | 🗑️ 147 мусор
2026-07-25 19:16:09,717 | INFO     |   → 370/1544: ✅ 0 взято | 🗑️ 0 мусор
2026-07-25 19:16:09,717 | INFO     |   → 371/1544: ✅ 1 взято | 🗑️ 183 мусор
2026-07-25 19:16:09,717 | INFO     |   → 372/1544: ✅ 0 взято | 🗑️ 0 мусор
2026-07-25 19:16:09,717 | INFO     |   → 373/1544: ✅ 0 взято | 🗑️ 155 мусор
2026-07-25 19:16:09,717 | INFO     |   → 374/1544: ✅ 0 взято | 🗑️ 0 мусор
2026-07-25 19:16:09,717 | INFO     |   → 375/1544: ✅ 0 взято | 🗑️ 114 мусор
2026-07-25 19:16:09,717 | INFO     |   → 376/1544: ✅ 0 взято | 🗑️ 0 мусор
2026-07-25 19:16:09,717 | INFO     |   → 377/1544: ✅ 0 взято | 🗑️ 239 мусор
2026-07-25 19:16:09,717 | INFO     |   → 378/1544: ✅ 0 взято | 🗑️ 0 мусор
2026-07-25 19:16:09,717 | INFO     |   → 379/1544: ✅ 0 взято | 🗑️ 204 мусор
2026-07-25 19:16:09,717 | INFO     |   → 380/1544: ✅ 0 взято | 🗑️ 0 мусор
2026-07-25 19:16:09,717 | INFO     |   → 381/1544: ✅ 0 взято | 🗑️ 232 мусор
2026-07-25 19:16:09,717 | INFO     |   → 382/1544: ✅ 0 взято | 🗑️ 0 мусор
2026-07-25 19:16:09,717 | INFO     |   → 383/1544: ✅ 0 взято | 🗑️ 192 мусор
2026-07-25 19:16:09,717 | INFO     |   → 384/1544: ✅ 0 взято | 🗑️ 0 мусор
2026-07-25 19:16:09,717 | INFO     |   → 385/1544: ✅ 0 взято | 🗑️ 183 мусор
2026-07-25 19:16:09,717 | INFO     |   → 386/1544: ✅ 0 взято | 🗑️ 0 мусор
2026-07-25 19:16:09,717 | INFO     |   → 387/1544: ✅ 0 взято | 🗑️ 169 мусор
2026-07-25 19:16:09,717 | INFO     |   → 388/1544: ✅ 0 взято | 🗑️ 0 мусор
2026-07-25 19:16:09,717 | INFO     |   → 389/1544: ✅ 0 взято | 🗑️ 167 мусор
2026-07-25 19:16:09,717 | INFO     |   → 390/1544: ✅ 0 взято | 🗑️ 0 мусор
2026-07-25 19:16:09,717 | INFO     |   → 391/1544: ✅ 0 взято | 🗑️ 193 мусор
2026-07-25 19:16:09,717 | INFO     |   → 392/1544: ✅ 0 взято | 🗑️ 0 мусор
2026-07-25 19:16:09,717 | INFO     |   → 393/1544: ✅ 1 взято | 🗑️ 161 мусор
2026-07-25 19:16:09,717 | INFO     |   → 394/1544: ✅ 0 взято | 🗑️ 0 мусор
2026-07-25 19:16:09,717 | INFO     |   → 395/1544: ✅ 0 взято | 🗑️ 171 мусор
2026-07-25 19:16:09,717 | INFO     |   → 396/1544: ✅ 0 взято | 🗑️ 0 мусор
2026-07-25 19:16:09,717 | INFO     |   → 397/1544: ✅ 0 взято | 🗑️ 174 мусор
2026-07-25 19:16:09,717 | INFO     |   → 398/1544: ✅ 0 взято | 🗑️ 0 мусор
2026-07-25 19:16:09,717 | INFO     |   → 399/1544: ✅ 0 взято | 🗑️ 206 мусор
2026-07-25 19:16:09,717 | INFO     |   → 400/1544: ✅ 0 взято | 🗑️ 0 мусор
2026-07-25 19:16:09,717 | INFO     |   → 401/1544: ✅ 0 взято | 🗑️ 170 мусор
2026-07-25 19:16:09,717 | INFO     |   → 402/1544: ✅ 0 взято | 🗑️ 0 мусор
2026-07-25 19:16:09,717 | INFO     |   → 403/1544: ✅ 1 взято | 🗑️ 196 мусор
2026-07-25 19:16:09,717 | INFO     |   → 404/1544: ✅ 0 взято | 🗑️ 0 мусор
2026-07-25 19:16:09,717 | INFO     |   → 405/1544: ✅ 0 взято | 🗑️ 208 мусор
2026-07-25 19:16:09,717 | INFO     |   → 406/1544: ✅ 0 взято | 🗑️ 0 мусор
2026-07-25 19:16:09,717 | INFO     |   → 407/1544: ✅ 0 взято | 🗑️ 162 мусор
2026-07-25 19:16:09,717 | INFO     |   → 408/1544: ✅ 0 взято | 🗑️ 0 мусор
2026-07-25 19:16:09,717 | INFO     |   → 409/1544: ✅ 0 взято | 🗑️ 116 мусор
2026-07-25 19:16:09,717 | INFO     |   → 410/1544: ✅ 0 взято | 🗑️ 0 мусор
2026-07-25 19:16:09,717 | INFO     |   → 411/1544: ✅ 0 взято | 🗑️ 132 мусор
2026-07-25 19:16:09,717 | INFO     |   → 412/1544: ✅ 0 взято | 🗑️ 0 мусор
2026-07-25 19:16:09,717 | INFO     |   → 413/1544: ✅ 0 взято | 🗑️ 132 мусор
2026-07-25 19:16:09,717 | INFO     |   → 414/1544: ✅ 0 взято | 🗑️ 0 мусор
2026-07-25 19:16:09,717 | INFO     |   → 415/1544: ✅ 1 взято | 🗑️ 113 мусор
2026-07-25 19:16:09,717 | INFO     |   → 416/1544: ✅ 0 взято | 🗑️ 0 мусор
2026-07-25 19:16:09,717 | INFO     |   → 417/1544: ✅ 0 взято | 🗑️ 103 мусор
2026-07-25 19:16:09,717 | INFO     |   → 418/1544: ✅ 0 взято | 🗑️ 0 мусор
2026-07-25 19:16:09,717 | INFO     |   → 419/1544: ✅ 3 взято | 🗑️ 213 мусор
2026-07-25 19:16:09,717 | INFO     |   → 420/1544: ✅ 0 взято | 🗑️ 0 мусор
2026-07-25 19:16:09,717 | INFO     |   → 421/1544: ✅ 1 взято | 🗑️ 130 мусор
2026-07-25 19:16:09,717 | INFO     |   → 422/1544: ✅ 0 взято | 🗑️ 0 мусор
2026-07-25 19:16:09,717 | INFO     |   → 423/1544: ✅ 0 взято | 🗑️ 135 мусор
2026-07-25 19:16:09,718 | INFO     |   → 424/1544: ✅ 0 взято | 🗑️ 0 мусор
2026-07-25 19:16:09,718 | INFO     |   → 425/1544: ✅ 0 взято | 🗑️ 145 мусор
2026-07-25 19:16:09,718 | INFO     |   → 426/1544: ✅ 0 взято | 🗑️ 0 мусор
2026-07-25 19:16:09,718 | INFO     |   → 427/1544: ✅ 0 взято | 🗑️ 157 мусор
2026-07-25 19:16:09,718 | INFO     |   → 428/1544: ✅ 0 взято | 🗑️ 0 мусор
2026-07-25 19:16:09,718 | INFO     |   → 429/1544: ✅ 0 взято | 🗑️ 131 мусор
2026-07-25 19:16:09,718 | INFO     |   → 430/1544: ✅ 0 взято | 🗑️ 0 мусор
2026-07-25 19:16:09,718 | INFO     |   → 431/1544: ✅ 1 взято | 🗑️ 124 мусор
2026-07-25 19:16:09,718 | INFO     |   → 432/1544: ✅ 0 взято | 🗑️ 0 мусор
2026-07-25 19:16:09,718 | INFO     |   → 433/1544: ✅ 2 взято | 🗑️ 189 мусор
2026-07-25 19:16:09,718 | INFO     |   → 434/1544: ✅ 0 взято | 🗑️ 0 мусор
2026-07-25 19:16:09,718 | INFO     |   → 435/1544: ✅ 1 взято | 🗑️ 279 мусор
2026-07-25 19:16:09,718 | INFO     |   → 436/1544: ✅ 0 взято | 🗑️ 0 мусор
2026-07-25 19:16:09,718 | INFO     |   → 437/1544: ✅ 0 взято | 🗑️ 270 мусор
2026-07-25 19:16:09,718 | INFO     |   → 438/1544: ✅ 0 взято | 🗑️ 0 мусор
2026-07-25 19:16:09,718 | INFO     |   → 439/1544: ✅ 0 взято | 🗑️ 161 мусор
2026-07-25 19:16:09,718 | INFO     |   → 440/1544: ✅ 0 взято | 🗑️ 0 мусор
2026-07-25 19:16:09,718 | INFO     |   → 441/1544: ✅ 3 взято | 🗑️ 117 мусор
2026-07-25 19:16:09,718 | INFO     |   → 442/1544: ✅ 0 взято | 🗑️ 0 мусор
2026-07-25 19:16:09,718 | INFO     |   → 443/1544: ✅ 0 взято | 🗑️ 100 мусор
2026-07-25 19:16:09,718 | INFO     |   → 444/1544: ✅ 0 взято | 🗑️ 0 мусор
2026-07-25 19:16:09,718 | INFO     |   → 445/1544: ✅ 1 взято | 🗑️ 171 мусор
2026-07-25 19:16:09,718 | INFO     |   → 446/1544: ✅ 0 взято | 🗑️ 0 мусор
2026-07-25 19:16:09,718 | INFO     |   → 447/1544: ✅ 0 взято | 🗑️ 202 мусор
2026-07-25 19:16:09,718 | INFO     |   → 448/1544: ✅ 0 взято | 🗑️ 0 мусор
2026-07-25 19:16:09,718 | INFO     |   → 449/1544: ✅ 0 взято | 🗑️ 138 мусор
2026-07-25 19:16:09,718 | INFO     |   → 450/1544: ✅ 0 взято | 🗑️ 0 мусор
2026-07-25 19:16:09,718 | INFO     |   → 451/1544: ✅ 0 взято | 🗑️ 236 мусор
2026-07-25 19:16:09,718 | INFO     |   → 452/1544: ✅ 0 взято | 🗑️ 0 мусор
2026-07-25 19:16:09,718 | INFO     |   → 453/1544: ✅ 0 взято | 🗑️ 192 мусор
2026-07-25 19:16:09,718 | INFO     |   → 454/1544: ✅ 0 взято | 🗑️ 0 мусор
2026-07-25 19:16:09,718 | INFO     |   → 455/1544: ✅ 1 взято | 🗑️ 174 мусор
2026-07-25 19:16:09,718 | INFO     |   → 456/1544: ✅ 0 взято | 🗑️ 0 мусор
2026-07-25 19:16:09,718 | INFO     |   → 457/1544: ✅ 1 взято | 🗑️ 149 мусор
2026-07-25 19:16:09,718 | INFO     |   → 458/1544: ✅ 0 взято | 🗑️ 0 мусор
2026-07-25 19:16:09,718 | INFO     |   → 459/1544: ✅ 3 взято | 🗑️ 147 мусор
2026-07-25 19:16:09,718 | INFO     |   → 460/1544: ✅ 0 взято | 🗑️ 0 мусор
2026-07-25 19:16:09,718 | INFO     |   → 461/1544: ✅ 2 взято | 🗑️ 196 мусор
2026-07-25 19:16:09,718 | INFO     |   → 462/1544: ✅ 0 взято | 🗑️ 0 мусор
2026-07-25 19:16:09,718 | INFO     |   → 463/1544: ✅ 2 взято | 🗑️ 277 мусор
2026-07-25 19:16:09,718 | INFO     |   → 464/1544: ✅ 0 взято | 🗑️ 0 мусор
2026-07-25 19:16:09,718 | INFO     |   → 465/1544: ✅ 0 взято | 🗑️ 211 мусор
2026-07-25 19:16:09,718 | INFO     |   → 466/1544: ✅ 0 взято | 🗑️ 0 мусор
2026-07-25 19:16:09,718 | INFO     |   → 467/1544: ✅ 1 взято | 🗑️ 229 мусор
2026-07-25 19:16:09,718 | INFO     |   → 468/1544: ✅ 0 взято | 🗑️ 0 мусор
2026-07-25 19:16:09,718 | INFO     |   → 469/1544: ✅ 1 взято | 🗑️ 131 мусор
2026-07-25 19:16:09,718 | INFO     |   → 470/1544: ✅ 0 взято | 🗑️ 0 мусор
2026-07-25 19:16:09,718 | INFO     |   → 471/1544: ✅ 3 взято | 🗑️ 257 мусор
2026-07-25 19:16:09,718 | INFO     |   → 472/1544: ✅ 0 взято | 🗑️ 0 мусор
2026-07-25 19:16:09,718 | INFO     |   → 473/1544: ✅ 0 взято | 🗑️ 180 мусор
2026-07-25 19:16:09,718 | INFO     |   → 474/1544: ✅ 0 взято | 🗑️ 0 мусор
2026-07-25 19:16:09,718 | INFO     |   → 475/1544: ✅ 0 взято | 🗑️ 191 мусор
2026-07-25 19:16:09,718 | INFO     |   → 476/1544: ✅ 0 взято | 🗑️ 0 мусор
2026-07-25 19:16:09,718 | INFO     |   → 477/1544: ✅ 1 взято | 🗑️ 224 мусор
2026-07-25 19:16:09,718 | INFO     |   → 478/1544: ✅ 0 взято | 🗑️ 0 мусор
2026-07-25 19:16:09,718 | INFO     |   → 479/1544: ✅ 2 взято | 🗑️ 183 мусор
2026-07-25 19:16:09,718 | INFO     |   → 480/1544: ✅ 0 взято | 🗑️ 0 мусор
2026-07-25 19:16:09,718 | INFO     |   → 481/1544: ✅ 0 взято | 🗑️ 171 мусор
2026-07-25 19:16:09,718 | INFO     |   → 482/1544: ✅ 0 взято | 🗑️ 0 мусор
2026-07-25 19:16:09,718 | INFO     |   → 483/1544 ⚠️ Ошибка: HTTPSConnectionPool(host='ivuxy.tech', port=443): Max retries exceeded with url: /v.txt (Caused by NameResolutionError("HTTPSConnection(host='ivuxy.tech', port=443): Failed to resolve 'ivuxy.tech' ([Errno -2] Name or service not known)")) — https://ivuxy.tech/v.txt
2026-07-25 19:16:09,718 | INFO     |   → 484/1544 ⚠️ Ошибка: HTTPSConnectionPool(host='mirror.ghproxy.com', port=443): Max retries exceeded with url: /https://raw.githubusercontent.com/Barabama/FreeNodes/master/nodes/blues.txt (Caused by NameResolutionError("HTTPSConnection(host='mirror.ghproxy.com', port=443): Failed to resolve 'mirror.ghproxy.com' ([Errno -2] Name or service not known)")) — https://mirror.ghproxy.com/https://raw.githubusercontent.com/Barabama/FreeNodes/master/nodes/blues.txt
2026-07-25 19:16:09,718 | INFO     |   → 485/1544 ⚠️ Ошибка: HTTPSConnectionPool(host='mirror.ghproxy.com', port=443): Max retries exceeded with url: /https://raw.githubusercontent.com/Barabama/FreeNodes/master/nodes/halekj.txt (Caused by NameResolutionError("HTTPSConnection(host='mirror.ghproxy.com', port=443): Failed to resolve 'mirror.ghproxy.com' ([Errno -2] Name or service not known)")) — https://mirror.ghproxy.com/https://raw.githubusercontent.com/Barabama/FreeNodes/master/nodes/halekj.txt
2026-07-25 19:16:09,718 | INFO     |   → 486/1544 ⚠️ Ошибка: HTTPSConnectionPool(host='mirror.ghproxy.com', port=443): Max retries exceeded with url: /https://raw.githubusercontent.com/Barabama/FreeNodes/master/nodes/kkzui.txt (Caused by NameResolutionError("HTTPSConnection(host='mirror.ghproxy.com', port=443): Failed to resolve 'mirror.ghproxy.com' ([Errno -2] Name or service not known)")) — https://mirror.ghproxy.com/https://raw.githubusercontent.com/Barabama/FreeNodes/master/nodes/kkzui.txt
2026-07-25 19:16:09,718 | INFO     |   → 487/1544 ⚠️ Ошибка: HTTPSConnectionPool(host='mirror.ghproxy.com', port=443): Max retries exceeded with url: /https://raw.githubusercontent.com/Barabama/FreeNodes/master/nodes/merged.txt (Caused by NameResolutionError("HTTPSConnection(host='mirror.ghproxy.com', port=443): Failed to resolve 'mirror.ghproxy.com' ([Errno -2] Name or service not known)")) — https://mirror.ghproxy.com/https://raw.githubusercontent.com/Barabama/FreeNodes/master/nodes/merged.txt
2026-07-25 19:16:09,719 | INFO     |   → 488/1544 ⚠️ Ошибка: HTTPSConnectionPool(host='mirror.ghproxy.com', port=443): Max retries exceeded with url: /https://raw.githubusercontent.com/Barabama/FreeNodes/master/nodes/nodefree.txt (Caused by NameResolutionError("HTTPSConnection(host='mirror.ghproxy.com', port=443): Failed to resolve 'mirror.ghproxy.com' ([Errno -2] Name or service not known)")) — https://mirror.ghproxy.com/https://raw.githubusercontent.com/Barabama/FreeNodes/master/nodes/nodefree.txt
2026-07-25 19:16:09,719 | INFO     |   → 489/1544 ⚠️ Ошибка: HTTPSConnectionPool(host='mirror.ghproxy.com', port=443): Max retries exceeded with url: /https://raw.githubusercontent.com/Barabama/FreeNodes/master/nodes/openrunner.txt (Caused by NameResolutionError("HTTPSConnection(host='mirror.ghproxy.com', port=443): Failed to resolve 'mirror.ghproxy.com' ([Errno -2] Name or service not known)")) — https://mirror.ghproxy.com/https://raw.githubusercontent.com/Barabama/FreeNodes/master/nodes/openrunner.txt
2026-07-25 19:16:09,719 | INFO     |   → 490/1544 ⚠️ Ошибка: HTTPSConnectionPool(host='mirror.ghproxy.com', port=443): Max retries exceeded with url: /https://raw.githubusercontent.com/Barabama/FreeNodes/master/nodes/v2rayshare.txt (Caused by NameResolutionError("HTTPSConnection(host='mirror.ghproxy.com', port=443): Failed to resolve 'mirror.ghproxy.com' ([Errno -2] Name or service not known)")) — https://mirror.ghproxy.com/https://raw.githubusercontent.com/Barabama/FreeNodes/master/nodes/v2rayshare.txt
2026-07-25 19:16:09,719 | INFO     |   → 491/1544 ⚠️ Ошибка: HTTPSConnectionPool(host='mirror.ghproxy.com', port=443): Max retries exceeded with url: /https://raw.githubusercontent.com/Barabama/FreeNodes/master/nodes/wenode.txt (Caused by NameResolutionError("HTTPSConnection(host='mirror.ghproxy.com', port=443): Failed to resolve 'mirror.ghproxy.com' ([Errno -2] Name or service not known)")) — https://mirror.ghproxy.com/https://raw.githubusercontent.com/Barabama/FreeNodes/master/nodes/wenode.txt
2026-07-25 19:16:09,719 | INFO     |   → 492/1544 ⚠️ Ошибка: HTTPSConnectionPool(host='mirror.ghproxy.com', port=443): Max retries exceeded with url: /https://raw.githubusercontent.com/Barabama/FreeNodes/master/nodes/yudou66.txt (Caused by NameResolutionError("HTTPSConnection(host='mirror.ghproxy.com', port=443): Failed to resolve 'mirror.ghproxy.com' ([Errno -2] Name or service not known)")) — https://mirror.ghproxy.com/https://raw.githubusercontent.com/Barabama/FreeNodes/master/nodes/yudou66.txt
2026-07-25 19:16:09,719 | INFO     |   → 493/1544: ✅ 7 взято | 🗑️ 17 мусор
2026-07-25 19:16:09,719 | INFO     |   → 494/1544: ✅ 0 взято | 🗑️ 17 мусор
2026-07-25 19:16:09,719 | INFO     |   → 495/1544: ✅ 14 взято | 🗑️ 14 мусор
2026-07-25 19:16:09,719 | INFO     |   → 496/1544: ✅ 0 взято | 🗑️ 14 мусор
2026-07-25 19:16:09,719 | INFO     |   → 497/1544: ✅ 0 взято | 🗑️ 14 мусор
2026-07-25 19:16:09,719 | INFO     |   → 498/1544: ✅ 0 взято | 🗑️ 14 мусор
2026-07-25 19:16:09,719 | INFO     |   → 499/1544: ✅ 0 взято | 🗑️ 14 мусор
2026-07-25 19:16:09,719 | INFO     |   → 500/1544: ✅ 0 взято | 🗑️ 14 мусор
2026-07-25 19:16:09,719 | INFO     |   → 501/1544: ✅ 0 взято | 🗑️ 14 мусор
2026-07-25 19:16:09,719 | INFO     |   → 502/1544: ✅ 0 взято | 🗑️ 14 мусор
2026-07-25 19:16:09,719 | INFO     |   → 503/1544: ✅ 0 взято | 🗑️ 14 мусор
2026-07-25 19:16:09,719 | INFO     |   → 504/1544: ✅ 7 взято | 🗑️ 21 мусор
2026-07-25 19:16:09,719 | INFO     |   → 505/1544: ✅ 0 взято | 🗑️ 21 мусор
2026-07-25 19:16:09,719 | INFO     |   → 506/1544: ✅ 0 взято | 🗑️ 21 мусор
2026-07-25 19:16:09,719 | INFO     |   → 507/1544: ✅ 0 взято | 🗑️ 21 мусор
2026-07-25 19:16:09,719 | INFO     |   → 508/1544: ✅ 0 взято | 🗑️ 21 мусор
2026-07-25 19:16:09,719 | INFO     |   → 509/1544: ✅ 0 взято | 🗑️ 21 мусор
2026-07-25 19:16:09,719 | INFO     |   → 510/1544: ✅ 0 взято | 🗑️ 21 мусор
2026-07-25 19:16:09,719 | INFO     |   → 511/1544: ✅ 0 взято | 🗑️ 21 мусор
2026-07-25 19:16:09,719 | INFO     |   → 512/1544: ✅ 0 взято | 🗑️ 21 мусор
2026-07-25 19:16:09,719 | INFO     |   → 513/1544: ✅ 0 взято | 🗑️ 21 мусор
2026-07-25 19:16:09,719 | INFO     |   → 514/1544: ✅ 0 взято | 🗑️ 21 мусор
2026-07-25 19:16:09,719 | INFO     |   → 515/1544: ✅ 5 взято | 🗑️ 15 мусор
2026-07-25 19:16:09,719 | INFO     |   → 516/1544: ✅ 0 взято | 🗑️ 15 мусор
2026-07-25 19:16:09,719 | INFO     |   → 517/1544: ✅ 0 взято | 🗑️ 15 мусор
2026-07-25 19:16:09,719 | INFO     |   → 518/1544: ✅ 0 взято | 🗑️ 15 мусор
2026-07-25 19:16:09,719 | INFO     |   → 519/1544: ✅ 0 взято | 🗑️ 15 мусор
2026-07-25 19:16:09,719 | INFO     |   → 520/1544: ✅ 0 взято | 🗑️ 15 мусор
2026-07-25 19:16:09,719 | INFO     |   → 521/1544: ✅ 0 взято | 🗑️ 15 мусор
2026-07-25 19:16:09,719 | INFO     |   → 522/1544: ✅ 0 взято | 🗑️ 15 мусор
2026-07-25 19:16:09,719 | INFO     |   → 523/1544: ✅ 0 взято | 🗑️ 15 мусор
2026-07-25 19:16:09,719 | INFO     |   → 524/1544: ✅ 0 взято | 🗑️ 14 мусор
2026-07-25 19:16:09,719 | INFO     |   → 525/1544: ✅ 0 взято | 🗑️ 14 мусор
2026-07-25 19:16:09,719 | INFO     |   → 526/1544: ✅ 0 взято | 🗑️ 14 мусор
2026-07-25 19:16:09,719 | INFO     |   → 527/1544: ✅ 0 взято | 🗑️ 14 мусор
2026-07-25 19:16:09,719 | INFO     |   → 528/1544: ✅ 6 взято | 🗑️ 17 мусор
2026-07-25 19:16:09,719 | INFO     |   → 529/1544: ✅ 0 взято | 🗑️ 17 мусор
2026-07-25 19:16:09,719 | INFO     |   → 530/1544: ✅ 0 взято | 🗑️ 17 мусор
2026-07-25 19:16:09,719 | INFO     |   → 531/1544: ✅ 0 взято | 🗑️ 17 мусор
2026-07-25 19:16:09,719 | INFO     |   → 532/1544: ✅ 0 взято | 🗑️ 17 мусор
2026-07-25 19:16:09,719 | INFO     |   → 533/1544: ✅ 0 взято | 🗑️ 17 мусор
2026-07-25 19:16:09,719 | INFO     |   → 534/1544: ✅ 6 взято | 🗑️ 24 мусор
2026-07-25 19:16:09,719 | INFO     |   → 535/1544: ✅ 0 взято | 🗑️ 24 мусор
2026-07-25 19:16:09,719 | INFO     |   → 536/1544: ✅ 0 взято | 🗑️ 24 мусор
2026-07-25 19:16:09,719 | INFO     |   → 537/1544: ✅ 0 взято | 🗑️ 24 мусор
2026-07-25 19:16:09,719 | INFO     |   → 538/1544: ✅ 0 взято | 🗑️ 24 мусор
2026-07-25 19:16:09,719 | INFO     |   → 539/1544: ✅ 0 взято | 🗑️ 24 мусор
2026-07-25 19:16:09,719 | INFO     |   → 540/1544: ✅ 0 взято | 🗑️ 24 мусор
2026-07-25 19:16:09,719 | INFO     |   → 541/1544: ✅ 0 взято | 🗑️ 24 мусор
2026-07-25 19:16:09,719 | INFO     |   → 542/1544: ✅ 0 взято | 🗑️ 24 мусор
2026-07-25 19:16:09,719 | INFO     |   → 543/1544: ✅ 0 взято | 🗑️ 24 мусор
2026-07-25 19:16:09,719 | INFO     |   → 544/1544: ✅ 0 взято | 🗑️ 24 мусор
2026-07-25 19:16:09,719 | INFO     |   → 545/1544: ✅ 13 взято | 🗑️ 7 мусор
2026-07-25 19:16:09,719 | INFO     |   → 546/1544: ✅ 0 взято | 🗑️ 7 мусор
2026-07-25 19:16:09,719 | INFO     |   → 547/1544: ✅ 0 взято | 🗑️ 7 мусор
2026-07-25 19:16:09,720 | INFO     |   → 548/1544: ✅ 0 взято | 🗑️ 7 мусор
2026-07-25 19:16:09,720 | INFO     |   → 549/1544: ✅ 0 взято | 🗑️ 7 мусор
2026-07-25 19:16:09,720 | INFO     |   → 550/1544: ✅ 0 взято | 🗑️ 7 мусор
2026-07-25 19:16:09,720 | INFO     |   → 551/1544: ✅ 0 взято | 🗑️ 7 мусор
2026-07-25 19:16:09,720 | INFO     |   → 552/1544: ✅ 0 взято | 🗑️ 7 мусор
2026-07-25 19:16:09,720 | INFO     |   → 553/1544: ✅ 0 взято | 🗑️ 7 мусор
2026-07-25 19:16:09,720 | INFO     |   → 554/1544: ✅ 0 взято | 🗑️ 7 мусор
2026-07-25 19:16:09,720 | INFO     |   → 555/1544: ✅ 5 взято | 🗑️ 9 мусор
2026-07-25 19:16:09,720 | INFO     |   → 556/1544: ✅ 0 взято | 🗑️ 9 мусор
2026-07-25 19:16:09,720 | INFO     |   → 557/1544: ✅ 0 взято | 🗑️ 9 мусор
2026-07-25 19:16:09,720 | INFO     |   → 558/1544: ✅ 0 взято | 🗑️ 9 мусор
2026-07-25 19:16:09,720 | INFO     |   → 559/1544: ✅ 0 взято | 🗑️ 9 мусор
2026-07-25 19:16:09,720 | INFO     |   → 560/1544: ✅ 0 взято | 🗑️ 9 мусор
2026-07-25 19:16:09,720 | INFO     |   → 561/1544: ✅ 0 взято | 🗑️ 9 мусор
2026-07-25 19:16:09,720 | INFO     |   → 562/1544: ✅ 0 взято | 🗑️ 9 мусор
2026-07-25 19:16:09,720 | INFO     |   → 563/1544: ✅ 0 взято | 🗑️ 9 мусор
2026-07-25 19:16:09,720 | INFO     |   → 564/1544: ✅ 0 взято | 🗑️ 9 мусор
2026-07-25 19:16:09,720 | INFO     |   → 565/1544: ✅ 13 взято | 🗑️ 10 мусор
2026-07-25 19:16:09,720 | INFO     |   → 566/1544: ✅ 0 взято | 🗑️ 10 мусор
2026-07-25 19:16:09,720 | INFO     |   → 567/1544: ✅ 0 взято | 🗑️ 10 мусор
2026-07-25 19:16:09,720 | INFO     |   → 568/1544: ✅ 0 взято | 🗑️ 10 мусор
2026-07-25 19:16:09,720 | INFO     |   → 569/1544: ✅ 0 взято | 🗑️ 10 мусор
2026-07-25 19:16:09,720 | INFO     |   → 570/1544: ✅ 0 взято | 🗑️ 10 мусор
2026-07-25 19:16:09,720 | INFO     |   → 571/1544: ✅ 0 взято | 🗑️ 10 мусор
2026-07-25 19:16:09,720 | INFO     |   → 572/1544: ✅ 0 взято | 🗑️ 10 мусор
2026-07-25 19:16:09,720 | INFO     |   → 573/1544: ✅ 0 взято | 🗑️ 10 мусор
2026-07-25 19:16:09,720 | INFO     |   → 574/1544: ✅ 0 взято | 🗑️ 10 мусор
2026-07-25 19:16:09,720 | INFO     |   → 575/1544: ✅ 0 взято | 🗑️ 7 мусор
2026-07-25 19:16:09,720 | INFO     |   → 576/1544: ✅ 0 взято | 🗑️ 7 мусор
2026-07-25 19:16:09,720 | INFO     |   → 577/1544 ⚠️ Ошибка: HTTPSConnectionPool(host='nodefree.githubrowcontent.com', port=443): Max retries exceeded with url: /2024/07/20240705.yaml (Caused by NameResolutionError("HTTPSConnection(host='nodefree.githubrowcontent.com', port=443): Failed to resolve 'nodefree.githubrowcontent.com' ([Errno -2] Name or service not known)")) — https://nodefree.org/dy/2023/08/20230806.yaml
2026-07-25 19:16:09,720 | INFO     |   → 578/1544 ⚠️ Ошибка: HTTPSConnectionPool(host='nodefree.githubrowcontent.com', port=443): Max retries exceeded with url: /2024/07/20240705.txt (Caused by NameResolutionError("HTTPSConnection(host='nodefree.githubrowcontent.com', port=443): Failed to resolve 'nodefree.githubrowcontent.com' ([Errno -2] Name or service not known)")) — https://nodefree.org/dy/2023/12/20231221.txt
2026-07-25 19:16:09,720 | INFO     |   → 579/1544: ✅ 0 взято | 🗑️ 17 мусор
2026-07-25 19:16:09,720 | INFO     |   → 580/1544: ✅ 0 взято | 🗑️ 17 мусор
2026-07-25 19:16:09,720 | INFO     |   → 581/1544: ✅ 0 взято | 🗑️ 14 мусор
2026-07-25 19:16:09,720 | INFO     |   → 582/1544: ✅ 0 взято | 🗑️ 14 мусор
2026-07-25 19:16:09,720 | INFO     |   → 583/1544: ✅ 0 взято | 🗑️ 14 мусор
2026-07-25 19:16:09,720 | INFO     |   → 584/1544: ✅ 0 взято | 🗑️ 14 мусор
2026-07-25 19:16:09,720 | INFO     |   → 585/1544: ✅ 0 взято | 🗑️ 14 мусор
2026-07-25 19:16:09,720 | INFO     |   → 586/1544: ✅ 0 взято | 🗑️ 14 мусор
2026-07-25 19:16:09,720 | INFO     |   → 587/1544: ✅ 0 взято | 🗑️ 14 мусор
2026-07-25 19:16:09,720 | INFO     |   → 588/1544: ✅ 0 взято | 🗑️ 14 мусор
2026-07-25 19:16:09,720 | INFO     |   → 589/1544: ✅ 0 взято | 🗑️ 14 мусор
2026-07-25 19:16:09,720 | INFO     |   → 590/1544: ✅ 0 взято | 🗑️ 21 мусор
2026-07-25 19:16:09,720 | INFO     |   → 591/1544: ✅ 0 взято | 🗑️ 21 мусор
2026-07-25 19:16:09,720 | INFO     |   → 592/1544: ✅ 0 взято | 🗑️ 21 мусор
2026-07-25 19:16:09,720 | INFO     |   → 593/1544: ✅ 0 взято | 🗑️ 21 мусор
2026-07-25 19:16:09,720 | INFO     |   → 594/1544: ✅ 0 взято | 🗑️ 21 мусор
2026-07-25 19:16:09,720 | INFO     |   → 595/1544: ✅ 0 взято | 🗑️ 21 мусор
2026-07-25 19:16:09,720 | INFO     |   → 596/1544: ✅ 0 взято | 🗑️ 21 мусор
2026-07-25 19:16:09,720 | INFO     |   → 597/1544: ✅ 0 взято | 🗑️ 21 мусор
2026-07-25 19:16:09,720 | INFO     |   → 598/1544: ✅ 0 взято | 🗑️ 21 мусор
2026-07-25 19:16:09,720 | INFO     |   → 599/1544: ✅ 0 взято | 🗑️ 21 мусор
2026-07-25 19:16:09,720 | INFO     |   → 600/1544: ✅ 0 взято | 🗑️ 21 мусор
2026-07-25 19:16:09,720 | INFO     |   → 601/1544: ✅ 0 взято | 🗑️ 15 мусор
2026-07-25 19:16:09,720 | INFO     |   → 602/1544: ✅ 0 взято | 🗑️ 15 мусор
2026-07-25 19:16:09,720 | INFO     |   → 603/1544: ✅ 0 взято | 🗑️ 15 мусор
2026-07-25 19:16:09,720 | INFO     |   → 604/1544: ✅ 0 взято | 🗑️ 15 мусор
2026-07-25 19:16:09,720 | INFO     |   → 605/1544: ✅ 0 взято | 🗑️ 15 мусор
2026-07-25 19:16:09,720 | INFO     |   → 606/1544: ✅ 0 взято | 🗑️ 15 мусор
2026-07-25 19:16:09,720 | INFO     |   → 607/1544: ✅ 0 взято | 🗑️ 15 мусор
2026-07-25 19:16:09,720 | INFO     |   → 608/1544: ✅ 0 взято | 🗑️ 15 мусор
2026-07-25 19:16:09,720 | INFO     |   → 609/1544: ✅ 0 взято | 🗑️ 15 мусор
2026-07-25 19:16:09,720 | INFO     |   → 610/1544: ✅ 0 взято | 🗑️ 15 мусор
2026-07-25 19:16:09,720 | INFO     |   → 611/1544: ✅ 0 взято | 🗑️ 14 мусор
2026-07-25 19:16:09,720 | INFO     |   → 612/1544: ✅ 0 взято | 🗑️ 14 мусор
2026-07-25 19:16:09,721 | INFO     |   → 613/1544: ✅ 0 взято | 🗑️ 14 мусор
2026-07-25 19:16:09,721 | INFO     |   → 614/1544: ✅ 0 взято | 🗑️ 14 мусор
2026-07-25 19:16:09,721 | INFO     |   → 615/1544: ✅ 0 взято | 🗑️ 17 мусор
2026-07-25 19:16:09,721 | INFO     |   → 616/1544: ✅ 0 взято | 🗑️ 17 мусор
2026-07-25 19:16:09,721 | INFO     |   → 617/1544: ✅ 0 взято | 🗑️ 17 мусор
2026-07-25 19:16:09,721 | INFO     |   → 618/1544: ✅ 0 взято | 🗑️ 17 мусор
2026-07-25 19:16:09,721 | INFO     |   → 619/1544: ✅ 0 взято | 🗑️ 17 мусор
2026-07-25 19:16:09,721 | INFO     |   → 620/1544: ✅ 0 взято | 🗑️ 24 мусор
2026-07-25 19:16:09,721 | INFO     |   → 621/1544: ✅ 0 взято | 🗑️ 24 мусор
2026-07-25 19:16:09,721 | INFO     |   → 622/1544: ✅ 0 взято | 🗑️ 24 мусор
2026-07-25 19:16:09,721 | INFO     |   → 623/1544: ✅ 0 взято | 🗑️ 24 мусор
2026-07-25 19:16:09,721 | INFO     |   → 624/1544: ✅ 0 взято | 🗑️ 24 мусор
2026-07-25 19:16:09,721 | INFO     |   → 625/1544: ✅ 0 взято | 🗑️ 24 мусор
2026-07-25 19:16:09,721 | INFO     |   → 626/1544: ✅ 0 взято | 🗑️ 24 мусор
2026-07-25 19:16:09,721 | INFO     |   → 627/1544: ✅ 0 взято | 🗑️ 24 мусор
2026-07-25 19:16:09,721 | INFO     |   → 628/1544: ✅ 0 взято | 🗑️ 24 мусор
2026-07-25 19:16:09,721 | INFO     |   → 629/1544: ✅ 0 взято | 🗑️ 24 мусор
2026-07-25 19:16:09,721 | INFO     |   → 630/1544: ✅ 0 взято | 🗑️ 24 мусор
2026-07-25 19:16:09,721 | INFO     |   → 631/1544: ✅ 0 взято | 🗑️ 7 мусор
2026-07-25 19:16:09,721 | INFO     |   → 632/1544: ✅ 0 взято | 🗑️ 7 мусор
2026-07-25 19:16:09,721 | INFO     |   → 633/1544: ✅ 0 взято | 🗑️ 7 мусор
2026-07-25 19:16:09,721 | INFO     |   → 634/1544: ✅ 0 взято | 🗑️ 7 мусор
2026-07-25 19:16:09,721 | INFO     |   → 635/1544: ✅ 0 взято | 🗑️ 7 мусор
2026-07-25 19:16:09,721 | INFO     |   → 636/1544: ✅ 0 взято | 🗑️ 7 мусор
2026-07-25 19:16:09,721 | INFO     |   → 637/1544: ✅ 0 взято | 🗑️ 7 мусор
2026-07-25 19:16:09,721 | INFO     |   → 638/1544: ✅ 0 взято | 🗑️ 7 мусор
2026-07-25 19:16:09,721 | INFO     |   → 639/1544: ✅ 0 взято | 🗑️ 7 мусор
2026-07-25 19:16:09,721 | INFO     |   → 640/1544: ✅ 0 взято | 🗑️ 7 мусор
2026-07-25 19:16:09,721 | INFO     |   → 641/1544: ✅ 0 взято | 🗑️ 9 мусор
2026-07-25 19:16:09,721 | INFO     |   → 642/1544: ✅ 0 взято | 🗑️ 9 мусор
2026-07-25 19:16:09,721 | INFO     |   → 643/1544: ✅ 0 взято | 🗑️ 9 мусор
2026-07-25 19:16:09,721 | INFO     |   → 644/1544: ✅ 0 взято | 🗑️ 9 мусор
2026-07-25 19:16:09,721 | INFO     |   → 645/1544: ✅ 0 взято | 🗑️ 9 мусор
2026-07-25 19:16:09,721 | INFO     |   → 646/1544: ✅ 0 взято | 🗑️ 9 мусор
2026-07-25 19:16:09,721 | INFO     |   → 647/1544: ✅ 0 взято | 🗑️ 9 мусор
2026-07-25 19:16:09,721 | INFO     |   → 648/1544: ✅ 0 взято | 🗑️ 9 мусор
2026-07-25 19:16:09,721 | INFO     |   → 649/1544: ✅ 0 взято | 🗑️ 9 мусор
2026-07-25 19:16:09,721 | INFO     |   → 650/1544: ✅ 0 взято | 🗑️ 9 мусор
2026-07-25 19:16:09,721 | INFO     |   → 651/1544: ✅ 0 взято | 🗑️ 10 мусор
2026-07-25 19:16:09,721 | INFO     |   → 652/1544: ✅ 0 взято | 🗑️ 10 мусор
2026-07-25 19:16:09,721 | INFO     |   → 653/1544: ✅ 0 взято | 🗑️ 10 мусор
2026-07-25 19:16:09,721 | INFO     |   → 654/1544: ✅ 0 взято | 🗑️ 10 мусор
2026-07-25 19:16:09,721 | INFO     |   → 655/1544: ✅ 0 взято | 🗑️ 10 мусор
2026-07-25 19:16:09,721 | INFO     |   → 656/1544: ✅ 0 взято | 🗑️ 10 мусор
2026-07-25 19:16:09,721 | INFO     |   → 657/1544: ✅ 0 взято | 🗑️ 10 мусор
2026-07-25 19:16:09,721 | INFO     |   → 658/1544: ✅ 0 взято | 🗑️ 10 мусор
2026-07-25 19:16:09,721 | INFO     |   → 659/1544: ✅ 0 взято | 🗑️ 10 мусор
2026-07-25 19:16:09,721 | INFO     |   → 660/1544: ✅ 0 взято | 🗑️ 10 мусор
2026-07-25 19:16:09,721 | INFO     |   → 661/1544: ✅ 0 взято | 🗑️ 7 мусор
2026-07-25 19:16:09,721 | INFO     |   → 662/1544 ❌ HTTP 404 — https://raw.githubusercontent.com/0i0/deepme-crawler/main/crawled.repos/1.txt
2026-07-25 19:16:09,721 | INFO     |   → 663/1544 ❌ HTTP 404 — https://raw.githubusercontent.com/0i0/deepme-crawler/main/crawled.repos/Z.txt
2026-07-25 19:16:09,721 | INFO     |   → 664/1544 ❌ HTTP 404 — https://raw.githubusercontent.com/0i0/deepme-crawler/main/crawled.repos/i.txt
2026-07-25 19:16:09,721 | INFO     |   → 665/1544 ❌ HTTP 404 — https://raw.githubusercontent.com/0i0/deepme-crawler/main/crawled.repos/q.txt
2026-07-25 19:16:09,721 | INFO     |   → 666/1544: ✅ 0 взято | 🗑️ 0 мусор
2026-07-25 19:16:09,721 | INFO     |   → 667/1544: ✅ 0 взято | 🗑️ 0 мусор
2026-07-25 19:16:09,721 | INFO     |   → 668/1544: ✅ 0 взято | 🗑️ 0 мусор
2026-07-25 19:16:09,721 | INFO     |   → 669/1544: ✅ 0 взято | 🗑️ 0 мусор
2026-07-25 19:16:09,721 | INFO     |   → 670/1544: ✅ 0 взято | 🗑️ 0 мусор
2026-07-25 19:16:09,721 | INFO     |   → 671/1544: ✅ 0 взято | 🗑️ 0 мусор
2026-07-25 19:16:09,721 | INFO     |   → 672/1544: ✅ 0 взято | 🗑️ 0 мусор
2026-07-25 19:16:09,721 | INFO     |   → 673/1544: ✅ 0 взято | 🗑️ 0 мусор
2026-07-25 19:16:09,721 | INFO     |   → 674/1544: ✅ 0 взято | 🗑️ 0 мусор
2026-07-25 19:16:09,721 | INFO     |   → 675/1544: ✅ 0 взято | 🗑️ 0 мусор
2026-07-25 19:16:09,721 | INFO     |   → 676/1544: ✅ 0 взято | 🗑️ 0 мусор
2026-07-25 19:16:09,721 | INFO     |   → 677/1544: ✅ 0 взято | 🗑️ 0 мусор
2026-07-25 19:16:09,721 | INFO     |   → 678/1544: ✅ 0 взято | 🗑️ 0 мусор
2026-07-25 19:16:09,722 | INFO     |   → 679/1544 ❌ HTTP 404 — https://raw.githubusercontent.com/10ium/MihomoSaz/main/Sublist/shatakvpn.yaml4_Sub.txt
2026-07-25 19:16:09,722 | INFO     |   → 680/1544: ✅ 0 взято | 🗑️ 0 мусор
2026-07-25 19:16:09,722 | INFO     |   → 681/1544: ✅ 0 взято | 🗑️ 0 мусор
2026-07-25 19:16:09,722 | INFO     |   → 682/1544: ✅ 0 взято | 🗑️ 0 мусор
2026-07-25 19:16:09,722 | INFO     |   → 683/1544: ✅ 167 взято | 🗑️ 672 мусор
2026-07-25 19:16:09,722 | INFO     |   → 684/1544: ✅ 0 взято | 🗑️ 0 мусор
2026-07-25 19:16:09,722 | INFO     |   → 685/1544: ✅ 0 взято | 🗑️ 0 мусор
2026-07-25 19:16:09,722 | INFO     |   → 686/1544 ❌ HTTP 404 — https://raw.githubusercontent.com/1979139113/0day-today-exploits/main/28798.txt
2026-07-25 19:16:09,722 | INFO     |   → 687/1544: ✅ 11 взято | 🗑️ 399 мусор
2026-07-25 19:16:09,722 | INFO     |   → 688/1544 ❌ HTTP 404 — https://raw.githubusercontent.com/372groupproject/milestones-team9-jiachengyang-wenkaizheng/main/video.txt
2026-07-25 19:16:09,722 | INFO     |   → 689/1544: ✅ 240 взято | 🗑️ 173 мусор
2026-07-25 19:16:09,722 | INFO     |   → 690/1544: ✅ 25 взято | 🗑️ 0 мусор
2026-07-25 19:16:09,722 | INFO     |   → 691/1544: ✅ 0 взято | 🗑️ 0 мусор
2026-07-25 19:16:09,722 | INFO     |   → 692/1544 ❌ HTTP 404 — https://raw.githubusercontent.com/9Fork/openit/main/Clash.yaml
2026-07-25 19:16:09,722 | INFO     |   → 693/1544: ✅ 111 взято | 🗑️ 573 мусор
2026-07-25 19:16:09,722 | INFO     |   → 694/1544: ✅ 0 взято | 🗑️ 573 мусор
2026-07-25 19:16:09,722 | INFO     |   → 695/1544: ✅ 0 взято | 🗑️ 573 мусор
2026-07-25 19:16:09,722 | INFO     |   → 696/1544 ❌ HTTP 404 — https://raw.githubusercontent.com/ASC8384/myRime/main/custom_phrase.txt
2026-07-25 19:16:09,722 | INFO     |   → 697/1544: ✅ 0 взято | 🗑️ 0 мусор
2026-07-25 19:16:09,722 | INFO     |   → 698/1544: ✅ 19 взято | 🗑️ 81 мусор
2026-07-25 19:16:09,722 | INFO     |   → 699/1544: ✅ 11 взято | 🗑️ 87 мусор
2026-07-25 19:16:09,722 | INFO     |   → 700/1544: ✅ 27 взято | 🗑️ 73 мусор
2026-07-25 19:16:09,722 | INFO     |   → 701/1544: ✅ 13 взято | 🗑️ 75 мусор
2026-07-25 19:16:09,722 | INFO     |   → 702/1544: ✅ 10 взято | 🗑️ 83 мусор
2026-07-25 19:16:09,722 | INFO     |   → 703/1544: ✅ 12 взято | 🗑️ 86 мусор
2026-07-25 19:16:09,722 | INFO     |   → 704/1544: ✅ 11 взято | 🗑️ 87 мусор
2026-07-25 19:16:09,722 | INFO     |   → 705/1544: ✅ 11 взято | 🗑️ 80 мусор
2026-07-25 19:16:09,722 | INFO     |   → 706/1544: ✅ 9 взято | 🗑️ 82 мусор
2026-07-25 19:16:09,722 | INFO     |   → 707/1544: ✅ 69 взято | 🗑️ 3 мусор
2026-07-25 19:16:09,722 | INFO     |   → 708/1544: ✅ 3 взято | 🗑️ 75 мусор
2026-07-25 19:16:09,722 | INFO     |   → 709/1544: ✅ 4 взято | 🗑️ 69 мусор
2026-07-25 19:16:09,722 | INFO     |   → 710/1544: ✅ 4 взято | 🗑️ 80 мусор
2026-07-25 19:16:09,722 | INFO     |   → 711/1544: ✅ 6 взято | 🗑️ 81 мусор
2026-07-25 19:16:09,722 | INFO     |   → 712/1544: ✅ 5 взято | 🗑️ 79 мусор
2026-07-25 19:16:09,722 | INFO     |   → 713/1544: ✅ 11 взято | 🗑️ 78 мусор
2026-07-25 19:16:09,722 | INFO     |   → 714/1544: ✅ 3 взято | 🗑️ 83 мусор
2026-07-25 19:16:09,722 | INFO     |   → 715/1544: ✅ 14 взято | 🗑️ 76 мусор
2026-07-25 19:16:09,722 | INFO     |   → 716/1544: ✅ 12 взято | 🗑️ 78 мусор
2026-07-25 19:16:09,722 | INFO     |   → 717/1544: ✅ 26 взято | 🗑️ 218 мусор
2026-07-25 19:16:09,722 | INFO     |   → 718/1544: ✅ 44 взято | 🗑️ 141 мусор
2026-07-25 19:16:09,722 | INFO     |   → 719/1544: ✅ 10 взято | 🗑️ 71 мусор
2026-07-25 19:16:09,722 | INFO     |   → 720/1544: ✅ 2 взято | 🗑️ 88 мусор
2026-07-25 19:16:09,722 | INFO     |   → 721/1544: ✅ 0 взято | 🗑️ 3 мусор
2026-07-25 19:16:09,722 | INFO     |   → 722/1544: ✅ 14 взято | 🗑️ 4 мусор
2026-07-25 19:16:09,723 | INFO     |   → 723/1544: ✅ 703 взято | 🗑️ 2313 мусор
2026-07-25 19:16:09,723 | INFO     |   → 724/1544 ❌ HTTP 404 — https://raw.githubusercontent.com/Alvin9999/pac2/master/clash/1/config.yaml
2026-07-25 19:16:09,723 | INFO     |   → 725/1544 ❌ HTTP 404 — https://raw.githubusercontent.com/AmirHDevo/temp2/7f15e7ddb311a6f8c5ab338bd1af0e1f2136a84b/configs.txt
2026-07-25 19:16:09,723 | INFO     |   → 726/1544: ✅ 69 взято | 🗑️ 193 мусор
2026-07-25 19:16:09,723 | INFO     |   → 727/1544: ✅ 11335 взято | 🗑️ 193708 мусор
2026-07-25 19:16:09,723 | INFO     |   → 728/1544: ✅ 5 взято | 🗑️ 47 мусор
2026-07-25 19:16:09,723 | INFO     |   → 729/1544: ✅ 3 взято | 🗑️ 52 мусор
2026-07-25 19:16:09,723 | INFO     |   → 730/1544: ✅ 21 взято | 🗑️ 107 мусор
2026-07-25 19:16:09,723 | INFO     |   → 731/1544: ✅ 78 взято | 🗑️ 347 мусор
2026-07-25 19:16:09,723 | INFO     |   → 732/1544: ✅ 0 взято | 🗑️ 1373 мусор
2026-07-25 19:16:09,723 | INFO     |   → 733/1544: ✅ 391 взято | 🗑️ 1212 мусор
2026-07-25 19:16:09,723 | INFO     |   → 734/1544: ✅ 0 взято | 🗑️ 6 мусор
2026-07-25 19:16:09,723 | INFO     |   → 735/1544: ✅ 0 взято | 🗑️ 0 мусор
2026-07-25 19:16:09,723 | INFO     |   → 736/1544: ✅ 0 взято | 🗑️ 0 мусор
2026-07-25 19:16:09,723 | INFO     |   → 737/1544: ✅ 1 взято | 🗑️ 235 мусор
2026-07-25 19:16:09,723 | INFO     |   → 738/1544: ✅ 0 взято | 🗑️ 16 мусор
2026-07-25 19:16:09,723 | INFO     |   → 739/1544: ✅ 0 взято | 🗑️ 0 мусор
2026-07-25 19:16:09,723 | INFO     |   → 740/1544: ✅ 0 взято | 🗑️ 14 мусор
2026-07-25 19:16:09,723 | INFO     |   → 741/1544: ✅ 0 взято | 🗑️ 0 мусор
2026-07-25 19:16:09,723 | INFO     |   → 742/1544: ✅ 0 взято | 🗑️ 17 мусор
2026-07-25 19:16:09,723 | INFO     |   → 743/1544: ✅ 0 взято | 🗑️ 0 мусор
2026-07-25 19:16:09,723 | INFO     |   → 744/1544: ✅ 1 взято | 🗑️ 12 мусор
2026-07-25 19:16:09,723 | INFO     |   → 745/1544: ✅ 0 взято | 🗑️ 0 мусор
2026-07-25 19:16:09,723 | INFO     |   → 746/1544: ✅ 0 взято | 🗑️ 17 мусор
2026-07-25 19:16:09,723 | INFO     |   → 747/1544: ✅ 0 взято | 🗑️ 0 мусор
2026-07-25 19:16:09,723 | INFO     |   → 748/1544: ✅ 0 взято | 🗑️ 17 мусор
2026-07-25 19:16:09,723 | INFO     |   → 749/1544: ✅ 0 взято | 🗑️ 0 мусор
2026-07-25 19:16:09,723 | INFO     |   → 750/1544: ✅ 0 взято | 🗑️ 161 мусор
2026-07-25 19:16:09,723 | INFO     |   → 751/1544: ✅ 0 взято | 🗑️ 0 мусор
2026-07-25 19:16:09,723 | INFO     |   → 752/1544: ✅ 5 взято | 🗑️ 76 мусор
2026-07-25 19:16:09,724 | INFO     |   → 753/1544: ✅ 80 взято | 🗑️ 1110 мусор
2026-07-25 19:16:09,724 | INFO     |   → 754/1544: ✅ 5 взято | 🗑️ 13 мусор
2026-07-25 19:16:09,724 | INFO     |   → 755/1544 ❌ HTTP 404 — https://raw.githubusercontent.com/Epodonios/bulk-xray-v2ray-vless-vmess-...-configs/main/sub/Austria/config.txt
2026-07-25 19:16:09,724 | INFO     |   → 756/1544 ❌ HTTP 404 — https://raw.githubusercontent.com/Epodonios/bulk-xray-v2ray-vless-vmess-...-configs/main/sub/Canada/config.txt
2026-07-25 19:16:09,724 | INFO     |   → 757/1544 ❌ HTTP 404 — https://raw.githubusercontent.com/Epodonios/bulk-xray-v2ray-vless-vmess-...-configs/main/sub/Costa%20Rica/config.txt
2026-07-25 19:16:09,724 | INFO     |   → 758/1544 ❌ HTTP 404 — https://raw.githubusercontent.com/Epodonios/bulk-xray-v2ray-vless-vmess-...-configs/main/sub/France/config.txt
2026-07-25 19:16:09,724 | INFO     |   → 759/1544 ❌ HTTP 404 — https://raw.githubusercontent.com/Epodonios/bulk-xray-v2ray-vless-vmess-...-configs/main/sub/Germany/config.txt
2026-07-25 19:16:09,724 | INFO     |   → 760/1544 ❌ HTTP 404 — https://raw.githubusercontent.com/Epodonios/bulk-xray-v2ray-vless-vmess-...-configs/main/sub/Indonesia/config.txt
2026-07-25 19:16:09,724 | INFO     |   → 761/1544 ❌ HTTP 404 — https://raw.githubusercontent.com/Epodonios/bulk-xray-v2ray-vless-vmess-...-configs/main/sub/Ireland/config.txt
2026-07-25 19:16:09,724 | INFO     |   → 762/1544 ❌ HTTP 404 — https://raw.githubusercontent.com/Epodonios/bulk-xray-v2ray-vless-vmess-...-configs/main/sub/Republic%20of%20Lithuania/config.txt
2026-07-25 19:16:09,724 | INFO     |   → 763/1544 ❌ HTTP 404 — https://raw.githubusercontent.com/Epodonios/bulk-xray-v2ray-vless-vmess-...-configs/main/sub/South%20Africa/config.txt
2026-07-25 19:16:09,724 | INFO     |   → 764/1544 ❌ HTTP 404 — https://raw.githubusercontent.com/Epodonios/bulk-xray-v2ray-vless-vmess-...-configs/main/sub/Sweden/config.txt
2026-07-25 19:16:09,724 | INFO     |   → 765/1544 ❌ HTTP 404 — https://raw.githubusercontent.com/Epodonios/bulk-xray-v2ray-vless-vmess-...-configs/main/sub/Turkey/config.txt
2026-07-25 19:16:09,724 | INFO     |   → 766/1544 ❌ HTTP 404 — https://raw.githubusercontent.com/Epodonios/bulk-xray-v2ray-vless-vmess-...-configs/main/sub/United%20Arab%20Emirates/config.txt
2026-07-25 19:16:09,724 | INFO     |   → 767/1544 ❌ HTTP 404 — https://raw.githubusercontent.com/Epodonios/bulk-xray-v2ray-vless-vmess-...-configs/main/sub/United%20Kingdom/config.txt
2026-07-25 19:16:09,724 | INFO     |   → 768/1544 ❌ HTTP 404 — https://raw.githubusercontent.com/Epodonios/bulk-xray-v2ray-vless-vmess-...-configs/main/sub/United%20States/config.txt
2026-07-25 19:16:09,724 | INFO     |   → 769/1544: ✅ 48 взято | 🗑️ 6249 мусор
2026-07-25 19:16:09,724 | INFO     |   → 770/1544 ❌ HTTP 404 — https://raw.githubusercontent.com/Epodonios/v2ray-configs/main/Splitted-By-Protocol/mix.txt
2026-07-25 19:16:09,724 | INFO     |   → 771/1544: ✅ 0 взято | 🗑️ 595 мусор
2026-07-25 19:16:09,724 | INFO     |   → 772/1544: ✅ 0 взято | 🗑️ 0 мусор
2026-07-25 19:16:09,724 | INFO     |   → 773/1544: ✅ 3 взято | 🗑️ 939 мусор
2026-07-25 19:16:09,724 | INFO     |   → 774/1544: ✅ 0 взято | 🗑️ 4544 мусор
2026-07-25 19:16:09,724 | INFO     |   → 775/1544: ✅ 0 взято | 🗑️ 93 мусор
2026-07-25 19:16:09,724 | INFO     |   → 776/1544 ❌ HTTP 404 — https://raw.githubusercontent.com/Epodonios/v2ray-configs/main/Sub45.txt
2026-07-25 19:16:09,724 | INFO     |   → 777/1544 ❌ HTTP 404 — https://raw.githubusercontent.com/Epodonios/v2ray-configs/raw/main/Splitted-By-Protocol/trojan.txt
2026-07-25 19:16:09,725 | INFO     |   → 778/1544 ❌ HTTP 404 — https://raw.githubusercontent.com/Epodonios/v2ray-configs/raw/main/Splitted-By-Protocol/vmess.txt
2026-07-25 19:16:09,725 | INFO     |   → 779/1544: ✅ 0 взято | 🗑️ 595 мусор
2026-07-25 19:16:09,725 | INFO     |   → 780/1544: ✅ 0 взято | 🗑️ 0 мусор
2026-07-25 19:16:09,725 | INFO     |   → 781/1544: ✅ 0 взято | 🗑️ 939 мусор
2026-07-25 19:16:09,725 | INFO     |   → 782/1544: ✅ 0 взято | 🗑️ 4544 мусор
2026-07-25 19:16:09,725 | INFO     |   → 783/1544: ✅ 0 взято | 🗑️ 93 мусор
2026-07-25 19:16:09,725 | INFO     |   → 784/1544 ❌ HTTP 404 — https://raw.githubusercontent.com/Fido6/FreeNodes/57221e59caddde55ffdda21d491ae952cd608049/nodes/halekj.txt
2026-07-25 19:16:09,725 | INFO     |   → 785/1544 ❌ HTTP 404 — https://raw.githubusercontent.com/Fido6/FreeNodes/57221e59caddde55ffdda21d491ae952cd608049/nodes/kkzui.txt
2026-07-25 19:16:09,725 | INFO     |   → 786/1544 ❌ HTTP 404 — https://raw.githubusercontent.com/Fido6/FreeNodes/57221e59caddde55ffdda21d491ae952cd608049/nodes/wenode.txt
2026-07-25 19:16:09,725 | INFO     |   → 787/1544: ✅ 0 взято | 🗑️ 0 мусор
2026-07-25 19:16:09,725 | INFO     |   → 788/1544: ✅ 0 взято | 🗑️ 0 мусор
2026-07-25 19:16:09,725 | INFO     |   → 789/1544: ✅ 14 взято | 🗑️ 250 мусор
2026-07-25 19:16:09,725 | INFO     |   → 790/1544: ✅ 1 взято | 🗑️ 5 мусор
2026-07-25 19:16:09,725 | INFO     |   → 791/1544: ✅ 0 взято | 🗑️ 5 мусор
2026-07-25 19:16:09,725 | INFO     |   → 792/1544: ✅ 0 взято | 🗑️ 0 мусор
2026-07-25 19:16:09,725 | INFO     |   → 793/1544: ✅ 21 взято | 🗑️ 278 мусор
2026-07-25 19:16:09,725 | INFO     |   → 794/1544 ❌ HTTP 404 — https://raw.githubusercontent.com/Homeless-Xu/HomeLess-HomeLAB/main/◼︎1-Net/za-V2ray.txt
2026-07-25 19:16:09,725 | INFO     |   → 795/1544: ✅ 1 взято | 🗑️ 17 мусор
2026-07-25 19:16:09,725 | INFO     |   → 796/1544: ✅ 4 взято | 🗑️ 11 мусор
2026-07-25 19:16:09,725 | INFO     |   → 797/1544: ✅ 0 взято | 🗑️ 0 мусор
2026-07-25 19:16:09,725 | INFO     |   → 798/1544: ✅ 0 взято | 🗑️ 137 мусор
2026-07-25 19:16:09,725 | INFO     |   → 799/1544: ✅ 0 взято | 🗑️ 32 мусор
2026-07-25 19:16:09,725 | INFO     |   → 800/1544: ✅ 2 взято | 🗑️ 19 мусор
2026-07-25 19:16:09,725 | INFO     |   → 801/1544: ✅ 0 взято | 🗑️ 43 мусор
2026-07-25 19:16:09,725 | INFO     |   → 802/1544: ✅ 0 взято | 🗑️ 43 мусор
2026-07-25 19:16:09,726 | INFO     |   → 803/1544 ❌ HTTP 404 — https://raw.githubusercontent.com/Iran-v2ray/v2ray/main/v2ray
2026-07-25 19:16:09,726 | INFO     |   → 804/1544: ✅ 0 взято | 🗑️ 2 мусор
2026-07-25 19:16:09,726 | INFO     |   → 805/1544: ✅ 0 взято | 🗑️ 2 мусор
2026-07-25 19:16:09,726 | INFO     |   → 806/1544: ✅ 0 взято | 🗑️ 28 мусор
2026-07-25 19:16:09,726 | INFO     |   → 807/1544: ✅ 14 взято | 🗑️ 282 мусор
2026-07-25 19:16:09,726 | INFO     |   → 808/1544: ✅ 0 взято | 🗑️ 94 мусор
2026-07-25 19:16:09,726 | INFO     |   → 809/1544: ✅ 0 взято | 🗑️ 0 мусор
2026-07-25 19:16:09,726 | INFO     |   → 810/1544: ✅ 0 взято | 🗑️ 0 мусор
2026-07-25 19:16:09,726 | INFO     |   → 811/1544 ❌ HTTP 404 — https://raw.githubusercontent.com/Kahsolt/SuperCmd/main/bin/proxy.txt
2026-07-25 19:16:09,726 | INFO     |   → 812/1544 ❌ HTTP 404 — https://raw.githubusercontent.com/Kwinshadow/TelegramV2rayCollector/raw/refs/heads/main/sublinks/mix.txt
2026-07-25 19:16:09,726 | INFO     |   → 813/1544 ❌ HTTP 404 — https://raw.githubusercontent.com/LalatinaHub/Mineral/raw/refs/heads/master/result/nodes
2026-07-25 19:16:09,726 | INFO     |   → 814/1544 ❌ HTTP 404 — https://raw.githubusercontent.com/Leon406/SubCrawler/main/sub/share/all3
2026-07-25 19:16:09,726 | INFO     |   → 815/1544 ❌ HTTP 404 — https://raw.githubusercontent.com/Leon406/SubCrawler/main/sub/share/all4
2026-07-25 19:16:09,726 | INFO     |   → 816/1544: ✅ 4 взято | 🗑️ 335 мусор
2026-07-25 19:16:09,726 | INFO     |   → 817/1544: ✅ 0 взято | 🗑️ 33 мусор
2026-07-25 19:16:09,726 | INFO     |   → 818/1544: ✅ 0 взято | 🗑️ 6 мусор
2026-07-25 19:16:09,726 | INFO     |   → 819/1544 ❌ HTTP 404 — https://raw.githubusercontent.com/LiveXY/elearning/main/python.txt
2026-07-25 19:16:09,726 | INFO     |   → 820/1544: ✅ 0 взято | 🗑️ 147 мусор
2026-07-25 19:16:09,726 | INFO     |   → 821/1544 ❌ HTTP 404 — https://raw.githubusercontent.com/Loukky/gfwlist-by-loukky/main/list.txt
2026-07-25 19:16:09,726 | INFO     |   → 822/1544 ❌ HTTP 404 — https://raw.githubusercontent.com/M-Mashreghi/free-config-collector/main/Splitted-By-Protocol/ssr.txt
2026-07-25 19:16:09,726 | INFO     |   → 823/1544: ✅ 139 взято | 🗑️ 114 мусор
2026-07-25 19:16:09,726 | INFO     |   → 824/1544: ✅ 126 взято | 🗑️ 137 мусор
2026-07-25 19:16:09,726 | INFO     |   → 825/1544: ✅ 0 взято | 🗑️ 12 мусор
2026-07-25 19:16:09,726 | INFO     |   → 826/1544: ✅ 563 взято | 🗑️ 1398 мусор
2026-07-25 19:16:09,726 | INFO     |   → 827/1544: ✅ 0 взято | 🗑️ 70 мусор
2026-07-25 19:16:09,726 | INFO     |   → 828/1544: ✅ 0 взято | 🗑️ 185 мусор
2026-07-25 19:16:09,727 | INFO     |   → 829/1544: ✅ 0 взято | 🗑️ 113 мусор
2026-07-25 19:16:09,727 | INFO     |   → 830/1544: ✅ 0 взято | 🗑️ 1030 мусор
2026-07-25 19:16:09,727 | INFO     |   → 831/1544: ✅ 0 взято | 🗑️ 1 мусор
2026-07-25 19:16:09,727 | INFO     |   → 832/1544: ✅ 767 взято | 🗑️ 781 мусор
2026-07-25 19:16:09,727 | INFO     |   → 833/1544: ✅ 0 взято | 🗑️ 781 мусор
2026-07-25 19:16:09,727 | INFO     |   → 834/1544 ❌ HTTP 404 — https://raw.githubusercontent.com/MatinGhanbari/v2ray-configs/main/subscriptions/filtered/subs/hy2.txt
2026-07-25 19:16:09,727 | INFO     |   → 835/1544: ✅ 27 взято | 🗑️ 1250 мусор
2026-07-25 19:16:09,727 | INFO     |   → 836/1544 ❌ HTTP 404 — https://raw.githubusercontent.com/MatinGhanbari/v2ray-configs/main/subscriptions/filtered/subs/ssr.txt
2026-07-25 19:16:09,727 | INFO     |   → 837/1544: ✅ 56 взято | 🗑️ 461 мусор
2026-07-25 19:16:09,727 | INFO     |   → 838/1544 ❌ HTTP 404 — https://raw.githubusercontent.com/MatinGhanbari/v2ray-configs/main/subscriptions/filtered/subs/tuic.txt
2026-07-25 19:16:09,727 | INFO     |   → 839/1544: ✅ 34 взято | 🗑️ 324 мусор
2026-07-25 19:16:09,727 | INFO     |   → 840/1544: ✅ 37 взято | 🗑️ 1553 мусор
2026-07-25 19:16:09,727 | INFO     |   → 841/1544: ✅ 0 взято | 🗑️ 2 мусор
2026-07-25 19:16:09,727 | INFO     |   → 842/1544: ✅ 275 взято | 🗑️ 1504 мусор
2026-07-25 19:16:09,727 | INFO     |   → 843/1544: ✅ 0 взято | 🗑️ 707 мусор
2026-07-25 19:16:09,727 | INFO     |   → 844/1544: ✅ 0 взято | 🗑️ 707 мусор
2026-07-25 19:16:09,727 | INFO     |   → 845/1544: ✅ 0 взято | 🗑️ 135 мусор
2026-07-25 19:16:09,727 | INFO     |   → 846/1544: ✅ 0 взято | 🗑️ 2 мусор
2026-07-25 19:16:09,727 | INFO     |   → 847/1544: ✅ 0 взято | 🗑️ 593 мусор
2026-07-25 19:16:09,727 | INFO     |   → 848/1544: ✅ 0 взято | 🗑️ 75 мусор
2026-07-25 19:16:09,727 | INFO     |   → 849/1544 ❌ HTTP 404 — https://raw.githubusercontent.com/MhdiTaheri/V2rayCollector/raw/refs/heads/main/sub/mix
2026-07-25 19:16:09,727 | INFO     |   → 850/1544: ✅ 0 взято | 🗑️ 1504 мусор
2026-07-25 19:16:09,727 | INFO     |   → 851/1544: ✅ 53 взято | 🗑️ 267 мусор
2026-07-25 19:16:09,727 | INFO     |   → 852/1544 ❌ HTTP 404 — https://raw.githubusercontent.com/MhdiTaheri/V2rayCollector_Py/raw/refs/heads/main/sub/Mix/mix.txt
2026-07-25 19:16:09,727 | INFO     |   → 853/1544: ✅ 0 взято | 🗑️ 0 мусор
2026-07-25 19:16:09,727 | INFO     |   → 854/1544: ✅ 43 взято | 🗑️ 217 мусор
2026-07-25 19:16:09,728 | INFO     |   → 855/1544: ✅ 0 взято | 🗑️ 31 мусор
2026-07-25 19:16:09,728 | INFO     |   → 856/1544: ✅ 6 взято | 🗑️ 166 мусор
2026-07-25 19:16:09,728 | INFO     |   → 857/1544: ✅ 0 взято | 🗑️ 26 мусор
2026-07-25 19:16:09,728 | INFO     |   → 858/1544: ✅ 0 взято | 🗑️ 5 мусор
2026-07-25 19:16:09,728 | INFO     |   → 859/1544 ❌ HTTP 404 — https://raw.githubusercontent.com/MrMohebi/xray-proxy-grabber-telegram/master/collected-proxies/clash-meta/all.yaml
2026-07-25 19:16:09,728 | INFO     |   → 860/1544 ❌ HTTP 404 — https://raw.githubusercontent.com/MrMohebi/xray-proxy-grabber-telegram/master/collected-proxies/row-url/actives.txt
2026-07-25 19:16:09,728 | INFO     |   → 861/1544 ❌ HTTP 404 — https://raw.githubusercontent.com/MrMohebi/xray-proxy-grabber-telegram/master/collected-proxies/row-url/all.txt
2026-07-25 19:16:09,728 | INFO     |   → 862/1544: ✅ 0 взято | 🗑️ 13 мусор
2026-07-25 19:16:09,728 | INFO     |   → 863/1544: ✅ 0 взято | 🗑️ 13 мусор
2026-07-25 19:16:09,728 | INFO     |   → 864/1544: ✅ 5 взято | 🗑️ 15 мусор
2026-07-25 19:16:09,728 | INFO     |   → 865/1544: ✅ 0 взято | 🗑️ 30 мусор
2026-07-25 19:16:09,728 | INFO     |   → 866/1544: ✅ 0 взято | 🗑️ 15 мусор
2026-07-25 19:16:09,728 | INFO     |   → 867/1544: ✅ 66 взято | 🗑️ 123 мусор
2026-07-25 19:16:09,728 | INFO     |   → 868/1544: ✅ 93 взято | 🗑️ 49 мусор
2026-07-25 19:16:09,728 | INFO     |   → 869/1544: ✅ 0 взято | 🗑️ 0 мусор
2026-07-25 19:16:09,728 | INFO     |   → 870/1544 ❌ HTTP 404 — https://raw.githubusercontent.com/NoviceLive/unish/main/dat/arch.txt
2026-07-25 19:16:09,728 | INFO     |   → 871/1544 ❌ HTTP 404 — https://raw.githubusercontent.com/OpenCNLink/freevpn/3cfcff048bfdd1493ccffa52ecf30ce7f9fc6b28/src/list/vmess.txt
2026-07-25 19:16:09,728 | INFO     |   → 872/1544 ❌ HTTP 404 — https://raw.githubusercontent.com/Opnwall/Mihomo-for-OPNsense/main/mosdns/domains/gfw.txt
2026-07-25 19:16:09,728 | INFO     |   → 873/1544 ❌ HTTP 404 — https://raw.githubusercontent.com/Pawdro/Collection/main/sub
2026-07-25 19:16:09,728 | INFO     |   → 874/1544: ✅ 1 взято | 🗑️ 4 мусор
2026-07-25 19:16:09,728 | INFO     |   → 875/1544: ✅ 0 взято | 🗑️ 4 мусор
2026-07-25 19:16:09,728 | INFO     |   → 876/1544: ✅ 0 взято | 🗑️ 0 мусор
2026-07-25 19:16:09,728 | INFO     |   → 877/1544: ✅ 0 взято | 🗑️ 0 мусор
2026-07-25 19:16:09,728 | INFO     |   → 878/1544: ✅ 0 взято | 🗑️ 50 мусор
2026-07-25 19:16:09,728 | INFO     |   → 879/1544: ✅ 5 взято | 🗑️ 206 мусор
2026-07-25 19:16:09,729 | INFO     |   → 880/1544: ✅ 21 взято | 🗑️ 138 мусор
2026-07-25 19:16:09,729 | INFO     |   → 881/1544: ✅ 23 взято | 🗑️ 89 мусор
2026-07-25 19:16:09,729 | INFO     |   → 882/1544: ✅ 9 взято | 🗑️ 85 мусор
2026-07-25 19:16:09,729 | INFO     |   → 883/1544: ✅ 0 взято | 🗑️ 129 мусор
2026-07-25 19:16:09,729 | INFO     |   → 884/1544: ✅ 0 взято | 🗑️ 81 мусор
2026-07-25 19:16:09,729 | INFO     |   → 885/1544: ✅ 0 взято | 🗑️ 0 мусор
2026-07-25 19:16:09,729 | INFO     |   → 886/1544 ❌ HTTP 404 — https://raw.githubusercontent.com/STR97/STRUGOV/refs/heads/main/STR.BYPASS
2026-07-25 19:16:09,729 | INFO     |   → 887/1544 ❌ HTTP 404 — https://raw.githubusercontent.com/Sajad-meow/free-vmess/0a2bf5319c9bec099ebbaa5e0d9bbc8414116880/vp.txt
2026-07-25 19:16:09,729 | INFO     |   → 888/1544: ✅ 11 взято | 🗑️ 16 мусор
2026-07-25 19:16:09,729 | INFO     |   → 889/1544: ✅ 0 взято | 🗑️ 16 мусор
2026-07-25 19:16:09,729 | INFO     |   → 890/1544: ✅ 0 взято | 🗑️ 27 мусор
2026-07-25 19:16:09,729 | INFO     |   → 891/1544: ✅ 140 взято | 🗑️ 1153 мусор
2026-07-25 19:16:09,729 | INFO     |   → 892/1544 ❌ HTTP 404 — https://raw.githubusercontent.com/Simpleyyt/shadowsocks-eos/main/requirments.txt
2026-07-25 19:16:09,729 | INFO     |   → 893/1544: ✅ 61 взято | 🗑️ 51 мусор
2026-07-25 19:16:09,729 | INFO     |   → 894/1544: ✅ 71 взято | 🗑️ 84 мусор
2026-07-25 19:16:09,729 | INFO     |   → 895/1544: ✅ 345 взято | 🗑️ 234 мусор
2026-07-25 19:16:09,729 | INFO     |   → 896/1544: ✅ 25 взято | 🗑️ 52 мусор
2026-07-25 19:16:09,729 | INFO     |   → 897/1544: ✅ 26 взято | 🗑️ 22 мусор
2026-07-25 19:16:09,729 | INFO     |   → 898/1544: ✅ 28 взято | 🗑️ 9 мусор
2026-07-25 19:16:09,729 | INFO     |   → 899/1544: ✅ 10 взято | 🗑️ 29 мусор
2026-07-25 19:16:09,729 | INFO     |   → 900/1544: ✅ 20 взято | 🗑️ 19 мусор
2026-07-25 19:16:09,729 | INFO     |   → 901/1544: ✅ 23 взято | 🗑️ 19 мусор
2026-07-25 19:16:09,729 | INFO     |   → 902/1544: ✅ 15 взято | 🗑️ 29 мусор
2026-07-25 19:16:09,730 | INFO     |   → 903/1544: ✅ 22 взято | 🗑️ 24 мусор
2026-07-25 19:16:09,730 | INFO     |   → 904/1544: ✅ 27 взято | 🗑️ 16 мусор
2026-07-25 19:16:09,730 | INFO     |   → 905/1544: ✅ 21 взято | 🗑️ 24 мусор
2026-07-25 19:16:09,730 | INFO     |   → 906/1544: ✅ 29 взято | 🗑️ 54 мусор
2026-07-25 19:16:09,730 | INFO     |   → 907/1544: ✅ 1 взято | 🗑️ 5 мусор
2026-07-25 19:16:09,730 | INFO     |   → 908/1544: ✅ 4 взято | 🗑️ 0 мусор
2026-07-25 19:16:09,730 | INFO     |   → 909/1544: ✅ 9 взято | 🗑️ 40 мусор
2026-07-25 19:16:09,730 | INFO     |   → 910/1544: ✅ 0 взято | 🗑️ 5 мусор
2026-07-25 19:16:09,730 | INFO     |   → 911/1544: ✅ 0 взято | 🗑️ 40 мусор
2026-07-25 19:16:09,730 | INFO     |   → 912/1544: ✅ 4 взято | 🗑️ 291 мусор
2026-07-25 19:16:09,730 | INFO     |   → 913/1544: ✅ 0 взято | 🗑️ 119 мусор
2026-07-25 19:16:09,730 | INFO     |   → 914/1544: ✅ 0 взято | 🗑️ 0 мусор
2026-07-25 19:16:09,730 | INFO     |   → 915/1544 ❌ HTTP 404 — https://raw.githubusercontent.com/ToyoDAdoubi/doubi/main/other/pac.txt
2026-07-25 19:16:09,730 | INFO     |   → 916/1544 ❌ HTTP 404 — https://raw.githubusercontent.com/UnsignedInt8/LightSwordX/main/LightSwordX/black.txt
2026-07-25 19:16:09,730 | INFO     |   → 917/1544 ❌ HTTP 404 — https://raw.githubusercontent.com/V2RAYCONFIGSPOOL/V2RAY_SUB/main/V2RAY_SUB.txt
2026-07-25 19:16:09,730 | INFO     |   → 918/1544: ✅ 96 взято | 🗑️ 167 мусор
2026-07-25 19:16:09,730 | INFO     |   → 919/1544: ✅ 0 взято | 🗑️ 0 мусор
2026-07-25 19:16:09,730 | INFO     |   → 920/1544: ✅ 2 взято | 🗑️ 7 мусор
2026-07-25 19:16:09,730 | INFO     |   → 921/1544 ❌ HTTP 404 — https://raw.githubusercontent.com/YasserAuda/Haking-Tools-List/main/List.txt
2026-07-25 19:16:09,730 | INFO     |   → 922/1544: ✅ 88 взято | 🗑️ 44 мусор
2026-07-25 19:16:09,730 | INFO     |   → 923/1544: ✅ 0 взято | 🗑️ 0 мусор
2026-07-25 19:16:09,730 | INFO     |   → 924/1544: ✅ 0 взято | 🗑️ 44 мусор
2026-07-25 19:16:09,730 | INFO     |   → 925/1544: ✅ 58 взято | 🗑️ 348 мусор
2026-07-25 19:16:09,730 | INFO     |   → 926/1544: ✅ 0 взято | 🗑️ 0 мусор
2026-07-25 19:16:09,730 | INFO     |   → 927/1544: ✅ 4 взято | 🗑️ 458 мусор
2026-07-25 19:16:09,730 | INFO     |   → 928/1544 ❌ HTTP 404 — https://raw.githubusercontent.com/ZYFXS/ZYFXS001/refs/heads/main/20c-youtube%40ZYFXS
2026-07-25 19:16:09,730 | INFO     |   → 929/1544 ❌ HTTP 404 — https://raw.githubusercontent.com/ZYFXS/ZYFXS001/refs/heads/main/20v-youtube%40ZYFXS
2026-07-25 19:16:09,730 | INFO     |   → 930/1544: ✅ 0 взято | 🗑️ 0 мусор
2026-07-25 19:16:09,730 | INFO     |   → 931/1544: ✅ 1 взято | 🗑️ 164 мусор
2026-07-25 19:16:09,730 | INFO     |   → 932/1544 ❌ HTTP 404 — https://raw.githubusercontent.com/ZYFXS/ZYFXS001/refs/heads/main/youtube%40ZYFXS---23c
2026-07-25 19:16:09,730 | INFO     |   → 933/1544 ❌ HTTP 404 — https://raw.githubusercontent.com/ZYFXS/ZYFXS001/refs/heads/main/youtube%40ZYFXS---23v
2026-07-25 19:16:09,730 | INFO     |   → 934/1544: ✅ 0 взято | 🗑️ 0 мусор
2026-07-25 19:16:09,730 | INFO     |   → 935/1544: ✅ 0 взято | 🗑️ 0 мусор
2026-07-25 19:16:09,730 | INFO     |   → 936/1544: ✅ 6 взято | 🗑️ 221 мусор
2026-07-25 19:16:09,730 | INFO     |   → 937/1544 ❌ HTTP 404 — https://raw.githubusercontent.com/ZYFXS/ZYFXS001/refs/heads/main/youtube%40ZYFXS-21c
2026-07-25 19:16:09,730 | INFO     |   → 938/1544 ❌ HTTP 404 — https://raw.githubusercontent.com/ZYFXS/ZYFXS001/refs/heads/main/youtube%40ZYFXS-21v
2026-07-25 19:16:09,730 | INFO     |   → 939/1544: ✅ 1 взято | 🗑️ 251 мусор
2026-07-25 19:16:09,730 | INFO     |   → 940/1544: ✅ 1 взято | 🗑️ 231 мусор
2026-07-25 19:16:09,730 | INFO     |   → 941/1544: ✅ 0 взято | 🗑️ 0 мусор
2026-07-25 19:16:09,731 | INFO     |   → 942/1544: ✅ 1 взято | 🗑️ 83 мусор
2026-07-25 19:16:09,731 | INFO     |   → 943/1544: ✅ 0 взято | 🗑️ 16 мусор
2026-07-25 19:16:09,731 | INFO     |   → 944/1544: ✅ 0 взято | 🗑️ 16 мусор
2026-07-25 19:16:09,731 | INFO     |   → 945/1544 ❌ HTTP 404 — https://raw.githubusercontent.com/aiboboxx/clashfree/main/clash.yml
2026-07-25 19:16:09,731 | INFO     |   → 946/1544 ❌ HTTP 404 — https://raw.githubusercontent.com/aiboboxx/v2rayfree/main/v2
2026-07-25 19:16:09,731 | INFO     |   → 947/1544: ✅ 91 взято | 🗑️ 189 мусор
2026-07-25 19:16:09,731 | INFO     |   → 948/1544: ✅ 20 взято | 🗑️ 280 мусор
2026-07-25 19:16:09,731 | INFO     |   → 949/1544 ❌ HTTP 404 — https://raw.githubusercontent.com/amirmohammad-mohammad-88/Sub-Reality-Azadi-config/Config/Azadi-Reality-Different
2026-07-25 19:16:09,731 | INFO     |   → 950/1544 ❌ HTTP 404 — https://raw.githubusercontent.com/amirmohammad-mohammad-88/Sub-Reality-Azadi-config/Config/Azadi-Reality-Different-Base64
2026-07-25 19:16:09,731 | INFO     |   → 951/1544: ✅ 1 взято | 🗑️ 17 мусор
2026-07-25 19:16:09,731 | INFO     |   → 952/1544: ✅ 0 взято | 🗑️ 0 мусор
2026-07-25 19:16:09,731 | INFO     |   → 953/1544: ✅ 4 взято | 🗑️ 114 мусор
2026-07-25 19:16:09,731 | INFO     |   → 954/1544: ✅ 24 взято | 🗑️ 100 мусор
2026-07-25 19:16:09,731 | INFO     |   → 955/1544 ❌ HTTP 404 — https://raw.githubusercontent.com/awesome-vpn/awesome-vpn/master/ss
2026-07-25 19:16:09,731 | INFO     |   → 956/1544 ❌ HTTP 404 — https://raw.githubusercontent.com/awesome-vpn/awesome-vpn/master/ssr
2026-07-25 19:16:09,731 | INFO     |   → 957/1544: ✅ 0 взято | 🗑️ 0 мусор
2026-07-25 19:16:09,731 | INFO     |   → 958/1544: ✅ 1 взято | 🗑️ 22 мусор
2026-07-25 19:16:09,731 | INFO     |   → 959/1544: ✅ 90 взято | 🗑️ 403 мусор
2026-07-25 19:16:09,731 | INFO     |   → 960/1544 ❌ HTTP 404 — https://raw.githubusercontent.com/barry-far/V2ray-Configs/ced94ddfff48276ec365b40227561f36b1b64bc8/Sub5.txt
2026-07-25 19:16:09,731 | INFO     |   → 961/1544 ❌ HTTP 404 — https://raw.githubusercontent.com/barry-far/V2ray-Configs/main/Splitted-By-Protocol/hysteria2.txt
2026-07-25 19:16:09,731 | INFO     |   → 962/1544 ❌ HTTP 404 — https://raw.githubusercontent.com/barry-far/V2ray-Configs/main/Splitted-By-Protocol/vless.txt
2026-07-25 19:16:09,731 | INFO     |   → 963/1544 ❌ HTTP 404 — https://raw.githubusercontent.com/barry-far/V2ray-Configs/main/Sub1.txt
2026-07-25 19:16:09,731 | INFO     |   → 964/1544 ❌ HTTP 404 — https://raw.githubusercontent.com/barry-far/V2ray-Configs/refs/heads/main/All_Configs_Sub.txt
2026-07-25 19:16:09,731 | INFO     |   → 965/1544 ❌ HTTP 404 — https://raw.githubusercontent.com/bcmapp/bcm-android/main/NOTICE.txt
2026-07-25 19:16:09,731 | INFO     |   → 966/1544: ✅ 0 взято | 🗑️ 0 мусор
2026-07-25 19:16:09,731 | INFO     |   → 967/1544 ❌ HTTP 404 — https://raw.githubusercontent.com/budamu/clashconfig/main/v2ray.txt
2026-07-25 19:16:09,731 | INFO     |   → 968/1544 ❌ HTTP 404 — https://raw.githubusercontent.com/budamu/clashconfig/main/v2ray2.txt
2026-07-25 19:16:09,731 | INFO     |   → 969/1544: ✅ 0 взято | 🗑️ 0 мусор
2026-07-25 19:16:09,731 | INFO     |   → 970/1544: ✅ 0 взято | 🗑️ 0 мусор
2026-07-25 19:16:09,731 | INFO     |   → 971/1544: ✅ 0 взято | 🗑️ 0 мусор
2026-07-25 19:16:09,731 | INFO     |   → 972/1544: ✅ 0 взято | 🗑️ 442 мусор
2026-07-25 19:16:09,731 | INFO     |   → 973/1544: ✅ 0 взято | 🗑️ 0 мусор
2026-07-25 19:16:09,731 | INFO     |   → 974/1544 ❌ HTTP 404 — https://raw.githubusercontent.com/chxxyz2004/zd/17fca23b73c46b5dd73e9be49b14d219b5e5f836/sub/2401/240110.txt
2026-07-25 19:16:09,731 | INFO     |   → 975/1544 ❌ HTTP 404 — https://raw.githubusercontent.com/cloudzun/laddervm/main/SS.txt
2026-07-25 19:16:09,731 | INFO     |   → 976/1544: ✅ 0 взято | 🗑️ 44 мусор
2026-07-25 19:16:09,731 | INFO     |   → 977/1544 ❌ HTTP 404 — https://raw.githubusercontent.com/codingjerk/dotfiles/main/config/cspell/dict-cj.txt
2026-07-25 19:16:09,731 | INFO     |   → 978/1544: ✅ 236 взято | 🗑️ 517 мусор
2026-07-25 19:16:09,731 | INFO     |   → 979/1544 ❌ HTTP 404 — https://raw.githubusercontent.com/crazw/vpn4in1/main/notes.txt
2026-07-25 19:16:09,731 | INFO     |   → 980/1544 ❌ HTTP 404 — https://raw.githubusercontent.com/cxr9912/cxr2022/main/free.yaml
2026-07-25 19:16:09,731 | INFO     |   → 981/1544 ❌ HTTP 404 — https://raw.githubusercontent.com/cxr9912/cxr2022/main/mix.yaml
2026-07-25 19:16:09,731 | INFO     |   → 982/1544 ❌ HTTP 404 — https://raw.githubusercontent.com/cxr9912/cxr2022/main/ss.yaml
2026-07-25 19:16:09,731 | INFO     |   → 983/1544 ❌ HTTP 404 — https://raw.githubusercontent.com/cxr9912/cxr2022/main/ssr.yaml
2026-07-25 19:16:09,731 | INFO     |   → 984/1544 ❌ HTTP 404 — https://raw.githubusercontent.com/cxr9912/cxr2022/main/vmess.yaml
2026-07-25 19:16:09,731 | INFO     |   → 985/1544 ❌ HTTP 404 — https://raw.githubusercontent.com/cxr9912/cxr2022/refs/heads/main/18cj.json
2026-07-25 19:16:09,731 | INFO     |   → 986/1544 ❌ HTTP 404 — https://raw.githubusercontent.com/cxr9912/cxr2022/refs/heads/main/aaaaaaaa.yaml
2026-07-25 19:16:09,731 | INFO     |   → 987/1544 ❌ HTTP 404 — https://raw.githubusercontent.com/cxr9912/cxr2022/refs/heads/main/free.yaml
2026-07-25 19:16:09,731 | INFO     |   → 988/1544 ❌ HTTP 404 — https://raw.githubusercontent.com/cxr9912/cxr2022/refs/heads/main/ss2088.txt
2026-07-25 19:16:09,731 | INFO     |   → 989/1544: ✅ 0 взято | 🗑️ 18 мусор
2026-07-25 19:16:09,731 | INFO     |   → 990/1544: ✅ 0 взято | 🗑️ 18 мусор
2026-07-25 19:16:09,731 | INFO     |   → 991/1544 ❌ HTTP 404 — https://raw.githubusercontent.com/danielaskdd/smartvpn/main/proxy.txt
2026-07-25 19:16:09,731 | INFO     |   → 992/1544: ✅ 40 взято | 🗑️ 137 мусор
2026-07-25 19:16:09,731 | INFO     |   → 993/1544: ✅ 0 взято | 🗑️ 0 мусор
2026-07-25 19:16:09,731 | INFO     |   → 994/1544: ✅ 6 взято | 🗑️ 78 мусор
2026-07-25 19:16:09,731 | INFO     |   → 995/1544: ✅ 0 взято | 🗑️ 0 мусор
2026-07-25 19:16:09,731 | INFO     |   → 996/1544 ❌ HTTP 404 — https://raw.githubusercontent.com/dhalima3/Autoscribe/main/data/shadow.txt
2026-07-25 19:16:09,731 | INFO     |   → 997/1544 ❌ HTTP 404 — https://raw.githubusercontent.com/dhalima3/Autoscribe/main/data/shadows.txt
2026-07-25 19:16:09,731 | INFO     |   → 998/1544: ✅ 6 взято | 🗑️ 4 мусор
2026-07-25 19:16:09,731 | INFO     |   → 999/1544: ✅ 145 взято | 🗑️ 439 мусор
2026-07-25 19:16:09,731 | INFO     |   → 1000/1544: ✅ 0 взято | 🗑️ 325 мусор
2026-07-25 19:16:09,732 | INFO     |   → 1001/1544: ✅ 545 взято | 🗑️ 677 мусор
2026-07-25 19:16:09,732 | INFO     |   → 1002/1544: ✅ 26 взято | 🗑️ 11 мусор
2026-07-25 19:16:09,732 | INFO     |   → 1003/1544: ✅ 29 взято | 🗑️ 2 мусор
2026-07-25 19:16:09,732 | INFO     |   → 1004/1544 ❌ HTTP 404 — https://raw.githubusercontent.com/dodger487/scrape_hn/main/stories/13996417.txt
2026-07-25 19:16:09,732 | INFO     |   → 1005/1544: ✅ 0 взято | 🗑️ 2 мусор
2026-07-25 19:16:09,732 | INFO     |   → 1006/1544: ✅ 3 взято | 🗑️ 3 мусор
2026-07-25 19:16:09,732 | INFO     |   → 1007/1544: ✅ 13 взято | 🗑️ 8 мусор
2026-07-25 19:16:09,732 | INFO     |   → 1008/1544: ✅ 0 взято | 🗑️ 2 мусор
2026-07-25 19:16:09,732 | INFO     |   → 1009/1544: ✅ 0 взято | 🗑️ 2 мусор
2026-07-25 19:16:09,732 | INFO     |   → 1010/1544: ✅ 4 взято | 🗑️ 7 мусор
2026-07-25 19:16:09,732 | INFO     |   → 1011/1544: ✅ 2 взято | 🗑️ 0 мусор
2026-07-25 19:16:09,732 | INFO     |   → 1012/1544: ✅ 0 взято | 🗑️ 14 мусор
2026-07-25 19:16:09,732 | INFO     |   → 1013/1544: ✅ 0 взято | 🗑️ 2 мусор
2026-07-25 19:16:09,732 | INFO     |   → 1014/1544: ✅ 0 взято | 🗑️ 0 мусор
2026-07-25 19:16:09,732 | INFO     |   → 1015/1544: ✅ 17310 взято | 🗑️ 274190 мусор
2026-07-25 19:16:09,732 | INFO     |   → 1016/1544: ✅ 22 взято | 🗑️ 1076 мусор
2026-07-25 19:16:09,732 | INFO     |   → 1017/1544: ✅ 6 взято | 🗑️ 113 мусор
2026-07-25 19:16:09,732 | INFO     |   → 1018/1544 ❌ HTTP 404 — https://raw.githubusercontent.com/elrumo/macOS_Big_Sur_icons_replacements/main/Other/scripts/icns.txt
2026-07-25 19:16:09,732 | INFO     |   → 1019/1544 ❌ HTTP 404 — https://raw.githubusercontent.com/erlang-punch/awesome-erlang/main/awesome/db/r.txt
2026-07-25 19:16:09,732 | INFO     |   → 1020/1544: ✅ 0 взято | 🗑️ 0 мусор
2026-07-25 19:16:09,732 | INFO     |   → 1021/1544: ✅ 9 взято | 🗑️ 19 мусор
2026-07-25 19:16:09,732 | INFO     |   → 1022/1544: ✅ 0 взято | 🗑️ 0 мусор
2026-07-25 19:16:09,732 | INFO     |   → 1023/1544: ✅ 13 взято | 🗑️ 19 мусор
2026-07-25 19:16:09,732 | INFO     |   → 1024/1544: ✅ 0 взято | 🗑️ 5 мусор
2026-07-25 19:16:09,732 | INFO     |   → 1025/1544 ❌ HTTP 404 — https://raw.githubusercontent.com/fabiopetrillo/OpenHubExtractor/main/projects.txt
2026-07-25 19:16:09,732 | INFO     |   → 1026/1544: ✅ 2 взято | 🗑️ 80 мусор
2026-07-25 19:16:09,732 | INFO     |   → 1027/1544 ❌ HTTP 404 — https://raw.githubusercontent.com/fastbash/fancyss/main/Changelog.txt
2026-07-25 19:16:09,732 | INFO     |   → 1028/1544 ❌ HTTP 404 — https://raw.githubusercontent.com/firerpa/lamda/main/CHANGELOG.txt
2026-07-25 19:16:09,732 | INFO     |   → 1029/1544 ❌ HTTP 404 — https://raw.githubusercontent.com/free-nodes/v2rayfree/main/v2
2026-07-25 19:16:09,732 | INFO     |   → 1030/1544 ❌ HTTP 404 — https://raw.githubusercontent.com/free-v2ray-config/trojan/main/trojan.txt
2026-07-25 19:16:09,732 | INFO     |   → 1031/1544 ❌ HTTP 404 — https://raw.githubusercontent.com/free-v2ray-config/vless/main/vless.txt
2026-07-25 19:16:09,732 | INFO     |   → 1032/1544 ❌ HTTP 404 — https://raw.githubusercontent.com/free-v2ray-config/vmess/main/vmess.txt
2026-07-25 19:16:09,732 | INFO     |   → 1033/1544: ✅ 5 взято | 🗑️ 169 мусор
2026-07-25 19:16:09,732 | INFO     |   → 1034/1544: ✅ 34 взято | 🗑️ 121 мусор
2026-07-25 19:16:09,732 | INFO     |   → 1035/1544: ✅ 4 взято | 🗑️ 97 мусор
2026-07-25 19:16:09,732 | INFO     |   → 1036/1544 ❌ HTTP 404 — https://raw.githubusercontent.com/free18/v2ray/main/Clash.yaml
2026-07-25 19:16:09,732 | INFO     |   → 1037/1544: ✅ 0 взято | 🗑️ 0 мусор
2026-07-25 19:16:09,732 | INFO     |   → 1038/1544: ✅ 0 взято | 🗑️ 15 мусор
2026-07-25 19:16:09,732 | INFO     |   → 1039/1544: ✅ 0 взято | 🗑️ 0 мусор
2026-07-25 19:16:09,732 | INFO     |   → 1040/1544: ✅ 0 взято | 🗑️ 8 мусор
2026-07-25 19:16:09,732 | INFO     |   → 1041/1544: ✅ 0 взято | 🗑️ 8 мусор
2026-07-25 19:16:09,732 | INFO     |   → 1042/1544: ✅ 0 взято | 🗑️ 8 мусор
2026-07-25 19:16:09,732 | INFO     |   → 1043/1544: ✅ 0 взято | 🗑️ 8 мусор
2026-07-25 19:16:09,732 | INFO     |   → 1044/1544 ❌ HTTP 404 — https://raw.githubusercontent.com/freev2rayconfig/V2RAY_SUB/3e6a7786a1601ee3723e8d043ae79e70dbdfd9a8/v2rayconfigs.txt
2026-07-25 19:16:09,732 | INFO     |   → 1045/1544 ❌ HTTP 404 — https://raw.githubusercontent.com/freev2rayconfig/V2RAY_SUBSCRIPTION_LINK/main/v2rayconfigs.txt
2026-07-25 19:16:09,732 | INFO     |   → 1046/1544 ❌ HTTP 404 — https://raw.githubusercontent.com/gfpcom/free-proxy-list/main/list/http.txt
2026-07-25 19:16:09,732 | INFO     |   → 1047/1544 ❌ HTTP 404 — https://raw.githubusercontent.com/gfpcom/free-proxy-list/main/list/https.txt
2026-07-25 19:16:09,732 | INFO     |   → 1048/1544 ❌ HTTP 404 — https://raw.githubusercontent.com/gfpcom/free-proxy-list/main/list/socks4.txt
2026-07-25 19:16:09,732 | INFO     |   → 1049/1544 ❌ HTTP 404 — https://raw.githubusercontent.com/gfpcom/free-proxy-list/main/list/socks4a.txt
2026-07-25 19:16:09,732 | INFO     |   → 1050/1544 ❌ HTTP 404 — https://raw.githubusercontent.com/gfpcom/free-proxy-list/main/list/socks5.txt
2026-07-25 19:16:09,732 | INFO     |   → 1051/1544 ❌ HTTP 404 — https://raw.githubusercontent.com/gfpcom/free-proxy-list/main/list/socks5h.txt
2026-07-25 19:16:09,732 | INFO     |   → 1052/1544 ❌ HTTP 404 — https://raw.githubusercontent.com/gfpcom/free-proxy-list/main/list/ss.txt
2026-07-25 19:16:09,732 | INFO     |   → 1053/1544 ❌ HTTP 404 — https://raw.githubusercontent.com/gfpcom/free-proxy-list/main/list/ssr.txt
2026-07-25 19:16:09,732 | INFO     |   → 1054/1544 ❌ HTTP 404 — https://raw.githubusercontent.com/gfpcom/free-proxy-list/main/list/trojan.txt
2026-07-25 19:16:09,732 | INFO     |   → 1055/1544 ❌ HTTP 404 — https://raw.githubusercontent.com/gfpcom/free-proxy-list/main/list/vless.txt
2026-07-25 19:16:09,732 | INFO     |   → 1056/1544 ❌ HTTP 404 — https://raw.githubusercontent.com/gfpcom/free-proxy-list/main/list/vmess.txt
2026-07-25 19:16:09,732 | INFO     |   → 1057/1544: ✅ 0 взято | 🗑️ 0 мусор
2026-07-25 19:16:09,732 | INFO     |   → 1058/1544: ✅ 0 взято | 🗑️ 17 мусор
2026-07-25 19:16:09,732 | INFO     |   → 1059/1544: ✅ 0 взято | 🗑️ 0 мусор
2026-07-25 19:16:09,732 | INFO     |   → 1060/1544: ✅ 0 взято | 🗑️ 20 мусор
2026-07-25 19:16:09,732 | INFO     |   → 1061/1544: ✅ 4 взято | 🗑️ 63 мусор
2026-07-25 19:16:09,732 | INFO     |   → 1062/1544 ❌ HTTP 404 — https://raw.githubusercontent.com/guzhig/QuantumultX/main/Filter/Global.txt
2026-07-25 19:16:09,732 | INFO     |   → 1063/1544 ❌ HTTP 404 — https://raw.githubusercontent.com/hameed-maleki/TVC/89a4522969c57dcc22458cae9898426e5c4f2679/lite/config.txt
2026-07-25 19:16:09,732 | INFO     |   → 1064/1544: ✅ 5 взято | 🗑️ 132 мусор
2026-07-25 19:16:09,732 | INFO     |   → 1065/1544: ✅ 0 взято | 🗑️ 56 мусор
2026-07-25 19:16:09,733 | INFO     |   → 1066/1544 ❌ HTTP 404 — https://raw.githubusercontent.com/hkaa0/permalink/main/proxy/V2ray
2026-07-25 19:16:09,733 | INFO     |   → 1067/1544 ❌ HTTP 404 — https://raw.githubusercontent.com/hkaa0/permalink/main/proxy/clash
2026-07-25 19:16:09,733 | INFO     |   → 1068/1544 ❌ HTTP 404 — https://raw.githubusercontent.com/hkpc/Autoproxy/6cf946ddfc677a29062007e4b47d70674474baa7/sub/2401/240110.txt
2026-07-25 19:16:09,733 | INFO     |   → 1069/1544 ❌ HTTP 404 — https://raw.githubusercontent.com/hkpc/V2ray-Configs/7d9aa0dabf947af180a7dd6302818ed37950531a/Sub1.txt
2026-07-25 19:16:09,733 | INFO     |   → 1070/1544: ✅ 0 взято | 🗑️ 14 мусор
2026-07-25 19:16:09,733 | INFO     |   → 1071/1544 ❌ HTTP 404 — https://raw.githubusercontent.com/houko/xiaomo-studying/main/python/basic/text.txt
2026-07-25 19:16:09,733 | INFO     |   → 1072/1544 ❌ HTTP 404 — https://raw.githubusercontent.com/hq450/fancyss/main/rules/gfwlist.txt
2026-07-25 19:16:09,733 | INFO     |   → 1073/1544: ✅ 16 взято | 🗑️ 16 мусор
2026-07-25 19:16:09,733 | INFO     |   → 1074/1544 ❌ HTTP 404 — https://raw.githubusercontent.com/iboxz/free-v2ray-collector/main/main
2026-07-25 19:16:09,733 | INFO     |   → 1075/1544: ✅ 3 взято | 🗑️ 12 мусор
2026-07-25 19:16:09,733 | INFO     |   → 1076/1544: ✅ 10 взято | 🗑️ 17 мусор
2026-07-25 19:16:09,733 | INFO     |   → 1077/1544: ✅ 69 взято | 🗑️ 204 мусор
2026-07-25 19:16:09,733 | INFO     |   → 1078/1544: ✅ 46 взято | 🗑️ 30 мусор
2026-07-25 19:16:09,733 | INFO     |   → 1079/1544 ❌ HTTP 404 — https://raw.githubusercontent.com/igareck/vpn-configs-for-russia/refs/heads/main/Vless-Reality-White-Lists-Rus-Cable.txt
2026-07-25 19:16:09,733 | INFO     |   → 1080/1544: ✅ 114 взято | 🗑️ 21 мусор
2026-07-25 19:16:09,733 | INFO     |   → 1081/1544: ✅ 0 взято | 🗑️ 0 мусор
2026-07-25 19:16:09,733 | INFO     |   → 1082/1544: ✅ 0 взято | 🗑️ 0 мусор
2026-07-25 19:16:09,733 | INFO     |   → 1083/1544: ✅ 23 взято | 🗑️ 9 мусор
2026-07-25 19:16:09,733 | INFO     |   → 1084/1544 ❌ HTTP 404 — https://raw.githubusercontent.com/iqiancheng/shadowsocks-awesome/main/proxy.txt
2026-07-25 19:16:09,733 | INFO     |   → 1085/1544: ✅ 0 взято | 🗑️ 0 мусор
2026-07-25 19:16:09,733 | INFO     |   → 1086/1544: ✅ 0 взято | 🗑️ 0 мусор
2026-07-25 19:16:09,733 | INFO     |   → 1087/1544: ✅ 0 взято | 🗑️ 12 мусор
2026-07-25 19:16:09,733 | INFO     |   → 1088/1544: ✅ 0 взято | 🗑️ 43 мусор
2026-07-25 19:16:09,733 | INFO     |   → 1089/1544 ❌ HTTP 404 — https://raw.githubusercontent.com/jth445600/hello-world/main/102.txt
2026-07-25 19:16:09,733 | INFO     |   → 1090/1544 ❌ HTTP 404 — https://raw.githubusercontent.com/jth445600/hello-world/main/103.txt
2026-07-25 19:16:09,733 | INFO     |   → 1091/1544 ❌ HTTP 404 — https://raw.githubusercontent.com/jw853355718/clash_233/master/config.yml
2026-07-25 19:16:09,733 | INFO     |   → 1092/1544: ✅ 0 взято | 🗑️ 210 мусор
2026-07-25 19:16:09,733 | INFO     |   → 1093/1544: ✅ 0 взято | 🗑️ 0 мусор
2026-07-25 19:16:09,733 | INFO     |   → 1094/1544 ❌ HTTP 404 — https://raw.githubusercontent.com/killgcd/chromego/main/ChromeGo/XX-Net/code/default/smart_router/local/gfw_black_list.txt
2026-07-25 19:16:09,733 | INFO     |   → 1095/1544 ❌ HTTP 404 — https://raw.githubusercontent.com/killgcd/chromego/main/ChromeGo/v2ray/pac.txt
2026-07-25 19:16:09,733 | INFO     |   → 1096/1544 ❌ HTTP 404 — https://raw.githubusercontent.com/koolshare/softgear/main/ss/ss/redchn/cdn.txt
2026-07-25 19:16:09,733 | INFO     |   → 1097/1544 ❌ HTTP 404 — https://raw.githubusercontent.com/lagzian/SS-Collector/main/mix_clash.yaml
2026-07-25 19:16:09,733 | INFO     |   → 1098/1544 ❌ HTTP 404 — https://raw.githubusercontent.com/lashwang/shadowsocks-android/main/core/src/main/jni/shadowsocks-libev/CMakeLists.txt
2026-07-25 19:16:09,733 | INFO     |   → 1099/1544 ❌ HTTP 404 — https://raw.githubusercontent.com/lazytiger/trojan-rs/main/ipset/domain.txt
2026-07-25 19:16:09,733 | INFO     |   → 1100/1544 ❌ HTTP 404 — https://raw.githubusercontent.com/lcx12901/v2ray-/master/sspool.herokuapp.com/yzcloud.yaml
2026-07-25 19:16:09,733 | INFO     |   → 1101/1544 ❌ HTTP 404 — https://raw.githubusercontent.com/lcx12901/v2ray-/master/sspool.herokuapp.com/yzcloud2.yaml
2026-07-25 19:16:09,733 | INFO     |   → 1102/1544: ✅ 0 взято | 🗑️ 0 мусор
2026-07-25 19:16:09,733 | INFO     |   → 1103/1544 ❌ HTTP 404 — https://raw.githubusercontent.com/learnhard-cn/free_proxy_ss/main/clash/config.yaml
2026-07-25 19:16:09,733 | INFO     |   → 1104/1544: ✅ 0 взято | 🗑️ 8 мусор
2026-07-25 19:16:09,733 | INFO     |   → 1105/1544: ✅ 0 взято | 🗑️ 4 мусор
2026-07-25 19:16:09,733 | INFO     |   → 1106/1544: ✅ 0 взято | 🗑️ 0 мусор
2026-07-25 19:16:09,733 | INFO     |   → 1107/1544: ✅ 0 взято | 🗑️ 4 мусор
2026-07-25 19:16:09,733 | INFO     |   → 1108/1544 ❌ HTTP 404 — https://raw.githubusercontent.com/lemonhall/node_note/main/shadowsocks.txt
2026-07-25 19:16:09,733 | INFO     |   → 1109/1544: ✅ 0 взято | 🗑️ 149 мусор
2026-07-25 19:16:09,733 | INFO     |   → 1110/1544: ✅ 0 взято | 🗑️ 0 мусор
2026-07-25 19:16:09,733 | INFO     |   → 1111/1544: ✅ 0 взято | 🗑️ 421 мусор
2026-07-25 19:16:09,733 | INFO     |   → 1112/1544 ❌ HTTP 404 — https://raw.githubusercontent.com/lisylva-lee/v2dyku/main/ssr
2026-07-25 19:16:09,733 | INFO     |   → 1113/1544 ❌ HTTP 404 — https://raw.githubusercontent.com/lisylva-lee/v2dyku/main/v2dy
2026-07-25 19:16:09,734 | INFO     |   → 1114/1544: ✅ 0 взято | 🗑️ 53 мусор
2026-07-25 19:16:09,734 | INFO     |   → 1115/1544 ❌ HTTP 404 — https://raw.githubusercontent.com/liyucheng09/LatestEval/main/data/code_repos.txt
2026-07-25 19:16:09,734 | INFO     |   → 1116/1544: ✅ 0 взято | 🗑️ 415 мусор
2026-07-25 19:16:09,734 | INFO     |   → 1117/1544 ❌ HTTP 404 — https://raw.githubusercontent.com/lonycc/fuli/main/telegram.txt
2026-07-25 19:16:09,734 | INFO     |   → 1118/1544 ❌ HTTP 404 — https://raw.githubusercontent.com/luxl-1379/merge/77247d23def72b25226dfa741614e9b07a569c72/sub/sub_merge_base64.txt
2026-07-25 19:16:09,734 | INFO     |   → 1119/1544: ✅ 0 взято | 🗑️ 0 мусор
2026-07-25 19:16:09,734 | INFO     |   → 1120/1544: ✅ 146 взято | 🗑️ 343 мусор
2026-07-25 19:16:09,734 | INFO     |   → 1121/1544: ✅ 5 взято | 🗑️ 105 мусор
2026-07-25 19:16:09,734 | INFO     |   → 1122/1544: ✅ 528 взято | 🗑️ 3903 мусор
2026-07-25 19:16:09,734 | INFO     |   → 1123/1544 ❌ HTTP 404 — https://raw.githubusercontent.com/mahdibland/V2RayAggregator/main/sub/list/66.txt
2026-07-25 19:16:09,734 | INFO     |   → 1124/1544: ✅ 0 взято | 🗑️ 0 мусор
2026-07-25 19:16:09,734 | INFO     |   → 1125/1544: ✅ 0 взято | 🗑️ 3903 мусор
2026-07-25 19:16:09,734 | INFO     |   → 1126/1544: ✅ 59 взято | 🗑️ 331 мусор
2026-07-25 19:16:09,734 | INFO     |   → 1127/1544 ❌ HTTP 404 — https://raw.githubusercontent.com/mermeroo/Clash-V2ray/main/v2ray
2026-07-25 19:16:09,734 | INFO     |   → 1128/1544: ✅ 15 взято | 🗑️ 417 мусор
2026-07-25 19:16:09,734 | INFO     |   → 1129/1544: ✅ 6 взято | 🗑️ 102 мусор
2026-07-25 19:16:09,734 | INFO     |   → 1130/1544: ✅ 716 взято | 🗑️ 6258 мусор
2026-07-25 19:16:09,734 | INFO     |   → 1131/1544: ✅ 8 взято | 🗑️ 853 мусор
2026-07-25 19:16:09,734 | INFO     |   → 1132/1544: ✅ 32 взято | 🗑️ 69 мусор
2026-07-25 19:16:09,734 | INFO     |   → 1133/1544 ❌ HTTP 404 — https://raw.githubusercontent.com/mermeroo/free-v2ray-collector/main/main/mix
2026-07-25 19:16:09,734 | INFO     |   → 1134/1544 ❌ HTTP 404 — https://raw.githubusercontent.com/mermeroo/free-v2ray-collector/main/main/reality
2026-07-25 19:16:09,734 | INFO     |   → 1135/1544 ❌ HTTP 404 — https://raw.githubusercontent.com/mermeroo/free-v2ray-collector/main/main/shadowsocks
2026-07-25 19:16:09,734 | INFO     |   → 1136/1544 ❌ HTTP 404 — https://raw.githubusercontent.com/mermeroo/free-v2ray-collector/main/main/trojan
2026-07-25 19:16:09,734 | INFO     |   → 1137/1544 ❌ HTTP 404 — https://raw.githubusercontent.com/mermeroo/free-v2ray-collector/main/main/vless
2026-07-25 19:16:09,734 | INFO     |   → 1138/1544 ❌ HTTP 404 — https://raw.githubusercontent.com/mermeroo/free-v2ray-collector/main/main/vmess
2026-07-25 19:16:09,734 | INFO     |   → 1139/1544 ❌ HTTP 404 — https://raw.githubusercontent.com/mfuu/v2ray/master/merge/merge.txt
2026-07-25 19:16:09,735 | INFO     |   → 1140/1544: ✅ 0 взято | 🗑️ 117 мусор
2026-07-25 19:16:09,735 | INFO     |   → 1141/1544: ✅ 0 взято | 🗑️ 117 мусор
2026-07-25 19:16:09,735 | INFO     |   → 1142/1544: ✅ 637 взято | 🗑️ 16662 мусор
2026-07-25 19:16:09,735 | INFO     |   → 1143/1544: ✅ 0 взято | 🗑️ 16662 мусор
2026-07-25 19:16:09,735 | INFO     |   → 1144/1544: ✅ 0 взято | 🗑️ 2922 мусор
2026-07-25 19:16:09,735 | INFO     |   → 1145/1544: ✅ 0 взято | 🗑️ 3222 мусор
2026-07-25 19:16:09,735 | INFO     |   → 1146/1544: ✅ 0 взято | 🗑️ 6260 мусор
2026-07-25 19:16:09,735 | INFO     |   → 1147/1544: ✅ 0 взято | 🗑️ 4258 мусор
2026-07-25 19:16:09,735 | INFO     |   → 1148/1544 ❌ HTTP 404 — https://raw.githubusercontent.com/mianous/qiren/main/qiren.txt
2026-07-25 19:16:09,735 | INFO     |   → 1149/1544 ❌ HTTP 404 — https://raw.githubusercontent.com/microic/hello_search/main/repo_list.txt
2026-07-25 19:16:09,735 | INFO     |   → 1150/1544 ❌ HTTP 404 — https://raw.githubusercontent.com/miladtahanian/V2RayCFGDumper/refs/heads/main/config.txt
2026-07-25 19:16:09,735 | INFO     |   → 1151/1544 ❌ HTTP 404 — https://raw.githubusercontent.com/miladtahanian/multi-proxy-config-fetcher/refs/heads/main/configs/proxy_configs.txt
2026-07-25 19:16:09,735 | INFO     |   → 1152/1544: ✅ 0 взято | 🗑️ 0 мусор
2026-07-25 19:16:09,735 | INFO     |   → 1153/1544: ✅ 0 взято | 🗑️ 0 мусор
2026-07-25 19:16:09,735 | INFO     |   → 1154/1544: ✅ 0 взято | 🗑️ 0 мусор
2026-07-25 19:16:09,735 | INFO     |   → 1155/1544: ✅ 15 взято | 🗑️ 46 мусор
2026-07-25 19:16:09,735 | INFO     |   → 1156/1544: ✅ 0 взято | 🗑️ 204 мусор
2026-07-25 19:16:09,735 | INFO     |   → 1157/1544: ✅ 0 взято | 🗑️ 0 мусор
2026-07-25 19:16:09,735 | INFO     |   → 1158/1544 ❌ HTTP 404 — https://raw.githubusercontent.com/monlor/mbfiles/main/applist.txt
2026-07-25 19:16:09,735 | INFO     |   → 1159/1544: ✅ 85 взято | 🗑️ 65 мусор
2026-07-25 19:16:09,735 | INFO     |   → 1160/1544: ✅ 28 взято | 🗑️ 93 мусор
2026-07-25 19:16:09,735 | INFO     |   → 1161/1544: ✅ 0 взято | 🗑️ 0 мусор
2026-07-25 19:16:09,735 | INFO     |   → 1162/1544: ✅ 15 взято | 🗑️ 70 мусор
2026-07-25 19:16:09,735 | INFO     |   → 1163/1544: ✅ 127 взято | 🗑️ 492 мусор
2026-07-25 19:16:09,735 | INFO     |   → 1164/1544: ✅ 331 взято | 🗑️ 190 мусор
2026-07-25 19:16:09,736 | INFO     |   → 1165/1544 ❌ HTTP 404 — https://raw.githubusercontent.com/nicholascw/vmecs/main/plan.txt
2026-07-25 19:16:09,736 | INFO     |   → 1166/1544: ✅ 38 взято | 🗑️ 1044 мусор
2026-07-25 19:16:09,736 | INFO     |   → 1167/1544 ❌ HTTP 404 — https://raw.githubusercontent.com/obscure1990/freeVM/master/snippets/nodes.yml
2026-07-25 19:16:09,736 | INFO     |   → 1168/1544 ❌ HTTP 404 — https://raw.githubusercontent.com/op30mmd/things/909b38024ba14d69dc0f95c238f63bc6e930a00f/eut.txt
2026-07-25 19:16:09,736 | INFO     |   → 1169/1544 ❌ HTTP 404 — https://raw.githubusercontent.com/openRunner/clash-freenode/main/v2ray.txt
2026-07-25 19:16:09,736 | INFO     |   → 1170/1544 ❌ HTTP 404 — https://raw.githubusercontent.com/oslook/clash-freenode/main/clash.yaml
2026-07-25 19:16:09,736 | INFO     |   → 1171/1544 ❌ HTTP 404 — https://raw.githubusercontent.com/pajecawav/ghloc-web/main/scripts/repos.txt
2026-07-25 19:16:09,736 | INFO     |   → 1172/1544: ✅ 0 взято | 🗑️ 0 мусор
2026-07-25 19:16:09,736 | INFO     |   → 1173/1544: ✅ 4 взято | 🗑️ 1 мусор
2026-07-25 19:16:09,736 | INFO     |   → 1174/1544: ✅ 0 взято | 🗑️ 0 мусор
2026-07-25 19:16:09,736 | INFO     |   → 1175/1544: ✅ 5 взято | 🗑️ 100 мусор
2026-07-25 19:16:09,736 | INFO     |   → 1176/1544: ✅ 4 взято | 🗑️ 11 мусор
2026-07-25 19:16:09,736 | INFO     |   → 1177/1544: ✅ 59 взято | 🗑️ 1065 мусор
2026-07-25 19:16:09,736 | INFO     |   → 1178/1544: ✅ 0 взято | 🗑️ 707 мусор
2026-07-25 19:16:09,736 | INFO     |   → 1179/1544: ✅ 0 взято | 🗑️ 989 мусор
2026-07-25 19:16:09,736 | INFO     |   → 1180/1544: ✅ 0 взято | 🗑️ 0 мусор
2026-07-25 19:16:09,736 | INFO     |   → 1181/1544: ✅ 0 взято | 🗑️ 0 мусор
2026-07-25 19:16:09,736 | INFO     |   → 1182/1544: ✅ 0 взято | 🗑️ 19 мусор
2026-07-25 19:16:09,736 | INFO     |   → 1183/1544: ✅ 0 взято | 🗑️ 0 мусор
2026-07-25 19:16:09,736 | INFO     |   → 1184/1544 ❌ HTTP 404 — https://raw.githubusercontent.com/quniu/ssmgr-deploy/main/example/部署.txt
2026-07-25 19:16:09,736 | INFO     |   → 1185/1544: ✅ 0 взято | 🗑️ 44 мусор
2026-07-25 19:16:09,736 | INFO     |   → 1186/1544: ✅ 63 взято | 🗑️ 521 мусор
2026-07-25 19:16:09,736 | INFO     |   → 1187/1544: ✅ 165 взято | 🗑️ 273 мусор
2026-07-25 19:16:09,736 | INFO     |   → 1188/1544: ✅ 0 взято | 🗑️ 0 мусор
2026-07-25 19:16:09,736 | INFO     |   → 1189/1544: ✅ 28 взято | 🗑️ 211 мусор
2026-07-25 19:16:09,736 | INFO     |   → 1190/1544: ✅ 0 взято | 🗑️ 79 мусор
2026-07-25 19:16:09,737 | INFO     |   → 1191/1544: ✅ 13 взято | 🗑️ 32 мусор
2026-07-25 19:16:09,737 | INFO     |   → 1192/1544: ✅ 0 взято | 🗑️ 0 мусор
2026-07-25 19:16:09,737 | INFO     |   → 1193/1544: ✅ 2 взято | 🗑️ 9 мусор
2026-07-25 19:16:09,737 | INFO     |   → 1194/1544: ✅ 11 взято | 🗑️ 76 мусор
2026-07-25 19:16:09,737 | INFO     |   → 1195/1544: ✅ 0 взято | 🗑️ 168 мусор
2026-07-25 19:16:09,737 | INFO     |   → 1196/1544: ✅ 0 взято | 🗑️ 79 мусор
2026-07-25 19:16:09,737 | INFO     |   → 1197/1544 ❌ HTTP 404 — https://raw.githubusercontent.com/riaqn/china-dns/main/world.txt
2026-07-25 19:16:09,737 | INFO     |   → 1198/1544: ✅ 0 взято | 🗑️ 14 мусор
2026-07-25 19:16:09,737 | INFO     |   → 1199/1544: ✅ 0 взято | 🗑️ 0 мусор
2026-07-25 19:16:09,737 | INFO     |   → 1200/1544 ❌ HTTP 404 — https://raw.githubusercontent.com/ronghuaxueleng/get_v2/main/pub/changfengoss.yaml
2026-07-25 19:16:09,737 | INFO     |   → 1201/1544: ✅ 0 взято | 🗑️ 0 мусор
2026-07-25 19:16:09,737 | INFO     |   → 1202/1544: ✅ 80 взято | 🗑️ 67 мусор
2026-07-25 19:16:09,737 | INFO     |   → 1203/1544: ✅ 0 взято | 🗑️ 67 мусор
2026-07-25 19:16:09,737 | INFO     |   → 1204/1544 ❌ HTTP 404 — https://raw.githubusercontent.com/ror-ian/raspi/main/Raspi.txt
2026-07-25 19:16:09,737 | INFO     |   → 1205/1544 ❌ HTTP 404 — https://raw.githubusercontent.com/rxsweet/CM_Vmess/refs/heads/main/test.txt
2026-07-25 19:16:09,737 | INFO     |   → 1206/1544 ❌ HTTP 404 — https://raw.githubusercontent.com/rxsweet/proxies/main/sub/free.yaml
2026-07-25 19:16:09,737 | INFO     |   → 1207/1544 ❌ HTTP 404 — https://raw.githubusercontent.com/rxsweet/proxies/main/sub/rx.yaml
2026-07-25 19:16:09,737 | INFO     |   → 1208/1544 ❌ HTTP 404 — https://raw.githubusercontent.com/rxsweet/proxies/main/sub/sources/dynamicAll.yaml
2026-07-25 19:16:09,737 | INFO     |   → 1209/1544 ❌ HTTP 404 — https://raw.githubusercontent.com/rxsweet/proxies/main/sub/sources/miningAll.yaml
2026-07-25 19:16:09,737 | INFO     |   → 1210/1544 ❌ HTTP 404 — https://raw.githubusercontent.com/rxsweet/proxies/main/sub/srx.yaml
2026-07-25 19:16:09,737 | INFO     |   → 1211/1544 ❌ HTTP 404 — https://raw.githubusercontent.com/sajad-sajadi/V2ray-Collector/raw/main/output/protocols/vmess.txt
2026-07-25 19:16:09,737 | INFO     |   → 1212/1544: ✅ 0 взято | 🗑️ 0 мусор
2026-07-25 19:16:09,737 | INFO     |   → 1213/1544 ❌ HTTP 404 — https://raw.githubusercontent.com/sakha1370/OpenRay/raw/refs/heads/main/output/all_valid_proxies.txt
2026-07-25 19:16:09,737 | INFO     |   → 1214/1544: ✅ 53 взято | 🗑️ 399 мусор
2026-07-25 19:16:09,737 | INFO     |   → 1215/1544: ✅ 0 взято | 🗑️ 399 мусор
2026-07-25 19:16:09,738 | INFO     |   → 1216/1544 ❌ HTTP 404 — https://raw.githubusercontent.com/samjoeyang/subscribe/main/fly
2026-07-25 19:16:09,738 | INFO     |   → 1217/1544: ✅ 0 взято | 🗑️ 0 мусор
2026-07-25 19:16:09,738 | INFO     |   → 1218/1544 ❌ HTTP 404 — https://raw.githubusercontent.com/sarina-ad/v2ray/main/v2ray
2026-07-25 19:16:09,738 | INFO     |   → 1219/1544 ❌ HTTP 404 — https://raw.githubusercontent.com/satrom/V2SSR/master/SSR/Sub.txt
2026-07-25 19:16:09,738 | INFO     |   → 1220/1544 ❌ HTTP 404 — https://raw.githubusercontent.com/satrom/V2SSR/master/V2RAY/Sub.txt
2026-07-25 19:16:09,738 | INFO     |   → 1221/1544: ✅ 498 взято | 🗑️ 9423 мусор
2026-07-25 19:16:09,738 | INFO     |   → 1222/1544: ✅ 273 взято | 🗑️ 9727 мусор
2026-07-25 19:16:09,738 | INFO     |   → 1223/1544: ✅ 217 взято | 🗑️ 9783 мусор
2026-07-25 19:16:09,738 | INFO     |   → 1224/1544: ✅ 46 взято | 🗑️ 9954 мусор
2026-07-25 19:16:09,738 | INFO     |   → 1225/1544: ✅ 86 взято | 🗑️ 9914 мусор
2026-07-25 19:16:09,738 | INFO     |   → 1226/1544: ✅ 78 взято | 🗑️ 9922 мусор
2026-07-25 19:16:09,738 | INFO     |   → 1227/1544: ✅ 252 взято | 🗑️ 9748 мусор
2026-07-25 19:16:09,738 | INFO     |   → 1228/1544: ✅ 71 взято | 🗑️ 9929 мусор
2026-07-25 19:16:09,738 | INFO     |   → 1229/1544: ✅ 5761 взято | 🗑️ 4239 мусор
2026-07-25 19:16:09,738 | INFO     |   → 1230/1544: ✅ 2591 взято | 🗑️ 7409 мусор
2026-07-25 19:16:09,738 | INFO     |   → 1231/1544: ✅ 454 взято | 🗑️ 9546 мусор
2026-07-25 19:16:09,738 | INFO     |   → 1232/1544: ✅ 434 взято | 🗑️ 9566 мусор
2026-07-25 19:16:09,738 | INFO     |   → 1233/1544: ✅ 520 взято | 🗑️ 9480 мусор
2026-07-25 19:16:09,738 | INFO     |   → 1234/1544: ✅ 562 взято | 🗑️ 9438 мусор
2026-07-25 19:16:09,738 | INFO     |   → 1235/1544: ✅ 374 взято | 🗑️ 9626 мусор
2026-07-25 19:16:09,738 | INFO     |   → 1236/1544: ✅ 239 взято | 🗑️ 9761 мусор
2026-07-25 19:16:09,738 | INFO     |   → 1237/1544: ✅ 461 взято | 🗑️ 9539 мусор
2026-07-25 19:16:09,738 | INFO     |   → 1238/1544: ✅ 345 взято | 🗑️ 9655 мусор
2026-07-25 19:16:09,738 | INFO     |   → 1239/1544: ✅ 386 взято | 🗑️ 9614 мусор
2026-07-25 19:16:09,738 | INFO     |   → 1240/1544: ✅ 396 взято | 🗑️ 9604 мусор
2026-07-25 19:16:09,738 | INFO     |   → 1241/1544: ✅ 323 взято | 🗑️ 9677 мусор
2026-07-25 19:16:09,738 | INFO     |   → 1242/1544: ✅ 365 взято | 🗑️ 9635 мусор
2026-07-25 19:16:09,739 | INFO     |   → 1243/1544: ✅ 295 взято | 🗑️ 9570 мусор
2026-07-25 19:16:09,739 | INFO     |   → 1244/1544: ✅ 296 взято | 🗑️ 9704 мусор
2026-07-25 19:16:09,739 | INFO     |   → 1245/1544: ✅ 378 взято | 🗑️ 9622 мусор
2026-07-25 19:16:09,739 | INFO     |   → 1246/1544: ✅ 434 взято | 🗑️ 9566 мусор
2026-07-25 19:16:09,739 | INFO     |   → 1247/1544: ✅ 357 взято | 🗑️ 9643 мусор
2026-07-25 19:16:09,739 | INFO     |   → 1248/1544: ✅ 649 взято | 🗑️ 9351 мусор
2026-07-25 19:16:09,739 | INFO     |   → 1249/1544: ✅ 385 взято | 🗑️ 9615 мусор
2026-07-25 19:16:09,739 | INFO     |   → 1250/1544: ✅ 318 взято | 🗑️ 9682 мусор
2026-07-25 19:16:09,739 | INFO     |   → 1251/1544: ✅ 278 взято | 🗑️ 9719 мусор
2026-07-25 19:16:09,739 | INFO     |   → 1252/1544: ✅ 274 взято | 🗑️ 9702 мусор
2026-07-25 19:16:09,739 | INFO     |   → 1253/1544: ✅ 284 взято | 🗑️ 9716 мусор
2026-07-25 19:16:09,739 | INFO     |   → 1254/1544: ✅ 1223 взято | 🗑️ 8390 мусор
2026-07-25 19:16:09,739 | INFO     |   → 1255/1544: ✅ 277 взято | 🗑️ 9723 мусор
2026-07-25 19:16:09,739 | INFO     |   → 1256/1544: ✅ 296 взято | 🗑️ 9704 мусор
2026-07-25 19:16:09,739 | INFO     |   → 1257/1544: ✅ 353 взято | 🗑️ 9647 мусор
2026-07-25 19:16:09,739 | INFO     |   → 1258/1544: ✅ 286 взято | 🗑️ 9714 мусор
2026-07-25 19:16:09,739 | INFO     |   → 1259/1544: ✅ 164 взято | 🗑️ 9834 мусор
2026-07-25 19:16:09,739 | INFO     |   → 1260/1544: ✅ 640 взято | 🗑️ 9360 мусор
2026-07-25 19:16:09,739 | INFO     |   → 1261/1544: ✅ 659 взято | 🗑️ 9341 мусор
2026-07-25 19:16:09,739 | INFO     |   → 1262/1544: ✅ 319 взято | 🗑️ 6081 мусор
2026-07-25 19:16:09,739 | INFO     |   → 1263/1544: ✅ 115 взято | 🗑️ 4730 мусор
2026-07-25 19:16:09,739 | INFO     |   → 1264/1544: ✅ 0 взято | 🗑️ 9608 мусор
2026-07-25 19:16:09,739 | INFO     |   → 1265/1544: ✅ 384 взято | 🗑️ 9534 мусор
2026-07-25 19:16:09,739 | INFO     |   → 1266/1544: ✅ 0 взято | 🗑️ 9670 мусор
2026-07-25 19:16:09,739 | INFO     |   → 1267/1544: ✅ 0 взято | 🗑️ 9366 мусор
2026-07-25 19:16:09,739 | INFO     |   → 1268/1544: ✅ 0 взято | 🗑️ 9574 мусор
2026-07-25 19:16:09,740 | INFO     |   → 1269/1544: ✅ 65 взято | 🗑️ 9741 мусор
2026-07-25 19:16:09,740 | INFO     |   → 1270/1544: ✅ 347 взято | 🗑️ 9533 мусор
2026-07-25 19:16:09,740 | INFO     |   → 1271/1544: ✅ 0 взято | 🗑️ 9736 мусор
2026-07-25 19:16:09,740 | INFO     |   → 1272/1544: ✅ 0 взято | 🗑️ 9726 мусор
2026-07-25 19:16:09,740 | INFO     |   → 1273/1544: ✅ 0 взято | 🗑️ 9678 мусор
2026-07-25 19:16:09,740 | INFO     |   → 1274/1544: ✅ 0 взято | 🗑️ 9661 мусор
2026-07-25 19:16:09,740 | INFO     |   → 1275/1544: ✅ 0 взято | 🗑️ 9735 мусор
2026-07-25 19:16:09,740 | INFO     |   → 1276/1544: ✅ 227 взято | 🗑️ 9649 мусор
2026-07-25 19:16:09,740 | INFO     |   → 1277/1544: ✅ 0 взято | 🗑️ 9767 мусор
2026-07-25 19:16:09,740 | INFO     |   → 1278/1544: ✅ 0 взято | 🗑️ 9337 мусор
2026-07-25 19:16:09,740 | INFO     |   → 1279/1544: ✅ 0 взято | 🗑️ 9403 мусор
2026-07-25 19:16:09,740 | INFO     |   → 1280/1544: ✅ 105 взято | 🗑️ 4872 мусор
2026-07-25 19:16:09,740 | INFO     |   → 1281/1544: ✅ 523 взято | 🗑️ 9477 мусор
2026-07-25 19:16:09,740 | INFO     |   → 1282/1544: ✅ 123 взято | 🗑️ 9408 мусор
2026-07-25 19:16:09,740 | INFO     |   → 1283/1544: ✅ 184 взято | 🗑️ 8842 мусор
2026-07-25 19:16:09,740 | INFO     |   → 1284/1544: ✅ 0 взято | 🗑️ 35324 мусор
2026-07-25 19:16:09,740 | INFO     |   → 1285/1544: ✅ 0 взято | 🗑️ 87156 мусор
2026-07-25 19:16:09,740 | INFO     |   → 1286/1544: ✅ 0 взято | 🗑️ 224469 мусор
2026-07-25 19:16:09,740 | INFO     |   → 1287/1544: ✅ 0 взято | 🗑️ 92834 мусор
2026-07-25 19:16:09,740 | INFO     |   → 1288/1544: ✅ 0 взято | 🗑️ 0 мусор
2026-07-25 19:16:09,740 | INFO     |   → 1289/1544: ✅ 0 взято | 🗑️ 0 мусор
2026-07-25 19:16:09,740 | INFO     |   → 1290/1544: ✅ 3 взято | 🗑️ 49 мусор
2026-07-25 19:16:09,740 | INFO     |   → 1291/1544: ✅ 778 взято | 🗑️ 18461 мусор
2026-07-25 19:16:09,740 | INFO     |   → 1292/1544: ✅ 0 взято | 🗑️ 9031 мусор
2026-07-25 19:16:09,740 | INFO     |   → 1293/1544: ✅ 0 взято | 🗑️ 1133 мусор
2026-07-25 19:16:09,740 | INFO     |   → 1294/1544: ✅ 0 взято | 🗑️ 8157 мусор
2026-07-25 19:16:09,740 | INFO     |   → 1295/1544: ✅ 0 взято | 🗑️ 143 мусор
2026-07-25 19:16:09,741 | INFO     |   → 1296/1544: ✅ 0 взято | 🗑️ 18461 мусор
2026-07-25 19:16:09,741 | INFO     |   → 1297/1544 ❌ HTTP 404 — https://raw.githubusercontent.com/shadowsocksr-rm/shadowsocksr-csharp/main/shadowsocks-csharp/Data/cn.txt
2026-07-25 19:16:09,741 | INFO     |   → 1298/1544: ✅ 0 взято | 🗑️ 0 мусор
2026-07-25 19:16:09,741 | INFO     |   → 1299/1544 ❌ HTTP 404 — https://raw.githubusercontent.com/shigalin/Config/main/MEOW/proxy.txt
2026-07-25 19:16:09,741 | INFO     |   → 1300/1544 ❌ HTTP 404 — https://raw.githubusercontent.com/shirkerboy/scp/main/sub
2026-07-25 19:16:09,741 | INFO     |   → 1301/1544: ✅ 0 взято | 🗑️ 0 мусор
2026-07-25 19:16:09,741 | INFO     |   → 1302/1544: ✅ 0 взято | 🗑️ 0 мусор
2026-07-25 19:16:09,741 | INFO     |   → 1303/1544 ❌ HTTP 404 — https://raw.githubusercontent.com/slpcat/docker-images/main/vpn/v2ray/NOTE.txt
2026-07-25 19:16:09,741 | INFO     |   → 1304/1544 ❌ HTTP 404 — https://raw.githubusercontent.com/snakem982/proxypool/main/nodelist.txt
2026-07-25 19:16:09,741 | INFO     |   → 1305/1544: ✅ 50 взято | 🗑️ 57 мусор
2026-07-25 19:16:09,741 | INFO     |   → 1306/1544 ❌ HTTP 404 — https://raw.githubusercontent.com/snakem982/proxypool/main/source/v2ray.txt
2026-07-25 19:16:09,741 | INFO     |   → 1307/1544: ✅ 0 взято | 🗑️ 0 мусор
2026-07-25 19:16:09,741 | INFO     |   → 1308/1544 ❌ HTTP 404 — https://raw.githubusercontent.com/soroushmirzaei/telegram-configs-collector/main/channels/protocols/hysteria
2026-07-25 19:16:09,741 | INFO     |   → 1309/1544 ❌ HTTP 404 — https://raw.githubusercontent.com/soroushmirzaei/telegram-configs-collector/main/channels/protocols/juicity
2026-07-25 19:16:09,741 | INFO     |   → 1310/1544 ❌ HTTP 404 — https://raw.githubusercontent.com/soroushmirzaei/telegram-configs-collector/main/channels/protocols/reality
2026-07-25 19:16:09,741 | INFO     |   → 1311/1544 ❌ HTTP 404 — https://raw.githubusercontent.com/soroushmirzaei/telegram-configs-collector/main/channels/protocols/shadowsocks
2026-07-25 19:16:09,741 | INFO     |   → 1312/1544 ❌ HTTP 404 — https://raw.githubusercontent.com/soroushmirzaei/telegram-configs-collector/main/channels/protocols/trojan
2026-07-25 19:16:09,741 | INFO     |   → 1313/1544 ❌ HTTP 404 — https://raw.githubusercontent.com/soroushmirzaei/telegram-configs-collector/main/channels/protocols/tuic
2026-07-25 19:16:09,741 | INFO     |   → 1314/1544 ❌ HTTP 404 — https://raw.githubusercontent.com/soroushmirzaei/telegram-configs-collector/main/channels/protocols/vless
2026-07-25 19:16:09,741 | INFO     |   → 1315/1544 ❌ HTTP 404 — https://raw.githubusercontent.com/soroushmirzaei/telegram-configs-collector/main/channels/protocols/vmess
2026-07-25 19:16:09,741 | INFO     |   → 1316/1544 ❌ HTTP 404 — https://raw.githubusercontent.com/soroushmirzaei/telegram-configs-collector/main/countries/jp/mixed
2026-07-25 19:16:09,741 | INFO     |   → 1317/1544 ❌ HTTP 404 — https://raw.githubusercontent.com/soroushmirzaei/telegram-configs-collector/main/protocols/hysteria
2026-07-25 19:16:09,741 | INFO     |   → 1318/1544 ❌ HTTP 404 — https://raw.githubusercontent.com/soroushmirzaei/telegram-configs-collector/main/protocols/juicity
2026-07-25 19:16:09,741 | INFO     |   → 1319/1544 ❌ HTTP 404 — https://raw.githubusercontent.com/soroushmirzaei/telegram-configs-collector/main/protocols/reality
2026-07-25 19:16:09,741 | INFO     |   → 1320/1544 ❌ HTTP 404 — https://raw.githubusercontent.com/soroushmirzaei/telegram-configs-collector/main/protocols/shadowsocks
2026-07-25 19:16:09,741 | INFO     |   → 1321/1544 ❌ HTTP 404 — https://raw.githubusercontent.com/soroushmirzaei/telegram-configs-collector/main/protocols/trojan
2026-07-25 19:16:09,742 | INFO     |   → 1322/1544 ❌ HTTP 404 — https://raw.githubusercontent.com/soroushmirzaei/telegram-configs-collector/main/protocols/tuic
2026-07-25 19:16:09,742 | INFO     |   → 1323/1544 ❌ HTTP 404 — https://raw.githubusercontent.com/soroushmirzaei/telegram-configs-collector/main/protocols/vless
2026-07-25 19:16:09,742 | INFO     |   → 1324/1544 ❌ HTTP 404 — https://raw.githubusercontent.com/soroushmirzaei/telegram-configs-collector/main/protocols/vmess
2026-07-25 19:16:09,742 | INFO     |   → 1325/1544 ❌ HTTP 404 — https://raw.githubusercontent.com/soroushmirzaei/telegram-configs-collector/main/splitted/subscribe
2026-07-25 19:16:09,742 | INFO     |   → 1326/1544 ❌ HTTP 404 — https://raw.githubusercontent.com/ssrsub/ssr/master/Clash.yml
2026-07-25 19:16:09,742 | INFO     |   → 1327/1544 ❌ HTTP 404 — https://raw.githubusercontent.com/ssrsub/ssr/master/V2Ray
2026-07-25 19:16:09,742 | INFO     |   → 1328/1544 ❌ HTTP 404 — https://raw.githubusercontent.com/ssrsub/ssr/master/ss-sub
2026-07-25 19:16:09,742 | INFO     |   → 1329/1544 ❌ HTTP 404 — https://raw.githubusercontent.com/ssrsub/ssr/master/ssrsub
2026-07-25 19:16:09,742 | INFO     |   → 1330/1544 ❌ HTTP 404 — https://raw.githubusercontent.com/ssrsub/ssr/master/trojan
2026-07-25 19:16:09,742 | INFO     |   → 1331/1544 ❌ HTTP 404 — https://raw.githubusercontent.com/stormchasingg/zju-rvpn-ubuntu/main/ipv6.txt
2026-07-25 19:16:09,742 | INFO     |   → 1332/1544: ✅ 0 взято | 🗑️ 0 мусор
2026-07-25 19:16:09,742 | INFO     |   → 1333/1544: ✅ 2 взято | 🗑️ 12 мусор
2026-07-25 19:16:09,742 | INFO     |   → 1334/1544: ✅ 0 взято | 🗑️ 13 мусор
2026-07-25 19:16:09,742 | INFO     |   → 1335/1544: ✅ 0 взято | 🗑️ 13 мусор
2026-07-25 19:16:09,742 | INFO     |   → 1336/1544: ✅ 0 взято | 🗑️ 0 мусор
2026-07-25 19:16:09,742 | INFO     |   → 1337/1544 ❌ HTTP 404 — https://raw.githubusercontent.com/tbbatbb/Proxy/master/dist/clash.config.yaml
2026-07-25 19:16:09,742 | INFO     |   → 1338/1544 ❌ HTTP 404 — https://raw.githubusercontent.com/tech-srl/c3po/main/DataCreation/sampled_repos.txt
2026-07-25 19:16:09,742 | INFO     |   → 1339/1544 ❌ HTTP 404 — https://raw.githubusercontent.com/tickmao/Rules/main/Shadowsocks/pac.txt
2026-07-25 19:16:09,742 | INFO     |   → 1340/1544: ✅ 0 взято | 🗑️ 35 мусор
2026-07-25 19:16:09,742 | INFO     |   → 1341/1544: ✅ 0 взято | 🗑️ 0 мусор
2026-07-25 19:16:09,742 | INFO     |   → 1342/1544 ❌ HTTP 404 — https://raw.githubusercontent.com/tonyh2021/QLadder/main/topic.txt
2026-07-25 19:16:09,742 | INFO     |   → 1343/1544 ❌ HTTP 404 — https://raw.githubusercontent.com/totravel/shadowsocks-ws/main/local/banner.txt
2026-07-25 19:16:09,742 | INFO     |   → 1344/1544: ✅ 5 взято | 🗑️ 111 мусор
2026-07-25 19:16:09,742 | INFO     |   → 1345/1544: ✅ 0 взято | 🗑️ 0 мусор
2026-07-25 19:16:09,742 | INFO     |   → 1346/1544: ✅ 0 взято | 🗑️ 135 мусор
2026-07-25 19:16:09,742 | INFO     |   → 1347/1544 ❌ HTTP 404 — https://raw.githubusercontent.com/v2clash/Autoproxy/a81f840ab2364124133572ec94e4b81fb0d4e58d/sub/2401/240104.txt
2026-07-25 19:16:09,742 | INFO     |   → 1348/1544 ❌ HTTP 404 — https://raw.githubusercontent.com/v2clash/V2ray-Configs/31f493c584d0c7b56350f4a34d80c53ad82bcc18/Sub9.txt
2026-07-25 19:16:09,743 | INFO     |   → 1349/1544 ❌ HTTP 404 — https://raw.githubusercontent.com/v2rayA/dist-v2ray-rules-dat/main/gfw.txt
2026-07-25 19:16:09,743 | INFO     |   → 1350/1544 ❌ HTTP 404 — https://raw.githubusercontent.com/v3aqb/fwlite/main/release_note.txt
2026-07-25 19:16:09,743 | INFO     |   → 1351/1544: ✅ 0 взято | 🗑️ 0 мусор
2026-07-25 19:16:09,743 | INFO     |   → 1352/1544: ✅ 0 взято | 🗑️ 0 мусор
2026-07-25 19:16:09,743 | INFO     |   → 1353/1544: ✅ 0 взято | 🗑️ 0 мусор
2026-07-25 19:16:09,743 | INFO     |   → 1354/1544: ✅ 0 взято | 🗑️ 9640 мусор
2026-07-25 19:16:09,743 | INFO     |   → 1355/1544: ✅ 0 взято | 🗑️ 10086 мусор
2026-07-25 19:16:09,743 | INFO     |   → 1356/1544: ✅ 0 взято | 🗑️ 9675 мусор
2026-07-25 19:16:09,743 | INFO     |   → 1357/1544: ✅ 0 взято | 🗑️ 9823 мусор
2026-07-25 19:16:09,743 | INFO     |   → 1358/1544: ✅ 1 взято | 🗑️ 9639 мусор
2026-07-25 19:16:09,743 | INFO     |   → 1359/1544: ✅ 0 взято | 🗑️ 7919 мусор
2026-07-25 19:16:09,743 | INFO     |   → 1360/1544: ✅ 0 взято | 🗑️ 4836 мусор
2026-07-25 19:16:09,743 | INFO     |   → 1361/1544: ✅ 0 взято | 🗑️ 7659 мусор
2026-07-25 19:16:09,743 | INFO     |   → 1362/1544: ✅ 0 взято | 🗑️ 8081 мусор
2026-07-25 19:16:09,743 | INFO     |   → 1363/1544: ✅ 0 взято | 🗑️ 5131 мусор
2026-07-25 19:16:09,743 | INFO     |   → 1364/1544: ✅ 0 взято | 🗑️ 0 мусор
2026-07-25 19:16:09,743 | INFO     |   → 1365/1544 ❌ HTTP 404 — https://raw.githubusercontent.com/vveg26/chromego_merge/main/sub/merged_proxies.yaml
2026-07-25 19:16:09,743 | INFO     |   → 1366/1544 ❌ HTTP 404 — https://raw.githubusercontent.com/vveg26/get_proxy/main/dist/clash.config.yaml
2026-07-25 19:16:09,743 | INFO     |   → 1367/1544: ✅ 0 взято | 🗑️ 10 мусор
2026-07-25 19:16:09,743 | INFO     |   → 1368/1544: ✅ 0 взято | 🗑️ 10 мусор
2026-07-25 19:16:09,743 | INFO     |   → 1369/1544: ✅ 0 взято | 🗑️ 4 мусор
2026-07-25 19:16:09,743 | INFO     |   → 1370/1544: ✅ 0 взято | 🗑️ 0 мусор
2026-07-25 19:16:09,743 | INFO     |   → 1371/1544: ✅ 0 взято | 🗑️ 4 мусор
2026-07-25 19:16:09,743 | INFO     |   → 1372/1544: ✅ 106 взято | 🗑️ 689 мусор
2026-07-25 19:16:09,743 | INFO     |   → 1373/1544: ✅ 48 взято | 🗑️ 841 мусор
2026-07-25 19:16:09,743 | INFO     |   → 1374/1544: ✅ 21 взято | 🗑️ 789 мусор
2026-07-25 19:16:09,743 | INFO     |   → 1375/1544: ✅ 24 взято | 🗑️ 774 мусор
2026-07-25 19:16:09,744 | INFO     |   → 1376/1544: ✅ 52 взято | 🗑️ 756 мусор
2026-07-25 19:16:09,744 | INFO     |   → 1377/1544: ✅ 191 взято | 🗑️ 745 мусор
2026-07-25 19:16:09,744 | INFO     |   → 1378/1544: ✅ 9 взято | 🗑️ 651 мусор
2026-07-25 19:16:09,744 | INFO     |   → 1379/1544: ✅ 185 взято | 🗑️ 388 мусор
2026-07-25 19:16:09,744 | INFO     |   → 1380/1544: ✅ 130 взято | 🗑️ 523 мусор
2026-07-25 19:16:09,744 | INFO     |   → 1381/1544: ✅ 67 взято | 🗑️ 533 мусор
2026-07-25 19:16:09,744 | INFO     |   → 1382/1544: ✅ 98 взято | 🗑️ 444 мусор
2026-07-25 19:16:09,744 | INFO     |   → 1383/1544: ✅ 102 взято | 🗑️ 670 мусор
2026-07-25 19:16:09,744 | INFO     |   → 1384/1544: ✅ 86 взято | 🗑️ 476 мусор
2026-07-25 19:16:09,744 | INFO     |   → 1385/1544: ✅ 95 взято | 🗑️ 657 мусор
2026-07-25 19:16:09,744 | INFO     |   → 1386/1544: ✅ 105 взято | 🗑️ 645 мусор
2026-07-25 19:16:09,744 | INFO     |   → 1387/1544: ✅ 115 взято | 🗑️ 985 мусор
2026-07-25 19:16:09,744 | INFO     |   → 1388/1544: ✅ 0 взято | 🗑️ 63 мусор
2026-07-25 19:16:09,744 | INFO     |   → 1389/1544: ✅ 0 взято | 🗑️ 62 мусор
2026-07-25 19:16:09,744 | INFO     |   → 1390/1544: ✅ 0 взято | 🗑️ 489 мусор
2026-07-25 19:16:09,744 | INFO     |   → 1391/1544 ❌ HTTP 404 — https://raw.githubusercontent.com/wang1/Manjaro-i3/main/note.txt
2026-07-25 19:16:09,744 | INFO     |   → 1392/1544: ✅ 0 взято | 🗑️ 0 мусор
2026-07-25 19:16:09,744 | INFO     |   → 1393/1544: ✅ 0 взято | 🗑️ 0 мусор
2026-07-25 19:16:09,744 | INFO     |   → 1394/1544: ✅ 0 взято | 🗑️ 0 мусор
2026-07-25 19:16:09,744 | INFO     |   → 1395/1544: ✅ 0 взято | 🗑️ 0 мусор
2026-07-25 19:16:09,744 | INFO     |   → 1396/1544: ✅ 0 взято | 🗑️ 0 мусор
2026-07-25 19:16:09,744 | INFO     |   → 1397/1544: ✅ 0 взято | 🗑️ 52 мусор
2026-07-25 19:16:09,744 | INFO     |   → 1398/1544: ✅ 5 взято | 🗑️ 10 мусор
2026-07-25 19:16:09,744 | INFO     |   → 1399/1544: ✅ 1 взято | 🗑️ 124 мусор
2026-07-25 19:16:09,744 | INFO     |   → 1400/1544: ✅ 190 взято | 🗑️ 258 мусор
2026-07-25 19:16:09,744 | INFO     |   → 1401/1544: ✅ 0 взято | 🗑️ 9 мусор
2026-07-25 19:16:09,744 | INFO     |   → 1402/1544: ✅ 8 взято | 🗑️ 1563 мусор
2026-07-25 19:16:09,744 | INFO     |   → 1403/1544 ❌ HTTP 404 — https://raw.githubusercontent.com/xiaozhu2007/xiaozhu2007/61a755a044dbaeea678bc2d1e20f21a21c6d7170/docs/fxxk.txt
2026-07-25 19:16:09,744 | INFO     |   → 1404/1544: ✅ 1 взято | 🗑️ 159 мусор
2026-07-25 19:16:09,744 | INFO     |   → 1405/1544: ✅ 0 взято | 🗑️ 22 мусор
2026-07-25 19:16:09,744 | INFO     |   → 1406/1544: ✅ 0 взято | 🗑️ 0 мусор
2026-07-25 19:16:09,744 | INFO     |   → 1407/1544: ✅ 0 взято | 🗑️ 0 мусор
2026-07-25 19:16:09,744 | INFO     |   → 1408/1544: ✅ 0 взято | 🗑️ 0 мусор
2026-07-25 19:16:09,744 | INFO     |   → 1409/1544 ❌ HTTP 404 — https://raw.githubusercontent.com/yebekhe/TVC/0f745f92bf381e505f1245abbc7c145b19b11503/config.txt
2026-07-25 19:16:09,744 | INFO     |   → 1410/1544 ❌ HTTP 404 — https://raw.githubusercontent.com/yebekhe/TVC/9fac69239c69327fb7a61f5a8d79d107133889e1/lite/config.txt
2026-07-25 19:16:09,744 | INFO     |   → 1411/1544 ❌ HTTP 404 — https://raw.githubusercontent.com/yebekhe/TelegramV2rayCollector/main/sub/normal/donated
2026-07-25 19:16:09,744 | INFO     |   → 1412/1544 ❌ HTTP 404 — https://raw.githubusercontent.com/yebekhe/TelegramV2rayCollector/main/sub/normal/hysteria2
2026-07-25 19:16:09,744 | INFO     |   → 1413/1544 ❌ HTTP 404 — https://raw.githubusercontent.com/yebekhe/TelegramV2rayCollector/main/sub/normal/mix
2026-07-25 19:16:09,744 | INFO     |   → 1414/1544 ❌ HTTP 404 — https://raw.githubusercontent.com/yebekhe/TelegramV2rayCollector/main/sub/normal/reality
2026-07-25 19:16:09,744 | INFO     |   → 1415/1544 ❌ HTTP 404 — https://raw.githubusercontent.com/yebekhe/TelegramV2rayCollector/main/sub/normal/shadowsocks
2026-07-25 19:16:09,744 | INFO     |   → 1416/1544 ❌ HTTP 404 — https://raw.githubusercontent.com/yebekhe/TelegramV2rayCollector/main/sub/normal/trojan
2026-07-25 19:16:09,744 | INFO     |   → 1417/1544 ❌ HTTP 404 — https://raw.githubusercontent.com/yebekhe/TelegramV2rayCollector/main/sub/normal/tuic
2026-07-25 19:16:09,744 | INFO     |   → 1418/1544 ❌ HTTP 404 — https://raw.githubusercontent.com/yebekhe/TelegramV2rayCollector/main/sub/normal/vless
2026-07-25 19:16:09,744 | INFO     |   → 1419/1544 ❌ HTTP 404 — https://raw.githubusercontent.com/yebekhe/TelegramV2rayCollector/main/sub/normal/vmess
2026-07-25 19:16:09,744 | INFO     |   → 1420/1544 ❌ HTTP 404 — https://raw.githubusercontent.com/yebekhe/V2Hub/main/Split/Normal/shadowsocks
2026-07-25 19:16:09,744 | INFO     |   → 1421/1544 ❌ HTTP 404 — https://raw.githubusercontent.com/yebekhe/V2Hub/main/merged
2026-07-25 19:16:09,745 | INFO     |   → 1422/1544: ✅ 0 взято | 🗑️ 30 мусор
2026-07-25 19:16:09,745 | INFO     |   → 1423/1544: ✅ 0 взято | 🗑️ 0 мусор
2026-07-25 19:16:09,745 | INFO     |   → 1424/1544 ❌ HTTP 404 — https://raw.githubusercontent.com/yidahis/shadowsocksr-libev-iOS/main/CMakeCache.txt
2026-07-25 19:16:09,745 | INFO     |   → 1425/1544: ✅ 1619 взято | 🗑️ 11062 мусор
2026-07-25 19:16:09,745 | INFO     |   → 1426/1544: ✅ 6 взято | 🗑️ 449 мусор
2026-07-25 19:16:09,745 | INFO     |   → 1427/1544: ✅ 9 взято | 🗑️ 433 мусор
2026-07-25 19:16:09,745 | INFO     |   → 1428/1544: ✅ 21 взято | 🗑️ 584 мусор
2026-07-25 19:16:09,745 | INFO     |   → 1429/1544: ✅ 112 взято | 🗑️ 2142 мусор
2026-07-25 19:16:09,745 | INFO     |   → 1430/1544: ✅ 2 взято | 🗑️ 403 мусор
2026-07-25 19:16:09,745 | INFO     |   → 1431/1544 ❌ HTTP 404 — https://raw.githubusercontent.com/yuchuanqicy/Over-The-Wall/main/user-rule.txt
2026-07-25 19:16:09,745 | INFO     |   → 1432/1544 ❌ HTTP 404 — https://raw.githubusercontent.com/yyyr-otz/tele-providers-collector/019cb3e07ee52fddbc7caa54fc670c6b9bae6539/sub/proxies.txt
2026-07-25 19:16:09,745 | INFO     |   → 1433/1544 ❌ HTTP 404 — https://raw.githubusercontent.com/yyyr-otz/tele-providers-collector/b7a74ee98bcf02c5a507d688a1bed3aa9f7f4ed1/script/raw/protocols/mixed.txt
2026-07-25 19:16:09,745 | INFO     |   → 1434/1544 ❌ HTTP 404 — https://raw.githubusercontent.com/zfl9/chinadns-ng/main/res/gfwlist.txt
2026-07-25 19:16:09,745 | INFO     |   → 1435/1544: ✅ 0 взято | 🗑️ 0 мусор
2026-07-25 19:16:09,745 | INFO     |   → 1436/1544: ✅ 0 взято | 🗑️ 0 мусор
2026-07-25 19:16:09,745 | INFO     |   → 1437/1544: ✅ 0 взято | 🗑️ 18 мусор
2026-07-25 19:16:09,745 | INFO     |   → 1438/1544: ✅ 0 взято | 🗑️ 14 мусор
2026-07-25 19:16:09,745 | INFO     |   → 1439/1544: ✅ 0 взято | 🗑️ 5 мусор
2026-07-25 19:16:09,745 | INFO     |   → 1440/1544 ❌ HTTP 404 — https://raw.githubusercontent.com/zjuchenyuan/notebook/main/code/newubuntu14.txt
2026-07-25 19:16:09,745 | INFO     |   → 1441/1544: ✅ 0 взято | 🗑️ 0 мусор
2026-07-25 19:16:09,745 | INFO     |   → 1442/1544 ⚠️ Ошибка: HTTPSConnectionPool(host='sub.pmsub.me', port=443): Max retries exceeded with url: /clash.yaml (Caused by SSLError(SSLCertVerificationError(1, '[SSL: CERTIFICATE_VERIFY_FAILED] certificate verify failed: unable to get local issuer certificate (_ssl.c:1016)'))) — https://sub.pmsub.me/clash.yaml
2026-07-25 19:16:09,745 | INFO     |   → 1443/1544: ✅ 0 взято | 🗑️ 1 мусор
2026-07-25 19:16:09,745 | INFO     |   → 1444/1544: ✅ 8 взято | 🗑️ 21 мусор
2026-07-25 19:16:09,745 | INFO     |   → 1445/1544: ✅ 0 взято | 🗑️ 0 мусор
2026-07-25 19:16:09,745 | INFO     |   → 1446/1544: ✅ 9 взято | 🗑️ 19 мусор
2026-07-25 19:16:09,745 | INFO     |   → 1447/1544: ✅ 0 взято | 🗑️ 0 мусор
2026-07-25 19:16:09,745 | INFO     |   → 1448/1544: ✅ 2 взято | 🗑️ 14 мусор
2026-07-25 19:16:09,745 | INFO     |   → 1449/1544: ✅ 4 взято | 🗑️ 22 мусор
2026-07-25 19:16:09,746 | INFO     |   → 1450/1544: ✅ 0 взято | 🗑️ 0 мусор
2026-07-25 19:16:09,746 | INFO     |   → 1451/1544: ✅ 0 взято | 🗑️ 0 мусор
2026-07-25 19:16:09,746 | INFO     |   → 1452/1544: ✅ 0 взято | 🗑️ 0 мусор
2026-07-25 19:16:09,746 | INFO     |   → 1453/1544: ✅ 2 взято | 🗑️ 16 мусор
2026-07-25 19:16:09,746 | INFO     |   → 1454/1544: ✅ 0 взято | 🗑️ 0 мусор
2026-07-25 19:16:09,746 | INFO     |   → 1455/1544: ✅ 4 взято | 🗑️ 7 мусор
2026-07-25 19:16:09,746 | INFO     |   → 1456/1544: ✅ 0 взято | 🗑️ 0 мусор
2026-07-25 19:16:09,746 | INFO     |   → 1457/1544: ✅ 6 взято | 🗑️ 14 мусор
2026-07-25 19:16:09,746 | INFO     |   → 1458/1544: ✅ 0 взято | 🗑️ 0 мусор
2026-07-25 19:16:09,746 | INFO     |   → 1459/1544: ✅ 2 взято | 🗑️ 13 мусор
2026-07-25 19:16:09,746 | INFO     |   → 1460/1544: ✅ 0 взято | 🗑️ 0 мусор
2026-07-25 19:16:09,746 | INFO     |   → 1461/1544: ✅ 0 взято | 🗑️ 0 мусор
2026-07-25 19:16:09,746 | INFO     |   → 1462/1544: ✅ 2 взято | 🗑️ 7 мусор
2026-07-25 19:16:09,746 | INFO     |   → 1463/1544: ✅ 1 взято | 🗑️ 14 мусор
2026-07-25 19:16:09,746 | INFO     |   → 1464/1544: ✅ 2 взято | 🗑️ 14 мусор
2026-07-25 19:16:09,746 | INFO     |   → 1465/1544: ✅ 0 взято | 🗑️ 0 мусор
2026-07-25 19:16:09,746 | INFO     |   → 1466/1544: ✅ 3 взято | 🗑️ 22 мусор
2026-07-25 19:16:09,746 | INFO     |   → 1467/1544: ✅ 0 взято | 🗑️ 0 мусор
2026-07-25 19:16:09,746 | INFO     |   → 1468/1544: ✅ 2 взято | 🗑️ 15 мусор
2026-07-25 19:16:09,746 | INFO     |   → 1469/1544: ✅ 3 взято | 🗑️ 12 мусор
2026-07-25 19:16:09,746 | INFO     |   → 1470/1544: ✅ 0 взято | 🗑️ 0 мусор
2026-07-25 19:16:09,746 | INFO     |   → 1471/1544: ✅ 0 взято | 🗑️ 0 мусор
2026-07-25 19:16:09,746 | INFO     |   → 1472/1544: ✅ 0 взято | 🗑️ 0 мусор
2026-07-25 19:16:09,746 | INFO     |   → 1473/1544: ✅ 4 взято | 🗑️ 11 мусор
2026-07-25 19:16:09,746 | INFO     |   → 1474/1544: ✅ 10 взято | 🗑️ 15 мусор
2026-07-25 19:16:09,746 | INFO     |   → 1475/1544: ✅ 0 взято | 🗑️ 0 мусор
2026-07-25 19:16:09,746 | INFO     |   → 1476/1544: ✅ 13 взято | 🗑️ 15 мусор
2026-07-25 19:16:09,746 | INFO     |   → 1477/1544: ✅ 0 взято | 🗑️ 0 мусор
2026-07-25 19:16:09,746 | INFO     |   → 1478/1544: ✅ 5 взято | 🗑️ 15 мусор
2026-07-25 19:16:09,746 | INFO     |   → 1479/1544: ✅ 0 взято | 🗑️ 0 мусор
2026-07-25 19:16:09,746 | INFO     |   → 1480/1544: ✅ 8 взято | 🗑️ 16 мусор
2026-07-25 19:16:09,746 | INFO     |   → 1481/1544: ✅ 0 взято | 🗑️ 0 мусор
2026-07-25 19:16:09,746 | INFO     |   → 1482/1544: ✅ 0 взято | 🗑️ 24 мусор
2026-07-25 19:16:09,746 | INFO     |   → 1483/1544: ✅ 0 взято | 🗑️ 0 мусор
2026-07-25 19:16:09,746 | INFO     |   → 1484/1544: ✅ 4 взято | 🗑️ 17 мусор
2026-07-25 19:16:09,746 | INFO     |   → 1485/1544: ✅ 0 взято | 🗑️ 0 мусор
2026-07-25 19:16:09,746 | INFO     |   → 1486/1544: ✅ 12 взято | 🗑️ 18 мусор
2026-07-25 19:16:09,746 | INFO     |   → 1487/1544: ✅ 0 взято | 🗑️ 0 мусор
2026-07-25 19:16:09,746 | INFO     |   → 1488/1544: ✅ 2 взято | 🗑️ 17 мусор
2026-07-25 19:16:09,746 | INFO     |   → 1489/1544: ✅ 0 взято | 🗑️ 0 мусор
2026-07-25 19:16:09,746 | INFO     |   → 1490/1544: ✅ 1 взято | 🗑️ 27 мусор
2026-07-25 19:16:09,746 | INFO     |   → 1491/1544: ✅ 0 взято | 🗑️ 0 мусор
2026-07-25 19:16:09,746 | INFO     |   → 1492/1544: ✅ 4 взято | 🗑️ 15 мусор
2026-07-25 19:16:09,746 | INFO     |   → 1493/1544: ✅ 0 взято | 🗑️ 0 мусор
2026-07-25 19:16:09,746 | INFO     |   → 1494/1544: ✅ 4 взято | 🗑️ 26 мусор
2026-07-25 19:16:09,746 | INFO     |   → 1495/1544: ✅ 0 взято | 🗑️ 0 мусор
2026-07-25 19:16:09,747 | INFO     |   → 1496/1544: ✅ 3 взято | 🗑️ 21 мусор
2026-07-25 19:16:09,747 | INFO     |   → 1497/1544: ✅ 0 взято | 🗑️ 0 мусор
2026-07-25 19:16:09,747 | INFO     |   → 1498/1544: ✅ 8 взято | 🗑️ 12 мусор
2026-07-25 19:16:09,747 | INFO     |   → 1499/1544: ✅ 0 взято | 🗑️ 0 мусор
2026-07-25 19:16:09,747 | INFO     |   → 1500/1544: ✅ 8 взято | 🗑️ 15 мусор
2026-07-25 19:16:09,747 | INFO     |   → 1501/1544: ✅ 0 взято | 🗑️ 0 мусор
2026-07-25 19:16:09,747 | INFO     |   → 1502/1544: ✅ 10 взято | 🗑️ 14 мусор
2026-07-25 19:16:09,747 | INFO     |   → 1503/1544: ✅ 0 взято | 🗑️ 0 мусор
2026-07-25 19:16:09,747 | INFO     |   → 1504/1544: ✅ 5 взято | 🗑️ 18 мусор
2026-07-25 19:16:09,747 | INFO     |   → 1505/1544: ✅ 0 взято | 🗑️ 0 мусор
2026-07-25 19:16:09,747 | INFO     |   → 1506/1544: ✅ 5 взято | 🗑️ 22 мусор
2026-07-25 19:16:09,747 | INFO     |   → 1507/1544: ✅ 0 взято | 🗑️ 0 мусор
2026-07-25 19:16:09,747 | INFO     |   → 1508/1544: ✅ 5 взято | 🗑️ 18 мусор
2026-07-25 19:16:09,747 | INFO     |   → 1509/1544: ✅ 0 взято | 🗑️ 0 мусор
2026-07-25 19:16:09,747 | INFO     |   → 1510/1544: ✅ 1 взято | 🗑️ 23 мусор
2026-07-25 19:16:09,747 | INFO     |   → 1511/1544: ✅ 0 взято | 🗑️ 0 мусор
2026-07-25 19:16:09,747 | INFO     |   → 1512/1544: ✅ 5 взято | 🗑️ 18 мусор
2026-07-25 19:16:09,747 | INFO     |   → 1513/1544: ✅ 0 взято | 🗑️ 0 мусор
2026-07-25 19:16:09,747 | INFO     |   → 1514/1544: ✅ 17 взято | 🗑️ 7 мусор
2026-07-25 19:16:09,747 | INFO     |   → 1515/1544: ✅ 0 взято | 🗑️ 0 мусор
2026-07-25 19:16:09,747 | INFO     |   → 1516/1544: ✅ 3 взято | 🗑️ 17 мусор
2026-07-25 19:16:09,747 | INFO     |   → 1517/1544: ✅ 0 взято | 🗑️ 0 мусор
2026-07-25 19:16:09,747 | INFO     |   → 1518/1544: ✅ 7 взято | 🗑️ 14 мусор
2026-07-25 19:16:09,747 | INFO     |   → 1519/1544: ✅ 0 взято | 🗑️ 0 мусор
2026-07-25 19:16:09,747 | INFO     |   → 1520/1544: ✅ 7 взято | 🗑️ 14 мусор
2026-07-25 19:16:09,747 | INFO     |   → 1521/1544: ✅ 0 взято | 🗑️ 0 мусор
2026-07-25 19:16:09,747 | INFO     |   → 1522/1544: ✅ 8 взято | 🗑️ 11 мусор
2026-07-25 19:16:09,748 | INFO     |   → 1523/1544: ✅ 0 взято | 🗑️ 0 мусор
2026-07-25 19:16:09,748 | INFO     |   → 1524/1544: ✅ 0 взято | 🗑️ 22 мусор
2026-07-25 19:16:09,748 | INFO     |   → 1525/1544: ✅ 0 взято | 🗑️ 0 мусор
2026-07-25 19:16:09,748 | INFO     |   → 1526/1544: ✅ 3 взято | 🗑️ 12 мусор
2026-07-25 19:16:09,748 | INFO     |   → 1527/1544: ✅ 0 взято | 🗑️ 0 мусор
2026-07-25 19:16:09,748 | INFO     |   → 1528/1544: ✅ 0 взято | 🗑️ 7 мусор
2026-07-25 19:16:09,748 | INFO     |   → 1529/1544: ✅ 0 взято | 🗑️ 0 мусор
2026-07-25 19:16:09,748 | INFO     |   → 1530/1544: ✅ 2 взято | 🗑️ 8 мусор
2026-07-25 19:16:09,748 | INFO     |   → 1531/1544: ✅ 0 взято | 🗑️ 0 мусор
2026-07-25 19:16:09,748 | INFO     |   → 1532/1544: ✅ 6 взято | 🗑️ 12 мусор
2026-07-25 19:16:09,748 | INFO     |   → 1533/1544: ✅ 0 взято | 🗑️ 0 мусор
2026-07-25 19:16:09,748 | INFO     |   → 1534/1544: ✅ 2 взято | 🗑️ 12 мусор
2026-07-25 19:16:09,748 | INFO     |   → 1535/1544: ✅ 0 взято | 🗑️ 0 мусор
2026-07-25 19:16:09,748 | INFO     |   → 1536/1544: ✅ 8 взято | 🗑️ 12 мусор
2026-07-25 19:16:09,748 | INFO     |   → 1537/1544: ✅ 0 взято | 🗑️ 0 мусор
2026-07-25 19:16:09,748 | INFO     |   → 1538/1544: ✅ 0 взято | 🗑️ 10 мусор
2026-07-25 19:16:09,748 | INFO     |   → 1539/1544: ✅ 0 взято | 🗑️ 0 мусор
2026-07-25 19:16:09,748 | INFO     |   → 1540/1544: ✅ 7 взято | 🗑️ 14 мусор
2026-07-25 19:16:09,748 | INFO     |   → 1541/1544: ✅ 0 взято | 🗑️ 0 мусор
2026-07-25 19:16:09,748 | INFO     |   → 1542/1544: ✅ 4 взято | 🗑️ 19 мусор
2026-07-25 19:16:09,748 | INFO     |   → 1543/1544: ✅ 0 взято | 🗑️ 0 мусор
2026-07-25 19:16:09,748 | INFO     |   → 1544/1544: ✅ 0 взято | 🗑️ 42 мусор
2026-07-25 19:16:09,748 | INFO     |   → ✅ ГОТОВО!
2026-07-25 19:16:09,748 | INFO     |   →    📥 Всего ключей после фильтра: 69437
2026-07-25 19:16:09,748 | INFO     |   →    🔗 Уникальных IP:PORT:SCHEME: 21972
2026-07-25 19:16:09,748 | INFO     |   →    🗑️ Выброшено мусора: 1821721
2026-07-25 19:16:09,748 | INFO     |   → 📊 По протоколам:
2026-07-25 19:16:09,748 | INFO     |   →    vless: 9350
2026-07-25 19:16:09,748 | INFO     |   →    vmess: 4400
2026-07-25 19:16:09,748 | INFO     |   →    trojan: 5714
2026-07-25 19:16:09,748 | INFO     |   →    ss: 2308
2026-07-25 19:16:09,748 | INFO     |   →    hysteria: 16
2026-07-25 19:16:09,748 | INFO     |   →    hysteria2: 66
2026-07-25 19:16:09,748 | INFO     |   →    hy2: 64
2026-07-25 19:16:09,748 | INFO     |   →    tuic: 54
2026-07-25 19:16:09,748 | INFO     | ✅ mirror.py завершён успешно
2026-07-25 19:16:09,749 | INFO     | 
2026-07-25 19:16:09,749 | INFO     | 
2026-07-25 19:16:09,749 | INFO     | ──────────────────────────────────────────────────────────────────────
2026-07-25 19:16:09,749 | INFO     | 📌 ЭТАП: Фильтрация по реальному SNI
2026-07-25 19:16:09,749 | INFO     | ──────────────────────────────────────────────────────────────────────
2026-07-25 19:16:09,749 | INFO     | 🚀 Запуск filter_ru_sni.py (Фильтр по реальному SNI (CDN+RU))...
2026-07-25 19:16:10,196 | INFO     |   → hy2.txt: 64 → 20 (SNI-filtered)
2026-07-25 19:16:10,196 | INFO     |   →   hysteria.txt: 16 → 0 (SNI-filtered)
2026-07-25 19:16:10,196 | INFO     |   →   hysteria2.txt: 66 → 7 (SNI-filtered)
2026-07-25 19:16:10,196 | INFO     |   →   ss.txt: 2308 → 9 (SNI-filtered)
2026-07-25 19:16:10,196 | INFO     |   →   trojan.txt: 5714 → 33 (SNI-filtered)
2026-07-25 19:16:10,196 | INFO     |   →   tuic.txt: 54 → 0 (SNI-filtered)
2026-07-25 19:16:10,196 | INFO     |   →   vless.txt: 9350 → 1348 (SNI-filtered)
2026-07-25 19:16:10,196 | INFO     |   →   vmess.txt: 4400 → 48 (SNI-filtered)
2026-07-25 19:16:10,196 | INFO     |   → ==================================================
2026-07-25 19:16:10,196 | INFO     |   →   Всего входных:  21972
2026-07-25 19:16:10,196 | INFO     |   →   Прошли фильтр:  1465
2026-07-25 19:16:10,196 | INFO     |   →   Отброшено:      20507
2026-07-25 19:16:10,196 | INFO     |   → ==================================================
2026-07-25 19:16:10,196 | INFO     |   → Готово → /home/runner/work/vpn-vless-configs-russia/vpn-vless-configs-russia/githubmirror/ru-sni
2026-07-25 19:16:10,196 | INFO     | ✅ filter_ru_sni.py завершён успешно
2026-07-25 19:16:10,196 | INFO     | 
2026-07-25 19:16:10,196 | INFO     | 
2026-07-25 19:16:10,196 | INFO     | ──────────────────────────────────────────────────────────────────────
2026-07-25 19:16:10,196 | INFO     | 📌 ЭТАП: Экспериментальный RU-SNI фильтр
2026-07-25 19:16:10,196 | INFO     | ──────────────────────────────────────────────────────────────────────
2026-07-25 19:16:10,196 | INFO     | 🚀 Запуск filter_ru_sni_local.py (Экспериментальный фильтр по RU-SNI (локальные домены))...
2026-07-25 19:16:10,473 | INFO     |   → hy2.txt: 64 → 0 (RU-SNI)
2026-07-25 19:16:10,473 | INFO     |   → hysteria.txt: 16 → 0 (RU-SNI)
2026-07-25 19:16:10,473 | INFO     |   → hysteria2.txt: 66 → 0 (RU-SNI)
2026-07-25 19:16:10,473 | INFO     |   → ss.txt: 2308 → 0 (RU-SNI)
2026-07-25 19:16:10,473 | INFO     |   → trojan.txt: 5714 → 1 (RU-SNI)
2026-07-25 19:16:10,473 | INFO     |   → tuic.txt: 54 → 0 (RU-SNI)
2026-07-25 19:16:10,473 | INFO     |   → vless.txt: 9350 → 198 (RU-SNI)
2026-07-25 19:16:10,473 | INFO     |   → vmess.txt: 4400 → 0 (RU-SNI)
2026-07-25 19:16:10,473 | INFO     |   → ==================================================
2026-07-25 19:16:10,473 | INFO     |   → Всего входных:  21972
2026-07-25 19:16:10,473 | INFO     |   → Прошли RU-SNI:  199
2026-07-25 19:16:10,473 | INFO     |   → Отброшено:      21773
2026-07-25 19:16:10,473 | INFO     |   → ==================================================
2026-07-25 19:16:10,473 | INFO     |   → Готово → /home/runner/work/vpn-vless-configs-russia/vpn-vless-configs-russia/githubmirror/ru-sni-local
2026-07-25 19:16:10,473 | INFO     | ✅ filter_ru_sni_local.py завершён успешно
2026-07-25 19:16:10,473 | INFO     | 
2026-07-25 19:16:10,473 | INFO     | 
2026-07-25 19:16:10,473 | INFO     | ──────────────────────────────────────────────────────────────────────
2026-07-25 19:16:10,473 | INFO     | 📌 ЭТАП: Сбор статистики
2026-07-25 19:16:10,473 | INFO     | ──────────────────────────────────────────────────────────────────────
2026-07-25 19:16:10,473 | INFO     | 📊 Сбор статистики...
2026-07-25 19:16:10,474 | INFO     |   📁 githubmirror/clean:
2026-07-25 19:16:10,474 | INFO     |     • hy2         :    64 конфигов
2026-07-25 19:16:10,474 | INFO     |     • hysteria    :    16 конфигов
2026-07-25 19:16:10,474 | INFO     |     • hysteria2   :    66 конфигов
2026-07-25 19:16:10,476 | INFO     |     • ss          :  2308 конфигов
2026-07-25 19:16:10,478 | INFO     |     • trojan      :  5714 конфигов
2026-07-25 19:16:10,479 | INFO     |     • tuic        :    54 конфигов
2026-07-25 19:16:10,487 | INFO     |     • vless       :  9350 конфигов
2026-07-25 19:16:10,489 | INFO     |     • vmess       :  4400 конфигов
2026-07-25 19:16:10,489 | INFO     |   📁 githubmirror/ru-sni:
2026-07-25 19:16:10,490 | INFO     |     • hy2         :    20 конфигов ( 31.2% от clean)
2026-07-25 19:16:10,490 | INFO     |     • hysteria    :     0 конфигов (  0.0% от clean)
2026-07-25 19:16:10,490 | INFO     |     • hysteria2   :     7 конфигов ( 10.6% от clean)
2026-07-25 19:16:10,490 | INFO     |     • ss          :     9 конфигов (  0.4% от clean)
2026-07-25 19:16:10,490 | INFO     |     • trojan      :    33 конфигов (  0.6% от clean)
2026-07-25 19:16:10,490 | INFO     |     • tuic        :     0 конфигов (  0.0% от clean)
2026-07-25 19:16:10,492 | INFO     |     • vless       :  1348 конфигов ( 14.4% от clean)
2026-07-25 19:16:10,492 | INFO     |     • vmess       :    48 конфигов (  1.1% от clean)
2026-07-25 19:16:10,492 | INFO     | 
2026-07-25 19:16:10,492 | INFO     |   ──────────────────────────────────────────────────
2026-07-25 19:16:10,492 | INFO     |   📈 ИТОГО:
2026-07-25 19:16:10,492 | INFO     |     Clean (после geo-фильтра):    21972
2026-07-25 19:16:10,492 | INFO     |     RU-SNI (после SNI-фильтра):    1465
2026-07-25 19:16:10,492 | INFO     |     Прошло фильтр:                  6.7%
2026-07-25 19:16:10,492 | INFO     |   ──────────────────────────────────────────────────
2026-07-25 19:16:10,493 | INFO     | ✅ Статистика сохранена: /home/runner/work/vpn-vless-configs-russia/vpn-vless-configs-russia/stats.json
2026-07-25 19:16:10,493 | INFO     | 
2026-07-25 19:16:10,493 | INFO     | ======================================================================
2026-07-25 19:16:10,493 | INFO     | 📊 ИТОГОВЫЙ ОТЧЁТ
2026-07-25 19:16:10,493 | INFO     | ======================================================================
2026-07-25 19:16:10,493 | INFO     |   ✅ OK         | Загрузка и geo-фильтрация
2026-07-25 19:16:10,493 | INFO     |   ✅ OK         | Фильтрация по реальному SNI
2026-07-25 19:16:10,493 | INFO     |   ✅ OK         | Экспериментальный RU-SNI фильтр
2026-07-25 19:16:10,493 | INFO     |   ✅ OK         | Сбор статистики
2026-07-25 19:16:10,493 | INFO     | ──────────────────────────────────────────────────────────────────────
2026-07-25 19:16:10,493 | INFO     | ✅ ВСЕ ЭТАПЫ УСПЕШНЫ (4/4)
2026-07-25 19:16:10,493 | INFO     | ⏰ Время завершения: 2026-07-25 19:16:10
2026-07-25 19:16:10,493 | INFO     | ======================================================================
