2026-08-12 19:02:23,615 | INFO     | ======================================================================
2026-08-12 19:02:23,615 | INFO     | 🔍 VPN KEY CHECKER - Начало проверки
2026-08-12 19:02:23,615 | INFO     | ⏰ Время старта: 2026-08-12 19:02:23
2026-08-12 19:02:23,615 | INFO     | 📂 Рабочая директория: /home/runner/work/vpn-vless-configs-russia/vpn-vless-configs-russia
2026-08-12 19:02:23,615 | INFO     | ======================================================================
2026-08-12 19:02:23,615 | INFO     | 
2026-08-12 19:02:23,615 | INFO     | 🔍 Проверка наличия скриптов...
2026-08-12 19:02:23,616 | INFO     |   ✅ mirror.py
2026-08-12 19:02:23,616 | INFO     |   ✅ filter_ru_sni.py
2026-08-12 19:02:23,616 | INFO     |   ✅ filter_ru_sni_local.py
2026-08-12 19:02:23,616 | INFO     | 
2026-08-12 19:02:23,616 | INFO     | 
2026-08-12 19:02:23,616 | INFO     | ──────────────────────────────────────────────────────────────────────
2026-08-12 19:02:23,616 | INFO     | 📌 ЭТАП: Загрузка и geo-фильтрация
2026-08-12 19:02:23,616 | INFO     | ──────────────────────────────────────────────────────────────────────
2026-08-12 19:02:23,616 | INFO     | 🚀 Запуск mirror.py (Загрузка и фильтрация по РФ/СНГ/Европа)...
2026-08-12 19:08:48,184 | INFO     |   → 🚀 Старт: всего источников (старые + новые): 1545
2026-08-12 19:08:48,184 | INFO     |   → 1/1545: ✅ 4 взято | 🗑️ 200 мусор
2026-08-12 19:08:48,184 | INFO     |   → 2/1545: ✅ 0 взято | 🗑️ 0 мусор
2026-08-12 19:08:48,184 | INFO     |   → 3/1545 ❌ HTTP 404 — https://bitbucket.org/huwo1/proxy_nodes/raw/f31ca9ec67b84071515729ff45b011b6b09c10f2/clash.yaml
2026-08-12 19:08:48,184 | INFO     |   → 4/1545 ❌ HTTP 404 — https://cdn.jsdelivr.net/gh/cry0ice/genode@main/public/all.txt
2026-08-12 19:08:48,184 | INFO     |   → 5/1545 ❌ HTTP 404 — https://cdn.jsdelivr.net/gh/cry0ice/genode@main/public/ss.txt
2026-08-12 19:08:48,184 | INFO     |   → 6/1545 ❌ HTTP 404 — https://cdn.jsdelivr.net/gh/cry0ice/genode@main/public/ssr.txt
2026-08-12 19:08:48,185 | INFO     |   → 7/1545 ❌ HTTP 404 — https://cdn.jsdelivr.net/gh/cry0ice/genode@main/public/trojan.txt
2026-08-12 19:08:48,185 | INFO     |   → 8/1545 ❌ HTTP 404 — https://cdn.jsdelivr.net/gh/cry0ice/genode@main/public/vless.txt
2026-08-12 19:08:48,185 | INFO     |   → 9/1545 ❌ HTTP 404 — https://cdn.jsdelivr.net/gh/cry0ice/genode@main/public/vmess.txt
2026-08-12 19:08:48,185 | INFO     |   → 10/1545: ✅ 0 взято | 🗑️ 0 мусор
2026-08-12 19:08:48,185 | INFO     |   → 11/1545: ✅ 0 взято | 🗑️ 0 мусор
2026-08-12 19:08:48,185 | INFO     |   → 12/1545: ✅ 0 взято | 🗑️ 0 мусор
2026-08-12 19:08:48,185 | INFO     |   → 13/1545: ✅ 0 взято | 🗑️ 0 мусор
2026-08-12 19:08:48,185 | INFO     |   → 14/1545: ✅ 0 взято | 🗑️ 0 мусор
2026-08-12 19:08:48,185 | INFO     |   → 15/1545: ✅ 0 взято | 🗑️ 0 мусор
2026-08-12 19:08:48,185 | INFO     |   → 16/1545: ✅ 0 взято | 🗑️ 0 мусор
2026-08-12 19:08:48,185 | INFO     |   → 17/1545: ✅ 0 взято | 🗑️ 0 мусор
2026-08-12 19:08:48,185 | INFO     |   → 18/1545: ✅ 0 взято | 🗑️ 0 мусор
2026-08-12 19:08:48,185 | INFO     |   → 19/1545: ✅ 0 взято | 🗑️ 0 мусор
2026-08-12 19:08:48,185 | INFO     |   → 20/1545: ✅ 0 взято | 🗑️ 0 мусор
2026-08-12 19:08:48,185 | INFO     |   → 21/1545: ✅ 0 взято | 🗑️ 0 мусор
2026-08-12 19:08:48,185 | INFO     |   → 22/1545: ✅ 0 взято | 🗑️ 0 мусор
2026-08-12 19:08:48,185 | INFO     |   → 23/1545: ✅ 0 взято | 🗑️ 0 мусор
2026-08-12 19:08:48,185 | INFO     |   → 24/1545: ✅ 0 взято | 🗑️ 0 мусор
2026-08-12 19:08:48,185 | INFO     |   → 25/1545: ✅ 0 взято | 🗑️ 0 мусор
2026-08-12 19:08:48,185 | INFO     |   → 26/1545: ✅ 0 взято | 🗑️ 0 мусор
2026-08-12 19:08:48,185 | INFO     |   → 27/1545: ✅ 0 взято | 🗑️ 0 мусор
2026-08-12 19:08:48,185 | INFO     |   → 28/1545: ✅ 0 взято | 🗑️ 0 мусор
2026-08-12 19:08:48,185 | INFO     |   → 29/1545: ✅ 0 взято | 🗑️ 0 мусор
2026-08-12 19:08:48,185 | INFO     |   → 30/1545: ✅ 0 взято | 🗑️ 0 мусор
2026-08-12 19:08:48,185 | INFO     |   → 31/1545: ✅ 0 взято | 🗑️ 0 мусор
2026-08-12 19:08:48,185 | INFO     |   → 32/1545: ✅ 0 взято | 🗑️ 0 мусор
2026-08-12 19:08:48,185 | INFO     |   → 33/1545: ✅ 0 взято | 🗑️ 0 мусор
2026-08-12 19:08:48,185 | INFO     |   → 34/1545: ✅ 0 взято | 🗑️ 0 мусор
2026-08-12 19:08:48,185 | INFO     |   → 35/1545: ✅ 0 взято | 🗑️ 0 мусор
2026-08-12 19:08:48,185 | INFO     |   → 36/1545: ✅ 0 взято | 🗑️ 0 мусор
2026-08-12 19:08:48,185 | INFO     |   → 37/1545: ✅ 0 взято | 🗑️ 0 мусор
2026-08-12 19:08:48,185 | INFO     |   → 38/1545: ✅ 0 взято | 🗑️ 0 мусор
2026-08-12 19:08:48,185 | INFO     |   → 39/1545: ✅ 0 взято | 🗑️ 0 мусор
2026-08-12 19:08:48,185 | INFO     |   → 40/1545: ✅ 0 взято | 🗑️ 0 мусор
2026-08-12 19:08:48,185 | INFO     |   → 41/1545: ✅ 0 взято | 🗑️ 0 мусор
2026-08-12 19:08:48,185 | INFO     |   → 42/1545: ✅ 0 взято | 🗑️ 0 мусор
2026-08-12 19:08:48,185 | INFO     |   → 43/1545: ✅ 0 взято | 🗑️ 0 мусор
2026-08-12 19:08:48,185 | INFO     |   → 44/1545: ✅ 0 взято | 🗑️ 0 мусор
2026-08-12 19:08:48,185 | INFO     |   → 45/1545: ✅ 0 взято | 🗑️ 0 мусор
2026-08-12 19:08:48,185 | INFO     |   → 46/1545: ✅ 0 взято | 🗑️ 0 мусор
2026-08-12 19:08:48,185 | INFO     |   → 47/1545: ✅ 0 взято | 🗑️ 0 мусор
2026-08-12 19:08:48,185 | INFO     |   → 48/1545: ✅ 0 взято | 🗑️ 0 мусор
2026-08-12 19:08:48,185 | INFO     |   → 49/1545: ✅ 0 взято | 🗑️ 0 мусор
2026-08-12 19:08:48,186 | INFO     |   → 50/1545: ✅ 0 взято | 🗑️ 0 мусор
2026-08-12 19:08:48,186 | INFO     |   → 51/1545: ✅ 0 взято | 🗑️ 0 мусор
2026-08-12 19:08:48,186 | INFO     |   → 52/1545: ✅ 0 взято | 🗑️ 0 мусор
2026-08-12 19:08:48,186 | INFO     |   → 53/1545: ✅ 0 взято | 🗑️ 0 мусор
2026-08-12 19:08:48,186 | INFO     |   → 54/1545: ✅ 0 взято | 🗑️ 0 мусор
2026-08-12 19:08:48,186 | INFO     |   → 55/1545: ✅ 0 взято | 🗑️ 0 мусор
2026-08-12 19:08:48,186 | INFO     |   → 56/1545: ✅ 0 взято | 🗑️ 0 мусор
2026-08-12 19:08:48,186 | INFO     |   → 57/1545: ✅ 0 взято | 🗑️ 0 мусор
2026-08-12 19:08:48,186 | INFO     |   → 58/1545: ✅ 0 взято | 🗑️ 0 мусор
2026-08-12 19:08:48,186 | INFO     |   → 59/1545: ✅ 0 взято | 🗑️ 0 мусор
2026-08-12 19:08:48,186 | INFO     |   → 60/1545: ✅ 0 взято | 🗑️ 0 мусор
2026-08-12 19:08:48,186 | INFO     |   → 61/1545: ✅ 0 взято | 🗑️ 0 мусор
2026-08-12 19:08:48,186 | INFO     |   → 62/1545: ✅ 0 взято | 🗑️ 0 мусор
2026-08-12 19:08:48,186 | INFO     |   → 63/1545: ✅ 0 взято | 🗑️ 0 мусор
2026-08-12 19:08:48,186 | INFO     |   → 64/1545: ✅ 0 взято | 🗑️ 0 мусор
2026-08-12 19:08:48,186 | INFO     |   → 65/1545: ✅ 0 взято | 🗑️ 0 мусор
2026-08-12 19:08:48,186 | INFO     |   → 66/1545: ✅ 0 взято | 🗑️ 0 мусор
2026-08-12 19:08:48,186 | INFO     |   → 67/1545: ✅ 0 взято | 🗑️ 0 мусор
2026-08-12 19:08:48,186 | INFO     |   → 68/1545: ✅ 0 взято | 🗑️ 0 мусор
2026-08-12 19:08:48,186 | INFO     |   → 69/1545: ✅ 0 взято | 🗑️ 0 мусор
2026-08-12 19:08:48,186 | INFO     |   → 70/1545: ✅ 0 взято | 🗑️ 0 мусор
2026-08-12 19:08:48,186 | INFO     |   → 71/1545: ✅ 0 взято | 🗑️ 0 мусор
2026-08-12 19:08:48,186 | INFO     |   → 72/1545: ✅ 0 взято | 🗑️ 0 мусор
2026-08-12 19:08:48,186 | INFO     |   → 73/1545: ✅ 0 взято | 🗑️ 0 мусор
2026-08-12 19:08:48,186 | INFO     |   → 74/1545: ✅ 0 взято | 🗑️ 0 мусор
2026-08-12 19:08:48,186 | INFO     |   → 75/1545: ✅ 0 взято | 🗑️ 0 мусор
2026-08-12 19:08:48,186 | INFO     |   → 76/1545: ✅ 0 взято | 🗑️ 0 мусор
2026-08-12 19:08:48,186 | INFO     |   → 77/1545: ✅ 0 взято | 🗑️ 0 мусор
2026-08-12 19:08:48,186 | INFO     |   → 78/1545: ✅ 0 взято | 🗑️ 0 мусор
2026-08-12 19:08:48,186 | INFO     |   → 79/1545: ✅ 0 взято | 🗑️ 0 мусор
2026-08-12 19:08:48,186 | INFO     |   → 80/1545: ✅ 0 взято | 🗑️ 0 мусор
2026-08-12 19:08:48,186 | INFO     |   → 81/1545: ✅ 0 взято | 🗑️ 0 мусор
2026-08-12 19:08:48,186 | INFO     |   → 82/1545: ✅ 0 взято | 🗑️ 0 мусор
2026-08-12 19:08:48,186 | INFO     |   → 83/1545: ✅ 0 взято | 🗑️ 0 мусор
2026-08-12 19:08:48,186 | INFO     |   → 84/1545: ✅ 0 взято | 🗑️ 0 мусор
2026-08-12 19:08:48,186 | INFO     |   → 85/1545: ✅ 0 взято | 🗑️ 0 мусор
2026-08-12 19:08:48,186 | INFO     |   → 86/1545: ✅ 0 взято | 🗑️ 0 мусор
2026-08-12 19:08:48,186 | INFO     |   → 87/1545: ✅ 0 взято | 🗑️ 0 мусор
2026-08-12 19:08:48,186 | INFO     |   → 88/1545: ✅ 0 взято | 🗑️ 0 мусор
2026-08-12 19:08:48,186 | INFO     |   → 89/1545: ✅ 0 взято | 🗑️ 0 мусор
2026-08-12 19:08:48,186 | INFO     |   → 90/1545: ✅ 0 взято | 🗑️ 0 мусор
2026-08-12 19:08:48,186 | INFO     |   → 91/1545: ✅ 0 взято | 🗑️ 0 мусор
2026-08-12 19:08:48,186 | INFO     |   → 92/1545: ✅ 0 взято | 🗑️ 0 мусор
2026-08-12 19:08:48,186 | INFO     |   → 93/1545: ✅ 0 взято | 🗑️ 0 мусор
2026-08-12 19:08:48,186 | INFO     |   → 94/1545: ✅ 0 взято | 🗑️ 0 мусор
2026-08-12 19:08:48,186 | INFO     |   → 95/1545: ✅ 0 взято | 🗑️ 0 мусор
2026-08-12 19:08:48,186 | INFO     |   → 96/1545: ✅ 0 взято | 🗑️ 0 мусор
2026-08-12 19:08:48,187 | INFO     |   → 97/1545: ✅ 0 взято | 🗑️ 0 мусор
2026-08-12 19:08:48,187 | INFO     |   → 98/1545: ✅ 0 взято | 🗑️ 0 мусор
2026-08-12 19:08:48,187 | INFO     |   → 99/1545: ✅ 0 взято | 🗑️ 0 мусор
2026-08-12 19:08:48,187 | INFO     |   → 100/1545: ✅ 0 взято | 🗑️ 0 мусор
2026-08-12 19:08:48,187 | INFO     |   → 101/1545: ✅ 0 взято | 🗑️ 0 мусор
2026-08-12 19:08:48,187 | INFO     |   → 102/1545: ✅ 0 взято | 🗑️ 0 мусор
2026-08-12 19:08:48,187 | INFO     |   → 103/1545: ✅ 0 взято | 🗑️ 0 мусор
2026-08-12 19:08:48,187 | INFO     |   → 104/1545: ✅ 0 взято | 🗑️ 0 мусор
2026-08-12 19:08:48,187 | INFO     |   → 105/1545: ✅ 0 взято | 🗑️ 0 мусор
2026-08-12 19:08:48,187 | INFO     |   → 106/1545: ✅ 0 взято | 🗑️ 0 мусор
2026-08-12 19:08:48,187 | INFO     |   → 107/1545: ✅ 0 взято | 🗑️ 0 мусор
2026-08-12 19:08:48,187 | INFO     |   → 108/1545: ✅ 0 взято | 🗑️ 0 мусор
2026-08-12 19:08:48,187 | INFO     |   → 109/1545: ✅ 0 взято | 🗑️ 0 мусор
2026-08-12 19:08:48,187 | INFO     |   → 110/1545: ✅ 0 взято | 🗑️ 0 мусор
2026-08-12 19:08:48,187 | INFO     |   → 111/1545: ✅ 0 взято | 🗑️ 0 мусор
2026-08-12 19:08:48,187 | INFO     |   → 112/1545: ✅ 0 взято | 🗑️ 0 мусор
2026-08-12 19:08:48,187 | INFO     |   → 113/1545: ✅ 0 взято | 🗑️ 0 мусор
2026-08-12 19:08:48,187 | INFO     |   → 114/1545: ✅ 0 взято | 🗑️ 0 мусор
2026-08-12 19:08:48,187 | INFO     |   → 115/1545: ✅ 0 взято | 🗑️ 0 мусор
2026-08-12 19:08:48,187 | INFO     |   → 116/1545: ✅ 0 взято | 🗑️ 0 мусор
2026-08-12 19:08:48,187 | INFO     |   → 117/1545: ✅ 0 взято | 🗑️ 0 мусор
2026-08-12 19:08:48,187 | INFO     |   → 118/1545: ✅ 0 взято | 🗑️ 0 мусор
2026-08-12 19:08:48,187 | INFO     |   → 119/1545: ✅ 0 взято | 🗑️ 0 мусор
2026-08-12 19:08:48,187 | INFO     |   → 120/1545: ✅ 0 взято | 🗑️ 0 мусор
2026-08-12 19:08:48,187 | INFO     |   → 121/1545: ✅ 0 взято | 🗑️ 0 мусор
2026-08-12 19:08:48,187 | INFO     |   → 122/1545: ✅ 0 взято | 🗑️ 0 мусор
2026-08-12 19:08:48,187 | INFO     |   → 123/1545: ✅ 0 взято | 🗑️ 0 мусор
2026-08-12 19:08:48,187 | INFO     |   → 124/1545: ✅ 0 взято | 🗑️ 0 мусор
2026-08-12 19:08:48,187 | INFO     |   → 125/1545: ✅ 0 взято | 🗑️ 0 мусор
2026-08-12 19:08:48,187 | INFO     |   → 126/1545: ✅ 0 взято | 🗑️ 0 мусор
2026-08-12 19:08:48,187 | INFO     |   → 127/1545: ✅ 0 взято | 🗑️ 0 мусор
2026-08-12 19:08:48,187 | INFO     |   → 128/1545: ✅ 0 взято | 🗑️ 0 мусор
2026-08-12 19:08:48,187 | INFO     |   → 129/1545: ✅ 0 взято | 🗑️ 0 мусор
2026-08-12 19:08:48,187 | INFO     |   → 130/1545: ✅ 0 взято | 🗑️ 0 мусор
2026-08-12 19:08:48,187 | INFO     |   → 131/1545: ✅ 0 взято | 🗑️ 0 мусор
2026-08-12 19:08:48,187 | INFO     |   → 132/1545: ✅ 0 взято | 🗑️ 0 мусор
2026-08-12 19:08:48,187 | INFO     |   → 133/1545: ✅ 0 взято | 🗑️ 0 мусор
2026-08-12 19:08:48,187 | INFO     |   → 134/1545: ✅ 0 взято | 🗑️ 0 мусор
2026-08-12 19:08:48,187 | INFO     |   → 135/1545: ✅ 0 взято | 🗑️ 0 мусор
2026-08-12 19:08:48,187 | INFO     |   → 136/1545: ✅ 0 взято | 🗑️ 0 мусор
2026-08-12 19:08:48,187 | INFO     |   → 137/1545: ✅ 0 взято | 🗑️ 0 мусор
2026-08-12 19:08:48,187 | INFO     |   → 138/1545: ✅ 0 взято | 🗑️ 0 мусор
2026-08-12 19:08:48,187 | INFO     |   → 139/1545: ✅ 0 взято | 🗑️ 0 мусор
2026-08-12 19:08:48,187 | INFO     |   → 140/1545: ✅ 0 взято | 🗑️ 0 мусор
2026-08-12 19:08:48,187 | INFO     |   → 141/1545: ✅ 0 взято | 🗑️ 0 мусор
2026-08-12 19:08:48,187 | INFO     |   → 142/1545: ✅ 0 взято | 🗑️ 0 мусор
2026-08-12 19:08:48,187 | INFO     |   → 143/1545: ✅ 0 взято | 🗑️ 0 мусор
2026-08-12 19:08:48,187 | INFO     |   → 144/1545: ✅ 0 взято | 🗑️ 0 мусор
2026-08-12 19:08:48,187 | INFO     |   → 145/1545: ✅ 0 взято | 🗑️ 0 мусор
2026-08-12 19:08:48,187 | INFO     |   → 146/1545: ✅ 0 взято | 🗑️ 0 мусор
2026-08-12 19:08:48,187 | INFO     |   → 147/1545: ✅ 0 взято | 🗑️ 0 мусор
2026-08-12 19:08:48,187 | INFO     |   → 148/1545: ✅ 0 взято | 🗑️ 0 мусор
2026-08-12 19:08:48,187 | INFO     |   → 149/1545: ✅ 0 взято | 🗑️ 0 мусор
2026-08-12 19:08:48,188 | INFO     |   → 150/1545: ✅ 0 взято | 🗑️ 0 мусор
2026-08-12 19:08:48,188 | INFO     |   → 151/1545: ✅ 0 взято | 🗑️ 0 мусор
2026-08-12 19:08:48,188 | INFO     |   → 152/1545: ✅ 0 взято | 🗑️ 0 мусор
2026-08-12 19:08:48,188 | INFO     |   → 153/1545: ✅ 0 взято | 🗑️ 0 мусор
2026-08-12 19:08:48,188 | INFO     |   → 154/1545: ✅ 0 взято | 🗑️ 0 мусор
2026-08-12 19:08:48,188 | INFO     |   → 155/1545: ✅ 0 взято | 🗑️ 0 мусор
2026-08-12 19:08:48,188 | INFO     |   → 156/1545: ✅ 0 взято | 🗑️ 0 мусор
2026-08-12 19:08:48,188 | INFO     |   → 157/1545: ✅ 0 взято | 🗑️ 0 мусор
2026-08-12 19:08:48,188 | INFO     |   → 158/1545: ✅ 0 взято | 🗑️ 0 мусор
2026-08-12 19:08:48,188 | INFO     |   → 159/1545: ✅ 0 взято | 🗑️ 0 мусор
2026-08-12 19:08:48,188 | INFO     |   → 160/1545: ✅ 0 взято | 🗑️ 0 мусор
2026-08-12 19:08:48,188 | INFO     |   → 161/1545: ✅ 0 взято | 🗑️ 0 мусор
2026-08-12 19:08:48,188 | INFO     |   → 162/1545: ✅ 0 взято | 🗑️ 0 мусор
2026-08-12 19:08:48,188 | INFO     |   → 163/1545: ✅ 0 взято | 🗑️ 0 мусор
2026-08-12 19:08:48,188 | INFO     |   → 164/1545: ✅ 0 взято | 🗑️ 0 мусор
2026-08-12 19:08:48,188 | INFO     |   → 165/1545: ✅ 0 взято | 🗑️ 0 мусор
2026-08-12 19:08:48,188 | INFO     |   → 166/1545: ✅ 0 взято | 🗑️ 0 мусор
2026-08-12 19:08:48,188 | INFO     |   → 167/1545: ✅ 0 взято | 🗑️ 0 мусор
2026-08-12 19:08:48,188 | INFO     |   → 168/1545: ✅ 0 взято | 🗑️ 0 мусор
2026-08-12 19:08:48,188 | INFO     |   → 169/1545: ✅ 0 взято | 🗑️ 0 мусор
2026-08-12 19:08:48,188 | INFO     |   → 170/1545: ✅ 0 взято | 🗑️ 0 мусор
2026-08-12 19:08:48,188 | INFO     |   → 171/1545: ✅ 0 взято | 🗑️ 0 мусор
2026-08-12 19:08:48,188 | INFO     |   → 172/1545: ✅ 0 взято | 🗑️ 0 мусор
2026-08-12 19:08:48,188 | INFO     |   → 173/1545: ✅ 0 взято | 🗑️ 0 мусор
2026-08-12 19:08:48,188 | INFO     |   → 174/1545: ✅ 0 взято | 🗑️ 0 мусор
2026-08-12 19:08:48,188 | INFO     |   → 175/1545: ✅ 0 взято | 🗑️ 0 мусор
2026-08-12 19:08:48,188 | INFO     |   → 176/1545 ❌ HTTP 404 — https://freessrnode.github.io/uploads/2024/08/0-20240822.txt
2026-08-12 19:08:48,188 | INFO     |   → 177/1545 ❌ HTTP 404 — https://freessrnode.github.io/uploads/2024/08/1-20240822.txt
2026-08-12 19:08:48,188 | INFO     |   → 178/1545 ❌ HTTP 404 — https://freessrnode.github.io/uploads/2024/08/2-20240822.txt
2026-08-12 19:08:48,188 | INFO     |   → 179/1545 ❌ HTTP 404 — https://freessrnode.github.io/uploads/2024/08/3-20240822.txt
2026-08-12 19:08:48,188 | INFO     |   → 180/1545 ❌ HTTP 404 — https://freessrnode.github.io/uploads/2024/08/4-20240822.txt
2026-08-12 19:08:48,188 | INFO     |   → 181/1545 ⚠️ Ошибка: HTTPSConnectionPool(host='freevpnspy.githubrowcontent.com', port=443): Max retries exceeded with url: /2024/08/20240802_novless.yaml (Caused by NameResolutionError("HTTPSConnection(host='freevpnspy.githubrowcontent.com', port=443): Failed to resolve 'freevpnspy.githubrowcontent.com' ([Errno -2] Name or service not known)")) — https://freevpnspy.githubrowcontent.com/2024/08/20240802_novless.yaml
2026-08-12 19:08:48,188 | INFO     |   → 182/1545 ⚠️ Ошибка: HTTPSConnectionPool(host='freevpnspy.githubrowcontent.com', port=443): Max retries exceeded with url: /2024/08/20240802_vless.yaml (Caused by NameResolutionError("HTTPSConnection(host='freevpnspy.githubrowcontent.com', port=443): Failed to resolve 'freevpnspy.githubrowcontent.com' ([Errno -2] Name or service not known)")) — https://freevpnspy.githubrowcontent.com/2024/08/20240802_vless.yaml
2026-08-12 19:08:48,188 | INFO     |   → 183/1545: ✅ 0 взято | 🗑️ 0 мусор
2026-08-12 19:08:48,188 | INFO     |   → 184/1545: ✅ 0 взято | 🗑️ 0 мусор
2026-08-12 19:08:48,188 | INFO     |   → 185/1545: ✅ 5 взято | 🗑️ 133 мусор
2026-08-12 19:08:48,188 | INFO     |   → 186/1545: ✅ 5 взято | 🗑️ 166 мусор
2026-08-12 19:08:48,188 | INFO     |   → 187/1545: ✅ 2 взято | 🗑️ 114 мусор
2026-08-12 19:08:48,188 | INFO     |   → 188/1545: ✅ 14 взято | 🗑️ 292 мусор
2026-08-12 19:08:48,188 | INFO     |   → 189/1545: ✅ 0 взято | 🗑️ 115 мусор
2026-08-12 19:08:48,188 | INFO     |   → 190/1545: ✅ 14 взято | 🗑️ 218 мусор
2026-08-12 19:08:48,189 | INFO     |   → 191/1545: ✅ 7 взято | 🗑️ 148 мусор
2026-08-12 19:08:48,189 | INFO     |   → 192/1545: ✅ 5 взято | 🗑️ 161 мусор
2026-08-12 19:08:48,189 | INFO     |   → 193/1545: ✅ 2 взято | 🗑️ 60 мусор
2026-08-12 19:08:48,189 | INFO     |   → 194/1545: ✅ 0 взято | 🗑️ 0 мусор
2026-08-12 19:08:48,189 | INFO     |   → 195/1545: ✅ 10 взято | 🗑️ 232 мусор
2026-08-12 19:08:48,189 | INFO     |   → 196/1545: ✅ 4 взято | 🗑️ 151 мусор
2026-08-12 19:08:48,189 | INFO     |   → 197/1545: ✅ 0 взято | 🗑️ 0 мусор
2026-08-12 19:08:48,189 | INFO     |   → 198/1545: ✅ 0 взято | 🗑️ 0 мусор
2026-08-12 19:08:48,189 | INFO     |   → 199/1545: ✅ 0 взято | 🗑️ 0 мусор
2026-08-12 19:08:48,189 | INFO     |   → 200/1545: ✅ 1 взято | 🗑️ 226 мусор
2026-08-12 19:08:48,189 | INFO     |   → 201/1545: ✅ 0 взято | 🗑️ 0 мусор
2026-08-12 19:08:48,189 | INFO     |   → 202/1545: ✅ 0 взято | 🗑️ 0 мусор
2026-08-12 19:08:48,189 | INFO     |   → 203/1545: ✅ 0 взято | 🗑️ 0 мусор
2026-08-12 19:08:48,189 | INFO     |   → 204/1545: ✅ 7 взято | 🗑️ 113 мусор
2026-08-12 19:08:48,189 | INFO     |   → 205/1545: ✅ 0 взято | 🗑️ 0 мусор
2026-08-12 19:08:48,189 | INFO     |   → 206/1545: ✅ 0 взято | 🗑️ 0 мусор
2026-08-12 19:08:48,189 | INFO     |   → 207/1545: ✅ 0 взято | 🗑️ 0 мусор
2026-08-12 19:08:48,189 | INFO     |   → 208/1545: ✅ 1 взято | 🗑️ 169 мусор
2026-08-12 19:08:48,189 | INFO     |   → 209/1545: ✅ 0 взято | 🗑️ 0 мусор
2026-08-12 19:08:48,189 | INFO     |   → 210/1545: ✅ 0 взято | 🗑️ 0 мусор
2026-08-12 19:08:48,189 | INFO     |   → 211/1545: ✅ 5 взято | 🗑️ 211 мусор
2026-08-12 19:08:48,189 | INFO     |   → 212/1545: ✅ 0 взято | 🗑️ 0 мусор
2026-08-12 19:08:48,189 | INFO     |   → 213/1545: ✅ 1 взято | 🗑️ 213 мусор
2026-08-12 19:08:48,189 | INFO     |   → 214/1545: ✅ 0 взято | 🗑️ 0 мусор
2026-08-12 19:08:48,189 | INFO     |   → 215/1545: ✅ 0 взято | 🗑️ 0 мусор
2026-08-12 19:08:48,189 | INFO     |   → 216/1545: ✅ 2 взято | 🗑️ 60 мусор
2026-08-12 19:08:48,190 | INFO     |   → 217/1545: ✅ 0 взято | 🗑️ 0 мусор
2026-08-12 19:08:48,190 | INFO     |   → 218/1545: ✅ 1 взято | 🗑️ 226 мусор
2026-08-12 19:08:48,190 | INFO     |   → 219/1545: ✅ 3 взято | 🗑️ 152 мусор
2026-08-12 19:08:48,190 | INFO     |   → 220/1545: ✅ 0 взято | 🗑️ 0 мусор
2026-08-12 19:08:48,190 | INFO     |   → 221/1545: ✅ 0 взято | 🗑️ 0 мусор
2026-08-12 19:08:48,190 | INFO     |   → 222/1545: ✅ 3 взято | 🗑️ 99 мусор
2026-08-12 19:08:48,190 | INFO     |   → 223/1545: ✅ 0 взято | 🗑️ 0 мусор
2026-08-12 19:08:48,190 | INFO     |   → 224/1545: ✅ 0 взято | 🗑️ 300 мусор
2026-08-12 19:08:48,190 | INFO     |   → 225/1545: ✅ 0 взято | 🗑️ 0 мусор
2026-08-12 19:08:48,190 | INFO     |   → 226/1545: ✅ 0 взято | 🗑️ 0 мусор
2026-08-12 19:08:48,190 | INFO     |   → 227/1545: ✅ 0 взято | 🗑️ 142 мусор
2026-08-12 19:08:48,190 | INFO     |   → 228/1545: ✅ 2 взято | 🗑️ 124 мусор
2026-08-12 19:08:48,190 | INFO     |   → 229/1545: ✅ 0 взято | 🗑️ 0 мусор
2026-08-12 19:08:48,190 | INFO     |   → 230/1545: ✅ 0 взято | 🗑️ 0 мусор
2026-08-12 19:08:48,190 | INFO     |   → 231/1545: ✅ 1 взято | 🗑️ 104 мусор
2026-08-12 19:08:48,190 | INFO     |   → 232/1545: ✅ 1 взято | 🗑️ 96 мусор
2026-08-12 19:08:48,190 | INFO     |   → 233/1545: ✅ 0 взято | 🗑️ 193 мусор
2026-08-12 19:08:48,190 | INFO     |   → 234/1545: ✅ 2 взято | 🗑️ 115 мусор
2026-08-12 19:08:48,190 | INFO     |   → 235/1545: ✅ 7 взято | 🗑️ 179 мусор
2026-08-12 19:08:48,190 | INFO     |   → 236/1545: ✅ 0 взято | 🗑️ 0 мусор
2026-08-12 19:08:48,190 | INFO     |   → 237/1545: ✅ 0 взято | 🗑️ 0 мусор
2026-08-12 19:08:48,190 | INFO     |   → 238/1545: ✅ 0 взято | 🗑️ 125 мусор
2026-08-12 19:08:48,190 | INFO     |   → 239/1545: ✅ 11 взято | 🗑️ 225 мусор
2026-08-12 19:08:48,190 | INFO     |   → 240/1545: ✅ 0 взято | 🗑️ 296 мусор
2026-08-12 19:08:48,190 | INFO     |   → 241/1545: ✅ 1 взято | 🗑️ 141 мусор
2026-08-12 19:08:48,190 | INFO     |   → 242/1545: ✅ 1 взято | 🗑️ 279 мусор
2026-08-12 19:08:48,190 | INFO     |   → 243/1545: ✅ 0 взято | 🗑️ 96 мусор
2026-08-12 19:08:48,191 | INFO     |   → 244/1545: ✅ 0 взято | 🗑️ 130 мусор
2026-08-12 19:08:48,191 | INFO     |   → 245/1545: ✅ 0 взято | 🗑️ 263 мусор
2026-08-12 19:08:48,191 | INFO     |   → 246/1545: ✅ 2 взято | 🗑️ 105 мусор
2026-08-12 19:08:48,191 | INFO     |   → 247/1545: ✅ 0 взято | 🗑️ 0 мусор
2026-08-12 19:08:48,191 | INFO     |   → 248/1545: ✅ 0 взято | 🗑️ 0 мусор
2026-08-12 19:08:48,191 | INFO     |   → 249/1545: ✅ 3 взято | 🗑️ 268 мусор
2026-08-12 19:08:48,191 | INFO     |   → 250/1545: ✅ 0 взято | 🗑️ 248 мусор
2026-08-12 19:08:48,191 | INFO     |   → 251/1545: ✅ 0 взято | 🗑️ 0 мусор
2026-08-12 19:08:48,191 | INFO     |   → 252/1545: ✅ 1 взято | 🗑️ 139 мусор
2026-08-12 19:08:48,191 | INFO     |   → 253/1545: ✅ 1 взято | 🗑️ 109 мусор
2026-08-12 19:08:48,191 | INFO     |   → 254/1545: ✅ 0 взято | 🗑️ 0 мусор
2026-08-12 19:08:48,191 | INFO     |   → 255/1545: ✅ 0 взято | 🗑️ 0 мусор
2026-08-12 19:08:48,191 | INFO     |   → 256/1545: ✅ 0 взято | 🗑️ 0 мусор
2026-08-12 19:08:48,191 | INFO     |   → 257/1545: ✅ 0 взято | 🗑️ 0 мусор
2026-08-12 19:08:48,191 | INFO     |   → 258/1545: ✅ 0 взято | 🗑️ 137 мусор
2026-08-12 19:08:48,191 | INFO     |   → 259/1545: ✅ 0 взято | 🗑️ 0 мусор
2026-08-12 19:08:48,191 | INFO     |   → 260/1545: ✅ 0 взято | 🗑️ 0 мусор
2026-08-12 19:08:48,191 | INFO     |   → 261/1545: ✅ 0 взято | 🗑️ 198 мусор
2026-08-12 19:08:48,191 | INFO     |   → 262/1545: ✅ 0 взято | 🗑️ 0 мусор
2026-08-12 19:08:48,191 | INFO     |   → 263/1545: ✅ 0 взято | 🗑️ 0 мусор
2026-08-12 19:08:48,191 | INFO     |   → 264/1545: ✅ 0 взято | 🗑️ 0 мусор
2026-08-12 19:08:48,191 | INFO     |   → 265/1545: ✅ 0 взято | 🗑️ 0 мусор
2026-08-12 19:08:48,191 | INFO     |   → 266/1545: ✅ 0 взято | 🗑️ 0 мусор
2026-08-12 19:08:48,191 | INFO     |   → 267/1545: ✅ 0 взято | 🗑️ 112 мусор
2026-08-12 19:08:48,191 | INFO     |   → 268/1545: ✅ 0 взято | 🗑️ 0 мусор
2026-08-12 19:08:48,191 | INFO     |   → 269/1545: ✅ 0 взято | 🗑️ 0 мусор
2026-08-12 19:08:48,192 | INFO     |   → 270/1545: ✅ 0 взято | 🗑️ 0 мусор
2026-08-12 19:08:48,192 | INFO     |   → 271/1545 ❌ HTTP 404 — https://github.com/Epodonios/bulk-xray-v2ray-vless-vmess-...-configs/raw/main/sub/Albania/config.txt
2026-08-12 19:08:48,192 | INFO     |   → 272/1545 ❌ HTTP 404 — https://github.com/Epodonios/bulk-xray-v2ray-vless-vmess-...-configs/raw/main/sub/Cura%C3%A7ao/config.txt
2026-08-12 19:08:48,192 | INFO     |   → 273/1545 ❌ HTTP 404 — https://github.com/Epodonios/bulk-xray-v2ray-vless-vmess-...-configs/raw/main/sub/Finland/config.txt
2026-08-12 19:08:48,192 | INFO     |   → 274/1545 ❌ HTTP 404 — https://github.com/Epodonios/bulk-xray-v2ray-vless-vmess-...-configs/raw/main/sub/Iran/config.txt
2026-08-12 19:08:48,192 | INFO     |   → 275/1545 ❌ HTTP 404 — https://github.com/Epodonios/bulk-xray-v2ray-vless-vmess-...-configs/raw/main/sub/Netherlands/config.txt
2026-08-12 19:08:48,192 | INFO     |   → 276/1545 ❌ HTTP 404 — https://github.com/Epodonios/bulk-xray-v2ray-vless-vmess-...-configs/raw/main/sub/Norway/config.txt
2026-08-12 19:08:48,192 | INFO     |   → 277/1545 ❌ HTTP 404 — https://github.com/Epodonios/bulk-xray-v2ray-vless-vmess-...-configs/raw/main/sub/Russia/config.txt
2026-08-12 19:08:48,192 | INFO     |   → 278/1545: ✅ 13 взято | 🗑️ 70 мусор
2026-08-12 19:08:48,192 | INFO     |   → 279/1545: ✅ 0 взято | 🗑️ 4 мусор
2026-08-12 19:08:48,192 | INFO     |   → 280/1545: ✅ 0 взято | 🗑️ 7 мусор
2026-08-12 19:08:48,192 | INFO     |   → 281/1545: ✅ 0 взято | 🗑️ 51 мусор
2026-08-12 19:08:48,192 | INFO     |   → 282/1545: ✅ 0 взято | 🗑️ 8 мусор
2026-08-12 19:08:48,192 | INFO     |   → 283/1545: ✅ 0 взято | 🗑️ 0 мусор
2026-08-12 19:08:48,192 | INFO     |   → 284/1545: ✅ 17 взято | 🗑️ 119 мусор
2026-08-12 19:08:48,192 | INFO     |   → 285/1545 ❌ HTTP 404 — https://github.com/MrMohebi/xray-proxy-grabber-telegram/raw/master/collected-proxies/clash-meta/all.yaml
2026-08-12 19:08:48,192 | INFO     |   → 286/1545 ❌ HTTP 404 — https://github.com/MrMohebi/xray-proxy-grabber-telegram/raw/master/collected-proxies/row-url/all.txt
2026-08-12 19:08:48,192 | INFO     |   → 287/1545: ✅ 0 взято | 🗑️ 0 мусор
2026-08-12 19:08:48,192 | INFO     |   → 288/1545: ✅ 0 взято | 🗑️ 113 мусор
2026-08-12 19:08:48,192 | INFO     |   → 289/1545: ✅ 0 взято | 🗑️ 119 мусор
2026-08-12 19:08:48,192 | INFO     |   → 290/1545 ❌ HTTP 404 — https://github.com/abbasdvd3/abbasdvd10/73ec60de7a6c6aa6df4c14b511c1da60686891ca/ppo.txt
2026-08-12 19:08:48,192 | INFO     |   → 291/1545 ❌ HTTP 404 — https://github.com/acymz/AutoVPN/refs/heads/main/data/V2.txt
2026-08-12 19:08:48,192 | INFO     |   → 292/1545: ✅ 0 взято | 🗑️ 0 мусор
2026-08-12 19:08:48,192 | INFO     |   → 293/1545: ✅ 0 взято | 🗑️ 0 мусор
2026-08-12 19:08:48,192 | INFO     |   → 294/1545: ✅ 0 взято | 🗑️ 0 мусор
2026-08-12 19:08:48,192 | INFO     |   → 295/1545: ✅ 0 взято | 🗑️ 0 мусор
2026-08-12 19:08:48,192 | INFO     |   → 296/1545: ✅ 0 взято | 🗑️ 0 мусор
2026-08-12 19:08:48,193 | INFO     |   → 297/1545: ✅ 0 взято | 🗑️ 0 мусор
2026-08-12 19:08:48,193 | INFO     |   → 298/1545: ✅ 0 взято | 🗑️ 0 мусор
2026-08-12 19:08:48,193 | INFO     |   → 299/1545 ❌ HTTP 404 — https://github.com/mermeroo/V2RAY-FREE/raw/main/All_Configs_base64_Sub.txt
2026-08-12 19:08:48,193 | INFO     |   → 300/1545 ❌ HTTP 404 — https://github.com/mermeroo/V2RAY-FREE/raw/main/Base64/Sub1_base64.txt
2026-08-12 19:08:48,193 | INFO     |   → 301/1545 ❌ HTTP 404 — https://github.com/mermeroo/V2RAY-FREE/raw/main/Base64/Sub2_base64.txt
2026-08-12 19:08:48,193 | INFO     |   → 302/1545 ❌ HTTP 404 — https://github.com/mermeroo/V2RAY-FREE/raw/main/Base64/Sub3_base64.txt
2026-08-12 19:08:48,193 | INFO     |   → 303/1545 ❌ HTTP 404 — https://github.com/mermeroo/V2RAY-FREE/raw/main/Base64/Sub4_base64.txt
2026-08-12 19:08:48,193 | INFO     |   → 304/1545 ❌ HTTP 404 — https://github.com/mermeroo/V2RAY-FREE/raw/main/Base64/Sub5_base64.txt
2026-08-12 19:08:48,193 | INFO     |   → 305/1545 ❌ HTTP 404 — https://github.com/mermeroo/telegram-configs-collector/raw/main/protocols/hysteria
2026-08-12 19:08:48,193 | INFO     |   → 306/1545 ❌ HTTP 404 — https://github.com/mermeroo/telegram-configs-collector/raw/main/protocols/juicity
2026-08-12 19:08:48,193 | INFO     |   → 307/1545 ❌ HTTP 404 — https://github.com/mermeroo/telegram-configs-collector/raw/main/protocols/tuic
2026-08-12 19:08:48,193 | INFO     |   → 308/1545: ✅ 169 взято | 🗑️ 2225 мусор
2026-08-12 19:08:48,193 | INFO     |   → 309/1545: ✅ 5 взято | 🗑️ 16 мусор
2026-08-12 19:08:48,193 | INFO     |   → 310/1545: ✅ 0 взято | 🗑️ 0 мусор
2026-08-12 19:08:48,193 | INFO     |   → 311/1545: ✅ 0 взято | 🗑️ 0 мусор
2026-08-12 19:08:48,193 | INFO     |   → 312/1545: ✅ 0 взято | 🗑️ 0 мусор
2026-08-12 19:08:48,193 | INFO     |   → 313/1545: ✅ 10 взято | 🗑️ 238 мусор
2026-08-12 19:08:48,193 | INFO     |   → 314/1545: ✅ 0 взято | 🗑️ 0 мусор
2026-08-12 19:08:48,193 | INFO     |   → 315/1545: ✅ 5 взято | 🗑️ 239 мусор
2026-08-12 19:08:48,193 | INFO     |   → 316/1545: ✅ 0 взято | 🗑️ 0 мусор
2026-08-12 19:08:48,193 | INFO     |   → 317/1545: ✅ 0 взято | 🗑️ 255 мусор
2026-08-12 19:08:48,193 | INFO     |   → 318/1545: ✅ 0 взято | 🗑️ 0 мусор
2026-08-12 19:08:48,193 | INFO     |   → 319/1545: ✅ 1 взято | 🗑️ 249 мусор
2026-08-12 19:08:48,193 | INFO     |   → 320/1545: ✅ 0 взято | 🗑️ 0 мусор
2026-08-12 19:08:48,193 | INFO     |   → 321/1545: ✅ 0 взято | 🗑️ 207 мусор
2026-08-12 19:08:48,193 | INFO     |   → 322/1545: ✅ 0 взято | 🗑️ 0 мусор
2026-08-12 19:08:48,193 | INFO     |   → 323/1545: ✅ 0 взято | 🗑️ 228 мусор
2026-08-12 19:08:48,194 | INFO     |   → 324/1545: ✅ 0 взято | 🗑️ 0 мусор
2026-08-12 19:08:48,194 | INFO     |   → 325/1545: ✅ 1 взято | 🗑️ 291 мусор
2026-08-12 19:08:48,194 | INFO     |   → 326/1545: ✅ 0 взято | 🗑️ 0 мусор
2026-08-12 19:08:48,194 | INFO     |   → 327/1545: ✅ 3 взято | 🗑️ 221 мусор
2026-08-12 19:08:48,194 | INFO     |   → 328/1545: ✅ 0 взято | 🗑️ 0 мусор
2026-08-12 19:08:48,194 | INFO     |   → 329/1545: ✅ 1 взято | 🗑️ 222 мусор
2026-08-12 19:08:48,194 | INFO     |   → 330/1545: ✅ 0 взято | 🗑️ 0 мусор
2026-08-12 19:08:48,194 | INFO     |   → 331/1545: ✅ 1 взято | 🗑️ 218 мусор
2026-08-12 19:08:48,194 | INFO     |   → 332/1545: ✅ 0 взято | 🗑️ 0 мусор
2026-08-12 19:08:48,194 | INFO     |   → 333/1545: ✅ 0 взято | 🗑️ 193 мусор
2026-08-12 19:08:48,194 | INFO     |   → 334/1545: ✅ 0 взято | 🗑️ 0 мусор
2026-08-12 19:08:48,194 | INFO     |   → 335/1545: ✅ 0 взято | 🗑️ 290 мусор
2026-08-12 19:08:48,194 | INFO     |   → 336/1545: ✅ 0 взято | 🗑️ 0 мусор
2026-08-12 19:08:48,194 | INFO     |   → 337/1545: ✅ 0 взято | 🗑️ 238 мусор
2026-08-12 19:08:48,194 | INFO     |   → 338/1545: ✅ 0 взято | 🗑️ 0 мусор
2026-08-12 19:08:48,194 | INFO     |   → 339/1545: ✅ 1 взято | 🗑️ 221 мусор
2026-08-12 19:08:48,194 | INFO     |   → 340/1545: ✅ 0 взято | 🗑️ 0 мусор
2026-08-12 19:08:48,194 | INFO     |   → 341/1545: ✅ 0 взято | 🗑️ 248 мусор
2026-08-12 19:08:48,194 | INFO     |   → 342/1545: ✅ 0 взято | 🗑️ 0 мусор
2026-08-12 19:08:48,194 | INFO     |   → 343/1545: ✅ 0 взято | 🗑️ 203 мусор
2026-08-12 19:08:48,194 | INFO     |   → 344/1545: ✅ 0 взято | 🗑️ 0 мусор
2026-08-12 19:08:48,194 | INFO     |   → 345/1545: ✅ 0 взято | 🗑️ 208 мусор
2026-08-12 19:08:48,194 | INFO     |   → 346/1545: ✅ 0 взято | 🗑️ 0 мусор
2026-08-12 19:08:48,194 | INFO     |   → 347/1545: ✅ 2 взято | 🗑️ 209 мусор
2026-08-12 19:08:48,194 | INFO     |   → 348/1545: ✅ 0 взято | 🗑️ 0 мусор
2026-08-12 19:08:48,194 | INFO     |   → 349/1545: ✅ 0 взято | 🗑️ 258 мусор
2026-08-12 19:08:48,194 | INFO     |   → 350/1545: ✅ 0 взято | 🗑️ 0 мусор
2026-08-12 19:08:48,195 | INFO     |   → 351/1545: ✅ 0 взято | 🗑️ 296 мусор
2026-08-12 19:08:48,195 | INFO     |   → 352/1545: ✅ 0 взято | 🗑️ 0 мусор
2026-08-12 19:08:48,195 | INFO     |   → 353/1545: ✅ 1 взято | 🗑️ 286 мусор
2026-08-12 19:08:48,195 | INFO     |   → 354/1545: ✅ 0 взято | 🗑️ 0 мусор
2026-08-12 19:08:48,195 | INFO     |   → 355/1545: ✅ 0 взято | 🗑️ 195 мусор
2026-08-12 19:08:48,195 | INFO     |   → 356/1545: ✅ 0 взято | 🗑️ 0 мусор
2026-08-12 19:08:48,195 | INFO     |   → 357/1545: ✅ 0 взято | 🗑️ 170 мусор
2026-08-12 19:08:48,195 | INFO     |   → 358/1545: ✅ 0 взято | 🗑️ 0 мусор
2026-08-12 19:08:48,195 | INFO     |   → 359/1545: ✅ 0 взято | 🗑️ 160 мусор
2026-08-12 19:08:48,195 | INFO     |   → 360/1545: ✅ 0 взято | 🗑️ 0 мусор
2026-08-12 19:08:48,195 | INFO     |   → 361/1545: ✅ 0 взято | 🗑️ 121 мусор
2026-08-12 19:08:48,195 | INFO     |   → 362/1545: ✅ 0 взято | 🗑️ 0 мусор
2026-08-12 19:08:48,195 | INFO     |   → 363/1545: ✅ 0 взято | 🗑️ 135 мусор
2026-08-12 19:08:48,195 | INFO     |   → 364/1545: ✅ 0 взято | 🗑️ 0 мусор
2026-08-12 19:08:48,195 | INFO     |   → 365/1545: ✅ 1 взято | 🗑️ 129 мусор
2026-08-12 19:08:48,195 | INFO     |   → 366/1545: ✅ 0 взято | 🗑️ 0 мусор
2026-08-12 19:08:48,195 | INFO     |   → 367/1545: ✅ 0 взято | 🗑️ 189 мусор
2026-08-12 19:08:48,195 | INFO     |   → 368/1545: ✅ 0 взято | 🗑️ 0 мусор
2026-08-12 19:08:48,195 | INFO     |   → 369/1545: ✅ 3 взято | 🗑️ 147 мусор
2026-08-12 19:08:48,195 | INFO     |   → 370/1545: ✅ 0 взято | 🗑️ 0 мусор
2026-08-12 19:08:48,195 | INFO     |   → 371/1545: ✅ 1 взято | 🗑️ 183 мусор
2026-08-12 19:08:48,195 | INFO     |   → 372/1545: ✅ 0 взято | 🗑️ 0 мусор
2026-08-12 19:08:48,195 | INFO     |   → 373/1545: ✅ 0 взято | 🗑️ 155 мусор
2026-08-12 19:08:48,195 | INFO     |   → 374/1545: ✅ 0 взято | 🗑️ 0 мусор
2026-08-12 19:08:48,195 | INFO     |   → 375/1545: ✅ 0 взято | 🗑️ 114 мусор
2026-08-12 19:08:48,195 | INFO     |   → 376/1545: ✅ 0 взято | 🗑️ 0 мусор
2026-08-12 19:08:48,195 | INFO     |   → 377/1545: ✅ 0 взято | 🗑️ 239 мусор
2026-08-12 19:08:48,195 | INFO     |   → 378/1545: ✅ 0 взято | 🗑️ 0 мусор
2026-08-12 19:08:48,196 | INFO     |   → 379/1545: ✅ 0 взято | 🗑️ 204 мусор
2026-08-12 19:08:48,196 | INFO     |   → 380/1545: ✅ 0 взято | 🗑️ 0 мусор
2026-08-12 19:08:48,196 | INFO     |   → 381/1545: ✅ 0 взято | 🗑️ 232 мусор
2026-08-12 19:08:48,196 | INFO     |   → 382/1545: ✅ 0 взято | 🗑️ 0 мусор
2026-08-12 19:08:48,196 | INFO     |   → 383/1545: ✅ 0 взято | 🗑️ 192 мусор
2026-08-12 19:08:48,196 | INFO     |   → 384/1545: ✅ 0 взято | 🗑️ 0 мусор
2026-08-12 19:08:48,196 | INFO     |   → 385/1545: ✅ 0 взято | 🗑️ 183 мусор
2026-08-12 19:08:48,196 | INFO     |   → 386/1545: ✅ 0 взято | 🗑️ 0 мусор
2026-08-12 19:08:48,196 | INFO     |   → 387/1545: ✅ 0 взято | 🗑️ 169 мусор
2026-08-12 19:08:48,196 | INFO     |   → 388/1545: ✅ 0 взято | 🗑️ 0 мусор
2026-08-12 19:08:48,196 | INFO     |   → 389/1545: ✅ 0 взято | 🗑️ 167 мусор
2026-08-12 19:08:48,196 | INFO     |   → 390/1545: ✅ 0 взято | 🗑️ 0 мусор
2026-08-12 19:08:48,196 | INFO     |   → 391/1545: ✅ 0 взято | 🗑️ 193 мусор
2026-08-12 19:08:48,196 | INFO     |   → 392/1545: ✅ 0 взято | 🗑️ 0 мусор
2026-08-12 19:08:48,196 | INFO     |   → 393/1545: ✅ 1 взято | 🗑️ 161 мусор
2026-08-12 19:08:48,196 | INFO     |   → 394/1545: ✅ 0 взято | 🗑️ 0 мусор
2026-08-12 19:08:48,196 | INFO     |   → 395/1545: ✅ 0 взято | 🗑️ 171 мусор
2026-08-12 19:08:48,196 | INFO     |   → 396/1545: ✅ 0 взято | 🗑️ 0 мусор
2026-08-12 19:08:48,196 | INFO     |   → 397/1545: ✅ 0 взято | 🗑️ 174 мусор
2026-08-12 19:08:48,196 | INFO     |   → 398/1545: ✅ 0 взято | 🗑️ 0 мусор
2026-08-12 19:08:48,196 | INFO     |   → 399/1545: ✅ 0 взято | 🗑️ 206 мусор
2026-08-12 19:08:48,196 | INFO     |   → 400/1545: ✅ 0 взято | 🗑️ 0 мусор
2026-08-12 19:08:48,196 | INFO     |   → 401/1545: ✅ 0 взято | 🗑️ 170 мусор
2026-08-12 19:08:48,196 | INFO     |   → 402/1545: ✅ 0 взято | 🗑️ 0 мусор
2026-08-12 19:08:48,196 | INFO     |   → 403/1545: ✅ 1 взято | 🗑️ 196 мусор
2026-08-12 19:08:48,196 | INFO     |   → 404/1545: ✅ 0 взято | 🗑️ 0 мусор
2026-08-12 19:08:48,196 | INFO     |   → 405/1545: ✅ 0 взято | 🗑️ 208 мусор
2026-08-12 19:08:48,196 | INFO     |   → 406/1545: ✅ 0 взято | 🗑️ 0 мусор
2026-08-12 19:08:48,197 | INFO     |   → 407/1545: ✅ 0 взято | 🗑️ 162 мусор
2026-08-12 19:08:48,197 | INFO     |   → 408/1545: ✅ 0 взято | 🗑️ 0 мусор
2026-08-12 19:08:48,197 | INFO     |   → 409/1545: ✅ 0 взято | 🗑️ 116 мусор
2026-08-12 19:08:48,197 | INFO     |   → 410/1545: ✅ 0 взято | 🗑️ 0 мусор
2026-08-12 19:08:48,197 | INFO     |   → 411/1545: ✅ 0 взято | 🗑️ 132 мусор
2026-08-12 19:08:48,197 | INFO     |   → 412/1545: ✅ 0 взято | 🗑️ 0 мусор
2026-08-12 19:08:48,197 | INFO     |   → 413/1545: ✅ 0 взято | 🗑️ 132 мусор
2026-08-12 19:08:48,197 | INFO     |   → 414/1545: ✅ 0 взято | 🗑️ 0 мусор
2026-08-12 19:08:48,197 | INFO     |   → 415/1545: ✅ 1 взято | 🗑️ 113 мусор
2026-08-12 19:08:48,197 | INFO     |   → 416/1545: ✅ 0 взято | 🗑️ 0 мусор
2026-08-12 19:08:48,197 | INFO     |   → 417/1545: ✅ 0 взято | 🗑️ 103 мусор
2026-08-12 19:08:48,197 | INFO     |   → 418/1545: ✅ 0 взято | 🗑️ 0 мусор
2026-08-12 19:08:48,197 | INFO     |   → 419/1545: ✅ 3 взято | 🗑️ 213 мусор
2026-08-12 19:08:48,197 | INFO     |   → 420/1545: ✅ 0 взято | 🗑️ 0 мусор
2026-08-12 19:08:48,197 | INFO     |   → 421/1545: ✅ 1 взято | 🗑️ 130 мусор
2026-08-12 19:08:48,197 | INFO     |   → 422/1545: ✅ 0 взято | 🗑️ 0 мусор
2026-08-12 19:08:48,197 | INFO     |   → 423/1545: ✅ 0 взято | 🗑️ 135 мусор
2026-08-12 19:08:48,197 | INFO     |   → 424/1545: ✅ 0 взято | 🗑️ 0 мусор
2026-08-12 19:08:48,197 | INFO     |   → 425/1545: ✅ 0 взято | 🗑️ 145 мусор
2026-08-12 19:08:48,197 | INFO     |   → 426/1545: ✅ 0 взято | 🗑️ 0 мусор
2026-08-12 19:08:48,197 | INFO     |   → 427/1545: ✅ 0 взято | 🗑️ 157 мусор
2026-08-12 19:08:48,197 | INFO     |   → 428/1545: ✅ 0 взято | 🗑️ 0 мусор
2026-08-12 19:08:48,197 | INFO     |   → 429/1545: ✅ 0 взято | 🗑️ 131 мусор
2026-08-12 19:08:48,197 | INFO     |   → 430/1545: ✅ 0 взято | 🗑️ 0 мусор
2026-08-12 19:08:48,197 | INFO     |   → 431/1545: ✅ 1 взято | 🗑️ 124 мусор
2026-08-12 19:08:48,197 | INFO     |   → 432/1545: ✅ 0 взято | 🗑️ 0 мусор
2026-08-12 19:08:48,197 | INFO     |   → 433/1545: ✅ 2 взято | 🗑️ 189 мусор
2026-08-12 19:08:48,197 | INFO     |   → 434/1545: ✅ 0 взято | 🗑️ 0 мусор
2026-08-12 19:08:48,197 | INFO     |   → 435/1545: ✅ 1 взято | 🗑️ 279 мусор
2026-08-12 19:08:48,198 | INFO     |   → 436/1545: ✅ 0 взято | 🗑️ 0 мусор
2026-08-12 19:08:48,198 | INFO     |   → 437/1545: ✅ 0 взято | 🗑️ 270 мусор
2026-08-12 19:08:48,198 | INFO     |   → 438/1545: ✅ 0 взято | 🗑️ 0 мусор
2026-08-12 19:08:48,198 | INFO     |   → 439/1545: ✅ 0 взято | 🗑️ 161 мусор
2026-08-12 19:08:48,198 | INFO     |   → 440/1545: ✅ 0 взято | 🗑️ 0 мусор
2026-08-12 19:08:48,198 | INFO     |   → 441/1545: ✅ 3 взято | 🗑️ 117 мусор
2026-08-12 19:08:48,198 | INFO     |   → 442/1545: ✅ 0 взято | 🗑️ 0 мусор
2026-08-12 19:08:48,198 | INFO     |   → 443/1545: ✅ 0 взято | 🗑️ 100 мусор
2026-08-12 19:08:48,198 | INFO     |   → 444/1545: ✅ 0 взято | 🗑️ 0 мусор
2026-08-12 19:08:48,198 | INFO     |   → 445/1545: ✅ 1 взято | 🗑️ 171 мусор
2026-08-12 19:08:48,198 | INFO     |   → 446/1545: ✅ 0 взято | 🗑️ 0 мусор
2026-08-12 19:08:48,198 | INFO     |   → 447/1545: ✅ 0 взято | 🗑️ 202 мусор
2026-08-12 19:08:48,198 | INFO     |   → 448/1545: ✅ 0 взято | 🗑️ 0 мусор
2026-08-12 19:08:48,198 | INFO     |   → 449/1545: ✅ 0 взято | 🗑️ 138 мусор
2026-08-12 19:08:48,198 | INFO     |   → 450/1545: ✅ 0 взято | 🗑️ 0 мусор
2026-08-12 19:08:48,198 | INFO     |   → 451/1545: ✅ 0 взято | 🗑️ 236 мусор
2026-08-12 19:08:48,198 | INFO     |   → 452/1545: ✅ 0 взято | 🗑️ 0 мусор
2026-08-12 19:08:48,198 | INFO     |   → 453/1545: ✅ 0 взято | 🗑️ 192 мусор
2026-08-12 19:08:48,198 | INFO     |   → 454/1545: ✅ 0 взято | 🗑️ 0 мусор
2026-08-12 19:08:48,198 | INFO     |   → 455/1545: ✅ 1 взято | 🗑️ 174 мусор
2026-08-12 19:08:48,198 | INFO     |   → 456/1545: ✅ 0 взято | 🗑️ 0 мусор
2026-08-12 19:08:48,198 | INFO     |   → 457/1545: ✅ 1 взято | 🗑️ 149 мусор
2026-08-12 19:08:48,198 | INFO     |   → 458/1545: ✅ 0 взято | 🗑️ 0 мусор
2026-08-12 19:08:48,198 | INFO     |   → 459/1545: ✅ 3 взято | 🗑️ 147 мусор
2026-08-12 19:08:48,198 | INFO     |   → 460/1545: ✅ 0 взято | 🗑️ 0 мусор
2026-08-12 19:08:48,198 | INFO     |   → 461/1545: ✅ 2 взято | 🗑️ 196 мусор
2026-08-12 19:08:48,198 | INFO     |   → 462/1545: ✅ 0 взято | 🗑️ 0 мусор
2026-08-12 19:08:48,198 | INFO     |   → 463/1545: ✅ 2 взято | 🗑️ 277 мусор
2026-08-12 19:08:48,199 | INFO     |   → 464/1545: ✅ 0 взято | 🗑️ 0 мусор
2026-08-12 19:08:48,199 | INFO     |   → 465/1545: ✅ 0 взято | 🗑️ 211 мусор
2026-08-12 19:08:48,199 | INFO     |   → 466/1545: ✅ 0 взято | 🗑️ 0 мусор
2026-08-12 19:08:48,199 | INFO     |   → 467/1545: ✅ 1 взято | 🗑️ 229 мусор
2026-08-12 19:08:48,199 | INFO     |   → 468/1545: ✅ 0 взято | 🗑️ 0 мусор
2026-08-12 19:08:48,199 | INFO     |   → 469/1545: ✅ 1 взято | 🗑️ 131 мусор
2026-08-12 19:08:48,199 | INFO     |   → 470/1545: ✅ 0 взято | 🗑️ 0 мусор
2026-08-12 19:08:48,199 | INFO     |   → 471/1545: ✅ 3 взято | 🗑️ 257 мусор
2026-08-12 19:08:48,199 | INFO     |   → 472/1545: ✅ 0 взято | 🗑️ 0 мусор
2026-08-12 19:08:48,199 | INFO     |   → 473/1545: ✅ 0 взято | 🗑️ 180 мусор
2026-08-12 19:08:48,199 | INFO     |   → 474/1545: ✅ 0 взято | 🗑️ 0 мусор
2026-08-12 19:08:48,199 | INFO     |   → 475/1545: ✅ 0 взято | 🗑️ 191 мусор
2026-08-12 19:08:48,199 | INFO     |   → 476/1545: ✅ 0 взято | 🗑️ 0 мусор
2026-08-12 19:08:48,199 | INFO     |   → 477/1545: ✅ 1 взято | 🗑️ 224 мусор
2026-08-12 19:08:48,199 | INFO     |   → 478/1545: ✅ 0 взято | 🗑️ 0 мусор
2026-08-12 19:08:48,199 | INFO     |   → 479/1545: ✅ 2 взято | 🗑️ 183 мусор
2026-08-12 19:08:48,199 | INFO     |   → 480/1545: ✅ 0 взято | 🗑️ 0 мусор
2026-08-12 19:08:48,199 | INFO     |   → 481/1545: ✅ 0 взято | 🗑️ 171 мусор
2026-08-12 19:08:48,199 | INFO     |   → 482/1545: ✅ 0 взято | 🗑️ 0 мусор
2026-08-12 19:08:48,199 | INFO     |   → 483/1545 ⚠️ Ошибка: HTTPSConnectionPool(host='ivuxy.tech', port=443): Max retries exceeded with url: /v.txt (Caused by NameResolutionError("HTTPSConnection(host='ivuxy.tech', port=443): Failed to resolve 'ivuxy.tech' ([Errno -2] Name or service not known)")) — https://ivuxy.tech/v.txt
2026-08-12 19:08:48,199 | INFO     |   → 484/1545 ⚠️ Ошибка: HTTPSConnectionPool(host='mirror.ghproxy.com', port=443): Max retries exceeded with url: /https://raw.githubusercontent.com/Barabama/FreeNodes/master/nodes/blues.txt (Caused by NameResolutionError("HTTPSConnection(host='mirror.ghproxy.com', port=443): Failed to resolve 'mirror.ghproxy.com' ([Errno -2] Name or service not known)")) — https://mirror.ghproxy.com/https://raw.githubusercontent.com/Barabama/FreeNodes/master/nodes/blues.txt
2026-08-12 19:08:48,199 | INFO     |   → 485/1545 ⚠️ Ошибка: HTTPSConnectionPool(host='mirror.ghproxy.com', port=443): Max retries exceeded with url: /https://raw.githubusercontent.com/Barabama/FreeNodes/master/nodes/halekj.txt (Caused by NameResolutionError("HTTPSConnection(host='mirror.ghproxy.com', port=443): Failed to resolve 'mirror.ghproxy.com' ([Errno -2] Name or service not known)")) — https://mirror.ghproxy.com/https://raw.githubusercontent.com/Barabama/FreeNodes/master/nodes/halekj.txt
2026-08-12 19:08:48,199 | INFO     |   → 486/1545 ⚠️ Ошибка: HTTPSConnectionPool(host='mirror.ghproxy.com', port=443): Max retries exceeded with url: /https://raw.githubusercontent.com/Barabama/FreeNodes/master/nodes/kkzui.txt (Caused by NameResolutionError("HTTPSConnection(host='mirror.ghproxy.com', port=443): Failed to resolve 'mirror.ghproxy.com' ([Errno -2] Name or service not known)")) — https://mirror.ghproxy.com/https://raw.githubusercontent.com/Barabama/FreeNodes/master/nodes/kkzui.txt
2026-08-12 19:08:48,199 | INFO     |   → 487/1545 ⚠️ Ошибка: HTTPSConnectionPool(host='mirror.ghproxy.com', port=443): Max retries exceeded with url: /https://raw.githubusercontent.com/Barabama/FreeNodes/master/nodes/merged.txt (Caused by NameResolutionError("HTTPSConnection(host='mirror.ghproxy.com', port=443): Failed to resolve 'mirror.ghproxy.com' ([Errno -2] Name or service not known)")) — https://mirror.ghproxy.com/https://raw.githubusercontent.com/Barabama/FreeNodes/master/nodes/merged.txt
2026-08-12 19:08:48,199 | INFO     |   → 488/1545 ⚠️ Ошибка: HTTPSConnectionPool(host='mirror.ghproxy.com', port=443): Max retries exceeded with url: /https://raw.githubusercontent.com/Barabama/FreeNodes/master/nodes/nodefree.txt (Caused by NameResolutionError("HTTPSConnection(host='mirror.ghproxy.com', port=443): Failed to resolve 'mirror.ghproxy.com' ([Errno -2] Name or service not known)")) — https://mirror.ghproxy.com/https://raw.githubusercontent.com/Barabama/FreeNodes/master/nodes/nodefree.txt
2026-08-12 19:08:48,199 | INFO     |   → 489/1545 ⚠️ Ошибка: HTTPSConnectionPool(host='mirror.ghproxy.com', port=443): Max retries exceeded with url: /https://raw.githubusercontent.com/Barabama/FreeNodes/master/nodes/openrunner.txt (Caused by NameResolutionError("HTTPSConnection(host='mirror.ghproxy.com', port=443): Failed to resolve 'mirror.ghproxy.com' ([Errno -2] Name or service not known)")) — https://mirror.ghproxy.com/https://raw.githubusercontent.com/Barabama/FreeNodes/master/nodes/openrunner.txt
2026-08-12 19:08:48,199 | INFO     |   → 490/1545 ⚠️ Ошибка: HTTPSConnectionPool(host='mirror.ghproxy.com', port=443): Max retries exceeded with url: /https://raw.githubusercontent.com/Barabama/FreeNodes/master/nodes/v2rayshare.txt (Caused by NameResolutionError("HTTPSConnection(host='mirror.ghproxy.com', port=443): Failed to resolve 'mirror.ghproxy.com' ([Errno -2] Name or service not known)")) — https://mirror.ghproxy.com/https://raw.githubusercontent.com/Barabama/FreeNodes/master/nodes/v2rayshare.txt
2026-08-12 19:08:48,199 | INFO     |   → 491/1545 ⚠️ Ошибка: HTTPSConnectionPool(host='mirror.ghproxy.com', port=443): Max retries exceeded with url: /https://raw.githubusercontent.com/Barabama/FreeNodes/master/nodes/wenode.txt (Caused by NameResolutionError("HTTPSConnection(host='mirror.ghproxy.com', port=443): Failed to resolve 'mirror.ghproxy.com' ([Errno -2] Name or service not known)")) — https://mirror.ghproxy.com/https://raw.githubusercontent.com/Barabama/FreeNodes/master/nodes/wenode.txt
2026-08-12 19:08:48,200 | INFO     |   → 492/1545 ⚠️ Ошибка: HTTPSConnectionPool(host='mirror.ghproxy.com', port=443): Max retries exceeded with url: /https://raw.githubusercontent.com/Barabama/FreeNodes/master/nodes/yudou66.txt (Caused by NameResolutionError("HTTPSConnection(host='mirror.ghproxy.com', port=443): Failed to resolve 'mirror.ghproxy.com' ([Errno -2] Name or service not known)")) — https://mirror.ghproxy.com/https://raw.githubusercontent.com/Barabama/FreeNodes/master/nodes/yudou66.txt
2026-08-12 19:08:48,200 | INFO     |   → 493/1545: ✅ 7 взято | 🗑️ 17 мусор
2026-08-12 19:08:48,200 | INFO     |   → 494/1545: ✅ 0 взято | 🗑️ 17 мусор
2026-08-12 19:08:48,200 | INFO     |   → 495/1545: ✅ 14 взято | 🗑️ 14 мусор
2026-08-12 19:08:48,200 | INFO     |   → 496/1545: ✅ 0 взято | 🗑️ 14 мусор
2026-08-12 19:08:48,200 | INFO     |   → 497/1545: ✅ 0 взято | 🗑️ 14 мусор
2026-08-12 19:08:48,200 | INFO     |   → 498/1545: ✅ 0 взято | 🗑️ 14 мусор
2026-08-12 19:08:48,200 | INFO     |   → 499/1545: ✅ 0 взято | 🗑️ 14 мусор
2026-08-12 19:08:48,200 | INFO     |   → 500/1545: ✅ 0 взято | 🗑️ 14 мусор
2026-08-12 19:08:48,200 | INFO     |   → 501/1545: ✅ 0 взято | 🗑️ 14 мусор
2026-08-12 19:08:48,200 | INFO     |   → 502/1545: ✅ 0 взято | 🗑️ 14 мусор
2026-08-12 19:08:48,200 | INFO     |   → 503/1545: ✅ 0 взято | 🗑️ 14 мусор
2026-08-12 19:08:48,200 | INFO     |   → 504/1545: ✅ 7 взято | 🗑️ 21 мусор
2026-08-12 19:08:48,200 | INFO     |   → 505/1545: ✅ 0 взято | 🗑️ 21 мусор
2026-08-12 19:08:48,200 | INFO     |   → 506/1545: ✅ 0 взято | 🗑️ 21 мусор
2026-08-12 19:08:48,200 | INFO     |   → 507/1545: ✅ 0 взято | 🗑️ 21 мусор
2026-08-12 19:08:48,200 | INFO     |   → 508/1545: ✅ 0 взято | 🗑️ 21 мусор
2026-08-12 19:08:48,200 | INFO     |   → 509/1545: ✅ 0 взято | 🗑️ 21 мусор
2026-08-12 19:08:48,200 | INFO     |   → 510/1545: ✅ 0 взято | 🗑️ 21 мусор
2026-08-12 19:08:48,200 | INFO     |   → 511/1545: ✅ 0 взято | 🗑️ 21 мусор
2026-08-12 19:08:48,200 | INFO     |   → 512/1545: ✅ 0 взято | 🗑️ 21 мусор
2026-08-12 19:08:48,200 | INFO     |   → 513/1545: ✅ 0 взято | 🗑️ 21 мусор
2026-08-12 19:08:48,200 | INFO     |   → 514/1545: ✅ 0 взято | 🗑️ 21 мусор
2026-08-12 19:08:48,200 | INFO     |   → 515/1545: ✅ 5 взято | 🗑️ 15 мусор
2026-08-12 19:08:48,200 | INFO     |   → 516/1545: ✅ 0 взято | 🗑️ 15 мусор
2026-08-12 19:08:48,200 | INFO     |   → 517/1545: ✅ 0 взято | 🗑️ 15 мусор
2026-08-12 19:08:48,200 | INFO     |   → 518/1545: ✅ 0 взято | 🗑️ 15 мусор
2026-08-12 19:08:48,200 | INFO     |   → 519/1545: ✅ 0 взято | 🗑️ 15 мусор
2026-08-12 19:08:48,200 | INFO     |   → 520/1545: ✅ 0 взято | 🗑️ 15 мусор
2026-08-12 19:08:48,201 | INFO     |   → 521/1545: ✅ 0 взято | 🗑️ 15 мусор
2026-08-12 19:08:48,201 | INFO     |   → 522/1545: ✅ 0 взято | 🗑️ 15 мусор
2026-08-12 19:08:48,201 | INFO     |   → 523/1545: ✅ 0 взято | 🗑️ 15 мусор
2026-08-12 19:08:48,201 | INFO     |   → 524/1545: ✅ 0 взято | 🗑️ 14 мусор
2026-08-12 19:08:48,201 | INFO     |   → 525/1545: ✅ 0 взято | 🗑️ 14 мусор
2026-08-12 19:08:48,201 | INFO     |   → 526/1545: ✅ 0 взято | 🗑️ 14 мусор
2026-08-12 19:08:48,201 | INFO     |   → 527/1545: ✅ 0 взято | 🗑️ 14 мусор
2026-08-12 19:08:48,201 | INFO     |   → 528/1545: ✅ 6 взято | 🗑️ 17 мусор
2026-08-12 19:08:48,201 | INFO     |   → 529/1545: ✅ 0 взято | 🗑️ 17 мусор
2026-08-12 19:08:48,201 | INFO     |   → 530/1545: ✅ 0 взято | 🗑️ 17 мусор
2026-08-12 19:08:48,201 | INFO     |   → 531/1545: ✅ 0 взято | 🗑️ 17 мусор
2026-08-12 19:08:48,201 | INFO     |   → 532/1545: ✅ 0 взято | 🗑️ 17 мусор
2026-08-12 19:08:48,201 | INFO     |   → 533/1545: ✅ 0 взято | 🗑️ 17 мусор
2026-08-12 19:08:48,201 | INFO     |   → 534/1545: ✅ 6 взято | 🗑️ 24 мусор
2026-08-12 19:08:48,201 | INFO     |   → 535/1545: ✅ 0 взято | 🗑️ 24 мусор
2026-08-12 19:08:48,201 | INFO     |   → 536/1545: ✅ 0 взято | 🗑️ 24 мусор
2026-08-12 19:08:48,201 | INFO     |   → 537/1545: ✅ 0 взято | 🗑️ 24 мусор
2026-08-12 19:08:48,201 | INFO     |   → 538/1545: ✅ 0 взято | 🗑️ 24 мусор
2026-08-12 19:08:48,201 | INFO     |   → 539/1545: ✅ 0 взято | 🗑️ 24 мусор
2026-08-12 19:08:48,201 | INFO     |   → 540/1545: ✅ 0 взято | 🗑️ 24 мусор
2026-08-12 19:08:48,201 | INFO     |   → 541/1545: ✅ 0 взято | 🗑️ 24 мусор
2026-08-12 19:08:48,201 | INFO     |   → 542/1545: ✅ 0 взято | 🗑️ 24 мусор
2026-08-12 19:08:48,201 | INFO     |   → 543/1545: ✅ 0 взято | 🗑️ 24 мусор
2026-08-12 19:08:48,201 | INFO     |   → 544/1545: ✅ 0 взято | 🗑️ 24 мусор
2026-08-12 19:08:48,201 | INFO     |   → 545/1545: ✅ 13 взято | 🗑️ 7 мусор
2026-08-12 19:08:48,201 | INFO     |   → 546/1545: ✅ 0 взято | 🗑️ 7 мусор
2026-08-12 19:08:48,201 | INFO     |   → 547/1545: ✅ 0 взято | 🗑️ 7 мусор
2026-08-12 19:08:48,201 | INFO     |   → 548/1545: ✅ 0 взято | 🗑️ 7 мусор
2026-08-12 19:08:48,201 | INFO     |   → 549/1545: ✅ 0 взято | 🗑️ 7 мусор
2026-08-12 19:08:48,202 | INFO     |   → 550/1545: ✅ 0 взято | 🗑️ 7 мусор
2026-08-12 19:08:48,202 | INFO     |   → 551/1545: ✅ 0 взято | 🗑️ 7 мусор
2026-08-12 19:08:48,202 | INFO     |   → 552/1545: ✅ 0 взято | 🗑️ 7 мусор
2026-08-12 19:08:48,202 | INFO     |   → 553/1545: ✅ 0 взято | 🗑️ 7 мусор
2026-08-12 19:08:48,202 | INFO     |   → 554/1545: ✅ 0 взято | 🗑️ 7 мусор
2026-08-12 19:08:48,202 | INFO     |   → 555/1545: ✅ 5 взято | 🗑️ 9 мусор
2026-08-12 19:08:48,202 | INFO     |   → 556/1545: ✅ 0 взято | 🗑️ 9 мусор
2026-08-12 19:08:48,202 | INFO     |   → 557/1545: ✅ 0 взято | 🗑️ 9 мусор
2026-08-12 19:08:48,202 | INFO     |   → 558/1545: ✅ 0 взято | 🗑️ 9 мусор
2026-08-12 19:08:48,202 | INFO     |   → 559/1545: ✅ 0 взято | 🗑️ 9 мусор
2026-08-12 19:08:48,202 | INFO     |   → 560/1545: ✅ 0 взято | 🗑️ 9 мусор
2026-08-12 19:08:48,202 | INFO     |   → 561/1545: ✅ 0 взято | 🗑️ 9 мусор
2026-08-12 19:08:48,202 | INFO     |   → 562/1545: ✅ 0 взято | 🗑️ 9 мусор
2026-08-12 19:08:48,202 | INFO     |   → 563/1545: ✅ 0 взято | 🗑️ 9 мусор
2026-08-12 19:08:48,202 | INFO     |   → 564/1545: ✅ 0 взято | 🗑️ 9 мусор
2026-08-12 19:08:48,202 | INFO     |   → 565/1545: ✅ 13 взято | 🗑️ 10 мусор
2026-08-12 19:08:48,202 | INFO     |   → 566/1545: ✅ 0 взято | 🗑️ 10 мусор
2026-08-12 19:08:48,202 | INFO     |   → 567/1545: ✅ 0 взято | 🗑️ 10 мусор
2026-08-12 19:08:48,202 | INFO     |   → 568/1545: ✅ 0 взято | 🗑️ 10 мусор
2026-08-12 19:08:48,202 | INFO     |   → 569/1545: ✅ 0 взято | 🗑️ 10 мусор
2026-08-12 19:08:48,202 | INFO     |   → 570/1545: ✅ 0 взято | 🗑️ 10 мусор
2026-08-12 19:08:48,202 | INFO     |   → 571/1545: ✅ 0 взято | 🗑️ 10 мусор
2026-08-12 19:08:48,202 | INFO     |   → 572/1545: ✅ 0 взято | 🗑️ 10 мусор
2026-08-12 19:08:48,202 | INFO     |   → 573/1545: ✅ 0 взято | 🗑️ 10 мусор
2026-08-12 19:08:48,202 | INFO     |   → 574/1545: ✅ 0 взято | 🗑️ 10 мусор
2026-08-12 19:08:48,202 | INFO     |   → 575/1545: ✅ 0 взято | 🗑️ 7 мусор
2026-08-12 19:08:48,202 | INFO     |   → 576/1545: ✅ 0 взято | 🗑️ 7 мусор
2026-08-12 19:08:48,202 | INFO     |   → 577/1545 ⚠️ Ошибка: HTTPSConnectionPool(host='nodefree.githubrowcontent.com', port=443): Max retries exceeded with url: /2024/07/20240705.yaml (Caused by NameResolutionError("HTTPSConnection(host='nodefree.githubrowcontent.com', port=443): Failed to resolve 'nodefree.githubrowcontent.com' ([Errno -2] Name or service not known)")) — https://nodefree.org/dy/2023/08/20230806.yaml
2026-08-12 19:08:48,202 | INFO     |   → 578/1545 ⚠️ Ошибка: HTTPSConnectionPool(host='nodefree.githubrowcontent.com', port=443): Max retries exceeded with url: /2024/07/20240705.txt (Caused by NameResolutionError("HTTPSConnection(host='nodefree.githubrowcontent.com', port=443): Failed to resolve 'nodefree.githubrowcontent.com' ([Errno -2] Name or service not known)")) — https://nodefree.org/dy/2023/12/20231221.txt
2026-08-12 19:08:48,202 | INFO     |   → 579/1545: ✅ 0 взято | 🗑️ 17 мусор
2026-08-12 19:08:48,203 | INFO     |   → 580/1545: ✅ 0 взято | 🗑️ 17 мусор
2026-08-12 19:08:48,203 | INFO     |   → 581/1545: ✅ 0 взято | 🗑️ 14 мусор
2026-08-12 19:08:48,203 | INFO     |   → 582/1545: ✅ 0 взято | 🗑️ 14 мусор
2026-08-12 19:08:48,203 | INFO     |   → 583/1545: ✅ 0 взято | 🗑️ 14 мусор
2026-08-12 19:08:48,203 | INFO     |   → 584/1545: ✅ 0 взято | 🗑️ 14 мусор
2026-08-12 19:08:48,203 | INFO     |   → 585/1545: ✅ 0 взято | 🗑️ 14 мусор
2026-08-12 19:08:48,203 | INFO     |   → 586/1545: ✅ 0 взято | 🗑️ 14 мусор
2026-08-12 19:08:48,203 | INFO     |   → 587/1545: ✅ 0 взято | 🗑️ 14 мусор
2026-08-12 19:08:48,203 | INFO     |   → 588/1545: ✅ 0 взято | 🗑️ 14 мусор
2026-08-12 19:08:48,203 | INFO     |   → 589/1545: ✅ 0 взято | 🗑️ 14 мусор
2026-08-12 19:08:48,203 | INFO     |   → 590/1545: ✅ 0 взято | 🗑️ 21 мусор
2026-08-12 19:08:48,203 | INFO     |   → 591/1545: ✅ 0 взято | 🗑️ 21 мусор
2026-08-12 19:08:48,203 | INFO     |   → 592/1545: ✅ 0 взято | 🗑️ 21 мусор
2026-08-12 19:08:48,203 | INFO     |   → 593/1545: ✅ 0 взято | 🗑️ 21 мусор
2026-08-12 19:08:48,203 | INFO     |   → 594/1545: ✅ 0 взято | 🗑️ 21 мусор
2026-08-12 19:08:48,203 | INFO     |   → 595/1545: ✅ 0 взято | 🗑️ 21 мусор
2026-08-12 19:08:48,203 | INFO     |   → 596/1545: ✅ 0 взято | 🗑️ 21 мусор
2026-08-12 19:08:48,203 | INFO     |   → 597/1545: ✅ 0 взято | 🗑️ 21 мусор
2026-08-12 19:08:48,203 | INFO     |   → 598/1545: ✅ 0 взято | 🗑️ 21 мусор
2026-08-12 19:08:48,203 | INFO     |   → 599/1545: ✅ 0 взято | 🗑️ 21 мусор
2026-08-12 19:08:48,203 | INFO     |   → 600/1545: ✅ 0 взято | 🗑️ 21 мусор
2026-08-12 19:08:48,203 | INFO     |   → 601/1545: ✅ 0 взято | 🗑️ 15 мусор
2026-08-12 19:08:48,203 | INFO     |   → 602/1545: ✅ 0 взято | 🗑️ 15 мусор
2026-08-12 19:08:48,203 | INFO     |   → 603/1545: ✅ 0 взято | 🗑️ 15 мусор
2026-08-12 19:08:48,203 | INFO     |   → 604/1545: ✅ 0 взято | 🗑️ 15 мусор
2026-08-12 19:08:48,203 | INFO     |   → 605/1545: ✅ 0 взято | 🗑️ 15 мусор
2026-08-12 19:08:48,203 | INFO     |   → 606/1545: ✅ 0 взято | 🗑️ 15 мусор
2026-08-12 19:08:48,203 | INFO     |   → 607/1545: ✅ 0 взято | 🗑️ 15 мусор
2026-08-12 19:08:48,204 | INFO     |   → 608/1545: ✅ 0 взято | 🗑️ 15 мусор
2026-08-12 19:08:48,204 | INFO     |   → 609/1545: ✅ 0 взято | 🗑️ 15 мусор
2026-08-12 19:08:48,204 | INFO     |   → 610/1545: ✅ 0 взято | 🗑️ 15 мусор
2026-08-12 19:08:48,204 | INFO     |   → 611/1545: ✅ 0 взято | 🗑️ 14 мусор
2026-08-12 19:08:48,204 | INFO     |   → 612/1545: ✅ 0 взято | 🗑️ 14 мусор
2026-08-12 19:08:48,204 | INFO     |   → 613/1545: ✅ 0 взято | 🗑️ 14 мусор
2026-08-12 19:08:48,204 | INFO     |   → 614/1545: ✅ 0 взято | 🗑️ 14 мусор
2026-08-12 19:08:48,204 | INFO     |   → 615/1545: ✅ 0 взято | 🗑️ 17 мусор
2026-08-12 19:08:48,204 | INFO     |   → 616/1545: ✅ 0 взято | 🗑️ 17 мусор
2026-08-12 19:08:48,204 | INFO     |   → 617/1545: ✅ 0 взято | 🗑️ 17 мусор
2026-08-12 19:08:48,204 | INFO     |   → 618/1545: ✅ 0 взято | 🗑️ 17 мусор
2026-08-12 19:08:48,204 | INFO     |   → 619/1545: ✅ 0 взято | 🗑️ 17 мусор
2026-08-12 19:08:48,204 | INFO     |   → 620/1545: ✅ 0 взято | 🗑️ 24 мусор
2026-08-12 19:08:48,204 | INFO     |   → 621/1545: ✅ 0 взято | 🗑️ 24 мусор
2026-08-12 19:08:48,204 | INFO     |   → 622/1545: ✅ 0 взято | 🗑️ 24 мусор
2026-08-12 19:08:48,204 | INFO     |   → 623/1545: ✅ 0 взято | 🗑️ 24 мусор
2026-08-12 19:08:48,204 | INFO     |   → 624/1545: ✅ 0 взято | 🗑️ 24 мусор
2026-08-12 19:08:48,204 | INFO     |   → 625/1545: ✅ 0 взято | 🗑️ 24 мусор
2026-08-12 19:08:48,204 | INFO     |   → 626/1545: ✅ 0 взято | 🗑️ 24 мусор
2026-08-12 19:08:48,204 | INFO     |   → 627/1545: ✅ 0 взято | 🗑️ 24 мусор
2026-08-12 19:08:48,204 | INFO     |   → 628/1545: ✅ 0 взято | 🗑️ 24 мусор
2026-08-12 19:08:48,204 | INFO     |   → 629/1545: ✅ 0 взято | 🗑️ 24 мусор
2026-08-12 19:08:48,204 | INFO     |   → 630/1545: ✅ 0 взято | 🗑️ 24 мусор
2026-08-12 19:08:48,204 | INFO     |   → 631/1545: ✅ 0 взято | 🗑️ 7 мусор
2026-08-12 19:08:48,204 | INFO     |   → 632/1545: ✅ 0 взято | 🗑️ 7 мусор
2026-08-12 19:08:48,204 | INFO     |   → 633/1545: ✅ 0 взято | 🗑️ 7 мусор
2026-08-12 19:08:48,204 | INFO     |   → 634/1545: ✅ 0 взято | 🗑️ 7 мусор
2026-08-12 19:08:48,204 | INFO     |   → 635/1545: ✅ 0 взято | 🗑️ 7 мусор
2026-08-12 19:08:48,205 | INFO     |   → 636/1545: ✅ 0 взято | 🗑️ 7 мусор
2026-08-12 19:08:48,205 | INFO     |   → 637/1545: ✅ 0 взято | 🗑️ 7 мусор
2026-08-12 19:08:48,205 | INFO     |   → 638/1545: ✅ 0 взято | 🗑️ 7 мусор
2026-08-12 19:08:48,205 | INFO     |   → 639/1545: ✅ 0 взято | 🗑️ 7 мусор
2026-08-12 19:08:48,205 | INFO     |   → 640/1545: ✅ 0 взято | 🗑️ 7 мусор
2026-08-12 19:08:48,205 | INFO     |   → 641/1545: ✅ 0 взято | 🗑️ 9 мусор
2026-08-12 19:08:48,205 | INFO     |   → 642/1545: ✅ 0 взято | 🗑️ 9 мусор
2026-08-12 19:08:48,205 | INFO     |   → 643/1545: ✅ 0 взято | 🗑️ 9 мусор
2026-08-12 19:08:48,205 | INFO     |   → 644/1545: ✅ 0 взято | 🗑️ 9 мусор
2026-08-12 19:08:48,205 | INFO     |   → 645/1545: ✅ 0 взято | 🗑️ 9 мусор
2026-08-12 19:08:48,205 | INFO     |   → 646/1545: ✅ 0 взято | 🗑️ 9 мусор
2026-08-12 19:08:48,205 | INFO     |   → 647/1545: ✅ 0 взято | 🗑️ 9 мусор
2026-08-12 19:08:48,205 | INFO     |   → 648/1545: ✅ 0 взято | 🗑️ 9 мусор
2026-08-12 19:08:48,205 | INFO     |   → 649/1545: ✅ 0 взято | 🗑️ 9 мусор
2026-08-12 19:08:48,205 | INFO     |   → 650/1545: ✅ 0 взято | 🗑️ 9 мусор
2026-08-12 19:08:48,205 | INFO     |   → 651/1545: ✅ 0 взято | 🗑️ 10 мусор
2026-08-12 19:08:48,205 | INFO     |   → 652/1545: ✅ 0 взято | 🗑️ 10 мусор
2026-08-12 19:08:48,205 | INFO     |   → 653/1545: ✅ 0 взято | 🗑️ 10 мусор
2026-08-12 19:08:48,205 | INFO     |   → 654/1545: ✅ 0 взято | 🗑️ 10 мусор
2026-08-12 19:08:48,205 | INFO     |   → 655/1545: ✅ 0 взято | 🗑️ 10 мусор
2026-08-12 19:08:48,205 | INFO     |   → 656/1545: ✅ 0 взято | 🗑️ 10 мусор
2026-08-12 19:08:48,205 | INFO     |   → 657/1545: ✅ 0 взято | 🗑️ 10 мусор
2026-08-12 19:08:48,205 | INFO     |   → 658/1545: ✅ 0 взято | 🗑️ 10 мусор
2026-08-12 19:08:48,205 | INFO     |   → 659/1545: ✅ 0 взято | 🗑️ 10 мусор
2026-08-12 19:08:48,205 | INFO     |   → 660/1545: ✅ 0 взято | 🗑️ 10 мусор
2026-08-12 19:08:48,205 | INFO     |   → 661/1545: ✅ 0 взято | 🗑️ 7 мусор
2026-08-12 19:08:48,205 | INFO     |   → 662/1545 ❌ HTTP 404 — https://raw.githubusercontent.com/0i0/deepme-crawler/main/crawled.repos/1.txt
2026-08-12 19:08:48,205 | INFO     |   → 663/1545 ❌ HTTP 404 — https://raw.githubusercontent.com/0i0/deepme-crawler/main/crawled.repos/Z.txt
2026-08-12 19:08:48,205 | INFO     |   → 664/1545 ❌ HTTP 404 — https://raw.githubusercontent.com/0i0/deepme-crawler/main/crawled.repos/i.txt
2026-08-12 19:08:48,206 | INFO     |   → 665/1545 ❌ HTTP 404 — https://raw.githubusercontent.com/0i0/deepme-crawler/main/crawled.repos/q.txt
2026-08-12 19:08:48,206 | INFO     |   → 666/1545: ✅ 0 взято | 🗑️ 0 мусор
2026-08-12 19:08:48,206 | INFO     |   → 667/1545: ✅ 0 взято | 🗑️ 0 мусор
2026-08-12 19:08:48,206 | INFO     |   → 668/1545: ✅ 0 взято | 🗑️ 0 мусор
2026-08-12 19:08:48,206 | INFO     |   → 669/1545: ✅ 0 взято | 🗑️ 0 мусор
2026-08-12 19:08:48,206 | INFO     |   → 670/1545: ✅ 0 взято | 🗑️ 0 мусор
2026-08-12 19:08:48,206 | INFO     |   → 671/1545: ✅ 0 взято | 🗑️ 0 мусор
2026-08-12 19:08:48,206 | INFO     |   → 672/1545: ✅ 0 взято | 🗑️ 0 мусор
2026-08-12 19:08:48,206 | INFO     |   → 673/1545: ✅ 0 взято | 🗑️ 0 мусор
2026-08-12 19:08:48,206 | INFO     |   → 674/1545: ✅ 0 взято | 🗑️ 0 мусор
2026-08-12 19:08:48,206 | INFO     |   → 675/1545: ✅ 0 взято | 🗑️ 0 мусор
2026-08-12 19:08:48,206 | INFO     |   → 676/1545: ✅ 0 взято | 🗑️ 0 мусор
2026-08-12 19:08:48,206 | INFO     |   → 677/1545: ✅ 0 взято | 🗑️ 0 мусор
2026-08-12 19:08:48,206 | INFO     |   → 678/1545: ✅ 0 взято | 🗑️ 0 мусор
2026-08-12 19:08:48,206 | INFO     |   → 679/1545 ❌ HTTP 404 — https://raw.githubusercontent.com/10ium/MihomoSaz/main/Sublist/shatakvpn.yaml4_Sub.txt
2026-08-12 19:08:48,206 | INFO     |   → 680/1545: ✅ 0 взято | 🗑️ 0 мусор
2026-08-12 19:08:48,206 | INFO     |   → 681/1545: ✅ 0 взято | 🗑️ 0 мусор
2026-08-12 19:08:48,206 | INFO     |   → 682/1545: ✅ 0 взято | 🗑️ 0 мусор
2026-08-12 19:08:48,206 | INFO     |   → 683/1545: ✅ 167 взято | 🗑️ 672 мусор
2026-08-12 19:08:48,206 | INFO     |   → 684/1545: ✅ 0 взято | 🗑️ 0 мусор
2026-08-12 19:08:48,206 | INFO     |   → 685/1545: ✅ 0 взято | 🗑️ 0 мусор
2026-08-12 19:08:48,206 | INFO     |   → 686/1545 ❌ HTTP 404 — https://raw.githubusercontent.com/1979139113/0day-today-exploits/main/28798.txt
2026-08-12 19:08:48,206 | INFO     |   → 687/1545: ✅ 11 взято | 🗑️ 399 мусор
2026-08-12 19:08:48,206 | INFO     |   → 688/1545 ❌ HTTP 404 — https://raw.githubusercontent.com/372groupproject/milestones-team9-jiachengyang-wenkaizheng/main/video.txt
2026-08-12 19:08:48,206 | INFO     |   → 689/1545: ✅ 416 взято | 🗑️ 70 мусор
2026-08-12 19:08:48,206 | INFO     |   → 690/1545: ✅ 86 взято | 🗑️ 0 мусор
2026-08-12 19:08:48,206 | INFO     |   → 691/1545: ✅ 0 взято | 🗑️ 0 мусор
2026-08-12 19:08:48,206 | INFO     |   → 692/1545 ❌ HTTP 404 — https://raw.githubusercontent.com/9Fork/openit/main/Clash.yaml
2026-08-12 19:08:48,207 | INFO     |   → 693/1545: ✅ 90 взято | 🗑️ 1427 мусор
2026-08-12 19:08:48,207 | INFO     |   → 694/1545: ✅ 0 взято | 🗑️ 1427 мусор
2026-08-12 19:08:48,207 | INFO     |   → 695/1545: ✅ 0 взято | 🗑️ 1427 мусор
2026-08-12 19:08:48,207 | INFO     |   → 696/1545 ❌ HTTP 404 — https://raw.githubusercontent.com/ASC8384/myRime/main/custom_phrase.txt
2026-08-12 19:08:48,207 | INFO     |   → 697/1545: ✅ 0 взято | 🗑️ 0 мусор
2026-08-12 19:08:48,207 | INFO     |   → 698/1545: ✅ 19 взято | 🗑️ 81 мусор
2026-08-12 19:08:48,207 | INFO     |   → 699/1545: ✅ 11 взято | 🗑️ 87 мусор
2026-08-12 19:08:48,207 | INFO     |   → 700/1545: ✅ 27 взято | 🗑️ 73 мусор
2026-08-12 19:08:48,207 | INFO     |   → 701/1545: ✅ 13 взято | 🗑️ 75 мусор
2026-08-12 19:08:48,207 | INFO     |   → 702/1545: ✅ 10 взято | 🗑️ 83 мусор
2026-08-12 19:08:48,207 | INFO     |   → 703/1545: ✅ 12 взято | 🗑️ 86 мусор
2026-08-12 19:08:48,207 | INFO     |   → 704/1545: ✅ 11 взято | 🗑️ 87 мусор
2026-08-12 19:08:48,207 | INFO     |   → 705/1545: ✅ 11 взято | 🗑️ 80 мусор
2026-08-12 19:08:48,207 | INFO     |   → 706/1545: ✅ 9 взято | 🗑️ 82 мусор
2026-08-12 19:08:48,207 | INFO     |   → 707/1545: ✅ 69 взято | 🗑️ 3 мусор
2026-08-12 19:08:48,207 | INFO     |   → 708/1545: ✅ 3 взято | 🗑️ 75 мусор
2026-08-12 19:08:48,207 | INFO     |   → 709/1545: ✅ 4 взято | 🗑️ 69 мусор
2026-08-12 19:08:48,207 | INFO     |   → 710/1545: ✅ 4 взято | 🗑️ 80 мусор
2026-08-12 19:08:48,207 | INFO     |   → 711/1545: ✅ 6 взято | 🗑️ 81 мусор
2026-08-12 19:08:48,207 | INFO     |   → 712/1545: ✅ 5 взято | 🗑️ 79 мусор
2026-08-12 19:08:48,207 | INFO     |   → 713/1545: ✅ 11 взято | 🗑️ 78 мусор
2026-08-12 19:08:48,207 | INFO     |   → 714/1545: ✅ 3 взято | 🗑️ 83 мусор
2026-08-12 19:08:48,207 | INFO     |   → 715/1545: ✅ 14 взято | 🗑️ 76 мусор
2026-08-12 19:08:48,207 | INFO     |   → 716/1545: ✅ 12 взято | 🗑️ 78 мусор
2026-08-12 19:08:48,207 | INFO     |   → 717/1545: ✅ 26 взято | 🗑️ 218 мусор
2026-08-12 19:08:48,207 | INFO     |   → 718/1545: ✅ 44 взято | 🗑️ 141 мусор
2026-08-12 19:08:48,207 | INFO     |   → 719/1545: ✅ 10 взято | 🗑️ 71 мусор
2026-08-12 19:08:48,207 | INFO     |   → 720/1545: ✅ 2 взято | 🗑️ 88 мусор
2026-08-12 19:08:48,207 | INFO     |   → 721/1545: ✅ 0 взято | 🗑️ 3 мусор
2026-08-12 19:08:48,208 | INFO     |   → 722/1545: ✅ 14 взято | 🗑️ 4 мусор
2026-08-12 19:08:48,208 | INFO     |   → 723/1545: ✅ 766 взято | 🗑️ 2251 мусор
2026-08-12 19:08:48,208 | INFO     |   → 724/1545 ❌ HTTP 404 — https://raw.githubusercontent.com/Alvin9999/pac2/master/clash/1/config.yaml
2026-08-12 19:08:48,208 | INFO     |   → 725/1545 ❌ HTTP 404 — https://raw.githubusercontent.com/AmirHDevo/temp2/7f15e7ddb311a6f8c5ab338bd1af0e1f2136a84b/configs.txt
2026-08-12 19:08:48,208 | INFO     |   → 726/1545: ✅ 81 взято | 🗑️ 513 мусор
2026-08-12 19:08:48,208 | INFO     |   → 727/1545: ✅ 2836 взято | 🗑️ 26614 мусор
2026-08-12 19:08:48,208 | INFO     |   → 728/1545: ✅ 5 взято | 🗑️ 47 мусор
2026-08-12 19:08:48,208 | INFO     |   → 729/1545: ✅ 1 взято | 🗑️ 49 мусор
2026-08-12 19:08:48,208 | INFO     |   → 730/1545: ✅ 21 взято | 🗑️ 107 мусор
2026-08-12 19:08:48,208 | INFO     |   → 731/1545: ✅ 78 взято | 🗑️ 347 мусор
2026-08-12 19:08:48,208 | INFO     |   → 732/1545: ✅ 0 взято | 🗑️ 1373 мусор
2026-08-12 19:08:48,208 | INFO     |   → 733/1545: ✅ 391 взято | 🗑️ 1212 мусор
2026-08-12 19:08:48,208 | INFO     |   → 734/1545: ✅ 0 взято | 🗑️ 6 мусор
2026-08-12 19:08:48,208 | INFO     |   → 735/1545: ✅ 0 взято | 🗑️ 0 мусор
2026-08-12 19:08:48,208 | INFO     |   → 736/1545: ✅ 0 взято | 🗑️ 0 мусор
2026-08-12 19:08:48,208 | INFO     |   → 737/1545: ✅ 1 взято | 🗑️ 235 мусор
2026-08-12 19:08:48,208 | INFO     |   → 738/1545: ✅ 0 взято | 🗑️ 16 мусор
2026-08-12 19:08:48,208 | INFO     |   → 739/1545: ✅ 0 взято | 🗑️ 0 мусор
2026-08-12 19:08:48,208 | INFO     |   → 740/1545: ✅ 0 взято | 🗑️ 14 мусор
2026-08-12 19:08:48,208 | INFO     |   → 741/1545: ✅ 0 взято | 🗑️ 0 мусор
2026-08-12 19:08:48,208 | INFO     |   → 742/1545: ✅ 0 взято | 🗑️ 17 мусор
2026-08-12 19:08:48,208 | INFO     |   → 743/1545: ✅ 0 взято | 🗑️ 0 мусор
2026-08-12 19:08:48,208 | INFO     |   → 744/1545: ✅ 1 взято | 🗑️ 12 мусор
2026-08-12 19:08:48,208 | INFO     |   → 745/1545: ✅ 0 взято | 🗑️ 0 мусор
2026-08-12 19:08:48,208 | INFO     |   → 746/1545: ✅ 0 взято | 🗑️ 17 мусор
2026-08-12 19:08:48,208 | INFO     |   → 747/1545: ✅ 0 взято | 🗑️ 0 мусор
2026-08-12 19:08:48,208 | INFO     |   → 748/1545: ✅ 0 взято | 🗑️ 17 мусор
2026-08-12 19:08:48,208 | INFO     |   → 749/1545: ✅ 0 взято | 🗑️ 0 мусор
2026-08-12 19:08:48,208 | INFO     |   → 750/1545: ✅ 0 взято | 🗑️ 161 мусор
2026-08-12 19:08:48,209 | INFO     |   → 751/1545: ✅ 0 взято | 🗑️ 0 мусор
2026-08-12 19:08:48,209 | INFO     |   → 752/1545: ✅ 5 взято | 🗑️ 76 мусор
2026-08-12 19:08:48,209 | INFO     |   → 753/1545: ✅ 80 взято | 🗑️ 1110 мусор
2026-08-12 19:08:48,209 | INFO     |   → 754/1545: ✅ 5 взято | 🗑️ 13 мусор
2026-08-12 19:08:48,209 | INFO     |   → 755/1545 ❌ HTTP 404 — https://raw.githubusercontent.com/Epodonios/bulk-xray-v2ray-vless-vmess-...-configs/main/sub/Austria/config.txt
2026-08-12 19:08:48,209 | INFO     |   → 756/1545 ❌ HTTP 404 — https://raw.githubusercontent.com/Epodonios/bulk-xray-v2ray-vless-vmess-...-configs/main/sub/Canada/config.txt
2026-08-12 19:08:48,209 | INFO     |   → 757/1545 ❌ HTTP 404 — https://raw.githubusercontent.com/Epodonios/bulk-xray-v2ray-vless-vmess-...-configs/main/sub/Costa%20Rica/config.txt
2026-08-12 19:08:48,209 | INFO     |   → 758/1545 ❌ HTTP 404 — https://raw.githubusercontent.com/Epodonios/bulk-xray-v2ray-vless-vmess-...-configs/main/sub/France/config.txt
2026-08-12 19:08:48,209 | INFO     |   → 759/1545 ❌ HTTP 404 — https://raw.githubusercontent.com/Epodonios/bulk-xray-v2ray-vless-vmess-...-configs/main/sub/Germany/config.txt
2026-08-12 19:08:48,209 | INFO     |   → 760/1545 ❌ HTTP 404 — https://raw.githubusercontent.com/Epodonios/bulk-xray-v2ray-vless-vmess-...-configs/main/sub/Indonesia/config.txt
2026-08-12 19:08:48,209 | INFO     |   → 761/1545 ❌ HTTP 404 — https://raw.githubusercontent.com/Epodonios/bulk-xray-v2ray-vless-vmess-...-configs/main/sub/Ireland/config.txt
2026-08-12 19:08:48,209 | INFO     |   → 762/1545 ❌ HTTP 404 — https://raw.githubusercontent.com/Epodonios/bulk-xray-v2ray-vless-vmess-...-configs/main/sub/Republic%20of%20Lithuania/config.txt
2026-08-12 19:08:48,209 | INFO     |   → 763/1545 ❌ HTTP 404 — https://raw.githubusercontent.com/Epodonios/bulk-xray-v2ray-vless-vmess-...-configs/main/sub/South%20Africa/config.txt
2026-08-12 19:08:48,209 | INFO     |   → 764/1545 ❌ HTTP 404 — https://raw.githubusercontent.com/Epodonios/bulk-xray-v2ray-vless-vmess-...-configs/main/sub/Sweden/config.txt
2026-08-12 19:08:48,209 | INFO     |   → 765/1545 ❌ HTTP 404 — https://raw.githubusercontent.com/Epodonios/bulk-xray-v2ray-vless-vmess-...-configs/main/sub/Turkey/config.txt
2026-08-12 19:08:48,209 | INFO     |   → 766/1545 ❌ HTTP 404 — https://raw.githubusercontent.com/Epodonios/bulk-xray-v2ray-vless-vmess-...-configs/main/sub/United%20Arab%20Emirates/config.txt
2026-08-12 19:08:48,209 | INFO     |   → 767/1545 ❌ HTTP 404 — https://raw.githubusercontent.com/Epodonios/bulk-xray-v2ray-vless-vmess-...-configs/main/sub/United%20Kingdom/config.txt
2026-08-12 19:08:48,209 | INFO     |   → 768/1545 ❌ HTTP 404 — https://raw.githubusercontent.com/Epodonios/bulk-xray-v2ray-vless-vmess-...-configs/main/sub/United%20States/config.txt
2026-08-12 19:08:48,209 | INFO     |   → 769/1545: ✅ 41 взято | 🗑️ 6310 мусор
2026-08-12 19:08:48,209 | INFO     |   → 770/1545 ❌ HTTP 404 — https://raw.githubusercontent.com/Epodonios/v2ray-configs/main/Splitted-By-Protocol/mix.txt
2026-08-12 19:08:48,209 | INFO     |   → 771/1545: ✅ 0 взято | 🗑️ 625 мусор
2026-08-12 19:08:48,209 | INFO     |   → 772/1545: ✅ 0 взято | 🗑️ 0 мусор
2026-08-12 19:08:48,209 | INFO     |   → 773/1545: ✅ 0 взято | 🗑️ 468 мусор
2026-08-12 19:08:48,209 | INFO     |   → 774/1545: ✅ 0 взято | 🗑️ 4856 мусор
2026-08-12 19:08:48,209 | INFO     |   → 775/1545: ✅ 0 взято | 🗑️ 220 мусор
2026-08-12 19:08:48,209 | INFO     |   → 776/1545 ❌ HTTP 404 — https://raw.githubusercontent.com/Epodonios/v2ray-configs/main/Sub45.txt
2026-08-12 19:08:48,209 | INFO     |   → 777/1545 ❌ HTTP 404 — https://raw.githubusercontent.com/Epodonios/v2ray-configs/raw/main/Splitted-By-Protocol/trojan.txt
2026-08-12 19:08:48,209 | INFO     |   → 778/1545 ❌ HTTP 404 — https://raw.githubusercontent.com/Epodonios/v2ray-configs/raw/main/Splitted-By-Protocol/vmess.txt
2026-08-12 19:08:48,210 | INFO     |   → 779/1545: ✅ 0 взято | 🗑️ 625 мусор
2026-08-12 19:08:48,210 | INFO     |   → 780/1545: ✅ 0 взято | 🗑️ 0 мусор
2026-08-12 19:08:48,210 | INFO     |   → 781/1545: ✅ 0 взято | 🗑️ 468 мусор
2026-08-12 19:08:48,210 | INFO     |   → 782/1545: ✅ 0 взято | 🗑️ 4856 мусор
2026-08-12 19:08:48,210 | INFO     |   → 783/1545: ✅ 0 взято | 🗑️ 220 мусор
2026-08-12 19:08:48,210 | INFO     |   → 784/1545 ❌ HTTP 404 — https://raw.githubusercontent.com/Fido6/FreeNodes/57221e59caddde55ffdda21d491ae952cd608049/nodes/halekj.txt
2026-08-12 19:08:48,210 | INFO     |   → 785/1545 ❌ HTTP 404 — https://raw.githubusercontent.com/Fido6/FreeNodes/57221e59caddde55ffdda21d491ae952cd608049/nodes/kkzui.txt
2026-08-12 19:08:48,210 | INFO     |   → 786/1545 ❌ HTTP 404 — https://raw.githubusercontent.com/Fido6/FreeNodes/57221e59caddde55ffdda21d491ae952cd608049/nodes/wenode.txt
2026-08-12 19:08:48,210 | INFO     |   → 787/1545: ✅ 0 взято | 🗑️ 0 мусор
2026-08-12 19:08:48,210 | INFO     |   → 788/1545: ✅ 0 взято | 🗑️ 0 мусор
2026-08-12 19:08:48,210 | INFO     |   → 789/1545: ✅ 14 взято | 🗑️ 250 мусор
2026-08-12 19:08:48,210 | INFO     |   → 790/1545: ✅ 2 взято | 🗑️ 13 мусор
2026-08-12 19:08:48,210 | INFO     |   → 791/1545: ✅ 0 взято | 🗑️ 13 мусор
2026-08-12 19:08:48,210 | INFO     |   → 792/1545: ✅ 0 взято | 🗑️ 0 мусор
2026-08-12 19:08:48,210 | INFO     |   → 793/1545: ✅ 21 взято | 🗑️ 278 мусор
2026-08-12 19:08:48,210 | INFO     |   → 794/1545 ❌ HTTP 404 — https://raw.githubusercontent.com/Homeless-Xu/HomeLess-HomeLAB/main/◼︎1-Net/za-V2ray.txt
2026-08-12 19:08:48,210 | INFO     |   → 795/1545: ✅ 1 взято | 🗑️ 17 мусор
2026-08-12 19:08:48,210 | INFO     |   → 796/1545: ✅ 4 взято | 🗑️ 11 мусор
2026-08-12 19:08:48,210 | INFO     |   → 797/1545: ✅ 0 взято | 🗑️ 0 мусор
2026-08-12 19:08:48,210 | INFO     |   → 798/1545: ✅ 0 взято | 🗑️ 137 мусор
2026-08-12 19:08:48,210 | INFO     |   → 799/1545: ✅ 0 взято | 🗑️ 32 мусор
2026-08-12 19:08:48,210 | INFO     |   → 800/1545: ✅ 2 взято | 🗑️ 19 мусор
2026-08-12 19:08:48,210 | INFO     |   → 801/1545: ✅ 0 взято | 🗑️ 43 мусор
2026-08-12 19:08:48,210 | INFO     |   → 802/1545: ✅ 0 взято | 🗑️ 43 мусор
2026-08-12 19:08:48,210 | INFO     |   → 803/1545 ❌ HTTP 404 — https://raw.githubusercontent.com/Iran-v2ray/v2ray/main/v2ray
2026-08-12 19:08:48,210 | INFO     |   → 804/1545: ✅ 0 взято | 🗑️ 2 мусор
2026-08-12 19:08:48,210 | INFO     |   → 805/1545: ✅ 0 взято | 🗑️ 2 мусор
2026-08-12 19:08:48,210 | INFO     |   → 806/1545: ✅ 0 взято | 🗑️ 28 мусор
2026-08-12 19:08:48,210 | INFO     |   → 807/1545: ✅ 14 взято | 🗑️ 282 мусор
2026-08-12 19:08:48,211 | INFO     |   → 808/1545: ✅ 0 взято | 🗑️ 94 мусор
2026-08-12 19:08:48,211 | INFO     |   → 809/1545: ✅ 0 взято | 🗑️ 0 мусор
2026-08-12 19:08:48,211 | INFO     |   → 810/1545: ✅ 0 взято | 🗑️ 0 мусор
2026-08-12 19:08:48,211 | INFO     |   → 811/1545 ❌ HTTP 404 — https://raw.githubusercontent.com/Kahsolt/SuperCmd/main/bin/proxy.txt
2026-08-12 19:08:48,211 | INFO     |   → 812/1545 ❌ HTTP 404 — https://raw.githubusercontent.com/Kwinshadow/TelegramV2rayCollector/raw/refs/heads/main/sublinks/mix.txt
2026-08-12 19:08:48,211 | INFO     |   → 813/1545 ❌ HTTP 404 — https://raw.githubusercontent.com/LalatinaHub/Mineral/raw/refs/heads/master/result/nodes
2026-08-12 19:08:48,211 | INFO     |   → 814/1545 ❌ HTTP 404 — https://raw.githubusercontent.com/Leon406/SubCrawler/main/sub/share/all3
2026-08-12 19:08:48,211 | INFO     |   → 815/1545 ❌ HTTP 404 — https://raw.githubusercontent.com/Leon406/SubCrawler/main/sub/share/all4
2026-08-12 19:08:48,211 | INFO     |   → 816/1545: ✅ 4 взято | 🗑️ 335 мусор
2026-08-12 19:08:48,211 | INFO     |   → 817/1545: ✅ 0 взято | 🗑️ 33 мусор
2026-08-12 19:08:48,211 | INFO     |   → 818/1545: ✅ 0 взято | 🗑️ 6 мусор
2026-08-12 19:08:48,211 | INFO     |   → 819/1545 ❌ HTTP 404 — https://raw.githubusercontent.com/LiveXY/elearning/main/python.txt
2026-08-12 19:08:48,211 | INFO     |   → 820/1545: ✅ 0 взято | 🗑️ 147 мусор
2026-08-12 19:08:48,211 | INFO     |   → 821/1545 ❌ HTTP 404 — https://raw.githubusercontent.com/Loukky/gfwlist-by-loukky/main/list.txt
2026-08-12 19:08:48,211 | INFO     |   → 822/1545 ❌ HTTP 404 — https://raw.githubusercontent.com/M-Mashreghi/free-config-collector/main/Splitted-By-Protocol/ssr.txt
2026-08-12 19:08:48,211 | INFO     |   → 823/1545: ✅ 139 взято | 🗑️ 114 мусор
2026-08-12 19:08:48,211 | INFO     |   → 824/1545: ✅ 126 взято | 🗑️ 137 мусор
2026-08-12 19:08:48,211 | INFO     |   → 825/1545: ✅ 0 взято | 🗑️ 12 мусор
2026-08-12 19:08:48,211 | INFO     |   → 826/1545: ✅ 557 взято | 🗑️ 1513 мусор
2026-08-12 19:08:48,211 | INFO     |   → 827/1545: ✅ 0 взято | 🗑️ 56 мусор
2026-08-12 19:08:48,211 | INFO     |   → 828/1545: ✅ 0 взято | 🗑️ 243 мусор
2026-08-12 19:08:48,211 | INFO     |   → 829/1545: ✅ 0 взято | 🗑️ 102 мусор
2026-08-12 19:08:48,211 | INFO     |   → 830/1545: ✅ 0 взято | 🗑️ 1112 мусор
2026-08-12 19:08:48,211 | INFO     |   → 831/1545: ✅ 0 взято | 🗑️ 1 мусор
2026-08-12 19:08:48,211 | INFO     |   → 832/1545: ✅ 119 взято | 🗑️ 419 мусор
2026-08-12 19:08:48,211 | INFO     |   → 833/1545: ✅ 0 взято | 🗑️ 419 мусор
2026-08-12 19:08:48,211 | INFO     |   → 834/1545 ❌ HTTP 404 — https://raw.githubusercontent.com/MatinGhanbari/v2ray-configs/main/subscriptions/filtered/subs/hy2.txt
2026-08-12 19:08:48,211 | INFO     |   → 835/1545: ✅ 22 взято | 🗑️ 1042 мусор
2026-08-12 19:08:48,211 | INFO     |   → 836/1545 ❌ HTTP 404 — https://raw.githubusercontent.com/MatinGhanbari/v2ray-configs/main/subscriptions/filtered/subs/ssr.txt
2026-08-12 19:08:48,212 | INFO     |   → 837/1545: ✅ 53 взято | 🗑️ 363 мусор
2026-08-12 19:08:48,212 | INFO     |   → 838/1545 ❌ HTTP 404 — https://raw.githubusercontent.com/MatinGhanbari/v2ray-configs/main/subscriptions/filtered/subs/tuic.txt
2026-08-12 19:08:48,212 | INFO     |   → 839/1545: ✅ 9 взято | 🗑️ 199 мусор
2026-08-12 19:08:48,212 | INFO     |   → 840/1545: ✅ 42 взято | 🗑️ 2046 мусор
2026-08-12 19:08:48,212 | INFO     |   → 841/1545: ✅ 0 взято | 🗑️ 2 мусор
2026-08-12 19:08:48,212 | INFO     |   → 842/1545: ✅ 259 взято | 🗑️ 1246 мусор
2026-08-12 19:08:48,212 | INFO     |   → 843/1545: ✅ 0 взято | 🗑️ 624 мусор
2026-08-12 19:08:48,212 | INFO     |   → 844/1545: ✅ 0 взято | 🗑️ 624 мусор
2026-08-12 19:08:48,212 | INFO     |   → 845/1545: ✅ 0 взято | 🗑️ 56 мусор
2026-08-12 19:08:48,212 | INFO     |   → 846/1545: ✅ 0 взято | 🗑️ 2 мусор
2026-08-12 19:08:48,212 | INFO     |   → 847/1545: ✅ 0 взято | 🗑️ 491 мусор
2026-08-12 19:08:48,212 | INFO     |   → 848/1545: ✅ 0 взято | 🗑️ 81 мусор
2026-08-12 19:08:48,212 | INFO     |   → 849/1545 ❌ HTTP 404 — https://raw.githubusercontent.com/MhdiTaheri/V2rayCollector/raw/refs/heads/main/sub/mix
2026-08-12 19:08:48,212 | INFO     |   → 850/1545: ✅ 0 взято | 🗑️ 1246 мусор
2026-08-12 19:08:48,212 | INFO     |   → 851/1545: ✅ 53 взято | 🗑️ 267 мусор
2026-08-12 19:08:48,212 | INFO     |   → 852/1545 ❌ HTTP 404 — https://raw.githubusercontent.com/MhdiTaheri/V2rayCollector_Py/raw/refs/heads/main/sub/Mix/mix.txt
2026-08-12 19:08:48,212 | INFO     |   → 853/1545: ✅ 0 взято | 🗑️ 0 мусор
2026-08-12 19:08:48,212 | INFO     |   → 854/1545: ✅ 43 взято | 🗑️ 217 мусор
2026-08-12 19:08:48,212 | INFO     |   → 855/1545: ✅ 0 взято | 🗑️ 31 мусор
2026-08-12 19:08:48,212 | INFO     |   → 856/1545: ✅ 3 взято | 🗑️ 318 мусор
2026-08-12 19:08:48,212 | INFO     |   → 857/1545: ✅ 0 взято | 🗑️ 26 мусор
2026-08-12 19:08:48,212 | INFO     |   → 858/1545: ✅ 0 взято | 🗑️ 5 мусор
2026-08-12 19:08:48,212 | INFO     |   → 859/1545 ❌ HTTP 404 — https://raw.githubusercontent.com/MrMohebi/xray-proxy-grabber-telegram/master/collected-proxies/clash-meta/all.yaml
2026-08-12 19:08:48,212 | INFO     |   → 860/1545 ❌ HTTP 404 — https://raw.githubusercontent.com/MrMohebi/xray-proxy-grabber-telegram/master/collected-proxies/row-url/actives.txt
2026-08-12 19:08:48,212 | INFO     |   → 861/1545 ❌ HTTP 404 — https://raw.githubusercontent.com/MrMohebi/xray-proxy-grabber-telegram/master/collected-proxies/row-url/all.txt
2026-08-12 19:08:48,212 | INFO     |   → 862/1545: ✅ 0 взято | 🗑️ 13 мусор
2026-08-12 19:08:48,212 | INFO     |   → 863/1545: ✅ 0 взято | 🗑️ 13 мусор
2026-08-12 19:08:48,212 | INFO     |   → 864/1545: ✅ 5 взято | 🗑️ 15 мусор
2026-08-12 19:08:48,213 | INFO     |   → 865/1545: ✅ 0 взято | 🗑️ 30 мусор
2026-08-12 19:08:48,213 | INFO     |   → 866/1545: ✅ 0 взято | 🗑️ 15 мусор
2026-08-12 19:08:48,213 | INFO     |   → 867/1545: ✅ 66 взято | 🗑️ 123 мусор
2026-08-12 19:08:48,213 | INFO     |   → 868/1545: ✅ 247 взято | 🗑️ 268 мусор
2026-08-12 19:08:48,213 | INFO     |   → 869/1545: ✅ 0 взято | 🗑️ 0 мусор
2026-08-12 19:08:48,213 | INFO     |   → 870/1545 ❌ HTTP 404 — https://raw.githubusercontent.com/NoviceLive/unish/main/dat/arch.txt
2026-08-12 19:08:48,213 | INFO     |   → 871/1545 ❌ HTTP 404 — https://raw.githubusercontent.com/OpenCNLink/freevpn/3cfcff048bfdd1493ccffa52ecf30ce7f9fc6b28/src/list/vmess.txt
2026-08-12 19:08:48,213 | INFO     |   → 872/1545 ❌ HTTP 404 — https://raw.githubusercontent.com/Opnwall/Mihomo-for-OPNsense/main/mosdns/domains/gfw.txt
2026-08-12 19:08:48,213 | INFO     |   → 873/1545 ❌ HTTP 404 — https://raw.githubusercontent.com/Pawdro/Collection/main/sub
2026-08-12 19:08:48,213 | INFO     |   → 874/1545: ✅ 0 взято | 🗑️ 20 мусор
2026-08-12 19:08:48,213 | INFO     |   → 875/1545: ✅ 0 взято | 🗑️ 20 мусор
2026-08-12 19:08:48,213 | INFO     |   → 876/1545: ✅ 0 взято | 🗑️ 0 мусор
2026-08-12 19:08:48,213 | INFO     |   → 877/1545: ✅ 0 взято | 🗑️ 0 мусор
2026-08-12 19:08:48,213 | INFO     |   → 878/1545: ✅ 0 взято | 🗑️ 50 мусор
2026-08-12 19:08:48,213 | INFO     |   → 879/1545: ✅ 5 взято | 🗑️ 206 мусор
2026-08-12 19:08:48,213 | INFO     |   → 880/1545: ✅ 21 взято | 🗑️ 138 мусор
2026-08-12 19:08:48,213 | INFO     |   → 881/1545: ✅ 23 взято | 🗑️ 89 мусор
2026-08-12 19:08:48,213 | INFO     |   → 882/1545: ✅ 9 взято | 🗑️ 85 мусор
2026-08-12 19:08:48,213 | INFO     |   → 883/1545: ✅ 0 взято | 🗑️ 129 мусор
2026-08-12 19:08:48,213 | INFO     |   → 884/1545: ✅ 0 взято | 🗑️ 81 мусор
2026-08-12 19:08:48,213 | INFO     |   → 885/1545: ✅ 0 взято | 🗑️ 0 мусор
2026-08-12 19:08:48,213 | INFO     |   → 886/1545 ❌ HTTP 404 — https://raw.githubusercontent.com/STR97/STRUGOV/refs/heads/main/STR.BYPASS
2026-08-12 19:08:48,213 | INFO     |   → 887/1545 ❌ HTTP 404 — https://raw.githubusercontent.com/Sajad-meow/free-vmess/0a2bf5319c9bec099ebbaa5e0d9bbc8414116880/vp.txt
2026-08-12 19:08:48,213 | INFO     |   → 888/1545: ✅ 11 взято | 🗑️ 16 мусор
2026-08-12 19:08:48,213 | INFO     |   → 889/1545: ✅ 0 взято | 🗑️ 16 мусор
2026-08-12 19:08:48,213 | INFO     |   → 890/1545: ✅ 0 взято | 🗑️ 27 мусор
2026-08-12 19:08:48,213 | INFO     |   → 891/1545: ✅ 140 взято | 🗑️ 1153 мусор
2026-08-12 19:08:48,213 | INFO     |   → 892/1545 ❌ HTTP 404 — https://raw.githubusercontent.com/Simpleyyt/shadowsocks-eos/main/requirments.txt
2026-08-12 19:08:48,213 | INFO     |   → 893/1545: ✅ 64 взято | 🗑️ 58 мусор
2026-08-12 19:08:48,214 | INFO     |   → 894/1545: ✅ 24 взято | 🗑️ 57 мусор
2026-08-12 19:08:48,214 | INFO     |   → 895/1545: ✅ 219 взято | 🗑️ 196 мусор
2026-08-12 19:08:48,214 | INFO     |   → 896/1545: ✅ 29 взято | 🗑️ 90 мусор
2026-08-12 19:08:48,214 | INFO     |   → 897/1545: ✅ 24 взято | 🗑️ 22 мусор
2026-08-12 19:08:48,214 | INFO     |   → 898/1545: ✅ 34 взято | 🗑️ 9 мусор
2026-08-12 19:08:48,214 | INFO     |   → 899/1545: ✅ 10 взято | 🗑️ 29 мусор
2026-08-12 19:08:48,214 | INFO     |   → 900/1545: ✅ 21 взято | 🗑️ 19 мусор
2026-08-12 19:08:48,214 | INFO     |   → 901/1545: ✅ 23 взято | 🗑️ 19 мусор
2026-08-12 19:08:48,214 | INFO     |   → 902/1545: ✅ 15 взято | 🗑️ 29 мусор
2026-08-12 19:08:48,214 | INFO     |   → 903/1545: ✅ 24 взято | 🗑️ 24 мусор
2026-08-12 19:08:48,214 | INFO     |   → 904/1545: ✅ 32 взято | 🗑️ 16 мусор
2026-08-12 19:08:48,214 | INFO     |   → 905/1545: ✅ 24 взято | 🗑️ 24 мусор
2026-08-12 19:08:48,214 | INFO     |   → 906/1545: ✅ 29 взято | 🗑️ 54 мусор
2026-08-12 19:08:48,214 | INFO     |   → 907/1545: ✅ 1 взято | 🗑️ 57 мусор
2026-08-12 19:08:48,214 | INFO     |   → 908/1545: ✅ 0 взято | 🗑️ 0 мусор
2026-08-12 19:08:48,214 | INFO     |   → 909/1545: ✅ 43 взято | 🗑️ 41 мусор
2026-08-12 19:08:48,214 | INFO     |   → 910/1545: ✅ 0 взято | 🗑️ 57 мусор
2026-08-12 19:08:48,214 | INFO     |   → 911/1545: ✅ 0 взято | 🗑️ 41 мусор
2026-08-12 19:08:48,214 | INFO     |   → 912/1545: ✅ 4 взято | 🗑️ 291 мусор
2026-08-12 19:08:48,214 | INFO     |   → 913/1545: ✅ 0 взято | 🗑️ 119 мусор
2026-08-12 19:08:48,214 | INFO     |   → 914/1545: ✅ 0 взято | 🗑️ 0 мусор
2026-08-12 19:08:48,214 | INFO     |   → 915/1545 ❌ HTTP 404 — https://raw.githubusercontent.com/ToyoDAdoubi/doubi/main/other/pac.txt
2026-08-12 19:08:48,214 | INFO     |   → 916/1545 ❌ HTTP 404 — https://raw.githubusercontent.com/UnsignedInt8/LightSwordX/main/LightSwordX/black.txt
2026-08-12 19:08:48,214 | INFO     |   → 917/1545 ❌ HTTP 404 — https://raw.githubusercontent.com/V2RAYCONFIGSPOOL/V2RAY_SUB/main/V2RAY_SUB.txt
2026-08-12 19:08:48,214 | INFO     |   → 918/1545: ✅ 96 взято | 🗑️ 167 мусор
2026-08-12 19:08:48,214 | INFO     |   → 919/1545: ✅ 0 взято | 🗑️ 0 мусор
2026-08-12 19:08:48,214 | INFO     |   → 920/1545: ✅ 0 взято | 🗑️ 1 мусор
2026-08-12 19:08:48,214 | INFO     |   → 921/1545 ❌ HTTP 404 — https://raw.githubusercontent.com/YasserAuda/Haking-Tools-List/main/List.txt
2026-08-12 19:08:48,214 | INFO     |   → 922/1545: ✅ 77 взято | 🗑️ 50 мусор
2026-08-12 19:08:48,215 | INFO     |   → 923/1545: ✅ 0 взято | 🗑️ 0 мусор
2026-08-12 19:08:48,215 | INFO     |   → 924/1545: ✅ 0 взято | 🗑️ 50 мусор
2026-08-12 19:08:48,215 | INFO     |   → 925/1545: ✅ 58 взято | 🗑️ 348 мусор
2026-08-12 19:08:48,215 | INFO     |   → 926/1545: ✅ 0 взято | 🗑️ 0 мусор
2026-08-12 19:08:48,215 | INFO     |   → 927/1545: ✅ 4 взято | 🗑️ 458 мусор
2026-08-12 19:08:48,215 | INFO     |   → 928/1545 ❌ HTTP 404 — https://raw.githubusercontent.com/ZYFXS/ZYFXS001/refs/heads/main/20c-youtube%40ZYFXS
2026-08-12 19:08:48,215 | INFO     |   → 929/1545 ❌ HTTP 404 — https://raw.githubusercontent.com/ZYFXS/ZYFXS001/refs/heads/main/20v-youtube%40ZYFXS
2026-08-12 19:08:48,215 | INFO     |   → 930/1545: ✅ 0 взято | 🗑️ 0 мусор
2026-08-12 19:08:48,215 | INFO     |   → 931/1545: ✅ 1 взято | 🗑️ 164 мусор
2026-08-12 19:08:48,215 | INFO     |   → 932/1545 ❌ HTTP 404 — https://raw.githubusercontent.com/ZYFXS/ZYFXS001/refs/heads/main/youtube%40ZYFXS---23c
2026-08-12 19:08:48,215 | INFO     |   → 933/1545 ❌ HTTP 404 — https://raw.githubusercontent.com/ZYFXS/ZYFXS001/refs/heads/main/youtube%40ZYFXS---23v
2026-08-12 19:08:48,215 | INFO     |   → 934/1545: ✅ 0 взято | 🗑️ 0 мусор
2026-08-12 19:08:48,215 | INFO     |   → 935/1545: ✅ 0 взято | 🗑️ 0 мусор
2026-08-12 19:08:48,215 | INFO     |   → 936/1545: ✅ 6 взято | 🗑️ 221 мусор
2026-08-12 19:08:48,215 | INFO     |   → 937/1545 ❌ HTTP 404 — https://raw.githubusercontent.com/ZYFXS/ZYFXS001/refs/heads/main/youtube%40ZYFXS-21c
2026-08-12 19:08:48,215 | INFO     |   → 938/1545 ❌ HTTP 404 — https://raw.githubusercontent.com/ZYFXS/ZYFXS001/refs/heads/main/youtube%40ZYFXS-21v
2026-08-12 19:08:48,215 | INFO     |   → 939/1545: ✅ 1 взято | 🗑️ 251 мусор
2026-08-12 19:08:48,215 | INFO     |   → 940/1545: ✅ 1 взято | 🗑️ 231 мусор
2026-08-12 19:08:48,215 | INFO     |   → 941/1545: ✅ 0 взято | 🗑️ 0 мусор
2026-08-12 19:08:48,215 | INFO     |   → 942/1545: ✅ 1 взято | 🗑️ 83 мусор
2026-08-12 19:08:48,215 | INFO     |   → 943/1545: ✅ 0 взято | 🗑️ 16 мусор
2026-08-12 19:08:48,215 | INFO     |   → 944/1545: ✅ 0 взято | 🗑️ 16 мусор
2026-08-12 19:08:48,215 | INFO     |   → 945/1545 ❌ HTTP 404 — https://raw.githubusercontent.com/aiboboxx/clashfree/main/clash.yml
2026-08-12 19:08:48,215 | INFO     |   → 946/1545 ❌ HTTP 404 — https://raw.githubusercontent.com/aiboboxx/v2rayfree/main/v2
2026-08-12 19:08:48,215 | INFO     |   → 947/1545: ✅ 106 взято | 🗑️ 244 мусор
2026-08-12 19:08:48,215 | INFO     |   → 948/1545: ✅ 26 взято | 🗑️ 274 мусор
2026-08-12 19:08:48,215 | INFO     |   → 949/1545 ❌ HTTP 404 — https://raw.githubusercontent.com/amirmohammad-mohammad-88/Sub-Reality-Azadi-config/Config/Azadi-Reality-Different
2026-08-12 19:08:48,215 | INFO     |   → 950/1545 ❌ HTTP 404 — https://raw.githubusercontent.com/amirmohammad-mohammad-88/Sub-Reality-Azadi-config/Config/Azadi-Reality-Different-Base64
2026-08-12 19:08:48,215 | INFO     |   → 951/1545: ✅ 1 взято | 🗑️ 17 мусор
2026-08-12 19:08:48,215 | INFO     |   → 952/1545: ✅ 0 взято | 🗑️ 0 мусор
2026-08-12 19:08:48,215 | INFO     |   → 953/1545: ✅ 4 взято | 🗑️ 114 мусор
2026-08-12 19:08:48,215 | INFO     |   → 954/1545: ✅ 24 взято | 🗑️ 85 мусор
2026-08-12 19:08:48,215 | INFO     |   → 955/1545 ❌ HTTP 404 — https://raw.githubusercontent.com/awesome-vpn/awesome-vpn/master/ss
2026-08-12 19:08:48,215 | INFO     |   → 956/1545 ❌ HTTP 404 — https://raw.githubusercontent.com/awesome-vpn/awesome-vpn/master/ssr
2026-08-12 19:08:48,215 | INFO     |   → 957/1545: ✅ 0 взято | 🗑️ 0 мусор
2026-08-12 19:08:48,215 | INFO     |   → 958/1545: ✅ 1 взято | 🗑️ 22 мусор
2026-08-12 19:08:48,215 | INFO     |   → 959/1545: ✅ 65 взято | 🗑️ 427 мусор
2026-08-12 19:08:48,215 | INFO     |   → 960/1545 ❌ HTTP 404 — https://raw.githubusercontent.com/barry-far/V2ray-Configs/ced94ddfff48276ec365b40227561f36b1b64bc8/Sub5.txt
2026-08-12 19:08:48,215 | INFO     |   → 961/1545 ❌ HTTP 404 — https://raw.githubusercontent.com/barry-far/V2ray-Configs/main/Splitted-By-Protocol/hysteria2.txt
2026-08-12 19:08:48,215 | INFO     |   → 962/1545 ❌ HTTP 404 — https://raw.githubusercontent.com/barry-far/V2ray-Configs/main/Splitted-By-Protocol/vless.txt
2026-08-12 19:08:48,216 | INFO     |   → 963/1545 ❌ HTTP 404 — https://raw.githubusercontent.com/barry-far/V2ray-Configs/main/Sub1.txt
2026-08-12 19:08:48,216 | INFO     |   → 964/1545 ❌ HTTP 404 — https://raw.githubusercontent.com/barry-far/V2ray-Configs/refs/heads/main/All_Configs_Sub.txt
2026-08-12 19:08:48,216 | INFO     |   → 965/1545 ❌ HTTP 404 — https://raw.githubusercontent.com/bcmapp/bcm-android/main/NOTICE.txt
2026-08-12 19:08:48,216 | INFO     |   → 966/1545: ✅ 0 взято | 🗑️ 0 мусор
2026-08-12 19:08:48,216 | INFO     |   → 967/1545 ❌ HTTP 404 — https://raw.githubusercontent.com/budamu/clashconfig/main/v2ray.txt
2026-08-12 19:08:48,216 | INFO     |   → 968/1545 ❌ HTTP 404 — https://raw.githubusercontent.com/budamu/clashconfig/main/v2ray2.txt
2026-08-12 19:08:48,216 | INFO     |   → 969/1545: ✅ 0 взято | 🗑️ 0 мусор
2026-08-12 19:08:48,216 | INFO     |   → 970/1545: ✅ 0 взято | 🗑️ 0 мусор
2026-08-12 19:08:48,216 | INFO     |   → 971/1545: ✅ 0 взято | 🗑️ 0 мусор
2026-08-12 19:08:48,216 | INFO     |   → 972/1545: ✅ 0 взято | 🗑️ 442 мусор
2026-08-12 19:08:48,216 | INFO     |   → 973/1545: ✅ 0 взято | 🗑️ 0 мусор
2026-08-12 19:08:48,216 | INFO     |   → 974/1545 ❌ HTTP 404 — https://raw.githubusercontent.com/chxxyz2004/zd/17fca23b73c46b5dd73e9be49b14d219b5e5f836/sub/2401/240110.txt
2026-08-12 19:08:48,216 | INFO     |   → 975/1545 ❌ HTTP 404 — https://raw.githubusercontent.com/cloudzun/laddervm/main/SS.txt
2026-08-12 19:08:48,216 | INFO     |   → 976/1545: ✅ 0 взято | 🗑️ 44 мусор
2026-08-12 19:08:48,216 | INFO     |   → 977/1545 ❌ HTTP 404 — https://raw.githubusercontent.com/codingjerk/dotfiles/main/config/cspell/dict-cj.txt
2026-08-12 19:08:48,216 | INFO     |   → 978/1545: ✅ 236 взято | 🗑️ 517 мусор
2026-08-12 19:08:48,216 | INFO     |   → 979/1545 ❌ HTTP 404 — https://raw.githubusercontent.com/crazw/vpn4in1/main/notes.txt
2026-08-12 19:08:48,216 | INFO     |   → 980/1545 ❌ HTTP 404 — https://raw.githubusercontent.com/cxr9912/cxr2022/main/free.yaml
2026-08-12 19:08:48,216 | INFO     |   → 981/1545 ❌ HTTP 404 — https://raw.githubusercontent.com/cxr9912/cxr2022/main/mix.yaml
2026-08-12 19:08:48,216 | INFO     |   → 982/1545 ❌ HTTP 404 — https://raw.githubusercontent.com/cxr9912/cxr2022/main/ss.yaml
2026-08-12 19:08:48,216 | INFO     |   → 983/1545 ❌ HTTP 404 — https://raw.githubusercontent.com/cxr9912/cxr2022/main/ssr.yaml
2026-08-12 19:08:48,216 | INFO     |   → 984/1545 ❌ HTTP 404 — https://raw.githubusercontent.com/cxr9912/cxr2022/main/vmess.yaml
2026-08-12 19:08:48,216 | INFO     |   → 985/1545 ❌ HTTP 404 — https://raw.githubusercontent.com/cxr9912/cxr2022/refs/heads/main/18cj.json
2026-08-12 19:08:48,216 | INFO     |   → 986/1545 ❌ HTTP 404 — https://raw.githubusercontent.com/cxr9912/cxr2022/refs/heads/main/aaaaaaaa.yaml
2026-08-12 19:08:48,216 | INFO     |   → 987/1545 ❌ HTTP 404 — https://raw.githubusercontent.com/cxr9912/cxr2022/refs/heads/main/free.yaml
2026-08-12 19:08:48,216 | INFO     |   → 988/1545 ❌ HTTP 404 — https://raw.githubusercontent.com/cxr9912/cxr2022/refs/heads/main/ss2088.txt
2026-08-12 19:08:48,216 | INFO     |   → 989/1545: ✅ 0 взято | 🗑️ 18 мусор
2026-08-12 19:08:48,216 | INFO     |   → 990/1545: ✅ 0 взято | 🗑️ 18 мусор
2026-08-12 19:08:48,216 | INFO     |   → 991/1545 ❌ HTTP 404 — https://raw.githubusercontent.com/danielaskdd/smartvpn/main/proxy.txt
2026-08-12 19:08:48,216 | INFO     |   → 992/1545: ✅ 14 взято | 🗑️ 125 мусор
2026-08-12 19:08:48,216 | INFO     |   → 993/1545: ✅ 0 взято | 🗑️ 0 мусор
2026-08-12 19:08:48,216 | INFO     |   → 994/1545: ✅ 6 взято | 🗑️ 78 мусор
2026-08-12 19:08:48,216 | INFO     |   → 995/1545: ✅ 0 взято | 🗑️ 0 мусор
2026-08-12 19:08:48,216 | INFO     |   → 996/1545 ❌ HTTP 404 — https://raw.githubusercontent.com/dhalima3/Autoscribe/main/data/shadow.txt
2026-08-12 19:08:48,216 | INFO     |   → 997/1545 ❌ HTTP 404 — https://raw.githubusercontent.com/dhalima3/Autoscribe/main/data/shadows.txt
2026-08-12 19:08:48,216 | INFO     |   → 998/1545: ✅ 6 взято | 🗑️ 4 мусор
2026-08-12 19:08:48,216 | INFO     |   → 999/1545: ✅ 145 взято | 🗑️ 439 мусор
2026-08-12 19:08:48,216 | INFO     |   → 1000/1545: ✅ 0 взято | 🗑️ 325 мусор
2026-08-12 19:08:48,216 | INFO     |   → 1001/1545: ✅ 545 взято | 🗑️ 677 мусор
2026-08-12 19:08:48,216 | INFO     |   → 1002/1545: ✅ 26 взято | 🗑️ 11 мусор
2026-08-12 19:08:48,216 | INFO     |   → 1003/1545: ✅ 29 взято | 🗑️ 2 мусор
2026-08-12 19:08:48,216 | INFO     |   → 1004/1545 ❌ HTTP 404 — https://raw.githubusercontent.com/dodger487/scrape_hn/main/stories/13996417.txt
2026-08-12 19:08:48,216 | INFO     |   → 1005/1545: ✅ 0 взято | 🗑️ 2 мусор
2026-08-12 19:08:48,217 | INFO     |   → 1006/1545: ✅ 1 взято | 🗑️ 2 мусор
2026-08-12 19:08:48,217 | INFO     |   → 1007/1545: ✅ 2 взято | 🗑️ 6 мусор
2026-08-12 19:08:48,217 | INFO     |   → 1008/1545: ✅ 0 взято | 🗑️ 2 мусор
2026-08-12 19:08:48,217 | INFO     |   → 1009/1545: ✅ 0 взято | 🗑️ 2 мусор
2026-08-12 19:08:48,217 | INFO     |   → 1010/1545: ✅ 0 взято | 🗑️ 2 мусор
2026-08-12 19:08:48,217 | INFO     |   → 1011/1545: ✅ 2 взято | 🗑️ 0 мусор
2026-08-12 19:08:48,217 | INFO     |   → 1012/1545: ✅ 0 взято | 🗑️ 6 мусор
2026-08-12 19:08:48,217 | INFO     |   → 1013/1545: ✅ 0 взято | 🗑️ 2 мусор
2026-08-12 19:08:48,217 | INFO     |   → 1014/1545: ✅ 0 взято | 🗑️ 0 мусор
2026-08-12 19:08:48,217 | INFO     |   → 1015/1545: ✅ 2358 взято | 🗑️ 52979 мусор
2026-08-12 19:08:48,217 | INFO     |   → 1016/1545: ✅ 34 взято | 🗑️ 1465 мусор
2026-08-12 19:08:48,217 | INFO     |   → 1017/1545: ✅ 6 взято | 🗑️ 113 мусор
2026-08-12 19:08:48,217 | INFO     |   → 1018/1545 ❌ HTTP 404 — https://raw.githubusercontent.com/elrumo/macOS_Big_Sur_icons_replacements/main/Other/scripts/icns.txt
2026-08-12 19:08:48,217 | INFO     |   → 1019/1545 ❌ HTTP 404 — https://raw.githubusercontent.com/erlang-punch/awesome-erlang/main/awesome/db/r.txt
2026-08-12 19:08:48,217 | INFO     |   → 1020/1545: ✅ 0 взято | 🗑️ 0 мусор
2026-08-12 19:08:48,217 | INFO     |   → 1021/1545: ✅ 4 взято | 🗑️ 4 мусор
2026-08-12 19:08:48,217 | INFO     |   → 1022/1545: ✅ 0 взято | 🗑️ 0 мусор
2026-08-12 19:08:48,217 | INFO     |   → 1023/1545: ✅ 13 взято | 🗑️ 19 мусор
2026-08-12 19:08:48,217 | INFO     |   → 1024/1545: ✅ 0 взято | 🗑️ 5 мусор
2026-08-12 19:08:48,217 | INFO     |   → 1025/1545 ❌ HTTP 404 — https://raw.githubusercontent.com/fabiopetrillo/OpenHubExtractor/main/projects.txt
2026-08-12 19:08:48,217 | INFO     |   → 1026/1545: ✅ 2 взято | 🗑️ 80 мусор
2026-08-12 19:08:48,217 | INFO     |   → 1027/1545 ❌ HTTP 404 — https://raw.githubusercontent.com/fastbash/fancyss/main/Changelog.txt
2026-08-12 19:08:48,217 | INFO     |   → 1028/1545 ❌ HTTP 404 — https://raw.githubusercontent.com/firerpa/lamda/main/CHANGELOG.txt
2026-08-12 19:08:48,217 | INFO     |   → 1029/1545 ❌ HTTP 404 — https://raw.githubusercontent.com/free-nodes/v2rayfree/main/v2
2026-08-12 19:08:48,217 | INFO     |   → 1030/1545 ❌ HTTP 404 — https://raw.githubusercontent.com/free-v2ray-config/trojan/main/trojan.txt
2026-08-12 19:08:48,217 | INFO     |   → 1031/1545 ❌ HTTP 404 — https://raw.githubusercontent.com/free-v2ray-config/vless/main/vless.txt
2026-08-12 19:08:48,217 | INFO     |   → 1032/1545 ❌ HTTP 404 — https://raw.githubusercontent.com/free-v2ray-config/vmess/main/vmess.txt
2026-08-12 19:08:48,217 | INFO     |   → 1033/1545: ✅ 5 взято | 🗑️ 169 мусор
2026-08-12 19:08:48,218 | INFO     |   → 1034/1545: ✅ 34 взято | 🗑️ 121 мусор
2026-08-12 19:08:48,218 | INFO     |   → 1035/1545: ✅ 4 взято | 🗑️ 97 мусор
2026-08-12 19:08:48,218 | INFO     |   → 1036/1545 ❌ HTTP 404 — https://raw.githubusercontent.com/free18/v2ray/main/Clash.yaml
2026-08-12 19:08:48,218 | INFO     |   → 1037/1545: ✅ 0 взято | 🗑️ 0 мусор
2026-08-12 19:08:48,218 | INFO     |   → 1038/1545: ✅ 0 взято | 🗑️ 15 мусор
2026-08-12 19:08:48,218 | INFO     |   → 1039/1545: ✅ 0 взято | 🗑️ 0 мусор
2026-08-12 19:08:48,218 | INFO     |   → 1040/1545: ✅ 0 взято | 🗑️ 8 мусор
2026-08-12 19:08:48,218 | INFO     |   → 1041/1545: ✅ 0 взято | 🗑️ 8 мусор
2026-08-12 19:08:48,218 | INFO     |   → 1042/1545: ✅ 0 взято | 🗑️ 8 мусор
2026-08-12 19:08:48,218 | INFO     |   → 1043/1545: ✅ 0 взято | 🗑️ 8 мусор
2026-08-12 19:08:48,218 | INFO     |   → 1044/1545 ❌ HTTP 404 — https://raw.githubusercontent.com/freev2rayconfig/V2RAY_SUB/3e6a7786a1601ee3723e8d043ae79e70dbdfd9a8/v2rayconfigs.txt
2026-08-12 19:08:48,218 | INFO     |   → 1045/1545 ❌ HTTP 404 — https://raw.githubusercontent.com/freev2rayconfig/V2RAY_SUBSCRIPTION_LINK/main/v2rayconfigs.txt
2026-08-12 19:08:48,218 | INFO     |   → 1046/1545 ❌ HTTP 404 — https://raw.githubusercontent.com/gfpcom/free-proxy-list/main/list/http.txt
2026-08-12 19:08:48,218 | INFO     |   → 1047/1545 ❌ HTTP 404 — https://raw.githubusercontent.com/gfpcom/free-proxy-list/main/list/https.txt
2026-08-12 19:08:48,218 | INFO     |   → 1048/1545 ❌ HTTP 404 — https://raw.githubusercontent.com/gfpcom/free-proxy-list/main/list/socks4.txt
2026-08-12 19:08:48,218 | INFO     |   → 1049/1545 ❌ HTTP 404 — https://raw.githubusercontent.com/gfpcom/free-proxy-list/main/list/socks4a.txt
2026-08-12 19:08:48,218 | INFO     |   → 1050/1545 ❌ HTTP 404 — https://raw.githubusercontent.com/gfpcom/free-proxy-list/main/list/socks5.txt
2026-08-12 19:08:48,218 | INFO     |   → 1051/1545 ❌ HTTP 404 — https://raw.githubusercontent.com/gfpcom/free-proxy-list/main/list/socks5h.txt
2026-08-12 19:08:48,218 | INFO     |   → 1052/1545 ❌ HTTP 404 — https://raw.githubusercontent.com/gfpcom/free-proxy-list/main/list/ss.txt
2026-08-12 19:08:48,218 | INFO     |   → 1053/1545 ❌ HTTP 404 — https://raw.githubusercontent.com/gfpcom/free-proxy-list/main/list/ssr.txt
2026-08-12 19:08:48,218 | INFO     |   → 1054/1545 ❌ HTTP 404 — https://raw.githubusercontent.com/gfpcom/free-proxy-list/main/list/trojan.txt
2026-08-12 19:08:48,218 | INFO     |   → 1055/1545 ❌ HTTP 404 — https://raw.githubusercontent.com/gfpcom/free-proxy-list/main/list/vless.txt
2026-08-12 19:08:48,218 | INFO     |   → 1056/1545 ❌ HTTP 404 — https://raw.githubusercontent.com/gfpcom/free-proxy-list/main/list/vmess.txt
2026-08-12 19:08:48,218 | INFO     |   → 1057/1545: ✅ 0 взято | 🗑️ 0 мусор
2026-08-12 19:08:48,218 | INFO     |   → 1058/1545: ✅ 0 взято | 🗑️ 17 мусор
2026-08-12 19:08:48,218 | INFO     |   → 1059/1545: ✅ 0 взято | 🗑️ 0 мусор
2026-08-12 19:08:48,218 | INFO     |   → 1060/1545: ✅ 1 взято | 🗑️ 19 мусор
2026-08-12 19:08:48,218 | INFO     |   → 1061/1545: ✅ 4 взято | 🗑️ 63 мусор
2026-08-12 19:08:48,218 | INFO     |   → 1062/1545 ❌ HTTP 404 — https://raw.githubusercontent.com/guzhig/QuantumultX/main/Filter/Global.txt
2026-08-12 19:08:48,219 | INFO     |   → 1063/1545 ❌ HTTP 404 — https://raw.githubusercontent.com/hameed-maleki/TVC/89a4522969c57dcc22458cae9898426e5c4f2679/lite/config.txt
2026-08-12 19:08:48,219 | INFO     |   → 1064/1545: ✅ 5 взято | 🗑️ 132 мусор
2026-08-12 19:08:48,219 | INFO     |   → 1065/1545: ✅ 0 взято | 🗑️ 56 мусор
2026-08-12 19:08:48,219 | INFO     |   → 1066/1545 ❌ HTTP 404 — https://raw.githubusercontent.com/hkaa0/permalink/main/proxy/V2ray
2026-08-12 19:08:48,219 | INFO     |   → 1067/1545 ❌ HTTP 404 — https://raw.githubusercontent.com/hkaa0/permalink/main/proxy/clash
2026-08-12 19:08:48,219 | INFO     |   → 1068/1545 ❌ HTTP 404 — https://raw.githubusercontent.com/hkpc/Autoproxy/6cf946ddfc677a29062007e4b47d70674474baa7/sub/2401/240110.txt
2026-08-12 19:08:48,219 | INFO     |   → 1069/1545 ❌ HTTP 404 — https://raw.githubusercontent.com/hkpc/V2ray-Configs/7d9aa0dabf947af180a7dd6302818ed37950531a/Sub1.txt
2026-08-12 19:08:48,219 | INFO     |   → 1070/1545: ✅ 0 взято | 🗑️ 14 мусор
2026-08-12 19:08:48,219 | INFO     |   → 1071/1545 ❌ HTTP 404 — https://raw.githubusercontent.com/houko/xiaomo-studying/main/python/basic/text.txt
2026-08-12 19:08:48,219 | INFO     |   → 1072/1545 ❌ HTTP 404 — https://raw.githubusercontent.com/hq450/fancyss/main/rules/gfwlist.txt
2026-08-12 19:08:48,219 | INFO     |   → 1073/1545: ✅ 16 взято | 🗑️ 16 мусор
2026-08-12 19:08:48,219 | INFO     |   → 1074/1545 ❌ HTTP 404 — https://raw.githubusercontent.com/iboxz/free-v2ray-collector/main/main
2026-08-12 19:08:48,219 | INFO     |   → 1075/1545: ✅ 12 взято | 🗑️ 15 мусор
2026-08-12 19:08:48,219 | INFO     |   → 1076/1545: ✅ 1 взято | 🗑️ 18 мусор
2026-08-12 19:08:48,219 | INFO     |   → 1077/1545: ✅ 89 взято | 🗑️ 176 мусор
2026-08-12 19:08:48,219 | INFO     |   → 1078/1545: ✅ 37 взято | 🗑️ 56 мусор
2026-08-12 19:08:48,219 | INFO     |   → 1079/1545 ❌ HTTP 404 — https://raw.githubusercontent.com/igareck/vpn-configs-for-russia/refs/heads/main/Vless-Reality-White-Lists-Rus-Cable.txt
2026-08-12 19:08:48,219 | INFO     |   → 1080/1545: ✅ 50 взято | 🗑️ 10 мусор
2026-08-12 19:08:48,219 | INFO     |   → 1081/1545: ✅ 0 взято | 🗑️ 0 мусор
2026-08-12 19:08:48,219 | INFO     |   → 1082/1545: ✅ 0 взято | 🗑️ 0 мусор
2026-08-12 19:08:48,219 | INFO     |   → 1083/1545: ✅ 23 взято | 🗑️ 9 мусор
2026-08-12 19:08:48,219 | INFO     |   → 1084/1545 ❌ HTTP 404 — https://raw.githubusercontent.com/iqiancheng/shadowsocks-awesome/main/proxy.txt
2026-08-12 19:08:48,219 | INFO     |   → 1085/1545: ✅ 0 взято | 🗑️ 0 мусор
2026-08-12 19:08:48,219 | INFO     |   → 1086/1545: ✅ 0 взято | 🗑️ 0 мусор
2026-08-12 19:08:48,219 | INFO     |   → 1087/1545: ✅ 0 взято | 🗑️ 12 мусор
2026-08-12 19:08:48,219 | INFO     |   → 1088/1545: ✅ 0 взято | 🗑️ 43 мусор
2026-08-12 19:08:48,219 | INFO     |   → 1089/1545 ❌ HTTP 404 — https://raw.githubusercontent.com/jth445600/hello-world/main/102.txt
2026-08-12 19:08:48,219 | INFO     |   → 1090/1545 ❌ HTTP 404 — https://raw.githubusercontent.com/jth445600/hello-world/main/103.txt
2026-08-12 19:08:48,220 | INFO     |   → 1091/1545 ❌ HTTP 404 — https://raw.githubusercontent.com/jw853355718/clash_233/master/config.yml
2026-08-12 19:08:48,220 | INFO     |   → 1092/1545: ✅ 0 взято | 🗑️ 210 мусор
2026-08-12 19:08:48,220 | INFO     |   → 1093/1545: ✅ 0 взято | 🗑️ 0 мусор
2026-08-12 19:08:48,220 | INFO     |   → 1094/1545 ❌ HTTP 404 — https://raw.githubusercontent.com/killgcd/chromego/main/ChromeGo/XX-Net/code/default/smart_router/local/gfw_black_list.txt
2026-08-12 19:08:48,220 | INFO     |   → 1095/1545 ❌ HTTP 404 — https://raw.githubusercontent.com/killgcd/chromego/main/ChromeGo/v2ray/pac.txt
2026-08-12 19:08:48,220 | INFO     |   → 1096/1545 ❌ HTTP 404 — https://raw.githubusercontent.com/koolshare/softgear/main/ss/ss/redchn/cdn.txt
2026-08-12 19:08:48,220 | INFO     |   → 1097/1545 ❌ HTTP 404 — https://raw.githubusercontent.com/lagzian/SS-Collector/main/mix_clash.yaml
2026-08-12 19:08:48,220 | INFO     |   → 1098/1545 ❌ HTTP 404 — https://raw.githubusercontent.com/lashwang/shadowsocks-android/main/core/src/main/jni/shadowsocks-libev/CMakeLists.txt
2026-08-12 19:08:48,220 | INFO     |   → 1099/1545 ❌ HTTP 404 — https://raw.githubusercontent.com/lazytiger/trojan-rs/main/ipset/domain.txt
2026-08-12 19:08:48,220 | INFO     |   → 1100/1545 ❌ HTTP 404 — https://raw.githubusercontent.com/lcx12901/v2ray-/master/sspool.herokuapp.com/yzcloud.yaml
2026-08-12 19:08:48,220 | INFO     |   → 1101/1545 ❌ HTTP 404 — https://raw.githubusercontent.com/lcx12901/v2ray-/master/sspool.herokuapp.com/yzcloud2.yaml
2026-08-12 19:08:48,220 | INFO     |   → 1102/1545: ✅ 0 взято | 🗑️ 0 мусор
2026-08-12 19:08:48,220 | INFO     |   → 1103/1545 ❌ HTTP 404 — https://raw.githubusercontent.com/learnhard-cn/free_proxy_ss/main/clash/config.yaml
2026-08-12 19:08:48,220 | INFO     |   → 1104/1545: ✅ 0 взято | 🗑️ 8 мусор
2026-08-12 19:08:48,220 | INFO     |   → 1105/1545: ✅ 0 взято | 🗑️ 4 мусор
2026-08-12 19:08:48,220 | INFO     |   → 1106/1545: ✅ 0 взято | 🗑️ 0 мусор
2026-08-12 19:08:48,220 | INFO     |   → 1107/1545: ✅ 0 взято | 🗑️ 4 мусор
2026-08-12 19:08:48,220 | INFO     |   → 1108/1545 ❌ HTTP 404 — https://raw.githubusercontent.com/lemonhall/node_note/main/shadowsocks.txt
2026-08-12 19:08:48,220 | INFO     |   → 1109/1545: ✅ 0 взято | 🗑️ 149 мусор
2026-08-12 19:08:48,220 | INFO     |   → 1110/1545: ✅ 0 взято | 🗑️ 0 мусор
2026-08-12 19:08:48,220 | INFO     |   → 1111/1545: ✅ 0 взято | 🗑️ 421 мусор
2026-08-12 19:08:48,220 | INFO     |   → 1112/1545 ❌ HTTP 404 — https://raw.githubusercontent.com/lisylva-lee/v2dyku/main/ssr
2026-08-12 19:08:48,220 | INFO     |   → 1113/1545 ❌ HTTP 404 — https://raw.githubusercontent.com/lisylva-lee/v2dyku/main/v2dy
2026-08-12 19:08:48,220 | INFO     |   → 1114/1545: ✅ 0 взято | 🗑️ 53 мусор
2026-08-12 19:08:48,220 | INFO     |   → 1115/1545 ❌ HTTP 404 — https://raw.githubusercontent.com/liyucheng09/LatestEval/main/data/code_repos.txt
2026-08-12 19:08:48,220 | INFO     |   → 1116/1545: ✅ 0 взято | 🗑️ 467 мусор
2026-08-12 19:08:48,220 | INFO     |   → 1117/1545 ❌ HTTP 404 — https://raw.githubusercontent.com/lonycc/fuli/main/telegram.txt
2026-08-12 19:08:48,220 | INFO     |   → 1118/1545 ❌ HTTP 404 — https://raw.githubusercontent.com/luxl-1379/merge/77247d23def72b25226dfa741614e9b07a569c72/sub/sub_merge_base64.txt
2026-08-12 19:08:48,221 | INFO     |   → 1119/1545: ✅ 0 взято | 🗑️ 0 мусор
2026-08-12 19:08:48,221 | INFO     |   → 1120/1545: ✅ 146 взято | 🗑️ 343 мусор
2026-08-12 19:08:48,221 | INFO     |   → 1121/1545: ✅ 8 взято | 🗑️ 124 мусор
2026-08-12 19:08:48,221 | INFO     |   → 1122/1545: ✅ 543 взято | 🗑️ 4100 мусор
2026-08-12 19:08:48,221 | INFO     |   → 1123/1545 ❌ HTTP 404 — https://raw.githubusercontent.com/mahdibland/V2RayAggregator/main/sub/list/66.txt
2026-08-12 19:08:48,221 | INFO     |   → 1124/1545: ✅ 0 взято | 🗑️ 0 мусор
2026-08-12 19:08:48,221 | INFO     |   → 1125/1545: ✅ 0 взято | 🗑️ 4100 мусор
2026-08-12 19:08:48,221 | INFO     |   → 1126/1545: ✅ 2 взято | 🗑️ 13 мусор
2026-08-12 19:08:48,221 | INFO     |   → 1127/1545 ❌ HTTP 404 — https://raw.githubusercontent.com/mermeroo/Clash-V2ray/main/v2ray
2026-08-12 19:08:48,221 | INFO     |   → 1128/1545: ✅ 15 взято | 🗑️ 417 мусор
2026-08-12 19:08:48,221 | INFO     |   → 1129/1545: ✅ 6 взято | 🗑️ 102 мусор
2026-08-12 19:08:48,221 | INFO     |   → 1130/1545: ✅ 716 взято | 🗑️ 6258 мусор
2026-08-12 19:08:48,221 | INFO     |   → 1131/1545: ✅ 8 взято | 🗑️ 853 мусор
2026-08-12 19:08:48,221 | INFO     |   → 1132/1545: ✅ 32 взято | 🗑️ 69 мусор
2026-08-12 19:08:48,221 | INFO     |   → 1133/1545 ❌ HTTP 404 — https://raw.githubusercontent.com/mermeroo/free-v2ray-collector/main/main/mix
2026-08-12 19:08:48,221 | INFO     |   → 1134/1545 ❌ HTTP 404 — https://raw.githubusercontent.com/mermeroo/free-v2ray-collector/main/main/reality
2026-08-12 19:08:48,221 | INFO     |   → 1135/1545 ❌ HTTP 404 — https://raw.githubusercontent.com/mermeroo/free-v2ray-collector/main/main/shadowsocks
2026-08-12 19:08:48,221 | INFO     |   → 1136/1545 ❌ HTTP 404 — https://raw.githubusercontent.com/mermeroo/free-v2ray-collector/main/main/trojan
2026-08-12 19:08:48,221 | INFO     |   → 1137/1545 ❌ HTTP 404 — https://raw.githubusercontent.com/mermeroo/free-v2ray-collector/main/main/vless
2026-08-12 19:08:48,221 | INFO     |   → 1138/1545 ❌ HTTP 404 — https://raw.githubusercontent.com/mermeroo/free-v2ray-collector/main/main/vmess
2026-08-12 19:08:48,221 | INFO     |   → 1139/1545 ❌ HTTP 404 — https://raw.githubusercontent.com/mfuu/v2ray/master/merge/merge.txt
2026-08-12 19:08:48,221 | INFO     |   → 1140/1545: ✅ 2 взято | 🗑️ 30 мусор
2026-08-12 19:08:48,221 | INFO     |   → 1141/1545: ✅ 0 взято | 🗑️ 30 мусор
2026-08-12 19:08:48,221 | INFO     |   → 1142/1545: ✅ 634 взято | 🗑️ 16096 мусор
2026-08-12 19:08:48,221 | INFO     |   → 1143/1545: ✅ 0 взято | 🗑️ 16096 мусор
2026-08-12 19:08:48,221 | INFO     |   → 1144/1545: ✅ 0 взято | 🗑️ 2867 мусор
2026-08-12 19:08:48,221 | INFO     |   → 1145/1545: ✅ 0 взято | 🗑️ 1990 мусор
2026-08-12 19:08:48,221 | INFO     |   → 1146/1545: ✅ 0 взято | 🗑️ 5725 мусор
2026-08-12 19:08:48,221 | INFO     |   → 1147/1545: ✅ 0 взято | 🗑️ 5211 мусор
2026-08-12 19:08:48,222 | INFO     |   → 1148/1545 ❌ HTTP 404 — https://raw.githubusercontent.com/mianous/qiren/main/qiren.txt
2026-08-12 19:08:48,222 | INFO     |   → 1149/1545 ❌ HTTP 404 — https://raw.githubusercontent.com/microic/hello_search/main/repo_list.txt
2026-08-12 19:08:48,222 | INFO     |   → 1150/1545 ❌ HTTP 404 — https://raw.githubusercontent.com/miladtahanian/V2RayCFGDumper/refs/heads/main/config.txt
2026-08-12 19:08:48,222 | INFO     |   → 1151/1545 ❌ HTTP 404 — https://raw.githubusercontent.com/miladtahanian/multi-proxy-config-fetcher/refs/heads/main/configs/proxy_configs.txt
2026-08-12 19:08:48,222 | INFO     |   → 1152/1545: ✅ 0 взято | 🗑️ 0 мусор
2026-08-12 19:08:48,222 | INFO     |   → 1153/1545: ✅ 0 взято | 🗑️ 0 мусор
2026-08-12 19:08:48,222 | INFO     |   → 1154/1545: ✅ 0 взято | 🗑️ 0 мусор
2026-08-12 19:08:48,222 | INFO     |   → 1155/1545: ✅ 15 взято | 🗑️ 46 мусор
2026-08-12 19:08:48,222 | INFO     |   → 1156/1545: ✅ 0 взято | 🗑️ 176 мусор
2026-08-12 19:08:48,222 | INFO     |   → 1157/1545: ✅ 0 взято | 🗑️ 0 мусор
2026-08-12 19:08:48,222 | INFO     |   → 1158/1545 ❌ HTTP 404 — https://raw.githubusercontent.com/monlor/mbfiles/main/applist.txt
2026-08-12 19:08:48,222 | INFO     |   → 1159/1545: ✅ 64 взято | 🗑️ 86 мусор
2026-08-12 19:08:48,222 | INFO     |   → 1160/1545: ✅ 28 взято | 🗑️ 93 мусор
2026-08-12 19:08:48,222 | INFO     |   → 1161/1545: ✅ 0 взято | 🗑️ 0 мусор
2026-08-12 19:08:48,222 | INFO     |   → 1162/1545: ✅ 15 взято | 🗑️ 70 мусор
2026-08-12 19:08:48,222 | INFO     |   → 1163/1545: ✅ 127 взято | 🗑️ 492 мусор
2026-08-12 19:08:48,222 | INFO     |   → 1164/1545: ✅ 331 взято | 🗑️ 190 мусор
2026-08-12 19:08:48,222 | INFO     |   → 1165/1545 ❌ HTTP 404 — https://raw.githubusercontent.com/nicholascw/vmecs/main/plan.txt
2026-08-12 19:08:48,222 | INFO     |   → 1166/1545: ✅ 31 взято | 🗑️ 1887 мусор
2026-08-12 19:08:48,222 | INFO     |   → 1167/1545 ❌ HTTP 404 — https://raw.githubusercontent.com/obscure1990/freeVM/master/snippets/nodes.yml
2026-08-12 19:08:48,222 | INFO     |   → 1168/1545 ❌ HTTP 404 — https://raw.githubusercontent.com/op30mmd/things/909b38024ba14d69dc0f95c238f63bc6e930a00f/eut.txt
2026-08-12 19:08:48,222 | INFO     |   → 1169/1545 ❌ HTTP 404 — https://raw.githubusercontent.com/openRunner/clash-freenode/main/v2ray.txt
2026-08-12 19:08:48,222 | INFO     |   → 1170/1545 ❌ HTTP 404 — https://raw.githubusercontent.com/oslook/clash-freenode/main/clash.yaml
2026-08-12 19:08:48,222 | INFO     |   → 1171/1545 ❌ HTTP 404 — https://raw.githubusercontent.com/pajecawav/ghloc-web/main/scripts/repos.txt
2026-08-12 19:08:48,222 | INFO     |   → 1172/1545: ✅ 0 взято | 🗑️ 0 мусор
2026-08-12 19:08:48,222 | INFO     |   → 1173/1545: ✅ 4 взято | 🗑️ 1 мусор
2026-08-12 19:08:48,222 | INFO     |   → 1174/1545: ✅ 0 взято | 🗑️ 0 мусор
2026-08-12 19:08:48,222 | INFO     |   → 1175/1545: ✅ 17 взято | 🗑️ 122 мусор
2026-08-12 19:08:48,222 | INFO     |   → 1176/1545: ✅ 4 взято | 🗑️ 11 мусор
2026-08-12 19:08:48,223 | INFO     |   → 1177/1545: ✅ 70 взято | 🗑️ 2215 мусор
2026-08-12 19:08:48,223 | INFO     |   → 1178/1545: ✅ 0 взято | 🗑️ 1742 мусор
2026-08-12 19:08:48,223 | INFO     |   → 1179/1545: ✅ 0 взято | 🗑️ 2135 мусор
2026-08-12 19:08:48,223 | INFO     |   → 1180/1545: ✅ 0 взято | 🗑️ 0 мусор
2026-08-12 19:08:48,223 | INFO     |   → 1181/1545: ✅ 0 взято | 🗑️ 0 мусор
2026-08-12 19:08:48,223 | INFO     |   → 1182/1545: ✅ 0 взято | 🗑️ 19 мусор
2026-08-12 19:08:48,223 | INFO     |   → 1183/1545: ✅ 0 взято | 🗑️ 0 мусор
2026-08-12 19:08:48,223 | INFO     |   → 1184/1545 ❌ HTTP 404 — https://raw.githubusercontent.com/quniu/ssmgr-deploy/main/example/部署.txt
2026-08-12 19:08:48,223 | INFO     |   → 1185/1545: ✅ 0 взято | 🗑️ 44 мусор
2026-08-12 19:08:48,223 | INFO     |   → 1186/1545: ✅ 63 взято | 🗑️ 521 мусор
2026-08-12 19:08:48,223 | INFO     |   → 1187/1545: ✅ 165 взято | 🗑️ 273 мусор
2026-08-12 19:08:48,223 | INFO     |   → 1188/1545: ✅ 0 взято | 🗑️ 0 мусор
2026-08-12 19:08:48,223 | INFO     |   → 1189/1545: ✅ 28 взято | 🗑️ 211 мусор
2026-08-12 19:08:48,223 | INFO     |   → 1190/1545: ✅ 0 взято | 🗑️ 79 мусор
2026-08-12 19:08:48,223 | INFO     |   → 1191/1545: ✅ 13 взято | 🗑️ 32 мусор
2026-08-12 19:08:48,223 | INFO     |   → 1192/1545: ✅ 0 взято | 🗑️ 0 мусор
2026-08-12 19:08:48,223 | INFO     |   → 1193/1545: ✅ 2 взято | 🗑️ 9 мусор
2026-08-12 19:08:48,223 | INFO     |   → 1194/1545: ✅ 11 взято | 🗑️ 76 мусор
2026-08-12 19:08:48,223 | INFO     |   → 1195/1545: ✅ 0 взято | 🗑️ 168 мусор
2026-08-12 19:08:48,223 | INFO     |   → 1196/1545: ✅ 0 взято | 🗑️ 79 мусор
2026-08-12 19:08:48,223 | INFO     |   → 1197/1545 ❌ HTTP 404 — https://raw.githubusercontent.com/riaqn/china-dns/main/world.txt
2026-08-12 19:08:48,223 | INFO     |   → 1198/1545: ✅ 0 взято | 🗑️ 14 мусор
2026-08-12 19:08:48,223 | INFO     |   → 1199/1545: ✅ 0 взято | 🗑️ 0 мусор
2026-08-12 19:08:48,223 | INFO     |   → 1200/1545 ❌ HTTP 404 — https://raw.githubusercontent.com/ronghuaxueleng/get_v2/main/pub/changfengoss.yaml
2026-08-12 19:08:48,223 | INFO     |   → 1201/1545: ✅ 0 взято | 🗑️ 0 мусор
2026-08-12 19:08:48,223 | INFO     |   → 1202/1545: ✅ 67 взято | 🗑️ 83 мусор
2026-08-12 19:08:48,223 | INFO     |   → 1203/1545: ✅ 0 взято | 🗑️ 83 мусор
2026-08-12 19:08:48,223 | INFO     |   → 1204/1545 ❌ HTTP 404 — https://raw.githubusercontent.com/ror-ian/raspi/main/Raspi.txt
2026-08-12 19:08:48,224 | INFO     |   → 1205/1545 ❌ HTTP 404 — https://raw.githubusercontent.com/rxsweet/CM_Vmess/refs/heads/main/test.txt
2026-08-12 19:08:48,224 | INFO     |   → 1206/1545 ❌ HTTP 404 — https://raw.githubusercontent.com/rxsweet/proxies/main/sub/free.yaml
2026-08-12 19:08:48,224 | INFO     |   → 1207/1545 ❌ HTTP 404 — https://raw.githubusercontent.com/rxsweet/proxies/main/sub/rx.yaml
2026-08-12 19:08:48,224 | INFO     |   → 1208/1545 ❌ HTTP 404 — https://raw.githubusercontent.com/rxsweet/proxies/main/sub/sources/dynamicAll.yaml
2026-08-12 19:08:48,224 | INFO     |   → 1209/1545 ❌ HTTP 404 — https://raw.githubusercontent.com/rxsweet/proxies/main/sub/sources/miningAll.yaml
2026-08-12 19:08:48,224 | INFO     |   → 1210/1545 ❌ HTTP 404 — https://raw.githubusercontent.com/rxsweet/proxies/main/sub/srx.yaml
2026-08-12 19:08:48,224 | INFO     |   → 1211/1545 ❌ HTTP 404 — https://raw.githubusercontent.com/sajad-sajadi/V2ray-Collector/raw/main/output/protocols/vmess.txt
2026-08-12 19:08:48,224 | INFO     |   → 1212/1545: ✅ 0 взято | 🗑️ 0 мусор
2026-08-12 19:08:48,224 | INFO     |   → 1213/1545 ❌ HTTP 404 — https://raw.githubusercontent.com/sakha1370/OpenRay/raw/refs/heads/main/output/all_valid_proxies.txt
2026-08-12 19:08:48,224 | INFO     |   → 1214/1545: ✅ 53 взято | 🗑️ 399 мусор
2026-08-12 19:08:48,224 | INFO     |   → 1215/1545: ✅ 0 взято | 🗑️ 399 мусор
2026-08-12 19:08:48,224 | INFO     |   → 1216/1545 ❌ HTTP 404 — https://raw.githubusercontent.com/samjoeyang/subscribe/main/fly
2026-08-12 19:08:48,224 | INFO     |   → 1217/1545: ✅ 0 взято | 🗑️ 0 мусор
2026-08-12 19:08:48,224 | INFO     |   → 1218/1545 ❌ HTTP 404 — https://raw.githubusercontent.com/sarina-ad/v2ray/main/v2ray
2026-08-12 19:08:48,224 | INFO     |   → 1219/1545 ❌ HTTP 404 — https://raw.githubusercontent.com/satrom/V2SSR/master/SSR/Sub.txt
2026-08-12 19:08:48,224 | INFO     |   → 1220/1545 ❌ HTTP 404 — https://raw.githubusercontent.com/satrom/V2SSR/master/V2RAY/Sub.txt
2026-08-12 19:08:48,224 | INFO     |   → 1221/1545: ✅ 518 взято | 🗑️ 9430 мусор
2026-08-12 19:08:48,224 | INFO     |   → 1222/1545: ✅ 865 взято | 🗑️ 9128 мусор
2026-08-12 19:08:48,224 | INFO     |   → 1223/1545: ✅ 612 взято | 🗑️ 9387 мусор
2026-08-12 19:08:48,224 | INFO     |   → 1224/1545: ✅ 568 взято | 🗑️ 9432 мусор
2026-08-12 19:08:48,224 | INFO     |   → 1225/1545: ✅ 516 взято | 🗑️ 9484 мусор
2026-08-12 19:08:48,224 | INFO     |   → 1226/1545: ✅ 602 взято | 🗑️ 9398 мусор
2026-08-12 19:08:48,224 | INFO     |   → 1227/1545: ✅ 629 взято | 🗑️ 9371 мусор
2026-08-12 19:08:48,224 | INFO     |   → 1228/1545: ✅ 518 взято | 🗑️ 9482 мусор
2026-08-12 19:08:48,224 | INFO     |   → 1229/1545: ✅ 924 взято | 🗑️ 9076 мусор
2026-08-12 19:08:48,224 | INFO     |   → 1230/1545: ✅ 453 взято | 🗑️ 9547 мусор
2026-08-12 19:08:48,224 | INFO     |   → 1231/1545: ✅ 551 взято | 🗑️ 9449 мусор
2026-08-12 19:08:48,224 | INFO     |   → 1232/1545: ✅ 472 взято | 🗑️ 9528 мусор
2026-08-12 19:08:48,224 | INFO     |   → 1233/1545: ✅ 667 взято | 🗑️ 9333 мусор
2026-08-12 19:08:48,225 | INFO     |   → 1234/1545: ✅ 594 взято | 🗑️ 9404 мусор
2026-08-12 19:08:48,225 | INFO     |   → 1235/1545: ✅ 2718 взято | 🗑️ 7280 мусор
2026-08-12 19:08:48,225 | INFO     |   → 1236/1545: ✅ 389 взято | 🗑️ 9611 мусор
2026-08-12 19:08:48,225 | INFO     |   → 1237/1545: ✅ 581 взято | 🗑️ 9419 мусор
2026-08-12 19:08:48,225 | INFO     |   → 1238/1545: ✅ 448 взято | 🗑️ 9552 мусор
2026-08-12 19:08:48,225 | INFO     |   → 1239/1545: ✅ 491 взято | 🗑️ 9509 мусор
2026-08-12 19:08:48,225 | INFO     |   → 1240/1545: ✅ 284 взято | 🗑️ 9716 мусор
2026-08-12 19:08:48,225 | INFO     |   → 1241/1545: ✅ 403 взято | 🗑️ 9597 мусор
2026-08-12 19:08:48,225 | INFO     |   → 1242/1545: ✅ 331 взято | 🗑️ 9669 мусор
2026-08-12 19:08:48,225 | INFO     |   → 1243/1545: ✅ 457 взято | 🗑️ 9543 мусор
2026-08-12 19:08:48,225 | INFO     |   → 1244/1545: ✅ 456 взято | 🗑️ 9544 мусор
2026-08-12 19:08:48,225 | INFO     |   → 1245/1545: ✅ 357 взято | 🗑️ 9643 мусор
2026-08-12 19:08:48,225 | INFO     |   → 1246/1545: ✅ 306 взято | 🗑️ 9694 мусор
2026-08-12 19:08:48,225 | INFO     |   → 1247/1545: ✅ 424 взято | 🗑️ 9576 мусор
2026-08-12 19:08:48,225 | INFO     |   → 1248/1545: ✅ 254 взято | 🗑️ 9746 мусор
2026-08-12 19:08:48,225 | INFO     |   → 1249/1545: ✅ 380 взято | 🗑️ 9620 мусор
2026-08-12 19:08:48,225 | INFO     |   → 1250/1545: ✅ 435 взято | 🗑️ 9565 мусор
2026-08-12 19:08:48,225 | INFO     |   → 1251/1545: ✅ 392 взято | 🗑️ 9608 мусор
2026-08-12 19:08:48,225 | INFO     |   → 1252/1545: ✅ 659 взято | 🗑️ 9341 мусор
2026-08-12 19:08:48,225 | INFO     |   → 1253/1545: ✅ 349 взято | 🗑️ 9651 мусор
2026-08-12 19:08:48,225 | INFO     |   → 1254/1545: ✅ 797 взято | 🗑️ 9090 мусор
2026-08-12 19:08:48,225 | INFO     |   → 1255/1545: ✅ 362 взято | 🗑️ 9638 мусор
2026-08-12 19:08:48,225 | INFO     |   → 1256/1545: ✅ 292 взято | 🗑️ 9708 мусор
2026-08-12 19:08:48,225 | INFO     |   → 1257/1545: ✅ 633 взято | 🗑️ 9362 мусор
2026-08-12 19:08:48,225 | INFO     |   → 1258/1545: ✅ 819 взято | 🗑️ 9181 мусор
2026-08-12 19:08:48,225 | INFO     |   → 1259/1545: ✅ 797 взято | 🗑️ 9203 мусор
2026-08-12 19:08:48,225 | INFO     |   → 1260/1545: ✅ 458 взято | 🗑️ 9540 мусор
2026-08-12 19:08:48,225 | INFO     |   → 1261/1545: ✅ 467 взято | 🗑️ 9526 мусор
2026-08-12 19:08:48,225 | INFO     |   → 1262/1545: ✅ 168 взято | 🗑️ 9832 мусор
2026-08-12 19:08:48,226 | INFO     |   → 1263/1545: ✅ 441 взято | 🗑️ 9558 мусор
2026-08-12 19:08:48,226 | INFO     |   → 1264/1545: ✅ 161 взято | 🗑️ 9839 мусор
2026-08-12 19:08:48,226 | INFO     |   → 1265/1545: ✅ 1112 взято | 🗑️ 8810 мусор
2026-08-12 19:08:48,226 | INFO     |   → 1266/1545: ✅ 513 взято | 🗑️ 9456 мусор
2026-08-12 19:08:48,226 | INFO     |   → 1267/1545: ✅ 217 взято | 🗑️ 9778 мусор
2026-08-12 19:08:48,226 | INFO     |   → 1268/1545: ✅ 256 взято | 🗑️ 9744 мусор
2026-08-12 19:08:48,226 | INFO     |   → 1269/1545: ✅ 272 взято | 🗑️ 9728 мусор
2026-08-12 19:08:48,226 | INFO     |   → 1270/1545: ✅ 283 взято | 🗑️ 9717 мусор
2026-08-12 19:08:48,226 | INFO     |   → 1271/1545: ✅ 199 взято | 🗑️ 9801 мусор
2026-08-12 19:08:48,226 | INFO     |   → 1272/1545: ✅ 360 взято | 🗑️ 9638 мусор
2026-08-12 19:08:48,226 | INFO     |   → 1273/1545: ✅ 766 взято | 🗑️ 9234 мусор
2026-08-12 19:08:48,226 | INFO     |   → 1274/1545: ✅ 388 взято | 🗑️ 9607 мусор
2026-08-12 19:08:48,226 | INFO     |   → 1275/1545: ✅ 173 взято | 🗑️ 9823 мусор
2026-08-12 19:08:48,226 | INFO     |   → 1276/1545: ✅ 290 взято | 🗑️ 9628 мусор
2026-08-12 19:08:48,226 | INFO     |   → 1277/1545: ✅ 166 взято | 🗑️ 9829 мусор
2026-08-12 19:08:48,226 | INFO     |   → 1278/1545: ✅ 154 взято | 🗑️ 9841 мусор
2026-08-12 19:08:48,226 | INFO     |   → 1279/1545: ✅ 171 взято | 🗑️ 9826 мусор
2026-08-12 19:08:48,226 | INFO     |   → 1280/1545: ✅ 153 взято | 🗑️ 9841 мусор
2026-08-12 19:08:48,226 | INFO     |   → 1281/1545: ✅ 475 взято | 🗑️ 9403 мусор
2026-08-12 19:08:48,226 | INFO     |   → 1282/1545: ✅ 258 взято | 🗑️ 9474 мусор
2026-08-12 19:08:48,226 | INFO     |   → 1283/1545: ✅ 111 взято | 🗑️ 8787 мусор
2026-08-12 19:08:48,226 | INFO     |   → 1284/1545: ✅ 4198 взято | 🗑️ 118661 мусор
2026-08-12 19:08:48,226 | INFO     |   → 1285/1545: ✅ 11427 взято | 🗑️ 130339 мусор
2026-08-12 19:08:48,226 | INFO     |   → 1286/1545: ✅ 113 взято | 🗑️ 401460 мусор
2026-08-12 19:08:48,226 | INFO     |   → 1287/1545: ✅ 125 взято | 🗑️ 204578 мусор
2026-08-12 19:08:48,226 | INFO     |   → 1288/1545: ✅ 0 взято | 🗑️ 0 мусор
2026-08-12 19:08:48,226 | INFO     |   → 1289/1545: ✅ 0 взято | 🗑️ 0 мусор
2026-08-12 19:08:48,226 | INFO     |   → 1290/1545: ✅ 3 взято | 🗑️ 49 мусор
2026-08-12 19:08:48,226 | INFO     |   → 1291/1545: ✅ 4639 взято | 🗑️ 92528 мусор
2026-08-12 19:08:48,227 | INFO     |   → 1292/1545: ✅ 0 взято | 🗑️ 24774 мусор
2026-08-12 19:08:48,227 | INFO     |   → 1293/1545: ✅ 0 взято | 🗑️ 8926 мусор
2026-08-12 19:08:48,227 | INFO     |   → 1294/1545: ✅ 0 взято | 🗑️ 48678 мусор
2026-08-12 19:08:48,227 | INFO     |   → 1295/1545: ✅ 0 взято | 🗑️ 10153 мусор
2026-08-12 19:08:48,227 | INFO     |   → 1296/1545: ✅ 0 взято | 🗑️ 92528 мусор
2026-08-12 19:08:48,227 | INFO     |   → 1297/1545 ❌ HTTP 404 — https://raw.githubusercontent.com/shadowsocksr-rm/shadowsocksr-csharp/main/shadowsocks-csharp/Data/cn.txt
2026-08-12 19:08:48,227 | INFO     |   → 1298/1545: ✅ 0 взято | 🗑️ 0 мусор
2026-08-12 19:08:48,227 | INFO     |   → 1299/1545 ❌ HTTP 404 — https://raw.githubusercontent.com/shigalin/Config/main/MEOW/proxy.txt
2026-08-12 19:08:48,227 | INFO     |   → 1300/1545 ❌ HTTP 404 — https://raw.githubusercontent.com/shirkerboy/scp/main/sub
2026-08-12 19:08:48,227 | INFO     |   → 1301/1545: ✅ 0 взято | 🗑️ 7 мусор
2026-08-12 19:08:48,227 | INFO     |   → 1302/1545: ✅ 0 взято | 🗑️ 0 мусор
2026-08-12 19:08:48,227 | INFO     |   → 1303/1545: ✅ 0 взято | 🗑️ 0 мусор
2026-08-12 19:08:48,227 | INFO     |   → 1304/1545 ❌ HTTP 404 — https://raw.githubusercontent.com/slpcat/docker-images/main/vpn/v2ray/NOTE.txt
2026-08-12 19:08:48,227 | INFO     |   → 1305/1545 ❌ HTTP 404 — https://raw.githubusercontent.com/snakem982/proxypool/main/nodelist.txt
2026-08-12 19:08:48,227 | INFO     |   → 1306/1545: ✅ 48 взято | 🗑️ 36 мусор
2026-08-12 19:08:48,227 | INFO     |   → 1307/1545 ❌ HTTP 404 — https://raw.githubusercontent.com/snakem982/proxypool/main/source/v2ray.txt
2026-08-12 19:08:48,227 | INFO     |   → 1308/1545: ✅ 0 взято | 🗑️ 0 мусор
2026-08-12 19:08:48,227 | INFO     |   → 1309/1545 ❌ HTTP 404 — https://raw.githubusercontent.com/soroushmirzaei/telegram-configs-collector/main/channels/protocols/hysteria
2026-08-12 19:08:48,227 | INFO     |   → 1310/1545 ❌ HTTP 404 — https://raw.githubusercontent.com/soroushmirzaei/telegram-configs-collector/main/channels/protocols/juicity
2026-08-12 19:08:48,227 | INFO     |   → 1311/1545 ❌ HTTP 404 — https://raw.githubusercontent.com/soroushmirzaei/telegram-configs-collector/main/channels/protocols/reality
2026-08-12 19:08:48,227 | INFO     |   → 1312/1545 ❌ HTTP 404 — https://raw.githubusercontent.com/soroushmirzaei/telegram-configs-collector/main/channels/protocols/shadowsocks
2026-08-12 19:08:48,227 | INFO     |   → 1313/1545 ❌ HTTP 404 — https://raw.githubusercontent.com/soroushmirzaei/telegram-configs-collector/main/channels/protocols/trojan
2026-08-12 19:08:48,227 | INFO     |   → 1314/1545 ❌ HTTP 404 — https://raw.githubusercontent.com/soroushmirzaei/telegram-configs-collector/main/channels/protocols/tuic
2026-08-12 19:08:48,227 | INFO     |   → 1315/1545 ❌ HTTP 404 — https://raw.githubusercontent.com/soroushmirzaei/telegram-configs-collector/main/channels/protocols/vless
2026-08-12 19:08:48,227 | INFO     |   → 1316/1545 ❌ HTTP 404 — https://raw.githubusercontent.com/soroushmirzaei/telegram-configs-collector/main/channels/protocols/vmess
2026-08-12 19:08:48,227 | INFO     |   → 1317/1545 ❌ HTTP 404 — https://raw.githubusercontent.com/soroushmirzaei/telegram-configs-collector/main/countries/jp/mixed
2026-08-12 19:08:48,227 | INFO     |   → 1318/1545 ❌ HTTP 404 — https://raw.githubusercontent.com/soroushmirzaei/telegram-configs-collector/main/protocols/hysteria
2026-08-12 19:08:48,227 | INFO     |   → 1319/1545 ❌ HTTP 404 — https://raw.githubusercontent.com/soroushmirzaei/telegram-configs-collector/main/protocols/juicity
2026-08-12 19:08:48,228 | INFO     |   → 1320/1545 ❌ HTTP 404 — https://raw.githubusercontent.com/soroushmirzaei/telegram-configs-collector/main/protocols/reality
2026-08-12 19:08:48,228 | INFO     |   → 1321/1545 ❌ HTTP 404 — https://raw.githubusercontent.com/soroushmirzaei/telegram-configs-collector/main/protocols/shadowsocks
2026-08-12 19:08:48,228 | INFO     |   → 1322/1545 ❌ HTTP 404 — https://raw.githubusercontent.com/soroushmirzaei/telegram-configs-collector/main/protocols/trojan
2026-08-12 19:08:48,228 | INFO     |   → 1323/1545 ❌ HTTP 404 — https://raw.githubusercontent.com/soroushmirzaei/telegram-configs-collector/main/protocols/tuic
2026-08-12 19:08:48,228 | INFO     |   → 1324/1545 ❌ HTTP 404 — https://raw.githubusercontent.com/soroushmirzaei/telegram-configs-collector/main/protocols/vless
2026-08-12 19:08:48,228 | INFO     |   → 1325/1545 ❌ HTTP 404 — https://raw.githubusercontent.com/soroushmirzaei/telegram-configs-collector/main/protocols/vmess
2026-08-12 19:08:48,228 | INFO     |   → 1326/1545 ❌ HTTP 404 — https://raw.githubusercontent.com/soroushmirzaei/telegram-configs-collector/main/splitted/subscribe
2026-08-12 19:08:48,228 | INFO     |   → 1327/1545 ❌ HTTP 404 — https://raw.githubusercontent.com/ssrsub/ssr/master/Clash.yml
2026-08-12 19:08:48,228 | INFO     |   → 1328/1545 ❌ HTTP 404 — https://raw.githubusercontent.com/ssrsub/ssr/master/V2Ray
2026-08-12 19:08:48,228 | INFO     |   → 1329/1545 ❌ HTTP 404 — https://raw.githubusercontent.com/ssrsub/ssr/master/ss-sub
2026-08-12 19:08:48,228 | INFO     |   → 1330/1545 ❌ HTTP 404 — https://raw.githubusercontent.com/ssrsub/ssr/master/ssrsub
2026-08-12 19:08:48,228 | INFO     |   → 1331/1545 ❌ HTTP 404 — https://raw.githubusercontent.com/ssrsub/ssr/master/trojan
2026-08-12 19:08:48,228 | INFO     |   → 1332/1545 ❌ HTTP 404 — https://raw.githubusercontent.com/stormchasingg/zju-rvpn-ubuntu/main/ipv6.txt
2026-08-12 19:08:48,228 | INFO     |   → 1333/1545: ✅ 0 взято | 🗑️ 0 мусор
2026-08-12 19:08:48,228 | INFO     |   → 1334/1545: ✅ 2 взято | 🗑️ 12 мусор
2026-08-12 19:08:48,228 | INFO     |   → 1335/1545: ✅ 0 взято | 🗑️ 13 мусор
2026-08-12 19:08:48,228 | INFO     |   → 1336/1545: ✅ 0 взято | 🗑️ 13 мусор
2026-08-12 19:08:48,228 | INFO     |   → 1337/1545: ✅ 0 взято | 🗑️ 0 мусор
2026-08-12 19:08:48,228 | INFO     |   → 1338/1545 ❌ HTTP 404 — https://raw.githubusercontent.com/tbbatbb/Proxy/master/dist/clash.config.yaml
2026-08-12 19:08:48,228 | INFO     |   → 1339/1545 ❌ HTTP 404 — https://raw.githubusercontent.com/tech-srl/c3po/main/DataCreation/sampled_repos.txt
2026-08-12 19:08:48,228 | INFO     |   → 1340/1545 ❌ HTTP 404 — https://raw.githubusercontent.com/tickmao/Rules/main/Shadowsocks/pac.txt
2026-08-12 19:08:48,228 | INFO     |   → 1341/1545: ✅ 0 взято | 🗑️ 35 мусор
2026-08-12 19:08:48,228 | INFO     |   → 1342/1545: ✅ 0 взято | 🗑️ 0 мусор
2026-08-12 19:08:48,228 | INFO     |   → 1343/1545 ❌ HTTP 404 — https://raw.githubusercontent.com/tonyh2021/QLadder/main/topic.txt
2026-08-12 19:08:48,228 | INFO     |   → 1344/1545 ❌ HTTP 404 — https://raw.githubusercontent.com/totravel/shadowsocks-ws/main/local/banner.txt
2026-08-12 19:08:48,228 | INFO     |   → 1345/1545: ✅ 5 взято | 🗑️ 111 мусор
2026-08-12 19:08:48,228 | INFO     |   → 1346/1545: ✅ 0 взято | 🗑️ 0 мусор
2026-08-12 19:08:48,228 | INFO     |   → 1347/1545: ✅ 0 взято | 🗑️ 198 мусор
2026-08-12 19:08:48,228 | INFO     |   → 1348/1545 ❌ HTTP 404 — https://raw.githubusercontent.com/v2clash/Autoproxy/a81f840ab2364124133572ec94e4b81fb0d4e58d/sub/2401/240104.txt
2026-08-12 19:08:48,229 | INFO     |   → 1349/1545 ❌ HTTP 404 — https://raw.githubusercontent.com/v2clash/V2ray-Configs/31f493c584d0c7b56350f4a34d80c53ad82bcc18/Sub9.txt
2026-08-12 19:08:48,229 | INFO     |   → 1350/1545 ❌ HTTP 404 — https://raw.githubusercontent.com/v2rayA/dist-v2ray-rules-dat/main/gfw.txt
2026-08-12 19:08:48,229 | INFO     |   → 1351/1545 ❌ HTTP 404 — https://raw.githubusercontent.com/v3aqb/fwlite/main/release_note.txt
2026-08-12 19:08:48,229 | INFO     |   → 1352/1545: ✅ 0 взято | 🗑️ 0 мусор
2026-08-12 19:08:48,229 | INFO     |   → 1353/1545: ✅ 0 взято | 🗑️ 0 мусор
2026-08-12 19:08:48,229 | INFO     |   → 1354/1545: ✅ 0 взято | 🗑️ 0 мусор
2026-08-12 19:08:48,229 | INFO     |   → 1355/1545: ✅ 0 взято | 🗑️ 9640 мусор
2026-08-12 19:08:48,229 | INFO     |   → 1356/1545: ✅ 0 взято | 🗑️ 10086 мусор
2026-08-12 19:08:48,229 | INFO     |   → 1357/1545: ✅ 0 взято | 🗑️ 9675 мусор
2026-08-12 19:08:48,229 | INFO     |   → 1358/1545: ✅ 0 взято | 🗑️ 9823 мусор
2026-08-12 19:08:48,229 | INFO     |   → 1359/1545: ✅ 1 взято | 🗑️ 9639 мусор
2026-08-12 19:08:48,229 | INFO     |   → 1360/1545: ✅ 0 взято | 🗑️ 7919 мусор
2026-08-12 19:08:48,229 | INFO     |   → 1361/1545: ✅ 0 взято | 🗑️ 4836 мусор
2026-08-12 19:08:48,229 | INFO     |   → 1362/1545: ✅ 0 взято | 🗑️ 7659 мусор
2026-08-12 19:08:48,229 | INFO     |   → 1363/1545: ✅ 0 взято | 🗑️ 8081 мусор
2026-08-12 19:08:48,229 | INFO     |   → 1364/1545: ✅ 0 взято | 🗑️ 5131 мусор
2026-08-12 19:08:48,229 | INFO     |   → 1365/1545: ✅ 0 взято | 🗑️ 0 мусор
2026-08-12 19:08:48,229 | INFO     |   → 1366/1545 ❌ HTTP 404 — https://raw.githubusercontent.com/vveg26/chromego_merge/main/sub/merged_proxies.yaml
2026-08-12 19:08:48,229 | INFO     |   → 1367/1545 ❌ HTTP 404 — https://raw.githubusercontent.com/vveg26/get_proxy/main/dist/clash.config.yaml
2026-08-12 19:08:48,229 | INFO     |   → 1368/1545: ✅ 0 взято | 🗑️ 10 мусор
2026-08-12 19:08:48,229 | INFO     |   → 1369/1545: ✅ 0 взято | 🗑️ 10 мусор
2026-08-12 19:08:48,229 | INFO     |   → 1370/1545: ✅ 0 взято | 🗑️ 4 мусор
2026-08-12 19:08:48,229 | INFO     |   → 1371/1545: ✅ 0 взято | 🗑️ 0 мусор
2026-08-12 19:08:48,229 | INFO     |   → 1372/1545: ✅ 0 взято | 🗑️ 4 мусор
2026-08-12 19:08:48,229 | INFO     |   → 1373/1545: ✅ 106 взято | 🗑️ 689 мусор
2026-08-12 19:08:48,229 | INFO     |   → 1374/1545: ✅ 48 взято | 🗑️ 841 мусор
2026-08-12 19:08:48,229 | INFO     |   → 1375/1545: ✅ 21 взято | 🗑️ 789 мусор
2026-08-12 19:08:48,229 | INFO     |   → 1376/1545: ✅ 24 взято | 🗑️ 774 мусор
2026-08-12 19:08:48,229 | INFO     |   → 1377/1545: ✅ 52 взято | 🗑️ 756 мусор
2026-08-12 19:08:48,230 | INFO     |   → 1378/1545: ✅ 191 взято | 🗑️ 745 мусор
2026-08-12 19:08:48,230 | INFO     |   → 1379/1545: ✅ 9 взято | 🗑️ 651 мусор
2026-08-12 19:08:48,230 | INFO     |   → 1380/1545: ✅ 185 взято | 🗑️ 388 мусор
2026-08-12 19:08:48,230 | INFO     |   → 1381/1545: ✅ 130 взято | 🗑️ 523 мусор
2026-08-12 19:08:48,230 | INFO     |   → 1382/1545: ✅ 67 взято | 🗑️ 533 мусор
2026-08-12 19:08:48,230 | INFO     |   → 1383/1545: ✅ 98 взято | 🗑️ 444 мусор
2026-08-12 19:08:48,230 | INFO     |   → 1384/1545: ✅ 102 взято | 🗑️ 670 мусор
2026-08-12 19:08:48,230 | INFO     |   → 1385/1545: ✅ 86 взято | 🗑️ 476 мусор
2026-08-12 19:08:48,230 | INFO     |   → 1386/1545: ✅ 95 взято | 🗑️ 657 мусор
2026-08-12 19:08:48,230 | INFO     |   → 1387/1545: ✅ 105 взято | 🗑️ 645 мусор
2026-08-12 19:08:48,230 | INFO     |   → 1388/1545: ✅ 115 взято | 🗑️ 985 мусор
2026-08-12 19:08:48,230 | INFO     |   → 1389/1545: ✅ 0 взято | 🗑️ 63 мусор
2026-08-12 19:08:48,230 | INFO     |   → 1390/1545: ✅ 0 взято | 🗑️ 62 мусор
2026-08-12 19:08:48,230 | INFO     |   → 1391/1545: ✅ 0 взято | 🗑️ 489 мусор
2026-08-12 19:08:48,230 | INFO     |   → 1392/1545 ❌ HTTP 404 — https://raw.githubusercontent.com/wang1/Manjaro-i3/main/note.txt
2026-08-12 19:08:48,230 | INFO     |   → 1393/1545: ✅ 0 взято | 🗑️ 0 мусор
2026-08-12 19:08:48,230 | INFO     |   → 1394/1545: ✅ 0 взято | 🗑️ 0 мусор
2026-08-12 19:08:48,230 | INFO     |   → 1395/1545: ✅ 0 взято | 🗑️ 0 мусор
2026-08-12 19:08:48,230 | INFO     |   → 1396/1545: ✅ 0 взято | 🗑️ 0 мусор
2026-08-12 19:08:48,230 | INFO     |   → 1397/1545: ✅ 0 взято | 🗑️ 0 мусор
2026-08-12 19:08:48,230 | INFO     |   → 1398/1545: ✅ 0 взято | 🗑️ 52 мусор
2026-08-12 19:08:48,230 | INFO     |   → 1399/1545: ✅ 5 взято | 🗑️ 10 мусор
2026-08-12 19:08:48,230 | INFO     |   → 1400/1545: ✅ 1 взято | 🗑️ 124 мусор
2026-08-12 19:08:48,230 | INFO     |   → 1401/1545: ✅ 169 взято | 🗑️ 245 мусор
2026-08-12 19:08:48,230 | INFO     |   → 1402/1545: ✅ 0 взято | 🗑️ 9 мусор
2026-08-12 19:08:48,230 | INFO     |   → 1403/1545: ✅ 1902 взято | 🗑️ 2678 мусор
2026-08-12 19:08:48,230 | INFO     |   → 1404/1545 ❌ HTTP 404 — https://raw.githubusercontent.com/xiaozhu2007/xiaozhu2007/61a755a044dbaeea678bc2d1e20f21a21c6d7170/docs/fxxk.txt
2026-08-12 19:08:48,230 | INFO     |   → 1405/1545: ✅ 1 взято | 🗑️ 159 мусор
2026-08-12 19:08:48,231 | INFO     |   → 1406/1545: ✅ 0 взято | 🗑️ 22 мусор
2026-08-12 19:08:48,231 | INFO     |   → 1407/1545: ✅ 0 взято | 🗑️ 0 мусор
2026-08-12 19:08:48,231 | INFO     |   → 1408/1545: ✅ 0 взято | 🗑️ 0 мусор
2026-08-12 19:08:48,231 | INFO     |   → 1409/1545: ✅ 0 взято | 🗑️ 0 мусор
2026-08-12 19:08:48,231 | INFO     |   → 1410/1545 ❌ HTTP 404 — https://raw.githubusercontent.com/yebekhe/TVC/0f745f92bf381e505f1245abbc7c145b19b11503/config.txt
2026-08-12 19:08:48,231 | INFO     |   → 1411/1545 ❌ HTTP 404 — https://raw.githubusercontent.com/yebekhe/TVC/9fac69239c69327fb7a61f5a8d79d107133889e1/lite/config.txt
2026-08-12 19:08:48,231 | INFO     |   → 1412/1545 ❌ HTTP 404 — https://raw.githubusercontent.com/yebekhe/TelegramV2rayCollector/main/sub/normal/donated
2026-08-12 19:08:48,231 | INFO     |   → 1413/1545 ❌ HTTP 404 — https://raw.githubusercontent.com/yebekhe/TelegramV2rayCollector/main/sub/normal/hysteria2
2026-08-12 19:08:48,231 | INFO     |   → 1414/1545 ❌ HTTP 404 — https://raw.githubusercontent.com/yebekhe/TelegramV2rayCollector/main/sub/normal/mix
2026-08-12 19:08:48,231 | INFO     |   → 1415/1545 ❌ HTTP 404 — https://raw.githubusercontent.com/yebekhe/TelegramV2rayCollector/main/sub/normal/reality
2026-08-12 19:08:48,231 | INFO     |   → 1416/1545 ❌ HTTP 404 — https://raw.githubusercontent.com/yebekhe/TelegramV2rayCollector/main/sub/normal/shadowsocks
2026-08-12 19:08:48,231 | INFO     |   → 1417/1545 ❌ HTTP 404 — https://raw.githubusercontent.com/yebekhe/TelegramV2rayCollector/main/sub/normal/trojan
2026-08-12 19:08:48,231 | INFO     |   → 1418/1545 ❌ HTTP 404 — https://raw.githubusercontent.com/yebekhe/TelegramV2rayCollector/main/sub/normal/tuic
2026-08-12 19:08:48,231 | INFO     |   → 1419/1545 ❌ HTTP 404 — https://raw.githubusercontent.com/yebekhe/TelegramV2rayCollector/main/sub/normal/vless
2026-08-12 19:08:48,231 | INFO     |   → 1420/1545 ❌ HTTP 404 — https://raw.githubusercontent.com/yebekhe/TelegramV2rayCollector/main/sub/normal/vmess
2026-08-12 19:08:48,231 | INFO     |   → 1421/1545 ❌ HTTP 404 — https://raw.githubusercontent.com/yebekhe/V2Hub/main/Split/Normal/shadowsocks
2026-08-12 19:08:48,231 | INFO     |   → 1422/1545 ❌ HTTP 404 — https://raw.githubusercontent.com/yebekhe/V2Hub/main/merged
2026-08-12 19:08:48,231 | INFO     |   → 1423/1545: ✅ 0 взято | 🗑️ 30 мусор
2026-08-12 19:08:48,231 | INFO     |   → 1424/1545: ✅ 0 взято | 🗑️ 0 мусор
2026-08-12 19:08:48,231 | INFO     |   → 1425/1545 ❌ HTTP 404 — https://raw.githubusercontent.com/yidahis/shadowsocksr-libev-iOS/main/CMakeCache.txt
2026-08-12 19:08:48,231 | INFO     |   → 1426/1545: ✅ 1530 взято | 🗑️ 11498 мусор
2026-08-12 19:08:48,231 | INFO     |   → 1427/1545: ✅ 7 взято | 🗑️ 414 мусор
2026-08-12 19:08:48,231 | INFO     |   → 1428/1545: ✅ 10 взято | 🗑️ 344 мусор
2026-08-12 19:08:48,231 | INFO     |   → 1429/1545: ✅ 10 взято | 🗑️ 401 мусор
2026-08-12 19:08:48,231 | INFO     |   → 1430/1545: ✅ 138 взято | 🗑️ 2344 мусор
2026-08-12 19:08:48,231 | INFO     |   → 1431/1545: ✅ 1 взято | 🗑️ 443 мусор
2026-08-12 19:08:48,231 | INFO     |   → 1432/1545 ❌ HTTP 404 — https://raw.githubusercontent.com/yuchuanqicy/Over-The-Wall/main/user-rule.txt
2026-08-12 19:08:48,231 | INFO     |   → 1433/1545 ❌ HTTP 404 — https://raw.githubusercontent.com/yyyr-otz/tele-providers-collector/019cb3e07ee52fddbc7caa54fc670c6b9bae6539/sub/proxies.txt
2026-08-12 19:08:48,231 | INFO     |   → 1434/1545 ❌ HTTP 404 — https://raw.githubusercontent.com/yyyr-otz/tele-providers-collector/b7a74ee98bcf02c5a507d688a1bed3aa9f7f4ed1/script/raw/protocols/mixed.txt
2026-08-12 19:08:48,232 | INFO     |   → 1435/1545 ❌ HTTP 404 — https://raw.githubusercontent.com/zfl9/chinadns-ng/main/res/gfwlist.txt
2026-08-12 19:08:48,232 | INFO     |   → 1436/1545: ✅ 0 взято | 🗑️ 0 мусор
2026-08-12 19:08:48,232 | INFO     |   → 1437/1545: ✅ 0 взято | 🗑️ 0 мусор
2026-08-12 19:08:48,232 | INFO     |   → 1438/1545: ✅ 0 взято | 🗑️ 18 мусор
2026-08-12 19:08:48,232 | INFO     |   → 1439/1545: ✅ 0 взято | 🗑️ 5 мусор
2026-08-12 19:08:48,232 | INFO     |   → 1440/1545: ✅ 0 взято | 🗑️ 5 мусор
2026-08-12 19:08:48,232 | INFO     |   → 1441/1545 ❌ HTTP 404 — https://raw.githubusercontent.com/zjuchenyuan/notebook/main/code/newubuntu14.txt
2026-08-12 19:08:48,232 | INFO     |   → 1442/1545: ✅ 0 взято | 🗑️ 0 мусор
2026-08-12 19:08:48,232 | INFO     |   → 1443/1545 ⚠️ Ошибка: HTTPSConnectionPool(host='sub.pmsub.me', port=443): Max retries exceeded with url: /clash.yaml (Caused by SSLError(SSLCertVerificationError(1, '[SSL: CERTIFICATE_VERIFY_FAILED] certificate verify failed: unable to get local issuer certificate (_ssl.c:1016)'))) — https://sub.pmsub.me/clash.yaml
2026-08-12 19:08:48,232 | INFO     |   → 1444/1545: ✅ 0 взято | 🗑️ 1 мусор
2026-08-12 19:08:48,232 | INFO     |   → 1445/1545: ✅ 8 взято | 🗑️ 21 мусор
2026-08-12 19:08:48,232 | INFO     |   → 1446/1545: ✅ 0 взято | 🗑️ 0 мусор
2026-08-12 19:08:48,232 | INFO     |   → 1447/1545: ✅ 9 взято | 🗑️ 19 мусор
2026-08-12 19:08:48,232 | INFO     |   → 1448/1545: ✅ 0 взято | 🗑️ 0 мусор
2026-08-12 19:08:48,232 | INFO     |   → 1449/1545: ✅ 2 взято | 🗑️ 14 мусор
2026-08-12 19:08:48,232 | INFO     |   → 1450/1545: ✅ 4 взято | 🗑️ 22 мусор
2026-08-12 19:08:48,232 | INFO     |   → 1451/1545: ✅ 0 взято | 🗑️ 0 мусор
2026-08-12 19:08:48,232 | INFO     |   → 1452/1545: ✅ 0 взято | 🗑️ 0 мусор
2026-08-12 19:08:48,232 | INFO     |   → 1453/1545: ✅ 0 взято | 🗑️ 0 мусор
2026-08-12 19:08:48,232 | INFO     |   → 1454/1545: ✅ 2 взято | 🗑️ 16 мусор
2026-08-12 19:08:48,232 | INFO     |   → 1455/1545: ✅ 0 взято | 🗑️ 0 мусор
2026-08-12 19:08:48,232 | INFO     |   → 1456/1545: ✅ 4 взято | 🗑️ 7 мусор
2026-08-12 19:08:48,232 | INFO     |   → 1457/1545: ✅ 0 взято | 🗑️ 0 мусор
2026-08-12 19:08:48,232 | INFO     |   → 1458/1545: ✅ 6 взято | 🗑️ 14 мусор
2026-08-12 19:08:48,232 | INFO     |   → 1459/1545: ✅ 0 взято | 🗑️ 0 мусор
2026-08-12 19:08:48,232 | INFO     |   → 1460/1545: ✅ 2 взято | 🗑️ 13 мусор
2026-08-12 19:08:48,232 | INFO     |   → 1461/1545: ✅ 0 взято | 🗑️ 0 мусор
2026-08-12 19:08:48,232 | INFO     |   → 1462/1545: ✅ 0 взято | 🗑️ 0 мусор
2026-08-12 19:08:48,232 | INFO     |   → 1463/1545: ✅ 2 взято | 🗑️ 7 мусор
2026-08-12 19:08:48,233 | INFO     |   → 1464/1545: ✅ 1 взято | 🗑️ 14 мусор
2026-08-12 19:08:48,233 | INFO     |   → 1465/1545: ✅ 2 взято | 🗑️ 14 мусор
2026-08-12 19:08:48,233 | INFO     |   → 1466/1545: ✅ 0 взято | 🗑️ 0 мусор
2026-08-12 19:08:48,233 | INFO     |   → 1467/1545: ✅ 3 взято | 🗑️ 22 мусор
2026-08-12 19:08:48,233 | INFO     |   → 1468/1545: ✅ 0 взято | 🗑️ 0 мусор
2026-08-12 19:08:48,233 | INFO     |   → 1469/1545: ✅ 2 взято | 🗑️ 15 мусор
2026-08-12 19:08:48,233 | INFO     |   → 1470/1545: ✅ 3 взято | 🗑️ 12 мусор
2026-08-12 19:08:48,233 | INFO     |   → 1471/1545: ✅ 0 взято | 🗑️ 0 мусор
2026-08-12 19:08:48,233 | INFO     |   → 1472/1545: ✅ 0 взято | 🗑️ 0 мусор
2026-08-12 19:08:48,233 | INFO     |   → 1473/1545: ✅ 0 взято | 🗑️ 0 мусор
2026-08-12 19:08:48,233 | INFO     |   → 1474/1545: ✅ 4 взято | 🗑️ 11 мусор
2026-08-12 19:08:48,233 | INFO     |   → 1475/1545: ✅ 10 взято | 🗑️ 15 мусор
2026-08-12 19:08:48,233 | INFO     |   → 1476/1545: ✅ 0 взято | 🗑️ 0 мусор
2026-08-12 19:08:48,233 | INFO     |   → 1477/1545: ✅ 13 взято | 🗑️ 15 мусор
2026-08-12 19:08:48,233 | INFO     |   → 1478/1545: ✅ 0 взято | 🗑️ 0 мусор
2026-08-12 19:08:48,233 | INFO     |   → 1479/1545: ✅ 5 взято | 🗑️ 15 мусор
2026-08-12 19:08:48,233 | INFO     |   → 1480/1545: ✅ 0 взято | 🗑️ 0 мусор
2026-08-12 19:08:48,233 | INFO     |   → 1481/1545: ✅ 8 взято | 🗑️ 16 мусор
2026-08-12 19:08:48,233 | INFO     |   → 1482/1545: ✅ 0 взято | 🗑️ 0 мусор
2026-08-12 19:08:48,233 | INFO     |   → 1483/1545: ✅ 0 взято | 🗑️ 24 мусор
2026-08-12 19:08:48,233 | INFO     |   → 1484/1545: ✅ 0 взято | 🗑️ 0 мусор
2026-08-12 19:08:48,233 | INFO     |   → 1485/1545: ✅ 4 взято | 🗑️ 17 мусор
2026-08-12 19:08:48,233 | INFO     |   → 1486/1545: ✅ 0 взято | 🗑️ 0 мусор
2026-08-12 19:08:48,233 | INFO     |   → 1487/1545: ✅ 12 взято | 🗑️ 18 мусор
2026-08-12 19:08:48,233 | INFO     |   → 1488/1545: ✅ 0 взято | 🗑️ 0 мусор
2026-08-12 19:08:48,233 | INFO     |   → 1489/1545: ✅ 2 взято | 🗑️ 17 мусор
2026-08-12 19:08:48,233 | INFO     |   → 1490/1545: ✅ 0 взято | 🗑️ 0 мусор
2026-08-12 19:08:48,233 | INFO     |   → 1491/1545: ✅ 1 взято | 🗑️ 27 мусор
2026-08-12 19:08:48,234 | INFO     |   → 1492/1545: ✅ 0 взято | 🗑️ 0 мусор
2026-08-12 19:08:48,234 | INFO     |   → 1493/1545: ✅ 4 взято | 🗑️ 15 мусор
2026-08-12 19:08:48,234 | INFO     |   → 1494/1545: ✅ 0 взято | 🗑️ 0 мусор
2026-08-12 19:08:48,234 | INFO     |   → 1495/1545: ✅ 4 взято | 🗑️ 26 мусор
2026-08-12 19:08:48,234 | INFO     |   → 1496/1545: ✅ 0 взято | 🗑️ 0 мусор
2026-08-12 19:08:48,234 | INFO     |   → 1497/1545: ✅ 3 взято | 🗑️ 21 мусор
2026-08-12 19:08:48,234 | INFO     |   → 1498/1545: ✅ 0 взято | 🗑️ 0 мусор
2026-08-12 19:08:48,234 | INFO     |   → 1499/1545: ✅ 8 взято | 🗑️ 12 мусор
2026-08-12 19:08:48,234 | INFO     |   → 1500/1545: ✅ 0 взято | 🗑️ 0 мусор
2026-08-12 19:08:48,234 | INFO     |   → 1501/1545: ✅ 8 взято | 🗑️ 15 мусор
2026-08-12 19:08:48,234 | INFO     |   → 1502/1545: ✅ 0 взято | 🗑️ 0 мусор
2026-08-12 19:08:48,234 | INFO     |   → 1503/1545: ✅ 10 взято | 🗑️ 14 мусор
2026-08-12 19:08:48,234 | INFO     |   → 1504/1545: ✅ 0 взято | 🗑️ 0 мусор
2026-08-12 19:08:48,234 | INFO     |   → 1505/1545: ✅ 5 взято | 🗑️ 18 мусор
2026-08-12 19:08:48,234 | INFO     |   → 1506/1545: ✅ 0 взято | 🗑️ 0 мусор
2026-08-12 19:08:48,234 | INFO     |   → 1507/1545: ✅ 5 взято | 🗑️ 22 мусор
2026-08-12 19:08:48,234 | INFO     |   → 1508/1545: ✅ 0 взято | 🗑️ 0 мусор
2026-08-12 19:08:48,234 | INFO     |   → 1509/1545: ✅ 5 взято | 🗑️ 18 мусор
2026-08-12 19:08:48,234 | INFO     |   → 1510/1545: ✅ 0 взято | 🗑️ 0 мусор
2026-08-12 19:08:48,234 | INFO     |   → 1511/1545: ✅ 1 взято | 🗑️ 23 мусор
2026-08-12 19:08:48,234 | INFO     |   → 1512/1545: ✅ 0 взято | 🗑️ 0 мусор
2026-08-12 19:08:48,234 | INFO     |   → 1513/1545: ✅ 5 взято | 🗑️ 18 мусор
2026-08-12 19:08:48,234 | INFO     |   → 1514/1545: ✅ 0 взято | 🗑️ 0 мусор
2026-08-12 19:08:48,234 | INFO     |   → 1515/1545: ✅ 17 взято | 🗑️ 7 мусор
2026-08-12 19:08:48,234 | INFO     |   → 1516/1545: ✅ 0 взято | 🗑️ 0 мусор
2026-08-12 19:08:48,234 | INFO     |   → 1517/1545: ✅ 3 взято | 🗑️ 17 мусор
2026-08-12 19:08:48,234 | INFO     |   → 1518/1545: ✅ 0 взято | 🗑️ 0 мусор
2026-08-12 19:08:48,234 | INFO     |   → 1519/1545: ✅ 7 взято | 🗑️ 14 мусор
2026-08-12 19:08:48,234 | INFO     |   → 1520/1545: ✅ 0 взято | 🗑️ 0 мусор
2026-08-12 19:08:48,235 | INFO     |   → 1521/1545: ✅ 7 взято | 🗑️ 14 мусор
2026-08-12 19:08:48,235 | INFO     |   → 1522/1545: ✅ 0 взято | 🗑️ 0 мусор
2026-08-12 19:08:48,235 | INFO     |   → 1523/1545: ✅ 8 взято | 🗑️ 11 мусор
2026-08-12 19:08:48,235 | INFO     |   → 1524/1545: ✅ 0 взято | 🗑️ 0 мусор
2026-08-12 19:08:48,235 | INFO     |   → 1525/1545: ✅ 0 взято | 🗑️ 22 мусор
2026-08-12 19:08:48,235 | INFO     |   → 1526/1545: ✅ 0 взято | 🗑️ 0 мусор
2026-08-12 19:08:48,235 | INFO     |   → 1527/1545: ✅ 3 взято | 🗑️ 12 мусор
2026-08-12 19:08:48,235 | INFO     |   → 1528/1545: ✅ 0 взято | 🗑️ 0 мусор
2026-08-12 19:08:48,235 | INFO     |   → 1529/1545: ✅ 0 взято | 🗑️ 7 мусор
2026-08-12 19:08:48,235 | INFO     |   → 1530/1545: ✅ 0 взято | 🗑️ 0 мусор
2026-08-12 19:08:48,235 | INFO     |   → 1531/1545: ✅ 2 взято | 🗑️ 8 мусор
2026-08-12 19:08:48,235 | INFO     |   → 1532/1545: ✅ 0 взято | 🗑️ 0 мусор
2026-08-12 19:08:48,235 | INFO     |   → 1533/1545: ✅ 6 взято | 🗑️ 12 мусор
2026-08-12 19:08:48,235 | INFO     |   → 1534/1545: ✅ 0 взято | 🗑️ 0 мусор
2026-08-12 19:08:48,235 | INFO     |   → 1535/1545: ✅ 2 взято | 🗑️ 12 мусор
2026-08-12 19:08:48,235 | INFO     |   → 1536/1545: ✅ 0 взято | 🗑️ 0 мусор
2026-08-12 19:08:48,235 | INFO     |   → 1537/1545: ✅ 8 взято | 🗑️ 12 мусор
2026-08-12 19:08:48,235 | INFO     |   → 1538/1545: ✅ 0 взято | 🗑️ 0 мусор
2026-08-12 19:08:48,235 | INFO     |   → 1539/1545: ✅ 0 взято | 🗑️ 10 мусор
2026-08-12 19:08:48,235 | INFO     |   → 1540/1545: ✅ 0 взято | 🗑️ 0 мусор
2026-08-12 19:08:48,235 | INFO     |   → 1541/1545: ✅ 7 взято | 🗑️ 14 мусор
2026-08-12 19:08:48,235 | INFO     |   → 1542/1545: ✅ 0 взято | 🗑️ 0 мусор
2026-08-12 19:08:48,235 | INFO     |   → 1543/1545: ✅ 4 взято | 🗑️ 19 мусор
2026-08-12 19:08:48,235 | INFO     |   → 1544/1545: ✅ 0 взято | 🗑️ 0 мусор
2026-08-12 19:08:48,235 | INFO     |   → 1545/1545: ✅ 1 взято | 🗑️ 75 мусор
2026-08-12 19:08:48,235 | INFO     |   → ✅ ГОТОВО!
2026-08-12 19:08:48,235 | INFO     |   →    📥 Всего ключей после фильтра: 72266
2026-08-12 19:08:48,235 | INFO     |   →    🔗 Уникальных IP:PORT:SCHEME: 27917
2026-08-12 19:08:48,235 | INFO     |   →    🗑️ Выброшено мусора: 2091134
2026-08-12 19:08:48,236 | INFO     |   → 📊 По протоколам:
2026-08-12 19:08:48,236 | INFO     |   →    vless: 11495
2026-08-12 19:08:48,236 | INFO     |   →    vmess: 7361
2026-08-12 19:08:48,236 | INFO     |   →    trojan: 6077
2026-08-12 19:08:48,236 | INFO     |   →    ss: 2710
2026-08-12 19:08:48,236 | INFO     |   →    hysteria: 15
2026-08-12 19:08:48,236 | INFO     |   →    hysteria2: 133
2026-08-12 19:08:48,236 | INFO     |   →    hy2: 74
2026-08-12 19:08:48,236 | INFO     |   →    tuic: 52
2026-08-12 19:08:48,236 | INFO     | ✅ mirror.py завершён успешно
2026-08-12 19:08:48,236 | INFO     | 
2026-08-12 19:08:48,236 | INFO     | 
2026-08-12 19:08:48,236 | INFO     | ──────────────────────────────────────────────────────────────────────
2026-08-12 19:08:48,236 | INFO     | 📌 ЭТАП: Фильтрация по реальному SNI
2026-08-12 19:08:48,236 | INFO     | ──────────────────────────────────────────────────────────────────────
2026-08-12 19:08:48,236 | INFO     | 🚀 Запуск filter_ru_sni.py (Фильтр по реальному SNI (CDN+RU))...
2026-08-12 19:08:48,868 | INFO     |   → hy2.txt: 74 → 19 (SNI-filtered)
2026-08-12 19:08:48,868 | INFO     |   →   hysteria.txt: 15 → 0 (SNI-filtered)
2026-08-12 19:08:48,868 | INFO     |   →   hysteria2.txt: 133 → 8 (SNI-filtered)
2026-08-12 19:08:48,868 | INFO     |   →   ss.txt: 2710 → 65 (SNI-filtered)
2026-08-12 19:08:48,868 | INFO     |   →   trojan.txt: 6077 → 32 (SNI-filtered)
2026-08-12 19:08:48,868 | INFO     |   →   tuic.txt: 52 → 0 (SNI-filtered)
2026-08-12 19:08:48,868 | INFO     |   →   vless.txt: 11495 → 1767 (SNI-filtered)
2026-08-12 19:08:48,868 | INFO     |   →   vmess.txt: 7361 → 75 (SNI-filtered)
2026-08-12 19:08:48,868 | INFO     |   → ==================================================
2026-08-12 19:08:48,868 | INFO     |   →   Всего входных:  27917
2026-08-12 19:08:48,868 | INFO     |   →   Прошли фильтр:  1966
2026-08-12 19:08:48,868 | INFO     |   →   Отброшено:      25951
2026-08-12 19:08:48,868 | INFO     |   → ==================================================
2026-08-12 19:08:48,868 | INFO     |   → Готово → /home/runner/work/vpn-vless-configs-russia/vpn-vless-configs-russia/githubmirror/ru-sni
2026-08-12 19:08:48,868 | INFO     | ✅ filter_ru_sni.py завершён успешно
2026-08-12 19:08:48,868 | INFO     | 
2026-08-12 19:08:48,869 | INFO     | 
2026-08-12 19:08:48,869 | INFO     | ──────────────────────────────────────────────────────────────────────
2026-08-12 19:08:48,869 | INFO     | 📌 ЭТАП: Экспериментальный RU-SNI фильтр
2026-08-12 19:08:48,869 | INFO     | ──────────────────────────────────────────────────────────────────────
2026-08-12 19:08:48,869 | INFO     | 🚀 Запуск filter_ru_sni_local.py (Экспериментальный фильтр по RU-SNI (локальные домены))...
2026-08-12 19:08:49,261 | INFO     |   → hy2.txt: 74 → 0 (RU-SNI)
2026-08-12 19:08:49,261 | INFO     |   → hysteria.txt: 15 → 0 (RU-SNI)
2026-08-12 19:08:49,262 | INFO     |   → hysteria2.txt: 133 → 0 (RU-SNI)
2026-08-12 19:08:49,262 | INFO     |   → ss.txt: 2710 → 1 (RU-SNI)
2026-08-12 19:08:49,262 | INFO     |   → trojan.txt: 6077 → 3 (RU-SNI)
2026-08-12 19:08:49,262 | INFO     |   → tuic.txt: 52 → 0 (RU-SNI)
2026-08-12 19:08:49,262 | INFO     |   → vless.txt: 11495 → 328 (RU-SNI)
2026-08-12 19:08:49,262 | INFO     |   → vmess.txt: 7361 → 0 (RU-SNI)
2026-08-12 19:08:49,262 | INFO     |   → ==================================================
2026-08-12 19:08:49,262 | INFO     |   → Всего входных:  27917
2026-08-12 19:08:49,262 | INFO     |   → Прошли RU-SNI:  332
2026-08-12 19:08:49,262 | INFO     |   → Отброшено:      27585
2026-08-12 19:08:49,262 | INFO     |   → ==================================================
2026-08-12 19:08:49,262 | INFO     |   → Готово → /home/runner/work/vpn-vless-configs-russia/vpn-vless-configs-russia/githubmirror/ru-sni-local
2026-08-12 19:08:49,262 | INFO     | ✅ filter_ru_sni_local.py завершён успешно
2026-08-12 19:08:49,262 | INFO     | 
2026-08-12 19:08:49,262 | INFO     | 
2026-08-12 19:08:49,262 | INFO     | ──────────────────────────────────────────────────────────────────────
2026-08-12 19:08:49,262 | INFO     | 📌 ЭТАП: Сбор статистики
2026-08-12 19:08:49,262 | INFO     | ──────────────────────────────────────────────────────────────────────
2026-08-12 19:08:49,262 | INFO     | 📊 Сбор статистики...
2026-08-12 19:08:49,262 | INFO     |   📁 githubmirror/clean:
2026-08-12 19:08:49,263 | INFO     |     • hy2         :    74 конфигов
2026-08-12 19:08:49,263 | INFO     |     • hysteria    :    15 конфигов
2026-08-12 19:08:49,263 | INFO     |     • hysteria2   :   133 конфигов
2026-08-12 19:08:49,265 | INFO     |     • ss          :  2710 конфигов
2026-08-12 19:08:49,268 | INFO     |     • trojan      :  6077 конфигов
2026-08-12 19:08:49,268 | INFO     |     • tuic        :    52 конфигов
2026-08-12 19:08:49,280 | INFO     |     • vless       : 11495 конфигов
2026-08-12 19:08:49,285 | INFO     |     • vmess       :  7361 конфигов
2026-08-12 19:08:49,285 | INFO     |   📁 githubmirror/ru-sni:
2026-08-12 19:08:49,286 | INFO     |     • hy2         :    19 конфигов ( 25.7% от clean)
2026-08-12 19:08:49,286 | INFO     |     • hysteria    :     0 конфигов (  0.0% от clean)
2026-08-12 19:08:49,286 | INFO     |     • hysteria2   :     8 конфигов (  6.0% от clean)
2026-08-12 19:08:49,286 | INFO     |     • ss          :    65 конфигов (  2.4% от clean)
2026-08-12 19:08:49,286 | INFO     |     • trojan      :    32 конфигов (  0.5% от clean)
2026-08-12 19:08:49,286 | INFO     |     • tuic        :     0 конфигов (  0.0% от clean)
2026-08-12 19:08:49,289 | INFO     |     • vless       :  1767 конфигов ( 15.4% от clean)
2026-08-12 19:08:49,289 | INFO     |     • vmess       :    75 конфигов (  1.0% от clean)
2026-08-12 19:08:49,289 | INFO     | 
2026-08-12 19:08:49,289 | INFO     |   ──────────────────────────────────────────────────
2026-08-12 19:08:49,289 | INFO     |   📈 ИТОГО:
2026-08-12 19:08:49,289 | INFO     |     Clean (после geo-фильтра):    27917
2026-08-12 19:08:49,289 | INFO     |     RU-SNI (после SNI-фильтра):    1966
2026-08-12 19:08:49,289 | INFO     |     Прошло фильтр:                  7.0%
2026-08-12 19:08:49,289 | INFO     |   ──────────────────────────────────────────────────
2026-08-12 19:08:49,290 | INFO     | ✅ Статистика сохранена: /home/runner/work/vpn-vless-configs-russia/vpn-vless-configs-russia/stats.json
2026-08-12 19:08:49,290 | INFO     | 
2026-08-12 19:08:49,290 | INFO     | ======================================================================
2026-08-12 19:08:49,290 | INFO     | 📊 ИТОГОВЫЙ ОТЧЁТ
2026-08-12 19:08:49,290 | INFO     | ======================================================================
2026-08-12 19:08:49,290 | INFO     |   ✅ OK         | Загрузка и geo-фильтрация
2026-08-12 19:08:49,290 | INFO     |   ✅ OK         | Фильтрация по реальному SNI
2026-08-12 19:08:49,290 | INFO     |   ✅ OK         | Экспериментальный RU-SNI фильтр
2026-08-12 19:08:49,290 | INFO     |   ✅ OK         | Сбор статистики
2026-08-12 19:08:49,290 | INFO     | ──────────────────────────────────────────────────────────────────────
2026-08-12 19:08:49,290 | INFO     | ✅ ВСЕ ЭТАПЫ УСПЕШНЫ (4/4)
2026-08-12 19:08:49,290 | INFO     | ⏰ Время завершения: 2026-08-12 19:08:49
2026-08-12 19:08:49,290 | INFO     | ======================================================================
