2026-05-26 20:05:42,260 | INFO     | ======================================================================
2026-05-26 20:05:42,260 | INFO     | 🔍 VPN KEY CHECKER - Начало проверки
2026-05-26 20:05:42,260 | INFO     | ⏰ Время старта: 2026-05-26 20:05:42
2026-05-26 20:05:42,260 | INFO     | 📂 Рабочая директория: /home/runner/work/vpn-vless-configs-russia/vpn-vless-configs-russia
2026-05-26 20:05:42,260 | INFO     | ======================================================================
2026-05-26 20:05:42,260 | INFO     | 
2026-05-26 20:05:42,260 | INFO     | 🔍 Проверка наличия скриптов...
2026-05-26 20:05:42,260 | INFO     |   ✅ mirror.py
2026-05-26 20:05:42,260 | INFO     |   ✅ filter_ru_sni.py
2026-05-26 20:05:42,260 | INFO     |   ✅ filter_ru_sni_local.py
2026-05-26 20:05:42,260 | INFO     | 
2026-05-26 20:05:42,260 | INFO     | 
2026-05-26 20:05:42,260 | INFO     | ──────────────────────────────────────────────────────────────────────
2026-05-26 20:05:42,260 | INFO     | 📌 ЭТАП: Загрузка и geo-фильтрация
2026-05-26 20:05:42,260 | INFO     | ──────────────────────────────────────────────────────────────────────
2026-05-26 20:05:42,260 | INFO     | 🚀 Запуск mirror.py (Загрузка и фильтрация по РФ/СНГ/Европа)...
2026-05-26 20:09:12,897 | INFO     |   → 🚀 Старт: всего источников (старые + новые): 1013
2026-05-26 20:09:12,897 | INFO     |   → 1/1013: ✅ 13 взято | 🗑️ 242 мусор
2026-05-26 20:09:12,897 | INFO     |   → 2/1013: ✅ 0 взято | 🗑️ 0 мусор
2026-05-26 20:09:12,897 | INFO     |   → 3/1013 ❌ HTTP 404 — https://bitbucket.org/huwo1/proxy_nodes/raw/f31ca9ec67b84071515729ff45b011b6b09c10f2/clash.yaml
2026-05-26 20:09:12,897 | INFO     |   → 4/1013 ❌ HTTP 404 — https://cdn.jsdelivr.net/gh/cry0ice/genode@main/public/all.txt
2026-05-26 20:09:12,897 | INFO     |   → 5/1013 ❌ HTTP 404 — https://cdn.jsdelivr.net/gh/cry0ice/genode@main/public/ss.txt
2026-05-26 20:09:12,897 | INFO     |   → 6/1013 ❌ HTTP 404 — https://cdn.jsdelivr.net/gh/cry0ice/genode@main/public/ssr.txt
2026-05-26 20:09:12,897 | INFO     |   → 7/1013 ❌ HTTP 404 — https://cdn.jsdelivr.net/gh/cry0ice/genode@main/public/trojan.txt
2026-05-26 20:09:12,897 | INFO     |   → 8/1013 ❌ HTTP 404 — https://cdn.jsdelivr.net/gh/cry0ice/genode@main/public/vless.txt
2026-05-26 20:09:12,897 | INFO     |   → 9/1013 ❌ HTTP 404 — https://cdn.jsdelivr.net/gh/cry0ice/genode@main/public/vmess.txt
2026-05-26 20:09:12,897 | INFO     |   → 10/1013: ✅ 0 взято | 🗑️ 0 мусор
2026-05-26 20:09:12,898 | INFO     |   → 11/1013: ✅ 0 взято | 🗑️ 0 мусор
2026-05-26 20:09:12,898 | INFO     |   → 12/1013: ✅ 0 взято | 🗑️ 0 мусор
2026-05-26 20:09:12,898 | INFO     |   → 13/1013: ✅ 0 взято | 🗑️ 0 мусор
2026-05-26 20:09:12,898 | INFO     |   → 14/1013: ✅ 0 взято | 🗑️ 0 мусор
2026-05-26 20:09:12,898 | INFO     |   → 15/1013: ✅ 0 взято | 🗑️ 0 мусор
2026-05-26 20:09:12,898 | INFO     |   → 16/1013: ✅ 0 взято | 🗑️ 0 мусор
2026-05-26 20:09:12,898 | INFO     |   → 17/1013: ✅ 0 взято | 🗑️ 0 мусор
2026-05-26 20:09:12,898 | INFO     |   → 18/1013: ✅ 0 взято | 🗑️ 0 мусор
2026-05-26 20:09:12,898 | INFO     |   → 19/1013: ✅ 0 взято | 🗑️ 0 мусор
2026-05-26 20:09:12,898 | INFO     |   → 20/1013: ✅ 0 взято | 🗑️ 0 мусор
2026-05-26 20:09:12,898 | INFO     |   → 21/1013: ✅ 0 взято | 🗑️ 0 мусор
2026-05-26 20:09:12,898 | INFO     |   → 22/1013: ✅ 0 взято | 🗑️ 0 мусор
2026-05-26 20:09:12,898 | INFO     |   → 23/1013: ✅ 0 взято | 🗑️ 0 мусор
2026-05-26 20:09:12,898 | INFO     |   → 24/1013: ✅ 0 взято | 🗑️ 0 мусор
2026-05-26 20:09:12,898 | INFO     |   → 25/1013: ✅ 0 взято | 🗑️ 0 мусор
2026-05-26 20:09:12,898 | INFO     |   → 26/1013: ✅ 0 взято | 🗑️ 0 мусор
2026-05-26 20:09:12,898 | INFO     |   → 27/1013: ✅ 0 взято | 🗑️ 0 мусор
2026-05-26 20:09:12,898 | INFO     |   → 28/1013: ✅ 0 взято | 🗑️ 0 мусор
2026-05-26 20:09:12,898 | INFO     |   → 29/1013: ✅ 0 взято | 🗑️ 0 мусор
2026-05-26 20:09:12,898 | INFO     |   → 30/1013: ✅ 0 взято | 🗑️ 0 мусор
2026-05-26 20:09:12,898 | INFO     |   → 31/1013: ✅ 0 взято | 🗑️ 0 мусор
2026-05-26 20:09:12,898 | INFO     |   → 32/1013: ✅ 0 взято | 🗑️ 0 мусор
2026-05-26 20:09:12,898 | INFO     |   → 33/1013: ✅ 0 взято | 🗑️ 0 мусор
2026-05-26 20:09:12,898 | INFO     |   → 34/1013: ✅ 0 взято | 🗑️ 0 мусор
2026-05-26 20:09:12,898 | INFO     |   → 35/1013: ✅ 0 взято | 🗑️ 0 мусор
2026-05-26 20:09:12,898 | INFO     |   → 36/1013: ✅ 0 взято | 🗑️ 0 мусор
2026-05-26 20:09:12,898 | INFO     |   → 37/1013: ✅ 0 взято | 🗑️ 0 мусор
2026-05-26 20:09:12,898 | INFO     |   → 38/1013: ✅ 0 взято | 🗑️ 0 мусор
2026-05-26 20:09:12,898 | INFO     |   → 39/1013: ✅ 0 взято | 🗑️ 0 мусор
2026-05-26 20:09:12,898 | INFO     |   → 40/1013: ✅ 0 взято | 🗑️ 0 мусор
2026-05-26 20:09:12,898 | INFO     |   → 41/1013: ✅ 0 взято | 🗑️ 0 мусор
2026-05-26 20:09:12,898 | INFO     |   → 42/1013: ✅ 0 взято | 🗑️ 0 мусор
2026-05-26 20:09:12,898 | INFO     |   → 43/1013: ✅ 0 взято | 🗑️ 0 мусор
2026-05-26 20:09:12,898 | INFO     |   → 44/1013: ✅ 0 взято | 🗑️ 0 мусор
2026-05-26 20:09:12,898 | INFO     |   → 45/1013: ✅ 0 взято | 🗑️ 0 мусор
2026-05-26 20:09:12,898 | INFO     |   → 46/1013: ✅ 0 взято | 🗑️ 0 мусор
2026-05-26 20:09:12,898 | INFO     |   → 47/1013: ✅ 0 взято | 🗑️ 0 мусор
2026-05-26 20:09:12,898 | INFO     |   → 48/1013: ✅ 0 взято | 🗑️ 0 мусор
2026-05-26 20:09:12,898 | INFO     |   → 49/1013: ✅ 0 взято | 🗑️ 0 мусор
2026-05-26 20:09:12,898 | INFO     |   → 50/1013: ✅ 0 взято | 🗑️ 0 мусор
2026-05-26 20:09:12,898 | INFO     |   → 51/1013: ✅ 0 взято | 🗑️ 0 мусор
2026-05-26 20:09:12,898 | INFO     |   → 52/1013: ✅ 0 взято | 🗑️ 0 мусор
2026-05-26 20:09:12,899 | INFO     |   → 53/1013: ✅ 0 взято | 🗑️ 0 мусор
2026-05-26 20:09:12,899 | INFO     |   → 54/1013: ✅ 0 взято | 🗑️ 0 мусор
2026-05-26 20:09:12,899 | INFO     |   → 55/1013: ✅ 0 взято | 🗑️ 0 мусор
2026-05-26 20:09:12,899 | INFO     |   → 56/1013: ✅ 0 взято | 🗑️ 0 мусор
2026-05-26 20:09:12,899 | INFO     |   → 57/1013: ✅ 0 взято | 🗑️ 0 мусор
2026-05-26 20:09:12,899 | INFO     |   → 58/1013: ✅ 0 взято | 🗑️ 0 мусор
2026-05-26 20:09:12,899 | INFO     |   → 59/1013: ✅ 0 взято | 🗑️ 0 мусор
2026-05-26 20:09:12,899 | INFO     |   → 60/1013: ✅ 0 взято | 🗑️ 0 мусор
2026-05-26 20:09:12,899 | INFO     |   → 61/1013: ✅ 0 взято | 🗑️ 0 мусор
2026-05-26 20:09:12,899 | INFO     |   → 62/1013: ✅ 0 взято | 🗑️ 0 мусор
2026-05-26 20:09:12,899 | INFO     |   → 63/1013: ✅ 0 взято | 🗑️ 0 мусор
2026-05-26 20:09:12,899 | INFO     |   → 64/1013: ✅ 0 взято | 🗑️ 0 мусор
2026-05-26 20:09:12,899 | INFO     |   → 65/1013: ✅ 0 взято | 🗑️ 0 мусор
2026-05-26 20:09:12,899 | INFO     |   → 66/1013: ✅ 0 взято | 🗑️ 0 мусор
2026-05-26 20:09:12,899 | INFO     |   → 67/1013: ✅ 0 взято | 🗑️ 0 мусор
2026-05-26 20:09:12,899 | INFO     |   → 68/1013: ✅ 0 взято | 🗑️ 0 мусор
2026-05-26 20:09:12,899 | INFO     |   → 69/1013: ✅ 0 взято | 🗑️ 0 мусор
2026-05-26 20:09:12,899 | INFO     |   → 70/1013: ✅ 0 взято | 🗑️ 0 мусор
2026-05-26 20:09:12,899 | INFO     |   → 71/1013: ✅ 0 взято | 🗑️ 0 мусор
2026-05-26 20:09:12,899 | INFO     |   → 72/1013: ✅ 0 взято | 🗑️ 0 мусор
2026-05-26 20:09:12,899 | INFO     |   → 73/1013: ✅ 0 взято | 🗑️ 0 мусор
2026-05-26 20:09:12,899 | INFO     |   → 74/1013: ✅ 0 взято | 🗑️ 0 мусор
2026-05-26 20:09:12,899 | INFO     |   → 75/1013: ✅ 0 взято | 🗑️ 0 мусор
2026-05-26 20:09:12,899 | INFO     |   → 76/1013: ✅ 0 взято | 🗑️ 0 мусор
2026-05-26 20:09:12,899 | INFO     |   → 77/1013: ✅ 0 взято | 🗑️ 0 мусор
2026-05-26 20:09:12,899 | INFO     |   → 78/1013: ✅ 0 взято | 🗑️ 0 мусор
2026-05-26 20:09:12,899 | INFO     |   → 79/1013: ✅ 0 взято | 🗑️ 0 мусор
2026-05-26 20:09:12,899 | INFO     |   → 80/1013: ✅ 0 взято | 🗑️ 0 мусор
2026-05-26 20:09:12,899 | INFO     |   → 81/1013: ✅ 0 взято | 🗑️ 0 мусор
2026-05-26 20:09:12,899 | INFO     |   → 82/1013: ✅ 0 взято | 🗑️ 0 мусор
2026-05-26 20:09:12,899 | INFO     |   → 83/1013: ✅ 0 взято | 🗑️ 0 мусор
2026-05-26 20:09:12,899 | INFO     |   → 84/1013: ✅ 0 взято | 🗑️ 0 мусор
2026-05-26 20:09:12,899 | INFO     |   → 85/1013: ✅ 0 взято | 🗑️ 0 мусор
2026-05-26 20:09:12,899 | INFO     |   → 86/1013: ✅ 0 взято | 🗑️ 0 мусор
2026-05-26 20:09:12,899 | INFO     |   → 87/1013: ✅ 0 взято | 🗑️ 0 мусор
2026-05-26 20:09:12,899 | INFO     |   → 88/1013: ✅ 0 взято | 🗑️ 0 мусор
2026-05-26 20:09:12,900 | INFO     |   → 89/1013: ✅ 0 взято | 🗑️ 0 мусор
2026-05-26 20:09:12,900 | INFO     |   → 90/1013: ✅ 0 взято | 🗑️ 0 мусор
2026-05-26 20:09:12,900 | INFO     |   → 91/1013: ✅ 0 взято | 🗑️ 0 мусор
2026-05-26 20:09:12,900 | INFO     |   → 92/1013: ✅ 0 взято | 🗑️ 0 мусор
2026-05-26 20:09:12,900 | INFO     |   → 93/1013: ✅ 0 взято | 🗑️ 0 мусор
2026-05-26 20:09:12,900 | INFO     |   → 94/1013: ✅ 0 взято | 🗑️ 0 мусор
2026-05-26 20:09:12,900 | INFO     |   → 95/1013: ✅ 0 взято | 🗑️ 0 мусор
2026-05-26 20:09:12,900 | INFO     |   → 96/1013: ✅ 0 взято | 🗑️ 0 мусор
2026-05-26 20:09:12,900 | INFO     |   → 97/1013: ✅ 0 взято | 🗑️ 0 мусор
2026-05-26 20:09:12,900 | INFO     |   → 98/1013: ✅ 0 взято | 🗑️ 0 мусор
2026-05-26 20:09:12,900 | INFO     |   → 99/1013: ✅ 0 взято | 🗑️ 0 мусор
2026-05-26 20:09:12,900 | INFO     |   → 100/1013: ✅ 0 взято | 🗑️ 0 мусор
2026-05-26 20:09:12,900 | INFO     |   → 101/1013: ✅ 0 взято | 🗑️ 0 мусор
2026-05-26 20:09:12,900 | INFO     |   → 102/1013 ❌ HTTP 404 — https://freessrnode.github.io/uploads/2024/08/0-20240822.txt
2026-05-26 20:09:12,900 | INFO     |   → 103/1013 ❌ HTTP 404 — https://freessrnode.github.io/uploads/2024/08/1-20240822.txt
2026-05-26 20:09:12,900 | INFO     |   → 104/1013 ❌ HTTP 404 — https://freessrnode.github.io/uploads/2024/08/2-20240822.txt
2026-05-26 20:09:12,900 | INFO     |   → 105/1013 ❌ HTTP 404 — https://freessrnode.github.io/uploads/2024/08/3-20240822.txt
2026-05-26 20:09:12,900 | INFO     |   → 106/1013 ❌ HTTP 404 — https://freessrnode.github.io/uploads/2024/08/4-20240822.txt
2026-05-26 20:09:12,900 | INFO     |   → 107/1013 ⚠️ Ошибка: HTTPSConnectionPool(host='freevpnspy.githubrowcontent.com', port=443): Max retries exceeded with url: /2024/08/20240802_novless.yaml (Caused by NameResolutionError("HTTPSConnection(host='freevpnspy.githubrowcontent.com', port=443): Failed to resolve 'freevpnspy.githubrowcontent.com' ([Errno -2] Name or service not known)")) — https://freevpnspy.githubrowcontent.com/2024/08/20240802_novless.yaml
2026-05-26 20:09:12,900 | INFO     |   → 108/1013 ⚠️ Ошибка: HTTPSConnectionPool(host='freevpnspy.githubrowcontent.com', port=443): Max retries exceeded with url: /2024/08/20240802_vless.yaml (Caused by NameResolutionError("HTTPSConnection(host='freevpnspy.githubrowcontent.com', port=443): Failed to resolve 'freevpnspy.githubrowcontent.com' ([Errno -2] Name or service not known)")) — https://freevpnspy.githubrowcontent.com/2024/08/20240802_vless.yaml
2026-05-26 20:09:12,900 | INFO     |   → 109/1013: ✅ 0 взято | 🗑️ 0 мусор
2026-05-26 20:09:12,900 | INFO     |   → 110/1013: ✅ 14 взято | 🗑️ 292 мусор
2026-05-26 20:09:12,900 | INFO     |   → 111/1013: ✅ 14 взято | 🗑️ 218 мусор
2026-05-26 20:09:12,900 | INFO     |   → 112/1013: ✅ 0 взято | 🗑️ 0 мусор
2026-05-26 20:09:12,900 | INFO     |   → 113/1013: ✅ 0 взято | 🗑️ 0 мусор
2026-05-26 20:09:12,900 | INFO     |   → 114/1013: ✅ 0 взято | 🗑️ 0 мусор
2026-05-26 20:09:12,900 | INFO     |   → 115/1013: ✅ 0 взято | 🗑️ 0 мусор
2026-05-26 20:09:12,900 | INFO     |   → 116/1013: ✅ 5 взято | 🗑️ 211 мусор
2026-05-26 20:09:12,900 | INFO     |   → 117/1013: ✅ 0 взято | 🗑️ 0 мусор
2026-05-26 20:09:12,901 | INFO     |   → 118/1013: ✅ 1 взято | 🗑️ 226 мусор
2026-05-26 20:09:12,901 | INFO     |   → 119/1013: ✅ 0 взято | 🗑️ 0 мусор
2026-05-26 20:09:12,901 | INFO     |   → 120/1013: ✅ 0 взято | 🗑️ 300 мусор
2026-05-26 20:09:12,901 | INFO     |   → 121/1013: ✅ 0 взято | 🗑️ 193 мусор
2026-05-26 20:09:12,901 | INFO     |   → 122/1013: ✅ 0 взято | 🗑️ 0 мусор
2026-05-26 20:09:12,901 | INFO     |   → 123/1013: ✅ 0 взято | 🗑️ 296 мусор
2026-05-26 20:09:12,901 | INFO     |   → 124/1013: ✅ 3 взято | 🗑️ 268 мусор
2026-05-26 20:09:12,901 | INFO     |   → 125/1013: ✅ 1 взято | 🗑️ 248 мусор
2026-05-26 20:09:12,901 | INFO     |   → 126/1013: ✅ 0 взято | 🗑️ 0 мусор
2026-05-26 20:09:12,901 | INFO     |   → 127/1013: ✅ 0 взято | 🗑️ 198 мусор
2026-05-26 20:09:12,901 | INFO     |   → 128/1013: ✅ 0 взято | 🗑️ 0 мусор
2026-05-26 20:09:12,901 | INFO     |   → 129/1013 ❌ HTTP 404 — https://github.com/Epodonios/bulk-xray-v2ray-vless-vmess-...-configs/raw/main/sub/Albania/config.txt
2026-05-26 20:09:12,901 | INFO     |   → 130/1013 ❌ HTTP 404 — https://github.com/Epodonios/bulk-xray-v2ray-vless-vmess-...-configs/raw/main/sub/Cura%C3%A7ao/config.txt
2026-05-26 20:09:12,901 | INFO     |   → 131/1013 ❌ HTTP 404 — https://github.com/Epodonios/bulk-xray-v2ray-vless-vmess-...-configs/raw/main/sub/Finland/config.txt
2026-05-26 20:09:12,901 | INFO     |   → 132/1013 ❌ HTTP 404 — https://github.com/Epodonios/bulk-xray-v2ray-vless-vmess-...-configs/raw/main/sub/Iran/config.txt
2026-05-26 20:09:12,901 | INFO     |   → 133/1013 ❌ HTTP 404 — https://github.com/Epodonios/bulk-xray-v2ray-vless-vmess-...-configs/raw/main/sub/Netherlands/config.txt
2026-05-26 20:09:12,901 | INFO     |   → 134/1013 ❌ HTTP 404 — https://github.com/Epodonios/bulk-xray-v2ray-vless-vmess-...-configs/raw/main/sub/Norway/config.txt
2026-05-26 20:09:12,901 | INFO     |   → 135/1013 ❌ HTTP 404 — https://github.com/Epodonios/bulk-xray-v2ray-vless-vmess-...-configs/raw/main/sub/Russia/config.txt
2026-05-26 20:09:12,901 | INFO     |   → 136/1013: ✅ 13 взято | 🗑️ 70 мусор
2026-05-26 20:09:12,901 | INFO     |   → 137/1013: ✅ 0 взято | 🗑️ 4 мусор
2026-05-26 20:09:12,901 | INFO     |   → 138/1013: ✅ 0 взято | 🗑️ 7 мусор
2026-05-26 20:09:12,901 | INFO     |   → 139/1013: ✅ 0 взято | 🗑️ 51 мусор
2026-05-26 20:09:12,901 | INFO     |   → 140/1013: ✅ 0 взято | 🗑️ 8 мусор
2026-05-26 20:09:12,901 | INFO     |   → 141/1013: ✅ 0 взято | 🗑️ 0 мусор
2026-05-26 20:09:12,901 | INFO     |   → 142/1013: ✅ 17 взято | 🗑️ 119 мусор
2026-05-26 20:09:12,901 | INFO     |   → 143/1013 ❌ HTTP 404 — https://github.com/MrMohebi/xray-proxy-grabber-telegram/raw/master/collected-proxies/clash-meta/all.yaml
2026-05-26 20:09:12,901 | INFO     |   → 144/1013 ❌ HTTP 404 — https://github.com/MrMohebi/xray-proxy-grabber-telegram/raw/master/collected-proxies/row-url/all.txt
2026-05-26 20:09:12,901 | INFO     |   → 145/1013: ✅ 0 взято | 🗑️ 0 мусор
2026-05-26 20:09:12,901 | INFO     |   → 146/1013: ✅ 0 взято | 🗑️ 113 мусор
2026-05-26 20:09:12,902 | INFO     |   → 147/1013: ✅ 0 взято | 🗑️ 119 мусор
2026-05-26 20:09:12,902 | INFO     |   → 148/1013 ❌ HTTP 404 — https://github.com/abbasdvd3/abbasdvd10/73ec60de7a6c6aa6df4c14b511c1da60686891ca/ppo.txt
2026-05-26 20:09:12,902 | INFO     |   → 149/1013 ❌ HTTP 404 — https://github.com/acymz/AutoVPN/refs/heads/main/data/V2.txt
2026-05-26 20:09:12,902 | INFO     |   → 150/1013: ✅ 0 взято | 🗑️ 0 мусор
2026-05-26 20:09:12,902 | INFO     |   → 151/1013: ✅ 0 взято | 🗑️ 0 мусор
2026-05-26 20:09:12,902 | INFO     |   → 152/1013: ✅ 0 взято | 🗑️ 0 мусор
2026-05-26 20:09:12,902 | INFO     |   → 153/1013: ✅ 0 взято | 🗑️ 0 мусор
2026-05-26 20:09:12,902 | INFO     |   → 154/1013: ✅ 0 взято | 🗑️ 0 мусор
2026-05-26 20:09:12,902 | INFO     |   → 155/1013: ✅ 0 взято | 🗑️ 0 мусор
2026-05-26 20:09:12,902 | INFO     |   → 156/1013: ✅ 0 взято | 🗑️ 0 мусор
2026-05-26 20:09:12,902 | INFO     |   → 157/1013 ❌ HTTP 404 — https://github.com/mermeroo/V2RAY-FREE/raw/main/All_Configs_base64_Sub.txt
2026-05-26 20:09:12,902 | INFO     |   → 158/1013 ❌ HTTP 404 — https://github.com/mermeroo/V2RAY-FREE/raw/main/Base64/Sub1_base64.txt
2026-05-26 20:09:12,902 | INFO     |   → 159/1013 ❌ HTTP 404 — https://github.com/mermeroo/V2RAY-FREE/raw/main/Base64/Sub2_base64.txt
2026-05-26 20:09:12,902 | INFO     |   → 160/1013 ❌ HTTP 404 — https://github.com/mermeroo/V2RAY-FREE/raw/main/Base64/Sub3_base64.txt
2026-05-26 20:09:12,902 | INFO     |   → 161/1013 ❌ HTTP 404 — https://github.com/mermeroo/V2RAY-FREE/raw/main/Base64/Sub4_base64.txt
2026-05-26 20:09:12,902 | INFO     |   → 162/1013 ❌ HTTP 404 — https://github.com/mermeroo/V2RAY-FREE/raw/main/Base64/Sub5_base64.txt
2026-05-26 20:09:12,902 | INFO     |   → 163/1013 ❌ HTTP 404 — https://github.com/mermeroo/telegram-configs-collector/raw/main/protocols/hysteria
2026-05-26 20:09:12,902 | INFO     |   → 164/1013 ❌ HTTP 404 — https://github.com/mermeroo/telegram-configs-collector/raw/main/protocols/juicity
2026-05-26 20:09:12,902 | INFO     |   → 165/1013 ❌ HTTP 404 — https://github.com/mermeroo/telegram-configs-collector/raw/main/protocols/tuic
2026-05-26 20:09:12,902 | INFO     |   → 166/1013: ✅ 5 взято | 🗑️ 16 мусор
2026-05-26 20:09:12,902 | INFO     |   → 167/1013: ✅ 0 взято | 🗑️ 0 мусор
2026-05-26 20:09:12,902 | INFO     |   → 168/1013: ✅ 0 взято | 🗑️ 0 мусор
2026-05-26 20:09:12,902 | INFO     |   → 169/1013: ✅ 0 взято | 🗑️ 0 мусор
2026-05-26 20:09:12,902 | INFO     |   → 170/1013: ✅ 3 взято | 🗑️ 238 мусор
2026-05-26 20:09:12,902 | INFO     |   → 171/1013: ✅ 0 взято | 🗑️ 0 мусор
2026-05-26 20:09:12,902 | INFO     |   → 172/1013: ✅ 3 взято | 🗑️ 239 мусор
2026-05-26 20:09:12,902 | INFO     |   → 173/1013: ✅ 0 взято | 🗑️ 0 мусор
2026-05-26 20:09:12,902 | INFO     |   → 174/1013: ✅ 0 взято | 🗑️ 255 мусор
2026-05-26 20:09:12,902 | INFO     |   → 175/1013: ✅ 0 взято | 🗑️ 0 мусор
2026-05-26 20:09:12,903 | INFO     |   → 176/1013: ✅ 1 взято | 🗑️ 249 мусор
2026-05-26 20:09:12,903 | INFO     |   → 177/1013: ✅ 0 взято | 🗑️ 0 мусор
2026-05-26 20:09:12,903 | INFO     |   → 178/1013: ✅ 0 взято | 🗑️ 207 мусор
2026-05-26 20:09:12,903 | INFO     |   → 179/1013: ✅ 0 взято | 🗑️ 0 мусор
2026-05-26 20:09:12,903 | INFO     |   → 180/1013: ✅ 0 взято | 🗑️ 228 мусор
2026-05-26 20:09:12,903 | INFO     |   → 181/1013: ✅ 0 взято | 🗑️ 0 мусор
2026-05-26 20:09:12,903 | INFO     |   → 182/1013: ✅ 1 взято | 🗑️ 291 мусор
2026-05-26 20:09:12,903 | INFO     |   → 183/1013: ✅ 0 взято | 🗑️ 0 мусор
2026-05-26 20:09:12,903 | INFO     |   → 184/1013: ✅ 3 взято | 🗑️ 221 мусор
2026-05-26 20:09:12,903 | INFO     |   → 185/1013: ✅ 0 взято | 🗑️ 0 мусор
2026-05-26 20:09:12,903 | INFO     |   → 186/1013: ✅ 1 взято | 🗑️ 222 мусор
2026-05-26 20:09:12,903 | INFO     |   → 187/1013: ✅ 0 взято | 🗑️ 0 мусор
2026-05-26 20:09:12,903 | INFO     |   → 188/1013: ✅ 1 взято | 🗑️ 218 мусор
2026-05-26 20:09:12,903 | INFO     |   → 189/1013: ✅ 0 взято | 🗑️ 0 мусор
2026-05-26 20:09:12,903 | INFO     |   → 190/1013: ✅ 0 взято | 🗑️ 193 мусор
2026-05-26 20:09:12,903 | INFO     |   → 191/1013: ✅ 0 взято | 🗑️ 0 мусор
2026-05-26 20:09:12,903 | INFO     |   → 192/1013: ✅ 0 взято | 🗑️ 290 мусор
2026-05-26 20:09:12,903 | INFO     |   → 193/1013: ✅ 0 взято | 🗑️ 0 мусор
2026-05-26 20:09:12,903 | INFO     |   → 194/1013: ✅ 0 взято | 🗑️ 238 мусор
2026-05-26 20:09:12,903 | INFO     |   → 195/1013: ✅ 0 взято | 🗑️ 0 мусор
2026-05-26 20:09:12,903 | INFO     |   → 196/1013: ✅ 0 взято | 🗑️ 221 мусор
2026-05-26 20:09:12,903 | INFO     |   → 197/1013: ✅ 0 взято | 🗑️ 0 мусор
2026-05-26 20:09:12,903 | INFO     |   → 198/1013: ✅ 0 взято | 🗑️ 248 мусор
2026-05-26 20:09:12,903 | INFO     |   → 199/1013: ✅ 0 взято | 🗑️ 0 мусор
2026-05-26 20:09:12,903 | INFO     |   → 200/1013: ✅ 0 взято | 🗑️ 203 мусор
2026-05-26 20:09:12,903 | INFO     |   → 201/1013: ✅ 0 взято | 🗑️ 0 мусор
2026-05-26 20:09:12,903 | INFO     |   → 202/1013: ✅ 0 взято | 🗑️ 208 мусор
2026-05-26 20:09:12,903 | INFO     |   → 203/1013: ✅ 0 взято | 🗑️ 0 мусор
2026-05-26 20:09:12,903 | INFO     |   → 204/1013: ✅ 2 взято | 🗑️ 209 мусор
2026-05-26 20:09:12,904 | INFO     |   → 205/1013: ✅ 0 взято | 🗑️ 0 мусор
2026-05-26 20:09:12,904 | INFO     |   → 206/1013: ✅ 0 взято | 🗑️ 258 мусор
2026-05-26 20:09:12,904 | INFO     |   → 207/1013: ✅ 0 взято | 🗑️ 0 мусор
2026-05-26 20:09:12,904 | INFO     |   → 208/1013: ✅ 0 взято | 🗑️ 296 мусор
2026-05-26 20:09:12,904 | INFO     |   → 209/1013: ✅ 0 взято | 🗑️ 0 мусор
2026-05-26 20:09:12,904 | INFO     |   → 210/1013: ✅ 1 взято | 🗑️ 286 мусор
2026-05-26 20:09:12,904 | INFO     |   → 211/1013: ✅ 0 взято | 🗑️ 0 мусор
2026-05-26 20:09:12,904 | INFO     |   → 212/1013: ✅ 0 взято | 🗑️ 195 мусор
2026-05-26 20:09:12,904 | INFO     |   → 213/1013: ✅ 0 взято | 🗑️ 0 мусор
2026-05-26 20:09:12,904 | INFO     |   → 214/1013: ✅ 0 взято | 🗑️ 170 мусор
2026-05-26 20:09:12,904 | INFO     |   → 215/1013: ✅ 0 взято | 🗑️ 0 мусор
2026-05-26 20:09:12,904 | INFO     |   → 216/1013: ✅ 0 взято | 🗑️ 160 мусор
2026-05-26 20:09:12,904 | INFO     |   → 217/1013: ✅ 0 взято | 🗑️ 0 мусор
2026-05-26 20:09:12,904 | INFO     |   → 218/1013: ✅ 0 взято | 🗑️ 121 мусор
2026-05-26 20:09:12,904 | INFO     |   → 219/1013: ✅ 0 взято | 🗑️ 0 мусор
2026-05-26 20:09:12,904 | INFO     |   → 220/1013: ✅ 0 взято | 🗑️ 135 мусор
2026-05-26 20:09:12,904 | INFO     |   → 221/1013: ✅ 0 взято | 🗑️ 0 мусор
2026-05-26 20:09:12,904 | INFO     |   → 222/1013: ✅ 1 взято | 🗑️ 129 мусор
2026-05-26 20:09:12,904 | INFO     |   → 223/1013: ✅ 0 взято | 🗑️ 0 мусор
2026-05-26 20:09:12,904 | INFO     |   → 224/1013: ✅ 0 взято | 🗑️ 189 мусор
2026-05-26 20:09:12,904 | INFO     |   → 225/1013: ✅ 0 взято | 🗑️ 0 мусор
2026-05-26 20:09:12,904 | INFO     |   → 226/1013: ✅ 3 взято | 🗑️ 147 мусор
2026-05-26 20:09:12,904 | INFO     |   → 227/1013: ✅ 0 взято | 🗑️ 0 мусор
2026-05-26 20:09:12,904 | INFO     |   → 228/1013: ✅ 1 взято | 🗑️ 183 мусор
2026-05-26 20:09:12,904 | INFO     |   → 229/1013: ✅ 0 взято | 🗑️ 0 мусор
2026-05-26 20:09:12,904 | INFO     |   → 230/1013: ✅ 0 взято | 🗑️ 155 мусор
2026-05-26 20:09:12,904 | INFO     |   → 231/1013: ✅ 0 взято | 🗑️ 0 мусор
2026-05-26 20:09:12,904 | INFO     |   → 232/1013: ✅ 0 взято | 🗑️ 114 мусор
2026-05-26 20:09:12,904 | INFO     |   → 233/1013: ✅ 0 взято | 🗑️ 0 мусор
2026-05-26 20:09:12,905 | INFO     |   → 234/1013: ✅ 0 взято | 🗑️ 239 мусор
2026-05-26 20:09:12,905 | INFO     |   → 235/1013: ✅ 0 взято | 🗑️ 0 мусор
2026-05-26 20:09:12,905 | INFO     |   → 236/1013: ✅ 0 взято | 🗑️ 204 мусор
2026-05-26 20:09:12,905 | INFO     |   → 237/1013: ✅ 0 взято | 🗑️ 0 мусор
2026-05-26 20:09:12,905 | INFO     |   → 238/1013: ✅ 0 взято | 🗑️ 232 мусор
2026-05-26 20:09:12,905 | INFO     |   → 239/1013: ✅ 0 взято | 🗑️ 0 мусор
2026-05-26 20:09:12,905 | INFO     |   → 240/1013: ✅ 0 взято | 🗑️ 192 мусор
2026-05-26 20:09:12,905 | INFO     |   → 241/1013: ✅ 0 взято | 🗑️ 0 мусор
2026-05-26 20:09:12,905 | INFO     |   → 242/1013: ✅ 0 взято | 🗑️ 183 мусор
2026-05-26 20:09:12,905 | INFO     |   → 243/1013: ✅ 0 взято | 🗑️ 0 мусор
2026-05-26 20:09:12,905 | INFO     |   → 244/1013: ✅ 0 взято | 🗑️ 169 мусор
2026-05-26 20:09:12,905 | INFO     |   → 245/1013: ✅ 0 взято | 🗑️ 0 мусор
2026-05-26 20:09:12,905 | INFO     |   → 246/1013: ✅ 0 взято | 🗑️ 167 мусор
2026-05-26 20:09:12,905 | INFO     |   → 247/1013: ✅ 0 взято | 🗑️ 0 мусор
2026-05-26 20:09:12,905 | INFO     |   → 248/1013: ✅ 0 взято | 🗑️ 193 мусор
2026-05-26 20:09:12,905 | INFO     |   → 249/1013: ✅ 0 взято | 🗑️ 0 мусор
2026-05-26 20:09:12,905 | INFO     |   → 250/1013: ✅ 1 взято | 🗑️ 161 мусор
2026-05-26 20:09:12,905 | INFO     |   → 251/1013: ✅ 0 взято | 🗑️ 0 мусор
2026-05-26 20:09:12,905 | INFO     |   → 252/1013: ✅ 0 взято | 🗑️ 171 мусор
2026-05-26 20:09:12,905 | INFO     |   → 253/1013: ✅ 0 взято | 🗑️ 0 мусор
2026-05-26 20:09:12,905 | INFO     |   → 254/1013: ✅ 0 взято | 🗑️ 174 мусор
2026-05-26 20:09:12,905 | INFO     |   → 255/1013: ✅ 0 взято | 🗑️ 0 мусор
2026-05-26 20:09:12,905 | INFO     |   → 256/1013: ✅ 0 взято | 🗑️ 206 мусор
2026-05-26 20:09:12,905 | INFO     |   → 257/1013: ✅ 0 взято | 🗑️ 0 мусор
2026-05-26 20:09:12,905 | INFO     |   → 258/1013: ✅ 0 взято | 🗑️ 170 мусор
2026-05-26 20:09:12,905 | INFO     |   → 259/1013: ✅ 0 взято | 🗑️ 0 мусор
2026-05-26 20:09:12,905 | INFO     |   → 260/1013: ✅ 1 взято | 🗑️ 196 мусор
2026-05-26 20:09:12,905 | INFO     |   → 261/1013: ✅ 0 взято | 🗑️ 0 мусор
2026-05-26 20:09:12,905 | INFO     |   → 262/1013: ✅ 0 взято | 🗑️ 208 мусор
2026-05-26 20:09:12,906 | INFO     |   → 263/1013: ✅ 0 взято | 🗑️ 0 мусор
2026-05-26 20:09:12,906 | INFO     |   → 264/1013: ✅ 0 взято | 🗑️ 162 мусор
2026-05-26 20:09:12,906 | INFO     |   → 265/1013: ✅ 0 взято | 🗑️ 0 мусор
2026-05-26 20:09:12,906 | INFO     |   → 266/1013 ⚠️ Ошибка: HTTPSConnectionPool(host='ivuxy.tech', port=443): Max retries exceeded with url: /v.txt (Caused by NameResolutionError("HTTPSConnection(host='ivuxy.tech', port=443): Failed to resolve 'ivuxy.tech' ([Errno -2] Name or service not known)")) — https://ivuxy.tech/v.txt
2026-05-26 20:09:12,906 | INFO     |   → 267/1013 ⚠️ Ошибка: HTTPSConnectionPool(host='mirror.ghproxy.com', port=443): Max retries exceeded with url: /https://raw.githubusercontent.com/Barabama/FreeNodes/master/nodes/blues.txt (Caused by NameResolutionError("HTTPSConnection(host='mirror.ghproxy.com', port=443): Failed to resolve 'mirror.ghproxy.com' ([Errno -2] Name or service not known)")) — https://mirror.ghproxy.com/https://raw.githubusercontent.com/Barabama/FreeNodes/master/nodes/blues.txt
2026-05-26 20:09:12,906 | INFO     |   → 268/1013 ⚠️ Ошибка: HTTPSConnectionPool(host='mirror.ghproxy.com', port=443): Max retries exceeded with url: /https://raw.githubusercontent.com/Barabama/FreeNodes/master/nodes/halekj.txt (Caused by NameResolutionError("HTTPSConnection(host='mirror.ghproxy.com', port=443): Failed to resolve 'mirror.ghproxy.com' ([Errno -2] Name or service not known)")) — https://mirror.ghproxy.com/https://raw.githubusercontent.com/Barabama/FreeNodes/master/nodes/halekj.txt
2026-05-26 20:09:12,906 | INFO     |   → 269/1013 ⚠️ Ошибка: HTTPSConnectionPool(host='mirror.ghproxy.com', port=443): Max retries exceeded with url: /https://raw.githubusercontent.com/Barabama/FreeNodes/master/nodes/kkzui.txt (Caused by NameResolutionError("HTTPSConnection(host='mirror.ghproxy.com', port=443): Failed to resolve 'mirror.ghproxy.com' ([Errno -2] Name or service not known)")) — https://mirror.ghproxy.com/https://raw.githubusercontent.com/Barabama/FreeNodes/master/nodes/kkzui.txt
2026-05-26 20:09:12,906 | INFO     |   → 270/1013 ⚠️ Ошибка: HTTPSConnectionPool(host='mirror.ghproxy.com', port=443): Max retries exceeded with url: /https://raw.githubusercontent.com/Barabama/FreeNodes/master/nodes/merged.txt (Caused by NameResolutionError("HTTPSConnection(host='mirror.ghproxy.com', port=443): Failed to resolve 'mirror.ghproxy.com' ([Errno -2] Name or service not known)")) — https://mirror.ghproxy.com/https://raw.githubusercontent.com/Barabama/FreeNodes/master/nodes/merged.txt
2026-05-26 20:09:12,906 | INFO     |   → 271/1013 ⚠️ Ошибка: HTTPSConnectionPool(host='mirror.ghproxy.com', port=443): Max retries exceeded with url: /https://raw.githubusercontent.com/Barabama/FreeNodes/master/nodes/nodefree.txt (Caused by NameResolutionError("HTTPSConnection(host='mirror.ghproxy.com', port=443): Failed to resolve 'mirror.ghproxy.com' ([Errno -2] Name or service not known)")) — https://mirror.ghproxy.com/https://raw.githubusercontent.com/Barabama/FreeNodes/master/nodes/nodefree.txt
2026-05-26 20:09:12,906 | INFO     |   → 272/1013 ⚠️ Ошибка: HTTPSConnectionPool(host='mirror.ghproxy.com', port=443): Max retries exceeded with url: /https://raw.githubusercontent.com/Barabama/FreeNodes/master/nodes/openrunner.txt (Caused by NameResolutionError("HTTPSConnection(host='mirror.ghproxy.com', port=443): Failed to resolve 'mirror.ghproxy.com' ([Errno -2] Name or service not known)")) — https://mirror.ghproxy.com/https://raw.githubusercontent.com/Barabama/FreeNodes/master/nodes/openrunner.txt
2026-05-26 20:09:12,906 | INFO     |   → 273/1013 ⚠️ Ошибка: HTTPSConnectionPool(host='mirror.ghproxy.com', port=443): Max retries exceeded with url: /https://raw.githubusercontent.com/Barabama/FreeNodes/master/nodes/v2rayshare.txt (Caused by NameResolutionError("HTTPSConnection(host='mirror.ghproxy.com', port=443): Failed to resolve 'mirror.ghproxy.com' ([Errno -2] Name or service not known)")) — https://mirror.ghproxy.com/https://raw.githubusercontent.com/Barabama/FreeNodes/master/nodes/v2rayshare.txt
2026-05-26 20:09:12,906 | INFO     |   → 274/1013 ⚠️ Ошибка: HTTPSConnectionPool(host='mirror.ghproxy.com', port=443): Max retries exceeded with url: /https://raw.githubusercontent.com/Barabama/FreeNodes/master/nodes/wenode.txt (Caused by NameResolutionError("HTTPSConnection(host='mirror.ghproxy.com', port=443): Failed to resolve 'mirror.ghproxy.com' ([Errno -2] Name or service not known)")) — https://mirror.ghproxy.com/https://raw.githubusercontent.com/Barabama/FreeNodes/master/nodes/wenode.txt
2026-05-26 20:09:12,906 | INFO     |   → 275/1013 ⚠️ Ошибка: HTTPSConnectionPool(host='mirror.ghproxy.com', port=443): Max retries exceeded with url: /https://raw.githubusercontent.com/Barabama/FreeNodes/master/nodes/yudou66.txt (Caused by NameResolutionError("HTTPSConnection(host='mirror.ghproxy.com', port=443): Failed to resolve 'mirror.ghproxy.com' ([Errno -2] Name or service not known)")) — https://mirror.ghproxy.com/https://raw.githubusercontent.com/Barabama/FreeNodes/master/nodes/yudou66.txt
2026-05-26 20:09:12,906 | INFO     |   → 276/1013: ✅ 7 взято | 🗑️ 17 мусор
2026-05-26 20:09:12,906 | INFO     |   → 277/1013: ✅ 0 взято | 🗑️ 17 мусор
2026-05-26 20:09:12,906 | INFO     |   → 278/1013: ✅ 14 взято | 🗑️ 14 мусор
2026-05-26 20:09:12,906 | INFO     |   → 279/1013: ✅ 0 взято | 🗑️ 14 мусор
2026-05-26 20:09:12,906 | INFO     |   → 280/1013: ✅ 0 взято | 🗑️ 14 мусор
2026-05-26 20:09:12,906 | INFO     |   → 281/1013: ✅ 0 взято | 🗑️ 14 мусор
2026-05-26 20:09:12,906 | INFO     |   → 282/1013: ✅ 0 взято | 🗑️ 14 мусор
2026-05-26 20:09:12,906 | INFO     |   → 283/1013: ✅ 0 взято | 🗑️ 14 мусор
2026-05-26 20:09:12,906 | INFO     |   → 284/1013: ✅ 0 взято | 🗑️ 14 мусор
2026-05-26 20:09:12,906 | INFO     |   → 285/1013: ✅ 0 взято | 🗑️ 14 мусор
2026-05-26 20:09:12,906 | INFO     |   → 286/1013: ✅ 0 взято | 🗑️ 14 мусор
2026-05-26 20:09:12,906 | INFO     |   → 287/1013: ✅ 7 взято | 🗑️ 21 мусор
2026-05-26 20:09:12,906 | INFO     |   → 288/1013: ✅ 0 взято | 🗑️ 21 мусор
2026-05-26 20:09:12,906 | INFO     |   → 289/1013: ✅ 0 взято | 🗑️ 21 мусор
2026-05-26 20:09:12,906 | INFO     |   → 290/1013: ✅ 0 взято | 🗑️ 21 мусор
2026-05-26 20:09:12,907 | INFO     |   → 291/1013: ✅ 0 взято | 🗑️ 21 мусор
2026-05-26 20:09:12,907 | INFO     |   → 292/1013: ✅ 0 взято | 🗑️ 21 мусор
2026-05-26 20:09:12,907 | INFO     |   → 293/1013: ✅ 0 взято | 🗑️ 21 мусор
2026-05-26 20:09:12,907 | INFO     |   → 294/1013: ✅ 0 взято | 🗑️ 21 мусор
2026-05-26 20:09:12,907 | INFO     |   → 295/1013: ✅ 0 взято | 🗑️ 21 мусор
2026-05-26 20:09:12,907 | INFO     |   → 296/1013: ✅ 0 взято | 🗑️ 21 мусор
2026-05-26 20:09:12,907 | INFO     |   → 297/1013: ✅ 0 взято | 🗑️ 21 мусор
2026-05-26 20:09:12,907 | INFO     |   → 298/1013: ✅ 5 взято | 🗑️ 15 мусор
2026-05-26 20:09:12,907 | INFO     |   → 299/1013: ✅ 0 взято | 🗑️ 15 мусор
2026-05-26 20:09:12,907 | INFO     |   → 300/1013: ✅ 0 взято | 🗑️ 15 мусор
2026-05-26 20:09:12,907 | INFO     |   → 301/1013: ✅ 0 взято | 🗑️ 15 мусор
2026-05-26 20:09:12,907 | INFO     |   → 302/1013: ✅ 0 взято | 🗑️ 15 мусор
2026-05-26 20:09:12,907 | INFO     |   → 303/1013: ✅ 0 взято | 🗑️ 15 мусор
2026-05-26 20:09:12,907 | INFO     |   → 304/1013: ✅ 0 взято | 🗑️ 15 мусор
2026-05-26 20:09:12,907 | INFO     |   → 305/1013: ✅ 0 взято | 🗑️ 15 мусор
2026-05-26 20:09:12,907 | INFO     |   → 306/1013: ✅ 0 взято | 🗑️ 15 мусор
2026-05-26 20:09:12,907 | INFO     |   → 307/1013: ✅ 0 взято | 🗑️ 14 мусор
2026-05-26 20:09:12,907 | INFO     |   → 308/1013: ✅ 0 взято | 🗑️ 14 мусор
2026-05-26 20:09:12,907 | INFO     |   → 309/1013: ✅ 0 взято | 🗑️ 14 мусор
2026-05-26 20:09:12,907 | INFO     |   → 310/1013: ✅ 0 взято | 🗑️ 14 мусор
2026-05-26 20:09:12,907 | INFO     |   → 311/1013: ✅ 6 взято | 🗑️ 17 мусор
2026-05-26 20:09:12,907 | INFO     |   → 312/1013: ✅ 0 взято | 🗑️ 17 мусор
2026-05-26 20:09:12,907 | INFO     |   → 313/1013: ✅ 0 взято | 🗑️ 17 мусор
2026-05-26 20:09:12,907 | INFO     |   → 314/1013: ✅ 0 взято | 🗑️ 17 мусор
2026-05-26 20:09:12,907 | INFO     |   → 315/1013: ✅ 0 взято | 🗑️ 17 мусор
2026-05-26 20:09:12,907 | INFO     |   → 316/1013: ✅ 0 взято | 🗑️ 17 мусор
2026-05-26 20:09:12,907 | INFO     |   → 317/1013: ✅ 6 взято | 🗑️ 24 мусор
2026-05-26 20:09:12,907 | INFO     |   → 318/1013: ✅ 0 взято | 🗑️ 24 мусор
2026-05-26 20:09:12,908 | INFO     |   → 319/1013: ✅ 0 взято | 🗑️ 24 мусор
2026-05-26 20:09:12,908 | INFO     |   → 320/1013: ✅ 0 взято | 🗑️ 24 мусор
2026-05-26 20:09:12,908 | INFO     |   → 321/1013: ✅ 0 взято | 🗑️ 24 мусор
2026-05-26 20:09:12,908 | INFO     |   → 322/1013: ✅ 0 взято | 🗑️ 24 мусор
2026-05-26 20:09:12,908 | INFO     |   → 323/1013 ⚠️ Ошибка: HTTPSConnectionPool(host='nodefree.githubrowcontent.com', port=443): Max retries exceeded with url: /2024/07/20240705.yaml (Caused by NameResolutionError("HTTPSConnection(host='nodefree.githubrowcontent.com', port=443): Failed to resolve 'nodefree.githubrowcontent.com' ([Errno -2] Name or service not known)")) — https://nodefree.org/dy/2023/08/20230806.yaml
2026-05-26 20:09:12,908 | INFO     |   → 324/1013 ⚠️ Ошибка: HTTPSConnectionPool(host='nodefree.githubrowcontent.com', port=443): Max retries exceeded with url: /2024/07/20240705.txt (Caused by NameResolutionError("HTTPSConnection(host='nodefree.githubrowcontent.com', port=443): Failed to resolve 'nodefree.githubrowcontent.com' ([Errno -2] Name or service not known)")) — https://nodefree.org/dy/2023/12/20231221.txt
2026-05-26 20:09:12,908 | INFO     |   → 325/1013: ✅ 0 взято | 🗑️ 17 мусор
2026-05-26 20:09:12,908 | INFO     |   → 326/1013: ✅ 0 взято | 🗑️ 17 мусор
2026-05-26 20:09:12,908 | INFO     |   → 327/1013: ✅ 0 взято | 🗑️ 14 мусор
2026-05-26 20:09:12,908 | INFO     |   → 328/1013: ✅ 0 взято | 🗑️ 14 мусор
2026-05-26 20:09:12,908 | INFO     |   → 329/1013: ✅ 0 взято | 🗑️ 14 мусор
2026-05-26 20:09:12,908 | INFO     |   → 330/1013: ✅ 0 взято | 🗑️ 14 мусор
2026-05-26 20:09:12,908 | INFO     |   → 331/1013: ✅ 0 взято | 🗑️ 14 мусор
2026-05-26 20:09:12,908 | INFO     |   → 332/1013: ✅ 0 взято | 🗑️ 14 мусор
2026-05-26 20:09:12,908 | INFO     |   → 333/1013: ✅ 0 взято | 🗑️ 14 мусор
2026-05-26 20:09:12,908 | INFO     |   → 334/1013: ✅ 0 взято | 🗑️ 14 мусор
2026-05-26 20:09:12,908 | INFO     |   → 335/1013: ✅ 0 взято | 🗑️ 14 мусор
2026-05-26 20:09:12,908 | INFO     |   → 336/1013: ✅ 0 взято | 🗑️ 21 мусор
2026-05-26 20:09:12,908 | INFO     |   → 337/1013: ✅ 0 взято | 🗑️ 21 мусор
2026-05-26 20:09:12,908 | INFO     |   → 338/1013: ✅ 0 взято | 🗑️ 21 мусор
2026-05-26 20:09:12,908 | INFO     |   → 339/1013: ✅ 0 взято | 🗑️ 21 мусор
2026-05-26 20:09:12,908 | INFO     |   → 340/1013: ✅ 0 взято | 🗑️ 21 мусор
2026-05-26 20:09:12,908 | INFO     |   → 341/1013: ✅ 0 взято | 🗑️ 21 мусор
2026-05-26 20:09:12,908 | INFO     |   → 342/1013: ✅ 0 взято | 🗑️ 21 мусор
2026-05-26 20:09:12,908 | INFO     |   → 343/1013: ✅ 0 взято | 🗑️ 21 мусор
2026-05-26 20:09:12,908 | INFO     |   → 344/1013: ✅ 0 взято | 🗑️ 21 мусор
2026-05-26 20:09:12,908 | INFO     |   → 345/1013: ✅ 0 взято | 🗑️ 21 мусор
2026-05-26 20:09:12,908 | INFO     |   → 346/1013: ✅ 0 взято | 🗑️ 21 мусор
2026-05-26 20:09:12,908 | INFO     |   → 347/1013: ✅ 0 взято | 🗑️ 15 мусор
2026-05-26 20:09:12,909 | INFO     |   → 348/1013: ✅ 0 взято | 🗑️ 15 мусор
2026-05-26 20:09:12,909 | INFO     |   → 349/1013: ✅ 0 взято | 🗑️ 15 мусор
2026-05-26 20:09:12,909 | INFO     |   → 350/1013: ✅ 0 взято | 🗑️ 15 мусор
2026-05-26 20:09:12,909 | INFO     |   → 351/1013: ✅ 0 взято | 🗑️ 15 мусор
2026-05-26 20:09:12,909 | INFO     |   → 352/1013: ✅ 0 взято | 🗑️ 15 мусор
2026-05-26 20:09:12,909 | INFO     |   → 353/1013: ✅ 0 взято | 🗑️ 15 мусор
2026-05-26 20:09:12,909 | INFO     |   → 354/1013: ✅ 0 взято | 🗑️ 15 мусор
2026-05-26 20:09:12,909 | INFO     |   → 355/1013: ✅ 0 взято | 🗑️ 15 мусор
2026-05-26 20:09:12,909 | INFO     |   → 356/1013: ✅ 0 взято | 🗑️ 15 мусор
2026-05-26 20:09:12,909 | INFO     |   → 357/1013: ✅ 0 взято | 🗑️ 14 мусор
2026-05-26 20:09:12,909 | INFO     |   → 358/1013: ✅ 0 взято | 🗑️ 14 мусор
2026-05-26 20:09:12,909 | INFO     |   → 359/1013: ✅ 0 взято | 🗑️ 14 мусор
2026-05-26 20:09:12,909 | INFO     |   → 360/1013: ✅ 0 взято | 🗑️ 14 мусор
2026-05-26 20:09:12,909 | INFO     |   → 361/1013: ✅ 0 взято | 🗑️ 17 мусор
2026-05-26 20:09:12,909 | INFO     |   → 362/1013: ✅ 0 взято | 🗑️ 17 мусор
2026-05-26 20:09:12,909 | INFO     |   → 363/1013: ✅ 0 взято | 🗑️ 17 мусор
2026-05-26 20:09:12,909 | INFO     |   → 364/1013: ✅ 0 взято | 🗑️ 17 мусор
2026-05-26 20:09:12,909 | INFO     |   → 365/1013: ✅ 0 взято | 🗑️ 17 мусор
2026-05-26 20:09:12,909 | INFO     |   → 366/1013: ✅ 0 взято | 🗑️ 24 мусор
2026-05-26 20:09:12,909 | INFO     |   → 367/1013: ✅ 0 взято | 🗑️ 24 мусор
2026-05-26 20:09:12,909 | INFO     |   → 368/1013: ✅ 0 взято | 🗑️ 24 мусор
2026-05-26 20:09:12,909 | INFO     |   → 369/1013: ✅ 0 взято | 🗑️ 24 мусор
2026-05-26 20:09:12,909 | INFO     |   → 370/1013: ✅ 0 взято | 🗑️ 24 мусор
2026-05-26 20:09:12,909 | INFO     |   → 371/1013: ✅ 0 взято | 🗑️ 24 мусор
2026-05-26 20:09:12,909 | INFO     |   → 372/1013: ✅ 0 взято | 🗑️ 0 мусор
2026-05-26 20:09:12,909 | INFO     |   → 373/1013: ✅ 0 взято | 🗑️ 0 мусор
2026-05-26 20:09:12,909 | INFO     |   → 374/1013: ✅ 0 взято | 🗑️ 0 мусор
2026-05-26 20:09:12,909 | INFO     |   → 375/1013: ✅ 0 взято | 🗑️ 0 мусор
2026-05-26 20:09:12,909 | INFO     |   → 376/1013: ✅ 0 взято | 🗑️ 0 мусор
2026-05-26 20:09:12,910 | INFO     |   → 377/1013: ✅ 0 взято | 🗑️ 0 мусор
2026-05-26 20:09:12,910 | INFO     |   → 378/1013: ✅ 0 взято | 🗑️ 0 мусор
2026-05-26 20:09:12,910 | INFO     |   → 379/1013: ✅ 0 взято | 🗑️ 0 мусор
2026-05-26 20:09:12,910 | INFO     |   → 380/1013: ✅ 0 взято | 🗑️ 0 мусор
2026-05-26 20:09:12,910 | INFO     |   → 381/1013: ✅ 0 взято | 🗑️ 0 мусор
2026-05-26 20:09:12,910 | INFO     |   → 382/1013: ✅ 0 взято | 🗑️ 0 мусор
2026-05-26 20:09:12,910 | INFO     |   → 383/1013: ✅ 0 взято | 🗑️ 0 мусор
2026-05-26 20:09:12,910 | INFO     |   → 384/1013 ❌ HTTP 404 — https://raw.githubusercontent.com/10ium/MihomoSaz/main/Sublist/shatakvpn.yaml4_Sub.txt
2026-05-26 20:09:12,910 | INFO     |   → 385/1013: ✅ 0 взято | 🗑️ 0 мусор
2026-05-26 20:09:12,910 | INFO     |   → 386/1013: ✅ 0 взято | 🗑️ 0 мусор
2026-05-26 20:09:12,910 | INFO     |   → 387/1013: ✅ 12 взято | 🗑️ 38 мусор
2026-05-26 20:09:12,910 | INFO     |   → 388/1013: ✅ 0 взято | 🗑️ 0 мусор
2026-05-26 20:09:12,910 | INFO     |   → 389/1013: ✅ 0 взято | 🗑️ 0 мусор
2026-05-26 20:09:12,910 | INFO     |   → 390/1013: ✅ 11 взято | 🗑️ 399 мусор
2026-05-26 20:09:12,910 | INFO     |   → 391/1013: ✅ 0 взято | 🗑️ 0 мусор
2026-05-26 20:09:12,910 | INFO     |   → 392/1013 ❌ HTTP 404 — https://raw.githubusercontent.com/9Fork/openit/main/Clash.yaml
2026-05-26 20:09:12,910 | INFO     |   → 393/1013: ✅ 100 взято | 🗑️ 381 мусор
2026-05-26 20:09:12,910 | INFO     |   → 394/1013: ✅ 0 взято | 🗑️ 381 мусор
2026-05-26 20:09:12,910 | INFO     |   → 395/1013: ✅ 19 взято | 🗑️ 81 мусор
2026-05-26 20:09:12,910 | INFO     |   → 396/1013: ✅ 11 взято | 🗑️ 87 мусор
2026-05-26 20:09:12,910 | INFO     |   → 397/1013: ✅ 27 взято | 🗑️ 73 мусор
2026-05-26 20:09:12,910 | INFO     |   → 398/1013: ✅ 13 взято | 🗑️ 75 мусор
2026-05-26 20:09:12,910 | INFO     |   → 399/1013: ✅ 10 взято | 🗑️ 83 мусор
2026-05-26 20:09:12,910 | INFO     |   → 400/1013: ✅ 12 взято | 🗑️ 86 мусор
2026-05-26 20:09:12,910 | INFO     |   → 401/1013: ✅ 11 взято | 🗑️ 87 мусор
2026-05-26 20:09:12,910 | INFO     |   → 402/1013: ✅ 11 взято | 🗑️ 80 мусор
2026-05-26 20:09:12,910 | INFO     |   → 403/1013: ✅ 9 взято | 🗑️ 82 мусор
2026-05-26 20:09:12,910 | INFO     |   → 404/1013: ✅ 69 взято | 🗑️ 3 мусор
2026-05-26 20:09:12,910 | INFO     |   → 405/1013: ✅ 3 взято | 🗑️ 75 мусор
2026-05-26 20:09:12,911 | INFO     |   → 406/1013: ✅ 4 взято | 🗑️ 69 мусор
2026-05-26 20:09:12,911 | INFO     |   → 407/1013: ✅ 4 взято | 🗑️ 80 мусор
2026-05-26 20:09:12,911 | INFO     |   → 408/1013: ✅ 6 взято | 🗑️ 81 мусор
2026-05-26 20:09:12,911 | INFO     |   → 409/1013: ✅ 5 взято | 🗑️ 79 мусор
2026-05-26 20:09:12,911 | INFO     |   → 410/1013: ✅ 11 взято | 🗑️ 78 мусор
2026-05-26 20:09:12,911 | INFO     |   → 411/1013: ✅ 3 взято | 🗑️ 83 мусор
2026-05-26 20:09:12,911 | INFO     |   → 412/1013: ✅ 14 взято | 🗑️ 76 мусор
2026-05-26 20:09:12,911 | INFO     |   → 413/1013: ✅ 12 взято | 🗑️ 78 мусор
2026-05-26 20:09:12,911 | INFO     |   → 414/1013: ✅ 26 взято | 🗑️ 218 мусор
2026-05-26 20:09:12,911 | INFO     |   → 415/1013: ✅ 44 взято | 🗑️ 141 мусор
2026-05-26 20:09:12,911 | INFO     |   → 416/1013: ✅ 10 взято | 🗑️ 71 мусор
2026-05-26 20:09:12,911 | INFO     |   → 417/1013: ✅ 2 взято | 🗑️ 88 мусор
2026-05-26 20:09:12,911 | INFO     |   → 418/1013: ✅ 0 взято | 🗑️ 3 мусор
2026-05-26 20:09:12,911 | INFO     |   → 419/1013: ✅ 14 взято | 🗑️ 4 мусор
2026-05-26 20:09:12,911 | INFO     |   → 420/1013: ✅ 642 взято | 🗑️ 2431 мусор
2026-05-26 20:09:12,911 | INFO     |   → 421/1013 ❌ HTTP 404 — https://raw.githubusercontent.com/Alvin9999/pac2/master/clash/1/config.yaml
2026-05-26 20:09:12,911 | INFO     |   → 422/1013 ❌ HTTP 404 — https://raw.githubusercontent.com/AmirHDevo/temp2/7f15e7ddb311a6f8c5ab338bd1af0e1f2136a84b/configs.txt
2026-05-26 20:09:12,911 | INFO     |   → 423/1013: ✅ 6 взято | 🗑️ 127 мусор
2026-05-26 20:09:12,911 | INFO     |   → 424/1013: ✅ 2227 взято | 🗑️ 41275 мусор
2026-05-26 20:09:12,911 | INFO     |   → 425/1013: ✅ 5 взято | 🗑️ 47 мусор
2026-05-26 20:09:12,911 | INFO     |   → 426/1013: ✅ 2 взято | 🗑️ 48 мусор
2026-05-26 20:09:12,911 | INFO     |   → 427/1013: ✅ 21 взято | 🗑️ 107 мусор
2026-05-26 20:09:12,911 | INFO     |   → 428/1013: ✅ 78 взято | 🗑️ 347 мусор
2026-05-26 20:09:12,911 | INFO     |   → 429/1013: ✅ 0 взято | 🗑️ 1373 мусор
2026-05-26 20:09:12,911 | INFO     |   → 430/1013: ✅ 339 взято | 🗑️ 1542 мусор
2026-05-26 20:09:12,911 | INFO     |   → 431/1013: ✅ 0 взято | 🗑️ 6 мусор
2026-05-26 20:09:12,911 | INFO     |   → 432/1013: ✅ 0 взято | 🗑️ 0 мусор
2026-05-26 20:09:12,911 | INFO     |   → 433/1013: ✅ 1 взято | 🗑️ 235 мусор
2026-05-26 20:09:12,911 | INFO     |   → 434/1013: ✅ 0 взято | 🗑️ 16 мусор
2026-05-26 20:09:12,912 | INFO     |   → 435/1013: ✅ 0 взято | 🗑️ 0 мусор
2026-05-26 20:09:12,912 | INFO     |   → 436/1013: ✅ 0 взято | 🗑️ 14 мусор
2026-05-26 20:09:12,912 | INFO     |   → 437/1013: ✅ 0 взято | 🗑️ 0 мусор
2026-05-26 20:09:12,912 | INFO     |   → 438/1013: ✅ 0 взято | 🗑️ 17 мусор
2026-05-26 20:09:12,912 | INFO     |   → 439/1013: ✅ 0 взято | 🗑️ 0 мусор
2026-05-26 20:09:12,912 | INFO     |   → 440/1013: ✅ 1 взято | 🗑️ 12 мусор
2026-05-26 20:09:12,912 | INFO     |   → 441/1013: ✅ 0 взято | 🗑️ 0 мусор
2026-05-26 20:09:12,912 | INFO     |   → 442/1013: ✅ 0 взято | 🗑️ 17 мусор
2026-05-26 20:09:12,912 | INFO     |   → 443/1013: ✅ 0 взято | 🗑️ 0 мусор
2026-05-26 20:09:12,912 | INFO     |   → 444/1013: ✅ 0 взято | 🗑️ 17 мусор
2026-05-26 20:09:12,912 | INFO     |   → 445/1013: ✅ 0 взято | 🗑️ 0 мусор
2026-05-26 20:09:12,912 | INFO     |   → 446/1013: ✅ 0 взято | 🗑️ 161 мусор
2026-05-26 20:09:12,912 | INFO     |   → 447/1013: ✅ 0 взято | 🗑️ 0 мусор
2026-05-26 20:09:12,912 | INFO     |   → 448/1013: ✅ 5 взято | 🗑️ 76 мусор
2026-05-26 20:09:12,912 | INFO     |   → 449/1013: ✅ 80 взято | 🗑️ 1110 мусор
2026-05-26 20:09:12,912 | INFO     |   → 450/1013: ✅ 5 взято | 🗑️ 13 мусор
2026-05-26 20:09:12,912 | INFO     |   → 451/1013 ❌ HTTP 404 — https://raw.githubusercontent.com/Epodonios/bulk-xray-v2ray-vless-vmess-...-configs/main/sub/Austria/config.txt
2026-05-26 20:09:12,912 | INFO     |   → 452/1013 ❌ HTTP 404 — https://raw.githubusercontent.com/Epodonios/bulk-xray-v2ray-vless-vmess-...-configs/main/sub/Canada/config.txt
2026-05-26 20:09:12,912 | INFO     |   → 453/1013 ❌ HTTP 404 — https://raw.githubusercontent.com/Epodonios/bulk-xray-v2ray-vless-vmess-...-configs/main/sub/Costa%20Rica/config.txt
2026-05-26 20:09:12,912 | INFO     |   → 454/1013 ❌ HTTP 404 — https://raw.githubusercontent.com/Epodonios/bulk-xray-v2ray-vless-vmess-...-configs/main/sub/France/config.txt
2026-05-26 20:09:12,912 | INFO     |   → 455/1013 ❌ HTTP 404 — https://raw.githubusercontent.com/Epodonios/bulk-xray-v2ray-vless-vmess-...-configs/main/sub/Germany/config.txt
2026-05-26 20:09:12,912 | INFO     |   → 456/1013 ❌ HTTP 404 — https://raw.githubusercontent.com/Epodonios/bulk-xray-v2ray-vless-vmess-...-configs/main/sub/Indonesia/config.txt
2026-05-26 20:09:12,912 | INFO     |   → 457/1013 ❌ HTTP 404 — https://raw.githubusercontent.com/Epodonios/bulk-xray-v2ray-vless-vmess-...-configs/main/sub/Ireland/config.txt
2026-05-26 20:09:12,912 | INFO     |   → 458/1013 ❌ HTTP 404 — https://raw.githubusercontent.com/Epodonios/bulk-xray-v2ray-vless-vmess-...-configs/main/sub/Republic%20of%20Lithuania/config.txt
2026-05-26 20:09:12,912 | INFO     |   → 459/1013 ❌ HTTP 404 — https://raw.githubusercontent.com/Epodonios/bulk-xray-v2ray-vless-vmess-...-configs/main/sub/South%20Africa/config.txt
2026-05-26 20:09:12,912 | INFO     |   → 460/1013 ❌ HTTP 404 — https://raw.githubusercontent.com/Epodonios/bulk-xray-v2ray-vless-vmess-...-configs/main/sub/Sweden/config.txt
2026-05-26 20:09:12,912 | INFO     |   → 461/1013 ❌ HTTP 404 — https://raw.githubusercontent.com/Epodonios/bulk-xray-v2ray-vless-vmess-...-configs/main/sub/Turkey/config.txt
2026-05-26 20:09:12,912 | INFO     |   → 462/1013 ❌ HTTP 404 — https://raw.githubusercontent.com/Epodonios/bulk-xray-v2ray-vless-vmess-...-configs/main/sub/United%20Arab%20Emirates/config.txt
2026-05-26 20:09:12,912 | INFO     |   → 463/1013 ❌ HTTP 404 — https://raw.githubusercontent.com/Epodonios/bulk-xray-v2ray-vless-vmess-...-configs/main/sub/United%20Kingdom/config.txt
2026-05-26 20:09:12,913 | INFO     |   → 464/1013 ❌ HTTP 404 — https://raw.githubusercontent.com/Epodonios/bulk-xray-v2ray-vless-vmess-...-configs/main/sub/United%20States/config.txt
2026-05-26 20:09:12,913 | INFO     |   → 465/1013: ✅ 339 взято | 🗑️ 3701 мусор
2026-05-26 20:09:12,913 | INFO     |   → 466/1013 ❌ HTTP 404 — https://raw.githubusercontent.com/Epodonios/v2ray-configs/main/Splitted-By-Protocol/mix.txt
2026-05-26 20:09:12,913 | INFO     |   → 467/1013: ✅ 11 взято | 🗑️ 345 мусор
2026-05-26 20:09:12,913 | INFO     |   → 468/1013: ✅ 0 взято | 🗑️ 0 мусор
2026-05-26 20:09:12,913 | INFO     |   → 469/1013: ✅ 0 взято | 🗑️ 319 мусор
2026-05-26 20:09:12,913 | INFO     |   → 470/1013: ✅ 44 взято | 🗑️ 2586 мусор
2026-05-26 20:09:12,913 | INFO     |   → 471/1013: ✅ 1 взято | 🗑️ 464 мусор
2026-05-26 20:09:12,913 | INFO     |   → 472/1013 ❌ HTTP 404 — https://raw.githubusercontent.com/Epodonios/v2ray-configs/raw/main/Splitted-By-Protocol/trojan.txt
2026-05-26 20:09:12,913 | INFO     |   → 473/1013 ❌ HTTP 404 — https://raw.githubusercontent.com/Epodonios/v2ray-configs/raw/main/Splitted-By-Protocol/vmess.txt
2026-05-26 20:09:12,913 | INFO     |   → 474/1013: ✅ 0 взято | 🗑️ 337 мусор
2026-05-26 20:09:12,913 | INFO     |   → 475/1013: ✅ 0 взято | 🗑️ 0 мусор
2026-05-26 20:09:12,913 | INFO     |   → 476/1013: ✅ 0 взято | 🗑️ 319 мусор
2026-05-26 20:09:12,913 | INFO     |   → 477/1013: ✅ 0 взято | 🗑️ 2559 мусор
2026-05-26 20:09:12,913 | INFO     |   → 478/1013: ✅ 0 взято | 🗑️ 483 мусор
2026-05-26 20:09:12,913 | INFO     |   → 479/1013 ❌ HTTP 404 — https://raw.githubusercontent.com/Fido6/FreeNodes/57221e59caddde55ffdda21d491ae952cd608049/nodes/halekj.txt
2026-05-26 20:09:12,913 | INFO     |   → 480/1013 ❌ HTTP 404 — https://raw.githubusercontent.com/Fido6/FreeNodes/57221e59caddde55ffdda21d491ae952cd608049/nodes/kkzui.txt
2026-05-26 20:09:12,913 | INFO     |   → 481/1013 ❌ HTTP 404 — https://raw.githubusercontent.com/Fido6/FreeNodes/57221e59caddde55ffdda21d491ae952cd608049/nodes/wenode.txt
2026-05-26 20:09:12,913 | INFO     |   → 482/1013: ✅ 0 взято | 🗑️ 0 мусор
2026-05-26 20:09:12,913 | INFO     |   → 483/1013: ✅ 0 взято | 🗑️ 17 мусор
2026-05-26 20:09:12,913 | INFO     |   → 484/1013: ✅ 14 взято | 🗑️ 250 мусор
2026-05-26 20:09:12,913 | INFO     |   → 485/1013: ✅ 1 взято | 🗑️ 8 мусор
2026-05-26 20:09:12,913 | INFO     |   → 486/1013: ✅ 1 взято | 🗑️ 17 мусор
2026-05-26 20:09:12,913 | INFO     |   → 487/1013: ✅ 4 взято | 🗑️ 11 мусор
2026-05-26 20:09:12,913 | INFO     |   → 488/1013: ✅ 0 взято | 🗑️ 0 мусор
2026-05-26 20:09:12,913 | INFO     |   → 489/1013: ✅ 0 взято | 🗑️ 137 мусор
2026-05-26 20:09:12,913 | INFO     |   → 490/1013: ✅ 0 взято | 🗑️ 32 мусор
2026-05-26 20:09:12,913 | INFO     |   → 491/1013: ✅ 2 взято | 🗑️ 19 мусор
2026-05-26 20:09:12,913 | INFO     |   → 492/1013: ✅ 0 взято | 🗑️ 43 мусор
2026-05-26 20:09:12,914 | INFO     |   → 493/1013: ✅ 0 взято | 🗑️ 43 мусор
2026-05-26 20:09:12,914 | INFO     |   → 494/1013 ❌ HTTP 404 — https://raw.githubusercontent.com/Iran-v2ray/v2ray/main/v2ray
2026-05-26 20:09:12,914 | INFO     |   → 495/1013: ✅ 0 взято | 🗑️ 1 мусор
2026-05-26 20:09:12,914 | INFO     |   → 496/1013: ✅ 0 взято | 🗑️ 1 мусор
2026-05-26 20:09:12,914 | INFO     |   → 497/1013: ✅ 0 взято | 🗑️ 28 мусор
2026-05-26 20:09:12,914 | INFO     |   → 498/1013: ✅ 14 взято | 🗑️ 282 мусор
2026-05-26 20:09:12,914 | INFO     |   → 499/1013: ✅ 0 взято | 🗑️ 94 мусор
2026-05-26 20:09:12,914 | INFO     |   → 500/1013: ✅ 0 взято | 🗑️ 0 мусор
2026-05-26 20:09:12,914 | INFO     |   → 501/1013: ✅ 0 взято | 🗑️ 0 мусор
2026-05-26 20:09:12,914 | INFO     |   → 502/1013 ❌ HTTP 404 — https://raw.githubusercontent.com/Kwinshadow/TelegramV2rayCollector/raw/refs/heads/main/sublinks/mix.txt
2026-05-26 20:09:12,914 | INFO     |   → 503/1013 ❌ HTTP 404 — https://raw.githubusercontent.com/LalatinaHub/Mineral/raw/refs/heads/master/result/nodes
2026-05-26 20:09:12,914 | INFO     |   → 504/1013 ❌ HTTP 404 — https://raw.githubusercontent.com/Leon406/SubCrawler/main/sub/share/all3
2026-05-26 20:09:12,914 | INFO     |   → 505/1013 ❌ HTTP 404 — https://raw.githubusercontent.com/Leon406/SubCrawler/main/sub/share/all4
2026-05-26 20:09:12,914 | INFO     |   → 506/1013: ✅ 4 взято | 🗑️ 335 мусор
2026-05-26 20:09:12,914 | INFO     |   → 507/1013: ✅ 0 взято | 🗑️ 33 мусор
2026-05-26 20:09:12,914 | INFO     |   → 508/1013: ✅ 0 взято | 🗑️ 6 мусор
2026-05-26 20:09:12,914 | INFO     |   → 509/1013: ✅ 0 взято | 🗑️ 147 мусор
2026-05-26 20:09:12,914 | INFO     |   → 510/1013 ❌ HTTP 404 — https://raw.githubusercontent.com/M-Mashreghi/free-config-collector/main/Splitted-By-Protocol/ssr.txt
2026-05-26 20:09:12,914 | INFO     |   → 511/1013: ✅ 139 взято | 🗑️ 114 мусор
2026-05-26 20:09:12,914 | INFO     |   → 512/1013: ✅ 126 взято | 🗑️ 137 мусор
2026-05-26 20:09:12,914 | INFO     |   → 513/1013: ✅ 0 взято | 🗑️ 12 мусор
2026-05-26 20:09:12,914 | INFO     |   → 514/1013: ✅ 0 взято | 🗑️ 1 мусор
2026-05-26 20:09:12,914 | INFO     |   → 515/1013: ✅ 19 взято | 🗑️ 115 мусор
2026-05-26 20:09:12,914 | INFO     |   → 516/1013: ✅ 0 взято | 🗑️ 115 мусор
2026-05-26 20:09:12,914 | INFO     |   → 517/1013 ❌ HTTP 404 — https://raw.githubusercontent.com/MatinGhanbari/v2ray-configs/main/subscriptions/filtered/subs/hy2.txt
2026-05-26 20:09:12,914 | INFO     |   → 518/1013: ✅ 25 взято | 🗑️ 1528 мусор
2026-05-26 20:09:12,914 | INFO     |   → 519/1013 ❌ HTTP 404 — https://raw.githubusercontent.com/MatinGhanbari/v2ray-configs/main/subscriptions/filtered/subs/ssr.txt
2026-05-26 20:09:12,914 | INFO     |   → 520/1013: ✅ 58 взято | 🗑️ 573 мусор
2026-05-26 20:09:12,914 | INFO     |   → 521/1013 ❌ HTTP 404 — https://raw.githubusercontent.com/MatinGhanbari/v2ray-configs/main/subscriptions/filtered/subs/tuic.txt
2026-05-26 20:09:12,915 | INFO     |   → 522/1013: ✅ 11 взято | 🗑️ 242 мусор
2026-05-26 20:09:12,915 | INFO     |   → 523/1013: ✅ 221 взято | 🗑️ 1280 мусор
2026-05-26 20:09:12,915 | INFO     |   → 524/1013: ✅ 0 взято | 🗑️ 2 мусор
2026-05-26 20:09:12,915 | INFO     |   → 525/1013: ✅ 77 взято | 🗑️ 969 мусор
2026-05-26 20:09:12,915 | INFO     |   → 526/1013: ✅ 0 взято | 🗑️ 471 мусор
2026-05-26 20:09:12,915 | INFO     |   → 527/1013: ✅ 0 взято | 🗑️ 471 мусор
2026-05-26 20:09:12,915 | INFO     |   → 528/1013: ✅ 0 взято | 🗑️ 59 мусор
2026-05-26 20:09:12,915 | INFO     |   → 529/1013: ✅ 0 взято | 🗑️ 2 мусор
2026-05-26 20:09:12,915 | INFO     |   → 530/1013: ✅ 0 взято | 🗑️ 366 мусор
2026-05-26 20:09:12,915 | INFO     |   → 531/1013: ✅ 0 взято | 🗑️ 79 мусор
2026-05-26 20:09:12,915 | INFO     |   → 532/1013 ❌ HTTP 404 — https://raw.githubusercontent.com/MhdiTaheri/V2rayCollector/raw/refs/heads/main/sub/mix
2026-05-26 20:09:12,915 | INFO     |   → 533/1013: ✅ 53 взято | 🗑️ 267 мусор
2026-05-26 20:09:12,915 | INFO     |   → 534/1013 ❌ HTTP 404 — https://raw.githubusercontent.com/MhdiTaheri/V2rayCollector_Py/raw/refs/heads/main/sub/Mix/mix.txt
2026-05-26 20:09:12,915 | INFO     |   → 535/1013: ✅ 0 взято | 🗑️ 0 мусор
2026-05-26 20:09:12,915 | INFO     |   → 536/1013: ✅ 43 взято | 🗑️ 217 мусор
2026-05-26 20:09:12,915 | INFO     |   → 537/1013: ✅ 0 взято | 🗑️ 31 мусор
2026-05-26 20:09:12,915 | INFO     |   → 538/1013: ✅ 93 взято | 🗑️ 282 мусор
2026-05-26 20:09:12,915 | INFO     |   → 539/1013: ✅ 0 взято | 🗑️ 26 мусор
2026-05-26 20:09:12,915 | INFO     |   → 540/1013 ❌ HTTP 404 — https://raw.githubusercontent.com/MrMohebi/xray-proxy-grabber-telegram/master/collected-proxies/clash-meta/all.yaml
2026-05-26 20:09:12,915 | INFO     |   → 541/1013 ❌ HTTP 404 — https://raw.githubusercontent.com/MrMohebi/xray-proxy-grabber-telegram/master/collected-proxies/row-url/actives.txt
2026-05-26 20:09:12,915 | INFO     |   → 542/1013 ❌ HTTP 404 — https://raw.githubusercontent.com/MrMohebi/xray-proxy-grabber-telegram/master/collected-proxies/row-url/all.txt
2026-05-26 20:09:12,915 | INFO     |   → 543/1013: ✅ 0 взято | 🗑️ 13 мусор
2026-05-26 20:09:12,915 | INFO     |   → 544/1013: ✅ 0 взято | 🗑️ 13 мусор
2026-05-26 20:09:12,915 | INFO     |   → 545/1013: ✅ 5 взято | 🗑️ 15 мусор
2026-05-26 20:09:12,915 | INFO     |   → 546/1013: ✅ 0 взято | 🗑️ 30 мусор
2026-05-26 20:09:12,915 | INFO     |   → 547/1013: ✅ 0 взято | 🗑️ 15 мусор
2026-05-26 20:09:12,915 | INFO     |   → 548/1013: ✅ 66 взято | 🗑️ 123 мусор
2026-05-26 20:09:12,915 | INFO     |   → 549/1013: ✅ 175 взято | 🗑️ 582 мусор
2026-05-26 20:09:12,915 | INFO     |   → 550/1013: ✅ 0 взято | 🗑️ 0 мусор
2026-05-26 20:09:12,916 | INFO     |   → 551/1013 ❌ HTTP 404 — https://raw.githubusercontent.com/OpenCNLink/freevpn/3cfcff048bfdd1493ccffa52ecf30ce7f9fc6b28/src/list/vmess.txt
2026-05-26 20:09:12,916 | INFO     |   → 552/1013 ❌ HTTP 404 — https://raw.githubusercontent.com/Pawdro/Collection/main/sub
2026-05-26 20:09:12,916 | INFO     |   → 553/1013: ✅ 0 взято | 🗑️ 20 мусор
2026-05-26 20:09:12,916 | INFO     |   → 554/1013: ✅ 0 взято | 🗑️ 20 мусор
2026-05-26 20:09:12,916 | INFO     |   → 555/1013: ✅ 0 взято | 🗑️ 0 мусор
2026-05-26 20:09:12,916 | INFO     |   → 556/1013: ✅ 0 взято | 🗑️ 0 мусор
2026-05-26 20:09:12,916 | INFO     |   → 557/1013: ✅ 0 взято | 🗑️ 50 мусор
2026-05-26 20:09:12,916 | INFO     |   → 558/1013: ✅ 5 взято | 🗑️ 206 мусор
2026-05-26 20:09:12,916 | INFO     |   → 559/1013: ✅ 21 взято | 🗑️ 138 мусор
2026-05-26 20:09:12,916 | INFO     |   → 560/1013: ✅ 23 взято | 🗑️ 89 мусор
2026-05-26 20:09:12,916 | INFO     |   → 561/1013: ✅ 9 взято | 🗑️ 85 мусор
2026-05-26 20:09:12,916 | INFO     |   → 562/1013: ✅ 0 взято | 🗑️ 129 мусор
2026-05-26 20:09:12,916 | INFO     |   → 563/1013: ✅ 0 взято | 🗑️ 81 мусор
2026-05-26 20:09:12,916 | INFO     |   → 564/1013 ❌ HTTP 404 — https://raw.githubusercontent.com/STR97/STRUGOV/refs/heads/main/STR.BYPASS
2026-05-26 20:09:12,916 | INFO     |   → 565/1013: ✅ 4 взято | 🗑️ 34 мусор
2026-05-26 20:09:12,916 | INFO     |   → 566/1013: ✅ 11 взято | 🗑️ 16 мусор
2026-05-26 20:09:12,916 | INFO     |   → 567/1013: ✅ 0 взято | 🗑️ 16 мусор
2026-05-26 20:09:12,916 | INFO     |   → 568/1013: ✅ 0 взято | 🗑️ 27 мусор
2026-05-26 20:09:12,916 | INFO     |   → 569/1013: ✅ 140 взято | 🗑️ 1153 мусор
2026-05-26 20:09:12,916 | INFO     |   → 570/1013: ✅ 29 взято | 🗑️ 54 мусор
2026-05-26 20:09:12,916 | INFO     |   → 571/1013: ✅ 0 взято | 🗑️ 0 мусор
2026-05-26 20:09:12,916 | INFO     |   → 572/1013: ✅ 0 взято | 🗑️ 0 мусор
2026-05-26 20:09:12,916 | INFO     |   → 573/1013: ✅ 0 взято | 🗑️ 5 мусор
2026-05-26 20:09:12,916 | INFO     |   → 574/1013: ✅ 0 взято | 🗑️ 0 мусор
2026-05-26 20:09:12,916 | INFO     |   → 575/1013: ✅ 0 взято | 🗑️ 5 мусор
2026-05-26 20:09:12,916 | INFO     |   → 576/1013: ✅ 4 взято | 🗑️ 291 мусор
2026-05-26 20:09:12,916 | INFO     |   → 577/1013: ✅ 0 взято | 🗑️ 119 мусор
2026-05-26 20:09:12,916 | INFO     |   → 578/1013: ✅ 0 взято | 🗑️ 0 мусор
2026-05-26 20:09:12,916 | INFO     |   → 579/1013 ❌ HTTP 404 — https://raw.githubusercontent.com/V2RAYCONFIGSPOOL/V2RAY_SUB/main/V2RAY_SUB.txt
2026-05-26 20:09:12,917 | INFO     |   → 580/1013: ✅ 11 взято | 🗑️ 157 мусор
2026-05-26 20:09:12,917 | INFO     |   → 581/1013: ✅ 19 взято | 🗑️ 76 мусор
2026-05-26 20:09:12,917 | INFO     |   → 582/1013: ✅ 0 взято | 🗑️ 0 мусор
2026-05-26 20:09:12,917 | INFO     |   → 583/1013: ✅ 0 взято | 🗑️ 76 мусор
2026-05-26 20:09:12,917 | INFO     |   → 584/1013: ✅ 58 взято | 🗑️ 348 мусор
2026-05-26 20:09:12,917 | INFO     |   → 585/1013: ✅ 0 взято | 🗑️ 0 мусор
2026-05-26 20:09:12,917 | INFO     |   → 586/1013: ✅ 6 взято | 🗑️ 245 мусор
2026-05-26 20:09:12,917 | INFO     |   → 587/1013: ✅ 0 взято | 🗑️ 0 мусор
2026-05-26 20:09:12,917 | INFO     |   → 588/1013: ✅ 3 взято | 🗑️ 322 мусор
2026-05-26 20:09:12,917 | INFO     |   → 589/1013: ✅ 0 взято | 🗑️ 0 мусор
2026-05-26 20:09:12,917 | INFO     |   → 590/1013: ✅ 0 взято | 🗑️ 0 мусор
2026-05-26 20:09:12,917 | INFO     |   → 591/1013: ✅ 3 взято | 🗑️ 268 мусор
2026-05-26 20:09:12,917 | INFO     |   → 592/1013: ✅ 1 взято | 🗑️ 251 мусор
2026-05-26 20:09:12,917 | INFO     |   → 593/1013: ✅ 1 взято | 🗑️ 231 мусор
2026-05-26 20:09:12,917 | INFO     |   → 594/1013: ✅ 0 взято | 🗑️ 17 мусор
2026-05-26 20:09:12,917 | INFO     |   → 595/1013: ✅ 1 взято | 🗑️ 83 мусор
2026-05-26 20:09:12,917 | INFO     |   → 596/1013: ✅ 0 взято | 🗑️ 16 мусор
2026-05-26 20:09:12,917 | INFO     |   → 597/1013: ✅ 0 взято | 🗑️ 16 мусор
2026-05-26 20:09:12,917 | INFO     |   → 598/1013 ❌ HTTP 404 — https://raw.githubusercontent.com/aiboboxx/clashfree/main/clash.yml
2026-05-26 20:09:12,917 | INFO     |   → 599/1013 ❌ HTTP 404 — https://raw.githubusercontent.com/aiboboxx/v2rayfree/main/v2
2026-05-26 20:09:12,917 | INFO     |   → 600/1013 ❌ HTTP 404 — https://raw.githubusercontent.com/amirmohammad-mohammad-88/Sub-Reality-Azadi-config/Config/Azadi-Reality-Different
2026-05-26 20:09:12,917 | INFO     |   → 601/1013 ❌ HTTP 404 — https://raw.githubusercontent.com/amirmohammad-mohammad-88/Sub-Reality-Azadi-config/Config/Azadi-Reality-Different-Base64
2026-05-26 20:09:12,917 | INFO     |   → 602/1013: ✅ 1 взято | 🗑️ 17 мусор
2026-05-26 20:09:12,917 | INFO     |   → 603/1013: ✅ 0 взято | 🗑️ 0 мусор
2026-05-26 20:09:12,917 | INFO     |   → 604/1013: ✅ 4 взято | 🗑️ 114 мусор
2026-05-26 20:09:12,917 | INFO     |   → 605/1013: ✅ 18 взято | 🗑️ 65 мусор
2026-05-26 20:09:12,917 | INFO     |   → 606/1013 ❌ HTTP 404 — https://raw.githubusercontent.com/awesome-vpn/awesome-vpn/master/ss
2026-05-26 20:09:12,917 | INFO     |   → 607/1013 ❌ HTTP 404 — https://raw.githubusercontent.com/awesome-vpn/awesome-vpn/master/ssr
2026-05-26 20:09:12,917 | INFO     |   → 608/1013: ✅ 0 взято | 🗑️ 0 мусор
2026-05-26 20:09:12,918 | INFO     |   → 609/1013: ✅ 1 взято | 🗑️ 22 мусор
2026-05-26 20:09:12,918 | INFO     |   → 610/1013: ✅ 5 взято | 🗑️ 291 мусор
2026-05-26 20:09:12,918 | INFO     |   → 611/1013 ❌ HTTP 404 — https://raw.githubusercontent.com/barry-far/V2ray-Configs/ced94ddfff48276ec365b40227561f36b1b64bc8/Sub5.txt
2026-05-26 20:09:12,918 | INFO     |   → 612/1013 ❌ HTTP 404 — https://raw.githubusercontent.com/barry-far/V2ray-Configs/main/Splitted-By-Protocol/hysteria2.txt
2026-05-26 20:09:12,918 | INFO     |   → 613/1013 ❌ HTTP 404 — https://raw.githubusercontent.com/barry-far/V2ray-Configs/main/Splitted-By-Protocol/vless.txt
2026-05-26 20:09:12,918 | INFO     |   → 614/1013 ❌ HTTP 404 — https://raw.githubusercontent.com/barry-far/V2ray-Configs/main/Sub1.txt
2026-05-26 20:09:12,918 | INFO     |   → 615/1013 ❌ HTTP 404 — https://raw.githubusercontent.com/barry-far/V2ray-Configs/refs/heads/main/All_Configs_Sub.txt
2026-05-26 20:09:12,918 | INFO     |   → 616/1013: ✅ 0 взято | 🗑️ 0 мусор
2026-05-26 20:09:12,918 | INFO     |   → 617/1013 ❌ HTTP 404 — https://raw.githubusercontent.com/budamu/clashconfig/main/v2ray.txt
2026-05-26 20:09:12,918 | INFO     |   → 618/1013 ❌ HTTP 404 — https://raw.githubusercontent.com/budamu/clashconfig/main/v2ray2.txt
2026-05-26 20:09:12,918 | INFO     |   → 619/1013: ✅ 0 взято | 🗑️ 0 мусор
2026-05-26 20:09:12,918 | INFO     |   → 620/1013: ✅ 0 взято | 🗑️ 442 мусор
2026-05-26 20:09:12,918 | INFO     |   → 621/1013: ✅ 0 взято | 🗑️ 0 мусор
2026-05-26 20:09:12,918 | INFO     |   → 622/1013 ❌ HTTP 404 — https://raw.githubusercontent.com/chxxyz2004/zd/17fca23b73c46b5dd73e9be49b14d219b5e5f836/sub/2401/240110.txt
2026-05-26 20:09:12,918 | INFO     |   → 623/1013: ✅ 0 взято | 🗑️ 44 мусор
2026-05-26 20:09:12,918 | INFO     |   → 624/1013: ✅ 236 взято | 🗑️ 517 мусор
2026-05-26 20:09:12,918 | INFO     |   → 625/1013 ❌ HTTP 404 — https://raw.githubusercontent.com/cxr9912/cxr2022/main/free.yaml
2026-05-26 20:09:12,918 | INFO     |   → 626/1013 ❌ HTTP 404 — https://raw.githubusercontent.com/cxr9912/cxr2022/main/mix.yaml
2026-05-26 20:09:12,918 | INFO     |   → 627/1013 ❌ HTTP 404 — https://raw.githubusercontent.com/cxr9912/cxr2022/main/ss.yaml
2026-05-26 20:09:12,918 | INFO     |   → 628/1013 ❌ HTTP 404 — https://raw.githubusercontent.com/cxr9912/cxr2022/main/ssr.yaml
2026-05-26 20:09:12,918 | INFO     |   → 629/1013 ❌ HTTP 404 — https://raw.githubusercontent.com/cxr9912/cxr2022/main/vmess.yaml
2026-05-26 20:09:12,918 | INFO     |   → 630/1013 ❌ HTTP 404 — https://raw.githubusercontent.com/cxr9912/cxr2022/refs/heads/main/18cj.json
2026-05-26 20:09:12,918 | INFO     |   → 631/1013 ❌ HTTP 404 — https://raw.githubusercontent.com/cxr9912/cxr2022/refs/heads/main/aaaaaaaa.yaml
2026-05-26 20:09:12,918 | INFO     |   → 632/1013 ❌ HTTP 404 — https://raw.githubusercontent.com/cxr9912/cxr2022/refs/heads/main/free.yaml
2026-05-26 20:09:12,918 | INFO     |   → 633/1013 ❌ HTTP 404 — https://raw.githubusercontent.com/cxr9912/cxr2022/refs/heads/main/ss2088.txt
2026-05-26 20:09:12,918 | INFO     |   → 634/1013: ✅ 0 взято | 🗑️ 18 мусор
2026-05-26 20:09:12,918 | INFO     |   → 635/1013: ✅ 0 взято | 🗑️ 18 мусор
2026-05-26 20:09:12,918 | INFO     |   → 636/1013: ✅ 6 взято | 🗑️ 78 мусор
2026-05-26 20:09:12,918 | INFO     |   → 637/1013: ✅ 6 взято | 🗑️ 4 мусор
2026-05-26 20:09:12,918 | INFO     |   → 638/1013: ✅ 0 взято | 🗑️ 2 мусор
2026-05-26 20:09:12,918 | INFO     |   → 639/1013: ✅ 0 взято | 🗑️ 2 мусор
2026-05-26 20:09:12,918 | INFO     |   → 640/1013: ✅ 0 взято | 🗑️ 2 мусор
2026-05-26 20:09:12,919 | INFO     |   → 641/1013: ✅ 0 взято | 🗑️ 3 мусор
2026-05-26 20:09:12,919 | INFO     |   → 642/1013: ✅ 0 взято | 🗑️ 2 мусор
2026-05-26 20:09:12,919 | INFO     |   → 643/1013: ✅ 0 взято | 🗑️ 9 мусор
2026-05-26 20:09:12,919 | INFO     |   → 644/1013: ✅ 1 взято | 🗑️ 1 мусор
2026-05-26 20:09:12,919 | INFO     |   → 645/1013: ✅ 0 взято | 🗑️ 10 мусор
2026-05-26 20:09:12,919 | INFO     |   → 646/1013: ✅ 0 взято | 🗑️ 2 мусор
2026-05-26 20:09:12,919 | INFO     |   → 647/1013: ✅ 0 взято | 🗑️ 0 мусор
2026-05-26 20:09:12,919 | INFO     |   → 648/1013: ✅ 3773 взято | 🗑️ 88992 мусор
2026-05-26 20:09:12,919 | INFO     |   → 649/1013: ✅ 79 взято | 🗑️ 1184 мусор
2026-05-26 20:09:12,919 | INFO     |   → 650/1013: ✅ 6 взято | 🗑️ 113 мусор
2026-05-26 20:09:12,919 | INFO     |   → 651/1013: ✅ 0 взято | 🗑️ 0 мусор
2026-05-26 20:09:12,919 | INFO     |   → 652/1013: ✅ 1 взято | 🗑️ 25 мусор
2026-05-26 20:09:12,919 | INFO     |   → 653/1013: ✅ 0 взято | 🗑️ 0 мусор
2026-05-26 20:09:12,919 | INFO     |   → 654/1013: ✅ 13 взято | 🗑️ 19 мусор
2026-05-26 20:09:12,919 | INFO     |   → 655/1013: ✅ 0 взято | 🗑️ 5 мусор
2026-05-26 20:09:12,919 | INFO     |   → 656/1013: ✅ 2 взято | 🗑️ 80 мусор
2026-05-26 20:09:12,919 | INFO     |   → 657/1013 ❌ HTTP 404 — https://raw.githubusercontent.com/free-nodes/v2rayfree/main/v2
2026-05-26 20:09:12,919 | INFO     |   → 658/1013 ❌ HTTP 404 — https://raw.githubusercontent.com/free-v2ray-config/trojan/main/trojan.txt
2026-05-26 20:09:12,919 | INFO     |   → 659/1013 ❌ HTTP 404 — https://raw.githubusercontent.com/free-v2ray-config/vless/main/vless.txt
2026-05-26 20:09:12,919 | INFO     |   → 660/1013 ❌ HTTP 404 — https://raw.githubusercontent.com/free-v2ray-config/vmess/main/vmess.txt
2026-05-26 20:09:12,919 | INFO     |   → 661/1013: ✅ 5 взято | 🗑️ 169 мусор
2026-05-26 20:09:12,919 | INFO     |   → 662/1013: ✅ 34 взято | 🗑️ 121 мусор
2026-05-26 20:09:12,919 | INFO     |   → 663/1013: ✅ 4 взято | 🗑️ 97 мусор
2026-05-26 20:09:12,919 | INFO     |   → 664/1013 ❌ HTTP 404 — https://raw.githubusercontent.com/free18/v2ray/main/Clash.yaml
2026-05-26 20:09:12,919 | INFO     |   → 665/1013: ✅ 0 взято | 🗑️ 0 мусор
2026-05-26 20:09:12,920 | INFO     |   → 666/1013: ✅ 0 взято | 🗑️ 15 мусор
2026-05-26 20:09:12,920 | INFO     |   → 667/1013: ✅ 0 взято | 🗑️ 0 мусор
2026-05-26 20:09:12,920 | INFO     |   → 668/1013: ✅ 0 взято | 🗑️ 8 мусор
2026-05-26 20:09:12,920 | INFO     |   → 669/1013: ✅ 0 взято | 🗑️ 8 мусор
2026-05-26 20:09:12,920 | INFO     |   → 670/1013: ✅ 0 взято | 🗑️ 8 мусор
2026-05-26 20:09:12,920 | INFO     |   → 671/1013: ✅ 0 взято | 🗑️ 8 мусор
2026-05-26 20:09:12,920 | INFO     |   → 672/1013 ❌ HTTP 404 — https://raw.githubusercontent.com/freev2rayconfig/V2RAY_SUB/3e6a7786a1601ee3723e8d043ae79e70dbdfd9a8/v2rayconfigs.txt
2026-05-26 20:09:12,920 | INFO     |   → 673/1013 ❌ HTTP 404 — https://raw.githubusercontent.com/freev2rayconfig/V2RAY_SUBSCRIPTION_LINK/main/v2rayconfigs.txt
2026-05-26 20:09:12,920 | INFO     |   → 674/1013 ❌ HTTP 404 — https://raw.githubusercontent.com/gfpcom/free-proxy-list/main/list/http.txt
2026-05-26 20:09:12,920 | INFO     |   → 675/1013 ❌ HTTP 404 — https://raw.githubusercontent.com/gfpcom/free-proxy-list/main/list/https.txt
2026-05-26 20:09:12,920 | INFO     |   → 676/1013 ❌ HTTP 404 — https://raw.githubusercontent.com/gfpcom/free-proxy-list/main/list/socks4.txt
2026-05-26 20:09:12,920 | INFO     |   → 677/1013 ❌ HTTP 404 — https://raw.githubusercontent.com/gfpcom/free-proxy-list/main/list/socks4a.txt
2026-05-26 20:09:12,920 | INFO     |   → 678/1013 ❌ HTTP 404 — https://raw.githubusercontent.com/gfpcom/free-proxy-list/main/list/socks5.txt
2026-05-26 20:09:12,920 | INFO     |   → 679/1013 ❌ HTTP 404 — https://raw.githubusercontent.com/gfpcom/free-proxy-list/main/list/socks5h.txt
2026-05-26 20:09:12,920 | INFO     |   → 680/1013 ❌ HTTP 404 — https://raw.githubusercontent.com/gfpcom/free-proxy-list/main/list/ss.txt
2026-05-26 20:09:12,920 | INFO     |   → 681/1013 ❌ HTTP 404 — https://raw.githubusercontent.com/gfpcom/free-proxy-list/main/list/ssr.txt
2026-05-26 20:09:12,920 | INFO     |   → 682/1013 ❌ HTTP 404 — https://raw.githubusercontent.com/gfpcom/free-proxy-list/main/list/trojan.txt
2026-05-26 20:09:12,920 | INFO     |   → 683/1013 ❌ HTTP 404 — https://raw.githubusercontent.com/gfpcom/free-proxy-list/main/list/vless.txt
2026-05-26 20:09:12,920 | INFO     |   → 684/1013 ❌ HTTP 404 — https://raw.githubusercontent.com/gfpcom/free-proxy-list/main/list/vmess.txt
2026-05-26 20:09:12,920 | INFO     |   → 685/1013: ✅ 0 взято | 🗑️ 17 мусор
2026-05-26 20:09:12,920 | INFO     |   → 686/1013: ✅ 0 взято | 🗑️ 0 мусор
2026-05-26 20:09:12,920 | INFO     |   → 687/1013: ✅ 4 взято | 🗑️ 63 мусор
2026-05-26 20:09:12,920 | INFO     |   → 688/1013 ❌ HTTP 404 — https://raw.githubusercontent.com/hameed-maleki/TVC/89a4522969c57dcc22458cae9898426e5c4f2679/lite/config.txt
2026-05-26 20:09:12,920 | INFO     |   → 689/1013: ✅ 5 взято | 🗑️ 132 мусор
2026-05-26 20:09:12,920 | INFO     |   → 690/1013: ✅ 0 взято | 🗑️ 56 мусор
2026-05-26 20:09:12,920 | INFO     |   → 691/1013 ❌ HTTP 404 — https://raw.githubusercontent.com/hkaa0/permalink/main/proxy/V2ray
2026-05-26 20:09:12,920 | INFO     |   → 692/1013 ❌ HTTP 404 — https://raw.githubusercontent.com/hkaa0/permalink/main/proxy/clash
2026-05-26 20:09:12,920 | INFO     |   → 693/1013 ❌ HTTP 404 — https://raw.githubusercontent.com/hkpc/Autoproxy/6cf946ddfc677a29062007e4b47d70674474baa7/sub/2401/240110.txt
2026-05-26 20:09:12,921 | INFO     |   → 694/1013 ❌ HTTP 404 — https://raw.githubusercontent.com/hkpc/V2ray-Configs/7d9aa0dabf947af180a7dd6302818ed37950531a/Sub1.txt
2026-05-26 20:09:12,921 | INFO     |   → 695/1013: ✅ 0 взято | 🗑️ 14 мусор
2026-05-26 20:09:12,921 | INFO     |   → 696/1013: ✅ 16 взято | 🗑️ 16 мусор
2026-05-26 20:09:12,921 | INFO     |   → 697/1013 ❌ HTTP 404 — https://raw.githubusercontent.com/iboxz/free-v2ray-collector/main/main
2026-05-26 20:09:12,921 | INFO     |   → 698/1013: ✅ 12 взято | 🗑️ 17 мусор
2026-05-26 20:09:12,921 | INFO     |   → 699/1013: ✅ 8 взято | 🗑️ 12 мусор
2026-05-26 20:09:12,921 | INFO     |   → 700/1013: ✅ 72 взято | 🗑️ 237 мусор
2026-05-26 20:09:12,921 | INFO     |   → 701/1013 ❌ HTTP 404 — https://raw.githubusercontent.com/igareck/vpn-configs-for-russia/refs/heads/main/Vless-Reality-White-Lists-Rus-Cable.txt
2026-05-26 20:09:12,921 | INFO     |   → 702/1013: ✅ 57 взято | 🗑️ 5 мусор
2026-05-26 20:09:12,921 | INFO     |   → 703/1013: ✅ 0 взято | 🗑️ 0 мусор
2026-05-26 20:09:12,921 | INFO     |   → 704/1013: ✅ 0 взято | 🗑️ 0 мусор
2026-05-26 20:09:12,921 | INFO     |   → 705/1013: ✅ 23 взято | 🗑️ 9 мусор
2026-05-26 20:09:12,921 | INFO     |   → 706/1013: ✅ 0 взято | 🗑️ 0 мусор
2026-05-26 20:09:12,921 | INFO     |   → 707/1013: ✅ 0 взято | 🗑️ 0 мусор
2026-05-26 20:09:12,921 | INFO     |   → 708/1013: ✅ 0 взято | 🗑️ 12 мусор
2026-05-26 20:09:12,921 | INFO     |   → 709/1013: ✅ 0 взято | 🗑️ 43 мусор
2026-05-26 20:09:12,921 | INFO     |   → 710/1013 ❌ HTTP 404 — https://raw.githubusercontent.com/jw853355718/clash_233/master/config.yml
2026-05-26 20:09:12,921 | INFO     |   → 711/1013: ✅ 0 взято | 🗑️ 210 мусор
2026-05-26 20:09:12,921 | INFO     |   → 712/1013: ✅ 0 взято | 🗑️ 0 мусор
2026-05-26 20:09:12,921 | INFO     |   → 713/1013: ✅ 0 взято | 🗑️ 0 мусор
2026-05-26 20:09:12,921 | INFO     |   → 714/1013 ❌ HTTP 404 — https://raw.githubusercontent.com/lcx12901/v2ray-/master/sspool.herokuapp.com/yzcloud.yaml
2026-05-26 20:09:12,921 | INFO     |   → 715/1013 ❌ HTTP 404 — https://raw.githubusercontent.com/lcx12901/v2ray-/master/sspool.herokuapp.com/yzcloud2.yaml
2026-05-26 20:09:12,921 | INFO     |   → 716/1013: ✅ 0 взято | 🗑️ 0 мусор
2026-05-26 20:09:12,921 | INFO     |   → 717/1013 ❌ HTTP 404 — https://raw.githubusercontent.com/learnhard-cn/free_proxy_ss/main/clash/config.yaml
2026-05-26 20:09:12,921 | INFO     |   → 718/1013: ✅ 0 взято | 🗑️ 8 мусор
2026-05-26 20:09:12,921 | INFO     |   → 719/1013: ✅ 0 взято | 🗑️ 4 мусор
2026-05-26 20:09:12,921 | INFO     |   → 720/1013: ✅ 0 взято | 🗑️ 0 мусор
2026-05-26 20:09:12,921 | INFO     |   → 721/1013: ✅ 0 взято | 🗑️ 4 мусор
2026-05-26 20:09:12,921 | INFO     |   → 722/1013: ✅ 0 взято | 🗑️ 149 мусор
2026-05-26 20:09:12,921 | INFO     |   → 723/1013: ✅ 0 взято | 🗑️ 421 мусор
2026-05-26 20:09:12,921 | INFO     |   → 724/1013 ❌ HTTP 404 — https://raw.githubusercontent.com/lisylva-lee/v2dyku/main/ssr
2026-05-26 20:09:12,921 | INFO     |   → 725/1013 ❌ HTTP 404 — https://raw.githubusercontent.com/lisylva-lee/v2dyku/main/v2dy
2026-05-26 20:09:12,921 | INFO     |   → 726/1013: ✅ 0 взято | 🗑️ 53 мусор
2026-05-26 20:09:12,921 | INFO     |   → 727/1013 ❌ HTTP 404 — https://raw.githubusercontent.com/luxl-1379/merge/77247d23def72b25226dfa741614e9b07a569c72/sub/sub_merge_base64.txt
2026-05-26 20:09:12,921 | INFO     |   → 728/1013: ✅ 146 взято | 🗑️ 343 мусор
2026-05-26 20:09:12,921 | INFO     |   → 729/1013: ✅ 0 взято | 🗑️ 130 мусор
2026-05-26 20:09:12,921 | INFO     |   → 730/1013: ✅ 799 взято | 🗑️ 3924 мусор
2026-05-26 20:09:12,921 | INFO     |   → 731/1013: ✅ 0 взято | 🗑️ 0 мусор
2026-05-26 20:09:12,921 | INFO     |   → 732/1013: ✅ 0 взято | 🗑️ 3924 мусор
2026-05-26 20:09:12,921 | INFO     |   → 733/1013: ✅ 20 взято | 🗑️ 370 мусор
2026-05-26 20:09:12,921 | INFO     |   → 734/1013 ❌ HTTP 404 — https://raw.githubusercontent.com/mermeroo/Clash-V2ray/main/v2ray
2026-05-26 20:09:12,921 | INFO     |   → 735/1013: ✅ 15 взято | 🗑️ 417 мусор
2026-05-26 20:09:12,921 | INFO     |   → 736/1013: ✅ 6 взято | 🗑️ 102 мусор
2026-05-26 20:09:12,921 | INFO     |   → 737/1013: ✅ 716 взято | 🗑️ 6258 мусор
2026-05-26 20:09:12,921 | INFO     |   → 738/1013: ✅ 8 взято | 🗑️ 853 мусор
2026-05-26 20:09:12,921 | INFO     |   → 739/1013: ✅ 32 взято | 🗑️ 69 мусор
2026-05-26 20:09:12,922 | INFO     |   → 740/1013 ❌ HTTP 404 — https://raw.githubusercontent.com/mermeroo/free-v2ray-collector/main/main/mix
2026-05-26 20:09:12,922 | INFO     |   → 741/1013 ❌ HTTP 404 — https://raw.githubusercontent.com/mermeroo/free-v2ray-collector/main/main/reality
2026-05-26 20:09:12,922 | INFO     |   → 742/1013 ❌ HTTP 404 — https://raw.githubusercontent.com/mermeroo/free-v2ray-collector/main/main/shadowsocks
2026-05-26 20:09:12,922 | INFO     |   → 743/1013 ❌ HTTP 404 — https://raw.githubusercontent.com/mermeroo/free-v2ray-collector/main/main/trojan
2026-05-26 20:09:12,922 | INFO     |   → 744/1013 ❌ HTTP 404 — https://raw.githubusercontent.com/mermeroo/free-v2ray-collector/main/main/vless
2026-05-26 20:09:12,922 | INFO     |   → 745/1013 ❌ HTTP 404 — https://raw.githubusercontent.com/mermeroo/free-v2ray-collector/main/main/vmess
2026-05-26 20:09:12,922 | INFO     |   → 746/1013 ❌ HTTP 404 — https://raw.githubusercontent.com/mfuu/v2ray/master/merge/merge.txt
2026-05-26 20:09:12,922 | INFO     |   → 747/1013: ✅ 0 взято | 🗑️ 68 мусор
2026-05-26 20:09:12,922 | INFO     |   → 748/1013: ✅ 0 взято | 🗑️ 68 мусор
2026-05-26 20:09:12,922 | INFO     |   → 749/1013: ✅ 547 взято | 🗑️ 14699 мусор
2026-05-26 20:09:12,922 | INFO     |   → 750/1013: ✅ 0 взято | 🗑️ 14699 мусор
2026-05-26 20:09:12,922 | INFO     |   → 751/1013: ✅ 0 взято | 🗑️ 3087 мусор
2026-05-26 20:09:12,922 | INFO     |   → 752/1013: ✅ 0 взято | 🗑️ 1903 мусор
2026-05-26 20:09:12,922 | INFO     |   → 753/1013: ✅ 0 взято | 🗑️ 5220 мусор
2026-05-26 20:09:12,922 | INFO     |   → 754/1013: ✅ 0 взято | 🗑️ 4489 мусор
2026-05-26 20:09:12,922 | INFO     |   → 755/1013 ❌ HTTP 404 — https://raw.githubusercontent.com/mianous/qiren/main/qiren.txt
2026-05-26 20:09:12,922 | INFO     |   → 756/1013 ❌ HTTP 404 — https://raw.githubusercontent.com/miladtahanian/V2RayCFGDumper/refs/heads/main/config.txt
2026-05-26 20:09:12,922 | INFO     |   → 757/1013 ❌ HTTP 404 — https://raw.githubusercontent.com/miladtahanian/multi-proxy-config-fetcher/refs/heads/main/configs/proxy_configs.txt
2026-05-26 20:09:12,922 | INFO     |   → 758/1013: ✅ 0 взято | 🗑️ 0 мусор
2026-05-26 20:09:12,922 | INFO     |   → 759/1013: ✅ 0 взято | 🗑️ 0 мусор
2026-05-26 20:09:12,922 | INFO     |   → 760/1013: ✅ 0 взято | 🗑️ 0 мусор
2026-05-26 20:09:12,922 | INFO     |   → 761/1013: ✅ 15 взято | 🗑️ 46 мусор
2026-05-26 20:09:12,922 | INFO     |   → 762/1013: ✅ 0 взято | 🗑️ 237 мусор
2026-05-26 20:09:12,922 | INFO     |   → 763/1013: ✅ 0 взято | 🗑️ 0 мусор
2026-05-26 20:09:12,922 | INFO     |   → 764/1013: ✅ 28 взято | 🗑️ 93 мусор
2026-05-26 20:09:12,922 | INFO     |   → 765/1013: ✅ 0 взято | 🗑️ 0 мусор
2026-05-26 20:09:12,922 | INFO     |   → 766/1013: ✅ 15 взято | 🗑️ 70 мусор
2026-05-26 20:09:12,922 | INFO     |   → 767/1013: ✅ 127 взято | 🗑️ 492 мусор
2026-05-26 20:09:12,922 | INFO     |   → 768/1013: ✅ 331 взято | 🗑️ 190 мусор
2026-05-26 20:09:12,922 | INFO     |   → 769/1013: ✅ 36 взято | 🗑️ 777 мусор
2026-05-26 20:09:12,922 | INFO     |   → 770/1013 ❌ HTTP 404 — https://raw.githubusercontent.com/obscure1990/freeVM/master/snippets/nodes.yml
2026-05-26 20:09:12,922 | INFO     |   → 771/1013 ❌ HTTP 404 — https://raw.githubusercontent.com/op30mmd/things/909b38024ba14d69dc0f95c238f63bc6e930a00f/eut.txt
2026-05-26 20:09:12,922 | INFO     |   → 772/1013 ❌ HTTP 404 — https://raw.githubusercontent.com/openRunner/clash-freenode/main/v2ray.txt
2026-05-26 20:09:12,922 | INFO     |   → 773/1013 ❌ HTTP 404 — https://raw.githubusercontent.com/oslook/clash-freenode/main/clash.yaml
2026-05-26 20:09:12,922 | INFO     |   → 774/1013: ✅ 0 взято | 🗑️ 0 мусор
2026-05-26 20:09:12,922 | INFO     |   → 775/1013: ✅ 4 взято | 🗑️ 1 мусор
2026-05-26 20:09:12,922 | INFO     |   → 776/1013: ✅ 0 взято | 🗑️ 0 мусор
2026-05-26 20:09:12,922 | INFO     |   → 777/1013: ✅ 33 взято | 🗑️ 179 мусор
2026-05-26 20:09:12,922 | INFO     |   → 778/1013: ✅ 0 взято | 🗑️ 0 мусор
2026-05-26 20:09:12,922 | INFO     |   → 779/1013: ✅ 0 взято | 🗑️ 0 мусор
2026-05-26 20:09:12,922 | INFO     |   → 780/1013: ✅ 0 взято | 🗑️ 19 мусор
2026-05-26 20:09:12,922 | INFO     |   → 781/1013: ✅ 0 взято | 🗑️ 44 мусор
2026-05-26 20:09:12,922 | INFO     |   → 782/1013: ✅ 63 взято | 🗑️ 521 мусор
2026-05-26 20:09:12,922 | INFO     |   → 783/1013: ✅ 165 взято | 🗑️ 273 мусор
2026-05-26 20:09:12,922 | INFO     |   → 784/1013: ✅ 0 взято | 🗑️ 0 мусор
2026-05-26 20:09:12,922 | INFO     |   → 785/1013: ✅ 28 взято | 🗑️ 211 мусор
2026-05-26 20:09:12,922 | INFO     |   → 786/1013: ✅ 0 взято | 🗑️ 79 мусор
2026-05-26 20:09:12,922 | INFO     |   → 787/1013: ✅ 13 взято | 🗑️ 32 мусор
2026-05-26 20:09:12,922 | INFO     |   → 788/1013: ✅ 0 взято | 🗑️ 0 мусор
2026-05-26 20:09:12,922 | INFO     |   → 789/1013: ✅ 2 взято | 🗑️ 9 мусор
2026-05-26 20:09:12,922 | INFO     |   → 790/1013: ✅ 11 взято | 🗑️ 76 мусор
2026-05-26 20:09:12,922 | INFO     |   → 791/1013: ✅ 0 взято | 🗑️ 168 мусор
2026-05-26 20:09:12,922 | INFO     |   → 792/1013: ✅ 0 взято | 🗑️ 79 мусор
2026-05-26 20:09:12,922 | INFO     |   → 793/1013: ✅ 0 взято | 🗑️ 16 мусор
2026-05-26 20:09:12,923 | INFO     |   → 794/1013 ❌ HTTP 404 — https://raw.githubusercontent.com/ronghuaxueleng/get_v2/main/pub/changfengoss.yaml
2026-05-26 20:09:12,923 | INFO     |   → 795/1013: ✅ 0 взято | 🗑️ 0 мусор
2026-05-26 20:09:12,923 | INFO     |   → 796/1013: ✅ 41 взято | 🗑️ 107 мусор
2026-05-26 20:09:12,923 | INFO     |   → 797/1013: ✅ 0 взято | 🗑️ 107 мусор
2026-05-26 20:09:12,923 | INFO     |   → 798/1013 ❌ HTTP 404 — https://raw.githubusercontent.com/rxsweet/CM_Vmess/refs/heads/main/test.txt
2026-05-26 20:09:12,923 | INFO     |   → 799/1013 ❌ HTTP 404 — https://raw.githubusercontent.com/rxsweet/proxies/main/sub/free.yaml
2026-05-26 20:09:12,923 | INFO     |   → 800/1013 ❌ HTTP 404 — https://raw.githubusercontent.com/rxsweet/proxies/main/sub/rx.yaml
2026-05-26 20:09:12,923 | INFO     |   → 801/1013 ❌ HTTP 404 — https://raw.githubusercontent.com/rxsweet/proxies/main/sub/sources/dynamicAll.yaml
2026-05-26 20:09:12,923 | INFO     |   → 802/1013 ❌ HTTP 404 — https://raw.githubusercontent.com/rxsweet/proxies/main/sub/sources/miningAll.yaml
2026-05-26 20:09:12,923 | INFO     |   → 803/1013 ❌ HTTP 404 — https://raw.githubusercontent.com/rxsweet/proxies/main/sub/srx.yaml
2026-05-26 20:09:12,923 | INFO     |   → 804/1013 ❌ HTTP 404 — https://raw.githubusercontent.com/sajad-sajadi/V2ray-Collector/raw/main/output/protocols/vmess.txt
2026-05-26 20:09:12,923 | INFO     |   → 805/1013 ❌ HTTP 404 — https://raw.githubusercontent.com/sakha1370/OpenRay/raw/refs/heads/main/output/all_valid_proxies.txt
2026-05-26 20:09:12,923 | INFO     |   → 806/1013: ✅ 53 взято | 🗑️ 399 мусор
2026-05-26 20:09:12,923 | INFO     |   → 807/1013: ✅ 0 взято | 🗑️ 399 мусор
2026-05-26 20:09:12,923 | INFO     |   → 808/1013 ❌ HTTP 404 — https://raw.githubusercontent.com/samjoeyang/subscribe/main/fly
2026-05-26 20:09:12,923 | INFO     |   → 809/1013: ✅ 0 взято | 🗑️ 0 мусор
2026-05-26 20:09:12,923 | INFO     |   → 810/1013 ❌ HTTP 404 — https://raw.githubusercontent.com/sarina-ad/v2ray/main/v2ray
2026-05-26 20:09:12,923 | INFO     |   → 811/1013 ❌ HTTP 404 — https://raw.githubusercontent.com/satrom/V2SSR/master/SSR/Sub.txt
2026-05-26 20:09:12,923 | INFO     |   → 812/1013 ❌ HTTP 404 — https://raw.githubusercontent.com/satrom/V2SSR/master/V2RAY/Sub.txt
2026-05-26 20:09:12,923 | INFO     |   → 813/1013: ✅ 2896 взято | 🗑️ 70626 мусор
2026-05-26 20:09:12,923 | INFO     |   → 814/1013: ✅ 0 взято | 🗑️ 0 мусор
2026-05-26 20:09:12,923 | INFO     |   → 815/1013: ✅ 0 взято | 🗑️ 0 мусор
2026-05-26 20:09:12,923 | INFO     |   → 816/1013: ✅ 3 взято | 🗑️ 49 мусор
2026-05-26 20:09:12,923 | INFO     |   → 817/1013: ✅ 166 взято | 🗑️ 1177 мусор
2026-05-26 20:09:12,923 | INFO     |   → 818/1013: ✅ 0 взято | 🗑️ 575 мусор
2026-05-26 20:09:12,923 | INFO     |   → 819/1013: ✅ 0 взято | 🗑️ 74 мусор
2026-05-26 20:09:12,923 | INFO     |   → 820/1013: ✅ 0 взято | 🗑️ 506 мусор
2026-05-26 20:09:12,923 | INFO     |   → 821/1013: ✅ 0 взято | 🗑️ 22 мусор
2026-05-26 20:09:12,923 | INFO     |   → 822/1013: ✅ 0 взято | 🗑️ 1177 мусор
2026-05-26 20:09:12,923 | INFO     |   → 823/1013: ✅ 0 взято | 🗑️ 0 мусор
2026-05-26 20:09:12,923 | INFO     |   → 824/1013 ❌ HTTP 404 — https://raw.githubusercontent.com/shirkerboy/scp/main/sub
2026-05-26 20:09:12,923 | INFO     |   → 825/1013 ❌ HTTP 404 — https://raw.githubusercontent.com/snakem982/proxypool/main/nodelist.txt
2026-05-26 20:09:12,923 | INFO     |   → 826/1013: ✅ 34 взято | 🗑️ 62 мусор
2026-05-26 20:09:12,923 | INFO     |   → 827/1013 ❌ HTTP 404 — https://raw.githubusercontent.com/snakem982/proxypool/main/source/v2ray.txt
2026-05-26 20:09:12,923 | INFO     |   → 828/1013 ❌ HTTP 404 — https://raw.githubusercontent.com/soroushmirzaei/telegram-configs-collector/main/channels/protocols/hysteria
2026-05-26 20:09:12,924 | INFO     |   → 829/1013 ❌ HTTP 404 — https://raw.githubusercontent.com/soroushmirzaei/telegram-configs-collector/main/channels/protocols/juicity
2026-05-26 20:09:12,924 | INFO     |   → 830/1013 ❌ HTTP 404 — https://raw.githubusercontent.com/soroushmirzaei/telegram-configs-collector/main/channels/protocols/reality
2026-05-26 20:09:12,924 | INFO     |   → 831/1013 ❌ HTTP 404 — https://raw.githubusercontent.com/soroushmirzaei/telegram-configs-collector/main/channels/protocols/shadowsocks
2026-05-26 20:09:12,924 | INFO     |   → 832/1013 ❌ HTTP 404 — https://raw.githubusercontent.com/soroushmirzaei/telegram-configs-collector/main/channels/protocols/trojan
2026-05-26 20:09:12,924 | INFO     |   → 833/1013 ❌ HTTP 404 — https://raw.githubusercontent.com/soroushmirzaei/telegram-configs-collector/main/channels/protocols/tuic
2026-05-26 20:09:12,924 | INFO     |   → 834/1013 ❌ HTTP 404 — https://raw.githubusercontent.com/soroushmirzaei/telegram-configs-collector/main/channels/protocols/vless
2026-05-26 20:09:12,924 | INFO     |   → 835/1013 ❌ HTTP 404 — https://raw.githubusercontent.com/soroushmirzaei/telegram-configs-collector/main/channels/protocols/vmess
2026-05-26 20:09:12,924 | INFO     |   → 836/1013 ❌ HTTP 404 — https://raw.githubusercontent.com/soroushmirzaei/telegram-configs-collector/main/countries/jp/mixed
2026-05-26 20:09:12,924 | INFO     |   → 837/1013 ❌ HTTP 404 — https://raw.githubusercontent.com/soroushmirzaei/telegram-configs-collector/main/protocols/hysteria
2026-05-26 20:09:12,924 | INFO     |   → 838/1013 ❌ HTTP 404 — https://raw.githubusercontent.com/soroushmirzaei/telegram-configs-collector/main/protocols/juicity
2026-05-26 20:09:12,924 | INFO     |   → 839/1013 ❌ HTTP 404 — https://raw.githubusercontent.com/soroushmirzaei/telegram-configs-collector/main/protocols/reality
2026-05-26 20:09:12,924 | INFO     |   → 840/1013 ❌ HTTP 404 — https://raw.githubusercontent.com/soroushmirzaei/telegram-configs-collector/main/protocols/shadowsocks
2026-05-26 20:09:12,924 | INFO     |   → 841/1013 ❌ HTTP 404 — https://raw.githubusercontent.com/soroushmirzaei/telegram-configs-collector/main/protocols/trojan
2026-05-26 20:09:12,924 | INFO     |   → 842/1013 ❌ HTTP 404 — https://raw.githubusercontent.com/soroushmirzaei/telegram-configs-collector/main/protocols/tuic
2026-05-26 20:09:12,924 | INFO     |   → 843/1013 ❌ HTTP 404 — https://raw.githubusercontent.com/soroushmirzaei/telegram-configs-collector/main/protocols/vless
2026-05-26 20:09:12,924 | INFO     |   → 844/1013 ❌ HTTP 404 — https://raw.githubusercontent.com/soroushmirzaei/telegram-configs-collector/main/protocols/vmess
2026-05-26 20:09:12,924 | INFO     |   → 845/1013 ❌ HTTP 404 — https://raw.githubusercontent.com/soroushmirzaei/telegram-configs-collector/main/splitted/subscribe
2026-05-26 20:09:12,924 | INFO     |   → 846/1013 ❌ HTTP 404 — https://raw.githubusercontent.com/ssrsub/ssr/master/Clash.yml
2026-05-26 20:09:12,924 | INFO     |   → 847/1013 ❌ HTTP 404 — https://raw.githubusercontent.com/ssrsub/ssr/master/V2Ray
2026-05-26 20:09:12,924 | INFO     |   → 848/1013 ❌ HTTP 404 — https://raw.githubusercontent.com/ssrsub/ssr/master/ss-sub
2026-05-26 20:09:12,924 | INFO     |   → 849/1013 ❌ HTTP 404 — https://raw.githubusercontent.com/ssrsub/ssr/master/ssrsub
2026-05-26 20:09:12,924 | INFO     |   → 850/1013 ❌ HTTP 404 — https://raw.githubusercontent.com/ssrsub/ssr/master/trojan
2026-05-26 20:09:12,924 | INFO     |   → 851/1013: ✅ 0 взято | 🗑️ 0 мусор
2026-05-26 20:09:12,924 | INFO     |   → 852/1013: ✅ 2 взято | 🗑️ 12 мусор
2026-05-26 20:09:12,924 | INFO     |   → 853/1013: ✅ 0 взято | 🗑️ 13 мусор
2026-05-26 20:09:12,924 | INFO     |   → 854/1013: ✅ 0 взято | 🗑️ 13 мусор
2026-05-26 20:09:12,924 | INFO     |   → 855/1013 ❌ HTTP 404 — https://raw.githubusercontent.com/tbbatbb/Proxy/master/dist/clash.config.yaml
2026-05-26 20:09:12,924 | INFO     |   → 856/1013: ✅ 2 взято | 🗑️ 35 мусор
2026-05-26 20:09:12,924 | INFO     |   → 857/1013: ✅ 0 взято | 🗑️ 0 мусор
2026-05-26 20:09:12,924 | INFO     |   → 858/1013: ✅ 5 взято | 🗑️ 111 мусор
2026-05-26 20:09:12,925 | INFO     |   → 859/1013: ✅ 0 взято | 🗑️ 0 мусор
2026-05-26 20:09:12,925 | INFO     |   → 860/1013: ✅ 0 взято | 🗑️ 90 мусор
2026-05-26 20:09:12,925 | INFO     |   → 861/1013 ❌ HTTP 404 — https://raw.githubusercontent.com/v2clash/Autoproxy/a81f840ab2364124133572ec94e4b81fb0d4e58d/sub/2401/240104.txt
2026-05-26 20:09:12,925 | INFO     |   → 862/1013 ❌ HTTP 404 — https://raw.githubusercontent.com/v2clash/V2ray-Configs/31f493c584d0c7b56350f4a34d80c53ad82bcc18/Sub9.txt
2026-05-26 20:09:12,925 | INFO     |   → 863/1013: ✅ 0 взято | 🗑️ 0 мусор
2026-05-26 20:09:12,925 | INFO     |   → 864/1013: ✅ 0 взято | 🗑️ 0 мусор
2026-05-26 20:09:12,925 | INFO     |   → 865/1013: ✅ 0 взято | 🗑️ 0 мусор
2026-05-26 20:09:12,925 | INFO     |   → 866/1013: ✅ 283 взято | 🗑️ 9640 мусор
2026-05-26 20:09:12,925 | INFO     |   → 867/1013: ✅ 281 взято | 🗑️ 10086 мусор
2026-05-26 20:09:12,925 | INFO     |   → 868/1013: ✅ 280 взято | 🗑️ 9675 мусор
2026-05-26 20:09:12,925 | INFO     |   → 869/1013: ✅ 334 взято | 🗑️ 9823 мусор
2026-05-26 20:09:12,925 | INFO     |   → 870/1013: ✅ 350 взято | 🗑️ 9639 мусор
2026-05-26 20:09:12,925 | INFO     |   → 871/1013: ✅ 125 взято | 🗑️ 7919 мусор
2026-05-26 20:09:12,925 | INFO     |   → 872/1013: ✅ 135 взято | 🗑️ 4836 мусор
2026-05-26 20:09:12,925 | INFO     |   → 873/1013: ✅ 502 взято | 🗑️ 7659 мусор
2026-05-26 20:09:12,925 | INFO     |   → 874/1013: ✅ 631 взято | 🗑️ 8081 мусор
2026-05-26 20:09:12,925 | INFO     |   → 875/1013: ✅ 202 взято | 🗑️ 5131 мусор
2026-05-26 20:09:12,925 | INFO     |   → 876/1013 ❌ HTTP 404 — https://raw.githubusercontent.com/vveg26/chromego_merge/main/sub/merged_proxies.yaml
2026-05-26 20:09:12,925 | INFO     |   → 877/1013 ❌ HTTP 404 — https://raw.githubusercontent.com/vveg26/get_proxy/main/dist/clash.config.yaml
2026-05-26 20:09:12,925 | INFO     |   → 878/1013: ✅ 0 взято | 🗑️ 10 мусор
2026-05-26 20:09:12,925 | INFO     |   → 879/1013: ✅ 0 взято | 🗑️ 10 мусор
2026-05-26 20:09:12,925 | INFO     |   → 880/1013: ✅ 0 взято | 🗑️ 4 мусор
2026-05-26 20:09:12,925 | INFO     |   → 881/1013: ✅ 0 взято | 🗑️ 0 мусор
2026-05-26 20:09:12,925 | INFO     |   → 882/1013: ✅ 0 взято | 🗑️ 4 мусор
2026-05-26 20:09:12,925 | INFO     |   → 883/1013: ✅ 106 взято | 🗑️ 689 мусор
2026-05-26 20:09:12,925 | INFO     |   → 884/1013: ✅ 48 взято | 🗑️ 841 мусор
2026-05-26 20:09:12,925 | INFO     |   → 885/1013: ✅ 21 взято | 🗑️ 789 мусор
2026-05-26 20:09:12,925 | INFO     |   → 886/1013: ✅ 24 взято | 🗑️ 774 мусор
2026-05-26 20:09:12,925 | INFO     |   → 887/1013: ✅ 52 взято | 🗑️ 756 мусор
2026-05-26 20:09:12,925 | INFO     |   → 888/1013: ✅ 191 взято | 🗑️ 745 мусор
2026-05-26 20:09:12,925 | INFO     |   → 889/1013: ✅ 9 взято | 🗑️ 651 мусор
2026-05-26 20:09:12,926 | INFO     |   → 890/1013: ✅ 185 взято | 🗑️ 388 мусор
2026-05-26 20:09:12,926 | INFO     |   → 891/1013: ✅ 130 взято | 🗑️ 523 мусор
2026-05-26 20:09:12,926 | INFO     |   → 892/1013: ✅ 67 взято | 🗑️ 533 мусор
2026-05-26 20:09:12,926 | INFO     |   → 893/1013: ✅ 98 взято | 🗑️ 444 мусор
2026-05-26 20:09:12,926 | INFO     |   → 894/1013: ✅ 102 взято | 🗑️ 670 мусор
2026-05-26 20:09:12,926 | INFO     |   → 895/1013: ✅ 86 взято | 🗑️ 476 мусор
2026-05-26 20:09:12,926 | INFO     |   → 896/1013: ✅ 95 взято | 🗑️ 657 мусор
2026-05-26 20:09:12,926 | INFO     |   → 897/1013: ✅ 105 взято | 🗑️ 645 мусор
2026-05-26 20:09:12,926 | INFO     |   → 898/1013: ✅ 115 взято | 🗑️ 985 мусор
2026-05-26 20:09:12,926 | INFO     |   → 899/1013: ✅ 6 взято | 🗑️ 63 мусор
2026-05-26 20:09:12,926 | INFO     |   → 900/1013: ✅ 7 взято | 🗑️ 62 мусор
2026-05-26 20:09:12,926 | INFO     |   → 901/1013: ✅ 39 взято | 🗑️ 489 мусор
2026-05-26 20:09:12,926 | INFO     |   → 902/1013: ✅ 0 взято | 🗑️ 0 мусор
2026-05-26 20:09:12,926 | INFO     |   → 903/1013: ✅ 0 взято | 🗑️ 0 мусор
2026-05-26 20:09:12,926 | INFO     |   → 904/1013: ✅ 0 взято | 🗑️ 0 мусор
2026-05-26 20:09:12,926 | INFO     |   → 905/1013: ✅ 0 взято | 🗑️ 0 мусор
2026-05-26 20:09:12,926 | INFO     |   → 906/1013: ✅ 0 взято | 🗑️ 0 мусор
2026-05-26 20:09:12,926 | INFO     |   → 907/1013: ✅ 0 взято | 🗑️ 52 мусор
2026-05-26 20:09:12,926 | INFO     |   → 908/1013: ✅ 5 взято | 🗑️ 10 мусор
2026-05-26 20:09:12,926 | INFO     |   → 909/1013: ✅ 1 взято | 🗑️ 124 мусор
2026-05-26 20:09:12,926 | INFO     |   → 910/1013: ✅ 78 взято | 🗑️ 72 мусор
2026-05-26 20:09:12,926 | INFO     |   → 911/1013: ✅ 0 взято | 🗑️ 9 мусор
2026-05-26 20:09:12,926 | INFO     |   → 912/1013: ✅ 59 взято | 🗑️ 1617 мусор
2026-05-26 20:09:12,926 | INFO     |   → 913/1013 ❌ HTTP 404 — https://raw.githubusercontent.com/xiaozhu2007/xiaozhu2007/61a755a044dbaeea678bc2d1e20f21a21c6d7170/docs/fxxk.txt
2026-05-26 20:09:12,926 | INFO     |   → 914/1013: ✅ 1 взято | 🗑️ 159 мусор
2026-05-26 20:09:12,926 | INFO     |   → 915/1013: ✅ 0 взято | 🗑️ 22 мусор
2026-05-26 20:09:12,926 | INFO     |   → 916/1013: ✅ 0 взято | 🗑️ 0 мусор
2026-05-26 20:09:12,926 | INFO     |   → 917/1013 ❌ HTTP 404 — https://raw.githubusercontent.com/yebekhe/TVC/0f745f92bf381e505f1245abbc7c145b19b11503/config.txt
2026-05-26 20:09:12,926 | INFO     |   → 918/1013 ❌ HTTP 404 — https://raw.githubusercontent.com/yebekhe/TVC/9fac69239c69327fb7a61f5a8d79d107133889e1/lite/config.txt
2026-05-26 20:09:12,926 | INFO     |   → 919/1013 ❌ HTTP 404 — https://raw.githubusercontent.com/yebekhe/TelegramV2rayCollector/main/sub/normal/donated
2026-05-26 20:09:12,927 | INFO     |   → 920/1013 ❌ HTTP 404 — https://raw.githubusercontent.com/yebekhe/TelegramV2rayCollector/main/sub/normal/hysteria2
2026-05-26 20:09:12,927 | INFO     |   → 921/1013 ❌ HTTP 404 — https://raw.githubusercontent.com/yebekhe/TelegramV2rayCollector/main/sub/normal/mix
2026-05-26 20:09:12,927 | INFO     |   → 922/1013 ❌ HTTP 404 — https://raw.githubusercontent.com/yebekhe/TelegramV2rayCollector/main/sub/normal/reality
2026-05-26 20:09:12,927 | INFO     |   → 923/1013 ❌ HTTP 404 — https://raw.githubusercontent.com/yebekhe/TelegramV2rayCollector/main/sub/normal/shadowsocks
2026-05-26 20:09:12,927 | INFO     |   → 924/1013 ❌ HTTP 404 — https://raw.githubusercontent.com/yebekhe/TelegramV2rayCollector/main/sub/normal/trojan
2026-05-26 20:09:12,927 | INFO     |   → 925/1013 ❌ HTTP 404 — https://raw.githubusercontent.com/yebekhe/TelegramV2rayCollector/main/sub/normal/tuic
2026-05-26 20:09:12,927 | INFO     |   → 926/1013 ❌ HTTP 404 — https://raw.githubusercontent.com/yebekhe/TelegramV2rayCollector/main/sub/normal/vless
2026-05-26 20:09:12,927 | INFO     |   → 927/1013 ❌ HTTP 404 — https://raw.githubusercontent.com/yebekhe/TelegramV2rayCollector/main/sub/normal/vmess
2026-05-26 20:09:12,927 | INFO     |   → 928/1013 ❌ HTTP 404 — https://raw.githubusercontent.com/yebekhe/V2Hub/main/Split/Normal/shadowsocks
2026-05-26 20:09:12,927 | INFO     |   → 929/1013 ❌ HTTP 404 — https://raw.githubusercontent.com/yebekhe/V2Hub/main/merged
2026-05-26 20:09:12,927 | INFO     |   → 930/1013: ✅ 0 взято | 🗑️ 30 мусор
2026-05-26 20:09:12,927 | INFO     |   → 931/1013: ✅ 925 взято | 🗑️ 7688 мусор
2026-05-26 20:09:12,927 | INFO     |   → 932/1013: ✅ 7 взято | 🗑️ 480 мусор
2026-05-26 20:09:12,927 | INFO     |   → 933/1013: ✅ 8 взято | 🗑️ 269 мусор
2026-05-26 20:09:12,927 | INFO     |   → 934/1013: ✅ 305 взято | 🗑️ 317 мусор
2026-05-26 20:09:12,927 | INFO     |   → 935/1013: ✅ 0 взято | 🗑️ 1373 мусор
2026-05-26 20:09:12,927 | INFO     |   → 936/1013: ✅ 2 взято | 🗑️ 379 мусор
2026-05-26 20:09:12,927 | INFO     |   → 937/1013 ❌ HTTP 404 — https://raw.githubusercontent.com/yyyr-otz/tele-providers-collector/019cb3e07ee52fddbc7caa54fc670c6b9bae6539/sub/proxies.txt
2026-05-26 20:09:12,927 | INFO     |   → 938/1013 ❌ HTTP 404 — https://raw.githubusercontent.com/yyyr-otz/tele-providers-collector/b7a74ee98bcf02c5a507d688a1bed3aa9f7f4ed1/script/raw/protocols/mixed.txt
2026-05-26 20:09:12,927 | INFO     |   → 939/1013: ✅ 0 взято | 🗑️ 0 мусор
2026-05-26 20:09:12,927 | INFO     |   → 940/1013: ✅ 0 взято | 🗑️ 0 мусор
2026-05-26 20:09:12,927 | INFO     |   → 941/1013: ✅ 1 взято | 🗑️ 18 мусор
2026-05-26 20:09:12,927 | INFO     |   → 942/1013: ✅ 0 взято | 🗑️ 6 мусор
2026-05-26 20:09:12,927 | INFO     |   → 943/1013: ✅ 0 взято | 🗑️ 5 мусор
2026-05-26 20:09:12,927 | INFO     |   → 944/1013: ✅ 0 взято | 🗑️ 0 мусор
2026-05-26 20:09:12,927 | INFO     |   → 945/1013 ⚠️ Ошибка: ('Connection aborted.', RemoteDisconnected('Remote end closed connection without response')) — https://sub.pmsub.me/clash.yaml
2026-05-26 20:09:12,927 | INFO     |   → 946/1013: ✅ 0 взято | 🗑️ 1 мусор
2026-05-26 20:09:12,927 | INFO     |   → 947/1013: ✅ 8 взято | 🗑️ 21 мусор
2026-05-26 20:09:12,927 | INFO     |   → 948/1013: ✅ 0 взято | 🗑️ 0 мусор
2026-05-26 20:09:12,927 | INFO     |   → 949/1013: ✅ 9 взято | 🗑️ 19 мусор
2026-05-26 20:09:12,927 | INFO     |   → 950/1013: ✅ 0 взято | 🗑️ 0 мусор
2026-05-26 20:09:12,928 | INFO     |   → 951/1013: ✅ 2 взято | 🗑️ 14 мусор
2026-05-26 20:09:12,928 | INFO     |   → 952/1013: ✅ 4 взято | 🗑️ 22 мусор
2026-05-26 20:09:12,928 | INFO     |   → 953/1013: ✅ 0 взято | 🗑️ 0 мусор
2026-05-26 20:09:12,928 | INFO     |   → 954/1013: ✅ 0 взято | 🗑️ 0 мусор
2026-05-26 20:09:12,928 | INFO     |   → 955/1013: ✅ 0 взято | 🗑️ 0 мусор
2026-05-26 20:09:12,928 | INFO     |   → 956/1013: ✅ 2 взято | 🗑️ 16 мусор
2026-05-26 20:09:12,928 | INFO     |   → 957/1013: ✅ 0 взято | 🗑️ 0 мусор
2026-05-26 20:09:12,928 | INFO     |   → 958/1013: ✅ 4 взято | 🗑️ 7 мусор
2026-05-26 20:09:12,928 | INFO     |   → 959/1013: ✅ 0 взято | 🗑️ 0 мусор
2026-05-26 20:09:12,928 | INFO     |   → 960/1013: ✅ 6 взято | 🗑️ 14 мусор
2026-05-26 20:09:12,928 | INFO     |   → 961/1013: ✅ 0 взято | 🗑️ 0 мусор
2026-05-26 20:09:12,928 | INFO     |   → 962/1013: ✅ 2 взято | 🗑️ 13 мусор
2026-05-26 20:09:12,928 | INFO     |   → 963/1013: ✅ 0 взято | 🗑️ 0 мусор
2026-05-26 20:09:12,928 | INFO     |   → 964/1013: ✅ 0 взято | 🗑️ 0 мусор
2026-05-26 20:09:12,928 | INFO     |   → 965/1013: ✅ 2 взято | 🗑️ 7 мусор
2026-05-26 20:09:12,928 | INFO     |   → 966/1013: ✅ 1 взято | 🗑️ 14 мусор
2026-05-26 20:09:12,928 | INFO     |   → 967/1013: ✅ 2 взято | 🗑️ 14 мусор
2026-05-26 20:09:12,928 | INFO     |   → 968/1013: ✅ 0 взято | 🗑️ 0 мусор
2026-05-26 20:09:12,928 | INFO     |   → 969/1013: ✅ 3 взято | 🗑️ 22 мусор
2026-05-26 20:09:12,928 | INFO     |   → 970/1013: ✅ 0 взято | 🗑️ 0 мусор
2026-05-26 20:09:12,928 | INFO     |   → 971/1013: ✅ 2 взято | 🗑️ 15 мусор
2026-05-26 20:09:12,928 | INFO     |   → 972/1013: ✅ 3 взято | 🗑️ 12 мусор
2026-05-26 20:09:12,928 | INFO     |   → 973/1013: ✅ 0 взято | 🗑️ 0 мусор
2026-05-26 20:09:12,928 | INFO     |   → 974/1013: ✅ 0 взято | 🗑️ 0 мусор
2026-05-26 20:09:12,928 | INFO     |   → 975/1013: ✅ 0 взято | 🗑️ 0 мусор
2026-05-26 20:09:12,928 | INFO     |   → 976/1013: ✅ 4 взято | 🗑️ 11 мусор
2026-05-26 20:09:12,928 | INFO     |   → 977/1013: ✅ 10 взято | 🗑️ 15 мусор
2026-05-26 20:09:12,928 | INFO     |   → 978/1013: ✅ 0 взято | 🗑️ 0 мусор
2026-05-26 20:09:12,929 | INFO     |   → 979/1013: ✅ 13 взято | 🗑️ 15 мусор
2026-05-26 20:09:12,929 | INFO     |   → 980/1013: ✅ 0 взято | 🗑️ 0 мусор
2026-05-26 20:09:12,929 | INFO     |   → 981/1013: ✅ 5 взято | 🗑️ 15 мусор
2026-05-26 20:09:12,929 | INFO     |   → 982/1013: ✅ 0 взято | 🗑️ 0 мусор
2026-05-26 20:09:12,929 | INFO     |   → 983/1013: ✅ 8 взято | 🗑️ 16 мусор
2026-05-26 20:09:12,929 | INFO     |   → 984/1013: ✅ 0 взято | 🗑️ 0 мусор
2026-05-26 20:09:12,929 | INFO     |   → 985/1013: ✅ 0 взято | 🗑️ 24 мусор
2026-05-26 20:09:12,929 | INFO     |   → 986/1013: ✅ 0 взято | 🗑️ 0 мусор
2026-05-26 20:09:12,929 | INFO     |   → 987/1013: ✅ 4 взято | 🗑️ 17 мусор
2026-05-26 20:09:12,929 | INFO     |   → 988/1013: ✅ 0 взято | 🗑️ 0 мусор
2026-05-26 20:09:12,929 | INFO     |   → 989/1013: ✅ 12 взято | 🗑️ 18 мусор
2026-05-26 20:09:12,929 | INFO     |   → 990/1013: ✅ 0 взято | 🗑️ 0 мусор
2026-05-26 20:09:12,929 | INFO     |   → 991/1013: ✅ 2 взято | 🗑️ 17 мусор
2026-05-26 20:09:12,929 | INFO     |   → 992/1013: ✅ 0 взято | 🗑️ 0 мусор
2026-05-26 20:09:12,929 | INFO     |   → 993/1013: ✅ 1 взято | 🗑️ 27 мусор
2026-05-26 20:09:12,929 | INFO     |   → 994/1013: ✅ 0 взято | 🗑️ 0 мусор
2026-05-26 20:09:12,929 | INFO     |   → 995/1013: ✅ 4 взято | 🗑️ 15 мусор
2026-05-26 20:09:12,929 | INFO     |   → 996/1013: ✅ 0 взято | 🗑️ 0 мусор
2026-05-26 20:09:12,929 | INFO     |   → 997/1013: ✅ 4 взято | 🗑️ 26 мусор
2026-05-26 20:09:12,929 | INFO     |   → 998/1013: ✅ 0 взято | 🗑️ 0 мусор
2026-05-26 20:09:12,929 | INFO     |   → 999/1013: ✅ 3 взято | 🗑️ 21 мусор
2026-05-26 20:09:12,929 | INFO     |   → 1000/1013: ✅ 0 взято | 🗑️ 0 мусор
2026-05-26 20:09:12,929 | INFO     |   → 1001/1013: ✅ 8 взято | 🗑️ 12 мусор
2026-05-26 20:09:12,929 | INFO     |   → 1002/1013: ✅ 0 взято | 🗑️ 0 мусор
2026-05-26 20:09:12,929 | INFO     |   → 1003/1013: ✅ 8 взято | 🗑️ 15 мусор
2026-05-26 20:09:12,929 | INFO     |   → 1004/1013: ✅ 0 взято | 🗑️ 0 мусор
2026-05-26 20:09:12,929 | INFO     |   → 1005/1013: ✅ 10 взято | 🗑️ 14 мусор
2026-05-26 20:09:12,929 | INFO     |   → 1006/1013: ✅ 0 взято | 🗑️ 0 мусор
2026-05-26 20:09:12,930 | INFO     |   → 1007/1013: ✅ 5 взято | 🗑️ 18 мусор
2026-05-26 20:09:12,930 | INFO     |   → 1008/1013: ✅ 0 взято | 🗑️ 0 мусор
2026-05-26 20:09:12,930 | INFO     |   → 1009/1013: ✅ 5 взято | 🗑️ 22 мусор
2026-05-26 20:09:12,930 | INFO     |   → 1010/1013: ✅ 0 взято | 🗑️ 0 мусор
2026-05-26 20:09:12,930 | INFO     |   → 1011/1013: ✅ 5 взято | 🗑️ 18 мусор
2026-05-26 20:09:12,930 | INFO     |   → 1012/1013: ✅ 0 взято | 🗑️ 0 мусор
2026-05-26 20:09:12,930 | INFO     |   → 1013/1013: ✅ 0 взято | 🗑️ 8 мусор
2026-05-26 20:09:12,930 | INFO     |   → ✅ ГОТОВО!
2026-05-26 20:09:12,930 | INFO     |   →    📥 Всего ключей после фильтра: 22850
2026-05-26 20:09:12,930 | INFO     |   →    🔗 Уникальных IP:PORT:SCHEME: 10726
2026-05-26 20:09:12,930 | INFO     |   →    🗑️ Выброшено мусора: 432826
2026-05-26 20:09:12,930 | INFO     |   → 📊 По протоколам:
2026-05-26 20:09:12,930 | INFO     |   →    vless: 3829
2026-05-26 20:09:12,930 | INFO     |   →    vmess: 3474
2026-05-26 20:09:12,930 | INFO     |   →    trojan: 1378
2026-05-26 20:09:12,930 | INFO     |   →    ss: 1888
2026-05-26 20:09:12,930 | INFO     |   →    hysteria: 13
2026-05-26 20:09:12,930 | INFO     |   →    hysteria2: 33
2026-05-26 20:09:12,930 | INFO     |   →    hy2: 59
2026-05-26 20:09:12,930 | INFO     |   →    tuic: 52
2026-05-26 20:09:12,930 | INFO     | ✅ mirror.py завершён успешно
2026-05-26 20:09:12,930 | INFO     | 
2026-05-26 20:09:12,930 | INFO     | 
2026-05-26 20:09:12,930 | INFO     | ──────────────────────────────────────────────────────────────────────
2026-05-26 20:09:12,930 | INFO     | 📌 ЭТАП: Фильтрация по реальному SNI
2026-05-26 20:09:12,930 | INFO     | ──────────────────────────────────────────────────────────────────────
2026-05-26 20:09:12,931 | INFO     | 🚀 Запуск filter_ru_sni.py (Фильтр по реальному SNI (CDN+RU))...
2026-05-26 20:09:13,180 | INFO     |   → hy2.txt: 59 → 19 (SNI-filtered)
2026-05-26 20:09:13,180 | INFO     |   →   hysteria.txt: 13 → 0 (SNI-filtered)
2026-05-26 20:09:13,180 | INFO     |   →   hysteria2.txt: 33 → 4 (SNI-filtered)
2026-05-26 20:09:13,180 | INFO     |   →   ss.txt: 1888 → 1 (SNI-filtered)
2026-05-26 20:09:13,181 | INFO     |   →   trojan.txt: 1378 → 5 (SNI-filtered)
2026-05-26 20:09:13,181 | INFO     |   →   tuic.txt: 52 → 0 (SNI-filtered)
2026-05-26 20:09:13,181 | INFO     |   →   vless.txt: 3829 → 541 (SNI-filtered)
2026-05-26 20:09:13,181 | INFO     |   →   vmess.txt: 3474 → 38 (SNI-filtered)
2026-05-26 20:09:13,181 | INFO     |   → ==================================================
2026-05-26 20:09:13,181 | INFO     |   →   Всего входных:  10726
2026-05-26 20:09:13,181 | INFO     |   →   Прошли фильтр:  608
2026-05-26 20:09:13,181 | INFO     |   →   Отброшено:      10118
2026-05-26 20:09:13,181 | INFO     |   → ==================================================
2026-05-26 20:09:13,181 | INFO     |   → Готово → /home/runner/work/vpn-vless-configs-russia/vpn-vless-configs-russia/githubmirror/ru-sni
2026-05-26 20:09:13,181 | INFO     | ✅ filter_ru_sni.py завершён успешно
2026-05-26 20:09:13,181 | INFO     | 
2026-05-26 20:09:13,181 | INFO     | 
2026-05-26 20:09:13,181 | INFO     | ──────────────────────────────────────────────────────────────────────
2026-05-26 20:09:13,181 | INFO     | 📌 ЭТАП: Экспериментальный RU-SNI фильтр
2026-05-26 20:09:13,181 | INFO     | ──────────────────────────────────────────────────────────────────────
2026-05-26 20:09:13,181 | INFO     | 🚀 Запуск filter_ru_sni_local.py (Экспериментальный фильтр по RU-SNI (локальные домены))...
2026-05-26 20:09:13,348 | INFO     |   → hy2.txt: 59 → 0 (RU-SNI)
2026-05-26 20:09:13,349 | INFO     |   → hysteria.txt: 13 → 0 (RU-SNI)
2026-05-26 20:09:13,349 | INFO     |   → hysteria2.txt: 33 → 0 (RU-SNI)
2026-05-26 20:09:13,349 | INFO     |   → ss.txt: 1888 → 0 (RU-SNI)
2026-05-26 20:09:13,349 | INFO     |   → trojan.txt: 1378 → 0 (RU-SNI)
2026-05-26 20:09:13,349 | INFO     |   → tuic.txt: 52 → 0 (RU-SNI)
2026-05-26 20:09:13,349 | INFO     |   → vless.txt: 3829 → 163 (RU-SNI)
2026-05-26 20:09:13,349 | INFO     |   → vmess.txt: 3474 → 0 (RU-SNI)
2026-05-26 20:09:13,349 | INFO     |   → ==================================================
2026-05-26 20:09:13,349 | INFO     |   → Всего входных:  10726
2026-05-26 20:09:13,349 | INFO     |   → Прошли RU-SNI:  163
2026-05-26 20:09:13,349 | INFO     |   → Отброшено:      10563
2026-05-26 20:09:13,349 | INFO     |   → ==================================================
2026-05-26 20:09:13,349 | INFO     |   → Готово → /home/runner/work/vpn-vless-configs-russia/vpn-vless-configs-russia/githubmirror/ru-sni-local
2026-05-26 20:09:13,349 | INFO     | ✅ filter_ru_sni_local.py завершён успешно
2026-05-26 20:09:13,349 | INFO     | 
2026-05-26 20:09:13,349 | INFO     | 
2026-05-26 20:09:13,349 | INFO     | ──────────────────────────────────────────────────────────────────────
2026-05-26 20:09:13,349 | INFO     | 📌 ЭТАП: Сбор статистики
2026-05-26 20:09:13,349 | INFO     | ──────────────────────────────────────────────────────────────────────
2026-05-26 20:09:13,349 | INFO     | 📊 Сбор статистики...
2026-05-26 20:09:13,349 | INFO     |   📁 githubmirror/clean:
2026-05-26 20:09:13,350 | INFO     |     • hy2         :    59 конфигов
2026-05-26 20:09:13,350 | INFO     |     • hysteria    :    13 конфигов
2026-05-26 20:09:13,350 | INFO     |     • hysteria2   :    33 конфигов
2026-05-26 20:09:13,351 | INFO     |     • ss          :  1888 конфигов
2026-05-26 20:09:13,353 | INFO     |     • trojan      :  1378 конфигов
2026-05-26 20:09:13,353 | INFO     |     • tuic        :    52 конфигов
2026-05-26 20:09:13,358 | INFO     |     • vless       :  3829 конфигов
2026-05-26 20:09:13,360 | INFO     |     • vmess       :  3474 конфигов
2026-05-26 20:09:13,360 | INFO     |   📁 githubmirror/ru-sni:
2026-05-26 20:09:13,361 | INFO     |     • hy2         :    19 конфигов ( 32.2% от clean)
2026-05-26 20:09:13,361 | INFO     |     • hysteria    :     0 конфигов (  0.0% от clean)
2026-05-26 20:09:13,361 | INFO     |     • hysteria2   :     4 конфигов ( 12.1% от clean)
2026-05-26 20:09:13,361 | INFO     |     • ss          :     1 конфигов (  0.1% от clean)
2026-05-26 20:09:13,361 | INFO     |     • trojan      :     5 конфигов (  0.4% от clean)
2026-05-26 20:09:13,361 | INFO     |     • tuic        :     0 конфигов (  0.0% от clean)
2026-05-26 20:09:13,362 | INFO     |     • vless       :   541 конфигов ( 14.1% от clean)
2026-05-26 20:09:13,362 | INFO     |     • vmess       :    38 конфигов (  1.1% от clean)
2026-05-26 20:09:13,362 | INFO     | 
2026-05-26 20:09:13,362 | INFO     |   ──────────────────────────────────────────────────
2026-05-26 20:09:13,362 | INFO     |   📈 ИТОГО:
2026-05-26 20:09:13,362 | INFO     |     Clean (после geo-фильтра):    10726
2026-05-26 20:09:13,362 | INFO     |     RU-SNI (после SNI-фильтра):     608
2026-05-26 20:09:13,362 | INFO     |     Прошло фильтр:                  5.7%
2026-05-26 20:09:13,362 | INFO     |   ──────────────────────────────────────────────────
2026-05-26 20:09:13,363 | INFO     | ✅ Статистика сохранена: /home/runner/work/vpn-vless-configs-russia/vpn-vless-configs-russia/stats.json
2026-05-26 20:09:13,363 | INFO     | 
2026-05-26 20:09:13,363 | INFO     | ======================================================================
2026-05-26 20:09:13,363 | INFO     | 📊 ИТОГОВЫЙ ОТЧЁТ
2026-05-26 20:09:13,363 | INFO     | ======================================================================
2026-05-26 20:09:13,363 | INFO     |   ✅ OK         | Загрузка и geo-фильтрация
2026-05-26 20:09:13,363 | INFO     |   ✅ OK         | Фильтрация по реальному SNI
2026-05-26 20:09:13,363 | INFO     |   ✅ OK         | Экспериментальный RU-SNI фильтр
2026-05-26 20:09:13,363 | INFO     |   ✅ OK         | Сбор статистики
2026-05-26 20:09:13,363 | INFO     | ──────────────────────────────────────────────────────────────────────
2026-05-26 20:09:13,363 | INFO     | ✅ ВСЕ ЭТАПЫ УСПЕШНЫ (4/4)
2026-05-26 20:09:13,363 | INFO     | ⏰ Время завершения: 2026-05-26 20:09:13
2026-05-26 20:09:13,363 | INFO     | ======================================================================
