2026-05-29 02:41:22,870 | INFO     | ======================================================================
2026-05-29 02:41:22,870 | INFO     | 🔍 VPN KEY CHECKER - Начало проверки
2026-05-29 02:41:22,870 | INFO     | ⏰ Время старта: 2026-05-29 02:41:22
2026-05-29 02:41:22,870 | INFO     | 📂 Рабочая директория: /home/runner/work/vpn-vless-configs-russia/vpn-vless-configs-russia
2026-05-29 02:41:22,870 | INFO     | ======================================================================
2026-05-29 02:41:22,870 | INFO     | 
2026-05-29 02:41:22,871 | INFO     | 🔍 Проверка наличия скриптов...
2026-05-29 02:41:22,871 | INFO     |   ✅ mirror.py
2026-05-29 02:41:22,871 | INFO     |   ✅ filter_ru_sni.py
2026-05-29 02:41:22,871 | INFO     |   ✅ filter_ru_sni_local.py
2026-05-29 02:41:22,871 | INFO     | 
2026-05-29 02:41:22,871 | INFO     | 
2026-05-29 02:41:22,871 | INFO     | ──────────────────────────────────────────────────────────────────────
2026-05-29 02:41:22,871 | INFO     | 📌 ЭТАП: Загрузка и geo-фильтрация
2026-05-29 02:41:22,871 | INFO     | ──────────────────────────────────────────────────────────────────────
2026-05-29 02:41:22,871 | INFO     | 🚀 Запуск mirror.py (Загрузка и фильтрация по РФ/СНГ/Европа)...
2026-05-29 02:44:39,766 | INFO     |   → 🚀 Старт: всего источников (старые + новые): 1039
2026-05-29 02:44:39,767 | INFO     |   → 1/1039: ✅ 13 взято | 🗑️ 242 мусор
2026-05-29 02:44:39,767 | INFO     |   → 2/1039: ✅ 0 взято | 🗑️ 0 мусор
2026-05-29 02:44:39,767 | INFO     |   → 3/1039 ❌ HTTP 404 — https://bitbucket.org/huwo1/proxy_nodes/raw/f31ca9ec67b84071515729ff45b011b6b09c10f2/clash.yaml
2026-05-29 02:44:39,767 | INFO     |   → 4/1039 ❌ HTTP 404 — https://cdn.jsdelivr.net/gh/cry0ice/genode@main/public/all.txt
2026-05-29 02:44:39,767 | INFO     |   → 5/1039 ❌ HTTP 404 — https://cdn.jsdelivr.net/gh/cry0ice/genode@main/public/ss.txt
2026-05-29 02:44:39,767 | INFO     |   → 6/1039 ❌ HTTP 404 — https://cdn.jsdelivr.net/gh/cry0ice/genode@main/public/ssr.txt
2026-05-29 02:44:39,767 | INFO     |   → 7/1039 ❌ HTTP 404 — https://cdn.jsdelivr.net/gh/cry0ice/genode@main/public/trojan.txt
2026-05-29 02:44:39,767 | INFO     |   → 8/1039 ❌ HTTP 404 — https://cdn.jsdelivr.net/gh/cry0ice/genode@main/public/vless.txt
2026-05-29 02:44:39,767 | INFO     |   → 9/1039 ❌ HTTP 404 — https://cdn.jsdelivr.net/gh/cry0ice/genode@main/public/vmess.txt
2026-05-29 02:44:39,767 | INFO     |   → 10/1039: ✅ 0 взято | 🗑️ 0 мусор
2026-05-29 02:44:39,767 | INFO     |   → 11/1039: ✅ 0 взято | 🗑️ 0 мусор
2026-05-29 02:44:39,767 | INFO     |   → 12/1039: ✅ 0 взято | 🗑️ 0 мусор
2026-05-29 02:44:39,767 | INFO     |   → 13/1039: ✅ 0 взято | 🗑️ 0 мусор
2026-05-29 02:44:39,767 | INFO     |   → 14/1039: ✅ 0 взято | 🗑️ 0 мусор
2026-05-29 02:44:39,767 | INFO     |   → 15/1039: ✅ 0 взято | 🗑️ 0 мусор
2026-05-29 02:44:39,767 | INFO     |   → 16/1039: ✅ 0 взято | 🗑️ 0 мусор
2026-05-29 02:44:39,767 | INFO     |   → 17/1039: ✅ 0 взято | 🗑️ 0 мусор
2026-05-29 02:44:39,767 | INFO     |   → 18/1039: ✅ 0 взято | 🗑️ 0 мусор
2026-05-29 02:44:39,767 | INFO     |   → 19/1039: ✅ 0 взято | 🗑️ 0 мусор
2026-05-29 02:44:39,767 | INFO     |   → 20/1039: ✅ 0 взято | 🗑️ 0 мусор
2026-05-29 02:44:39,768 | INFO     |   → 21/1039: ✅ 0 взято | 🗑️ 0 мусор
2026-05-29 02:44:39,768 | INFO     |   → 22/1039: ✅ 0 взято | 🗑️ 0 мусор
2026-05-29 02:44:39,768 | INFO     |   → 23/1039: ✅ 0 взято | 🗑️ 0 мусор
2026-05-29 02:44:39,768 | INFO     |   → 24/1039: ✅ 0 взято | 🗑️ 0 мусор
2026-05-29 02:44:39,768 | INFO     |   → 25/1039: ✅ 0 взято | 🗑️ 0 мусор
2026-05-29 02:44:39,768 | INFO     |   → 26/1039: ✅ 0 взято | 🗑️ 0 мусор
2026-05-29 02:44:39,768 | INFO     |   → 27/1039: ✅ 0 взято | 🗑️ 0 мусор
2026-05-29 02:44:39,768 | INFO     |   → 28/1039: ✅ 0 взято | 🗑️ 0 мусор
2026-05-29 02:44:39,768 | INFO     |   → 29/1039: ✅ 0 взято | 🗑️ 0 мусор
2026-05-29 02:44:39,768 | INFO     |   → 30/1039: ✅ 0 взято | 🗑️ 0 мусор
2026-05-29 02:44:39,768 | INFO     |   → 31/1039: ✅ 0 взято | 🗑️ 0 мусор
2026-05-29 02:44:39,768 | INFO     |   → 32/1039: ✅ 0 взято | 🗑️ 0 мусор
2026-05-29 02:44:39,768 | INFO     |   → 33/1039: ✅ 0 взято | 🗑️ 0 мусор
2026-05-29 02:44:39,768 | INFO     |   → 34/1039: ✅ 0 взято | 🗑️ 0 мусор
2026-05-29 02:44:39,768 | INFO     |   → 35/1039: ✅ 0 взято | 🗑️ 0 мусор
2026-05-29 02:44:39,768 | INFO     |   → 36/1039: ✅ 0 взято | 🗑️ 0 мусор
2026-05-29 02:44:39,768 | INFO     |   → 37/1039: ✅ 0 взято | 🗑️ 0 мусор
2026-05-29 02:44:39,768 | INFO     |   → 38/1039: ✅ 0 взято | 🗑️ 0 мусор
2026-05-29 02:44:39,768 | INFO     |   → 39/1039: ✅ 0 взято | 🗑️ 0 мусор
2026-05-29 02:44:39,768 | INFO     |   → 40/1039: ✅ 0 взято | 🗑️ 0 мусор
2026-05-29 02:44:39,768 | INFO     |   → 41/1039: ✅ 0 взято | 🗑️ 0 мусор
2026-05-29 02:44:39,769 | INFO     |   → 42/1039: ✅ 0 взято | 🗑️ 0 мусор
2026-05-29 02:44:39,769 | INFO     |   → 43/1039: ✅ 0 взято | 🗑️ 0 мусор
2026-05-29 02:44:39,769 | INFO     |   → 44/1039: ✅ 0 взято | 🗑️ 0 мусор
2026-05-29 02:44:39,769 | INFO     |   → 45/1039: ✅ 0 взято | 🗑️ 0 мусор
2026-05-29 02:44:39,769 | INFO     |   → 46/1039: ✅ 0 взято | 🗑️ 0 мусор
2026-05-29 02:44:39,769 | INFO     |   → 47/1039: ✅ 0 взято | 🗑️ 0 мусор
2026-05-29 02:44:39,769 | INFO     |   → 48/1039: ✅ 0 взято | 🗑️ 0 мусор
2026-05-29 02:44:39,769 | INFO     |   → 49/1039: ✅ 0 взято | 🗑️ 0 мусор
2026-05-29 02:44:39,769 | INFO     |   → 50/1039: ✅ 0 взято | 🗑️ 0 мусор
2026-05-29 02:44:39,769 | INFO     |   → 51/1039: ✅ 0 взято | 🗑️ 0 мусор
2026-05-29 02:44:39,769 | INFO     |   → 52/1039: ✅ 0 взято | 🗑️ 0 мусор
2026-05-29 02:44:39,769 | INFO     |   → 53/1039: ✅ 0 взято | 🗑️ 0 мусор
2026-05-29 02:44:39,769 | INFO     |   → 54/1039: ✅ 0 взято | 🗑️ 0 мусор
2026-05-29 02:44:39,769 | INFO     |   → 55/1039: ✅ 0 взято | 🗑️ 0 мусор
2026-05-29 02:44:39,769 | INFO     |   → 56/1039: ✅ 0 взято | 🗑️ 0 мусор
2026-05-29 02:44:39,769 | INFO     |   → 57/1039: ✅ 0 взято | 🗑️ 0 мусор
2026-05-29 02:44:39,769 | INFO     |   → 58/1039: ✅ 0 взято | 🗑️ 0 мусор
2026-05-29 02:44:39,769 | INFO     |   → 59/1039: ✅ 0 взято | 🗑️ 0 мусор
2026-05-29 02:44:39,769 | INFO     |   → 60/1039: ✅ 0 взято | 🗑️ 0 мусор
2026-05-29 02:44:39,770 | INFO     |   → 61/1039: ✅ 0 взято | 🗑️ 0 мусор
2026-05-29 02:44:39,770 | INFO     |   → 62/1039: ✅ 0 взято | 🗑️ 0 мусор
2026-05-29 02:44:39,770 | INFO     |   → 63/1039: ✅ 0 взято | 🗑️ 0 мусор
2026-05-29 02:44:39,770 | INFO     |   → 64/1039: ✅ 0 взято | 🗑️ 0 мусор
2026-05-29 02:44:39,770 | INFO     |   → 65/1039: ✅ 0 взято | 🗑️ 0 мусор
2026-05-29 02:44:39,770 | INFO     |   → 66/1039: ✅ 0 взято | 🗑️ 0 мусор
2026-05-29 02:44:39,770 | INFO     |   → 67/1039: ✅ 0 взято | 🗑️ 0 мусор
2026-05-29 02:44:39,770 | INFO     |   → 68/1039: ✅ 0 взято | 🗑️ 0 мусор
2026-05-29 02:44:39,770 | INFO     |   → 69/1039: ✅ 0 взято | 🗑️ 0 мусор
2026-05-29 02:44:39,770 | INFO     |   → 70/1039: ✅ 0 взято | 🗑️ 0 мусор
2026-05-29 02:44:39,770 | INFO     |   → 71/1039: ✅ 0 взято | 🗑️ 0 мусор
2026-05-29 02:44:39,770 | INFO     |   → 72/1039: ✅ 0 взято | 🗑️ 0 мусор
2026-05-29 02:44:39,770 | INFO     |   → 73/1039: ✅ 0 взято | 🗑️ 0 мусор
2026-05-29 02:44:39,770 | INFO     |   → 74/1039: ✅ 0 взято | 🗑️ 0 мусор
2026-05-29 02:44:39,770 | INFO     |   → 75/1039: ✅ 0 взято | 🗑️ 0 мусор
2026-05-29 02:44:39,770 | INFO     |   → 76/1039: ✅ 0 взято | 🗑️ 0 мусор
2026-05-29 02:44:39,770 | INFO     |   → 77/1039: ✅ 0 взято | 🗑️ 0 мусор
2026-05-29 02:44:39,770 | INFO     |   → 78/1039: ✅ 0 взято | 🗑️ 0 мусор
2026-05-29 02:44:39,770 | INFO     |   → 79/1039: ✅ 0 взято | 🗑️ 0 мусор
2026-05-29 02:44:39,770 | INFO     |   → 80/1039: ✅ 0 взято | 🗑️ 0 мусор
2026-05-29 02:44:39,770 | INFO     |   → 81/1039: ✅ 0 взято | 🗑️ 0 мусор
2026-05-29 02:44:39,770 | INFO     |   → 82/1039: ✅ 0 взято | 🗑️ 0 мусор
2026-05-29 02:44:39,770 | INFO     |   → 83/1039: ✅ 0 взято | 🗑️ 0 мусор
2026-05-29 02:44:39,770 | INFO     |   → 84/1039: ✅ 0 взято | 🗑️ 0 мусор
2026-05-29 02:44:39,771 | INFO     |   → 85/1039: ✅ 0 взято | 🗑️ 0 мусор
2026-05-29 02:44:39,771 | INFO     |   → 86/1039: ✅ 0 взято | 🗑️ 0 мусор
2026-05-29 02:44:39,771 | INFO     |   → 87/1039: ✅ 0 взято | 🗑️ 0 мусор
2026-05-29 02:44:39,771 | INFO     |   → 88/1039: ✅ 0 взято | 🗑️ 0 мусор
2026-05-29 02:44:39,771 | INFO     |   → 89/1039: ✅ 0 взято | 🗑️ 0 мусор
2026-05-29 02:44:39,771 | INFO     |   → 90/1039: ✅ 0 взято | 🗑️ 0 мусор
2026-05-29 02:44:39,771 | INFO     |   → 91/1039: ✅ 0 взято | 🗑️ 0 мусор
2026-05-29 02:44:39,771 | INFO     |   → 92/1039: ✅ 0 взято | 🗑️ 0 мусор
2026-05-29 02:44:39,771 | INFO     |   → 93/1039: ✅ 0 взято | 🗑️ 0 мусор
2026-05-29 02:44:39,771 | INFO     |   → 94/1039: ✅ 0 взято | 🗑️ 0 мусор
2026-05-29 02:44:39,771 | INFO     |   → 95/1039: ✅ 0 взято | 🗑️ 0 мусор
2026-05-29 02:44:39,771 | INFO     |   → 96/1039: ✅ 0 взято | 🗑️ 0 мусор
2026-05-29 02:44:39,771 | INFO     |   → 97/1039: ✅ 0 взято | 🗑️ 0 мусор
2026-05-29 02:44:39,771 | INFO     |   → 98/1039: ✅ 0 взято | 🗑️ 0 мусор
2026-05-29 02:44:39,771 | INFO     |   → 99/1039: ✅ 0 взято | 🗑️ 0 мусор
2026-05-29 02:44:39,771 | INFO     |   → 100/1039: ✅ 0 взято | 🗑️ 0 мусор
2026-05-29 02:44:39,771 | INFO     |   → 101/1039: ✅ 0 взято | 🗑️ 0 мусор
2026-05-29 02:44:39,771 | INFO     |   → 102/1039: ✅ 0 взято | 🗑️ 0 мусор
2026-05-29 02:44:39,771 | INFO     |   → 103/1039: ✅ 0 взято | 🗑️ 0 мусор
2026-05-29 02:44:39,771 | INFO     |   → 104/1039: ✅ 0 взято | 🗑️ 0 мусор
2026-05-29 02:44:39,771 | INFO     |   → 105/1039: ✅ 0 взято | 🗑️ 0 мусор
2026-05-29 02:44:39,771 | INFO     |   → 106/1039: ✅ 0 взято | 🗑️ 0 мусор
2026-05-29 02:44:39,771 | INFO     |   → 107/1039: ✅ 0 взято | 🗑️ 0 мусор
2026-05-29 02:44:39,771 | INFO     |   → 108/1039 ❌ HTTP 404 — https://freessrnode.github.io/uploads/2024/08/0-20240822.txt
2026-05-29 02:44:39,772 | INFO     |   → 109/1039 ❌ HTTP 404 — https://freessrnode.github.io/uploads/2024/08/1-20240822.txt
2026-05-29 02:44:39,772 | INFO     |   → 110/1039 ❌ HTTP 404 — https://freessrnode.github.io/uploads/2024/08/2-20240822.txt
2026-05-29 02:44:39,772 | INFO     |   → 111/1039 ❌ HTTP 404 — https://freessrnode.github.io/uploads/2024/08/3-20240822.txt
2026-05-29 02:44:39,772 | INFO     |   → 112/1039 ❌ HTTP 404 — https://freessrnode.github.io/uploads/2024/08/4-20240822.txt
2026-05-29 02:44:39,772 | INFO     |   → 113/1039 ⚠️ Ошибка: HTTPSConnectionPool(host='freevpnspy.githubrowcontent.com', port=443): Max retries exceeded with url: /2024/08/20240802_novless.yaml (Caused by NameResolutionError("HTTPSConnection(host='freevpnspy.githubrowcontent.com', port=443): Failed to resolve 'freevpnspy.githubrowcontent.com' ([Errno -2] Name or service not known)")) — https://freevpnspy.githubrowcontent.com/2024/08/20240802_novless.yaml
2026-05-29 02:44:39,772 | INFO     |   → 114/1039 ⚠️ Ошибка: HTTPSConnectionPool(host='freevpnspy.githubrowcontent.com', port=443): Max retries exceeded with url: /2024/08/20240802_vless.yaml (Caused by NameResolutionError("HTTPSConnection(host='freevpnspy.githubrowcontent.com', port=443): Failed to resolve 'freevpnspy.githubrowcontent.com' ([Errno -2] Name or service not known)")) — https://freevpnspy.githubrowcontent.com/2024/08/20240802_vless.yaml
2026-05-29 02:44:39,772 | INFO     |   → 115/1039: ✅ 0 взято | 🗑️ 0 мусор
2026-05-29 02:44:39,772 | INFO     |   → 116/1039: ✅ 14 взято | 🗑️ 292 мусор
2026-05-29 02:44:39,772 | INFO     |   → 117/1039: ✅ 14 взято | 🗑️ 218 мусор
2026-05-29 02:44:39,772 | INFO     |   → 118/1039: ✅ 0 взято | 🗑️ 0 мусор
2026-05-29 02:44:39,772 | INFO     |   → 119/1039: ✅ 0 взято | 🗑️ 0 мусор
2026-05-29 02:44:39,772 | INFO     |   → 120/1039: ✅ 0 взято | 🗑️ 0 мусор
2026-05-29 02:44:39,772 | INFO     |   → 121/1039: ✅ 0 взято | 🗑️ 0 мусор
2026-05-29 02:44:39,772 | INFO     |   → 122/1039: ✅ 5 взято | 🗑️ 211 мусор
2026-05-29 02:44:39,772 | INFO     |   → 123/1039: ✅ 0 взято | 🗑️ 0 мусор
2026-05-29 02:44:39,772 | INFO     |   → 124/1039: ✅ 1 взято | 🗑️ 226 мусор
2026-05-29 02:44:39,772 | INFO     |   → 125/1039: ✅ 0 взято | 🗑️ 0 мусор
2026-05-29 02:44:39,772 | INFO     |   → 126/1039: ✅ 0 взято | 🗑️ 300 мусор
2026-05-29 02:44:39,772 | INFO     |   → 127/1039: ✅ 1 взято | 🗑️ 104 мусор
2026-05-29 02:44:39,772 | INFO     |   → 128/1039: ✅ 0 взято | 🗑️ 193 мусор
2026-05-29 02:44:39,772 | INFO     |   → 129/1039: ✅ 0 взято | 🗑️ 0 мусор
2026-05-29 02:44:39,772 | INFO     |   → 130/1039: ✅ 0 взято | 🗑️ 296 мусор
2026-05-29 02:44:39,772 | INFO     |   → 131/1039: ✅ 3 взято | 🗑️ 268 мусор
2026-05-29 02:44:39,773 | INFO     |   → 132/1039: ✅ 0 взято | 🗑️ 248 мусор
2026-05-29 02:44:39,773 | INFO     |   → 133/1039: ✅ 0 взято | 🗑️ 0 мусор
2026-05-29 02:44:39,773 | INFO     |   → 134/1039: ✅ 2 взято | 🗑️ 139 мусор
2026-05-29 02:44:39,773 | INFO     |   → 135/1039: ✅ 0 взято | 🗑️ 0 мусор
2026-05-29 02:44:39,773 | INFO     |   → 136/1039: ✅ 0 взято | 🗑️ 198 мусор
2026-05-29 02:44:39,773 | INFO     |   → 137/1039: ✅ 0 взято | 🗑️ 0 мусор
2026-05-29 02:44:39,773 | INFO     |   → 138/1039: ✅ 0 взято | 🗑️ 0 мусор
2026-05-29 02:44:39,773 | INFO     |   → 139/1039 ❌ HTTP 404 — https://github.com/Epodonios/bulk-xray-v2ray-vless-vmess-...-configs/raw/main/sub/Albania/config.txt
2026-05-29 02:44:39,773 | INFO     |   → 140/1039 ❌ HTTP 404 — https://github.com/Epodonios/bulk-xray-v2ray-vless-vmess-...-configs/raw/main/sub/Cura%C3%A7ao/config.txt
2026-05-29 02:44:39,773 | INFO     |   → 141/1039 ❌ HTTP 404 — https://github.com/Epodonios/bulk-xray-v2ray-vless-vmess-...-configs/raw/main/sub/Finland/config.txt
2026-05-29 02:44:39,773 | INFO     |   → 142/1039 ❌ HTTP 404 — https://github.com/Epodonios/bulk-xray-v2ray-vless-vmess-...-configs/raw/main/sub/Iran/config.txt
2026-05-29 02:44:39,773 | INFO     |   → 143/1039 ❌ HTTP 404 — https://github.com/Epodonios/bulk-xray-v2ray-vless-vmess-...-configs/raw/main/sub/Netherlands/config.txt
2026-05-29 02:44:39,773 | INFO     |   → 144/1039 ❌ HTTP 404 — https://github.com/Epodonios/bulk-xray-v2ray-vless-vmess-...-configs/raw/main/sub/Norway/config.txt
2026-05-29 02:44:39,773 | INFO     |   → 145/1039 ❌ HTTP 404 — https://github.com/Epodonios/bulk-xray-v2ray-vless-vmess-...-configs/raw/main/sub/Russia/config.txt
2026-05-29 02:44:39,773 | INFO     |   → 146/1039: ✅ 13 взято | 🗑️ 70 мусор
2026-05-29 02:44:39,773 | INFO     |   → 147/1039: ✅ 0 взято | 🗑️ 4 мусор
2026-05-29 02:44:39,773 | INFO     |   → 148/1039: ✅ 0 взято | 🗑️ 7 мусор
2026-05-29 02:44:39,773 | INFO     |   → 149/1039: ✅ 0 взято | 🗑️ 51 мусор
2026-05-29 02:44:39,773 | INFO     |   → 150/1039: ✅ 0 взято | 🗑️ 8 мусор
2026-05-29 02:44:39,773 | INFO     |   → 151/1039: ✅ 0 взято | 🗑️ 0 мусор
2026-05-29 02:44:39,773 | INFO     |   → 152/1039: ✅ 17 взято | 🗑️ 119 мусор
2026-05-29 02:44:39,773 | INFO     |   → 153/1039 ❌ HTTP 404 — https://github.com/MrMohebi/xray-proxy-grabber-telegram/raw/master/collected-proxies/clash-meta/all.yaml
2026-05-29 02:44:39,773 | INFO     |   → 154/1039 ❌ HTTP 404 — https://github.com/MrMohebi/xray-proxy-grabber-telegram/raw/master/collected-proxies/row-url/all.txt
2026-05-29 02:44:39,773 | INFO     |   → 155/1039: ✅ 0 взято | 🗑️ 0 мусор
2026-05-29 02:44:39,774 | INFO     |   → 156/1039: ✅ 0 взято | 🗑️ 113 мусор
2026-05-29 02:44:39,774 | INFO     |   → 157/1039: ✅ 0 взято | 🗑️ 119 мусор
2026-05-29 02:44:39,774 | INFO     |   → 158/1039 ❌ HTTP 404 — https://github.com/abbasdvd3/abbasdvd10/73ec60de7a6c6aa6df4c14b511c1da60686891ca/ppo.txt
2026-05-29 02:44:39,774 | INFO     |   → 159/1039 ❌ HTTP 404 — https://github.com/acymz/AutoVPN/refs/heads/main/data/V2.txt
2026-05-29 02:44:39,774 | INFO     |   → 160/1039: ✅ 0 взято | 🗑️ 0 мусор
2026-05-29 02:44:39,774 | INFO     |   → 161/1039: ✅ 0 взято | 🗑️ 0 мусор
2026-05-29 02:44:39,774 | INFO     |   → 162/1039: ✅ 0 взято | 🗑️ 0 мусор
2026-05-29 02:44:39,774 | INFO     |   → 163/1039: ✅ 0 взято | 🗑️ 0 мусор
2026-05-29 02:44:39,774 | INFO     |   → 164/1039: ✅ 0 взято | 🗑️ 0 мусор
2026-05-29 02:44:39,774 | INFO     |   → 165/1039: ✅ 0 взято | 🗑️ 0 мусор
2026-05-29 02:44:39,774 | INFO     |   → 166/1039: ✅ 0 взято | 🗑️ 0 мусор
2026-05-29 02:44:39,774 | INFO     |   → 167/1039 ❌ HTTP 404 — https://github.com/mermeroo/V2RAY-FREE/raw/main/All_Configs_base64_Sub.txt
2026-05-29 02:44:39,774 | INFO     |   → 168/1039 ❌ HTTP 404 — https://github.com/mermeroo/V2RAY-FREE/raw/main/Base64/Sub1_base64.txt
2026-05-29 02:44:39,774 | INFO     |   → 169/1039 ❌ HTTP 404 — https://github.com/mermeroo/V2RAY-FREE/raw/main/Base64/Sub2_base64.txt
2026-05-29 02:44:39,774 | INFO     |   → 170/1039 ❌ HTTP 404 — https://github.com/mermeroo/V2RAY-FREE/raw/main/Base64/Sub3_base64.txt
2026-05-29 02:44:39,774 | INFO     |   → 171/1039 ❌ HTTP 404 — https://github.com/mermeroo/V2RAY-FREE/raw/main/Base64/Sub4_base64.txt
2026-05-29 02:44:39,774 | INFO     |   → 172/1039 ❌ HTTP 404 — https://github.com/mermeroo/V2RAY-FREE/raw/main/Base64/Sub5_base64.txt
2026-05-29 02:44:39,774 | INFO     |   → 173/1039 ❌ HTTP 404 — https://github.com/mermeroo/telegram-configs-collector/raw/main/protocols/hysteria
2026-05-29 02:44:39,774 | INFO     |   → 174/1039 ❌ HTTP 404 — https://github.com/mermeroo/telegram-configs-collector/raw/main/protocols/juicity
2026-05-29 02:44:39,774 | INFO     |   → 175/1039 ❌ HTTP 404 — https://github.com/mermeroo/telegram-configs-collector/raw/main/protocols/tuic
2026-05-29 02:44:39,774 | INFO     |   → 176/1039: ✅ 5 взято | 🗑️ 16 мусор
2026-05-29 02:44:39,774 | INFO     |   → 177/1039: ✅ 0 взято | 🗑️ 0 мусор
2026-05-29 02:44:39,775 | INFO     |   → 178/1039: ✅ 0 взято | 🗑️ 0 мусор
2026-05-29 02:44:39,775 | INFO     |   → 179/1039: ✅ 0 взято | 🗑️ 0 мусор
2026-05-29 02:44:39,775 | INFO     |   → 180/1039: ✅ 3 взято | 🗑️ 238 мусор
2026-05-29 02:44:39,775 | INFO     |   → 181/1039: ✅ 0 взято | 🗑️ 0 мусор
2026-05-29 02:44:39,775 | INFO     |   → 182/1039: ✅ 3 взято | 🗑️ 239 мусор
2026-05-29 02:44:39,775 | INFO     |   → 183/1039: ✅ 0 взято | 🗑️ 0 мусор
2026-05-29 02:44:39,775 | INFO     |   → 184/1039: ✅ 0 взято | 🗑️ 255 мусор
2026-05-29 02:44:39,775 | INFO     |   → 185/1039: ✅ 0 взято | 🗑️ 0 мусор
2026-05-29 02:44:39,775 | INFO     |   → 186/1039: ✅ 1 взято | 🗑️ 249 мусор
2026-05-29 02:44:39,775 | INFO     |   → 187/1039: ✅ 0 взято | 🗑️ 0 мусор
2026-05-29 02:44:39,775 | INFO     |   → 188/1039: ✅ 0 взято | 🗑️ 207 мусор
2026-05-29 02:44:39,775 | INFO     |   → 189/1039: ✅ 0 взято | 🗑️ 0 мусор
2026-05-29 02:44:39,775 | INFO     |   → 190/1039: ✅ 0 взято | 🗑️ 228 мусор
2026-05-29 02:44:39,775 | INFO     |   → 191/1039: ✅ 0 взято | 🗑️ 0 мусор
2026-05-29 02:44:39,775 | INFO     |   → 192/1039: ✅ 1 взято | 🗑️ 291 мусор
2026-05-29 02:44:39,775 | INFO     |   → 193/1039: ✅ 0 взято | 🗑️ 0 мусор
2026-05-29 02:44:39,775 | INFO     |   → 194/1039: ✅ 3 взято | 🗑️ 221 мусор
2026-05-29 02:44:39,775 | INFO     |   → 195/1039: ✅ 0 взято | 🗑️ 0 мусор
2026-05-29 02:44:39,775 | INFO     |   → 196/1039: ✅ 1 взято | 🗑️ 222 мусор
2026-05-29 02:44:39,775 | INFO     |   → 197/1039: ✅ 0 взято | 🗑️ 0 мусор
2026-05-29 02:44:39,775 | INFO     |   → 198/1039: ✅ 1 взято | 🗑️ 218 мусор
2026-05-29 02:44:39,775 | INFO     |   → 199/1039: ✅ 0 взято | 🗑️ 0 мусор
2026-05-29 02:44:39,775 | INFO     |   → 200/1039: ✅ 0 взято | 🗑️ 193 мусор
2026-05-29 02:44:39,775 | INFO     |   → 201/1039: ✅ 0 взято | 🗑️ 0 мусор
2026-05-29 02:44:39,775 | INFO     |   → 202/1039: ✅ 0 взято | 🗑️ 290 мусор
2026-05-29 02:44:39,775 | INFO     |   → 203/1039: ✅ 0 взято | 🗑️ 0 мусор
2026-05-29 02:44:39,775 | INFO     |   → 204/1039: ✅ 0 взято | 🗑️ 238 мусор
2026-05-29 02:44:39,775 | INFO     |   → 205/1039: ✅ 0 взято | 🗑️ 0 мусор
2026-05-29 02:44:39,775 | INFO     |   → 206/1039: ✅ 0 взято | 🗑️ 221 мусор
2026-05-29 02:44:39,775 | INFO     |   → 207/1039: ✅ 0 взято | 🗑️ 0 мусор
2026-05-29 02:44:39,775 | INFO     |   → 208/1039: ✅ 0 взято | 🗑️ 248 мусор
2026-05-29 02:44:39,775 | INFO     |   → 209/1039: ✅ 0 взято | 🗑️ 0 мусор
2026-05-29 02:44:39,776 | INFO     |   → 210/1039: ✅ 0 взято | 🗑️ 203 мусор
2026-05-29 02:44:39,776 | INFO     |   → 211/1039: ✅ 0 взято | 🗑️ 0 мусор
2026-05-29 02:44:39,776 | INFO     |   → 212/1039: ✅ 0 взято | 🗑️ 208 мусор
2026-05-29 02:44:39,776 | INFO     |   → 213/1039: ✅ 0 взято | 🗑️ 0 мусор
2026-05-29 02:44:39,776 | INFO     |   → 214/1039: ✅ 2 взято | 🗑️ 209 мусор
2026-05-29 02:44:39,776 | INFO     |   → 215/1039: ✅ 0 взято | 🗑️ 0 мусор
2026-05-29 02:44:39,776 | INFO     |   → 216/1039: ✅ 0 взято | 🗑️ 258 мусор
2026-05-29 02:44:39,776 | INFO     |   → 217/1039: ✅ 0 взято | 🗑️ 0 мусор
2026-05-29 02:44:39,776 | INFO     |   → 218/1039: ✅ 0 взято | 🗑️ 296 мусор
2026-05-29 02:44:39,776 | INFO     |   → 219/1039: ✅ 0 взято | 🗑️ 0 мусор
2026-05-29 02:44:39,776 | INFO     |   → 220/1039: ✅ 1 взято | 🗑️ 286 мусор
2026-05-29 02:44:39,776 | INFO     |   → 221/1039: ✅ 0 взято | 🗑️ 0 мусор
2026-05-29 02:44:39,776 | INFO     |   → 222/1039: ✅ 0 взято | 🗑️ 195 мусор
2026-05-29 02:44:39,776 | INFO     |   → 223/1039: ✅ 0 взято | 🗑️ 0 мусор
2026-05-29 02:44:39,776 | INFO     |   → 224/1039: ✅ 0 взято | 🗑️ 170 мусор
2026-05-29 02:44:39,776 | INFO     |   → 225/1039: ✅ 0 взято | 🗑️ 0 мусор
2026-05-29 02:44:39,776 | INFO     |   → 226/1039: ✅ 0 взято | 🗑️ 160 мусор
2026-05-29 02:44:39,776 | INFO     |   → 227/1039: ✅ 0 взято | 🗑️ 0 мусор
2026-05-29 02:44:39,776 | INFO     |   → 228/1039: ✅ 0 взято | 🗑️ 121 мусор
2026-05-29 02:44:39,776 | INFO     |   → 229/1039: ✅ 0 взято | 🗑️ 0 мусор
2026-05-29 02:44:39,776 | INFO     |   → 230/1039: ✅ 0 взято | 🗑️ 135 мусор
2026-05-29 02:44:39,776 | INFO     |   → 231/1039: ✅ 0 взято | 🗑️ 0 мусор
2026-05-29 02:44:39,777 | INFO     |   → 232/1039: ✅ 1 взято | 🗑️ 129 мусор
2026-05-29 02:44:39,777 | INFO     |   → 233/1039: ✅ 0 взято | 🗑️ 0 мусор
2026-05-29 02:44:39,777 | INFO     |   → 234/1039: ✅ 0 взято | 🗑️ 189 мусор
2026-05-29 02:44:39,777 | INFO     |   → 235/1039: ✅ 0 взято | 🗑️ 0 мусор
2026-05-29 02:44:39,777 | INFO     |   → 236/1039: ✅ 3 взято | 🗑️ 147 мусор
2026-05-29 02:44:39,777 | INFO     |   → 237/1039: ✅ 0 взято | 🗑️ 0 мусор
2026-05-29 02:44:39,777 | INFO     |   → 238/1039: ✅ 1 взято | 🗑️ 183 мусор
2026-05-29 02:44:39,777 | INFO     |   → 239/1039: ✅ 0 взято | 🗑️ 0 мусор
2026-05-29 02:44:39,777 | INFO     |   → 240/1039: ✅ 0 взято | 🗑️ 155 мусор
2026-05-29 02:44:39,777 | INFO     |   → 241/1039: ✅ 0 взято | 🗑️ 0 мусор
2026-05-29 02:44:39,777 | INFO     |   → 242/1039: ✅ 0 взято | 🗑️ 114 мусор
2026-05-29 02:44:39,777 | INFO     |   → 243/1039: ✅ 0 взято | 🗑️ 0 мусор
2026-05-29 02:44:39,777 | INFO     |   → 244/1039: ✅ 0 взято | 🗑️ 239 мусор
2026-05-29 02:44:39,777 | INFO     |   → 245/1039: ✅ 0 взято | 🗑️ 0 мусор
2026-05-29 02:44:39,777 | INFO     |   → 246/1039: ✅ 0 взято | 🗑️ 204 мусор
2026-05-29 02:44:39,777 | INFO     |   → 247/1039: ✅ 0 взято | 🗑️ 0 мусор
2026-05-29 02:44:39,777 | INFO     |   → 248/1039: ✅ 0 взято | 🗑️ 232 мусор
2026-05-29 02:44:39,777 | INFO     |   → 249/1039: ✅ 0 взято | 🗑️ 0 мусор
2026-05-29 02:44:39,777 | INFO     |   → 250/1039: ✅ 0 взято | 🗑️ 192 мусор
2026-05-29 02:44:39,777 | INFO     |   → 251/1039: ✅ 0 взято | 🗑️ 0 мусор
2026-05-29 02:44:39,777 | INFO     |   → 252/1039: ✅ 0 взято | 🗑️ 183 мусор
2026-05-29 02:44:39,777 | INFO     |   → 253/1039: ✅ 0 взято | 🗑️ 0 мусор
2026-05-29 02:44:39,778 | INFO     |   → 254/1039: ✅ 0 взято | 🗑️ 169 мусор
2026-05-29 02:44:39,778 | INFO     |   → 255/1039: ✅ 0 взято | 🗑️ 0 мусор
2026-05-29 02:44:39,778 | INFO     |   → 256/1039: ✅ 0 взято | 🗑️ 167 мусор
2026-05-29 02:44:39,778 | INFO     |   → 257/1039: ✅ 0 взято | 🗑️ 0 мусор
2026-05-29 02:44:39,778 | INFO     |   → 258/1039: ✅ 0 взято | 🗑️ 193 мусор
2026-05-29 02:44:39,778 | INFO     |   → 259/1039: ✅ 0 взято | 🗑️ 0 мусор
2026-05-29 02:44:39,778 | INFO     |   → 260/1039: ✅ 1 взято | 🗑️ 161 мусор
2026-05-29 02:44:39,778 | INFO     |   → 261/1039: ✅ 0 взято | 🗑️ 0 мусор
2026-05-29 02:44:39,778 | INFO     |   → 262/1039: ✅ 0 взято | 🗑️ 171 мусор
2026-05-29 02:44:39,778 | INFO     |   → 263/1039: ✅ 0 взято | 🗑️ 0 мусор
2026-05-29 02:44:39,778 | INFO     |   → 264/1039: ✅ 0 взято | 🗑️ 174 мусор
2026-05-29 02:44:39,778 | INFO     |   → 265/1039: ✅ 0 взято | 🗑️ 0 мусор
2026-05-29 02:44:39,778 | INFO     |   → 266/1039: ✅ 0 взято | 🗑️ 206 мусор
2026-05-29 02:44:39,778 | INFO     |   → 267/1039: ✅ 0 взято | 🗑️ 0 мусор
2026-05-29 02:44:39,778 | INFO     |   → 268/1039: ✅ 0 взято | 🗑️ 170 мусор
2026-05-29 02:44:39,778 | INFO     |   → 269/1039: ✅ 0 взято | 🗑️ 0 мусор
2026-05-29 02:44:39,778 | INFO     |   → 270/1039: ✅ 1 взято | 🗑️ 196 мусор
2026-05-29 02:44:39,778 | INFO     |   → 271/1039: ✅ 0 взято | 🗑️ 0 мусор
2026-05-29 02:44:39,778 | INFO     |   → 272/1039: ✅ 0 взято | 🗑️ 208 мусор
2026-05-29 02:44:39,778 | INFO     |   → 273/1039: ✅ 0 взято | 🗑️ 0 мусор
2026-05-29 02:44:39,779 | INFO     |   → 274/1039: ✅ 0 взято | 🗑️ 162 мусор
2026-05-29 02:44:39,779 | INFO     |   → 275/1039: ✅ 0 взято | 🗑️ 0 мусор
2026-05-29 02:44:39,779 | INFO     |   → 276/1039: ✅ 0 взято | 🗑️ 116 мусор
2026-05-29 02:44:39,779 | INFO     |   → 277/1039: ✅ 0 взято | 🗑️ 0 мусор
2026-05-29 02:44:39,779 | INFO     |   → 278/1039: ✅ 0 взято | 🗑️ 132 мусор
2026-05-29 02:44:39,779 | INFO     |   → 279/1039: ✅ 0 взято | 🗑️ 0 мусор
2026-05-29 02:44:39,779 | INFO     |   → 280/1039 ⚠️ Ошибка: HTTPSConnectionPool(host='ivuxy.tech', port=443): Max retries exceeded with url: /v.txt (Caused by NameResolutionError("HTTPSConnection(host='ivuxy.tech', port=443): Failed to resolve 'ivuxy.tech' ([Errno -2] Name or service not known)")) — https://ivuxy.tech/v.txt
2026-05-29 02:44:39,779 | INFO     |   → 281/1039 ⚠️ Ошибка: HTTPSConnectionPool(host='mirror.ghproxy.com', port=443): Max retries exceeded with url: /https://raw.githubusercontent.com/Barabama/FreeNodes/master/nodes/blues.txt (Caused by NameResolutionError("HTTPSConnection(host='mirror.ghproxy.com', port=443): Failed to resolve 'mirror.ghproxy.com' ([Errno -2] Name or service not known)")) — https://mirror.ghproxy.com/https://raw.githubusercontent.com/Barabama/FreeNodes/master/nodes/blues.txt
2026-05-29 02:44:39,779 | INFO     |   → 282/1039 ⚠️ Ошибка: HTTPSConnectionPool(host='mirror.ghproxy.com', port=443): Max retries exceeded with url: /https://raw.githubusercontent.com/Barabama/FreeNodes/master/nodes/halekj.txt (Caused by NameResolutionError("HTTPSConnection(host='mirror.ghproxy.com', port=443): Failed to resolve 'mirror.ghproxy.com' ([Errno -2] Name or service not known)")) — https://mirror.ghproxy.com/https://raw.githubusercontent.com/Barabama/FreeNodes/master/nodes/halekj.txt
2026-05-29 02:44:39,779 | INFO     |   → 283/1039 ⚠️ Ошибка: HTTPSConnectionPool(host='mirror.ghproxy.com', port=443): Max retries exceeded with url: /https://raw.githubusercontent.com/Barabama/FreeNodes/master/nodes/kkzui.txt (Caused by NameResolutionError("HTTPSConnection(host='mirror.ghproxy.com', port=443): Failed to resolve 'mirror.ghproxy.com' ([Errno -2] Name or service not known)")) — https://mirror.ghproxy.com/https://raw.githubusercontent.com/Barabama/FreeNodes/master/nodes/kkzui.txt
2026-05-29 02:44:39,779 | INFO     |   → 284/1039 ⚠️ Ошибка: HTTPSConnectionPool(host='mirror.ghproxy.com', port=443): Max retries exceeded with url: /https://raw.githubusercontent.com/Barabama/FreeNodes/master/nodes/merged.txt (Caused by NameResolutionError("HTTPSConnection(host='mirror.ghproxy.com', port=443): Failed to resolve 'mirror.ghproxy.com' ([Errno -2] Name or service not known)")) — https://mirror.ghproxy.com/https://raw.githubusercontent.com/Barabama/FreeNodes/master/nodes/merged.txt
2026-05-29 02:44:39,779 | INFO     |   → 285/1039 ⚠️ Ошибка: HTTPSConnectionPool(host='mirror.ghproxy.com', port=443): Max retries exceeded with url: /https://raw.githubusercontent.com/Barabama/FreeNodes/master/nodes/nodefree.txt (Caused by NameResolutionError("HTTPSConnection(host='mirror.ghproxy.com', port=443): Failed to resolve 'mirror.ghproxy.com' ([Errno -2] Name or service not known)")) — https://mirror.ghproxy.com/https://raw.githubusercontent.com/Barabama/FreeNodes/master/nodes/nodefree.txt
2026-05-29 02:44:39,779 | INFO     |   → 286/1039 ⚠️ Ошибка: HTTPSConnectionPool(host='mirror.ghproxy.com', port=443): Max retries exceeded with url: /https://raw.githubusercontent.com/Barabama/FreeNodes/master/nodes/openrunner.txt (Caused by NameResolutionError("HTTPSConnection(host='mirror.ghproxy.com', port=443): Failed to resolve 'mirror.ghproxy.com' ([Errno -2] Name or service not known)")) — https://mirror.ghproxy.com/https://raw.githubusercontent.com/Barabama/FreeNodes/master/nodes/openrunner.txt
2026-05-29 02:44:39,779 | INFO     |   → 287/1039 ⚠️ Ошибка: HTTPSConnectionPool(host='mirror.ghproxy.com', port=443): Max retries exceeded with url: /https://raw.githubusercontent.com/Barabama/FreeNodes/master/nodes/v2rayshare.txt (Caused by NameResolutionError("HTTPSConnection(host='mirror.ghproxy.com', port=443): Failed to resolve 'mirror.ghproxy.com' ([Errno -2] Name or service not known)")) — https://mirror.ghproxy.com/https://raw.githubusercontent.com/Barabama/FreeNodes/master/nodes/v2rayshare.txt
2026-05-29 02:44:39,779 | INFO     |   → 288/1039 ⚠️ Ошибка: HTTPSConnectionPool(host='mirror.ghproxy.com', port=443): Max retries exceeded with url: /https://raw.githubusercontent.com/Barabama/FreeNodes/master/nodes/wenode.txt (Caused by NameResolutionError("HTTPSConnection(host='mirror.ghproxy.com', port=443): Failed to resolve 'mirror.ghproxy.com' ([Errno -2] Name or service not known)")) — https://mirror.ghproxy.com/https://raw.githubusercontent.com/Barabama/FreeNodes/master/nodes/wenode.txt
2026-05-29 02:44:39,779 | INFO     |   → 289/1039 ⚠️ Ошибка: HTTPSConnectionPool(host='mirror.ghproxy.com', port=443): Max retries exceeded with url: /https://raw.githubusercontent.com/Barabama/FreeNodes/master/nodes/yudou66.txt (Caused by NameResolutionError("HTTPSConnection(host='mirror.ghproxy.com', port=443): Failed to resolve 'mirror.ghproxy.com' ([Errno -2] Name or service not known)")) — https://mirror.ghproxy.com/https://raw.githubusercontent.com/Barabama/FreeNodes/master/nodes/yudou66.txt
2026-05-29 02:44:39,779 | INFO     |   → 290/1039: ✅ 7 взято | 🗑️ 17 мусор
2026-05-29 02:44:39,779 | INFO     |   → 291/1039: ✅ 0 взято | 🗑️ 17 мусор
2026-05-29 02:44:39,780 | INFO     |   → 292/1039: ✅ 14 взято | 🗑️ 14 мусор
2026-05-29 02:44:39,780 | INFO     |   → 293/1039: ✅ 0 взято | 🗑️ 14 мусор
2026-05-29 02:44:39,780 | INFO     |   → 294/1039: ✅ 0 взято | 🗑️ 14 мусор
2026-05-29 02:44:39,780 | INFO     |   → 295/1039: ✅ 0 взято | 🗑️ 14 мусор
2026-05-29 02:44:39,780 | INFO     |   → 296/1039: ✅ 0 взято | 🗑️ 14 мусор
2026-05-29 02:44:39,780 | INFO     |   → 297/1039: ✅ 0 взято | 🗑️ 14 мусор
2026-05-29 02:44:39,780 | INFO     |   → 298/1039: ✅ 0 взято | 🗑️ 14 мусор
2026-05-29 02:44:39,780 | INFO     |   → 299/1039: ✅ 0 взято | 🗑️ 14 мусор
2026-05-29 02:44:39,780 | INFO     |   → 300/1039: ✅ 0 взято | 🗑️ 14 мусор
2026-05-29 02:44:39,780 | INFO     |   → 301/1039: ✅ 7 взято | 🗑️ 21 мусор
2026-05-29 02:44:39,780 | INFO     |   → 302/1039: ✅ 0 взято | 🗑️ 21 мусор
2026-05-29 02:44:39,780 | INFO     |   → 303/1039: ✅ 0 взято | 🗑️ 21 мусор
2026-05-29 02:44:39,780 | INFO     |   → 304/1039: ✅ 0 взято | 🗑️ 21 мусор
2026-05-29 02:44:39,780 | INFO     |   → 305/1039: ✅ 0 взято | 🗑️ 21 мусор
2026-05-29 02:44:39,780 | INFO     |   → 306/1039: ✅ 0 взято | 🗑️ 21 мусор
2026-05-29 02:44:39,780 | INFO     |   → 307/1039: ✅ 0 взято | 🗑️ 21 мусор
2026-05-29 02:44:39,780 | INFO     |   → 308/1039: ✅ 0 взято | 🗑️ 21 мусор
2026-05-29 02:44:39,780 | INFO     |   → 309/1039: ✅ 0 взято | 🗑️ 21 мусор
2026-05-29 02:44:39,780 | INFO     |   → 310/1039: ✅ 0 взято | 🗑️ 21 мусор
2026-05-29 02:44:39,781 | INFO     |   → 311/1039: ✅ 0 взято | 🗑️ 21 мусор
2026-05-29 02:44:39,781 | INFO     |   → 312/1039: ✅ 5 взято | 🗑️ 15 мусор
2026-05-29 02:44:39,781 | INFO     |   → 313/1039: ✅ 0 взято | 🗑️ 15 мусор
2026-05-29 02:44:39,781 | INFO     |   → 314/1039: ✅ 0 взято | 🗑️ 15 мусор
2026-05-29 02:44:39,781 | INFO     |   → 315/1039: ✅ 0 взято | 🗑️ 15 мусор
2026-05-29 02:44:39,781 | INFO     |   → 316/1039: ✅ 0 взято | 🗑️ 15 мусор
2026-05-29 02:44:39,781 | INFO     |   → 317/1039: ✅ 0 взято | 🗑️ 15 мусор
2026-05-29 02:44:39,781 | INFO     |   → 318/1039: ✅ 0 взято | 🗑️ 15 мусор
2026-05-29 02:44:39,781 | INFO     |   → 319/1039: ✅ 0 взято | 🗑️ 15 мусор
2026-05-29 02:44:39,781 | INFO     |   → 320/1039: ✅ 0 взято | 🗑️ 15 мусор
2026-05-29 02:44:39,781 | INFO     |   → 321/1039: ✅ 0 взято | 🗑️ 14 мусор
2026-05-29 02:44:39,781 | INFO     |   → 322/1039: ✅ 0 взято | 🗑️ 14 мусор
2026-05-29 02:44:39,781 | INFO     |   → 323/1039: ✅ 0 взято | 🗑️ 14 мусор
2026-05-29 02:44:39,781 | INFO     |   → 324/1039: ✅ 0 взято | 🗑️ 14 мусор
2026-05-29 02:44:39,781 | INFO     |   → 325/1039: ✅ 6 взято | 🗑️ 17 мусор
2026-05-29 02:44:39,781 | INFO     |   → 326/1039: ✅ 0 взято | 🗑️ 17 мусор
2026-05-29 02:44:39,781 | INFO     |   → 327/1039: ✅ 0 взято | 🗑️ 17 мусор
2026-05-29 02:44:39,782 | INFO     |   → 328/1039: ✅ 0 взято | 🗑️ 17 мусор
2026-05-29 02:44:39,782 | INFO     |   → 329/1039: ✅ 0 взято | 🗑️ 17 мусор
2026-05-29 02:44:39,782 | INFO     |   → 330/1039: ✅ 0 взято | 🗑️ 17 мусор
2026-05-29 02:44:39,782 | INFO     |   → 331/1039: ✅ 6 взято | 🗑️ 24 мусор
2026-05-29 02:44:39,782 | INFO     |   → 332/1039: ✅ 0 взято | 🗑️ 24 мусор
2026-05-29 02:44:39,782 | INFO     |   → 333/1039: ✅ 0 взято | 🗑️ 24 мусор
2026-05-29 02:44:39,782 | INFO     |   → 334/1039: ✅ 0 взято | 🗑️ 24 мусор
2026-05-29 02:44:39,782 | INFO     |   → 335/1039: ✅ 0 взято | 🗑️ 24 мусор
2026-05-29 02:44:39,782 | INFO     |   → 336/1039: ✅ 0 взято | 🗑️ 24 мусор
2026-05-29 02:44:39,782 | INFO     |   → 337/1039: ✅ 0 взято | 🗑️ 24 мусор
2026-05-29 02:44:39,782 | INFO     |   → 338/1039: ✅ 0 взято | 🗑️ 24 мусор
2026-05-29 02:44:39,782 | INFO     |   → 339/1039 ⚠️ Ошибка: HTTPSConnectionPool(host='nodefree.githubrowcontent.com', port=443): Max retries exceeded with url: /2024/07/20240705.yaml (Caused by NameResolutionError("HTTPSConnection(host='nodefree.githubrowcontent.com', port=443): Failed to resolve 'nodefree.githubrowcontent.com' ([Errno -2] Name or service not known)")) — https://nodefree.org/dy/2023/08/20230806.yaml
2026-05-29 02:44:39,782 | INFO     |   → 340/1039 ⚠️ Ошибка: HTTPSConnectionPool(host='nodefree.githubrowcontent.com', port=443): Max retries exceeded with url: /2024/07/20240705.txt (Caused by NameResolutionError("HTTPSConnection(host='nodefree.githubrowcontent.com', port=443): Failed to resolve 'nodefree.githubrowcontent.com' ([Errno -2] Name or service not known)")) — https://nodefree.org/dy/2023/12/20231221.txt
2026-05-29 02:44:39,782 | INFO     |   → 341/1039: ✅ 0 взято | 🗑️ 17 мусор
2026-05-29 02:44:39,782 | INFO     |   → 342/1039: ✅ 0 взято | 🗑️ 17 мусор
2026-05-29 02:44:39,782 | INFO     |   → 343/1039: ✅ 0 взято | 🗑️ 14 мусор
2026-05-29 02:44:39,782 | INFO     |   → 344/1039: ✅ 0 взято | 🗑️ 14 мусор
2026-05-29 02:44:39,782 | INFO     |   → 345/1039: ✅ 0 взято | 🗑️ 14 мусор
2026-05-29 02:44:39,782 | INFO     |   → 346/1039: ✅ 0 взято | 🗑️ 14 мусор
2026-05-29 02:44:39,783 | INFO     |   → 347/1039: ✅ 0 взято | 🗑️ 14 мусор
2026-05-29 02:44:39,783 | INFO     |   → 348/1039: ✅ 0 взято | 🗑️ 14 мусор
2026-05-29 02:44:39,783 | INFO     |   → 349/1039: ✅ 0 взято | 🗑️ 14 мусор
2026-05-29 02:44:39,783 | INFO     |   → 350/1039: ✅ 0 взято | 🗑️ 14 мусор
2026-05-29 02:44:39,783 | INFO     |   → 351/1039: ✅ 0 взято | 🗑️ 14 мусор
2026-05-29 02:44:39,783 | INFO     |   → 352/1039: ✅ 0 взято | 🗑️ 21 мусор
2026-05-29 02:44:39,783 | INFO     |   → 353/1039: ✅ 0 взято | 🗑️ 21 мусор
2026-05-29 02:44:39,783 | INFO     |   → 354/1039: ✅ 0 взято | 🗑️ 21 мусор
2026-05-29 02:44:39,783 | INFO     |   → 355/1039: ✅ 0 взято | 🗑️ 21 мусор
2026-05-29 02:44:39,783 | INFO     |   → 356/1039: ✅ 0 взято | 🗑️ 21 мусор
2026-05-29 02:44:39,783 | INFO     |   → 357/1039: ✅ 0 взято | 🗑️ 21 мусор
2026-05-29 02:44:39,783 | INFO     |   → 358/1039: ✅ 0 взято | 🗑️ 21 мусор
2026-05-29 02:44:39,783 | INFO     |   → 359/1039: ✅ 0 взято | 🗑️ 21 мусор
2026-05-29 02:44:39,783 | INFO     |   → 360/1039: ✅ 0 взято | 🗑️ 21 мусор
2026-05-29 02:44:39,783 | INFO     |   → 361/1039: ✅ 0 взято | 🗑️ 21 мусор
2026-05-29 02:44:39,783 | INFO     |   → 362/1039: ✅ 0 взято | 🗑️ 21 мусор
2026-05-29 02:44:39,783 | INFO     |   → 363/1039: ✅ 0 взято | 🗑️ 15 мусор
2026-05-29 02:44:39,783 | INFO     |   → 364/1039: ✅ 0 взято | 🗑️ 15 мусор
2026-05-29 02:44:39,784 | INFO     |   → 365/1039: ✅ 0 взято | 🗑️ 15 мусор
2026-05-29 02:44:39,784 | INFO     |   → 366/1039: ✅ 0 взято | 🗑️ 15 мусор
2026-05-29 02:44:39,784 | INFO     |   → 367/1039: ✅ 0 взято | 🗑️ 15 мусор
2026-05-29 02:44:39,784 | INFO     |   → 368/1039: ✅ 0 взято | 🗑️ 15 мусор
2026-05-29 02:44:39,784 | INFO     |   → 369/1039: ✅ 0 взято | 🗑️ 15 мусор
2026-05-29 02:44:39,784 | INFO     |   → 370/1039: ✅ 0 взято | 🗑️ 15 мусор
2026-05-29 02:44:39,784 | INFO     |   → 371/1039: ✅ 0 взято | 🗑️ 15 мусор
2026-05-29 02:44:39,784 | INFO     |   → 372/1039: ✅ 0 взято | 🗑️ 15 мусор
2026-05-29 02:44:39,784 | INFO     |   → 373/1039: ✅ 0 взято | 🗑️ 14 мусор
2026-05-29 02:44:39,784 | INFO     |   → 374/1039: ✅ 0 взято | 🗑️ 14 мусор
2026-05-29 02:44:39,784 | INFO     |   → 375/1039: ✅ 0 взято | 🗑️ 14 мусор
2026-05-29 02:44:39,784 | INFO     |   → 376/1039: ✅ 0 взято | 🗑️ 14 мусор
2026-05-29 02:44:39,784 | INFO     |   → 377/1039: ✅ 0 взято | 🗑️ 17 мусор
2026-05-29 02:44:39,784 | INFO     |   → 378/1039: ✅ 0 взято | 🗑️ 17 мусор
2026-05-29 02:44:39,784 | INFO     |   → 379/1039: ✅ 0 взято | 🗑️ 17 мусор
2026-05-29 02:44:39,784 | INFO     |   → 380/1039: ✅ 0 взято | 🗑️ 17 мусор
2026-05-29 02:44:39,784 | INFO     |   → 381/1039: ✅ 0 взято | 🗑️ 17 мусор
2026-05-29 02:44:39,784 | INFO     |   → 382/1039: ✅ 0 взято | 🗑️ 24 мусор
2026-05-29 02:44:39,784 | INFO     |   → 383/1039: ✅ 0 взято | 🗑️ 24 мусор
2026-05-29 02:44:39,785 | INFO     |   → 384/1039: ✅ 0 взято | 🗑️ 24 мусор
2026-05-29 02:44:39,785 | INFO     |   → 385/1039: ✅ 0 взято | 🗑️ 24 мусор
2026-05-29 02:44:39,785 | INFO     |   → 386/1039: ✅ 0 взято | 🗑️ 24 мусор
2026-05-29 02:44:39,785 | INFO     |   → 387/1039: ✅ 0 взято | 🗑️ 24 мусор
2026-05-29 02:44:39,785 | INFO     |   → 388/1039: ✅ 0 взято | 🗑️ 24 мусор
2026-05-29 02:44:39,785 | INFO     |   → 389/1039: ✅ 0 взято | 🗑️ 24 мусор
2026-05-29 02:44:39,785 | INFO     |   → 390/1039: ✅ 0 взято | 🗑️ 0 мусор
2026-05-29 02:44:39,785 | INFO     |   → 391/1039: ✅ 0 взято | 🗑️ 0 мусор
2026-05-29 02:44:39,785 | INFO     |   → 392/1039: ✅ 0 взято | 🗑️ 0 мусор
2026-05-29 02:44:39,785 | INFO     |   → 393/1039: ✅ 0 взято | 🗑️ 0 мусор
2026-05-29 02:44:39,785 | INFO     |   → 394/1039: ✅ 0 взято | 🗑️ 0 мусор
2026-05-29 02:44:39,785 | INFO     |   → 395/1039: ✅ 0 взято | 🗑️ 0 мусор
2026-05-29 02:44:39,785 | INFO     |   → 396/1039: ✅ 0 взято | 🗑️ 0 мусор
2026-05-29 02:44:39,785 | INFO     |   → 397/1039: ✅ 0 взято | 🗑️ 0 мусор
2026-05-29 02:44:39,785 | INFO     |   → 398/1039: ✅ 0 взято | 🗑️ 0 мусор
2026-05-29 02:44:39,785 | INFO     |   → 399/1039: ✅ 0 взято | 🗑️ 0 мусор
2026-05-29 02:44:39,785 | INFO     |   → 400/1039: ✅ 0 взято | 🗑️ 0 мусор
2026-05-29 02:44:39,785 | INFO     |   → 401/1039: ✅ 0 взято | 🗑️ 0 мусор
2026-05-29 02:44:39,785 | INFO     |   → 402/1039 ❌ HTTP 404 — https://raw.githubusercontent.com/10ium/MihomoSaz/main/Sublist/shatakvpn.yaml4_Sub.txt
2026-05-29 02:44:39,785 | INFO     |   → 403/1039: ✅ 0 взято | 🗑️ 0 мусор
2026-05-29 02:44:39,785 | INFO     |   → 404/1039: ✅ 0 взято | 🗑️ 0 мусор
2026-05-29 02:44:39,785 | INFO     |   → 405/1039: ✅ 167 взято | 🗑️ 672 мусор
2026-05-29 02:44:39,785 | INFO     |   → 406/1039: ✅ 0 взято | 🗑️ 0 мусор
2026-05-29 02:44:39,785 | INFO     |   → 407/1039: ✅ 0 взято | 🗑️ 0 мусор
2026-05-29 02:44:39,785 | INFO     |   → 408/1039: ✅ 11 взято | 🗑️ 399 мусор
2026-05-29 02:44:39,785 | INFO     |   → 409/1039: ✅ 0 взято | 🗑️ 0 мусор
2026-05-29 02:44:39,785 | INFO     |   → 410/1039 ❌ HTTP 404 — https://raw.githubusercontent.com/9Fork/openit/main/Clash.yaml
2026-05-29 02:44:39,785 | INFO     |   → 411/1039: ✅ 57 взято | 🗑️ 86 мусор
2026-05-29 02:44:39,785 | INFO     |   → 412/1039: ✅ 0 взято | 🗑️ 86 мусор
2026-05-29 02:44:39,785 | INFO     |   → 413/1039: ✅ 19 взято | 🗑️ 81 мусор
2026-05-29 02:44:39,785 | INFO     |   → 414/1039: ✅ 11 взято | 🗑️ 87 мусор
2026-05-29 02:44:39,785 | INFO     |   → 415/1039: ✅ 27 взято | 🗑️ 73 мусор
2026-05-29 02:44:39,785 | INFO     |   → 416/1039: ✅ 13 взято | 🗑️ 75 мусор
2026-05-29 02:44:39,785 | INFO     |   → 417/1039: ✅ 10 взято | 🗑️ 83 мусор
2026-05-29 02:44:39,785 | INFO     |   → 418/1039: ✅ 12 взято | 🗑️ 86 мусор
2026-05-29 02:44:39,785 | INFO     |   → 419/1039: ✅ 11 взято | 🗑️ 87 мусор
2026-05-29 02:44:39,786 | INFO     |   → 420/1039: ✅ 11 взято | 🗑️ 80 мусор
2026-05-29 02:44:39,786 | INFO     |   → 421/1039: ✅ 9 взято | 🗑️ 82 мусор
2026-05-29 02:44:39,786 | INFO     |   → 422/1039: ✅ 69 взято | 🗑️ 3 мусор
2026-05-29 02:44:39,786 | INFO     |   → 423/1039: ✅ 3 взято | 🗑️ 75 мусор
2026-05-29 02:44:39,786 | INFO     |   → 424/1039: ✅ 4 взято | 🗑️ 69 мусор
2026-05-29 02:44:39,786 | INFO     |   → 425/1039: ✅ 4 взято | 🗑️ 80 мусор
2026-05-29 02:44:39,786 | INFO     |   → 426/1039: ✅ 6 взято | 🗑️ 81 мусор
2026-05-29 02:44:39,786 | INFO     |   → 427/1039: ✅ 5 взято | 🗑️ 79 мусор
2026-05-29 02:44:39,786 | INFO     |   → 428/1039: ✅ 11 взято | 🗑️ 78 мусор
2026-05-29 02:44:39,786 | INFO     |   → 429/1039: ✅ 3 взято | 🗑️ 83 мусор
2026-05-29 02:44:39,786 | INFO     |   → 430/1039: ✅ 14 взято | 🗑️ 76 мусор
2026-05-29 02:44:39,786 | INFO     |   → 431/1039: ✅ 12 взято | 🗑️ 78 мусор
2026-05-29 02:44:39,786 | INFO     |   → 432/1039: ✅ 26 взято | 🗑️ 218 мусор
2026-05-29 02:44:39,786 | INFO     |   → 433/1039: ✅ 44 взято | 🗑️ 141 мусор
2026-05-29 02:44:39,786 | INFO     |   → 434/1039: ✅ 10 взято | 🗑️ 71 мусор
2026-05-29 02:44:39,786 | INFO     |   → 435/1039: ✅ 2 взято | 🗑️ 88 мусор
2026-05-29 02:44:39,786 | INFO     |   → 436/1039: ✅ 0 взято | 🗑️ 3 мусор
2026-05-29 02:44:39,786 | INFO     |   → 437/1039: ✅ 14 взято | 🗑️ 4 мусор
2026-05-29 02:44:39,786 | INFO     |   → 438/1039: ✅ 669 взято | 🗑️ 2474 мусор
2026-05-29 02:44:39,786 | INFO     |   → 439/1039 ❌ HTTP 404 — https://raw.githubusercontent.com/Alvin9999/pac2/master/clash/1/config.yaml
2026-05-29 02:44:39,786 | INFO     |   → 440/1039 ❌ HTTP 404 — https://raw.githubusercontent.com/AmirHDevo/temp2/7f15e7ddb311a6f8c5ab338bd1af0e1f2136a84b/configs.txt
2026-05-29 02:44:39,786 | INFO     |   → 441/1039: ✅ 0 взято | 🗑️ 119 мусор
2026-05-29 02:44:39,786 | INFO     |   → 442/1039: ✅ 2987 взято | 🗑️ 47967 мусор
2026-05-29 02:44:39,786 | INFO     |   → 443/1039: ✅ 5 взято | 🗑️ 47 мусор
2026-05-29 02:44:39,786 | INFO     |   → 444/1039: ✅ 0 взято | 🗑️ 60 мусор
2026-05-29 02:44:39,786 | INFO     |   → 445/1039: ✅ 21 взято | 🗑️ 107 мусор
2026-05-29 02:44:39,786 | INFO     |   → 446/1039: ✅ 78 взято | 🗑️ 347 мусор
2026-05-29 02:44:39,786 | INFO     |   → 447/1039: ✅ 0 взято | 🗑️ 1373 мусор
2026-05-29 02:44:39,786 | INFO     |   → 448/1039: ✅ 339 взято | 🗑️ 1542 мусор
2026-05-29 02:44:39,786 | INFO     |   → 449/1039: ✅ 0 взято | 🗑️ 6 мусор
2026-05-29 02:44:39,786 | INFO     |   → 450/1039: ✅ 0 взято | 🗑️ 0 мусор
2026-05-29 02:44:39,786 | INFO     |   → 451/1039: ✅ 1 взято | 🗑️ 235 мусор
2026-05-29 02:44:39,786 | INFO     |   → 452/1039: ✅ 0 взято | 🗑️ 16 мусор
2026-05-29 02:44:39,786 | INFO     |   → 453/1039: ✅ 0 взято | 🗑️ 0 мусор
2026-05-29 02:44:39,786 | INFO     |   → 454/1039: ✅ 0 взято | 🗑️ 14 мусор
2026-05-29 02:44:39,787 | INFO     |   → 455/1039: ✅ 0 взято | 🗑️ 0 мусор
2026-05-29 02:44:39,787 | INFO     |   → 456/1039: ✅ 0 взято | 🗑️ 17 мусор
2026-05-29 02:44:39,787 | INFO     |   → 457/1039: ✅ 0 взято | 🗑️ 0 мусор
2026-05-29 02:44:39,787 | INFO     |   → 458/1039: ✅ 1 взято | 🗑️ 12 мусор
2026-05-29 02:44:39,787 | INFO     |   → 459/1039: ✅ 0 взято | 🗑️ 0 мусор
2026-05-29 02:44:39,787 | INFO     |   → 460/1039: ✅ 0 взято | 🗑️ 17 мусор
2026-05-29 02:44:39,787 | INFO     |   → 461/1039: ✅ 0 взято | 🗑️ 0 мусор
2026-05-29 02:44:39,787 | INFO     |   → 462/1039: ✅ 0 взято | 🗑️ 17 мусор
2026-05-29 02:44:39,787 | INFO     |   → 463/1039: ✅ 0 взято | 🗑️ 0 мусор
2026-05-29 02:44:39,787 | INFO     |   → 464/1039: ✅ 0 взято | 🗑️ 161 мусор
2026-05-29 02:44:39,787 | INFO     |   → 465/1039: ✅ 0 взято | 🗑️ 0 мусор
2026-05-29 02:44:39,787 | INFO     |   → 466/1039: ✅ 5 взято | 🗑️ 76 мусор
2026-05-29 02:44:39,787 | INFO     |   → 467/1039: ✅ 80 взято | 🗑️ 1110 мусор
2026-05-29 02:44:39,787 | INFO     |   → 468/1039: ✅ 5 взято | 🗑️ 13 мусор
2026-05-29 02:44:39,787 | INFO     |   → 469/1039 ❌ HTTP 404 — https://raw.githubusercontent.com/Epodonios/bulk-xray-v2ray-vless-vmess-...-configs/main/sub/Austria/config.txt
2026-05-29 02:44:39,787 | INFO     |   → 470/1039 ❌ HTTP 404 — https://raw.githubusercontent.com/Epodonios/bulk-xray-v2ray-vless-vmess-...-configs/main/sub/Canada/config.txt
2026-05-29 02:44:39,787 | INFO     |   → 471/1039 ❌ HTTP 404 — https://raw.githubusercontent.com/Epodonios/bulk-xray-v2ray-vless-vmess-...-configs/main/sub/Costa%20Rica/config.txt
2026-05-29 02:44:39,787 | INFO     |   → 472/1039 ❌ HTTP 404 — https://raw.githubusercontent.com/Epodonios/bulk-xray-v2ray-vless-vmess-...-configs/main/sub/France/config.txt
2026-05-29 02:44:39,787 | INFO     |   → 473/1039 ❌ HTTP 404 — https://raw.githubusercontent.com/Epodonios/bulk-xray-v2ray-vless-vmess-...-configs/main/sub/Germany/config.txt
2026-05-29 02:44:39,787 | INFO     |   → 474/1039 ❌ HTTP 404 — https://raw.githubusercontent.com/Epodonios/bulk-xray-v2ray-vless-vmess-...-configs/main/sub/Indonesia/config.txt
2026-05-29 02:44:39,788 | INFO     |   → 475/1039 ❌ HTTP 404 — https://raw.githubusercontent.com/Epodonios/bulk-xray-v2ray-vless-vmess-...-configs/main/sub/Ireland/config.txt
2026-05-29 02:44:39,788 | INFO     |   → 476/1039 ❌ HTTP 404 — https://raw.githubusercontent.com/Epodonios/bulk-xray-v2ray-vless-vmess-...-configs/main/sub/Republic%20of%20Lithuania/config.txt
2026-05-29 02:44:39,788 | INFO     |   → 477/1039 ❌ HTTP 404 — https://raw.githubusercontent.com/Epodonios/bulk-xray-v2ray-vless-vmess-...-configs/main/sub/South%20Africa/config.txt
2026-05-29 02:44:39,788 | INFO     |   → 478/1039 ❌ HTTP 404 — https://raw.githubusercontent.com/Epodonios/bulk-xray-v2ray-vless-vmess-...-configs/main/sub/Sweden/config.txt
2026-05-29 02:44:39,788 | INFO     |   → 479/1039 ❌ HTTP 404 — https://raw.githubusercontent.com/Epodonios/bulk-xray-v2ray-vless-vmess-...-configs/main/sub/Turkey/config.txt
2026-05-29 02:44:39,788 | INFO     |   → 480/1039 ❌ HTTP 404 — https://raw.githubusercontent.com/Epodonios/bulk-xray-v2ray-vless-vmess-...-configs/main/sub/United%20Arab%20Emirates/config.txt
2026-05-29 02:44:39,788 | INFO     |   → 481/1039 ❌ HTTP 404 — https://raw.githubusercontent.com/Epodonios/bulk-xray-v2ray-vless-vmess-...-configs/main/sub/United%20Kingdom/config.txt
2026-05-29 02:44:39,788 | INFO     |   → 482/1039 ❌ HTTP 404 — https://raw.githubusercontent.com/Epodonios/bulk-xray-v2ray-vless-vmess-...-configs/main/sub/United%20States/config.txt
2026-05-29 02:44:39,788 | INFO     |   → 483/1039: ✅ 435 взято | 🗑️ 4041 мусор
2026-05-29 02:44:39,788 | INFO     |   → 484/1039 ❌ HTTP 404 — https://raw.githubusercontent.com/Epodonios/v2ray-configs/main/Splitted-By-Protocol/mix.txt
2026-05-29 02:44:39,788 | INFO     |   → 485/1039: ✅ 5 взято | 🗑️ 354 мусор
2026-05-29 02:44:39,788 | INFO     |   → 486/1039: ✅ 0 взято | 🗑️ 0 мусор
2026-05-29 02:44:39,788 | INFO     |   → 487/1039: ✅ 12 взято | 🗑️ 310 мусор
2026-05-29 02:44:39,788 | INFO     |   → 488/1039: ✅ 53 взято | 🗑️ 2786 мусор
2026-05-29 02:44:39,788 | INFO     |   → 489/1039: ✅ 0 взято | 🗑️ 585 мусор
2026-05-29 02:44:39,788 | INFO     |   → 490/1039 ❌ HTTP 404 — https://raw.githubusercontent.com/Epodonios/v2ray-configs/raw/main/Splitted-By-Protocol/trojan.txt
2026-05-29 02:44:39,788 | INFO     |   → 491/1039 ❌ HTTP 404 — https://raw.githubusercontent.com/Epodonios/v2ray-configs/raw/main/Splitted-By-Protocol/vmess.txt
2026-05-29 02:44:39,788 | INFO     |   → 492/1039: ✅ 0 взято | 🗑️ 354 мусор
2026-05-29 02:44:39,789 | INFO     |   → 493/1039: ✅ 0 взято | 🗑️ 0 мусор
2026-05-29 02:44:39,789 | INFO     |   → 494/1039: ✅ 0 взято | 🗑️ 310 мусор
2026-05-29 02:44:39,789 | INFO     |   → 495/1039: ✅ 0 взято | 🗑️ 2786 мусор
2026-05-29 02:44:39,789 | INFO     |   → 496/1039: ✅ 0 взято | 🗑️ 585 мусор
2026-05-29 02:44:39,789 | INFO     |   → 497/1039 ❌ HTTP 404 — https://raw.githubusercontent.com/Fido6/FreeNodes/57221e59caddde55ffdda21d491ae952cd608049/nodes/halekj.txt
2026-05-29 02:44:39,789 | INFO     |   → 498/1039 ❌ HTTP 404 — https://raw.githubusercontent.com/Fido6/FreeNodes/57221e59caddde55ffdda21d491ae952cd608049/nodes/kkzui.txt
2026-05-29 02:44:39,789 | INFO     |   → 499/1039 ❌ HTTP 404 — https://raw.githubusercontent.com/Fido6/FreeNodes/57221e59caddde55ffdda21d491ae952cd608049/nodes/wenode.txt
2026-05-29 02:44:39,789 | INFO     |   → 500/1039: ✅ 0 взято | 🗑️ 0 мусор
2026-05-29 02:44:39,789 | INFO     |   → 501/1039: ✅ 0 взято | 🗑️ 22 мусор
2026-05-29 02:44:39,789 | INFO     |   → 502/1039: ✅ 14 взято | 🗑️ 250 мусор
2026-05-29 02:44:39,789 | INFO     |   → 503/1039: ✅ 0 взято | 🗑️ 13 мусор
2026-05-29 02:44:39,789 | INFO     |   → 504/1039: ✅ 1 взято | 🗑️ 17 мусор
2026-05-29 02:44:39,789 | INFO     |   → 505/1039: ✅ 4 взято | 🗑️ 11 мусор
2026-05-29 02:44:39,789 | INFO     |   → 506/1039: ✅ 0 взято | 🗑️ 0 мусор
2026-05-29 02:44:39,789 | INFO     |   → 507/1039: ✅ 0 взято | 🗑️ 137 мусор
2026-05-29 02:44:39,789 | INFO     |   → 508/1039: ✅ 0 взято | 🗑️ 32 мусор
2026-05-29 02:44:39,789 | INFO     |   → 509/1039: ✅ 2 взято | 🗑️ 19 мусор
2026-05-29 02:44:39,790 | INFO     |   → 510/1039: ✅ 0 взято | 🗑️ 43 мусор
2026-05-29 02:44:39,790 | INFO     |   → 511/1039: ✅ 0 взято | 🗑️ 43 мусор
2026-05-29 02:44:39,790 | INFO     |   → 512/1039 ❌ HTTP 404 — https://raw.githubusercontent.com/Iran-v2ray/v2ray/main/v2ray
2026-05-29 02:44:39,790 | INFO     |   → 513/1039: ✅ 0 взято | 🗑️ 1 мусор
2026-05-29 02:44:39,790 | INFO     |   → 514/1039: ✅ 0 взято | 🗑️ 1 мусор
2026-05-29 02:44:39,790 | INFO     |   → 515/1039: ✅ 0 взято | 🗑️ 28 мусор
2026-05-29 02:44:39,790 | INFO     |   → 516/1039: ✅ 14 взято | 🗑️ 282 мусор
2026-05-29 02:44:39,790 | INFO     |   → 517/1039: ✅ 0 взято | 🗑️ 94 мусор
2026-05-29 02:44:39,790 | INFO     |   → 518/1039: ✅ 0 взято | 🗑️ 0 мусор
2026-05-29 02:44:39,790 | INFO     |   → 519/1039: ✅ 0 взято | 🗑️ 0 мусор
2026-05-29 02:44:39,790 | INFO     |   → 520/1039 ❌ HTTP 404 — https://raw.githubusercontent.com/Kwinshadow/TelegramV2rayCollector/raw/refs/heads/main/sublinks/mix.txt
2026-05-29 02:44:39,790 | INFO     |   → 521/1039 ❌ HTTP 404 — https://raw.githubusercontent.com/LalatinaHub/Mineral/raw/refs/heads/master/result/nodes
2026-05-29 02:44:39,790 | INFO     |   → 522/1039 ❌ HTTP 404 — https://raw.githubusercontent.com/Leon406/SubCrawler/main/sub/share/all3
2026-05-29 02:44:39,790 | INFO     |   → 523/1039 ❌ HTTP 404 — https://raw.githubusercontent.com/Leon406/SubCrawler/main/sub/share/all4
2026-05-29 02:44:39,790 | INFO     |   → 524/1039: ✅ 4 взято | 🗑️ 335 мусор
2026-05-29 02:44:39,790 | INFO     |   → 525/1039: ✅ 0 взято | 🗑️ 33 мусор
2026-05-29 02:44:39,790 | INFO     |   → 526/1039: ✅ 0 взято | 🗑️ 6 мусор
2026-05-29 02:44:39,790 | INFO     |   → 527/1039: ✅ 0 взято | 🗑️ 147 мусор
2026-05-29 02:44:39,790 | INFO     |   → 528/1039 ❌ HTTP 404 — https://raw.githubusercontent.com/M-Mashreghi/free-config-collector/main/Splitted-By-Protocol/ssr.txt
2026-05-29 02:44:39,791 | INFO     |   → 529/1039: ✅ 139 взято | 🗑️ 114 мусор
2026-05-29 02:44:39,791 | INFO     |   → 530/1039: ✅ 126 взято | 🗑️ 137 мусор
2026-05-29 02:44:39,791 | INFO     |   → 531/1039: ✅ 0 взято | 🗑️ 12 мусор
2026-05-29 02:44:39,791 | INFO     |   → 532/1039: ✅ 0 взято | 🗑️ 1 мусор
2026-05-29 02:44:39,791 | INFO     |   → 533/1039: ✅ 48 взято | 🗑️ 43 мусор
2026-05-29 02:44:39,791 | INFO     |   → 534/1039: ✅ 0 взято | 🗑️ 43 мусор
2026-05-29 02:44:39,791 | INFO     |   → 535/1039 ❌ HTTP 404 — https://raw.githubusercontent.com/MatinGhanbari/v2ray-configs/main/subscriptions/filtered/subs/hy2.txt
2026-05-29 02:44:39,791 | INFO     |   → 536/1039: ✅ 32 взято | 🗑️ 1497 мусор
2026-05-29 02:44:39,791 | INFO     |   → 537/1039 ❌ HTTP 404 — https://raw.githubusercontent.com/MatinGhanbari/v2ray-configs/main/subscriptions/filtered/subs/ssr.txt
2026-05-29 02:44:39,791 | INFO     |   → 538/1039: ✅ 65 взято | 🗑️ 520 мусор
2026-05-29 02:44:39,791 | INFO     |   → 539/1039 ❌ HTTP 404 — https://raw.githubusercontent.com/MatinGhanbari/v2ray-configs/main/subscriptions/filtered/subs/tuic.txt
2026-05-29 02:44:39,791 | INFO     |   → 540/1039: ✅ 5 взято | 🗑️ 83 мусор
2026-05-29 02:44:39,791 | INFO     |   → 541/1039: ✅ 256 взято | 🗑️ 1468 мусор
2026-05-29 02:44:39,791 | INFO     |   → 542/1039: ✅ 0 взято | 🗑️ 2 мусор
2026-05-29 02:44:39,791 | INFO     |   → 543/1039: ✅ 238 взято | 🗑️ 1228 мусор
2026-05-29 02:44:39,791 | INFO     |   → 544/1039: ✅ 0 взято | 🗑️ 630 мусор
2026-05-29 02:44:39,791 | INFO     |   → 545/1039: ✅ 0 взято | 🗑️ 630 мусор
2026-05-29 02:44:39,791 | INFO     |   → 546/1039: ✅ 0 взято | 🗑️ 47 мусор
2026-05-29 02:44:39,792 | INFO     |   → 547/1039: ✅ 0 взято | 🗑️ 2 мусор
2026-05-29 02:44:39,792 | INFO     |   → 548/1039: ✅ 0 взято | 🗑️ 469 мусор
2026-05-29 02:44:39,792 | INFO     |   → 549/1039: ✅ 0 взято | 🗑️ 84 мусор
2026-05-29 02:44:39,792 | INFO     |   → 550/1039 ❌ HTTP 404 — https://raw.githubusercontent.com/MhdiTaheri/V2rayCollector/raw/refs/heads/main/sub/mix
2026-05-29 02:44:39,792 | INFO     |   → 551/1039: ✅ 53 взято | 🗑️ 267 мусор
2026-05-29 02:44:39,792 | INFO     |   → 552/1039 ❌ HTTP 404 — https://raw.githubusercontent.com/MhdiTaheri/V2rayCollector_Py/raw/refs/heads/main/sub/Mix/mix.txt
2026-05-29 02:44:39,792 | INFO     |   → 553/1039: ✅ 0 взято | 🗑️ 0 мусор
2026-05-29 02:44:39,792 | INFO     |   → 554/1039: ✅ 43 взято | 🗑️ 217 мусор
2026-05-29 02:44:39,792 | INFO     |   → 555/1039: ✅ 0 взято | 🗑️ 31 мусор
2026-05-29 02:44:39,792 | INFO     |   → 556/1039: ✅ 93 взято | 🗑️ 282 мусор
2026-05-29 02:44:39,792 | INFO     |   → 557/1039: ✅ 0 взято | 🗑️ 26 мусор
2026-05-29 02:44:39,792 | INFO     |   → 558/1039 ❌ HTTP 404 — https://raw.githubusercontent.com/MrMohebi/xray-proxy-grabber-telegram/master/collected-proxies/clash-meta/all.yaml
2026-05-29 02:44:39,792 | INFO     |   → 559/1039 ❌ HTTP 404 — https://raw.githubusercontent.com/MrMohebi/xray-proxy-grabber-telegram/master/collected-proxies/row-url/actives.txt
2026-05-29 02:44:39,792 | INFO     |   → 560/1039 ❌ HTTP 404 — https://raw.githubusercontent.com/MrMohebi/xray-proxy-grabber-telegram/master/collected-proxies/row-url/all.txt
2026-05-29 02:44:39,792 | INFO     |   → 561/1039: ✅ 0 взято | 🗑️ 13 мусор
2026-05-29 02:44:39,792 | INFO     |   → 562/1039: ✅ 0 взято | 🗑️ 13 мусор
2026-05-29 02:44:39,792 | INFO     |   → 563/1039: ✅ 5 взято | 🗑️ 15 мусор
2026-05-29 02:44:39,792 | INFO     |   → 564/1039: ✅ 0 взято | 🗑️ 30 мусор
2026-05-29 02:44:39,792 | INFO     |   → 565/1039: ✅ 0 взято | 🗑️ 15 мусор
2026-05-29 02:44:39,793 | INFO     |   → 566/1039: ✅ 66 взято | 🗑️ 123 мусор
2026-05-29 02:44:39,793 | INFO     |   → 567/1039: ✅ 175 взято | 🗑️ 582 мусор
2026-05-29 02:44:39,793 | INFO     |   → 568/1039: ✅ 0 взято | 🗑️ 0 мусор
2026-05-29 02:44:39,793 | INFO     |   → 569/1039 ❌ HTTP 404 — https://raw.githubusercontent.com/OpenCNLink/freevpn/3cfcff048bfdd1493ccffa52ecf30ce7f9fc6b28/src/list/vmess.txt
2026-05-29 02:44:39,793 | INFO     |   → 570/1039 ❌ HTTP 404 — https://raw.githubusercontent.com/Pawdro/Collection/main/sub
2026-05-29 02:44:39,793 | INFO     |   → 571/1039: ✅ 0 взято | 🗑️ 20 мусор
2026-05-29 02:44:39,793 | INFO     |   → 572/1039: ✅ 0 взято | 🗑️ 20 мусор
2026-05-29 02:44:39,793 | INFO     |   → 573/1039: ✅ 0 взято | 🗑️ 0 мусор
2026-05-29 02:44:39,793 | INFO     |   → 574/1039: ✅ 0 взято | 🗑️ 0 мусор
2026-05-29 02:44:39,793 | INFO     |   → 575/1039: ✅ 0 взято | 🗑️ 50 мусор
2026-05-29 02:44:39,793 | INFO     |   → 576/1039: ✅ 5 взято | 🗑️ 206 мусор
2026-05-29 02:44:39,793 | INFO     |   → 577/1039: ✅ 21 взято | 🗑️ 138 мусор
2026-05-29 02:44:39,793 | INFO     |   → 578/1039: ✅ 23 взято | 🗑️ 89 мусор
2026-05-29 02:44:39,793 | INFO     |   → 579/1039: ✅ 9 взято | 🗑️ 85 мусор
2026-05-29 02:44:39,793 | INFO     |   → 580/1039: ✅ 0 взято | 🗑️ 129 мусор
2026-05-29 02:44:39,793 | INFO     |   → 581/1039: ✅ 0 взято | 🗑️ 81 мусор
2026-05-29 02:44:39,793 | INFO     |   → 582/1039 ❌ HTTP 404 — https://raw.githubusercontent.com/STR97/STRUGOV/refs/heads/main/STR.BYPASS
2026-05-29 02:44:39,793 | INFO     |   → 583/1039: ✅ 4 взято | 🗑️ 34 мусор
2026-05-29 02:44:39,794 | INFO     |   → 584/1039: ✅ 11 взято | 🗑️ 16 мусор
2026-05-29 02:44:39,794 | INFO     |   → 585/1039: ✅ 0 взято | 🗑️ 16 мусор
2026-05-29 02:44:39,794 | INFO     |   → 586/1039: ✅ 0 взято | 🗑️ 27 мусор
2026-05-29 02:44:39,794 | INFO     |   → 587/1039: ✅ 140 взято | 🗑️ 1153 мусор
2026-05-29 02:44:39,794 | INFO     |   → 588/1039: ✅ 29 взято | 🗑️ 54 мусор
2026-05-29 02:44:39,794 | INFO     |   → 589/1039: ✅ 0 взято | 🗑️ 0 мусор
2026-05-29 02:44:39,794 | INFO     |   → 590/1039: ✅ 0 взято | 🗑️ 0 мусор
2026-05-29 02:44:39,794 | INFO     |   → 591/1039: ✅ 0 взято | 🗑️ 6 мусор
2026-05-29 02:44:39,794 | INFO     |   → 592/1039: ✅ 0 взято | 🗑️ 0 мусор
2026-05-29 02:44:39,794 | INFO     |   → 593/1039: ✅ 0 взято | 🗑️ 6 мусор
2026-05-29 02:44:39,794 | INFO     |   → 594/1039: ✅ 4 взято | 🗑️ 291 мусор
2026-05-29 02:44:39,794 | INFO     |   → 595/1039: ✅ 0 взято | 🗑️ 119 мусор
2026-05-29 02:44:39,794 | INFO     |   → 596/1039: ✅ 0 взято | 🗑️ 0 мусор
2026-05-29 02:44:39,794 | INFO     |   → 597/1039 ❌ HTTP 404 — https://raw.githubusercontent.com/V2RAYCONFIGSPOOL/V2RAY_SUB/main/V2RAY_SUB.txt
2026-05-29 02:44:39,794 | INFO     |   → 598/1039: ✅ 34 взято | 🗑️ 107 мусор
2026-05-29 02:44:39,794 | INFO     |   → 599/1039: ✅ 16 взято | 🗑️ 17 мусор
2026-05-29 02:44:39,794 | INFO     |   → 600/1039: ✅ 0 взято | 🗑️ 0 мусор
2026-05-29 02:44:39,794 | INFO     |   → 601/1039: ✅ 0 взято | 🗑️ 17 мусор
2026-05-29 02:44:39,794 | INFO     |   → 602/1039: ✅ 58 взято | 🗑️ 348 мусор
2026-05-29 02:44:39,795 | INFO     |   → 603/1039: ✅ 0 взято | 🗑️ 0 мусор
2026-05-29 02:44:39,795 | INFO     |   → 604/1039: ✅ 6 взято | 🗑️ 245 мусор
2026-05-29 02:44:39,795 | INFO     |   → 605/1039: ✅ 0 взято | 🗑️ 0 мусор
2026-05-29 02:44:39,795 | INFO     |   → 606/1039: ✅ 3 взято | 🗑️ 322 мусор
2026-05-29 02:44:39,795 | INFO     |   → 607/1039: ✅ 0 взято | 🗑️ 0 мусор
2026-05-29 02:44:39,795 | INFO     |   → 608/1039: ✅ 0 взято | 🗑️ 0 мусор
2026-05-29 02:44:39,795 | INFO     |   → 609/1039: ✅ 3 взято | 🗑️ 268 мусор
2026-05-29 02:44:39,795 | INFO     |   → 610/1039: ✅ 1 взято | 🗑️ 251 мусор
2026-05-29 02:44:39,795 | INFO     |   → 611/1039: ✅ 1 взято | 🗑️ 231 мусор
2026-05-29 02:44:39,795 | INFO     |   → 612/1039: ✅ 0 взято | 🗑️ 22 мусор
2026-05-29 02:44:39,795 | INFO     |   → 613/1039: ✅ 1 взято | 🗑️ 83 мусор
2026-05-29 02:44:39,795 | INFO     |   → 614/1039: ✅ 0 взято | 🗑️ 16 мусор
2026-05-29 02:44:39,795 | INFO     |   → 615/1039: ✅ 0 взято | 🗑️ 16 мусор
2026-05-29 02:44:39,795 | INFO     |   → 616/1039 ❌ HTTP 404 — https://raw.githubusercontent.com/aiboboxx/clashfree/main/clash.yml
2026-05-29 02:44:39,795 | INFO     |   → 617/1039 ❌ HTTP 404 — https://raw.githubusercontent.com/aiboboxx/v2rayfree/main/v2
2026-05-29 02:44:39,795 | INFO     |   → 618/1039 ❌ HTTP 404 — https://raw.githubusercontent.com/amirmohammad-mohammad-88/Sub-Reality-Azadi-config/Config/Azadi-Reality-Different
2026-05-29 02:44:39,795 | INFO     |   → 619/1039 ❌ HTTP 404 — https://raw.githubusercontent.com/amirmohammad-mohammad-88/Sub-Reality-Azadi-config/Config/Azadi-Reality-Different-Base64
2026-05-29 02:44:39,795 | INFO     |   → 620/1039: ✅ 1 взято | 🗑️ 17 мусор
2026-05-29 02:44:39,796 | INFO     |   → 621/1039: ✅ 0 взято | 🗑️ 0 мусор
2026-05-29 02:44:39,796 | INFO     |   → 622/1039: ✅ 4 взято | 🗑️ 114 мусор
2026-05-29 02:44:39,796 | INFO     |   → 623/1039: ✅ 21 взято | 🗑️ 48 мусор
2026-05-29 02:44:39,796 | INFO     |   → 624/1039 ❌ HTTP 404 — https://raw.githubusercontent.com/awesome-vpn/awesome-vpn/master/ss
2026-05-29 02:44:39,796 | INFO     |   → 625/1039 ❌ HTTP 404 — https://raw.githubusercontent.com/awesome-vpn/awesome-vpn/master/ssr
2026-05-29 02:44:39,796 | INFO     |   → 626/1039: ✅ 0 взято | 🗑️ 0 мусор
2026-05-29 02:44:39,796 | INFO     |   → 627/1039: ✅ 1 взято | 🗑️ 22 мусор
2026-05-29 02:44:39,796 | INFO     |   → 628/1039: ✅ 0 взято | 🗑️ 494 мусор
2026-05-29 02:44:39,796 | INFO     |   → 629/1039 ❌ HTTP 404 — https://raw.githubusercontent.com/barry-far/V2ray-Configs/ced94ddfff48276ec365b40227561f36b1b64bc8/Sub5.txt
2026-05-29 02:44:39,796 | INFO     |   → 630/1039 ❌ HTTP 404 — https://raw.githubusercontent.com/barry-far/V2ray-Configs/main/Splitted-By-Protocol/hysteria2.txt
2026-05-29 02:44:39,796 | INFO     |   → 631/1039 ❌ HTTP 404 — https://raw.githubusercontent.com/barry-far/V2ray-Configs/main/Splitted-By-Protocol/vless.txt
2026-05-29 02:44:39,796 | INFO     |   → 632/1039 ❌ HTTP 404 — https://raw.githubusercontent.com/barry-far/V2ray-Configs/main/Sub1.txt
2026-05-29 02:44:39,796 | INFO     |   → 633/1039 ❌ HTTP 404 — https://raw.githubusercontent.com/barry-far/V2ray-Configs/refs/heads/main/All_Configs_Sub.txt
2026-05-29 02:44:39,796 | INFO     |   → 634/1039: ✅ 0 взято | 🗑️ 0 мусор
2026-05-29 02:44:39,796 | INFO     |   → 635/1039 ❌ HTTP 404 — https://raw.githubusercontent.com/budamu/clashconfig/main/v2ray.txt
2026-05-29 02:44:39,796 | INFO     |   → 636/1039 ❌ HTTP 404 — https://raw.githubusercontent.com/budamu/clashconfig/main/v2ray2.txt
2026-05-29 02:44:39,796 | INFO     |   → 637/1039: ✅ 0 взято | 🗑️ 0 мусор
2026-05-29 02:44:39,796 | INFO     |   → 638/1039: ✅ 0 взято | 🗑️ 442 мусор
2026-05-29 02:44:39,797 | INFO     |   → 639/1039: ✅ 0 взято | 🗑️ 0 мусор
2026-05-29 02:44:39,797 | INFO     |   → 640/1039 ❌ HTTP 404 — https://raw.githubusercontent.com/chxxyz2004/zd/17fca23b73c46b5dd73e9be49b14d219b5e5f836/sub/2401/240110.txt
2026-05-29 02:44:39,797 | INFO     |   → 641/1039: ✅ 0 взято | 🗑️ 44 мусор
2026-05-29 02:44:39,797 | INFO     |   → 642/1039: ✅ 236 взято | 🗑️ 517 мусор
2026-05-29 02:44:39,797 | INFO     |   → 643/1039 ❌ HTTP 404 — https://raw.githubusercontent.com/cxr9912/cxr2022/main/free.yaml
2026-05-29 02:44:39,797 | INFO     |   → 644/1039 ❌ HTTP 404 — https://raw.githubusercontent.com/cxr9912/cxr2022/main/mix.yaml
2026-05-29 02:44:39,797 | INFO     |   → 645/1039 ❌ HTTP 404 — https://raw.githubusercontent.com/cxr9912/cxr2022/main/ss.yaml
2026-05-29 02:44:39,797 | INFO     |   → 646/1039 ❌ HTTP 404 — https://raw.githubusercontent.com/cxr9912/cxr2022/main/ssr.yaml
2026-05-29 02:44:39,797 | INFO     |   → 647/1039 ❌ HTTP 404 — https://raw.githubusercontent.com/cxr9912/cxr2022/main/vmess.yaml
2026-05-29 02:44:39,797 | INFO     |   → 648/1039 ❌ HTTP 404 — https://raw.githubusercontent.com/cxr9912/cxr2022/refs/heads/main/18cj.json
2026-05-29 02:44:39,797 | INFO     |   → 649/1039 ❌ HTTP 404 — https://raw.githubusercontent.com/cxr9912/cxr2022/refs/heads/main/aaaaaaaa.yaml
2026-05-29 02:44:39,797 | INFO     |   → 650/1039 ❌ HTTP 404 — https://raw.githubusercontent.com/cxr9912/cxr2022/refs/heads/main/free.yaml
2026-05-29 02:44:39,797 | INFO     |   → 651/1039 ❌ HTTP 404 — https://raw.githubusercontent.com/cxr9912/cxr2022/refs/heads/main/ss2088.txt
2026-05-29 02:44:39,797 | INFO     |   → 652/1039: ✅ 0 взято | 🗑️ 18 мусор
2026-05-29 02:44:39,797 | INFO     |   → 653/1039: ✅ 0 взято | 🗑️ 18 мусор
2026-05-29 02:44:39,797 | INFO     |   → 654/1039: ✅ 6 взято | 🗑️ 78 мусор
2026-05-29 02:44:39,797 | INFO     |   → 655/1039: ✅ 6 взято | 🗑️ 4 мусор
2026-05-29 02:44:39,797 | INFO     |   → 656/1039: ✅ 0 взято | 🗑️ 2 мусор
2026-05-29 02:44:39,797 | INFO     |   → 657/1039: ✅ 0 взято | 🗑️ 2 мусор
2026-05-29 02:44:39,797 | INFO     |   → 658/1039: ✅ 0 взято | 🗑️ 2 мусор
2026-05-29 02:44:39,797 | INFO     |   → 659/1039: ✅ 0 взято | 🗑️ 3 мусор
2026-05-29 02:44:39,797 | INFO     |   → 660/1039: ✅ 0 взято | 🗑️ 2 мусор
2026-05-29 02:44:39,797 | INFO     |   → 661/1039: ✅ 0 взято | 🗑️ 9 мусор
2026-05-29 02:44:39,797 | INFO     |   → 662/1039: ✅ 1 взято | 🗑️ 1 мусор
2026-05-29 02:44:39,797 | INFO     |   → 663/1039: ✅ 0 взято | 🗑️ 10 мусор
2026-05-29 02:44:39,797 | INFO     |   → 664/1039: ✅ 0 взято | 🗑️ 2 мусор
2026-05-29 02:44:39,797 | INFO     |   → 665/1039: ✅ 0 взято | 🗑️ 0 мусор
2026-05-29 02:44:39,797 | INFO     |   → 666/1039: ✅ 4346 взято | 🗑️ 98994 мусор
2026-05-29 02:44:39,798 | INFO     |   → 667/1039: ✅ 99 взято | 🗑️ 1476 мусор
2026-05-29 02:44:39,798 | INFO     |   → 668/1039: ✅ 6 взято | 🗑️ 113 мусор
2026-05-29 02:44:39,798 | INFO     |   → 669/1039: ✅ 0 взято | 🗑️ 0 мусор
2026-05-29 02:44:39,798 | INFO     |   → 670/1039: ✅ 1 взято | 🗑️ 25 мусор
2026-05-29 02:44:39,798 | INFO     |   → 671/1039: ✅ 0 взято | 🗑️ 0 мусор
2026-05-29 02:44:39,798 | INFO     |   → 672/1039: ✅ 13 взято | 🗑️ 19 мусор
2026-05-29 02:44:39,798 | INFO     |   → 673/1039: ✅ 0 взято | 🗑️ 5 мусор
2026-05-29 02:44:39,798 | INFO     |   → 674/1039: ✅ 2 взято | 🗑️ 80 мусор
2026-05-29 02:44:39,798 | INFO     |   → 675/1039 ❌ HTTP 404 — https://raw.githubusercontent.com/free-nodes/v2rayfree/main/v2
2026-05-29 02:44:39,798 | INFO     |   → 676/1039 ❌ HTTP 404 — https://raw.githubusercontent.com/free-v2ray-config/trojan/main/trojan.txt
2026-05-29 02:44:39,798 | INFO     |   → 677/1039 ❌ HTTP 404 — https://raw.githubusercontent.com/free-v2ray-config/vless/main/vless.txt
2026-05-29 02:44:39,798 | INFO     |   → 678/1039 ❌ HTTP 404 — https://raw.githubusercontent.com/free-v2ray-config/vmess/main/vmess.txt
2026-05-29 02:44:39,798 | INFO     |   → 679/1039: ✅ 5 взято | 🗑️ 169 мусор
2026-05-29 02:44:39,798 | INFO     |   → 680/1039: ✅ 34 взято | 🗑️ 121 мусор
2026-05-29 02:44:39,798 | INFO     |   → 681/1039: ✅ 4 взято | 🗑️ 97 мусор
2026-05-29 02:44:39,798 | INFO     |   → 682/1039 ❌ HTTP 404 — https://raw.githubusercontent.com/free18/v2ray/main/Clash.yaml
2026-05-29 02:44:39,798 | INFO     |   → 683/1039: ✅ 0 взято | 🗑️ 0 мусор
2026-05-29 02:44:39,798 | INFO     |   → 684/1039: ✅ 0 взято | 🗑️ 15 мусор
2026-05-29 02:44:39,798 | INFO     |   → 685/1039: ✅ 0 взято | 🗑️ 0 мусор
2026-05-29 02:44:39,798 | INFO     |   → 686/1039: ✅ 0 взято | 🗑️ 8 мусор
2026-05-29 02:44:39,798 | INFO     |   → 687/1039: ✅ 0 взято | 🗑️ 8 мусор
2026-05-29 02:44:39,798 | INFO     |   → 688/1039: ✅ 0 взято | 🗑️ 8 мусор
2026-05-29 02:44:39,798 | INFO     |   → 689/1039: ✅ 0 взято | 🗑️ 8 мусор
2026-05-29 02:44:39,798 | INFO     |   → 690/1039 ❌ HTTP 404 — https://raw.githubusercontent.com/freev2rayconfig/V2RAY_SUB/3e6a7786a1601ee3723e8d043ae79e70dbdfd9a8/v2rayconfigs.txt
2026-05-29 02:44:39,798 | INFO     |   → 691/1039 ❌ HTTP 404 — https://raw.githubusercontent.com/freev2rayconfig/V2RAY_SUBSCRIPTION_LINK/main/v2rayconfigs.txt
2026-05-29 02:44:39,798 | INFO     |   → 692/1039 ❌ HTTP 404 — https://raw.githubusercontent.com/gfpcom/free-proxy-list/main/list/http.txt
2026-05-29 02:44:39,798 | INFO     |   → 693/1039 ❌ HTTP 404 — https://raw.githubusercontent.com/gfpcom/free-proxy-list/main/list/https.txt
2026-05-29 02:44:39,798 | INFO     |   → 694/1039 ❌ HTTP 404 — https://raw.githubusercontent.com/gfpcom/free-proxy-list/main/list/socks4.txt
2026-05-29 02:44:39,798 | INFO     |   → 695/1039 ❌ HTTP 404 — https://raw.githubusercontent.com/gfpcom/free-proxy-list/main/list/socks4a.txt
2026-05-29 02:44:39,798 | INFO     |   → 696/1039 ❌ HTTP 404 — https://raw.githubusercontent.com/gfpcom/free-proxy-list/main/list/socks5.txt
2026-05-29 02:44:39,798 | INFO     |   → 697/1039 ❌ HTTP 404 — https://raw.githubusercontent.com/gfpcom/free-proxy-list/main/list/socks5h.txt
2026-05-29 02:44:39,798 | INFO     |   → 698/1039 ❌ HTTP 404 — https://raw.githubusercontent.com/gfpcom/free-proxy-list/main/list/ss.txt
2026-05-29 02:44:39,799 | INFO     |   → 699/1039 ❌ HTTP 404 — https://raw.githubusercontent.com/gfpcom/free-proxy-list/main/list/ssr.txt
2026-05-29 02:44:39,799 | INFO     |   → 700/1039 ❌ HTTP 404 — https://raw.githubusercontent.com/gfpcom/free-proxy-list/main/list/trojan.txt
2026-05-29 02:44:39,799 | INFO     |   → 701/1039 ❌ HTTP 404 — https://raw.githubusercontent.com/gfpcom/free-proxy-list/main/list/vless.txt
2026-05-29 02:44:39,799 | INFO     |   → 702/1039 ❌ HTTP 404 — https://raw.githubusercontent.com/gfpcom/free-proxy-list/main/list/vmess.txt
2026-05-29 02:44:39,799 | INFO     |   → 703/1039: ✅ 0 взято | 🗑️ 17 мусор
2026-05-29 02:44:39,799 | INFO     |   → 704/1039: ✅ 0 взято | 🗑️ 0 мусор
2026-05-29 02:44:39,799 | INFO     |   → 705/1039: ✅ 4 взято | 🗑️ 63 мусор
2026-05-29 02:44:39,799 | INFO     |   → 706/1039 ❌ HTTP 404 — https://raw.githubusercontent.com/hameed-maleki/TVC/89a4522969c57dcc22458cae9898426e5c4f2679/lite/config.txt
2026-05-29 02:44:39,799 | INFO     |   → 707/1039: ✅ 5 взято | 🗑️ 132 мусор
2026-05-29 02:44:39,799 | INFO     |   → 708/1039: ✅ 0 взято | 🗑️ 56 мусор
2026-05-29 02:44:39,799 | INFO     |   → 709/1039 ❌ HTTP 404 — https://raw.githubusercontent.com/hkaa0/permalink/main/proxy/V2ray
2026-05-29 02:44:39,799 | INFO     |   → 710/1039 ❌ HTTP 404 — https://raw.githubusercontent.com/hkaa0/permalink/main/proxy/clash
2026-05-29 02:44:39,799 | INFO     |   → 711/1039 ❌ HTTP 404 — https://raw.githubusercontent.com/hkpc/Autoproxy/6cf946ddfc677a29062007e4b47d70674474baa7/sub/2401/240110.txt
2026-05-29 02:44:39,799 | INFO     |   → 712/1039 ❌ HTTP 404 — https://raw.githubusercontent.com/hkpc/V2ray-Configs/7d9aa0dabf947af180a7dd6302818ed37950531a/Sub1.txt
2026-05-29 02:44:39,799 | INFO     |   → 713/1039: ✅ 0 взято | 🗑️ 14 мусор
2026-05-29 02:44:39,799 | INFO     |   → 714/1039: ✅ 16 взято | 🗑️ 16 мусор
2026-05-29 02:44:39,800 | INFO     |   → 715/1039 ❌ HTTP 404 — https://raw.githubusercontent.com/iboxz/free-v2ray-collector/main/main
2026-05-29 02:44:39,800 | INFO     |   → 716/1039: ✅ 12 взято | 🗑️ 21 мусор
2026-05-29 02:44:39,800 | INFO     |   → 717/1039: ✅ 8 взято | 🗑️ 23 мусор
2026-05-29 02:44:39,800 | INFO     |   → 718/1039: ✅ 81 взято | 🗑️ 220 мусор
2026-05-29 02:44:39,800 | INFO     |   → 719/1039 ❌ HTTP 404 — https://raw.githubusercontent.com/igareck/vpn-configs-for-russia/refs/heads/main/Vless-Reality-White-Lists-Rus-Cable.txt
2026-05-29 02:44:39,800 | INFO     |   → 720/1039: ✅ 142 взято | 🗑️ 8 мусор
2026-05-29 02:44:39,800 | INFO     |   → 721/1039: ✅ 0 взято | 🗑️ 0 мусор
2026-05-29 02:44:39,800 | INFO     |   → 722/1039: ✅ 0 взято | 🗑️ 0 мусор
2026-05-29 02:44:39,800 | INFO     |   → 723/1039: ✅ 23 взято | 🗑️ 9 мусор
2026-05-29 02:44:39,800 | INFO     |   → 724/1039: ✅ 0 взято | 🗑️ 0 мусор
2026-05-29 02:44:39,800 | INFO     |   → 725/1039: ✅ 0 взято | 🗑️ 0 мусор
2026-05-29 02:44:39,800 | INFO     |   → 726/1039: ✅ 0 взято | 🗑️ 12 мусор
2026-05-29 02:44:39,800 | INFO     |   → 727/1039: ✅ 0 взято | 🗑️ 43 мусор
2026-05-29 02:44:39,800 | INFO     |   → 728/1039 ❌ HTTP 404 — https://raw.githubusercontent.com/jw853355718/clash_233/master/config.yml
2026-05-29 02:44:39,800 | INFO     |   → 729/1039: ✅ 0 взято | 🗑️ 210 мусор
2026-05-29 02:44:39,800 | INFO     |   → 730/1039: ✅ 0 взято | 🗑️ 0 мусор
2026-05-29 02:44:39,801 | INFO     |   → 731/1039: ✅ 0 взято | 🗑️ 0 мусор
2026-05-29 02:44:39,801 | INFO     |   → 732/1039 ❌ HTTP 404 — https://raw.githubusercontent.com/lcx12901/v2ray-/master/sspool.herokuapp.com/yzcloud.yaml
2026-05-29 02:44:39,801 | INFO     |   → 733/1039 ❌ HTTP 404 — https://raw.githubusercontent.com/lcx12901/v2ray-/master/sspool.herokuapp.com/yzcloud2.yaml
2026-05-29 02:44:39,801 | INFO     |   → 734/1039: ✅ 0 взято | 🗑️ 0 мусор
2026-05-29 02:44:39,801 | INFO     |   → 735/1039 ❌ HTTP 404 — https://raw.githubusercontent.com/learnhard-cn/free_proxy_ss/main/clash/config.yaml
2026-05-29 02:44:39,801 | INFO     |   → 736/1039: ✅ 0 взято | 🗑️ 8 мусор
2026-05-29 02:44:39,801 | INFO     |   → 737/1039: ✅ 0 взято | 🗑️ 4 мусор
2026-05-29 02:44:39,801 | INFO     |   → 738/1039: ✅ 0 взято | 🗑️ 0 мусор
2026-05-29 02:44:39,801 | INFO     |   → 739/1039: ✅ 0 взято | 🗑️ 4 мусор
2026-05-29 02:44:39,801 | INFO     |   → 740/1039: ✅ 0 взято | 🗑️ 149 мусор
2026-05-29 02:44:39,801 | INFO     |   → 741/1039: ✅ 0 взято | 🗑️ 421 мусор
2026-05-29 02:44:39,801 | INFO     |   → 742/1039 ❌ HTTP 404 — https://raw.githubusercontent.com/lisylva-lee/v2dyku/main/ssr
2026-05-29 02:44:39,801 | INFO     |   → 743/1039 ❌ HTTP 404 — https://raw.githubusercontent.com/lisylva-lee/v2dyku/main/v2dy
2026-05-29 02:44:39,801 | INFO     |   → 744/1039: ✅ 0 взято | 🗑️ 53 мусор
2026-05-29 02:44:39,801 | INFO     |   → 745/1039 ❌ HTTP 404 — https://raw.githubusercontent.com/luxl-1379/merge/77247d23def72b25226dfa741614e9b07a569c72/sub/sub_merge_base64.txt
2026-05-29 02:44:39,801 | INFO     |   → 746/1039: ✅ 146 взято | 🗑️ 343 мусор
2026-05-29 02:44:39,802 | INFO     |   → 747/1039: ✅ 0 взято | 🗑️ 136 мусор
2026-05-29 02:44:39,802 | INFO     |   → 748/1039: ✅ 732 взято | 🗑️ 3582 мусор
2026-05-29 02:44:39,802 | INFO     |   → 749/1039: ✅ 0 взято | 🗑️ 0 мусор
2026-05-29 02:44:39,802 | INFO     |   → 750/1039: ✅ 0 взято | 🗑️ 3582 мусор
2026-05-29 02:44:39,802 | INFO     |   → 751/1039: ✅ 20 взято | 🗑️ 370 мусор
2026-05-29 02:44:39,802 | INFO     |   → 752/1039 ❌ HTTP 404 — https://raw.githubusercontent.com/mermeroo/Clash-V2ray/main/v2ray
2026-05-29 02:44:39,802 | INFO     |   → 753/1039: ✅ 15 взято | 🗑️ 417 мусор
2026-05-29 02:44:39,802 | INFO     |   → 754/1039: ✅ 6 взято | 🗑️ 102 мусор
2026-05-29 02:44:39,802 | INFO     |   → 755/1039: ✅ 716 взято | 🗑️ 6258 мусор
2026-05-29 02:44:39,802 | INFO     |   → 756/1039: ✅ 8 взято | 🗑️ 853 мусор
2026-05-29 02:44:39,802 | INFO     |   → 757/1039: ✅ 32 взято | 🗑️ 69 мусор
2026-05-29 02:44:39,802 | INFO     |   → 758/1039 ❌ HTTP 404 — https://raw.githubusercontent.com/mermeroo/free-v2ray-collector/main/main/mix
2026-05-29 02:44:39,802 | INFO     |   → 759/1039 ❌ HTTP 404 — https://raw.githubusercontent.com/mermeroo/free-v2ray-collector/main/main/reality
2026-05-29 02:44:39,802 | INFO     |   → 760/1039 ❌ HTTP 404 — https://raw.githubusercontent.com/mermeroo/free-v2ray-collector/main/main/shadowsocks
2026-05-29 02:44:39,802 | INFO     |   → 761/1039 ❌ HTTP 404 — https://raw.githubusercontent.com/mermeroo/free-v2ray-collector/main/main/trojan
2026-05-29 02:44:39,802 | INFO     |   → 762/1039 ❌ HTTP 404 — https://raw.githubusercontent.com/mermeroo/free-v2ray-collector/main/main/vless
2026-05-29 02:44:39,803 | INFO     |   → 763/1039 ❌ HTTP 404 — https://raw.githubusercontent.com/mermeroo/free-v2ray-collector/main/main/vmess
2026-05-29 02:44:39,803 | INFO     |   → 764/1039 ❌ HTTP 404 — https://raw.githubusercontent.com/mfuu/v2ray/master/merge/merge.txt
2026-05-29 02:44:39,803 | INFO     |   → 765/1039: ✅ 0 взято | 🗑️ 146 мусор
2026-05-29 02:44:39,803 | INFO     |   → 766/1039: ✅ 0 взято | 🗑️ 146 мусор
2026-05-29 02:44:39,803 | INFO     |   → 767/1039: ✅ 624 взято | 🗑️ 14293 мусор
2026-05-29 02:44:39,803 | INFO     |   → 768/1039: ✅ 0 взято | 🗑️ 14293 мусор
2026-05-29 02:44:39,803 | INFO     |   → 769/1039: ✅ 0 взято | 🗑️ 2892 мусор
2026-05-29 02:44:39,803 | INFO     |   → 770/1039: ✅ 0 взято | 🗑️ 1509 мусор
2026-05-29 02:44:39,803 | INFO     |   → 771/1039: ✅ 0 взято | 🗑️ 5535 мусор
2026-05-29 02:44:39,803 | INFO     |   → 772/1039: ✅ 0 взято | 🗑️ 4357 мусор
2026-05-29 02:44:39,803 | INFO     |   → 773/1039 ❌ HTTP 404 — https://raw.githubusercontent.com/mianous/qiren/main/qiren.txt
2026-05-29 02:44:39,803 | INFO     |   → 774/1039 ❌ HTTP 404 — https://raw.githubusercontent.com/miladtahanian/V2RayCFGDumper/refs/heads/main/config.txt
2026-05-29 02:44:39,803 | INFO     |   → 775/1039 ❌ HTTP 404 — https://raw.githubusercontent.com/miladtahanian/multi-proxy-config-fetcher/refs/heads/main/configs/proxy_configs.txt
2026-05-29 02:44:39,803 | INFO     |   → 776/1039: ✅ 0 взято | 🗑️ 0 мусор
2026-05-29 02:44:39,803 | INFO     |   → 777/1039: ✅ 0 взято | 🗑️ 0 мусор
2026-05-29 02:44:39,803 | INFO     |   → 778/1039: ✅ 0 взято | 🗑️ 0 мусор
2026-05-29 02:44:39,804 | INFO     |   → 779/1039: ✅ 15 взято | 🗑️ 46 мусор
2026-05-29 02:44:39,804 | INFO     |   → 780/1039: ✅ 0 взято | 🗑️ 220 мусор
2026-05-29 02:44:39,804 | INFO     |   → 781/1039: ✅ 0 взято | 🗑️ 0 мусор
2026-05-29 02:44:39,804 | INFO     |   → 782/1039: ✅ 28 взято | 🗑️ 93 мусор
2026-05-29 02:44:39,804 | INFO     |   → 783/1039: ✅ 0 взято | 🗑️ 0 мусор
2026-05-29 02:44:39,804 | INFO     |   → 784/1039: ✅ 15 взято | 🗑️ 70 мусор
2026-05-29 02:44:39,804 | INFO     |   → 785/1039: ✅ 127 взято | 🗑️ 492 мусор
2026-05-29 02:44:39,804 | INFO     |   → 786/1039: ✅ 331 взято | 🗑️ 190 мусор
2026-05-29 02:44:39,804 | INFO     |   → 787/1039: ✅ 27 взято | 🗑️ 526 мусор
2026-05-29 02:44:39,804 | INFO     |   → 788/1039 ❌ HTTP 404 — https://raw.githubusercontent.com/obscure1990/freeVM/master/snippets/nodes.yml
2026-05-29 02:44:39,804 | INFO     |   → 789/1039 ❌ HTTP 404 — https://raw.githubusercontent.com/op30mmd/things/909b38024ba14d69dc0f95c238f63bc6e930a00f/eut.txt
2026-05-29 02:44:39,804 | INFO     |   → 790/1039 ❌ HTTP 404 — https://raw.githubusercontent.com/openRunner/clash-freenode/main/v2ray.txt
2026-05-29 02:44:39,804 | INFO     |   → 791/1039 ❌ HTTP 404 — https://raw.githubusercontent.com/oslook/clash-freenode/main/clash.yaml
2026-05-29 02:44:39,804 | INFO     |   → 792/1039: ✅ 0 взято | 🗑️ 0 мусор
2026-05-29 02:44:39,804 | INFO     |   → 793/1039: ✅ 4 взято | 🗑️ 1 мусор
2026-05-29 02:44:39,804 | INFO     |   → 794/1039: ✅ 0 взято | 🗑️ 0 мусор
2026-05-29 02:44:39,805 | INFO     |   → 795/1039: ✅ 1 взято | 🗑️ 179 мусор
2026-05-29 02:44:39,805 | INFO     |   → 796/1039: ✅ 0 взято | 🗑️ 0 мусор
2026-05-29 02:44:39,805 | INFO     |   → 797/1039: ✅ 0 взято | 🗑️ 0 мусор
2026-05-29 02:44:39,805 | INFO     |   → 798/1039: ✅ 0 взято | 🗑️ 19 мусор
2026-05-29 02:44:39,805 | INFO     |   → 799/1039: ✅ 0 взято | 🗑️ 44 мусор
2026-05-29 02:44:39,805 | INFO     |   → 800/1039: ✅ 63 взято | 🗑️ 521 мусор
2026-05-29 02:44:39,805 | INFO     |   → 801/1039: ✅ 165 взято | 🗑️ 273 мусор
2026-05-29 02:44:39,805 | INFO     |   → 802/1039: ✅ 0 взято | 🗑️ 0 мусор
2026-05-29 02:44:39,805 | INFO     |   → 803/1039: ✅ 28 взято | 🗑️ 211 мусор
2026-05-29 02:44:39,805 | INFO     |   → 804/1039: ✅ 0 взято | 🗑️ 79 мусор
2026-05-29 02:44:39,805 | INFO     |   → 805/1039: ✅ 13 взято | 🗑️ 32 мусор
2026-05-29 02:44:39,805 | INFO     |   → 806/1039: ✅ 0 взято | 🗑️ 0 мусор
2026-05-29 02:44:39,805 | INFO     |   → 807/1039: ✅ 2 взято | 🗑️ 9 мусор
2026-05-29 02:44:39,805 | INFO     |   → 808/1039: ✅ 11 взято | 🗑️ 76 мусор
2026-05-29 02:44:39,805 | INFO     |   → 809/1039: ✅ 0 взято | 🗑️ 168 мусор
2026-05-29 02:44:39,805 | INFO     |   → 810/1039: ✅ 0 взято | 🗑️ 79 мусор
2026-05-29 02:44:39,806 | INFO     |   → 811/1039: ✅ 0 взято | 🗑️ 16 мусор
2026-05-29 02:44:39,806 | INFO     |   → 812/1039 ❌ HTTP 404 — https://raw.githubusercontent.com/ronghuaxueleng/get_v2/main/pub/changfengoss.yaml
2026-05-29 02:44:39,806 | INFO     |   → 813/1039: ✅ 0 взято | 🗑️ 0 мусор
2026-05-29 02:44:39,806 | INFO     |   → 814/1039: ✅ 46 взято | 🗑️ 104 мусор
2026-05-29 02:44:39,806 | INFO     |   → 815/1039: ✅ 0 взято | 🗑️ 104 мусор
2026-05-29 02:44:39,806 | INFO     |   → 816/1039 ❌ HTTP 404 — https://raw.githubusercontent.com/rxsweet/CM_Vmess/refs/heads/main/test.txt
2026-05-29 02:44:39,806 | INFO     |   → 817/1039 ❌ HTTP 404 — https://raw.githubusercontent.com/rxsweet/proxies/main/sub/free.yaml
2026-05-29 02:44:39,806 | INFO     |   → 818/1039 ❌ HTTP 404 — https://raw.githubusercontent.com/rxsweet/proxies/main/sub/rx.yaml
2026-05-29 02:44:39,806 | INFO     |   → 819/1039 ❌ HTTP 404 — https://raw.githubusercontent.com/rxsweet/proxies/main/sub/sources/dynamicAll.yaml
2026-05-29 02:44:39,806 | INFO     |   → 820/1039 ❌ HTTP 404 — https://raw.githubusercontent.com/rxsweet/proxies/main/sub/sources/miningAll.yaml
2026-05-29 02:44:39,806 | INFO     |   → 821/1039 ❌ HTTP 404 — https://raw.githubusercontent.com/rxsweet/proxies/main/sub/srx.yaml
2026-05-29 02:44:39,806 | INFO     |   → 822/1039 ❌ HTTP 404 — https://raw.githubusercontent.com/sajad-sajadi/V2ray-Collector/raw/main/output/protocols/vmess.txt
2026-05-29 02:44:39,806 | INFO     |   → 823/1039 ❌ HTTP 404 — https://raw.githubusercontent.com/sakha1370/OpenRay/raw/refs/heads/main/output/all_valid_proxies.txt
2026-05-29 02:44:39,806 | INFO     |   → 824/1039: ✅ 53 взято | 🗑️ 399 мусор
2026-05-29 02:44:39,806 | INFO     |   → 825/1039: ✅ 0 взято | 🗑️ 399 мусор
2026-05-29 02:44:39,806 | INFO     |   → 826/1039 ❌ HTTP 404 — https://raw.githubusercontent.com/samjoeyang/subscribe/main/fly
2026-05-29 02:44:39,807 | INFO     |   → 827/1039: ✅ 0 взято | 🗑️ 0 мусор
2026-05-29 02:44:39,807 | INFO     |   → 828/1039 ❌ HTTP 404 — https://raw.githubusercontent.com/sarina-ad/v2ray/main/v2ray
2026-05-29 02:44:39,807 | INFO     |   → 829/1039 ❌ HTTP 404 — https://raw.githubusercontent.com/satrom/V2SSR/master/SSR/Sub.txt
2026-05-29 02:44:39,807 | INFO     |   → 830/1039 ❌ HTTP 404 — https://raw.githubusercontent.com/satrom/V2SSR/master/V2RAY/Sub.txt
2026-05-29 02:44:39,807 | INFO     |   → 831/1039: ✅ 3578 взято | 🗑️ 81864 мусор
2026-05-29 02:44:39,807 | INFO     |   → 832/1039: ✅ 0 взято | 🗑️ 0 мусор
2026-05-29 02:44:39,807 | INFO     |   → 833/1039: ✅ 0 взято | 🗑️ 0 мусор
2026-05-29 02:44:39,807 | INFO     |   → 834/1039: ✅ 3 взято | 🗑️ 49 мусор
2026-05-29 02:44:39,807 | INFO     |   → 835/1039: ✅ 190 взято | 🗑️ 1177 мусор
2026-05-29 02:44:39,807 | INFO     |   → 836/1039: ✅ 0 взято | 🗑️ 575 мусор
2026-05-29 02:44:39,807 | INFO     |   → 837/1039: ✅ 0 взято | 🗑️ 74 мусор
2026-05-29 02:44:39,807 | INFO     |   → 838/1039: ✅ 0 взято | 🗑️ 506 мусор
2026-05-29 02:44:39,807 | INFO     |   → 839/1039: ✅ 0 взято | 🗑️ 22 мусор
2026-05-29 02:44:39,807 | INFO     |   → 840/1039: ✅ 0 взято | 🗑️ 1177 мусор
2026-05-29 02:44:39,807 | INFO     |   → 841/1039: ✅ 0 взято | 🗑️ 0 мусор
2026-05-29 02:44:39,807 | INFO     |   → 842/1039 ❌ HTTP 404 — https://raw.githubusercontent.com/shirkerboy/scp/main/sub
2026-05-29 02:44:39,808 | INFO     |   → 843/1039 ❌ HTTP 404 — https://raw.githubusercontent.com/snakem982/proxypool/main/nodelist.txt
2026-05-29 02:44:39,808 | INFO     |   → 844/1039: ✅ 1 взято | 🗑️ 14 мусор
2026-05-29 02:44:39,808 | INFO     |   → 845/1039 ❌ HTTP 404 — https://raw.githubusercontent.com/snakem982/proxypool/main/source/v2ray.txt
2026-05-29 02:44:39,808 | INFO     |   → 846/1039 ❌ HTTP 404 — https://raw.githubusercontent.com/soroushmirzaei/telegram-configs-collector/main/channels/protocols/hysteria
2026-05-29 02:44:39,808 | INFO     |   → 847/1039 ❌ HTTP 404 — https://raw.githubusercontent.com/soroushmirzaei/telegram-configs-collector/main/channels/protocols/juicity
2026-05-29 02:44:39,808 | INFO     |   → 848/1039 ❌ HTTP 404 — https://raw.githubusercontent.com/soroushmirzaei/telegram-configs-collector/main/channels/protocols/reality
2026-05-29 02:44:39,808 | INFO     |   → 849/1039 ❌ HTTP 404 — https://raw.githubusercontent.com/soroushmirzaei/telegram-configs-collector/main/channels/protocols/shadowsocks
2026-05-29 02:44:39,808 | INFO     |   → 850/1039 ❌ HTTP 404 — https://raw.githubusercontent.com/soroushmirzaei/telegram-configs-collector/main/channels/protocols/trojan
2026-05-29 02:44:39,808 | INFO     |   → 851/1039 ❌ HTTP 404 — https://raw.githubusercontent.com/soroushmirzaei/telegram-configs-collector/main/channels/protocols/tuic
2026-05-29 02:44:39,808 | INFO     |   → 852/1039 ❌ HTTP 404 — https://raw.githubusercontent.com/soroushmirzaei/telegram-configs-collector/main/channels/protocols/vless
2026-05-29 02:44:39,808 | INFO     |   → 853/1039 ❌ HTTP 404 — https://raw.githubusercontent.com/soroushmirzaei/telegram-configs-collector/main/channels/protocols/vmess
2026-05-29 02:44:39,808 | INFO     |   → 854/1039 ❌ HTTP 404 — https://raw.githubusercontent.com/soroushmirzaei/telegram-configs-collector/main/countries/jp/mixed
2026-05-29 02:44:39,808 | INFO     |   → 855/1039 ❌ HTTP 404 — https://raw.githubusercontent.com/soroushmirzaei/telegram-configs-collector/main/protocols/hysteria
2026-05-29 02:44:39,808 | INFO     |   → 856/1039 ❌ HTTP 404 — https://raw.githubusercontent.com/soroushmirzaei/telegram-configs-collector/main/protocols/juicity
2026-05-29 02:44:39,808 | INFO     |   → 857/1039 ❌ HTTP 404 — https://raw.githubusercontent.com/soroushmirzaei/telegram-configs-collector/main/protocols/reality
2026-05-29 02:44:39,808 | INFO     |   → 858/1039 ❌ HTTP 404 — https://raw.githubusercontent.com/soroushmirzaei/telegram-configs-collector/main/protocols/shadowsocks
2026-05-29 02:44:39,809 | INFO     |   → 859/1039 ❌ HTTP 404 — https://raw.githubusercontent.com/soroushmirzaei/telegram-configs-collector/main/protocols/trojan
2026-05-29 02:44:39,809 | INFO     |   → 860/1039 ❌ HTTP 404 — https://raw.githubusercontent.com/soroushmirzaei/telegram-configs-collector/main/protocols/tuic
2026-05-29 02:44:39,809 | INFO     |   → 861/1039 ❌ HTTP 404 — https://raw.githubusercontent.com/soroushmirzaei/telegram-configs-collector/main/protocols/vless
2026-05-29 02:44:39,809 | INFO     |   → 862/1039 ❌ HTTP 404 — https://raw.githubusercontent.com/soroushmirzaei/telegram-configs-collector/main/protocols/vmess
2026-05-29 02:44:39,809 | INFO     |   → 863/1039 ❌ HTTP 404 — https://raw.githubusercontent.com/soroushmirzaei/telegram-configs-collector/main/splitted/subscribe
2026-05-29 02:44:39,809 | INFO     |   → 864/1039 ❌ HTTP 404 — https://raw.githubusercontent.com/ssrsub/ssr/master/Clash.yml
2026-05-29 02:44:39,809 | INFO     |   → 865/1039 ❌ HTTP 404 — https://raw.githubusercontent.com/ssrsub/ssr/master/V2Ray
2026-05-29 02:44:39,809 | INFO     |   → 866/1039 ❌ HTTP 404 — https://raw.githubusercontent.com/ssrsub/ssr/master/ss-sub
2026-05-29 02:44:39,809 | INFO     |   → 867/1039 ❌ HTTP 404 — https://raw.githubusercontent.com/ssrsub/ssr/master/ssrsub
2026-05-29 02:44:39,809 | INFO     |   → 868/1039 ❌ HTTP 404 — https://raw.githubusercontent.com/ssrsub/ssr/master/trojan
2026-05-29 02:44:39,809 | INFO     |   → 869/1039: ✅ 0 взято | 🗑️ 0 мусор
2026-05-29 02:44:39,809 | INFO     |   → 870/1039: ✅ 2 взято | 🗑️ 12 мусор
2026-05-29 02:44:39,809 | INFO     |   → 871/1039: ✅ 0 взято | 🗑️ 13 мусор
2026-05-29 02:44:39,809 | INFO     |   → 872/1039: ✅ 0 взято | 🗑️ 13 мусор
2026-05-29 02:44:39,809 | INFO     |   → 873/1039 ❌ HTTP 404 — https://raw.githubusercontent.com/tbbatbb/Proxy/master/dist/clash.config.yaml
2026-05-29 02:44:39,809 | INFO     |   → 874/1039: ✅ 2 взято | 🗑️ 35 мусор
2026-05-29 02:44:39,810 | INFO     |   → 875/1039: ✅ 0 взято | 🗑️ 0 мусор
2026-05-29 02:44:39,810 | INFO     |   → 876/1039: ✅ 5 взято | 🗑️ 111 мусор
2026-05-29 02:44:39,810 | INFO     |   → 877/1039: ✅ 0 взято | 🗑️ 0 мусор
2026-05-29 02:44:39,810 | INFO     |   → 878/1039: ✅ 0 взято | 🗑️ 50 мусор
2026-05-29 02:44:39,810 | INFO     |   → 879/1039 ❌ HTTP 404 — https://raw.githubusercontent.com/v2clash/Autoproxy/a81f840ab2364124133572ec94e4b81fb0d4e58d/sub/2401/240104.txt
2026-05-29 02:44:39,810 | INFO     |   → 880/1039 ❌ HTTP 404 — https://raw.githubusercontent.com/v2clash/V2ray-Configs/31f493c584d0c7b56350f4a34d80c53ad82bcc18/Sub9.txt
2026-05-29 02:44:39,810 | INFO     |   → 881/1039: ✅ 0 взято | 🗑️ 0 мусор
2026-05-29 02:44:39,810 | INFO     |   → 882/1039: ✅ 0 взято | 🗑️ 0 мусор
2026-05-29 02:44:39,810 | INFO     |   → 883/1039: ✅ 0 взято | 🗑️ 0 мусор
2026-05-29 02:44:39,810 | INFO     |   → 884/1039: ✅ 283 взято | 🗑️ 9640 мусор
2026-05-29 02:44:39,810 | INFO     |   → 885/1039: ✅ 281 взято | 🗑️ 10086 мусор
2026-05-29 02:44:39,810 | INFO     |   → 886/1039: ✅ 280 взято | 🗑️ 9675 мусор
2026-05-29 02:44:39,810 | INFO     |   → 887/1039: ✅ 334 взято | 🗑️ 9823 мусор
2026-05-29 02:44:39,810 | INFO     |   → 888/1039: ✅ 350 взято | 🗑️ 9639 мусор
2026-05-29 02:44:39,810 | INFO     |   → 889/1039: ✅ 125 взято | 🗑️ 7919 мусор
2026-05-29 02:44:39,810 | INFO     |   → 890/1039: ✅ 135 взято | 🗑️ 4836 мусор
2026-05-29 02:44:39,811 | INFO     |   → 891/1039: ✅ 502 взято | 🗑️ 7659 мусор
2026-05-29 02:44:39,811 | INFO     |   → 892/1039: ✅ 631 взято | 🗑️ 8081 мусор
2026-05-29 02:44:39,811 | INFO     |   → 893/1039: ✅ 202 взято | 🗑️ 5131 мусор
2026-05-29 02:44:39,811 | INFO     |   → 894/1039 ❌ HTTP 404 — https://raw.githubusercontent.com/vveg26/chromego_merge/main/sub/merged_proxies.yaml
2026-05-29 02:44:39,811 | INFO     |   → 895/1039 ❌ HTTP 404 — https://raw.githubusercontent.com/vveg26/get_proxy/main/dist/clash.config.yaml
2026-05-29 02:44:39,811 | INFO     |   → 896/1039: ✅ 0 взято | 🗑️ 10 мусор
2026-05-29 02:44:39,811 | INFO     |   → 897/1039: ✅ 0 взято | 🗑️ 10 мусор
2026-05-29 02:44:39,811 | INFO     |   → 898/1039: ✅ 0 взято | 🗑️ 4 мусор
2026-05-29 02:44:39,811 | INFO     |   → 899/1039: ✅ 0 взято | 🗑️ 0 мусор
2026-05-29 02:44:39,811 | INFO     |   → 900/1039: ✅ 0 взято | 🗑️ 4 мусор
2026-05-29 02:44:39,811 | INFO     |   → 901/1039: ✅ 106 взято | 🗑️ 689 мусор
2026-05-29 02:44:39,811 | INFO     |   → 902/1039: ✅ 48 взято | 🗑️ 841 мусор
2026-05-29 02:44:39,811 | INFO     |   → 903/1039: ✅ 21 взято | 🗑️ 789 мусор
2026-05-29 02:44:39,811 | INFO     |   → 904/1039: ✅ 24 взято | 🗑️ 774 мусор
2026-05-29 02:44:39,811 | INFO     |   → 905/1039: ✅ 52 взято | 🗑️ 756 мусор
2026-05-29 02:44:39,812 | INFO     |   → 906/1039: ✅ 191 взято | 🗑️ 745 мусор
2026-05-29 02:44:39,812 | INFO     |   → 907/1039: ✅ 9 взято | 🗑️ 651 мусор
2026-05-29 02:44:39,812 | INFO     |   → 908/1039: ✅ 185 взято | 🗑️ 388 мусор
2026-05-29 02:44:39,812 | INFO     |   → 909/1039: ✅ 130 взято | 🗑️ 523 мусор
2026-05-29 02:44:39,812 | INFO     |   → 910/1039: ✅ 67 взято | 🗑️ 533 мусор
2026-05-29 02:44:39,812 | INFO     |   → 911/1039: ✅ 98 взято | 🗑️ 444 мусор
2026-05-29 02:44:39,812 | INFO     |   → 912/1039: ✅ 102 взято | 🗑️ 670 мусор
2026-05-29 02:44:39,812 | INFO     |   → 913/1039: ✅ 86 взято | 🗑️ 476 мусор
2026-05-29 02:44:39,812 | INFO     |   → 914/1039: ✅ 95 взято | 🗑️ 657 мусор
2026-05-29 02:44:39,812 | INFO     |   → 915/1039: ✅ 105 взято | 🗑️ 645 мусор
2026-05-29 02:44:39,812 | INFO     |   → 916/1039: ✅ 115 взято | 🗑️ 985 мусор
2026-05-29 02:44:39,812 | INFO     |   → 917/1039: ✅ 6 взято | 🗑️ 63 мусор
2026-05-29 02:44:39,812 | INFO     |   → 918/1039: ✅ 7 взято | 🗑️ 62 мусор
2026-05-29 02:44:39,812 | INFO     |   → 919/1039: ✅ 39 взято | 🗑️ 489 мусор
2026-05-29 02:44:39,812 | INFO     |   → 920/1039: ✅ 0 взято | 🗑️ 0 мусор
2026-05-29 02:44:39,812 | INFO     |   → 921/1039: ✅ 0 взято | 🗑️ 0 мусор
2026-05-29 02:44:39,812 | INFO     |   → 922/1039: ✅ 0 взято | 🗑️ 0 мусор
2026-05-29 02:44:39,813 | INFO     |   → 923/1039: ✅ 0 взято | 🗑️ 0 мусор
2026-05-29 02:44:39,813 | INFO     |   → 924/1039: ✅ 0 взято | 🗑️ 0 мусор
2026-05-29 02:44:39,813 | INFO     |   → 925/1039: ✅ 0 взято | 🗑️ 52 мусор
2026-05-29 02:44:39,813 | INFO     |   → 926/1039: ✅ 5 взято | 🗑️ 10 мусор
2026-05-29 02:44:39,813 | INFO     |   → 927/1039: ✅ 1 взято | 🗑️ 124 мусор
2026-05-29 02:44:39,813 | INFO     |   → 928/1039: ✅ 162 взято | 🗑️ 101 мусор
2026-05-29 02:44:39,813 | INFO     |   → 929/1039: ✅ 0 взято | 🗑️ 9 мусор
2026-05-29 02:44:39,813 | INFO     |   → 930/1039: ✅ 37 взято | 🗑️ 1445 мусор
2026-05-29 02:44:39,813 | INFO     |   → 931/1039 ❌ HTTP 404 — https://raw.githubusercontent.com/xiaozhu2007/xiaozhu2007/61a755a044dbaeea678bc2d1e20f21a21c6d7170/docs/fxxk.txt
2026-05-29 02:44:39,813 | INFO     |   → 932/1039: ✅ 1 взято | 🗑️ 159 мусор
2026-05-29 02:44:39,813 | INFO     |   → 933/1039: ✅ 0 взято | 🗑️ 22 мусор
2026-05-29 02:44:39,813 | INFO     |   → 934/1039: ✅ 0 взято | 🗑️ 0 мусор
2026-05-29 02:44:39,813 | INFO     |   → 935/1039 ❌ HTTP 404 — https://raw.githubusercontent.com/yebekhe/TVC/0f745f92bf381e505f1245abbc7c145b19b11503/config.txt
2026-05-29 02:44:39,813 | INFO     |   → 936/1039 ❌ HTTP 404 — https://raw.githubusercontent.com/yebekhe/TVC/9fac69239c69327fb7a61f5a8d79d107133889e1/lite/config.txt
2026-05-29 02:44:39,813 | INFO     |   → 937/1039 ❌ HTTP 404 — https://raw.githubusercontent.com/yebekhe/TelegramV2rayCollector/main/sub/normal/donated
2026-05-29 02:44:39,813 | INFO     |   → 938/1039 ❌ HTTP 404 — https://raw.githubusercontent.com/yebekhe/TelegramV2rayCollector/main/sub/normal/hysteria2
2026-05-29 02:44:39,813 | INFO     |   → 939/1039 ❌ HTTP 404 — https://raw.githubusercontent.com/yebekhe/TelegramV2rayCollector/main/sub/normal/mix
2026-05-29 02:44:39,813 | INFO     |   → 940/1039 ❌ HTTP 404 — https://raw.githubusercontent.com/yebekhe/TelegramV2rayCollector/main/sub/normal/reality
2026-05-29 02:44:39,813 | INFO     |   → 941/1039 ❌ HTTP 404 — https://raw.githubusercontent.com/yebekhe/TelegramV2rayCollector/main/sub/normal/shadowsocks
2026-05-29 02:44:39,813 | INFO     |   → 942/1039 ❌ HTTP 404 — https://raw.githubusercontent.com/yebekhe/TelegramV2rayCollector/main/sub/normal/trojan
2026-05-29 02:44:39,814 | INFO     |   → 943/1039 ❌ HTTP 404 — https://raw.githubusercontent.com/yebekhe/TelegramV2rayCollector/main/sub/normal/tuic
2026-05-29 02:44:39,814 | INFO     |   → 944/1039 ❌ HTTP 404 — https://raw.githubusercontent.com/yebekhe/TelegramV2rayCollector/main/sub/normal/vless
2026-05-29 02:44:39,814 | INFO     |   → 945/1039 ❌ HTTP 404 — https://raw.githubusercontent.com/yebekhe/TelegramV2rayCollector/main/sub/normal/vmess
2026-05-29 02:44:39,814 | INFO     |   → 946/1039 ❌ HTTP 404 — https://raw.githubusercontent.com/yebekhe/V2Hub/main/Split/Normal/shadowsocks
2026-05-29 02:44:39,814 | INFO     |   → 947/1039 ❌ HTTP 404 — https://raw.githubusercontent.com/yebekhe/V2Hub/main/merged
2026-05-29 02:44:39,814 | INFO     |   → 948/1039: ✅ 0 взято | 🗑️ 30 мусор
2026-05-29 02:44:39,814 | INFO     |   → 949/1039: ✅ 988 взято | 🗑️ 8162 мусор
2026-05-29 02:44:39,814 | INFO     |   → 950/1039: ✅ 26 взято | 🗑️ 818 мусор
2026-05-29 02:44:39,814 | INFO     |   → 951/1039: ✅ 10 взято | 🗑️ 315 мусор
2026-05-29 02:44:39,814 | INFO     |   → 952/1039: ✅ 295 взято | 🗑️ 310 мусор
2026-05-29 02:44:39,814 | INFO     |   → 953/1039: ✅ 112 взято | 🗑️ 1468 мусор
2026-05-29 02:44:39,814 | INFO     |   → 954/1039: ✅ 2 взято | 🗑️ 406 мусор
2026-05-29 02:44:39,814 | INFO     |   → 955/1039 ❌ HTTP 404 — https://raw.githubusercontent.com/yyyr-otz/tele-providers-collector/019cb3e07ee52fddbc7caa54fc670c6b9bae6539/sub/proxies.txt
2026-05-29 02:44:39,814 | INFO     |   → 956/1039 ❌ HTTP 404 — https://raw.githubusercontent.com/yyyr-otz/tele-providers-collector/b7a74ee98bcf02c5a507d688a1bed3aa9f7f4ed1/script/raw/protocols/mixed.txt
2026-05-29 02:44:39,814 | INFO     |   → 957/1039: ✅ 0 взято | 🗑️ 0 мусор
2026-05-29 02:44:39,814 | INFO     |   → 958/1039: ✅ 0 взято | 🗑️ 0 мусор
2026-05-29 02:44:39,814 | INFO     |   → 959/1039: ✅ 1 взято | 🗑️ 18 мусор
2026-05-29 02:44:39,814 | INFO     |   → 960/1039: ✅ 0 взято | 🗑️ 27 мусор
2026-05-29 02:44:39,814 | INFO     |   → 961/1039: ✅ 0 взято | 🗑️ 5 мусор
2026-05-29 02:44:39,814 | INFO     |   → 962/1039: ✅ 0 взято | 🗑️ 0 мусор
2026-05-29 02:44:39,814 | INFO     |   → 963/1039 ⚠️ Ошибка: ('Connection aborted.', RemoteDisconnected('Remote end closed connection without response')) — https://sub.pmsub.me/clash.yaml
2026-05-29 02:44:39,815 | INFO     |   → 964/1039: ✅ 0 взято | 🗑️ 1 мусор
2026-05-29 02:44:39,815 | INFO     |   → 965/1039: ✅ 8 взято | 🗑️ 21 мусор
2026-05-29 02:44:39,815 | INFO     |   → 966/1039: ✅ 0 взято | 🗑️ 0 мусор
2026-05-29 02:44:39,815 | INFO     |   → 967/1039: ✅ 9 взято | 🗑️ 19 мусор
2026-05-29 02:44:39,815 | INFO     |   → 968/1039: ✅ 0 взято | 🗑️ 0 мусор
2026-05-29 02:44:39,815 | INFO     |   → 969/1039: ✅ 2 взято | 🗑️ 14 мусор
2026-05-29 02:44:39,815 | INFO     |   → 970/1039: ✅ 4 взято | 🗑️ 22 мусор
2026-05-29 02:44:39,815 | INFO     |   → 971/1039: ✅ 0 взято | 🗑️ 0 мусор
2026-05-29 02:44:39,815 | INFO     |   → 972/1039: ✅ 0 взято | 🗑️ 0 мусор
2026-05-29 02:44:39,815 | INFO     |   → 973/1039: ✅ 0 взято | 🗑️ 0 мусор
2026-05-29 02:44:39,815 | INFO     |   → 974/1039: ✅ 2 взято | 🗑️ 16 мусор
2026-05-29 02:44:39,815 | INFO     |   → 975/1039: ✅ 0 взято | 🗑️ 0 мусор
2026-05-29 02:44:39,815 | INFO     |   → 976/1039: ✅ 4 взято | 🗑️ 7 мусор
2026-05-29 02:44:39,815 | INFO     |   → 977/1039: ✅ 0 взято | 🗑️ 0 мусор
2026-05-29 02:44:39,815 | INFO     |   → 978/1039: ✅ 6 взято | 🗑️ 14 мусор
2026-05-29 02:44:39,815 | INFO     |   → 979/1039: ✅ 0 взято | 🗑️ 0 мусор
2026-05-29 02:44:39,815 | INFO     |   → 980/1039: ✅ 2 взято | 🗑️ 13 мусор
2026-05-29 02:44:39,815 | INFO     |   → 981/1039: ✅ 0 взято | 🗑️ 0 мусор
2026-05-29 02:44:39,815 | INFO     |   → 982/1039: ✅ 0 взято | 🗑️ 0 мусор
2026-05-29 02:44:39,815 | INFO     |   → 983/1039: ✅ 2 взято | 🗑️ 7 мусор
2026-05-29 02:44:39,815 | INFO     |   → 984/1039: ✅ 1 взято | 🗑️ 14 мусор
2026-05-29 02:44:39,815 | INFO     |   → 985/1039: ✅ 2 взято | 🗑️ 14 мусор
2026-05-29 02:44:39,815 | INFO     |   → 986/1039: ✅ 0 взято | 🗑️ 0 мусор
2026-05-29 02:44:39,815 | INFO     |   → 987/1039: ✅ 3 взято | 🗑️ 22 мусор
2026-05-29 02:44:39,815 | INFO     |   → 988/1039: ✅ 0 взято | 🗑️ 0 мусор
2026-05-29 02:44:39,815 | INFO     |   → 989/1039: ✅ 2 взято | 🗑️ 15 мусор
2026-05-29 02:44:39,815 | INFO     |   → 990/1039: ✅ 3 взято | 🗑️ 12 мусор
2026-05-29 02:44:39,815 | INFO     |   → 991/1039: ✅ 0 взято | 🗑️ 0 мусор
2026-05-29 02:44:39,815 | INFO     |   → 992/1039: ✅ 0 взято | 🗑️ 0 мусор
2026-05-29 02:44:39,815 | INFO     |   → 993/1039: ✅ 0 взято | 🗑️ 0 мусор
2026-05-29 02:44:39,815 | INFO     |   → 994/1039: ✅ 4 взято | 🗑️ 11 мусор
2026-05-29 02:44:39,816 | INFO     |   → 995/1039: ✅ 10 взято | 🗑️ 15 мусор
2026-05-29 02:44:39,816 | INFO     |   → 996/1039: ✅ 0 взято | 🗑️ 0 мусор
2026-05-29 02:44:39,816 | INFO     |   → 997/1039: ✅ 13 взято | 🗑️ 15 мусор
2026-05-29 02:44:39,816 | INFO     |   → 998/1039: ✅ 0 взято | 🗑️ 0 мусор
2026-05-29 02:44:39,816 | INFO     |   → 999/1039: ✅ 5 взято | 🗑️ 15 мусор
2026-05-29 02:44:39,816 | INFO     |   → 1000/1039: ✅ 0 взято | 🗑️ 0 мусор
2026-05-29 02:44:39,816 | INFO     |   → 1001/1039: ✅ 8 взято | 🗑️ 16 мусор
2026-05-29 02:44:39,816 | INFO     |   → 1002/1039: ✅ 0 взято | 🗑️ 0 мусор
2026-05-29 02:44:39,816 | INFO     |   → 1003/1039: ✅ 0 взято | 🗑️ 24 мусор
2026-05-29 02:44:39,816 | INFO     |   → 1004/1039: ✅ 0 взято | 🗑️ 0 мусор
2026-05-29 02:44:39,816 | INFO     |   → 1005/1039: ✅ 4 взято | 🗑️ 17 мусор
2026-05-29 02:44:39,816 | INFO     |   → 1006/1039: ✅ 0 взято | 🗑️ 0 мусор
2026-05-29 02:44:39,816 | INFO     |   → 1007/1039: ✅ 12 взято | 🗑️ 18 мусор
2026-05-29 02:44:39,816 | INFO     |   → 1008/1039: ✅ 0 взято | 🗑️ 0 мусор
2026-05-29 02:44:39,816 | INFO     |   → 1009/1039: ✅ 2 взято | 🗑️ 17 мусор
2026-05-29 02:44:39,816 | INFO     |   → 1010/1039: ✅ 0 взято | 🗑️ 0 мусор
2026-05-29 02:44:39,816 | INFO     |   → 1011/1039: ✅ 1 взято | 🗑️ 27 мусор
2026-05-29 02:44:39,816 | INFO     |   → 1012/1039: ✅ 0 взято | 🗑️ 0 мусор
2026-05-29 02:44:39,816 | INFO     |   → 1013/1039: ✅ 4 взято | 🗑️ 15 мусор
2026-05-29 02:44:39,816 | INFO     |   → 1014/1039: ✅ 0 взято | 🗑️ 0 мусор
2026-05-29 02:44:39,816 | INFO     |   → 1015/1039: ✅ 4 взято | 🗑️ 26 мусор
2026-05-29 02:44:39,816 | INFO     |   → 1016/1039: ✅ 0 взято | 🗑️ 0 мусор
2026-05-29 02:44:39,816 | INFO     |   → 1017/1039: ✅ 3 взято | 🗑️ 21 мусор
2026-05-29 02:44:39,816 | INFO     |   → 1018/1039: ✅ 0 взято | 🗑️ 0 мусор
2026-05-29 02:44:39,816 | INFO     |   → 1019/1039: ✅ 8 взято | 🗑️ 12 мусор
2026-05-29 02:44:39,816 | INFO     |   → 1020/1039: ✅ 0 взято | 🗑️ 0 мусор
2026-05-29 02:44:39,816 | INFO     |   → 1021/1039: ✅ 8 взято | 🗑️ 15 мусор
2026-05-29 02:44:39,816 | INFO     |   → 1022/1039: ✅ 0 взято | 🗑️ 0 мусор
2026-05-29 02:44:39,816 | INFO     |   → 1023/1039: ✅ 10 взято | 🗑️ 14 мусор
2026-05-29 02:44:39,817 | INFO     |   → 1024/1039: ✅ 0 взято | 🗑️ 0 мусор
2026-05-29 02:44:39,817 | INFO     |   → 1025/1039: ✅ 5 взято | 🗑️ 18 мусор
2026-05-29 02:44:39,817 | INFO     |   → 1026/1039: ✅ 0 взято | 🗑️ 0 мусор
2026-05-29 02:44:39,817 | INFO     |   → 1027/1039: ✅ 5 взято | 🗑️ 22 мусор
2026-05-29 02:44:39,817 | INFO     |   → 1028/1039: ✅ 0 взято | 🗑️ 0 мусор
2026-05-29 02:44:39,817 | INFO     |   → 1029/1039: ✅ 5 взято | 🗑️ 18 мусор
2026-05-29 02:44:39,817 | INFO     |   → 1030/1039: ✅ 0 взято | 🗑️ 0 мусор
2026-05-29 02:44:39,817 | INFO     |   → 1031/1039: ✅ 1 взято | 🗑️ 23 мусор
2026-05-29 02:44:39,817 | INFO     |   → 1032/1039: ✅ 0 взято | 🗑️ 0 мусор
2026-05-29 02:44:39,817 | INFO     |   → 1033/1039: ✅ 6 взято | 🗑️ 18 мусор
2026-05-29 02:44:39,817 | INFO     |   → 1034/1039: ✅ 0 взято | 🗑️ 0 мусор
2026-05-29 02:44:39,817 | INFO     |   → 1035/1039: ✅ 18 взято | 🗑️ 7 мусор
2026-05-29 02:44:39,817 | INFO     |   → 1036/1039: ✅ 0 взято | 🗑️ 0 мусор
2026-05-29 02:44:39,817 | INFO     |   → 1037/1039: ✅ 4 взято | 🗑️ 17 мусор
2026-05-29 02:44:39,817 | INFO     |   → 1038/1039: ✅ 0 взято | 🗑️ 0 мусор
2026-05-29 02:44:39,817 | INFO     |   → 1039/1039: ✅ 0 взято | 🗑️ 46 мусор
2026-05-29 02:44:39,818 | INFO     |   → ✅ ГОТОВО!
2026-05-29 02:44:39,818 | INFO     |   →    📥 Всего ключей после фильтра: 25714
2026-05-29 02:44:39,818 | INFO     |   →    🔗 Уникальных IP:PORT:SCHEME: 11108
2026-05-29 02:44:39,818 | INFO     |   →    🗑️ Выброшено мусора: 462088
2026-05-29 02:44:39,818 | INFO     |   → 📊 По протоколам:
2026-05-29 02:44:39,818 | INFO     |   →    vless: 4207
2026-05-29 02:44:39,818 | INFO     |   →    vmess: 3465
2026-05-29 02:44:39,818 | INFO     |   →    trojan: 1340
2026-05-29 02:44:39,818 | INFO     |   →    ss: 1942
2026-05-29 02:44:39,818 | INFO     |   →    hysteria: 13
2026-05-29 02:44:39,818 | INFO     |   →    hysteria2: 30
2026-05-29 02:44:39,818 | INFO     |   →    hy2: 59
2026-05-29 02:44:39,818 | INFO     |   →    tuic: 52
2026-05-29 02:44:39,818 | INFO     | ✅ mirror.py завершён успешно
2026-05-29 02:44:39,818 | INFO     | 
2026-05-29 02:44:39,818 | INFO     | 
2026-05-29 02:44:39,819 | INFO     | ──────────────────────────────────────────────────────────────────────
2026-05-29 02:44:39,819 | INFO     | 📌 ЭТАП: Фильтрация по реальному SNI
2026-05-29 02:44:39,819 | INFO     | ──────────────────────────────────────────────────────────────────────
2026-05-29 02:44:39,819 | INFO     | 🚀 Запуск filter_ru_sni.py (Фильтр по реальному SNI (CDN+RU))...
2026-05-29 02:44:40,092 | INFO     |   → hy2.txt: 59 → 19 (SNI-filtered)
2026-05-29 02:44:40,092 | INFO     |   →   hysteria.txt: 13 → 0 (SNI-filtered)
2026-05-29 02:44:40,092 | INFO     |   →   hysteria2.txt: 30 → 4 (SNI-filtered)
2026-05-29 02:44:40,092 | INFO     |   →   ss.txt: 1942 → 0 (SNI-filtered)
2026-05-29 02:44:40,092 | INFO     |   →   trojan.txt: 1340 → 5 (SNI-filtered)
2026-05-29 02:44:40,092 | INFO     |   →   tuic.txt: 52 → 0 (SNI-filtered)
2026-05-29 02:44:40,092 | INFO     |   →   vless.txt: 4207 → 617 (SNI-filtered)
2026-05-29 02:44:40,092 | INFO     |   →   vmess.txt: 3465 → 37 (SNI-filtered)
2026-05-29 02:44:40,092 | INFO     |   → ==================================================
2026-05-29 02:44:40,092 | INFO     |   →   Всего входных:  11108
2026-05-29 02:44:40,092 | INFO     |   →   Прошли фильтр:  682
2026-05-29 02:44:40,092 | INFO     |   →   Отброшено:      10426
2026-05-29 02:44:40,092 | INFO     |   → ==================================================
2026-05-29 02:44:40,092 | INFO     |   → Готово → /home/runner/work/vpn-vless-configs-russia/vpn-vless-configs-russia/githubmirror/ru-sni
2026-05-29 02:44:40,092 | INFO     | ✅ filter_ru_sni.py завершён успешно
2026-05-29 02:44:40,092 | INFO     | 
2026-05-29 02:44:40,092 | INFO     | 
2026-05-29 02:44:40,093 | INFO     | ──────────────────────────────────────────────────────────────────────
2026-05-29 02:44:40,093 | INFO     | 📌 ЭТАП: Экспериментальный RU-SNI фильтр
2026-05-29 02:44:40,093 | INFO     | ──────────────────────────────────────────────────────────────────────
2026-05-29 02:44:40,093 | INFO     | 🚀 Запуск filter_ru_sni_local.py (Экспериментальный фильтр по RU-SNI (локальные домены))...
2026-05-29 02:44:40,274 | INFO     |   → hy2.txt: 59 → 0 (RU-SNI)
2026-05-29 02:44:40,274 | INFO     |   → hysteria.txt: 13 → 0 (RU-SNI)
2026-05-29 02:44:40,274 | INFO     |   → hysteria2.txt: 30 → 0 (RU-SNI)
2026-05-29 02:44:40,274 | INFO     |   → ss.txt: 1942 → 0 (RU-SNI)
2026-05-29 02:44:40,274 | INFO     |   → trojan.txt: 1340 → 0 (RU-SNI)
2026-05-29 02:44:40,274 | INFO     |   → tuic.txt: 52 → 0 (RU-SNI)
2026-05-29 02:44:40,274 | INFO     |   → vless.txt: 4207 → 188 (RU-SNI)
2026-05-29 02:44:40,274 | INFO     |   → vmess.txt: 3465 → 0 (RU-SNI)
2026-05-29 02:44:40,274 | INFO     |   → ==================================================
2026-05-29 02:44:40,274 | INFO     |   → Всего входных:  11108
2026-05-29 02:44:40,274 | INFO     |   → Прошли RU-SNI:  188
2026-05-29 02:44:40,274 | INFO     |   → Отброшено:      10920
2026-05-29 02:44:40,275 | INFO     |   → ==================================================
2026-05-29 02:44:40,275 | INFO     |   → Готово → /home/runner/work/vpn-vless-configs-russia/vpn-vless-configs-russia/githubmirror/ru-sni-local
2026-05-29 02:44:40,275 | INFO     | ✅ filter_ru_sni_local.py завершён успешно
2026-05-29 02:44:40,275 | INFO     | 
2026-05-29 02:44:40,275 | INFO     | 
2026-05-29 02:44:40,275 | INFO     | ──────────────────────────────────────────────────────────────────────
2026-05-29 02:44:40,275 | INFO     | 📌 ЭТАП: Сбор статистики
2026-05-29 02:44:40,275 | INFO     | ──────────────────────────────────────────────────────────────────────
2026-05-29 02:44:40,275 | INFO     | 📊 Сбор статистики...
2026-05-29 02:44:40,275 | INFO     |   📁 githubmirror/clean:
2026-05-29 02:44:40,275 | INFO     |     • hy2         :    59 конфигов
2026-05-29 02:44:40,276 | INFO     |     • hysteria    :    13 конфигов
2026-05-29 02:44:40,276 | INFO     |     • hysteria2   :    30 конфигов
2026-05-29 02:44:40,277 | INFO     |     • ss          :  1942 конфигов
2026-05-29 02:44:40,278 | INFO     |     • trojan      :  1340 конфигов
2026-05-29 02:44:40,279 | INFO     |     • tuic        :    52 конфигов
2026-05-29 02:44:40,283 | INFO     |     • vless       :  4207 конфигов
2026-05-29 02:44:40,285 | INFO     |     • vmess       :  3465 конфигов
2026-05-29 02:44:40,285 | INFO     |   📁 githubmirror/ru-sni:
2026-05-29 02:44:40,286 | INFO     |     • hy2         :    19 конфигов ( 32.2% от clean)
2026-05-29 02:44:40,286 | INFO     |     • hysteria    :     0 конфигов (  0.0% от clean)
2026-05-29 02:44:40,286 | INFO     |     • hysteria2   :     4 конфигов ( 13.3% от clean)
2026-05-29 02:44:40,286 | INFO     |     • ss          :     0 конфигов (  0.0% от clean)
2026-05-29 02:44:40,286 | INFO     |     • trojan      :     5 конфигов (  0.4% от clean)
2026-05-29 02:44:40,286 | INFO     |     • tuic        :     0 конфигов (  0.0% от clean)
2026-05-29 02:44:40,287 | INFO     |     • vless       :   617 конфигов ( 14.7% от clean)
2026-05-29 02:44:40,288 | INFO     |     • vmess       :    37 конфигов (  1.1% от clean)
2026-05-29 02:44:40,288 | INFO     | 
2026-05-29 02:44:40,288 | INFO     |   ──────────────────────────────────────────────────
2026-05-29 02:44:40,288 | INFO     |   📈 ИТОГО:
2026-05-29 02:44:40,288 | INFO     |     Clean (после geo-фильтра):    11108
2026-05-29 02:44:40,288 | INFO     |     RU-SNI (после SNI-фильтра):     682
2026-05-29 02:44:40,288 | INFO     |     Прошло фильтр:                  6.1%
2026-05-29 02:44:40,288 | INFO     |   ──────────────────────────────────────────────────
2026-05-29 02:44:40,288 | INFO     | ✅ Статистика сохранена: /home/runner/work/vpn-vless-configs-russia/vpn-vless-configs-russia/stats.json
2026-05-29 02:44:40,288 | INFO     | 
2026-05-29 02:44:40,288 | INFO     | ======================================================================
2026-05-29 02:44:40,288 | INFO     | 📊 ИТОГОВЫЙ ОТЧЁТ
2026-05-29 02:44:40,288 | INFO     | ======================================================================
2026-05-29 02:44:40,288 | INFO     |   ✅ OK         | Загрузка и geo-фильтрация
2026-05-29 02:44:40,289 | INFO     |   ✅ OK         | Фильтрация по реальному SNI
2026-05-29 02:44:40,289 | INFO     |   ✅ OK         | Экспериментальный RU-SNI фильтр
2026-05-29 02:44:40,289 | INFO     |   ✅ OK         | Сбор статистики
2026-05-29 02:44:40,289 | INFO     | ──────────────────────────────────────────────────────────────────────
2026-05-29 02:44:40,289 | INFO     | ✅ ВСЕ ЭТАПЫ УСПЕШНЫ (4/4)
2026-05-29 02:44:40,289 | INFO     | ⏰ Время завершения: 2026-05-29 02:44:40
2026-05-29 02:44:40,289 | INFO     | ======================================================================
