2026-06-19 14:54:26,646 | INFO     | ======================================================================
2026-06-19 14:54:26,646 | INFO     | 🔍 VPN KEY CHECKER - Начало проверки
2026-06-19 14:54:26,646 | INFO     | ⏰ Время старта: 2026-06-19 14:54:26
2026-06-19 14:54:26,646 | INFO     | 📂 Рабочая директория: /home/runner/work/vpn-vless-configs-russia/vpn-vless-configs-russia
2026-06-19 14:54:26,646 | INFO     | ======================================================================
2026-06-19 14:54:26,646 | INFO     | 
2026-06-19 14:54:26,646 | INFO     | 🔍 Проверка наличия скриптов...
2026-06-19 14:54:26,646 | INFO     |   ✅ mirror.py
2026-06-19 14:54:26,646 | INFO     |   ✅ filter_ru_sni.py
2026-06-19 14:54:26,646 | INFO     |   ✅ filter_ru_sni_local.py
2026-06-19 14:54:26,647 | INFO     | 
2026-06-19 14:54:26,647 | INFO     | 
2026-06-19 14:54:26,647 | INFO     | ──────────────────────────────────────────────────────────────────────
2026-06-19 14:54:26,647 | INFO     | 📌 ЭТАП: Загрузка и geo-фильтрация
2026-06-19 14:54:26,647 | INFO     | ──────────────────────────────────────────────────────────────────────
2026-06-19 14:54:26,647 | INFO     | 🚀 Запуск mirror.py (Загрузка и фильтрация по РФ/СНГ/Европа)...
2026-06-19 15:00:10,456 | INFO     |   → 🚀 Старт: всего источников (старые + новые): 1241
2026-06-19 15:00:10,456 | INFO     |   → 1/1241: ✅ 13 взято | 🗑️ 242 мусор
2026-06-19 15:00:10,456 | INFO     |   → 2/1241: ✅ 0 взято | 🗑️ 0 мусор
2026-06-19 15:00:10,456 | INFO     |   → 3/1241 ❌ HTTP 404 — https://bitbucket.org/huwo1/proxy_nodes/raw/f31ca9ec67b84071515729ff45b011b6b09c10f2/clash.yaml
2026-06-19 15:00:10,456 | INFO     |   → 4/1241 ❌ HTTP 404 — https://cdn.jsdelivr.net/gh/cry0ice/genode@main/public/all.txt
2026-06-19 15:00:10,456 | INFO     |   → 5/1241 ❌ HTTP 404 — https://cdn.jsdelivr.net/gh/cry0ice/genode@main/public/ss.txt
2026-06-19 15:00:10,456 | INFO     |   → 6/1241 ❌ HTTP 404 — https://cdn.jsdelivr.net/gh/cry0ice/genode@main/public/ssr.txt
2026-06-19 15:00:10,456 | INFO     |   → 7/1241 ❌ HTTP 404 — https://cdn.jsdelivr.net/gh/cry0ice/genode@main/public/trojan.txt
2026-06-19 15:00:10,456 | INFO     |   → 8/1241 ❌ HTTP 404 — https://cdn.jsdelivr.net/gh/cry0ice/genode@main/public/vless.txt
2026-06-19 15:00:10,456 | INFO     |   → 9/1241 ❌ HTTP 404 — https://cdn.jsdelivr.net/gh/cry0ice/genode@main/public/vmess.txt
2026-06-19 15:00:10,456 | INFO     |   → 10/1241: ✅ 0 взято | 🗑️ 0 мусор
2026-06-19 15:00:10,456 | INFO     |   → 11/1241: ✅ 0 взято | 🗑️ 0 мусор
2026-06-19 15:00:10,456 | INFO     |   → 12/1241: ✅ 0 взято | 🗑️ 0 мусор
2026-06-19 15:00:10,456 | INFO     |   → 13/1241: ✅ 0 взято | 🗑️ 0 мусор
2026-06-19 15:00:10,457 | INFO     |   → 14/1241: ✅ 0 взято | 🗑️ 0 мусор
2026-06-19 15:00:10,457 | INFO     |   → 15/1241: ✅ 0 взято | 🗑️ 0 мусор
2026-06-19 15:00:10,457 | INFO     |   → 16/1241: ✅ 0 взято | 🗑️ 0 мусор
2026-06-19 15:00:10,457 | INFO     |   → 17/1241: ✅ 0 взято | 🗑️ 0 мусор
2026-06-19 15:00:10,457 | INFO     |   → 18/1241: ✅ 0 взято | 🗑️ 0 мусор
2026-06-19 15:00:10,457 | INFO     |   → 19/1241: ✅ 0 взято | 🗑️ 0 мусор
2026-06-19 15:00:10,457 | INFO     |   → 20/1241: ✅ 0 взято | 🗑️ 0 мусор
2026-06-19 15:00:10,457 | INFO     |   → 21/1241: ✅ 0 взято | 🗑️ 0 мусор
2026-06-19 15:00:10,457 | INFO     |   → 22/1241: ✅ 0 взято | 🗑️ 0 мусор
2026-06-19 15:00:10,457 | INFO     |   → 23/1241: ✅ 0 взято | 🗑️ 0 мусор
2026-06-19 15:00:10,457 | INFO     |   → 24/1241: ✅ 0 взято | 🗑️ 0 мусор
2026-06-19 15:00:10,457 | INFO     |   → 25/1241: ✅ 0 взято | 🗑️ 0 мусор
2026-06-19 15:00:10,457 | INFO     |   → 26/1241: ✅ 0 взято | 🗑️ 0 мусор
2026-06-19 15:00:10,457 | INFO     |   → 27/1241: ✅ 0 взято | 🗑️ 0 мусор
2026-06-19 15:00:10,457 | INFO     |   → 28/1241: ✅ 0 взято | 🗑️ 0 мусор
2026-06-19 15:00:10,457 | INFO     |   → 29/1241: ✅ 0 взято | 🗑️ 0 мусор
2026-06-19 15:00:10,457 | INFO     |   → 30/1241: ✅ 0 взято | 🗑️ 0 мусор
2026-06-19 15:00:10,457 | INFO     |   → 31/1241: ✅ 0 взято | 🗑️ 0 мусор
2026-06-19 15:00:10,457 | INFO     |   → 32/1241: ✅ 0 взято | 🗑️ 0 мусор
2026-06-19 15:00:10,457 | INFO     |   → 33/1241: ✅ 0 взято | 🗑️ 0 мусор
2026-06-19 15:00:10,457 | INFO     |   → 34/1241: ✅ 0 взято | 🗑️ 0 мусор
2026-06-19 15:00:10,457 | INFO     |   → 35/1241: ✅ 0 взято | 🗑️ 0 мусор
2026-06-19 15:00:10,457 | INFO     |   → 36/1241: ✅ 0 взято | 🗑️ 0 мусор
2026-06-19 15:00:10,457 | INFO     |   → 37/1241: ✅ 0 взято | 🗑️ 0 мусор
2026-06-19 15:00:10,457 | INFO     |   → 38/1241: ✅ 0 взято | 🗑️ 0 мусор
2026-06-19 15:00:10,457 | INFO     |   → 39/1241: ✅ 0 взято | 🗑️ 0 мусор
2026-06-19 15:00:10,457 | INFO     |   → 40/1241: ✅ 0 взято | 🗑️ 0 мусор
2026-06-19 15:00:10,457 | INFO     |   → 41/1241: ✅ 0 взято | 🗑️ 0 мусор
2026-06-19 15:00:10,457 | INFO     |   → 42/1241: ✅ 0 взято | 🗑️ 0 мусор
2026-06-19 15:00:10,457 | INFO     |   → 43/1241: ✅ 0 взято | 🗑️ 0 мусор
2026-06-19 15:00:10,458 | INFO     |   → 44/1241: ✅ 0 взято | 🗑️ 0 мусор
2026-06-19 15:00:10,458 | INFO     |   → 45/1241: ✅ 0 взято | 🗑️ 0 мусор
2026-06-19 15:00:10,458 | INFO     |   → 46/1241: ✅ 0 взято | 🗑️ 0 мусор
2026-06-19 15:00:10,458 | INFO     |   → 47/1241: ✅ 0 взято | 🗑️ 0 мусор
2026-06-19 15:00:10,458 | INFO     |   → 48/1241: ✅ 0 взято | 🗑️ 0 мусор
2026-06-19 15:00:10,458 | INFO     |   → 49/1241: ✅ 0 взято | 🗑️ 0 мусор
2026-06-19 15:00:10,458 | INFO     |   → 50/1241: ✅ 0 взято | 🗑️ 0 мусор
2026-06-19 15:00:10,458 | INFO     |   → 51/1241: ✅ 0 взято | 🗑️ 0 мусор
2026-06-19 15:00:10,458 | INFO     |   → 52/1241: ✅ 0 взято | 🗑️ 0 мусор
2026-06-19 15:00:10,458 | INFO     |   → 53/1241: ✅ 0 взято | 🗑️ 0 мусор
2026-06-19 15:00:10,458 | INFO     |   → 54/1241: ✅ 0 взято | 🗑️ 0 мусор
2026-06-19 15:00:10,458 | INFO     |   → 55/1241: ✅ 0 взято | 🗑️ 0 мусор
2026-06-19 15:00:10,458 | INFO     |   → 56/1241 ⚠️ Ошибка: HTTPSConnectionPool(host='free.datiya.com', port=443): Read timed out. (read timeout=15) — https://free.datiya.com/uploads/20260502-clash.yaml
2026-06-19 15:00:10,458 | INFO     |   → 57/1241: ✅ 0 взято | 🗑️ 0 мусор
2026-06-19 15:00:10,458 | INFO     |   → 58/1241 ⚠️ Ошибка: HTTPSConnectionPool(host='free.datiya.com', port=443): Read timed out. (read timeout=15) — https://free.datiya.com/uploads/20260503-clash.yaml
2026-06-19 15:00:10,458 | INFO     |   → 59/1241: ✅ 0 взято | 🗑️ 0 мусор
2026-06-19 15:00:10,458 | INFO     |   → 60/1241: ✅ 0 взято | 🗑️ 0 мусор
2026-06-19 15:00:10,458 | INFO     |   → 61/1241: ✅ 0 взято | 🗑️ 0 мусор
2026-06-19 15:00:10,458 | INFO     |   → 62/1241: ✅ 0 взято | 🗑️ 0 мусор
2026-06-19 15:00:10,458 | INFO     |   → 63/1241: ✅ 0 взято | 🗑️ 0 мусор
2026-06-19 15:00:10,458 | INFO     |   → 64/1241: ✅ 0 взято | 🗑️ 0 мусор
2026-06-19 15:00:10,458 | INFO     |   → 65/1241: ✅ 0 взято | 🗑️ 0 мусор
2026-06-19 15:00:10,458 | INFO     |   → 66/1241: ✅ 0 взято | 🗑️ 0 мусор
2026-06-19 15:00:10,458 | INFO     |   → 67/1241: ✅ 0 взято | 🗑️ 0 мусор
2026-06-19 15:00:10,458 | INFO     |   → 68/1241: ✅ 0 взято | 🗑️ 0 мусор
2026-06-19 15:00:10,458 | INFO     |   → 69/1241: ✅ 0 взято | 🗑️ 0 мусор
2026-06-19 15:00:10,458 | INFO     |   → 70/1241: ✅ 0 взято | 🗑️ 0 мусор
2026-06-19 15:00:10,458 | INFO     |   → 71/1241: ✅ 0 взято | 🗑️ 0 мусор
2026-06-19 15:00:10,458 | INFO     |   → 72/1241: ✅ 0 взято | 🗑️ 0 мусор
2026-06-19 15:00:10,458 | INFO     |   → 73/1241: ✅ 0 взято | 🗑️ 0 мусор
2026-06-19 15:00:10,458 | INFO     |   → 74/1241: ✅ 0 взято | 🗑️ 0 мусор
2026-06-19 15:00:10,458 | INFO     |   → 75/1241: ✅ 0 взято | 🗑️ 0 мусор
2026-06-19 15:00:10,459 | INFO     |   → 76/1241: ✅ 0 взято | 🗑️ 0 мусор
2026-06-19 15:00:10,459 | INFO     |   → 77/1241: ✅ 0 взято | 🗑️ 0 мусор
2026-06-19 15:00:10,459 | INFO     |   → 78/1241: ✅ 0 взято | 🗑️ 0 мусор
2026-06-19 15:00:10,459 | INFO     |   → 79/1241: ✅ 0 взято | 🗑️ 0 мусор
2026-06-19 15:00:10,459 | INFO     |   → 80/1241: ✅ 0 взято | 🗑️ 0 мусор
2026-06-19 15:00:10,459 | INFO     |   → 81/1241: ✅ 0 взято | 🗑️ 0 мусор
2026-06-19 15:00:10,459 | INFO     |   → 82/1241: ✅ 0 взято | 🗑️ 0 мусор
2026-06-19 15:00:10,459 | INFO     |   → 83/1241: ✅ 0 взято | 🗑️ 0 мусор
2026-06-19 15:00:10,459 | INFO     |   → 84/1241: ✅ 0 взято | 🗑️ 0 мусор
2026-06-19 15:00:10,459 | INFO     |   → 85/1241: ✅ 0 взято | 🗑️ 0 мусор
2026-06-19 15:00:10,459 | INFO     |   → 86/1241: ✅ 0 взято | 🗑️ 0 мусор
2026-06-19 15:00:10,459 | INFO     |   → 87/1241: ✅ 0 взято | 🗑️ 0 мусор
2026-06-19 15:00:10,459 | INFO     |   → 88/1241: ✅ 0 взято | 🗑️ 0 мусор
2026-06-19 15:00:10,459 | INFO     |   → 89/1241: ✅ 0 взято | 🗑️ 0 мусор
2026-06-19 15:00:10,459 | INFO     |   → 90/1241: ✅ 0 взято | 🗑️ 0 мусор
2026-06-19 15:00:10,459 | INFO     |   → 91/1241: ✅ 0 взято | 🗑️ 0 мусор
2026-06-19 15:00:10,459 | INFO     |   → 92/1241: ✅ 0 взято | 🗑️ 0 мусор
2026-06-19 15:00:10,459 | INFO     |   → 93/1241: ✅ 0 взято | 🗑️ 0 мусор
2026-06-19 15:00:10,459 | INFO     |   → 94/1241: ✅ 0 взято | 🗑️ 0 мусор
2026-06-19 15:00:10,459 | INFO     |   → 95/1241: ✅ 0 взято | 🗑️ 0 мусор
2026-06-19 15:00:10,459 | INFO     |   → 96/1241: ✅ 0 взято | 🗑️ 0 мусор
2026-06-19 15:00:10,459 | INFO     |   → 97/1241: ✅ 0 взято | 🗑️ 0 мусор
2026-06-19 15:00:10,459 | INFO     |   → 98/1241: ✅ 0 взято | 🗑️ 0 мусор
2026-06-19 15:00:10,459 | INFO     |   → 99/1241: ✅ 0 взято | 🗑️ 0 мусор
2026-06-19 15:00:10,459 | INFO     |   → 100/1241: ✅ 0 взято | 🗑️ 0 мусор
2026-06-19 15:00:10,459 | INFO     |   → 101/1241: ✅ 0 взято | 🗑️ 0 мусор
2026-06-19 15:00:10,459 | INFO     |   → 102/1241: ✅ 0 взято | 🗑️ 0 мусор
2026-06-19 15:00:10,459 | INFO     |   → 103/1241: ✅ 0 взято | 🗑️ 0 мусор
2026-06-19 15:00:10,459 | INFO     |   → 104/1241: ✅ 0 взято | 🗑️ 0 мусор
2026-06-19 15:00:10,459 | INFO     |   → 105/1241: ✅ 0 взято | 🗑️ 0 мусор
2026-06-19 15:00:10,459 | INFO     |   → 106/1241: ✅ 0 взято | 🗑️ 0 мусор
2026-06-19 15:00:10,459 | INFO     |   → 107/1241: ✅ 0 взято | 🗑️ 0 мусор
2026-06-19 15:00:10,459 | INFO     |   → 108/1241: ✅ 0 взято | 🗑️ 0 мусор
2026-06-19 15:00:10,460 | INFO     |   → 109/1241: ✅ 0 взято | 🗑️ 0 мусор
2026-06-19 15:00:10,460 | INFO     |   → 110/1241: ✅ 0 взято | 🗑️ 0 мусор
2026-06-19 15:00:10,460 | INFO     |   → 111/1241: ✅ 0 взято | 🗑️ 0 мусор
2026-06-19 15:00:10,460 | INFO     |   → 112/1241: ✅ 0 взято | 🗑️ 0 мусор
2026-06-19 15:00:10,460 | INFO     |   → 113/1241: ✅ 0 взято | 🗑️ 0 мусор
2026-06-19 15:00:10,460 | INFO     |   → 114/1241: ✅ 0 взято | 🗑️ 0 мусор
2026-06-19 15:00:10,460 | INFO     |   → 115/1241: ✅ 0 взято | 🗑️ 0 мусор
2026-06-19 15:00:10,460 | INFO     |   → 116/1241: ✅ 0 взято | 🗑️ 0 мусор
2026-06-19 15:00:10,460 | INFO     |   → 117/1241: ✅ 0 взято | 🗑️ 0 мусор
2026-06-19 15:00:10,460 | INFO     |   → 118/1241: ✅ 0 взято | 🗑️ 0 мусор
2026-06-19 15:00:10,460 | INFO     |   → 119/1241: ✅ 0 взято | 🗑️ 0 мусор
2026-06-19 15:00:10,460 | INFO     |   → 120/1241: ✅ 0 взято | 🗑️ 0 мусор
2026-06-19 15:00:10,460 | INFO     |   → 121/1241: ✅ 0 взято | 🗑️ 0 мусор
2026-06-19 15:00:10,460 | INFO     |   → 122/1241: ✅ 0 взято | 🗑️ 0 мусор
2026-06-19 15:00:10,460 | INFO     |   → 123/1241: ✅ 0 взято | 🗑️ 0 мусор
2026-06-19 15:00:10,460 | INFO     |   → 124/1241: ✅ 0 взято | 🗑️ 0 мусор
2026-06-19 15:00:10,460 | INFO     |   → 125/1241: ✅ 0 взято | 🗑️ 0 мусор
2026-06-19 15:00:10,460 | INFO     |   → 126/1241: ✅ 0 взято | 🗑️ 0 мусор
2026-06-19 15:00:10,460 | INFO     |   → 127/1241: ✅ 0 взято | 🗑️ 0 мусор
2026-06-19 15:00:10,460 | INFO     |   → 128/1241: ✅ 0 взято | 🗑️ 0 мусор
2026-06-19 15:00:10,460 | INFO     |   → 129/1241: ✅ 0 взято | 🗑️ 0 мусор
2026-06-19 15:00:10,460 | INFO     |   → 130/1241: ✅ 0 взято | 🗑️ 0 мусор
2026-06-19 15:00:10,460 | INFO     |   → 131/1241: ✅ 0 взято | 🗑️ 0 мусор
2026-06-19 15:00:10,460 | INFO     |   → 132/1241: ✅ 0 взято | 🗑️ 0 мусор
2026-06-19 15:00:10,460 | INFO     |   → 133/1241: ✅ 0 взято | 🗑️ 0 мусор
2026-06-19 15:00:10,460 | INFO     |   → 134/1241: ✅ 0 взято | 🗑️ 0 мусор
2026-06-19 15:00:10,460 | INFO     |   → 135/1241: ✅ 0 взято | 🗑️ 0 мусор
2026-06-19 15:00:10,460 | INFO     |   → 136/1241: ✅ 0 взято | 🗑️ 0 мусор
2026-06-19 15:00:10,460 | INFO     |   → 137/1241: ✅ 0 взято | 🗑️ 0 мусор
2026-06-19 15:00:10,460 | INFO     |   → 138/1241: ✅ 0 взято | 🗑️ 0 мусор
2026-06-19 15:00:10,460 | INFO     |   → 139/1241: ✅ 0 взято | 🗑️ 0 мусор
2026-06-19 15:00:10,460 | INFO     |   → 140/1241: ✅ 0 взято | 🗑️ 0 мусор
2026-06-19 15:00:10,461 | INFO     |   → 141/1241: ✅ 0 взято | 🗑️ 0 мусор
2026-06-19 15:00:10,461 | INFO     |   → 142/1241: ✅ 0 взято | 🗑️ 0 мусор
2026-06-19 15:00:10,461 | INFO     |   → 143/1241: ✅ 0 взято | 🗑️ 0 мусор
2026-06-19 15:00:10,461 | INFO     |   → 144/1241: ✅ 0 взято | 🗑️ 0 мусор
2026-06-19 15:00:10,461 | INFO     |   → 145/1241: ✅ 0 взято | 🗑️ 0 мусор
2026-06-19 15:00:10,461 | INFO     |   → 146/1241: ✅ 0 взято | 🗑️ 0 мусор
2026-06-19 15:00:10,461 | INFO     |   → 147/1241: ✅ 0 взято | 🗑️ 0 мусор
2026-06-19 15:00:10,461 | INFO     |   → 148/1241: ✅ 0 взято | 🗑️ 0 мусор
2026-06-19 15:00:10,461 | INFO     |   → 149/1241: ✅ 0 взято | 🗑️ 0 мусор
2026-06-19 15:00:10,461 | INFO     |   → 150/1241 ❌ HTTP 404 — https://freessrnode.github.io/uploads/2024/08/0-20240822.txt
2026-06-19 15:00:10,461 | INFO     |   → 151/1241 ❌ HTTP 404 — https://freessrnode.github.io/uploads/2024/08/1-20240822.txt
2026-06-19 15:00:10,461 | INFO     |   → 152/1241 ❌ HTTP 404 — https://freessrnode.github.io/uploads/2024/08/2-20240822.txt
2026-06-19 15:00:10,461 | INFO     |   → 153/1241 ❌ HTTP 404 — https://freessrnode.github.io/uploads/2024/08/3-20240822.txt
2026-06-19 15:00:10,461 | INFO     |   → 154/1241 ❌ HTTP 404 — https://freessrnode.github.io/uploads/2024/08/4-20240822.txt
2026-06-19 15:00:10,461 | INFO     |   → 155/1241 ⚠️ Ошибка: HTTPSConnectionPool(host='freevpnspy.githubrowcontent.com', port=443): Max retries exceeded with url: /2024/08/20240802_novless.yaml (Caused by NameResolutionError("HTTPSConnection(host='freevpnspy.githubrowcontent.com', port=443): Failed to resolve 'freevpnspy.githubrowcontent.com' ([Errno -2] Name or service not known)")) — https://freevpnspy.githubrowcontent.com/2024/08/20240802_novless.yaml
2026-06-19 15:00:10,461 | INFO     |   → 156/1241 ⚠️ Ошибка: HTTPSConnectionPool(host='freevpnspy.githubrowcontent.com', port=443): Max retries exceeded with url: /2024/08/20240802_vless.yaml (Caused by NameResolutionError("HTTPSConnection(host='freevpnspy.githubrowcontent.com', port=443): Failed to resolve 'freevpnspy.githubrowcontent.com' ([Errno -2] Name or service not known)")) — https://freevpnspy.githubrowcontent.com/2024/08/20240802_vless.yaml
2026-06-19 15:00:10,461 | INFO     |   → 157/1241: ✅ 0 взято | 🗑️ 0 мусор
2026-06-19 15:00:10,461 | INFO     |   → 158/1241: ✅ 5 взято | 🗑️ 166 мусор
2026-06-19 15:00:10,461 | INFO     |   → 159/1241: ✅ 14 взято | 🗑️ 292 мусор
2026-06-19 15:00:10,461 | INFO     |   → 160/1241: ✅ 0 взято | 🗑️ 115 мусор
2026-06-19 15:00:10,461 | INFO     |   → 161/1241: ✅ 14 взято | 🗑️ 218 мусор
2026-06-19 15:00:10,461 | INFO     |   → 162/1241: ✅ 7 взято | 🗑️ 148 мусор
2026-06-19 15:00:10,461 | INFO     |   → 163/1241: ✅ 0 взято | 🗑️ 0 мусор
2026-06-19 15:00:10,461 | INFO     |   → 164/1241: ✅ 10 взято | 🗑️ 232 мусор
2026-06-19 15:00:10,461 | INFO     |   → 165/1241: ✅ 4 взято | 🗑️ 151 мусор
2026-06-19 15:00:10,461 | INFO     |   → 166/1241: ✅ 0 взято | 🗑️ 0 мусор
2026-06-19 15:00:10,461 | INFO     |   → 167/1241: ✅ 0 взято | 🗑️ 0 мусор
2026-06-19 15:00:10,461 | INFO     |   → 168/1241: ✅ 0 взято | 🗑️ 0 мусор
2026-06-19 15:00:10,461 | INFO     |   → 169/1241: ✅ 0 взято | 🗑️ 0 мусор
2026-06-19 15:00:10,461 | INFO     |   → 170/1241: ✅ 0 взято | 🗑️ 0 мусор
2026-06-19 15:00:10,461 | INFO     |   → 171/1241: ✅ 7 взято | 🗑️ 113 мусор
2026-06-19 15:00:10,461 | INFO     |   → 172/1241: ✅ 0 взято | 🗑️ 0 мусор
2026-06-19 15:00:10,462 | INFO     |   → 173/1241: ✅ 0 взято | 🗑️ 0 мусор
2026-06-19 15:00:10,462 | INFO     |   → 174/1241: ✅ 0 взято | 🗑️ 0 мусор
2026-06-19 15:00:10,462 | INFO     |   → 175/1241: ✅ 1 взято | 🗑️ 169 мусор
2026-06-19 15:00:10,462 | INFO     |   → 176/1241: ✅ 0 взято | 🗑️ 0 мусор
2026-06-19 15:00:10,462 | INFO     |   → 177/1241: ✅ 5 взято | 🗑️ 211 мусор
2026-06-19 15:00:10,462 | INFO     |   → 178/1241: ✅ 0 взято | 🗑️ 0 мусор
2026-06-19 15:00:10,462 | INFO     |   → 179/1241: ✅ 1 взято | 🗑️ 213 мусор
2026-06-19 15:00:10,462 | INFO     |   → 180/1241: ✅ 0 взято | 🗑️ 0 мусор
2026-06-19 15:00:10,462 | INFO     |   → 181/1241: ✅ 0 взято | 🗑️ 0 мусор
2026-06-19 15:00:10,462 | INFO     |   → 182/1241: ✅ 1 взято | 🗑️ 226 мусор
2026-06-19 15:00:10,462 | INFO     |   → 183/1241: ✅ 3 взято | 🗑️ 152 мусор
2026-06-19 15:00:10,462 | INFO     |   → 184/1241: ✅ 0 взято | 🗑️ 0 мусор
2026-06-19 15:00:10,462 | INFO     |   → 185/1241: ✅ 0 взято | 🗑️ 0 мусор
2026-06-19 15:00:10,462 | INFO     |   → 186/1241: ✅ 0 взято | 🗑️ 0 мусор
2026-06-19 15:00:10,462 | INFO     |   → 187/1241: ✅ 0 взято | 🗑️ 300 мусор
2026-06-19 15:00:10,462 | INFO     |   → 188/1241: ✅ 0 взято | 🗑️ 0 мусор
2026-06-19 15:00:10,462 | INFO     |   → 189/1241: ✅ 0 взято | 🗑️ 142 мусор
2026-06-19 15:00:10,462 | INFO     |   → 190/1241: ✅ 2 взято | 🗑️ 124 мусор
2026-06-19 15:00:10,462 | INFO     |   → 191/1241: ✅ 0 взято | 🗑️ 0 мусор
2026-06-19 15:00:10,462 | INFO     |   → 192/1241: ✅ 1 взято | 🗑️ 104 мусор
2026-06-19 15:00:10,462 | INFO     |   → 193/1241: ✅ 0 взято | 🗑️ 193 мусор
2026-06-19 15:00:10,462 | INFO     |   → 194/1241: ✅ 2 взято | 🗑️ 115 мусор
2026-06-19 15:00:10,462 | INFO     |   → 195/1241: ✅ 7 взято | 🗑️ 179 мусор
2026-06-19 15:00:10,462 | INFO     |   → 196/1241: ✅ 0 взято | 🗑️ 0 мусор
2026-06-19 15:00:10,462 | INFO     |   → 197/1241: ✅ 0 взято | 🗑️ 0 мусор
2026-06-19 15:00:10,462 | INFO     |   → 198/1241: ✅ 0 взято | 🗑️ 125 мусор
2026-06-19 15:00:10,462 | INFO     |   → 199/1241: ✅ 0 взято | 🗑️ 296 мусор
2026-06-19 15:00:10,462 | INFO     |   → 200/1241: ✅ 1 взято | 🗑️ 141 мусор
2026-06-19 15:00:10,462 | INFO     |   → 201/1241: ✅ 1 взято | 🗑️ 279 мусор
2026-06-19 15:00:10,462 | INFO     |   → 202/1241: ✅ 0 взято | 🗑️ 130 мусор
2026-06-19 15:00:10,462 | INFO     |   → 203/1241: ✅ 2 взято | 🗑️ 105 мусор
2026-06-19 15:00:10,462 | INFO     |   → 204/1241: ✅ 0 взято | 🗑️ 0 мусор
2026-06-19 15:00:10,462 | INFO     |   → 205/1241: ✅ 3 взято | 🗑️ 268 мусор
2026-06-19 15:00:10,462 | INFO     |   → 206/1241: ✅ 0 взято | 🗑️ 248 мусор
2026-06-19 15:00:10,462 | INFO     |   → 207/1241: ✅ 0 взято | 🗑️ 0 мусор
2026-06-19 15:00:10,462 | INFO     |   → 208/1241: ✅ 1 взято | 🗑️ 139 мусор
2026-06-19 15:00:10,462 | INFO     |   → 209/1241: ✅ 1 взято | 🗑️ 109 мусор
2026-06-19 15:00:10,462 | INFO     |   → 210/1241: ✅ 0 взято | 🗑️ 0 мусор
2026-06-19 15:00:10,462 | INFO     |   → 211/1241: ✅ 0 взято | 🗑️ 0 мусор
2026-06-19 15:00:10,462 | INFO     |   → 212/1241: ✅ 0 взято | 🗑️ 0 мусор
2026-06-19 15:00:10,463 | INFO     |   → 213/1241: ✅ 0 взято | 🗑️ 137 мусор
2026-06-19 15:00:10,463 | INFO     |   → 214/1241: ✅ 0 взято | 🗑️ 0 мусор
2026-06-19 15:00:10,463 | INFO     |   → 215/1241: ✅ 0 взято | 🗑️ 0 мусор
2026-06-19 15:00:10,463 | INFO     |   → 216/1241: ✅ 0 взято | 🗑️ 198 мусор
2026-06-19 15:00:10,463 | INFO     |   → 217/1241: ✅ 0 взято | 🗑️ 0 мусор
2026-06-19 15:00:10,463 | INFO     |   → 218/1241: ✅ 0 взято | 🗑️ 0 мусор
2026-06-19 15:00:10,463 | INFO     |   → 219/1241: ✅ 0 взято | 🗑️ 0 мусор
2026-06-19 15:00:10,463 | INFO     |   → 220/1241: ✅ 0 взято | 🗑️ 0 мусор
2026-06-19 15:00:10,463 | INFO     |   → 221/1241 ❌ HTTP 404 — https://github.com/Epodonios/bulk-xray-v2ray-vless-vmess-...-configs/raw/main/sub/Albania/config.txt
2026-06-19 15:00:10,463 | INFO     |   → 222/1241 ❌ HTTP 404 — https://github.com/Epodonios/bulk-xray-v2ray-vless-vmess-...-configs/raw/main/sub/Cura%C3%A7ao/config.txt
2026-06-19 15:00:10,463 | INFO     |   → 223/1241 ❌ HTTP 404 — https://github.com/Epodonios/bulk-xray-v2ray-vless-vmess-...-configs/raw/main/sub/Finland/config.txt
2026-06-19 15:00:10,463 | INFO     |   → 224/1241 ❌ HTTP 404 — https://github.com/Epodonios/bulk-xray-v2ray-vless-vmess-...-configs/raw/main/sub/Iran/config.txt
2026-06-19 15:00:10,463 | INFO     |   → 225/1241 ❌ HTTP 404 — https://github.com/Epodonios/bulk-xray-v2ray-vless-vmess-...-configs/raw/main/sub/Netherlands/config.txt
2026-06-19 15:00:10,463 | INFO     |   → 226/1241 ❌ HTTP 404 — https://github.com/Epodonios/bulk-xray-v2ray-vless-vmess-...-configs/raw/main/sub/Norway/config.txt
2026-06-19 15:00:10,463 | INFO     |   → 227/1241 ❌ HTTP 404 — https://github.com/Epodonios/bulk-xray-v2ray-vless-vmess-...-configs/raw/main/sub/Russia/config.txt
2026-06-19 15:00:10,463 | INFO     |   → 228/1241: ✅ 13 взято | 🗑️ 70 мусор
2026-06-19 15:00:10,463 | INFO     |   → 229/1241: ✅ 0 взято | 🗑️ 4 мусор
2026-06-19 15:00:10,463 | INFO     |   → 230/1241: ✅ 0 взято | 🗑️ 7 мусор
2026-06-19 15:00:10,463 | INFO     |   → 231/1241: ✅ 0 взято | 🗑️ 51 мусор
2026-06-19 15:00:10,463 | INFO     |   → 232/1241: ✅ 0 взято | 🗑️ 8 мусор
2026-06-19 15:00:10,463 | INFO     |   → 233/1241: ✅ 0 взято | 🗑️ 0 мусор
2026-06-19 15:00:10,463 | INFO     |   → 234/1241: ✅ 17 взято | 🗑️ 119 мусор
2026-06-19 15:00:10,463 | INFO     |   → 235/1241 ❌ HTTP 404 — https://github.com/MrMohebi/xray-proxy-grabber-telegram/raw/master/collected-proxies/clash-meta/all.yaml
2026-06-19 15:00:10,463 | INFO     |   → 236/1241 ❌ HTTP 404 — https://github.com/MrMohebi/xray-proxy-grabber-telegram/raw/master/collected-proxies/row-url/all.txt
2026-06-19 15:00:10,463 | INFO     |   → 237/1241: ✅ 0 взято | 🗑️ 0 мусор
2026-06-19 15:00:10,463 | INFO     |   → 238/1241: ✅ 0 взято | 🗑️ 113 мусор
2026-06-19 15:00:10,463 | INFO     |   → 239/1241: ✅ 0 взято | 🗑️ 119 мусор
2026-06-19 15:00:10,463 | INFO     |   → 240/1241 ❌ HTTP 404 — https://github.com/abbasdvd3/abbasdvd10/73ec60de7a6c6aa6df4c14b511c1da60686891ca/ppo.txt
2026-06-19 15:00:10,463 | INFO     |   → 241/1241 ❌ HTTP 404 — https://github.com/acymz/AutoVPN/refs/heads/main/data/V2.txt
2026-06-19 15:00:10,463 | INFO     |   → 242/1241: ✅ 0 взято | 🗑️ 0 мусор
2026-06-19 15:00:10,463 | INFO     |   → 243/1241: ✅ 0 взято | 🗑️ 0 мусор
2026-06-19 15:00:10,463 | INFO     |   → 244/1241: ✅ 0 взято | 🗑️ 0 мусор
2026-06-19 15:00:10,463 | INFO     |   → 245/1241: ✅ 0 взято | 🗑️ 0 мусор
2026-06-19 15:00:10,463 | INFO     |   → 246/1241: ✅ 0 взято | 🗑️ 0 мусор
2026-06-19 15:00:10,463 | INFO     |   → 247/1241: ✅ 0 взято | 🗑️ 0 мусор
2026-06-19 15:00:10,463 | INFO     |   → 248/1241: ✅ 0 взято | 🗑️ 0 мусор
2026-06-19 15:00:10,463 | INFO     |   → 249/1241 ❌ HTTP 404 — https://github.com/mermeroo/V2RAY-FREE/raw/main/All_Configs_base64_Sub.txt
2026-06-19 15:00:10,463 | INFO     |   → 250/1241 ❌ HTTP 404 — https://github.com/mermeroo/V2RAY-FREE/raw/main/Base64/Sub1_base64.txt
2026-06-19 15:00:10,463 | INFO     |   → 251/1241 ❌ HTTP 404 — https://github.com/mermeroo/V2RAY-FREE/raw/main/Base64/Sub2_base64.txt
2026-06-19 15:00:10,463 | INFO     |   → 252/1241 ❌ HTTP 404 — https://github.com/mermeroo/V2RAY-FREE/raw/main/Base64/Sub3_base64.txt
2026-06-19 15:00:10,464 | INFO     |   → 253/1241 ❌ HTTP 404 — https://github.com/mermeroo/V2RAY-FREE/raw/main/Base64/Sub4_base64.txt
2026-06-19 15:00:10,464 | INFO     |   → 254/1241 ❌ HTTP 404 — https://github.com/mermeroo/V2RAY-FREE/raw/main/Base64/Sub5_base64.txt
2026-06-19 15:00:10,464 | INFO     |   → 255/1241 ❌ HTTP 404 — https://github.com/mermeroo/telegram-configs-collector/raw/main/protocols/hysteria
2026-06-19 15:00:10,464 | INFO     |   → 256/1241 ❌ HTTP 404 — https://github.com/mermeroo/telegram-configs-collector/raw/main/protocols/juicity
2026-06-19 15:00:10,464 | INFO     |   → 257/1241 ❌ HTTP 404 — https://github.com/mermeroo/telegram-configs-collector/raw/main/protocols/tuic
2026-06-19 15:00:10,464 | INFO     |   → 258/1241: ✅ 5 взято | 🗑️ 16 мусор
2026-06-19 15:00:10,464 | INFO     |   → 259/1241: ✅ 0 взято | 🗑️ 0 мусор
2026-06-19 15:00:10,464 | INFO     |   → 260/1241: ✅ 0 взято | 🗑️ 0 мусор
2026-06-19 15:00:10,464 | INFO     |   → 261/1241: ✅ 0 взято | 🗑️ 0 мусор
2026-06-19 15:00:10,464 | INFO     |   → 262/1241: ✅ 3 взято | 🗑️ 238 мусор
2026-06-19 15:00:10,464 | INFO     |   → 263/1241: ✅ 0 взято | 🗑️ 0 мусор
2026-06-19 15:00:10,464 | INFO     |   → 264/1241: ✅ 3 взято | 🗑️ 239 мусор
2026-06-19 15:00:10,464 | INFO     |   → 265/1241: ✅ 0 взято | 🗑️ 0 мусор
2026-06-19 15:00:10,464 | INFO     |   → 266/1241: ✅ 0 взято | 🗑️ 255 мусор
2026-06-19 15:00:10,464 | INFO     |   → 267/1241: ✅ 0 взято | 🗑️ 0 мусор
2026-06-19 15:00:10,464 | INFO     |   → 268/1241: ✅ 1 взято | 🗑️ 249 мусор
2026-06-19 15:00:10,464 | INFO     |   → 269/1241: ✅ 0 взято | 🗑️ 0 мусор
2026-06-19 15:00:10,464 | INFO     |   → 270/1241: ✅ 0 взято | 🗑️ 207 мусор
2026-06-19 15:00:10,464 | INFO     |   → 271/1241: ✅ 0 взято | 🗑️ 0 мусор
2026-06-19 15:00:10,464 | INFO     |   → 272/1241: ✅ 0 взято | 🗑️ 228 мусор
2026-06-19 15:00:10,464 | INFO     |   → 273/1241: ✅ 0 взято | 🗑️ 0 мусор
2026-06-19 15:00:10,464 | INFO     |   → 274/1241: ✅ 1 взято | 🗑️ 291 мусор
2026-06-19 15:00:10,464 | INFO     |   → 275/1241: ✅ 0 взято | 🗑️ 0 мусор
2026-06-19 15:00:10,464 | INFO     |   → 276/1241: ✅ 3 взято | 🗑️ 221 мусор
2026-06-19 15:00:10,464 | INFO     |   → 277/1241: ✅ 0 взято | 🗑️ 0 мусор
2026-06-19 15:00:10,464 | INFO     |   → 278/1241: ✅ 1 взято | 🗑️ 222 мусор
2026-06-19 15:00:10,464 | INFO     |   → 279/1241: ✅ 0 взято | 🗑️ 0 мусор
2026-06-19 15:00:10,464 | INFO     |   → 280/1241: ✅ 1 взято | 🗑️ 218 мусор
2026-06-19 15:00:10,464 | INFO     |   → 281/1241: ✅ 0 взято | 🗑️ 0 мусор
2026-06-19 15:00:10,464 | INFO     |   → 282/1241: ✅ 0 взято | 🗑️ 193 мусор
2026-06-19 15:00:10,464 | INFO     |   → 283/1241: ✅ 0 взято | 🗑️ 0 мусор
2026-06-19 15:00:10,464 | INFO     |   → 284/1241: ✅ 0 взято | 🗑️ 290 мусор
2026-06-19 15:00:10,464 | INFO     |   → 285/1241: ✅ 0 взято | 🗑️ 0 мусор
2026-06-19 15:00:10,465 | INFO     |   → 286/1241: ✅ 0 взято | 🗑️ 238 мусор
2026-06-19 15:00:10,465 | INFO     |   → 287/1241: ✅ 0 взято | 🗑️ 0 мусор
2026-06-19 15:00:10,465 | INFO     |   → 288/1241: ✅ 0 взято | 🗑️ 221 мусор
2026-06-19 15:00:10,465 | INFO     |   → 289/1241: ✅ 0 взято | 🗑️ 0 мусор
2026-06-19 15:00:10,465 | INFO     |   → 290/1241: ✅ 0 взято | 🗑️ 248 мусор
2026-06-19 15:00:10,465 | INFO     |   → 291/1241: ✅ 0 взято | 🗑️ 0 мусор
2026-06-19 15:00:10,465 | INFO     |   → 292/1241: ✅ 0 взято | 🗑️ 203 мусор
2026-06-19 15:00:10,465 | INFO     |   → 293/1241: ✅ 0 взято | 🗑️ 0 мусор
2026-06-19 15:00:10,465 | INFO     |   → 294/1241: ✅ 0 взято | 🗑️ 208 мусор
2026-06-19 15:00:10,465 | INFO     |   → 295/1241: ✅ 0 взято | 🗑️ 0 мусор
2026-06-19 15:00:10,465 | INFO     |   → 296/1241: ✅ 2 взято | 🗑️ 209 мусор
2026-06-19 15:00:10,465 | INFO     |   → 297/1241: ✅ 0 взято | 🗑️ 0 мусор
2026-06-19 15:00:10,465 | INFO     |   → 298/1241: ✅ 0 взято | 🗑️ 258 мусор
2026-06-19 15:00:10,465 | INFO     |   → 299/1241: ✅ 0 взято | 🗑️ 0 мусор
2026-06-19 15:00:10,465 | INFO     |   → 300/1241: ✅ 0 взято | 🗑️ 296 мусор
2026-06-19 15:00:10,465 | INFO     |   → 301/1241: ✅ 0 взято | 🗑️ 0 мусор
2026-06-19 15:00:10,465 | INFO     |   → 302/1241: ✅ 1 взято | 🗑️ 286 мусор
2026-06-19 15:00:10,465 | INFO     |   → 303/1241: ✅ 0 взято | 🗑️ 0 мусор
2026-06-19 15:00:10,465 | INFO     |   → 304/1241: ✅ 0 взято | 🗑️ 195 мусор
2026-06-19 15:00:10,465 | INFO     |   → 305/1241: ✅ 0 взято | 🗑️ 0 мусор
2026-06-19 15:00:10,465 | INFO     |   → 306/1241: ✅ 0 взято | 🗑️ 170 мусор
2026-06-19 15:00:10,465 | INFO     |   → 307/1241: ✅ 0 взято | 🗑️ 0 мусор
2026-06-19 15:00:10,465 | INFO     |   → 308/1241: ✅ 0 взято | 🗑️ 160 мусор
2026-06-19 15:00:10,465 | INFO     |   → 309/1241: ✅ 0 взято | 🗑️ 0 мусор
2026-06-19 15:00:10,465 | INFO     |   → 310/1241: ✅ 0 взято | 🗑️ 121 мусор
2026-06-19 15:00:10,465 | INFO     |   → 311/1241: ✅ 0 взято | 🗑️ 0 мусор
2026-06-19 15:00:10,465 | INFO     |   → 312/1241: ✅ 0 взято | 🗑️ 135 мусор
2026-06-19 15:00:10,465 | INFO     |   → 313/1241: ✅ 0 взято | 🗑️ 0 мусор
2026-06-19 15:00:10,465 | INFO     |   → 314/1241: ✅ 1 взято | 🗑️ 129 мусор
2026-06-19 15:00:10,465 | INFO     |   → 315/1241: ✅ 0 взято | 🗑️ 0 мусор
2026-06-19 15:00:10,465 | INFO     |   → 316/1241: ✅ 0 взято | 🗑️ 189 мусор
2026-06-19 15:00:10,465 | INFO     |   → 317/1241: ✅ 0 взято | 🗑️ 0 мусор
2026-06-19 15:00:10,466 | INFO     |   → 318/1241: ✅ 3 взято | 🗑️ 147 мусор
2026-06-19 15:00:10,466 | INFO     |   → 319/1241: ✅ 0 взято | 🗑️ 0 мусор
2026-06-19 15:00:10,466 | INFO     |   → 320/1241: ✅ 1 взято | 🗑️ 183 мусор
2026-06-19 15:00:10,466 | INFO     |   → 321/1241: ✅ 0 взято | 🗑️ 0 мусор
2026-06-19 15:00:10,466 | INFO     |   → 322/1241: ✅ 0 взято | 🗑️ 155 мусор
2026-06-19 15:00:10,466 | INFO     |   → 323/1241: ✅ 0 взято | 🗑️ 0 мусор
2026-06-19 15:00:10,466 | INFO     |   → 324/1241: ✅ 0 взято | 🗑️ 114 мусор
2026-06-19 15:00:10,466 | INFO     |   → 325/1241: ✅ 0 взято | 🗑️ 0 мусор
2026-06-19 15:00:10,466 | INFO     |   → 326/1241: ✅ 0 взято | 🗑️ 239 мусор
2026-06-19 15:00:10,466 | INFO     |   → 327/1241: ✅ 0 взято | 🗑️ 0 мусор
2026-06-19 15:00:10,466 | INFO     |   → 328/1241: ✅ 0 взято | 🗑️ 204 мусор
2026-06-19 15:00:10,466 | INFO     |   → 329/1241: ✅ 0 взято | 🗑️ 0 мусор
2026-06-19 15:00:10,466 | INFO     |   → 330/1241: ✅ 0 взято | 🗑️ 232 мусор
2026-06-19 15:00:10,466 | INFO     |   → 331/1241: ✅ 0 взято | 🗑️ 0 мусор
2026-06-19 15:00:10,466 | INFO     |   → 332/1241: ✅ 0 взято | 🗑️ 192 мусор
2026-06-19 15:00:10,466 | INFO     |   → 333/1241: ✅ 0 взято | 🗑️ 0 мусор
2026-06-19 15:00:10,466 | INFO     |   → 334/1241: ✅ 0 взято | 🗑️ 183 мусор
2026-06-19 15:00:10,466 | INFO     |   → 335/1241: ✅ 0 взято | 🗑️ 0 мусор
2026-06-19 15:00:10,466 | INFO     |   → 336/1241: ✅ 0 взято | 🗑️ 169 мусор
2026-06-19 15:00:10,466 | INFO     |   → 337/1241: ✅ 0 взято | 🗑️ 0 мусор
2026-06-19 15:00:10,466 | INFO     |   → 338/1241: ✅ 0 взято | 🗑️ 167 мусор
2026-06-19 15:00:10,466 | INFO     |   → 339/1241: ✅ 0 взято | 🗑️ 0 мусор
2026-06-19 15:00:10,466 | INFO     |   → 340/1241: ✅ 0 взято | 🗑️ 193 мусор
2026-06-19 15:00:10,466 | INFO     |   → 341/1241: ✅ 0 взято | 🗑️ 0 мусор
2026-06-19 15:00:10,466 | INFO     |   → 342/1241: ✅ 1 взято | 🗑️ 161 мусор
2026-06-19 15:00:10,466 | INFO     |   → 343/1241: ✅ 0 взято | 🗑️ 0 мусор
2026-06-19 15:00:10,466 | INFO     |   → 344/1241: ✅ 0 взято | 🗑️ 171 мусор
2026-06-19 15:00:10,466 | INFO     |   → 345/1241: ✅ 0 взято | 🗑️ 0 мусор
2026-06-19 15:00:10,466 | INFO     |   → 346/1241: ✅ 0 взято | 🗑️ 174 мусор
2026-06-19 15:00:10,466 | INFO     |   → 347/1241: ✅ 0 взято | 🗑️ 0 мусор
2026-06-19 15:00:10,466 | INFO     |   → 348/1241: ✅ 0 взято | 🗑️ 206 мусор
2026-06-19 15:00:10,466 | INFO     |   → 349/1241: ✅ 0 взято | 🗑️ 0 мусор
2026-06-19 15:00:10,466 | INFO     |   → 350/1241: ✅ 0 взято | 🗑️ 170 мусор
2026-06-19 15:00:10,466 | INFO     |   → 351/1241: ✅ 0 взято | 🗑️ 0 мусор
2026-06-19 15:00:10,466 | INFO     |   → 352/1241: ✅ 1 взято | 🗑️ 196 мусор
2026-06-19 15:00:10,466 | INFO     |   → 353/1241: ✅ 0 взято | 🗑️ 0 мусор
2026-06-19 15:00:10,466 | INFO     |   → 354/1241: ✅ 0 взято | 🗑️ 208 мусор
2026-06-19 15:00:10,466 | INFO     |   → 355/1241: ✅ 0 взято | 🗑️ 0 мусор
2026-06-19 15:00:10,466 | INFO     |   → 356/1241: ✅ 0 взято | 🗑️ 162 мусор
2026-06-19 15:00:10,466 | INFO     |   → 357/1241: ✅ 0 взято | 🗑️ 0 мусор
2026-06-19 15:00:10,467 | INFO     |   → 358/1241: ✅ 0 взято | 🗑️ 116 мусор
2026-06-19 15:00:10,467 | INFO     |   → 359/1241: ✅ 0 взято | 🗑️ 0 мусор
2026-06-19 15:00:10,467 | INFO     |   → 360/1241: ✅ 0 взято | 🗑️ 132 мусор
2026-06-19 15:00:10,467 | INFO     |   → 361/1241: ✅ 0 взято | 🗑️ 0 мусор
2026-06-19 15:00:10,467 | INFO     |   → 362/1241: ✅ 0 взято | 🗑️ 132 мусор
2026-06-19 15:00:10,467 | INFO     |   → 363/1241: ✅ 0 взято | 🗑️ 0 мусор
2026-06-19 15:00:10,467 | INFO     |   → 364/1241: ✅ 1 взято | 🗑️ 113 мусор
2026-06-19 15:00:10,467 | INFO     |   → 365/1241: ✅ 0 взято | 🗑️ 0 мусор
2026-06-19 15:00:10,467 | INFO     |   → 366/1241: ✅ 0 взято | 🗑️ 103 мусор
2026-06-19 15:00:10,467 | INFO     |   → 367/1241: ✅ 0 взято | 🗑️ 0 мусор
2026-06-19 15:00:10,467 | INFO     |   → 368/1241: ✅ 3 взято | 🗑️ 213 мусор
2026-06-19 15:00:10,467 | INFO     |   → 369/1241: ✅ 0 взято | 🗑️ 0 мусор
2026-06-19 15:00:10,467 | INFO     |   → 370/1241: ✅ 1 взято | 🗑️ 130 мусор
2026-06-19 15:00:10,467 | INFO     |   → 371/1241: ✅ 0 взято | 🗑️ 0 мусор
2026-06-19 15:00:10,467 | INFO     |   → 372/1241: ✅ 0 взято | 🗑️ 135 мусор
2026-06-19 15:00:10,467 | INFO     |   → 373/1241: ✅ 0 взято | 🗑️ 0 мусор
2026-06-19 15:00:10,467 | INFO     |   → 374/1241: ✅ 0 взято | 🗑️ 145 мусор
2026-06-19 15:00:10,467 | INFO     |   → 375/1241: ✅ 0 взято | 🗑️ 0 мусор
2026-06-19 15:00:10,467 | INFO     |   → 376/1241: ✅ 0 взято | 🗑️ 157 мусор
2026-06-19 15:00:10,467 | INFO     |   → 377/1241: ✅ 0 взято | 🗑️ 0 мусор
2026-06-19 15:00:10,467 | INFO     |   → 378/1241: ✅ 0 взято | 🗑️ 131 мусор
2026-06-19 15:00:10,467 | INFO     |   → 379/1241: ✅ 0 взято | 🗑️ 0 мусор
2026-06-19 15:00:10,467 | INFO     |   → 380/1241: ✅ 1 взято | 🗑️ 124 мусор
2026-06-19 15:00:10,467 | INFO     |   → 381/1241: ✅ 0 взято | 🗑️ 0 мусор
2026-06-19 15:00:10,467 | INFO     |   → 382/1241: ✅ 2 взято | 🗑️ 189 мусор
2026-06-19 15:00:10,467 | INFO     |   → 383/1241: ✅ 0 взято | 🗑️ 0 мусор
2026-06-19 15:00:10,467 | INFO     |   → 384/1241: ✅ 1 взято | 🗑️ 279 мусор
2026-06-19 15:00:10,467 | INFO     |   → 385/1241: ✅ 0 взято | 🗑️ 0 мусор
2026-06-19 15:00:10,467 | INFO     |   → 386/1241: ✅ 0 взято | 🗑️ 270 мусор
2026-06-19 15:00:10,467 | INFO     |   → 387/1241: ✅ 0 взято | 🗑️ 0 мусор
2026-06-19 15:00:10,467 | INFO     |   → 388/1241: ✅ 0 взято | 🗑️ 161 мусор
2026-06-19 15:00:10,467 | INFO     |   → 389/1241: ✅ 0 взято | 🗑️ 0 мусор
2026-06-19 15:00:10,467 | INFO     |   → 390/1241: ✅ 3 взято | 🗑️ 117 мусор
2026-06-19 15:00:10,467 | INFO     |   → 391/1241: ✅ 0 взято | 🗑️ 0 мусор
2026-06-19 15:00:10,467 | INFO     |   → 392/1241: ✅ 0 взято | 🗑️ 100 мусор
2026-06-19 15:00:10,467 | INFO     |   → 393/1241: ✅ 0 взято | 🗑️ 0 мусор
2026-06-19 15:00:10,467 | INFO     |   → 394/1241: ✅ 1 взято | 🗑️ 171 мусор
2026-06-19 15:00:10,467 | INFO     |   → 395/1241: ✅ 0 взято | 🗑️ 0 мусор
2026-06-19 15:00:10,467 | INFO     |   → 396/1241: ✅ 0 взято | 🗑️ 202 мусор
2026-06-19 15:00:10,467 | INFO     |   → 397/1241: ✅ 0 взято | 🗑️ 0 мусор
2026-06-19 15:00:10,467 | INFO     |   → 398/1241: ✅ 0 взято | 🗑️ 138 мусор
2026-06-19 15:00:10,467 | INFO     |   → 399/1241: ✅ 0 взято | 🗑️ 0 мусор
2026-06-19 15:00:10,467 | INFO     |   → 400/1241: ✅ 0 взято | 🗑️ 236 мусор
2026-06-19 15:00:10,467 | INFO     |   → 401/1241: ✅ 0 взято | 🗑️ 0 мусор
2026-06-19 15:00:10,467 | INFO     |   → 402/1241: ✅ 0 взято | 🗑️ 192 мусор
2026-06-19 15:00:10,467 | INFO     |   → 403/1241: ✅ 0 взято | 🗑️ 0 мусор
2026-06-19 15:00:10,467 | INFO     |   → 404/1241: ✅ 1 взято | 🗑️ 174 мусор
2026-06-19 15:00:10,467 | INFO     |   → 405/1241: ✅ 0 взято | 🗑️ 0 мусор
2026-06-19 15:00:10,467 | INFO     |   → 406/1241 ⚠️ Ошибка: HTTPSConnectionPool(host='ivuxy.tech', port=443): Max retries exceeded with url: /v.txt (Caused by NameResolutionError("HTTPSConnection(host='ivuxy.tech', port=443): Failed to resolve 'ivuxy.tech' ([Errno -2] Name or service not known)")) — https://ivuxy.tech/v.txt
2026-06-19 15:00:10,467 | INFO     |   → 407/1241 ⚠️ Ошибка: HTTPSConnectionPool(host='mirror.ghproxy.com', port=443): Max retries exceeded with url: /https://raw.githubusercontent.com/Barabama/FreeNodes/master/nodes/blues.txt (Caused by NameResolutionError("HTTPSConnection(host='mirror.ghproxy.com', port=443): Failed to resolve 'mirror.ghproxy.com' ([Errno -2] Name or service not known)")) — https://mirror.ghproxy.com/https://raw.githubusercontent.com/Barabama/FreeNodes/master/nodes/blues.txt
2026-06-19 15:00:10,468 | INFO     |   → 408/1241 ⚠️ Ошибка: HTTPSConnectionPool(host='mirror.ghproxy.com', port=443): Max retries exceeded with url: /https://raw.githubusercontent.com/Barabama/FreeNodes/master/nodes/halekj.txt (Caused by NameResolutionError("HTTPSConnection(host='mirror.ghproxy.com', port=443): Failed to resolve 'mirror.ghproxy.com' ([Errno -2] Name or service not known)")) — https://mirror.ghproxy.com/https://raw.githubusercontent.com/Barabama/FreeNodes/master/nodes/halekj.txt
2026-06-19 15:00:10,468 | INFO     |   → 409/1241 ⚠️ Ошибка: HTTPSConnectionPool(host='mirror.ghproxy.com', port=443): Max retries exceeded with url: /https://raw.githubusercontent.com/Barabama/FreeNodes/master/nodes/kkzui.txt (Caused by NameResolutionError("HTTPSConnection(host='mirror.ghproxy.com', port=443): Failed to resolve 'mirror.ghproxy.com' ([Errno -2] Name or service not known)")) — https://mirror.ghproxy.com/https://raw.githubusercontent.com/Barabama/FreeNodes/master/nodes/kkzui.txt
2026-06-19 15:00:10,468 | INFO     |   → 410/1241 ⚠️ Ошибка: HTTPSConnectionPool(host='mirror.ghproxy.com', port=443): Max retries exceeded with url: /https://raw.githubusercontent.com/Barabama/FreeNodes/master/nodes/merged.txt (Caused by NameResolutionError("HTTPSConnection(host='mirror.ghproxy.com', port=443): Failed to resolve 'mirror.ghproxy.com' ([Errno -2] Name or service not known)")) — https://mirror.ghproxy.com/https://raw.githubusercontent.com/Barabama/FreeNodes/master/nodes/merged.txt
2026-06-19 15:00:10,468 | INFO     |   → 411/1241 ⚠️ Ошибка: HTTPSConnectionPool(host='mirror.ghproxy.com', port=443): Max retries exceeded with url: /https://raw.githubusercontent.com/Barabama/FreeNodes/master/nodes/nodefree.txt (Caused by NameResolutionError("HTTPSConnection(host='mirror.ghproxy.com', port=443): Failed to resolve 'mirror.ghproxy.com' ([Errno -2] Name or service not known)")) — https://mirror.ghproxy.com/https://raw.githubusercontent.com/Barabama/FreeNodes/master/nodes/nodefree.txt
2026-06-19 15:00:10,468 | INFO     |   → 412/1241 ⚠️ Ошибка: HTTPSConnectionPool(host='mirror.ghproxy.com', port=443): Max retries exceeded with url: /https://raw.githubusercontent.com/Barabama/FreeNodes/master/nodes/openrunner.txt (Caused by NameResolutionError("HTTPSConnection(host='mirror.ghproxy.com', port=443): Failed to resolve 'mirror.ghproxy.com' ([Errno -2] Name or service not known)")) — https://mirror.ghproxy.com/https://raw.githubusercontent.com/Barabama/FreeNodes/master/nodes/openrunner.txt
2026-06-19 15:00:10,468 | INFO     |   → 413/1241 ⚠️ Ошибка: HTTPSConnectionPool(host='mirror.ghproxy.com', port=443): Max retries exceeded with url: /https://raw.githubusercontent.com/Barabama/FreeNodes/master/nodes/v2rayshare.txt (Caused by NameResolutionError("HTTPSConnection(host='mirror.ghproxy.com', port=443): Failed to resolve 'mirror.ghproxy.com' ([Errno -2] Name or service not known)")) — https://mirror.ghproxy.com/https://raw.githubusercontent.com/Barabama/FreeNodes/master/nodes/v2rayshare.txt
2026-06-19 15:00:10,468 | INFO     |   → 414/1241 ⚠️ Ошибка: HTTPSConnectionPool(host='mirror.ghproxy.com', port=443): Max retries exceeded with url: /https://raw.githubusercontent.com/Barabama/FreeNodes/master/nodes/wenode.txt (Caused by NameResolutionError("HTTPSConnection(host='mirror.ghproxy.com', port=443): Failed to resolve 'mirror.ghproxy.com' ([Errno -2] Name or service not known)")) — https://mirror.ghproxy.com/https://raw.githubusercontent.com/Barabama/FreeNodes/master/nodes/wenode.txt
2026-06-19 15:00:10,468 | INFO     |   → 415/1241 ⚠️ Ошибка: HTTPSConnectionPool(host='mirror.ghproxy.com', port=443): Max retries exceeded with url: /https://raw.githubusercontent.com/Barabama/FreeNodes/master/nodes/yudou66.txt (Caused by NameResolutionError("HTTPSConnection(host='mirror.ghproxy.com', port=443): Failed to resolve 'mirror.ghproxy.com' ([Errno -2] Name or service not known)")) — https://mirror.ghproxy.com/https://raw.githubusercontent.com/Barabama/FreeNodes/master/nodes/yudou66.txt
2026-06-19 15:00:10,468 | INFO     |   → 416/1241: ✅ 7 взято | 🗑️ 17 мусор
2026-06-19 15:00:10,468 | INFO     |   → 417/1241: ✅ 0 взято | 🗑️ 17 мусор
2026-06-19 15:00:10,468 | INFO     |   → 418/1241: ✅ 14 взято | 🗑️ 14 мусор
2026-06-19 15:00:10,468 | INFO     |   → 419/1241: ✅ 0 взято | 🗑️ 14 мусор
2026-06-19 15:00:10,468 | INFO     |   → 420/1241: ✅ 0 взято | 🗑️ 14 мусор
2026-06-19 15:00:10,468 | INFO     |   → 421/1241: ✅ 0 взято | 🗑️ 14 мусор
2026-06-19 15:00:10,468 | INFO     |   → 422/1241: ✅ 0 взято | 🗑️ 14 мусор
2026-06-19 15:00:10,468 | INFO     |   → 423/1241: ✅ 0 взято | 🗑️ 14 мусор
2026-06-19 15:00:10,468 | INFO     |   → 424/1241: ✅ 0 взято | 🗑️ 14 мусор
2026-06-19 15:00:10,468 | INFO     |   → 425/1241: ✅ 0 взято | 🗑️ 14 мусор
2026-06-19 15:00:10,468 | INFO     |   → 426/1241: ✅ 0 взято | 🗑️ 14 мусор
2026-06-19 15:00:10,468 | INFO     |   → 427/1241: ✅ 7 взято | 🗑️ 21 мусор
2026-06-19 15:00:10,468 | INFO     |   → 428/1241: ✅ 0 взято | 🗑️ 21 мусор
2026-06-19 15:00:10,468 | INFO     |   → 429/1241: ✅ 0 взято | 🗑️ 21 мусор
2026-06-19 15:00:10,468 | INFO     |   → 430/1241: ✅ 0 взято | 🗑️ 21 мусор
2026-06-19 15:00:10,468 | INFO     |   → 431/1241: ✅ 0 взято | 🗑️ 21 мусор
2026-06-19 15:00:10,468 | INFO     |   → 432/1241: ✅ 0 взято | 🗑️ 21 мусор
2026-06-19 15:00:10,468 | INFO     |   → 433/1241: ✅ 0 взято | 🗑️ 21 мусор
2026-06-19 15:00:10,468 | INFO     |   → 434/1241: ✅ 0 взято | 🗑️ 21 мусор
2026-06-19 15:00:10,468 | INFO     |   → 435/1241: ✅ 0 взято | 🗑️ 21 мусор
2026-06-19 15:00:10,468 | INFO     |   → 436/1241: ✅ 0 взято | 🗑️ 21 мусор
2026-06-19 15:00:10,468 | INFO     |   → 437/1241: ✅ 0 взято | 🗑️ 21 мусор
2026-06-19 15:00:10,468 | INFO     |   → 438/1241: ✅ 5 взято | 🗑️ 15 мусор
2026-06-19 15:00:10,468 | INFO     |   → 439/1241: ✅ 0 взято | 🗑️ 15 мусор
2026-06-19 15:00:10,468 | INFO     |   → 440/1241: ✅ 0 взято | 🗑️ 15 мусор
2026-06-19 15:00:10,468 | INFO     |   → 441/1241: ✅ 0 взято | 🗑️ 15 мусор
2026-06-19 15:00:10,468 | INFO     |   → 442/1241: ✅ 0 взято | 🗑️ 15 мусор
2026-06-19 15:00:10,468 | INFO     |   → 443/1241: ✅ 0 взято | 🗑️ 15 мусор
2026-06-19 15:00:10,468 | INFO     |   → 444/1241: ✅ 0 взято | 🗑️ 15 мусор
2026-06-19 15:00:10,468 | INFO     |   → 445/1241: ✅ 0 взято | 🗑️ 15 мусор
2026-06-19 15:00:10,468 | INFO     |   → 446/1241: ✅ 0 взято | 🗑️ 15 мусор
2026-06-19 15:00:10,468 | INFO     |   → 447/1241: ✅ 0 взято | 🗑️ 14 мусор
2026-06-19 15:00:10,468 | INFO     |   → 448/1241: ✅ 0 взято | 🗑️ 14 мусор
2026-06-19 15:00:10,468 | INFO     |   → 449/1241: ✅ 0 взято | 🗑️ 14 мусор
2026-06-19 15:00:10,468 | INFO     |   → 450/1241: ✅ 0 взято | 🗑️ 14 мусор
2026-06-19 15:00:10,468 | INFO     |   → 451/1241: ✅ 6 взято | 🗑️ 17 мусор
2026-06-19 15:00:10,469 | INFO     |   → 452/1241: ✅ 0 взято | 🗑️ 17 мусор
2026-06-19 15:00:10,469 | INFO     |   → 453/1241: ✅ 0 взято | 🗑️ 17 мусор
2026-06-19 15:00:10,469 | INFO     |   → 454/1241: ✅ 0 взято | 🗑️ 17 мусор
2026-06-19 15:00:10,469 | INFO     |   → 455/1241: ✅ 0 взято | 🗑️ 17 мусор
2026-06-19 15:00:10,469 | INFO     |   → 456/1241: ✅ 0 взято | 🗑️ 17 мусор
2026-06-19 15:00:10,469 | INFO     |   → 457/1241: ✅ 6 взято | 🗑️ 24 мусор
2026-06-19 15:00:10,469 | INFO     |   → 458/1241: ✅ 0 взято | 🗑️ 24 мусор
2026-06-19 15:00:10,469 | INFO     |   → 459/1241: ✅ 0 взято | 🗑️ 24 мусор
2026-06-19 15:00:10,469 | INFO     |   → 460/1241: ✅ 0 взято | 🗑️ 24 мусор
2026-06-19 15:00:10,469 | INFO     |   → 461/1241: ✅ 0 взято | 🗑️ 24 мусор
2026-06-19 15:00:10,469 | INFO     |   → 462/1241: ✅ 0 взято | 🗑️ 24 мусор
2026-06-19 15:00:10,469 | INFO     |   → 463/1241: ✅ 0 взято | 🗑️ 24 мусор
2026-06-19 15:00:10,469 | INFO     |   → 464/1241: ✅ 0 взято | 🗑️ 24 мусор
2026-06-19 15:00:10,469 | INFO     |   → 465/1241: ✅ 0 взято | 🗑️ 24 мусор
2026-06-19 15:00:10,469 | INFO     |   → 466/1241: ✅ 0 взято | 🗑️ 24 мусор
2026-06-19 15:00:10,469 | INFO     |   → 467/1241: ✅ 0 взято | 🗑️ 24 мусор
2026-06-19 15:00:10,469 | INFO     |   → 468/1241: ✅ 13 взято | 🗑️ 7 мусор
2026-06-19 15:00:10,469 | INFO     |   → 469/1241: ✅ 0 взято | 🗑️ 7 мусор
2026-06-19 15:00:10,469 | INFO     |   → 470/1241: ✅ 0 взято | 🗑️ 7 мусор
2026-06-19 15:00:10,469 | INFO     |   → 471/1241: ✅ 0 взято | 🗑️ 7 мусор
2026-06-19 15:00:10,469 | INFO     |   → 472/1241: ✅ 0 взято | 🗑️ 7 мусор
2026-06-19 15:00:10,469 | INFO     |   → 473/1241: ✅ 0 взято | 🗑️ 7 мусор
2026-06-19 15:00:10,469 | INFO     |   → 474/1241: ✅ 0 взято | 🗑️ 7 мусор
2026-06-19 15:00:10,469 | INFO     |   → 475/1241: ✅ 0 взято | 🗑️ 7 мусор
2026-06-19 15:00:10,469 | INFO     |   → 476/1241: ✅ 0 взято | 🗑️ 7 мусор
2026-06-19 15:00:10,469 | INFO     |   → 477/1241: ✅ 0 взято | 🗑️ 7 мусор
2026-06-19 15:00:10,469 | INFO     |   → 478/1241: ✅ 5 взято | 🗑️ 9 мусор
2026-06-19 15:00:10,469 | INFO     |   → 479/1241: ✅ 0 взято | 🗑️ 9 мусор
2026-06-19 15:00:10,469 | INFO     |   → 480/1241: ✅ 0 взято | 🗑️ 9 мусор
2026-06-19 15:00:10,469 | INFO     |   → 481/1241: ✅ 0 взято | 🗑️ 9 мусор
2026-06-19 15:00:10,469 | INFO     |   → 482/1241: ✅ 0 взято | 🗑️ 9 мусор
2026-06-19 15:00:10,469 | INFO     |   → 483/1241: ✅ 0 взято | 🗑️ 9 мусор
2026-06-19 15:00:10,469 | INFO     |   → 484/1241: ✅ 0 взято | 🗑️ 9 мусор
2026-06-19 15:00:10,469 | INFO     |   → 485/1241: ✅ 0 взято | 🗑️ 9 мусор
2026-06-19 15:00:10,469 | INFO     |   → 486/1241: ✅ 0 взято | 🗑️ 9 мусор
2026-06-19 15:00:10,469 | INFO     |   → 487/1241 ⚠️ Ошибка: HTTPSConnectionPool(host='nodefree.githubrowcontent.com', port=443): Max retries exceeded with url: /2024/07/20240705.yaml (Caused by NameResolutionError("HTTPSConnection(host='nodefree.githubrowcontent.com', port=443): Failed to resolve 'nodefree.githubrowcontent.com' ([Errno -2] Name or service not known)")) — https://nodefree.org/dy/2023/08/20230806.yaml
2026-06-19 15:00:10,469 | INFO     |   → 488/1241 ⚠️ Ошибка: HTTPSConnectionPool(host='nodefree.githubrowcontent.com', port=443): Max retries exceeded with url: /2024/07/20240705.txt (Caused by NameResolutionError("HTTPSConnection(host='nodefree.githubrowcontent.com', port=443): Failed to resolve 'nodefree.githubrowcontent.com' ([Errno -2] Name or service not known)")) — https://nodefree.org/dy/2023/12/20231221.txt
2026-06-19 15:00:10,469 | INFO     |   → 489/1241: ✅ 0 взято | 🗑️ 17 мусор
2026-06-19 15:00:10,469 | INFO     |   → 490/1241: ✅ 0 взято | 🗑️ 17 мусор
2026-06-19 15:00:10,469 | INFO     |   → 491/1241: ✅ 0 взято | 🗑️ 14 мусор
2026-06-19 15:00:10,470 | INFO     |   → 492/1241: ✅ 0 взято | 🗑️ 14 мусор
2026-06-19 15:00:10,470 | INFO     |   → 493/1241: ✅ 0 взято | 🗑️ 14 мусор
2026-06-19 15:00:10,470 | INFO     |   → 494/1241: ✅ 0 взято | 🗑️ 14 мусор
2026-06-19 15:00:10,470 | INFO     |   → 495/1241: ✅ 0 взято | 🗑️ 14 мусор
2026-06-19 15:00:10,470 | INFO     |   → 496/1241: ✅ 0 взято | 🗑️ 14 мусор
2026-06-19 15:00:10,470 | INFO     |   → 497/1241: ✅ 0 взято | 🗑️ 14 мусор
2026-06-19 15:00:10,470 | INFO     |   → 498/1241: ✅ 0 взято | 🗑️ 14 мусор
2026-06-19 15:00:10,470 | INFO     |   → 499/1241: ✅ 0 взято | 🗑️ 14 мусор
2026-06-19 15:00:10,470 | INFO     |   → 500/1241: ✅ 0 взято | 🗑️ 21 мусор
2026-06-19 15:00:10,470 | INFO     |   → 501/1241: ✅ 0 взято | 🗑️ 21 мусор
2026-06-19 15:00:10,470 | INFO     |   → 502/1241: ✅ 0 взято | 🗑️ 21 мусор
2026-06-19 15:00:10,470 | INFO     |   → 503/1241: ✅ 0 взято | 🗑️ 21 мусор
2026-06-19 15:00:10,470 | INFO     |   → 504/1241: ✅ 0 взято | 🗑️ 21 мусор
2026-06-19 15:00:10,470 | INFO     |   → 505/1241: ✅ 0 взято | 🗑️ 21 мусор
2026-06-19 15:00:10,470 | INFO     |   → 506/1241: ✅ 0 взято | 🗑️ 21 мусор
2026-06-19 15:00:10,470 | INFO     |   → 507/1241: ✅ 0 взято | 🗑️ 21 мусор
2026-06-19 15:00:10,470 | INFO     |   → 508/1241: ✅ 0 взято | 🗑️ 21 мусор
2026-06-19 15:00:10,470 | INFO     |   → 509/1241: ✅ 0 взято | 🗑️ 21 мусор
2026-06-19 15:00:10,470 | INFO     |   → 510/1241: ✅ 0 взято | 🗑️ 21 мусор
2026-06-19 15:00:10,470 | INFO     |   → 511/1241: ✅ 0 взято | 🗑️ 15 мусор
2026-06-19 15:00:10,470 | INFO     |   → 512/1241: ✅ 0 взято | 🗑️ 15 мусор
2026-06-19 15:00:10,470 | INFO     |   → 513/1241: ✅ 0 взято | 🗑️ 15 мусор
2026-06-19 15:00:10,470 | INFO     |   → 514/1241: ✅ 0 взято | 🗑️ 15 мусор
2026-06-19 15:00:10,470 | INFO     |   → 515/1241: ✅ 0 взято | 🗑️ 15 мусор
2026-06-19 15:00:10,470 | INFO     |   → 516/1241: ✅ 0 взято | 🗑️ 15 мусор
2026-06-19 15:00:10,470 | INFO     |   → 517/1241: ✅ 0 взято | 🗑️ 15 мусор
2026-06-19 15:00:10,470 | INFO     |   → 518/1241: ✅ 0 взято | 🗑️ 15 мусор
2026-06-19 15:00:10,471 | INFO     |   → 519/1241: ✅ 0 взято | 🗑️ 15 мусор
2026-06-19 15:00:10,471 | INFO     |   → 520/1241: ✅ 0 взято | 🗑️ 15 мусор
2026-06-19 15:00:10,471 | INFO     |   → 521/1241: ✅ 0 взято | 🗑️ 14 мусор
2026-06-19 15:00:10,471 | INFO     |   → 522/1241: ✅ 0 взято | 🗑️ 14 мусор
2026-06-19 15:00:10,471 | INFO     |   → 523/1241: ✅ 0 взято | 🗑️ 14 мусор
2026-06-19 15:00:10,471 | INFO     |   → 524/1241: ✅ 0 взято | 🗑️ 14 мусор
2026-06-19 15:00:10,471 | INFO     |   → 525/1241: ✅ 0 взято | 🗑️ 17 мусор
2026-06-19 15:00:10,471 | INFO     |   → 526/1241: ✅ 0 взято | 🗑️ 17 мусор
2026-06-19 15:00:10,471 | INFO     |   → 527/1241: ✅ 0 взято | 🗑️ 17 мусор
2026-06-19 15:00:10,471 | INFO     |   → 528/1241: ✅ 0 взято | 🗑️ 17 мусор
2026-06-19 15:00:10,471 | INFO     |   → 529/1241: ✅ 0 взято | 🗑️ 17 мусор
2026-06-19 15:00:10,471 | INFO     |   → 530/1241: ✅ 0 взято | 🗑️ 24 мусор
2026-06-19 15:00:10,471 | INFO     |   → 531/1241: ✅ 0 взято | 🗑️ 24 мусор
2026-06-19 15:00:10,471 | INFO     |   → 532/1241: ✅ 0 взято | 🗑️ 24 мусор
2026-06-19 15:00:10,471 | INFO     |   → 533/1241: ✅ 0 взято | 🗑️ 24 мусор
2026-06-19 15:00:10,471 | INFO     |   → 534/1241: ✅ 0 взято | 🗑️ 24 мусор
2026-06-19 15:00:10,471 | INFO     |   → 535/1241: ✅ 0 взято | 🗑️ 24 мусор
2026-06-19 15:00:10,471 | INFO     |   → 536/1241: ✅ 0 взято | 🗑️ 24 мусор
2026-06-19 15:00:10,471 | INFO     |   → 537/1241: ✅ 0 взято | 🗑️ 24 мусор
2026-06-19 15:00:10,471 | INFO     |   → 538/1241: ✅ 0 взято | 🗑️ 24 мусор
2026-06-19 15:00:10,471 | INFO     |   → 539/1241: ✅ 0 взято | 🗑️ 24 мусор
2026-06-19 15:00:10,471 | INFO     |   → 540/1241: ✅ 0 взято | 🗑️ 24 мусор
2026-06-19 15:00:10,471 | INFO     |   → 541/1241: ✅ 0 взято | 🗑️ 7 мусор
2026-06-19 15:00:10,471 | INFO     |   → 542/1241: ✅ 0 взято | 🗑️ 7 мусор
2026-06-19 15:00:10,471 | INFO     |   → 543/1241: ✅ 0 взято | 🗑️ 7 мусор
2026-06-19 15:00:10,471 | INFO     |   → 544/1241: ✅ 0 взято | 🗑️ 7 мусор
2026-06-19 15:00:10,471 | INFO     |   → 545/1241: ✅ 0 взято | 🗑️ 7 мусор
2026-06-19 15:00:10,472 | INFO     |   → 546/1241: ✅ 0 взято | 🗑️ 7 мусор
2026-06-19 15:00:10,472 | INFO     |   → 547/1241: ✅ 0 взято | 🗑️ 7 мусор
2026-06-19 15:00:10,472 | INFO     |   → 548/1241: ✅ 0 взято | 🗑️ 7 мусор
2026-06-19 15:00:10,472 | INFO     |   → 549/1241: ✅ 0 взято | 🗑️ 7 мусор
2026-06-19 15:00:10,472 | INFO     |   → 550/1241: ✅ 0 взято | 🗑️ 7 мусор
2026-06-19 15:00:10,472 | INFO     |   → 551/1241: ✅ 0 взято | 🗑️ 9 мусор
2026-06-19 15:00:10,472 | INFO     |   → 552/1241: ✅ 0 взято | 🗑️ 9 мусор
2026-06-19 15:00:10,472 | INFO     |   → 553/1241: ✅ 0 взято | 🗑️ 9 мусор
2026-06-19 15:00:10,472 | INFO     |   → 554/1241: ✅ 0 взято | 🗑️ 9 мусор
2026-06-19 15:00:10,472 | INFO     |   → 555/1241: ✅ 0 взято | 🗑️ 9 мусор
2026-06-19 15:00:10,472 | INFO     |   → 556/1241: ✅ 0 взято | 🗑️ 9 мусор
2026-06-19 15:00:10,472 | INFO     |   → 557/1241: ✅ 0 взято | 🗑️ 9 мусор
2026-06-19 15:00:10,472 | INFO     |   → 558/1241: ✅ 0 взято | 🗑️ 9 мусор
2026-06-19 15:00:10,472 | INFO     |   → 559/1241: ✅ 0 взято | 🗑️ 9 мусор
2026-06-19 15:00:10,472 | INFO     |   → 560/1241: ✅ 0 взято | 🗑️ 0 мусор
2026-06-19 15:00:10,472 | INFO     |   → 561/1241: ✅ 0 взято | 🗑️ 0 мусор
2026-06-19 15:00:10,472 | INFO     |   → 562/1241: ✅ 0 взято | 🗑️ 0 мусор
2026-06-19 15:00:10,472 | INFO     |   → 563/1241: ✅ 0 взято | 🗑️ 0 мусор
2026-06-19 15:00:10,472 | INFO     |   → 564/1241: ✅ 0 взято | 🗑️ 0 мусор
2026-06-19 15:00:10,472 | INFO     |   → 565/1241: ✅ 0 взято | 🗑️ 0 мусор
2026-06-19 15:00:10,472 | INFO     |   → 566/1241: ✅ 0 взято | 🗑️ 0 мусор
2026-06-19 15:00:10,472 | INFO     |   → 567/1241: ✅ 0 взято | 🗑️ 0 мусор
2026-06-19 15:00:10,472 | INFO     |   → 568/1241: ✅ 0 взято | 🗑️ 0 мусор
2026-06-19 15:00:10,472 | INFO     |   → 569/1241: ✅ 0 взято | 🗑️ 0 мусор
2026-06-19 15:00:10,472 | INFO     |   → 570/1241: ✅ 0 взято | 🗑️ 0 мусор
2026-06-19 15:00:10,473 | INFO     |   → 571/1241: ✅ 0 взято | 🗑️ 0 мусор
2026-06-19 15:00:10,473 | INFO     |   → 572/1241 ❌ HTTP 404 — https://raw.githubusercontent.com/10ium/MihomoSaz/main/Sublist/shatakvpn.yaml4_Sub.txt
2026-06-19 15:00:10,473 | INFO     |   → 573/1241: ✅ 0 взято | 🗑️ 0 мусор
2026-06-19 15:00:10,473 | INFO     |   → 574/1241: ✅ 0 взято | 🗑️ 0 мусор
2026-06-19 15:00:10,473 | INFO     |   → 575/1241: ✅ 167 взято | 🗑️ 672 мусор
2026-06-19 15:00:10,473 | INFO     |   → 576/1241: ✅ 0 взято | 🗑️ 0 мусор
2026-06-19 15:00:10,473 | INFO     |   → 577/1241: ✅ 0 взято | 🗑️ 0 мусор
2026-06-19 15:00:10,473 | INFO     |   → 578/1241: ✅ 11 взято | 🗑️ 399 мусор
2026-06-19 15:00:10,473 | INFO     |   → 579/1241: ✅ 0 взято | 🗑️ 0 мусор
2026-06-19 15:00:10,473 | INFO     |   → 580/1241 ❌ HTTP 404 — https://raw.githubusercontent.com/9Fork/openit/main/Clash.yaml
2026-06-19 15:00:10,473 | INFO     |   → 581/1241: ✅ 129 взято | 🗑️ 632 мусор
2026-06-19 15:00:10,473 | INFO     |   → 582/1241: ✅ 0 взято | 🗑️ 632 мусор
2026-06-19 15:00:10,473 | INFO     |   → 583/1241: ✅ 19 взято | 🗑️ 81 мусор
2026-06-19 15:00:10,473 | INFO     |   → 584/1241: ✅ 11 взято | 🗑️ 87 мусор
2026-06-19 15:00:10,473 | INFO     |   → 585/1241: ✅ 27 взято | 🗑️ 73 мусор
2026-06-19 15:00:10,473 | INFO     |   → 586/1241: ✅ 13 взято | 🗑️ 75 мусор
2026-06-19 15:00:10,473 | INFO     |   → 587/1241: ✅ 10 взято | 🗑️ 83 мусор
2026-06-19 15:00:10,473 | INFO     |   → 588/1241: ✅ 12 взято | 🗑️ 86 мусор
2026-06-19 15:00:10,473 | INFO     |   → 589/1241: ✅ 11 взято | 🗑️ 87 мусор
2026-06-19 15:00:10,473 | INFO     |   → 590/1241: ✅ 11 взято | 🗑️ 80 мусор
2026-06-19 15:00:10,473 | INFO     |   → 591/1241: ✅ 9 взято | 🗑️ 82 мусор
2026-06-19 15:00:10,473 | INFO     |   → 592/1241: ✅ 69 взято | 🗑️ 3 мусор
2026-06-19 15:00:10,473 | INFO     |   → 593/1241: ✅ 3 взято | 🗑️ 75 мусор
2026-06-19 15:00:10,473 | INFO     |   → 594/1241: ✅ 4 взято | 🗑️ 69 мусор
2026-06-19 15:00:10,473 | INFO     |   → 595/1241: ✅ 4 взято | 🗑️ 80 мусор
2026-06-19 15:00:10,473 | INFO     |   → 596/1241: ✅ 6 взято | 🗑️ 81 мусор
2026-06-19 15:00:10,473 | INFO     |   → 597/1241: ✅ 5 взято | 🗑️ 79 мусор
2026-06-19 15:00:10,473 | INFO     |   → 598/1241: ✅ 11 взято | 🗑️ 78 мусор
2026-06-19 15:00:10,474 | INFO     |   → 599/1241: ✅ 3 взято | 🗑️ 83 мусор
2026-06-19 15:00:10,474 | INFO     |   → 600/1241: ✅ 14 взято | 🗑️ 76 мусор
2026-06-19 15:00:10,474 | INFO     |   → 601/1241: ✅ 12 взято | 🗑️ 78 мусор
2026-06-19 15:00:10,474 | INFO     |   → 602/1241: ✅ 26 взято | 🗑️ 218 мусор
2026-06-19 15:00:10,474 | INFO     |   → 603/1241: ✅ 44 взято | 🗑️ 141 мусор
2026-06-19 15:00:10,474 | INFO     |   → 604/1241: ✅ 10 взято | 🗑️ 71 мусор
2026-06-19 15:00:10,474 | INFO     |   → 605/1241: ✅ 2 взято | 🗑️ 88 мусор
2026-06-19 15:00:10,474 | INFO     |   → 606/1241: ✅ 0 взято | 🗑️ 3 мусор
2026-06-19 15:00:10,474 | INFO     |   → 607/1241: ✅ 14 взято | 🗑️ 4 мусор
2026-06-19 15:00:10,474 | INFO     |   → 608/1241: ✅ 742 взято | 🗑️ 2528 мусор
2026-06-19 15:00:10,474 | INFO     |   → 609/1241 ❌ HTTP 404 — https://raw.githubusercontent.com/Alvin9999/pac2/master/clash/1/config.yaml
2026-06-19 15:00:10,474 | INFO     |   → 610/1241 ❌ HTTP 404 — https://raw.githubusercontent.com/AmirHDevo/temp2/7f15e7ddb311a6f8c5ab338bd1af0e1f2136a84b/configs.txt
2026-06-19 15:00:10,474 | INFO     |   → 611/1241: ✅ 22 взято | 🗑️ 388 мусор
2026-06-19 15:00:10,474 | INFO     |   → 612/1241: ✅ 9466 взято | 🗑️ 141390 мусор
2026-06-19 15:00:10,474 | INFO     |   → 613/1241: ✅ 5 взято | 🗑️ 47 мусор
2026-06-19 15:00:10,474 | INFO     |   → 614/1241: ✅ 0 взято | 🗑️ 50 мусор
2026-06-19 15:00:10,474 | INFO     |   → 615/1241: ✅ 21 взято | 🗑️ 107 мусор
2026-06-19 15:00:10,474 | INFO     |   → 616/1241: ✅ 78 взято | 🗑️ 347 мусор
2026-06-19 15:00:10,474 | INFO     |   → 617/1241: ✅ 0 взято | 🗑️ 1373 мусор
2026-06-19 15:00:10,474 | INFO     |   → 618/1241: ✅ 301 взято | 🗑️ 355 мусор
2026-06-19 15:00:10,474 | INFO     |   → 619/1241: ✅ 0 взято | 🗑️ 6 мусор
2026-06-19 15:00:10,474 | INFO     |   → 620/1241: ✅ 0 взято | 🗑️ 0 мусор
2026-06-19 15:00:10,474 | INFO     |   → 621/1241: ✅ 1 взято | 🗑️ 235 мусор
2026-06-19 15:00:10,474 | INFO     |   → 622/1241: ✅ 0 взято | 🗑️ 16 мусор
2026-06-19 15:00:10,474 | INFO     |   → 623/1241: ✅ 0 взято | 🗑️ 0 мусор
2026-06-19 15:00:10,474 | INFO     |   → 624/1241: ✅ 0 взято | 🗑️ 14 мусор
2026-06-19 15:00:10,474 | INFO     |   → 625/1241: ✅ 0 взято | 🗑️ 0 мусор
2026-06-19 15:00:10,474 | INFO     |   → 626/1241: ✅ 0 взято | 🗑️ 17 мусор
2026-06-19 15:00:10,474 | INFO     |   → 627/1241: ✅ 0 взято | 🗑️ 0 мусор
2026-06-19 15:00:10,475 | INFO     |   → 628/1241: ✅ 1 взято | 🗑️ 12 мусор
2026-06-19 15:00:10,475 | INFO     |   → 629/1241: ✅ 0 взято | 🗑️ 0 мусор
2026-06-19 15:00:10,475 | INFO     |   → 630/1241: ✅ 0 взято | 🗑️ 17 мусор
2026-06-19 15:00:10,475 | INFO     |   → 631/1241: ✅ 0 взято | 🗑️ 0 мусор
2026-06-19 15:00:10,475 | INFO     |   → 632/1241: ✅ 0 взято | 🗑️ 17 мусор
2026-06-19 15:00:10,475 | INFO     |   → 633/1241: ✅ 0 взято | 🗑️ 0 мусор
2026-06-19 15:00:10,475 | INFO     |   → 634/1241: ✅ 0 взято | 🗑️ 161 мусор
2026-06-19 15:00:10,475 | INFO     |   → 635/1241: ✅ 0 взято | 🗑️ 0 мусор
2026-06-19 15:00:10,475 | INFO     |   → 636/1241: ✅ 5 взято | 🗑️ 76 мусор
2026-06-19 15:00:10,475 | INFO     |   → 637/1241: ✅ 80 взято | 🗑️ 1110 мусор
2026-06-19 15:00:10,475 | INFO     |   → 638/1241: ✅ 5 взято | 🗑️ 13 мусор
2026-06-19 15:00:10,475 | INFO     |   → 639/1241 ❌ HTTP 404 — https://raw.githubusercontent.com/Epodonios/bulk-xray-v2ray-vless-vmess-...-configs/main/sub/Austria/config.txt
2026-06-19 15:00:10,475 | INFO     |   → 640/1241 ❌ HTTP 404 — https://raw.githubusercontent.com/Epodonios/bulk-xray-v2ray-vless-vmess-...-configs/main/sub/Canada/config.txt
2026-06-19 15:00:10,475 | INFO     |   → 641/1241 ❌ HTTP 404 — https://raw.githubusercontent.com/Epodonios/bulk-xray-v2ray-vless-vmess-...-configs/main/sub/Costa%20Rica/config.txt
2026-06-19 15:00:10,475 | INFO     |   → 642/1241 ❌ HTTP 404 — https://raw.githubusercontent.com/Epodonios/bulk-xray-v2ray-vless-vmess-...-configs/main/sub/France/config.txt
2026-06-19 15:00:10,475 | INFO     |   → 643/1241 ❌ HTTP 404 — https://raw.githubusercontent.com/Epodonios/bulk-xray-v2ray-vless-vmess-...-configs/main/sub/Germany/config.txt
2026-06-19 15:00:10,475 | INFO     |   → 644/1241 ❌ HTTP 404 — https://raw.githubusercontent.com/Epodonios/bulk-xray-v2ray-vless-vmess-...-configs/main/sub/Indonesia/config.txt
2026-06-19 15:00:10,475 | INFO     |   → 645/1241 ❌ HTTP 404 — https://raw.githubusercontent.com/Epodonios/bulk-xray-v2ray-vless-vmess-...-configs/main/sub/Ireland/config.txt
2026-06-19 15:00:10,475 | INFO     |   → 646/1241 ❌ HTTP 404 — https://raw.githubusercontent.com/Epodonios/bulk-xray-v2ray-vless-vmess-...-configs/main/sub/Republic%20of%20Lithuania/config.txt
2026-06-19 15:00:10,475 | INFO     |   → 647/1241 ❌ HTTP 404 — https://raw.githubusercontent.com/Epodonios/bulk-xray-v2ray-vless-vmess-...-configs/main/sub/South%20Africa/config.txt
2026-06-19 15:00:10,475 | INFO     |   → 648/1241 ❌ HTTP 404 — https://raw.githubusercontent.com/Epodonios/bulk-xray-v2ray-vless-vmess-...-configs/main/sub/Sweden/config.txt
2026-06-19 15:00:10,475 | INFO     |   → 649/1241 ❌ HTTP 404 — https://raw.githubusercontent.com/Epodonios/bulk-xray-v2ray-vless-vmess-...-configs/main/sub/Turkey/config.txt
2026-06-19 15:00:10,475 | INFO     |   → 650/1241 ❌ HTTP 404 — https://raw.githubusercontent.com/Epodonios/bulk-xray-v2ray-vless-vmess-...-configs/main/sub/United%20Arab%20Emirates/config.txt
2026-06-19 15:00:10,475 | INFO     |   → 651/1241 ❌ HTTP 404 — https://raw.githubusercontent.com/Epodonios/bulk-xray-v2ray-vless-vmess-...-configs/main/sub/United%20Kingdom/config.txt
2026-06-19 15:00:10,475 | INFO     |   → 652/1241 ❌ HTTP 404 — https://raw.githubusercontent.com/Epodonios/bulk-xray-v2ray-vless-vmess-...-configs/main/sub/United%20States/config.txt
2026-06-19 15:00:10,475 | INFO     |   → 653/1241: ✅ 696 взято | 🗑️ 6059 мусор
2026-06-19 15:00:10,475 | INFO     |   → 654/1241 ❌ HTTP 404 — https://raw.githubusercontent.com/Epodonios/v2ray-configs/main/Splitted-By-Protocol/mix.txt
2026-06-19 15:00:10,475 | INFO     |   → 655/1241: ✅ 0 взято | 🗑️ 593 мусор
2026-06-19 15:00:10,475 | INFO     |   → 656/1241: ✅ 0 взято | 🗑️ 0 мусор
2026-06-19 15:00:10,476 | INFO     |   → 657/1241: ✅ 5 взято | 🗑️ 622 мусор
2026-06-19 15:00:10,476 | INFO     |   → 658/1241: ✅ 6 взято | 🗑️ 4175 мусор
2026-06-19 15:00:10,476 | INFO     |   → 659/1241: ✅ 8 взято | 🗑️ 652 мусор
2026-06-19 15:00:10,476 | INFO     |   → 660/1241 ❌ HTTP 404 — https://raw.githubusercontent.com/Epodonios/v2ray-configs/raw/main/Splitted-By-Protocol/trojan.txt
2026-06-19 15:00:10,476 | INFO     |   → 661/1241 ❌ HTTP 404 — https://raw.githubusercontent.com/Epodonios/v2ray-configs/raw/main/Splitted-By-Protocol/vmess.txt
2026-06-19 15:00:10,476 | INFO     |   → 662/1241: ✅ 0 взято | 🗑️ 593 мусор
2026-06-19 15:00:10,476 | INFO     |   → 663/1241: ✅ 0 взято | 🗑️ 0 мусор
2026-06-19 15:00:10,476 | INFO     |   → 664/1241: ✅ 0 взято | 🗑️ 622 мусор
2026-06-19 15:00:10,476 | INFO     |   → 665/1241: ✅ 0 взято | 🗑️ 4175 мусор
2026-06-19 15:00:10,476 | INFO     |   → 666/1241: ✅ 0 взято | 🗑️ 652 мусор
2026-06-19 15:00:10,476 | INFO     |   → 667/1241 ❌ HTTP 404 — https://raw.githubusercontent.com/Fido6/FreeNodes/57221e59caddde55ffdda21d491ae952cd608049/nodes/halekj.txt
2026-06-19 15:00:10,476 | INFO     |   → 668/1241 ❌ HTTP 404 — https://raw.githubusercontent.com/Fido6/FreeNodes/57221e59caddde55ffdda21d491ae952cd608049/nodes/kkzui.txt
2026-06-19 15:00:10,476 | INFO     |   → 669/1241 ❌ HTTP 404 — https://raw.githubusercontent.com/Fido6/FreeNodes/57221e59caddde55ffdda21d491ae952cd608049/nodes/wenode.txt
2026-06-19 15:00:10,476 | INFO     |   → 670/1241: ✅ 0 взято | 🗑️ 0 мусор
2026-06-19 15:00:10,476 | INFO     |   → 671/1241: ✅ 0 взято | 🗑️ 0 мусор
2026-06-19 15:00:10,476 | INFO     |   → 672/1241: ✅ 14 взято | 🗑️ 250 мусор
2026-06-19 15:00:10,476 | INFO     |   → 673/1241: ✅ 3 взято | 🗑️ 14 мусор
2026-06-19 15:00:10,476 | INFO     |   → 674/1241: ✅ 1 взято | 🗑️ 17 мусор
2026-06-19 15:00:10,476 | INFO     |   → 675/1241: ✅ 4 взято | 🗑️ 11 мусор
2026-06-19 15:00:10,476 | INFO     |   → 676/1241: ✅ 0 взято | 🗑️ 0 мусор
2026-06-19 15:00:10,476 | INFO     |   → 677/1241: ✅ 0 взято | 🗑️ 137 мусор
2026-06-19 15:00:10,476 | INFO     |   → 678/1241: ✅ 0 взято | 🗑️ 32 мусор
2026-06-19 15:00:10,476 | INFO     |   → 679/1241: ✅ 2 взято | 🗑️ 19 мусор
2026-06-19 15:00:10,476 | INFO     |   → 680/1241: ✅ 0 взято | 🗑️ 43 мусор
2026-06-19 15:00:10,476 | INFO     |   → 681/1241: ✅ 0 взято | 🗑️ 43 мусор
2026-06-19 15:00:10,476 | INFO     |   → 682/1241 ❌ HTTP 404 — https://raw.githubusercontent.com/Iran-v2ray/v2ray/main/v2ray
2026-06-19 15:00:10,476 | INFO     |   → 683/1241: ✅ 0 взято | 🗑️ 1 мусор
2026-06-19 15:00:10,476 | INFO     |   → 684/1241: ✅ 0 взято | 🗑️ 1 мусор
2026-06-19 15:00:10,476 | INFO     |   → 685/1241: ✅ 0 взято | 🗑️ 28 мусор
2026-06-19 15:00:10,477 | INFO     |   → 686/1241: ✅ 14 взято | 🗑️ 282 мусор
2026-06-19 15:00:10,477 | INFO     |   → 687/1241: ✅ 0 взято | 🗑️ 94 мусор
2026-06-19 15:00:10,477 | INFO     |   → 688/1241: ✅ 0 взято | 🗑️ 0 мусор
2026-06-19 15:00:10,477 | INFO     |   → 689/1241: ✅ 0 взято | 🗑️ 0 мусор
2026-06-19 15:00:10,477 | INFO     |   → 690/1241 ❌ HTTP 404 — https://raw.githubusercontent.com/Kwinshadow/TelegramV2rayCollector/raw/refs/heads/main/sublinks/mix.txt
2026-06-19 15:00:10,477 | INFO     |   → 691/1241 ❌ HTTP 404 — https://raw.githubusercontent.com/LalatinaHub/Mineral/raw/refs/heads/master/result/nodes
2026-06-19 15:00:10,477 | INFO     |   → 692/1241 ❌ HTTP 404 — https://raw.githubusercontent.com/Leon406/SubCrawler/main/sub/share/all3
2026-06-19 15:00:10,477 | INFO     |   → 693/1241 ❌ HTTP 404 — https://raw.githubusercontent.com/Leon406/SubCrawler/main/sub/share/all4
2026-06-19 15:00:10,477 | INFO     |   → 694/1241: ✅ 4 взято | 🗑️ 335 мусор
2026-06-19 15:00:10,477 | INFO     |   → 695/1241: ✅ 0 взято | 🗑️ 33 мусор
2026-06-19 15:00:10,477 | INFO     |   → 696/1241: ✅ 0 взято | 🗑️ 6 мусор
2026-06-19 15:00:10,477 | INFO     |   → 697/1241: ✅ 0 взято | 🗑️ 147 мусор
2026-06-19 15:00:10,477 | INFO     |   → 698/1241 ❌ HTTP 404 — https://raw.githubusercontent.com/M-Mashreghi/free-config-collector/main/Splitted-By-Protocol/ssr.txt
2026-06-19 15:00:10,477 | INFO     |   → 699/1241: ✅ 139 взято | 🗑️ 114 мусор
2026-06-19 15:00:10,477 | INFO     |   → 700/1241: ✅ 126 взято | 🗑️ 137 мусор
2026-06-19 15:00:10,477 | INFO     |   → 701/1241: ✅ 0 взято | 🗑️ 12 мусор
2026-06-19 15:00:10,477 | INFO     |   → 702/1241: ✅ 0 взято | 🗑️ 1 мусор
2026-06-19 15:00:10,477 | INFO     |   → 703/1241: ✅ 647 взято | 🗑️ 36 мусор
2026-06-19 15:00:10,477 | INFO     |   → 704/1241: ✅ 0 взято | 🗑️ 36 мусор
2026-06-19 15:00:10,477 | INFO     |   → 705/1241 ❌ HTTP 404 — https://raw.githubusercontent.com/MatinGhanbari/v2ray-configs/main/subscriptions/filtered/subs/hy2.txt
2026-06-19 15:00:10,477 | INFO     |   → 706/1241: ✅ 29 взято | 🗑️ 1341 мусор
2026-06-19 15:00:10,477 | INFO     |   → 707/1241 ❌ HTTP 404 — https://raw.githubusercontent.com/MatinGhanbari/v2ray-configs/main/subscriptions/filtered/subs/ssr.txt
2026-06-19 15:00:10,477 | INFO     |   → 708/1241: ✅ 63 взято | 🗑️ 500 мусор
2026-06-19 15:00:10,477 | INFO     |   → 709/1241 ❌ HTTP 404 — https://raw.githubusercontent.com/MatinGhanbari/v2ray-configs/main/subscriptions/filtered/subs/tuic.txt
2026-06-19 15:00:10,477 | INFO     |   → 710/1241: ✅ 19 взято | 🗑️ 447 мусор
2026-06-19 15:00:10,477 | INFO     |   → 711/1241: ✅ 234 взято | 🗑️ 1332 мусор
2026-06-19 15:00:10,477 | INFO     |   → 712/1241: ✅ 0 взято | 🗑️ 2 мусор
2026-06-19 15:00:10,477 | INFO     |   → 713/1241: ✅ 189 взято | 🗑️ 1400 мусор
2026-06-19 15:00:10,477 | INFO     |   → 714/1241: ✅ 0 взято | 🗑️ 694 мусор
2026-06-19 15:00:10,477 | INFO     |   → 715/1241: ✅ 0 взято | 🗑️ 694 мусор
2026-06-19 15:00:10,478 | INFO     |   → 716/1241: ✅ 0 взято | 🗑️ 54 мусор
2026-06-19 15:00:10,478 | INFO     |   → 717/1241: ✅ 0 взято | 🗑️ 2 мусор
2026-06-19 15:00:10,478 | INFO     |   → 718/1241: ✅ 0 взято | 🗑️ 561 мусор
2026-06-19 15:00:10,478 | INFO     |   → 719/1241: ✅ 0 взято | 🗑️ 97 мусор
2026-06-19 15:00:10,478 | INFO     |   → 720/1241 ❌ HTTP 404 — https://raw.githubusercontent.com/MhdiTaheri/V2rayCollector/raw/refs/heads/main/sub/mix
2026-06-19 15:00:10,478 | INFO     |   → 721/1241: ✅ 53 взято | 🗑️ 267 мусор
2026-06-19 15:00:10,478 | INFO     |   → 722/1241 ❌ HTTP 404 — https://raw.githubusercontent.com/MhdiTaheri/V2rayCollector_Py/raw/refs/heads/main/sub/Mix/mix.txt
2026-06-19 15:00:10,478 | INFO     |   → 723/1241: ✅ 0 взято | 🗑️ 0 мусор
2026-06-19 15:00:10,478 | INFO     |   → 724/1241: ✅ 43 взято | 🗑️ 217 мусор
2026-06-19 15:00:10,478 | INFO     |   → 725/1241: ✅ 0 взято | 🗑️ 31 мусор
2026-06-19 15:00:10,478 | INFO     |   → 726/1241: ✅ 94 взято | 🗑️ 282 мусор
2026-06-19 15:00:10,478 | INFO     |   → 727/1241: ✅ 0 взято | 🗑️ 26 мусор
2026-06-19 15:00:10,478 | INFO     |   → 728/1241 ❌ HTTP 404 — https://raw.githubusercontent.com/MrMohebi/xray-proxy-grabber-telegram/master/collected-proxies/clash-meta/all.yaml
2026-06-19 15:00:10,478 | INFO     |   → 729/1241 ❌ HTTP 404 — https://raw.githubusercontent.com/MrMohebi/xray-proxy-grabber-telegram/master/collected-proxies/row-url/actives.txt
2026-06-19 15:00:10,478 | INFO     |   → 730/1241 ❌ HTTP 404 — https://raw.githubusercontent.com/MrMohebi/xray-proxy-grabber-telegram/master/collected-proxies/row-url/all.txt
2026-06-19 15:00:10,478 | INFO     |   → 731/1241: ✅ 0 взято | 🗑️ 13 мусор
2026-06-19 15:00:10,478 | INFO     |   → 732/1241: ✅ 0 взято | 🗑️ 13 мусор
2026-06-19 15:00:10,478 | INFO     |   → 733/1241: ✅ 5 взято | 🗑️ 15 мусор
2026-06-19 15:00:10,478 | INFO     |   → 734/1241: ✅ 0 взято | 🗑️ 30 мусор
2026-06-19 15:00:10,478 | INFO     |   → 735/1241: ✅ 0 взято | 🗑️ 15 мусор
2026-06-19 15:00:10,478 | INFO     |   → 736/1241: ✅ 66 взято | 🗑️ 123 мусор
2026-06-19 15:00:10,478 | INFO     |   → 737/1241: ✅ 133 взято | 🗑️ 65 мусор
2026-06-19 15:00:10,478 | INFO     |   → 738/1241: ✅ 0 взято | 🗑️ 0 мусор
2026-06-19 15:00:10,478 | INFO     |   → 739/1241 ❌ HTTP 404 — https://raw.githubusercontent.com/OpenCNLink/freevpn/3cfcff048bfdd1493ccffa52ecf30ce7f9fc6b28/src/list/vmess.txt
2026-06-19 15:00:10,478 | INFO     |   → 740/1241 ❌ HTTP 404 — https://raw.githubusercontent.com/Pawdro/Collection/main/sub
2026-06-19 15:00:10,478 | INFO     |   → 741/1241: ✅ 1 взято | 🗑️ 19 мусор
2026-06-19 15:00:10,478 | INFO     |   → 742/1241: ✅ 0 взято | 🗑️ 19 мусор
2026-06-19 15:00:10,478 | INFO     |   → 743/1241: ✅ 0 взято | 🗑️ 0 мусор
2026-06-19 15:00:10,478 | INFO     |   → 744/1241: ✅ 0 взято | 🗑️ 0 мусор
2026-06-19 15:00:10,479 | INFO     |   → 745/1241: ✅ 0 взято | 🗑️ 50 мусор
2026-06-19 15:00:10,479 | INFO     |   → 746/1241: ✅ 5 взято | 🗑️ 206 мусор
2026-06-19 15:00:10,479 | INFO     |   → 747/1241: ✅ 21 взято | 🗑️ 138 мусор
2026-06-19 15:00:10,479 | INFO     |   → 748/1241: ✅ 23 взято | 🗑️ 89 мусор
2026-06-19 15:00:10,479 | INFO     |   → 749/1241: ✅ 9 взято | 🗑️ 85 мусор
2026-06-19 15:00:10,479 | INFO     |   → 750/1241: ✅ 0 взято | 🗑️ 129 мусор
2026-06-19 15:00:10,479 | INFO     |   → 751/1241: ✅ 0 взято | 🗑️ 81 мусор
2026-06-19 15:00:10,479 | INFO     |   → 752/1241 ❌ HTTP 404 — https://raw.githubusercontent.com/STR97/STRUGOV/refs/heads/main/STR.BYPASS
2026-06-19 15:00:10,479 | INFO     |   → 753/1241: ✅ 4 взято | 🗑️ 34 мусор
2026-06-19 15:00:10,479 | INFO     |   → 754/1241: ✅ 11 взято | 🗑️ 16 мусор
2026-06-19 15:00:10,479 | INFO     |   → 755/1241: ✅ 0 взято | 🗑️ 16 мусор
2026-06-19 15:00:10,479 | INFO     |   → 756/1241: ✅ 0 взято | 🗑️ 27 мусор
2026-06-19 15:00:10,479 | INFO     |   → 757/1241: ✅ 140 взято | 🗑️ 1153 мусор
2026-06-19 15:00:10,479 | INFO     |   → 758/1241: ✅ 29 взято | 🗑️ 54 мусор
2026-06-19 15:00:10,479 | INFO     |   → 759/1241: ✅ 0 взято | 🗑️ 5 мусор
2026-06-19 15:00:10,479 | INFO     |   → 760/1241: ✅ 1 взято | 🗑️ 0 мусор
2026-06-19 15:00:10,479 | INFO     |   → 761/1241: ✅ 0 взято | 🗑️ 33 мусор
2026-06-19 15:00:10,479 | INFO     |   → 762/1241: ✅ 0 взято | 🗑️ 5 мусор
2026-06-19 15:00:10,479 | INFO     |   → 763/1241: ✅ 0 взято | 🗑️ 33 мусор
2026-06-19 15:00:10,479 | INFO     |   → 764/1241: ✅ 4 взято | 🗑️ 291 мусор
2026-06-19 15:00:10,479 | INFO     |   → 765/1241: ✅ 0 взято | 🗑️ 119 мусор
2026-06-19 15:00:10,479 | INFO     |   → 766/1241: ✅ 0 взято | 🗑️ 0 мусор
2026-06-19 15:00:10,479 | INFO     |   → 767/1241 ❌ HTTP 404 — https://raw.githubusercontent.com/V2RAYCONFIGSPOOL/V2RAY_SUB/main/V2RAY_SUB.txt
2026-06-19 15:00:10,479 | INFO     |   → 768/1241: ✅ 103 взято | 🗑️ 158 мусор
2026-06-19 15:00:10,479 | INFO     |   → 769/1241: ✅ 16 взято | 🗑️ 17 мусор
2026-06-19 15:00:10,479 | INFO     |   → 770/1241: ✅ 0 взято | 🗑️ 0 мусор
2026-06-19 15:00:10,479 | INFO     |   → 771/1241: ✅ 0 взято | 🗑️ 17 мусор
2026-06-19 15:00:10,479 | INFO     |   → 772/1241: ✅ 58 взято | 🗑️ 348 мусор
2026-06-19 15:00:10,479 | INFO     |   → 773/1241: ✅ 0 взято | 🗑️ 0 мусор
2026-06-19 15:00:10,480 | INFO     |   → 774/1241: ✅ 4 взято | 🗑️ 458 мусор
2026-06-19 15:00:10,480 | INFO     |   → 775/1241 ❌ HTTP 404 — https://raw.githubusercontent.com/ZYFXS/ZYFXS001/refs/heads/main/20c-youtube%40ZYFXS
2026-06-19 15:00:10,480 | INFO     |   → 776/1241 ❌ HTTP 404 — https://raw.githubusercontent.com/ZYFXS/ZYFXS001/refs/heads/main/20v-youtube%40ZYFXS
2026-06-19 15:00:10,480 | INFO     |   → 777/1241: ✅ 0 взято | 🗑️ 0 мусор
2026-06-19 15:00:10,480 | INFO     |   → 778/1241: ✅ 1 взято | 🗑️ 164 мусор
2026-06-19 15:00:10,480 | INFO     |   → 779/1241 ❌ HTTP 404 — https://raw.githubusercontent.com/ZYFXS/ZYFXS001/refs/heads/main/youtube%40ZYFXS---23c
2026-06-19 15:00:10,480 | INFO     |   → 780/1241 ❌ HTTP 404 — https://raw.githubusercontent.com/ZYFXS/ZYFXS001/refs/heads/main/youtube%40ZYFXS---23v
2026-06-19 15:00:10,480 | INFO     |   → 781/1241: ✅ 0 взято | 🗑️ 0 мусор
2026-06-19 15:00:10,480 | INFO     |   → 782/1241: ✅ 0 взято | 🗑️ 0 мусор
2026-06-19 15:00:10,480 | INFO     |   → 783/1241: ✅ 6 взято | 🗑️ 221 мусор
2026-06-19 15:00:10,480 | INFO     |   → 784/1241 ❌ HTTP 404 — https://raw.githubusercontent.com/ZYFXS/ZYFXS001/refs/heads/main/youtube%40ZYFXS-21c
2026-06-19 15:00:10,480 | INFO     |   → 785/1241 ❌ HTTP 404 — https://raw.githubusercontent.com/ZYFXS/ZYFXS001/refs/heads/main/youtube%40ZYFXS-21v
2026-06-19 15:00:10,480 | INFO     |   → 786/1241: ✅ 1 взято | 🗑️ 251 мусор
2026-06-19 15:00:10,480 | INFO     |   → 787/1241: ✅ 1 взято | 🗑️ 231 мусор
2026-06-19 15:00:10,480 | INFO     |   → 788/1241: ✅ 0 взято | 🗑️ 0 мусор
2026-06-19 15:00:10,480 | INFO     |   → 789/1241: ✅ 1 взято | 🗑️ 83 мусор
2026-06-19 15:00:10,480 | INFO     |   → 790/1241: ✅ 0 взято | 🗑️ 16 мусор
2026-06-19 15:00:10,480 | INFO     |   → 791/1241: ✅ 0 взято | 🗑️ 16 мусор
2026-06-19 15:00:10,480 | INFO     |   → 792/1241 ❌ HTTP 404 — https://raw.githubusercontent.com/aiboboxx/clashfree/main/clash.yml
2026-06-19 15:00:10,480 | INFO     |   → 793/1241 ❌ HTTP 404 — https://raw.githubusercontent.com/aiboboxx/v2rayfree/main/v2
2026-06-19 15:00:10,480 | INFO     |   → 794/1241 ❌ HTTP 404 — https://raw.githubusercontent.com/amirmohammad-mohammad-88/Sub-Reality-Azadi-config/Config/Azadi-Reality-Different
2026-06-19 15:00:10,480 | INFO     |   → 795/1241 ❌ HTTP 404 — https://raw.githubusercontent.com/amirmohammad-mohammad-88/Sub-Reality-Azadi-config/Config/Azadi-Reality-Different-Base64
2026-06-19 15:00:10,480 | INFO     |   → 796/1241: ✅ 1 взято | 🗑️ 17 мусор
2026-06-19 15:00:10,480 | INFO     |   → 797/1241: ✅ 0 взято | 🗑️ 0 мусор
2026-06-19 15:00:10,480 | INFO     |   → 798/1241: ✅ 4 взято | 🗑️ 114 мусор
2026-06-19 15:00:10,480 | INFO     |   → 799/1241: ✅ 22 взято | 🗑️ 60 мусор
2026-06-19 15:00:10,480 | INFO     |   → 800/1241 ❌ HTTP 404 — https://raw.githubusercontent.com/awesome-vpn/awesome-vpn/master/ss
2026-06-19 15:00:10,480 | INFO     |   → 801/1241 ❌ HTTP 404 — https://raw.githubusercontent.com/awesome-vpn/awesome-vpn/master/ssr
2026-06-19 15:00:10,480 | INFO     |   → 802/1241: ✅ 0 взято | 🗑️ 0 мусор
2026-06-19 15:00:10,480 | INFO     |   → 803/1241: ✅ 1 взято | 🗑️ 22 мусор
2026-06-19 15:00:10,481 | INFO     |   → 804/1241: ✅ 0 взято | 🗑️ 432 мусор
2026-06-19 15:00:10,481 | INFO     |   → 805/1241 ❌ HTTP 404 — https://raw.githubusercontent.com/barry-far/V2ray-Configs/ced94ddfff48276ec365b40227561f36b1b64bc8/Sub5.txt
2026-06-19 15:00:10,481 | INFO     |   → 806/1241 ❌ HTTP 404 — https://raw.githubusercontent.com/barry-far/V2ray-Configs/main/Splitted-By-Protocol/hysteria2.txt
2026-06-19 15:00:10,481 | INFO     |   → 807/1241 ❌ HTTP 404 — https://raw.githubusercontent.com/barry-far/V2ray-Configs/main/Splitted-By-Protocol/vless.txt
2026-06-19 15:00:10,481 | INFO     |   → 808/1241 ❌ HTTP 404 — https://raw.githubusercontent.com/barry-far/V2ray-Configs/main/Sub1.txt
2026-06-19 15:00:10,481 | INFO     |   → 809/1241 ❌ HTTP 404 — https://raw.githubusercontent.com/barry-far/V2ray-Configs/refs/heads/main/All_Configs_Sub.txt
2026-06-19 15:00:10,481 | INFO     |   → 810/1241: ✅ 0 взято | 🗑️ 0 мусор
2026-06-19 15:00:10,481 | INFO     |   → 811/1241 ❌ HTTP 404 — https://raw.githubusercontent.com/budamu/clashconfig/main/v2ray.txt
2026-06-19 15:00:10,481 | INFO     |   → 812/1241 ❌ HTTP 404 — https://raw.githubusercontent.com/budamu/clashconfig/main/v2ray2.txt
2026-06-19 15:00:10,481 | INFO     |   → 813/1241: ✅ 0 взято | 🗑️ 0 мусор
2026-06-19 15:00:10,481 | INFO     |   → 814/1241: ✅ 0 взято | 🗑️ 442 мусор
2026-06-19 15:00:10,481 | INFO     |   → 815/1241: ✅ 0 взято | 🗑️ 0 мусор
2026-06-19 15:00:10,481 | INFO     |   → 816/1241 ❌ HTTP 404 — https://raw.githubusercontent.com/chxxyz2004/zd/17fca23b73c46b5dd73e9be49b14d219b5e5f836/sub/2401/240110.txt
2026-06-19 15:00:10,481 | INFO     |   → 817/1241: ✅ 0 взято | 🗑️ 44 мусор
2026-06-19 15:00:10,481 | INFO     |   → 818/1241: ✅ 236 взято | 🗑️ 517 мусор
2026-06-19 15:00:10,481 | INFO     |   → 819/1241 ❌ HTTP 404 — https://raw.githubusercontent.com/cxr9912/cxr2022/main/free.yaml
2026-06-19 15:00:10,481 | INFO     |   → 820/1241 ❌ HTTP 404 — https://raw.githubusercontent.com/cxr9912/cxr2022/main/mix.yaml
2026-06-19 15:00:10,481 | INFO     |   → 821/1241 ❌ HTTP 404 — https://raw.githubusercontent.com/cxr9912/cxr2022/main/ss.yaml
2026-06-19 15:00:10,481 | INFO     |   → 822/1241 ❌ HTTP 404 — https://raw.githubusercontent.com/cxr9912/cxr2022/main/ssr.yaml
2026-06-19 15:00:10,481 | INFO     |   → 823/1241 ❌ HTTP 404 — https://raw.githubusercontent.com/cxr9912/cxr2022/main/vmess.yaml
2026-06-19 15:00:10,481 | INFO     |   → 824/1241 ❌ HTTP 404 — https://raw.githubusercontent.com/cxr9912/cxr2022/refs/heads/main/18cj.json
2026-06-19 15:00:10,481 | INFO     |   → 825/1241 ❌ HTTP 404 — https://raw.githubusercontent.com/cxr9912/cxr2022/refs/heads/main/aaaaaaaa.yaml
2026-06-19 15:00:10,481 | INFO     |   → 826/1241 ❌ HTTP 404 — https://raw.githubusercontent.com/cxr9912/cxr2022/refs/heads/main/free.yaml
2026-06-19 15:00:10,481 | INFO     |   → 827/1241 ❌ HTTP 404 — https://raw.githubusercontent.com/cxr9912/cxr2022/refs/heads/main/ss2088.txt
2026-06-19 15:00:10,481 | INFO     |   → 828/1241: ✅ 0 взято | 🗑️ 18 мусор
2026-06-19 15:00:10,481 | INFO     |   → 829/1241: ✅ 0 взято | 🗑️ 18 мусор
2026-06-19 15:00:10,481 | INFO     |   → 830/1241: ✅ 6 взято | 🗑️ 78 мусор
2026-06-19 15:00:10,481 | INFO     |   → 831/1241: ✅ 6 взято | 🗑️ 4 мусор
2026-06-19 15:00:10,481 | INFO     |   → 832/1241: ✅ 0 взято | 🗑️ 2 мусор
2026-06-19 15:00:10,482 | INFO     |   → 833/1241: ✅ 7 взято | 🗑️ 7 мусор
2026-06-19 15:00:10,482 | INFO     |   → 834/1241: ✅ 0 взято | 🗑️ 2 мусор
2026-06-19 15:00:10,482 | INFO     |   → 835/1241: ✅ 0 взято | 🗑️ 2 мусор
2026-06-19 15:00:10,482 | INFO     |   → 836/1241: ✅ 0 взято | 🗑️ 2 мусор
2026-06-19 15:00:10,482 | INFO     |   → 837/1241: ✅ 10 взято | 🗑️ 3 мусор
2026-06-19 15:00:10,482 | INFO     |   → 838/1241: ✅ 1 взято | 🗑️ 1 мусор
2026-06-19 15:00:10,482 | INFO     |   → 839/1241: ✅ 0 взято | 🗑️ 8 мусор
2026-06-19 15:00:10,482 | INFO     |   → 840/1241: ✅ 0 взято | 🗑️ 2 мусор
2026-06-19 15:00:10,482 | INFO     |   → 841/1241: ✅ 0 взято | 🗑️ 0 мусор
2026-06-19 15:00:10,482 | INFO     |   → 842/1241: ✅ 11677 взято | 🗑️ 212012 мусор
2026-06-19 15:00:10,482 | INFO     |   → 843/1241: ✅ 12 взято | 🗑️ 521 мусор
2026-06-19 15:00:10,482 | INFO     |   → 844/1241: ✅ 6 взято | 🗑️ 113 мусор
2026-06-19 15:00:10,482 | INFO     |   → 845/1241: ✅ 0 взято | 🗑️ 0 мусор
2026-06-19 15:00:10,482 | INFO     |   → 846/1241: ✅ 7 взято | 🗑️ 19 мусор
2026-06-19 15:00:10,482 | INFO     |   → 847/1241: ✅ 0 взято | 🗑️ 0 мусор
2026-06-19 15:00:10,482 | INFO     |   → 848/1241: ✅ 13 взято | 🗑️ 19 мусор
2026-06-19 15:00:10,482 | INFO     |   → 849/1241: ✅ 0 взято | 🗑️ 5 мусор
2026-06-19 15:00:10,482 | INFO     |   → 850/1241: ✅ 2 взято | 🗑️ 80 мусор
2026-06-19 15:00:10,482 | INFO     |   → 851/1241 ❌ HTTP 404 — https://raw.githubusercontent.com/free-nodes/v2rayfree/main/v2
2026-06-19 15:00:10,482 | INFO     |   → 852/1241 ❌ HTTP 404 — https://raw.githubusercontent.com/free-v2ray-config/trojan/main/trojan.txt
2026-06-19 15:00:10,482 | INFO     |   → 853/1241 ❌ HTTP 404 — https://raw.githubusercontent.com/free-v2ray-config/vless/main/vless.txt
2026-06-19 15:00:10,482 | INFO     |   → 854/1241 ❌ HTTP 404 — https://raw.githubusercontent.com/free-v2ray-config/vmess/main/vmess.txt
2026-06-19 15:00:10,482 | INFO     |   → 855/1241: ✅ 5 взято | 🗑️ 169 мусор
2026-06-19 15:00:10,482 | INFO     |   → 856/1241: ✅ 34 взято | 🗑️ 121 мусор
2026-06-19 15:00:10,482 | INFO     |   → 857/1241: ✅ 4 взято | 🗑️ 97 мусор
2026-06-19 15:00:10,482 | INFO     |   → 858/1241 ❌ HTTP 404 — https://raw.githubusercontent.com/free18/v2ray/main/Clash.yaml
2026-06-19 15:00:10,482 | INFO     |   → 859/1241: ✅ 0 взято | 🗑️ 0 мусор
2026-06-19 15:00:10,482 | INFO     |   → 860/1241: ✅ 0 взято | 🗑️ 15 мусор
2026-06-19 15:00:10,482 | INFO     |   → 861/1241: ✅ 0 взято | 🗑️ 0 мусор
2026-06-19 15:00:10,482 | INFO     |   → 862/1241: ✅ 0 взято | 🗑️ 8 мусор
2026-06-19 15:00:10,483 | INFO     |   → 863/1241: ✅ 0 взято | 🗑️ 8 мусор
2026-06-19 15:00:10,483 | INFO     |   → 864/1241: ✅ 0 взято | 🗑️ 8 мусор
2026-06-19 15:00:10,483 | INFO     |   → 865/1241: ✅ 0 взято | 🗑️ 8 мусор
2026-06-19 15:00:10,483 | INFO     |   → 866/1241 ❌ HTTP 404 — https://raw.githubusercontent.com/freev2rayconfig/V2RAY_SUB/3e6a7786a1601ee3723e8d043ae79e70dbdfd9a8/v2rayconfigs.txt
2026-06-19 15:00:10,483 | INFO     |   → 867/1241 ❌ HTTP 404 — https://raw.githubusercontent.com/freev2rayconfig/V2RAY_SUBSCRIPTION_LINK/main/v2rayconfigs.txt
2026-06-19 15:00:10,483 | INFO     |   → 868/1241 ❌ HTTP 404 — https://raw.githubusercontent.com/gfpcom/free-proxy-list/main/list/http.txt
2026-06-19 15:00:10,483 | INFO     |   → 869/1241 ❌ HTTP 404 — https://raw.githubusercontent.com/gfpcom/free-proxy-list/main/list/https.txt
2026-06-19 15:00:10,483 | INFO     |   → 870/1241 ❌ HTTP 404 — https://raw.githubusercontent.com/gfpcom/free-proxy-list/main/list/socks4.txt
2026-06-19 15:00:10,483 | INFO     |   → 871/1241 ❌ HTTP 404 — https://raw.githubusercontent.com/gfpcom/free-proxy-list/main/list/socks4a.txt
2026-06-19 15:00:10,483 | INFO     |   → 872/1241 ❌ HTTP 404 — https://raw.githubusercontent.com/gfpcom/free-proxy-list/main/list/socks5.txt
2026-06-19 15:00:10,483 | INFO     |   → 873/1241 ❌ HTTP 404 — https://raw.githubusercontent.com/gfpcom/free-proxy-list/main/list/socks5h.txt
2026-06-19 15:00:10,483 | INFO     |   → 874/1241 ❌ HTTP 404 — https://raw.githubusercontent.com/gfpcom/free-proxy-list/main/list/ss.txt
2026-06-19 15:00:10,483 | INFO     |   → 875/1241 ❌ HTTP 404 — https://raw.githubusercontent.com/gfpcom/free-proxy-list/main/list/ssr.txt
2026-06-19 15:00:10,483 | INFO     |   → 876/1241 ❌ HTTP 404 — https://raw.githubusercontent.com/gfpcom/free-proxy-list/main/list/trojan.txt
2026-06-19 15:00:10,483 | INFO     |   → 877/1241 ❌ HTTP 404 — https://raw.githubusercontent.com/gfpcom/free-proxy-list/main/list/vless.txt
2026-06-19 15:00:10,483 | INFO     |   → 878/1241 ❌ HTTP 404 — https://raw.githubusercontent.com/gfpcom/free-proxy-list/main/list/vmess.txt
2026-06-19 15:00:10,483 | INFO     |   → 879/1241: ✅ 0 взято | 🗑️ 17 мусор
2026-06-19 15:00:10,483 | INFO     |   → 880/1241: ✅ 0 взято | 🗑️ 0 мусор
2026-06-19 15:00:10,483 | INFO     |   → 881/1241: ✅ 4 взято | 🗑️ 63 мусор
2026-06-19 15:00:10,483 | INFO     |   → 882/1241 ❌ HTTP 404 — https://raw.githubusercontent.com/hameed-maleki/TVC/89a4522969c57dcc22458cae9898426e5c4f2679/lite/config.txt
2026-06-19 15:00:10,483 | INFO     |   → 883/1241: ✅ 5 взято | 🗑️ 132 мусор
2026-06-19 15:00:10,483 | INFO     |   → 884/1241: ✅ 0 взято | 🗑️ 56 мусор
2026-06-19 15:00:10,483 | INFO     |   → 885/1241 ❌ HTTP 404 — https://raw.githubusercontent.com/hkaa0/permalink/main/proxy/V2ray
2026-06-19 15:00:10,483 | INFO     |   → 886/1241 ❌ HTTP 404 — https://raw.githubusercontent.com/hkaa0/permalink/main/proxy/clash
2026-06-19 15:00:10,483 | INFO     |   → 887/1241 ❌ HTTP 404 — https://raw.githubusercontent.com/hkpc/Autoproxy/6cf946ddfc677a29062007e4b47d70674474baa7/sub/2401/240110.txt
2026-06-19 15:00:10,483 | INFO     |   → 888/1241 ❌ HTTP 404 — https://raw.githubusercontent.com/hkpc/V2ray-Configs/7d9aa0dabf947af180a7dd6302818ed37950531a/Sub1.txt
2026-06-19 15:00:10,483 | INFO     |   → 889/1241: ✅ 0 взято | 🗑️ 14 мусор
2026-06-19 15:00:10,483 | INFO     |   → 890/1241: ✅ 16 взято | 🗑️ 16 мусор
2026-06-19 15:00:10,483 | INFO     |   → 891/1241 ❌ HTTP 404 — https://raw.githubusercontent.com/iboxz/free-v2ray-collector/main/main
2026-06-19 15:00:10,483 | INFO     |   → 892/1241: ✅ 12 взято | 🗑️ 17 мусор
2026-06-19 15:00:10,483 | INFO     |   → 893/1241: ✅ 14 взято | 🗑️ 28 мусор
2026-06-19 15:00:10,483 | INFO     |   → 894/1241: ✅ 113 взято | 🗑️ 181 мусор
2026-06-19 15:00:10,483 | INFO     |   → 895/1241 ❌ HTTP 404 — https://raw.githubusercontent.com/igareck/vpn-configs-for-russia/refs/heads/main/Vless-Reality-White-Lists-Rus-Cable.txt
2026-06-19 15:00:10,483 | INFO     |   → 896/1241: ✅ 10 взято | 🗑️ 10 мусор
2026-06-19 15:00:10,483 | INFO     |   → 897/1241: ✅ 0 взято | 🗑️ 0 мусор
2026-06-19 15:00:10,483 | INFO     |   → 898/1241: ✅ 0 взято | 🗑️ 0 мусор
2026-06-19 15:00:10,483 | INFO     |   → 899/1241: ✅ 23 взято | 🗑️ 9 мусор
2026-06-19 15:00:10,483 | INFO     |   → 900/1241: ✅ 0 взято | 🗑️ 0 мусор
2026-06-19 15:00:10,483 | INFO     |   → 901/1241: ✅ 0 взято | 🗑️ 0 мусор
2026-06-19 15:00:10,484 | INFO     |   → 902/1241: ✅ 0 взято | 🗑️ 12 мусор
2026-06-19 15:00:10,484 | INFO     |   → 903/1241: ✅ 0 взято | 🗑️ 43 мусор
2026-06-19 15:00:10,484 | INFO     |   → 904/1241 ❌ HTTP 404 — https://raw.githubusercontent.com/jw853355718/clash_233/master/config.yml
2026-06-19 15:00:10,484 | INFO     |   → 905/1241: ✅ 0 взято | 🗑️ 210 мусор
2026-06-19 15:00:10,484 | INFO     |   → 906/1241: ✅ 0 взято | 🗑️ 0 мусор
2026-06-19 15:00:10,484 | INFO     |   → 907/1241: ✅ 0 взято | 🗑️ 0 мусор
2026-06-19 15:00:10,484 | INFO     |   → 908/1241 ❌ HTTP 404 — https://raw.githubusercontent.com/lcx12901/v2ray-/master/sspool.herokuapp.com/yzcloud.yaml
2026-06-19 15:00:10,484 | INFO     |   → 909/1241 ❌ HTTP 404 — https://raw.githubusercontent.com/lcx12901/v2ray-/master/sspool.herokuapp.com/yzcloud2.yaml
2026-06-19 15:00:10,484 | INFO     |   → 910/1241: ✅ 0 взято | 🗑️ 0 мусор
2026-06-19 15:00:10,484 | INFO     |   → 911/1241 ❌ HTTP 404 — https://raw.githubusercontent.com/learnhard-cn/free_proxy_ss/main/clash/config.yaml
2026-06-19 15:00:10,484 | INFO     |   → 912/1241: ✅ 0 взято | 🗑️ 8 мусор
2026-06-19 15:00:10,484 | INFO     |   → 913/1241: ✅ 0 взято | 🗑️ 4 мусор
2026-06-19 15:00:10,484 | INFO     |   → 914/1241: ✅ 0 взято | 🗑️ 0 мусор
2026-06-19 15:00:10,484 | INFO     |   → 915/1241: ✅ 0 взято | 🗑️ 4 мусор
2026-06-19 15:00:10,484 | INFO     |   → 916/1241: ✅ 0 взято | 🗑️ 149 мусор
2026-06-19 15:00:10,484 | INFO     |   → 917/1241: ✅ 0 взято | 🗑️ 421 мусор
2026-06-19 15:00:10,484 | INFO     |   → 918/1241 ❌ HTTP 404 — https://raw.githubusercontent.com/lisylva-lee/v2dyku/main/ssr
2026-06-19 15:00:10,484 | INFO     |   → 919/1241 ❌ HTTP 404 — https://raw.githubusercontent.com/lisylva-lee/v2dyku/main/v2dy
2026-06-19 15:00:10,484 | INFO     |   → 920/1241: ✅ 0 взято | 🗑️ 53 мусор
2026-06-19 15:00:10,484 | INFO     |   → 921/1241 ❌ HTTP 404 — https://raw.githubusercontent.com/luxl-1379/merge/77247d23def72b25226dfa741614e9b07a569c72/sub/sub_merge_base64.txt
2026-06-19 15:00:10,484 | INFO     |   → 922/1241: ✅ 146 взято | 🗑️ 343 мусор
2026-06-19 15:00:10,484 | INFO     |   → 923/1241: ✅ 0 взято | 🗑️ 125 мусор
2026-06-19 15:00:10,484 | INFO     |   → 924/1241: ✅ 856 взято | 🗑️ 3496 мусор
2026-06-19 15:00:10,484 | INFO     |   → 925/1241: ✅ 0 взято | 🗑️ 0 мусор
2026-06-19 15:00:10,484 | INFO     |   → 926/1241: ✅ 0 взято | 🗑️ 3496 мусор
2026-06-19 15:00:10,484 | INFO     |   → 927/1241: ✅ 59 взято | 🗑️ 331 мусор
2026-06-19 15:00:10,484 | INFO     |   → 928/1241 ❌ HTTP 404 — https://raw.githubusercontent.com/mermeroo/Clash-V2ray/main/v2ray
2026-06-19 15:00:10,484 | INFO     |   → 929/1241: ✅ 15 взято | 🗑️ 417 мусор
2026-06-19 15:00:10,484 | INFO     |   → 930/1241: ✅ 6 взято | 🗑️ 102 мусор
2026-06-19 15:00:10,484 | INFO     |   → 931/1241: ✅ 716 взято | 🗑️ 6258 мусор
2026-06-19 15:00:10,484 | INFO     |   → 932/1241: ✅ 8 взято | 🗑️ 853 мусор
2026-06-19 15:00:10,484 | INFO     |   → 933/1241: ✅ 32 взято | 🗑️ 69 мусор
2026-06-19 15:00:10,484 | INFO     |   → 934/1241 ❌ HTTP 404 — https://raw.githubusercontent.com/mermeroo/free-v2ray-collector/main/main/mix
2026-06-19 15:00:10,484 | INFO     |   → 935/1241 ❌ HTTP 404 — https://raw.githubusercontent.com/mermeroo/free-v2ray-collector/main/main/reality
2026-06-19 15:00:10,484 | INFO     |   → 936/1241 ❌ HTTP 404 — https://raw.githubusercontent.com/mermeroo/free-v2ray-collector/main/main/shadowsocks
2026-06-19 15:00:10,484 | INFO     |   → 937/1241 ❌ HTTP 404 — https://raw.githubusercontent.com/mermeroo/free-v2ray-collector/main/main/trojan
2026-06-19 15:00:10,484 | INFO     |   → 938/1241 ❌ HTTP 404 — https://raw.githubusercontent.com/mermeroo/free-v2ray-collector/main/main/vless
2026-06-19 15:00:10,484 | INFO     |   → 939/1241 ❌ HTTP 404 — https://raw.githubusercontent.com/mermeroo/free-v2ray-collector/main/main/vmess
2026-06-19 15:00:10,484 | INFO     |   → 940/1241 ❌ HTTP 404 — https://raw.githubusercontent.com/mfuu/v2ray/master/merge/merge.txt
2026-06-19 15:00:10,484 | INFO     |   → 941/1241: ✅ 0 взято | 🗑️ 179 мусор
2026-06-19 15:00:10,484 | INFO     |   → 942/1241: ✅ 0 взято | 🗑️ 179 мусор
2026-06-19 15:00:10,484 | INFO     |   → 943/1241: ✅ 589 взято | 🗑️ 14492 мусор
2026-06-19 15:00:10,484 | INFO     |   → 944/1241: ✅ 0 взято | 🗑️ 14492 мусор
2026-06-19 15:00:10,484 | INFO     |   → 945/1241: ✅ 0 взято | 🗑️ 2769 мусор
2026-06-19 15:00:10,484 | INFO     |   → 946/1241: ✅ 0 взято | 🗑️ 1757 мусор
2026-06-19 15:00:10,484 | INFO     |   → 947/1241: ✅ 0 взято | 🗑️ 6022 мусор
2026-06-19 15:00:10,484 | INFO     |   → 948/1241: ✅ 0 взято | 🗑️ 3944 мусор
2026-06-19 15:00:10,485 | INFO     |   → 949/1241 ❌ HTTP 404 — https://raw.githubusercontent.com/mianous/qiren/main/qiren.txt
2026-06-19 15:00:10,485 | INFO     |   → 950/1241 ❌ HTTP 404 — https://raw.githubusercontent.com/miladtahanian/V2RayCFGDumper/refs/heads/main/config.txt
2026-06-19 15:00:10,485 | INFO     |   → 951/1241 ❌ HTTP 404 — https://raw.githubusercontent.com/miladtahanian/multi-proxy-config-fetcher/refs/heads/main/configs/proxy_configs.txt
2026-06-19 15:00:10,485 | INFO     |   → 952/1241: ✅ 0 взято | 🗑️ 0 мусор
2026-06-19 15:00:10,485 | INFO     |   → 953/1241: ✅ 0 взято | 🗑️ 0 мусор
2026-06-19 15:00:10,485 | INFO     |   → 954/1241: ✅ 0 взято | 🗑️ 0 мусор
2026-06-19 15:00:10,485 | INFO     |   → 955/1241: ✅ 15 взято | 🗑️ 46 мусор
2026-06-19 15:00:10,485 | INFO     |   → 956/1241: ✅ 0 взято | 🗑️ 181 мусор
2026-06-19 15:00:10,485 | INFO     |   → 957/1241: ✅ 0 взято | 🗑️ 0 мусор
2026-06-19 15:00:10,485 | INFO     |   → 958/1241: ✅ 28 взято | 🗑️ 93 мусор
2026-06-19 15:00:10,485 | INFO     |   → 959/1241: ✅ 0 взято | 🗑️ 0 мусор
2026-06-19 15:00:10,485 | INFO     |   → 960/1241: ✅ 15 взято | 🗑️ 70 мусор
2026-06-19 15:00:10,485 | INFO     |   → 961/1241: ✅ 127 взято | 🗑️ 492 мусор
2026-06-19 15:00:10,485 | INFO     |   → 962/1241: ✅ 331 взято | 🗑️ 190 мусор
2026-06-19 15:00:10,485 | INFO     |   → 963/1241: ✅ 27 взято | 🗑️ 1215 мусор
2026-06-19 15:00:10,485 | INFO     |   → 964/1241 ❌ HTTP 404 — https://raw.githubusercontent.com/obscure1990/freeVM/master/snippets/nodes.yml
2026-06-19 15:00:10,485 | INFO     |   → 965/1241 ❌ HTTP 404 — https://raw.githubusercontent.com/op30mmd/things/909b38024ba14d69dc0f95c238f63bc6e930a00f/eut.txt
2026-06-19 15:00:10,485 | INFO     |   → 966/1241 ❌ HTTP 404 — https://raw.githubusercontent.com/openRunner/clash-freenode/main/v2ray.txt
2026-06-19 15:00:10,485 | INFO     |   → 967/1241 ❌ HTTP 404 — https://raw.githubusercontent.com/oslook/clash-freenode/main/clash.yaml
2026-06-19 15:00:10,485 | INFO     |   → 968/1241: ✅ 0 взято | 🗑️ 0 мусор
2026-06-19 15:00:10,485 | INFO     |   → 969/1241: ✅ 4 взято | 🗑️ 1 мусор
2026-06-19 15:00:10,485 | INFO     |   → 970/1241: ✅ 0 взято | 🗑️ 0 мусор
2026-06-19 15:00:10,485 | INFO     |   → 971/1241: ✅ 0 взято | 🗑️ 107 мусор
2026-06-19 15:00:10,485 | INFO     |   → 972/1241: ✅ 0 взято | 🗑️ 0 мусор
2026-06-19 15:00:10,485 | INFO     |   → 973/1241: ✅ 0 взято | 🗑️ 0 мусор
2026-06-19 15:00:10,485 | INFO     |   → 974/1241: ✅ 0 взято | 🗑️ 19 мусор
2026-06-19 15:00:10,485 | INFO     |   → 975/1241: ✅ 0 взято | 🗑️ 44 мусор
2026-06-19 15:00:10,485 | INFO     |   → 976/1241: ✅ 63 взято | 🗑️ 521 мусор
2026-06-19 15:00:10,485 | INFO     |   → 977/1241: ✅ 165 взято | 🗑️ 273 мусор
2026-06-19 15:00:10,485 | INFO     |   → 978/1241: ✅ 0 взято | 🗑️ 0 мусор
2026-06-19 15:00:10,485 | INFO     |   → 979/1241: ✅ 28 взято | 🗑️ 211 мусор
2026-06-19 15:00:10,485 | INFO     |   → 980/1241: ✅ 0 взято | 🗑️ 79 мусор
2026-06-19 15:00:10,485 | INFO     |   → 981/1241: ✅ 13 взято | 🗑️ 32 мусор
2026-06-19 15:00:10,485 | INFO     |   → 982/1241: ✅ 0 взято | 🗑️ 0 мусор
2026-06-19 15:00:10,485 | INFO     |   → 983/1241: ✅ 2 взято | 🗑️ 9 мусор
2026-06-19 15:00:10,485 | INFO     |   → 984/1241: ✅ 11 взято | 🗑️ 76 мусор
2026-06-19 15:00:10,485 | INFO     |   → 985/1241: ✅ 0 взято | 🗑️ 168 мусор
2026-06-19 15:00:10,485 | INFO     |   → 986/1241: ✅ 0 взято | 🗑️ 79 мусор
2026-06-19 15:00:10,485 | INFO     |   → 987/1241: ✅ 0 взято | 🗑️ 14 мусор
2026-06-19 15:00:10,485 | INFO     |   → 988/1241 ❌ HTTP 404 — https://raw.githubusercontent.com/ronghuaxueleng/get_v2/main/pub/changfengoss.yaml
2026-06-19 15:00:10,485 | INFO     |   → 989/1241: ✅ 0 взято | 🗑️ 0 мусор
2026-06-19 15:00:10,485 | INFO     |   → 990/1241: ✅ 90 взято | 🗑️ 55 мусор
2026-06-19 15:00:10,485 | INFO     |   → 991/1241: ✅ 0 взято | 🗑️ 55 мусор
2026-06-19 15:00:10,485 | INFO     |   → 992/1241 ❌ HTTP 404 — https://raw.githubusercontent.com/rxsweet/CM_Vmess/refs/heads/main/test.txt
2026-06-19 15:00:10,485 | INFO     |   → 993/1241 ❌ HTTP 404 — https://raw.githubusercontent.com/rxsweet/proxies/main/sub/free.yaml
2026-06-19 15:00:10,485 | INFO     |   → 994/1241 ❌ HTTP 404 — https://raw.githubusercontent.com/rxsweet/proxies/main/sub/rx.yaml
2026-06-19 15:00:10,485 | INFO     |   → 995/1241 ❌ HTTP 404 — https://raw.githubusercontent.com/rxsweet/proxies/main/sub/sources/dynamicAll.yaml
2026-06-19 15:00:10,485 | INFO     |   → 996/1241 ❌ HTTP 404 — https://raw.githubusercontent.com/rxsweet/proxies/main/sub/sources/miningAll.yaml
2026-06-19 15:00:10,485 | INFO     |   → 997/1241 ❌ HTTP 404 — https://raw.githubusercontent.com/rxsweet/proxies/main/sub/srx.yaml
2026-06-19 15:00:10,485 | INFO     |   → 998/1241 ❌ HTTP 404 — https://raw.githubusercontent.com/sajad-sajadi/V2ray-Collector/raw/main/output/protocols/vmess.txt
2026-06-19 15:00:10,485 | INFO     |   → 999/1241 ❌ HTTP 404 — https://raw.githubusercontent.com/sakha1370/OpenRay/raw/refs/heads/main/output/all_valid_proxies.txt
2026-06-19 15:00:10,485 | INFO     |   → 1000/1241: ✅ 53 взято | 🗑️ 399 мусор
2026-06-19 15:00:10,485 | INFO     |   → 1001/1241: ✅ 0 взято | 🗑️ 399 мусор
2026-06-19 15:00:10,486 | INFO     |   → 1002/1241 ❌ HTTP 404 — https://raw.githubusercontent.com/samjoeyang/subscribe/main/fly
2026-06-19 15:00:10,486 | INFO     |   → 1003/1241: ✅ 0 взято | 🗑️ 0 мусор
2026-06-19 15:00:10,486 | INFO     |   → 1004/1241 ❌ HTTP 404 — https://raw.githubusercontent.com/sarina-ad/v2ray/main/v2ray
2026-06-19 15:00:10,486 | INFO     |   → 1005/1241 ❌ HTTP 404 — https://raw.githubusercontent.com/satrom/V2SSR/master/SSR/Sub.txt
2026-06-19 15:00:10,486 | INFO     |   → 1006/1241 ❌ HTTP 404 — https://raw.githubusercontent.com/satrom/V2SSR/master/V2RAY/Sub.txt
2026-06-19 15:00:10,486 | INFO     |   → 1007/1241: ✅ 10264 взято | 🗑️ 188332 мусор
2026-06-19 15:00:10,486 | INFO     |   → 1008/1241: ✅ 0 взято | 🗑️ 0 мусор
2026-06-19 15:00:10,486 | INFO     |   → 1009/1241: ✅ 0 взято | 🗑️ 0 мусор
2026-06-19 15:00:10,486 | INFO     |   → 1010/1241: ✅ 3 взято | 🗑️ 49 мусор
2026-06-19 15:00:10,486 | INFO     |   → 1011/1241: ✅ 406 взято | 🗑️ 2363 мусор
2026-06-19 15:00:10,486 | INFO     |   → 1012/1241: ✅ 0 взято | 🗑️ 1165 мусор
2026-06-19 15:00:10,486 | INFO     |   → 1013/1241: ✅ 0 взято | 🗑️ 133 мусор
2026-06-19 15:00:10,486 | INFO     |   → 1014/1241: ✅ 0 взято | 🗑️ 1028 мусор
2026-06-19 15:00:10,486 | INFO     |   → 1015/1241: ✅ 0 взято | 🗑️ 37 мусор
2026-06-19 15:00:10,486 | INFO     |   → 1016/1241: ✅ 0 взято | 🗑️ 2363 мусор
2026-06-19 15:00:10,486 | INFO     |   → 1017/1241: ✅ 0 взято | 🗑️ 0 мусор
2026-06-19 15:00:10,486 | INFO     |   → 1018/1241 ❌ HTTP 404 — https://raw.githubusercontent.com/shirkerboy/scp/main/sub
2026-06-19 15:00:10,486 | INFO     |   → 1019/1241 ❌ HTTP 404 — https://raw.githubusercontent.com/snakem982/proxypool/main/nodelist.txt
2026-06-19 15:00:10,486 | INFO     |   → 1020/1241: ✅ 0 взято | 🗑️ 5 мусор
2026-06-19 15:00:10,486 | INFO     |   → 1021/1241 ❌ HTTP 404 — https://raw.githubusercontent.com/snakem982/proxypool/main/source/v2ray.txt
2026-06-19 15:00:10,486 | INFO     |   → 1022/1241 ❌ HTTP 404 — https://raw.githubusercontent.com/soroushmirzaei/telegram-configs-collector/main/channels/protocols/hysteria
2026-06-19 15:00:10,486 | INFO     |   → 1023/1241 ❌ HTTP 404 — https://raw.githubusercontent.com/soroushmirzaei/telegram-configs-collector/main/channels/protocols/juicity
2026-06-19 15:00:10,486 | INFO     |   → 1024/1241 ❌ HTTP 404 — https://raw.githubusercontent.com/soroushmirzaei/telegram-configs-collector/main/channels/protocols/reality
2026-06-19 15:00:10,486 | INFO     |   → 1025/1241 ❌ HTTP 404 — https://raw.githubusercontent.com/soroushmirzaei/telegram-configs-collector/main/channels/protocols/shadowsocks
2026-06-19 15:00:10,486 | INFO     |   → 1026/1241 ❌ HTTP 404 — https://raw.githubusercontent.com/soroushmirzaei/telegram-configs-collector/main/channels/protocols/trojan
2026-06-19 15:00:10,486 | INFO     |   → 1027/1241 ❌ HTTP 404 — https://raw.githubusercontent.com/soroushmirzaei/telegram-configs-collector/main/channels/protocols/tuic
2026-06-19 15:00:10,486 | INFO     |   → 1028/1241 ❌ HTTP 404 — https://raw.githubusercontent.com/soroushmirzaei/telegram-configs-collector/main/channels/protocols/vless
2026-06-19 15:00:10,486 | INFO     |   → 1029/1241 ❌ HTTP 404 — https://raw.githubusercontent.com/soroushmirzaei/telegram-configs-collector/main/channels/protocols/vmess
2026-06-19 15:00:10,486 | INFO     |   → 1030/1241 ❌ HTTP 404 — https://raw.githubusercontent.com/soroushmirzaei/telegram-configs-collector/main/countries/jp/mixed
2026-06-19 15:00:10,486 | INFO     |   → 1031/1241 ❌ HTTP 404 — https://raw.githubusercontent.com/soroushmirzaei/telegram-configs-collector/main/protocols/hysteria
2026-06-19 15:00:10,486 | INFO     |   → 1032/1241 ❌ HTTP 404 — https://raw.githubusercontent.com/soroushmirzaei/telegram-configs-collector/main/protocols/juicity
2026-06-19 15:00:10,486 | INFO     |   → 1033/1241 ❌ HTTP 404 — https://raw.githubusercontent.com/soroushmirzaei/telegram-configs-collector/main/protocols/reality
2026-06-19 15:00:10,486 | INFO     |   → 1034/1241 ❌ HTTP 404 — https://raw.githubusercontent.com/soroushmirzaei/telegram-configs-collector/main/protocols/shadowsocks
2026-06-19 15:00:10,486 | INFO     |   → 1035/1241 ❌ HTTP 404 — https://raw.githubusercontent.com/soroushmirzaei/telegram-configs-collector/main/protocols/trojan
2026-06-19 15:00:10,486 | INFO     |   → 1036/1241 ❌ HTTP 404 — https://raw.githubusercontent.com/soroushmirzaei/telegram-configs-collector/main/protocols/tuic
2026-06-19 15:00:10,486 | INFO     |   → 1037/1241 ❌ HTTP 404 — https://raw.githubusercontent.com/soroushmirzaei/telegram-configs-collector/main/protocols/vless
2026-06-19 15:00:10,486 | INFO     |   → 1038/1241 ❌ HTTP 404 — https://raw.githubusercontent.com/soroushmirzaei/telegram-configs-collector/main/protocols/vmess
2026-06-19 15:00:10,486 | INFO     |   → 1039/1241 ❌ HTTP 404 — https://raw.githubusercontent.com/soroushmirzaei/telegram-configs-collector/main/splitted/subscribe
2026-06-19 15:00:10,486 | INFO     |   → 1040/1241 ❌ HTTP 404 — https://raw.githubusercontent.com/ssrsub/ssr/master/Clash.yml
2026-06-19 15:00:10,486 | INFO     |   → 1041/1241 ❌ HTTP 404 — https://raw.githubusercontent.com/ssrsub/ssr/master/V2Ray
2026-06-19 15:00:10,487 | INFO     |   → 1042/1241 ❌ HTTP 404 — https://raw.githubusercontent.com/ssrsub/ssr/master/ss-sub
2026-06-19 15:00:10,487 | INFO     |   → 1043/1241 ❌ HTTP 404 — https://raw.githubusercontent.com/ssrsub/ssr/master/ssrsub
2026-06-19 15:00:10,487 | INFO     |   → 1044/1241 ❌ HTTP 404 — https://raw.githubusercontent.com/ssrsub/ssr/master/trojan
2026-06-19 15:00:10,487 | INFO     |   → 1045/1241: ✅ 0 взято | 🗑️ 0 мусор
2026-06-19 15:00:10,487 | INFO     |   → 1046/1241: ✅ 2 взято | 🗑️ 12 мусор
2026-06-19 15:00:10,487 | INFO     |   → 1047/1241: ✅ 0 взято | 🗑️ 13 мусор
2026-06-19 15:00:10,487 | INFO     |   → 1048/1241: ✅ 0 взято | 🗑️ 13 мусор
2026-06-19 15:00:10,487 | INFO     |   → 1049/1241 ❌ HTTP 404 — https://raw.githubusercontent.com/tbbatbb/Proxy/master/dist/clash.config.yaml
2026-06-19 15:00:10,487 | INFO     |   → 1050/1241: ✅ 2 взято | 🗑️ 35 мусор
2026-06-19 15:00:10,487 | INFO     |   → 1051/1241: ✅ 0 взято | 🗑️ 0 мусор
2026-06-19 15:00:10,487 | INFO     |   → 1052/1241: ✅ 5 взято | 🗑️ 111 мусор
2026-06-19 15:00:10,487 | INFO     |   → 1053/1241: ✅ 0 взято | 🗑️ 0 мусор
2026-06-19 15:00:10,487 | INFO     |   → 1054/1241: ✅ 0 взято | 🗑️ 140 мусор
2026-06-19 15:00:10,487 | INFO     |   → 1055/1241 ❌ HTTP 404 — https://raw.githubusercontent.com/v2clash/Autoproxy/a81f840ab2364124133572ec94e4b81fb0d4e58d/sub/2401/240104.txt
2026-06-19 15:00:10,487 | INFO     |   → 1056/1241 ❌ HTTP 404 — https://raw.githubusercontent.com/v2clash/V2ray-Configs/31f493c584d0c7b56350f4a34d80c53ad82bcc18/Sub9.txt
2026-06-19 15:00:10,487 | INFO     |   → 1057/1241: ✅ 0 взято | 🗑️ 0 мусор
2026-06-19 15:00:10,487 | INFO     |   → 1058/1241: ✅ 0 взято | 🗑️ 0 мусор
2026-06-19 15:00:10,487 | INFO     |   → 1059/1241: ✅ 0 взято | 🗑️ 0 мусор
2026-06-19 15:00:10,487 | INFO     |   → 1060/1241: ✅ 283 взято | 🗑️ 9640 мусор
2026-06-19 15:00:10,487 | INFO     |   → 1061/1241: ✅ 281 взято | 🗑️ 10086 мусор
2026-06-19 15:00:10,487 | INFO     |   → 1062/1241: ✅ 280 взято | 🗑️ 9675 мусор
2026-06-19 15:00:10,487 | INFO     |   → 1063/1241: ✅ 334 взято | 🗑️ 9823 мусор
2026-06-19 15:00:10,487 | INFO     |   → 1064/1241: ✅ 350 взято | 🗑️ 9639 мусор
2026-06-19 15:00:10,487 | INFO     |   → 1065/1241: ✅ 125 взято | 🗑️ 7919 мусор
2026-06-19 15:00:10,487 | INFO     |   → 1066/1241: ✅ 135 взято | 🗑️ 4836 мусор
2026-06-19 15:00:10,487 | INFO     |   → 1067/1241: ✅ 502 взято | 🗑️ 7659 мусор
2026-06-19 15:00:10,487 | INFO     |   → 1068/1241: ✅ 631 взято | 🗑️ 8081 мусор
2026-06-19 15:00:10,487 | INFO     |   → 1069/1241: ✅ 202 взято | 🗑️ 5131 мусор
2026-06-19 15:00:10,487 | INFO     |   → 1070/1241 ❌ HTTP 404 — https://raw.githubusercontent.com/vveg26/chromego_merge/main/sub/merged_proxies.yaml
2026-06-19 15:00:10,487 | INFO     |   → 1071/1241 ❌ HTTP 404 — https://raw.githubusercontent.com/vveg26/get_proxy/main/dist/clash.config.yaml
2026-06-19 15:00:10,487 | INFO     |   → 1072/1241: ✅ 0 взято | 🗑️ 10 мусор
2026-06-19 15:00:10,487 | INFO     |   → 1073/1241: ✅ 0 взято | 🗑️ 10 мусор
2026-06-19 15:00:10,487 | INFO     |   → 1074/1241: ✅ 0 взято | 🗑️ 4 мусор
2026-06-19 15:00:10,487 | INFO     |   → 1075/1241: ✅ 0 взято | 🗑️ 0 мусор
2026-06-19 15:00:10,487 | INFO     |   → 1076/1241: ✅ 0 взято | 🗑️ 4 мусор
2026-06-19 15:00:10,487 | INFO     |   → 1077/1241: ✅ 106 взято | 🗑️ 689 мусор
2026-06-19 15:00:10,487 | INFO     |   → 1078/1241: ✅ 48 взято | 🗑️ 841 мусор
2026-06-19 15:00:10,487 | INFO     |   → 1079/1241: ✅ 21 взято | 🗑️ 789 мусор
2026-06-19 15:00:10,487 | INFO     |   → 1080/1241: ✅ 24 взято | 🗑️ 774 мусор
2026-06-19 15:00:10,488 | INFO     |   → 1081/1241: ✅ 52 взято | 🗑️ 756 мусор
2026-06-19 15:00:10,488 | INFO     |   → 1082/1241: ✅ 191 взято | 🗑️ 745 мусор
2026-06-19 15:00:10,488 | INFO     |   → 1083/1241: ✅ 9 взято | 🗑️ 651 мусор
2026-06-19 15:00:10,488 | INFO     |   → 1084/1241: ✅ 185 взято | 🗑️ 388 мусор
2026-06-19 15:00:10,488 | INFO     |   → 1085/1241: ✅ 130 взято | 🗑️ 523 мусор
2026-06-19 15:00:10,488 | INFO     |   → 1086/1241: ✅ 67 взято | 🗑️ 533 мусор
2026-06-19 15:00:10,488 | INFO     |   → 1087/1241: ✅ 98 взято | 🗑️ 444 мусор
2026-06-19 15:00:10,488 | INFO     |   → 1088/1241: ✅ 102 взято | 🗑️ 670 мусор
2026-06-19 15:00:10,488 | INFO     |   → 1089/1241: ✅ 86 взято | 🗑️ 476 мусор
2026-06-19 15:00:10,488 | INFO     |   → 1090/1241: ✅ 95 взято | 🗑️ 657 мусор
2026-06-19 15:00:10,488 | INFO     |   → 1091/1241: ✅ 105 взято | 🗑️ 645 мусор
2026-06-19 15:00:10,488 | INFO     |   → 1092/1241: ✅ 115 взято | 🗑️ 985 мусор
2026-06-19 15:00:10,488 | INFO     |   → 1093/1241: ✅ 6 взято | 🗑️ 63 мусор
2026-06-19 15:00:10,488 | INFO     |   → 1094/1241: ✅ 7 взято | 🗑️ 62 мусор
2026-06-19 15:00:10,488 | INFO     |   → 1095/1241: ✅ 39 взято | 🗑️ 489 мусор
2026-06-19 15:00:10,488 | INFO     |   → 1096/1241: ✅ 0 взято | 🗑️ 0 мусор
2026-06-19 15:00:10,488 | INFO     |   → 1097/1241: ✅ 0 взято | 🗑️ 0 мусор
2026-06-19 15:00:10,488 | INFO     |   → 1098/1241: ✅ 0 взято | 🗑️ 0 мусор
2026-06-19 15:00:10,488 | INFO     |   → 1099/1241: ✅ 0 взято | 🗑️ 0 мусор
2026-06-19 15:00:10,488 | INFO     |   → 1100/1241: ✅ 0 взято | 🗑️ 0 мусор
2026-06-19 15:00:10,488 | INFO     |   → 1101/1241: ✅ 0 взято | 🗑️ 52 мусор
2026-06-19 15:00:10,488 | INFO     |   → 1102/1241: ✅ 5 взято | 🗑️ 10 мусор
2026-06-19 15:00:10,488 | INFO     |   → 1103/1241: ✅ 1 взято | 🗑️ 124 мусор
2026-06-19 15:00:10,488 | INFO     |   → 1104/1241: ✅ 191 взято | 🗑️ 190 мусор
2026-06-19 15:00:10,488 | INFO     |   → 1105/1241: ✅ 0 взято | 🗑️ 9 мусор
2026-06-19 15:00:10,488 | INFO     |   → 1106/1241: ✅ 13 взято | 🗑️ 785 мусор
2026-06-19 15:00:10,488 | INFO     |   → 1107/1241 ❌ HTTP 404 — https://raw.githubusercontent.com/xiaozhu2007/xiaozhu2007/61a755a044dbaeea678bc2d1e20f21a21c6d7170/docs/fxxk.txt
2026-06-19 15:00:10,488 | INFO     |   → 1108/1241: ✅ 1 взято | 🗑️ 159 мусор
2026-06-19 15:00:10,488 | INFO     |   → 1109/1241: ✅ 0 взято | 🗑️ 22 мусор
2026-06-19 15:00:10,488 | INFO     |   → 1110/1241: ✅ 0 взято | 🗑️ 0 мусор
2026-06-19 15:00:10,488 | INFO     |   → 1111/1241 ❌ HTTP 404 — https://raw.githubusercontent.com/yebekhe/TVC/0f745f92bf381e505f1245abbc7c145b19b11503/config.txt
2026-06-19 15:00:10,488 | INFO     |   → 1112/1241 ❌ HTTP 404 — https://raw.githubusercontent.com/yebekhe/TVC/9fac69239c69327fb7a61f5a8d79d107133889e1/lite/config.txt
2026-06-19 15:00:10,488 | INFO     |   → 1113/1241 ❌ HTTP 404 — https://raw.githubusercontent.com/yebekhe/TelegramV2rayCollector/main/sub/normal/donated
2026-06-19 15:00:10,488 | INFO     |   → 1114/1241 ❌ HTTP 404 — https://raw.githubusercontent.com/yebekhe/TelegramV2rayCollector/main/sub/normal/hysteria2
2026-06-19 15:00:10,488 | INFO     |   → 1115/1241 ❌ HTTP 404 — https://raw.githubusercontent.com/yebekhe/TelegramV2rayCollector/main/sub/normal/mix
2026-06-19 15:00:10,488 | INFO     |   → 1116/1241 ❌ HTTP 404 — https://raw.githubusercontent.com/yebekhe/TelegramV2rayCollector/main/sub/normal/reality
2026-06-19 15:00:10,488 | INFO     |   → 1117/1241 ❌ HTTP 404 — https://raw.githubusercontent.com/yebekhe/TelegramV2rayCollector/main/sub/normal/shadowsocks
2026-06-19 15:00:10,488 | INFO     |   → 1118/1241 ❌ HTTP 404 — https://raw.githubusercontent.com/yebekhe/TelegramV2rayCollector/main/sub/normal/trojan
2026-06-19 15:00:10,488 | INFO     |   → 1119/1241 ❌ HTTP 404 — https://raw.githubusercontent.com/yebekhe/TelegramV2rayCollector/main/sub/normal/tuic
2026-06-19 15:00:10,488 | INFO     |   → 1120/1241 ❌ HTTP 404 — https://raw.githubusercontent.com/yebekhe/TelegramV2rayCollector/main/sub/normal/vless
2026-06-19 15:00:10,488 | INFO     |   → 1121/1241 ❌ HTTP 404 — https://raw.githubusercontent.com/yebekhe/TelegramV2rayCollector/main/sub/normal/vmess
2026-06-19 15:00:10,488 | INFO     |   → 1122/1241 ❌ HTTP 404 — https://raw.githubusercontent.com/yebekhe/V2Hub/main/Split/Normal/shadowsocks
2026-06-19 15:00:10,488 | INFO     |   → 1123/1241 ❌ HTTP 404 — https://raw.githubusercontent.com/yebekhe/V2Hub/main/merged
2026-06-19 15:00:10,488 | INFO     |   → 1124/1241: ✅ 0 взято | 🗑️ 30 мусор
2026-06-19 15:00:10,488 | INFO     |   → 1125/1241: ✅ 1218 взято | 🗑️ 10241 мусор
2026-06-19 15:00:10,488 | INFO     |   → 1126/1241: ✅ 8 взято | 🗑️ 383 мусор
2026-06-19 15:00:10,488 | INFO     |   → 1127/1241: ✅ 14 взято | 🗑️ 408 мусор
2026-06-19 15:00:10,488 | INFO     |   → 1128/1241: ✅ 223 взято | 🗑️ 371 мусор
2026-06-19 15:00:10,489 | INFO     |   → 1129/1241: ✅ 103 взято | 🗑️ 2013 мусор
2026-06-19 15:00:10,489 | INFO     |   → 1130/1241: ✅ 3 взято | 🗑️ 566 мусор
2026-06-19 15:00:10,489 | INFO     |   → 1131/1241 ❌ HTTP 404 — https://raw.githubusercontent.com/yyyr-otz/tele-providers-collector/019cb3e07ee52fddbc7caa54fc670c6b9bae6539/sub/proxies.txt
2026-06-19 15:00:10,489 | INFO     |   → 1132/1241 ❌ HTTP 404 — https://raw.githubusercontent.com/yyyr-otz/tele-providers-collector/b7a74ee98bcf02c5a507d688a1bed3aa9f7f4ed1/script/raw/protocols/mixed.txt
2026-06-19 15:00:10,489 | INFO     |   → 1133/1241: ✅ 0 взято | 🗑️ 0 мусор
2026-06-19 15:00:10,489 | INFO     |   → 1134/1241: ✅ 0 взято | 🗑️ 0 мусор
2026-06-19 15:00:10,489 | INFO     |   → 1135/1241: ✅ 1 взято | 🗑️ 18 мусор
2026-06-19 15:00:10,489 | INFO     |   → 1136/1241: ✅ 32 взято | 🗑️ 1027 мусор
2026-06-19 15:00:10,489 | INFO     |   → 1137/1241: ✅ 0 взято | 🗑️ 5 мусор
2026-06-19 15:00:10,489 | INFO     |   → 1138/1241: ✅ 0 взято | 🗑️ 0 мусор
2026-06-19 15:00:10,489 | INFO     |   → 1139/1241 ⚠️ Ошибка: ('Connection aborted.', RemoteDisconnected('Remote end closed connection without response')) — https://sub.pmsub.me/clash.yaml
2026-06-19 15:00:10,489 | INFO     |   → 1140/1241: ✅ 0 взято | 🗑️ 1 мусор
2026-06-19 15:00:10,489 | INFO     |   → 1141/1241: ✅ 8 взято | 🗑️ 21 мусор
2026-06-19 15:00:10,489 | INFO     |   → 1142/1241: ✅ 0 взято | 🗑️ 0 мусор
2026-06-19 15:00:10,489 | INFO     |   → 1143/1241: ✅ 9 взято | 🗑️ 19 мусор
2026-06-19 15:00:10,489 | INFO     |   → 1144/1241: ✅ 0 взято | 🗑️ 0 мусор
2026-06-19 15:00:10,489 | INFO     |   → 1145/1241: ✅ 2 взято | 🗑️ 14 мусор
2026-06-19 15:00:10,489 | INFO     |   → 1146/1241: ✅ 4 взято | 🗑️ 22 мусор
2026-06-19 15:00:10,489 | INFO     |   → 1147/1241: ✅ 0 взято | 🗑️ 0 мусор
2026-06-19 15:00:10,489 | INFO     |   → 1148/1241: ✅ 0 взято | 🗑️ 0 мусор
2026-06-19 15:00:10,489 | INFO     |   → 1149/1241: ✅ 0 взято | 🗑️ 0 мусор
2026-06-19 15:00:10,489 | INFO     |   → 1150/1241: ✅ 2 взято | 🗑️ 16 мусор
2026-06-19 15:00:10,489 | INFO     |   → 1151/1241: ✅ 0 взято | 🗑️ 0 мусор
2026-06-19 15:00:10,489 | INFO     |   → 1152/1241: ✅ 4 взято | 🗑️ 7 мусор
2026-06-19 15:00:10,489 | INFO     |   → 1153/1241: ✅ 0 взято | 🗑️ 0 мусор
2026-06-19 15:00:10,489 | INFO     |   → 1154/1241: ✅ 6 взято | 🗑️ 14 мусор
2026-06-19 15:00:10,489 | INFO     |   → 1155/1241: ✅ 0 взято | 🗑️ 0 мусор
2026-06-19 15:00:10,489 | INFO     |   → 1156/1241: ✅ 2 взято | 🗑️ 13 мусор
2026-06-19 15:00:10,489 | INFO     |   → 1157/1241: ✅ 0 взято | 🗑️ 0 мусор
2026-06-19 15:00:10,489 | INFO     |   → 1158/1241: ✅ 0 взято | 🗑️ 0 мусор
2026-06-19 15:00:10,489 | INFO     |   → 1159/1241: ✅ 2 взято | 🗑️ 7 мусор
2026-06-19 15:00:10,489 | INFO     |   → 1160/1241: ✅ 1 взято | 🗑️ 14 мусор
2026-06-19 15:00:10,489 | INFO     |   → 1161/1241: ✅ 2 взято | 🗑️ 14 мусор
2026-06-19 15:00:10,489 | INFO     |   → 1162/1241: ✅ 0 взято | 🗑️ 0 мусор
2026-06-19 15:00:10,489 | INFO     |   → 1163/1241: ✅ 3 взято | 🗑️ 22 мусор
2026-06-19 15:00:10,489 | INFO     |   → 1164/1241: ✅ 0 взято | 🗑️ 0 мусор
2026-06-19 15:00:10,489 | INFO     |   → 1165/1241: ✅ 2 взято | 🗑️ 15 мусор
2026-06-19 15:00:10,489 | INFO     |   → 1166/1241: ✅ 3 взято | 🗑️ 12 мусор
2026-06-19 15:00:10,490 | INFO     |   → 1167/1241: ✅ 0 взято | 🗑️ 0 мусор
2026-06-19 15:00:10,490 | INFO     |   → 1168/1241: ✅ 0 взято | 🗑️ 0 мусор
2026-06-19 15:00:10,490 | INFO     |   → 1169/1241: ✅ 0 взято | 🗑️ 0 мусор
2026-06-19 15:00:10,490 | INFO     |   → 1170/1241: ✅ 4 взято | 🗑️ 11 мусор
2026-06-19 15:00:10,490 | INFO     |   → 1171/1241: ✅ 10 взято | 🗑️ 15 мусор
2026-06-19 15:00:10,490 | INFO     |   → 1172/1241: ✅ 0 взято | 🗑️ 0 мусор
2026-06-19 15:00:10,490 | INFO     |   → 1173/1241: ✅ 13 взято | 🗑️ 15 мусор
2026-06-19 15:00:10,490 | INFO     |   → 1174/1241: ✅ 0 взято | 🗑️ 0 мусор
2026-06-19 15:00:10,490 | INFO     |   → 1175/1241: ✅ 5 взято | 🗑️ 15 мусор
2026-06-19 15:00:10,490 | INFO     |   → 1176/1241: ✅ 0 взято | 🗑️ 0 мусор
2026-06-19 15:00:10,490 | INFO     |   → 1177/1241: ✅ 8 взято | 🗑️ 16 мусор
2026-06-19 15:00:10,490 | INFO     |   → 1178/1241: ✅ 0 взято | 🗑️ 0 мусор
2026-06-19 15:00:10,490 | INFO     |   → 1179/1241: ✅ 0 взято | 🗑️ 24 мусор
2026-06-19 15:00:10,490 | INFO     |   → 1180/1241: ✅ 0 взято | 🗑️ 0 мусор
2026-06-19 15:00:10,490 | INFO     |   → 1181/1241: ✅ 4 взято | 🗑️ 17 мусор
2026-06-19 15:00:10,490 | INFO     |   → 1182/1241: ✅ 0 взято | 🗑️ 0 мусор
2026-06-19 15:00:10,490 | INFO     |   → 1183/1241: ✅ 12 взято | 🗑️ 18 мусор
2026-06-19 15:00:10,490 | INFO     |   → 1184/1241: ✅ 0 взято | 🗑️ 0 мусор
2026-06-19 15:00:10,490 | INFO     |   → 1185/1241: ✅ 2 взято | 🗑️ 17 мусор
2026-06-19 15:00:10,490 | INFO     |   → 1186/1241: ✅ 0 взято | 🗑️ 0 мусор
2026-06-19 15:00:10,490 | INFO     |   → 1187/1241: ✅ 1 взято | 🗑️ 27 мусор
2026-06-19 15:00:10,490 | INFO     |   → 1188/1241: ✅ 0 взято | 🗑️ 0 мусор
2026-06-19 15:00:10,490 | INFO     |   → 1189/1241: ✅ 4 взято | 🗑️ 15 мусор
2026-06-19 15:00:10,490 | INFO     |   → 1190/1241: ✅ 0 взято | 🗑️ 0 мусор
2026-06-19 15:00:10,490 | INFO     |   → 1191/1241: ✅ 4 взято | 🗑️ 26 мусор
2026-06-19 15:00:10,490 | INFO     |   → 1192/1241: ✅ 0 взято | 🗑️ 0 мусор
2026-06-19 15:00:10,490 | INFO     |   → 1193/1241: ✅ 3 взято | 🗑️ 21 мусор
2026-06-19 15:00:10,490 | INFO     |   → 1194/1241: ✅ 0 взято | 🗑️ 0 мусор
2026-06-19 15:00:10,490 | INFO     |   → 1195/1241: ✅ 8 взято | 🗑️ 12 мусор
2026-06-19 15:00:10,490 | INFO     |   → 1196/1241: ✅ 0 взято | 🗑️ 0 мусор
2026-06-19 15:00:10,490 | INFO     |   → 1197/1241: ✅ 8 взято | 🗑️ 15 мусор
2026-06-19 15:00:10,490 | INFO     |   → 1198/1241: ✅ 0 взято | 🗑️ 0 мусор
2026-06-19 15:00:10,491 | INFO     |   → 1199/1241: ✅ 10 взято | 🗑️ 14 мусор
2026-06-19 15:00:10,491 | INFO     |   → 1200/1241: ✅ 0 взято | 🗑️ 0 мусор
2026-06-19 15:00:10,491 | INFO     |   → 1201/1241: ✅ 5 взято | 🗑️ 18 мусор
2026-06-19 15:00:10,491 | INFO     |   → 1202/1241: ✅ 0 взято | 🗑️ 0 мусор
2026-06-19 15:00:10,491 | INFO     |   → 1203/1241: ✅ 5 взято | 🗑️ 22 мусор
2026-06-19 15:00:10,491 | INFO     |   → 1204/1241: ✅ 0 взято | 🗑️ 0 мусор
2026-06-19 15:00:10,491 | INFO     |   → 1205/1241: ✅ 5 взято | 🗑️ 18 мусор
2026-06-19 15:00:10,491 | INFO     |   → 1206/1241: ✅ 0 взято | 🗑️ 0 мусор
2026-06-19 15:00:10,491 | INFO     |   → 1207/1241: ✅ 1 взято | 🗑️ 23 мусор
2026-06-19 15:00:10,491 | INFO     |   → 1208/1241: ✅ 0 взято | 🗑️ 0 мусор
2026-06-19 15:00:10,491 | INFO     |   → 1209/1241: ✅ 5 взято | 🗑️ 18 мусор
2026-06-19 15:00:10,491 | INFO     |   → 1210/1241: ✅ 0 взято | 🗑️ 0 мусор
2026-06-19 15:00:10,491 | INFO     |   → 1211/1241: ✅ 17 взято | 🗑️ 7 мусор
2026-06-19 15:00:10,491 | INFO     |   → 1212/1241: ✅ 0 взято | 🗑️ 0 мусор
2026-06-19 15:00:10,491 | INFO     |   → 1213/1241: ✅ 3 взято | 🗑️ 17 мусор
2026-06-19 15:00:10,491 | INFO     |   → 1214/1241: ✅ 0 взято | 🗑️ 0 мусор
2026-06-19 15:00:10,491 | INFO     |   → 1215/1241: ✅ 7 взято | 🗑️ 14 мусор
2026-06-19 15:00:10,491 | INFO     |   → 1216/1241: ✅ 0 взято | 🗑️ 0 мусор
2026-06-19 15:00:10,491 | INFO     |   → 1217/1241: ✅ 7 взято | 🗑️ 14 мусор
2026-06-19 15:00:10,491 | INFO     |   → 1218/1241: ✅ 0 взято | 🗑️ 0 мусор
2026-06-19 15:00:10,491 | INFO     |   → 1219/1241: ✅ 8 взято | 🗑️ 11 мусор
2026-06-19 15:00:10,491 | INFO     |   → 1220/1241: ✅ 0 взято | 🗑️ 0 мусор
2026-06-19 15:00:10,491 | INFO     |   → 1221/1241: ✅ 0 взято | 🗑️ 22 мусор
2026-06-19 15:00:10,491 | INFO     |   → 1222/1241: ✅ 0 взято | 🗑️ 0 мусор
2026-06-19 15:00:10,491 | INFO     |   → 1223/1241: ✅ 3 взято | 🗑️ 12 мусор
2026-06-19 15:00:10,491 | INFO     |   → 1224/1241: ✅ 0 взято | 🗑️ 0 мусор
2026-06-19 15:00:10,491 | INFO     |   → 1225/1241: ✅ 0 взято | 🗑️ 7 мусор
2026-06-19 15:00:10,491 | INFO     |   → 1226/1241: ✅ 0 взято | 🗑️ 0 мусор
2026-06-19 15:00:10,491 | INFO     |   → 1227/1241: ✅ 2 взято | 🗑️ 8 мусор
2026-06-19 15:00:10,491 | INFO     |   → 1228/1241: ✅ 0 взято | 🗑️ 0 мусор
2026-06-19 15:00:10,491 | INFO     |   → 1229/1241: ✅ 5 взято | 🗑️ 12 мусор
2026-06-19 15:00:10,491 | INFO     |   → 1230/1241: ✅ 0 взято | 🗑️ 0 мусор
2026-06-19 15:00:10,492 | INFO     |   → 1231/1241: ✅ 2 взято | 🗑️ 12 мусор
2026-06-19 15:00:10,492 | INFO     |   → 1232/1241: ✅ 0 взято | 🗑️ 0 мусор
2026-06-19 15:00:10,492 | INFO     |   → 1233/1241: ✅ 8 взято | 🗑️ 12 мусор
2026-06-19 15:00:10,492 | INFO     |   → 1234/1241: ✅ 0 взято | 🗑️ 0 мусор
2026-06-19 15:00:10,492 | INFO     |   → 1235/1241: ✅ 0 взято | 🗑️ 10 мусор
2026-06-19 15:00:10,492 | INFO     |   → 1236/1241: ✅ 0 взято | 🗑️ 0 мусор
2026-06-19 15:00:10,492 | INFO     |   → 1237/1241: ✅ 6 взято | 🗑️ 14 мусор
2026-06-19 15:00:10,492 | INFO     |   → 1238/1241: ✅ 0 взято | 🗑️ 0 мусор
2026-06-19 15:00:10,492 | INFO     |   → 1239/1241: ✅ 0 взято | 🗑️ 19 мусор
2026-06-19 15:00:10,492 | INFO     |   → 1240/1241: ✅ 0 взято | 🗑️ 0 мусор
2026-06-19 15:00:10,492 | INFO     |   → 1241/1241: ✅ 0 взято | 🗑️ 6 мусор
2026-06-19 15:00:10,492 | INFO     |   → ✅ ГОТОВО!
2026-06-19 15:00:10,492 | INFO     |   →    📥 Всего ключей после фильтра: 47650
2026-06-19 15:00:10,492 | INFO     |   →    🔗 Уникальных IP:PORT:SCHEME: 13369
2026-06-19 15:00:10,492 | INFO     |   →    🗑️ Выброшено мусора: 794927
2026-06-19 15:00:10,492 | INFO     |   → 📊 По протоколам:
2026-06-19 15:00:10,492 | INFO     |   →    vless: 5800
2026-06-19 15:00:10,492 | INFO     |   →    vmess: 3724
2026-06-19 15:00:10,492 | INFO     |   →    trojan: 1670
2026-06-19 15:00:10,492 | INFO     |   →    ss: 2004
2026-06-19 15:00:10,492 | INFO     |   →    hysteria: 13
2026-06-19 15:00:10,492 | INFO     |   →    hysteria2: 38
2026-06-19 15:00:10,492 | INFO     |   →    hy2: 67
2026-06-19 15:00:10,492 | INFO     |   →    tuic: 53
2026-06-19 15:00:10,492 | INFO     | ✅ mirror.py завершён успешно
2026-06-19 15:00:10,492 | INFO     | 
2026-06-19 15:00:10,492 | INFO     | 
2026-06-19 15:00:10,492 | INFO     | ──────────────────────────────────────────────────────────────────────
2026-06-19 15:00:10,492 | INFO     | 📌 ЭТАП: Фильтрация по реальному SNI
2026-06-19 15:00:10,492 | INFO     | ──────────────────────────────────────────────────────────────────────
2026-06-19 15:00:10,492 | INFO     | 🚀 Запуск filter_ru_sni.py (Фильтр по реальному SNI (CDN+RU))...
2026-06-19 15:00:10,802 | INFO     |   → hy2.txt: 67 → 21 (SNI-filtered)
2026-06-19 15:00:10,802 | INFO     |   →   hysteria.txt: 13 → 0 (SNI-filtered)
2026-06-19 15:00:10,802 | INFO     |   →   hysteria2.txt: 38 → 6 (SNI-filtered)
2026-06-19 15:00:10,802 | INFO     |   →   ss.txt: 2004 → 1 (SNI-filtered)
2026-06-19 15:00:10,802 | INFO     |   →   trojan.txt: 1670 → 12 (SNI-filtered)
2026-06-19 15:00:10,802 | INFO     |   →   tuic.txt: 53 → 0 (SNI-filtered)
2026-06-19 15:00:10,802 | INFO     |   →   vless.txt: 5800 → 920 (SNI-filtered)
2026-06-19 15:00:10,803 | INFO     |   →   vmess.txt: 3724 → 38 (SNI-filtered)
2026-06-19 15:00:10,803 | INFO     |   → ==================================================
2026-06-19 15:00:10,803 | INFO     |   →   Всего входных:  13369
2026-06-19 15:00:10,803 | INFO     |   →   Прошли фильтр:  998
2026-06-19 15:00:10,803 | INFO     |   →   Отброшено:      12371
2026-06-19 15:00:10,803 | INFO     |   → ==================================================
2026-06-19 15:00:10,803 | INFO     |   → Готово → /home/runner/work/vpn-vless-configs-russia/vpn-vless-configs-russia/githubmirror/ru-sni
2026-06-19 15:00:10,803 | INFO     | ✅ filter_ru_sni.py завершён успешно
2026-06-19 15:00:10,803 | INFO     | 
2026-06-19 15:00:10,803 | INFO     | 
2026-06-19 15:00:10,803 | INFO     | ──────────────────────────────────────────────────────────────────────
2026-06-19 15:00:10,803 | INFO     | 📌 ЭТАП: Экспериментальный RU-SNI фильтр
2026-06-19 15:00:10,803 | INFO     | ──────────────────────────────────────────────────────────────────────
2026-06-19 15:00:10,803 | INFO     | 🚀 Запуск filter_ru_sni_local.py (Экспериментальный фильтр по RU-SNI (локальные домены))...
2026-06-19 15:00:11,011 | INFO     |   → hy2.txt: 67 → 0 (RU-SNI)
2026-06-19 15:00:11,011 | INFO     |   → hysteria.txt: 13 → 0 (RU-SNI)
2026-06-19 15:00:11,011 | INFO     |   → hysteria2.txt: 38 → 0 (RU-SNI)
2026-06-19 15:00:11,011 | INFO     |   → ss.txt: 2004 → 0 (RU-SNI)
2026-06-19 15:00:11,011 | INFO     |   → trojan.txt: 1670 → 0 (RU-SNI)
2026-06-19 15:00:11,011 | INFO     |   → tuic.txt: 53 → 0 (RU-SNI)
2026-06-19 15:00:11,011 | INFO     |   → vless.txt: 5800 → 177 (RU-SNI)
2026-06-19 15:00:11,011 | INFO     |   → vmess.txt: 3724 → 0 (RU-SNI)
2026-06-19 15:00:11,011 | INFO     |   → ==================================================
2026-06-19 15:00:11,011 | INFO     |   → Всего входных:  13369
2026-06-19 15:00:11,011 | INFO     |   → Прошли RU-SNI:  177
2026-06-19 15:00:11,011 | INFO     |   → Отброшено:      13192
2026-06-19 15:00:11,011 | INFO     |   → ==================================================
2026-06-19 15:00:11,011 | INFO     |   → Готово → /home/runner/work/vpn-vless-configs-russia/vpn-vless-configs-russia/githubmirror/ru-sni-local
2026-06-19 15:00:11,011 | INFO     | ✅ filter_ru_sni_local.py завершён успешно
2026-06-19 15:00:11,011 | INFO     | 
2026-06-19 15:00:11,011 | INFO     | 
2026-06-19 15:00:11,011 | INFO     | ──────────────────────────────────────────────────────────────────────
2026-06-19 15:00:11,011 | INFO     | 📌 ЭТАП: Сбор статистики
2026-06-19 15:00:11,011 | INFO     | ──────────────────────────────────────────────────────────────────────
2026-06-19 15:00:11,011 | INFO     | 📊 Сбор статистики...
2026-06-19 15:00:11,011 | INFO     |   📁 githubmirror/clean:
2026-06-19 15:00:11,012 | INFO     |     • hy2         :    67 конфигов
2026-06-19 15:00:11,012 | INFO     |     • hysteria    :    13 конфигов
2026-06-19 15:00:11,012 | INFO     |     • hysteria2   :    38 конфигов
2026-06-19 15:00:11,014 | INFO     |     • ss          :  2004 конфигов
2026-06-19 15:00:11,016 | INFO     |     • trojan      :  1670 конфигов
2026-06-19 15:00:11,016 | INFO     |     • tuic        :    53 конфигов
2026-06-19 15:00:11,022 | INFO     |     • vless       :  5800 конфигов
2026-06-19 15:00:11,025 | INFO     |     • vmess       :  3724 конфигов
2026-06-19 15:00:11,025 | INFO     |   📁 githubmirror/ru-sni:
2026-06-19 15:00:11,026 | INFO     |     • hy2         :    21 конфигов ( 31.3% от clean)
2026-06-19 15:00:11,026 | INFO     |     • hysteria    :     0 конфигов (  0.0% от clean)
2026-06-19 15:00:11,026 | INFO     |     • hysteria2   :     6 конфигов ( 15.8% от clean)
2026-06-19 15:00:11,026 | INFO     |     • ss          :     1 конфигов (  0.0% от clean)
2026-06-19 15:00:11,026 | INFO     |     • trojan      :    12 конфигов (  0.7% от clean)
2026-06-19 15:00:11,026 | INFO     |     • tuic        :     0 конфигов (  0.0% от clean)
2026-06-19 15:00:11,027 | INFO     |     • vless       :   920 конфигов ( 15.9% от clean)
2026-06-19 15:00:11,027 | INFO     |     • vmess       :    38 конфигов (  1.0% от clean)
2026-06-19 15:00:11,027 | INFO     | 
2026-06-19 15:00:11,027 | INFO     |   ──────────────────────────────────────────────────
2026-06-19 15:00:11,027 | INFO     |   📈 ИТОГО:
2026-06-19 15:00:11,028 | INFO     |     Clean (после geo-фильтра):    13369
2026-06-19 15:00:11,028 | INFO     |     RU-SNI (после SNI-фильтра):     998
2026-06-19 15:00:11,028 | INFO     |     Прошло фильтр:                  7.5%
2026-06-19 15:00:11,028 | INFO     |   ──────────────────────────────────────────────────
2026-06-19 15:00:11,028 | INFO     | ✅ Статистика сохранена: /home/runner/work/vpn-vless-configs-russia/vpn-vless-configs-russia/stats.json
2026-06-19 15:00:11,028 | INFO     | 
2026-06-19 15:00:11,028 | INFO     | ======================================================================
2026-06-19 15:00:11,028 | INFO     | 📊 ИТОГОВЫЙ ОТЧЁТ
2026-06-19 15:00:11,028 | INFO     | ======================================================================
2026-06-19 15:00:11,028 | INFO     |   ✅ OK         | Загрузка и geo-фильтрация
2026-06-19 15:00:11,028 | INFO     |   ✅ OK         | Фильтрация по реальному SNI
2026-06-19 15:00:11,028 | INFO     |   ✅ OK         | Экспериментальный RU-SNI фильтр
2026-06-19 15:00:11,028 | INFO     |   ✅ OK         | Сбор статистики
2026-06-19 15:00:11,028 | INFO     | ──────────────────────────────────────────────────────────────────────
2026-06-19 15:00:11,028 | INFO     | ✅ ВСЕ ЭТАПЫ УСПЕШНЫ (4/4)
2026-06-19 15:00:11,028 | INFO     | ⏰ Время завершения: 2026-06-19 15:00:11
2026-06-19 15:00:11,028 | INFO     | ======================================================================
