2026-06-10 09:51:14,283 | INFO     | ======================================================================
2026-06-10 09:51:14,283 | INFO     | 🔍 VPN KEY CHECKER - Начало проверки
2026-06-10 09:51:14,283 | INFO     | ⏰ Время старта: 2026-06-10 09:51:14
2026-06-10 09:51:14,283 | INFO     | 📂 Рабочая директория: /home/runner/work/vpn-vless-configs-russia/vpn-vless-configs-russia
2026-06-10 09:51:14,283 | INFO     | ======================================================================
2026-06-10 09:51:14,283 | INFO     | 
2026-06-10 09:51:14,283 | INFO     | 🔍 Проверка наличия скриптов...
2026-06-10 09:51:14,283 | INFO     |   ✅ mirror.py
2026-06-10 09:51:14,283 | INFO     |   ✅ filter_ru_sni.py
2026-06-10 09:51:14,283 | INFO     |   ✅ filter_ru_sni_local.py
2026-06-10 09:51:14,283 | INFO     | 
2026-06-10 09:51:14,284 | INFO     | 
2026-06-10 09:51:14,284 | INFO     | ──────────────────────────────────────────────────────────────────────
2026-06-10 09:51:14,284 | INFO     | 📌 ЭТАП: Загрузка и geo-фильтрация
2026-06-10 09:51:14,284 | INFO     | ──────────────────────────────────────────────────────────────────────
2026-06-10 09:51:14,284 | INFO     | 🚀 Запуск mirror.py (Загрузка и фильтрация по РФ/СНГ/Европа)...
2026-06-10 09:56:55,726 | INFO     |   → 🚀 Старт: всего источников (старые + новые): 1167
2026-06-10 09:56:55,727 | INFO     |   → 1/1167: ✅ 13 взято | 🗑️ 242 мусор
2026-06-10 09:56:55,727 | INFO     |   → 2/1167: ✅ 0 взято | 🗑️ 0 мусор
2026-06-10 09:56:55,727 | INFO     |   → 3/1167 ❌ HTTP 404 — https://bitbucket.org/huwo1/proxy_nodes/raw/f31ca9ec67b84071515729ff45b011b6b09c10f2/clash.yaml
2026-06-10 09:56:55,727 | INFO     |   → 4/1167 ❌ HTTP 404 — https://cdn.jsdelivr.net/gh/cry0ice/genode@main/public/all.txt
2026-06-10 09:56:55,727 | INFO     |   → 5/1167 ❌ HTTP 404 — https://cdn.jsdelivr.net/gh/cry0ice/genode@main/public/ss.txt
2026-06-10 09:56:55,727 | INFO     |   → 6/1167 ❌ HTTP 404 — https://cdn.jsdelivr.net/gh/cry0ice/genode@main/public/ssr.txt
2026-06-10 09:56:55,727 | INFO     |   → 7/1167 ❌ HTTP 404 — https://cdn.jsdelivr.net/gh/cry0ice/genode@main/public/trojan.txt
2026-06-10 09:56:55,727 | INFO     |   → 8/1167 ❌ HTTP 404 — https://cdn.jsdelivr.net/gh/cry0ice/genode@main/public/vless.txt
2026-06-10 09:56:55,727 | INFO     |   → 9/1167 ❌ HTTP 404 — https://cdn.jsdelivr.net/gh/cry0ice/genode@main/public/vmess.txt
2026-06-10 09:56:55,727 | INFO     |   → 10/1167: ✅ 0 взято | 🗑️ 0 мусор
2026-06-10 09:56:55,727 | INFO     |   → 11/1167: ✅ 0 взято | 🗑️ 0 мусор
2026-06-10 09:56:55,727 | INFO     |   → 12/1167: ✅ 0 взято | 🗑️ 0 мусор
2026-06-10 09:56:55,727 | INFO     |   → 13/1167: ✅ 0 взято | 🗑️ 0 мусор
2026-06-10 09:56:55,727 | INFO     |   → 14/1167: ✅ 0 взято | 🗑️ 0 мусор
2026-06-10 09:56:55,727 | INFO     |   → 15/1167: ✅ 0 взято | 🗑️ 0 мусор
2026-06-10 09:56:55,727 | INFO     |   → 16/1167: ✅ 0 взято | 🗑️ 0 мусор
2026-06-10 09:56:55,727 | INFO     |   → 17/1167: ✅ 0 взято | 🗑️ 0 мусор
2026-06-10 09:56:55,727 | INFO     |   → 18/1167: ✅ 0 взято | 🗑️ 0 мусор
2026-06-10 09:56:55,727 | INFO     |   → 19/1167: ✅ 0 взято | 🗑️ 0 мусор
2026-06-10 09:56:55,727 | INFO     |   → 20/1167: ✅ 0 взято | 🗑️ 0 мусор
2026-06-10 09:56:55,727 | INFO     |   → 21/1167: ✅ 0 взято | 🗑️ 0 мусор
2026-06-10 09:56:55,727 | INFO     |   → 22/1167: ✅ 0 взято | 🗑️ 0 мусор
2026-06-10 09:56:55,728 | INFO     |   → 23/1167: ✅ 0 взято | 🗑️ 0 мусор
2026-06-10 09:56:55,728 | INFO     |   → 24/1167: ✅ 0 взято | 🗑️ 0 мусор
2026-06-10 09:56:55,728 | INFO     |   → 25/1167: ✅ 0 взято | 🗑️ 0 мусор
2026-06-10 09:56:55,728 | INFO     |   → 26/1167: ✅ 0 взято | 🗑️ 0 мусор
2026-06-10 09:56:55,728 | INFO     |   → 27/1167: ✅ 0 взято | 🗑️ 0 мусор
2026-06-10 09:56:55,728 | INFO     |   → 28/1167: ✅ 0 взято | 🗑️ 0 мусор
2026-06-10 09:56:55,728 | INFO     |   → 29/1167: ✅ 0 взято | 🗑️ 0 мусор
2026-06-10 09:56:55,728 | INFO     |   → 30/1167: ✅ 0 взято | 🗑️ 0 мусор
2026-06-10 09:56:55,728 | INFO     |   → 31/1167: ✅ 0 взято | 🗑️ 0 мусор
2026-06-10 09:56:55,728 | INFO     |   → 32/1167: ✅ 0 взято | 🗑️ 0 мусор
2026-06-10 09:56:55,728 | INFO     |   → 33/1167: ✅ 0 взято | 🗑️ 0 мусор
2026-06-10 09:56:55,728 | INFO     |   → 34/1167: ✅ 0 взято | 🗑️ 0 мусор
2026-06-10 09:56:55,728 | INFO     |   → 35/1167: ✅ 0 взято | 🗑️ 0 мусор
2026-06-10 09:56:55,728 | INFO     |   → 36/1167: ✅ 0 взято | 🗑️ 0 мусор
2026-06-10 09:56:55,728 | INFO     |   → 37/1167: ✅ 0 взято | 🗑️ 0 мусор
2026-06-10 09:56:55,728 | INFO     |   → 38/1167: ✅ 0 взято | 🗑️ 0 мусор
2026-06-10 09:56:55,728 | INFO     |   → 39/1167: ✅ 0 взято | 🗑️ 0 мусор
2026-06-10 09:56:55,728 | INFO     |   → 40/1167: ✅ 0 взято | 🗑️ 0 мусор
2026-06-10 09:56:55,728 | INFO     |   → 41/1167: ✅ 0 взято | 🗑️ 0 мусор
2026-06-10 09:56:55,728 | INFO     |   → 42/1167: ✅ 0 взято | 🗑️ 0 мусор
2026-06-10 09:56:55,728 | INFO     |   → 43/1167: ✅ 0 взято | 🗑️ 0 мусор
2026-06-10 09:56:55,728 | INFO     |   → 44/1167: ✅ 0 взято | 🗑️ 0 мусор
2026-06-10 09:56:55,728 | INFO     |   → 45/1167: ✅ 0 взято | 🗑️ 0 мусор
2026-06-10 09:56:55,728 | INFO     |   → 46/1167: ✅ 0 взято | 🗑️ 0 мусор
2026-06-10 09:56:55,728 | INFO     |   → 47/1167: ✅ 0 взято | 🗑️ 0 мусор
2026-06-10 09:56:55,728 | INFO     |   → 48/1167: ✅ 0 взято | 🗑️ 0 мусор
2026-06-10 09:56:55,729 | INFO     |   → 49/1167: ✅ 0 взято | 🗑️ 0 мусор
2026-06-10 09:56:55,729 | INFO     |   → 50/1167: ✅ 0 взято | 🗑️ 0 мусор
2026-06-10 09:56:55,729 | INFO     |   → 51/1167: ✅ 0 взято | 🗑️ 0 мусор
2026-06-10 09:56:55,729 | INFO     |   → 52/1167: ✅ 0 взято | 🗑️ 0 мусор
2026-06-10 09:56:55,729 | INFO     |   → 53/1167: ✅ 0 взято | 🗑️ 0 мусор
2026-06-10 09:56:55,729 | INFO     |   → 54/1167: ✅ 0 взято | 🗑️ 0 мусор
2026-06-10 09:56:55,729 | INFO     |   → 55/1167: ✅ 0 взято | 🗑️ 0 мусор
2026-06-10 09:56:55,729 | INFO     |   → 56/1167: ✅ 0 взято | 🗑️ 0 мусор
2026-06-10 09:56:55,729 | INFO     |   → 57/1167: ✅ 0 взято | 🗑️ 0 мусор
2026-06-10 09:56:55,729 | INFO     |   → 58/1167: ✅ 0 взято | 🗑️ 0 мусор
2026-06-10 09:56:55,729 | INFO     |   → 59/1167: ✅ 0 взято | 🗑️ 0 мусор
2026-06-10 09:56:55,729 | INFO     |   → 60/1167: ✅ 0 взято | 🗑️ 0 мусор
2026-06-10 09:56:55,729 | INFO     |   → 61/1167: ✅ 0 взято | 🗑️ 0 мусор
2026-06-10 09:56:55,729 | INFO     |   → 62/1167: ✅ 0 взято | 🗑️ 0 мусор
2026-06-10 09:56:55,729 | INFO     |   → 63/1167: ✅ 0 взято | 🗑️ 0 мусор
2026-06-10 09:56:55,729 | INFO     |   → 64/1167: ✅ 0 взято | 🗑️ 0 мусор
2026-06-10 09:56:55,729 | INFO     |   → 65/1167: ✅ 0 взято | 🗑️ 0 мусор
2026-06-10 09:56:55,729 | INFO     |   → 66/1167: ✅ 0 взято | 🗑️ 0 мусор
2026-06-10 09:56:55,729 | INFO     |   → 67/1167: ✅ 0 взято | 🗑️ 0 мусор
2026-06-10 09:56:55,729 | INFO     |   → 68/1167: ✅ 0 взято | 🗑️ 0 мусор
2026-06-10 09:56:55,729 | INFO     |   → 69/1167: ✅ 0 взято | 🗑️ 0 мусор
2026-06-10 09:56:55,729 | INFO     |   → 70/1167: ✅ 0 взято | 🗑️ 0 мусор
2026-06-10 09:56:55,729 | INFO     |   → 71/1167: ✅ 0 взято | 🗑️ 0 мусор
2026-06-10 09:56:55,729 | INFO     |   → 72/1167: ✅ 0 взято | 🗑️ 0 мусор
2026-06-10 09:56:55,729 | INFO     |   → 73/1167: ✅ 0 взято | 🗑️ 0 мусор
2026-06-10 09:56:55,730 | INFO     |   → 74/1167: ✅ 0 взято | 🗑️ 0 мусор
2026-06-10 09:56:55,730 | INFO     |   → 75/1167: ✅ 0 взято | 🗑️ 0 мусор
2026-06-10 09:56:55,730 | INFO     |   → 76/1167: ✅ 0 взято | 🗑️ 0 мусор
2026-06-10 09:56:55,730 | INFO     |   → 77/1167: ✅ 0 взято | 🗑️ 0 мусор
2026-06-10 09:56:55,730 | INFO     |   → 78/1167: ✅ 0 взято | 🗑️ 0 мусор
2026-06-10 09:56:55,730 | INFO     |   → 79/1167: ✅ 0 взято | 🗑️ 0 мусор
2026-06-10 09:56:55,730 | INFO     |   → 80/1167: ✅ 0 взято | 🗑️ 0 мусор
2026-06-10 09:56:55,730 | INFO     |   → 81/1167: ✅ 0 взято | 🗑️ 0 мусор
2026-06-10 09:56:55,730 | INFO     |   → 82/1167: ✅ 0 взято | 🗑️ 0 мусор
2026-06-10 09:56:55,730 | INFO     |   → 83/1167: ✅ 0 взято | 🗑️ 0 мусор
2026-06-10 09:56:55,730 | INFO     |   → 84/1167: ✅ 0 взято | 🗑️ 0 мусор
2026-06-10 09:56:55,730 | INFO     |   → 85/1167: ✅ 0 взято | 🗑️ 0 мусор
2026-06-10 09:56:55,730 | INFO     |   → 86/1167: ✅ 0 взято | 🗑️ 0 мусор
2026-06-10 09:56:55,730 | INFO     |   → 87/1167: ✅ 0 взято | 🗑️ 0 мусор
2026-06-10 09:56:55,730 | INFO     |   → 88/1167: ✅ 0 взято | 🗑️ 0 мусор
2026-06-10 09:56:55,730 | INFO     |   → 89/1167: ✅ 0 взято | 🗑️ 0 мусор
2026-06-10 09:56:55,730 | INFO     |   → 90/1167: ✅ 0 взято | 🗑️ 0 мусор
2026-06-10 09:56:55,730 | INFO     |   → 91/1167: ✅ 0 взято | 🗑️ 0 мусор
2026-06-10 09:56:55,730 | INFO     |   → 92/1167: ✅ 0 взято | 🗑️ 0 мусор
2026-06-10 09:56:55,730 | INFO     |   → 93/1167: ✅ 0 взято | 🗑️ 0 мусор
2026-06-10 09:56:55,730 | INFO     |   → 94/1167: ✅ 0 взято | 🗑️ 0 мусор
2026-06-10 09:56:55,730 | INFO     |   → 95/1167: ✅ 0 взято | 🗑️ 0 мусор
2026-06-10 09:56:55,730 | INFO     |   → 96/1167: ✅ 0 взято | 🗑️ 0 мусор
2026-06-10 09:56:55,730 | INFO     |   → 97/1167: ✅ 0 взято | 🗑️ 0 мусор
2026-06-10 09:56:55,730 | INFO     |   → 98/1167: ✅ 0 взято | 🗑️ 0 мусор
2026-06-10 09:56:55,730 | INFO     |   → 99/1167: ✅ 0 взято | 🗑️ 0 мусор
2026-06-10 09:56:55,731 | INFO     |   → 100/1167: ✅ 0 взято | 🗑️ 0 мусор
2026-06-10 09:56:55,731 | INFO     |   → 101/1167: ✅ 0 взято | 🗑️ 0 мусор
2026-06-10 09:56:55,731 | INFO     |   → 102/1167: ✅ 0 взято | 🗑️ 0 мусор
2026-06-10 09:56:55,731 | INFO     |   → 103/1167: ✅ 0 взято | 🗑️ 0 мусор
2026-06-10 09:56:55,731 | INFO     |   → 104/1167: ✅ 0 взято | 🗑️ 0 мусор
2026-06-10 09:56:55,731 | INFO     |   → 105/1167: ✅ 0 взято | 🗑️ 0 мусор
2026-06-10 09:56:55,731 | INFO     |   → 106/1167: ✅ 0 взято | 🗑️ 0 мусор
2026-06-10 09:56:55,731 | INFO     |   → 107/1167: ✅ 0 взято | 🗑️ 0 мусор
2026-06-10 09:56:55,731 | INFO     |   → 108/1167: ✅ 0 взято | 🗑️ 0 мусор
2026-06-10 09:56:55,731 | INFO     |   → 109/1167: ✅ 0 взято | 🗑️ 0 мусор
2026-06-10 09:56:55,731 | INFO     |   → 110/1167: ✅ 0 взято | 🗑️ 0 мусор
2026-06-10 09:56:55,731 | INFO     |   → 111/1167: ✅ 0 взято | 🗑️ 0 мусор
2026-06-10 09:56:55,731 | INFO     |   → 112/1167: ✅ 0 взято | 🗑️ 0 мусор
2026-06-10 09:56:55,731 | INFO     |   → 113/1167: ✅ 0 взято | 🗑️ 0 мусор
2026-06-10 09:56:55,731 | INFO     |   → 114/1167: ✅ 0 взято | 🗑️ 0 мусор
2026-06-10 09:56:55,731 | INFO     |   → 115/1167: ✅ 0 взято | 🗑️ 0 мусор
2026-06-10 09:56:55,731 | INFO     |   → 116/1167: ✅ 0 взято | 🗑️ 0 мусор
2026-06-10 09:56:55,731 | INFO     |   → 117/1167: ✅ 0 взято | 🗑️ 0 мусор
2026-06-10 09:56:55,731 | INFO     |   → 118/1167: ✅ 0 взято | 🗑️ 0 мусор
2026-06-10 09:56:55,731 | INFO     |   → 119/1167: ✅ 0 взято | 🗑️ 0 мусор
2026-06-10 09:56:55,731 | INFO     |   → 120/1167: ✅ 0 взято | 🗑️ 0 мусор
2026-06-10 09:56:55,731 | INFO     |   → 121/1167: ✅ 0 взято | 🗑️ 0 мусор
2026-06-10 09:56:55,731 | INFO     |   → 122/1167: ✅ 0 взято | 🗑️ 0 мусор
2026-06-10 09:56:55,731 | INFO     |   → 123/1167: ✅ 0 взято | 🗑️ 0 мусор
2026-06-10 09:56:55,731 | INFO     |   → 124/1167: ✅ 0 взято | 🗑️ 0 мусор
2026-06-10 09:56:55,732 | INFO     |   → 125/1167: ✅ 0 взято | 🗑️ 0 мусор
2026-06-10 09:56:55,732 | INFO     |   → 126/1167: ✅ 0 взято | 🗑️ 0 мусор
2026-06-10 09:56:55,732 | INFO     |   → 127/1167: ✅ 0 взято | 🗑️ 0 мусор
2026-06-10 09:56:55,732 | INFO     |   → 128/1167: ✅ 0 взято | 🗑️ 0 мусор
2026-06-10 09:56:55,732 | INFO     |   → 129/1167: ✅ 0 взято | 🗑️ 0 мусор
2026-06-10 09:56:55,732 | INFO     |   → 130/1167: ✅ 0 взято | 🗑️ 0 мусор
2026-06-10 09:56:55,732 | INFO     |   → 131/1167: ✅ 0 взято | 🗑️ 0 мусор
2026-06-10 09:56:55,732 | INFO     |   → 132/1167 ❌ HTTP 404 — https://freessrnode.github.io/uploads/2024/08/0-20240822.txt
2026-06-10 09:56:55,732 | INFO     |   → 133/1167 ❌ HTTP 404 — https://freessrnode.github.io/uploads/2024/08/1-20240822.txt
2026-06-10 09:56:55,732 | INFO     |   → 134/1167 ❌ HTTP 404 — https://freessrnode.github.io/uploads/2024/08/2-20240822.txt
2026-06-10 09:56:55,732 | INFO     |   → 135/1167 ❌ HTTP 404 — https://freessrnode.github.io/uploads/2024/08/3-20240822.txt
2026-06-10 09:56:55,732 | INFO     |   → 136/1167 ❌ HTTP 404 — https://freessrnode.github.io/uploads/2024/08/4-20240822.txt
2026-06-10 09:56:55,732 | INFO     |   → 137/1167 ⚠️ Ошибка: HTTPSConnectionPool(host='freevpnspy.githubrowcontent.com', port=443): Max retries exceeded with url: /2024/08/20240802_novless.yaml (Caused by NameResolutionError("HTTPSConnection(host='freevpnspy.githubrowcontent.com', port=443): Failed to resolve 'freevpnspy.githubrowcontent.com' ([Errno -2] Name or service not known)")) — https://freevpnspy.githubrowcontent.com/2024/08/20240802_novless.yaml
2026-06-10 09:56:55,732 | INFO     |   → 138/1167 ⚠️ Ошибка: HTTPSConnectionPool(host='freevpnspy.githubrowcontent.com', port=443): Max retries exceeded with url: /2024/08/20240802_vless.yaml (Caused by NameResolutionError("HTTPSConnection(host='freevpnspy.githubrowcontent.com', port=443): Failed to resolve 'freevpnspy.githubrowcontent.com' ([Errno -2] Name or service not known)")) — https://freevpnspy.githubrowcontent.com/2024/08/20240802_vless.yaml
2026-06-10 09:56:55,732 | INFO     |   → 139/1167: ✅ 0 взято | 🗑️ 0 мусор
2026-06-10 09:56:55,732 | INFO     |   → 140/1167: ✅ 14 взято | 🗑️ 292 мусор
2026-06-10 09:56:55,732 | INFO     |   → 141/1167: ✅ 14 взято | 🗑️ 218 мусор
2026-06-10 09:56:55,732 | INFO     |   → 142/1167: ✅ 7 взято | 🗑️ 148 мусор
2026-06-10 09:56:55,732 | INFO     |   → 143/1167: ✅ 10 взято | 🗑️ 232 мусор
2026-06-10 09:56:55,732 | INFO     |   → 144/1167: ✅ 4 взято | 🗑️ 151 мусор
2026-06-10 09:56:55,732 | INFO     |   → 145/1167: ✅ 0 взято | 🗑️ 0 мусор
2026-06-10 09:56:55,732 | INFO     |   → 146/1167: ✅ 0 взято | 🗑️ 0 мусор
2026-06-10 09:56:55,732 | INFO     |   → 147/1167: ✅ 7 взято | 🗑️ 113 мусор
2026-06-10 09:56:55,732 | INFO     |   → 148/1167: ✅ 0 взято | 🗑️ 0 мусор
2026-06-10 09:56:55,733 | INFO     |   → 149/1167: ✅ 0 взято | 🗑️ 0 мусор
2026-06-10 09:56:55,733 | INFO     |   → 150/1167: ✅ 0 взято | 🗑️ 0 мусор
2026-06-10 09:56:55,733 | INFO     |   → 151/1167: ✅ 5 взято | 🗑️ 211 мусор
2026-06-10 09:56:55,733 | INFO     |   → 152/1167: ✅ 0 взято | 🗑️ 0 мусор
2026-06-10 09:56:55,733 | INFO     |   → 153/1167: ✅ 0 взято | 🗑️ 0 мусор
2026-06-10 09:56:55,733 | INFO     |   → 154/1167: ✅ 1 взято | 🗑️ 226 мусор
2026-06-10 09:56:55,733 | INFO     |   → 155/1167: ✅ 3 взято | 🗑️ 152 мусор
2026-06-10 09:56:55,733 | INFO     |   → 156/1167: ✅ 0 взято | 🗑️ 0 мусор
2026-06-10 09:56:55,733 | INFO     |   → 157/1167: ✅ 0 взято | 🗑️ 0 мусор
2026-06-10 09:56:55,733 | INFO     |   → 158/1167: ✅ 0 взято | 🗑️ 0 мусор
2026-06-10 09:56:55,733 | INFO     |   → 159/1167: ✅ 0 взято | 🗑️ 300 мусор
2026-06-10 09:56:55,733 | INFO     |   → 160/1167: ✅ 0 взято | 🗑️ 0 мусор
2026-06-10 09:56:55,733 | INFO     |   → 161/1167: ✅ 0 взято | 🗑️ 142 мусор
2026-06-10 09:56:55,733 | INFO     |   → 162/1167: ✅ 2 взято | 🗑️ 124 мусор
2026-06-10 09:56:55,733 | INFO     |   → 163/1167: ✅ 0 взято | 🗑️ 0 мусор
2026-06-10 09:56:55,733 | INFO     |   → 164/1167: ✅ 1 взято | 🗑️ 104 мусор
2026-06-10 09:56:55,733 | INFO     |   → 165/1167: ✅ 0 взято | 🗑️ 193 мусор
2026-06-10 09:56:55,733 | INFO     |   → 166/1167: ✅ 2 взято | 🗑️ 115 мусор
2026-06-10 09:56:55,733 | INFO     |   → 167/1167: ✅ 0 взято | 🗑️ 0 мусор
2026-06-10 09:56:55,733 | INFO     |   → 168/1167: ✅ 0 взято | 🗑️ 0 мусор
2026-06-10 09:56:55,733 | INFO     |   → 169/1167: ✅ 0 взято | 🗑️ 125 мусор
2026-06-10 09:56:55,733 | INFO     |   → 170/1167: ✅ 0 взято | 🗑️ 296 мусор
2026-06-10 09:56:55,733 | INFO     |   → 171/1167: ✅ 1 взято | 🗑️ 279 мусор
2026-06-10 09:56:55,733 | INFO     |   → 172/1167: ✅ 0 взято | 🗑️ 130 мусор
2026-06-10 09:56:55,733 | INFO     |   → 173/1167: ✅ 2 взято | 🗑️ 105 мусор
2026-06-10 09:56:55,733 | INFO     |   → 174/1167: ✅ 0 взято | 🗑️ 0 мусор
2026-06-10 09:56:55,734 | INFO     |   → 175/1167: ✅ 3 взято | 🗑️ 268 мусор
2026-06-10 09:56:55,734 | INFO     |   → 176/1167: ✅ 0 взято | 🗑️ 248 мусор
2026-06-10 09:56:55,734 | INFO     |   → 177/1167: ✅ 0 взято | 🗑️ 0 мусор
2026-06-10 09:56:55,734 | INFO     |   → 178/1167: ✅ 1 взято | 🗑️ 139 мусор
2026-06-10 09:56:55,734 | INFO     |   → 179/1167: ✅ 1 взято | 🗑️ 109 мусор
2026-06-10 09:56:55,734 | INFO     |   → 180/1167: ✅ 0 взято | 🗑️ 0 мусор
2026-06-10 09:56:55,734 | INFO     |   → 181/1167: ✅ 0 взято | 🗑️ 0 мусор
2026-06-10 09:56:55,734 | INFO     |   → 182/1167: ✅ 0 взято | 🗑️ 0 мусор
2026-06-10 09:56:55,734 | INFO     |   → 183/1167: ✅ 0 взято | 🗑️ 0 мусор
2026-06-10 09:56:55,734 | INFO     |   → 184/1167: ✅ 0 взято | 🗑️ 198 мусор
2026-06-10 09:56:55,734 | INFO     |   → 185/1167: ✅ 0 взято | 🗑️ 0 мусор
2026-06-10 09:56:55,734 | INFO     |   → 186/1167: ✅ 0 взято | 🗑️ 0 мусор
2026-06-10 09:56:55,734 | INFO     |   → 187/1167: ✅ 0 взято | 🗑️ 0 мусор
2026-06-10 09:56:55,734 | INFO     |   → 188/1167: ✅ 0 взято | 🗑️ 0 мусор
2026-06-10 09:56:55,734 | INFO     |   → 189/1167 ❌ HTTP 404 — https://github.com/Epodonios/bulk-xray-v2ray-vless-vmess-...-configs/raw/main/sub/Albania/config.txt
2026-06-10 09:56:55,734 | INFO     |   → 190/1167 ❌ HTTP 404 — https://github.com/Epodonios/bulk-xray-v2ray-vless-vmess-...-configs/raw/main/sub/Cura%C3%A7ao/config.txt
2026-06-10 09:56:55,734 | INFO     |   → 191/1167 ❌ HTTP 404 — https://github.com/Epodonios/bulk-xray-v2ray-vless-vmess-...-configs/raw/main/sub/Finland/config.txt
2026-06-10 09:56:55,734 | INFO     |   → 192/1167 ❌ HTTP 404 — https://github.com/Epodonios/bulk-xray-v2ray-vless-vmess-...-configs/raw/main/sub/Iran/config.txt
2026-06-10 09:56:55,734 | INFO     |   → 193/1167 ❌ HTTP 404 — https://github.com/Epodonios/bulk-xray-v2ray-vless-vmess-...-configs/raw/main/sub/Netherlands/config.txt
2026-06-10 09:56:55,734 | INFO     |   → 194/1167 ❌ HTTP 404 — https://github.com/Epodonios/bulk-xray-v2ray-vless-vmess-...-configs/raw/main/sub/Norway/config.txt
2026-06-10 09:56:55,734 | INFO     |   → 195/1167 ❌ HTTP 404 — https://github.com/Epodonios/bulk-xray-v2ray-vless-vmess-...-configs/raw/main/sub/Russia/config.txt
2026-06-10 09:56:55,734 | INFO     |   → 196/1167: ✅ 13 взято | 🗑️ 70 мусор
2026-06-10 09:56:55,734 | INFO     |   → 197/1167: ✅ 0 взято | 🗑️ 4 мусор
2026-06-10 09:56:55,734 | INFO     |   → 198/1167: ✅ 0 взято | 🗑️ 7 мусор
2026-06-10 09:56:55,735 | INFO     |   → 199/1167: ✅ 0 взято | 🗑️ 51 мусор
2026-06-10 09:56:55,735 | INFO     |   → 200/1167: ✅ 0 взято | 🗑️ 8 мусор
2026-06-10 09:56:55,735 | INFO     |   → 201/1167: ✅ 0 взято | 🗑️ 0 мусор
2026-06-10 09:56:55,735 | INFO     |   → 202/1167: ✅ 17 взято | 🗑️ 119 мусор
2026-06-10 09:56:55,735 | INFO     |   → 203/1167 ❌ HTTP 404 — https://github.com/MrMohebi/xray-proxy-grabber-telegram/raw/master/collected-proxies/clash-meta/all.yaml
2026-06-10 09:56:55,735 | INFO     |   → 204/1167 ❌ HTTP 404 — https://github.com/MrMohebi/xray-proxy-grabber-telegram/raw/master/collected-proxies/row-url/all.txt
2026-06-10 09:56:55,735 | INFO     |   → 205/1167: ✅ 0 взято | 🗑️ 0 мусор
2026-06-10 09:56:55,735 | INFO     |   → 206/1167: ✅ 0 взято | 🗑️ 113 мусор
2026-06-10 09:56:55,735 | INFO     |   → 207/1167: ✅ 0 взято | 🗑️ 119 мусор
2026-06-10 09:56:55,735 | INFO     |   → 208/1167 ❌ HTTP 404 — https://github.com/abbasdvd3/abbasdvd10/73ec60de7a6c6aa6df4c14b511c1da60686891ca/ppo.txt
2026-06-10 09:56:55,735 | INFO     |   → 209/1167 ❌ HTTP 404 — https://github.com/acymz/AutoVPN/refs/heads/main/data/V2.txt
2026-06-10 09:56:55,735 | INFO     |   → 210/1167: ✅ 0 взято | 🗑️ 0 мусор
2026-06-10 09:56:55,735 | INFO     |   → 211/1167: ✅ 0 взято | 🗑️ 0 мусор
2026-06-10 09:56:55,735 | INFO     |   → 212/1167: ✅ 0 взято | 🗑️ 0 мусор
2026-06-10 09:56:55,735 | INFO     |   → 213/1167: ✅ 0 взято | 🗑️ 0 мусор
2026-06-10 09:56:55,735 | INFO     |   → 214/1167: ✅ 0 взято | 🗑️ 0 мусор
2026-06-10 09:56:55,735 | INFO     |   → 215/1167: ✅ 0 взято | 🗑️ 0 мусор
2026-06-10 09:56:55,735 | INFO     |   → 216/1167: ✅ 0 взято | 🗑️ 0 мусор
2026-06-10 09:56:55,735 | INFO     |   → 217/1167 ❌ HTTP 404 — https://github.com/mermeroo/V2RAY-FREE/raw/main/All_Configs_base64_Sub.txt
2026-06-10 09:56:55,735 | INFO     |   → 218/1167 ❌ HTTP 404 — https://github.com/mermeroo/V2RAY-FREE/raw/main/Base64/Sub1_base64.txt
2026-06-10 09:56:55,735 | INFO     |   → 219/1167 ❌ HTTP 404 — https://github.com/mermeroo/V2RAY-FREE/raw/main/Base64/Sub2_base64.txt
2026-06-10 09:56:55,735 | INFO     |   → 220/1167 ❌ HTTP 404 — https://github.com/mermeroo/V2RAY-FREE/raw/main/Base64/Sub3_base64.txt
2026-06-10 09:56:55,735 | INFO     |   → 221/1167 ❌ HTTP 404 — https://github.com/mermeroo/V2RAY-FREE/raw/main/Base64/Sub4_base64.txt
2026-06-10 09:56:55,735 | INFO     |   → 222/1167 ❌ HTTP 404 — https://github.com/mermeroo/V2RAY-FREE/raw/main/Base64/Sub5_base64.txt
2026-06-10 09:56:55,736 | INFO     |   → 223/1167 ❌ HTTP 404 — https://github.com/mermeroo/telegram-configs-collector/raw/main/protocols/hysteria
2026-06-10 09:56:55,736 | INFO     |   → 224/1167 ❌ HTTP 404 — https://github.com/mermeroo/telegram-configs-collector/raw/main/protocols/juicity
2026-06-10 09:56:55,736 | INFO     |   → 225/1167 ❌ HTTP 404 — https://github.com/mermeroo/telegram-configs-collector/raw/main/protocols/tuic
2026-06-10 09:56:55,736 | INFO     |   → 226/1167: ✅ 5 взято | 🗑️ 16 мусор
2026-06-10 09:56:55,736 | INFO     |   → 227/1167: ✅ 0 взято | 🗑️ 0 мусор
2026-06-10 09:56:55,736 | INFO     |   → 228/1167: ✅ 0 взято | 🗑️ 0 мусор
2026-06-10 09:56:55,736 | INFO     |   → 229/1167: ✅ 0 взято | 🗑️ 0 мусор
2026-06-10 09:56:55,736 | INFO     |   → 230/1167: ✅ 3 взято | 🗑️ 238 мусор
2026-06-10 09:56:55,736 | INFO     |   → 231/1167: ✅ 0 взято | 🗑️ 0 мусор
2026-06-10 09:56:55,736 | INFO     |   → 232/1167: ✅ 3 взято | 🗑️ 239 мусор
2026-06-10 09:56:55,736 | INFO     |   → 233/1167: ✅ 0 взято | 🗑️ 0 мусор
2026-06-10 09:56:55,736 | INFO     |   → 234/1167: ✅ 0 взято | 🗑️ 255 мусор
2026-06-10 09:56:55,736 | INFO     |   → 235/1167: ✅ 0 взято | 🗑️ 0 мусор
2026-06-10 09:56:55,736 | INFO     |   → 236/1167: ✅ 1 взято | 🗑️ 249 мусор
2026-06-10 09:56:55,736 | INFO     |   → 237/1167: ✅ 0 взято | 🗑️ 0 мусор
2026-06-10 09:56:55,736 | INFO     |   → 238/1167: ✅ 0 взято | 🗑️ 207 мусор
2026-06-10 09:56:55,736 | INFO     |   → 239/1167: ✅ 0 взято | 🗑️ 0 мусор
2026-06-10 09:56:55,736 | INFO     |   → 240/1167: ✅ 0 взято | 🗑️ 228 мусор
2026-06-10 09:56:55,736 | INFO     |   → 241/1167: ✅ 0 взято | 🗑️ 0 мусор
2026-06-10 09:56:55,736 | INFO     |   → 242/1167: ✅ 1 взято | 🗑️ 291 мусор
2026-06-10 09:56:55,736 | INFO     |   → 243/1167: ✅ 0 взято | 🗑️ 0 мусор
2026-06-10 09:56:55,736 | INFO     |   → 244/1167: ✅ 3 взято | 🗑️ 221 мусор
2026-06-10 09:56:55,736 | INFO     |   → 245/1167: ✅ 0 взято | 🗑️ 0 мусор
2026-06-10 09:56:55,736 | INFO     |   → 246/1167: ✅ 1 взято | 🗑️ 222 мусор
2026-06-10 09:56:55,736 | INFO     |   → 247/1167: ✅ 0 взято | 🗑️ 0 мусор
2026-06-10 09:56:55,736 | INFO     |   → 248/1167: ✅ 1 взято | 🗑️ 218 мусор
2026-06-10 09:56:55,737 | INFO     |   → 249/1167: ✅ 0 взято | 🗑️ 0 мусор
2026-06-10 09:56:55,737 | INFO     |   → 250/1167: ✅ 0 взято | 🗑️ 193 мусор
2026-06-10 09:56:55,737 | INFO     |   → 251/1167: ✅ 0 взято | 🗑️ 0 мусор
2026-06-10 09:56:55,737 | INFO     |   → 252/1167: ✅ 0 взято | 🗑️ 290 мусор
2026-06-10 09:56:55,737 | INFO     |   → 253/1167: ✅ 0 взято | 🗑️ 0 мусор
2026-06-10 09:56:55,737 | INFO     |   → 254/1167: ✅ 0 взято | 🗑️ 238 мусор
2026-06-10 09:56:55,737 | INFO     |   → 255/1167: ✅ 0 взято | 🗑️ 0 мусор
2026-06-10 09:56:55,737 | INFO     |   → 256/1167: ✅ 0 взято | 🗑️ 221 мусор
2026-06-10 09:56:55,737 | INFO     |   → 257/1167: ✅ 0 взято | 🗑️ 0 мусор
2026-06-10 09:56:55,737 | INFO     |   → 258/1167: ✅ 0 взято | 🗑️ 248 мусор
2026-06-10 09:56:55,737 | INFO     |   → 259/1167: ✅ 0 взято | 🗑️ 0 мусор
2026-06-10 09:56:55,737 | INFO     |   → 260/1167: ✅ 0 взято | 🗑️ 203 мусор
2026-06-10 09:56:55,737 | INFO     |   → 261/1167: ✅ 0 взято | 🗑️ 0 мусор
2026-06-10 09:56:55,737 | INFO     |   → 262/1167: ✅ 0 взято | 🗑️ 208 мусор
2026-06-10 09:56:55,737 | INFO     |   → 263/1167: ✅ 0 взято | 🗑️ 0 мусор
2026-06-10 09:56:55,737 | INFO     |   → 264/1167: ✅ 2 взято | 🗑️ 209 мусор
2026-06-10 09:56:55,737 | INFO     |   → 265/1167: ✅ 0 взято | 🗑️ 0 мусор
2026-06-10 09:56:55,737 | INFO     |   → 266/1167: ✅ 0 взято | 🗑️ 258 мусор
2026-06-10 09:56:55,737 | INFO     |   → 267/1167: ✅ 0 взято | 🗑️ 0 мусор
2026-06-10 09:56:55,737 | INFO     |   → 268/1167: ✅ 0 взято | 🗑️ 296 мусор
2026-06-10 09:56:55,737 | INFO     |   → 269/1167: ✅ 0 взято | 🗑️ 0 мусор
2026-06-10 09:56:55,737 | INFO     |   → 270/1167: ✅ 1 взято | 🗑️ 286 мусор
2026-06-10 09:56:55,737 | INFO     |   → 271/1167: ✅ 0 взято | 🗑️ 0 мусор
2026-06-10 09:56:55,737 | INFO     |   → 272/1167: ✅ 0 взято | 🗑️ 195 мусор
2026-06-10 09:56:55,737 | INFO     |   → 273/1167: ✅ 0 взято | 🗑️ 0 мусор
2026-06-10 09:56:55,738 | INFO     |   → 274/1167: ✅ 0 взято | 🗑️ 170 мусор
2026-06-10 09:56:55,738 | INFO     |   → 275/1167: ✅ 0 взято | 🗑️ 0 мусор
2026-06-10 09:56:55,738 | INFO     |   → 276/1167: ✅ 0 взято | 🗑️ 160 мусор
2026-06-10 09:56:55,738 | INFO     |   → 277/1167: ✅ 0 взято | 🗑️ 0 мусор
2026-06-10 09:56:55,738 | INFO     |   → 278/1167: ✅ 0 взято | 🗑️ 121 мусор
2026-06-10 09:56:55,738 | INFO     |   → 279/1167: ✅ 0 взято | 🗑️ 0 мусор
2026-06-10 09:56:55,738 | INFO     |   → 280/1167: ✅ 0 взято | 🗑️ 135 мусор
2026-06-10 09:56:55,738 | INFO     |   → 281/1167: ✅ 0 взято | 🗑️ 0 мусор
2026-06-10 09:56:55,738 | INFO     |   → 282/1167: ✅ 1 взято | 🗑️ 129 мусор
2026-06-10 09:56:55,738 | INFO     |   → 283/1167: ✅ 0 взято | 🗑️ 0 мусор
2026-06-10 09:56:55,738 | INFO     |   → 284/1167: ✅ 0 взято | 🗑️ 189 мусор
2026-06-10 09:56:55,738 | INFO     |   → 285/1167: ✅ 0 взято | 🗑️ 0 мусор
2026-06-10 09:56:55,738 | INFO     |   → 286/1167: ✅ 3 взято | 🗑️ 147 мусор
2026-06-10 09:56:55,738 | INFO     |   → 287/1167: ✅ 0 взято | 🗑️ 0 мусор
2026-06-10 09:56:55,738 | INFO     |   → 288/1167: ✅ 1 взято | 🗑️ 183 мусор
2026-06-10 09:56:55,738 | INFO     |   → 289/1167: ✅ 0 взято | 🗑️ 0 мусор
2026-06-10 09:56:55,738 | INFO     |   → 290/1167: ✅ 0 взято | 🗑️ 155 мусор
2026-06-10 09:56:55,738 | INFO     |   → 291/1167: ✅ 0 взято | 🗑️ 0 мусор
2026-06-10 09:56:55,738 | INFO     |   → 292/1167: ✅ 0 взято | 🗑️ 114 мусор
2026-06-10 09:56:55,738 | INFO     |   → 293/1167: ✅ 0 взято | 🗑️ 0 мусор
2026-06-10 09:56:55,738 | INFO     |   → 294/1167: ✅ 0 взято | 🗑️ 239 мусор
2026-06-10 09:56:55,738 | INFO     |   → 295/1167: ✅ 0 взято | 🗑️ 0 мусор
2026-06-10 09:56:55,738 | INFO     |   → 296/1167: ✅ 0 взято | 🗑️ 204 мусор
2026-06-10 09:56:55,738 | INFO     |   → 297/1167: ✅ 0 взято | 🗑️ 0 мусор
2026-06-10 09:56:55,738 | INFO     |   → 298/1167: ✅ 0 взято | 🗑️ 232 мусор
2026-06-10 09:56:55,739 | INFO     |   → 299/1167: ✅ 0 взято | 🗑️ 0 мусор
2026-06-10 09:56:55,739 | INFO     |   → 300/1167: ✅ 0 взято | 🗑️ 192 мусор
2026-06-10 09:56:55,739 | INFO     |   → 301/1167: ✅ 0 взято | 🗑️ 0 мусор
2026-06-10 09:56:55,739 | INFO     |   → 302/1167: ✅ 0 взято | 🗑️ 183 мусор
2026-06-10 09:56:55,739 | INFO     |   → 303/1167: ✅ 0 взято | 🗑️ 0 мусор
2026-06-10 09:56:55,739 | INFO     |   → 304/1167: ✅ 0 взято | 🗑️ 169 мусор
2026-06-10 09:56:55,739 | INFO     |   → 305/1167: ✅ 0 взято | 🗑️ 0 мусор
2026-06-10 09:56:55,739 | INFO     |   → 306/1167: ✅ 0 взято | 🗑️ 167 мусор
2026-06-10 09:56:55,739 | INFO     |   → 307/1167: ✅ 0 взято | 🗑️ 0 мусор
2026-06-10 09:56:55,739 | INFO     |   → 308/1167: ✅ 0 взято | 🗑️ 193 мусор
2026-06-10 09:56:55,739 | INFO     |   → 309/1167: ✅ 0 взято | 🗑️ 0 мусор
2026-06-10 09:56:55,739 | INFO     |   → 310/1167: ✅ 1 взято | 🗑️ 161 мусор
2026-06-10 09:56:55,739 | INFO     |   → 311/1167: ✅ 0 взято | 🗑️ 0 мусор
2026-06-10 09:56:55,739 | INFO     |   → 312/1167: ✅ 0 взято | 🗑️ 171 мусор
2026-06-10 09:56:55,739 | INFO     |   → 313/1167: ✅ 0 взято | 🗑️ 0 мусор
2026-06-10 09:56:55,739 | INFO     |   → 314/1167: ✅ 0 взято | 🗑️ 174 мусор
2026-06-10 09:56:55,739 | INFO     |   → 315/1167: ✅ 0 взято | 🗑️ 0 мусор
2026-06-10 09:56:55,739 | INFO     |   → 316/1167: ✅ 0 взято | 🗑️ 206 мусор
2026-06-10 09:56:55,739 | INFO     |   → 317/1167: ✅ 0 взято | 🗑️ 0 мусор
2026-06-10 09:56:55,739 | INFO     |   → 318/1167: ✅ 0 взято | 🗑️ 170 мусор
2026-06-10 09:56:55,739 | INFO     |   → 319/1167: ✅ 0 взято | 🗑️ 0 мусор
2026-06-10 09:56:55,739 | INFO     |   → 320/1167: ✅ 1 взято | 🗑️ 196 мусор
2026-06-10 09:56:55,739 | INFO     |   → 321/1167: ✅ 0 взято | 🗑️ 0 мусор
2026-06-10 09:56:55,739 | INFO     |   → 322/1167: ✅ 0 взято | 🗑️ 208 мусор
2026-06-10 09:56:55,739 | INFO     |   → 323/1167: ✅ 0 взято | 🗑️ 0 мусор
2026-06-10 09:56:55,739 | INFO     |   → 324/1167: ✅ 0 взято | 🗑️ 162 мусор
2026-06-10 09:56:55,740 | INFO     |   → 325/1167: ✅ 0 взято | 🗑️ 0 мусор
2026-06-10 09:56:55,740 | INFO     |   → 326/1167: ✅ 0 взято | 🗑️ 116 мусор
2026-06-10 09:56:55,740 | INFO     |   → 327/1167: ✅ 0 взято | 🗑️ 0 мусор
2026-06-10 09:56:55,740 | INFO     |   → 328/1167: ✅ 0 взято | 🗑️ 132 мусор
2026-06-10 09:56:55,740 | INFO     |   → 329/1167: ✅ 0 взято | 🗑️ 0 мусор
2026-06-10 09:56:55,740 | INFO     |   → 330/1167: ✅ 0 взято | 🗑️ 132 мусор
2026-06-10 09:56:55,740 | INFO     |   → 331/1167: ✅ 0 взято | 🗑️ 0 мусор
2026-06-10 09:56:55,740 | INFO     |   → 332/1167: ✅ 1 взято | 🗑️ 113 мусор
2026-06-10 09:56:55,740 | INFO     |   → 333/1167: ✅ 0 взято | 🗑️ 0 мусор
2026-06-10 09:56:55,740 | INFO     |   → 334/1167: ✅ 0 взято | 🗑️ 103 мусор
2026-06-10 09:56:55,740 | INFO     |   → 335/1167: ✅ 0 взято | 🗑️ 0 мусор
2026-06-10 09:56:55,740 | INFO     |   → 336/1167: ✅ 3 взято | 🗑️ 213 мусор
2026-06-10 09:56:55,740 | INFO     |   → 337/1167: ✅ 0 взято | 🗑️ 0 мусор
2026-06-10 09:56:55,740 | INFO     |   → 338/1167: ✅ 1 взято | 🗑️ 130 мусор
2026-06-10 09:56:55,740 | INFO     |   → 339/1167: ✅ 0 взято | 🗑️ 0 мусор
2026-06-10 09:56:55,740 | INFO     |   → 340/1167: ✅ 0 взято | 🗑️ 135 мусор
2026-06-10 09:56:55,740 | INFO     |   → 341/1167: ✅ 0 взято | 🗑️ 0 мусор
2026-06-10 09:56:55,740 | INFO     |   → 342/1167: ✅ 0 взято | 🗑️ 145 мусор
2026-06-10 09:56:55,740 | INFO     |   → 343/1167: ✅ 0 взято | 🗑️ 0 мусор
2026-06-10 09:56:55,740 | INFO     |   → 344/1167: ✅ 0 взято | 🗑️ 157 мусор
2026-06-10 09:56:55,740 | INFO     |   → 345/1167: ✅ 0 взято | 🗑️ 0 мусор
2026-06-10 09:56:55,740 | INFO     |   → 346/1167: ✅ 0 взято | 🗑️ 131 мусор
2026-06-10 09:56:55,740 | INFO     |   → 347/1167: ✅ 0 взято | 🗑️ 0 мусор
2026-06-10 09:56:55,740 | INFO     |   → 348/1167: ✅ 1 взято | 🗑️ 124 мусор
2026-06-10 09:56:55,740 | INFO     |   → 349/1167: ✅ 0 взято | 🗑️ 0 мусор
2026-06-10 09:56:55,741 | INFO     |   → 350/1167: ✅ 2 взято | 🗑️ 189 мусор
2026-06-10 09:56:55,741 | INFO     |   → 351/1167: ✅ 0 взято | 🗑️ 0 мусор
2026-06-10 09:56:55,741 | INFO     |   → 352/1167: ✅ 1 взято | 🗑️ 279 мусор
2026-06-10 09:56:55,741 | INFO     |   → 353/1167: ✅ 0 взято | 🗑️ 0 мусор
2026-06-10 09:56:55,741 | INFO     |   → 354/1167: ✅ 0 взято | 🗑️ 270 мусор
2026-06-10 09:56:55,741 | INFO     |   → 355/1167: ✅ 0 взято | 🗑️ 0 мусор
2026-06-10 09:56:55,741 | INFO     |   → 356/1167 ⚠️ Ошибка: HTTPSConnectionPool(host='ivuxy.tech', port=443): Max retries exceeded with url: /v.txt (Caused by NameResolutionError("HTTPSConnection(host='ivuxy.tech', port=443): Failed to resolve 'ivuxy.tech' ([Errno -2] Name or service not known)")) — https://ivuxy.tech/v.txt
2026-06-10 09:56:55,741 | INFO     |   → 357/1167 ⚠️ Ошибка: HTTPSConnectionPool(host='mirror.ghproxy.com', port=443): Max retries exceeded with url: /https://raw.githubusercontent.com/Barabama/FreeNodes/master/nodes/blues.txt (Caused by NameResolutionError("HTTPSConnection(host='mirror.ghproxy.com', port=443): Failed to resolve 'mirror.ghproxy.com' ([Errno -2] Name or service not known)")) — https://mirror.ghproxy.com/https://raw.githubusercontent.com/Barabama/FreeNodes/master/nodes/blues.txt
2026-06-10 09:56:55,741 | INFO     |   → 358/1167 ⚠️ Ошибка: HTTPSConnectionPool(host='mirror.ghproxy.com', port=443): Max retries exceeded with url: /https://raw.githubusercontent.com/Barabama/FreeNodes/master/nodes/halekj.txt (Caused by NameResolutionError("HTTPSConnection(host='mirror.ghproxy.com', port=443): Failed to resolve 'mirror.ghproxy.com' ([Errno -2] Name or service not known)")) — https://mirror.ghproxy.com/https://raw.githubusercontent.com/Barabama/FreeNodes/master/nodes/halekj.txt
2026-06-10 09:56:55,741 | INFO     |   → 359/1167 ⚠️ Ошибка: HTTPSConnectionPool(host='mirror.ghproxy.com', port=443): Max retries exceeded with url: /https://raw.githubusercontent.com/Barabama/FreeNodes/master/nodes/kkzui.txt (Caused by NameResolutionError("HTTPSConnection(host='mirror.ghproxy.com', port=443): Failed to resolve 'mirror.ghproxy.com' ([Errno -2] Name or service not known)")) — https://mirror.ghproxy.com/https://raw.githubusercontent.com/Barabama/FreeNodes/master/nodes/kkzui.txt
2026-06-10 09:56:55,741 | INFO     |   → 360/1167 ⚠️ Ошибка: HTTPSConnectionPool(host='mirror.ghproxy.com', port=443): Max retries exceeded with url: /https://raw.githubusercontent.com/Barabama/FreeNodes/master/nodes/merged.txt (Caused by NameResolutionError("HTTPSConnection(host='mirror.ghproxy.com', port=443): Failed to resolve 'mirror.ghproxy.com' ([Errno -2] Name or service not known)")) — https://mirror.ghproxy.com/https://raw.githubusercontent.com/Barabama/FreeNodes/master/nodes/merged.txt
2026-06-10 09:56:55,741 | INFO     |   → 361/1167 ⚠️ Ошибка: HTTPSConnectionPool(host='mirror.ghproxy.com', port=443): Max retries exceeded with url: /https://raw.githubusercontent.com/Barabama/FreeNodes/master/nodes/nodefree.txt (Caused by NameResolutionError("HTTPSConnection(host='mirror.ghproxy.com', port=443): Failed to resolve 'mirror.ghproxy.com' ([Errno -2] Name or service not known)")) — https://mirror.ghproxy.com/https://raw.githubusercontent.com/Barabama/FreeNodes/master/nodes/nodefree.txt
2026-06-10 09:56:55,741 | INFO     |   → 362/1167 ⚠️ Ошибка: HTTPSConnectionPool(host='mirror.ghproxy.com', port=443): Max retries exceeded with url: /https://raw.githubusercontent.com/Barabama/FreeNodes/master/nodes/openrunner.txt (Caused by NameResolutionError("HTTPSConnection(host='mirror.ghproxy.com', port=443): Failed to resolve 'mirror.ghproxy.com' ([Errno -2] Name or service not known)")) — https://mirror.ghproxy.com/https://raw.githubusercontent.com/Barabama/FreeNodes/master/nodes/openrunner.txt
2026-06-10 09:56:55,741 | INFO     |   → 363/1167 ⚠️ Ошибка: HTTPSConnectionPool(host='mirror.ghproxy.com', port=443): Max retries exceeded with url: /https://raw.githubusercontent.com/Barabama/FreeNodes/master/nodes/v2rayshare.txt (Caused by NameResolutionError("HTTPSConnection(host='mirror.ghproxy.com', port=443): Failed to resolve 'mirror.ghproxy.com' ([Errno -2] Name or service not known)")) — https://mirror.ghproxy.com/https://raw.githubusercontent.com/Barabama/FreeNodes/master/nodes/v2rayshare.txt
2026-06-10 09:56:55,741 | INFO     |   → 364/1167 ⚠️ Ошибка: HTTPSConnectionPool(host='mirror.ghproxy.com', port=443): Max retries exceeded with url: /https://raw.githubusercontent.com/Barabama/FreeNodes/master/nodes/wenode.txt (Caused by NameResolutionError("HTTPSConnection(host='mirror.ghproxy.com', port=443): Failed to resolve 'mirror.ghproxy.com' ([Errno -2] Name or service not known)")) — https://mirror.ghproxy.com/https://raw.githubusercontent.com/Barabama/FreeNodes/master/nodes/wenode.txt
2026-06-10 09:56:55,741 | INFO     |   → 365/1167 ⚠️ Ошибка: HTTPSConnectionPool(host='mirror.ghproxy.com', port=443): Max retries exceeded with url: /https://raw.githubusercontent.com/Barabama/FreeNodes/master/nodes/yudou66.txt (Caused by NameResolutionError("HTTPSConnection(host='mirror.ghproxy.com', port=443): Failed to resolve 'mirror.ghproxy.com' ([Errno -2] Name or service not known)")) — https://mirror.ghproxy.com/https://raw.githubusercontent.com/Barabama/FreeNodes/master/nodes/yudou66.txt
2026-06-10 09:56:55,741 | INFO     |   → 366/1167: ✅ 7 взято | 🗑️ 17 мусор
2026-06-10 09:56:55,741 | INFO     |   → 367/1167: ✅ 0 взято | 🗑️ 17 мусор
2026-06-10 09:56:55,741 | INFO     |   → 368/1167: ✅ 14 взято | 🗑️ 14 мусор
2026-06-10 09:56:55,741 | INFO     |   → 369/1167: ✅ 0 взято | 🗑️ 14 мусор
2026-06-10 09:56:55,741 | INFO     |   → 370/1167: ✅ 0 взято | 🗑️ 14 мусор
2026-06-10 09:56:55,741 | INFO     |   → 371/1167: ✅ 0 взято | 🗑️ 14 мусор
2026-06-10 09:56:55,741 | INFO     |   → 372/1167: ✅ 0 взято | 🗑️ 14 мусор
2026-06-10 09:56:55,741 | INFO     |   → 373/1167: ✅ 0 взято | 🗑️ 14 мусор
2026-06-10 09:56:55,742 | INFO     |   → 374/1167: ✅ 0 взято | 🗑️ 14 мусор
2026-06-10 09:56:55,742 | INFO     |   → 375/1167: ✅ 0 взято | 🗑️ 14 мусор
2026-06-10 09:56:55,742 | INFO     |   → 376/1167: ✅ 0 взято | 🗑️ 14 мусор
2026-06-10 09:56:55,742 | INFO     |   → 377/1167: ✅ 7 взято | 🗑️ 21 мусор
2026-06-10 09:56:55,742 | INFO     |   → 378/1167: ✅ 0 взято | 🗑️ 21 мусор
2026-06-10 09:56:55,742 | INFO     |   → 379/1167: ✅ 0 взято | 🗑️ 21 мусор
2026-06-10 09:56:55,742 | INFO     |   → 380/1167: ✅ 0 взято | 🗑️ 21 мусор
2026-06-10 09:56:55,742 | INFO     |   → 381/1167: ✅ 0 взято | 🗑️ 21 мусор
2026-06-10 09:56:55,742 | INFO     |   → 382/1167: ✅ 0 взято | 🗑️ 21 мусор
2026-06-10 09:56:55,742 | INFO     |   → 383/1167: ✅ 0 взято | 🗑️ 21 мусор
2026-06-10 09:56:55,742 | INFO     |   → 384/1167: ✅ 0 взято | 🗑️ 21 мусор
2026-06-10 09:56:55,742 | INFO     |   → 385/1167: ✅ 0 взято | 🗑️ 21 мусор
2026-06-10 09:56:55,742 | INFO     |   → 386/1167: ✅ 0 взято | 🗑️ 21 мусор
2026-06-10 09:56:55,742 | INFO     |   → 387/1167: ✅ 0 взято | 🗑️ 21 мусор
2026-06-10 09:56:55,742 | INFO     |   → 388/1167: ✅ 5 взято | 🗑️ 15 мусор
2026-06-10 09:56:55,742 | INFO     |   → 389/1167: ✅ 0 взято | 🗑️ 15 мусор
2026-06-10 09:56:55,742 | INFO     |   → 390/1167: ✅ 0 взято | 🗑️ 15 мусор
2026-06-10 09:56:55,742 | INFO     |   → 391/1167: ✅ 0 взято | 🗑️ 15 мусор
2026-06-10 09:56:55,742 | INFO     |   → 392/1167: ✅ 0 взято | 🗑️ 15 мусор
2026-06-10 09:56:55,742 | INFO     |   → 393/1167: ✅ 0 взято | 🗑️ 15 мусор
2026-06-10 09:56:55,742 | INFO     |   → 394/1167: ✅ 0 взято | 🗑️ 15 мусор
2026-06-10 09:56:55,742 | INFO     |   → 395/1167: ✅ 0 взято | 🗑️ 15 мусор
2026-06-10 09:56:55,742 | INFO     |   → 396/1167: ✅ 0 взято | 🗑️ 15 мусор
2026-06-10 09:56:55,742 | INFO     |   → 397/1167: ✅ 0 взято | 🗑️ 14 мусор
2026-06-10 09:56:55,742 | INFO     |   → 398/1167: ✅ 0 взято | 🗑️ 14 мусор
2026-06-10 09:56:55,742 | INFO     |   → 399/1167: ✅ 0 взято | 🗑️ 14 мусор
2026-06-10 09:56:55,743 | INFO     |   → 400/1167: ✅ 0 взято | 🗑️ 14 мусор
2026-06-10 09:56:55,743 | INFO     |   → 401/1167: ✅ 6 взято | 🗑️ 17 мусор
2026-06-10 09:56:55,743 | INFO     |   → 402/1167: ✅ 0 взято | 🗑️ 17 мусор
2026-06-10 09:56:55,743 | INFO     |   → 403/1167: ✅ 0 взято | 🗑️ 17 мусор
2026-06-10 09:56:55,743 | INFO     |   → 404/1167: ✅ 0 взято | 🗑️ 17 мусор
2026-06-10 09:56:55,743 | INFO     |   → 405/1167: ✅ 0 взято | 🗑️ 17 мусор
2026-06-10 09:56:55,743 | INFO     |   → 406/1167: ✅ 0 взято | 🗑️ 17 мусор
2026-06-10 09:56:55,743 | INFO     |   → 407/1167: ✅ 6 взято | 🗑️ 24 мусор
2026-06-10 09:56:55,743 | INFO     |   → 408/1167: ✅ 0 взято | 🗑️ 24 мусор
2026-06-10 09:56:55,743 | INFO     |   → 409/1167: ✅ 0 взято | 🗑️ 24 мусор
2026-06-10 09:56:55,743 | INFO     |   → 410/1167: ✅ 0 взято | 🗑️ 24 мусор
2026-06-10 09:56:55,743 | INFO     |   → 411/1167: ✅ 0 взято | 🗑️ 24 мусор
2026-06-10 09:56:55,743 | INFO     |   → 412/1167: ✅ 0 взято | 🗑️ 24 мусор
2026-06-10 09:56:55,743 | INFO     |   → 413/1167: ✅ 0 взято | 🗑️ 24 мусор
2026-06-10 09:56:55,743 | INFO     |   → 414/1167: ✅ 0 взято | 🗑️ 24 мусор
2026-06-10 09:56:55,743 | INFO     |   → 415/1167: ✅ 0 взято | 🗑️ 24 мусор
2026-06-10 09:56:55,743 | INFO     |   → 416/1167: ✅ 0 взято | 🗑️ 24 мусор
2026-06-10 09:56:55,743 | INFO     |   → 417/1167: ✅ 0 взято | 🗑️ 24 мусор
2026-06-10 09:56:55,743 | INFO     |   → 418/1167: ✅ 13 взято | 🗑️ 7 мусор
2026-06-10 09:56:55,743 | INFO     |   → 419/1167: ✅ 0 взято | 🗑️ 7 мусор
2026-06-10 09:56:55,743 | INFO     |   → 420/1167: ✅ 0 взято | 🗑️ 7 мусор
2026-06-10 09:56:55,743 | INFO     |   → 421/1167: ✅ 0 взято | 🗑️ 7 мусор
2026-06-10 09:56:55,743 | INFO     |   → 422/1167: ✅ 0 взято | 🗑️ 7 мусор
2026-06-10 09:56:55,743 | INFO     |   → 423/1167: ✅ 0 взято | 🗑️ 7 мусор
2026-06-10 09:56:55,743 | INFO     |   → 424/1167: ✅ 0 взято | 🗑️ 7 мусор
2026-06-10 09:56:55,743 | INFO     |   → 425/1167: ✅ 0 взято | 🗑️ 7 мусор
2026-06-10 09:56:55,743 | INFO     |   → 426/1167: ✅ 0 взято | 🗑️ 7 мусор
2026-06-10 09:56:55,743 | INFO     |   → 427/1167: ✅ 0 взято | 🗑️ 7 мусор
2026-06-10 09:56:55,743 | INFO     |   → 428/1167 ⚠️ Ошибка: HTTPSConnectionPool(host='nodefree.githubrowcontent.com', port=443): Max retries exceeded with url: /2024/07/20240705.yaml (Caused by NameResolutionError("HTTPSConnection(host='nodefree.githubrowcontent.com', port=443): Failed to resolve 'nodefree.githubrowcontent.com' ([Errno -2] Name or service not known)")) — https://nodefree.org/dy/2023/08/20230806.yaml
2026-06-10 09:56:55,743 | INFO     |   → 429/1167 ⚠️ Ошибка: HTTPSConnectionPool(host='nodefree.githubrowcontent.com', port=443): Max retries exceeded with url: /2024/07/20240705.txt (Caused by NameResolutionError("HTTPSConnection(host='nodefree.githubrowcontent.com', port=443): Failed to resolve 'nodefree.githubrowcontent.com' ([Errno -2] Name or service not known)")) — https://nodefree.org/dy/2023/12/20231221.txt
2026-06-10 09:56:55,743 | INFO     |   → 430/1167: ✅ 0 взято | 🗑️ 17 мусор
2026-06-10 09:56:55,743 | INFO     |   → 431/1167: ✅ 0 взято | 🗑️ 17 мусор
2026-06-10 09:56:55,743 | INFO     |   → 432/1167: ✅ 0 взято | 🗑️ 14 мусор
2026-06-10 09:56:55,743 | INFO     |   → 433/1167: ✅ 0 взято | 🗑️ 14 мусор
2026-06-10 09:56:55,743 | INFO     |   → 434/1167: ✅ 0 взято | 🗑️ 14 мусор
2026-06-10 09:56:55,744 | INFO     |   → 435/1167: ✅ 0 взято | 🗑️ 14 мусор
2026-06-10 09:56:55,744 | INFO     |   → 436/1167: ✅ 0 взято | 🗑️ 14 мусор
2026-06-10 09:56:55,744 | INFO     |   → 437/1167: ✅ 0 взято | 🗑️ 14 мусор
2026-06-10 09:56:55,744 | INFO     |   → 438/1167: ✅ 0 взято | 🗑️ 14 мусор
2026-06-10 09:56:55,744 | INFO     |   → 439/1167: ✅ 0 взято | 🗑️ 14 мусор
2026-06-10 09:56:55,744 | INFO     |   → 440/1167: ✅ 0 взято | 🗑️ 14 мусор
2026-06-10 09:56:55,744 | INFO     |   → 441/1167: ✅ 0 взято | 🗑️ 21 мусор
2026-06-10 09:56:55,744 | INFO     |   → 442/1167: ✅ 0 взято | 🗑️ 21 мусор
2026-06-10 09:56:55,744 | INFO     |   → 443/1167: ✅ 0 взято | 🗑️ 21 мусор
2026-06-10 09:56:55,744 | INFO     |   → 444/1167: ✅ 0 взято | 🗑️ 21 мусор
2026-06-10 09:56:55,744 | INFO     |   → 445/1167: ✅ 0 взято | 🗑️ 21 мусор
2026-06-10 09:56:55,744 | INFO     |   → 446/1167: ✅ 0 взято | 🗑️ 21 мусор
2026-06-10 09:56:55,744 | INFO     |   → 447/1167: ✅ 0 взято | 🗑️ 21 мусор
2026-06-10 09:56:55,744 | INFO     |   → 448/1167: ✅ 0 взято | 🗑️ 21 мусор
2026-06-10 09:56:55,744 | INFO     |   → 449/1167: ✅ 0 взято | 🗑️ 21 мусор
2026-06-10 09:56:55,744 | INFO     |   → 450/1167: ✅ 0 взято | 🗑️ 21 мусор
2026-06-10 09:56:55,744 | INFO     |   → 451/1167: ✅ 0 взято | 🗑️ 21 мусор
2026-06-10 09:56:55,744 | INFO     |   → 452/1167: ✅ 0 взято | 🗑️ 15 мусор
2026-06-10 09:56:55,744 | INFO     |   → 453/1167: ✅ 0 взято | 🗑️ 15 мусор
2026-06-10 09:56:55,744 | INFO     |   → 454/1167: ✅ 0 взято | 🗑️ 15 мусор
2026-06-10 09:56:55,744 | INFO     |   → 455/1167: ✅ 0 взято | 🗑️ 15 мусор
2026-06-10 09:56:55,744 | INFO     |   → 456/1167: ✅ 0 взято | 🗑️ 15 мусор
2026-06-10 09:56:55,744 | INFO     |   → 457/1167: ✅ 0 взято | 🗑️ 15 мусор
2026-06-10 09:56:55,744 | INFO     |   → 458/1167: ✅ 0 взято | 🗑️ 15 мусор
2026-06-10 09:56:55,744 | INFO     |   → 459/1167: ✅ 0 взято | 🗑️ 15 мусор
2026-06-10 09:56:55,744 | INFO     |   → 460/1167: ✅ 0 взято | 🗑️ 15 мусор
2026-06-10 09:56:55,744 | INFO     |   → 461/1167: ✅ 0 взято | 🗑️ 15 мусор
2026-06-10 09:56:55,744 | INFO     |   → 462/1167: ✅ 0 взято | 🗑️ 14 мусор
2026-06-10 09:56:55,744 | INFO     |   → 463/1167: ✅ 0 взято | 🗑️ 14 мусор
2026-06-10 09:56:55,744 | INFO     |   → 464/1167: ✅ 0 взято | 🗑️ 14 мусор
2026-06-10 09:56:55,744 | INFO     |   → 465/1167: ✅ 0 взято | 🗑️ 14 мусор
2026-06-10 09:56:55,744 | INFO     |   → 466/1167: ✅ 0 взято | 🗑️ 17 мусор
2026-06-10 09:56:55,744 | INFO     |   → 467/1167: ✅ 0 взято | 🗑️ 17 мусор
2026-06-10 09:56:55,744 | INFO     |   → 468/1167: ✅ 0 взято | 🗑️ 17 мусор
2026-06-10 09:56:55,745 | INFO     |   → 469/1167: ✅ 0 взято | 🗑️ 17 мусор
2026-06-10 09:56:55,745 | INFO     |   → 470/1167: ✅ 0 взято | 🗑️ 17 мусор
2026-06-10 09:56:55,745 | INFO     |   → 471/1167: ✅ 0 взято | 🗑️ 24 мусор
2026-06-10 09:56:55,745 | INFO     |   → 472/1167: ✅ 0 взято | 🗑️ 24 мусор
2026-06-10 09:56:55,745 | INFO     |   → 473/1167: ✅ 0 взято | 🗑️ 24 мусор
2026-06-10 09:56:55,745 | INFO     |   → 474/1167: ✅ 0 взято | 🗑️ 24 мусор
2026-06-10 09:56:55,745 | INFO     |   → 475/1167: ✅ 0 взято | 🗑️ 24 мусор
2026-06-10 09:56:55,745 | INFO     |   → 476/1167: ✅ 0 взято | 🗑️ 24 мусор
2026-06-10 09:56:55,745 | INFO     |   → 477/1167: ✅ 0 взято | 🗑️ 24 мусор
2026-06-10 09:56:55,745 | INFO     |   → 478/1167: ✅ 0 взято | 🗑️ 24 мусор
2026-06-10 09:56:55,745 | INFO     |   → 479/1167: ✅ 0 взято | 🗑️ 24 мусор
2026-06-10 09:56:55,745 | INFO     |   → 480/1167: ✅ 0 взято | 🗑️ 24 мусор
2026-06-10 09:56:55,745 | INFO     |   → 481/1167: ✅ 0 взято | 🗑️ 24 мусор
2026-06-10 09:56:55,745 | INFO     |   → 482/1167: ✅ 0 взято | 🗑️ 7 мусор
2026-06-10 09:56:55,745 | INFO     |   → 483/1167: ✅ 0 взято | 🗑️ 7 мусор
2026-06-10 09:56:55,745 | INFO     |   → 484/1167: ✅ 0 взято | 🗑️ 7 мусор
2026-06-10 09:56:55,745 | INFO     |   → 485/1167: ✅ 0 взято | 🗑️ 7 мусор
2026-06-10 09:56:55,745 | INFO     |   → 486/1167: ✅ 0 взято | 🗑️ 7 мусор
2026-06-10 09:56:55,745 | INFO     |   → 487/1167: ✅ 0 взято | 🗑️ 7 мусор
2026-06-10 09:56:55,745 | INFO     |   → 488/1167: ✅ 0 взято | 🗑️ 7 мусор
2026-06-10 09:56:55,745 | INFO     |   → 489/1167: ✅ 0 взято | 🗑️ 7 мусор
2026-06-10 09:56:55,745 | INFO     |   → 490/1167: ✅ 0 взято | 🗑️ 7 мусор
2026-06-10 09:56:55,745 | INFO     |   → 491/1167: ✅ 0 взято | 🗑️ 7 мусор
2026-06-10 09:56:55,745 | INFO     |   → 492/1167: ✅ 0 взято | 🗑️ 0 мусор
2026-06-10 09:56:55,746 | INFO     |   → 493/1167: ✅ 0 взято | 🗑️ 0 мусор
2026-06-10 09:56:55,746 | INFO     |   → 494/1167: ✅ 0 взято | 🗑️ 0 мусор
2026-06-10 09:56:55,746 | INFO     |   → 495/1167: ✅ 0 взято | 🗑️ 0 мусор
2026-06-10 09:56:55,746 | INFO     |   → 496/1167: ✅ 0 взято | 🗑️ 0 мусор
2026-06-10 09:56:55,746 | INFO     |   → 497/1167: ✅ 0 взято | 🗑️ 0 мусор
2026-06-10 09:56:55,746 | INFO     |   → 498/1167: ✅ 0 взято | 🗑️ 0 мусор
2026-06-10 09:56:55,746 | INFO     |   → 499/1167: ✅ 0 взято | 🗑️ 0 мусор
2026-06-10 09:56:55,746 | INFO     |   → 500/1167: ✅ 0 взято | 🗑️ 0 мусор
2026-06-10 09:56:55,746 | INFO     |   → 501/1167: ✅ 0 взято | 🗑️ 0 мусор
2026-06-10 09:56:55,746 | INFO     |   → 502/1167: ✅ 0 взято | 🗑️ 0 мусор
2026-06-10 09:56:55,746 | INFO     |   → 503/1167: ✅ 0 взято | 🗑️ 0 мусор
2026-06-10 09:56:55,746 | INFO     |   → 504/1167 ❌ HTTP 404 — https://raw.githubusercontent.com/10ium/MihomoSaz/main/Sublist/shatakvpn.yaml4_Sub.txt
2026-06-10 09:56:55,746 | INFO     |   → 505/1167: ✅ 0 взято | 🗑️ 0 мусор
2026-06-10 09:56:55,746 | INFO     |   → 506/1167: ✅ 0 взято | 🗑️ 0 мусор
2026-06-10 09:56:55,746 | INFO     |   → 507/1167: ✅ 167 взято | 🗑️ 672 мусор
2026-06-10 09:56:55,746 | INFO     |   → 508/1167: ✅ 0 взято | 🗑️ 0 мусор
2026-06-10 09:56:55,746 | INFO     |   → 509/1167: ✅ 0 взято | 🗑️ 0 мусор
2026-06-10 09:56:55,746 | INFO     |   → 510/1167: ✅ 11 взято | 🗑️ 399 мусор
2026-06-10 09:56:55,746 | INFO     |   → 511/1167: ✅ 0 взято | 🗑️ 0 мусор
2026-06-10 09:56:55,746 | INFO     |   → 512/1167 ❌ HTTP 404 — https://raw.githubusercontent.com/9Fork/openit/main/Clash.yaml
2026-06-10 09:56:55,746 | INFO     |   → 513/1167: ✅ 46 взято | 🗑️ 38 мусор
2026-06-10 09:56:55,746 | INFO     |   → 514/1167: ✅ 0 взято | 🗑️ 38 мусор
2026-06-10 09:56:55,746 | INFO     |   → 515/1167: ✅ 19 взято | 🗑️ 81 мусор
2026-06-10 09:56:55,746 | INFO     |   → 516/1167: ✅ 11 взято | 🗑️ 87 мусор
2026-06-10 09:56:55,746 | INFO     |   → 517/1167: ✅ 27 взято | 🗑️ 73 мусор
2026-06-10 09:56:55,747 | INFO     |   → 518/1167: ✅ 13 взято | 🗑️ 75 мусор
2026-06-10 09:56:55,747 | INFO     |   → 519/1167: ✅ 10 взято | 🗑️ 83 мусор
2026-06-10 09:56:55,747 | INFO     |   → 520/1167: ✅ 12 взято | 🗑️ 86 мусор
2026-06-10 09:56:55,747 | INFO     |   → 521/1167: ✅ 11 взято | 🗑️ 87 мусор
2026-06-10 09:56:55,747 | INFO     |   → 522/1167: ✅ 11 взято | 🗑️ 80 мусор
2026-06-10 09:56:55,747 | INFO     |   → 523/1167: ✅ 9 взято | 🗑️ 82 мусор
2026-06-10 09:56:55,747 | INFO     |   → 524/1167: ✅ 69 взято | 🗑️ 3 мусор
2026-06-10 09:56:55,747 | INFO     |   → 525/1167: ✅ 3 взято | 🗑️ 75 мусор
2026-06-10 09:56:55,747 | INFO     |   → 526/1167: ✅ 4 взято | 🗑️ 69 мусор
2026-06-10 09:56:55,747 | INFO     |   → 527/1167: ✅ 4 взято | 🗑️ 80 мусор
2026-06-10 09:56:55,747 | INFO     |   → 528/1167: ✅ 6 взято | 🗑️ 81 мусор
2026-06-10 09:56:55,747 | INFO     |   → 529/1167: ✅ 5 взято | 🗑️ 79 мусор
2026-06-10 09:56:55,747 | INFO     |   → 530/1167: ✅ 11 взято | 🗑️ 78 мусор
2026-06-10 09:56:55,747 | INFO     |   → 531/1167: ✅ 3 взято | 🗑️ 83 мусор
2026-06-10 09:56:55,747 | INFO     |   → 532/1167: ✅ 14 взято | 🗑️ 76 мусор
2026-06-10 09:56:55,747 | INFO     |   → 533/1167: ✅ 12 взято | 🗑️ 78 мусор
2026-06-10 09:56:55,747 | INFO     |   → 534/1167: ✅ 26 взято | 🗑️ 218 мусор
2026-06-10 09:56:55,747 | INFO     |   → 535/1167: ✅ 44 взято | 🗑️ 141 мусор
2026-06-10 09:56:55,747 | INFO     |   → 536/1167: ✅ 10 взято | 🗑️ 71 мусор
2026-06-10 09:56:55,747 | INFO     |   → 537/1167: ✅ 2 взято | 🗑️ 88 мусор
2026-06-10 09:56:55,747 | INFO     |   → 538/1167: ✅ 0 взято | 🗑️ 3 мусор
2026-06-10 09:56:55,747 | INFO     |   → 539/1167: ✅ 14 взято | 🗑️ 4 мусор
2026-06-10 09:56:55,747 | INFO     |   → 540/1167: ✅ 727 взято | 🗑️ 2514 мусор
2026-06-10 09:56:55,747 | INFO     |   → 541/1167 ❌ HTTP 404 — https://raw.githubusercontent.com/Alvin9999/pac2/master/clash/1/config.yaml
2026-06-10 09:56:55,747 | INFO     |   → 542/1167 ❌ HTTP 404 — https://raw.githubusercontent.com/AmirHDevo/temp2/7f15e7ddb311a6f8c5ab338bd1af0e1f2136a84b/configs.txt
2026-06-10 09:56:55,748 | INFO     |   → 543/1167: ✅ 21 взято | 🗑️ 223 мусор
2026-06-10 09:56:55,748 | INFO     |   → 544/1167: ✅ 6488 взято | 🗑️ 86227 мусор
2026-06-10 09:56:55,748 | INFO     |   → 545/1167: ✅ 5 взято | 🗑️ 47 мусор
2026-06-10 09:56:55,748 | INFO     |   → 546/1167: ✅ 0 взято | 🗑️ 58 мусор
2026-06-10 09:56:55,748 | INFO     |   → 547/1167: ✅ 21 взято | 🗑️ 107 мусор
2026-06-10 09:56:55,748 | INFO     |   → 548/1167: ✅ 78 взято | 🗑️ 347 мусор
2026-06-10 09:56:55,748 | INFO     |   → 549/1167: ✅ 0 взято | 🗑️ 1373 мусор
2026-06-10 09:56:55,748 | INFO     |   → 550/1167: ✅ 339 взято | 🗑️ 1542 мусор
2026-06-10 09:56:55,748 | INFO     |   → 551/1167: ✅ 0 взято | 🗑️ 6 мусор
2026-06-10 09:56:55,748 | INFO     |   → 552/1167: ✅ 0 взято | 🗑️ 0 мусор
2026-06-10 09:56:55,748 | INFO     |   → 553/1167: ✅ 1 взято | 🗑️ 235 мусор
2026-06-10 09:56:55,748 | INFO     |   → 554/1167: ✅ 0 взято | 🗑️ 16 мусор
2026-06-10 09:56:55,748 | INFO     |   → 555/1167: ✅ 0 взято | 🗑️ 0 мусор
2026-06-10 09:56:55,748 | INFO     |   → 556/1167: ✅ 0 взято | 🗑️ 14 мусор
2026-06-10 09:56:55,748 | INFO     |   → 557/1167: ✅ 0 взято | 🗑️ 0 мусор
2026-06-10 09:56:55,748 | INFO     |   → 558/1167: ✅ 0 взято | 🗑️ 17 мусор
2026-06-10 09:56:55,748 | INFO     |   → 559/1167: ✅ 0 взято | 🗑️ 0 мусор
2026-06-10 09:56:55,748 | INFO     |   → 560/1167: ✅ 1 взято | 🗑️ 12 мусор
2026-06-10 09:56:55,748 | INFO     |   → 561/1167: ✅ 0 взято | 🗑️ 0 мусор
2026-06-10 09:56:55,748 | INFO     |   → 562/1167: ✅ 0 взято | 🗑️ 17 мусор
2026-06-10 09:56:55,748 | INFO     |   → 563/1167: ✅ 0 взято | 🗑️ 0 мусор
2026-06-10 09:56:55,748 | INFO     |   → 564/1167: ✅ 0 взято | 🗑️ 17 мусор
2026-06-10 09:56:55,748 | INFO     |   → 565/1167: ✅ 0 взято | 🗑️ 0 мусор
2026-06-10 09:56:55,749 | INFO     |   → 566/1167: ✅ 0 взято | 🗑️ 161 мусор
2026-06-10 09:56:55,749 | INFO     |   → 567/1167: ✅ 0 взято | 🗑️ 0 мусор
2026-06-10 09:56:55,749 | INFO     |   → 568/1167: ✅ 5 взято | 🗑️ 76 мусор
2026-06-10 09:56:55,749 | INFO     |   → 569/1167: ✅ 80 взято | 🗑️ 1110 мусор
2026-06-10 09:56:55,749 | INFO     |   → 570/1167: ✅ 5 взято | 🗑️ 13 мусор
2026-06-10 09:56:55,749 | INFO     |   → 571/1167 ❌ HTTP 404 — https://raw.githubusercontent.com/Epodonios/bulk-xray-v2ray-vless-vmess-...-configs/main/sub/Austria/config.txt
2026-06-10 09:56:55,749 | INFO     |   → 572/1167 ❌ HTTP 404 — https://raw.githubusercontent.com/Epodonios/bulk-xray-v2ray-vless-vmess-...-configs/main/sub/Canada/config.txt
2026-06-10 09:56:55,749 | INFO     |   → 573/1167 ❌ HTTP 404 — https://raw.githubusercontent.com/Epodonios/bulk-xray-v2ray-vless-vmess-...-configs/main/sub/Costa%20Rica/config.txt
2026-06-10 09:56:55,749 | INFO     |   → 574/1167 ❌ HTTP 404 — https://raw.githubusercontent.com/Epodonios/bulk-xray-v2ray-vless-vmess-...-configs/main/sub/France/config.txt
2026-06-10 09:56:55,749 | INFO     |   → 575/1167 ❌ HTTP 404 — https://raw.githubusercontent.com/Epodonios/bulk-xray-v2ray-vless-vmess-...-configs/main/sub/Germany/config.txt
2026-06-10 09:56:55,749 | INFO     |   → 576/1167 ❌ HTTP 404 — https://raw.githubusercontent.com/Epodonios/bulk-xray-v2ray-vless-vmess-...-configs/main/sub/Indonesia/config.txt
2026-06-10 09:56:55,749 | INFO     |   → 577/1167 ❌ HTTP 404 — https://raw.githubusercontent.com/Epodonios/bulk-xray-v2ray-vless-vmess-...-configs/main/sub/Ireland/config.txt
2026-06-10 09:56:55,749 | INFO     |   → 578/1167 ❌ HTTP 404 — https://raw.githubusercontent.com/Epodonios/bulk-xray-v2ray-vless-vmess-...-configs/main/sub/Republic%20of%20Lithuania/config.txt
2026-06-10 09:56:55,749 | INFO     |   → 579/1167 ❌ HTTP 404 — https://raw.githubusercontent.com/Epodonios/bulk-xray-v2ray-vless-vmess-...-configs/main/sub/South%20Africa/config.txt
2026-06-10 09:56:55,749 | INFO     |   → 580/1167 ❌ HTTP 404 — https://raw.githubusercontent.com/Epodonios/bulk-xray-v2ray-vless-vmess-...-configs/main/sub/Sweden/config.txt
2026-06-10 09:56:55,749 | INFO     |   → 581/1167 ❌ HTTP 404 — https://raw.githubusercontent.com/Epodonios/bulk-xray-v2ray-vless-vmess-...-configs/main/sub/Turkey/config.txt
2026-06-10 09:56:55,749 | INFO     |   → 582/1167 ❌ HTTP 404 — https://raw.githubusercontent.com/Epodonios/bulk-xray-v2ray-vless-vmess-...-configs/main/sub/United%20Arab%20Emirates/config.txt
2026-06-10 09:56:55,749 | INFO     |   → 583/1167 ❌ HTTP 404 — https://raw.githubusercontent.com/Epodonios/bulk-xray-v2ray-vless-vmess-...-configs/main/sub/United%20Kingdom/config.txt
2026-06-10 09:56:55,749 | INFO     |   → 584/1167 ❌ HTTP 404 — https://raw.githubusercontent.com/Epodonios/bulk-xray-v2ray-vless-vmess-...-configs/main/sub/United%20States/config.txt
2026-06-10 09:56:55,749 | INFO     |   → 585/1167: ✅ 699 взято | 🗑️ 4615 мусор
2026-06-10 09:56:55,749 | INFO     |   → 586/1167 ❌ HTTP 404 — https://raw.githubusercontent.com/Epodonios/v2ray-configs/main/Splitted-By-Protocol/mix.txt
2026-06-10 09:56:55,749 | INFO     |   → 587/1167: ✅ 78 взято | 🗑️ 435 мусор
2026-06-10 09:56:55,749 | INFO     |   → 588/1167: ✅ 0 взято | 🗑️ 0 мусор
2026-06-10 09:56:55,750 | INFO     |   → 589/1167: ✅ 34 взято | 🗑️ 471 мусор
2026-06-10 09:56:55,750 | INFO     |   → 590/1167: ✅ 295 взято | 🗑️ 3111 мусор
2026-06-10 09:56:55,750 | INFO     |   → 591/1167: ✅ 4 взято | 🗑️ 529 мусор
2026-06-10 09:56:55,750 | INFO     |   → 592/1167 ❌ HTTP 404 — https://raw.githubusercontent.com/Epodonios/v2ray-configs/raw/main/Splitted-By-Protocol/trojan.txt
2026-06-10 09:56:55,750 | INFO     |   → 593/1167 ❌ HTTP 404 — https://raw.githubusercontent.com/Epodonios/v2ray-configs/raw/main/Splitted-By-Protocol/vmess.txt
2026-06-10 09:56:55,750 | INFO     |   → 594/1167: ✅ 0 взято | 🗑️ 435 мусор
2026-06-10 09:56:55,750 | INFO     |   → 595/1167: ✅ 0 взято | 🗑️ 0 мусор
2026-06-10 09:56:55,750 | INFO     |   → 596/1167: ✅ 0 взято | 🗑️ 471 мусор
2026-06-10 09:56:55,750 | INFO     |   → 597/1167: ✅ 0 взято | 🗑️ 3111 мусор
2026-06-10 09:56:55,750 | INFO     |   → 598/1167: ✅ 0 взято | 🗑️ 529 мусор
2026-06-10 09:56:55,750 | INFO     |   → 599/1167 ❌ HTTP 404 — https://raw.githubusercontent.com/Fido6/FreeNodes/57221e59caddde55ffdda21d491ae952cd608049/nodes/halekj.txt
2026-06-10 09:56:55,750 | INFO     |   → 600/1167 ❌ HTTP 404 — https://raw.githubusercontent.com/Fido6/FreeNodes/57221e59caddde55ffdda21d491ae952cd608049/nodes/kkzui.txt
2026-06-10 09:56:55,750 | INFO     |   → 601/1167 ❌ HTTP 404 — https://raw.githubusercontent.com/Fido6/FreeNodes/57221e59caddde55ffdda21d491ae952cd608049/nodes/wenode.txt
2026-06-10 09:56:55,750 | INFO     |   → 602/1167: ✅ 0 взято | 🗑️ 0 мусор
2026-06-10 09:56:55,750 | INFO     |   → 603/1167: ✅ 0 взято | 🗑️ 0 мусор
2026-06-10 09:56:55,750 | INFO     |   → 604/1167: ✅ 14 взято | 🗑️ 250 мусор
2026-06-10 09:56:55,750 | INFO     |   → 605/1167: ✅ 3 взято | 🗑️ 20 мусор
2026-06-10 09:56:55,750 | INFO     |   → 606/1167: ✅ 1 взято | 🗑️ 17 мусор
2026-06-10 09:56:55,750 | INFO     |   → 607/1167: ✅ 4 взято | 🗑️ 11 мусор
2026-06-10 09:56:55,750 | INFO     |   → 608/1167: ✅ 0 взято | 🗑️ 0 мусор
2026-06-10 09:56:55,750 | INFO     |   → 609/1167: ✅ 0 взято | 🗑️ 137 мусор
2026-06-10 09:56:55,750 | INFO     |   → 610/1167: ✅ 0 взято | 🗑️ 32 мусор
2026-06-10 09:56:55,750 | INFO     |   → 611/1167: ✅ 2 взято | 🗑️ 19 мусор
2026-06-10 09:56:55,751 | INFO     |   → 612/1167: ✅ 0 взято | 🗑️ 43 мусор
2026-06-10 09:56:55,751 | INFO     |   → 613/1167: ✅ 0 взято | 🗑️ 43 мусор
2026-06-10 09:56:55,751 | INFO     |   → 614/1167 ❌ HTTP 404 — https://raw.githubusercontent.com/Iran-v2ray/v2ray/main/v2ray
2026-06-10 09:56:55,751 | INFO     |   → 615/1167: ✅ 0 взято | 🗑️ 1 мусор
2026-06-10 09:56:55,751 | INFO     |   → 616/1167: ✅ 0 взято | 🗑️ 1 мусор
2026-06-10 09:56:55,751 | INFO     |   → 617/1167: ✅ 0 взято | 🗑️ 28 мусор
2026-06-10 09:56:55,751 | INFO     |   → 618/1167: ✅ 14 взято | 🗑️ 282 мусор
2026-06-10 09:56:55,751 | INFO     |   → 619/1167: ✅ 0 взято | 🗑️ 94 мусор
2026-06-10 09:56:55,751 | INFO     |   → 620/1167: ✅ 0 взято | 🗑️ 0 мусор
2026-06-10 09:56:55,751 | INFO     |   → 621/1167: ✅ 0 взято | 🗑️ 0 мусор
2026-06-10 09:56:55,751 | INFO     |   → 622/1167 ❌ HTTP 404 — https://raw.githubusercontent.com/Kwinshadow/TelegramV2rayCollector/raw/refs/heads/main/sublinks/mix.txt
2026-06-10 09:56:55,751 | INFO     |   → 623/1167 ❌ HTTP 404 — https://raw.githubusercontent.com/LalatinaHub/Mineral/raw/refs/heads/master/result/nodes
2026-06-10 09:56:55,751 | INFO     |   → 624/1167 ❌ HTTP 404 — https://raw.githubusercontent.com/Leon406/SubCrawler/main/sub/share/all3
2026-06-10 09:56:55,751 | INFO     |   → 625/1167 ❌ HTTP 404 — https://raw.githubusercontent.com/Leon406/SubCrawler/main/sub/share/all4
2026-06-10 09:56:55,751 | INFO     |   → 626/1167: ✅ 4 взято | 🗑️ 335 мусор
2026-06-10 09:56:55,751 | INFO     |   → 627/1167: ✅ 0 взято | 🗑️ 33 мусор
2026-06-10 09:56:55,751 | INFO     |   → 628/1167: ✅ 0 взято | 🗑️ 6 мусор
2026-06-10 09:56:55,751 | INFO     |   → 629/1167: ✅ 0 взято | 🗑️ 147 мусор
2026-06-10 09:56:55,751 | INFO     |   → 630/1167 ❌ HTTP 404 — https://raw.githubusercontent.com/M-Mashreghi/free-config-collector/main/Splitted-By-Protocol/ssr.txt
2026-06-10 09:56:55,751 | INFO     |   → 631/1167: ✅ 139 взято | 🗑️ 114 мусор
2026-06-10 09:56:55,751 | INFO     |   → 632/1167: ✅ 126 взято | 🗑️ 137 мусор
2026-06-10 09:56:55,751 | INFO     |   → 633/1167: ✅ 0 взято | 🗑️ 12 мусор
2026-06-10 09:56:55,751 | INFO     |   → 634/1167: ✅ 0 взято | 🗑️ 1 мусор
2026-06-10 09:56:55,751 | INFO     |   → 635/1167: ✅ 12 взято | 🗑️ 395 мусор
2026-06-10 09:56:55,752 | INFO     |   → 636/1167: ✅ 0 взято | 🗑️ 395 мусор
2026-06-10 09:56:55,752 | INFO     |   → 637/1167 ❌ HTTP 404 — https://raw.githubusercontent.com/MatinGhanbari/v2ray-configs/main/subscriptions/filtered/subs/hy2.txt
2026-06-10 09:56:55,752 | INFO     |   → 638/1167: ✅ 33 взято | 🗑️ 1584 мусор
2026-06-10 09:56:55,752 | INFO     |   → 639/1167 ❌ HTTP 404 — https://raw.githubusercontent.com/MatinGhanbari/v2ray-configs/main/subscriptions/filtered/subs/ssr.txt
2026-06-10 09:56:55,752 | INFO     |   → 640/1167: ✅ 67 взято | 🗑️ 500 мусор
2026-06-10 09:56:55,752 | INFO     |   → 641/1167 ❌ HTTP 404 — https://raw.githubusercontent.com/MatinGhanbari/v2ray-configs/main/subscriptions/filtered/subs/tuic.txt
2026-06-10 09:56:55,752 | INFO     |   → 642/1167: ✅ 4 взято | 🗑️ 50 мусор
2026-06-10 09:56:55,752 | INFO     |   → 643/1167: ✅ 254 взято | 🗑️ 1455 мусор
2026-06-10 09:56:55,752 | INFO     |   → 644/1167: ✅ 0 взято | 🗑️ 2 мусор
2026-06-10 09:56:55,752 | INFO     |   → 645/1167: ✅ 188 взято | 🗑️ 1464 мусор
2026-06-10 09:56:55,752 | INFO     |   → 646/1167: ✅ 0 взято | 🗑️ 724 мусор
2026-06-10 09:56:55,752 | INFO     |   → 647/1167: ✅ 0 взято | 🗑️ 724 мусор
2026-06-10 09:56:55,752 | INFO     |   → 648/1167: ✅ 0 взято | 🗑️ 106 мусор
2026-06-10 09:56:55,752 | INFO     |   → 649/1167: ✅ 0 взято | 🗑️ 2 мусор
2026-06-10 09:56:55,752 | INFO     |   → 650/1167: ✅ 0 взято | 🗑️ 554 мусор
2026-06-10 09:56:55,752 | INFO     |   → 651/1167: ✅ 0 взято | 🗑️ 86 мусор
2026-06-10 09:56:55,752 | INFO     |   → 652/1167 ❌ HTTP 404 — https://raw.githubusercontent.com/MhdiTaheri/V2rayCollector/raw/refs/heads/main/sub/mix
2026-06-10 09:56:55,752 | INFO     |   → 653/1167: ✅ 53 взято | 🗑️ 267 мусор
2026-06-10 09:56:55,752 | INFO     |   → 654/1167 ❌ HTTP 404 — https://raw.githubusercontent.com/MhdiTaheri/V2rayCollector_Py/raw/refs/heads/main/sub/Mix/mix.txt
2026-06-10 09:56:55,752 | INFO     |   → 655/1167: ✅ 0 взято | 🗑️ 0 мусор
2026-06-10 09:56:55,752 | INFO     |   → 656/1167: ✅ 43 взято | 🗑️ 217 мусор
2026-06-10 09:56:55,752 | INFO     |   → 657/1167: ✅ 0 взято | 🗑️ 31 мусор
2026-06-10 09:56:55,752 | INFO     |   → 658/1167: ✅ 93 взято | 🗑️ 282 мусор
2026-06-10 09:56:55,752 | INFO     |   → 659/1167: ✅ 0 взято | 🗑️ 26 мусор
2026-06-10 09:56:55,752 | INFO     |   → 660/1167 ❌ HTTP 404 — https://raw.githubusercontent.com/MrMohebi/xray-proxy-grabber-telegram/master/collected-proxies/clash-meta/all.yaml
2026-06-10 09:56:55,753 | INFO     |   → 661/1167 ❌ HTTP 404 — https://raw.githubusercontent.com/MrMohebi/xray-proxy-grabber-telegram/master/collected-proxies/row-url/actives.txt
2026-06-10 09:56:55,753 | INFO     |   → 662/1167 ❌ HTTP 404 — https://raw.githubusercontent.com/MrMohebi/xray-proxy-grabber-telegram/master/collected-proxies/row-url/all.txt
2026-06-10 09:56:55,753 | INFO     |   → 663/1167: ✅ 0 взято | 🗑️ 13 мусор
2026-06-10 09:56:55,753 | INFO     |   → 664/1167: ✅ 0 взято | 🗑️ 13 мусор
2026-06-10 09:56:55,753 | INFO     |   → 665/1167: ✅ 5 взято | 🗑️ 15 мусор
2026-06-10 09:56:55,753 | INFO     |   → 666/1167: ✅ 0 взято | 🗑️ 30 мусор
2026-06-10 09:56:55,753 | INFO     |   → 667/1167: ✅ 0 взято | 🗑️ 15 мусор
2026-06-10 09:56:55,753 | INFO     |   → 668/1167: ✅ 66 взято | 🗑️ 123 мусор
2026-06-10 09:56:55,753 | INFO     |   → 669/1167: ✅ 133 взято | 🗑️ 65 мусор
2026-06-10 09:56:55,753 | INFO     |   → 670/1167: ✅ 0 взято | 🗑️ 0 мусор
2026-06-10 09:56:55,753 | INFO     |   → 671/1167 ❌ HTTP 404 — https://raw.githubusercontent.com/OpenCNLink/freevpn/3cfcff048bfdd1493ccffa52ecf30ce7f9fc6b28/src/list/vmess.txt
2026-06-10 09:56:55,753 | INFO     |   → 672/1167 ❌ HTTP 404 — https://raw.githubusercontent.com/Pawdro/Collection/main/sub
2026-06-10 09:56:55,753 | INFO     |   → 673/1167: ✅ 0 взято | 🗑️ 11 мусор
2026-06-10 09:56:55,753 | INFO     |   → 674/1167: ✅ 0 взято | 🗑️ 11 мусор
2026-06-10 09:56:55,753 | INFO     |   → 675/1167: ✅ 0 взято | 🗑️ 0 мусор
2026-06-10 09:56:55,753 | INFO     |   → 676/1167: ✅ 0 взято | 🗑️ 0 мусор
2026-06-10 09:56:55,753 | INFO     |   → 677/1167: ✅ 0 взято | 🗑️ 50 мусор
2026-06-10 09:56:55,753 | INFO     |   → 678/1167: ✅ 5 взято | 🗑️ 206 мусор
2026-06-10 09:56:55,753 | INFO     |   → 679/1167: ✅ 21 взято | 🗑️ 138 мусор
2026-06-10 09:56:55,753 | INFO     |   → 680/1167: ✅ 23 взято | 🗑️ 89 мусор
2026-06-10 09:56:55,753 | INFO     |   → 681/1167: ✅ 9 взято | 🗑️ 85 мусор
2026-06-10 09:56:55,753 | INFO     |   → 682/1167: ✅ 0 взято | 🗑️ 129 мусор
2026-06-10 09:56:55,753 | INFO     |   → 683/1167: ✅ 0 взято | 🗑️ 81 мусор
2026-06-10 09:56:55,753 | INFO     |   → 684/1167 ❌ HTTP 404 — https://raw.githubusercontent.com/STR97/STRUGOV/refs/heads/main/STR.BYPASS
2026-06-10 09:56:55,754 | INFO     |   → 685/1167: ✅ 4 взято | 🗑️ 34 мусор
2026-06-10 09:56:55,754 | INFO     |   → 686/1167: ✅ 11 взято | 🗑️ 16 мусор
2026-06-10 09:56:55,754 | INFO     |   → 687/1167: ✅ 0 взято | 🗑️ 16 мусор
2026-06-10 09:56:55,754 | INFO     |   → 688/1167: ✅ 0 взято | 🗑️ 27 мусор
2026-06-10 09:56:55,754 | INFO     |   → 689/1167: ✅ 140 взято | 🗑️ 1153 мусор
2026-06-10 09:56:55,754 | INFO     |   → 690/1167: ✅ 29 взято | 🗑️ 54 мусор
2026-06-10 09:56:55,754 | INFO     |   → 691/1167: ✅ 0 взято | 🗑️ 5 мусор
2026-06-10 09:56:55,754 | INFO     |   → 692/1167: ✅ 1 взято | 🗑️ 0 мусор
2026-06-10 09:56:55,754 | INFO     |   → 693/1167: ✅ 6 взято | 🗑️ 39 мусор
2026-06-10 09:56:55,754 | INFO     |   → 694/1167: ✅ 0 взято | 🗑️ 5 мусор
2026-06-10 09:56:55,754 | INFO     |   → 695/1167: ✅ 0 взято | 🗑️ 39 мусор
2026-06-10 09:56:55,754 | INFO     |   → 696/1167: ✅ 4 взято | 🗑️ 291 мусор
2026-06-10 09:56:55,754 | INFO     |   → 697/1167: ✅ 0 взято | 🗑️ 119 мусор
2026-06-10 09:56:55,754 | INFO     |   → 698/1167: ✅ 0 взято | 🗑️ 0 мусор
2026-06-10 09:56:55,754 | INFO     |   → 699/1167 ❌ HTTP 404 — https://raw.githubusercontent.com/V2RAYCONFIGSPOOL/V2RAY_SUB/main/V2RAY_SUB.txt
2026-06-10 09:56:55,754 | INFO     |   → 700/1167: ✅ 49 взято | 🗑️ 49 мусор
2026-06-10 09:56:55,754 | INFO     |   → 701/1167: ✅ 16 взято | 🗑️ 17 мусор
2026-06-10 09:56:55,754 | INFO     |   → 702/1167: ✅ 0 взято | 🗑️ 0 мусор
2026-06-10 09:56:55,754 | INFO     |   → 703/1167: ✅ 0 взято | 🗑️ 17 мусор
2026-06-10 09:56:55,754 | INFO     |   → 704/1167: ✅ 58 взято | 🗑️ 348 мусор
2026-06-10 09:56:55,754 | INFO     |   → 705/1167: ✅ 0 взято | 🗑️ 0 мусор
2026-06-10 09:56:55,754 | INFO     |   → 706/1167: ✅ 6 взято | 🗑️ 245 мусор
2026-06-10 09:56:55,754 | INFO     |   → 707/1167: ✅ 0 взято | 🗑️ 0 мусор
2026-06-10 09:56:55,754 | INFO     |   → 708/1167: ✅ 3 взято | 🗑️ 322 мусор
2026-06-10 09:56:55,755 | INFO     |   → 709/1167: ✅ 0 взято | 🗑️ 0 мусор
2026-06-10 09:56:55,755 | INFO     |   → 710/1167: ✅ 0 взято | 🗑️ 0 мусор
2026-06-10 09:56:55,755 | INFO     |   → 711/1167: ✅ 3 взято | 🗑️ 268 мусор
2026-06-10 09:56:55,755 | INFO     |   → 712/1167: ✅ 1 взято | 🗑️ 251 мусор
2026-06-10 09:56:55,755 | INFO     |   → 713/1167: ✅ 1 взято | 🗑️ 231 мусор
2026-06-10 09:56:55,755 | INFO     |   → 714/1167: ✅ 0 взято | 🗑️ 0 мусор
2026-06-10 09:56:55,755 | INFO     |   → 715/1167: ✅ 1 взято | 🗑️ 83 мусор
2026-06-10 09:56:55,755 | INFO     |   → 716/1167: ✅ 0 взято | 🗑️ 16 мусор
2026-06-10 09:56:55,755 | INFO     |   → 717/1167: ✅ 0 взято | 🗑️ 16 мусор
2026-06-10 09:56:55,755 | INFO     |   → 718/1167 ❌ HTTP 404 — https://raw.githubusercontent.com/aiboboxx/clashfree/main/clash.yml
2026-06-10 09:56:55,755 | INFO     |   → 719/1167 ❌ HTTP 404 — https://raw.githubusercontent.com/aiboboxx/v2rayfree/main/v2
2026-06-10 09:56:55,755 | INFO     |   → 720/1167 ❌ HTTP 404 — https://raw.githubusercontent.com/amirmohammad-mohammad-88/Sub-Reality-Azadi-config/Config/Azadi-Reality-Different
2026-06-10 09:56:55,755 | INFO     |   → 721/1167 ❌ HTTP 404 — https://raw.githubusercontent.com/amirmohammad-mohammad-88/Sub-Reality-Azadi-config/Config/Azadi-Reality-Different-Base64
2026-06-10 09:56:55,755 | INFO     |   → 722/1167: ✅ 1 взято | 🗑️ 17 мусор
2026-06-10 09:56:55,755 | INFO     |   → 723/1167: ✅ 0 взято | 🗑️ 0 мусор
2026-06-10 09:56:55,755 | INFO     |   → 724/1167: ✅ 4 взято | 🗑️ 114 мусор
2026-06-10 09:56:55,755 | INFO     |   → 725/1167: ✅ 20 взято | 🗑️ 63 мусор
2026-06-10 09:56:55,755 | INFO     |   → 726/1167 ❌ HTTP 404 — https://raw.githubusercontent.com/awesome-vpn/awesome-vpn/master/ss
2026-06-10 09:56:55,755 | INFO     |   → 727/1167 ❌ HTTP 404 — https://raw.githubusercontent.com/awesome-vpn/awesome-vpn/master/ssr
2026-06-10 09:56:55,755 | INFO     |   → 728/1167: ✅ 0 взято | 🗑️ 0 мусор
2026-06-10 09:56:55,755 | INFO     |   → 729/1167: ✅ 1 взято | 🗑️ 22 мусор
2026-06-10 09:56:55,755 | INFO     |   → 730/1167: ✅ 0 взято | 🗑️ 430 мусор
2026-06-10 09:56:55,755 | INFO     |   → 731/1167 ❌ HTTP 404 — https://raw.githubusercontent.com/barry-far/V2ray-Configs/ced94ddfff48276ec365b40227561f36b1b64bc8/Sub5.txt
2026-06-10 09:56:55,755 | INFO     |   → 732/1167 ❌ HTTP 404 — https://raw.githubusercontent.com/barry-far/V2ray-Configs/main/Splitted-By-Protocol/hysteria2.txt
2026-06-10 09:56:55,756 | INFO     |   → 733/1167 ❌ HTTP 404 — https://raw.githubusercontent.com/barry-far/V2ray-Configs/main/Splitted-By-Protocol/vless.txt
2026-06-10 09:56:55,756 | INFO     |   → 734/1167 ❌ HTTP 404 — https://raw.githubusercontent.com/barry-far/V2ray-Configs/main/Sub1.txt
2026-06-10 09:56:55,756 | INFO     |   → 735/1167 ❌ HTTP 404 — https://raw.githubusercontent.com/barry-far/V2ray-Configs/refs/heads/main/All_Configs_Sub.txt
2026-06-10 09:56:55,756 | INFO     |   → 736/1167: ✅ 0 взято | 🗑️ 0 мусор
2026-06-10 09:56:55,756 | INFO     |   → 737/1167 ❌ HTTP 404 — https://raw.githubusercontent.com/budamu/clashconfig/main/v2ray.txt
2026-06-10 09:56:55,756 | INFO     |   → 738/1167 ❌ HTTP 404 — https://raw.githubusercontent.com/budamu/clashconfig/main/v2ray2.txt
2026-06-10 09:56:55,756 | INFO     |   → 739/1167: ✅ 0 взято | 🗑️ 0 мусор
2026-06-10 09:56:55,756 | INFO     |   → 740/1167: ✅ 0 взято | 🗑️ 442 мусор
2026-06-10 09:56:55,756 | INFO     |   → 741/1167: ✅ 0 взято | 🗑️ 0 мусор
2026-06-10 09:56:55,756 | INFO     |   → 742/1167 ❌ HTTP 404 — https://raw.githubusercontent.com/chxxyz2004/zd/17fca23b73c46b5dd73e9be49b14d219b5e5f836/sub/2401/240110.txt
2026-06-10 09:56:55,756 | INFO     |   → 743/1167: ✅ 0 взято | 🗑️ 44 мусор
2026-06-10 09:56:55,756 | INFO     |   → 744/1167: ✅ 236 взято | 🗑️ 517 мусор
2026-06-10 09:56:55,756 | INFO     |   → 745/1167 ❌ HTTP 404 — https://raw.githubusercontent.com/cxr9912/cxr2022/main/free.yaml
2026-06-10 09:56:55,756 | INFO     |   → 746/1167 ❌ HTTP 404 — https://raw.githubusercontent.com/cxr9912/cxr2022/main/mix.yaml
2026-06-10 09:56:55,756 | INFO     |   → 747/1167 ❌ HTTP 404 — https://raw.githubusercontent.com/cxr9912/cxr2022/main/ss.yaml
2026-06-10 09:56:55,756 | INFO     |   → 748/1167 ❌ HTTP 404 — https://raw.githubusercontent.com/cxr9912/cxr2022/main/ssr.yaml
2026-06-10 09:56:55,756 | INFO     |   → 749/1167 ❌ HTTP 404 — https://raw.githubusercontent.com/cxr9912/cxr2022/main/vmess.yaml
2026-06-10 09:56:55,756 | INFO     |   → 750/1167 ❌ HTTP 404 — https://raw.githubusercontent.com/cxr9912/cxr2022/refs/heads/main/18cj.json
2026-06-10 09:56:55,756 | INFO     |   → 751/1167 ❌ HTTP 404 — https://raw.githubusercontent.com/cxr9912/cxr2022/refs/heads/main/aaaaaaaa.yaml
2026-06-10 09:56:55,756 | INFO     |   → 752/1167 ❌ HTTP 404 — https://raw.githubusercontent.com/cxr9912/cxr2022/refs/heads/main/free.yaml
2026-06-10 09:56:55,756 | INFO     |   → 753/1167 ❌ HTTP 404 — https://raw.githubusercontent.com/cxr9912/cxr2022/refs/heads/main/ss2088.txt
2026-06-10 09:56:55,756 | INFO     |   → 754/1167: ✅ 0 взято | 🗑️ 18 мусор
2026-06-10 09:56:55,756 | INFO     |   → 755/1167: ✅ 0 взято | 🗑️ 18 мусор
2026-06-10 09:56:55,756 | INFO     |   → 756/1167: ✅ 6 взято | 🗑️ 78 мусор
2026-06-10 09:56:55,757 | INFO     |   → 757/1167: ✅ 6 взято | 🗑️ 4 мусор
2026-06-10 09:56:55,757 | INFO     |   → 758/1167: ✅ 0 взято | 🗑️ 2 мусор
2026-06-10 09:56:55,757 | INFO     |   → 759/1167: ✅ 0 взято | 🗑️ 2 мусор
2026-06-10 09:56:55,757 | INFO     |   → 760/1167: ✅ 1 взято | 🗑️ 2 мусор
2026-06-10 09:56:55,757 | INFO     |   → 761/1167: ✅ 0 взято | 🗑️ 2 мусор
2026-06-10 09:56:55,757 | INFO     |   → 762/1167: ✅ 0 взято | 🗑️ 2 мусор
2026-06-10 09:56:55,757 | INFO     |   → 763/1167: ✅ 0 взято | 🗑️ 2 мусор
2026-06-10 09:56:55,757 | INFO     |   → 764/1167: ✅ 1 взято | 🗑️ 1 мусор
2026-06-10 09:56:55,757 | INFO     |   → 765/1167: ✅ 0 взято | 🗑️ 2 мусор
2026-06-10 09:56:55,757 | INFO     |   → 766/1167: ✅ 0 взято | 🗑️ 2 мусор
2026-06-10 09:56:55,757 | INFO     |   → 767/1167: ✅ 0 взято | 🗑️ 0 мусор
2026-06-10 09:56:55,757 | INFO     |   → 768/1167: ✅ 9003 взято | 🗑️ 164507 мусор
2026-06-10 09:56:55,757 | INFO     |   → 769/1167: ✅ 6 взято | 🗑️ 126 мусор
2026-06-10 09:56:55,757 | INFO     |   → 770/1167: ✅ 6 взято | 🗑️ 113 мусор
2026-06-10 09:56:55,757 | INFO     |   → 771/1167: ✅ 0 взято | 🗑️ 0 мусор
2026-06-10 09:56:55,757 | INFO     |   → 772/1167: ✅ 7 взято | 🗑️ 19 мусор
2026-06-10 09:56:55,757 | INFO     |   → 773/1167: ✅ 0 взято | 🗑️ 0 мусор
2026-06-10 09:56:55,757 | INFO     |   → 774/1167: ✅ 13 взято | 🗑️ 19 мусор
2026-06-10 09:56:55,757 | INFO     |   → 775/1167: ✅ 0 взято | 🗑️ 5 мусор
2026-06-10 09:56:55,757 | INFO     |   → 776/1167: ✅ 2 взято | 🗑️ 80 мусор
2026-06-10 09:56:55,757 | INFO     |   → 777/1167 ❌ HTTP 404 — https://raw.githubusercontent.com/free-nodes/v2rayfree/main/v2
2026-06-10 09:56:55,757 | INFO     |   → 778/1167 ❌ HTTP 404 — https://raw.githubusercontent.com/free-v2ray-config/trojan/main/trojan.txt
2026-06-10 09:56:55,757 | INFO     |   → 779/1167 ❌ HTTP 404 — https://raw.githubusercontent.com/free-v2ray-config/vless/main/vless.txt
2026-06-10 09:56:55,757 | INFO     |   → 780/1167 ❌ HTTP 404 — https://raw.githubusercontent.com/free-v2ray-config/vmess/main/vmess.txt
2026-06-10 09:56:55,757 | INFO     |   → 781/1167: ✅ 5 взято | 🗑️ 169 мусор
2026-06-10 09:56:55,758 | INFO     |   → 782/1167: ✅ 34 взято | 🗑️ 121 мусор
2026-06-10 09:56:55,758 | INFO     |   → 783/1167: ✅ 4 взято | 🗑️ 97 мусор
2026-06-10 09:56:55,758 | INFO     |   → 784/1167 ❌ HTTP 404 — https://raw.githubusercontent.com/free18/v2ray/main/Clash.yaml
2026-06-10 09:56:55,758 | INFO     |   → 785/1167: ✅ 0 взято | 🗑️ 0 мусор
2026-06-10 09:56:55,758 | INFO     |   → 786/1167: ✅ 0 взято | 🗑️ 15 мусор
2026-06-10 09:56:55,758 | INFO     |   → 787/1167: ✅ 0 взято | 🗑️ 0 мусор
2026-06-10 09:56:55,758 | INFO     |   → 788/1167: ✅ 0 взято | 🗑️ 8 мусор
2026-06-10 09:56:55,758 | INFO     |   → 789/1167: ✅ 0 взято | 🗑️ 8 мусор
2026-06-10 09:56:55,758 | INFO     |   → 790/1167: ✅ 0 взято | 🗑️ 8 мусор
2026-06-10 09:56:55,758 | INFO     |   → 791/1167: ✅ 0 взято | 🗑️ 8 мусор
2026-06-10 09:56:55,758 | INFO     |   → 792/1167 ❌ HTTP 404 — https://raw.githubusercontent.com/freev2rayconfig/V2RAY_SUB/3e6a7786a1601ee3723e8d043ae79e70dbdfd9a8/v2rayconfigs.txt
2026-06-10 09:56:55,758 | INFO     |   → 793/1167 ❌ HTTP 404 — https://raw.githubusercontent.com/freev2rayconfig/V2RAY_SUBSCRIPTION_LINK/main/v2rayconfigs.txt
2026-06-10 09:56:55,758 | INFO     |   → 794/1167 ❌ HTTP 404 — https://raw.githubusercontent.com/gfpcom/free-proxy-list/main/list/http.txt
2026-06-10 09:56:55,758 | INFO     |   → 795/1167 ❌ HTTP 404 — https://raw.githubusercontent.com/gfpcom/free-proxy-list/main/list/https.txt
2026-06-10 09:56:55,758 | INFO     |   → 796/1167 ❌ HTTP 404 — https://raw.githubusercontent.com/gfpcom/free-proxy-list/main/list/socks4.txt
2026-06-10 09:56:55,758 | INFO     |   → 797/1167 ❌ HTTP 404 — https://raw.githubusercontent.com/gfpcom/free-proxy-list/main/list/socks4a.txt
2026-06-10 09:56:55,758 | INFO     |   → 798/1167 ❌ HTTP 404 — https://raw.githubusercontent.com/gfpcom/free-proxy-list/main/list/socks5.txt
2026-06-10 09:56:55,758 | INFO     |   → 799/1167 ❌ HTTP 404 — https://raw.githubusercontent.com/gfpcom/free-proxy-list/main/list/socks5h.txt
2026-06-10 09:56:55,758 | INFO     |   → 800/1167 ❌ HTTP 404 — https://raw.githubusercontent.com/gfpcom/free-proxy-list/main/list/ss.txt
2026-06-10 09:56:55,758 | INFO     |   → 801/1167 ❌ HTTP 404 — https://raw.githubusercontent.com/gfpcom/free-proxy-list/main/list/ssr.txt
2026-06-10 09:56:55,758 | INFO     |   → 802/1167 ❌ HTTP 404 — https://raw.githubusercontent.com/gfpcom/free-proxy-list/main/list/trojan.txt
2026-06-10 09:56:55,758 | INFO     |   → 803/1167 ❌ HTTP 404 — https://raw.githubusercontent.com/gfpcom/free-proxy-list/main/list/vless.txt
2026-06-10 09:56:55,758 | INFO     |   → 804/1167 ❌ HTTP 404 — https://raw.githubusercontent.com/gfpcom/free-proxy-list/main/list/vmess.txt
2026-06-10 09:56:55,759 | INFO     |   → 805/1167: ✅ 0 взято | 🗑️ 17 мусор
2026-06-10 09:56:55,759 | INFO     |   → 806/1167: ✅ 0 взято | 🗑️ 0 мусор
2026-06-10 09:56:55,759 | INFO     |   → 807/1167: ✅ 4 взято | 🗑️ 63 мусор
2026-06-10 09:56:55,759 | INFO     |   → 808/1167 ❌ HTTP 404 — https://raw.githubusercontent.com/hameed-maleki/TVC/89a4522969c57dcc22458cae9898426e5c4f2679/lite/config.txt
2026-06-10 09:56:55,759 | INFO     |   → 809/1167: ✅ 5 взято | 🗑️ 132 мусор
2026-06-10 09:56:55,759 | INFO     |   → 810/1167: ✅ 0 взято | 🗑️ 56 мусор
2026-06-10 09:56:55,759 | INFO     |   → 811/1167 ❌ HTTP 404 — https://raw.githubusercontent.com/hkaa0/permalink/main/proxy/V2ray
2026-06-10 09:56:55,759 | INFO     |   → 812/1167 ❌ HTTP 404 — https://raw.githubusercontent.com/hkaa0/permalink/main/proxy/clash
2026-06-10 09:56:55,759 | INFO     |   → 813/1167 ❌ HTTP 404 — https://raw.githubusercontent.com/hkpc/Autoproxy/6cf946ddfc677a29062007e4b47d70674474baa7/sub/2401/240110.txt
2026-06-10 09:56:55,759 | INFO     |   → 814/1167 ❌ HTTP 404 — https://raw.githubusercontent.com/hkpc/V2ray-Configs/7d9aa0dabf947af180a7dd6302818ed37950531a/Sub1.txt
2026-06-10 09:56:55,759 | INFO     |   → 815/1167: ✅ 0 взято | 🗑️ 14 мусор
2026-06-10 09:56:55,759 | INFO     |   → 816/1167: ✅ 16 взято | 🗑️ 16 мусор
2026-06-10 09:56:55,759 | INFO     |   → 817/1167 ❌ HTTP 404 — https://raw.githubusercontent.com/iboxz/free-v2ray-collector/main/main
2026-06-10 09:56:55,759 | INFO     |   → 818/1167: ✅ 16 взято | 🗑️ 15 мусор
2026-06-10 09:56:55,759 | INFO     |   → 819/1167: ✅ 14 взято | 🗑️ 14 мусор
2026-06-10 09:56:55,759 | INFO     |   → 820/1167: ✅ 109 взято | 🗑️ 193 мусор
2026-06-10 09:56:55,759 | INFO     |   → 821/1167 ❌ HTTP 404 — https://raw.githubusercontent.com/igareck/vpn-configs-for-russia/refs/heads/main/Vless-Reality-White-Lists-Rus-Cable.txt
2026-06-10 09:56:55,759 | INFO     |   → 822/1167: ✅ 64 взято | 🗑️ 32 мусор
2026-06-10 09:56:55,759 | INFO     |   → 823/1167: ✅ 0 взято | 🗑️ 0 мусор
2026-06-10 09:56:55,759 | INFO     |   → 824/1167: ✅ 0 взято | 🗑️ 0 мусор
2026-06-10 09:56:55,759 | INFO     |   → 825/1167: ✅ 23 взято | 🗑️ 9 мусор
2026-06-10 09:56:55,759 | INFO     |   → 826/1167: ✅ 0 взято | 🗑️ 0 мусор
2026-06-10 09:56:55,759 | INFO     |   → 827/1167: ✅ 0 взято | 🗑️ 0 мусор
2026-06-10 09:56:55,759 | INFO     |   → 828/1167: ✅ 0 взято | 🗑️ 12 мусор
2026-06-10 09:56:55,760 | INFO     |   → 829/1167: ✅ 0 взято | 🗑️ 43 мусор
2026-06-10 09:56:55,760 | INFO     |   → 830/1167 ❌ HTTP 404 — https://raw.githubusercontent.com/jw853355718/clash_233/master/config.yml
2026-06-10 09:56:55,760 | INFO     |   → 831/1167: ✅ 0 взято | 🗑️ 210 мусор
2026-06-10 09:56:55,760 | INFO     |   → 832/1167: ✅ 0 взято | 🗑️ 0 мусор
2026-06-10 09:56:55,760 | INFO     |   → 833/1167: ✅ 0 взято | 🗑️ 0 мусор
2026-06-10 09:56:55,760 | INFO     |   → 834/1167 ❌ HTTP 404 — https://raw.githubusercontent.com/lcx12901/v2ray-/master/sspool.herokuapp.com/yzcloud.yaml
2026-06-10 09:56:55,760 | INFO     |   → 835/1167 ❌ HTTP 404 — https://raw.githubusercontent.com/lcx12901/v2ray-/master/sspool.herokuapp.com/yzcloud2.yaml
2026-06-10 09:56:55,760 | INFO     |   → 836/1167: ✅ 0 взято | 🗑️ 0 мусор
2026-06-10 09:56:55,760 | INFO     |   → 837/1167 ❌ HTTP 404 — https://raw.githubusercontent.com/learnhard-cn/free_proxy_ss/main/clash/config.yaml
2026-06-10 09:56:55,760 | INFO     |   → 838/1167: ✅ 0 взято | 🗑️ 8 мусор
2026-06-10 09:56:55,760 | INFO     |   → 839/1167: ✅ 0 взято | 🗑️ 4 мусор
2026-06-10 09:56:55,760 | INFO     |   → 840/1167: ✅ 0 взято | 🗑️ 0 мусор
2026-06-10 09:56:55,760 | INFO     |   → 841/1167: ✅ 0 взято | 🗑️ 4 мусор
2026-06-10 09:56:55,760 | INFO     |   → 842/1167: ✅ 0 взято | 🗑️ 149 мусор
2026-06-10 09:56:55,760 | INFO     |   → 843/1167: ✅ 0 взято | 🗑️ 421 мусор
2026-06-10 09:56:55,760 | INFO     |   → 844/1167 ❌ HTTP 404 — https://raw.githubusercontent.com/lisylva-lee/v2dyku/main/ssr
2026-06-10 09:56:55,760 | INFO     |   → 845/1167 ❌ HTTP 404 — https://raw.githubusercontent.com/lisylva-lee/v2dyku/main/v2dy
2026-06-10 09:56:55,760 | INFO     |   → 846/1167: ✅ 0 взято | 🗑️ 53 мусор
2026-06-10 09:56:55,760 | INFO     |   → 847/1167 ❌ HTTP 404 — https://raw.githubusercontent.com/luxl-1379/merge/77247d23def72b25226dfa741614e9b07a569c72/sub/sub_merge_base64.txt
2026-06-10 09:56:55,760 | INFO     |   → 848/1167: ✅ 146 взято | 🗑️ 343 мусор
2026-06-10 09:56:55,760 | INFO     |   → 849/1167: ✅ 0 взято | 🗑️ 117 мусор
2026-06-10 09:56:55,760 | INFO     |   → 850/1167: ✅ 863 взято | 🗑️ 3513 мусор
2026-06-10 09:56:55,760 | INFO     |   → 851/1167: ✅ 0 взято | 🗑️ 0 мусор
2026-06-10 09:56:55,761 | INFO     |   → 852/1167: ✅ 0 взято | 🗑️ 3513 мусор
2026-06-10 09:56:55,761 | INFO     |   → 853/1167: ✅ 59 взято | 🗑️ 331 мусор
2026-06-10 09:56:55,761 | INFO     |   → 854/1167 ❌ HTTP 404 — https://raw.githubusercontent.com/mermeroo/Clash-V2ray/main/v2ray
2026-06-10 09:56:55,761 | INFO     |   → 855/1167: ✅ 15 взято | 🗑️ 417 мусор
2026-06-10 09:56:55,761 | INFO     |   → 856/1167: ✅ 6 взято | 🗑️ 102 мусор
2026-06-10 09:56:55,761 | INFO     |   → 857/1167: ✅ 716 взято | 🗑️ 6258 мусор
2026-06-10 09:56:55,761 | INFO     |   → 858/1167: ✅ 8 взято | 🗑️ 853 мусор
2026-06-10 09:56:55,761 | INFO     |   → 859/1167: ✅ 32 взято | 🗑️ 69 мусор
2026-06-10 09:56:55,761 | INFO     |   → 860/1167 ❌ HTTP 404 — https://raw.githubusercontent.com/mermeroo/free-v2ray-collector/main/main/mix
2026-06-10 09:56:55,761 | INFO     |   → 861/1167 ❌ HTTP 404 — https://raw.githubusercontent.com/mermeroo/free-v2ray-collector/main/main/reality
2026-06-10 09:56:55,761 | INFO     |   → 862/1167 ❌ HTTP 404 — https://raw.githubusercontent.com/mermeroo/free-v2ray-collector/main/main/shadowsocks
2026-06-10 09:56:55,761 | INFO     |   → 863/1167 ❌ HTTP 404 — https://raw.githubusercontent.com/mermeroo/free-v2ray-collector/main/main/trojan
2026-06-10 09:56:55,761 | INFO     |   → 864/1167 ❌ HTTP 404 — https://raw.githubusercontent.com/mermeroo/free-v2ray-collector/main/main/vless
2026-06-10 09:56:55,761 | INFO     |   → 865/1167 ❌ HTTP 404 — https://raw.githubusercontent.com/mermeroo/free-v2ray-collector/main/main/vmess
2026-06-10 09:56:55,761 | INFO     |   → 866/1167 ❌ HTTP 404 — https://raw.githubusercontent.com/mfuu/v2ray/master/merge/merge.txt
2026-06-10 09:56:55,761 | INFO     |   → 867/1167: ✅ 5 взято | 🗑️ 226 мусор
2026-06-10 09:56:55,761 | INFO     |   → 868/1167: ✅ 0 взято | 🗑️ 226 мусор
2026-06-10 09:56:55,761 | INFO     |   → 869/1167: ✅ 538 взято | 🗑️ 12814 мусор
2026-06-10 09:56:55,761 | INFO     |   → 870/1167: ✅ 0 взято | 🗑️ 12814 мусор
2026-06-10 09:56:55,761 | INFO     |   → 871/1167: ✅ 0 взято | 🗑️ 2804 мусор
2026-06-10 09:56:55,761 | INFO     |   → 872/1167: ✅ 0 взято | 🗑️ 1572 мусор
2026-06-10 09:56:55,761 | INFO     |   → 873/1167: ✅ 0 взято | 🗑️ 4570 мусор
2026-06-10 09:56:55,761 | INFO     |   → 874/1167: ✅ 0 взято | 🗑️ 3868 мусор
2026-06-10 09:56:55,762 | INFO     |   → 875/1167 ❌ HTTP 404 — https://raw.githubusercontent.com/mianous/qiren/main/qiren.txt
2026-06-10 09:56:55,762 | INFO     |   → 876/1167 ❌ HTTP 404 — https://raw.githubusercontent.com/miladtahanian/V2RayCFGDumper/refs/heads/main/config.txt
2026-06-10 09:56:55,762 | INFO     |   → 877/1167 ❌ HTTP 404 — https://raw.githubusercontent.com/miladtahanian/multi-proxy-config-fetcher/refs/heads/main/configs/proxy_configs.txt
2026-06-10 09:56:55,762 | INFO     |   → 878/1167: ✅ 0 взято | 🗑️ 0 мусор
2026-06-10 09:56:55,762 | INFO     |   → 879/1167: ✅ 0 взято | 🗑️ 0 мусор
2026-06-10 09:56:55,762 | INFO     |   → 880/1167: ✅ 0 взято | 🗑️ 0 мусор
2026-06-10 09:56:55,762 | INFO     |   → 881/1167: ✅ 15 взято | 🗑️ 46 мусор
2026-06-10 09:56:55,762 | INFO     |   → 882/1167: ✅ 0 взято | 🗑️ 193 мусор
2026-06-10 09:56:55,762 | INFO     |   → 883/1167: ✅ 0 взято | 🗑️ 0 мусор
2026-06-10 09:56:55,762 | INFO     |   → 884/1167: ✅ 28 взято | 🗑️ 93 мусор
2026-06-10 09:56:55,762 | INFO     |   → 885/1167: ✅ 0 взято | 🗑️ 0 мусор
2026-06-10 09:56:55,762 | INFO     |   → 886/1167: ✅ 15 взято | 🗑️ 70 мусор
2026-06-10 09:56:55,762 | INFO     |   → 887/1167: ✅ 127 взято | 🗑️ 492 мусор
2026-06-10 09:56:55,762 | INFO     |   → 888/1167: ✅ 331 взято | 🗑️ 190 мусор
2026-06-10 09:56:55,762 | INFO     |   → 889/1167: ✅ 27 взято | 🗑️ 412 мусор
2026-06-10 09:56:55,762 | INFO     |   → 890/1167 ❌ HTTP 404 — https://raw.githubusercontent.com/obscure1990/freeVM/master/snippets/nodes.yml
2026-06-10 09:56:55,762 | INFO     |   → 891/1167 ❌ HTTP 404 — https://raw.githubusercontent.com/op30mmd/things/909b38024ba14d69dc0f95c238f63bc6e930a00f/eut.txt
2026-06-10 09:56:55,762 | INFO     |   → 892/1167 ❌ HTTP 404 — https://raw.githubusercontent.com/openRunner/clash-freenode/main/v2ray.txt
2026-06-10 09:56:55,762 | INFO     |   → 893/1167 ❌ HTTP 404 — https://raw.githubusercontent.com/oslook/clash-freenode/main/clash.yaml
2026-06-10 09:56:55,762 | INFO     |   → 894/1167: ✅ 0 взято | 🗑️ 0 мусор
2026-06-10 09:56:55,762 | INFO     |   → 895/1167: ✅ 4 взято | 🗑️ 1 мусор
2026-06-10 09:56:55,762 | INFO     |   → 896/1167: ✅ 0 взято | 🗑️ 0 мусор
2026-06-10 09:56:55,762 | INFO     |   → 897/1167: ✅ 1 взято | 🗑️ 75 мусор
2026-06-10 09:56:55,763 | INFO     |   → 898/1167: ✅ 0 взято | 🗑️ 0 мусор
2026-06-10 09:56:55,763 | INFO     |   → 899/1167: ✅ 0 взято | 🗑️ 0 мусор
2026-06-10 09:56:55,763 | INFO     |   → 900/1167: ✅ 0 взято | 🗑️ 19 мусор
2026-06-10 09:56:55,763 | INFO     |   → 901/1167: ✅ 0 взято | 🗑️ 44 мусор
2026-06-10 09:56:55,763 | INFO     |   → 902/1167: ✅ 63 взято | 🗑️ 521 мусор
2026-06-10 09:56:55,763 | INFO     |   → 903/1167: ✅ 165 взято | 🗑️ 273 мусор
2026-06-10 09:56:55,763 | INFO     |   → 904/1167: ✅ 0 взято | 🗑️ 0 мусор
2026-06-10 09:56:55,763 | INFO     |   → 905/1167: ✅ 28 взято | 🗑️ 211 мусор
2026-06-10 09:56:55,763 | INFO     |   → 906/1167: ✅ 0 взято | 🗑️ 79 мусор
2026-06-10 09:56:55,763 | INFO     |   → 907/1167: ✅ 13 взято | 🗑️ 32 мусор
2026-06-10 09:56:55,763 | INFO     |   → 908/1167: ✅ 0 взято | 🗑️ 0 мусор
2026-06-10 09:56:55,763 | INFO     |   → 909/1167: ✅ 2 взято | 🗑️ 9 мусор
2026-06-10 09:56:55,763 | INFO     |   → 910/1167: ✅ 11 взято | 🗑️ 76 мусор
2026-06-10 09:56:55,763 | INFO     |   → 911/1167: ✅ 0 взято | 🗑️ 168 мусор
2026-06-10 09:56:55,763 | INFO     |   → 912/1167: ✅ 0 взято | 🗑️ 79 мусор
2026-06-10 09:56:55,763 | INFO     |   → 913/1167: ✅ 0 взято | 🗑️ 15 мусор
2026-06-10 09:56:55,763 | INFO     |   → 914/1167 ❌ HTTP 404 — https://raw.githubusercontent.com/ronghuaxueleng/get_v2/main/pub/changfengoss.yaml
2026-06-10 09:56:55,763 | INFO     |   → 915/1167: ✅ 0 взято | 🗑️ 0 мусор
2026-06-10 09:56:55,763 | INFO     |   → 916/1167: ✅ 87 взято | 🗑️ 52 мусор
2026-06-10 09:56:55,763 | INFO     |   → 917/1167: ✅ 0 взято | 🗑️ 52 мусор
2026-06-10 09:56:55,763 | INFO     |   → 918/1167 ❌ HTTP 404 — https://raw.githubusercontent.com/rxsweet/CM_Vmess/refs/heads/main/test.txt
2026-06-10 09:56:55,763 | INFO     |   → 919/1167 ❌ HTTP 404 — https://raw.githubusercontent.com/rxsweet/proxies/main/sub/free.yaml
2026-06-10 09:56:55,763 | INFO     |   → 920/1167 ❌ HTTP 404 — https://raw.githubusercontent.com/rxsweet/proxies/main/sub/rx.yaml
2026-06-10 09:56:55,764 | INFO     |   → 921/1167 ❌ HTTP 404 — https://raw.githubusercontent.com/rxsweet/proxies/main/sub/sources/dynamicAll.yaml
2026-06-10 09:56:55,764 | INFO     |   → 922/1167 ❌ HTTP 404 — https://raw.githubusercontent.com/rxsweet/proxies/main/sub/sources/miningAll.yaml
2026-06-10 09:56:55,764 | INFO     |   → 923/1167 ❌ HTTP 404 — https://raw.githubusercontent.com/rxsweet/proxies/main/sub/srx.yaml
2026-06-10 09:56:55,764 | INFO     |   → 924/1167 ❌ HTTP 404 — https://raw.githubusercontent.com/sajad-sajadi/V2ray-Collector/raw/main/output/protocols/vmess.txt
2026-06-10 09:56:55,764 | INFO     |   → 925/1167 ❌ HTTP 404 — https://raw.githubusercontent.com/sakha1370/OpenRay/raw/refs/heads/main/output/all_valid_proxies.txt
2026-06-10 09:56:55,764 | INFO     |   → 926/1167: ✅ 53 взято | 🗑️ 399 мусор
2026-06-10 09:56:55,764 | INFO     |   → 927/1167: ✅ 0 взято | 🗑️ 399 мусор
2026-06-10 09:56:55,764 | INFO     |   → 928/1167 ❌ HTTP 404 — https://raw.githubusercontent.com/samjoeyang/subscribe/main/fly
2026-06-10 09:56:55,764 | INFO     |   → 929/1167: ✅ 0 взято | 🗑️ 0 мусор
2026-06-10 09:56:55,764 | INFO     |   → 930/1167 ❌ HTTP 404 — https://raw.githubusercontent.com/sarina-ad/v2ray/main/v2ray
2026-06-10 09:56:55,764 | INFO     |   → 931/1167 ❌ HTTP 404 — https://raw.githubusercontent.com/satrom/V2SSR/master/SSR/Sub.txt
2026-06-10 09:56:55,764 | INFO     |   → 932/1167 ❌ HTTP 404 — https://raw.githubusercontent.com/satrom/V2SSR/master/V2RAY/Sub.txt
2026-06-10 09:56:55,764 | INFO     |   → 933/1167: ✅ 7814 взято | 🗑️ 138131 мусор
2026-06-10 09:56:55,764 | INFO     |   → 934/1167: ✅ 0 взято | 🗑️ 0 мусор
2026-06-10 09:56:55,764 | INFO     |   → 935/1167: ✅ 0 взято | 🗑️ 0 мусор
2026-06-10 09:56:55,764 | INFO     |   → 936/1167: ✅ 3 взято | 🗑️ 49 мусор
2026-06-10 09:56:55,764 | INFO     |   → 937/1167: ✅ 267 взято | 🗑️ 2055 мусор
2026-06-10 09:56:55,764 | INFO     |   → 938/1167: ✅ 0 взято | 🗑️ 1032 мусор
2026-06-10 09:56:55,764 | INFO     |   → 939/1167: ✅ 0 взято | 🗑️ 81 мусор
2026-06-10 09:56:55,764 | INFO     |   → 940/1167: ✅ 0 взято | 🗑️ 915 мусор
2026-06-10 09:56:55,764 | INFO     |   → 941/1167: ✅ 0 взято | 🗑️ 27 мусор
2026-06-10 09:56:55,764 | INFO     |   → 942/1167: ✅ 0 взято | 🗑️ 2055 мусор
2026-06-10 09:56:55,764 | INFO     |   → 943/1167: ✅ 0 взято | 🗑️ 0 мусор
2026-06-10 09:56:55,765 | INFO     |   → 944/1167 ❌ HTTP 404 — https://raw.githubusercontent.com/shirkerboy/scp/main/sub
2026-06-10 09:56:55,765 | INFO     |   → 945/1167 ❌ HTTP 404 — https://raw.githubusercontent.com/snakem982/proxypool/main/nodelist.txt
2026-06-10 09:56:55,765 | INFO     |   → 946/1167: ✅ 0 взято | 🗑️ 5 мусор
2026-06-10 09:56:55,765 | INFO     |   → 947/1167 ❌ HTTP 404 — https://raw.githubusercontent.com/snakem982/proxypool/main/source/v2ray.txt
2026-06-10 09:56:55,765 | INFO     |   → 948/1167 ❌ HTTP 404 — https://raw.githubusercontent.com/soroushmirzaei/telegram-configs-collector/main/channels/protocols/hysteria
2026-06-10 09:56:55,765 | INFO     |   → 949/1167 ❌ HTTP 404 — https://raw.githubusercontent.com/soroushmirzaei/telegram-configs-collector/main/channels/protocols/juicity
2026-06-10 09:56:55,765 | INFO     |   → 950/1167 ❌ HTTP 404 — https://raw.githubusercontent.com/soroushmirzaei/telegram-configs-collector/main/channels/protocols/reality
2026-06-10 09:56:55,765 | INFO     |   → 951/1167 ❌ HTTP 404 — https://raw.githubusercontent.com/soroushmirzaei/telegram-configs-collector/main/channels/protocols/shadowsocks
2026-06-10 09:56:55,765 | INFO     |   → 952/1167 ❌ HTTP 404 — https://raw.githubusercontent.com/soroushmirzaei/telegram-configs-collector/main/channels/protocols/trojan
2026-06-10 09:56:55,765 | INFO     |   → 953/1167 ❌ HTTP 404 — https://raw.githubusercontent.com/soroushmirzaei/telegram-configs-collector/main/channels/protocols/tuic
2026-06-10 09:56:55,765 | INFO     |   → 954/1167 ❌ HTTP 404 — https://raw.githubusercontent.com/soroushmirzaei/telegram-configs-collector/main/channels/protocols/vless
2026-06-10 09:56:55,765 | INFO     |   → 955/1167 ❌ HTTP 404 — https://raw.githubusercontent.com/soroushmirzaei/telegram-configs-collector/main/channels/protocols/vmess
2026-06-10 09:56:55,765 | INFO     |   → 956/1167 ❌ HTTP 404 — https://raw.githubusercontent.com/soroushmirzaei/telegram-configs-collector/main/countries/jp/mixed
2026-06-10 09:56:55,765 | INFO     |   → 957/1167 ❌ HTTP 404 — https://raw.githubusercontent.com/soroushmirzaei/telegram-configs-collector/main/protocols/hysteria
2026-06-10 09:56:55,765 | INFO     |   → 958/1167 ❌ HTTP 404 — https://raw.githubusercontent.com/soroushmirzaei/telegram-configs-collector/main/protocols/juicity
2026-06-10 09:56:55,765 | INFO     |   → 959/1167 ❌ HTTP 404 — https://raw.githubusercontent.com/soroushmirzaei/telegram-configs-collector/main/protocols/reality
2026-06-10 09:56:55,765 | INFO     |   → 960/1167 ❌ HTTP 404 — https://raw.githubusercontent.com/soroushmirzaei/telegram-configs-collector/main/protocols/shadowsocks
2026-06-10 09:56:55,765 | INFO     |   → 961/1167 ❌ HTTP 404 — https://raw.githubusercontent.com/soroushmirzaei/telegram-configs-collector/main/protocols/trojan
2026-06-10 09:56:55,765 | INFO     |   → 962/1167 ❌ HTTP 404 — https://raw.githubusercontent.com/soroushmirzaei/telegram-configs-collector/main/protocols/tuic
2026-06-10 09:56:55,765 | INFO     |   → 963/1167 ❌ HTTP 404 — https://raw.githubusercontent.com/soroushmirzaei/telegram-configs-collector/main/protocols/vless
2026-06-10 09:56:55,765 | INFO     |   → 964/1167 ❌ HTTP 404 — https://raw.githubusercontent.com/soroushmirzaei/telegram-configs-collector/main/protocols/vmess
2026-06-10 09:56:55,765 | INFO     |   → 965/1167 ❌ HTTP 404 — https://raw.githubusercontent.com/soroushmirzaei/telegram-configs-collector/main/splitted/subscribe
2026-06-10 09:56:55,765 | INFO     |   → 966/1167 ❌ HTTP 404 — https://raw.githubusercontent.com/ssrsub/ssr/master/Clash.yml
2026-06-10 09:56:55,765 | INFO     |   → 967/1167 ❌ HTTP 404 — https://raw.githubusercontent.com/ssrsub/ssr/master/V2Ray
2026-06-10 09:56:55,766 | INFO     |   → 968/1167 ❌ HTTP 404 — https://raw.githubusercontent.com/ssrsub/ssr/master/ss-sub
2026-06-10 09:56:55,766 | INFO     |   → 969/1167 ❌ HTTP 404 — https://raw.githubusercontent.com/ssrsub/ssr/master/ssrsub
2026-06-10 09:56:55,766 | INFO     |   → 970/1167 ❌ HTTP 404 — https://raw.githubusercontent.com/ssrsub/ssr/master/trojan
2026-06-10 09:56:55,766 | INFO     |   → 971/1167: ✅ 0 взято | 🗑️ 0 мусор
2026-06-10 09:56:55,766 | INFO     |   → 972/1167: ✅ 2 взято | 🗑️ 12 мусор
2026-06-10 09:56:55,766 | INFO     |   → 973/1167: ✅ 0 взято | 🗑️ 13 мусор
2026-06-10 09:56:55,766 | INFO     |   → 974/1167: ✅ 0 взято | 🗑️ 13 мусор
2026-06-10 09:56:55,766 | INFO     |   → 975/1167 ❌ HTTP 404 — https://raw.githubusercontent.com/tbbatbb/Proxy/master/dist/clash.config.yaml
2026-06-10 09:56:55,766 | INFO     |   → 976/1167: ✅ 2 взято | 🗑️ 35 мусор
2026-06-10 09:56:55,766 | INFO     |   → 977/1167: ✅ 0 взято | 🗑️ 0 мусор
2026-06-10 09:56:55,766 | INFO     |   → 978/1167: ✅ 5 взято | 🗑️ 111 мусор
2026-06-10 09:56:55,766 | INFO     |   → 979/1167: ✅ 0 взято | 🗑️ 0 мусор
2026-06-10 09:56:55,766 | INFO     |   → 980/1167: ✅ 0 взято | 🗑️ 58 мусор
2026-06-10 09:56:55,766 | INFO     |   → 981/1167 ❌ HTTP 404 — https://raw.githubusercontent.com/v2clash/Autoproxy/a81f840ab2364124133572ec94e4b81fb0d4e58d/sub/2401/240104.txt
2026-06-10 09:56:55,766 | INFO     |   → 982/1167 ❌ HTTP 404 — https://raw.githubusercontent.com/v2clash/V2ray-Configs/31f493c584d0c7b56350f4a34d80c53ad82bcc18/Sub9.txt
2026-06-10 09:56:55,766 | INFO     |   → 983/1167: ✅ 0 взято | 🗑️ 0 мусор
2026-06-10 09:56:55,766 | INFO     |   → 984/1167: ✅ 0 взято | 🗑️ 0 мусор
2026-06-10 09:56:55,766 | INFO     |   → 985/1167: ✅ 0 взято | 🗑️ 0 мусор
2026-06-10 09:56:55,766 | INFO     |   → 986/1167: ✅ 283 взято | 🗑️ 9640 мусор
2026-06-10 09:56:55,766 | INFO     |   → 987/1167: ✅ 281 взято | 🗑️ 10086 мусор
2026-06-10 09:56:55,766 | INFO     |   → 988/1167: ✅ 280 взято | 🗑️ 9675 мусор
2026-06-10 09:56:55,766 | INFO     |   → 989/1167: ✅ 334 взято | 🗑️ 9823 мусор
2026-06-10 09:56:55,766 | INFO     |   → 990/1167: ✅ 350 взято | 🗑️ 9639 мусор
2026-06-10 09:56:55,767 | INFO     |   → 991/1167: ✅ 125 взято | 🗑️ 7919 мусор
2026-06-10 09:56:55,767 | INFO     |   → 992/1167: ✅ 135 взято | 🗑️ 4836 мусор
2026-06-10 09:56:55,767 | INFO     |   → 993/1167: ✅ 502 взято | 🗑️ 7659 мусор
2026-06-10 09:56:55,767 | INFO     |   → 994/1167: ✅ 631 взято | 🗑️ 8081 мусор
2026-06-10 09:56:55,767 | INFO     |   → 995/1167: ✅ 202 взято | 🗑️ 5131 мусор
2026-06-10 09:56:55,767 | INFO     |   → 996/1167 ❌ HTTP 404 — https://raw.githubusercontent.com/vveg26/chromego_merge/main/sub/merged_proxies.yaml
2026-06-10 09:56:55,767 | INFO     |   → 997/1167 ❌ HTTP 404 — https://raw.githubusercontent.com/vveg26/get_proxy/main/dist/clash.config.yaml
2026-06-10 09:56:55,767 | INFO     |   → 998/1167: ✅ 0 взято | 🗑️ 10 мусор
2026-06-10 09:56:55,767 | INFO     |   → 999/1167: ✅ 0 взято | 🗑️ 10 мусор
2026-06-10 09:56:55,767 | INFO     |   → 1000/1167: ✅ 0 взято | 🗑️ 4 мусор
2026-06-10 09:56:55,767 | INFO     |   → 1001/1167: ✅ 0 взято | 🗑️ 0 мусор
2026-06-10 09:56:55,767 | INFO     |   → 1002/1167: ✅ 0 взято | 🗑️ 4 мусор
2026-06-10 09:56:55,767 | INFO     |   → 1003/1167: ✅ 106 взято | 🗑️ 689 мусор
2026-06-10 09:56:55,767 | INFO     |   → 1004/1167: ✅ 48 взято | 🗑️ 841 мусор
2026-06-10 09:56:55,767 | INFO     |   → 1005/1167: ✅ 21 взято | 🗑️ 789 мусор
2026-06-10 09:56:55,767 | INFO     |   → 1006/1167: ✅ 24 взято | 🗑️ 774 мусор
2026-06-10 09:56:55,767 | INFO     |   → 1007/1167: ✅ 52 взято | 🗑️ 756 мусор
2026-06-10 09:56:55,767 | INFO     |   → 1008/1167: ✅ 191 взято | 🗑️ 745 мусор
2026-06-10 09:56:55,767 | INFO     |   → 1009/1167: ✅ 9 взято | 🗑️ 651 мусор
2026-06-10 09:56:55,767 | INFO     |   → 1010/1167: ✅ 185 взято | 🗑️ 388 мусор
2026-06-10 09:56:55,767 | INFO     |   → 1011/1167: ✅ 130 взято | 🗑️ 523 мусор
2026-06-10 09:56:55,767 | INFO     |   → 1012/1167: ✅ 67 взято | 🗑️ 533 мусор
2026-06-10 09:56:55,767 | INFO     |   → 1013/1167: ✅ 98 взято | 🗑️ 444 мусор
2026-06-10 09:56:55,768 | INFO     |   → 1014/1167: ✅ 102 взято | 🗑️ 670 мусор
2026-06-10 09:56:55,768 | INFO     |   → 1015/1167: ✅ 86 взято | 🗑️ 476 мусор
2026-06-10 09:56:55,768 | INFO     |   → 1016/1167: ✅ 95 взято | 🗑️ 657 мусор
2026-06-10 09:56:55,768 | INFO     |   → 1017/1167: ✅ 105 взято | 🗑️ 645 мусор
2026-06-10 09:56:55,768 | INFO     |   → 1018/1167: ✅ 115 взято | 🗑️ 985 мусор
2026-06-10 09:56:55,768 | INFO     |   → 1019/1167: ✅ 6 взято | 🗑️ 63 мусор
2026-06-10 09:56:55,768 | INFO     |   → 1020/1167: ✅ 7 взято | 🗑️ 62 мусор
2026-06-10 09:56:55,768 | INFO     |   → 1021/1167: ✅ 39 взято | 🗑️ 489 мусор
2026-06-10 09:56:55,768 | INFO     |   → 1022/1167: ✅ 0 взято | 🗑️ 0 мусор
2026-06-10 09:56:55,768 | INFO     |   → 1023/1167: ✅ 0 взято | 🗑️ 0 мусор
2026-06-10 09:56:55,768 | INFO     |   → 1024/1167: ✅ 0 взято | 🗑️ 0 мусор
2026-06-10 09:56:55,768 | INFO     |   → 1025/1167: ✅ 0 взято | 🗑️ 0 мусор
2026-06-10 09:56:55,768 | INFO     |   → 1026/1167: ✅ 0 взято | 🗑️ 0 мусор
2026-06-10 09:56:55,768 | INFO     |   → 1027/1167: ✅ 0 взято | 🗑️ 52 мусор
2026-06-10 09:56:55,768 | INFO     |   → 1028/1167: ✅ 5 взято | 🗑️ 10 мусор
2026-06-10 09:56:55,768 | INFO     |   → 1029/1167: ✅ 1 взято | 🗑️ 124 мусор
2026-06-10 09:56:55,768 | INFO     |   → 1030/1167: ✅ 171 взято | 🗑️ 137 мусор
2026-06-10 09:56:55,768 | INFO     |   → 1031/1167: ✅ 0 взято | 🗑️ 9 мусор
2026-06-10 09:56:55,768 | INFO     |   → 1032/1167: ✅ 9 взято | 🗑️ 644 мусор
2026-06-10 09:56:55,768 | INFO     |   → 1033/1167 ❌ HTTP 404 — https://raw.githubusercontent.com/xiaozhu2007/xiaozhu2007/61a755a044dbaeea678bc2d1e20f21a21c6d7170/docs/fxxk.txt
2026-06-10 09:56:55,768 | INFO     |   → 1034/1167: ✅ 1 взято | 🗑️ 159 мусор
2026-06-10 09:56:55,768 | INFO     |   → 1035/1167: ✅ 0 взято | 🗑️ 22 мусор
2026-06-10 09:56:55,768 | INFO     |   → 1036/1167: ✅ 0 взято | 🗑️ 0 мусор
2026-06-10 09:56:55,769 | INFO     |   → 1037/1167 ❌ HTTP 404 — https://raw.githubusercontent.com/yebekhe/TVC/0f745f92bf381e505f1245abbc7c145b19b11503/config.txt
2026-06-10 09:56:55,769 | INFO     |   → 1038/1167 ❌ HTTP 404 — https://raw.githubusercontent.com/yebekhe/TVC/9fac69239c69327fb7a61f5a8d79d107133889e1/lite/config.txt
2026-06-10 09:56:55,769 | INFO     |   → 1039/1167 ❌ HTTP 404 — https://raw.githubusercontent.com/yebekhe/TelegramV2rayCollector/main/sub/normal/donated
2026-06-10 09:56:55,769 | INFO     |   → 1040/1167 ❌ HTTP 404 — https://raw.githubusercontent.com/yebekhe/TelegramV2rayCollector/main/sub/normal/hysteria2
2026-06-10 09:56:55,769 | INFO     |   → 1041/1167 ❌ HTTP 404 — https://raw.githubusercontent.com/yebekhe/TelegramV2rayCollector/main/sub/normal/mix
2026-06-10 09:56:55,769 | INFO     |   → 1042/1167 ❌ HTTP 404 — https://raw.githubusercontent.com/yebekhe/TelegramV2rayCollector/main/sub/normal/reality
2026-06-10 09:56:55,769 | INFO     |   → 1043/1167 ❌ HTTP 404 — https://raw.githubusercontent.com/yebekhe/TelegramV2rayCollector/main/sub/normal/shadowsocks
2026-06-10 09:56:55,769 | INFO     |   → 1044/1167 ❌ HTTP 404 — https://raw.githubusercontent.com/yebekhe/TelegramV2rayCollector/main/sub/normal/trojan
2026-06-10 09:56:55,769 | INFO     |   → 1045/1167 ❌ HTTP 404 — https://raw.githubusercontent.com/yebekhe/TelegramV2rayCollector/main/sub/normal/tuic
2026-06-10 09:56:55,769 | INFO     |   → 1046/1167 ❌ HTTP 404 — https://raw.githubusercontent.com/yebekhe/TelegramV2rayCollector/main/sub/normal/vless
2026-06-10 09:56:55,769 | INFO     |   → 1047/1167 ❌ HTTP 404 — https://raw.githubusercontent.com/yebekhe/TelegramV2rayCollector/main/sub/normal/vmess
2026-06-10 09:56:55,769 | INFO     |   → 1048/1167 ❌ HTTP 404 — https://raw.githubusercontent.com/yebekhe/V2Hub/main/Split/Normal/shadowsocks
2026-06-10 09:56:55,769 | INFO     |   → 1049/1167 ❌ HTTP 404 — https://raw.githubusercontent.com/yebekhe/V2Hub/main/merged
2026-06-10 09:56:55,769 | INFO     |   → 1050/1167: ✅ 0 взято | 🗑️ 30 мусор
2026-06-10 09:56:55,769 | INFO     |   → 1051/1167: ✅ 1125 взято | 🗑️ 9880 мусор
2026-06-10 09:56:55,769 | INFO     |   → 1052/1167: ✅ 9 взято | 🗑️ 501 мусор
2026-06-10 09:56:55,769 | INFO     |   → 1053/1167: ✅ 17 взято | 🗑️ 329 мусор
2026-06-10 09:56:55,769 | INFO     |   → 1054/1167: ✅ 212 взято | 🗑️ 323 мусор
2026-06-10 09:56:55,769 | INFO     |   → 1055/1167: ✅ 121 взято | 🗑️ 1611 мусор
2026-06-10 09:56:55,769 | INFO     |   → 1056/1167: ✅ 1 взято | 🗑️ 600 мусор
2026-06-10 09:56:55,769 | INFO     |   → 1057/1167 ❌ HTTP 404 — https://raw.githubusercontent.com/yyyr-otz/tele-providers-collector/019cb3e07ee52fddbc7caa54fc670c6b9bae6539/sub/proxies.txt
2026-06-10 09:56:55,769 | INFO     |   → 1058/1167 ❌ HTTP 404 — https://raw.githubusercontent.com/yyyr-otz/tele-providers-collector/b7a74ee98bcf02c5a507d688a1bed3aa9f7f4ed1/script/raw/protocols/mixed.txt
2026-06-10 09:56:55,769 | INFO     |   → 1059/1167: ✅ 0 взято | 🗑️ 0 мусор
2026-06-10 09:56:55,769 | INFO     |   → 1060/1167: ✅ 0 взято | 🗑️ 0 мусор
2026-06-10 09:56:55,770 | INFO     |   → 1061/1167: ✅ 1 взято | 🗑️ 18 мусор
2026-06-10 09:56:55,770 | INFO     |   → 1062/1167: ✅ 0 взято | 🗑️ 28 мусор
2026-06-10 09:56:55,770 | INFO     |   → 1063/1167: ✅ 0 взято | 🗑️ 5 мусор
2026-06-10 09:56:55,770 | INFO     |   → 1064/1167: ✅ 0 взято | 🗑️ 0 мусор
2026-06-10 09:56:55,770 | INFO     |   → 1065/1167 ⚠️ Ошибка: ('Connection aborted.', RemoteDisconnected('Remote end closed connection without response')) — https://sub.pmsub.me/clash.yaml
2026-06-10 09:56:55,770 | INFO     |   → 1066/1167: ✅ 0 взято | 🗑️ 1 мусор
2026-06-10 09:56:55,770 | INFO     |   → 1067/1167: ✅ 8 взято | 🗑️ 21 мусор
2026-06-10 09:56:55,770 | INFO     |   → 1068/1167: ✅ 0 взято | 🗑️ 0 мусор
2026-06-10 09:56:55,770 | INFO     |   → 1069/1167: ✅ 9 взято | 🗑️ 19 мусор
2026-06-10 09:56:55,770 | INFO     |   → 1070/1167: ✅ 0 взято | 🗑️ 0 мусор
2026-06-10 09:56:55,770 | INFO     |   → 1071/1167: ✅ 2 взято | 🗑️ 14 мусор
2026-06-10 09:56:55,770 | INFO     |   → 1072/1167: ✅ 4 взято | 🗑️ 22 мусор
2026-06-10 09:56:55,770 | INFO     |   → 1073/1167: ✅ 0 взято | 🗑️ 0 мусор
2026-06-10 09:56:55,770 | INFO     |   → 1074/1167: ✅ 0 взято | 🗑️ 0 мусор
2026-06-10 09:56:55,770 | INFO     |   → 1075/1167: ✅ 0 взято | 🗑️ 0 мусор
2026-06-10 09:56:55,770 | INFO     |   → 1076/1167: ✅ 2 взято | 🗑️ 16 мусор
2026-06-10 09:56:55,770 | INFO     |   → 1077/1167: ✅ 0 взято | 🗑️ 0 мусор
2026-06-10 09:56:55,770 | INFO     |   → 1078/1167: ✅ 4 взято | 🗑️ 7 мусор
2026-06-10 09:56:55,770 | INFO     |   → 1079/1167: ✅ 0 взято | 🗑️ 0 мусор
2026-06-10 09:56:55,770 | INFO     |   → 1080/1167: ✅ 6 взято | 🗑️ 14 мусор
2026-06-10 09:56:55,770 | INFO     |   → 1081/1167: ✅ 0 взято | 🗑️ 0 мусор
2026-06-10 09:56:55,770 | INFO     |   → 1082/1167: ✅ 2 взято | 🗑️ 13 мусор
2026-06-10 09:56:55,770 | INFO     |   → 1083/1167: ✅ 0 взято | 🗑️ 0 мусор
2026-06-10 09:56:55,770 | INFO     |   → 1084/1167: ✅ 0 взято | 🗑️ 0 мусор
2026-06-10 09:56:55,771 | INFO     |   → 1085/1167: ✅ 2 взято | 🗑️ 7 мусор
2026-06-10 09:56:55,771 | INFO     |   → 1086/1167: ✅ 1 взято | 🗑️ 14 мусор
2026-06-10 09:56:55,771 | INFO     |   → 1087/1167: ✅ 2 взято | 🗑️ 14 мусор
2026-06-10 09:56:55,771 | INFO     |   → 1088/1167: ✅ 0 взято | 🗑️ 0 мусор
2026-06-10 09:56:55,771 | INFO     |   → 1089/1167: ✅ 3 взято | 🗑️ 22 мусор
2026-06-10 09:56:55,771 | INFO     |   → 1090/1167: ✅ 0 взято | 🗑️ 0 мусор
2026-06-10 09:56:55,771 | INFO     |   → 1091/1167: ✅ 2 взято | 🗑️ 15 мусор
2026-06-10 09:56:55,771 | INFO     |   → 1092/1167: ✅ 3 взято | 🗑️ 12 мусор
2026-06-10 09:56:55,771 | INFO     |   → 1093/1167: ✅ 0 взято | 🗑️ 0 мусор
2026-06-10 09:56:55,771 | INFO     |   → 1094/1167: ✅ 0 взято | 🗑️ 0 мусор
2026-06-10 09:56:55,771 | INFO     |   → 1095/1167: ✅ 0 взято | 🗑️ 0 мусор
2026-06-10 09:56:55,771 | INFO     |   → 1096/1167: ✅ 4 взято | 🗑️ 11 мусор
2026-06-10 09:56:55,771 | INFO     |   → 1097/1167: ✅ 10 взято | 🗑️ 15 мусор
2026-06-10 09:56:55,771 | INFO     |   → 1098/1167: ✅ 0 взято | 🗑️ 0 мусор
2026-06-10 09:56:55,771 | INFO     |   → 1099/1167: ✅ 13 взято | 🗑️ 15 мусор
2026-06-10 09:56:55,771 | INFO     |   → 1100/1167: ✅ 0 взято | 🗑️ 0 мусор
2026-06-10 09:56:55,771 | INFO     |   → 1101/1167: ✅ 5 взято | 🗑️ 15 мусор
2026-06-10 09:56:55,771 | INFO     |   → 1102/1167: ✅ 0 взято | 🗑️ 0 мусор
2026-06-10 09:56:55,771 | INFO     |   → 1103/1167: ✅ 8 взято | 🗑️ 16 мусор
2026-06-10 09:56:55,771 | INFO     |   → 1104/1167: ✅ 0 взято | 🗑️ 0 мусор
2026-06-10 09:56:55,771 | INFO     |   → 1105/1167: ✅ 0 взято | 🗑️ 24 мусор
2026-06-10 09:56:55,771 | INFO     |   → 1106/1167: ✅ 0 взято | 🗑️ 0 мусор
2026-06-10 09:56:55,771 | INFO     |   → 1107/1167: ✅ 4 взято | 🗑️ 17 мусор
2026-06-10 09:56:55,771 | INFO     |   → 1108/1167: ✅ 0 взято | 🗑️ 0 мусор
2026-06-10 09:56:55,771 | INFO     |   → 1109/1167: ✅ 12 взято | 🗑️ 18 мусор
2026-06-10 09:56:55,771 | INFO     |   → 1110/1167: ✅ 0 взято | 🗑️ 0 мусор
2026-06-10 09:56:55,771 | INFO     |   → 1111/1167: ✅ 2 взято | 🗑️ 17 мусор
2026-06-10 09:56:55,772 | INFO     |   → 1112/1167: ✅ 0 взято | 🗑️ 0 мусор
2026-06-10 09:56:55,772 | INFO     |   → 1113/1167: ✅ 1 взято | 🗑️ 27 мусор
2026-06-10 09:56:55,772 | INFO     |   → 1114/1167: ✅ 0 взято | 🗑️ 0 мусор
2026-06-10 09:56:55,772 | INFO     |   → 1115/1167: ✅ 4 взято | 🗑️ 15 мусор
2026-06-10 09:56:55,772 | INFO     |   → 1116/1167: ✅ 0 взято | 🗑️ 0 мусор
2026-06-10 09:56:55,772 | INFO     |   → 1117/1167: ✅ 4 взято | 🗑️ 26 мусор
2026-06-10 09:56:55,772 | INFO     |   → 1118/1167: ✅ 0 взято | 🗑️ 0 мусор
2026-06-10 09:56:55,772 | INFO     |   → 1119/1167: ✅ 3 взято | 🗑️ 21 мусор
2026-06-10 09:56:55,772 | INFO     |   → 1120/1167: ✅ 0 взято | 🗑️ 0 мусор
2026-06-10 09:56:55,772 | INFO     |   → 1121/1167: ✅ 8 взято | 🗑️ 12 мусор
2026-06-10 09:56:55,772 | INFO     |   → 1122/1167: ✅ 0 взято | 🗑️ 0 мусор
2026-06-10 09:56:55,772 | INFO     |   → 1123/1167: ✅ 8 взято | 🗑️ 15 мусор
2026-06-10 09:56:55,772 | INFO     |   → 1124/1167: ✅ 0 взято | 🗑️ 0 мусор
2026-06-10 09:56:55,772 | INFO     |   → 1125/1167: ✅ 10 взято | 🗑️ 14 мусор
2026-06-10 09:56:55,772 | INFO     |   → 1126/1167: ✅ 0 взято | 🗑️ 0 мусор
2026-06-10 09:56:55,772 | INFO     |   → 1127/1167: ✅ 5 взято | 🗑️ 18 мусор
2026-06-10 09:56:55,772 | INFO     |   → 1128/1167: ✅ 0 взято | 🗑️ 0 мусор
2026-06-10 09:56:55,772 | INFO     |   → 1129/1167: ✅ 5 взято | 🗑️ 22 мусор
2026-06-10 09:56:55,772 | INFO     |   → 1130/1167: ✅ 0 взято | 🗑️ 0 мусор
2026-06-10 09:56:55,772 | INFO     |   → 1131/1167: ✅ 5 взято | 🗑️ 18 мусор
2026-06-10 09:56:55,772 | INFO     |   → 1132/1167: ✅ 0 взято | 🗑️ 0 мусор
2026-06-10 09:56:55,772 | INFO     |   → 1133/1167: ✅ 1 взято | 🗑️ 23 мусор
2026-06-10 09:56:55,772 | INFO     |   → 1134/1167: ✅ 0 взято | 🗑️ 0 мусор
2026-06-10 09:56:55,772 | INFO     |   → 1135/1167: ✅ 6 взято | 🗑️ 18 мусор
2026-06-10 09:56:55,772 | INFO     |   → 1136/1167: ✅ 0 взято | 🗑️ 0 мусор
2026-06-10 09:56:55,772 | INFO     |   → 1137/1167: ✅ 17 взято | 🗑️ 7 мусор
2026-06-10 09:56:55,773 | INFO     |   → 1138/1167: ✅ 0 взято | 🗑️ 0 мусор
2026-06-10 09:56:55,773 | INFO     |   → 1139/1167: ✅ 4 взято | 🗑️ 17 мусор
2026-06-10 09:56:55,773 | INFO     |   → 1140/1167: ✅ 0 взято | 🗑️ 0 мусор
2026-06-10 09:56:55,773 | INFO     |   → 1141/1167: ✅ 7 взято | 🗑️ 14 мусор
2026-06-10 09:56:55,773 | INFO     |   → 1142/1167: ✅ 0 взято | 🗑️ 0 мусор
2026-06-10 09:56:55,773 | INFO     |   → 1143/1167: ✅ 7 взято | 🗑️ 14 мусор
2026-06-10 09:56:55,773 | INFO     |   → 1144/1167: ✅ 0 взято | 🗑️ 0 мусор
2026-06-10 09:56:55,773 | INFO     |   → 1145/1167: ✅ 9 взято | 🗑️ 11 мусор
2026-06-10 09:56:55,773 | INFO     |   → 1146/1167: ✅ 0 взято | 🗑️ 0 мусор
2026-06-10 09:56:55,773 | INFO     |   → 1147/1167: ✅ 0 взято | 🗑️ 22 мусор
2026-06-10 09:56:55,773 | INFO     |   → 1148/1167: ✅ 0 взято | 🗑️ 0 мусор
2026-06-10 09:56:55,773 | INFO     |   → 1149/1167: ✅ 3 взято | 🗑️ 12 мусор
2026-06-10 09:56:55,773 | INFO     |   → 1150/1167: ✅ 0 взято | 🗑️ 0 мусор
2026-06-10 09:56:55,773 | INFO     |   → 1151/1167: ✅ 0 взято | 🗑️ 7 мусор
2026-06-10 09:56:55,773 | INFO     |   → 1152/1167: ✅ 0 взято | 🗑️ 0 мусор
2026-06-10 09:56:55,773 | INFO     |   → 1153/1167: ✅ 2 взято | 🗑️ 8 мусор
2026-06-10 09:56:55,773 | INFO     |   → 1154/1167: ✅ 0 взято | 🗑️ 0 мусор
2026-06-10 09:56:55,773 | INFO     |   → 1155/1167: ✅ 5 взято | 🗑️ 12 мусор
2026-06-10 09:56:55,773 | INFO     |   → 1156/1167: ✅ 0 взято | 🗑️ 0 мусор
2026-06-10 09:56:55,773 | INFO     |   → 1157/1167: ✅ 2 взято | 🗑️ 12 мусор
2026-06-10 09:56:55,773 | INFO     |   → 1158/1167: ✅ 0 взято | 🗑️ 0 мусор
2026-06-10 09:56:55,773 | INFO     |   → 1159/1167: ✅ 8 взято | 🗑️ 12 мусор
2026-06-10 09:56:55,773 | INFO     |   → 1160/1167: ✅ 0 взято | 🗑️ 0 мусор
2026-06-10 09:56:55,773 | INFO     |   → 1161/1167: ✅ 0 взято | 🗑️ 10 мусор
2026-06-10 09:56:55,773 | INFO     |   → 1162/1167: ✅ 0 взято | 🗑️ 0 мусор
2026-06-10 09:56:55,773 | INFO     |   → 1163/1167: ✅ 6 взято | 🗑️ 14 мусор
2026-06-10 09:56:55,773 | INFO     |   → 1164/1167: ✅ 0 взято | 🗑️ 0 мусор
2026-06-10 09:56:55,774 | INFO     |   → 1165/1167: ✅ 0 взято | 🗑️ 19 мусор
2026-06-10 09:56:55,774 | INFO     |   → 1166/1167: ✅ 0 взято | 🗑️ 0 мусор
2026-06-10 09:56:55,774 | INFO     |   → 1167/1167: ✅ 0 взято | 🗑️ 2 мусор
2026-06-10 09:56:55,774 | INFO     |   → ✅ ГОТОВО!
2026-06-10 09:56:55,774 | INFO     |   →    📥 Всего ключей после фильтра: 38898
2026-06-10 09:56:55,774 | INFO     |   →    🔗 Уникальных IP:PORT:SCHEME: 12500
2026-06-10 09:56:55,774 | INFO     |   →    🗑️ Выброшено мусора: 626336
2026-06-10 09:56:55,774 | INFO     |   → 📊 По протоколам:
2026-06-10 09:56:55,774 | INFO     |   →    vless: 5190
2026-06-10 09:56:55,774 | INFO     |   →    vmess: 3725
2026-06-10 09:56:55,774 | INFO     |   →    trojan: 1460
2026-06-10 09:56:55,774 | INFO     |   →    ss: 1952
2026-06-10 09:56:55,774 | INFO     |   →    hysteria: 13
2026-06-10 09:56:55,774 | INFO     |   →    hysteria2: 41
2026-06-10 09:56:55,774 | INFO     |   →    hy2: 66
2026-06-10 09:56:55,774 | INFO     |   →    tuic: 53
2026-06-10 09:56:55,774 | INFO     | ✅ mirror.py завершён успешно
2026-06-10 09:56:55,774 | INFO     | 
2026-06-10 09:56:55,774 | INFO     | 
2026-06-10 09:56:55,774 | INFO     | ──────────────────────────────────────────────────────────────────────
2026-06-10 09:56:55,774 | INFO     | 📌 ЭТАП: Фильтрация по реальному SNI
2026-06-10 09:56:55,774 | INFO     | ──────────────────────────────────────────────────────────────────────
2026-06-10 09:56:55,774 | INFO     | 🚀 Запуск filter_ru_sni.py (Фильтр по реальному SNI (CDN+RU))...
2026-06-10 09:56:56,075 | INFO     |   → hy2.txt: 66 → 20 (SNI-filtered)
2026-06-10 09:56:56,075 | INFO     |   →   hysteria.txt: 13 → 0 (SNI-filtered)
2026-06-10 09:56:56,075 | INFO     |   →   hysteria2.txt: 41 → 7 (SNI-filtered)
2026-06-10 09:56:56,075 | INFO     |   →   ss.txt: 1952 → 1 (SNI-filtered)
2026-06-10 09:56:56,075 | INFO     |   →   trojan.txt: 1460 → 17 (SNI-filtered)
2026-06-10 09:56:56,075 | INFO     |   →   tuic.txt: 53 → 0 (SNI-filtered)
2026-06-10 09:56:56,075 | INFO     |   →   vless.txt: 5190 → 819 (SNI-filtered)
2026-06-10 09:56:56,075 | INFO     |   →   vmess.txt: 3725 → 39 (SNI-filtered)
2026-06-10 09:56:56,075 | INFO     |   → ==================================================
2026-06-10 09:56:56,075 | INFO     |   →   Всего входных:  12500
2026-06-10 09:56:56,075 | INFO     |   →   Прошли фильтр:  903
2026-06-10 09:56:56,075 | INFO     |   →   Отброшено:      11597
2026-06-10 09:56:56,076 | INFO     |   → ==================================================
2026-06-10 09:56:56,076 | INFO     |   → Готово → /home/runner/work/vpn-vless-configs-russia/vpn-vless-configs-russia/githubmirror/ru-sni
2026-06-10 09:56:56,076 | INFO     | ✅ filter_ru_sni.py завершён успешно
2026-06-10 09:56:56,076 | INFO     | 
2026-06-10 09:56:56,076 | INFO     | 
2026-06-10 09:56:56,076 | INFO     | ──────────────────────────────────────────────────────────────────────
2026-06-10 09:56:56,076 | INFO     | 📌 ЭТАП: Экспериментальный RU-SNI фильтр
2026-06-10 09:56:56,076 | INFO     | ──────────────────────────────────────────────────────────────────────
2026-06-10 09:56:56,076 | INFO     | 🚀 Запуск filter_ru_sni_local.py (Экспериментальный фильтр по RU-SNI (локальные домены))...
2026-06-10 09:56:56,279 | INFO     |   → hy2.txt: 66 → 0 (RU-SNI)
2026-06-10 09:56:56,279 | INFO     |   → hysteria.txt: 13 → 0 (RU-SNI)
2026-06-10 09:56:56,279 | INFO     |   → hysteria2.txt: 41 → 0 (RU-SNI)
2026-06-10 09:56:56,279 | INFO     |   → ss.txt: 1952 → 1 (RU-SNI)
2026-06-10 09:56:56,279 | INFO     |   → trojan.txt: 1460 → 0 (RU-SNI)
2026-06-10 09:56:56,279 | INFO     |   → tuic.txt: 53 → 0 (RU-SNI)
2026-06-10 09:56:56,279 | INFO     |   → vless.txt: 5190 → 197 (RU-SNI)
2026-06-10 09:56:56,279 | INFO     |   → vmess.txt: 3725 → 0 (RU-SNI)
2026-06-10 09:56:56,279 | INFO     |   → ==================================================
2026-06-10 09:56:56,279 | INFO     |   → Всего входных:  12500
2026-06-10 09:56:56,279 | INFO     |   → Прошли RU-SNI:  198
2026-06-10 09:56:56,279 | INFO     |   → Отброшено:      12302
2026-06-10 09:56:56,279 | INFO     |   → ==================================================
2026-06-10 09:56:56,279 | INFO     |   → Готово → /home/runner/work/vpn-vless-configs-russia/vpn-vless-configs-russia/githubmirror/ru-sni-local
2026-06-10 09:56:56,279 | INFO     | ✅ filter_ru_sni_local.py завершён успешно
2026-06-10 09:56:56,279 | INFO     | 
2026-06-10 09:56:56,279 | INFO     | 
2026-06-10 09:56:56,280 | INFO     | ──────────────────────────────────────────────────────────────────────
2026-06-10 09:56:56,280 | INFO     | 📌 ЭТАП: Сбор статистики
2026-06-10 09:56:56,280 | INFO     | ──────────────────────────────────────────────────────────────────────
2026-06-10 09:56:56,280 | INFO     | 📊 Сбор статистики...
2026-06-10 09:56:56,280 | INFO     |   📁 githubmirror/clean:
2026-06-10 09:56:56,280 | INFO     |     • hy2         :    66 конфигов
2026-06-10 09:56:56,280 | INFO     |     • hysteria    :    13 конфигов
2026-06-10 09:56:56,280 | INFO     |     • hysteria2   :    41 конфигов
2026-06-10 09:56:56,282 | INFO     |     • ss          :  1952 конфигов
2026-06-10 09:56:56,283 | INFO     |     • trojan      :  1460 конфигов
2026-06-10 09:56:56,284 | INFO     |     • tuic        :    53 конфигов
2026-06-10 09:56:56,289 | INFO     |     • vless       :  5190 конфигов
2026-06-10 09:56:56,291 | INFO     |     • vmess       :  3725 конфигов
2026-06-10 09:56:56,292 | INFO     |   📁 githubmirror/ru-sni:
2026-06-10 09:56:56,292 | INFO     |     • hy2         :    20 конфигов ( 30.3% от clean)
2026-06-10 09:56:56,292 | INFO     |     • hysteria    :     0 конфигов (  0.0% от clean)
2026-06-10 09:56:56,292 | INFO     |     • hysteria2   :     7 конфигов ( 17.1% от clean)
2026-06-10 09:56:56,292 | INFO     |     • ss          :     1 конфигов (  0.1% от clean)
2026-06-10 09:56:56,292 | INFO     |     • trojan      :    17 конфигов (  1.2% от clean)
2026-06-10 09:56:56,293 | INFO     |     • tuic        :     0 конфигов (  0.0% от clean)
2026-06-10 09:56:56,293 | INFO     |     • vless       :   819 конфигов ( 15.8% от clean)
2026-06-10 09:56:56,294 | INFO     |     • vmess       :    39 конфигов (  1.0% от clean)
2026-06-10 09:56:56,294 | INFO     | 
2026-06-10 09:56:56,294 | INFO     |   ──────────────────────────────────────────────────
2026-06-10 09:56:56,294 | INFO     |   📈 ИТОГО:
2026-06-10 09:56:56,294 | INFO     |     Clean (после geo-фильтра):    12500
2026-06-10 09:56:56,294 | INFO     |     RU-SNI (после SNI-фильтра):     903
2026-06-10 09:56:56,294 | INFO     |     Прошло фильтр:                  7.2%
2026-06-10 09:56:56,294 | INFO     |   ──────────────────────────────────────────────────
2026-06-10 09:56:56,294 | INFO     | ✅ Статистика сохранена: /home/runner/work/vpn-vless-configs-russia/vpn-vless-configs-russia/stats.json
2026-06-10 09:56:56,294 | INFO     | 
2026-06-10 09:56:56,295 | INFO     | ======================================================================
2026-06-10 09:56:56,295 | INFO     | 📊 ИТОГОВЫЙ ОТЧЁТ
2026-06-10 09:56:56,295 | INFO     | ======================================================================
2026-06-10 09:56:56,295 | INFO     |   ✅ OK         | Загрузка и geo-фильтрация
2026-06-10 09:56:56,295 | INFO     |   ✅ OK         | Фильтрация по реальному SNI
2026-06-10 09:56:56,295 | INFO     |   ✅ OK         | Экспериментальный RU-SNI фильтр
2026-06-10 09:56:56,295 | INFO     |   ✅ OK         | Сбор статистики
2026-06-10 09:56:56,295 | INFO     | ──────────────────────────────────────────────────────────────────────
2026-06-10 09:56:56,295 | INFO     | ✅ ВСЕ ЭТАПЫ УСПЕШНЫ (4/4)
2026-06-10 09:56:56,295 | INFO     | ⏰ Время завершения: 2026-06-10 09:56:56
2026-06-10 09:56:56,295 | INFO     | ======================================================================
