2026-06-05 09:43:00,815 | INFO     | ======================================================================
2026-06-05 09:43:00,815 | INFO     | 🔍 VPN KEY CHECKER - Начало проверки
2026-06-05 09:43:00,815 | INFO     | ⏰ Время старта: 2026-06-05 09:43:00
2026-06-05 09:43:00,815 | INFO     | 📂 Рабочая директория: /home/runner/work/vpn-vless-configs-russia/vpn-vless-configs-russia
2026-06-05 09:43:00,815 | INFO     | ======================================================================
2026-06-05 09:43:00,815 | INFO     | 
2026-06-05 09:43:00,815 | INFO     | 🔍 Проверка наличия скриптов...
2026-06-05 09:43:00,816 | INFO     |   ✅ mirror.py
2026-06-05 09:43:00,816 | INFO     |   ✅ filter_ru_sni.py
2026-06-05 09:43:00,816 | INFO     |   ✅ filter_ru_sni_local.py
2026-06-05 09:43:00,816 | INFO     | 
2026-06-05 09:43:00,816 | INFO     | 
2026-06-05 09:43:00,816 | INFO     | ──────────────────────────────────────────────────────────────────────
2026-06-05 09:43:00,816 | INFO     | 📌 ЭТАП: Загрузка и geo-фильтрация
2026-06-05 09:43:00,816 | INFO     | ──────────────────────────────────────────────────────────────────────
2026-06-05 09:43:00,816 | INFO     | 🚀 Запуск mirror.py (Загрузка и фильтрация по РФ/СНГ/Европа)...
2026-06-05 09:48:12,861 | INFO     |   → 🚀 Старт: всего источников (старые + новые): 1125
2026-06-05 09:48:12,861 | INFO     |   → 1/1125: ✅ 13 взято | 🗑️ 242 мусор
2026-06-05 09:48:12,861 | INFO     |   → 2/1125: ✅ 0 взято | 🗑️ 0 мусор
2026-06-05 09:48:12,861 | INFO     |   → 3/1125 ❌ HTTP 404 — https://bitbucket.org/huwo1/proxy_nodes/raw/f31ca9ec67b84071515729ff45b011b6b09c10f2/clash.yaml
2026-06-05 09:48:12,861 | INFO     |   → 4/1125 ❌ HTTP 404 — https://cdn.jsdelivr.net/gh/cry0ice/genode@main/public/all.txt
2026-06-05 09:48:12,861 | INFO     |   → 5/1125 ❌ HTTP 404 — https://cdn.jsdelivr.net/gh/cry0ice/genode@main/public/ss.txt
2026-06-05 09:48:12,861 | INFO     |   → 6/1125 ❌ HTTP 404 — https://cdn.jsdelivr.net/gh/cry0ice/genode@main/public/ssr.txt
2026-06-05 09:48:12,861 | INFO     |   → 7/1125 ❌ HTTP 404 — https://cdn.jsdelivr.net/gh/cry0ice/genode@main/public/trojan.txt
2026-06-05 09:48:12,861 | INFO     |   → 8/1125 ❌ HTTP 404 — https://cdn.jsdelivr.net/gh/cry0ice/genode@main/public/vless.txt
2026-06-05 09:48:12,861 | INFO     |   → 9/1125 ❌ HTTP 404 — https://cdn.jsdelivr.net/gh/cry0ice/genode@main/public/vmess.txt
2026-06-05 09:48:12,861 | INFO     |   → 10/1125: ✅ 0 взято | 🗑️ 0 мусор
2026-06-05 09:48:12,861 | INFO     |   → 11/1125: ✅ 0 взято | 🗑️ 0 мусор
2026-06-05 09:48:12,861 | INFO     |   → 12/1125: ✅ 0 взято | 🗑️ 0 мусор
2026-06-05 09:48:12,861 | INFO     |   → 13/1125: ✅ 0 взято | 🗑️ 0 мусор
2026-06-05 09:48:12,861 | INFO     |   → 14/1125: ✅ 0 взято | 🗑️ 0 мусор
2026-06-05 09:48:12,861 | INFO     |   → 15/1125: ✅ 0 взято | 🗑️ 0 мусор
2026-06-05 09:48:12,861 | INFO     |   → 16/1125: ✅ 0 взято | 🗑️ 0 мусор
2026-06-05 09:48:12,861 | INFO     |   → 17/1125: ✅ 0 взято | 🗑️ 0 мусор
2026-06-05 09:48:12,862 | INFO     |   → 18/1125: ✅ 0 взято | 🗑️ 0 мусор
2026-06-05 09:48:12,862 | INFO     |   → 19/1125: ✅ 0 взято | 🗑️ 0 мусор
2026-06-05 09:48:12,862 | INFO     |   → 20/1125: ✅ 0 взято | 🗑️ 0 мусор
2026-06-05 09:48:12,862 | INFO     |   → 21/1125: ✅ 0 взято | 🗑️ 0 мусор
2026-06-05 09:48:12,862 | INFO     |   → 22/1125: ✅ 0 взято | 🗑️ 0 мусор
2026-06-05 09:48:12,862 | INFO     |   → 23/1125: ✅ 0 взято | 🗑️ 0 мусор
2026-06-05 09:48:12,862 | INFO     |   → 24/1125: ✅ 0 взято | 🗑️ 0 мусор
2026-06-05 09:48:12,862 | INFO     |   → 25/1125: ✅ 0 взято | 🗑️ 0 мусор
2026-06-05 09:48:12,862 | INFO     |   → 26/1125: ✅ 0 взято | 🗑️ 0 мусор
2026-06-05 09:48:12,862 | INFO     |   → 27/1125: ✅ 0 взято | 🗑️ 0 мусор
2026-06-05 09:48:12,862 | INFO     |   → 28/1125: ✅ 0 взято | 🗑️ 0 мусор
2026-06-05 09:48:12,862 | INFO     |   → 29/1125: ✅ 0 взято | 🗑️ 0 мусор
2026-06-05 09:48:12,862 | INFO     |   → 30/1125: ✅ 0 взято | 🗑️ 0 мусор
2026-06-05 09:48:12,862 | INFO     |   → 31/1125: ✅ 0 взято | 🗑️ 0 мусор
2026-06-05 09:48:12,862 | INFO     |   → 32/1125: ✅ 0 взято | 🗑️ 0 мусор
2026-06-05 09:48:12,862 | INFO     |   → 33/1125: ✅ 0 взято | 🗑️ 0 мусор
2026-06-05 09:48:12,862 | INFO     |   → 34/1125: ✅ 0 взято | 🗑️ 0 мусор
2026-06-05 09:48:12,862 | INFO     |   → 35/1125: ✅ 0 взято | 🗑️ 0 мусор
2026-06-05 09:48:12,862 | INFO     |   → 36/1125: ✅ 0 взято | 🗑️ 0 мусор
2026-06-05 09:48:12,862 | INFO     |   → 37/1125: ✅ 0 взято | 🗑️ 0 мусор
2026-06-05 09:48:12,863 | INFO     |   → 38/1125: ✅ 0 взято | 🗑️ 0 мусор
2026-06-05 09:48:12,863 | INFO     |   → 39/1125: ✅ 0 взято | 🗑️ 0 мусор
2026-06-05 09:48:12,863 | INFO     |   → 40/1125: ✅ 0 взято | 🗑️ 0 мусор
2026-06-05 09:48:12,863 | INFO     |   → 41/1125: ✅ 0 взято | 🗑️ 0 мусор
2026-06-05 09:48:12,863 | INFO     |   → 42/1125: ✅ 0 взято | 🗑️ 0 мусор
2026-06-05 09:48:12,863 | INFO     |   → 43/1125: ✅ 0 взято | 🗑️ 0 мусор
2026-06-05 09:48:12,863 | INFO     |   → 44/1125: ✅ 0 взято | 🗑️ 0 мусор
2026-06-05 09:48:12,863 | INFO     |   → 45/1125: ✅ 0 взято | 🗑️ 0 мусор
2026-06-05 09:48:12,863 | INFO     |   → 46/1125: ✅ 0 взято | 🗑️ 0 мусор
2026-06-05 09:48:12,863 | INFO     |   → 47/1125: ✅ 0 взято | 🗑️ 0 мусор
2026-06-05 09:48:12,863 | INFO     |   → 48/1125: ✅ 0 взято | 🗑️ 0 мусор
2026-06-05 09:48:12,863 | INFO     |   → 49/1125: ✅ 0 взято | 🗑️ 0 мусор
2026-06-05 09:48:12,863 | INFO     |   → 50/1125: ✅ 0 взято | 🗑️ 0 мусор
2026-06-05 09:48:12,863 | INFO     |   → 51/1125: ✅ 0 взято | 🗑️ 0 мусор
2026-06-05 09:48:12,863 | INFO     |   → 52/1125: ✅ 0 взято | 🗑️ 0 мусор
2026-06-05 09:48:12,863 | INFO     |   → 53/1125: ✅ 0 взято | 🗑️ 0 мусор
2026-06-05 09:48:12,863 | INFO     |   → 54/1125: ✅ 0 взято | 🗑️ 0 мусор
2026-06-05 09:48:12,863 | INFO     |   → 55/1125: ✅ 0 взято | 🗑️ 0 мусор
2026-06-05 09:48:12,863 | INFO     |   → 56/1125: ✅ 0 взято | 🗑️ 0 мусор
2026-06-05 09:48:12,863 | INFO     |   → 57/1125: ✅ 0 взято | 🗑️ 0 мусор
2026-06-05 09:48:12,863 | INFO     |   → 58/1125: ✅ 0 взято | 🗑️ 0 мусор
2026-06-05 09:48:12,863 | INFO     |   → 59/1125: ✅ 0 взято | 🗑️ 0 мусор
2026-06-05 09:48:12,863 | INFO     |   → 60/1125: ✅ 0 взято | 🗑️ 0 мусор
2026-06-05 09:48:12,863 | INFO     |   → 61/1125: ✅ 0 взято | 🗑️ 0 мусор
2026-06-05 09:48:12,863 | INFO     |   → 62/1125: ✅ 0 взято | 🗑️ 0 мусор
2026-06-05 09:48:12,863 | INFO     |   → 63/1125: ✅ 0 взято | 🗑️ 0 мусор
2026-06-05 09:48:12,863 | INFO     |   → 64/1125: ✅ 0 взято | 🗑️ 0 мусор
2026-06-05 09:48:12,863 | INFO     |   → 65/1125: ✅ 0 взято | 🗑️ 0 мусор
2026-06-05 09:48:12,863 | INFO     |   → 66/1125: ✅ 0 взято | 🗑️ 0 мусор
2026-06-05 09:48:12,863 | INFO     |   → 67/1125: ✅ 0 взято | 🗑️ 0 мусор
2026-06-05 09:48:12,863 | INFO     |   → 68/1125: ✅ 0 взято | 🗑️ 0 мусор
2026-06-05 09:48:12,863 | INFO     |   → 69/1125: ✅ 0 взято | 🗑️ 0 мусор
2026-06-05 09:48:12,863 | INFO     |   → 70/1125: ✅ 0 взято | 🗑️ 0 мусор
2026-06-05 09:48:12,863 | INFO     |   → 71/1125: ✅ 0 взято | 🗑️ 0 мусор
2026-06-05 09:48:12,863 | INFO     |   → 72/1125: ✅ 0 взято | 🗑️ 0 мусор
2026-06-05 09:48:12,864 | INFO     |   → 73/1125: ✅ 0 взято | 🗑️ 0 мусор
2026-06-05 09:48:12,864 | INFO     |   → 74/1125: ✅ 0 взято | 🗑️ 0 мусор
2026-06-05 09:48:12,864 | INFO     |   → 75/1125: ✅ 0 взято | 🗑️ 0 мусор
2026-06-05 09:48:12,864 | INFO     |   → 76/1125: ✅ 0 взято | 🗑️ 0 мусор
2026-06-05 09:48:12,864 | INFO     |   → 77/1125: ✅ 0 взято | 🗑️ 0 мусор
2026-06-05 09:48:12,864 | INFO     |   → 78/1125: ✅ 0 взято | 🗑️ 0 мусор
2026-06-05 09:48:12,864 | INFO     |   → 79/1125: ✅ 0 взято | 🗑️ 0 мусор
2026-06-05 09:48:12,864 | INFO     |   → 80/1125: ✅ 0 взято | 🗑️ 0 мусор
2026-06-05 09:48:12,864 | INFO     |   → 81/1125: ✅ 0 взято | 🗑️ 0 мусор
2026-06-05 09:48:12,864 | INFO     |   → 82/1125: ✅ 0 взято | 🗑️ 0 мусор
2026-06-05 09:48:12,864 | INFO     |   → 83/1125: ✅ 0 взято | 🗑️ 0 мусор
2026-06-05 09:48:12,864 | INFO     |   → 84/1125: ✅ 0 взято | 🗑️ 0 мусор
2026-06-05 09:48:12,864 | INFO     |   → 85/1125: ✅ 0 взято | 🗑️ 0 мусор
2026-06-05 09:48:12,864 | INFO     |   → 86/1125: ✅ 0 взято | 🗑️ 0 мусор
2026-06-05 09:48:12,864 | INFO     |   → 87/1125: ✅ 0 взято | 🗑️ 0 мусор
2026-06-05 09:48:12,864 | INFO     |   → 88/1125: ✅ 0 взято | 🗑️ 0 мусор
2026-06-05 09:48:12,864 | INFO     |   → 89/1125: ✅ 0 взято | 🗑️ 0 мусор
2026-06-05 09:48:12,864 | INFO     |   → 90/1125: ✅ 0 взято | 🗑️ 0 мусор
2026-06-05 09:48:12,864 | INFO     |   → 91/1125: ✅ 0 взято | 🗑️ 0 мусор
2026-06-05 09:48:12,864 | INFO     |   → 92/1125: ✅ 0 взято | 🗑️ 0 мусор
2026-06-05 09:48:12,864 | INFO     |   → 93/1125: ✅ 0 взято | 🗑️ 0 мусор
2026-06-05 09:48:12,864 | INFO     |   → 94/1125: ✅ 0 взято | 🗑️ 0 мусор
2026-06-05 09:48:12,864 | INFO     |   → 95/1125: ✅ 0 взято | 🗑️ 0 мусор
2026-06-05 09:48:12,864 | INFO     |   → 96/1125: ✅ 0 взято | 🗑️ 0 мусор
2026-06-05 09:48:12,864 | INFO     |   → 97/1125: ✅ 0 взято | 🗑️ 0 мусор
2026-06-05 09:48:12,864 | INFO     |   → 98/1125: ✅ 0 взято | 🗑️ 0 мусор
2026-06-05 09:48:12,864 | INFO     |   → 99/1125: ✅ 0 взято | 🗑️ 0 мусор
2026-06-05 09:48:12,864 | INFO     |   → 100/1125: ✅ 0 взято | 🗑️ 0 мусор
2026-06-05 09:48:12,864 | INFO     |   → 101/1125: ✅ 0 взято | 🗑️ 0 мусор
2026-06-05 09:48:12,864 | INFO     |   → 102/1125: ✅ 0 взято | 🗑️ 0 мусор
2026-06-05 09:48:12,864 | INFO     |   → 103/1125: ✅ 0 взято | 🗑️ 0 мусор
2026-06-05 09:48:12,864 | INFO     |   → 104/1125: ✅ 0 взято | 🗑️ 0 мусор
2026-06-05 09:48:12,864 | INFO     |   → 105/1125: ✅ 0 взято | 🗑️ 0 мусор
2026-06-05 09:48:12,864 | INFO     |   → 106/1125: ✅ 0 взято | 🗑️ 0 мусор
2026-06-05 09:48:12,864 | INFO     |   → 107/1125: ✅ 0 взято | 🗑️ 0 мусор
2026-06-05 09:48:12,864 | INFO     |   → 108/1125: ✅ 0 взято | 🗑️ 0 мусор
2026-06-05 09:48:12,864 | INFO     |   → 109/1125: ✅ 0 взято | 🗑️ 0 мусор
2026-06-05 09:48:12,864 | INFO     |   → 110/1125: ✅ 0 взято | 🗑️ 0 мусор
2026-06-05 09:48:12,864 | INFO     |   → 111/1125: ✅ 0 взято | 🗑️ 0 мусор
2026-06-05 09:48:12,864 | INFO     |   → 112/1125: ✅ 0 взято | 🗑️ 0 мусор
2026-06-05 09:48:12,864 | INFO     |   → 113/1125: ✅ 0 взято | 🗑️ 0 мусор
2026-06-05 09:48:12,864 | INFO     |   → 114/1125: ✅ 0 взято | 🗑️ 0 мусор
2026-06-05 09:48:12,864 | INFO     |   → 115/1125: ✅ 0 взято | 🗑️ 0 мусор
2026-06-05 09:48:12,864 | INFO     |   → 116/1125: ✅ 0 взято | 🗑️ 0 мусор
2026-06-05 09:48:12,864 | INFO     |   → 117/1125: ✅ 0 взято | 🗑️ 0 мусор
2026-06-05 09:48:12,864 | INFO     |   → 118/1125: ✅ 0 взято | 🗑️ 0 мусор
2026-06-05 09:48:12,864 | INFO     |   → 119/1125: ✅ 0 взято | 🗑️ 0 мусор
2026-06-05 09:48:12,864 | INFO     |   → 120/1125: ✅ 0 взято | 🗑️ 0 мусор
2026-06-05 09:48:12,865 | INFO     |   → 121/1125: ✅ 0 взято | 🗑️ 0 мусор
2026-06-05 09:48:12,865 | INFO     |   → 122/1125 ❌ HTTP 404 — https://freessrnode.github.io/uploads/2024/08/0-20240822.txt
2026-06-05 09:48:12,865 | INFO     |   → 123/1125 ❌ HTTP 404 — https://freessrnode.github.io/uploads/2024/08/1-20240822.txt
2026-06-05 09:48:12,865 | INFO     |   → 124/1125 ❌ HTTP 404 — https://freessrnode.github.io/uploads/2024/08/2-20240822.txt
2026-06-05 09:48:12,865 | INFO     |   → 125/1125 ❌ HTTP 404 — https://freessrnode.github.io/uploads/2024/08/3-20240822.txt
2026-06-05 09:48:12,865 | INFO     |   → 126/1125 ❌ HTTP 404 — https://freessrnode.github.io/uploads/2024/08/4-20240822.txt
2026-06-05 09:48:12,865 | INFO     |   → 127/1125 ⚠️ Ошибка: HTTPSConnectionPool(host='freevpnspy.githubrowcontent.com', port=443): Max retries exceeded with url: /2024/08/20240802_novless.yaml (Caused by NameResolutionError("HTTPSConnection(host='freevpnspy.githubrowcontent.com', port=443): Failed to resolve 'freevpnspy.githubrowcontent.com' ([Errno -2] Name or service not known)")) — https://freevpnspy.githubrowcontent.com/2024/08/20240802_novless.yaml
2026-06-05 09:48:12,865 | INFO     |   → 128/1125 ⚠️ Ошибка: HTTPSConnectionPool(host='freevpnspy.githubrowcontent.com', port=443): Max retries exceeded with url: /2024/08/20240802_vless.yaml (Caused by NameResolutionError("HTTPSConnection(host='freevpnspy.githubrowcontent.com', port=443): Failed to resolve 'freevpnspy.githubrowcontent.com' ([Errno -2] Name or service not known)")) — https://freevpnspy.githubrowcontent.com/2024/08/20240802_vless.yaml
2026-06-05 09:48:12,865 | INFO     |   → 129/1125: ✅ 0 взято | 🗑️ 0 мусор
2026-06-05 09:48:12,865 | INFO     |   → 130/1125: ✅ 14 взято | 🗑️ 292 мусор
2026-06-05 09:48:12,865 | INFO     |   → 131/1125: ✅ 14 взято | 🗑️ 218 мусор
2026-06-05 09:48:12,865 | INFO     |   → 132/1125: ✅ 7 взято | 🗑️ 148 мусор
2026-06-05 09:48:12,865 | INFO     |   → 133/1125: ✅ 9 взято | 🗑️ 151 мусор
2026-06-05 09:48:12,865 | INFO     |   → 134/1125: ✅ 0 взято | 🗑️ 0 мусор
2026-06-05 09:48:12,865 | INFO     |   → 135/1125: ✅ 0 взято | 🗑️ 0 мусор
2026-06-05 09:48:12,865 | INFO     |   → 136/1125: ✅ 0 взято | 🗑️ 0 мусор
2026-06-05 09:48:12,865 | INFO     |   → 137/1125: ✅ 0 взято | 🗑️ 0 мусор
2026-06-05 09:48:12,865 | INFO     |   → 138/1125: ✅ 5 взято | 🗑️ 211 мусор
2026-06-05 09:48:12,865 | INFO     |   → 139/1125: ✅ 0 взято | 🗑️ 0 мусор
2026-06-05 09:48:12,865 | INFO     |   → 140/1125: ✅ 0 взято | 🗑️ 0 мусор
2026-06-05 09:48:12,865 | INFO     |   → 141/1125: ✅ 1 взято | 🗑️ 226 мусор
2026-06-05 09:48:12,865 | INFO     |   → 142/1125: ✅ 3 взято | 🗑️ 152 мусор
2026-06-05 09:48:12,865 | INFO     |   → 143/1125: ✅ 0 взято | 🗑️ 0 мусор
2026-06-05 09:48:12,865 | INFO     |   → 144/1125: ✅ 0 взято | 🗑️ 0 мусор
2026-06-05 09:48:12,866 | INFO     |   → 145/1125: ✅ 0 взято | 🗑️ 300 мусор
2026-06-05 09:48:12,866 | INFO     |   → 146/1125: ✅ 0 взято | 🗑️ 142 мусор
2026-06-05 09:48:12,866 | INFO     |   → 147/1125: ✅ 0 взято | 🗑️ 0 мусор
2026-06-05 09:48:12,866 | INFO     |   → 148/1125: ✅ 1 взято | 🗑️ 104 мусор
2026-06-05 09:48:12,866 | INFO     |   → 149/1125: ✅ 0 взято | 🗑️ 193 мусор
2026-06-05 09:48:12,866 | INFO     |   → 150/1125: ✅ 0 взято | 🗑️ 0 мусор
2026-06-05 09:48:12,866 | INFO     |   → 151/1125: ✅ 0 взято | 🗑️ 0 мусор
2026-06-05 09:48:12,866 | INFO     |   → 152/1125: ✅ 0 взято | 🗑️ 125 мусор
2026-06-05 09:48:12,866 | INFO     |   → 153/1125: ✅ 0 взято | 🗑️ 296 мусор
2026-06-05 09:48:12,866 | INFO     |   → 154/1125: ✅ 0 взято | 🗑️ 130 мусор
2026-06-05 09:48:12,866 | INFO     |   → 155/1125: ✅ 2 взято | 🗑️ 105 мусор
2026-06-05 09:48:12,866 | INFO     |   → 156/1125: ✅ 0 взято | 🗑️ 0 мусор
2026-06-05 09:48:12,866 | INFO     |   → 157/1125: ✅ 3 взято | 🗑️ 268 мусор
2026-06-05 09:48:12,866 | INFO     |   → 158/1125: ✅ 0 взято | 🗑️ 248 мусор
2026-06-05 09:48:12,866 | INFO     |   → 159/1125: ✅ 0 взято | 🗑️ 0 мусор
2026-06-05 09:48:12,866 | INFO     |   → 160/1125: ✅ 1 взято | 🗑️ 139 мусор
2026-06-05 09:48:12,866 | INFO     |   → 161/1125: ✅ 0 взято | 🗑️ 0 мусор
2026-06-05 09:48:12,866 | INFO     |   → 162/1125: ✅ 0 взято | 🗑️ 0 мусор
2026-06-05 09:48:12,866 | INFO     |   → 163/1125: ✅ 0 взято | 🗑️ 0 мусор
2026-06-05 09:48:12,866 | INFO     |   → 164/1125: ✅ 0 взято | 🗑️ 198 мусор
2026-06-05 09:48:12,866 | INFO     |   → 165/1125: ✅ 0 взято | 🗑️ 0 мусор
2026-06-05 09:48:12,866 | INFO     |   → 166/1125: ✅ 0 взято | 🗑️ 0 мусор
2026-06-05 09:48:12,866 | INFO     |   → 167/1125 ❌ HTTP 404 — https://github.com/Epodonios/bulk-xray-v2ray-vless-vmess-...-configs/raw/main/sub/Albania/config.txt
2026-06-05 09:48:12,866 | INFO     |   → 168/1125 ❌ HTTP 404 — https://github.com/Epodonios/bulk-xray-v2ray-vless-vmess-...-configs/raw/main/sub/Cura%C3%A7ao/config.txt
2026-06-05 09:48:12,866 | INFO     |   → 169/1125 ❌ HTTP 404 — https://github.com/Epodonios/bulk-xray-v2ray-vless-vmess-...-configs/raw/main/sub/Finland/config.txt
2026-06-05 09:48:12,866 | INFO     |   → 170/1125 ❌ HTTP 404 — https://github.com/Epodonios/bulk-xray-v2ray-vless-vmess-...-configs/raw/main/sub/Iran/config.txt
2026-06-05 09:48:12,866 | INFO     |   → 171/1125 ❌ HTTP 404 — https://github.com/Epodonios/bulk-xray-v2ray-vless-vmess-...-configs/raw/main/sub/Netherlands/config.txt
2026-06-05 09:48:12,867 | INFO     |   → 172/1125 ❌ HTTP 404 — https://github.com/Epodonios/bulk-xray-v2ray-vless-vmess-...-configs/raw/main/sub/Norway/config.txt
2026-06-05 09:48:12,867 | INFO     |   → 173/1125 ❌ HTTP 404 — https://github.com/Epodonios/bulk-xray-v2ray-vless-vmess-...-configs/raw/main/sub/Russia/config.txt
2026-06-05 09:48:12,867 | INFO     |   → 174/1125: ✅ 13 взято | 🗑️ 70 мусор
2026-06-05 09:48:12,867 | INFO     |   → 175/1125: ✅ 0 взято | 🗑️ 4 мусор
2026-06-05 09:48:12,867 | INFO     |   → 176/1125: ✅ 0 взято | 🗑️ 7 мусор
2026-06-05 09:48:12,867 | INFO     |   → 177/1125: ✅ 0 взято | 🗑️ 51 мусор
2026-06-05 09:48:12,867 | INFO     |   → 178/1125: ✅ 0 взято | 🗑️ 8 мусор
2026-06-05 09:48:12,867 | INFO     |   → 179/1125: ✅ 0 взято | 🗑️ 0 мусор
2026-06-05 09:48:12,867 | INFO     |   → 180/1125: ✅ 17 взято | 🗑️ 119 мусор
2026-06-05 09:48:12,867 | INFO     |   → 181/1125 ❌ HTTP 404 — https://github.com/MrMohebi/xray-proxy-grabber-telegram/raw/master/collected-proxies/clash-meta/all.yaml
2026-06-05 09:48:12,867 | INFO     |   → 182/1125 ❌ HTTP 404 — https://github.com/MrMohebi/xray-proxy-grabber-telegram/raw/master/collected-proxies/row-url/all.txt
2026-06-05 09:48:12,867 | INFO     |   → 183/1125: ✅ 0 взято | 🗑️ 0 мусор
2026-06-05 09:48:12,867 | INFO     |   → 184/1125: ✅ 0 взято | 🗑️ 113 мусор
2026-06-05 09:48:12,867 | INFO     |   → 185/1125: ✅ 0 взято | 🗑️ 119 мусор
2026-06-05 09:48:12,867 | INFO     |   → 186/1125 ❌ HTTP 404 — https://github.com/abbasdvd3/abbasdvd10/73ec60de7a6c6aa6df4c14b511c1da60686891ca/ppo.txt
2026-06-05 09:48:12,867 | INFO     |   → 187/1125 ❌ HTTP 404 — https://github.com/acymz/AutoVPN/refs/heads/main/data/V2.txt
2026-06-05 09:48:12,867 | INFO     |   → 188/1125: ✅ 0 взято | 🗑️ 0 мусор
2026-06-05 09:48:12,867 | INFO     |   → 189/1125: ✅ 0 взято | 🗑️ 0 мусор
2026-06-05 09:48:12,867 | INFO     |   → 190/1125: ✅ 0 взято | 🗑️ 0 мусор
2026-06-05 09:48:12,867 | INFO     |   → 191/1125: ✅ 0 взято | 🗑️ 0 мусор
2026-06-05 09:48:12,867 | INFO     |   → 192/1125: ✅ 0 взято | 🗑️ 0 мусор
2026-06-05 09:48:12,867 | INFO     |   → 193/1125: ✅ 0 взято | 🗑️ 0 мусор
2026-06-05 09:48:12,867 | INFO     |   → 194/1125: ✅ 0 взято | 🗑️ 0 мусор
2026-06-05 09:48:12,867 | INFO     |   → 195/1125 ❌ HTTP 404 — https://github.com/mermeroo/V2RAY-FREE/raw/main/All_Configs_base64_Sub.txt
2026-06-05 09:48:12,867 | INFO     |   → 196/1125 ❌ HTTP 404 — https://github.com/mermeroo/V2RAY-FREE/raw/main/Base64/Sub1_base64.txt
2026-06-05 09:48:12,867 | INFO     |   → 197/1125 ❌ HTTP 404 — https://github.com/mermeroo/V2RAY-FREE/raw/main/Base64/Sub2_base64.txt
2026-06-05 09:48:12,868 | INFO     |   → 198/1125 ❌ HTTP 404 — https://github.com/mermeroo/V2RAY-FREE/raw/main/Base64/Sub3_base64.txt
2026-06-05 09:48:12,868 | INFO     |   → 199/1125 ❌ HTTP 404 — https://github.com/mermeroo/V2RAY-FREE/raw/main/Base64/Sub4_base64.txt
2026-06-05 09:48:12,868 | INFO     |   → 200/1125 ❌ HTTP 404 — https://github.com/mermeroo/V2RAY-FREE/raw/main/Base64/Sub5_base64.txt
2026-06-05 09:48:12,868 | INFO     |   → 201/1125 ❌ HTTP 404 — https://github.com/mermeroo/telegram-configs-collector/raw/main/protocols/hysteria
2026-06-05 09:48:12,868 | INFO     |   → 202/1125 ❌ HTTP 404 — https://github.com/mermeroo/telegram-configs-collector/raw/main/protocols/juicity
2026-06-05 09:48:12,868 | INFO     |   → 203/1125 ❌ HTTP 404 — https://github.com/mermeroo/telegram-configs-collector/raw/main/protocols/tuic
2026-06-05 09:48:12,868 | INFO     |   → 204/1125: ✅ 5 взято | 🗑️ 16 мусор
2026-06-05 09:48:12,868 | INFO     |   → 205/1125: ✅ 0 взято | 🗑️ 0 мусор
2026-06-05 09:48:12,868 | INFO     |   → 206/1125: ✅ 0 взято | 🗑️ 0 мусор
2026-06-05 09:48:12,868 | INFO     |   → 207/1125: ✅ 0 взято | 🗑️ 0 мусор
2026-06-05 09:48:12,868 | INFO     |   → 208/1125: ✅ 3 взято | 🗑️ 238 мусор
2026-06-05 09:48:12,868 | INFO     |   → 209/1125: ✅ 0 взято | 🗑️ 0 мусор
2026-06-05 09:48:12,868 | INFO     |   → 210/1125: ✅ 3 взято | 🗑️ 239 мусор
2026-06-05 09:48:12,868 | INFO     |   → 211/1125: ✅ 0 взято | 🗑️ 0 мусор
2026-06-05 09:48:12,868 | INFO     |   → 212/1125: ✅ 0 взято | 🗑️ 255 мусор
2026-06-05 09:48:12,868 | INFO     |   → 213/1125: ✅ 0 взято | 🗑️ 0 мусор
2026-06-05 09:48:12,868 | INFO     |   → 214/1125: ✅ 1 взято | 🗑️ 249 мусор
2026-06-05 09:48:12,868 | INFO     |   → 215/1125: ✅ 0 взято | 🗑️ 0 мусор
2026-06-05 09:48:12,868 | INFO     |   → 216/1125: ✅ 0 взято | 🗑️ 207 мусор
2026-06-05 09:48:12,868 | INFO     |   → 217/1125: ✅ 0 взято | 🗑️ 0 мусор
2026-06-05 09:48:12,868 | INFO     |   → 218/1125: ✅ 0 взято | 🗑️ 228 мусор
2026-06-05 09:48:12,868 | INFO     |   → 219/1125: ✅ 0 взято | 🗑️ 0 мусор
2026-06-05 09:48:12,868 | INFO     |   → 220/1125: ✅ 1 взято | 🗑️ 291 мусор
2026-06-05 09:48:12,868 | INFO     |   → 221/1125: ✅ 0 взято | 🗑️ 0 мусор
2026-06-05 09:48:12,868 | INFO     |   → 222/1125: ✅ 3 взято | 🗑️ 221 мусор
2026-06-05 09:48:12,868 | INFO     |   → 223/1125: ✅ 0 взято | 🗑️ 0 мусор
2026-06-05 09:48:12,868 | INFO     |   → 224/1125: ✅ 1 взято | 🗑️ 222 мусор
2026-06-05 09:48:12,869 | INFO     |   → 225/1125: ✅ 0 взято | 🗑️ 0 мусор
2026-06-05 09:48:12,869 | INFO     |   → 226/1125: ✅ 1 взято | 🗑️ 218 мусор
2026-06-05 09:48:12,869 | INFO     |   → 227/1125: ✅ 0 взято | 🗑️ 0 мусор
2026-06-05 09:48:12,869 | INFO     |   → 228/1125: ✅ 0 взято | 🗑️ 193 мусор
2026-06-05 09:48:12,869 | INFO     |   → 229/1125: ✅ 0 взято | 🗑️ 0 мусор
2026-06-05 09:48:12,869 | INFO     |   → 230/1125: ✅ 0 взято | 🗑️ 290 мусор
2026-06-05 09:48:12,869 | INFO     |   → 231/1125: ✅ 0 взято | 🗑️ 0 мусор
2026-06-05 09:48:12,869 | INFO     |   → 232/1125: ✅ 0 взято | 🗑️ 238 мусор
2026-06-05 09:48:12,869 | INFO     |   → 233/1125: ✅ 0 взято | 🗑️ 0 мусор
2026-06-05 09:48:12,869 | INFO     |   → 234/1125: ✅ 0 взято | 🗑️ 221 мусор
2026-06-05 09:48:12,869 | INFO     |   → 235/1125: ✅ 0 взято | 🗑️ 0 мусор
2026-06-05 09:48:12,869 | INFO     |   → 236/1125: ✅ 0 взято | 🗑️ 248 мусор
2026-06-05 09:48:12,869 | INFO     |   → 237/1125: ✅ 0 взято | 🗑️ 0 мусор
2026-06-05 09:48:12,869 | INFO     |   → 238/1125: ✅ 0 взято | 🗑️ 203 мусор
2026-06-05 09:48:12,869 | INFO     |   → 239/1125: ✅ 0 взято | 🗑️ 0 мусор
2026-06-05 09:48:12,869 | INFO     |   → 240/1125: ✅ 0 взято | 🗑️ 208 мусор
2026-06-05 09:48:12,869 | INFO     |   → 241/1125: ✅ 0 взято | 🗑️ 0 мусор
2026-06-05 09:48:12,869 | INFO     |   → 242/1125: ✅ 2 взято | 🗑️ 209 мусор
2026-06-05 09:48:12,869 | INFO     |   → 243/1125: ✅ 0 взято | 🗑️ 0 мусор
2026-06-05 09:48:12,869 | INFO     |   → 244/1125: ✅ 0 взято | 🗑️ 258 мусор
2026-06-05 09:48:12,869 | INFO     |   → 245/1125: ✅ 0 взято | 🗑️ 0 мусор
2026-06-05 09:48:12,869 | INFO     |   → 246/1125: ✅ 0 взято | 🗑️ 296 мусор
2026-06-05 09:48:12,869 | INFO     |   → 247/1125: ✅ 0 взято | 🗑️ 0 мусор
2026-06-05 09:48:12,869 | INFO     |   → 248/1125: ✅ 1 взято | 🗑️ 286 мусор
2026-06-05 09:48:12,869 | INFO     |   → 249/1125: ✅ 0 взято | 🗑️ 0 мусор
2026-06-05 09:48:12,869 | INFO     |   → 250/1125: ✅ 0 взято | 🗑️ 195 мусор
2026-06-05 09:48:12,869 | INFO     |   → 251/1125: ✅ 0 взято | 🗑️ 0 мусор
2026-06-05 09:48:12,869 | INFO     |   → 252/1125: ✅ 0 взято | 🗑️ 170 мусор
2026-06-05 09:48:12,869 | INFO     |   → 253/1125: ✅ 0 взято | 🗑️ 0 мусор
2026-06-05 09:48:12,870 | INFO     |   → 254/1125: ✅ 0 взято | 🗑️ 160 мусор
2026-06-05 09:48:12,870 | INFO     |   → 255/1125: ✅ 0 взято | 🗑️ 0 мусор
2026-06-05 09:48:12,870 | INFO     |   → 256/1125: ✅ 0 взято | 🗑️ 121 мусор
2026-06-05 09:48:12,870 | INFO     |   → 257/1125: ✅ 0 взято | 🗑️ 0 мусор
2026-06-05 09:48:12,870 | INFO     |   → 258/1125: ✅ 0 взято | 🗑️ 135 мусор
2026-06-05 09:48:12,870 | INFO     |   → 259/1125: ✅ 0 взято | 🗑️ 0 мусор
2026-06-05 09:48:12,870 | INFO     |   → 260/1125: ✅ 1 взято | 🗑️ 129 мусор
2026-06-05 09:48:12,870 | INFO     |   → 261/1125: ✅ 0 взято | 🗑️ 0 мусор
2026-06-05 09:48:12,870 | INFO     |   → 262/1125: ✅ 0 взято | 🗑️ 189 мусор
2026-06-05 09:48:12,870 | INFO     |   → 263/1125: ✅ 0 взято | 🗑️ 0 мусор
2026-06-05 09:48:12,870 | INFO     |   → 264/1125: ✅ 3 взято | 🗑️ 147 мусор
2026-06-05 09:48:12,870 | INFO     |   → 265/1125: ✅ 0 взято | 🗑️ 0 мусор
2026-06-05 09:48:12,870 | INFO     |   → 266/1125: ✅ 1 взято | 🗑️ 183 мусор
2026-06-05 09:48:12,870 | INFO     |   → 267/1125: ✅ 0 взято | 🗑️ 0 мусор
2026-06-05 09:48:12,870 | INFO     |   → 268/1125: ✅ 0 взято | 🗑️ 155 мусор
2026-06-05 09:48:12,870 | INFO     |   → 269/1125: ✅ 0 взято | 🗑️ 0 мусор
2026-06-05 09:48:12,870 | INFO     |   → 270/1125: ✅ 0 взято | 🗑️ 114 мусор
2026-06-05 09:48:12,870 | INFO     |   → 271/1125: ✅ 0 взято | 🗑️ 0 мусор
2026-06-05 09:48:12,870 | INFO     |   → 272/1125: ✅ 0 взято | 🗑️ 239 мусор
2026-06-05 09:48:12,870 | INFO     |   → 273/1125: ✅ 0 взято | 🗑️ 0 мусор
2026-06-05 09:48:12,870 | INFO     |   → 274/1125: ✅ 0 взято | 🗑️ 204 мусор
2026-06-05 09:48:12,870 | INFO     |   → 275/1125: ✅ 0 взято | 🗑️ 0 мусор
2026-06-05 09:48:12,870 | INFO     |   → 276/1125: ✅ 0 взято | 🗑️ 232 мусор
2026-06-05 09:48:12,870 | INFO     |   → 277/1125: ✅ 0 взято | 🗑️ 0 мусор
2026-06-05 09:48:12,870 | INFO     |   → 278/1125: ✅ 0 взято | 🗑️ 192 мусор
2026-06-05 09:48:12,870 | INFO     |   → 279/1125: ✅ 0 взято | 🗑️ 0 мусор
2026-06-05 09:48:12,870 | INFO     |   → 280/1125: ✅ 0 взято | 🗑️ 183 мусор
2026-06-05 09:48:12,870 | INFO     |   → 281/1125: ✅ 0 взято | 🗑️ 0 мусор
2026-06-05 09:48:12,871 | INFO     |   → 282/1125: ✅ 0 взято | 🗑️ 169 мусор
2026-06-05 09:48:12,871 | INFO     |   → 283/1125: ✅ 0 взято | 🗑️ 0 мусор
2026-06-05 09:48:12,871 | INFO     |   → 284/1125: ✅ 0 взято | 🗑️ 167 мусор
2026-06-05 09:48:12,871 | INFO     |   → 285/1125: ✅ 0 взято | 🗑️ 0 мусор
2026-06-05 09:48:12,871 | INFO     |   → 286/1125: ✅ 0 взято | 🗑️ 193 мусор
2026-06-05 09:48:12,871 | INFO     |   → 287/1125: ✅ 0 взято | 🗑️ 0 мусор
2026-06-05 09:48:12,871 | INFO     |   → 288/1125: ✅ 1 взято | 🗑️ 161 мусор
2026-06-05 09:48:12,871 | INFO     |   → 289/1125: ✅ 0 взято | 🗑️ 0 мусор
2026-06-05 09:48:12,871 | INFO     |   → 290/1125: ✅ 0 взято | 🗑️ 171 мусор
2026-06-05 09:48:12,871 | INFO     |   → 291/1125: ✅ 0 взято | 🗑️ 0 мусор
2026-06-05 09:48:12,871 | INFO     |   → 292/1125: ✅ 0 взято | 🗑️ 174 мусор
2026-06-05 09:48:12,871 | INFO     |   → 293/1125: ✅ 0 взято | 🗑️ 0 мусор
2026-06-05 09:48:12,871 | INFO     |   → 294/1125: ✅ 0 взято | 🗑️ 206 мусор
2026-06-05 09:48:12,871 | INFO     |   → 295/1125: ✅ 0 взято | 🗑️ 0 мусор
2026-06-05 09:48:12,871 | INFO     |   → 296/1125: ✅ 0 взято | 🗑️ 170 мусор
2026-06-05 09:48:12,871 | INFO     |   → 297/1125: ✅ 0 взято | 🗑️ 0 мусор
2026-06-05 09:48:12,871 | INFO     |   → 298/1125: ✅ 1 взято | 🗑️ 196 мусор
2026-06-05 09:48:12,871 | INFO     |   → 299/1125: ✅ 0 взято | 🗑️ 0 мусор
2026-06-05 09:48:12,871 | INFO     |   → 300/1125: ✅ 0 взято | 🗑️ 208 мусор
2026-06-05 09:48:12,871 | INFO     |   → 301/1125: ✅ 0 взято | 🗑️ 0 мусор
2026-06-05 09:48:12,871 | INFO     |   → 302/1125: ✅ 0 взято | 🗑️ 162 мусор
2026-06-05 09:48:12,871 | INFO     |   → 303/1125: ✅ 0 взято | 🗑️ 0 мусор
2026-06-05 09:48:12,871 | INFO     |   → 304/1125: ✅ 0 взято | 🗑️ 116 мусор
2026-06-05 09:48:12,871 | INFO     |   → 305/1125: ✅ 0 взято | 🗑️ 0 мусор
2026-06-05 09:48:12,871 | INFO     |   → 306/1125: ✅ 0 взято | 🗑️ 132 мусор
2026-06-05 09:48:12,871 | INFO     |   → 307/1125: ✅ 0 взято | 🗑️ 0 мусор
2026-06-05 09:48:12,871 | INFO     |   → 308/1125: ✅ 0 взято | 🗑️ 132 мусор
2026-06-05 09:48:12,871 | INFO     |   → 309/1125: ✅ 0 взято | 🗑️ 0 мусор
2026-06-05 09:48:12,871 | INFO     |   → 310/1125: ✅ 1 взято | 🗑️ 113 мусор
2026-06-05 09:48:12,872 | INFO     |   → 311/1125: ✅ 0 взято | 🗑️ 0 мусор
2026-06-05 09:48:12,872 | INFO     |   → 312/1125: ✅ 0 взято | 🗑️ 103 мусор
2026-06-05 09:48:12,872 | INFO     |   → 313/1125: ✅ 0 взято | 🗑️ 0 мусор
2026-06-05 09:48:12,872 | INFO     |   → 314/1125: ✅ 3 взято | 🗑️ 213 мусор
2026-06-05 09:48:12,872 | INFO     |   → 315/1125: ✅ 0 взято | 🗑️ 0 мусор
2026-06-05 09:48:12,872 | INFO     |   → 316/1125: ✅ 1 взято | 🗑️ 130 мусор
2026-06-05 09:48:12,872 | INFO     |   → 317/1125: ✅ 0 взято | 🗑️ 0 мусор
2026-06-05 09:48:12,872 | INFO     |   → 318/1125: ✅ 0 взято | 🗑️ 135 мусор
2026-06-05 09:48:12,872 | INFO     |   → 319/1125: ✅ 0 взято | 🗑️ 0 мусор
2026-06-05 09:48:12,872 | INFO     |   → 320/1125: ✅ 0 взято | 🗑️ 145 мусор
2026-06-05 09:48:12,872 | INFO     |   → 321/1125: ✅ 0 взято | 🗑️ 0 мусор
2026-06-05 09:48:12,872 | INFO     |   → 322/1125: ✅ 0 взято | 🗑️ 157 мусор
2026-06-05 09:48:12,872 | INFO     |   → 323/1125: ✅ 0 взято | 🗑️ 0 мусор
2026-06-05 09:48:12,872 | INFO     |   → 324/1125 ⚠️ Ошибка: HTTPSConnectionPool(host='ivuxy.tech', port=443): Max retries exceeded with url: /v.txt (Caused by NameResolutionError("HTTPSConnection(host='ivuxy.tech', port=443): Failed to resolve 'ivuxy.tech' ([Errno -2] Name or service not known)")) — https://ivuxy.tech/v.txt
2026-06-05 09:48:12,872 | INFO     |   → 325/1125 ⚠️ Ошибка: HTTPSConnectionPool(host='mirror.ghproxy.com', port=443): Max retries exceeded with url: /https://raw.githubusercontent.com/Barabama/FreeNodes/master/nodes/blues.txt (Caused by NameResolutionError("HTTPSConnection(host='mirror.ghproxy.com', port=443): Failed to resolve 'mirror.ghproxy.com' ([Errno -2] Name or service not known)")) — https://mirror.ghproxy.com/https://raw.githubusercontent.com/Barabama/FreeNodes/master/nodes/blues.txt
2026-06-05 09:48:12,872 | INFO     |   → 326/1125 ⚠️ Ошибка: HTTPSConnectionPool(host='mirror.ghproxy.com', port=443): Max retries exceeded with url: /https://raw.githubusercontent.com/Barabama/FreeNodes/master/nodes/halekj.txt (Caused by NameResolutionError("HTTPSConnection(host='mirror.ghproxy.com', port=443): Failed to resolve 'mirror.ghproxy.com' ([Errno -2] Name or service not known)")) — https://mirror.ghproxy.com/https://raw.githubusercontent.com/Barabama/FreeNodes/master/nodes/halekj.txt
2026-06-05 09:48:12,872 | INFO     |   → 327/1125 ⚠️ Ошибка: HTTPSConnectionPool(host='mirror.ghproxy.com', port=443): Max retries exceeded with url: /https://raw.githubusercontent.com/Barabama/FreeNodes/master/nodes/kkzui.txt (Caused by NameResolutionError("HTTPSConnection(host='mirror.ghproxy.com', port=443): Failed to resolve 'mirror.ghproxy.com' ([Errno -2] Name or service not known)")) — https://mirror.ghproxy.com/https://raw.githubusercontent.com/Barabama/FreeNodes/master/nodes/kkzui.txt
2026-06-05 09:48:12,872 | INFO     |   → 328/1125 ⚠️ Ошибка: HTTPSConnectionPool(host='mirror.ghproxy.com', port=443): Max retries exceeded with url: /https://raw.githubusercontent.com/Barabama/FreeNodes/master/nodes/merged.txt (Caused by NameResolutionError("HTTPSConnection(host='mirror.ghproxy.com', port=443): Failed to resolve 'mirror.ghproxy.com' ([Errno -2] Name or service not known)")) — https://mirror.ghproxy.com/https://raw.githubusercontent.com/Barabama/FreeNodes/master/nodes/merged.txt
2026-06-05 09:48:12,872 | INFO     |   → 329/1125 ⚠️ Ошибка: HTTPSConnectionPool(host='mirror.ghproxy.com', port=443): Max retries exceeded with url: /https://raw.githubusercontent.com/Barabama/FreeNodes/master/nodes/nodefree.txt (Caused by NameResolutionError("HTTPSConnection(host='mirror.ghproxy.com', port=443): Failed to resolve 'mirror.ghproxy.com' ([Errno -2] Name or service not known)")) — https://mirror.ghproxy.com/https://raw.githubusercontent.com/Barabama/FreeNodes/master/nodes/nodefree.txt
2026-06-05 09:48:12,872 | INFO     |   → 330/1125 ⚠️ Ошибка: HTTPSConnectionPool(host='mirror.ghproxy.com', port=443): Max retries exceeded with url: /https://raw.githubusercontent.com/Barabama/FreeNodes/master/nodes/openrunner.txt (Caused by NameResolutionError("HTTPSConnection(host='mirror.ghproxy.com', port=443): Failed to resolve 'mirror.ghproxy.com' ([Errno -2] Name or service not known)")) — https://mirror.ghproxy.com/https://raw.githubusercontent.com/Barabama/FreeNodes/master/nodes/openrunner.txt
2026-06-05 09:48:12,872 | INFO     |   → 331/1125 ⚠️ Ошибка: HTTPSConnectionPool(host='mirror.ghproxy.com', port=443): Max retries exceeded with url: /https://raw.githubusercontent.com/Barabama/FreeNodes/master/nodes/v2rayshare.txt (Caused by NameResolutionError("HTTPSConnection(host='mirror.ghproxy.com', port=443): Failed to resolve 'mirror.ghproxy.com' ([Errno -2] Name or service not known)")) — https://mirror.ghproxy.com/https://raw.githubusercontent.com/Barabama/FreeNodes/master/nodes/v2rayshare.txt
2026-06-05 09:48:12,872 | INFO     |   → 332/1125 ⚠️ Ошибка: HTTPSConnectionPool(host='mirror.ghproxy.com', port=443): Max retries exceeded with url: /https://raw.githubusercontent.com/Barabama/FreeNodes/master/nodes/wenode.txt (Caused by NameResolutionError("HTTPSConnection(host='mirror.ghproxy.com', port=443): Failed to resolve 'mirror.ghproxy.com' ([Errno -2] Name or service not known)")) — https://mirror.ghproxy.com/https://raw.githubusercontent.com/Barabama/FreeNodes/master/nodes/wenode.txt
2026-06-05 09:48:12,872 | INFO     |   → 333/1125 ⚠️ Ошибка: HTTPSConnectionPool(host='mirror.ghproxy.com', port=443): Max retries exceeded with url: /https://raw.githubusercontent.com/Barabama/FreeNodes/master/nodes/yudou66.txt (Caused by NameResolutionError("HTTPSConnection(host='mirror.ghproxy.com', port=443): Failed to resolve 'mirror.ghproxy.com' ([Errno -2] Name or service not known)")) — https://mirror.ghproxy.com/https://raw.githubusercontent.com/Barabama/FreeNodes/master/nodes/yudou66.txt
2026-06-05 09:48:12,872 | INFO     |   → 334/1125: ✅ 7 взято | 🗑️ 17 мусор
2026-06-05 09:48:12,872 | INFO     |   → 335/1125: ✅ 0 взято | 🗑️ 17 мусор
2026-06-05 09:48:12,872 | INFO     |   → 336/1125: ✅ 14 взято | 🗑️ 14 мусор
2026-06-05 09:48:12,872 | INFO     |   → 337/1125: ✅ 0 взято | 🗑️ 14 мусор
2026-06-05 09:48:12,873 | INFO     |   → 338/1125: ✅ 0 взято | 🗑️ 14 мусор
2026-06-05 09:48:12,873 | INFO     |   → 339/1125: ✅ 0 взято | 🗑️ 14 мусор
2026-06-05 09:48:12,873 | INFO     |   → 340/1125: ✅ 0 взято | 🗑️ 14 мусор
2026-06-05 09:48:12,873 | INFO     |   → 341/1125: ✅ 0 взято | 🗑️ 14 мусор
2026-06-05 09:48:12,873 | INFO     |   → 342/1125: ✅ 0 взято | 🗑️ 14 мусор
2026-06-05 09:48:12,873 | INFO     |   → 343/1125: ✅ 0 взято | 🗑️ 14 мусор
2026-06-05 09:48:12,873 | INFO     |   → 344/1125: ✅ 0 взято | 🗑️ 14 мусор
2026-06-05 09:48:12,873 | INFO     |   → 345/1125: ✅ 7 взято | 🗑️ 21 мусор
2026-06-05 09:48:12,873 | INFO     |   → 346/1125: ✅ 0 взято | 🗑️ 21 мусор
2026-06-05 09:48:12,873 | INFO     |   → 347/1125: ✅ 0 взято | 🗑️ 21 мусор
2026-06-05 09:48:12,873 | INFO     |   → 348/1125: ✅ 0 взято | 🗑️ 21 мусор
2026-06-05 09:48:12,873 | INFO     |   → 349/1125: ✅ 0 взято | 🗑️ 21 мусор
2026-06-05 09:48:12,873 | INFO     |   → 350/1125: ✅ 0 взято | 🗑️ 21 мусор
2026-06-05 09:48:12,873 | INFO     |   → 351/1125: ✅ 0 взято | 🗑️ 21 мусор
2026-06-05 09:48:12,873 | INFO     |   → 352/1125: ✅ 0 взято | 🗑️ 21 мусор
2026-06-05 09:48:12,873 | INFO     |   → 353/1125: ✅ 0 взято | 🗑️ 21 мусор
2026-06-05 09:48:12,873 | INFO     |   → 354/1125: ✅ 0 взято | 🗑️ 21 мусор
2026-06-05 09:48:12,873 | INFO     |   → 355/1125: ✅ 0 взято | 🗑️ 21 мусор
2026-06-05 09:48:12,873 | INFO     |   → 356/1125: ✅ 5 взято | 🗑️ 15 мусор
2026-06-05 09:48:12,873 | INFO     |   → 357/1125: ✅ 0 взято | 🗑️ 15 мусор
2026-06-05 09:48:12,873 | INFO     |   → 358/1125: ✅ 0 взято | 🗑️ 15 мусор
2026-06-05 09:48:12,873 | INFO     |   → 359/1125: ✅ 0 взято | 🗑️ 15 мусор
2026-06-05 09:48:12,873 | INFO     |   → 360/1125: ✅ 0 взято | 🗑️ 15 мусор
2026-06-05 09:48:12,873 | INFO     |   → 361/1125: ✅ 0 взято | 🗑️ 15 мусор
2026-06-05 09:48:12,873 | INFO     |   → 362/1125: ✅ 0 взято | 🗑️ 15 мусор
2026-06-05 09:48:12,873 | INFO     |   → 363/1125: ✅ 0 взято | 🗑️ 15 мусор
2026-06-05 09:48:12,873 | INFO     |   → 364/1125: ✅ 0 взято | 🗑️ 15 мусор
2026-06-05 09:48:12,873 | INFO     |   → 365/1125: ✅ 0 взято | 🗑️ 14 мусор
2026-06-05 09:48:12,873 | INFO     |   → 366/1125: ✅ 0 взято | 🗑️ 14 мусор
2026-06-05 09:48:12,874 | INFO     |   → 367/1125: ✅ 0 взято | 🗑️ 14 мусор
2026-06-05 09:48:12,874 | INFO     |   → 368/1125: ✅ 0 взято | 🗑️ 14 мусор
2026-06-05 09:48:12,874 | INFO     |   → 369/1125: ✅ 6 взято | 🗑️ 17 мусор
2026-06-05 09:48:12,874 | INFO     |   → 370/1125: ✅ 0 взято | 🗑️ 17 мусор
2026-06-05 09:48:12,874 | INFO     |   → 371/1125: ✅ 0 взято | 🗑️ 17 мусор
2026-06-05 09:48:12,874 | INFO     |   → 372/1125: ✅ 0 взято | 🗑️ 17 мусор
2026-06-05 09:48:12,874 | INFO     |   → 373/1125: ✅ 0 взято | 🗑️ 17 мусор
2026-06-05 09:48:12,874 | INFO     |   → 374/1125: ✅ 0 взято | 🗑️ 17 мусор
2026-06-05 09:48:12,874 | INFO     |   → 375/1125: ✅ 6 взято | 🗑️ 24 мусор
2026-06-05 09:48:12,874 | INFO     |   → 376/1125: ✅ 0 взято | 🗑️ 24 мусор
2026-06-05 09:48:12,874 | INFO     |   → 377/1125: ✅ 0 взято | 🗑️ 24 мусор
2026-06-05 09:48:12,874 | INFO     |   → 378/1125: ✅ 0 взято | 🗑️ 24 мусор
2026-06-05 09:48:12,874 | INFO     |   → 379/1125: ✅ 0 взято | 🗑️ 24 мусор
2026-06-05 09:48:12,874 | INFO     |   → 380/1125: ✅ 0 взято | 🗑️ 24 мусор
2026-06-05 09:48:12,874 | INFO     |   → 381/1125: ✅ 0 взято | 🗑️ 24 мусор
2026-06-05 09:48:12,874 | INFO     |   → 382/1125: ✅ 0 взято | 🗑️ 24 мусор
2026-06-05 09:48:12,874 | INFO     |   → 383/1125: ✅ 0 взято | 🗑️ 24 мусор
2026-06-05 09:48:12,874 | INFO     |   → 384/1125: ✅ 0 взято | 🗑️ 24 мусор
2026-06-05 09:48:12,874 | INFO     |   → 385/1125: ✅ 0 взято | 🗑️ 24 мусор
2026-06-05 09:48:12,874 | INFO     |   → 386/1125: ✅ 13 взято | 🗑️ 7 мусор
2026-06-05 09:48:12,874 | INFO     |   → 387/1125: ✅ 0 взято | 🗑️ 7 мусор
2026-06-05 09:48:12,874 | INFO     |   → 388/1125: ✅ 0 взято | 🗑️ 7 мусор
2026-06-05 09:48:12,874 | INFO     |   → 389/1125: ✅ 0 взято | 🗑️ 7 мусор
2026-06-05 09:48:12,874 | INFO     |   → 390/1125: ✅ 0 взято | 🗑️ 7 мусор
2026-06-05 09:48:12,874 | INFO     |   → 391/1125 ❌ HTTP 403 — https://nodefree.org/dy/2023/08/20230806.yaml
2026-06-05 09:48:12,874 | INFO     |   → 392/1125 ❌ HTTP 403 — https://nodefree.org/dy/2023/12/20231221.txt
2026-06-05 09:48:12,874 | INFO     |   → 393/1125: ✅ 0 взято | 🗑️ 17 мусор
2026-06-05 09:48:12,874 | INFO     |   → 394/1125: ✅ 0 взято | 🗑️ 17 мусор
2026-06-05 09:48:12,874 | INFO     |   → 395/1125: ✅ 0 взято | 🗑️ 14 мусор
2026-06-05 09:48:12,874 | INFO     |   → 396/1125: ✅ 0 взято | 🗑️ 14 мусор
2026-06-05 09:48:12,875 | INFO     |   → 397/1125: ✅ 0 взято | 🗑️ 14 мусор
2026-06-05 09:48:12,875 | INFO     |   → 398/1125: ✅ 0 взято | 🗑️ 14 мусор
2026-06-05 09:48:12,875 | INFO     |   → 399/1125: ✅ 0 взято | 🗑️ 14 мусор
2026-06-05 09:48:12,875 | INFO     |   → 400/1125: ✅ 0 взято | 🗑️ 14 мусор
2026-06-05 09:48:12,875 | INFO     |   → 401/1125: ✅ 0 взято | 🗑️ 14 мусор
2026-06-05 09:48:12,875 | INFO     |   → 402/1125: ✅ 0 взято | 🗑️ 14 мусор
2026-06-05 09:48:12,875 | INFO     |   → 403/1125: ✅ 0 взято | 🗑️ 14 мусор
2026-06-05 09:48:12,875 | INFO     |   → 404/1125: ✅ 0 взято | 🗑️ 21 мусор
2026-06-05 09:48:12,875 | INFO     |   → 405/1125: ✅ 0 взято | 🗑️ 21 мусор
2026-06-05 09:48:12,875 | INFO     |   → 406/1125: ✅ 0 взято | 🗑️ 21 мусор
2026-06-05 09:48:12,875 | INFO     |   → 407/1125: ✅ 0 взято | 🗑️ 21 мусор
2026-06-05 09:48:12,875 | INFO     |   → 408/1125: ✅ 0 взято | 🗑️ 21 мусор
2026-06-05 09:48:12,875 | INFO     |   → 409/1125: ✅ 0 взято | 🗑️ 21 мусор
2026-06-05 09:48:12,875 | INFO     |   → 410/1125: ✅ 0 взято | 🗑️ 21 мусор
2026-06-05 09:48:12,875 | INFO     |   → 411/1125: ✅ 0 взято | 🗑️ 21 мусор
2026-06-05 09:48:12,875 | INFO     |   → 412/1125: ✅ 0 взято | 🗑️ 21 мусор
2026-06-05 09:48:12,875 | INFO     |   → 413/1125: ✅ 0 взято | 🗑️ 21 мусор
2026-06-05 09:48:12,875 | INFO     |   → 414/1125: ✅ 0 взято | 🗑️ 21 мусор
2026-06-05 09:48:12,875 | INFO     |   → 415/1125: ✅ 0 взято | 🗑️ 15 мусор
2026-06-05 09:48:12,875 | INFO     |   → 416/1125: ✅ 0 взято | 🗑️ 15 мусор
2026-06-05 09:48:12,875 | INFO     |   → 417/1125: ✅ 0 взято | 🗑️ 15 мусор
2026-06-05 09:48:12,875 | INFO     |   → 418/1125: ✅ 0 взято | 🗑️ 15 мусор
2026-06-05 09:48:12,875 | INFO     |   → 419/1125: ✅ 0 взято | 🗑️ 15 мусор
2026-06-05 09:48:12,875 | INFO     |   → 420/1125: ✅ 0 взято | 🗑️ 15 мусор
2026-06-05 09:48:12,875 | INFO     |   → 421/1125: ✅ 0 взято | 🗑️ 15 мусор
2026-06-05 09:48:12,875 | INFO     |   → 422/1125: ✅ 0 взято | 🗑️ 15 мусор
2026-06-05 09:48:12,875 | INFO     |   → 423/1125: ✅ 0 взято | 🗑️ 15 мусор
2026-06-05 09:48:12,875 | INFO     |   → 424/1125: ✅ 0 взято | 🗑️ 15 мусор
2026-06-05 09:48:12,875 | INFO     |   → 425/1125: ✅ 0 взято | 🗑️ 14 мусор
2026-06-05 09:48:12,875 | INFO     |   → 426/1125: ✅ 0 взято | 🗑️ 14 мусор
2026-06-05 09:48:12,876 | INFO     |   → 427/1125: ✅ 0 взято | 🗑️ 14 мусор
2026-06-05 09:48:12,876 | INFO     |   → 428/1125: ✅ 0 взято | 🗑️ 14 мусор
2026-06-05 09:48:12,876 | INFO     |   → 429/1125: ✅ 0 взято | 🗑️ 17 мусор
2026-06-05 09:48:12,876 | INFO     |   → 430/1125: ✅ 0 взято | 🗑️ 17 мусор
2026-06-05 09:48:12,876 | INFO     |   → 431/1125: ✅ 0 взято | 🗑️ 17 мусор
2026-06-05 09:48:12,876 | INFO     |   → 432/1125: ✅ 0 взято | 🗑️ 17 мусор
2026-06-05 09:48:12,876 | INFO     |   → 433/1125: ✅ 0 взято | 🗑️ 17 мусор
2026-06-05 09:48:12,876 | INFO     |   → 434/1125: ✅ 0 взято | 🗑️ 24 мусор
2026-06-05 09:48:12,876 | INFO     |   → 435/1125: ✅ 0 взято | 🗑️ 24 мусор
2026-06-05 09:48:12,876 | INFO     |   → 436/1125: ✅ 0 взято | 🗑️ 24 мусор
2026-06-05 09:48:12,876 | INFO     |   → 437/1125: ✅ 0 взято | 🗑️ 24 мусор
2026-06-05 09:48:12,876 | INFO     |   → 438/1125: ✅ 0 взято | 🗑️ 24 мусор
2026-06-05 09:48:12,876 | INFO     |   → 439/1125: ✅ 0 взято | 🗑️ 24 мусор
2026-06-05 09:48:12,876 | INFO     |   → 440/1125: ✅ 0 взято | 🗑️ 24 мусор
2026-06-05 09:48:12,876 | INFO     |   → 441/1125: ✅ 0 взято | 🗑️ 24 мусор
2026-06-05 09:48:12,876 | INFO     |   → 442/1125: ✅ 0 взято | 🗑️ 24 мусор
2026-06-05 09:48:12,876 | INFO     |   → 443/1125: ✅ 0 взято | 🗑️ 24 мусор
2026-06-05 09:48:12,876 | INFO     |   → 444/1125: ✅ 0 взято | 🗑️ 24 мусор
2026-06-05 09:48:12,876 | INFO     |   → 445/1125: ✅ 0 взято | 🗑️ 7 мусор
2026-06-05 09:48:12,876 | INFO     |   → 446/1125: ✅ 0 взято | 🗑️ 7 мусор
2026-06-05 09:48:12,876 | INFO     |   → 447/1125: ✅ 0 взято | 🗑️ 7 мусор
2026-06-05 09:48:12,876 | INFO     |   → 448/1125: ✅ 0 взято | 🗑️ 7 мусор
2026-06-05 09:48:12,876 | INFO     |   → 449/1125: ✅ 0 взято | 🗑️ 7 мусор
2026-06-05 09:48:12,876 | INFO     |   → 450/1125: ✅ 0 взято | 🗑️ 0 мусор
2026-06-05 09:48:12,876 | INFO     |   → 451/1125: ✅ 0 взято | 🗑️ 0 мусор
2026-06-05 09:48:12,876 | INFO     |   → 452/1125: ✅ 0 взято | 🗑️ 0 мусор
2026-06-05 09:48:12,876 | INFO     |   → 453/1125: ✅ 0 взято | 🗑️ 0 мусор
2026-06-05 09:48:12,876 | INFO     |   → 454/1125: ✅ 0 взято | 🗑️ 0 мусор
2026-06-05 09:48:12,876 | INFO     |   → 455/1125: ✅ 0 взято | 🗑️ 0 мусор
2026-06-05 09:48:12,876 | INFO     |   → 456/1125: ✅ 0 взято | 🗑️ 0 мусор
2026-06-05 09:48:12,876 | INFO     |   → 457/1125: ✅ 0 взято | 🗑️ 0 мусор
2026-06-05 09:48:12,877 | INFO     |   → 458/1125: ✅ 0 взято | 🗑️ 0 мусор
2026-06-05 09:48:12,877 | INFO     |   → 459/1125: ✅ 0 взято | 🗑️ 0 мусор
2026-06-05 09:48:12,877 | INFO     |   → 460/1125: ✅ 0 взято | 🗑️ 0 мусор
2026-06-05 09:48:12,877 | INFO     |   → 461/1125: ✅ 0 взято | 🗑️ 0 мусор
2026-06-05 09:48:12,877 | INFO     |   → 462/1125 ❌ HTTP 404 — https://raw.githubusercontent.com/10ium/MihomoSaz/main/Sublist/shatakvpn.yaml4_Sub.txt
2026-06-05 09:48:12,877 | INFO     |   → 463/1125: ✅ 0 взято | 🗑️ 0 мусор
2026-06-05 09:48:12,877 | INFO     |   → 464/1125: ✅ 0 взято | 🗑️ 0 мусор
2026-06-05 09:48:12,877 | INFO     |   → 465/1125: ✅ 167 взято | 🗑️ 672 мусор
2026-06-05 09:48:12,877 | INFO     |   → 466/1125: ✅ 0 взято | 🗑️ 0 мусор
2026-06-05 09:48:12,877 | INFO     |   → 467/1125: ✅ 0 взято | 🗑️ 0 мусор
2026-06-05 09:48:12,877 | INFO     |   → 468/1125: ✅ 11 взято | 🗑️ 399 мусор
2026-06-05 09:48:12,877 | INFO     |   → 469/1125: ✅ 0 взято | 🗑️ 0 мусор
2026-06-05 09:48:12,877 | INFO     |   → 470/1125 ❌ HTTP 404 — https://raw.githubusercontent.com/9Fork/openit/main/Clash.yaml
2026-06-05 09:48:12,877 | INFO     |   → 471/1125: ✅ 50 взято | 🗑️ 74 мусор
2026-06-05 09:48:12,877 | INFO     |   → 472/1125: ✅ 0 взято | 🗑️ 74 мусор
2026-06-05 09:48:12,877 | INFO     |   → 473/1125: ✅ 19 взято | 🗑️ 81 мусор
2026-06-05 09:48:12,877 | INFO     |   → 474/1125: ✅ 11 взято | 🗑️ 87 мусор
2026-06-05 09:48:12,877 | INFO     |   → 475/1125: ✅ 27 взято | 🗑️ 73 мусор
2026-06-05 09:48:12,877 | INFO     |   → 476/1125: ✅ 13 взято | 🗑️ 75 мусор
2026-06-05 09:48:12,877 | INFO     |   → 477/1125: ✅ 10 взято | 🗑️ 83 мусор
2026-06-05 09:48:12,877 | INFO     |   → 478/1125: ✅ 12 взято | 🗑️ 86 мусор
2026-06-05 09:48:12,877 | INFO     |   → 479/1125: ✅ 11 взято | 🗑️ 87 мусор
2026-06-05 09:48:12,877 | INFO     |   → 480/1125: ✅ 11 взято | 🗑️ 80 мусор
2026-06-05 09:48:12,877 | INFO     |   → 481/1125: ✅ 9 взято | 🗑️ 82 мусор
2026-06-05 09:48:12,877 | INFO     |   → 482/1125: ✅ 69 взято | 🗑️ 3 мусор
2026-06-05 09:48:12,877 | INFO     |   → 483/1125: ✅ 3 взято | 🗑️ 75 мусор
2026-06-05 09:48:12,877 | INFO     |   → 484/1125: ✅ 4 взято | 🗑️ 69 мусор
2026-06-05 09:48:12,877 | INFO     |   → 485/1125: ✅ 4 взято | 🗑️ 80 мусор
2026-06-05 09:48:12,877 | INFO     |   → 486/1125: ✅ 6 взято | 🗑️ 81 мусор
2026-06-05 09:48:12,877 | INFO     |   → 487/1125: ✅ 5 взято | 🗑️ 79 мусор
2026-06-05 09:48:12,878 | INFO     |   → 488/1125: ✅ 11 взято | 🗑️ 78 мусор
2026-06-05 09:48:12,878 | INFO     |   → 489/1125: ✅ 3 взято | 🗑️ 83 мусор
2026-06-05 09:48:12,878 | INFO     |   → 490/1125: ✅ 14 взято | 🗑️ 76 мусор
2026-06-05 09:48:12,878 | INFO     |   → 491/1125: ✅ 12 взято | 🗑️ 78 мусор
2026-06-05 09:48:12,878 | INFO     |   → 492/1125: ✅ 26 взято | 🗑️ 218 мусор
2026-06-05 09:48:12,878 | INFO     |   → 493/1125: ✅ 44 взято | 🗑️ 141 мусор
2026-06-05 09:48:12,878 | INFO     |   → 494/1125: ✅ 10 взято | 🗑️ 71 мусор
2026-06-05 09:48:12,878 | INFO     |   → 495/1125: ✅ 2 взято | 🗑️ 88 мусор
2026-06-05 09:48:12,878 | INFO     |   → 496/1125: ✅ 0 взято | 🗑️ 3 мусор
2026-06-05 09:48:12,878 | INFO     |   → 497/1125: ✅ 14 взято | 🗑️ 4 мусор
2026-06-05 09:48:12,878 | INFO     |   → 498/1125: ✅ 665 взято | 🗑️ 2409 мусор
2026-06-05 09:48:12,878 | INFO     |   → 499/1125 ❌ HTTP 404 — https://raw.githubusercontent.com/Alvin9999/pac2/master/clash/1/config.yaml
2026-06-05 09:48:12,878 | INFO     |   → 500/1125 ❌ HTTP 404 — https://raw.githubusercontent.com/AmirHDevo/temp2/7f15e7ddb311a6f8c5ab338bd1af0e1f2136a84b/configs.txt
2026-06-05 09:48:12,878 | INFO     |   → 501/1125: ✅ 26 взято | 🗑️ 74 мусор
2026-06-05 09:48:12,878 | INFO     |   → 502/1125: ✅ 4850 взято | 🗑️ 69327 мусор
2026-06-05 09:48:12,878 | INFO     |   → 503/1125: ✅ 5 взято | 🗑️ 47 мусор
2026-06-05 09:48:12,878 | INFO     |   → 504/1125: ✅ 0 взято | 🗑️ 50 мусор
2026-06-05 09:48:12,878 | INFO     |   → 505/1125: ✅ 21 взято | 🗑️ 107 мусор
2026-06-05 09:48:12,878 | INFO     |   → 506/1125: ✅ 78 взято | 🗑️ 347 мусор
2026-06-05 09:48:12,878 | INFO     |   → 507/1125: ✅ 0 взято | 🗑️ 1373 мусор
2026-06-05 09:48:12,878 | INFO     |   → 508/1125: ✅ 339 взято | 🗑️ 1542 мусор
2026-06-05 09:48:12,878 | INFO     |   → 509/1125: ✅ 0 взято | 🗑️ 6 мусор
2026-06-05 09:48:12,878 | INFO     |   → 510/1125: ✅ 0 взято | 🗑️ 0 мусор
2026-06-05 09:48:12,878 | INFO     |   → 511/1125: ✅ 1 взято | 🗑️ 235 мусор
2026-06-05 09:48:12,878 | INFO     |   → 512/1125: ✅ 0 взято | 🗑️ 16 мусор
2026-06-05 09:48:12,878 | INFO     |   → 513/1125: ✅ 0 взято | 🗑️ 0 мусор
2026-06-05 09:48:12,878 | INFO     |   → 514/1125: ✅ 0 взято | 🗑️ 14 мусор
2026-06-05 09:48:12,878 | INFO     |   → 515/1125: ✅ 0 взято | 🗑️ 0 мусор
2026-06-05 09:48:12,878 | INFO     |   → 516/1125: ✅ 0 взято | 🗑️ 17 мусор
2026-06-05 09:48:12,878 | INFO     |   → 517/1125: ✅ 0 взято | 🗑️ 0 мусор
2026-06-05 09:48:12,879 | INFO     |   → 518/1125: ✅ 1 взято | 🗑️ 12 мусор
2026-06-05 09:48:12,879 | INFO     |   → 519/1125: ✅ 0 взято | 🗑️ 0 мусор
2026-06-05 09:48:12,879 | INFO     |   → 520/1125: ✅ 0 взято | 🗑️ 17 мусор
2026-06-05 09:48:12,879 | INFO     |   → 521/1125: ✅ 0 взято | 🗑️ 0 мусор
2026-06-05 09:48:12,879 | INFO     |   → 522/1125: ✅ 0 взято | 🗑️ 17 мусор
2026-06-05 09:48:12,879 | INFO     |   → 523/1125: ✅ 0 взято | 🗑️ 0 мусор
2026-06-05 09:48:12,879 | INFO     |   → 524/1125: ✅ 0 взято | 🗑️ 161 мусор
2026-06-05 09:48:12,879 | INFO     |   → 525/1125: ✅ 0 взято | 🗑️ 0 мусор
2026-06-05 09:48:12,879 | INFO     |   → 526/1125: ✅ 5 взято | 🗑️ 76 мусор
2026-06-05 09:48:12,879 | INFO     |   → 527/1125: ✅ 80 взято | 🗑️ 1110 мусор
2026-06-05 09:48:12,879 | INFO     |   → 528/1125: ✅ 5 взято | 🗑️ 13 мусор
2026-06-05 09:48:12,879 | INFO     |   → 529/1125 ❌ HTTP 404 — https://raw.githubusercontent.com/Epodonios/bulk-xray-v2ray-vless-vmess-...-configs/main/sub/Austria/config.txt
2026-06-05 09:48:12,879 | INFO     |   → 530/1125 ❌ HTTP 404 — https://raw.githubusercontent.com/Epodonios/bulk-xray-v2ray-vless-vmess-...-configs/main/sub/Canada/config.txt
2026-06-05 09:48:12,879 | INFO     |   → 531/1125 ❌ HTTP 404 — https://raw.githubusercontent.com/Epodonios/bulk-xray-v2ray-vless-vmess-...-configs/main/sub/Costa%20Rica/config.txt
2026-06-05 09:48:12,879 | INFO     |   → 532/1125 ❌ HTTP 404 — https://raw.githubusercontent.com/Epodonios/bulk-xray-v2ray-vless-vmess-...-configs/main/sub/France/config.txt
2026-06-05 09:48:12,879 | INFO     |   → 533/1125 ❌ HTTP 404 — https://raw.githubusercontent.com/Epodonios/bulk-xray-v2ray-vless-vmess-...-configs/main/sub/Germany/config.txt
2026-06-05 09:48:12,879 | INFO     |   → 534/1125 ❌ HTTP 404 — https://raw.githubusercontent.com/Epodonios/bulk-xray-v2ray-vless-vmess-...-configs/main/sub/Indonesia/config.txt
2026-06-05 09:48:12,879 | INFO     |   → 535/1125 ❌ HTTP 404 — https://raw.githubusercontent.com/Epodonios/bulk-xray-v2ray-vless-vmess-...-configs/main/sub/Ireland/config.txt
2026-06-05 09:48:12,879 | INFO     |   → 536/1125 ❌ HTTP 404 — https://raw.githubusercontent.com/Epodonios/bulk-xray-v2ray-vless-vmess-...-configs/main/sub/Republic%20of%20Lithuania/config.txt
2026-06-05 09:48:12,879 | INFO     |   → 537/1125 ❌ HTTP 404 — https://raw.githubusercontent.com/Epodonios/bulk-xray-v2ray-vless-vmess-...-configs/main/sub/South%20Africa/config.txt
2026-06-05 09:48:12,879 | INFO     |   → 538/1125 ❌ HTTP 404 — https://raw.githubusercontent.com/Epodonios/bulk-xray-v2ray-vless-vmess-...-configs/main/sub/Sweden/config.txt
2026-06-05 09:48:12,879 | INFO     |   → 539/1125 ❌ HTTP 404 — https://raw.githubusercontent.com/Epodonios/bulk-xray-v2ray-vless-vmess-...-configs/main/sub/Turkey/config.txt
2026-06-05 09:48:12,879 | INFO     |   → 540/1125 ❌ HTTP 404 — https://raw.githubusercontent.com/Epodonios/bulk-xray-v2ray-vless-vmess-...-configs/main/sub/United%20Arab%20Emirates/config.txt
2026-06-05 09:48:12,879 | INFO     |   → 541/1125 ❌ HTTP 404 — https://raw.githubusercontent.com/Epodonios/bulk-xray-v2ray-vless-vmess-...-configs/main/sub/United%20Kingdom/config.txt
2026-06-05 09:48:12,879 | INFO     |   → 542/1125 ❌ HTTP 404 — https://raw.githubusercontent.com/Epodonios/bulk-xray-v2ray-vless-vmess-...-configs/main/sub/United%20States/config.txt
2026-06-05 09:48:12,879 | INFO     |   → 543/1125: ✅ 606 взято | 🗑️ 4596 мусор
2026-06-05 09:48:12,879 | INFO     |   → 544/1125 ❌ HTTP 404 — https://raw.githubusercontent.com/Epodonios/v2ray-configs/main/Splitted-By-Protocol/mix.txt
2026-06-05 09:48:12,879 | INFO     |   → 545/1125: ✅ 64 взято | 🗑️ 394 мусор
2026-06-05 09:48:12,879 | INFO     |   → 546/1125: ✅ 0 взято | 🗑️ 0 мусор
2026-06-05 09:48:12,879 | INFO     |   → 547/1125: ✅ 7 взято | 🗑️ 625 мусор
2026-06-05 09:48:12,880 | INFO     |   → 548/1125: ✅ 1 взято | 🗑️ 2958 мусор
2026-06-05 09:48:12,880 | INFO     |   → 549/1125: ✅ 5 взято | 🗑️ 603 мусор
2026-06-05 09:48:12,880 | INFO     |   → 550/1125 ❌ HTTP 404 — https://raw.githubusercontent.com/Epodonios/v2ray-configs/raw/main/Splitted-By-Protocol/trojan.txt
2026-06-05 09:48:12,880 | INFO     |   → 551/1125 ❌ HTTP 404 — https://raw.githubusercontent.com/Epodonios/v2ray-configs/raw/main/Splitted-By-Protocol/vmess.txt
2026-06-05 09:48:12,880 | INFO     |   → 552/1125: ✅ 0 взято | 🗑️ 394 мусор
2026-06-05 09:48:12,880 | INFO     |   → 553/1125: ✅ 0 взято | 🗑️ 0 мусор
2026-06-05 09:48:12,880 | INFO     |   → 554/1125: ✅ 0 взято | 🗑️ 625 мусор
2026-06-05 09:48:12,880 | INFO     |   → 555/1125: ✅ 0 взято | 🗑️ 2958 мусор
2026-06-05 09:48:12,880 | INFO     |   → 556/1125: ✅ 0 взято | 🗑️ 603 мусор
2026-06-05 09:48:12,880 | INFO     |   → 557/1125 ❌ HTTP 404 — https://raw.githubusercontent.com/Fido6/FreeNodes/57221e59caddde55ffdda21d491ae952cd608049/nodes/halekj.txt
2026-06-05 09:48:12,880 | INFO     |   → 558/1125 ❌ HTTP 404 — https://raw.githubusercontent.com/Fido6/FreeNodes/57221e59caddde55ffdda21d491ae952cd608049/nodes/kkzui.txt
2026-06-05 09:48:12,880 | INFO     |   → 559/1125 ❌ HTTP 404 — https://raw.githubusercontent.com/Fido6/FreeNodes/57221e59caddde55ffdda21d491ae952cd608049/nodes/wenode.txt
2026-06-05 09:48:12,880 | INFO     |   → 560/1125: ✅ 0 взято | 🗑️ 0 мусор
2026-06-05 09:48:12,880 | INFO     |   → 561/1125: ✅ 0 взято | 🗑️ 0 мусор
2026-06-05 09:48:12,880 | INFO     |   → 562/1125: ✅ 14 взято | 🗑️ 250 мусор
2026-06-05 09:48:12,880 | INFO     |   → 563/1125: ✅ 5 взято | 🗑️ 20 мусор
2026-06-05 09:48:12,880 | INFO     |   → 564/1125: ✅ 1 взято | 🗑️ 17 мусор
2026-06-05 09:48:12,880 | INFO     |   → 565/1125: ✅ 4 взято | 🗑️ 11 мусор
2026-06-05 09:48:12,880 | INFO     |   → 566/1125: ✅ 0 взято | 🗑️ 0 мусор
2026-06-05 09:48:12,880 | INFO     |   → 567/1125: ✅ 0 взято | 🗑️ 137 мусор
2026-06-05 09:48:12,880 | INFO     |   → 568/1125: ✅ 0 взято | 🗑️ 32 мусор
2026-06-05 09:48:12,880 | INFO     |   → 569/1125: ✅ 2 взято | 🗑️ 19 мусор
2026-06-05 09:48:12,880 | INFO     |   → 570/1125: ✅ 0 взято | 🗑️ 43 мусор
2026-06-05 09:48:12,880 | INFO     |   → 571/1125: ✅ 0 взято | 🗑️ 43 мусор
2026-06-05 09:48:12,880 | INFO     |   → 572/1125 ❌ HTTP 404 — https://raw.githubusercontent.com/Iran-v2ray/v2ray/main/v2ray
2026-06-05 09:48:12,880 | INFO     |   → 573/1125: ✅ 0 взято | 🗑️ 1 мусор
2026-06-05 09:48:12,880 | INFO     |   → 574/1125: ✅ 0 взято | 🗑️ 1 мусор
2026-06-05 09:48:12,880 | INFO     |   → 575/1125: ✅ 0 взято | 🗑️ 28 мусор
2026-06-05 09:48:12,880 | INFO     |   → 576/1125: ✅ 14 взято | 🗑️ 282 мусор
2026-06-05 09:48:12,880 | INFO     |   → 577/1125: ✅ 0 взято | 🗑️ 94 мусор
2026-06-05 09:48:12,880 | INFO     |   → 578/1125: ✅ 0 взято | 🗑️ 0 мусор
2026-06-05 09:48:12,881 | INFO     |   → 579/1125: ✅ 0 взято | 🗑️ 0 мусор
2026-06-05 09:48:12,881 | INFO     |   → 580/1125 ❌ HTTP 404 — https://raw.githubusercontent.com/Kwinshadow/TelegramV2rayCollector/raw/refs/heads/main/sublinks/mix.txt
2026-06-05 09:48:12,881 | INFO     |   → 581/1125 ❌ HTTP 404 — https://raw.githubusercontent.com/LalatinaHub/Mineral/raw/refs/heads/master/result/nodes
2026-06-05 09:48:12,881 | INFO     |   → 582/1125 ❌ HTTP 404 — https://raw.githubusercontent.com/Leon406/SubCrawler/main/sub/share/all3
2026-06-05 09:48:12,881 | INFO     |   → 583/1125 ❌ HTTP 404 — https://raw.githubusercontent.com/Leon406/SubCrawler/main/sub/share/all4
2026-06-05 09:48:12,881 | INFO     |   → 584/1125: ✅ 4 взято | 🗑️ 335 мусор
2026-06-05 09:48:12,881 | INFO     |   → 585/1125: ✅ 0 взято | 🗑️ 33 мусор
2026-06-05 09:48:12,881 | INFO     |   → 586/1125: ✅ 0 взято | 🗑️ 6 мусор
2026-06-05 09:48:12,881 | INFO     |   → 587/1125: ✅ 0 взято | 🗑️ 147 мусор
2026-06-05 09:48:12,881 | INFO     |   → 588/1125 ❌ HTTP 404 — https://raw.githubusercontent.com/M-Mashreghi/free-config-collector/main/Splitted-By-Protocol/ssr.txt
2026-06-05 09:48:12,881 | INFO     |   → 589/1125: ✅ 139 взято | 🗑️ 114 мусор
2026-06-05 09:48:12,881 | INFO     |   → 590/1125: ✅ 126 взято | 🗑️ 137 мусор
2026-06-05 09:48:12,881 | INFO     |   → 591/1125: ✅ 0 взято | 🗑️ 12 мусор
2026-06-05 09:48:12,881 | INFO     |   → 592/1125: ✅ 0 взято | 🗑️ 1 мусор
2026-06-05 09:48:12,881 | INFO     |   → 593/1125: ✅ 32 взято | 🗑️ 86 мусор
2026-06-05 09:48:12,881 | INFO     |   → 594/1125: ✅ 0 взято | 🗑️ 86 мусор
2026-06-05 09:48:12,881 | INFO     |   → 595/1125 ❌ HTTP 404 — https://raw.githubusercontent.com/MatinGhanbari/v2ray-configs/main/subscriptions/filtered/subs/hy2.txt
2026-06-05 09:48:12,881 | INFO     |   → 596/1125: ✅ 32 взято | 🗑️ 1446 мусор
2026-06-05 09:48:12,881 | INFO     |   → 597/1125 ❌ HTTP 404 — https://raw.githubusercontent.com/MatinGhanbari/v2ray-configs/main/subscriptions/filtered/subs/ssr.txt
2026-06-05 09:48:12,881 | INFO     |   → 598/1125: ✅ 61 взято | 🗑️ 582 мусор
2026-06-05 09:48:12,881 | INFO     |   → 599/1125 ❌ HTTP 404 — https://raw.githubusercontent.com/MatinGhanbari/v2ray-configs/main/subscriptions/filtered/subs/tuic.txt
2026-06-05 09:48:12,881 | INFO     |   → 600/1125: ✅ 4 взято | 🗑️ 67 мусор
2026-06-05 09:48:12,881 | INFO     |   → 601/1125: ✅ 252 взято | 🗑️ 1506 мусор
2026-06-05 09:48:12,881 | INFO     |   → 602/1125: ✅ 0 взято | 🗑️ 2 мусор
2026-06-05 09:48:12,881 | INFO     |   → 603/1125: ✅ 98 взято | 🗑️ 1144 мусор
2026-06-05 09:48:12,881 | INFO     |   → 604/1125: ✅ 0 взято | 🗑️ 578 мусор
2026-06-05 09:48:12,881 | INFO     |   → 605/1125: ✅ 0 взято | 🗑️ 578 мусор
2026-06-05 09:48:12,881 | INFO     |   → 606/1125: ✅ 0 взято | 🗑️ 55 мусор
2026-06-05 09:48:12,881 | INFO     |   → 607/1125: ✅ 0 взято | 🗑️ 2 мусор
2026-06-05 09:48:12,881 | INFO     |   → 608/1125: ✅ 0 взято | 🗑️ 437 мусор
2026-06-05 09:48:12,881 | INFO     |   → 609/1125: ✅ 0 взято | 🗑️ 80 мусор
2026-06-05 09:48:12,881 | INFO     |   → 610/1125 ❌ HTTP 404 — https://raw.githubusercontent.com/MhdiTaheri/V2rayCollector/raw/refs/heads/main/sub/mix
2026-06-05 09:48:12,881 | INFO     |   → 611/1125: ✅ 53 взято | 🗑️ 267 мусор
2026-06-05 09:48:12,881 | INFO     |   → 612/1125 ❌ HTTP 404 — https://raw.githubusercontent.com/MhdiTaheri/V2rayCollector_Py/raw/refs/heads/main/sub/Mix/mix.txt
2026-06-05 09:48:12,881 | INFO     |   → 613/1125: ✅ 0 взято | 🗑️ 0 мусор
2026-06-05 09:48:12,881 | INFO     |   → 614/1125: ✅ 43 взято | 🗑️ 217 мусор
2026-06-05 09:48:12,881 | INFO     |   → 615/1125: ✅ 0 взято | 🗑️ 31 мусор
2026-06-05 09:48:12,881 | INFO     |   → 616/1125: ✅ 93 взято | 🗑️ 282 мусор
2026-06-05 09:48:12,881 | INFO     |   → 617/1125: ✅ 0 взято | 🗑️ 26 мусор
2026-06-05 09:48:12,881 | INFO     |   → 618/1125 ❌ HTTP 404 — https://raw.githubusercontent.com/MrMohebi/xray-proxy-grabber-telegram/master/collected-proxies/clash-meta/all.yaml
2026-06-05 09:48:12,881 | INFO     |   → 619/1125 ❌ HTTP 404 — https://raw.githubusercontent.com/MrMohebi/xray-proxy-grabber-telegram/master/collected-proxies/row-url/actives.txt
2026-06-05 09:48:12,881 | INFO     |   → 620/1125 ❌ HTTP 404 — https://raw.githubusercontent.com/MrMohebi/xray-proxy-grabber-telegram/master/collected-proxies/row-url/all.txt
2026-06-05 09:48:12,882 | INFO     |   → 621/1125: ✅ 0 взято | 🗑️ 13 мусор
2026-06-05 09:48:12,882 | INFO     |   → 622/1125: ✅ 0 взято | 🗑️ 13 мусор
2026-06-05 09:48:12,882 | INFO     |   → 623/1125: ✅ 5 взято | 🗑️ 15 мусор
2026-06-05 09:48:12,882 | INFO     |   → 624/1125: ✅ 0 взято | 🗑️ 30 мусор
2026-06-05 09:48:12,882 | INFO     |   → 625/1125: ✅ 0 взято | 🗑️ 15 мусор
2026-06-05 09:48:12,882 | INFO     |   → 626/1125: ✅ 66 взято | 🗑️ 123 мусор
2026-06-05 09:48:12,882 | INFO     |   → 627/1125: ✅ 50 взято | 🗑️ 30 мусор
2026-06-05 09:48:12,882 | INFO     |   → 628/1125: ✅ 0 взято | 🗑️ 0 мусор
2026-06-05 09:48:12,882 | INFO     |   → 629/1125 ❌ HTTP 404 — https://raw.githubusercontent.com/OpenCNLink/freevpn/3cfcff048bfdd1493ccffa52ecf30ce7f9fc6b28/src/list/vmess.txt
2026-06-05 09:48:12,882 | INFO     |   → 630/1125 ❌ HTTP 404 — https://raw.githubusercontent.com/Pawdro/Collection/main/sub
2026-06-05 09:48:12,882 | INFO     |   → 631/1125: ✅ 2 взято | 🗑️ 11 мусор
2026-06-05 09:48:12,882 | INFO     |   → 632/1125: ✅ 0 взято | 🗑️ 11 мусор
2026-06-05 09:48:12,882 | INFO     |   → 633/1125: ✅ 0 взято | 🗑️ 0 мусор
2026-06-05 09:48:12,882 | INFO     |   → 634/1125: ✅ 0 взято | 🗑️ 0 мусор
2026-06-05 09:48:12,882 | INFO     |   → 635/1125: ✅ 0 взято | 🗑️ 50 мусор
2026-06-05 09:48:12,882 | INFO     |   → 636/1125: ✅ 5 взято | 🗑️ 206 мусор
2026-06-05 09:48:12,882 | INFO     |   → 637/1125: ✅ 21 взято | 🗑️ 138 мусор
2026-06-05 09:48:12,882 | INFO     |   → 638/1125: ✅ 23 взято | 🗑️ 89 мусор
2026-06-05 09:48:12,882 | INFO     |   → 639/1125: ✅ 9 взято | 🗑️ 85 мусор
2026-06-05 09:48:12,882 | INFO     |   → 640/1125: ✅ 0 взято | 🗑️ 129 мусор
2026-06-05 09:48:12,882 | INFO     |   → 641/1125: ✅ 0 взято | 🗑️ 81 мусор
2026-06-05 09:48:12,882 | INFO     |   → 642/1125 ❌ HTTP 404 — https://raw.githubusercontent.com/STR97/STRUGOV/refs/heads/main/STR.BYPASS
2026-06-05 09:48:12,882 | INFO     |   → 643/1125: ✅ 4 взято | 🗑️ 34 мусор
2026-06-05 09:48:12,882 | INFO     |   → 644/1125: ✅ 11 взято | 🗑️ 16 мусор
2026-06-05 09:48:12,882 | INFO     |   → 645/1125: ✅ 0 взято | 🗑️ 16 мусор
2026-06-05 09:48:12,882 | INFO     |   → 646/1125: ✅ 0 взято | 🗑️ 27 мусор
2026-06-05 09:48:12,882 | INFO     |   → 647/1125: ✅ 140 взято | 🗑️ 1153 мусор
2026-06-05 09:48:12,882 | INFO     |   → 648/1125: ✅ 29 взято | 🗑️ 54 мусор
2026-06-05 09:48:12,882 | INFO     |   → 649/1125: ✅ 0 взято | 🗑️ 0 мусор
2026-06-05 09:48:12,882 | INFO     |   → 650/1125: ✅ 0 взято | 🗑️ 0 мусор
2026-06-05 09:48:12,882 | INFO     |   → 651/1125: ✅ 2 взято | 🗑️ 33 мусор
2026-06-05 09:48:12,882 | INFO     |   → 652/1125: ✅ 0 взято | 🗑️ 0 мусор
2026-06-05 09:48:12,882 | INFO     |   → 653/1125: ✅ 0 взято | 🗑️ 33 мусор
2026-06-05 09:48:12,882 | INFO     |   → 654/1125: ✅ 4 взято | 🗑️ 291 мусор
2026-06-05 09:48:12,882 | INFO     |   → 655/1125: ✅ 0 взято | 🗑️ 119 мусор
2026-06-05 09:48:12,882 | INFO     |   → 656/1125: ✅ 0 взято | 🗑️ 0 мусор
2026-06-05 09:48:12,882 | INFO     |   → 657/1125 ❌ HTTP 404 — https://raw.githubusercontent.com/V2RAYCONFIGSPOOL/V2RAY_SUB/main/V2RAY_SUB.txt
2026-06-05 09:48:12,882 | INFO     |   → 658/1125: ✅ 71 взято | 🗑️ 221 мусор
2026-06-05 09:48:12,882 | INFO     |   → 659/1125: ✅ 16 взято | 🗑️ 17 мусор
2026-06-05 09:48:12,882 | INFO     |   → 660/1125: ✅ 0 взято | 🗑️ 0 мусор
2026-06-05 09:48:12,882 | INFO     |   → 661/1125: ✅ 0 взято | 🗑️ 17 мусор
2026-06-05 09:48:12,883 | INFO     |   → 662/1125: ✅ 58 взято | 🗑️ 348 мусор
2026-06-05 09:48:12,883 | INFO     |   → 663/1125: ✅ 0 взято | 🗑️ 0 мусор
2026-06-05 09:48:12,883 | INFO     |   → 664/1125: ✅ 6 взято | 🗑️ 245 мусор
2026-06-05 09:48:12,883 | INFO     |   → 665/1125: ✅ 0 взято | 🗑️ 0 мусор
2026-06-05 09:48:12,883 | INFO     |   → 666/1125: ✅ 3 взято | 🗑️ 322 мусор
2026-06-05 09:48:12,883 | INFO     |   → 667/1125: ✅ 0 взято | 🗑️ 0 мусор
2026-06-05 09:48:12,883 | INFO     |   → 668/1125: ✅ 0 взято | 🗑️ 0 мусор
2026-06-05 09:48:12,883 | INFO     |   → 669/1125: ✅ 3 взято | 🗑️ 268 мусор
2026-06-05 09:48:12,883 | INFO     |   → 670/1125: ✅ 1 взято | 🗑️ 251 мусор
2026-06-05 09:48:12,883 | INFO     |   → 671/1125: ✅ 1 взято | 🗑️ 231 мусор
2026-06-05 09:48:12,883 | INFO     |   → 672/1125: ✅ 0 взято | 🗑️ 0 мусор
2026-06-05 09:48:12,883 | INFO     |   → 673/1125: ✅ 1 взято | 🗑️ 83 мусор
2026-06-05 09:48:12,883 | INFO     |   → 674/1125: ✅ 0 взято | 🗑️ 16 мусор
2026-06-05 09:48:12,883 | INFO     |   → 675/1125: ✅ 0 взято | 🗑️ 16 мусор
2026-06-05 09:48:12,883 | INFO     |   → 676/1125 ❌ HTTP 404 — https://raw.githubusercontent.com/aiboboxx/clashfree/main/clash.yml
2026-06-05 09:48:12,883 | INFO     |   → 677/1125 ❌ HTTP 404 — https://raw.githubusercontent.com/aiboboxx/v2rayfree/main/v2
2026-06-05 09:48:12,883 | INFO     |   → 678/1125 ❌ HTTP 404 — https://raw.githubusercontent.com/amirmohammad-mohammad-88/Sub-Reality-Azadi-config/Config/Azadi-Reality-Different
2026-06-05 09:48:12,883 | INFO     |   → 679/1125 ❌ HTTP 404 — https://raw.githubusercontent.com/amirmohammad-mohammad-88/Sub-Reality-Azadi-config/Config/Azadi-Reality-Different-Base64
2026-06-05 09:48:12,883 | INFO     |   → 680/1125: ✅ 1 взято | 🗑️ 17 мусор
2026-06-05 09:48:12,883 | INFO     |   → 681/1125: ✅ 0 взято | 🗑️ 0 мусор
2026-06-05 09:48:12,883 | INFO     |   → 682/1125: ✅ 4 взято | 🗑️ 114 мусор
2026-06-05 09:48:12,883 | INFO     |   → 683/1125: ✅ 24 взято | 🗑️ 71 мусор
2026-06-05 09:48:12,883 | INFO     |   → 684/1125 ❌ HTTP 404 — https://raw.githubusercontent.com/awesome-vpn/awesome-vpn/master/ss
2026-06-05 09:48:12,883 | INFO     |   → 685/1125 ❌ HTTP 404 — https://raw.githubusercontent.com/awesome-vpn/awesome-vpn/master/ssr
2026-06-05 09:48:12,883 | INFO     |   → 686/1125: ✅ 0 взято | 🗑️ 0 мусор
2026-06-05 09:48:12,883 | INFO     |   → 687/1125: ✅ 1 взято | 🗑️ 22 мусор
2026-06-05 09:48:12,883 | INFO     |   → 688/1125: ✅ 0 взято | 🗑️ 445 мусор
2026-06-05 09:48:12,883 | INFO     |   → 689/1125 ❌ HTTP 404 — https://raw.githubusercontent.com/barry-far/V2ray-Configs/ced94ddfff48276ec365b40227561f36b1b64bc8/Sub5.txt
2026-06-05 09:48:12,884 | INFO     |   → 690/1125 ❌ HTTP 404 — https://raw.githubusercontent.com/barry-far/V2ray-Configs/main/Splitted-By-Protocol/hysteria2.txt
2026-06-05 09:48:12,884 | INFO     |   → 691/1125 ❌ HTTP 404 — https://raw.githubusercontent.com/barry-far/V2ray-Configs/main/Splitted-By-Protocol/vless.txt
2026-06-05 09:48:12,884 | INFO     |   → 692/1125 ❌ HTTP 404 — https://raw.githubusercontent.com/barry-far/V2ray-Configs/main/Sub1.txt
2026-06-05 09:48:12,884 | INFO     |   → 693/1125 ❌ HTTP 404 — https://raw.githubusercontent.com/barry-far/V2ray-Configs/refs/heads/main/All_Configs_Sub.txt
2026-06-05 09:48:12,884 | INFO     |   → 694/1125: ✅ 0 взято | 🗑️ 0 мусор
2026-06-05 09:48:12,884 | INFO     |   → 695/1125 ❌ HTTP 404 — https://raw.githubusercontent.com/budamu/clashconfig/main/v2ray.txt
2026-06-05 09:48:12,884 | INFO     |   → 696/1125 ❌ HTTP 404 — https://raw.githubusercontent.com/budamu/clashconfig/main/v2ray2.txt
2026-06-05 09:48:12,884 | INFO     |   → 697/1125: ✅ 0 взято | 🗑️ 0 мусор
2026-06-05 09:48:12,884 | INFO     |   → 698/1125: ✅ 0 взято | 🗑️ 442 мусор
2026-06-05 09:48:12,884 | INFO     |   → 699/1125: ✅ 0 взято | 🗑️ 0 мусор
2026-06-05 09:48:12,884 | INFO     |   → 700/1125 ❌ HTTP 404 — https://raw.githubusercontent.com/chxxyz2004/zd/17fca23b73c46b5dd73e9be49b14d219b5e5f836/sub/2401/240110.txt
2026-06-05 09:48:12,884 | INFO     |   → 701/1125: ✅ 0 взято | 🗑️ 44 мусор
2026-06-05 09:48:12,884 | INFO     |   → 702/1125: ✅ 236 взято | 🗑️ 517 мусор
2026-06-05 09:48:12,884 | INFO     |   → 703/1125 ❌ HTTP 404 — https://raw.githubusercontent.com/cxr9912/cxr2022/main/free.yaml
2026-06-05 09:48:12,884 | INFO     |   → 704/1125 ❌ HTTP 404 — https://raw.githubusercontent.com/cxr9912/cxr2022/main/mix.yaml
2026-06-05 09:48:12,884 | INFO     |   → 705/1125 ❌ HTTP 404 — https://raw.githubusercontent.com/cxr9912/cxr2022/main/ss.yaml
2026-06-05 09:48:12,884 | INFO     |   → 706/1125 ❌ HTTP 404 — https://raw.githubusercontent.com/cxr9912/cxr2022/main/ssr.yaml
2026-06-05 09:48:12,884 | INFO     |   → 707/1125 ❌ HTTP 404 — https://raw.githubusercontent.com/cxr9912/cxr2022/main/vmess.yaml
2026-06-05 09:48:12,884 | INFO     |   → 708/1125 ❌ HTTP 404 — https://raw.githubusercontent.com/cxr9912/cxr2022/refs/heads/main/18cj.json
2026-06-05 09:48:12,884 | INFO     |   → 709/1125 ❌ HTTP 404 — https://raw.githubusercontent.com/cxr9912/cxr2022/refs/heads/main/aaaaaaaa.yaml
2026-06-05 09:48:12,884 | INFO     |   → 710/1125 ❌ HTTP 404 — https://raw.githubusercontent.com/cxr9912/cxr2022/refs/heads/main/free.yaml
2026-06-05 09:48:12,884 | INFO     |   → 711/1125 ❌ HTTP 404 — https://raw.githubusercontent.com/cxr9912/cxr2022/refs/heads/main/ss2088.txt
2026-06-05 09:48:12,884 | INFO     |   → 712/1125: ✅ 0 взято | 🗑️ 18 мусор
2026-06-05 09:48:12,884 | INFO     |   → 713/1125: ✅ 0 взято | 🗑️ 18 мусор
2026-06-05 09:48:12,884 | INFO     |   → 714/1125: ✅ 6 взято | 🗑️ 78 мусор
2026-06-05 09:48:12,884 | INFO     |   → 715/1125: ✅ 6 взято | 🗑️ 4 мусор
2026-06-05 09:48:12,884 | INFO     |   → 716/1125: ✅ 0 взято | 🗑️ 2 мусор
2026-06-05 09:48:12,884 | INFO     |   → 717/1125: ✅ 0 взято | 🗑️ 2 мусор
2026-06-05 09:48:12,884 | INFO     |   → 718/1125: ✅ 0 взято | 🗑️ 2 мусор
2026-06-05 09:48:12,884 | INFO     |   → 719/1125: ✅ 0 взято | 🗑️ 3 мусор
2026-06-05 09:48:12,885 | INFO     |   → 720/1125: ✅ 0 взято | 🗑️ 2 мусор
2026-06-05 09:48:12,885 | INFO     |   → 721/1125: ✅ 0 взято | 🗑️ 9 мусор
2026-06-05 09:48:12,885 | INFO     |   → 722/1125: ✅ 1 взято | 🗑️ 1 мусор
2026-06-05 09:48:12,885 | INFO     |   → 723/1125: ✅ 0 взято | 🗑️ 10 мусор
2026-06-05 09:48:12,885 | INFO     |   → 724/1125: ✅ 0 взято | 🗑️ 2 мусор
2026-06-05 09:48:12,885 | INFO     |   → 725/1125: ✅ 0 взято | 🗑️ 0 мусор
2026-06-05 09:48:12,885 | INFO     |   → 726/1125: ✅ 7085 взято | 🗑️ 137568 мусор
2026-06-05 09:48:12,885 | INFO     |   → 727/1125: ✅ 5 взято | 🗑️ 124 мусор
2026-06-05 09:48:12,885 | INFO     |   → 728/1125: ✅ 6 взято | 🗑️ 113 мусор
2026-06-05 09:48:12,885 | INFO     |   → 729/1125: ✅ 0 взято | 🗑️ 0 мусор
2026-06-05 09:48:12,885 | INFO     |   → 730/1125: ✅ 7 взято | 🗑️ 19 мусор
2026-06-05 09:48:12,885 | INFO     |   → 731/1125: ✅ 0 взято | 🗑️ 0 мусор
2026-06-05 09:48:12,885 | INFO     |   → 732/1125: ✅ 13 взято | 🗑️ 19 мусор
2026-06-05 09:48:12,885 | INFO     |   → 733/1125: ✅ 0 взято | 🗑️ 5 мусор
2026-06-05 09:48:12,885 | INFO     |   → 734/1125: ✅ 2 взято | 🗑️ 80 мусор
2026-06-05 09:48:12,885 | INFO     |   → 735/1125 ❌ HTTP 404 — https://raw.githubusercontent.com/free-nodes/v2rayfree/main/v2
2026-06-05 09:48:12,885 | INFO     |   → 736/1125 ❌ HTTP 404 — https://raw.githubusercontent.com/free-v2ray-config/trojan/main/trojan.txt
2026-06-05 09:48:12,885 | INFO     |   → 737/1125 ❌ HTTP 404 — https://raw.githubusercontent.com/free-v2ray-config/vless/main/vless.txt
2026-06-05 09:48:12,885 | INFO     |   → 738/1125 ❌ HTTP 404 — https://raw.githubusercontent.com/free-v2ray-config/vmess/main/vmess.txt
2026-06-05 09:48:12,885 | INFO     |   → 739/1125: ✅ 5 взято | 🗑️ 169 мусор
2026-06-05 09:48:12,885 | INFO     |   → 740/1125: ✅ 34 взято | 🗑️ 121 мусор
2026-06-05 09:48:12,885 | INFO     |   → 741/1125: ✅ 4 взято | 🗑️ 97 мусор
2026-06-05 09:48:12,885 | INFO     |   → 742/1125 ❌ HTTP 404 — https://raw.githubusercontent.com/free18/v2ray/main/Clash.yaml
2026-06-05 09:48:12,885 | INFO     |   → 743/1125: ✅ 0 взято | 🗑️ 0 мусор
2026-06-05 09:48:12,885 | INFO     |   → 744/1125: ✅ 0 взято | 🗑️ 15 мусор
2026-06-05 09:48:12,885 | INFO     |   → 745/1125: ✅ 0 взято | 🗑️ 0 мусор
2026-06-05 09:48:12,885 | INFO     |   → 746/1125: ✅ 0 взято | 🗑️ 8 мусор
2026-06-05 09:48:12,885 | INFO     |   → 747/1125: ✅ 0 взято | 🗑️ 8 мусор
2026-06-05 09:48:12,885 | INFO     |   → 748/1125: ✅ 0 взято | 🗑️ 8 мусор
2026-06-05 09:48:12,885 | INFO     |   → 749/1125: ✅ 0 взято | 🗑️ 8 мусор
2026-06-05 09:48:12,886 | INFO     |   → 750/1125 ❌ HTTP 404 — https://raw.githubusercontent.com/freev2rayconfig/V2RAY_SUB/3e6a7786a1601ee3723e8d043ae79e70dbdfd9a8/v2rayconfigs.txt
2026-06-05 09:48:12,886 | INFO     |   → 751/1125 ❌ HTTP 404 — https://raw.githubusercontent.com/freev2rayconfig/V2RAY_SUBSCRIPTION_LINK/main/v2rayconfigs.txt
2026-06-05 09:48:12,886 | INFO     |   → 752/1125 ❌ HTTP 404 — https://raw.githubusercontent.com/gfpcom/free-proxy-list/main/list/http.txt
2026-06-05 09:48:12,886 | INFO     |   → 753/1125 ❌ HTTP 404 — https://raw.githubusercontent.com/gfpcom/free-proxy-list/main/list/https.txt
2026-06-05 09:48:12,886 | INFO     |   → 754/1125 ❌ HTTP 404 — https://raw.githubusercontent.com/gfpcom/free-proxy-list/main/list/socks4.txt
2026-06-05 09:48:12,886 | INFO     |   → 755/1125 ❌ HTTP 404 — https://raw.githubusercontent.com/gfpcom/free-proxy-list/main/list/socks4a.txt
2026-06-05 09:48:12,886 | INFO     |   → 756/1125 ❌ HTTP 404 — https://raw.githubusercontent.com/gfpcom/free-proxy-list/main/list/socks5.txt
2026-06-05 09:48:12,886 | INFO     |   → 757/1125 ❌ HTTP 404 — https://raw.githubusercontent.com/gfpcom/free-proxy-list/main/list/socks5h.txt
2026-06-05 09:48:12,886 | INFO     |   → 758/1125 ❌ HTTP 404 — https://raw.githubusercontent.com/gfpcom/free-proxy-list/main/list/ss.txt
2026-06-05 09:48:12,886 | INFO     |   → 759/1125 ❌ HTTP 404 — https://raw.githubusercontent.com/gfpcom/free-proxy-list/main/list/ssr.txt
2026-06-05 09:48:12,886 | INFO     |   → 760/1125 ❌ HTTP 404 — https://raw.githubusercontent.com/gfpcom/free-proxy-list/main/list/trojan.txt
2026-06-05 09:48:12,886 | INFO     |   → 761/1125 ❌ HTTP 404 — https://raw.githubusercontent.com/gfpcom/free-proxy-list/main/list/vless.txt
2026-06-05 09:48:12,886 | INFO     |   → 762/1125 ❌ HTTP 404 — https://raw.githubusercontent.com/gfpcom/free-proxy-list/main/list/vmess.txt
2026-06-05 09:48:12,886 | INFO     |   → 763/1125: ✅ 0 взято | 🗑️ 17 мусор
2026-06-05 09:48:12,886 | INFO     |   → 764/1125: ✅ 0 взято | 🗑️ 0 мусор
2026-06-05 09:48:12,886 | INFO     |   → 765/1125: ✅ 4 взято | 🗑️ 63 мусор
2026-06-05 09:48:12,886 | INFO     |   → 766/1125 ❌ HTTP 404 — https://raw.githubusercontent.com/hameed-maleki/TVC/89a4522969c57dcc22458cae9898426e5c4f2679/lite/config.txt
2026-06-05 09:48:12,886 | INFO     |   → 767/1125: ✅ 5 взято | 🗑️ 132 мусор
2026-06-05 09:48:12,886 | INFO     |   → 768/1125: ✅ 0 взято | 🗑️ 56 мусор
2026-06-05 09:48:12,886 | INFO     |   → 769/1125 ❌ HTTP 404 — https://raw.githubusercontent.com/hkaa0/permalink/main/proxy/V2ray
2026-06-05 09:48:12,886 | INFO     |   → 770/1125 ❌ HTTP 404 — https://raw.githubusercontent.com/hkaa0/permalink/main/proxy/clash
2026-06-05 09:48:12,886 | INFO     |   → 771/1125 ❌ HTTP 404 — https://raw.githubusercontent.com/hkpc/Autoproxy/6cf946ddfc677a29062007e4b47d70674474baa7/sub/2401/240110.txt
2026-06-05 09:48:12,886 | INFO     |   → 772/1125 ❌ HTTP 404 — https://raw.githubusercontent.com/hkpc/V2ray-Configs/7d9aa0dabf947af180a7dd6302818ed37950531a/Sub1.txt
2026-06-05 09:48:12,886 | INFO     |   → 773/1125: ✅ 0 взято | 🗑️ 14 мусор
2026-06-05 09:48:12,886 | INFO     |   → 774/1125: ✅ 16 взято | 🗑️ 16 мусор
2026-06-05 09:48:12,886 | INFO     |   → 775/1125 ❌ HTTP 404 — https://raw.githubusercontent.com/iboxz/free-v2ray-collector/main/main
2026-06-05 09:48:12,886 | INFO     |   → 776/1125: ✅ 17 взято | 🗑️ 17 мусор
2026-06-05 09:48:12,886 | INFO     |   → 777/1125: ✅ 10 взято | 🗑️ 19 мусор
2026-06-05 09:48:12,886 | INFO     |   → 778/1125: ✅ 101 взято | 🗑️ 206 мусор
2026-06-05 09:48:12,886 | INFO     |   → 779/1125 ❌ HTTP 404 — https://raw.githubusercontent.com/igareck/vpn-configs-for-russia/refs/heads/main/Vless-Reality-White-Lists-Rus-Cable.txt
2026-06-05 09:48:12,887 | INFO     |   → 780/1125: ✅ 5 взято | 🗑️ 0 мусор
2026-06-05 09:48:12,887 | INFO     |   → 781/1125: ✅ 0 взято | 🗑️ 0 мусор
2026-06-05 09:48:12,887 | INFO     |   → 782/1125: ✅ 0 взято | 🗑️ 0 мусор
2026-06-05 09:48:12,887 | INFO     |   → 783/1125: ✅ 23 взято | 🗑️ 9 мусор
2026-06-05 09:48:12,887 | INFO     |   → 784/1125: ✅ 0 взято | 🗑️ 0 мусор
2026-06-05 09:48:12,887 | INFO     |   → 785/1125: ✅ 0 взято | 🗑️ 0 мусор
2026-06-05 09:48:12,887 | INFO     |   → 786/1125: ✅ 0 взято | 🗑️ 12 мусор
2026-06-05 09:48:12,887 | INFO     |   → 787/1125: ✅ 0 взято | 🗑️ 43 мусор
2026-06-05 09:48:12,887 | INFO     |   → 788/1125 ❌ HTTP 404 — https://raw.githubusercontent.com/jw853355718/clash_233/master/config.yml
2026-06-05 09:48:12,887 | INFO     |   → 789/1125: ✅ 0 взято | 🗑️ 210 мусор
2026-06-05 09:48:12,887 | INFO     |   → 790/1125: ✅ 0 взято | 🗑️ 0 мусор
2026-06-05 09:48:12,887 | INFO     |   → 791/1125: ✅ 0 взято | 🗑️ 0 мусор
2026-06-05 09:48:12,887 | INFO     |   → 792/1125 ❌ HTTP 404 — https://raw.githubusercontent.com/lcx12901/v2ray-/master/sspool.herokuapp.com/yzcloud.yaml
2026-06-05 09:48:12,887 | INFO     |   → 793/1125 ❌ HTTP 404 — https://raw.githubusercontent.com/lcx12901/v2ray-/master/sspool.herokuapp.com/yzcloud2.yaml
2026-06-05 09:48:12,887 | INFO     |   → 794/1125: ✅ 0 взято | 🗑️ 0 мусор
2026-06-05 09:48:12,887 | INFO     |   → 795/1125 ❌ HTTP 404 — https://raw.githubusercontent.com/learnhard-cn/free_proxy_ss/main/clash/config.yaml
2026-06-05 09:48:12,887 | INFO     |   → 796/1125: ✅ 0 взято | 🗑️ 8 мусор
2026-06-05 09:48:12,887 | INFO     |   → 797/1125: ✅ 0 взято | 🗑️ 4 мусор
2026-06-05 09:48:12,887 | INFO     |   → 798/1125: ✅ 0 взято | 🗑️ 0 мусор
2026-06-05 09:48:12,887 | INFO     |   → 799/1125: ✅ 0 взято | 🗑️ 4 мусор
2026-06-05 09:48:12,887 | INFO     |   → 800/1125: ✅ 0 взято | 🗑️ 149 мусор
2026-06-05 09:48:12,887 | INFO     |   → 801/1125: ✅ 0 взято | 🗑️ 421 мусор
2026-06-05 09:48:12,887 | INFO     |   → 802/1125 ❌ HTTP 404 — https://raw.githubusercontent.com/lisylva-lee/v2dyku/main/ssr
2026-06-05 09:48:12,887 | INFO     |   → 803/1125 ❌ HTTP 404 — https://raw.githubusercontent.com/lisylva-lee/v2dyku/main/v2dy
2026-06-05 09:48:12,887 | INFO     |   → 804/1125: ✅ 0 взято | 🗑️ 53 мусор
2026-06-05 09:48:12,887 | INFO     |   → 805/1125 ❌ HTTP 404 — https://raw.githubusercontent.com/luxl-1379/merge/77247d23def72b25226dfa741614e9b07a569c72/sub/sub_merge_base64.txt
2026-06-05 09:48:12,887 | INFO     |   → 806/1125: ✅ 146 взято | 🗑️ 343 мусор
2026-06-05 09:48:12,887 | INFO     |   → 807/1125: ✅ 0 взято | 🗑️ 122 мусор
2026-06-05 09:48:12,887 | INFO     |   → 808/1125: ✅ 1004 взято | 🗑️ 3532 мусор
2026-06-05 09:48:12,887 | INFO     |   → 809/1125: ✅ 0 взято | 🗑️ 0 мусор
2026-06-05 09:48:12,887 | INFO     |   → 810/1125: ✅ 0 взято | 🗑️ 3532 мусор
2026-06-05 09:48:12,887 | INFO     |   → 811/1125: ✅ 20 взято | 🗑️ 370 мусор
2026-06-05 09:48:12,888 | INFO     |   → 812/1125 ❌ HTTP 404 — https://raw.githubusercontent.com/mermeroo/Clash-V2ray/main/v2ray
2026-06-05 09:48:12,888 | INFO     |   → 813/1125: ✅ 15 взято | 🗑️ 417 мусор
2026-06-05 09:48:12,888 | INFO     |   → 814/1125: ✅ 6 взято | 🗑️ 102 мусор
2026-06-05 09:48:12,888 | INFO     |   → 815/1125: ✅ 716 взято | 🗑️ 6258 мусор
2026-06-05 09:48:12,888 | INFO     |   → 816/1125: ✅ 8 взято | 🗑️ 853 мусор
2026-06-05 09:48:12,888 | INFO     |   → 817/1125: ✅ 32 взято | 🗑️ 69 мусор
2026-06-05 09:48:12,888 | INFO     |   → 818/1125 ❌ HTTP 404 — https://raw.githubusercontent.com/mermeroo/free-v2ray-collector/main/main/mix
2026-06-05 09:48:12,888 | INFO     |   → 819/1125 ❌ HTTP 404 — https://raw.githubusercontent.com/mermeroo/free-v2ray-collector/main/main/reality
2026-06-05 09:48:12,888 | INFO     |   → 820/1125 ❌ HTTP 404 — https://raw.githubusercontent.com/mermeroo/free-v2ray-collector/main/main/shadowsocks
2026-06-05 09:48:12,888 | INFO     |   → 821/1125 ❌ HTTP 404 — https://raw.githubusercontent.com/mermeroo/free-v2ray-collector/main/main/trojan
2026-06-05 09:48:12,888 | INFO     |   → 822/1125 ❌ HTTP 404 — https://raw.githubusercontent.com/mermeroo/free-v2ray-collector/main/main/vless
2026-06-05 09:48:12,888 | INFO     |   → 823/1125 ❌ HTTP 404 — https://raw.githubusercontent.com/mermeroo/free-v2ray-collector/main/main/vmess
2026-06-05 09:48:12,888 | INFO     |   → 824/1125 ❌ HTTP 404 — https://raw.githubusercontent.com/mfuu/v2ray/master/merge/merge.txt
2026-06-05 09:48:12,888 | INFO     |   → 825/1125: ✅ 1 взято | 🗑️ 236 мусор
2026-06-05 09:48:12,888 | INFO     |   → 826/1125: ✅ 0 взято | 🗑️ 236 мусор
2026-06-05 09:48:12,888 | INFO     |   → 827/1125: ✅ 530 взято | 🗑️ 13744 мусор
2026-06-05 09:48:12,888 | INFO     |   → 828/1125: ✅ 0 взято | 🗑️ 13744 мусор
2026-06-05 09:48:12,888 | INFO     |   → 829/1125: ✅ 0 взято | 🗑️ 2783 мусор
2026-06-05 09:48:12,888 | INFO     |   → 830/1125: ✅ 0 взято | 🗑️ 1954 мусор
2026-06-05 09:48:12,888 | INFO     |   → 831/1125: ✅ 0 взято | 🗑️ 4911 мусор
2026-06-05 09:48:12,888 | INFO     |   → 832/1125: ✅ 0 взято | 🗑️ 4096 мусор
2026-06-05 09:48:12,888 | INFO     |   → 833/1125 ❌ HTTP 404 — https://raw.githubusercontent.com/mianous/qiren/main/qiren.txt
2026-06-05 09:48:12,888 | INFO     |   → 834/1125 ❌ HTTP 404 — https://raw.githubusercontent.com/miladtahanian/V2RayCFGDumper/refs/heads/main/config.txt
2026-06-05 09:48:12,888 | INFO     |   → 835/1125 ❌ HTTP 404 — https://raw.githubusercontent.com/miladtahanian/multi-proxy-config-fetcher/refs/heads/main/configs/proxy_configs.txt
2026-06-05 09:48:12,888 | INFO     |   → 836/1125: ✅ 0 взято | 🗑️ 0 мусор
2026-06-05 09:48:12,888 | INFO     |   → 837/1125: ✅ 0 взято | 🗑️ 0 мусор
2026-06-05 09:48:12,888 | INFO     |   → 838/1125: ✅ 0 взято | 🗑️ 0 мусор
2026-06-05 09:48:12,888 | INFO     |   → 839/1125: ✅ 15 взято | 🗑️ 46 мусор
2026-06-05 09:48:12,888 | INFO     |   → 840/1125: ✅ 0 взято | 🗑️ 206 мусор
2026-06-05 09:48:12,888 | INFO     |   → 841/1125: ✅ 0 взято | 🗑️ 0 мусор
2026-06-05 09:48:12,888 | INFO     |   → 842/1125: ✅ 28 взято | 🗑️ 93 мусор
2026-06-05 09:48:12,888 | INFO     |   → 843/1125: ✅ 0 взято | 🗑️ 0 мусор
2026-06-05 09:48:12,888 | INFO     |   → 844/1125: ✅ 15 взято | 🗑️ 70 мусор
2026-06-05 09:48:12,888 | INFO     |   → 845/1125: ✅ 127 взято | 🗑️ 492 мусор
2026-06-05 09:48:12,888 | INFO     |   → 846/1125: ✅ 331 взято | 🗑️ 190 мусор
2026-06-05 09:48:12,888 | INFO     |   → 847/1125: ✅ 27 взято | 🗑️ 612 мусор
2026-06-05 09:48:12,888 | INFO     |   → 848/1125 ❌ HTTP 404 — https://raw.githubusercontent.com/obscure1990/freeVM/master/snippets/nodes.yml
2026-06-05 09:48:12,888 | INFO     |   → 849/1125 ❌ HTTP 404 — https://raw.githubusercontent.com/op30mmd/things/909b38024ba14d69dc0f95c238f63bc6e930a00f/eut.txt
2026-06-05 09:48:12,888 | INFO     |   → 850/1125 ❌ HTTP 404 — https://raw.githubusercontent.com/openRunner/clash-freenode/main/v2ray.txt
2026-06-05 09:48:12,888 | INFO     |   → 851/1125 ❌ HTTP 404 — https://raw.githubusercontent.com/oslook/clash-freenode/main/clash.yaml
2026-06-05 09:48:12,888 | INFO     |   → 852/1125: ✅ 0 взято | 🗑️ 0 мусор
2026-06-05 09:48:12,888 | INFO     |   → 853/1125: ✅ 4 взято | 🗑️ 1 мусор
2026-06-05 09:48:12,888 | INFO     |   → 854/1125: ✅ 0 взято | 🗑️ 0 мусор
2026-06-05 09:48:12,888 | INFO     |   → 855/1125: ✅ 5 взято | 🗑️ 71 мусор
2026-06-05 09:48:12,888 | INFO     |   → 856/1125: ✅ 0 взято | 🗑️ 0 мусор
2026-06-05 09:48:12,888 | INFO     |   → 857/1125: ✅ 0 взято | 🗑️ 0 мусор
2026-06-05 09:48:12,888 | INFO     |   → 858/1125: ✅ 0 взято | 🗑️ 19 мусор
2026-06-05 09:48:12,888 | INFO     |   → 859/1125: ✅ 0 взято | 🗑️ 44 мусор
2026-06-05 09:48:12,888 | INFO     |   → 860/1125: ✅ 63 взято | 🗑️ 521 мусор
2026-06-05 09:48:12,888 | INFO     |   → 861/1125: ✅ 165 взято | 🗑️ 273 мусор
2026-06-05 09:48:12,889 | INFO     |   → 862/1125: ✅ 0 взято | 🗑️ 0 мусор
2026-06-05 09:48:12,889 | INFO     |   → 863/1125: ✅ 28 взято | 🗑️ 211 мусор
2026-06-05 09:48:12,889 | INFO     |   → 864/1125: ✅ 0 взято | 🗑️ 79 мусор
2026-06-05 09:48:12,889 | INFO     |   → 865/1125: ✅ 13 взято | 🗑️ 32 мусор
2026-06-05 09:48:12,889 | INFO     |   → 866/1125: ✅ 0 взято | 🗑️ 0 мусор
2026-06-05 09:48:12,889 | INFO     |   → 867/1125: ✅ 2 взято | 🗑️ 9 мусор
2026-06-05 09:48:12,889 | INFO     |   → 868/1125: ✅ 11 взято | 🗑️ 76 мусор
2026-06-05 09:48:12,889 | INFO     |   → 869/1125: ✅ 0 взято | 🗑️ 168 мусор
2026-06-05 09:48:12,889 | INFO     |   → 870/1125: ✅ 0 взято | 🗑️ 79 мусор
2026-06-05 09:48:12,889 | INFO     |   → 871/1125: ✅ 0 взято | 🗑️ 15 мусор
2026-06-05 09:48:12,889 | INFO     |   → 872/1125 ❌ HTTP 404 — https://raw.githubusercontent.com/ronghuaxueleng/get_v2/main/pub/changfengoss.yaml
2026-06-05 09:48:12,889 | INFO     |   → 873/1125: ✅ 0 взято | 🗑️ 0 мусор
2026-06-05 09:48:12,889 | INFO     |   → 874/1125: ✅ 84 взято | 🗑️ 60 мусор
2026-06-05 09:48:12,889 | INFO     |   → 875/1125: ✅ 0 взято | 🗑️ 60 мусор
2026-06-05 09:48:12,889 | INFO     |   → 876/1125 ❌ HTTP 404 — https://raw.githubusercontent.com/rxsweet/CM_Vmess/refs/heads/main/test.txt
2026-06-05 09:48:12,889 | INFO     |   → 877/1125 ❌ HTTP 404 — https://raw.githubusercontent.com/rxsweet/proxies/main/sub/free.yaml
2026-06-05 09:48:12,889 | INFO     |   → 878/1125 ❌ HTTP 404 — https://raw.githubusercontent.com/rxsweet/proxies/main/sub/rx.yaml
2026-06-05 09:48:12,889 | INFO     |   → 879/1125 ❌ HTTP 404 — https://raw.githubusercontent.com/rxsweet/proxies/main/sub/sources/dynamicAll.yaml
2026-06-05 09:48:12,889 | INFO     |   → 880/1125 ❌ HTTP 404 — https://raw.githubusercontent.com/rxsweet/proxies/main/sub/sources/miningAll.yaml
2026-06-05 09:48:12,889 | INFO     |   → 881/1125 ❌ HTTP 404 — https://raw.githubusercontent.com/rxsweet/proxies/main/sub/srx.yaml
2026-06-05 09:48:12,889 | INFO     |   → 882/1125 ❌ HTTP 404 — https://raw.githubusercontent.com/sajad-sajadi/V2ray-Collector/raw/main/output/protocols/vmess.txt
2026-06-05 09:48:12,889 | INFO     |   → 883/1125 ❌ HTTP 404 — https://raw.githubusercontent.com/sakha1370/OpenRay/raw/refs/heads/main/output/all_valid_proxies.txt
2026-06-05 09:48:12,889 | INFO     |   → 884/1125: ✅ 53 взято | 🗑️ 399 мусор
2026-06-05 09:48:12,889 | INFO     |   → 885/1125: ✅ 0 взято | 🗑️ 399 мусор
2026-06-05 09:48:12,889 | INFO     |   → 886/1125 ❌ HTTP 404 — https://raw.githubusercontent.com/samjoeyang/subscribe/main/fly
2026-06-05 09:48:12,889 | INFO     |   → 887/1125: ✅ 0 взято | 🗑️ 0 мусор
2026-06-05 09:48:12,889 | INFO     |   → 888/1125 ❌ HTTP 404 — https://raw.githubusercontent.com/sarina-ad/v2ray/main/v2ray
2026-06-05 09:48:12,889 | INFO     |   → 889/1125 ❌ HTTP 404 — https://raw.githubusercontent.com/satrom/V2SSR/master/SSR/Sub.txt
2026-06-05 09:48:12,889 | INFO     |   → 890/1125 ❌ HTTP 404 — https://raw.githubusercontent.com/satrom/V2SSR/master/V2RAY/Sub.txt
2026-06-05 09:48:12,890 | INFO     |   → 891/1125: ✅ 6199 взято | 🗑️ 116518 мусор
2026-06-05 09:48:12,890 | INFO     |   → 892/1125: ✅ 0 взято | 🗑️ 0 мусор
2026-06-05 09:48:12,890 | INFO     |   → 893/1125: ✅ 0 взято | 🗑️ 0 мусор
2026-06-05 09:48:12,890 | INFO     |   → 894/1125: ✅ 3 взято | 🗑️ 49 мусор
2026-06-05 09:48:12,890 | INFO     |   → 895/1125: ✅ 254 взято | 🗑️ 1548 мусор
2026-06-05 09:48:12,890 | INFO     |   → 896/1125: ✅ 0 взято | 🗑️ 783 мусор
2026-06-05 09:48:12,890 | INFO     |   → 897/1125: ✅ 0 взято | 🗑️ 81 мусор
2026-06-05 09:48:12,890 | INFO     |   → 898/1125: ✅ 0 взято | 🗑️ 659 мусор
2026-06-05 09:48:12,890 | INFO     |   → 899/1125: ✅ 0 взято | 🗑️ 25 мусор
2026-06-05 09:48:12,890 | INFO     |   → 900/1125: ✅ 0 взято | 🗑️ 1548 мусор
2026-06-05 09:48:12,890 | INFO     |   → 901/1125: ✅ 0 взято | 🗑️ 0 мусор
2026-06-05 09:48:12,890 | INFO     |   → 902/1125 ❌ HTTP 404 — https://raw.githubusercontent.com/shirkerboy/scp/main/sub
2026-06-05 09:48:12,890 | INFO     |   → 903/1125 ❌ HTTP 404 — https://raw.githubusercontent.com/snakem982/proxypool/main/nodelist.txt
2026-06-05 09:48:12,890 | INFO     |   → 904/1125: ✅ 0 взято | 🗑️ 2 мусор
2026-06-05 09:48:12,890 | INFO     |   → 905/1125 ❌ HTTP 404 — https://raw.githubusercontent.com/snakem982/proxypool/main/source/v2ray.txt
2026-06-05 09:48:12,890 | INFO     |   → 906/1125 ❌ HTTP 404 — https://raw.githubusercontent.com/soroushmirzaei/telegram-configs-collector/main/channels/protocols/hysteria
2026-06-05 09:48:12,890 | INFO     |   → 907/1125 ❌ HTTP 404 — https://raw.githubusercontent.com/soroushmirzaei/telegram-configs-collector/main/channels/protocols/juicity
2026-06-05 09:48:12,890 | INFO     |   → 908/1125 ❌ HTTP 404 — https://raw.githubusercontent.com/soroushmirzaei/telegram-configs-collector/main/channels/protocols/reality
2026-06-05 09:48:12,890 | INFO     |   → 909/1125 ❌ HTTP 404 — https://raw.githubusercontent.com/soroushmirzaei/telegram-configs-collector/main/channels/protocols/shadowsocks
2026-06-05 09:48:12,890 | INFO     |   → 910/1125 ❌ HTTP 404 — https://raw.githubusercontent.com/soroushmirzaei/telegram-configs-collector/main/channels/protocols/trojan
2026-06-05 09:48:12,890 | INFO     |   → 911/1125 ❌ HTTP 404 — https://raw.githubusercontent.com/soroushmirzaei/telegram-configs-collector/main/channels/protocols/tuic
2026-06-05 09:48:12,890 | INFO     |   → 912/1125 ❌ HTTP 404 — https://raw.githubusercontent.com/soroushmirzaei/telegram-configs-collector/main/channels/protocols/vless
2026-06-05 09:48:12,890 | INFO     |   → 913/1125 ❌ HTTP 404 — https://raw.githubusercontent.com/soroushmirzaei/telegram-configs-collector/main/channels/protocols/vmess
2026-06-05 09:48:12,890 | INFO     |   → 914/1125 ❌ HTTP 404 — https://raw.githubusercontent.com/soroushmirzaei/telegram-configs-collector/main/countries/jp/mixed
2026-06-05 09:48:12,890 | INFO     |   → 915/1125 ❌ HTTP 404 — https://raw.githubusercontent.com/soroushmirzaei/telegram-configs-collector/main/protocols/hysteria
2026-06-05 09:48:12,890 | INFO     |   → 916/1125 ❌ HTTP 404 — https://raw.githubusercontent.com/soroushmirzaei/telegram-configs-collector/main/protocols/juicity
2026-06-05 09:48:12,890 | INFO     |   → 917/1125 ❌ HTTP 404 — https://raw.githubusercontent.com/soroushmirzaei/telegram-configs-collector/main/protocols/reality
2026-06-05 09:48:12,890 | INFO     |   → 918/1125 ❌ HTTP 404 — https://raw.githubusercontent.com/soroushmirzaei/telegram-configs-collector/main/protocols/shadowsocks
2026-06-05 09:48:12,890 | INFO     |   → 919/1125 ❌ HTTP 404 — https://raw.githubusercontent.com/soroushmirzaei/telegram-configs-collector/main/protocols/trojan
2026-06-05 09:48:12,890 | INFO     |   → 920/1125 ❌ HTTP 404 — https://raw.githubusercontent.com/soroushmirzaei/telegram-configs-collector/main/protocols/tuic
2026-06-05 09:48:12,891 | INFO     |   → 921/1125 ❌ HTTP 404 — https://raw.githubusercontent.com/soroushmirzaei/telegram-configs-collector/main/protocols/vless
2026-06-05 09:48:12,891 | INFO     |   → 922/1125 ❌ HTTP 404 — https://raw.githubusercontent.com/soroushmirzaei/telegram-configs-collector/main/protocols/vmess
2026-06-05 09:48:12,891 | INFO     |   → 923/1125 ❌ HTTP 404 — https://raw.githubusercontent.com/soroushmirzaei/telegram-configs-collector/main/splitted/subscribe
2026-06-05 09:48:12,891 | INFO     |   → 924/1125 ❌ HTTP 404 — https://raw.githubusercontent.com/ssrsub/ssr/master/Clash.yml
2026-06-05 09:48:12,891 | INFO     |   → 925/1125 ❌ HTTP 404 — https://raw.githubusercontent.com/ssrsub/ssr/master/V2Ray
2026-06-05 09:48:12,891 | INFO     |   → 926/1125 ❌ HTTP 404 — https://raw.githubusercontent.com/ssrsub/ssr/master/ss-sub
2026-06-05 09:48:12,891 | INFO     |   → 927/1125 ❌ HTTP 404 — https://raw.githubusercontent.com/ssrsub/ssr/master/ssrsub
2026-06-05 09:48:12,891 | INFO     |   → 928/1125 ❌ HTTP 404 — https://raw.githubusercontent.com/ssrsub/ssr/master/trojan
2026-06-05 09:48:12,891 | INFO     |   → 929/1125: ✅ 0 взято | 🗑️ 0 мусор
2026-06-05 09:48:12,891 | INFO     |   → 930/1125: ✅ 2 взято | 🗑️ 12 мусор
2026-06-05 09:48:12,891 | INFO     |   → 931/1125: ✅ 0 взято | 🗑️ 13 мусор
2026-06-05 09:48:12,891 | INFO     |   → 932/1125: ✅ 0 взято | 🗑️ 13 мусор
2026-06-05 09:48:12,891 | INFO     |   → 933/1125 ❌ HTTP 404 — https://raw.githubusercontent.com/tbbatbb/Proxy/master/dist/clash.config.yaml
2026-06-05 09:48:12,891 | INFO     |   → 934/1125: ✅ 2 взято | 🗑️ 35 мусор
2026-06-05 09:48:12,891 | INFO     |   → 935/1125: ✅ 0 взято | 🗑️ 0 мусор
2026-06-05 09:48:12,891 | INFO     |   → 936/1125: ✅ 5 взято | 🗑️ 111 мусор
2026-06-05 09:48:12,891 | INFO     |   → 937/1125: ✅ 0 взято | 🗑️ 0 мусор
2026-06-05 09:48:12,891 | INFO     |   → 938/1125: ✅ 0 взято | 🗑️ 74 мусор
2026-06-05 09:48:12,891 | INFO     |   → 939/1125 ❌ HTTP 404 — https://raw.githubusercontent.com/v2clash/Autoproxy/a81f840ab2364124133572ec94e4b81fb0d4e58d/sub/2401/240104.txt
2026-06-05 09:48:12,891 | INFO     |   → 940/1125 ❌ HTTP 404 — https://raw.githubusercontent.com/v2clash/V2ray-Configs/31f493c584d0c7b56350f4a34d80c53ad82bcc18/Sub9.txt
2026-06-05 09:48:12,891 | INFO     |   → 941/1125: ✅ 0 взято | 🗑️ 0 мусор
2026-06-05 09:48:12,891 | INFO     |   → 942/1125: ✅ 0 взято | 🗑️ 0 мусор
2026-06-05 09:48:12,891 | INFO     |   → 943/1125: ✅ 0 взято | 🗑️ 0 мусор
2026-06-05 09:48:12,891 | INFO     |   → 944/1125: ✅ 283 взято | 🗑️ 9640 мусор
2026-06-05 09:48:12,891 | INFO     |   → 945/1125: ✅ 281 взято | 🗑️ 10086 мусор
2026-06-05 09:48:12,891 | INFO     |   → 946/1125: ✅ 280 взято | 🗑️ 9675 мусор
2026-06-05 09:48:12,891 | INFO     |   → 947/1125: ✅ 334 взято | 🗑️ 9823 мусор
2026-06-05 09:48:12,891 | INFO     |   → 948/1125: ✅ 350 взято | 🗑️ 9639 мусор
2026-06-05 09:48:12,891 | INFO     |   → 949/1125: ✅ 125 взято | 🗑️ 7919 мусор
2026-06-05 09:48:12,891 | INFO     |   → 950/1125: ✅ 135 взято | 🗑️ 4836 мусор
2026-06-05 09:48:12,892 | INFO     |   → 951/1125: ✅ 502 взято | 🗑️ 7659 мусор
2026-06-05 09:48:12,892 | INFO     |   → 952/1125: ✅ 631 взято | 🗑️ 8081 мусор
2026-06-05 09:48:12,892 | INFO     |   → 953/1125: ✅ 202 взято | 🗑️ 5131 мусор
2026-06-05 09:48:12,892 | INFO     |   → 954/1125 ❌ HTTP 404 — https://raw.githubusercontent.com/vveg26/chromego_merge/main/sub/merged_proxies.yaml
2026-06-05 09:48:12,892 | INFO     |   → 955/1125 ❌ HTTP 404 — https://raw.githubusercontent.com/vveg26/get_proxy/main/dist/clash.config.yaml
2026-06-05 09:48:12,892 | INFO     |   → 956/1125: ✅ 0 взято | 🗑️ 10 мусор
2026-06-05 09:48:12,892 | INFO     |   → 957/1125: ✅ 0 взято | 🗑️ 10 мусор
2026-06-05 09:48:12,892 | INFO     |   → 958/1125: ✅ 0 взято | 🗑️ 4 мусор
2026-06-05 09:48:12,892 | INFO     |   → 959/1125: ✅ 0 взято | 🗑️ 0 мусор
2026-06-05 09:48:12,892 | INFO     |   → 960/1125: ✅ 0 взято | 🗑️ 4 мусор
2026-06-05 09:48:12,892 | INFO     |   → 961/1125: ✅ 106 взято | 🗑️ 689 мусор
2026-06-05 09:48:12,892 | INFO     |   → 962/1125: ✅ 48 взято | 🗑️ 841 мусор
2026-06-05 09:48:12,892 | INFO     |   → 963/1125: ✅ 21 взято | 🗑️ 789 мусор
2026-06-05 09:48:12,892 | INFO     |   → 964/1125: ✅ 24 взято | 🗑️ 774 мусор
2026-06-05 09:48:12,892 | INFO     |   → 965/1125: ✅ 52 взято | 🗑️ 756 мусор
2026-06-05 09:48:12,892 | INFO     |   → 966/1125: ✅ 191 взято | 🗑️ 745 мусор
2026-06-05 09:48:12,892 | INFO     |   → 967/1125: ✅ 9 взято | 🗑️ 651 мусор
2026-06-05 09:48:12,892 | INFO     |   → 968/1125: ✅ 185 взято | 🗑️ 388 мусор
2026-06-05 09:48:12,892 | INFO     |   → 969/1125: ✅ 130 взято | 🗑️ 523 мусор
2026-06-05 09:48:12,892 | INFO     |   → 970/1125: ✅ 67 взято | 🗑️ 533 мусор
2026-06-05 09:48:12,892 | INFO     |   → 971/1125: ✅ 98 взято | 🗑️ 444 мусор
2026-06-05 09:48:12,892 | INFO     |   → 972/1125: ✅ 102 взято | 🗑️ 670 мусор
2026-06-05 09:48:12,892 | INFO     |   → 973/1125: ✅ 86 взято | 🗑️ 476 мусор
2026-06-05 09:48:12,892 | INFO     |   → 974/1125: ✅ 95 взято | 🗑️ 657 мусор
2026-06-05 09:48:12,892 | INFO     |   → 975/1125: ✅ 105 взято | 🗑️ 645 мусор
2026-06-05 09:48:12,892 | INFO     |   → 976/1125: ✅ 115 взято | 🗑️ 985 мусор
2026-06-05 09:48:12,892 | INFO     |   → 977/1125: ✅ 6 взято | 🗑️ 63 мусор
2026-06-05 09:48:12,892 | INFO     |   → 978/1125: ✅ 7 взято | 🗑️ 62 мусор
2026-06-05 09:48:12,892 | INFO     |   → 979/1125: ✅ 39 взято | 🗑️ 489 мусор
2026-06-05 09:48:12,892 | INFO     |   → 980/1125: ✅ 0 взято | 🗑️ 0 мусор
2026-06-05 09:48:12,893 | INFO     |   → 981/1125: ✅ 0 взято | 🗑️ 0 мусор
2026-06-05 09:48:12,893 | INFO     |   → 982/1125: ✅ 0 взято | 🗑️ 0 мусор
2026-06-05 09:48:12,893 | INFO     |   → 983/1125: ✅ 0 взято | 🗑️ 0 мусор
2026-06-05 09:48:12,893 | INFO     |   → 984/1125: ✅ 0 взято | 🗑️ 0 мусор
2026-06-05 09:48:12,893 | INFO     |   → 985/1125: ✅ 0 взято | 🗑️ 52 мусор
2026-06-05 09:48:12,893 | INFO     |   → 986/1125: ✅ 5 взято | 🗑️ 10 мусор
2026-06-05 09:48:12,893 | INFO     |   → 987/1125: ✅ 1 взято | 🗑️ 124 мусор
2026-06-05 09:48:12,893 | INFO     |   → 988/1125: ✅ 207 взято | 🗑️ 265 мусор
2026-06-05 09:48:12,893 | INFO     |   → 989/1125: ✅ 0 взято | 🗑️ 9 мусор
2026-06-05 09:48:12,893 | INFO     |   → 990/1125: ✅ 14 взято | 🗑️ 573 мусор
2026-06-05 09:48:12,893 | INFO     |   → 991/1125 ❌ HTTP 404 — https://raw.githubusercontent.com/xiaozhu2007/xiaozhu2007/61a755a044dbaeea678bc2d1e20f21a21c6d7170/docs/fxxk.txt
2026-06-05 09:48:12,893 | INFO     |   → 992/1125: ✅ 1 взято | 🗑️ 159 мусор
2026-06-05 09:48:12,893 | INFO     |   → 993/1125: ✅ 0 взято | 🗑️ 22 мусор
2026-06-05 09:48:12,893 | INFO     |   → 994/1125: ✅ 0 взято | 🗑️ 0 мусор
2026-06-05 09:48:12,893 | INFO     |   → 995/1125 ❌ HTTP 404 — https://raw.githubusercontent.com/yebekhe/TVC/0f745f92bf381e505f1245abbc7c145b19b11503/config.txt
2026-06-05 09:48:12,893 | INFO     |   → 996/1125 ❌ HTTP 404 — https://raw.githubusercontent.com/yebekhe/TVC/9fac69239c69327fb7a61f5a8d79d107133889e1/lite/config.txt
2026-06-05 09:48:12,893 | INFO     |   → 997/1125 ❌ HTTP 404 — https://raw.githubusercontent.com/yebekhe/TelegramV2rayCollector/main/sub/normal/donated
2026-06-05 09:48:12,893 | INFO     |   → 998/1125 ❌ HTTP 404 — https://raw.githubusercontent.com/yebekhe/TelegramV2rayCollector/main/sub/normal/hysteria2
2026-06-05 09:48:12,893 | INFO     |   → 999/1125 ❌ HTTP 404 — https://raw.githubusercontent.com/yebekhe/TelegramV2rayCollector/main/sub/normal/mix
2026-06-05 09:48:12,893 | INFO     |   → 1000/1125 ❌ HTTP 404 — https://raw.githubusercontent.com/yebekhe/TelegramV2rayCollector/main/sub/normal/reality
2026-06-05 09:48:12,893 | INFO     |   → 1001/1125 ❌ HTTP 404 — https://raw.githubusercontent.com/yebekhe/TelegramV2rayCollector/main/sub/normal/shadowsocks
2026-06-05 09:48:12,893 | INFO     |   → 1002/1125 ❌ HTTP 404 — https://raw.githubusercontent.com/yebekhe/TelegramV2rayCollector/main/sub/normal/trojan
2026-06-05 09:48:12,893 | INFO     |   → 1003/1125 ❌ HTTP 404 — https://raw.githubusercontent.com/yebekhe/TelegramV2rayCollector/main/sub/normal/tuic
2026-06-05 09:48:12,893 | INFO     |   → 1004/1125 ❌ HTTP 404 — https://raw.githubusercontent.com/yebekhe/TelegramV2rayCollector/main/sub/normal/vless
2026-06-05 09:48:12,893 | INFO     |   → 1005/1125 ❌ HTTP 404 — https://raw.githubusercontent.com/yebekhe/TelegramV2rayCollector/main/sub/normal/vmess
2026-06-05 09:48:12,893 | INFO     |   → 1006/1125 ❌ HTTP 404 — https://raw.githubusercontent.com/yebekhe/V2Hub/main/Split/Normal/shadowsocks
2026-06-05 09:48:12,893 | INFO     |   → 1007/1125 ❌ HTTP 404 — https://raw.githubusercontent.com/yebekhe/V2Hub/main/merged
2026-06-05 09:48:12,893 | INFO     |   → 1008/1125: ✅ 0 взято | 🗑️ 30 мусор
2026-06-05 09:48:12,893 | INFO     |   → 1009/1125: ✅ 1006 взято | 🗑️ 8820 мусор
2026-06-05 09:48:12,893 | INFO     |   → 1010/1125: ✅ 6 взято | 🗑️ 367 мусор
2026-06-05 09:48:12,894 | INFO     |   → 1011/1125: ✅ 11 взято | 🗑️ 315 мусор
2026-06-05 09:48:12,894 | INFO     |   → 1012/1125: ✅ 210 взято | 🗑️ 331 мусор
2026-06-05 09:48:12,894 | INFO     |   → 1013/1125: ✅ 114 взято | 🗑️ 1478 мусор
2026-06-05 09:48:12,894 | INFO     |   → 1014/1125: ✅ 1 взято | 🗑️ 400 мусор
2026-06-05 09:48:12,894 | INFO     |   → 1015/1125 ❌ HTTP 404 — https://raw.githubusercontent.com/yyyr-otz/tele-providers-collector/019cb3e07ee52fddbc7caa54fc670c6b9bae6539/sub/proxies.txt
2026-06-05 09:48:12,894 | INFO     |   → 1016/1125 ❌ HTTP 404 — https://raw.githubusercontent.com/yyyr-otz/tele-providers-collector/b7a74ee98bcf02c5a507d688a1bed3aa9f7f4ed1/script/raw/protocols/mixed.txt
2026-06-05 09:48:12,894 | INFO     |   → 1017/1125: ✅ 0 взято | 🗑️ 0 мусор
2026-06-05 09:48:12,894 | INFO     |   → 1018/1125: ✅ 0 взято | 🗑️ 0 мусор
2026-06-05 09:48:12,894 | INFO     |   → 1019/1125: ✅ 1 взято | 🗑️ 18 мусор
2026-06-05 09:48:12,894 | INFO     |   → 1020/1125: ✅ 0 взято | 🗑️ 16 мусор
2026-06-05 09:48:12,894 | INFO     |   → 1021/1125: ✅ 0 взято | 🗑️ 5 мусор
2026-06-05 09:48:12,894 | INFO     |   → 1022/1125: ✅ 0 взято | 🗑️ 0 мусор
2026-06-05 09:48:12,894 | INFO     |   → 1023/1125 ⚠️ Ошибка: ('Connection aborted.', RemoteDisconnected('Remote end closed connection without response')) — https://sub.pmsub.me/clash.yaml
2026-06-05 09:48:12,894 | INFO     |   → 1024/1125: ✅ 0 взято | 🗑️ 1 мусор
2026-06-05 09:48:12,894 | INFO     |   → 1025/1125: ✅ 8 взято | 🗑️ 21 мусор
2026-06-05 09:48:12,894 | INFO     |   → 1026/1125: ✅ 0 взято | 🗑️ 0 мусор
2026-06-05 09:48:12,894 | INFO     |   → 1027/1125: ✅ 9 взято | 🗑️ 19 мусор
2026-06-05 09:48:12,894 | INFO     |   → 1028/1125: ✅ 0 взято | 🗑️ 0 мусор
2026-06-05 09:48:12,894 | INFO     |   → 1029/1125: ✅ 2 взято | 🗑️ 14 мусор
2026-06-05 09:48:12,894 | INFO     |   → 1030/1125: ✅ 4 взято | 🗑️ 22 мусор
2026-06-05 09:48:12,894 | INFO     |   → 1031/1125: ✅ 0 взято | 🗑️ 0 мусор
2026-06-05 09:48:12,894 | INFO     |   → 1032/1125: ✅ 0 взято | 🗑️ 0 мусор
2026-06-05 09:48:12,894 | INFO     |   → 1033/1125: ✅ 0 взято | 🗑️ 0 мусор
2026-06-05 09:48:12,894 | INFO     |   → 1034/1125: ✅ 2 взято | 🗑️ 16 мусор
2026-06-05 09:48:12,894 | INFO     |   → 1035/1125: ✅ 0 взято | 🗑️ 0 мусор
2026-06-05 09:48:12,894 | INFO     |   → 1036/1125: ✅ 4 взято | 🗑️ 7 мусор
2026-06-05 09:48:12,894 | INFO     |   → 1037/1125: ✅ 0 взято | 🗑️ 0 мусор
2026-06-05 09:48:12,894 | INFO     |   → 1038/1125: ✅ 6 взято | 🗑️ 14 мусор
2026-06-05 09:48:12,894 | INFO     |   → 1039/1125: ✅ 0 взято | 🗑️ 0 мусор
2026-06-05 09:48:12,894 | INFO     |   → 1040/1125: ✅ 2 взято | 🗑️ 13 мусор
2026-06-05 09:48:12,895 | INFO     |   → 1041/1125: ✅ 0 взято | 🗑️ 0 мусор
2026-06-05 09:48:12,895 | INFO     |   → 1042/1125: ✅ 0 взято | 🗑️ 0 мусор
2026-06-05 09:48:12,895 | INFO     |   → 1043/1125: ✅ 2 взято | 🗑️ 7 мусор
2026-06-05 09:48:12,895 | INFO     |   → 1044/1125: ✅ 1 взято | 🗑️ 14 мусор
2026-06-05 09:48:12,895 | INFO     |   → 1045/1125: ✅ 2 взято | 🗑️ 14 мусор
2026-06-05 09:48:12,895 | INFO     |   → 1046/1125: ✅ 0 взято | 🗑️ 0 мусор
2026-06-05 09:48:12,895 | INFO     |   → 1047/1125: ✅ 3 взято | 🗑️ 22 мусор
2026-06-05 09:48:12,895 | INFO     |   → 1048/1125: ✅ 0 взято | 🗑️ 0 мусор
2026-06-05 09:48:12,895 | INFO     |   → 1049/1125: ✅ 2 взято | 🗑️ 15 мусор
2026-06-05 09:48:12,895 | INFO     |   → 1050/1125: ✅ 3 взято | 🗑️ 12 мусор
2026-06-05 09:48:12,895 | INFO     |   → 1051/1125: ✅ 0 взято | 🗑️ 0 мусор
2026-06-05 09:48:12,895 | INFO     |   → 1052/1125: ✅ 0 взято | 🗑️ 0 мусор
2026-06-05 09:48:12,895 | INFO     |   → 1053/1125: ✅ 0 взято | 🗑️ 0 мусор
2026-06-05 09:48:12,895 | INFO     |   → 1054/1125: ✅ 4 взято | 🗑️ 11 мусор
2026-06-05 09:48:12,895 | INFO     |   → 1055/1125: ✅ 10 взято | 🗑️ 15 мусор
2026-06-05 09:48:12,895 | INFO     |   → 1056/1125: ✅ 0 взято | 🗑️ 0 мусор
2026-06-05 09:48:12,895 | INFO     |   → 1057/1125: ✅ 13 взято | 🗑️ 15 мусор
2026-06-05 09:48:12,895 | INFO     |   → 1058/1125: ✅ 0 взято | 🗑️ 0 мусор
2026-06-05 09:48:12,895 | INFO     |   → 1059/1125: ✅ 5 взято | 🗑️ 15 мусор
2026-06-05 09:48:12,895 | INFO     |   → 1060/1125: ✅ 0 взято | 🗑️ 0 мусор
2026-06-05 09:48:12,895 | INFO     |   → 1061/1125: ✅ 8 взято | 🗑️ 16 мусор
2026-06-05 09:48:12,895 | INFO     |   → 1062/1125: ✅ 0 взято | 🗑️ 0 мусор
2026-06-05 09:48:12,895 | INFO     |   → 1063/1125: ✅ 0 взято | 🗑️ 24 мусор
2026-06-05 09:48:12,895 | INFO     |   → 1064/1125: ✅ 0 взято | 🗑️ 0 мусор
2026-06-05 09:48:12,895 | INFO     |   → 1065/1125: ✅ 4 взято | 🗑️ 17 мусор
2026-06-05 09:48:12,895 | INFO     |   → 1066/1125: ✅ 0 взято | 🗑️ 0 мусор
2026-06-05 09:48:12,895 | INFO     |   → 1067/1125: ✅ 12 взято | 🗑️ 18 мусор
2026-06-05 09:48:12,895 | INFO     |   → 1068/1125: ✅ 0 взято | 🗑️ 0 мусор
2026-06-05 09:48:12,895 | INFO     |   → 1069/1125: ✅ 2 взято | 🗑️ 17 мусор
2026-06-05 09:48:12,895 | INFO     |   → 1070/1125: ✅ 0 взято | 🗑️ 0 мусор
2026-06-05 09:48:12,896 | INFO     |   → 1071/1125: ✅ 1 взято | 🗑️ 27 мусор
2026-06-05 09:48:12,896 | INFO     |   → 1072/1125: ✅ 0 взято | 🗑️ 0 мусор
2026-06-05 09:48:12,896 | INFO     |   → 1073/1125: ✅ 4 взято | 🗑️ 15 мусор
2026-06-05 09:48:12,896 | INFO     |   → 1074/1125: ✅ 0 взято | 🗑️ 0 мусор
2026-06-05 09:48:12,896 | INFO     |   → 1075/1125: ✅ 4 взято | 🗑️ 26 мусор
2026-06-05 09:48:12,896 | INFO     |   → 1076/1125: ✅ 0 взято | 🗑️ 0 мусор
2026-06-05 09:48:12,896 | INFO     |   → 1077/1125: ✅ 3 взято | 🗑️ 21 мусор
2026-06-05 09:48:12,896 | INFO     |   → 1078/1125: ✅ 0 взято | 🗑️ 0 мусор
2026-06-05 09:48:12,896 | INFO     |   → 1079/1125: ✅ 8 взято | 🗑️ 12 мусор
2026-06-05 09:48:12,896 | INFO     |   → 1080/1125: ✅ 0 взято | 🗑️ 0 мусор
2026-06-05 09:48:12,896 | INFO     |   → 1081/1125: ✅ 8 взято | 🗑️ 15 мусор
2026-06-05 09:48:12,896 | INFO     |   → 1082/1125: ✅ 0 взято | 🗑️ 0 мусор
2026-06-05 09:48:12,896 | INFO     |   → 1083/1125: ✅ 10 взято | 🗑️ 14 мусор
2026-06-05 09:48:12,896 | INFO     |   → 1084/1125: ✅ 0 взято | 🗑️ 0 мусор
2026-06-05 09:48:12,896 | INFO     |   → 1085/1125: ✅ 5 взято | 🗑️ 18 мусор
2026-06-05 09:48:12,896 | INFO     |   → 1086/1125: ✅ 0 взято | 🗑️ 0 мусор
2026-06-05 09:48:12,896 | INFO     |   → 1087/1125: ✅ 5 взято | 🗑️ 22 мусор
2026-06-05 09:48:12,896 | INFO     |   → 1088/1125: ✅ 0 взято | 🗑️ 0 мусор
2026-06-05 09:48:12,896 | INFO     |   → 1089/1125: ✅ 5 взято | 🗑️ 18 мусор
2026-06-05 09:48:12,896 | INFO     |   → 1090/1125: ✅ 0 взято | 🗑️ 0 мусор
2026-06-05 09:48:12,896 | INFO     |   → 1091/1125: ✅ 1 взято | 🗑️ 23 мусор
2026-06-05 09:48:12,896 | INFO     |   → 1092/1125: ✅ 0 взято | 🗑️ 0 мусор
2026-06-05 09:48:12,896 | INFO     |   → 1093/1125: ✅ 6 взято | 🗑️ 18 мусор
2026-06-05 09:48:12,896 | INFO     |   → 1094/1125: ✅ 0 взято | 🗑️ 0 мусор
2026-06-05 09:48:12,896 | INFO     |   → 1095/1125: ✅ 17 взято | 🗑️ 7 мусор
2026-06-05 09:48:12,896 | INFO     |   → 1096/1125: ✅ 0 взято | 🗑️ 0 мусор
2026-06-05 09:48:12,896 | INFO     |   → 1097/1125: ✅ 4 взято | 🗑️ 17 мусор
2026-06-05 09:48:12,896 | INFO     |   → 1098/1125: ✅ 0 взято | 🗑️ 0 мусор
2026-06-05 09:48:12,896 | INFO     |   → 1099/1125: ✅ 7 взято | 🗑️ 14 мусор
2026-06-05 09:48:12,896 | INFO     |   → 1100/1125: ✅ 0 взято | 🗑️ 0 мусор
2026-06-05 09:48:12,897 | INFO     |   → 1101/1125: ✅ 7 взято | 🗑️ 14 мусор
2026-06-05 09:48:12,897 | INFO     |   → 1102/1125: ✅ 0 взято | 🗑️ 0 мусор
2026-06-05 09:48:12,897 | INFO     |   → 1103/1125: ✅ 9 взято | 🗑️ 11 мусор
2026-06-05 09:48:12,897 | INFO     |   → 1104/1125: ✅ 0 взято | 🗑️ 0 мусор
2026-06-05 09:48:12,897 | INFO     |   → 1105/1125: ✅ 0 взято | 🗑️ 22 мусор
2026-06-05 09:48:12,897 | INFO     |   → 1106/1125: ✅ 0 взято | 🗑️ 0 мусор
2026-06-05 09:48:12,897 | INFO     |   → 1107/1125: ✅ 3 взято | 🗑️ 12 мусор
2026-06-05 09:48:12,897 | INFO     |   → 1108/1125: ✅ 0 взято | 🗑️ 0 мусор
2026-06-05 09:48:12,897 | INFO     |   → 1109/1125: ✅ 0 взято | 🗑️ 7 мусор
2026-06-05 09:48:12,897 | INFO     |   → 1110/1125: ✅ 0 взято | 🗑️ 0 мусор
2026-06-05 09:48:12,897 | INFO     |   → 1111/1125: ✅ 2 взято | 🗑️ 8 мусор
2026-06-05 09:48:12,897 | INFO     |   → 1112/1125: ✅ 0 взято | 🗑️ 0 мусор
2026-06-05 09:48:12,897 | INFO     |   → 1113/1125: ✅ 5 взято | 🗑️ 12 мусор
2026-06-05 09:48:12,897 | INFO     |   → 1114/1125: ✅ 0 взято | 🗑️ 0 мусор
2026-06-05 09:48:12,897 | INFO     |   → 1115/1125: ✅ 2 взято | 🗑️ 12 мусор
2026-06-05 09:48:12,897 | INFO     |   → 1116/1125: ✅ 0 взято | 🗑️ 0 мусор
2026-06-05 09:48:12,897 | INFO     |   → 1117/1125: ✅ 8 взято | 🗑️ 12 мусор
2026-06-05 09:48:12,897 | INFO     |   → 1118/1125: ✅ 0 взято | 🗑️ 0 мусор
2026-06-05 09:48:12,897 | INFO     |   → 1119/1125: ✅ 0 взято | 🗑️ 10 мусор
2026-06-05 09:48:12,897 | INFO     |   → 1120/1125: ✅ 0 взято | 🗑️ 0 мусор
2026-06-05 09:48:12,897 | INFO     |   → 1121/1125: ✅ 6 взято | 🗑️ 14 мусор
2026-06-05 09:48:12,897 | INFO     |   → 1122/1125: ✅ 0 взято | 🗑️ 0 мусор
2026-06-05 09:48:12,897 | INFO     |   → 1123/1125: ✅ 0 взято | 🗑️ 19 мусор
2026-06-05 09:48:12,897 | INFO     |   → 1124/1125: ✅ 0 взято | 🗑️ 0 мусор
2026-06-05 09:48:12,897 | INFO     |   → 1125/1125: ✅ 0 взято | 🗑️ 19 мусор
2026-06-05 09:48:12,897 | INFO     |   → ✅ ГОТОВО!
2026-06-05 09:48:12,897 | INFO     |   →    📥 Всего ключей после фильтра: 32998
2026-06-05 09:48:12,897 | INFO     |   →    🔗 Уникальных IP:PORT:SCHEME: 11907
2026-06-05 09:48:12,897 | INFO     |   →    🗑️ Выброшено мусора: 557594
2026-06-05 09:48:12,897 | INFO     |   → 📊 По протоколам:
2026-06-05 09:48:12,898 | INFO     |   →    vless: 4656
2026-06-05 09:48:12,898 | INFO     |   →    vmess: 3726
2026-06-05 09:48:12,898 | INFO     |   →    trojan: 1484
2026-06-05 09:48:12,898 | INFO     |   →    ss: 1877
2026-06-05 09:48:12,898 | INFO     |   →    hysteria: 13
2026-06-05 09:48:12,898 | INFO     |   →    hysteria2: 33
2026-06-05 09:48:12,898 | INFO     |   →    hy2: 66
2026-06-05 09:48:12,898 | INFO     |   →    tuic: 52
2026-06-05 09:48:12,898 | INFO     | ✅ mirror.py завершён успешно
2026-06-05 09:48:12,898 | INFO     | 
2026-06-05 09:48:12,898 | INFO     | 
2026-06-05 09:48:12,898 | INFO     | ──────────────────────────────────────────────────────────────────────
2026-06-05 09:48:12,898 | INFO     | 📌 ЭТАП: Фильтрация по реальному SNI
2026-06-05 09:48:12,898 | INFO     | ──────────────────────────────────────────────────────────────────────
2026-06-05 09:48:12,898 | INFO     | 🚀 Запуск filter_ru_sni.py (Фильтр по реальному SNI (CDN+RU))...
2026-06-05 09:48:13,160 | INFO     |   → hy2.txt: 66 → 19 (SNI-filtered)
2026-06-05 09:48:13,160 | INFO     |   →   hysteria.txt: 13 → 0 (SNI-filtered)
2026-06-05 09:48:13,160 | INFO     |   →   hysteria2.txt: 33 → 7 (SNI-filtered)
2026-06-05 09:48:13,160 | INFO     |   →   ss.txt: 1877 → 3 (SNI-filtered)
2026-06-05 09:48:13,160 | INFO     |   →   trojan.txt: 1484 → 6 (SNI-filtered)
2026-06-05 09:48:13,160 | INFO     |   →   tuic.txt: 52 → 0 (SNI-filtered)
2026-06-05 09:48:13,160 | INFO     |   →   vless.txt: 4656 → 732 (SNI-filtered)
2026-06-05 09:48:13,160 | INFO     |   →   vmess.txt: 3726 → 38 (SNI-filtered)
2026-06-05 09:48:13,160 | INFO     |   → ==================================================
2026-06-05 09:48:13,160 | INFO     |   →   Всего входных:  11907
2026-06-05 09:48:13,160 | INFO     |   →   Прошли фильтр:  805
2026-06-05 09:48:13,160 | INFO     |   →   Отброшено:      11102
2026-06-05 09:48:13,160 | INFO     |   → ==================================================
2026-06-05 09:48:13,160 | INFO     |   → Готово → /home/runner/work/vpn-vless-configs-russia/vpn-vless-configs-russia/githubmirror/ru-sni
2026-06-05 09:48:13,161 | INFO     | ✅ filter_ru_sni.py завершён успешно
2026-06-05 09:48:13,161 | INFO     | 
2026-06-05 09:48:13,161 | INFO     | 
2026-06-05 09:48:13,161 | INFO     | ──────────────────────────────────────────────────────────────────────
2026-06-05 09:48:13,161 | INFO     | 📌 ЭТАП: Экспериментальный RU-SNI фильтр
2026-06-05 09:48:13,161 | INFO     | ──────────────────────────────────────────────────────────────────────
2026-06-05 09:48:13,161 | INFO     | 🚀 Запуск filter_ru_sni_local.py (Экспериментальный фильтр по RU-SNI (локальные домены))...
2026-06-05 09:48:13,333 | INFO     |   → hy2.txt: 66 → 0 (RU-SNI)
2026-06-05 09:48:13,333 | INFO     |   → hysteria.txt: 13 → 0 (RU-SNI)
2026-06-05 09:48:13,333 | INFO     |   → hysteria2.txt: 33 → 0 (RU-SNI)
2026-06-05 09:48:13,333 | INFO     |   → ss.txt: 1877 → 0 (RU-SNI)
2026-06-05 09:48:13,333 | INFO     |   → trojan.txt: 1484 → 0 (RU-SNI)
2026-06-05 09:48:13,333 | INFO     |   → tuic.txt: 52 → 0 (RU-SNI)
2026-06-05 09:48:13,333 | INFO     |   → vless.txt: 4656 → 215 (RU-SNI)
2026-06-05 09:48:13,333 | INFO     |   → vmess.txt: 3726 → 0 (RU-SNI)
2026-06-05 09:48:13,333 | INFO     |   → ==================================================
2026-06-05 09:48:13,333 | INFO     |   → Всего входных:  11907
2026-06-05 09:48:13,333 | INFO     |   → Прошли RU-SNI:  215
2026-06-05 09:48:13,333 | INFO     |   → Отброшено:      11692
2026-06-05 09:48:13,333 | INFO     |   → ==================================================
2026-06-05 09:48:13,333 | INFO     |   → Готово → /home/runner/work/vpn-vless-configs-russia/vpn-vless-configs-russia/githubmirror/ru-sni-local
2026-06-05 09:48:13,333 | INFO     | ✅ filter_ru_sni_local.py завершён успешно
2026-06-05 09:48:13,333 | INFO     | 
2026-06-05 09:48:13,333 | INFO     | 
2026-06-05 09:48:13,333 | INFO     | ──────────────────────────────────────────────────────────────────────
2026-06-05 09:48:13,333 | INFO     | 📌 ЭТАП: Сбор статистики
2026-06-05 09:48:13,333 | INFO     | ──────────────────────────────────────────────────────────────────────
2026-06-05 09:48:13,333 | INFO     | 📊 Сбор статистики...
2026-06-05 09:48:13,334 | INFO     |   📁 githubmirror/clean:
2026-06-05 09:48:13,334 | INFO     |     • hy2         :    66 конфигов
2026-06-05 09:48:13,334 | INFO     |     • hysteria    :    13 конфигов
2026-06-05 09:48:13,334 | INFO     |     • hysteria2   :    33 конфигов
2026-06-05 09:48:13,335 | INFO     |     • ss          :  1877 конфигов
2026-06-05 09:48:13,337 | INFO     |     • trojan      :  1484 конфигов
2026-06-05 09:48:13,337 | INFO     |     • tuic        :    52 конфигов
2026-06-05 09:48:13,341 | INFO     |     • vless       :  4656 конфигов
2026-06-05 09:48:13,343 | INFO     |     • vmess       :  3726 конфигов
2026-06-05 09:48:13,343 | INFO     |   📁 githubmirror/ru-sni:
2026-06-05 09:48:13,344 | INFO     |     • hy2         :    19 конфигов ( 28.8% от clean)
2026-06-05 09:48:13,344 | INFO     |     • hysteria    :     0 конфигов (  0.0% от clean)
2026-06-05 09:48:13,344 | INFO     |     • hysteria2   :     7 конфигов ( 21.2% от clean)
2026-06-05 09:48:13,344 | INFO     |     • ss          :     3 конфигов (  0.2% от clean)
2026-06-05 09:48:13,344 | INFO     |     • trojan      :     6 конфигов (  0.4% от clean)
2026-06-05 09:48:13,344 | INFO     |     • tuic        :     0 конфигов (  0.0% от clean)
2026-06-05 09:48:13,345 | INFO     |     • vless       :   732 конфигов ( 15.7% от clean)
2026-06-05 09:48:13,345 | INFO     |     • vmess       :    38 конфигов (  1.0% от clean)
2026-06-05 09:48:13,345 | INFO     | 
2026-06-05 09:48:13,345 | INFO     |   ──────────────────────────────────────────────────
2026-06-05 09:48:13,345 | INFO     |   📈 ИТОГО:
2026-06-05 09:48:13,345 | INFO     |     Clean (после geo-фильтра):    11907
2026-06-05 09:48:13,345 | INFO     |     RU-SNI (после SNI-фильтра):     805
2026-06-05 09:48:13,345 | INFO     |     Прошло фильтр:                  6.8%
2026-06-05 09:48:13,345 | INFO     |   ──────────────────────────────────────────────────
2026-06-05 09:48:13,346 | INFO     | ✅ Статистика сохранена: /home/runner/work/vpn-vless-configs-russia/vpn-vless-configs-russia/stats.json
2026-06-05 09:48:13,346 | INFO     | 
2026-06-05 09:48:13,346 | INFO     | ======================================================================
2026-06-05 09:48:13,346 | INFO     | 📊 ИТОГОВЫЙ ОТЧЁТ
2026-06-05 09:48:13,346 | INFO     | ======================================================================
2026-06-05 09:48:13,346 | INFO     |   ✅ OK         | Загрузка и geo-фильтрация
2026-06-05 09:48:13,346 | INFO     |   ✅ OK         | Фильтрация по реальному SNI
2026-06-05 09:48:13,346 | INFO     |   ✅ OK         | Экспериментальный RU-SNI фильтр
2026-06-05 09:48:13,346 | INFO     |   ✅ OK         | Сбор статистики
2026-06-05 09:48:13,346 | INFO     | ──────────────────────────────────────────────────────────────────────
2026-06-05 09:48:13,346 | INFO     | ✅ ВСЕ ЭТАПЫ УСПЕШНЫ (4/4)
2026-06-05 09:48:13,346 | INFO     | ⏰ Время завершения: 2026-06-05 09:48:13
2026-06-05 09:48:13,346 | INFO     | ======================================================================
