2026-06-13 08:59:25,004 | INFO     | ======================================================================
2026-06-13 08:59:25,004 | INFO     | 🔍 VPN KEY CHECKER - Начало проверки
2026-06-13 08:59:25,004 | INFO     | ⏰ Время старта: 2026-06-13 08:59:25
2026-06-13 08:59:25,004 | INFO     | 📂 Рабочая директория: /home/runner/work/vpn-vless-configs-russia/vpn-vless-configs-russia
2026-06-13 08:59:25,004 | INFO     | ======================================================================
2026-06-13 08:59:25,004 | INFO     | 
2026-06-13 08:59:25,004 | INFO     | 🔍 Проверка наличия скриптов...
2026-06-13 08:59:25,005 | INFO     |   ✅ mirror.py
2026-06-13 08:59:25,005 | INFO     |   ✅ filter_ru_sni.py
2026-06-13 08:59:25,005 | INFO     |   ✅ filter_ru_sni_local.py
2026-06-13 08:59:25,005 | INFO     | 
2026-06-13 08:59:25,005 | INFO     | 
2026-06-13 08:59:25,005 | INFO     | ──────────────────────────────────────────────────────────────────────
2026-06-13 08:59:25,005 | INFO     | 📌 ЭТАП: Загрузка и geo-фильтрация
2026-06-13 08:59:25,005 | INFO     | ──────────────────────────────────────────────────────────────────────
2026-06-13 08:59:25,005 | INFO     | 🚀 Запуск mirror.py (Загрузка и фильтрация по РФ/СНГ/Европа)...
2026-06-13 09:06:16,320 | INFO     |   → 🚀 Старт: всего источников (старые + новые): 1187
2026-06-13 09:06:16,320 | INFO     |   → 1/1187: ✅ 13 взято | 🗑️ 242 мусор
2026-06-13 09:06:16,320 | INFO     |   → 2/1187: ✅ 0 взято | 🗑️ 0 мусор
2026-06-13 09:06:16,320 | INFO     |   → 3/1187 ❌ HTTP 404 — https://bitbucket.org/huwo1/proxy_nodes/raw/f31ca9ec67b84071515729ff45b011b6b09c10f2/clash.yaml
2026-06-13 09:06:16,320 | INFO     |   → 4/1187 ❌ HTTP 404 — https://cdn.jsdelivr.net/gh/cry0ice/genode@main/public/all.txt
2026-06-13 09:06:16,320 | INFO     |   → 5/1187 ❌ HTTP 404 — https://cdn.jsdelivr.net/gh/cry0ice/genode@main/public/ss.txt
2026-06-13 09:06:16,320 | INFO     |   → 6/1187 ❌ HTTP 404 — https://cdn.jsdelivr.net/gh/cry0ice/genode@main/public/ssr.txt
2026-06-13 09:06:16,320 | INFO     |   → 7/1187 ❌ HTTP 404 — https://cdn.jsdelivr.net/gh/cry0ice/genode@main/public/trojan.txt
2026-06-13 09:06:16,320 | INFO     |   → 8/1187 ❌ HTTP 404 — https://cdn.jsdelivr.net/gh/cry0ice/genode@main/public/vless.txt
2026-06-13 09:06:16,320 | INFO     |   → 9/1187 ❌ HTTP 404 — https://cdn.jsdelivr.net/gh/cry0ice/genode@main/public/vmess.txt
2026-06-13 09:06:16,320 | INFO     |   → 10/1187: ✅ 0 взято | 🗑️ 0 мусор
2026-06-13 09:06:16,321 | INFO     |   → 11/1187: ✅ 0 взято | 🗑️ 0 мусор
2026-06-13 09:06:16,321 | INFO     |   → 12/1187: ✅ 0 взято | 🗑️ 0 мусор
2026-06-13 09:06:16,321 | INFO     |   → 13/1187: ✅ 0 взято | 🗑️ 0 мусор
2026-06-13 09:06:16,321 | INFO     |   → 14/1187: ✅ 0 взято | 🗑️ 0 мусор
2026-06-13 09:06:16,321 | INFO     |   → 15/1187: ✅ 0 взято | 🗑️ 0 мусор
2026-06-13 09:06:16,321 | INFO     |   → 16/1187: ✅ 0 взято | 🗑️ 0 мусор
2026-06-13 09:06:16,321 | INFO     |   → 17/1187: ✅ 0 взято | 🗑️ 0 мусор
2026-06-13 09:06:16,321 | INFO     |   → 18/1187: ✅ 0 взято | 🗑️ 0 мусор
2026-06-13 09:06:16,321 | INFO     |   → 19/1187: ✅ 0 взято | 🗑️ 0 мусор
2026-06-13 09:06:16,321 | INFO     |   → 20/1187: ✅ 0 взято | 🗑️ 0 мусор
2026-06-13 09:06:16,321 | INFO     |   → 21/1187: ✅ 0 взято | 🗑️ 0 мусор
2026-06-13 09:06:16,321 | INFO     |   → 22/1187: ✅ 0 взято | 🗑️ 0 мусор
2026-06-13 09:06:16,321 | INFO     |   → 23/1187: ✅ 0 взято | 🗑️ 0 мусор
2026-06-13 09:06:16,321 | INFO     |   → 24/1187: ✅ 0 взято | 🗑️ 0 мусор
2026-06-13 09:06:16,321 | INFO     |   → 25/1187: ✅ 0 взято | 🗑️ 0 мусор
2026-06-13 09:06:16,321 | INFO     |   → 26/1187: ✅ 0 взято | 🗑️ 0 мусор
2026-06-13 09:06:16,321 | INFO     |   → 27/1187: ✅ 0 взято | 🗑️ 0 мусор
2026-06-13 09:06:16,321 | INFO     |   → 28/1187: ✅ 0 взято | 🗑️ 0 мусор
2026-06-13 09:06:16,321 | INFO     |   → 29/1187: ✅ 0 взято | 🗑️ 0 мусор
2026-06-13 09:06:16,321 | INFO     |   → 30/1187: ✅ 0 взято | 🗑️ 0 мусор
2026-06-13 09:06:16,321 | INFO     |   → 31/1187: ✅ 0 взято | 🗑️ 0 мусор
2026-06-13 09:06:16,321 | INFO     |   → 32/1187: ✅ 0 взято | 🗑️ 0 мусор
2026-06-13 09:06:16,321 | INFO     |   → 33/1187: ✅ 0 взято | 🗑️ 0 мусор
2026-06-13 09:06:16,322 | INFO     |   → 34/1187: ✅ 0 взято | 🗑️ 0 мусор
2026-06-13 09:06:16,322 | INFO     |   → 35/1187: ✅ 0 взято | 🗑️ 0 мусор
2026-06-13 09:06:16,322 | INFO     |   → 36/1187: ✅ 0 взято | 🗑️ 0 мусор
2026-06-13 09:06:16,322 | INFO     |   → 37/1187: ✅ 0 взято | 🗑️ 0 мусор
2026-06-13 09:06:16,322 | INFO     |   → 38/1187: ✅ 0 взято | 🗑️ 0 мусор
2026-06-13 09:06:16,322 | INFO     |   → 39/1187: ✅ 0 взято | 🗑️ 0 мусор
2026-06-13 09:06:16,322 | INFO     |   → 40/1187: ✅ 0 взято | 🗑️ 0 мусор
2026-06-13 09:06:16,322 | INFO     |   → 41/1187: ✅ 0 взято | 🗑️ 0 мусор
2026-06-13 09:06:16,322 | INFO     |   → 42/1187: ✅ 0 взято | 🗑️ 0 мусор
2026-06-13 09:06:16,322 | INFO     |   → 43/1187: ✅ 0 взято | 🗑️ 0 мусор
2026-06-13 09:06:16,322 | INFO     |   → 44/1187: ✅ 0 взято | 🗑️ 0 мусор
2026-06-13 09:06:16,322 | INFO     |   → 45/1187: ✅ 0 взято | 🗑️ 0 мусор
2026-06-13 09:06:16,322 | INFO     |   → 46/1187: ✅ 0 взято | 🗑️ 0 мусор
2026-06-13 09:06:16,322 | INFO     |   → 47/1187: ✅ 0 взято | 🗑️ 0 мусор
2026-06-13 09:06:16,322 | INFO     |   → 48/1187: ✅ 0 взято | 🗑️ 0 мусор
2026-06-13 09:06:16,322 | INFO     |   → 49/1187: ✅ 0 взято | 🗑️ 0 мусор
2026-06-13 09:06:16,322 | INFO     |   → 50/1187: ✅ 0 взято | 🗑️ 0 мусор
2026-06-13 09:06:16,322 | INFO     |   → 51/1187: ✅ 0 взято | 🗑️ 0 мусор
2026-06-13 09:06:16,322 | INFO     |   → 52/1187: ✅ 0 взято | 🗑️ 0 мусор
2026-06-13 09:06:16,322 | INFO     |   → 53/1187: ✅ 0 взято | 🗑️ 0 мусор
2026-06-13 09:06:16,322 | INFO     |   → 54/1187: ✅ 0 взято | 🗑️ 0 мусор
2026-06-13 09:06:16,322 | INFO     |   → 55/1187: ✅ 0 взято | 🗑️ 0 мусор
2026-06-13 09:06:16,323 | INFO     |   → 56/1187: ✅ 0 взято | 🗑️ 0 мусор
2026-06-13 09:06:16,323 | INFO     |   → 57/1187: ✅ 0 взято | 🗑️ 0 мусор
2026-06-13 09:06:16,323 | INFO     |   → 58/1187: ✅ 0 взято | 🗑️ 0 мусор
2026-06-13 09:06:16,323 | INFO     |   → 59/1187: ✅ 0 взято | 🗑️ 0 мусор
2026-06-13 09:06:16,323 | INFO     |   → 60/1187: ✅ 0 взято | 🗑️ 0 мусор
2026-06-13 09:06:16,323 | INFO     |   → 61/1187: ✅ 0 взято | 🗑️ 0 мусор
2026-06-13 09:06:16,323 | INFO     |   → 62/1187: ✅ 0 взято | 🗑️ 0 мусор
2026-06-13 09:06:16,323 | INFO     |   → 63/1187: ✅ 0 взято | 🗑️ 0 мусор
2026-06-13 09:06:16,323 | INFO     |   → 64/1187: ✅ 0 взято | 🗑️ 0 мусор
2026-06-13 09:06:16,323 | INFO     |   → 65/1187: ✅ 0 взято | 🗑️ 0 мусор
2026-06-13 09:06:16,323 | INFO     |   → 66/1187: ✅ 0 взято | 🗑️ 0 мусор
2026-06-13 09:06:16,323 | INFO     |   → 67/1187: ✅ 0 взято | 🗑️ 0 мусор
2026-06-13 09:06:16,323 | INFO     |   → 68/1187: ✅ 0 взято | 🗑️ 0 мусор
2026-06-13 09:06:16,323 | INFO     |   → 69/1187: ✅ 0 взято | 🗑️ 0 мусор
2026-06-13 09:06:16,323 | INFO     |   → 70/1187: ✅ 0 взято | 🗑️ 0 мусор
2026-06-13 09:06:16,323 | INFO     |   → 71/1187: ✅ 0 взято | 🗑️ 0 мусор
2026-06-13 09:06:16,323 | INFO     |   → 72/1187: ✅ 0 взято | 🗑️ 0 мусор
2026-06-13 09:06:16,323 | INFO     |   → 73/1187: ✅ 0 взято | 🗑️ 0 мусор
2026-06-13 09:06:16,323 | INFO     |   → 74/1187: ✅ 0 взято | 🗑️ 0 мусор
2026-06-13 09:06:16,323 | INFO     |   → 75/1187: ✅ 0 взято | 🗑️ 0 мусор
2026-06-13 09:06:16,323 | INFO     |   → 76/1187: ✅ 0 взято | 🗑️ 0 мусор
2026-06-13 09:06:16,323 | INFO     |   → 77/1187: ✅ 0 взято | 🗑️ 0 мусор
2026-06-13 09:06:16,323 | INFO     |   → 78/1187: ✅ 0 взято | 🗑️ 0 мусор
2026-06-13 09:06:16,323 | INFO     |   → 79/1187: ✅ 0 взято | 🗑️ 0 мусор
2026-06-13 09:06:16,323 | INFO     |   → 80/1187: ✅ 0 взято | 🗑️ 0 мусор
2026-06-13 09:06:16,324 | INFO     |   → 81/1187: ✅ 0 взято | 🗑️ 0 мусор
2026-06-13 09:06:16,324 | INFO     |   → 82/1187: ✅ 0 взято | 🗑️ 0 мусор
2026-06-13 09:06:16,324 | INFO     |   → 83/1187: ✅ 0 взято | 🗑️ 0 мусор
2026-06-13 09:06:16,324 | INFO     |   → 84/1187: ✅ 0 взято | 🗑️ 0 мусор
2026-06-13 09:06:16,324 | INFO     |   → 85/1187: ✅ 0 взято | 🗑️ 0 мусор
2026-06-13 09:06:16,324 | INFO     |   → 86/1187: ✅ 0 взято | 🗑️ 0 мусор
2026-06-13 09:06:16,324 | INFO     |   → 87/1187: ✅ 0 взято | 🗑️ 0 мусор
2026-06-13 09:06:16,324 | INFO     |   → 88/1187: ✅ 0 взято | 🗑️ 0 мусор
2026-06-13 09:06:16,324 | INFO     |   → 89/1187: ✅ 0 взято | 🗑️ 0 мусор
2026-06-13 09:06:16,324 | INFO     |   → 90/1187: ✅ 0 взято | 🗑️ 0 мусор
2026-06-13 09:06:16,324 | INFO     |   → 91/1187: ✅ 0 взято | 🗑️ 0 мусор
2026-06-13 09:06:16,324 | INFO     |   → 92/1187: ✅ 0 взято | 🗑️ 0 мусор
2026-06-13 09:06:16,324 | INFO     |   → 93/1187: ✅ 0 взято | 🗑️ 0 мусор
2026-06-13 09:06:16,324 | INFO     |   → 94/1187: ✅ 0 взято | 🗑️ 0 мусор
2026-06-13 09:06:16,324 | INFO     |   → 95/1187: ✅ 0 взято | 🗑️ 0 мусор
2026-06-13 09:06:16,324 | INFO     |   → 96/1187: ✅ 0 взято | 🗑️ 0 мусор
2026-06-13 09:06:16,324 | INFO     |   → 97/1187: ✅ 0 взято | 🗑️ 0 мусор
2026-06-13 09:06:16,324 | INFO     |   → 98/1187: ✅ 0 взято | 🗑️ 0 мусор
2026-06-13 09:06:16,324 | INFO     |   → 99/1187: ✅ 0 взято | 🗑️ 0 мусор
2026-06-13 09:06:16,324 | INFO     |   → 100/1187: ✅ 0 взято | 🗑️ 0 мусор
2026-06-13 09:06:16,324 | INFO     |   → 101/1187: ✅ 0 взято | 🗑️ 0 мусор
2026-06-13 09:06:16,324 | INFO     |   → 102/1187: ✅ 0 взято | 🗑️ 0 мусор
2026-06-13 09:06:16,324 | INFO     |   → 103/1187: ✅ 0 взято | 🗑️ 0 мусор
2026-06-13 09:06:16,324 | INFO     |   → 104/1187: ✅ 0 взято | 🗑️ 0 мусор
2026-06-13 09:06:16,324 | INFO     |   → 105/1187: ✅ 0 взято | 🗑️ 0 мусор
2026-06-13 09:06:16,325 | INFO     |   → 106/1187: ✅ 0 взято | 🗑️ 0 мусор
2026-06-13 09:06:16,325 | INFO     |   → 107/1187: ✅ 0 взято | 🗑️ 0 мусор
2026-06-13 09:06:16,325 | INFO     |   → 108/1187: ✅ 0 взято | 🗑️ 0 мусор
2026-06-13 09:06:16,325 | INFO     |   → 109/1187: ✅ 0 взято | 🗑️ 0 мусор
2026-06-13 09:06:16,325 | INFO     |   → 110/1187: ✅ 0 взято | 🗑️ 0 мусор
2026-06-13 09:06:16,325 | INFO     |   → 111/1187: ✅ 0 взято | 🗑️ 0 мусор
2026-06-13 09:06:16,325 | INFO     |   → 112/1187: ✅ 0 взято | 🗑️ 0 мусор
2026-06-13 09:06:16,325 | INFO     |   → 113/1187: ✅ 0 взято | 🗑️ 0 мусор
2026-06-13 09:06:16,325 | INFO     |   → 114/1187: ✅ 0 взято | 🗑️ 0 мусор
2026-06-13 09:06:16,325 | INFO     |   → 115/1187: ✅ 0 взято | 🗑️ 0 мусор
2026-06-13 09:06:16,325 | INFO     |   → 116/1187: ✅ 0 взято | 🗑️ 0 мусор
2026-06-13 09:06:16,325 | INFO     |   → 117/1187: ✅ 0 взято | 🗑️ 0 мусор
2026-06-13 09:06:16,325 | INFO     |   → 118/1187: ✅ 0 взято | 🗑️ 0 мусор
2026-06-13 09:06:16,325 | INFO     |   → 119/1187: ✅ 0 взято | 🗑️ 0 мусор
2026-06-13 09:06:16,325 | INFO     |   → 120/1187: ✅ 0 взято | 🗑️ 0 мусор
2026-06-13 09:06:16,325 | INFO     |   → 121/1187: ✅ 0 взято | 🗑️ 0 мусор
2026-06-13 09:06:16,325 | INFO     |   → 122/1187: ✅ 0 взято | 🗑️ 0 мусор
2026-06-13 09:06:16,325 | INFO     |   → 123/1187: ✅ 0 взято | 🗑️ 0 мусор
2026-06-13 09:06:16,325 | INFO     |   → 124/1187: ✅ 0 взято | 🗑️ 0 мусор
2026-06-13 09:06:16,325 | INFO     |   → 125/1187: ✅ 0 взято | 🗑️ 0 мусор
2026-06-13 09:06:16,325 | INFO     |   → 126/1187: ✅ 0 взято | 🗑️ 0 мусор
2026-06-13 09:06:16,325 | INFO     |   → 127/1187: ✅ 0 взято | 🗑️ 0 мусор
2026-06-13 09:06:16,325 | INFO     |   → 128/1187: ✅ 0 взято | 🗑️ 0 мусор
2026-06-13 09:06:16,325 | INFO     |   → 129/1187: ✅ 0 взято | 🗑️ 0 мусор
2026-06-13 09:06:16,325 | INFO     |   → 130/1187: ✅ 0 взято | 🗑️ 0 мусор
2026-06-13 09:06:16,326 | INFO     |   → 131/1187: ✅ 0 взято | 🗑️ 0 мусор
2026-06-13 09:06:16,326 | INFO     |   → 132/1187: ✅ 0 взято | 🗑️ 0 мусор
2026-06-13 09:06:16,326 | INFO     |   → 133/1187: ✅ 0 взято | 🗑️ 0 мусор
2026-06-13 09:06:16,326 | INFO     |   → 134/1187: ✅ 0 взято | 🗑️ 0 мусор
2026-06-13 09:06:16,326 | INFO     |   → 135/1187: ✅ 0 взято | 🗑️ 0 мусор
2026-06-13 09:06:16,326 | INFO     |   → 136/1187: ✅ 0 взято | 🗑️ 0 мусор
2026-06-13 09:06:16,326 | INFO     |   → 137/1187: ✅ 0 взято | 🗑️ 0 мусор
2026-06-13 09:06:16,326 | INFO     |   → 138/1187 ❌ HTTP 404 — https://freessrnode.github.io/uploads/2024/08/0-20240822.txt
2026-06-13 09:06:16,326 | INFO     |   → 139/1187 ❌ HTTP 404 — https://freessrnode.github.io/uploads/2024/08/1-20240822.txt
2026-06-13 09:06:16,326 | INFO     |   → 140/1187 ❌ HTTP 404 — https://freessrnode.github.io/uploads/2024/08/2-20240822.txt
2026-06-13 09:06:16,326 | INFO     |   → 141/1187 ❌ HTTP 404 — https://freessrnode.github.io/uploads/2024/08/3-20240822.txt
2026-06-13 09:06:16,326 | INFO     |   → 142/1187 ❌ HTTP 404 — https://freessrnode.github.io/uploads/2024/08/4-20240822.txt
2026-06-13 09:06:16,326 | INFO     |   → 143/1187 ⚠️ Ошибка: HTTPSConnectionPool(host='freevpnspy.githubrowcontent.com', port=443): Max retries exceeded with url: /2024/08/20240802_novless.yaml (Caused by NameResolutionError("HTTPSConnection(host='freevpnspy.githubrowcontent.com', port=443): Failed to resolve 'freevpnspy.githubrowcontent.com' ([Errno -2] Name or service not known)")) — https://freevpnspy.githubrowcontent.com/2024/08/20240802_novless.yaml
2026-06-13 09:06:16,326 | INFO     |   → 144/1187 ⚠️ Ошибка: HTTPSConnectionPool(host='freevpnspy.githubrowcontent.com', port=443): Max retries exceeded with url: /2024/08/20240802_vless.yaml (Caused by NameResolutionError("HTTPSConnection(host='freevpnspy.githubrowcontent.com', port=443): Failed to resolve 'freevpnspy.githubrowcontent.com' ([Errno -2] Name or service not known)")) — https://freevpnspy.githubrowcontent.com/2024/08/20240802_vless.yaml
2026-06-13 09:06:16,326 | INFO     |   → 145/1187: ✅ 0 взято | 🗑️ 0 мусор
2026-06-13 09:06:16,326 | INFO     |   → 146/1187: ✅ 14 взято | 🗑️ 292 мусор
2026-06-13 09:06:16,326 | INFO     |   → 147/1187: ✅ 14 взято | 🗑️ 218 мусор
2026-06-13 09:06:16,326 | INFO     |   → 148/1187: ✅ 7 взято | 🗑️ 148 мусор
2026-06-13 09:06:16,326 | INFO     |   → 149/1187: ✅ 10 взято | 🗑️ 232 мусор
2026-06-13 09:06:16,326 | INFO     |   → 150/1187: ✅ 4 взято | 🗑️ 151 мусор
2026-06-13 09:06:16,326 | INFO     |   → 151/1187: ✅ 0 взято | 🗑️ 0 мусор
2026-06-13 09:06:16,326 | INFO     |   → 152/1187: ✅ 0 взято | 🗑️ 0 мусор
2026-06-13 09:06:16,326 | INFO     |   → 153/1187: ✅ 0 взято | 🗑️ 0 мусор
2026-06-13 09:06:16,326 | INFO     |   → 154/1187: ✅ 7 взято | 🗑️ 113 мусор
2026-06-13 09:06:16,326 | INFO     |   → 155/1187: ✅ 0 взято | 🗑️ 0 мусор
2026-06-13 09:06:16,326 | INFO     |   → 156/1187: ✅ 0 взято | 🗑️ 0 мусор
2026-06-13 09:06:16,326 | INFO     |   → 157/1187: ✅ 0 взято | 🗑️ 0 мусор
2026-06-13 09:06:16,326 | INFO     |   → 158/1187: ✅ 5 взято | 🗑️ 211 мусор
2026-06-13 09:06:16,326 | INFO     |   → 159/1187: ✅ 0 взято | 🗑️ 0 мусор
2026-06-13 09:06:16,326 | INFO     |   → 160/1187: ✅ 0 взято | 🗑️ 0 мусор
2026-06-13 09:06:16,326 | INFO     |   → 161/1187: ✅ 1 взято | 🗑️ 226 мусор
2026-06-13 09:06:16,326 | INFO     |   → 162/1187: ✅ 3 взято | 🗑️ 152 мусор
2026-06-13 09:06:16,326 | INFO     |   → 163/1187: ✅ 0 взято | 🗑️ 0 мусор
2026-06-13 09:06:16,326 | INFO     |   → 164/1187: ✅ 0 взято | 🗑️ 0 мусор
2026-06-13 09:06:16,326 | INFO     |   → 165/1187: ✅ 0 взято | 🗑️ 0 мусор
2026-06-13 09:06:16,326 | INFO     |   → 166/1187: ✅ 0 взято | 🗑️ 300 мусор
2026-06-13 09:06:16,326 | INFO     |   → 167/1187: ✅ 0 взято | 🗑️ 0 мусор
2026-06-13 09:06:16,326 | INFO     |   → 168/1187: ✅ 0 взято | 🗑️ 142 мусор
2026-06-13 09:06:16,326 | INFO     |   → 169/1187: ✅ 2 взято | 🗑️ 124 мусор
2026-06-13 09:06:16,326 | INFO     |   → 170/1187: ✅ 0 взято | 🗑️ 0 мусор
2026-06-13 09:06:16,326 | INFO     |   → 171/1187: ✅ 1 взято | 🗑️ 104 мусор
2026-06-13 09:06:16,327 | INFO     |   → 172/1187: ✅ 0 взято | 🗑️ 193 мусор
2026-06-13 09:06:16,327 | INFO     |   → 173/1187: ✅ 2 взято | 🗑️ 115 мусор
2026-06-13 09:06:16,327 | INFO     |   → 174/1187: ✅ 7 взято | 🗑️ 179 мусор
2026-06-13 09:06:16,327 | INFO     |   → 175/1187: ✅ 0 взято | 🗑️ 0 мусор
2026-06-13 09:06:16,327 | INFO     |   → 176/1187: ✅ 0 взято | 🗑️ 0 мусор
2026-06-13 09:06:16,327 | INFO     |   → 177/1187: ✅ 0 взято | 🗑️ 125 мусор
2026-06-13 09:06:16,327 | INFO     |   → 178/1187: ✅ 0 взято | 🗑️ 296 мусор
2026-06-13 09:06:16,327 | INFO     |   → 179/1187: ✅ 1 взято | 🗑️ 279 мусор
2026-06-13 09:06:16,327 | INFO     |   → 180/1187: ✅ 0 взято | 🗑️ 130 мусор
2026-06-13 09:06:16,327 | INFO     |   → 181/1187: ✅ 2 взято | 🗑️ 105 мусор
2026-06-13 09:06:16,327 | INFO     |   → 182/1187: ✅ 0 взято | 🗑️ 0 мусор
2026-06-13 09:06:16,327 | INFO     |   → 183/1187: ✅ 3 взято | 🗑️ 268 мусор
2026-06-13 09:06:16,327 | INFO     |   → 184/1187: ✅ 0 взято | 🗑️ 248 мусор
2026-06-13 09:06:16,327 | INFO     |   → 185/1187: ✅ 0 взято | 🗑️ 0 мусор
2026-06-13 09:06:16,327 | INFO     |   → 186/1187: ✅ 1 взято | 🗑️ 139 мусор
2026-06-13 09:06:16,327 | INFO     |   → 187/1187: ✅ 1 взято | 🗑️ 109 мусор
2026-06-13 09:06:16,327 | INFO     |   → 188/1187: ✅ 0 взято | 🗑️ 0 мусор
2026-06-13 09:06:16,327 | INFO     |   → 189/1187: ✅ 0 взято | 🗑️ 0 мусор
2026-06-13 09:06:16,327 | INFO     |   → 190/1187: ✅ 0 взято | 🗑️ 0 мусор
2026-06-13 09:06:16,327 | INFO     |   → 191/1187: ✅ 0 взято | 🗑️ 0 мусор
2026-06-13 09:06:16,327 | INFO     |   → 192/1187: ✅ 0 взято | 🗑️ 198 мусор
2026-06-13 09:06:16,327 | INFO     |   → 193/1187: ✅ 0 взято | 🗑️ 0 мусор
2026-06-13 09:06:16,327 | INFO     |   → 194/1187: ✅ 0 взято | 🗑️ 0 мусор
2026-06-13 09:06:16,327 | INFO     |   → 195/1187: ✅ 0 взято | 🗑️ 0 мусор
2026-06-13 09:06:16,328 | INFO     |   → 196/1187: ✅ 0 взято | 🗑️ 0 мусор
2026-06-13 09:06:16,328 | INFO     |   → 197/1187 ❌ HTTP 404 — https://github.com/Epodonios/bulk-xray-v2ray-vless-vmess-...-configs/raw/main/sub/Albania/config.txt
2026-06-13 09:06:16,328 | INFO     |   → 198/1187 ❌ HTTP 404 — https://github.com/Epodonios/bulk-xray-v2ray-vless-vmess-...-configs/raw/main/sub/Cura%C3%A7ao/config.txt
2026-06-13 09:06:16,328 | INFO     |   → 199/1187 ❌ HTTP 404 — https://github.com/Epodonios/bulk-xray-v2ray-vless-vmess-...-configs/raw/main/sub/Finland/config.txt
2026-06-13 09:06:16,328 | INFO     |   → 200/1187 ❌ HTTP 404 — https://github.com/Epodonios/bulk-xray-v2ray-vless-vmess-...-configs/raw/main/sub/Iran/config.txt
2026-06-13 09:06:16,328 | INFO     |   → 201/1187 ❌ HTTP 404 — https://github.com/Epodonios/bulk-xray-v2ray-vless-vmess-...-configs/raw/main/sub/Netherlands/config.txt
2026-06-13 09:06:16,328 | INFO     |   → 202/1187 ❌ HTTP 404 — https://github.com/Epodonios/bulk-xray-v2ray-vless-vmess-...-configs/raw/main/sub/Norway/config.txt
2026-06-13 09:06:16,328 | INFO     |   → 203/1187 ❌ HTTP 404 — https://github.com/Epodonios/bulk-xray-v2ray-vless-vmess-...-configs/raw/main/sub/Russia/config.txt
2026-06-13 09:06:16,328 | INFO     |   → 204/1187: ✅ 13 взято | 🗑️ 70 мусор
2026-06-13 09:06:16,328 | INFO     |   → 205/1187: ✅ 0 взято | 🗑️ 4 мусор
2026-06-13 09:06:16,328 | INFO     |   → 206/1187: ✅ 0 взято | 🗑️ 7 мусор
2026-06-13 09:06:16,328 | INFO     |   → 207/1187: ✅ 0 взято | 🗑️ 51 мусор
2026-06-13 09:06:16,328 | INFO     |   → 208/1187: ✅ 0 взято | 🗑️ 8 мусор
2026-06-13 09:06:16,328 | INFO     |   → 209/1187: ✅ 0 взято | 🗑️ 0 мусор
2026-06-13 09:06:16,328 | INFO     |   → 210/1187: ✅ 17 взято | 🗑️ 119 мусор
2026-06-13 09:06:16,328 | INFO     |   → 211/1187 ❌ HTTP 404 — https://github.com/MrMohebi/xray-proxy-grabber-telegram/raw/master/collected-proxies/clash-meta/all.yaml
2026-06-13 09:06:16,328 | INFO     |   → 212/1187 ❌ HTTP 404 — https://github.com/MrMohebi/xray-proxy-grabber-telegram/raw/master/collected-proxies/row-url/all.txt
2026-06-13 09:06:16,328 | INFO     |   → 213/1187: ✅ 0 взято | 🗑️ 0 мусор
2026-06-13 09:06:16,328 | INFO     |   → 214/1187: ✅ 0 взято | 🗑️ 113 мусор
2026-06-13 09:06:16,328 | INFO     |   → 215/1187: ✅ 0 взято | 🗑️ 119 мусор
2026-06-13 09:06:16,328 | INFO     |   → 216/1187 ❌ HTTP 404 — https://github.com/abbasdvd3/abbasdvd10/73ec60de7a6c6aa6df4c14b511c1da60686891ca/ppo.txt
2026-06-13 09:06:16,328 | INFO     |   → 217/1187 ❌ HTTP 404 — https://github.com/acymz/AutoVPN/refs/heads/main/data/V2.txt
2026-06-13 09:06:16,328 | INFO     |   → 218/1187: ✅ 0 взято | 🗑️ 0 мусор
2026-06-13 09:06:16,328 | INFO     |   → 219/1187: ✅ 0 взято | 🗑️ 0 мусор
2026-06-13 09:06:16,328 | INFO     |   → 220/1187: ✅ 0 взято | 🗑️ 0 мусор
2026-06-13 09:06:16,329 | INFO     |   → 221/1187: ✅ 0 взято | 🗑️ 0 мусор
2026-06-13 09:06:16,329 | INFO     |   → 222/1187: ✅ 0 взято | 🗑️ 0 мусор
2026-06-13 09:06:16,329 | INFO     |   → 223/1187: ✅ 0 взято | 🗑️ 0 мусор
2026-06-13 09:06:16,329 | INFO     |   → 224/1187: ✅ 0 взято | 🗑️ 0 мусор
2026-06-13 09:06:16,329 | INFO     |   → 225/1187 ❌ HTTP 404 — https://github.com/mermeroo/V2RAY-FREE/raw/main/All_Configs_base64_Sub.txt
2026-06-13 09:06:16,329 | INFO     |   → 226/1187 ❌ HTTP 404 — https://github.com/mermeroo/V2RAY-FREE/raw/main/Base64/Sub1_base64.txt
2026-06-13 09:06:16,329 | INFO     |   → 227/1187 ❌ HTTP 404 — https://github.com/mermeroo/V2RAY-FREE/raw/main/Base64/Sub2_base64.txt
2026-06-13 09:06:16,329 | INFO     |   → 228/1187 ❌ HTTP 404 — https://github.com/mermeroo/V2RAY-FREE/raw/main/Base64/Sub3_base64.txt
2026-06-13 09:06:16,329 | INFO     |   → 229/1187 ❌ HTTP 404 — https://github.com/mermeroo/V2RAY-FREE/raw/main/Base64/Sub4_base64.txt
2026-06-13 09:06:16,329 | INFO     |   → 230/1187 ❌ HTTP 404 — https://github.com/mermeroo/V2RAY-FREE/raw/main/Base64/Sub5_base64.txt
2026-06-13 09:06:16,329 | INFO     |   → 231/1187 ❌ HTTP 404 — https://github.com/mermeroo/telegram-configs-collector/raw/main/protocols/hysteria
2026-06-13 09:06:16,329 | INFO     |   → 232/1187 ❌ HTTP 404 — https://github.com/mermeroo/telegram-configs-collector/raw/main/protocols/juicity
2026-06-13 09:06:16,329 | INFO     |   → 233/1187 ❌ HTTP 404 — https://github.com/mermeroo/telegram-configs-collector/raw/main/protocols/tuic
2026-06-13 09:06:16,329 | INFO     |   → 234/1187: ✅ 5 взято | 🗑️ 16 мусор
2026-06-13 09:06:16,329 | INFO     |   → 235/1187: ✅ 0 взято | 🗑️ 0 мусор
2026-06-13 09:06:16,329 | INFO     |   → 236/1187: ✅ 0 взято | 🗑️ 0 мусор
2026-06-13 09:06:16,329 | INFO     |   → 237/1187: ✅ 0 взято | 🗑️ 0 мусор
2026-06-13 09:06:16,329 | INFO     |   → 238/1187: ✅ 3 взято | 🗑️ 238 мусор
2026-06-13 09:06:16,329 | INFO     |   → 239/1187: ✅ 0 взято | 🗑️ 0 мусор
2026-06-13 09:06:16,329 | INFO     |   → 240/1187: ✅ 3 взято | 🗑️ 239 мусор
2026-06-13 09:06:16,329 | INFO     |   → 241/1187: ✅ 0 взято | 🗑️ 0 мусор
2026-06-13 09:06:16,329 | INFO     |   → 242/1187: ✅ 0 взято | 🗑️ 255 мусор
2026-06-13 09:06:16,329 | INFO     |   → 243/1187: ✅ 0 взято | 🗑️ 0 мусор
2026-06-13 09:06:16,329 | INFO     |   → 244/1187: ✅ 1 взято | 🗑️ 249 мусор
2026-06-13 09:06:16,329 | INFO     |   → 245/1187: ✅ 0 взято | 🗑️ 0 мусор
2026-06-13 09:06:16,330 | INFO     |   → 246/1187: ✅ 0 взято | 🗑️ 207 мусор
2026-06-13 09:06:16,330 | INFO     |   → 247/1187: ✅ 0 взято | 🗑️ 0 мусор
2026-06-13 09:06:16,330 | INFO     |   → 248/1187: ✅ 0 взято | 🗑️ 228 мусор
2026-06-13 09:06:16,330 | INFO     |   → 249/1187: ✅ 0 взято | 🗑️ 0 мусор
2026-06-13 09:06:16,330 | INFO     |   → 250/1187: ✅ 1 взято | 🗑️ 291 мусор
2026-06-13 09:06:16,330 | INFO     |   → 251/1187: ✅ 0 взято | 🗑️ 0 мусор
2026-06-13 09:06:16,330 | INFO     |   → 252/1187: ✅ 3 взято | 🗑️ 221 мусор
2026-06-13 09:06:16,330 | INFO     |   → 253/1187: ✅ 0 взято | 🗑️ 0 мусор
2026-06-13 09:06:16,330 | INFO     |   → 254/1187: ✅ 1 взято | 🗑️ 222 мусор
2026-06-13 09:06:16,330 | INFO     |   → 255/1187: ✅ 0 взято | 🗑️ 0 мусор
2026-06-13 09:06:16,330 | INFO     |   → 256/1187: ✅ 1 взято | 🗑️ 218 мусор
2026-06-13 09:06:16,330 | INFO     |   → 257/1187: ✅ 0 взято | 🗑️ 0 мусор
2026-06-13 09:06:16,330 | INFO     |   → 258/1187: ✅ 0 взято | 🗑️ 193 мусор
2026-06-13 09:06:16,330 | INFO     |   → 259/1187: ✅ 0 взято | 🗑️ 0 мусор
2026-06-13 09:06:16,330 | INFO     |   → 260/1187: ✅ 0 взято | 🗑️ 290 мусор
2026-06-13 09:06:16,330 | INFO     |   → 261/1187: ✅ 0 взято | 🗑️ 0 мусор
2026-06-13 09:06:16,330 | INFO     |   → 262/1187: ✅ 0 взято | 🗑️ 238 мусор
2026-06-13 09:06:16,330 | INFO     |   → 263/1187: ✅ 0 взято | 🗑️ 0 мусор
2026-06-13 09:06:16,330 | INFO     |   → 264/1187: ✅ 0 взято | 🗑️ 221 мусор
2026-06-13 09:06:16,330 | INFO     |   → 265/1187: ✅ 0 взято | 🗑️ 0 мусор
2026-06-13 09:06:16,330 | INFO     |   → 266/1187: ✅ 0 взято | 🗑️ 248 мусор
2026-06-13 09:06:16,330 | INFO     |   → 267/1187: ✅ 0 взято | 🗑️ 0 мусор
2026-06-13 09:06:16,330 | INFO     |   → 268/1187: ✅ 0 взято | 🗑️ 203 мусор
2026-06-13 09:06:16,331 | INFO     |   → 269/1187: ✅ 0 взято | 🗑️ 0 мусор
2026-06-13 09:06:16,331 | INFO     |   → 270/1187: ✅ 0 взято | 🗑️ 208 мусор
2026-06-13 09:06:16,331 | INFO     |   → 271/1187: ✅ 0 взято | 🗑️ 0 мусор
2026-06-13 09:06:16,331 | INFO     |   → 272/1187: ✅ 2 взято | 🗑️ 209 мусор
2026-06-13 09:06:16,331 | INFO     |   → 273/1187: ✅ 0 взято | 🗑️ 0 мусор
2026-06-13 09:06:16,331 | INFO     |   → 274/1187: ✅ 0 взято | 🗑️ 258 мусор
2026-06-13 09:06:16,331 | INFO     |   → 275/1187: ✅ 0 взято | 🗑️ 0 мусор
2026-06-13 09:06:16,331 | INFO     |   → 276/1187: ✅ 0 взято | 🗑️ 296 мусор
2026-06-13 09:06:16,331 | INFO     |   → 277/1187: ✅ 0 взято | 🗑️ 0 мусор
2026-06-13 09:06:16,331 | INFO     |   → 278/1187: ✅ 1 взято | 🗑️ 286 мусор
2026-06-13 09:06:16,331 | INFO     |   → 279/1187: ✅ 0 взято | 🗑️ 0 мусор
2026-06-13 09:06:16,331 | INFO     |   → 280/1187: ✅ 0 взято | 🗑️ 195 мусор
2026-06-13 09:06:16,331 | INFO     |   → 281/1187: ✅ 0 взято | 🗑️ 0 мусор
2026-06-13 09:06:16,331 | INFO     |   → 282/1187: ✅ 0 взято | 🗑️ 170 мусор
2026-06-13 09:06:16,331 | INFO     |   → 283/1187: ✅ 0 взято | 🗑️ 0 мусор
2026-06-13 09:06:16,331 | INFO     |   → 284/1187: ✅ 0 взято | 🗑️ 160 мусор
2026-06-13 09:06:16,331 | INFO     |   → 285/1187: ✅ 0 взято | 🗑️ 0 мусор
2026-06-13 09:06:16,331 | INFO     |   → 286/1187: ✅ 0 взято | 🗑️ 121 мусор
2026-06-13 09:06:16,331 | INFO     |   → 287/1187: ✅ 0 взято | 🗑️ 0 мусор
2026-06-13 09:06:16,331 | INFO     |   → 288/1187: ✅ 0 взято | 🗑️ 135 мусор
2026-06-13 09:06:16,331 | INFO     |   → 289/1187: ✅ 0 взято | 🗑️ 0 мусор
2026-06-13 09:06:16,331 | INFO     |   → 290/1187: ✅ 1 взято | 🗑️ 129 мусор
2026-06-13 09:06:16,331 | INFO     |   → 291/1187: ✅ 0 взято | 🗑️ 0 мусор
2026-06-13 09:06:16,332 | INFO     |   → 292/1187: ✅ 0 взято | 🗑️ 189 мусор
2026-06-13 09:06:16,332 | INFO     |   → 293/1187: ✅ 0 взято | 🗑️ 0 мусор
2026-06-13 09:06:16,332 | INFO     |   → 294/1187: ✅ 3 взято | 🗑️ 147 мусор
2026-06-13 09:06:16,332 | INFO     |   → 295/1187: ✅ 0 взято | 🗑️ 0 мусор
2026-06-13 09:06:16,332 | INFO     |   → 296/1187: ✅ 1 взято | 🗑️ 183 мусор
2026-06-13 09:06:16,332 | INFO     |   → 297/1187: ✅ 0 взято | 🗑️ 0 мусор
2026-06-13 09:06:16,332 | INFO     |   → 298/1187: ✅ 0 взято | 🗑️ 155 мусор
2026-06-13 09:06:16,332 | INFO     |   → 299/1187: ✅ 0 взято | 🗑️ 0 мусор
2026-06-13 09:06:16,332 | INFO     |   → 300/1187: ✅ 0 взято | 🗑️ 114 мусор
2026-06-13 09:06:16,332 | INFO     |   → 301/1187: ✅ 0 взято | 🗑️ 0 мусор
2026-06-13 09:06:16,332 | INFO     |   → 302/1187: ✅ 0 взято | 🗑️ 239 мусор
2026-06-13 09:06:16,332 | INFO     |   → 303/1187: ✅ 0 взято | 🗑️ 0 мусор
2026-06-13 09:06:16,332 | INFO     |   → 304/1187: ✅ 0 взято | 🗑️ 204 мусор
2026-06-13 09:06:16,332 | INFO     |   → 305/1187: ✅ 0 взято | 🗑️ 0 мусор
2026-06-13 09:06:16,332 | INFO     |   → 306/1187: ✅ 0 взято | 🗑️ 232 мусор
2026-06-13 09:06:16,332 | INFO     |   → 307/1187: ✅ 0 взято | 🗑️ 0 мусор
2026-06-13 09:06:16,332 | INFO     |   → 308/1187: ✅ 0 взято | 🗑️ 192 мусор
2026-06-13 09:06:16,332 | INFO     |   → 309/1187: ✅ 0 взято | 🗑️ 0 мусор
2026-06-13 09:06:16,332 | INFO     |   → 310/1187: ✅ 0 взято | 🗑️ 183 мусор
2026-06-13 09:06:16,332 | INFO     |   → 311/1187: ✅ 0 взято | 🗑️ 0 мусор
2026-06-13 09:06:16,332 | INFO     |   → 312/1187: ✅ 0 взято | 🗑️ 169 мусор
2026-06-13 09:06:16,332 | INFO     |   → 313/1187: ✅ 0 взято | 🗑️ 0 мусор
2026-06-13 09:06:16,332 | INFO     |   → 314/1187: ✅ 0 взято | 🗑️ 167 мусор
2026-06-13 09:06:16,333 | INFO     |   → 315/1187: ✅ 0 взято | 🗑️ 0 мусор
2026-06-13 09:06:16,333 | INFO     |   → 316/1187: ✅ 0 взято | 🗑️ 193 мусор
2026-06-13 09:06:16,333 | INFO     |   → 317/1187: ✅ 0 взято | 🗑️ 0 мусор
2026-06-13 09:06:16,333 | INFO     |   → 318/1187: ✅ 1 взято | 🗑️ 161 мусор
2026-06-13 09:06:16,333 | INFO     |   → 319/1187: ✅ 0 взято | 🗑️ 0 мусор
2026-06-13 09:06:16,333 | INFO     |   → 320/1187: ✅ 0 взято | 🗑️ 171 мусор
2026-06-13 09:06:16,333 | INFO     |   → 321/1187: ✅ 0 взято | 🗑️ 0 мусор
2026-06-13 09:06:16,333 | INFO     |   → 322/1187: ✅ 0 взято | 🗑️ 174 мусор
2026-06-13 09:06:16,333 | INFO     |   → 323/1187: ✅ 0 взято | 🗑️ 0 мусор
2026-06-13 09:06:16,333 | INFO     |   → 324/1187: ✅ 0 взято | 🗑️ 206 мусор
2026-06-13 09:06:16,333 | INFO     |   → 325/1187: ✅ 0 взято | 🗑️ 0 мусор
2026-06-13 09:06:16,333 | INFO     |   → 326/1187: ✅ 0 взято | 🗑️ 170 мусор
2026-06-13 09:06:16,333 | INFO     |   → 327/1187: ✅ 0 взято | 🗑️ 0 мусор
2026-06-13 09:06:16,333 | INFO     |   → 328/1187: ✅ 1 взято | 🗑️ 196 мусор
2026-06-13 09:06:16,333 | INFO     |   → 329/1187: ✅ 0 взято | 🗑️ 0 мусор
2026-06-13 09:06:16,333 | INFO     |   → 330/1187: ✅ 0 взято | 🗑️ 208 мусор
2026-06-13 09:06:16,333 | INFO     |   → 331/1187: ✅ 0 взято | 🗑️ 0 мусор
2026-06-13 09:06:16,333 | INFO     |   → 332/1187: ✅ 0 взято | 🗑️ 162 мусор
2026-06-13 09:06:16,333 | INFO     |   → 333/1187: ✅ 0 взято | 🗑️ 0 мусор
2026-06-13 09:06:16,333 | INFO     |   → 334/1187: ✅ 0 взято | 🗑️ 116 мусор
2026-06-13 09:06:16,333 | INFO     |   → 335/1187: ✅ 0 взято | 🗑️ 0 мусор
2026-06-13 09:06:16,333 | INFO     |   → 336/1187: ✅ 0 взято | 🗑️ 132 мусор
2026-06-13 09:06:16,333 | INFO     |   → 337/1187: ✅ 0 взято | 🗑️ 0 мусор
2026-06-13 09:06:16,334 | INFO     |   → 338/1187: ✅ 0 взято | 🗑️ 132 мусор
2026-06-13 09:06:16,334 | INFO     |   → 339/1187: ✅ 0 взято | 🗑️ 0 мусор
2026-06-13 09:06:16,334 | INFO     |   → 340/1187: ✅ 1 взято | 🗑️ 113 мусор
2026-06-13 09:06:16,334 | INFO     |   → 341/1187: ✅ 0 взято | 🗑️ 0 мусор
2026-06-13 09:06:16,334 | INFO     |   → 342/1187: ✅ 0 взято | 🗑️ 103 мусор
2026-06-13 09:06:16,334 | INFO     |   → 343/1187: ✅ 0 взято | 🗑️ 0 мусор
2026-06-13 09:06:16,334 | INFO     |   → 344/1187: ✅ 3 взято | 🗑️ 213 мусор
2026-06-13 09:06:16,334 | INFO     |   → 345/1187: ✅ 0 взято | 🗑️ 0 мусор
2026-06-13 09:06:16,334 | INFO     |   → 346/1187: ✅ 1 взято | 🗑️ 130 мусор
2026-06-13 09:06:16,334 | INFO     |   → 347/1187: ✅ 0 взято | 🗑️ 0 мусор
2026-06-13 09:06:16,334 | INFO     |   → 348/1187: ✅ 0 взято | 🗑️ 135 мусор
2026-06-13 09:06:16,334 | INFO     |   → 349/1187: ✅ 0 взято | 🗑️ 0 мусор
2026-06-13 09:06:16,334 | INFO     |   → 350/1187: ✅ 0 взято | 🗑️ 145 мусор
2026-06-13 09:06:16,334 | INFO     |   → 351/1187: ✅ 0 взято | 🗑️ 0 мусор
2026-06-13 09:06:16,334 | INFO     |   → 352/1187: ✅ 0 взято | 🗑️ 157 мусор
2026-06-13 09:06:16,334 | INFO     |   → 353/1187: ✅ 0 взято | 🗑️ 0 мусор
2026-06-13 09:06:16,334 | INFO     |   → 354/1187: ✅ 0 взято | 🗑️ 131 мусор
2026-06-13 09:06:16,334 | INFO     |   → 355/1187: ✅ 0 взято | 🗑️ 0 мусор
2026-06-13 09:06:16,334 | INFO     |   → 356/1187: ✅ 1 взято | 🗑️ 124 мусор
2026-06-13 09:06:16,334 | INFO     |   → 357/1187: ✅ 0 взято | 🗑️ 0 мусор
2026-06-13 09:06:16,334 | INFO     |   → 358/1187: ✅ 2 взято | 🗑️ 189 мусор
2026-06-13 09:06:16,334 | INFO     |   → 359/1187: ✅ 0 взято | 🗑️ 0 мусор
2026-06-13 09:06:16,334 | INFO     |   → 360/1187: ✅ 1 взято | 🗑️ 279 мусор
2026-06-13 09:06:16,335 | INFO     |   → 361/1187: ✅ 0 взято | 🗑️ 0 мусор
2026-06-13 09:06:16,335 | INFO     |   → 362/1187: ✅ 0 взято | 🗑️ 270 мусор
2026-06-13 09:06:16,335 | INFO     |   → 363/1187: ✅ 0 взято | 🗑️ 0 мусор
2026-06-13 09:06:16,335 | INFO     |   → 364/1187: ✅ 0 взято | 🗑️ 161 мусор
2026-06-13 09:06:16,335 | INFO     |   → 365/1187: ✅ 0 взято | 🗑️ 0 мусор
2026-06-13 09:06:16,335 | INFO     |   → 366/1187: ✅ 3 взято | 🗑️ 117 мусор
2026-06-13 09:06:16,335 | INFO     |   → 367/1187: ✅ 0 взято | 🗑️ 0 мусор
2026-06-13 09:06:16,335 | INFO     |   → 368/1187: ✅ 0 взято | 🗑️ 100 мусор
2026-06-13 09:06:16,335 | INFO     |   → 369/1187: ✅ 0 взято | 🗑️ 0 мусор
2026-06-13 09:06:16,335 | INFO     |   → 370/1187 ⚠️ Ошибка: HTTPSConnectionPool(host='ivuxy.tech', port=443): Max retries exceeded with url: /v.txt (Caused by NameResolutionError("HTTPSConnection(host='ivuxy.tech', port=443): Failed to resolve 'ivuxy.tech' ([Errno -2] Name or service not known)")) — https://ivuxy.tech/v.txt
2026-06-13 09:06:16,335 | INFO     |   → 371/1187 ⚠️ Ошибка: HTTPSConnectionPool(host='mirror.ghproxy.com', port=443): Max retries exceeded with url: /https://raw.githubusercontent.com/Barabama/FreeNodes/master/nodes/blues.txt (Caused by NameResolutionError("HTTPSConnection(host='mirror.ghproxy.com', port=443): Failed to resolve 'mirror.ghproxy.com' ([Errno -2] Name or service not known)")) — https://mirror.ghproxy.com/https://raw.githubusercontent.com/Barabama/FreeNodes/master/nodes/blues.txt
2026-06-13 09:06:16,335 | INFO     |   → 372/1187 ⚠️ Ошибка: HTTPSConnectionPool(host='mirror.ghproxy.com', port=443): Max retries exceeded with url: /https://raw.githubusercontent.com/Barabama/FreeNodes/master/nodes/halekj.txt (Caused by NameResolutionError("HTTPSConnection(host='mirror.ghproxy.com', port=443): Failed to resolve 'mirror.ghproxy.com' ([Errno -2] Name or service not known)")) — https://mirror.ghproxy.com/https://raw.githubusercontent.com/Barabama/FreeNodes/master/nodes/halekj.txt
2026-06-13 09:06:16,335 | INFO     |   → 373/1187 ⚠️ Ошибка: HTTPSConnectionPool(host='mirror.ghproxy.com', port=443): Max retries exceeded with url: /https://raw.githubusercontent.com/Barabama/FreeNodes/master/nodes/kkzui.txt (Caused by NameResolutionError("HTTPSConnection(host='mirror.ghproxy.com', port=443): Failed to resolve 'mirror.ghproxy.com' ([Errno -2] Name or service not known)")) — https://mirror.ghproxy.com/https://raw.githubusercontent.com/Barabama/FreeNodes/master/nodes/kkzui.txt
2026-06-13 09:06:16,335 | INFO     |   → 374/1187 ⚠️ Ошибка: HTTPSConnectionPool(host='mirror.ghproxy.com', port=443): Max retries exceeded with url: /https://raw.githubusercontent.com/Barabama/FreeNodes/master/nodes/merged.txt (Caused by NameResolutionError("HTTPSConnection(host='mirror.ghproxy.com', port=443): Failed to resolve 'mirror.ghproxy.com' ([Errno -2] Name or service not known)")) — https://mirror.ghproxy.com/https://raw.githubusercontent.com/Barabama/FreeNodes/master/nodes/merged.txt
2026-06-13 09:06:16,335 | INFO     |   → 375/1187 ⚠️ Ошибка: HTTPSConnectionPool(host='mirror.ghproxy.com', port=443): Max retries exceeded with url: /https://raw.githubusercontent.com/Barabama/FreeNodes/master/nodes/nodefree.txt (Caused by NameResolutionError("HTTPSConnection(host='mirror.ghproxy.com', port=443): Failed to resolve 'mirror.ghproxy.com' ([Errno -2] Name or service not known)")) — https://mirror.ghproxy.com/https://raw.githubusercontent.com/Barabama/FreeNodes/master/nodes/nodefree.txt
2026-06-13 09:06:16,335 | INFO     |   → 376/1187 ⚠️ Ошибка: HTTPSConnectionPool(host='mirror.ghproxy.com', port=443): Max retries exceeded with url: /https://raw.githubusercontent.com/Barabama/FreeNodes/master/nodes/openrunner.txt (Caused by NameResolutionError("HTTPSConnection(host='mirror.ghproxy.com', port=443): Failed to resolve 'mirror.ghproxy.com' ([Errno -2] Name or service not known)")) — https://mirror.ghproxy.com/https://raw.githubusercontent.com/Barabama/FreeNodes/master/nodes/openrunner.txt
2026-06-13 09:06:16,335 | INFO     |   → 377/1187 ⚠️ Ошибка: HTTPSConnectionPool(host='mirror.ghproxy.com', port=443): Max retries exceeded with url: /https://raw.githubusercontent.com/Barabama/FreeNodes/master/nodes/v2rayshare.txt (Caused by NameResolutionError("HTTPSConnection(host='mirror.ghproxy.com', port=443): Failed to resolve 'mirror.ghproxy.com' ([Errno -2] Name or service not known)")) — https://mirror.ghproxy.com/https://raw.githubusercontent.com/Barabama/FreeNodes/master/nodes/v2rayshare.txt
2026-06-13 09:06:16,335 | INFO     |   → 378/1187 ⚠️ Ошибка: HTTPSConnectionPool(host='mirror.ghproxy.com', port=443): Max retries exceeded with url: /https://raw.githubusercontent.com/Barabama/FreeNodes/master/nodes/wenode.txt (Caused by NameResolutionError("HTTPSConnection(host='mirror.ghproxy.com', port=443): Failed to resolve 'mirror.ghproxy.com' ([Errno -2] Name or service not known)")) — https://mirror.ghproxy.com/https://raw.githubusercontent.com/Barabama/FreeNodes/master/nodes/wenode.txt
2026-06-13 09:06:16,335 | INFO     |   → 379/1187 ⚠️ Ошибка: HTTPSConnectionPool(host='mirror.ghproxy.com', port=443): Max retries exceeded with url: /https://raw.githubusercontent.com/Barabama/FreeNodes/master/nodes/yudou66.txt (Caused by NameResolutionError("HTTPSConnection(host='mirror.ghproxy.com', port=443): Failed to resolve 'mirror.ghproxy.com' ([Errno -2] Name or service not known)")) — https://mirror.ghproxy.com/https://raw.githubusercontent.com/Barabama/FreeNodes/master/nodes/yudou66.txt
2026-06-13 09:06:16,335 | INFO     |   → 380/1187: ✅ 7 взято | 🗑️ 17 мусор
2026-06-13 09:06:16,335 | INFO     |   → 381/1187: ✅ 0 взято | 🗑️ 17 мусор
2026-06-13 09:06:16,336 | INFO     |   → 382/1187: ✅ 14 взято | 🗑️ 14 мусор
2026-06-13 09:06:16,336 | INFO     |   → 383/1187: ✅ 0 взято | 🗑️ 14 мусор
2026-06-13 09:06:16,336 | INFO     |   → 384/1187: ✅ 0 взято | 🗑️ 14 мусор
2026-06-13 09:06:16,336 | INFO     |   → 385/1187: ✅ 0 взято | 🗑️ 14 мусор
2026-06-13 09:06:16,336 | INFO     |   → 386/1187: ✅ 0 взято | 🗑️ 14 мусор
2026-06-13 09:06:16,336 | INFO     |   → 387/1187: ✅ 0 взято | 🗑️ 14 мусор
2026-06-13 09:06:16,336 | INFO     |   → 388/1187: ✅ 0 взято | 🗑️ 14 мусор
2026-06-13 09:06:16,336 | INFO     |   → 389/1187: ✅ 0 взято | 🗑️ 14 мусор
2026-06-13 09:06:16,336 | INFO     |   → 390/1187: ✅ 0 взято | 🗑️ 14 мусор
2026-06-13 09:06:16,336 | INFO     |   → 391/1187: ✅ 7 взято | 🗑️ 21 мусор
2026-06-13 09:06:16,336 | INFO     |   → 392/1187: ✅ 0 взято | 🗑️ 21 мусор
2026-06-13 09:06:16,336 | INFO     |   → 393/1187: ✅ 0 взято | 🗑️ 21 мусор
2026-06-13 09:06:16,336 | INFO     |   → 394/1187: ✅ 0 взято | 🗑️ 21 мусор
2026-06-13 09:06:16,336 | INFO     |   → 395/1187: ✅ 0 взято | 🗑️ 21 мусор
2026-06-13 09:06:16,336 | INFO     |   → 396/1187: ✅ 0 взято | 🗑️ 21 мусор
2026-06-13 09:06:16,336 | INFO     |   → 397/1187 ⚠️ Ошибка: HTTPSConnectionPool(host='node.nodefree.me', port=443): Read timed out. (read timeout=15) — https://node.nodefree.me/2026/04/20260426.txt
2026-06-13 09:06:16,336 | INFO     |   → 398/1187: ✅ 0 взято | 🗑️ 21 мусор
2026-06-13 09:06:16,336 | INFO     |   → 399/1187: ✅ 0 взято | 🗑️ 21 мусор
2026-06-13 09:06:16,336 | INFO     |   → 400/1187: ✅ 0 взято | 🗑️ 21 мусор
2026-06-13 09:06:16,336 | INFO     |   → 401/1187: ✅ 0 взято | 🗑️ 21 мусор
2026-06-13 09:06:16,336 | INFO     |   → 402/1187: ✅ 5 взято | 🗑️ 15 мусор
2026-06-13 09:06:16,336 | INFO     |   → 403/1187: ✅ 0 взято | 🗑️ 15 мусор
2026-06-13 09:06:16,336 | INFO     |   → 404/1187: ✅ 0 взято | 🗑️ 15 мусор
2026-06-13 09:06:16,337 | INFO     |   → 405/1187: ✅ 0 взято | 🗑️ 15 мусор
2026-06-13 09:06:16,337 | INFO     |   → 406/1187: ✅ 0 взято | 🗑️ 15 мусор
2026-06-13 09:06:16,337 | INFO     |   → 407/1187: ✅ 0 взято | 🗑️ 15 мусор
2026-06-13 09:06:16,337 | INFO     |   → 408/1187: ✅ 0 взято | 🗑️ 15 мусор
2026-06-13 09:06:16,337 | INFO     |   → 409/1187: ✅ 0 взято | 🗑️ 15 мусор
2026-06-13 09:06:16,337 | INFO     |   → 410/1187: ✅ 0 взято | 🗑️ 15 мусор
2026-06-13 09:06:16,337 | INFO     |   → 411/1187: ✅ 0 взято | 🗑️ 14 мусор
2026-06-13 09:06:16,337 | INFO     |   → 412/1187: ✅ 0 взято | 🗑️ 14 мусор
2026-06-13 09:06:16,337 | INFO     |   → 413/1187: ✅ 0 взято | 🗑️ 14 мусор
2026-06-13 09:06:16,337 | INFO     |   → 414/1187: ✅ 0 взято | 🗑️ 14 мусор
2026-06-13 09:06:16,337 | INFO     |   → 415/1187: ✅ 6 взято | 🗑️ 17 мусор
2026-06-13 09:06:16,337 | INFO     |   → 416/1187: ✅ 0 взято | 🗑️ 17 мусор
2026-06-13 09:06:16,337 | INFO     |   → 417/1187: ✅ 0 взято | 🗑️ 17 мусор
2026-06-13 09:06:16,337 | INFO     |   → 418/1187: ✅ 0 взято | 🗑️ 17 мусор
2026-06-13 09:06:16,337 | INFO     |   → 419/1187: ✅ 0 взято | 🗑️ 17 мусор
2026-06-13 09:06:16,337 | INFO     |   → 420/1187: ✅ 0 взято | 🗑️ 17 мусор
2026-06-13 09:06:16,337 | INFO     |   → 421/1187: ✅ 6 взято | 🗑️ 24 мусор
2026-06-13 09:06:16,337 | INFO     |   → 422/1187: ✅ 0 взято | 🗑️ 24 мусор
2026-06-13 09:06:16,337 | INFO     |   → 423/1187: ✅ 0 взято | 🗑️ 24 мусор
2026-06-13 09:06:16,337 | INFO     |   → 424/1187: ✅ 0 взято | 🗑️ 24 мусор
2026-06-13 09:06:16,337 | INFO     |   → 425/1187: ✅ 0 взято | 🗑️ 24 мусор
2026-06-13 09:06:16,337 | INFO     |   → 426/1187: ✅ 0 взято | 🗑️ 24 мусор
2026-06-13 09:06:16,337 | INFO     |   → 427/1187: ✅ 0 взято | 🗑️ 24 мусор
2026-06-13 09:06:16,338 | INFO     |   → 428/1187: ✅ 0 взято | 🗑️ 24 мусор
2026-06-13 09:06:16,338 | INFO     |   → 429/1187: ✅ 0 взято | 🗑️ 24 мусор
2026-06-13 09:06:16,338 | INFO     |   → 430/1187: ✅ 0 взято | 🗑️ 24 мусор
2026-06-13 09:06:16,338 | INFO     |   → 431/1187: ✅ 0 взято | 🗑️ 24 мусор
2026-06-13 09:06:16,338 | INFO     |   → 432/1187: ✅ 13 взято | 🗑️ 7 мусор
2026-06-13 09:06:16,338 | INFO     |   → 433/1187: ✅ 0 взято | 🗑️ 7 мусор
2026-06-13 09:06:16,338 | INFO     |   → 434/1187: ✅ 0 взято | 🗑️ 7 мусор
2026-06-13 09:06:16,338 | INFO     |   → 435/1187: ✅ 0 взято | 🗑️ 7 мусор
2026-06-13 09:06:16,338 | INFO     |   → 436/1187: ✅ 0 взято | 🗑️ 7 мусор
2026-06-13 09:06:16,338 | INFO     |   → 437/1187: ✅ 0 взято | 🗑️ 7 мусор
2026-06-13 09:06:16,338 | INFO     |   → 438/1187: ✅ 0 взято | 🗑️ 7 мусор
2026-06-13 09:06:16,338 | INFO     |   → 439/1187: ✅ 0 взято | 🗑️ 7 мусор
2026-06-13 09:06:16,338 | INFO     |   → 440/1187: ✅ 0 взято | 🗑️ 7 мусор
2026-06-13 09:06:16,338 | INFO     |   → 441/1187: ✅ 0 взято | 🗑️ 7 мусор
2026-06-13 09:06:16,338 | INFO     |   → 442/1187: ✅ 5 взято | 🗑️ 9 мусор
2026-06-13 09:06:16,338 | INFO     |   → 443/1187: ✅ 0 взято | 🗑️ 9 мусор
2026-06-13 09:06:16,338 | INFO     |   → 444/1187: ✅ 0 взято | 🗑️ 9 мусор
2026-06-13 09:06:16,338 | INFO     |   → 445/1187 ⚠️ Ошибка: HTTPSConnectionPool(host='nodefree.githubrowcontent.com', port=443): Max retries exceeded with url: /2024/07/20240705.yaml (Caused by NameResolutionError("HTTPSConnection(host='nodefree.githubrowcontent.com', port=443): Failed to resolve 'nodefree.githubrowcontent.com' ([Errno -2] Name or service not known)")) — https://nodefree.org/dy/2023/08/20230806.yaml
2026-06-13 09:06:16,338 | INFO     |   → 446/1187 ⚠️ Ошибка: HTTPSConnectionPool(host='nodefree.githubrowcontent.com', port=443): Max retries exceeded with url: /2024/07/20240705.txt (Caused by NameResolutionError("HTTPSConnection(host='nodefree.githubrowcontent.com', port=443): Failed to resolve 'nodefree.githubrowcontent.com' ([Errno -2] Name or service not known)")) — https://nodefree.org/dy/2023/12/20231221.txt
2026-06-13 09:06:16,338 | INFO     |   → 447/1187: ✅ 0 взято | 🗑️ 17 мусор
2026-06-13 09:06:16,338 | INFO     |   → 448/1187: ✅ 0 взято | 🗑️ 17 мусор
2026-06-13 09:06:16,338 | INFO     |   → 449/1187: ✅ 0 взято | 🗑️ 14 мусор
2026-06-13 09:06:16,338 | INFO     |   → 450/1187: ✅ 0 взято | 🗑️ 14 мусор
2026-06-13 09:06:16,339 | INFO     |   → 451/1187: ✅ 0 взято | 🗑️ 14 мусор
2026-06-13 09:06:16,339 | INFO     |   → 452/1187: ✅ 0 взято | 🗑️ 14 мусор
2026-06-13 09:06:16,339 | INFO     |   → 453/1187: ✅ 0 взято | 🗑️ 14 мусор
2026-06-13 09:06:16,339 | INFO     |   → 454/1187: ✅ 0 взято | 🗑️ 14 мусор
2026-06-13 09:06:16,339 | INFO     |   → 455/1187: ✅ 0 взято | 🗑️ 14 мусор
2026-06-13 09:06:16,339 | INFO     |   → 456/1187: ✅ 0 взято | 🗑️ 14 мусор
2026-06-13 09:06:16,339 | INFO     |   → 457/1187: ✅ 0 взято | 🗑️ 14 мусор
2026-06-13 09:06:16,339 | INFO     |   → 458/1187: ✅ 0 взято | 🗑️ 21 мусор
2026-06-13 09:06:16,339 | INFO     |   → 459/1187: ✅ 0 взято | 🗑️ 21 мусор
2026-06-13 09:06:16,339 | INFO     |   → 460/1187: ✅ 0 взято | 🗑️ 21 мусор
2026-06-13 09:06:16,339 | INFO     |   → 461/1187: ✅ 0 взято | 🗑️ 21 мусор
2026-06-13 09:06:16,339 | INFO     |   → 462/1187: ✅ 0 взято | 🗑️ 21 мусор
2026-06-13 09:06:16,339 | INFO     |   → 463/1187: ✅ 0 взято | 🗑️ 21 мусор
2026-06-13 09:06:16,339 | INFO     |   → 464/1187: ✅ 0 взято | 🗑️ 21 мусор
2026-06-13 09:06:16,339 | INFO     |   → 465/1187: ✅ 0 взято | 🗑️ 21 мусор
2026-06-13 09:06:16,339 | INFO     |   → 466/1187: ✅ 0 взято | 🗑️ 21 мусор
2026-06-13 09:06:16,339 | INFO     |   → 467/1187: ✅ 0 взято | 🗑️ 21 мусор
2026-06-13 09:06:16,339 | INFO     |   → 468/1187: ✅ 0 взято | 🗑️ 21 мусор
2026-06-13 09:06:16,339 | INFO     |   → 469/1187: ✅ 0 взято | 🗑️ 15 мусор
2026-06-13 09:06:16,339 | INFO     |   → 470/1187: ✅ 0 взято | 🗑️ 15 мусор
2026-06-13 09:06:16,339 | INFO     |   → 471/1187: ✅ 0 взято | 🗑️ 15 мусор
2026-06-13 09:06:16,339 | INFO     |   → 472/1187: ✅ 0 взято | 🗑️ 15 мусор
2026-06-13 09:06:16,339 | INFO     |   → 473/1187: ✅ 0 взято | 🗑️ 15 мусор
2026-06-13 09:06:16,339 | INFO     |   → 474/1187: ✅ 0 взято | 🗑️ 15 мусор
2026-06-13 09:06:16,339 | INFO     |   → 475/1187: ✅ 0 взято | 🗑️ 15 мусор
2026-06-13 09:06:16,339 | INFO     |   → 476/1187: ✅ 0 взято | 🗑️ 15 мусор
2026-06-13 09:06:16,339 | INFO     |   → 477/1187 ⚠️ Ошибка: HTTPSConnectionPool(host='oss.oneclash.cc', port=443): Read timed out. (read timeout=15) — https://oss.oneclash.cc/2026/05/20260509.txt
2026-06-13 09:06:16,339 | INFO     |   → 478/1187: ✅ 0 взято | 🗑️ 15 мусор
2026-06-13 09:06:16,339 | INFO     |   → 479/1187: ✅ 0 взято | 🗑️ 14 мусор
2026-06-13 09:06:16,339 | INFO     |   → 480/1187: ✅ 0 взято | 🗑️ 14 мусор
2026-06-13 09:06:16,339 | INFO     |   → 481/1187: ✅ 0 взято | 🗑️ 14 мусор
2026-06-13 09:06:16,339 | INFO     |   → 482/1187: ✅ 0 взято | 🗑️ 14 мусор
2026-06-13 09:06:16,340 | INFO     |   → 483/1187: ✅ 0 взято | 🗑️ 17 мусор
2026-06-13 09:06:16,340 | INFO     |   → 484/1187: ✅ 0 взято | 🗑️ 17 мусор
2026-06-13 09:06:16,340 | INFO     |   → 485/1187: ✅ 0 взято | 🗑️ 17 мусор
2026-06-13 09:06:16,340 | INFO     |   → 486/1187: ✅ 0 взято | 🗑️ 17 мусор
2026-06-13 09:06:16,340 | INFO     |   → 487/1187: ✅ 0 взято | 🗑️ 17 мусор
2026-06-13 09:06:16,340 | INFO     |   → 488/1187: ✅ 0 взято | 🗑️ 24 мусор
2026-06-13 09:06:16,340 | INFO     |   → 489/1187: ✅ 0 взято | 🗑️ 24 мусор
2026-06-13 09:06:16,340 | INFO     |   → 490/1187: ✅ 0 взято | 🗑️ 24 мусор
2026-06-13 09:06:16,340 | INFO     |   → 491/1187: ✅ 0 взято | 🗑️ 24 мусор
2026-06-13 09:06:16,340 | INFO     |   → 492/1187: ✅ 0 взято | 🗑️ 24 мусор
2026-06-13 09:06:16,340 | INFO     |   → 493/1187: ✅ 0 взято | 🗑️ 24 мусор
2026-06-13 09:06:16,340 | INFO     |   → 494/1187: ✅ 0 взято | 🗑️ 24 мусор
2026-06-13 09:06:16,340 | INFO     |   → 495/1187: ✅ 0 взято | 🗑️ 24 мусор
2026-06-13 09:06:16,340 | INFO     |   → 496/1187: ✅ 0 взято | 🗑️ 24 мусор
2026-06-13 09:06:16,340 | INFO     |   → 497/1187: ✅ 0 взято | 🗑️ 24 мусор
2026-06-13 09:06:16,340 | INFO     |   → 498/1187: ✅ 0 взято | 🗑️ 24 мусор
2026-06-13 09:06:16,340 | INFO     |   → 499/1187: ✅ 0 взято | 🗑️ 7 мусор
2026-06-13 09:06:16,340 | INFO     |   → 500/1187: ✅ 0 взято | 🗑️ 7 мусор
2026-06-13 09:06:16,340 | INFO     |   → 501/1187: ✅ 0 взято | 🗑️ 7 мусор
2026-06-13 09:06:16,340 | INFO     |   → 502/1187: ✅ 0 взято | 🗑️ 7 мусор
2026-06-13 09:06:16,340 | INFO     |   → 503/1187: ✅ 0 взято | 🗑️ 7 мусор
2026-06-13 09:06:16,340 | INFO     |   → 504/1187: ✅ 0 взято | 🗑️ 7 мусор
2026-06-13 09:06:16,340 | INFO     |   → 505/1187: ✅ 0 взято | 🗑️ 7 мусор
2026-06-13 09:06:16,340 | INFO     |   → 506/1187: ✅ 0 взято | 🗑️ 7 мусор
2026-06-13 09:06:16,340 | INFO     |   → 507/1187: ✅ 0 взято | 🗑️ 7 мусор
2026-06-13 09:06:16,340 | INFO     |   → 508/1187: ✅ 0 взято | 🗑️ 7 мусор
2026-06-13 09:06:16,340 | INFO     |   → 509/1187: ✅ 0 взято | 🗑️ 9 мусор
2026-06-13 09:06:16,341 | INFO     |   → 510/1187: ✅ 0 взято | 🗑️ 9 мусор
2026-06-13 09:06:16,341 | INFO     |   → 511/1187: ✅ 0 взято | 🗑️ 9 мусор
2026-06-13 09:06:16,341 | INFO     |   → 512/1187: ✅ 0 взято | 🗑️ 0 мусор
2026-06-13 09:06:16,341 | INFO     |   → 513/1187: ✅ 0 взято | 🗑️ 0 мусор
2026-06-13 09:06:16,341 | INFO     |   → 514/1187: ✅ 0 взято | 🗑️ 0 мусор
2026-06-13 09:06:16,341 | INFO     |   → 515/1187: ✅ 0 взято | 🗑️ 0 мусор
2026-06-13 09:06:16,341 | INFO     |   → 516/1187: ✅ 0 взято | 🗑️ 0 мусор
2026-06-13 09:06:16,341 | INFO     |   → 517/1187: ✅ 0 взято | 🗑️ 0 мусор
2026-06-13 09:06:16,341 | INFO     |   → 518/1187: ✅ 0 взято | 🗑️ 0 мусор
2026-06-13 09:06:16,341 | INFO     |   → 519/1187: ✅ 0 взято | 🗑️ 0 мусор
2026-06-13 09:06:16,341 | INFO     |   → 520/1187: ✅ 0 взято | 🗑️ 0 мусор
2026-06-13 09:06:16,341 | INFO     |   → 521/1187: ✅ 0 взято | 🗑️ 0 мусор
2026-06-13 09:06:16,341 | INFO     |   → 522/1187: ✅ 0 взято | 🗑️ 0 мусор
2026-06-13 09:06:16,341 | INFO     |   → 523/1187: ✅ 0 взято | 🗑️ 0 мусор
2026-06-13 09:06:16,341 | INFO     |   → 524/1187 ❌ HTTP 404 — https://raw.githubusercontent.com/10ium/MihomoSaz/main/Sublist/shatakvpn.yaml4_Sub.txt
2026-06-13 09:06:16,341 | INFO     |   → 525/1187: ✅ 0 взято | 🗑️ 0 мусор
2026-06-13 09:06:16,341 | INFO     |   → 526/1187: ✅ 0 взято | 🗑️ 0 мусор
2026-06-13 09:06:16,341 | INFO     |   → 527/1187: ✅ 167 взято | 🗑️ 672 мусор
2026-06-13 09:06:16,341 | INFO     |   → 528/1187: ✅ 0 взято | 🗑️ 0 мусор
2026-06-13 09:06:16,341 | INFO     |   → 529/1187: ✅ 0 взято | 🗑️ 0 мусор
2026-06-13 09:06:16,341 | INFO     |   → 530/1187: ✅ 11 взято | 🗑️ 399 мусор
2026-06-13 09:06:16,341 | INFO     |   → 531/1187: ✅ 0 взято | 🗑️ 0 мусор
2026-06-13 09:06:16,342 | INFO     |   → 532/1187 ❌ HTTP 404 — https://raw.githubusercontent.com/9Fork/openit/main/Clash.yaml
2026-06-13 09:06:16,342 | INFO     |   → 533/1187: ✅ 45 взято | 🗑️ 38 мусор
2026-06-13 09:06:16,342 | INFO     |   → 534/1187: ✅ 0 взято | 🗑️ 38 мусор
2026-06-13 09:06:16,342 | INFO     |   → 535/1187: ✅ 19 взято | 🗑️ 81 мусор
2026-06-13 09:06:16,342 | INFO     |   → 536/1187: ✅ 11 взято | 🗑️ 87 мусор
2026-06-13 09:06:16,342 | INFO     |   → 537/1187: ✅ 27 взято | 🗑️ 73 мусор
2026-06-13 09:06:16,342 | INFO     |   → 538/1187: ✅ 13 взято | 🗑️ 75 мусор
2026-06-13 09:06:16,342 | INFO     |   → 539/1187: ✅ 10 взято | 🗑️ 83 мусор
2026-06-13 09:06:16,342 | INFO     |   → 540/1187: ✅ 12 взято | 🗑️ 86 мусор
2026-06-13 09:06:16,342 | INFO     |   → 541/1187: ✅ 11 взято | 🗑️ 87 мусор
2026-06-13 09:06:16,342 | INFO     |   → 542/1187: ✅ 11 взято | 🗑️ 80 мусор
2026-06-13 09:06:16,342 | INFO     |   → 543/1187: ✅ 9 взято | 🗑️ 82 мусор
2026-06-13 09:06:16,342 | INFO     |   → 544/1187: ✅ 69 взято | 🗑️ 3 мусор
2026-06-13 09:06:16,342 | INFO     |   → 545/1187: ✅ 3 взято | 🗑️ 75 мусор
2026-06-13 09:06:16,342 | INFO     |   → 546/1187: ✅ 4 взято | 🗑️ 69 мусор
2026-06-13 09:06:16,342 | INFO     |   → 547/1187: ✅ 4 взято | 🗑️ 80 мусор
2026-06-13 09:06:16,342 | INFO     |   → 548/1187: ✅ 6 взято | 🗑️ 81 мусор
2026-06-13 09:06:16,342 | INFO     |   → 549/1187: ✅ 5 взято | 🗑️ 79 мусор
2026-06-13 09:06:16,342 | INFO     |   → 550/1187: ✅ 11 взято | 🗑️ 78 мусор
2026-06-13 09:06:16,342 | INFO     |   → 551/1187: ✅ 3 взято | 🗑️ 83 мусор
2026-06-13 09:06:16,342 | INFO     |   → 552/1187: ✅ 14 взято | 🗑️ 76 мусор
2026-06-13 09:06:16,342 | INFO     |   → 553/1187: ✅ 12 взято | 🗑️ 78 мусор
2026-06-13 09:06:16,342 | INFO     |   → 554/1187: ✅ 26 взято | 🗑️ 218 мусор
2026-06-13 09:06:16,342 | INFO     |   → 555/1187: ✅ 44 взято | 🗑️ 141 мусор
2026-06-13 09:06:16,342 | INFO     |   → 556/1187: ✅ 10 взято | 🗑️ 71 мусор
2026-06-13 09:06:16,342 | INFO     |   → 557/1187: ✅ 2 взято | 🗑️ 88 мусор
2026-06-13 09:06:16,342 | INFO     |   → 558/1187: ✅ 0 взято | 🗑️ 3 мусор
2026-06-13 09:06:16,342 | INFO     |   → 559/1187: ✅ 14 взято | 🗑️ 4 мусор
2026-06-13 09:06:16,342 | INFO     |   → 560/1187: ✅ 721 взято | 🗑️ 2450 мусор
2026-06-13 09:06:16,342 | INFO     |   → 561/1187 ❌ HTTP 404 — https://raw.githubusercontent.com/Alvin9999/pac2/master/clash/1/config.yaml
2026-06-13 09:06:16,342 | INFO     |   → 562/1187 ❌ HTTP 404 — https://raw.githubusercontent.com/AmirHDevo/temp2/7f15e7ddb311a6f8c5ab338bd1af0e1f2136a84b/configs.txt
2026-06-13 09:06:16,342 | INFO     |   → 563/1187: ✅ 14 взято | 🗑️ 264 мусор
2026-06-13 09:06:16,342 | INFO     |   → 564/1187: ✅ 8371 взято | 🗑️ 117380 мусор
2026-06-13 09:06:16,342 | INFO     |   → 565/1187: ✅ 5 взято | 🗑️ 47 мусор
2026-06-13 09:06:16,342 | INFO     |   → 566/1187: ✅ 0 взято | 🗑️ 48 мусор
2026-06-13 09:06:16,342 | INFO     |   → 567/1187: ✅ 21 взято | 🗑️ 107 мусор
2026-06-13 09:06:16,342 | INFO     |   → 568/1187: ✅ 78 взято | 🗑️ 347 мусор
2026-06-13 09:06:16,342 | INFO     |   → 569/1187: ✅ 0 взято | 🗑️ 1373 мусор
2026-06-13 09:06:16,343 | INFO     |   → 570/1187: ✅ 339 взято | 🗑️ 1542 мусор
2026-06-13 09:06:16,343 | INFO     |   → 571/1187: ✅ 0 взято | 🗑️ 6 мусор
2026-06-13 09:06:16,343 | INFO     |   → 572/1187: ✅ 0 взято | 🗑️ 0 мусор
2026-06-13 09:06:16,343 | INFO     |   → 573/1187: ✅ 1 взято | 🗑️ 235 мусор
2026-06-13 09:06:16,343 | INFO     |   → 574/1187: ✅ 0 взято | 🗑️ 16 мусор
2026-06-13 09:06:16,343 | INFO     |   → 575/1187: ✅ 0 взято | 🗑️ 0 мусор
2026-06-13 09:06:16,343 | INFO     |   → 576/1187: ✅ 0 взято | 🗑️ 14 мусор
2026-06-13 09:06:16,343 | INFO     |   → 577/1187: ✅ 0 взято | 🗑️ 0 мусор
2026-06-13 09:06:16,343 | INFO     |   → 578/1187: ✅ 0 взято | 🗑️ 17 мусор
2026-06-13 09:06:16,343 | INFO     |   → 579/1187: ✅ 0 взято | 🗑️ 0 мусор
2026-06-13 09:06:16,343 | INFO     |   → 580/1187: ✅ 1 взято | 🗑️ 12 мусор
2026-06-13 09:06:16,343 | INFO     |   → 581/1187: ✅ 0 взято | 🗑️ 0 мусор
2026-06-13 09:06:16,343 | INFO     |   → 582/1187: ✅ 0 взято | 🗑️ 17 мусор
2026-06-13 09:06:16,343 | INFO     |   → 583/1187: ✅ 0 взято | 🗑️ 0 мусор
2026-06-13 09:06:16,343 | INFO     |   → 584/1187: ✅ 0 взято | 🗑️ 17 мусор
2026-06-13 09:06:16,343 | INFO     |   → 585/1187: ✅ 0 взято | 🗑️ 0 мусор
2026-06-13 09:06:16,343 | INFO     |   → 586/1187: ✅ 0 взято | 🗑️ 161 мусор
2026-06-13 09:06:16,343 | INFO     |   → 587/1187: ✅ 0 взято | 🗑️ 0 мусор
2026-06-13 09:06:16,343 | INFO     |   → 588/1187: ✅ 5 взято | 🗑️ 76 мусор
2026-06-13 09:06:16,343 | INFO     |   → 589/1187: ✅ 80 взято | 🗑️ 1110 мусор
2026-06-13 09:06:16,343 | INFO     |   → 590/1187: ✅ 5 взято | 🗑️ 13 мусор
2026-06-13 09:06:16,343 | INFO     |   → 591/1187 ❌ HTTP 404 — https://raw.githubusercontent.com/Epodonios/bulk-xray-v2ray-vless-vmess-...-configs/main/sub/Austria/config.txt
2026-06-13 09:06:16,343 | INFO     |   → 592/1187 ❌ HTTP 404 — https://raw.githubusercontent.com/Epodonios/bulk-xray-v2ray-vless-vmess-...-configs/main/sub/Canada/config.txt
2026-06-13 09:06:16,343 | INFO     |   → 593/1187 ❌ HTTP 404 — https://raw.githubusercontent.com/Epodonios/bulk-xray-v2ray-vless-vmess-...-configs/main/sub/Costa%20Rica/config.txt
2026-06-13 09:06:16,343 | INFO     |   → 594/1187 ❌ HTTP 404 — https://raw.githubusercontent.com/Epodonios/bulk-xray-v2ray-vless-vmess-...-configs/main/sub/France/config.txt
2026-06-13 09:06:16,343 | INFO     |   → 595/1187 ❌ HTTP 404 — https://raw.githubusercontent.com/Epodonios/bulk-xray-v2ray-vless-vmess-...-configs/main/sub/Germany/config.txt
2026-06-13 09:06:16,343 | INFO     |   → 596/1187 ❌ HTTP 404 — https://raw.githubusercontent.com/Epodonios/bulk-xray-v2ray-vless-vmess-...-configs/main/sub/Indonesia/config.txt
2026-06-13 09:06:16,344 | INFO     |   → 597/1187 ❌ HTTP 404 — https://raw.githubusercontent.com/Epodonios/bulk-xray-v2ray-vless-vmess-...-configs/main/sub/Ireland/config.txt
2026-06-13 09:06:16,344 | INFO     |   → 598/1187 ❌ HTTP 404 — https://raw.githubusercontent.com/Epodonios/bulk-xray-v2ray-vless-vmess-...-configs/main/sub/Republic%20of%20Lithuania/config.txt
2026-06-13 09:06:16,344 | INFO     |   → 599/1187 ❌ HTTP 404 — https://raw.githubusercontent.com/Epodonios/bulk-xray-v2ray-vless-vmess-...-configs/main/sub/South%20Africa/config.txt
2026-06-13 09:06:16,344 | INFO     |   → 600/1187 ❌ HTTP 404 — https://raw.githubusercontent.com/Epodonios/bulk-xray-v2ray-vless-vmess-...-configs/main/sub/Sweden/config.txt
2026-06-13 09:06:16,344 | INFO     |   → 601/1187 ❌ HTTP 404 — https://raw.githubusercontent.com/Epodonios/bulk-xray-v2ray-vless-vmess-...-configs/main/sub/Turkey/config.txt
2026-06-13 09:06:16,344 | INFO     |   → 602/1187 ❌ HTTP 404 — https://raw.githubusercontent.com/Epodonios/bulk-xray-v2ray-vless-vmess-...-configs/main/sub/United%20Arab%20Emirates/config.txt
2026-06-13 09:06:16,344 | INFO     |   → 603/1187 ❌ HTTP 404 — https://raw.githubusercontent.com/Epodonios/bulk-xray-v2ray-vless-vmess-...-configs/main/sub/United%20Kingdom/config.txt
2026-06-13 09:06:16,344 | INFO     |   → 604/1187 ❌ HTTP 404 — https://raw.githubusercontent.com/Epodonios/bulk-xray-v2ray-vless-vmess-...-configs/main/sub/United%20States/config.txt
2026-06-13 09:06:16,344 | INFO     |   → 605/1187: ✅ 702 взято | 🗑️ 4861 мусор
2026-06-13 09:06:16,344 | INFO     |   → 606/1187 ❌ HTTP 404 — https://raw.githubusercontent.com/Epodonios/v2ray-configs/main/Splitted-By-Protocol/mix.txt
2026-06-13 09:06:16,344 | INFO     |   → 607/1187: ✅ 108 взято | 🗑️ 530 мусор
2026-06-13 09:06:16,344 | INFO     |   → 608/1187: ✅ 0 взято | 🗑️ 0 мусор
2026-06-13 09:06:16,344 | INFO     |   → 609/1187: ✅ 24 взято | 🗑️ 555 мусор
2026-06-13 09:06:16,344 | INFO     |   → 610/1187: ✅ 130 взято | 🗑️ 3115 мусор
2026-06-13 09:06:16,344 | INFO     |   → 611/1187: ✅ 4 взято | 🗑️ 630 мусор
2026-06-13 09:06:16,344 | INFO     |   → 612/1187 ❌ HTTP 404 — https://raw.githubusercontent.com/Epodonios/v2ray-configs/raw/main/Splitted-By-Protocol/trojan.txt
2026-06-13 09:06:16,344 | INFO     |   → 613/1187 ❌ HTTP 404 — https://raw.githubusercontent.com/Epodonios/v2ray-configs/raw/main/Splitted-By-Protocol/vmess.txt
2026-06-13 09:06:16,344 | INFO     |   → 614/1187: ✅ 0 взято | 🗑️ 530 мусор
2026-06-13 09:06:16,344 | INFO     |   → 615/1187: ✅ 0 взято | 🗑️ 0 мусор
2026-06-13 09:06:16,344 | INFO     |   → 616/1187: ✅ 0 взято | 🗑️ 555 мусор
2026-06-13 09:06:16,344 | INFO     |   → 617/1187: ✅ 0 взято | 🗑️ 3115 мусор
2026-06-13 09:06:16,344 | INFO     |   → 618/1187: ✅ 0 взято | 🗑️ 630 мусор
2026-06-13 09:06:16,344 | INFO     |   → 619/1187 ❌ HTTP 404 — https://raw.githubusercontent.com/Fido6/FreeNodes/57221e59caddde55ffdda21d491ae952cd608049/nodes/halekj.txt
2026-06-13 09:06:16,345 | INFO     |   → 620/1187 ❌ HTTP 404 — https://raw.githubusercontent.com/Fido6/FreeNodes/57221e59caddde55ffdda21d491ae952cd608049/nodes/kkzui.txt
2026-06-13 09:06:16,345 | INFO     |   → 621/1187 ❌ HTTP 404 — https://raw.githubusercontent.com/Fido6/FreeNodes/57221e59caddde55ffdda21d491ae952cd608049/nodes/wenode.txt
2026-06-13 09:06:16,345 | INFO     |   → 622/1187: ✅ 0 взято | 🗑️ 0 мусор
2026-06-13 09:06:16,345 | INFO     |   → 623/1187: ✅ 0 взято | 🗑️ 0 мусор
2026-06-13 09:06:16,345 | INFO     |   → 624/1187: ✅ 14 взято | 🗑️ 250 мусор
2026-06-13 09:06:16,345 | INFO     |   → 625/1187: ✅ 5 взято | 🗑️ 13 мусор
2026-06-13 09:06:16,345 | INFO     |   → 626/1187: ✅ 1 взято | 🗑️ 17 мусор
2026-06-13 09:06:16,345 | INFO     |   → 627/1187: ✅ 4 взято | 🗑️ 11 мусор
2026-06-13 09:06:16,345 | INFO     |   → 628/1187: ✅ 0 взято | 🗑️ 0 мусор
2026-06-13 09:06:16,345 | INFO     |   → 629/1187: ✅ 0 взято | 🗑️ 137 мусор
2026-06-13 09:06:16,345 | INFO     |   → 630/1187: ✅ 0 взято | 🗑️ 32 мусор
2026-06-13 09:06:16,345 | INFO     |   → 631/1187: ✅ 2 взято | 🗑️ 19 мусор
2026-06-13 09:06:16,345 | INFO     |   → 632/1187: ✅ 0 взято | 🗑️ 43 мусор
2026-06-13 09:06:16,345 | INFO     |   → 633/1187: ✅ 0 взято | 🗑️ 43 мусор
2026-06-13 09:06:16,345 | INFO     |   → 634/1187 ❌ HTTP 404 — https://raw.githubusercontent.com/Iran-v2ray/v2ray/main/v2ray
2026-06-13 09:06:16,345 | INFO     |   → 635/1187: ✅ 0 взято | 🗑️ 1 мусор
2026-06-13 09:06:16,345 | INFO     |   → 636/1187: ✅ 0 взято | 🗑️ 1 мусор
2026-06-13 09:06:16,345 | INFO     |   → 637/1187: ✅ 0 взято | 🗑️ 28 мусор
2026-06-13 09:06:16,345 | INFO     |   → 638/1187: ✅ 14 взято | 🗑️ 282 мусор
2026-06-13 09:06:16,345 | INFO     |   → 639/1187: ✅ 0 взято | 🗑️ 94 мусор
2026-06-13 09:06:16,345 | INFO     |   → 640/1187: ✅ 0 взято | 🗑️ 0 мусор
2026-06-13 09:06:16,345 | INFO     |   → 641/1187: ✅ 0 взято | 🗑️ 0 мусор
2026-06-13 09:06:16,345 | INFO     |   → 642/1187 ❌ HTTP 404 — https://raw.githubusercontent.com/Kwinshadow/TelegramV2rayCollector/raw/refs/heads/main/sublinks/mix.txt
2026-06-13 09:06:16,346 | INFO     |   → 643/1187 ❌ HTTP 404 — https://raw.githubusercontent.com/LalatinaHub/Mineral/raw/refs/heads/master/result/nodes
2026-06-13 09:06:16,346 | INFO     |   → 644/1187 ❌ HTTP 404 — https://raw.githubusercontent.com/Leon406/SubCrawler/main/sub/share/all3
2026-06-13 09:06:16,346 | INFO     |   → 645/1187 ❌ HTTP 404 — https://raw.githubusercontent.com/Leon406/SubCrawler/main/sub/share/all4
2026-06-13 09:06:16,346 | INFO     |   → 646/1187: ✅ 4 взято | 🗑️ 335 мусор
2026-06-13 09:06:16,346 | INFO     |   → 647/1187: ✅ 0 взято | 🗑️ 33 мусор
2026-06-13 09:06:16,346 | INFO     |   → 648/1187: ✅ 0 взято | 🗑️ 6 мусор
2026-06-13 09:06:16,346 | INFO     |   → 649/1187: ✅ 0 взято | 🗑️ 147 мусор
2026-06-13 09:06:16,346 | INFO     |   → 650/1187 ❌ HTTP 404 — https://raw.githubusercontent.com/M-Mashreghi/free-config-collector/main/Splitted-By-Protocol/ssr.txt
2026-06-13 09:06:16,346 | INFO     |   → 651/1187: ✅ 139 взято | 🗑️ 114 мусор
2026-06-13 09:06:16,346 | INFO     |   → 652/1187: ✅ 126 взято | 🗑️ 137 мусор
2026-06-13 09:06:16,346 | INFO     |   → 653/1187: ✅ 0 взято | 🗑️ 12 мусор
2026-06-13 09:06:16,346 | INFO     |   → 654/1187: ✅ 0 взято | 🗑️ 1 мусор
2026-06-13 09:06:16,346 | INFO     |   → 655/1187: ✅ 31 взято | 🗑️ 23 мусор
2026-06-13 09:06:16,346 | INFO     |   → 656/1187: ✅ 0 взято | 🗑️ 23 мусор
2026-06-13 09:06:16,346 | INFO     |   → 657/1187 ❌ HTTP 404 — https://raw.githubusercontent.com/MatinGhanbari/v2ray-configs/main/subscriptions/filtered/subs/hy2.txt
2026-06-13 09:06:16,346 | INFO     |   → 658/1187: ✅ 29 взято | 🗑️ 1501 мусор
2026-06-13 09:06:16,346 | INFO     |   → 659/1187 ❌ HTTP 404 — https://raw.githubusercontent.com/MatinGhanbari/v2ray-configs/main/subscriptions/filtered/subs/ssr.txt
2026-06-13 09:06:16,346 | INFO     |   → 660/1187: ✅ 60 взято | 🗑️ 560 мусор
2026-06-13 09:06:16,346 | INFO     |   → 661/1187 ❌ HTTP 404 — https://raw.githubusercontent.com/MatinGhanbari/v2ray-configs/main/subscriptions/filtered/subs/tuic.txt
2026-06-13 09:06:16,346 | INFO     |   → 662/1187: ✅ 4 взято | 🗑️ 54 мусор
2026-06-13 09:06:16,346 | INFO     |   → 663/1187: ✅ 243 взято | 🗑️ 1502 мусор
2026-06-13 09:06:16,346 | INFO     |   → 664/1187: ✅ 0 взято | 🗑️ 2 мусор
2026-06-13 09:06:16,346 | INFO     |   → 665/1187: ✅ 185 взято | 🗑️ 1203 мусор
2026-06-13 09:06:16,347 | INFO     |   → 666/1187: ✅ 0 взято | 🗑️ 571 мусор
2026-06-13 09:06:16,347 | INFO     |   → 667/1187: ✅ 0 взято | 🗑️ 571 мусор
2026-06-13 09:06:16,347 | INFO     |   → 668/1187: ✅ 0 взято | 🗑️ 119 мусор
2026-06-13 09:06:16,347 | INFO     |   → 669/1187: ✅ 0 взято | 🗑️ 2 мусор
2026-06-13 09:06:16,347 | INFO     |   → 670/1187: ✅ 0 взято | 🗑️ 429 мусор
2026-06-13 09:06:16,347 | INFO     |   → 671/1187: ✅ 0 взято | 🗑️ 90 мусор
2026-06-13 09:06:16,347 | INFO     |   → 672/1187 ❌ HTTP 404 — https://raw.githubusercontent.com/MhdiTaheri/V2rayCollector/raw/refs/heads/main/sub/mix
2026-06-13 09:06:16,347 | INFO     |   → 673/1187: ✅ 53 взято | 🗑️ 267 мусор
2026-06-13 09:06:16,347 | INFO     |   → 674/1187 ❌ HTTP 404 — https://raw.githubusercontent.com/MhdiTaheri/V2rayCollector_Py/raw/refs/heads/main/sub/Mix/mix.txt
2026-06-13 09:06:16,347 | INFO     |   → 675/1187: ✅ 0 взято | 🗑️ 0 мусор
2026-06-13 09:06:16,347 | INFO     |   → 676/1187: ✅ 43 взято | 🗑️ 217 мусор
2026-06-13 09:06:16,347 | INFO     |   → 677/1187: ✅ 0 взято | 🗑️ 31 мусор
2026-06-13 09:06:16,347 | INFO     |   → 678/1187: ✅ 93 взято | 🗑️ 282 мусор
2026-06-13 09:06:16,347 | INFO     |   → 679/1187: ✅ 0 взято | 🗑️ 26 мусор
2026-06-13 09:06:16,347 | INFO     |   → 680/1187 ❌ HTTP 404 — https://raw.githubusercontent.com/MrMohebi/xray-proxy-grabber-telegram/master/collected-proxies/clash-meta/all.yaml
2026-06-13 09:06:16,347 | INFO     |   → 681/1187 ❌ HTTP 404 — https://raw.githubusercontent.com/MrMohebi/xray-proxy-grabber-telegram/master/collected-proxies/row-url/actives.txt
2026-06-13 09:06:16,347 | INFO     |   → 682/1187 ❌ HTTP 404 — https://raw.githubusercontent.com/MrMohebi/xray-proxy-grabber-telegram/master/collected-proxies/row-url/all.txt
2026-06-13 09:06:16,347 | INFO     |   → 683/1187: ✅ 0 взято | 🗑️ 13 мусор
2026-06-13 09:06:16,347 | INFO     |   → 684/1187: ✅ 0 взято | 🗑️ 13 мусор
2026-06-13 09:06:16,347 | INFO     |   → 685/1187: ✅ 5 взято | 🗑️ 15 мусор
2026-06-13 09:06:16,347 | INFO     |   → 686/1187: ✅ 0 взято | 🗑️ 30 мусор
2026-06-13 09:06:16,347 | INFO     |   → 687/1187: ✅ 0 взято | 🗑️ 15 мусор
2026-06-13 09:06:16,347 | INFO     |   → 688/1187: ✅ 66 взято | 🗑️ 123 мусор
2026-06-13 09:06:16,348 | INFO     |   → 689/1187: ✅ 133 взято | 🗑️ 65 мусор
2026-06-13 09:06:16,348 | INFO     |   → 690/1187: ✅ 0 взято | 🗑️ 0 мусор
2026-06-13 09:06:16,348 | INFO     |   → 691/1187 ❌ HTTP 404 — https://raw.githubusercontent.com/OpenCNLink/freevpn/3cfcff048bfdd1493ccffa52ecf30ce7f9fc6b28/src/list/vmess.txt
2026-06-13 09:06:16,348 | INFO     |   → 692/1187 ❌ HTTP 404 — https://raw.githubusercontent.com/Pawdro/Collection/main/sub
2026-06-13 09:06:16,348 | INFO     |   → 693/1187: ✅ 0 взято | 🗑️ 12 мусор
2026-06-13 09:06:16,348 | INFO     |   → 694/1187: ✅ 0 взято | 🗑️ 12 мусор
2026-06-13 09:06:16,348 | INFO     |   → 695/1187: ✅ 0 взято | 🗑️ 0 мусор
2026-06-13 09:06:16,348 | INFO     |   → 696/1187: ✅ 0 взято | 🗑️ 0 мусор
2026-06-13 09:06:16,348 | INFO     |   → 697/1187: ✅ 0 взято | 🗑️ 50 мусор
2026-06-13 09:06:16,348 | INFO     |   → 698/1187: ✅ 5 взято | 🗑️ 206 мусор
2026-06-13 09:06:16,348 | INFO     |   → 699/1187: ✅ 21 взято | 🗑️ 138 мусор
2026-06-13 09:06:16,348 | INFO     |   → 700/1187: ✅ 23 взято | 🗑️ 89 мусор
2026-06-13 09:06:16,348 | INFO     |   → 701/1187: ✅ 9 взято | 🗑️ 85 мусор
2026-06-13 09:06:16,348 | INFO     |   → 702/1187: ✅ 0 взято | 🗑️ 129 мусор
2026-06-13 09:06:16,348 | INFO     |   → 703/1187: ✅ 0 взято | 🗑️ 81 мусор
2026-06-13 09:06:16,348 | INFO     |   → 704/1187 ❌ HTTP 404 — https://raw.githubusercontent.com/STR97/STRUGOV/refs/heads/main/STR.BYPASS
2026-06-13 09:06:16,348 | INFO     |   → 705/1187: ✅ 4 взято | 🗑️ 34 мусор
2026-06-13 09:06:16,348 | INFO     |   → 706/1187: ✅ 11 взято | 🗑️ 16 мусор
2026-06-13 09:06:16,348 | INFO     |   → 707/1187: ✅ 0 взято | 🗑️ 16 мусор
2026-06-13 09:06:16,348 | INFO     |   → 708/1187: ✅ 0 взято | 🗑️ 27 мусор
2026-06-13 09:06:16,348 | INFO     |   → 709/1187: ✅ 140 взято | 🗑️ 1153 мусор
2026-06-13 09:06:16,348 | INFO     |   → 710/1187: ✅ 29 взято | 🗑️ 54 мусор
2026-06-13 09:06:16,348 | INFO     |   → 711/1187: ✅ 0 взято | 🗑️ 5 мусор
2026-06-13 09:06:16,349 | INFO     |   → 712/1187: ✅ 1 взято | 🗑️ 0 мусор
2026-06-13 09:06:16,349 | INFO     |   → 713/1187: ✅ 0 взято | 🗑️ 17 мусор
2026-06-13 09:06:16,349 | INFO     |   → 714/1187: ✅ 0 взято | 🗑️ 5 мусор
2026-06-13 09:06:16,349 | INFO     |   → 715/1187: ✅ 0 взято | 🗑️ 17 мусор
2026-06-13 09:06:16,349 | INFO     |   → 716/1187: ✅ 4 взято | 🗑️ 291 мусор
2026-06-13 09:06:16,349 | INFO     |   → 717/1187: ✅ 0 взято | 🗑️ 119 мусор
2026-06-13 09:06:16,349 | INFO     |   → 718/1187: ✅ 0 взято | 🗑️ 0 мусор
2026-06-13 09:06:16,349 | INFO     |   → 719/1187 ❌ HTTP 404 — https://raw.githubusercontent.com/V2RAYCONFIGSPOOL/V2RAY_SUB/main/V2RAY_SUB.txt
2026-06-13 09:06:16,349 | INFO     |   → 720/1187: ✅ 67 взято | 🗑️ 115 мусор
2026-06-13 09:06:16,349 | INFO     |   → 721/1187: ✅ 16 взято | 🗑️ 17 мусор
2026-06-13 09:06:16,349 | INFO     |   → 722/1187: ✅ 0 взято | 🗑️ 0 мусор
2026-06-13 09:06:16,349 | INFO     |   → 723/1187: ✅ 0 взято | 🗑️ 17 мусор
2026-06-13 09:06:16,349 | INFO     |   → 724/1187: ✅ 58 взято | 🗑️ 348 мусор
2026-06-13 09:06:16,349 | INFO     |   → 725/1187: ✅ 0 взято | 🗑️ 0 мусор
2026-06-13 09:06:16,349 | INFO     |   → 726/1187: ✅ 6 взято | 🗑️ 245 мусор
2026-06-13 09:06:16,349 | INFO     |   → 727/1187: ✅ 0 взято | 🗑️ 0 мусор
2026-06-13 09:06:16,349 | INFO     |   → 728/1187: ✅ 3 взято | 🗑️ 322 мусор
2026-06-13 09:06:16,349 | INFO     |   → 729/1187: ✅ 0 взято | 🗑️ 0 мусор
2026-06-13 09:06:16,349 | INFO     |   → 730/1187: ✅ 0 взято | 🗑️ 0 мусор
2026-06-13 09:06:16,349 | INFO     |   → 731/1187: ✅ 3 взято | 🗑️ 268 мусор
2026-06-13 09:06:16,349 | INFO     |   → 732/1187: ✅ 1 взято | 🗑️ 251 мусор
2026-06-13 09:06:16,349 | INFO     |   → 733/1187: ✅ 1 взято | 🗑️ 231 мусор
2026-06-13 09:06:16,349 | INFO     |   → 734/1187: ✅ 0 взято | 🗑️ 0 мусор
2026-06-13 09:06:16,350 | INFO     |   → 735/1187: ✅ 1 взято | 🗑️ 83 мусор
2026-06-13 09:06:16,350 | INFO     |   → 736/1187: ✅ 0 взято | 🗑️ 16 мусор
2026-06-13 09:06:16,350 | INFO     |   → 737/1187: ✅ 0 взято | 🗑️ 16 мусор
2026-06-13 09:06:16,350 | INFO     |   → 738/1187 ❌ HTTP 404 — https://raw.githubusercontent.com/aiboboxx/clashfree/main/clash.yml
2026-06-13 09:06:16,350 | INFO     |   → 739/1187 ❌ HTTP 404 — https://raw.githubusercontent.com/aiboboxx/v2rayfree/main/v2
2026-06-13 09:06:16,350 | INFO     |   → 740/1187 ❌ HTTP 404 — https://raw.githubusercontent.com/amirmohammad-mohammad-88/Sub-Reality-Azadi-config/Config/Azadi-Reality-Different
2026-06-13 09:06:16,350 | INFO     |   → 741/1187 ❌ HTTP 404 — https://raw.githubusercontent.com/amirmohammad-mohammad-88/Sub-Reality-Azadi-config/Config/Azadi-Reality-Different-Base64
2026-06-13 09:06:16,350 | INFO     |   → 742/1187: ✅ 1 взято | 🗑️ 17 мусор
2026-06-13 09:06:16,350 | INFO     |   → 743/1187: ✅ 0 взято | 🗑️ 0 мусор
2026-06-13 09:06:16,350 | INFO     |   → 744/1187: ✅ 4 взято | 🗑️ 114 мусор
2026-06-13 09:06:16,350 | INFO     |   → 745/1187: ✅ 20 взято | 🗑️ 55 мусор
2026-06-13 09:06:16,350 | INFO     |   → 746/1187 ❌ HTTP 404 — https://raw.githubusercontent.com/awesome-vpn/awesome-vpn/master/ss
2026-06-13 09:06:16,350 | INFO     |   → 747/1187 ❌ HTTP 404 — https://raw.githubusercontent.com/awesome-vpn/awesome-vpn/master/ssr
2026-06-13 09:06:16,350 | INFO     |   → 748/1187: ✅ 0 взято | 🗑️ 0 мусор
2026-06-13 09:06:16,350 | INFO     |   → 749/1187: ✅ 1 взято | 🗑️ 22 мусор
2026-06-13 09:06:16,350 | INFO     |   → 750/1187: ✅ 0 взято | 🗑️ 420 мусор
2026-06-13 09:06:16,350 | INFO     |   → 751/1187 ❌ HTTP 404 — https://raw.githubusercontent.com/barry-far/V2ray-Configs/ced94ddfff48276ec365b40227561f36b1b64bc8/Sub5.txt
2026-06-13 09:06:16,350 | INFO     |   → 752/1187 ❌ HTTP 404 — https://raw.githubusercontent.com/barry-far/V2ray-Configs/main/Splitted-By-Protocol/hysteria2.txt
2026-06-13 09:06:16,350 | INFO     |   → 753/1187 ❌ HTTP 404 — https://raw.githubusercontent.com/barry-far/V2ray-Configs/main/Splitted-By-Protocol/vless.txt
2026-06-13 09:06:16,350 | INFO     |   → 754/1187 ❌ HTTP 404 — https://raw.githubusercontent.com/barry-far/V2ray-Configs/main/Sub1.txt
2026-06-13 09:06:16,350 | INFO     |   → 755/1187 ❌ HTTP 404 — https://raw.githubusercontent.com/barry-far/V2ray-Configs/refs/heads/main/All_Configs_Sub.txt
2026-06-13 09:06:16,350 | INFO     |   → 756/1187: ✅ 0 взято | 🗑️ 0 мусор
2026-06-13 09:06:16,350 | INFO     |   → 757/1187 ❌ HTTP 404 — https://raw.githubusercontent.com/budamu/clashconfig/main/v2ray.txt
2026-06-13 09:06:16,351 | INFO     |   → 758/1187 ❌ HTTP 404 — https://raw.githubusercontent.com/budamu/clashconfig/main/v2ray2.txt
2026-06-13 09:06:16,351 | INFO     |   → 759/1187: ✅ 0 взято | 🗑️ 0 мусор
2026-06-13 09:06:16,351 | INFO     |   → 760/1187: ✅ 0 взято | 🗑️ 442 мусор
2026-06-13 09:06:16,351 | INFO     |   → 761/1187: ✅ 0 взято | 🗑️ 0 мусор
2026-06-13 09:06:16,351 | INFO     |   → 762/1187 ❌ HTTP 404 — https://raw.githubusercontent.com/chxxyz2004/zd/17fca23b73c46b5dd73e9be49b14d219b5e5f836/sub/2401/240110.txt
2026-06-13 09:06:16,351 | INFO     |   → 763/1187: ✅ 0 взято | 🗑️ 44 мусор
2026-06-13 09:06:16,351 | INFO     |   → 764/1187: ✅ 236 взято | 🗑️ 517 мусор
2026-06-13 09:06:16,351 | INFO     |   → 765/1187 ❌ HTTP 404 — https://raw.githubusercontent.com/cxr9912/cxr2022/main/free.yaml
2026-06-13 09:06:16,351 | INFO     |   → 766/1187 ❌ HTTP 404 — https://raw.githubusercontent.com/cxr9912/cxr2022/main/mix.yaml
2026-06-13 09:06:16,351 | INFO     |   → 767/1187 ❌ HTTP 404 — https://raw.githubusercontent.com/cxr9912/cxr2022/main/ss.yaml
2026-06-13 09:06:16,351 | INFO     |   → 768/1187 ❌ HTTP 404 — https://raw.githubusercontent.com/cxr9912/cxr2022/main/ssr.yaml
2026-06-13 09:06:16,351 | INFO     |   → 769/1187 ❌ HTTP 404 — https://raw.githubusercontent.com/cxr9912/cxr2022/main/vmess.yaml
2026-06-13 09:06:16,351 | INFO     |   → 770/1187 ❌ HTTP 404 — https://raw.githubusercontent.com/cxr9912/cxr2022/refs/heads/main/18cj.json
2026-06-13 09:06:16,351 | INFO     |   → 771/1187 ❌ HTTP 404 — https://raw.githubusercontent.com/cxr9912/cxr2022/refs/heads/main/aaaaaaaa.yaml
2026-06-13 09:06:16,351 | INFO     |   → 772/1187 ❌ HTTP 404 — https://raw.githubusercontent.com/cxr9912/cxr2022/refs/heads/main/free.yaml
2026-06-13 09:06:16,351 | INFO     |   → 773/1187 ❌ HTTP 404 — https://raw.githubusercontent.com/cxr9912/cxr2022/refs/heads/main/ss2088.txt
2026-06-13 09:06:16,351 | INFO     |   → 774/1187: ✅ 0 взято | 🗑️ 18 мусор
2026-06-13 09:06:16,351 | INFO     |   → 775/1187: ✅ 0 взято | 🗑️ 18 мусор
2026-06-13 09:06:16,351 | INFO     |   → 776/1187: ✅ 6 взято | 🗑️ 78 мусор
2026-06-13 09:06:16,351 | INFO     |   → 777/1187: ✅ 6 взято | 🗑️ 4 мусор
2026-06-13 09:06:16,351 | INFO     |   → 778/1187: ✅ 0 взято | 🗑️ 2 мусор
2026-06-13 09:06:16,351 | INFO     |   → 779/1187: ✅ 0 взято | 🗑️ 2 мусор
2026-06-13 09:06:16,351 | INFO     |   → 780/1187: ✅ 14 взято | 🗑️ 5 мусор
2026-06-13 09:06:16,352 | INFO     |   → 781/1187: ✅ 0 взято | 🗑️ 2 мусор
2026-06-13 09:06:16,352 | INFO     |   → 782/1187: ✅ 0 взято | 🗑️ 2 мусор
2026-06-13 09:06:16,352 | INFO     |   → 783/1187: ✅ 0 взято | 🗑️ 2 мусор
2026-06-13 09:06:16,352 | INFO     |   → 784/1187: ✅ 1 взято | 🗑️ 1 мусор
2026-06-13 09:06:16,352 | INFO     |   → 785/1187: ✅ 0 взято | 🗑️ 5 мусор
2026-06-13 09:06:16,352 | INFO     |   → 786/1187: ✅ 0 взято | 🗑️ 2 мусор
2026-06-13 09:06:16,352 | INFO     |   → 787/1187: ✅ 0 взято | 🗑️ 0 мусор
2026-06-13 09:06:16,352 | INFO     |   → 788/1187: ✅ 9885 взято | 🗑️ 180677 мусор
2026-06-13 09:06:16,352 | INFO     |   → 789/1187: ✅ 7 взято | 🗑️ 129 мусор
2026-06-13 09:06:16,352 | INFO     |   → 790/1187: ✅ 6 взято | 🗑️ 113 мусор
2026-06-13 09:06:16,352 | INFO     |   → 791/1187: ✅ 0 взято | 🗑️ 0 мусор
2026-06-13 09:06:16,352 | INFO     |   → 792/1187: ✅ 7 взято | 🗑️ 19 мусор
2026-06-13 09:06:16,352 | INFO     |   → 793/1187: ✅ 0 взято | 🗑️ 0 мусор
2026-06-13 09:06:16,352 | INFO     |   → 794/1187: ✅ 13 взято | 🗑️ 19 мусор
2026-06-13 09:06:16,352 | INFO     |   → 795/1187: ✅ 0 взято | 🗑️ 5 мусор
2026-06-13 09:06:16,352 | INFO     |   → 796/1187: ✅ 2 взято | 🗑️ 80 мусор
2026-06-13 09:06:16,352 | INFO     |   → 797/1187 ❌ HTTP 404 — https://raw.githubusercontent.com/free-nodes/v2rayfree/main/v2
2026-06-13 09:06:16,352 | INFO     |   → 798/1187 ❌ HTTP 404 — https://raw.githubusercontent.com/free-v2ray-config/trojan/main/trojan.txt
2026-06-13 09:06:16,352 | INFO     |   → 799/1187 ❌ HTTP 404 — https://raw.githubusercontent.com/free-v2ray-config/vless/main/vless.txt
2026-06-13 09:06:16,352 | INFO     |   → 800/1187 ❌ HTTP 404 — https://raw.githubusercontent.com/free-v2ray-config/vmess/main/vmess.txt
2026-06-13 09:06:16,352 | INFO     |   → 801/1187: ✅ 5 взято | 🗑️ 169 мусор
2026-06-13 09:06:16,352 | INFO     |   → 802/1187: ✅ 34 взято | 🗑️ 121 мусор
2026-06-13 09:06:16,352 | INFO     |   → 803/1187: ✅ 4 взято | 🗑️ 97 мусор
2026-06-13 09:06:16,353 | INFO     |   → 804/1187 ❌ HTTP 404 — https://raw.githubusercontent.com/free18/v2ray/main/Clash.yaml
2026-06-13 09:06:16,353 | INFO     |   → 805/1187: ✅ 0 взято | 🗑️ 0 мусор
2026-06-13 09:06:16,353 | INFO     |   → 806/1187: ✅ 0 взято | 🗑️ 15 мусор
2026-06-13 09:06:16,353 | INFO     |   → 807/1187: ✅ 0 взято | 🗑️ 0 мусор
2026-06-13 09:06:16,353 | INFO     |   → 808/1187: ✅ 0 взято | 🗑️ 8 мусор
2026-06-13 09:06:16,353 | INFO     |   → 809/1187: ✅ 0 взято | 🗑️ 8 мусор
2026-06-13 09:06:16,353 | INFO     |   → 810/1187: ✅ 0 взято | 🗑️ 8 мусор
2026-06-13 09:06:16,353 | INFO     |   → 811/1187: ✅ 0 взято | 🗑️ 8 мусор
2026-06-13 09:06:16,353 | INFO     |   → 812/1187 ❌ HTTP 404 — https://raw.githubusercontent.com/freev2rayconfig/V2RAY_SUB/3e6a7786a1601ee3723e8d043ae79e70dbdfd9a8/v2rayconfigs.txt
2026-06-13 09:06:16,353 | INFO     |   → 813/1187 ❌ HTTP 404 — https://raw.githubusercontent.com/freev2rayconfig/V2RAY_SUBSCRIPTION_LINK/main/v2rayconfigs.txt
2026-06-13 09:06:16,353 | INFO     |   → 814/1187 ❌ HTTP 404 — https://raw.githubusercontent.com/gfpcom/free-proxy-list/main/list/http.txt
2026-06-13 09:06:16,353 | INFO     |   → 815/1187 ❌ HTTP 404 — https://raw.githubusercontent.com/gfpcom/free-proxy-list/main/list/https.txt
2026-06-13 09:06:16,353 | INFO     |   → 816/1187 ❌ HTTP 404 — https://raw.githubusercontent.com/gfpcom/free-proxy-list/main/list/socks4.txt
2026-06-13 09:06:16,353 | INFO     |   → 817/1187 ❌ HTTP 404 — https://raw.githubusercontent.com/gfpcom/free-proxy-list/main/list/socks4a.txt
2026-06-13 09:06:16,353 | INFO     |   → 818/1187 ❌ HTTP 404 — https://raw.githubusercontent.com/gfpcom/free-proxy-list/main/list/socks5.txt
2026-06-13 09:06:16,353 | INFO     |   → 819/1187 ❌ HTTP 404 — https://raw.githubusercontent.com/gfpcom/free-proxy-list/main/list/socks5h.txt
2026-06-13 09:06:16,353 | INFO     |   → 820/1187 ❌ HTTP 404 — https://raw.githubusercontent.com/gfpcom/free-proxy-list/main/list/ss.txt
2026-06-13 09:06:16,353 | INFO     |   → 821/1187 ❌ HTTP 404 — https://raw.githubusercontent.com/gfpcom/free-proxy-list/main/list/ssr.txt
2026-06-13 09:06:16,353 | INFO     |   → 822/1187 ❌ HTTP 404 — https://raw.githubusercontent.com/gfpcom/free-proxy-list/main/list/trojan.txt
2026-06-13 09:06:16,353 | INFO     |   → 823/1187 ❌ HTTP 404 — https://raw.githubusercontent.com/gfpcom/free-proxy-list/main/list/vless.txt
2026-06-13 09:06:16,353 | INFO     |   → 824/1187 ❌ HTTP 404 — https://raw.githubusercontent.com/gfpcom/free-proxy-list/main/list/vmess.txt
2026-06-13 09:06:16,353 | INFO     |   → 825/1187: ✅ 0 взято | 🗑️ 17 мусор
2026-06-13 09:06:16,353 | INFO     |   → 826/1187: ✅ 0 взято | 🗑️ 0 мусор
2026-06-13 09:06:16,354 | INFO     |   → 827/1187: ✅ 4 взято | 🗑️ 63 мусор
2026-06-13 09:06:16,354 | INFO     |   → 828/1187 ❌ HTTP 404 — https://raw.githubusercontent.com/hameed-maleki/TVC/89a4522969c57dcc22458cae9898426e5c4f2679/lite/config.txt
2026-06-13 09:06:16,354 | INFO     |   → 829/1187: ✅ 5 взято | 🗑️ 132 мусор
2026-06-13 09:06:16,354 | INFO     |   → 830/1187: ✅ 0 взято | 🗑️ 56 мусор
2026-06-13 09:06:16,354 | INFO     |   → 831/1187 ❌ HTTP 404 — https://raw.githubusercontent.com/hkaa0/permalink/main/proxy/V2ray
2026-06-13 09:06:16,354 | INFO     |   → 832/1187 ❌ HTTP 404 — https://raw.githubusercontent.com/hkaa0/permalink/main/proxy/clash
2026-06-13 09:06:16,354 | INFO     |   → 833/1187 ❌ HTTP 404 — https://raw.githubusercontent.com/hkpc/Autoproxy/6cf946ddfc677a29062007e4b47d70674474baa7/sub/2401/240110.txt
2026-06-13 09:06:16,354 | INFO     |   → 834/1187 ❌ HTTP 404 — https://raw.githubusercontent.com/hkpc/V2ray-Configs/7d9aa0dabf947af180a7dd6302818ed37950531a/Sub1.txt
2026-06-13 09:06:16,354 | INFO     |   → 835/1187: ✅ 0 взято | 🗑️ 14 мусор
2026-06-13 09:06:16,354 | INFO     |   → 836/1187: ✅ 16 взято | 🗑️ 16 мусор
2026-06-13 09:06:16,354 | INFO     |   → 837/1187 ❌ HTTP 404 — https://raw.githubusercontent.com/iboxz/free-v2ray-collector/main/main
2026-06-13 09:06:16,354 | INFO     |   → 838/1187: ✅ 18 взято | 🗑️ 22 мусор
2026-06-13 09:06:16,354 | INFO     |   → 839/1187: ✅ 11 взято | 🗑️ 15 мусор
2026-06-13 09:06:16,354 | INFO     |   → 840/1187: ✅ 106 взято | 🗑️ 190 мусор
2026-06-13 09:06:16,354 | INFO     |   → 841/1187 ❌ HTTP 404 — https://raw.githubusercontent.com/igareck/vpn-configs-for-russia/refs/heads/main/Vless-Reality-White-Lists-Rus-Cable.txt
2026-06-13 09:06:16,354 | INFO     |   → 842/1187: ✅ 57 взято | 🗑️ 7 мусор
2026-06-13 09:06:16,354 | INFO     |   → 843/1187: ✅ 0 взято | 🗑️ 0 мусор
2026-06-13 09:06:16,354 | INFO     |   → 844/1187: ✅ 0 взято | 🗑️ 0 мусор
2026-06-13 09:06:16,354 | INFO     |   → 845/1187: ✅ 23 взято | 🗑️ 9 мусор
2026-06-13 09:06:16,354 | INFO     |   → 846/1187: ✅ 0 взято | 🗑️ 0 мусор
2026-06-13 09:06:16,354 | INFO     |   → 847/1187: ✅ 0 взято | 🗑️ 0 мусор
2026-06-13 09:06:16,354 | INFO     |   → 848/1187: ✅ 0 взято | 🗑️ 12 мусор
2026-06-13 09:06:16,354 | INFO     |   → 849/1187: ✅ 0 взято | 🗑️ 43 мусор
2026-06-13 09:06:16,355 | INFO     |   → 850/1187 ❌ HTTP 404 — https://raw.githubusercontent.com/jw853355718/clash_233/master/config.yml
2026-06-13 09:06:16,355 | INFO     |   → 851/1187: ✅ 0 взято | 🗑️ 210 мусор
2026-06-13 09:06:16,355 | INFO     |   → 852/1187: ✅ 0 взято | 🗑️ 0 мусор
2026-06-13 09:06:16,355 | INFO     |   → 853/1187: ✅ 0 взято | 🗑️ 0 мусор
2026-06-13 09:06:16,355 | INFO     |   → 854/1187 ❌ HTTP 404 — https://raw.githubusercontent.com/lcx12901/v2ray-/master/sspool.herokuapp.com/yzcloud.yaml
2026-06-13 09:06:16,355 | INFO     |   → 855/1187 ❌ HTTP 404 — https://raw.githubusercontent.com/lcx12901/v2ray-/master/sspool.herokuapp.com/yzcloud2.yaml
2026-06-13 09:06:16,355 | INFO     |   → 856/1187: ✅ 0 взято | 🗑️ 0 мусор
2026-06-13 09:06:16,355 | INFO     |   → 857/1187 ❌ HTTP 404 — https://raw.githubusercontent.com/learnhard-cn/free_proxy_ss/main/clash/config.yaml
2026-06-13 09:06:16,355 | INFO     |   → 858/1187: ✅ 0 взято | 🗑️ 8 мусор
2026-06-13 09:06:16,355 | INFO     |   → 859/1187: ✅ 0 взято | 🗑️ 4 мусор
2026-06-13 09:06:16,355 | INFO     |   → 860/1187: ✅ 0 взято | 🗑️ 0 мусор
2026-06-13 09:06:16,355 | INFO     |   → 861/1187: ✅ 0 взято | 🗑️ 4 мусор
2026-06-13 09:06:16,355 | INFO     |   → 862/1187: ✅ 0 взято | 🗑️ 149 мусор
2026-06-13 09:06:16,355 | INFO     |   → 863/1187: ✅ 0 взято | 🗑️ 421 мусор
2026-06-13 09:06:16,355 | INFO     |   → 864/1187 ❌ HTTP 404 — https://raw.githubusercontent.com/lisylva-lee/v2dyku/main/ssr
2026-06-13 09:06:16,355 | INFO     |   → 865/1187 ❌ HTTP 404 — https://raw.githubusercontent.com/lisylva-lee/v2dyku/main/v2dy
2026-06-13 09:06:16,355 | INFO     |   → 866/1187: ✅ 0 взято | 🗑️ 53 мусор
2026-06-13 09:06:16,355 | INFO     |   → 867/1187 ❌ HTTP 404 — https://raw.githubusercontent.com/luxl-1379/merge/77247d23def72b25226dfa741614e9b07a569c72/sub/sub_merge_base64.txt
2026-06-13 09:06:16,355 | INFO     |   → 868/1187: ✅ 146 взято | 🗑️ 343 мусор
2026-06-13 09:06:16,355 | INFO     |   → 869/1187: ✅ 0 взято | 🗑️ 119 мусор
2026-06-13 09:06:16,355 | INFO     |   → 870/1187: ✅ 882 взято | 🗑️ 3550 мусор
2026-06-13 09:06:16,355 | INFO     |   → 871/1187: ✅ 0 взято | 🗑️ 0 мусор
2026-06-13 09:06:16,355 | INFO     |   → 872/1187: ✅ 0 взято | 🗑️ 3550 мусор
2026-06-13 09:06:16,356 | INFO     |   → 873/1187: ✅ 59 взято | 🗑️ 331 мусор
2026-06-13 09:06:16,356 | INFO     |   → 874/1187 ❌ HTTP 404 — https://raw.githubusercontent.com/mermeroo/Clash-V2ray/main/v2ray
2026-06-13 09:06:16,356 | INFO     |   → 875/1187: ✅ 15 взято | 🗑️ 417 мусор
2026-06-13 09:06:16,356 | INFO     |   → 876/1187: ✅ 6 взято | 🗑️ 102 мусор
2026-06-13 09:06:16,356 | INFO     |   → 877/1187: ✅ 716 взято | 🗑️ 6258 мусор
2026-06-13 09:06:16,356 | INFO     |   → 878/1187: ✅ 8 взято | 🗑️ 853 мусор
2026-06-13 09:06:16,356 | INFO     |   → 879/1187: ✅ 32 взято | 🗑️ 69 мусор
2026-06-13 09:06:16,356 | INFO     |   → 880/1187 ❌ HTTP 404 — https://raw.githubusercontent.com/mermeroo/free-v2ray-collector/main/main/mix
2026-06-13 09:06:16,356 | INFO     |   → 881/1187 ❌ HTTP 404 — https://raw.githubusercontent.com/mermeroo/free-v2ray-collector/main/main/reality
2026-06-13 09:06:16,356 | INFO     |   → 882/1187 ❌ HTTP 404 — https://raw.githubusercontent.com/mermeroo/free-v2ray-collector/main/main/shadowsocks
2026-06-13 09:06:16,356 | INFO     |   → 883/1187 ❌ HTTP 404 — https://raw.githubusercontent.com/mermeroo/free-v2ray-collector/main/main/trojan
2026-06-13 09:06:16,356 | INFO     |   → 884/1187 ❌ HTTP 404 — https://raw.githubusercontent.com/mermeroo/free-v2ray-collector/main/main/vless
2026-06-13 09:06:16,356 | INFO     |   → 885/1187 ❌ HTTP 404 — https://raw.githubusercontent.com/mermeroo/free-v2ray-collector/main/main/vmess
2026-06-13 09:06:16,356 | INFO     |   → 886/1187 ❌ HTTP 404 — https://raw.githubusercontent.com/mfuu/v2ray/master/merge/merge.txt
2026-06-13 09:06:16,356 | INFO     |   → 887/1187: ✅ 1 взято | 🗑️ 283 мусор
2026-06-13 09:06:16,356 | INFO     |   → 888/1187: ✅ 0 взято | 🗑️ 283 мусор
2026-06-13 09:06:16,356 | INFO     |   → 889/1187: ✅ 535 взято | 🗑️ 13144 мусор
2026-06-13 09:06:16,356 | INFO     |   → 890/1187: ✅ 0 взято | 🗑️ 13144 мусор
2026-06-13 09:06:16,356 | INFO     |   → 891/1187: ✅ 0 взято | 🗑️ 2836 мусор
2026-06-13 09:06:16,356 | INFO     |   → 892/1187: ✅ 0 взято | 🗑️ 1683 мусор
2026-06-13 09:06:16,356 | INFO     |   → 893/1187: ✅ 0 взято | 🗑️ 4747 мусор
2026-06-13 09:06:16,356 | INFO     |   → 894/1187: ✅ 0 взято | 🗑️ 3878 мусор
2026-06-13 09:06:16,356 | INFO     |   → 895/1187 ❌ HTTP 404 — https://raw.githubusercontent.com/mianous/qiren/main/qiren.txt
2026-06-13 09:06:16,357 | INFO     |   → 896/1187 ❌ HTTP 404 — https://raw.githubusercontent.com/miladtahanian/V2RayCFGDumper/refs/heads/main/config.txt
2026-06-13 09:06:16,357 | INFO     |   → 897/1187 ❌ HTTP 404 — https://raw.githubusercontent.com/miladtahanian/multi-proxy-config-fetcher/refs/heads/main/configs/proxy_configs.txt
2026-06-13 09:06:16,357 | INFO     |   → 898/1187: ✅ 0 взято | 🗑️ 0 мусор
2026-06-13 09:06:16,357 | INFO     |   → 899/1187: ✅ 0 взято | 🗑️ 0 мусор
2026-06-13 09:06:16,357 | INFO     |   → 900/1187: ✅ 0 взято | 🗑️ 0 мусор
2026-06-13 09:06:16,357 | INFO     |   → 901/1187: ✅ 15 взято | 🗑️ 46 мусор
2026-06-13 09:06:16,357 | INFO     |   → 902/1187: ✅ 0 взято | 🗑️ 190 мусор
2026-06-13 09:06:16,357 | INFO     |   → 903/1187: ✅ 0 взято | 🗑️ 0 мусор
2026-06-13 09:06:16,357 | INFO     |   → 904/1187: ✅ 28 взято | 🗑️ 93 мусор
2026-06-13 09:06:16,357 | INFO     |   → 905/1187: ✅ 0 взято | 🗑️ 0 мусор
2026-06-13 09:06:16,357 | INFO     |   → 906/1187: ✅ 15 взято | 🗑️ 70 мусор
2026-06-13 09:06:16,357 | INFO     |   → 907/1187: ✅ 127 взято | 🗑️ 492 мусор
2026-06-13 09:06:16,357 | INFO     |   → 908/1187: ✅ 331 взято | 🗑️ 190 мусор
2026-06-13 09:06:16,357 | INFO     |   → 909/1187: ✅ 27 взято | 🗑️ 614 мусор
2026-06-13 09:06:16,357 | INFO     |   → 910/1187 ❌ HTTP 404 — https://raw.githubusercontent.com/obscure1990/freeVM/master/snippets/nodes.yml
2026-06-13 09:06:16,357 | INFO     |   → 911/1187 ❌ HTTP 404 — https://raw.githubusercontent.com/op30mmd/things/909b38024ba14d69dc0f95c238f63bc6e930a00f/eut.txt
2026-06-13 09:06:16,357 | INFO     |   → 912/1187 ❌ HTTP 404 — https://raw.githubusercontent.com/openRunner/clash-freenode/main/v2ray.txt
2026-06-13 09:06:16,357 | INFO     |   → 913/1187 ❌ HTTP 404 — https://raw.githubusercontent.com/oslook/clash-freenode/main/clash.yaml
2026-06-13 09:06:16,357 | INFO     |   → 914/1187: ✅ 0 взято | 🗑️ 0 мусор
2026-06-13 09:06:16,357 | INFO     |   → 915/1187: ✅ 4 взято | 🗑️ 1 мусор
2026-06-13 09:06:16,357 | INFO     |   → 916/1187: ✅ 0 взято | 🗑️ 0 мусор
2026-06-13 09:06:16,357 | INFO     |   → 917/1187: ✅ 3 взято | 🗑️ 60 мусор
2026-06-13 09:06:16,357 | INFO     |   → 918/1187: ✅ 0 взято | 🗑️ 0 мусор
2026-06-13 09:06:16,358 | INFO     |   → 919/1187: ✅ 0 взято | 🗑️ 0 мусор
2026-06-13 09:06:16,358 | INFO     |   → 920/1187: ✅ 0 взято | 🗑️ 19 мусор
2026-06-13 09:06:16,358 | INFO     |   → 921/1187: ✅ 0 взято | 🗑️ 44 мусор
2026-06-13 09:06:16,358 | INFO     |   → 922/1187: ✅ 63 взято | 🗑️ 521 мусор
2026-06-13 09:06:16,358 | INFO     |   → 923/1187: ✅ 165 взято | 🗑️ 273 мусор
2026-06-13 09:06:16,358 | INFO     |   → 924/1187: ✅ 0 взято | 🗑️ 0 мусор
2026-06-13 09:06:16,358 | INFO     |   → 925/1187: ✅ 28 взято | 🗑️ 211 мусор
2026-06-13 09:06:16,358 | INFO     |   → 926/1187: ✅ 0 взято | 🗑️ 79 мусор
2026-06-13 09:06:16,358 | INFO     |   → 927/1187: ✅ 13 взято | 🗑️ 32 мусор
2026-06-13 09:06:16,358 | INFO     |   → 928/1187: ✅ 0 взято | 🗑️ 0 мусор
2026-06-13 09:06:16,358 | INFO     |   → 929/1187: ✅ 2 взято | 🗑️ 9 мусор
2026-06-13 09:06:16,358 | INFO     |   → 930/1187: ✅ 11 взято | 🗑️ 76 мусор
2026-06-13 09:06:16,358 | INFO     |   → 931/1187: ✅ 0 взято | 🗑️ 168 мусор
2026-06-13 09:06:16,358 | INFO     |   → 932/1187: ✅ 0 взято | 🗑️ 79 мусор
2026-06-13 09:06:16,358 | INFO     |   → 933/1187: ✅ 0 взято | 🗑️ 15 мусор
2026-06-13 09:06:16,358 | INFO     |   → 934/1187 ❌ HTTP 404 — https://raw.githubusercontent.com/ronghuaxueleng/get_v2/main/pub/changfengoss.yaml
2026-06-13 09:06:16,358 | INFO     |   → 935/1187: ✅ 0 взято | 🗑️ 0 мусор
2026-06-13 09:06:16,358 | INFO     |   → 936/1187: ✅ 92 взято | 🗑️ 48 мусор
2026-06-13 09:06:16,358 | INFO     |   → 937/1187: ✅ 0 взято | 🗑️ 48 мусор
2026-06-13 09:06:16,358 | INFO     |   → 938/1187 ❌ HTTP 404 — https://raw.githubusercontent.com/rxsweet/CM_Vmess/refs/heads/main/test.txt
2026-06-13 09:06:16,358 | INFO     |   → 939/1187 ❌ HTTP 404 — https://raw.githubusercontent.com/rxsweet/proxies/main/sub/free.yaml
2026-06-13 09:06:16,358 | INFO     |   → 940/1187 ❌ HTTP 404 — https://raw.githubusercontent.com/rxsweet/proxies/main/sub/rx.yaml
2026-06-13 09:06:16,358 | INFO     |   → 941/1187 ❌ HTTP 404 — https://raw.githubusercontent.com/rxsweet/proxies/main/sub/sources/dynamicAll.yaml
2026-06-13 09:06:16,358 | INFO     |   → 942/1187 ❌ HTTP 404 — https://raw.githubusercontent.com/rxsweet/proxies/main/sub/sources/miningAll.yaml
2026-06-13 09:06:16,358 | INFO     |   → 943/1187 ❌ HTTP 404 — https://raw.githubusercontent.com/rxsweet/proxies/main/sub/srx.yaml
2026-06-13 09:06:16,358 | INFO     |   → 944/1187 ❌ HTTP 404 — https://raw.githubusercontent.com/sajad-sajadi/V2ray-Collector/raw/main/output/protocols/vmess.txt
2026-06-13 09:06:16,358 | INFO     |   → 945/1187 ❌ HTTP 404 — https://raw.githubusercontent.com/sakha1370/OpenRay/raw/refs/heads/main/output/all_valid_proxies.txt
2026-06-13 09:06:16,358 | INFO     |   → 946/1187: ✅ 53 взято | 🗑️ 399 мусор
2026-06-13 09:06:16,358 | INFO     |   → 947/1187: ✅ 0 взято | 🗑️ 399 мусор
2026-06-13 09:06:16,358 | INFO     |   → 948/1187 ❌ HTTP 404 — https://raw.githubusercontent.com/samjoeyang/subscribe/main/fly
2026-06-13 09:06:16,358 | INFO     |   → 949/1187: ✅ 0 взято | 🗑️ 0 мусор
2026-06-13 09:06:16,358 | INFO     |   → 950/1187 ❌ HTTP 404 — https://raw.githubusercontent.com/sarina-ad/v2ray/main/v2ray
2026-06-13 09:06:16,358 | INFO     |   → 951/1187 ❌ HTTP 404 — https://raw.githubusercontent.com/satrom/V2SSR/master/SSR/Sub.txt
2026-06-13 09:06:16,358 | INFO     |   → 952/1187 ❌ HTTP 404 — https://raw.githubusercontent.com/satrom/V2SSR/master/V2RAY/Sub.txt
2026-06-13 09:06:16,358 | INFO     |   → 953/1187: ✅ 8622 взято | 🗑️ 156291 мусор
2026-06-13 09:06:16,358 | INFO     |   → 954/1187: ✅ 0 взято | 🗑️ 0 мусор
2026-06-13 09:06:16,358 | INFO     |   → 955/1187: ✅ 0 взято | 🗑️ 0 мусор
2026-06-13 09:06:16,359 | INFO     |   → 956/1187: ✅ 3 взято | 🗑️ 49 мусор
2026-06-13 09:06:16,359 | INFO     |   → 957/1187: ✅ 272 взято | 🗑️ 2055 мусор
2026-06-13 09:06:16,359 | INFO     |   → 958/1187: ✅ 0 взято | 🗑️ 1032 мусор
2026-06-13 09:06:16,359 | INFO     |   → 959/1187: ✅ 0 взято | 🗑️ 81 мусор
2026-06-13 09:06:16,359 | INFO     |   → 960/1187: ✅ 0 взято | 🗑️ 915 мусор
2026-06-13 09:06:16,359 | INFO     |   → 961/1187: ✅ 0 взято | 🗑️ 27 мусор
2026-06-13 09:06:16,359 | INFO     |   → 962/1187: ✅ 0 взято | 🗑️ 2055 мусор
2026-06-13 09:06:16,359 | INFO     |   → 963/1187: ✅ 0 взято | 🗑️ 0 мусор
2026-06-13 09:06:16,359 | INFO     |   → 964/1187 ❌ HTTP 404 — https://raw.githubusercontent.com/shirkerboy/scp/main/sub
2026-06-13 09:06:16,359 | INFO     |   → 965/1187 ❌ HTTP 404 — https://raw.githubusercontent.com/snakem982/proxypool/main/nodelist.txt
2026-06-13 09:06:16,359 | INFO     |   → 966/1187: ✅ 1 взято | 🗑️ 0 мусор
2026-06-13 09:06:16,359 | INFO     |   → 967/1187 ❌ HTTP 404 — https://raw.githubusercontent.com/snakem982/proxypool/main/source/v2ray.txt
2026-06-13 09:06:16,359 | INFO     |   → 968/1187 ❌ HTTP 404 — https://raw.githubusercontent.com/soroushmirzaei/telegram-configs-collector/main/channels/protocols/hysteria
2026-06-13 09:06:16,359 | INFO     |   → 969/1187 ❌ HTTP 404 — https://raw.githubusercontent.com/soroushmirzaei/telegram-configs-collector/main/channels/protocols/juicity
2026-06-13 09:06:16,359 | INFO     |   → 970/1187 ❌ HTTP 404 — https://raw.githubusercontent.com/soroushmirzaei/telegram-configs-collector/main/channels/protocols/reality
2026-06-13 09:06:16,359 | INFO     |   → 971/1187 ❌ HTTP 404 — https://raw.githubusercontent.com/soroushmirzaei/telegram-configs-collector/main/channels/protocols/shadowsocks
2026-06-13 09:06:16,359 | INFO     |   → 972/1187 ❌ HTTP 404 — https://raw.githubusercontent.com/soroushmirzaei/telegram-configs-collector/main/channels/protocols/trojan
2026-06-13 09:06:16,359 | INFO     |   → 973/1187 ❌ HTTP 404 — https://raw.githubusercontent.com/soroushmirzaei/telegram-configs-collector/main/channels/protocols/tuic
2026-06-13 09:06:16,359 | INFO     |   → 974/1187 ❌ HTTP 404 — https://raw.githubusercontent.com/soroushmirzaei/telegram-configs-collector/main/channels/protocols/vless
2026-06-13 09:06:16,359 | INFO     |   → 975/1187 ❌ HTTP 404 — https://raw.githubusercontent.com/soroushmirzaei/telegram-configs-collector/main/channels/protocols/vmess
2026-06-13 09:06:16,359 | INFO     |   → 976/1187 ❌ HTTP 404 — https://raw.githubusercontent.com/soroushmirzaei/telegram-configs-collector/main/countries/jp/mixed
2026-06-13 09:06:16,359 | INFO     |   → 977/1187 ❌ HTTP 404 — https://raw.githubusercontent.com/soroushmirzaei/telegram-configs-collector/main/protocols/hysteria
2026-06-13 09:06:16,359 | INFO     |   → 978/1187 ❌ HTTP 404 — https://raw.githubusercontent.com/soroushmirzaei/telegram-configs-collector/main/protocols/juicity
2026-06-13 09:06:16,359 | INFO     |   → 979/1187 ❌ HTTP 404 — https://raw.githubusercontent.com/soroushmirzaei/telegram-configs-collector/main/protocols/reality
2026-06-13 09:06:16,359 | INFO     |   → 980/1187 ❌ HTTP 404 — https://raw.githubusercontent.com/soroushmirzaei/telegram-configs-collector/main/protocols/shadowsocks
2026-06-13 09:06:16,359 | INFO     |   → 981/1187 ❌ HTTP 404 — https://raw.githubusercontent.com/soroushmirzaei/telegram-configs-collector/main/protocols/trojan
2026-06-13 09:06:16,359 | INFO     |   → 982/1187 ❌ HTTP 404 — https://raw.githubusercontent.com/soroushmirzaei/telegram-configs-collector/main/protocols/tuic
2026-06-13 09:06:16,359 | INFO     |   → 983/1187 ❌ HTTP 404 — https://raw.githubusercontent.com/soroushmirzaei/telegram-configs-collector/main/protocols/vless
2026-06-13 09:06:16,359 | INFO     |   → 984/1187 ❌ HTTP 404 — https://raw.githubusercontent.com/soroushmirzaei/telegram-configs-collector/main/protocols/vmess
2026-06-13 09:06:16,359 | INFO     |   → 985/1187 ❌ HTTP 404 — https://raw.githubusercontent.com/soroushmirzaei/telegram-configs-collector/main/splitted/subscribe
2026-06-13 09:06:16,359 | INFO     |   → 986/1187 ❌ HTTP 404 — https://raw.githubusercontent.com/ssrsub/ssr/master/Clash.yml
2026-06-13 09:06:16,359 | INFO     |   → 987/1187 ❌ HTTP 404 — https://raw.githubusercontent.com/ssrsub/ssr/master/V2Ray
2026-06-13 09:06:16,359 | INFO     |   → 988/1187 ❌ HTTP 404 — https://raw.githubusercontent.com/ssrsub/ssr/master/ss-sub
2026-06-13 09:06:16,359 | INFO     |   → 989/1187 ❌ HTTP 404 — https://raw.githubusercontent.com/ssrsub/ssr/master/ssrsub
2026-06-13 09:06:16,359 | INFO     |   → 990/1187 ❌ HTTP 404 — https://raw.githubusercontent.com/ssrsub/ssr/master/trojan
2026-06-13 09:06:16,359 | INFO     |   → 991/1187: ✅ 0 взято | 🗑️ 0 мусор
2026-06-13 09:06:16,359 | INFO     |   → 992/1187: ✅ 2 взято | 🗑️ 12 мусор
2026-06-13 09:06:16,359 | INFO     |   → 993/1187: ✅ 0 взято | 🗑️ 13 мусор
2026-06-13 09:06:16,359 | INFO     |   → 994/1187: ✅ 0 взято | 🗑️ 13 мусор
2026-06-13 09:06:16,359 | INFO     |   → 995/1187 ❌ HTTP 404 — https://raw.githubusercontent.com/tbbatbb/Proxy/master/dist/clash.config.yaml
2026-06-13 09:06:16,359 | INFO     |   → 996/1187: ✅ 2 взято | 🗑️ 35 мусор
2026-06-13 09:06:16,359 | INFO     |   → 997/1187: ✅ 0 взято | 🗑️ 0 мусор
2026-06-13 09:06:16,359 | INFO     |   → 998/1187: ✅ 5 взято | 🗑️ 111 мусор
2026-06-13 09:06:16,359 | INFO     |   → 999/1187: ✅ 0 взято | 🗑️ 0 мусор
2026-06-13 09:06:16,360 | INFO     |   → 1000/1187: ✅ 0 взято | 🗑️ 69 мусор
2026-06-13 09:06:16,360 | INFO     |   → 1001/1187 ❌ HTTP 404 — https://raw.githubusercontent.com/v2clash/Autoproxy/a81f840ab2364124133572ec94e4b81fb0d4e58d/sub/2401/240104.txt
2026-06-13 09:06:16,360 | INFO     |   → 1002/1187 ❌ HTTP 404 — https://raw.githubusercontent.com/v2clash/V2ray-Configs/31f493c584d0c7b56350f4a34d80c53ad82bcc18/Sub9.txt
2026-06-13 09:06:16,360 | INFO     |   → 1003/1187: ✅ 0 взято | 🗑️ 0 мусор
2026-06-13 09:06:16,360 | INFO     |   → 1004/1187: ✅ 0 взято | 🗑️ 0 мусор
2026-06-13 09:06:16,360 | INFO     |   → 1005/1187: ✅ 0 взято | 🗑️ 0 мусор
2026-06-13 09:06:16,360 | INFO     |   → 1006/1187: ✅ 283 взято | 🗑️ 9640 мусор
2026-06-13 09:06:16,360 | INFO     |   → 1007/1187: ✅ 281 взято | 🗑️ 10086 мусор
2026-06-13 09:06:16,360 | INFO     |   → 1008/1187: ✅ 280 взято | 🗑️ 9675 мусор
2026-06-13 09:06:16,360 | INFO     |   → 1009/1187: ✅ 334 взято | 🗑️ 9823 мусор
2026-06-13 09:06:16,360 | INFO     |   → 1010/1187: ✅ 350 взято | 🗑️ 9639 мусор
2026-06-13 09:06:16,360 | INFO     |   → 1011/1187: ✅ 125 взято | 🗑️ 7919 мусор
2026-06-13 09:06:16,360 | INFO     |   → 1012/1187: ✅ 135 взято | 🗑️ 4836 мусор
2026-06-13 09:06:16,360 | INFO     |   → 1013/1187: ✅ 502 взято | 🗑️ 7659 мусор
2026-06-13 09:06:16,360 | INFO     |   → 1014/1187: ✅ 631 взято | 🗑️ 8081 мусор
2026-06-13 09:06:16,360 | INFO     |   → 1015/1187: ✅ 202 взято | 🗑️ 5131 мусор
2026-06-13 09:06:16,360 | INFO     |   → 1016/1187 ❌ HTTP 404 — https://raw.githubusercontent.com/vveg26/chromego_merge/main/sub/merged_proxies.yaml
2026-06-13 09:06:16,360 | INFO     |   → 1017/1187 ❌ HTTP 404 — https://raw.githubusercontent.com/vveg26/get_proxy/main/dist/clash.config.yaml
2026-06-13 09:06:16,360 | INFO     |   → 1018/1187: ✅ 0 взято | 🗑️ 10 мусор
2026-06-13 09:06:16,360 | INFO     |   → 1019/1187: ✅ 0 взято | 🗑️ 10 мусор
2026-06-13 09:06:16,360 | INFO     |   → 1020/1187: ✅ 0 взято | 🗑️ 4 мусор
2026-06-13 09:06:16,360 | INFO     |   → 1021/1187: ✅ 0 взято | 🗑️ 0 мусор
2026-06-13 09:06:16,360 | INFO     |   → 1022/1187: ✅ 0 взято | 🗑️ 4 мусор
2026-06-13 09:06:16,361 | INFO     |   → 1023/1187: ✅ 106 взято | 🗑️ 689 мусор
2026-06-13 09:06:16,361 | INFO     |   → 1024/1187: ✅ 48 взято | 🗑️ 841 мусор
2026-06-13 09:06:16,361 | INFO     |   → 1025/1187: ✅ 21 взято | 🗑️ 789 мусор
2026-06-13 09:06:16,361 | INFO     |   → 1026/1187: ✅ 24 взято | 🗑️ 774 мусор
2026-06-13 09:06:16,361 | INFO     |   → 1027/1187: ✅ 52 взято | 🗑️ 756 мусор
2026-06-13 09:06:16,361 | INFO     |   → 1028/1187: ✅ 191 взято | 🗑️ 745 мусор
2026-06-13 09:06:16,361 | INFO     |   → 1029/1187: ✅ 9 взято | 🗑️ 651 мусор
2026-06-13 09:06:16,361 | INFO     |   → 1030/1187: ✅ 185 взято | 🗑️ 388 мусор
2026-06-13 09:06:16,361 | INFO     |   → 1031/1187: ✅ 130 взято | 🗑️ 523 мусор
2026-06-13 09:06:16,361 | INFO     |   → 1032/1187: ✅ 67 взято | 🗑️ 533 мусор
2026-06-13 09:06:16,361 | INFO     |   → 1033/1187: ✅ 98 взято | 🗑️ 444 мусор
2026-06-13 09:06:16,361 | INFO     |   → 1034/1187: ✅ 102 взято | 🗑️ 670 мусор
2026-06-13 09:06:16,361 | INFO     |   → 1035/1187: ✅ 86 взято | 🗑️ 476 мусор
2026-06-13 09:06:16,361 | INFO     |   → 1036/1187: ✅ 95 взято | 🗑️ 657 мусор
2026-06-13 09:06:16,361 | INFO     |   → 1037/1187: ✅ 105 взято | 🗑️ 645 мусор
2026-06-13 09:06:16,361 | INFO     |   → 1038/1187: ✅ 115 взято | 🗑️ 985 мусор
2026-06-13 09:06:16,361 | INFO     |   → 1039/1187: ✅ 6 взято | 🗑️ 63 мусор
2026-06-13 09:06:16,362 | INFO     |   → 1040/1187: ✅ 7 взято | 🗑️ 62 мусор
2026-06-13 09:06:16,362 | INFO     |   → 1041/1187: ✅ 39 взято | 🗑️ 489 мусор
2026-06-13 09:06:16,362 | INFO     |   → 1042/1187: ✅ 0 взято | 🗑️ 0 мусор
2026-06-13 09:06:16,362 | INFO     |   → 1043/1187: ✅ 0 взято | 🗑️ 0 мусор
2026-06-13 09:06:16,362 | INFO     |   → 1044/1187: ✅ 0 взято | 🗑️ 0 мусор
2026-06-13 09:06:16,362 | INFO     |   → 1045/1187: ✅ 0 взято | 🗑️ 0 мусор
2026-06-13 09:06:16,362 | INFO     |   → 1046/1187: ✅ 0 взято | 🗑️ 0 мусор
2026-06-13 09:06:16,362 | INFO     |   → 1047/1187: ✅ 0 взято | 🗑️ 52 мусор
2026-06-13 09:06:16,362 | INFO     |   → 1048/1187: ✅ 5 взято | 🗑️ 10 мусор
2026-06-13 09:06:16,362 | INFO     |   → 1049/1187: ✅ 1 взято | 🗑️ 124 мусор
2026-06-13 09:06:16,362 | INFO     |   → 1050/1187: ✅ 255 взято | 🗑️ 238 мусор
2026-06-13 09:06:16,362 | INFO     |   → 1051/1187: ✅ 0 взято | 🗑️ 9 мусор
2026-06-13 09:06:16,362 | INFO     |   → 1052/1187: ✅ 7 взято | 🗑️ 643 мусор
2026-06-13 09:06:16,362 | INFO     |   → 1053/1187 ❌ HTTP 404 — https://raw.githubusercontent.com/xiaozhu2007/xiaozhu2007/61a755a044dbaeea678bc2d1e20f21a21c6d7170/docs/fxxk.txt
2026-06-13 09:06:16,362 | INFO     |   → 1054/1187: ✅ 1 взято | 🗑️ 159 мусор
2026-06-13 09:06:16,362 | INFO     |   → 1055/1187: ✅ 0 взято | 🗑️ 22 мусор
2026-06-13 09:06:16,363 | INFO     |   → 1056/1187: ✅ 0 взято | 🗑️ 0 мусор
2026-06-13 09:06:16,363 | INFO     |   → 1057/1187 ❌ HTTP 404 — https://raw.githubusercontent.com/yebekhe/TVC/0f745f92bf381e505f1245abbc7c145b19b11503/config.txt
2026-06-13 09:06:16,363 | INFO     |   → 1058/1187 ❌ HTTP 404 — https://raw.githubusercontent.com/yebekhe/TVC/9fac69239c69327fb7a61f5a8d79d107133889e1/lite/config.txt
2026-06-13 09:06:16,363 | INFO     |   → 1059/1187 ❌ HTTP 404 — https://raw.githubusercontent.com/yebekhe/TelegramV2rayCollector/main/sub/normal/donated
2026-06-13 09:06:16,363 | INFO     |   → 1060/1187 ❌ HTTP 404 — https://raw.githubusercontent.com/yebekhe/TelegramV2rayCollector/main/sub/normal/hysteria2
2026-06-13 09:06:16,363 | INFO     |   → 1061/1187 ❌ HTTP 404 — https://raw.githubusercontent.com/yebekhe/TelegramV2rayCollector/main/sub/normal/mix
2026-06-13 09:06:16,363 | INFO     |   → 1062/1187 ❌ HTTP 404 — https://raw.githubusercontent.com/yebekhe/TelegramV2rayCollector/main/sub/normal/reality
2026-06-13 09:06:16,363 | INFO     |   → 1063/1187 ❌ HTTP 404 — https://raw.githubusercontent.com/yebekhe/TelegramV2rayCollector/main/sub/normal/shadowsocks
2026-06-13 09:06:16,363 | INFO     |   → 1064/1187 ❌ HTTP 404 — https://raw.githubusercontent.com/yebekhe/TelegramV2rayCollector/main/sub/normal/trojan
2026-06-13 09:06:16,363 | INFO     |   → 1065/1187 ❌ HTTP 404 — https://raw.githubusercontent.com/yebekhe/TelegramV2rayCollector/main/sub/normal/tuic
2026-06-13 09:06:16,363 | INFO     |   → 1066/1187 ❌ HTTP 404 — https://raw.githubusercontent.com/yebekhe/TelegramV2rayCollector/main/sub/normal/vless
2026-06-13 09:06:16,363 | INFO     |   → 1067/1187 ❌ HTTP 404 — https://raw.githubusercontent.com/yebekhe/TelegramV2rayCollector/main/sub/normal/vmess
2026-06-13 09:06:16,363 | INFO     |   → 1068/1187 ❌ HTTP 404 — https://raw.githubusercontent.com/yebekhe/V2Hub/main/Split/Normal/shadowsocks
2026-06-13 09:06:16,363 | INFO     |   → 1069/1187 ❌ HTTP 404 — https://raw.githubusercontent.com/yebekhe/V2Hub/main/merged
2026-06-13 09:06:16,363 | INFO     |   → 1070/1187: ✅ 0 взято | 🗑️ 30 мусор
2026-06-13 09:06:16,363 | INFO     |   → 1071/1187: ✅ 1117 взято | 🗑️ 9610 мусор
2026-06-13 09:06:16,364 | INFO     |   → 1072/1187: ✅ 6 взято | 🗑️ 371 мусор
2026-06-13 09:06:16,364 | INFO     |   → 1073/1187: ✅ 19 взято | 🗑️ 381 мусор
2026-06-13 09:06:16,364 | INFO     |   → 1074/1187: ✅ 218 взято | 🗑️ 407 мусор
2026-06-13 09:06:16,364 | INFO     |   → 1075/1187: ✅ 120 взято | 🗑️ 1793 мусор
2026-06-13 09:06:16,364 | INFO     |   → 1076/1187: ✅ 4 взято | 🗑️ 591 мусор
2026-06-13 09:06:16,364 | INFO     |   → 1077/1187 ❌ HTTP 404 — https://raw.githubusercontent.com/yyyr-otz/tele-providers-collector/019cb3e07ee52fddbc7caa54fc670c6b9bae6539/sub/proxies.txt
2026-06-13 09:06:16,364 | INFO     |   → 1078/1187 ❌ HTTP 404 — https://raw.githubusercontent.com/yyyr-otz/tele-providers-collector/b7a74ee98bcf02c5a507d688a1bed3aa9f7f4ed1/script/raw/protocols/mixed.txt
2026-06-13 09:06:16,364 | INFO     |   → 1079/1187: ✅ 0 взято | 🗑️ 0 мусор
2026-06-13 09:06:16,364 | INFO     |   → 1080/1187: ✅ 0 взято | 🗑️ 0 мусор
2026-06-13 09:06:16,364 | INFO     |   → 1081/1187: ✅ 1 взято | 🗑️ 18 мусор
2026-06-13 09:06:16,364 | INFO     |   → 1082/1187: ✅ 31 взято | 🗑️ 995 мусор
2026-06-13 09:06:16,364 | INFO     |   → 1083/1187: ✅ 0 взято | 🗑️ 5 мусор
2026-06-13 09:06:16,364 | INFO     |   → 1084/1187: ✅ 0 взято | 🗑️ 0 мусор
2026-06-13 09:06:16,364 | INFO     |   → 1085/1187 ⚠️ Ошибка: ('Connection aborted.', RemoteDisconnected('Remote end closed connection without response')) — https://sub.pmsub.me/clash.yaml
2026-06-13 09:06:16,364 | INFO     |   → 1086/1187: ✅ 0 взято | 🗑️ 1 мусор
2026-06-13 09:06:16,364 | INFO     |   → 1087/1187: ✅ 8 взято | 🗑️ 21 мусор
2026-06-13 09:06:16,365 | INFO     |   → 1088/1187: ✅ 0 взято | 🗑️ 0 мусор
2026-06-13 09:06:16,365 | INFO     |   → 1089/1187: ✅ 9 взято | 🗑️ 19 мусор
2026-06-13 09:06:16,365 | INFO     |   → 1090/1187: ✅ 0 взято | 🗑️ 0 мусор
2026-06-13 09:06:16,365 | INFO     |   → 1091/1187: ✅ 2 взято | 🗑️ 14 мусор
2026-06-13 09:06:16,365 | INFO     |   → 1092/1187: ✅ 4 взято | 🗑️ 22 мусор
2026-06-13 09:06:16,365 | INFO     |   → 1093/1187: ✅ 0 взято | 🗑️ 0 мусор
2026-06-13 09:06:16,365 | INFO     |   → 1094/1187: ✅ 0 взято | 🗑️ 0 мусор
2026-06-13 09:06:16,365 | INFO     |   → 1095/1187: ✅ 0 взято | 🗑️ 0 мусор
2026-06-13 09:06:16,365 | INFO     |   → 1096/1187: ✅ 2 взято | 🗑️ 16 мусор
2026-06-13 09:06:16,365 | INFO     |   → 1097/1187: ✅ 0 взято | 🗑️ 0 мусор
2026-06-13 09:06:16,365 | INFO     |   → 1098/1187: ✅ 4 взято | 🗑️ 7 мусор
2026-06-13 09:06:16,365 | INFO     |   → 1099/1187: ✅ 0 взято | 🗑️ 0 мусор
2026-06-13 09:06:16,365 | INFO     |   → 1100/1187: ✅ 6 взято | 🗑️ 14 мусор
2026-06-13 09:06:16,365 | INFO     |   → 1101/1187: ✅ 0 взято | 🗑️ 0 мусор
2026-06-13 09:06:16,365 | INFO     |   → 1102/1187: ✅ 2 взято | 🗑️ 13 мусор
2026-06-13 09:06:16,365 | INFO     |   → 1103/1187: ✅ 0 взято | 🗑️ 0 мусор
2026-06-13 09:06:16,366 | INFO     |   → 1104/1187: ✅ 0 взято | 🗑️ 0 мусор
2026-06-13 09:06:16,366 | INFO     |   → 1105/1187: ✅ 2 взято | 🗑️ 7 мусор
2026-06-13 09:06:16,366 | INFO     |   → 1106/1187: ✅ 1 взято | 🗑️ 14 мусор
2026-06-13 09:06:16,366 | INFO     |   → 1107/1187: ✅ 2 взято | 🗑️ 14 мусор
2026-06-13 09:06:16,366 | INFO     |   → 1108/1187: ✅ 0 взято | 🗑️ 0 мусор
2026-06-13 09:06:16,366 | INFO     |   → 1109/1187: ✅ 3 взято | 🗑️ 22 мусор
2026-06-13 09:06:16,366 | INFO     |   → 1110/1187: ✅ 0 взято | 🗑️ 0 мусор
2026-06-13 09:06:16,366 | INFO     |   → 1111/1187: ✅ 2 взято | 🗑️ 15 мусор
2026-06-13 09:06:16,366 | INFO     |   → 1112/1187: ✅ 3 взято | 🗑️ 12 мусор
2026-06-13 09:06:16,366 | INFO     |   → 1113/1187: ✅ 0 взято | 🗑️ 0 мусор
2026-06-13 09:06:16,366 | INFO     |   → 1114/1187: ✅ 0 взято | 🗑️ 0 мусор
2026-06-13 09:06:16,366 | INFO     |   → 1115/1187: ✅ 0 взято | 🗑️ 0 мусор
2026-06-13 09:06:16,366 | INFO     |   → 1116/1187: ✅ 4 взято | 🗑️ 11 мусор
2026-06-13 09:06:16,366 | INFO     |   → 1117/1187: ✅ 10 взято | 🗑️ 15 мусор
2026-06-13 09:06:16,366 | INFO     |   → 1118/1187 ⚠️ Ошибка: HTTPSConnectionPool(host='nodebuf.com', port=443): Read timed out. — https://v2rayse.com/fs/public/20260518/free-node-share-1e539728.yaml
2026-06-13 09:06:16,366 | INFO     |   → 1119/1187: ✅ 13 взято | 🗑️ 15 мусор
2026-06-13 09:06:16,366 | INFO     |   → 1120/1187: ✅ 0 взято | 🗑️ 0 мусор
2026-06-13 09:06:16,366 | INFO     |   → 1121/1187: ✅ 5 взято | 🗑️ 15 мусор
2026-06-13 09:06:16,366 | INFO     |   → 1122/1187: ✅ 0 взято | 🗑️ 0 мусор
2026-06-13 09:06:16,367 | INFO     |   → 1123/1187: ✅ 8 взято | 🗑️ 16 мусор
2026-06-13 09:06:16,367 | INFO     |   → 1124/1187: ✅ 0 взято | 🗑️ 0 мусор
2026-06-13 09:06:16,367 | INFO     |   → 1125/1187: ✅ 0 взято | 🗑️ 24 мусор
2026-06-13 09:06:16,367 | INFO     |   → 1126/1187: ✅ 0 взято | 🗑️ 0 мусор
2026-06-13 09:06:16,367 | INFO     |   → 1127/1187: ✅ 4 взято | 🗑️ 17 мусор
2026-06-13 09:06:16,367 | INFO     |   → 1128/1187: ✅ 0 взято | 🗑️ 0 мусор
2026-06-13 09:06:16,367 | INFO     |   → 1129/1187: ✅ 12 взято | 🗑️ 18 мусор
2026-06-13 09:06:16,367 | INFO     |   → 1130/1187: ✅ 0 взято | 🗑️ 0 мусор
2026-06-13 09:06:16,367 | INFO     |   → 1131/1187: ✅ 2 взято | 🗑️ 17 мусор
2026-06-13 09:06:16,367 | INFO     |   → 1132/1187: ✅ 0 взято | 🗑️ 0 мусор
2026-06-13 09:06:16,367 | INFO     |   → 1133/1187: ✅ 1 взято | 🗑️ 27 мусор
2026-06-13 09:06:16,367 | INFO     |   → 1134/1187: ✅ 0 взято | 🗑️ 0 мусор
2026-06-13 09:06:16,367 | INFO     |   → 1135/1187: ✅ 4 взято | 🗑️ 15 мусор
2026-06-13 09:06:16,367 | INFO     |   → 1136/1187: ✅ 0 взято | 🗑️ 0 мусор
2026-06-13 09:06:16,367 | INFO     |   → 1137/1187: ✅ 4 взято | 🗑️ 26 мусор
2026-06-13 09:06:16,367 | INFO     |   → 1138/1187: ✅ 0 взято | 🗑️ 0 мусор
2026-06-13 09:06:16,367 | INFO     |   → 1139/1187: ✅ 3 взято | 🗑️ 21 мусор
2026-06-13 09:06:16,367 | INFO     |   → 1140/1187: ✅ 0 взято | 🗑️ 0 мусор
2026-06-13 09:06:16,367 | INFO     |   → 1141/1187: ✅ 8 взято | 🗑️ 12 мусор
2026-06-13 09:06:16,367 | INFO     |   → 1142/1187: ✅ 0 взято | 🗑️ 0 мусор
2026-06-13 09:06:16,367 | INFO     |   → 1143/1187: ✅ 8 взято | 🗑️ 15 мусор
2026-06-13 09:06:16,367 | INFO     |   → 1144/1187: ✅ 0 взято | 🗑️ 0 мусор
2026-06-13 09:06:16,367 | INFO     |   → 1145/1187: ✅ 10 взято | 🗑️ 14 мусор
2026-06-13 09:06:16,368 | INFO     |   → 1146/1187: ✅ 0 взято | 🗑️ 0 мусор
2026-06-13 09:06:16,368 | INFO     |   → 1147/1187: ✅ 5 взято | 🗑️ 18 мусор
2026-06-13 09:06:16,368 | INFO     |   → 1148/1187: ✅ 0 взято | 🗑️ 0 мусор
2026-06-13 09:06:16,368 | INFO     |   → 1149/1187: ✅ 5 взято | 🗑️ 22 мусор
2026-06-13 09:06:16,368 | INFO     |   → 1150/1187: ✅ 0 взято | 🗑️ 0 мусор
2026-06-13 09:06:16,368 | INFO     |   → 1151/1187: ✅ 5 взято | 🗑️ 18 мусор
2026-06-13 09:06:16,368 | INFO     |   → 1152/1187: ✅ 0 взято | 🗑️ 0 мусор
2026-06-13 09:06:16,368 | INFO     |   → 1153/1187: ✅ 1 взято | 🗑️ 23 мусор
2026-06-13 09:06:16,368 | INFO     |   → 1154/1187: ✅ 0 взято | 🗑️ 0 мусор
2026-06-13 09:06:16,368 | INFO     |   → 1155/1187: ✅ 5 взято | 🗑️ 18 мусор
2026-06-13 09:06:16,368 | INFO     |   → 1156/1187: ✅ 0 взято | 🗑️ 0 мусор
2026-06-13 09:06:16,368 | INFO     |   → 1157/1187: ✅ 17 взято | 🗑️ 7 мусор
2026-06-13 09:06:16,368 | INFO     |   → 1158/1187: ✅ 0 взято | 🗑️ 0 мусор
2026-06-13 09:06:16,368 | INFO     |   → 1159/1187: ✅ 3 взято | 🗑️ 17 мусор
2026-06-13 09:06:16,368 | INFO     |   → 1160/1187: ✅ 0 взято | 🗑️ 0 мусор
2026-06-13 09:06:16,368 | INFO     |   → 1161/1187: ✅ 7 взято | 🗑️ 14 мусор
2026-06-13 09:06:16,369 | INFO     |   → 1162/1187: ✅ 0 взято | 🗑️ 0 мусор
2026-06-13 09:06:16,369 | INFO     |   → 1163/1187: ✅ 7 взято | 🗑️ 14 мусор
2026-06-13 09:06:16,369 | INFO     |   → 1164/1187: ✅ 0 взято | 🗑️ 0 мусор
2026-06-13 09:06:16,369 | INFO     |   → 1165/1187: ✅ 8 взято | 🗑️ 11 мусор
2026-06-13 09:06:16,369 | INFO     |   → 1166/1187: ✅ 0 взято | 🗑️ 0 мусор
2026-06-13 09:06:16,369 | INFO     |   → 1167/1187: ✅ 0 взято | 🗑️ 22 мусор
2026-06-13 09:06:16,369 | INFO     |   → 1168/1187: ✅ 0 взято | 🗑️ 0 мусор
2026-06-13 09:06:16,369 | INFO     |   → 1169/1187: ✅ 3 взято | 🗑️ 12 мусор
2026-06-13 09:06:16,369 | INFO     |   → 1170/1187: ✅ 0 взято | 🗑️ 0 мусор
2026-06-13 09:06:16,369 | INFO     |   → 1171/1187: ✅ 0 взято | 🗑️ 7 мусор
2026-06-13 09:06:16,369 | INFO     |   → 1172/1187: ✅ 0 взято | 🗑️ 0 мусор
2026-06-13 09:06:16,369 | INFO     |   → 1173/1187: ✅ 2 взято | 🗑️ 8 мусор
2026-06-13 09:06:16,369 | INFO     |   → 1174/1187: ✅ 0 взято | 🗑️ 0 мусор
2026-06-13 09:06:16,369 | INFO     |   → 1175/1187: ✅ 5 взято | 🗑️ 12 мусор
2026-06-13 09:06:16,369 | INFO     |   → 1176/1187: ✅ 0 взято | 🗑️ 0 мусор
2026-06-13 09:06:16,369 | INFO     |   → 1177/1187 ⚠️ Ошибка: HTTPSConnectionPool(host='v2rayse.com', port=443): Read timed out. (read timeout=15) — https://v2rayse.com/fs/public/20260602/free-node-share-a4522b8d.txt
2026-06-13 09:06:16,369 | INFO     |   → 1178/1187: ✅ 0 взято | 🗑️ 0 мусор
2026-06-13 09:06:16,370 | INFO     |   → 1179/1187: ✅ 9 взято | 🗑️ 12 мусор
2026-06-13 09:06:16,370 | INFO     |   → 1180/1187: ✅ 0 взято | 🗑️ 0 мусор
2026-06-13 09:06:16,370 | INFO     |   → 1181/1187: ✅ 0 взято | 🗑️ 10 мусор
2026-06-13 09:06:16,370 | INFO     |   → 1182/1187: ✅ 0 взято | 🗑️ 0 мусор
2026-06-13 09:06:16,370 | INFO     |   → 1183/1187: ✅ 6 взято | 🗑️ 14 мусор
2026-06-13 09:06:16,370 | INFO     |   → 1184/1187: ✅ 0 взято | 🗑️ 0 мусор
2026-06-13 09:06:16,370 | INFO     |   → 1185/1187: ✅ 0 взято | 🗑️ 19 мусор
2026-06-13 09:06:16,370 | INFO     |   → 1186/1187: ✅ 0 взято | 🗑️ 0 мусор
2026-06-13 09:06:16,370 | INFO     |   → 1187/1187: ✅ 0 взято | 🗑️ 1 мусор
2026-06-13 09:06:16,370 | INFO     |   → ✅ ГОТОВО!
2026-06-13 09:06:16,370 | INFO     |   →    📥 Всего ключей после фильтра: 42474
2026-06-13 09:06:16,370 | INFO     |   →    🔗 Уникальных IP:PORT:SCHEME: 12811
2026-06-13 09:06:16,370 | INFO     |   →    🗑️ Выброшено мусора: 694097
2026-06-13 09:06:16,370 | INFO     |   → 📊 По протоколам:
2026-06-13 09:06:16,370 | INFO     |   →    vless: 5371
2026-06-13 09:06:16,370 | INFO     |   →    vmess: 3752
2026-06-13 09:06:16,370 | INFO     |   →    trojan: 1531
2026-06-13 09:06:16,370 | INFO     |   →    ss: 1997
2026-06-13 09:06:16,370 | INFO     |   →    hysteria: 13
2026-06-13 09:06:16,370 | INFO     |   →    hysteria2: 28
2026-06-13 09:06:16,370 | INFO     |   →    hy2: 66
2026-06-13 09:06:16,370 | INFO     |   →    tuic: 53
2026-06-13 09:06:16,370 | INFO     | ✅ mirror.py завершён успешно
2026-06-13 09:06:16,370 | INFO     | 
2026-06-13 09:06:16,370 | INFO     | 
2026-06-13 09:06:16,370 | INFO     | ──────────────────────────────────────────────────────────────────────
2026-06-13 09:06:16,370 | INFO     | 📌 ЭТАП: Фильтрация по реальному SNI
2026-06-13 09:06:16,370 | INFO     | ──────────────────────────────────────────────────────────────────────
2026-06-13 09:06:16,370 | INFO     | 🚀 Запуск filter_ru_sni.py (Фильтр по реальному SNI (CDN+RU))...
2026-06-13 09:06:16,676 | INFO     |   → hy2.txt: 66 → 20 (SNI-filtered)
2026-06-13 09:06:16,676 | INFO     |   →   hysteria.txt: 13 → 0 (SNI-filtered)
2026-06-13 09:06:16,676 | INFO     |   →   hysteria2.txt: 28 → 6 (SNI-filtered)
2026-06-13 09:06:16,676 | INFO     |   →   ss.txt: 1997 → 1 (SNI-filtered)
2026-06-13 09:06:16,676 | INFO     |   →   trojan.txt: 1531 → 9 (SNI-filtered)
2026-06-13 09:06:16,677 | INFO     |   →   tuic.txt: 53 → 0 (SNI-filtered)
2026-06-13 09:06:16,677 | INFO     |   →   vless.txt: 5371 → 854 (SNI-filtered)
2026-06-13 09:06:16,677 | INFO     |   →   vmess.txt: 3752 → 42 (SNI-filtered)
2026-06-13 09:06:16,677 | INFO     |   → ==================================================
2026-06-13 09:06:16,677 | INFO     |   →   Всего входных:  12811
2026-06-13 09:06:16,677 | INFO     |   →   Прошли фильтр:  932
2026-06-13 09:06:16,677 | INFO     |   →   Отброшено:      11879
2026-06-13 09:06:16,677 | INFO     |   → ==================================================
2026-06-13 09:06:16,677 | INFO     |   → Готово → /home/runner/work/vpn-vless-configs-russia/vpn-vless-configs-russia/githubmirror/ru-sni
2026-06-13 09:06:16,677 | INFO     | ✅ filter_ru_sni.py завершён успешно
2026-06-13 09:06:16,677 | INFO     | 
2026-06-13 09:06:16,677 | INFO     | 
2026-06-13 09:06:16,677 | INFO     | ──────────────────────────────────────────────────────────────────────
2026-06-13 09:06:16,677 | INFO     | 📌 ЭТАП: Экспериментальный RU-SNI фильтр
2026-06-13 09:06:16,677 | INFO     | ──────────────────────────────────────────────────────────────────────
2026-06-13 09:06:16,677 | INFO     | 🚀 Запуск filter_ru_sni_local.py (Экспериментальный фильтр по RU-SNI (локальные домены))...
2026-06-13 09:06:16,885 | INFO     |   → hy2.txt: 66 → 0 (RU-SNI)
2026-06-13 09:06:16,885 | INFO     |   → hysteria.txt: 13 → 0 (RU-SNI)
2026-06-13 09:06:16,886 | INFO     |   → hysteria2.txt: 28 → 0 (RU-SNI)
2026-06-13 09:06:16,886 | INFO     |   → ss.txt: 1997 → 0 (RU-SNI)
2026-06-13 09:06:16,886 | INFO     |   → trojan.txt: 1531 → 0 (RU-SNI)
2026-06-13 09:06:16,886 | INFO     |   → tuic.txt: 53 → 0 (RU-SNI)
2026-06-13 09:06:16,886 | INFO     |   → vless.txt: 5371 → 190 (RU-SNI)
2026-06-13 09:06:16,886 | INFO     |   → vmess.txt: 3752 → 0 (RU-SNI)
2026-06-13 09:06:16,886 | INFO     |   → ==================================================
2026-06-13 09:06:16,886 | INFO     |   → Всего входных:  12811
2026-06-13 09:06:16,886 | INFO     |   → Прошли RU-SNI:  190
2026-06-13 09:06:16,886 | INFO     |   → Отброшено:      12621
2026-06-13 09:06:16,886 | INFO     |   → ==================================================
2026-06-13 09:06:16,886 | INFO     |   → Готово → /home/runner/work/vpn-vless-configs-russia/vpn-vless-configs-russia/githubmirror/ru-sni-local
2026-06-13 09:06:16,886 | INFO     | ✅ filter_ru_sni_local.py завершён успешно
2026-06-13 09:06:16,886 | INFO     | 
2026-06-13 09:06:16,886 | INFO     | 
2026-06-13 09:06:16,886 | INFO     | ──────────────────────────────────────────────────────────────────────
2026-06-13 09:06:16,886 | INFO     | 📌 ЭТАП: Сбор статистики
2026-06-13 09:06:16,886 | INFO     | ──────────────────────────────────────────────────────────────────────
2026-06-13 09:06:16,886 | INFO     | 📊 Сбор статистики...
2026-06-13 09:06:16,887 | INFO     |   📁 githubmirror/clean:
2026-06-13 09:06:16,887 | INFO     |     • hy2         :    66 конфигов
2026-06-13 09:06:16,887 | INFO     |     • hysteria    :    13 конфигов
2026-06-13 09:06:16,887 | INFO     |     • hysteria2   :    28 конфигов
2026-06-13 09:06:16,888 | INFO     |     • ss          :  1997 конфигов
2026-06-13 09:06:16,890 | INFO     |     • trojan      :  1531 конфигов
2026-06-13 09:06:16,890 | INFO     |     • tuic        :    53 конфигов
2026-06-13 09:06:16,895 | INFO     |     • vless       :  5371 конфигов
2026-06-13 09:06:16,898 | INFO     |     • vmess       :  3752 конфигов
2026-06-13 09:06:16,898 | INFO     |   📁 githubmirror/ru-sni:
2026-06-13 09:06:16,898 | INFO     |     • hy2         :    20 конфигов ( 30.3% от clean)
2026-06-13 09:06:16,898 | INFO     |     • hysteria    :     0 конфигов (  0.0% от clean)
2026-06-13 09:06:16,899 | INFO     |     • hysteria2   :     6 конфигов ( 21.4% от clean)
2026-06-13 09:06:16,899 | INFO     |     • ss          :     1 конфигов (  0.1% от clean)
2026-06-13 09:06:16,899 | INFO     |     • trojan      :     9 конфигов (  0.6% от clean)
2026-06-13 09:06:16,899 | INFO     |     • tuic        :     0 конфигов (  0.0% от clean)
2026-06-13 09:06:16,900 | INFO     |     • vless       :   854 конфигов ( 15.9% от clean)
2026-06-13 09:06:16,900 | INFO     |     • vmess       :    42 конфигов (  1.1% от clean)
2026-06-13 09:06:16,900 | INFO     | 
2026-06-13 09:06:16,900 | INFO     |   ──────────────────────────────────────────────────
2026-06-13 09:06:16,900 | INFO     |   📈 ИТОГО:
2026-06-13 09:06:16,900 | INFO     |     Clean (после geo-фильтра):    12811
2026-06-13 09:06:16,900 | INFO     |     RU-SNI (после SNI-фильтра):     932
2026-06-13 09:06:16,900 | INFO     |     Прошло фильтр:                  7.3%
2026-06-13 09:06:16,900 | INFO     |   ──────────────────────────────────────────────────
2026-06-13 09:06:16,901 | INFO     | ✅ Статистика сохранена: /home/runner/work/vpn-vless-configs-russia/vpn-vless-configs-russia/stats.json
2026-06-13 09:06:16,901 | INFO     | 
2026-06-13 09:06:16,901 | INFO     | ======================================================================
2026-06-13 09:06:16,901 | INFO     | 📊 ИТОГОВЫЙ ОТЧЁТ
2026-06-13 09:06:16,901 | INFO     | ======================================================================
2026-06-13 09:06:16,901 | INFO     |   ✅ OK         | Загрузка и geo-фильтрация
2026-06-13 09:06:16,901 | INFO     |   ✅ OK         | Фильтрация по реальному SNI
2026-06-13 09:06:16,901 | INFO     |   ✅ OK         | Экспериментальный RU-SNI фильтр
2026-06-13 09:06:16,901 | INFO     |   ✅ OK         | Сбор статистики
2026-06-13 09:06:16,901 | INFO     | ──────────────────────────────────────────────────────────────────────
2026-06-13 09:06:16,901 | INFO     | ✅ ВСЕ ЭТАПЫ УСПЕШНЫ (4/4)
2026-06-13 09:06:16,901 | INFO     | ⏰ Время завершения: 2026-06-13 09:06:16
2026-06-13 09:06:16,901 | INFO     | ======================================================================
