2026-06-26 19:38:43,449 | INFO     | ======================================================================
2026-06-26 19:38:43,449 | INFO     | 🔍 VPN KEY CHECKER - Начало проверки
2026-06-26 19:38:43,449 | INFO     | ⏰ Время старта: 2026-06-26 19:38:43
2026-06-26 19:38:43,449 | INFO     | 📂 Рабочая директория: /home/runner/work/vpn-vless-configs-russia/vpn-vless-configs-russia
2026-06-26 19:38:43,449 | INFO     | ======================================================================
2026-06-26 19:38:43,449 | INFO     | 
2026-06-26 19:38:43,449 | INFO     | 🔍 Проверка наличия скриптов...
2026-06-26 19:38:43,449 | INFO     |   ✅ mirror.py
2026-06-26 19:38:43,449 | INFO     |   ✅ filter_ru_sni.py
2026-06-26 19:38:43,449 | INFO     |   ✅ filter_ru_sni_local.py
2026-06-26 19:38:43,449 | INFO     | 
2026-06-26 19:38:43,449 | INFO     | 
2026-06-26 19:38:43,449 | INFO     | ──────────────────────────────────────────────────────────────────────
2026-06-26 19:38:43,449 | INFO     | 📌 ЭТАП: Загрузка и geo-фильтрация
2026-06-26 19:38:43,449 | INFO     | ──────────────────────────────────────────────────────────────────────
2026-06-26 19:38:43,449 | INFO     | 🚀 Запуск mirror.py (Загрузка и фильтрация по РФ/СНГ/Европа)...
2026-06-26 19:45:19,269 | INFO     |   → 🚀 Старт: всего источников (старые + новые): 1297
2026-06-26 19:45:19,269 | INFO     |   → 1/1297: ✅ 4 взято | 🗑️ 147 мусор
2026-06-26 19:45:19,270 | INFO     |   → 2/1297: ✅ 0 взято | 🗑️ 0 мусор
2026-06-26 19:45:19,270 | INFO     |   → 3/1297 ❌ HTTP 404 — https://bitbucket.org/huwo1/proxy_nodes/raw/f31ca9ec67b84071515729ff45b011b6b09c10f2/clash.yaml
2026-06-26 19:45:19,270 | INFO     |   → 4/1297 ❌ HTTP 404 — https://cdn.jsdelivr.net/gh/cry0ice/genode@main/public/all.txt
2026-06-26 19:45:19,270 | INFO     |   → 5/1297 ❌ HTTP 404 — https://cdn.jsdelivr.net/gh/cry0ice/genode@main/public/ss.txt
2026-06-26 19:45:19,270 | INFO     |   → 6/1297 ❌ HTTP 404 — https://cdn.jsdelivr.net/gh/cry0ice/genode@main/public/ssr.txt
2026-06-26 19:45:19,270 | INFO     |   → 7/1297 ❌ HTTP 404 — https://cdn.jsdelivr.net/gh/cry0ice/genode@main/public/trojan.txt
2026-06-26 19:45:19,270 | INFO     |   → 8/1297 ❌ HTTP 404 — https://cdn.jsdelivr.net/gh/cry0ice/genode@main/public/vless.txt
2026-06-26 19:45:19,270 | INFO     |   → 9/1297 ❌ HTTP 404 — https://cdn.jsdelivr.net/gh/cry0ice/genode@main/public/vmess.txt
2026-06-26 19:45:19,270 | INFO     |   → 10/1297: ✅ 0 взято | 🗑️ 0 мусор
2026-06-26 19:45:19,270 | INFO     |   → 11/1297: ✅ 0 взято | 🗑️ 0 мусор
2026-06-26 19:45:19,270 | INFO     |   → 12/1297: ✅ 0 взято | 🗑️ 0 мусор
2026-06-26 19:45:19,270 | INFO     |   → 13/1297: ✅ 0 взято | 🗑️ 0 мусор
2026-06-26 19:45:19,270 | INFO     |   → 14/1297: ✅ 0 взято | 🗑️ 0 мусор
2026-06-26 19:45:19,270 | INFO     |   → 15/1297: ✅ 0 взято | 🗑️ 0 мусор
2026-06-26 19:45:19,270 | INFO     |   → 16/1297: ✅ 0 взято | 🗑️ 0 мусор
2026-06-26 19:45:19,270 | INFO     |   → 17/1297: ✅ 0 взято | 🗑️ 0 мусор
2026-06-26 19:45:19,270 | INFO     |   → 18/1297: ✅ 0 взято | 🗑️ 0 мусор
2026-06-26 19:45:19,270 | INFO     |   → 19/1297: ✅ 0 взято | 🗑️ 0 мусор
2026-06-26 19:45:19,270 | INFO     |   → 20/1297: ✅ 0 взято | 🗑️ 0 мусор
2026-06-26 19:45:19,270 | INFO     |   → 21/1297: ✅ 0 взято | 🗑️ 0 мусор
2026-06-26 19:45:19,270 | INFO     |   → 22/1297: ✅ 0 взято | 🗑️ 0 мусор
2026-06-26 19:45:19,270 | INFO     |   → 23/1297: ✅ 0 взято | 🗑️ 0 мусор
2026-06-26 19:45:19,270 | INFO     |   → 24/1297: ✅ 0 взято | 🗑️ 0 мусор
2026-06-26 19:45:19,270 | INFO     |   → 25/1297: ✅ 0 взято | 🗑️ 0 мусор
2026-06-26 19:45:19,270 | INFO     |   → 26/1297: ✅ 0 взято | 🗑️ 0 мусор
2026-06-26 19:45:19,270 | INFO     |   → 27/1297: ✅ 0 взято | 🗑️ 0 мусор
2026-06-26 19:45:19,270 | INFO     |   → 28/1297: ✅ 0 взято | 🗑️ 0 мусор
2026-06-26 19:45:19,270 | INFO     |   → 29/1297: ✅ 0 взято | 🗑️ 0 мусор
2026-06-26 19:45:19,270 | INFO     |   → 30/1297: ✅ 0 взято | 🗑️ 0 мусор
2026-06-26 19:45:19,270 | INFO     |   → 31/1297: ✅ 0 взято | 🗑️ 0 мусор
2026-06-26 19:45:19,270 | INFO     |   → 32/1297: ✅ 0 взято | 🗑️ 0 мусор
2026-06-26 19:45:19,270 | INFO     |   → 33/1297: ✅ 0 взято | 🗑️ 0 мусор
2026-06-26 19:45:19,270 | INFO     |   → 34/1297: ✅ 0 взято | 🗑️ 0 мусор
2026-06-26 19:45:19,270 | INFO     |   → 35/1297: ✅ 0 взято | 🗑️ 0 мусор
2026-06-26 19:45:19,271 | INFO     |   → 36/1297: ✅ 0 взято | 🗑️ 0 мусор
2026-06-26 19:45:19,271 | INFO     |   → 37/1297: ✅ 0 взято | 🗑️ 0 мусор
2026-06-26 19:45:19,271 | INFO     |   → 38/1297: ✅ 0 взято | 🗑️ 0 мусор
2026-06-26 19:45:19,271 | INFO     |   → 39/1297: ✅ 0 взято | 🗑️ 0 мусор
2026-06-26 19:45:19,271 | INFO     |   → 40/1297: ✅ 0 взято | 🗑️ 0 мусор
2026-06-26 19:45:19,271 | INFO     |   → 41/1297: ✅ 0 взято | 🗑️ 0 мусор
2026-06-26 19:45:19,271 | INFO     |   → 42/1297: ✅ 0 взято | 🗑️ 0 мусор
2026-06-26 19:45:19,271 | INFO     |   → 43/1297: ✅ 0 взято | 🗑️ 0 мусор
2026-06-26 19:45:19,271 | INFO     |   → 44/1297: ✅ 0 взято | 🗑️ 0 мусор
2026-06-26 19:45:19,271 | INFO     |   → 45/1297: ✅ 0 взято | 🗑️ 0 мусор
2026-06-26 19:45:19,271 | INFO     |   → 46/1297: ✅ 0 взято | 🗑️ 0 мусор
2026-06-26 19:45:19,271 | INFO     |   → 47/1297: ✅ 0 взято | 🗑️ 0 мусор
2026-06-26 19:45:19,271 | INFO     |   → 48/1297: ✅ 0 взято | 🗑️ 0 мусор
2026-06-26 19:45:19,271 | INFO     |   → 49/1297: ✅ 0 взято | 🗑️ 0 мусор
2026-06-26 19:45:19,271 | INFO     |   → 50/1297: ✅ 0 взято | 🗑️ 0 мусор
2026-06-26 19:45:19,271 | INFO     |   → 51/1297: ✅ 0 взято | 🗑️ 0 мусор
2026-06-26 19:45:19,271 | INFO     |   → 52/1297: ✅ 0 взято | 🗑️ 0 мусор
2026-06-26 19:45:19,271 | INFO     |   → 53/1297: ✅ 0 взято | 🗑️ 0 мусор
2026-06-26 19:45:19,271 | INFO     |   → 54/1297: ✅ 0 взято | 🗑️ 0 мусор
2026-06-26 19:45:19,271 | INFO     |   → 55/1297: ✅ 0 взято | 🗑️ 0 мусор
2026-06-26 19:45:19,271 | INFO     |   → 56/1297: ✅ 0 взято | 🗑️ 0 мусор
2026-06-26 19:45:19,271 | INFO     |   → 57/1297: ✅ 0 взято | 🗑️ 0 мусор
2026-06-26 19:45:19,271 | INFO     |   → 58/1297: ✅ 0 взято | 🗑️ 0 мусор
2026-06-26 19:45:19,271 | INFO     |   → 59/1297: ✅ 0 взято | 🗑️ 0 мусор
2026-06-26 19:45:19,271 | INFO     |   → 60/1297: ✅ 0 взято | 🗑️ 0 мусор
2026-06-26 19:45:19,271 | INFO     |   → 61/1297: ✅ 0 взято | 🗑️ 0 мусор
2026-06-26 19:45:19,271 | INFO     |   → 62/1297: ✅ 0 взято | 🗑️ 0 мусор
2026-06-26 19:45:19,271 | INFO     |   → 63/1297: ✅ 0 взято | 🗑️ 0 мусор
2026-06-26 19:45:19,271 | INFO     |   → 64/1297: ✅ 0 взято | 🗑️ 0 мусор
2026-06-26 19:45:19,271 | INFO     |   → 65/1297: ✅ 0 взято | 🗑️ 0 мусор
2026-06-26 19:45:19,271 | INFO     |   → 66/1297: ✅ 0 взято | 🗑️ 0 мусор
2026-06-26 19:45:19,271 | INFO     |   → 67/1297: ✅ 0 взято | 🗑️ 0 мусор
2026-06-26 19:45:19,271 | INFO     |   → 68/1297: ✅ 0 взято | 🗑️ 0 мусор
2026-06-26 19:45:19,271 | INFO     |   → 69/1297: ✅ 0 взято | 🗑️ 0 мусор
2026-06-26 19:45:19,271 | INFO     |   → 70/1297: ✅ 0 взято | 🗑️ 0 мусор
2026-06-26 19:45:19,271 | INFO     |   → 71/1297: ✅ 0 взято | 🗑️ 0 мусор
2026-06-26 19:45:19,271 | INFO     |   → 72/1297: ✅ 0 взято | 🗑️ 0 мусор
2026-06-26 19:45:19,271 | INFO     |   → 73/1297: ✅ 0 взято | 🗑️ 0 мусор
2026-06-26 19:45:19,271 | INFO     |   → 74/1297: ✅ 0 взято | 🗑️ 0 мусор
2026-06-26 19:45:19,271 | INFO     |   → 75/1297: ✅ 0 взято | 🗑️ 0 мусор
2026-06-26 19:45:19,271 | INFO     |   → 76/1297: ✅ 0 взято | 🗑️ 0 мусор
2026-06-26 19:45:19,271 | INFO     |   → 77/1297: ✅ 0 взято | 🗑️ 0 мусор
2026-06-26 19:45:19,271 | INFO     |   → 78/1297: ✅ 0 взято | 🗑️ 0 мусор
2026-06-26 19:45:19,271 | INFO     |   → 79/1297: ✅ 0 взято | 🗑️ 0 мусор
2026-06-26 19:45:19,271 | INFO     |   → 80/1297: ✅ 0 взято | 🗑️ 0 мусор
2026-06-26 19:45:19,271 | INFO     |   → 81/1297: ✅ 0 взято | 🗑️ 0 мусор
2026-06-26 19:45:19,271 | INFO     |   → 82/1297: ✅ 0 взято | 🗑️ 0 мусор
2026-06-26 19:45:19,271 | INFO     |   → 83/1297: ✅ 0 взято | 🗑️ 0 мусор
2026-06-26 19:45:19,271 | INFO     |   → 84/1297: ✅ 0 взято | 🗑️ 0 мусор
2026-06-26 19:45:19,271 | INFO     |   → 85/1297: ✅ 0 взято | 🗑️ 0 мусор
2026-06-26 19:45:19,271 | INFO     |   → 86/1297: ✅ 0 взято | 🗑️ 0 мусор
2026-06-26 19:45:19,271 | INFO     |   → 87/1297: ✅ 0 взято | 🗑️ 0 мусор
2026-06-26 19:45:19,271 | INFO     |   → 88/1297: ✅ 0 взято | 🗑️ 0 мусор
2026-06-26 19:45:19,271 | INFO     |   → 89/1297: ✅ 0 взято | 🗑️ 0 мусор
2026-06-26 19:45:19,272 | INFO     |   → 90/1297: ✅ 0 взято | 🗑️ 0 мусор
2026-06-26 19:45:19,272 | INFO     |   → 91/1297: ✅ 0 взято | 🗑️ 0 мусор
2026-06-26 19:45:19,272 | INFO     |   → 92/1297: ✅ 0 взято | 🗑️ 0 мусор
2026-06-26 19:45:19,272 | INFO     |   → 93/1297: ✅ 0 взято | 🗑️ 0 мусор
2026-06-26 19:45:19,272 | INFO     |   → 94/1297: ✅ 0 взято | 🗑️ 0 мусор
2026-06-26 19:45:19,272 | INFO     |   → 95/1297: ✅ 0 взято | 🗑️ 0 мусор
2026-06-26 19:45:19,272 | INFO     |   → 96/1297: ✅ 0 взято | 🗑️ 0 мусор
2026-06-26 19:45:19,272 | INFO     |   → 97/1297: ✅ 0 взято | 🗑️ 0 мусор
2026-06-26 19:45:19,272 | INFO     |   → 98/1297: ✅ 0 взято | 🗑️ 0 мусор
2026-06-26 19:45:19,272 | INFO     |   → 99/1297: ✅ 0 взято | 🗑️ 0 мусор
2026-06-26 19:45:19,272 | INFO     |   → 100/1297: ✅ 0 взято | 🗑️ 0 мусор
2026-06-26 19:45:19,272 | INFO     |   → 101/1297: ✅ 0 взято | 🗑️ 0 мусор
2026-06-26 19:45:19,272 | INFO     |   → 102/1297: ✅ 0 взято | 🗑️ 0 мусор
2026-06-26 19:45:19,272 | INFO     |   → 103/1297: ✅ 0 взято | 🗑️ 0 мусор
2026-06-26 19:45:19,272 | INFO     |   → 104/1297: ✅ 0 взято | 🗑️ 0 мусор
2026-06-26 19:45:19,272 | INFO     |   → 105/1297: ✅ 0 взято | 🗑️ 0 мусор
2026-06-26 19:45:19,272 | INFO     |   → 106/1297: ✅ 0 взято | 🗑️ 0 мусор
2026-06-26 19:45:19,272 | INFO     |   → 107/1297: ✅ 0 взято | 🗑️ 0 мусор
2026-06-26 19:45:19,272 | INFO     |   → 108/1297: ✅ 0 взято | 🗑️ 0 мусор
2026-06-26 19:45:19,272 | INFO     |   → 109/1297: ✅ 0 взято | 🗑️ 0 мусор
2026-06-26 19:45:19,272 | INFO     |   → 110/1297: ✅ 0 взято | 🗑️ 0 мусор
2026-06-26 19:45:19,272 | INFO     |   → 111/1297: ✅ 0 взято | 🗑️ 0 мусор
2026-06-26 19:45:19,272 | INFO     |   → 112/1297: ✅ 0 взято | 🗑️ 0 мусор
2026-06-26 19:45:19,272 | INFO     |   → 113/1297: ✅ 0 взято | 🗑️ 0 мусор
2026-06-26 19:45:19,272 | INFO     |   → 114/1297: ✅ 0 взято | 🗑️ 0 мусор
2026-06-26 19:45:19,272 | INFO     |   → 115/1297: ✅ 0 взято | 🗑️ 0 мусор
2026-06-26 19:45:19,272 | INFO     |   → 116/1297: ✅ 0 взято | 🗑️ 0 мусор
2026-06-26 19:45:19,272 | INFO     |   → 117/1297: ✅ 0 взято | 🗑️ 0 мусор
2026-06-26 19:45:19,272 | INFO     |   → 118/1297: ✅ 0 взято | 🗑️ 0 мусор
2026-06-26 19:45:19,272 | INFO     |   → 119/1297: ✅ 0 взято | 🗑️ 0 мусор
2026-06-26 19:45:19,272 | INFO     |   → 120/1297: ✅ 0 взято | 🗑️ 0 мусор
2026-06-26 19:45:19,272 | INFO     |   → 121/1297: ✅ 0 взято | 🗑️ 0 мусор
2026-06-26 19:45:19,272 | INFO     |   → 122/1297: ✅ 0 взято | 🗑️ 0 мусор
2026-06-26 19:45:19,272 | INFO     |   → 123/1297: ✅ 0 взято | 🗑️ 0 мусор
2026-06-26 19:45:19,272 | INFO     |   → 124/1297: ✅ 0 взято | 🗑️ 0 мусор
2026-06-26 19:45:19,272 | INFO     |   → 125/1297: ✅ 0 взято | 🗑️ 0 мусор
2026-06-26 19:45:19,272 | INFO     |   → 126/1297: ✅ 0 взято | 🗑️ 0 мусор
2026-06-26 19:45:19,272 | INFO     |   → 127/1297: ✅ 0 взято | 🗑️ 0 мусор
2026-06-26 19:45:19,272 | INFO     |   → 128/1297: ✅ 0 взято | 🗑️ 0 мусор
2026-06-26 19:45:19,272 | INFO     |   → 129/1297: ✅ 0 взято | 🗑️ 0 мусор
2026-06-26 19:45:19,272 | INFO     |   → 130/1297: ✅ 0 взято | 🗑️ 0 мусор
2026-06-26 19:45:19,272 | INFO     |   → 131/1297: ✅ 0 взято | 🗑️ 0 мусор
2026-06-26 19:45:19,272 | INFO     |   → 132/1297: ✅ 0 взято | 🗑️ 0 мусор
2026-06-26 19:45:19,272 | INFO     |   → 133/1297: ✅ 0 взято | 🗑️ 0 мусор
2026-06-26 19:45:19,272 | INFO     |   → 134/1297: ✅ 0 взято | 🗑️ 0 мусор
2026-06-26 19:45:19,272 | INFO     |   → 135/1297: ✅ 0 взято | 🗑️ 0 мусор
2026-06-26 19:45:19,272 | INFO     |   → 136/1297: ✅ 0 взято | 🗑️ 0 мусор
2026-06-26 19:45:19,272 | INFO     |   → 137/1297: ✅ 0 взято | 🗑️ 0 мусор
2026-06-26 19:45:19,272 | INFO     |   → 138/1297: ✅ 0 взято | 🗑️ 0 мусор
2026-06-26 19:45:19,272 | INFO     |   → 139/1297: ✅ 0 взято | 🗑️ 0 мусор
2026-06-26 19:45:19,273 | INFO     |   → 140/1297: ✅ 0 взято | 🗑️ 0 мусор
2026-06-26 19:45:19,273 | INFO     |   → 141/1297: ✅ 0 взято | 🗑️ 0 мусор
2026-06-26 19:45:19,273 | INFO     |   → 142/1297: ✅ 0 взято | 🗑️ 0 мусор
2026-06-26 19:45:19,273 | INFO     |   → 143/1297: ✅ 0 взято | 🗑️ 0 мусор
2026-06-26 19:45:19,273 | INFO     |   → 144/1297: ✅ 0 взято | 🗑️ 0 мусор
2026-06-26 19:45:19,273 | INFO     |   → 145/1297: ✅ 0 взято | 🗑️ 0 мусор
2026-06-26 19:45:19,273 | INFO     |   → 146/1297: ✅ 0 взято | 🗑️ 0 мусор
2026-06-26 19:45:19,273 | INFO     |   → 147/1297: ✅ 0 взято | 🗑️ 0 мусор
2026-06-26 19:45:19,273 | INFO     |   → 148/1297: ✅ 0 взято | 🗑️ 0 мусор
2026-06-26 19:45:19,273 | INFO     |   → 149/1297: ✅ 0 взято | 🗑️ 0 мусор
2026-06-26 19:45:19,273 | INFO     |   → 150/1297: ✅ 0 взято | 🗑️ 0 мусор
2026-06-26 19:45:19,273 | INFO     |   → 151/1297: ✅ 0 взято | 🗑️ 0 мусор
2026-06-26 19:45:19,273 | INFO     |   → 152/1297: ✅ 0 взято | 🗑️ 0 мусор
2026-06-26 19:45:19,273 | INFO     |   → 153/1297: ✅ 0 взято | 🗑️ 0 мусор
2026-06-26 19:45:19,273 | INFO     |   → 154/1297: ✅ 0 взято | 🗑️ 0 мусор
2026-06-26 19:45:19,273 | INFO     |   → 155/1297: ✅ 0 взято | 🗑️ 0 мусор
2026-06-26 19:45:19,273 | INFO     |   → 156/1297: ✅ 0 взято | 🗑️ 0 мусор
2026-06-26 19:45:19,273 | INFO     |   → 157/1297: ✅ 0 взято | 🗑️ 0 мусор
2026-06-26 19:45:19,273 | INFO     |   → 158/1297: ✅ 0 взято | 🗑️ 0 мусор
2026-06-26 19:45:19,273 | INFO     |   → 159/1297: ✅ 0 взято | 🗑️ 0 мусор
2026-06-26 19:45:19,273 | INFO     |   → 160/1297: ✅ 0 взято | 🗑️ 0 мусор
2026-06-26 19:45:19,273 | INFO     |   → 161/1297: ✅ 0 взято | 🗑️ 0 мусор
2026-06-26 19:45:19,273 | INFO     |   → 162/1297: ✅ 0 взято | 🗑️ 0 мусор
2026-06-26 19:45:19,273 | INFO     |   → 163/1297: ✅ 0 взято | 🗑️ 0 мусор
2026-06-26 19:45:19,273 | INFO     |   → 164/1297 ❌ HTTP 404 — https://freessrnode.github.io/uploads/2024/08/0-20240822.txt
2026-06-26 19:45:19,273 | INFO     |   → 165/1297 ❌ HTTP 404 — https://freessrnode.github.io/uploads/2024/08/1-20240822.txt
2026-06-26 19:45:19,273 | INFO     |   → 166/1297 ❌ HTTP 404 — https://freessrnode.github.io/uploads/2024/08/2-20240822.txt
2026-06-26 19:45:19,273 | INFO     |   → 167/1297 ❌ HTTP 404 — https://freessrnode.github.io/uploads/2024/08/3-20240822.txt
2026-06-26 19:45:19,273 | INFO     |   → 168/1297 ❌ HTTP 404 — https://freessrnode.github.io/uploads/2024/08/4-20240822.txt
2026-06-26 19:45:19,273 | INFO     |   → 169/1297 ⚠️ Ошибка: HTTPSConnectionPool(host='freevpnspy.githubrowcontent.com', port=443): Max retries exceeded with url: /2024/08/20240802_novless.yaml (Caused by NameResolutionError("HTTPSConnection(host='freevpnspy.githubrowcontent.com', port=443): Failed to resolve 'freevpnspy.githubrowcontent.com' ([Errno -2] Name or service not known)")) — https://freevpnspy.githubrowcontent.com/2024/08/20240802_novless.yaml
2026-06-26 19:45:19,273 | INFO     |   → 170/1297 ⚠️ Ошибка: HTTPSConnectionPool(host='freevpnspy.githubrowcontent.com', port=443): Max retries exceeded with url: /2024/08/20240802_vless.yaml (Caused by NameResolutionError("HTTPSConnection(host='freevpnspy.githubrowcontent.com', port=443): Failed to resolve 'freevpnspy.githubrowcontent.com' ([Errno -2] Name or service not known)")) — https://freevpnspy.githubrowcontent.com/2024/08/20240802_vless.yaml
2026-06-26 19:45:19,273 | INFO     |   → 171/1297: ✅ 0 взято | 🗑️ 0 мусор
2026-06-26 19:45:19,273 | INFO     |   → 172/1297: ✅ 0 взято | 🗑️ 0 мусор
2026-06-26 19:45:19,273 | INFO     |   → 173/1297: ✅ 5 взято | 🗑️ 166 мусор
2026-06-26 19:45:19,273 | INFO     |   → 174/1297: ✅ 14 взято | 🗑️ 292 мусор
2026-06-26 19:45:19,273 | INFO     |   → 175/1297: ✅ 0 взято | 🗑️ 115 мусор
2026-06-26 19:45:19,273 | INFO     |   → 176/1297: ✅ 14 взято | 🗑️ 218 мусор
2026-06-26 19:45:19,273 | INFO     |   → 177/1297: ✅ 7 взято | 🗑️ 148 мусор
2026-06-26 19:45:19,273 | INFO     |   → 178/1297: ✅ 0 взято | 🗑️ 0 мусор
2026-06-26 19:45:19,273 | INFO     |   → 179/1297: ✅ 10 взято | 🗑️ 232 мусор
2026-06-26 19:45:19,274 | INFO     |   → 180/1297: ✅ 4 взято | 🗑️ 151 мусор
2026-06-26 19:45:19,274 | INFO     |   → 181/1297: ✅ 0 взято | 🗑️ 0 мусор
2026-06-26 19:45:19,274 | INFO     |   → 182/1297: ✅ 0 взято | 🗑️ 0 мусор
2026-06-26 19:45:19,274 | INFO     |   → 183/1297: ✅ 0 взято | 🗑️ 0 мусор
2026-06-26 19:45:19,274 | INFO     |   → 184/1297: ✅ 1 взято | 🗑️ 226 мусор
2026-06-26 19:45:19,274 | INFO     |   → 185/1297: ✅ 0 взято | 🗑️ 0 мусор
2026-06-26 19:45:19,274 | INFO     |   → 186/1297: ✅ 0 взято | 🗑️ 0 мусор
2026-06-26 19:45:19,274 | INFO     |   → 187/1297: ✅ 0 взято | 🗑️ 0 мусор
2026-06-26 19:45:19,274 | INFO     |   → 188/1297: ✅ 7 взято | 🗑️ 113 мусор
2026-06-26 19:45:19,274 | INFO     |   → 189/1297: ✅ 0 взято | 🗑️ 0 мусор
2026-06-26 19:45:19,274 | INFO     |   → 190/1297: ✅ 0 взято | 🗑️ 0 мусор
2026-06-26 19:45:19,274 | INFO     |   → 191/1297: ✅ 0 взято | 🗑️ 0 мусор
2026-06-26 19:45:19,274 | INFO     |   → 192/1297: ✅ 1 взято | 🗑️ 169 мусор
2026-06-26 19:45:19,274 | INFO     |   → 193/1297: ✅ 0 взято | 🗑️ 0 мусор
2026-06-26 19:45:19,274 | INFO     |   → 194/1297: ✅ 5 взято | 🗑️ 211 мусор
2026-06-26 19:45:19,274 | INFO     |   → 195/1297: ✅ 0 взято | 🗑️ 0 мусор
2026-06-26 19:45:19,274 | INFO     |   → 196/1297: ✅ 1 взято | 🗑️ 213 мусор
2026-06-26 19:45:19,274 | INFO     |   → 197/1297: ✅ 0 взято | 🗑️ 0 мусор
2026-06-26 19:45:19,274 | INFO     |   → 198/1297: ✅ 0 взято | 🗑️ 0 мусор
2026-06-26 19:45:19,274 | INFO     |   → 199/1297: ✅ 1 взято | 🗑️ 226 мусор
2026-06-26 19:45:19,274 | INFO     |   → 200/1297: ✅ 3 взято | 🗑️ 152 мусор
2026-06-26 19:45:19,274 | INFO     |   → 201/1297: ✅ 0 взято | 🗑️ 0 мусор
2026-06-26 19:45:19,274 | INFO     |   → 202/1297: ✅ 0 взято | 🗑️ 0 мусор
2026-06-26 19:45:19,274 | INFO     |   → 203/1297: ✅ 3 взято | 🗑️ 99 мусор
2026-06-26 19:45:19,274 | INFO     |   → 204/1297: ✅ 0 взято | 🗑️ 0 мусор
2026-06-26 19:45:19,274 | INFO     |   → 205/1297: ✅ 0 взято | 🗑️ 300 мусор
2026-06-26 19:45:19,274 | INFO     |   → 206/1297: ✅ 0 взято | 🗑️ 0 мусор
2026-06-26 19:45:19,274 | INFO     |   → 207/1297: ✅ 0 взято | 🗑️ 0 мусор
2026-06-26 19:45:19,274 | INFO     |   → 208/1297: ✅ 0 взято | 🗑️ 142 мусор
2026-06-26 19:45:19,274 | INFO     |   → 209/1297: ✅ 2 взято | 🗑️ 124 мусор
2026-06-26 19:45:19,274 | INFO     |   → 210/1297: ✅ 0 взято | 🗑️ 0 мусор
2026-06-26 19:45:19,274 | INFO     |   → 211/1297: ✅ 0 взято | 🗑️ 0 мусор
2026-06-26 19:45:19,274 | INFO     |   → 212/1297: ✅ 1 взято | 🗑️ 104 мусор
2026-06-26 19:45:19,274 | INFO     |   → 213/1297: ✅ 2 взято | 🗑️ 96 мусор
2026-06-26 19:45:19,274 | INFO     |   → 214/1297: ✅ 0 взято | 🗑️ 193 мусор
2026-06-26 19:45:19,274 | INFO     |   → 215/1297: ✅ 2 взято | 🗑️ 115 мусор
2026-06-26 19:45:19,274 | INFO     |   → 216/1297: ✅ 7 взято | 🗑️ 179 мусор
2026-06-26 19:45:19,274 | INFO     |   → 217/1297: ✅ 0 взято | 🗑️ 0 мусор
2026-06-26 19:45:19,274 | INFO     |   → 218/1297: ✅ 0 взято | 🗑️ 0 мусор
2026-06-26 19:45:19,274 | INFO     |   → 219/1297: ✅ 0 взято | 🗑️ 125 мусор
2026-06-26 19:45:19,275 | INFO     |   → 220/1297: ✅ 11 взято | 🗑️ 225 мусор
2026-06-26 19:45:19,275 | INFO     |   → 221/1297: ✅ 0 взято | 🗑️ 296 мусор
2026-06-26 19:45:19,275 | INFO     |   → 222/1297: ✅ 1 взято | 🗑️ 141 мусор
2026-06-26 19:45:19,275 | INFO     |   → 223/1297: ✅ 1 взято | 🗑️ 279 мусор
2026-06-26 19:45:19,275 | INFO     |   → 224/1297: ✅ 0 взято | 🗑️ 96 мусор
2026-06-26 19:45:19,275 | INFO     |   → 225/1297: ✅ 0 взято | 🗑️ 130 мусор
2026-06-26 19:45:19,275 | INFO     |   → 226/1297: ✅ 0 взято | 🗑️ 263 мусор
2026-06-26 19:45:19,275 | INFO     |   → 227/1297: ✅ 2 взято | 🗑️ 105 мусор
2026-06-26 19:45:19,275 | INFO     |   → 228/1297: ✅ 0 взято | 🗑️ 0 мусор
2026-06-26 19:45:19,275 | INFO     |   → 229/1297: ✅ 3 взято | 🗑️ 268 мусор
2026-06-26 19:45:19,275 | INFO     |   → 230/1297: ✅ 0 взято | 🗑️ 248 мусор
2026-06-26 19:45:19,275 | INFO     |   → 231/1297: ✅ 0 взято | 🗑️ 0 мусор
2026-06-26 19:45:19,275 | INFO     |   → 232/1297: ✅ 1 взято | 🗑️ 139 мусор
2026-06-26 19:45:19,275 | INFO     |   → 233/1297: ✅ 1 взято | 🗑️ 109 мусор
2026-06-26 19:45:19,275 | INFO     |   → 234/1297: ✅ 0 взято | 🗑️ 0 мусор
2026-06-26 19:45:19,275 | INFO     |   → 235/1297: ✅ 0 взято | 🗑️ 0 мусор
2026-06-26 19:45:19,275 | INFO     |   → 236/1297: ✅ 0 взято | 🗑️ 0 мусор
2026-06-26 19:45:19,275 | INFO     |   → 237/1297: ✅ 0 взято | 🗑️ 0 мусор
2026-06-26 19:45:19,275 | INFO     |   → 238/1297: ✅ 0 взято | 🗑️ 137 мусор
2026-06-26 19:45:19,275 | INFO     |   → 239/1297: ✅ 0 взято | 🗑️ 0 мусор
2026-06-26 19:45:19,275 | INFO     |   → 240/1297: ✅ 0 взято | 🗑️ 0 мусор
2026-06-26 19:45:19,275 | INFO     |   → 241/1297: ✅ 0 взято | 🗑️ 198 мусор
2026-06-26 19:45:19,275 | INFO     |   → 242/1297: ✅ 0 взято | 🗑️ 0 мусор
2026-06-26 19:45:19,275 | INFO     |   → 243/1297: ✅ 0 взято | 🗑️ 0 мусор
2026-06-26 19:45:19,275 | INFO     |   → 244/1297: ✅ 0 взято | 🗑️ 0 мусор
2026-06-26 19:45:19,275 | INFO     |   → 245/1297: ✅ 0 взято | 🗑️ 112 мусор
2026-06-26 19:45:19,275 | INFO     |   → 246/1297: ✅ 0 взято | 🗑️ 0 мусор
2026-06-26 19:45:19,275 | INFO     |   → 247/1297: ✅ 0 взято | 🗑️ 0 мусор
2026-06-26 19:45:19,275 | INFO     |   → 248/1297: ✅ 0 взято | 🗑️ 0 мусор
2026-06-26 19:45:19,275 | INFO     |   → 249/1297 ❌ HTTP 404 — https://github.com/Epodonios/bulk-xray-v2ray-vless-vmess-...-configs/raw/main/sub/Albania/config.txt
2026-06-26 19:45:19,275 | INFO     |   → 250/1297 ❌ HTTP 404 — https://github.com/Epodonios/bulk-xray-v2ray-vless-vmess-...-configs/raw/main/sub/Cura%C3%A7ao/config.txt
2026-06-26 19:45:19,275 | INFO     |   → 251/1297 ❌ HTTP 404 — https://github.com/Epodonios/bulk-xray-v2ray-vless-vmess-...-configs/raw/main/sub/Finland/config.txt
2026-06-26 19:45:19,275 | INFO     |   → 252/1297 ❌ HTTP 404 — https://github.com/Epodonios/bulk-xray-v2ray-vless-vmess-...-configs/raw/main/sub/Iran/config.txt
2026-06-26 19:45:19,275 | INFO     |   → 253/1297 ❌ HTTP 404 — https://github.com/Epodonios/bulk-xray-v2ray-vless-vmess-...-configs/raw/main/sub/Netherlands/config.txt
2026-06-26 19:45:19,275 | INFO     |   → 254/1297 ❌ HTTP 404 — https://github.com/Epodonios/bulk-xray-v2ray-vless-vmess-...-configs/raw/main/sub/Norway/config.txt
2026-06-26 19:45:19,275 | INFO     |   → 255/1297 ❌ HTTP 404 — https://github.com/Epodonios/bulk-xray-v2ray-vless-vmess-...-configs/raw/main/sub/Russia/config.txt
2026-06-26 19:45:19,275 | INFO     |   → 256/1297: ✅ 13 взято | 🗑️ 70 мусор
2026-06-26 19:45:19,275 | INFO     |   → 257/1297: ✅ 0 взято | 🗑️ 4 мусор
2026-06-26 19:45:19,275 | INFO     |   → 258/1297: ✅ 0 взято | 🗑️ 7 мусор
2026-06-26 19:45:19,275 | INFO     |   → 259/1297: ✅ 0 взято | 🗑️ 51 мусор
2026-06-26 19:45:19,276 | INFO     |   → 260/1297: ✅ 0 взято | 🗑️ 8 мусор
2026-06-26 19:45:19,276 | INFO     |   → 261/1297: ✅ 0 взято | 🗑️ 0 мусор
2026-06-26 19:45:19,276 | INFO     |   → 262/1297: ✅ 17 взято | 🗑️ 119 мусор
2026-06-26 19:45:19,276 | INFO     |   → 263/1297 ❌ HTTP 404 — https://github.com/MrMohebi/xray-proxy-grabber-telegram/raw/master/collected-proxies/clash-meta/all.yaml
2026-06-26 19:45:19,276 | INFO     |   → 264/1297 ❌ HTTP 404 — https://github.com/MrMohebi/xray-proxy-grabber-telegram/raw/master/collected-proxies/row-url/all.txt
2026-06-26 19:45:19,276 | INFO     |   → 265/1297: ✅ 0 взято | 🗑️ 0 мусор
2026-06-26 19:45:19,276 | INFO     |   → 266/1297: ✅ 0 взято | 🗑️ 113 мусор
2026-06-26 19:45:19,276 | INFO     |   → 267/1297: ✅ 0 взято | 🗑️ 119 мусор
2026-06-26 19:45:19,276 | INFO     |   → 268/1297 ❌ HTTP 404 — https://github.com/abbasdvd3/abbasdvd10/73ec60de7a6c6aa6df4c14b511c1da60686891ca/ppo.txt
2026-06-26 19:45:19,276 | INFO     |   → 269/1297 ❌ HTTP 404 — https://github.com/acymz/AutoVPN/refs/heads/main/data/V2.txt
2026-06-26 19:45:19,276 | INFO     |   → 270/1297: ✅ 0 взято | 🗑️ 0 мусор
2026-06-26 19:45:19,276 | INFO     |   → 271/1297: ✅ 0 взято | 🗑️ 0 мусор
2026-06-26 19:45:19,276 | INFO     |   → 272/1297: ✅ 0 взято | 🗑️ 0 мусор
2026-06-26 19:45:19,276 | INFO     |   → 273/1297: ✅ 0 взято | 🗑️ 0 мусор
2026-06-26 19:45:19,276 | INFO     |   → 274/1297: ✅ 0 взято | 🗑️ 0 мусор
2026-06-26 19:45:19,276 | INFO     |   → 275/1297: ✅ 0 взято | 🗑️ 0 мусор
2026-06-26 19:45:19,276 | INFO     |   → 276/1297: ✅ 0 взято | 🗑️ 0 мусор
2026-06-26 19:45:19,276 | INFO     |   → 277/1297 ❌ HTTP 404 — https://github.com/mermeroo/V2RAY-FREE/raw/main/All_Configs_base64_Sub.txt
2026-06-26 19:45:19,276 | INFO     |   → 278/1297 ❌ HTTP 404 — https://github.com/mermeroo/V2RAY-FREE/raw/main/Base64/Sub1_base64.txt
2026-06-26 19:45:19,276 | INFO     |   → 279/1297 ❌ HTTP 404 — https://github.com/mermeroo/V2RAY-FREE/raw/main/Base64/Sub2_base64.txt
2026-06-26 19:45:19,276 | INFO     |   → 280/1297 ❌ HTTP 404 — https://github.com/mermeroo/V2RAY-FREE/raw/main/Base64/Sub3_base64.txt
2026-06-26 19:45:19,276 | INFO     |   → 281/1297 ❌ HTTP 404 — https://github.com/mermeroo/V2RAY-FREE/raw/main/Base64/Sub4_base64.txt
2026-06-26 19:45:19,276 | INFO     |   → 282/1297 ❌ HTTP 404 — https://github.com/mermeroo/V2RAY-FREE/raw/main/Base64/Sub5_base64.txt
2026-06-26 19:45:19,276 | INFO     |   → 283/1297 ❌ HTTP 404 — https://github.com/mermeroo/telegram-configs-collector/raw/main/protocols/hysteria
2026-06-26 19:45:19,276 | INFO     |   → 284/1297 ❌ HTTP 404 — https://github.com/mermeroo/telegram-configs-collector/raw/main/protocols/juicity
2026-06-26 19:45:19,276 | INFO     |   → 285/1297 ❌ HTTP 404 — https://github.com/mermeroo/telegram-configs-collector/raw/main/protocols/tuic
2026-06-26 19:45:19,276 | INFO     |   → 286/1297: ✅ 5 взято | 🗑️ 16 мусор
2026-06-26 19:45:19,276 | INFO     |   → 287/1297: ✅ 0 взято | 🗑️ 0 мусор
2026-06-26 19:45:19,276 | INFO     |   → 288/1297: ✅ 0 взято | 🗑️ 0 мусор
2026-06-26 19:45:19,276 | INFO     |   → 289/1297: ✅ 0 взято | 🗑️ 0 мусор
2026-06-26 19:45:19,276 | INFO     |   → 290/1297: ✅ 10 взято | 🗑️ 238 мусор
2026-06-26 19:45:19,276 | INFO     |   → 291/1297: ✅ 0 взято | 🗑️ 0 мусор
2026-06-26 19:45:19,276 | INFO     |   → 292/1297: ✅ 5 взято | 🗑️ 239 мусор
2026-06-26 19:45:19,276 | INFO     |   → 293/1297: ✅ 0 взято | 🗑️ 0 мусор
2026-06-26 19:45:19,276 | INFO     |   → 294/1297: ✅ 0 взято | 🗑️ 255 мусор
2026-06-26 19:45:19,276 | INFO     |   → 295/1297: ✅ 0 взято | 🗑️ 0 мусор
2026-06-26 19:45:19,276 | INFO     |   → 296/1297: ✅ 1 взято | 🗑️ 249 мусор
2026-06-26 19:45:19,276 | INFO     |   → 297/1297: ✅ 0 взято | 🗑️ 0 мусор
2026-06-26 19:45:19,277 | INFO     |   → 298/1297: ✅ 0 взято | 🗑️ 207 мусор
2026-06-26 19:45:19,277 | INFO     |   → 299/1297: ✅ 0 взято | 🗑️ 0 мусор
2026-06-26 19:45:19,277 | INFO     |   → 300/1297: ✅ 0 взято | 🗑️ 228 мусор
2026-06-26 19:45:19,277 | INFO     |   → 301/1297: ✅ 0 взято | 🗑️ 0 мусор
2026-06-26 19:45:19,277 | INFO     |   → 302/1297: ✅ 1 взято | 🗑️ 291 мусор
2026-06-26 19:45:19,277 | INFO     |   → 303/1297: ✅ 0 взято | 🗑️ 0 мусор
2026-06-26 19:45:19,277 | INFO     |   → 304/1297: ✅ 3 взято | 🗑️ 221 мусор
2026-06-26 19:45:19,277 | INFO     |   → 305/1297: ✅ 0 взято | 🗑️ 0 мусор
2026-06-26 19:45:19,277 | INFO     |   → 306/1297: ✅ 1 взято | 🗑️ 222 мусор
2026-06-26 19:45:19,277 | INFO     |   → 307/1297: ✅ 0 взято | 🗑️ 0 мусор
2026-06-26 19:45:19,277 | INFO     |   → 308/1297: ✅ 1 взято | 🗑️ 218 мусор
2026-06-26 19:45:19,277 | INFO     |   → 309/1297: ✅ 0 взято | 🗑️ 0 мусор
2026-06-26 19:45:19,277 | INFO     |   → 310/1297: ✅ 0 взято | 🗑️ 193 мусор
2026-06-26 19:45:19,277 | INFO     |   → 311/1297: ✅ 0 взято | 🗑️ 0 мусор
2026-06-26 19:45:19,277 | INFO     |   → 312/1297: ✅ 0 взято | 🗑️ 290 мусор
2026-06-26 19:45:19,277 | INFO     |   → 313/1297: ✅ 0 взято | 🗑️ 0 мусор
2026-06-26 19:45:19,277 | INFO     |   → 314/1297: ✅ 0 взято | 🗑️ 238 мусор
2026-06-26 19:45:19,277 | INFO     |   → 315/1297: ✅ 0 взято | 🗑️ 0 мусор
2026-06-26 19:45:19,277 | INFO     |   → 316/1297: ✅ 1 взято | 🗑️ 221 мусор
2026-06-26 19:45:19,277 | INFO     |   → 317/1297: ✅ 0 взято | 🗑️ 0 мусор
2026-06-26 19:45:19,277 | INFO     |   → 318/1297: ✅ 0 взято | 🗑️ 248 мусор
2026-06-26 19:45:19,277 | INFO     |   → 319/1297: ✅ 0 взято | 🗑️ 0 мусор
2026-06-26 19:45:19,277 | INFO     |   → 320/1297: ✅ 0 взято | 🗑️ 203 мусор
2026-06-26 19:45:19,277 | INFO     |   → 321/1297: ✅ 0 взято | 🗑️ 0 мусор
2026-06-26 19:45:19,277 | INFO     |   → 322/1297: ✅ 0 взято | 🗑️ 208 мусор
2026-06-26 19:45:19,277 | INFO     |   → 323/1297: ✅ 0 взято | 🗑️ 0 мусор
2026-06-26 19:45:19,277 | INFO     |   → 324/1297: ✅ 2 взято | 🗑️ 209 мусор
2026-06-26 19:45:19,277 | INFO     |   → 325/1297: ✅ 0 взято | 🗑️ 0 мусор
2026-06-26 19:45:19,277 | INFO     |   → 326/1297: ✅ 0 взято | 🗑️ 258 мусор
2026-06-26 19:45:19,277 | INFO     |   → 327/1297: ✅ 0 взято | 🗑️ 0 мусор
2026-06-26 19:45:19,277 | INFO     |   → 328/1297: ✅ 0 взято | 🗑️ 296 мусор
2026-06-26 19:45:19,277 | INFO     |   → 329/1297: ✅ 0 взято | 🗑️ 0 мусор
2026-06-26 19:45:19,277 | INFO     |   → 330/1297: ✅ 1 взято | 🗑️ 286 мусор
2026-06-26 19:45:19,277 | INFO     |   → 331/1297: ✅ 0 взято | 🗑️ 0 мусор
2026-06-26 19:45:19,277 | INFO     |   → 332/1297: ✅ 0 взято | 🗑️ 195 мусор
2026-06-26 19:45:19,277 | INFO     |   → 333/1297: ✅ 0 взято | 🗑️ 0 мусор
2026-06-26 19:45:19,277 | INFO     |   → 334/1297: ✅ 0 взято | 🗑️ 170 мусор
2026-06-26 19:45:19,278 | INFO     |   → 335/1297: ✅ 0 взято | 🗑️ 0 мусор
2026-06-26 19:45:19,278 | INFO     |   → 336/1297: ✅ 0 взято | 🗑️ 160 мусор
2026-06-26 19:45:19,278 | INFO     |   → 337/1297: ✅ 0 взято | 🗑️ 0 мусор
2026-06-26 19:45:19,278 | INFO     |   → 338/1297: ✅ 0 взято | 🗑️ 121 мусор
2026-06-26 19:45:19,278 | INFO     |   → 339/1297: ✅ 0 взято | 🗑️ 0 мусор
2026-06-26 19:45:19,278 | INFO     |   → 340/1297: ✅ 0 взято | 🗑️ 135 мусор
2026-06-26 19:45:19,278 | INFO     |   → 341/1297: ✅ 0 взято | 🗑️ 0 мусор
2026-06-26 19:45:19,278 | INFO     |   → 342/1297: ✅ 1 взято | 🗑️ 129 мусор
2026-06-26 19:45:19,278 | INFO     |   → 343/1297: ✅ 0 взято | 🗑️ 0 мусор
2026-06-26 19:45:19,278 | INFO     |   → 344/1297: ✅ 0 взято | 🗑️ 189 мусор
2026-06-26 19:45:19,278 | INFO     |   → 345/1297: ✅ 0 взято | 🗑️ 0 мусор
2026-06-26 19:45:19,278 | INFO     |   → 346/1297: ✅ 3 взято | 🗑️ 147 мусор
2026-06-26 19:45:19,278 | INFO     |   → 347/1297: ✅ 0 взято | 🗑️ 0 мусор
2026-06-26 19:45:19,278 | INFO     |   → 348/1297: ✅ 1 взято | 🗑️ 183 мусор
2026-06-26 19:45:19,278 | INFO     |   → 349/1297: ✅ 0 взято | 🗑️ 0 мусор
2026-06-26 19:45:19,278 | INFO     |   → 350/1297: ✅ 0 взято | 🗑️ 155 мусор
2026-06-26 19:45:19,278 | INFO     |   → 351/1297: ✅ 0 взято | 🗑️ 0 мусор
2026-06-26 19:45:19,278 | INFO     |   → 352/1297: ✅ 0 взято | 🗑️ 114 мусор
2026-06-26 19:45:19,278 | INFO     |   → 353/1297: ✅ 0 взято | 🗑️ 0 мусор
2026-06-26 19:45:19,278 | INFO     |   → 354/1297: ✅ 0 взято | 🗑️ 239 мусор
2026-06-26 19:45:19,278 | INFO     |   → 355/1297: ✅ 0 взято | 🗑️ 0 мусор
2026-06-26 19:45:19,278 | INFO     |   → 356/1297: ✅ 0 взято | 🗑️ 204 мусор
2026-06-26 19:45:19,278 | INFO     |   → 357/1297: ✅ 0 взято | 🗑️ 0 мусор
2026-06-26 19:45:19,278 | INFO     |   → 358/1297: ✅ 0 взято | 🗑️ 232 мусор
2026-06-26 19:45:19,278 | INFO     |   → 359/1297: ✅ 0 взято | 🗑️ 0 мусор
2026-06-26 19:45:19,278 | INFO     |   → 360/1297: ✅ 0 взято | 🗑️ 192 мусор
2026-06-26 19:45:19,278 | INFO     |   → 361/1297: ✅ 0 взято | 🗑️ 0 мусор
2026-06-26 19:45:19,278 | INFO     |   → 362/1297: ✅ 0 взято | 🗑️ 183 мусор
2026-06-26 19:45:19,278 | INFO     |   → 363/1297: ✅ 0 взято | 🗑️ 0 мусор
2026-06-26 19:45:19,278 | INFO     |   → 364/1297: ✅ 0 взято | 🗑️ 169 мусор
2026-06-26 19:45:19,278 | INFO     |   → 365/1297: ✅ 0 взято | 🗑️ 0 мусор
2026-06-26 19:45:19,278 | INFO     |   → 366/1297: ✅ 0 взято | 🗑️ 167 мусор
2026-06-26 19:45:19,278 | INFO     |   → 367/1297: ✅ 0 взято | 🗑️ 0 мусор
2026-06-26 19:45:19,278 | INFO     |   → 368/1297: ✅ 0 взято | 🗑️ 193 мусор
2026-06-26 19:45:19,278 | INFO     |   → 369/1297: ✅ 0 взято | 🗑️ 0 мусор
2026-06-26 19:45:19,278 | INFO     |   → 370/1297: ✅ 1 взято | 🗑️ 161 мусор
2026-06-26 19:45:19,278 | INFO     |   → 371/1297: ✅ 0 взято | 🗑️ 0 мусор
2026-06-26 19:45:19,278 | INFO     |   → 372/1297: ✅ 0 взято | 🗑️ 171 мусор
2026-06-26 19:45:19,279 | INFO     |   → 373/1297: ✅ 0 взято | 🗑️ 0 мусор
2026-06-26 19:45:19,279 | INFO     |   → 374/1297: ✅ 0 взято | 🗑️ 174 мусор
2026-06-26 19:45:19,279 | INFO     |   → 375/1297: ✅ 0 взято | 🗑️ 0 мусор
2026-06-26 19:45:19,279 | INFO     |   → 376/1297: ✅ 0 взято | 🗑️ 206 мусор
2026-06-26 19:45:19,279 | INFO     |   → 377/1297: ✅ 0 взято | 🗑️ 0 мусор
2026-06-26 19:45:19,279 | INFO     |   → 378/1297: ✅ 0 взято | 🗑️ 170 мусор
2026-06-26 19:45:19,279 | INFO     |   → 379/1297: ✅ 0 взято | 🗑️ 0 мусор
2026-06-26 19:45:19,279 | INFO     |   → 380/1297: ✅ 1 взято | 🗑️ 196 мусор
2026-06-26 19:45:19,279 | INFO     |   → 381/1297: ✅ 0 взято | 🗑️ 0 мусор
2026-06-26 19:45:19,279 | INFO     |   → 382/1297: ✅ 0 взято | 🗑️ 208 мусор
2026-06-26 19:45:19,279 | INFO     |   → 383/1297: ✅ 0 взято | 🗑️ 0 мусор
2026-06-26 19:45:19,279 | INFO     |   → 384/1297: ✅ 0 взято | 🗑️ 162 мусор
2026-06-26 19:45:19,279 | INFO     |   → 385/1297: ✅ 0 взято | 🗑️ 0 мусор
2026-06-26 19:45:19,279 | INFO     |   → 386/1297: ✅ 0 взято | 🗑️ 116 мусор
2026-06-26 19:45:19,279 | INFO     |   → 387/1297: ✅ 0 взято | 🗑️ 0 мусор
2026-06-26 19:45:19,279 | INFO     |   → 388/1297: ✅ 0 взято | 🗑️ 132 мусор
2026-06-26 19:45:19,279 | INFO     |   → 389/1297: ✅ 0 взято | 🗑️ 0 мусор
2026-06-26 19:45:19,279 | INFO     |   → 390/1297: ✅ 0 взято | 🗑️ 132 мусор
2026-06-26 19:45:19,279 | INFO     |   → 391/1297: ✅ 0 взято | 🗑️ 0 мусор
2026-06-26 19:45:19,279 | INFO     |   → 392/1297: ✅ 1 взято | 🗑️ 113 мусор
2026-06-26 19:45:19,279 | INFO     |   → 393/1297: ✅ 0 взято | 🗑️ 0 мусор
2026-06-26 19:45:19,279 | INFO     |   → 394/1297: ✅ 0 взято | 🗑️ 103 мусор
2026-06-26 19:45:19,279 | INFO     |   → 395/1297: ✅ 0 взято | 🗑️ 0 мусор
2026-06-26 19:45:19,279 | INFO     |   → 396/1297: ✅ 3 взято | 🗑️ 213 мусор
2026-06-26 19:45:19,279 | INFO     |   → 397/1297: ✅ 0 взято | 🗑️ 0 мусор
2026-06-26 19:45:19,279 | INFO     |   → 398/1297: ✅ 1 взято | 🗑️ 130 мусор
2026-06-26 19:45:19,279 | INFO     |   → 399/1297: ✅ 0 взято | 🗑️ 0 мусор
2026-06-26 19:45:19,279 | INFO     |   → 400/1297: ✅ 0 взято | 🗑️ 135 мусор
2026-06-26 19:45:19,279 | INFO     |   → 401/1297: ✅ 0 взято | 🗑️ 0 мусор
2026-06-26 19:45:19,279 | INFO     |   → 402/1297: ✅ 0 взято | 🗑️ 145 мусор
2026-06-26 19:45:19,279 | INFO     |   → 403/1297: ✅ 0 взято | 🗑️ 0 мусор
2026-06-26 19:45:19,279 | INFO     |   → 404/1297: ✅ 0 взято | 🗑️ 157 мусор
2026-06-26 19:45:19,279 | INFO     |   → 405/1297: ✅ 0 взято | 🗑️ 0 мусор
2026-06-26 19:45:19,279 | INFO     |   → 406/1297: ✅ 0 взято | 🗑️ 131 мусор
2026-06-26 19:45:19,279 | INFO     |   → 407/1297: ✅ 0 взято | 🗑️ 0 мусор
2026-06-26 19:45:19,279 | INFO     |   → 408/1297: ✅ 1 взято | 🗑️ 124 мусор
2026-06-26 19:45:19,279 | INFO     |   → 409/1297: ✅ 0 взято | 🗑️ 0 мусор
2026-06-26 19:45:19,279 | INFO     |   → 410/1297: ✅ 2 взято | 🗑️ 189 мусор
2026-06-26 19:45:19,279 | INFO     |   → 411/1297: ✅ 0 взято | 🗑️ 0 мусор
2026-06-26 19:45:19,280 | INFO     |   → 412/1297: ✅ 1 взято | 🗑️ 279 мусор
2026-06-26 19:45:19,280 | INFO     |   → 413/1297: ✅ 0 взято | 🗑️ 0 мусор
2026-06-26 19:45:19,280 | INFO     |   → 414/1297: ✅ 0 взято | 🗑️ 270 мусор
2026-06-26 19:45:19,280 | INFO     |   → 415/1297: ✅ 0 взято | 🗑️ 0 мусор
2026-06-26 19:45:19,280 | INFO     |   → 416/1297: ✅ 0 взято | 🗑️ 161 мусор
2026-06-26 19:45:19,280 | INFO     |   → 417/1297: ✅ 0 взято | 🗑️ 0 мусор
2026-06-26 19:45:19,280 | INFO     |   → 418/1297: ✅ 3 взято | 🗑️ 117 мусор
2026-06-26 19:45:19,280 | INFO     |   → 419/1297: ✅ 0 взято | 🗑️ 0 мусор
2026-06-26 19:45:19,280 | INFO     |   → 420/1297: ✅ 0 взято | 🗑️ 100 мусор
2026-06-26 19:45:19,280 | INFO     |   → 421/1297: ✅ 0 взято | 🗑️ 0 мусор
2026-06-26 19:45:19,280 | INFO     |   → 422/1297: ✅ 1 взято | 🗑️ 171 мусор
2026-06-26 19:45:19,280 | INFO     |   → 423/1297: ✅ 0 взято | 🗑️ 0 мусор
2026-06-26 19:45:19,280 | INFO     |   → 424/1297: ✅ 0 взято | 🗑️ 202 мусор
2026-06-26 19:45:19,280 | INFO     |   → 425/1297: ✅ 0 взято | 🗑️ 0 мусор
2026-06-26 19:45:19,280 | INFO     |   → 426/1297: ✅ 0 взято | 🗑️ 138 мусор
2026-06-26 19:45:19,280 | INFO     |   → 427/1297: ✅ 0 взято | 🗑️ 0 мусор
2026-06-26 19:45:19,280 | INFO     |   → 428/1297: ✅ 0 взято | 🗑️ 236 мусор
2026-06-26 19:45:19,280 | INFO     |   → 429/1297: ✅ 0 взято | 🗑️ 0 мусор
2026-06-26 19:45:19,280 | INFO     |   → 430/1297: ✅ 0 взято | 🗑️ 192 мусор
2026-06-26 19:45:19,280 | INFO     |   → 431/1297: ✅ 0 взято | 🗑️ 0 мусор
2026-06-26 19:45:19,280 | INFO     |   → 432/1297: ✅ 1 взято | 🗑️ 174 мусор
2026-06-26 19:45:19,280 | INFO     |   → 433/1297: ✅ 0 взято | 🗑️ 0 мусор
2026-06-26 19:45:19,280 | INFO     |   → 434/1297: ✅ 0 взято | 🗑️ 149 мусор
2026-06-26 19:45:19,280 | INFO     |   → 435/1297: ✅ 0 взято | 🗑️ 0 мусор
2026-06-26 19:45:19,280 | INFO     |   → 436/1297: ✅ 0 взято | 🗑️ 147 мусор
2026-06-26 19:45:19,280 | INFO     |   → 437/1297: ✅ 0 взято | 🗑️ 0 мусор
2026-06-26 19:45:19,280 | INFO     |   → 438/1297: ✅ 2 взято | 🗑️ 196 мусор
2026-06-26 19:45:19,280 | INFO     |   → 439/1297: ✅ 0 взято | 🗑️ 0 мусор
2026-06-26 19:45:19,280 | INFO     |   → 440/1297: ✅ 2 взято | 🗑️ 277 мусор
2026-06-26 19:45:19,280 | INFO     |   → 441/1297: ✅ 0 взято | 🗑️ 0 мусор
2026-06-26 19:45:19,280 | INFO     |   → 442/1297: ✅ 0 взято | 🗑️ 211 мусор
2026-06-26 19:45:19,280 | INFO     |   → 443/1297: ✅ 0 взято | 🗑️ 0 мусор
2026-06-26 19:45:19,280 | INFO     |   → 444/1297: ✅ 1 взято | 🗑️ 229 мусор
2026-06-26 19:45:19,280 | INFO     |   → 445/1297: ✅ 0 взято | 🗑️ 0 мусор
2026-06-26 19:45:19,280 | INFO     |   → 446/1297: ✅ 1 взято | 🗑️ 131 мусор
2026-06-26 19:45:19,280 | INFO     |   → 447/1297: ✅ 0 взято | 🗑️ 0 мусор
2026-06-26 19:45:19,280 | INFO     |   → 448/1297 ⚠️ Ошибка: HTTPSConnectionPool(host='ivuxy.tech', port=443): Max retries exceeded with url: /v.txt (Caused by NameResolutionError("HTTPSConnection(host='ivuxy.tech', port=443): Failed to resolve 'ivuxy.tech' ([Errno -2] Name or service not known)")) — https://ivuxy.tech/v.txt
2026-06-26 19:45:19,280 | INFO     |   → 449/1297 ⚠️ Ошибка: HTTPSConnectionPool(host='mirror.ghproxy.com', port=443): Max retries exceeded with url: /https://raw.githubusercontent.com/Barabama/FreeNodes/master/nodes/blues.txt (Caused by NameResolutionError("HTTPSConnection(host='mirror.ghproxy.com', port=443): Failed to resolve 'mirror.ghproxy.com' ([Errno -2] Name or service not known)")) — https://mirror.ghproxy.com/https://raw.githubusercontent.com/Barabama/FreeNodes/master/nodes/blues.txt
2026-06-26 19:45:19,280 | INFO     |   → 450/1297 ⚠️ Ошибка: HTTPSConnectionPool(host='mirror.ghproxy.com', port=443): Max retries exceeded with url: /https://raw.githubusercontent.com/Barabama/FreeNodes/master/nodes/halekj.txt (Caused by NameResolutionError("HTTPSConnection(host='mirror.ghproxy.com', port=443): Failed to resolve 'mirror.ghproxy.com' ([Errno -2] Name or service not known)")) — https://mirror.ghproxy.com/https://raw.githubusercontent.com/Barabama/FreeNodes/master/nodes/halekj.txt
2026-06-26 19:45:19,280 | INFO     |   → 451/1297 ⚠️ Ошибка: HTTPSConnectionPool(host='mirror.ghproxy.com', port=443): Max retries exceeded with url: /https://raw.githubusercontent.com/Barabama/FreeNodes/master/nodes/kkzui.txt (Caused by NameResolutionError("HTTPSConnection(host='mirror.ghproxy.com', port=443): Failed to resolve 'mirror.ghproxy.com' ([Errno -2] Name or service not known)")) — https://mirror.ghproxy.com/https://raw.githubusercontent.com/Barabama/FreeNodes/master/nodes/kkzui.txt
2026-06-26 19:45:19,281 | INFO     |   → 452/1297 ⚠️ Ошибка: HTTPSConnectionPool(host='mirror.ghproxy.com', port=443): Max retries exceeded with url: /https://raw.githubusercontent.com/Barabama/FreeNodes/master/nodes/merged.txt (Caused by NameResolutionError("HTTPSConnection(host='mirror.ghproxy.com', port=443): Failed to resolve 'mirror.ghproxy.com' ([Errno -2] Name or service not known)")) — https://mirror.ghproxy.com/https://raw.githubusercontent.com/Barabama/FreeNodes/master/nodes/merged.txt
2026-06-26 19:45:19,281 | INFO     |   → 453/1297 ⚠️ Ошибка: HTTPSConnectionPool(host='mirror.ghproxy.com', port=443): Max retries exceeded with url: /https://raw.githubusercontent.com/Barabama/FreeNodes/master/nodes/nodefree.txt (Caused by NameResolutionError("HTTPSConnection(host='mirror.ghproxy.com', port=443): Failed to resolve 'mirror.ghproxy.com' ([Errno -2] Name or service not known)")) — https://mirror.ghproxy.com/https://raw.githubusercontent.com/Barabama/FreeNodes/master/nodes/nodefree.txt
2026-06-26 19:45:19,281 | INFO     |   → 454/1297 ⚠️ Ошибка: HTTPSConnectionPool(host='mirror.ghproxy.com', port=443): Max retries exceeded with url: /https://raw.githubusercontent.com/Barabama/FreeNodes/master/nodes/openrunner.txt (Caused by NameResolutionError("HTTPSConnection(host='mirror.ghproxy.com', port=443): Failed to resolve 'mirror.ghproxy.com' ([Errno -2] Name or service not known)")) — https://mirror.ghproxy.com/https://raw.githubusercontent.com/Barabama/FreeNodes/master/nodes/openrunner.txt
2026-06-26 19:45:19,281 | INFO     |   → 455/1297 ⚠️ Ошибка: HTTPSConnectionPool(host='mirror.ghproxy.com', port=443): Max retries exceeded with url: /https://raw.githubusercontent.com/Barabama/FreeNodes/master/nodes/v2rayshare.txt (Caused by NameResolutionError("HTTPSConnection(host='mirror.ghproxy.com', port=443): Failed to resolve 'mirror.ghproxy.com' ([Errno -2] Name or service not known)")) — https://mirror.ghproxy.com/https://raw.githubusercontent.com/Barabama/FreeNodes/master/nodes/v2rayshare.txt
2026-06-26 19:45:19,281 | INFO     |   → 456/1297 ⚠️ Ошибка: HTTPSConnectionPool(host='mirror.ghproxy.com', port=443): Max retries exceeded with url: /https://raw.githubusercontent.com/Barabama/FreeNodes/master/nodes/wenode.txt (Caused by NameResolutionError("HTTPSConnection(host='mirror.ghproxy.com', port=443): Failed to resolve 'mirror.ghproxy.com' ([Errno -2] Name or service not known)")) — https://mirror.ghproxy.com/https://raw.githubusercontent.com/Barabama/FreeNodes/master/nodes/wenode.txt
2026-06-26 19:45:19,281 | INFO     |   → 457/1297 ⚠️ Ошибка: HTTPSConnectionPool(host='mirror.ghproxy.com', port=443): Max retries exceeded with url: /https://raw.githubusercontent.com/Barabama/FreeNodes/master/nodes/yudou66.txt (Caused by NameResolutionError("HTTPSConnection(host='mirror.ghproxy.com', port=443): Failed to resolve 'mirror.ghproxy.com' ([Errno -2] Name or service not known)")) — https://mirror.ghproxy.com/https://raw.githubusercontent.com/Barabama/FreeNodes/master/nodes/yudou66.txt
2026-06-26 19:45:19,281 | INFO     |   → 458/1297: ✅ 7 взято | 🗑️ 17 мусор
2026-06-26 19:45:19,281 | INFO     |   → 459/1297: ✅ 0 взято | 🗑️ 17 мусор
2026-06-26 19:45:19,281 | INFO     |   → 460/1297: ✅ 14 взято | 🗑️ 14 мусор
2026-06-26 19:45:19,281 | INFO     |   → 461/1297: ✅ 0 взято | 🗑️ 14 мусор
2026-06-26 19:45:19,281 | INFO     |   → 462/1297: ✅ 0 взято | 🗑️ 14 мусор
2026-06-26 19:45:19,281 | INFO     |   → 463/1297: ✅ 0 взято | 🗑️ 14 мусор
2026-06-26 19:45:19,281 | INFO     |   → 464/1297: ✅ 0 взято | 🗑️ 14 мусор
2026-06-26 19:45:19,281 | INFO     |   → 465/1297: ✅ 0 взято | 🗑️ 14 мусор
2026-06-26 19:45:19,281 | INFO     |   → 466/1297: ✅ 0 взято | 🗑️ 14 мусор
2026-06-26 19:45:19,281 | INFO     |   → 467/1297: ✅ 0 взято | 🗑️ 14 мусор
2026-06-26 19:45:19,281 | INFO     |   → 468/1297: ✅ 0 взято | 🗑️ 14 мусор
2026-06-26 19:45:19,281 | INFO     |   → 469/1297: ✅ 7 взято | 🗑️ 21 мусор
2026-06-26 19:45:19,281 | INFO     |   → 470/1297: ✅ 0 взято | 🗑️ 21 мусор
2026-06-26 19:45:19,281 | INFO     |   → 471/1297: ✅ 0 взято | 🗑️ 21 мусор
2026-06-26 19:45:19,281 | INFO     |   → 472/1297: ✅ 0 взято | 🗑️ 21 мусор
2026-06-26 19:45:19,281 | INFO     |   → 473/1297: ✅ 0 взято | 🗑️ 21 мусор
2026-06-26 19:45:19,281 | INFO     |   → 474/1297: ✅ 0 взято | 🗑️ 21 мусор
2026-06-26 19:45:19,281 | INFO     |   → 475/1297: ✅ 0 взято | 🗑️ 21 мусор
2026-06-26 19:45:19,281 | INFO     |   → 476/1297: ✅ 0 взято | 🗑️ 21 мусор
2026-06-26 19:45:19,281 | INFO     |   → 477/1297: ✅ 0 взято | 🗑️ 21 мусор
2026-06-26 19:45:19,281 | INFO     |   → 478/1297: ✅ 0 взято | 🗑️ 21 мусор
2026-06-26 19:45:19,281 | INFO     |   → 479/1297: ✅ 0 взято | 🗑️ 21 мусор
2026-06-26 19:45:19,281 | INFO     |   → 480/1297: ✅ 5 взято | 🗑️ 15 мусор
2026-06-26 19:45:19,281 | INFO     |   → 481/1297: ✅ 0 взято | 🗑️ 15 мусор
2026-06-26 19:45:19,281 | INFO     |   → 482/1297: ✅ 0 взято | 🗑️ 15 мусор
2026-06-26 19:45:19,281 | INFO     |   → 483/1297: ✅ 0 взято | 🗑️ 15 мусор
2026-06-26 19:45:19,281 | INFO     |   → 484/1297: ✅ 0 взято | 🗑️ 15 мусор
2026-06-26 19:45:19,281 | INFO     |   → 485/1297: ✅ 0 взято | 🗑️ 15 мусор
2026-06-26 19:45:19,281 | INFO     |   → 486/1297: ✅ 0 взято | 🗑️ 15 мусор
2026-06-26 19:45:19,281 | INFO     |   → 487/1297: ✅ 0 взято | 🗑️ 15 мусор
2026-06-26 19:45:19,281 | INFO     |   → 488/1297: ✅ 0 взято | 🗑️ 15 мусор
2026-06-26 19:45:19,281 | INFO     |   → 489/1297: ✅ 0 взято | 🗑️ 14 мусор
2026-06-26 19:45:19,281 | INFO     |   → 490/1297: ✅ 0 взято | 🗑️ 14 мусор
2026-06-26 19:45:19,281 | INFO     |   → 491/1297: ✅ 0 взято | 🗑️ 14 мусор
2026-06-26 19:45:19,282 | INFO     |   → 492/1297: ✅ 0 взято | 🗑️ 14 мусор
2026-06-26 19:45:19,282 | INFO     |   → 493/1297: ✅ 6 взято | 🗑️ 17 мусор
2026-06-26 19:45:19,282 | INFO     |   → 494/1297: ✅ 0 взято | 🗑️ 17 мусор
2026-06-26 19:45:19,282 | INFO     |   → 495/1297: ✅ 0 взято | 🗑️ 17 мусор
2026-06-26 19:45:19,282 | INFO     |   → 496/1297: ✅ 0 взято | 🗑️ 17 мусор
2026-06-26 19:45:19,282 | INFO     |   → 497/1297: ✅ 0 взято | 🗑️ 17 мусор
2026-06-26 19:45:19,282 | INFO     |   → 498/1297: ✅ 0 взято | 🗑️ 17 мусор
2026-06-26 19:45:19,282 | INFO     |   → 499/1297: ✅ 6 взято | 🗑️ 24 мусор
2026-06-26 19:45:19,282 | INFO     |   → 500/1297: ✅ 0 взято | 🗑️ 24 мусор
2026-06-26 19:45:19,282 | INFO     |   → 501/1297: ✅ 0 взято | 🗑️ 24 мусор
2026-06-26 19:45:19,282 | INFO     |   → 502/1297: ✅ 0 взято | 🗑️ 24 мусор
2026-06-26 19:45:19,282 | INFO     |   → 503/1297: ✅ 0 взято | 🗑️ 24 мусор
2026-06-26 19:45:19,282 | INFO     |   → 504/1297: ✅ 0 взято | 🗑️ 24 мусор
2026-06-26 19:45:19,282 | INFO     |   → 505/1297: ✅ 0 взято | 🗑️ 24 мусор
2026-06-26 19:45:19,282 | INFO     |   → 506/1297: ✅ 0 взято | 🗑️ 24 мусор
2026-06-26 19:45:19,282 | INFO     |   → 507/1297: ✅ 0 взято | 🗑️ 24 мусор
2026-06-26 19:45:19,282 | INFO     |   → 508/1297: ✅ 0 взято | 🗑️ 24 мусор
2026-06-26 19:45:19,282 | INFO     |   → 509/1297: ✅ 0 взято | 🗑️ 24 мусор
2026-06-26 19:45:19,282 | INFO     |   → 510/1297: ✅ 13 взято | 🗑️ 7 мусор
2026-06-26 19:45:19,282 | INFO     |   → 511/1297: ✅ 0 взято | 🗑️ 7 мусор
2026-06-26 19:45:19,282 | INFO     |   → 512/1297: ✅ 0 взято | 🗑️ 7 мусор
2026-06-26 19:45:19,282 | INFO     |   → 513/1297: ✅ 0 взято | 🗑️ 7 мусор
2026-06-26 19:45:19,282 | INFO     |   → 514/1297: ✅ 0 взято | 🗑️ 7 мусор
2026-06-26 19:45:19,282 | INFO     |   → 515/1297: ✅ 0 взято | 🗑️ 7 мусор
2026-06-26 19:45:19,282 | INFO     |   → 516/1297: ✅ 0 взято | 🗑️ 7 мусор
2026-06-26 19:45:19,282 | INFO     |   → 517/1297: ✅ 0 взято | 🗑️ 7 мусор
2026-06-26 19:45:19,282 | INFO     |   → 518/1297: ✅ 0 взято | 🗑️ 7 мусор
2026-06-26 19:45:19,282 | INFO     |   → 519/1297: ✅ 0 взято | 🗑️ 7 мусор
2026-06-26 19:45:19,282 | INFO     |   → 520/1297: ✅ 5 взято | 🗑️ 9 мусор
2026-06-26 19:45:19,282 | INFO     |   → 521/1297: ✅ 0 взято | 🗑️ 9 мусор
2026-06-26 19:45:19,282 | INFO     |   → 522/1297: ✅ 0 взято | 🗑️ 9 мусор
2026-06-26 19:45:19,282 | INFO     |   → 523/1297: ✅ 0 взято | 🗑️ 9 мусор
2026-06-26 19:45:19,282 | INFO     |   → 524/1297: ✅ 0 взято | 🗑️ 9 мусор
2026-06-26 19:45:19,282 | INFO     |   → 525/1297: ✅ 0 взято | 🗑️ 9 мусор
2026-06-26 19:45:19,282 | INFO     |   → 526/1297: ✅ 0 взято | 🗑️ 9 мусор
2026-06-26 19:45:19,282 | INFO     |   → 527/1297: ✅ 0 взято | 🗑️ 9 мусор
2026-06-26 19:45:19,282 | INFO     |   → 528/1297: ✅ 0 взято | 🗑️ 9 мусор
2026-06-26 19:45:19,282 | INFO     |   → 529/1297: ✅ 0 взято | 🗑️ 9 мусор
2026-06-26 19:45:19,282 | INFO     |   → 530/1297: ✅ 13 взято | 🗑️ 10 мусор
2026-06-26 19:45:19,282 | INFO     |   → 531/1297: ✅ 0 взято | 🗑️ 10 мусор
2026-06-26 19:45:19,283 | INFO     |   → 532/1297: ✅ 0 взято | 🗑️ 10 мусор
2026-06-26 19:45:19,283 | INFO     |   → 533/1297: ✅ 0 взято | 🗑️ 10 мусор
2026-06-26 19:45:19,283 | INFO     |   → 534/1297: ✅ 0 взято | 🗑️ 10 мусор
2026-06-26 19:45:19,283 | INFO     |   → 535/1297: ✅ 0 взято | 🗑️ 10 мусор
2026-06-26 19:45:19,283 | INFO     |   → 536/1297 ⚠️ Ошибка: HTTPSConnectionPool(host='nodefree.githubrowcontent.com', port=443): Max retries exceeded with url: /2024/07/20240705.yaml (Caused by NameResolutionError("HTTPSConnection(host='nodefree.githubrowcontent.com', port=443): Failed to resolve 'nodefree.githubrowcontent.com' ([Errno -2] Name or service not known)")) — https://nodefree.org/dy/2023/08/20230806.yaml
2026-06-26 19:45:19,283 | INFO     |   → 537/1297 ⚠️ Ошибка: HTTPSConnectionPool(host='nodefree.githubrowcontent.com', port=443): Max retries exceeded with url: /2024/07/20240705.txt (Caused by NameResolutionError("HTTPSConnection(host='nodefree.githubrowcontent.com', port=443): Failed to resolve 'nodefree.githubrowcontent.com' ([Errno -2] Name or service not known)")) — https://nodefree.org/dy/2023/12/20231221.txt
2026-06-26 19:45:19,283 | INFO     |   → 538/1297: ✅ 0 взято | 🗑️ 17 мусор
2026-06-26 19:45:19,283 | INFO     |   → 539/1297: ✅ 0 взято | 🗑️ 17 мусор
2026-06-26 19:45:19,283 | INFO     |   → 540/1297: ✅ 0 взято | 🗑️ 14 мусор
2026-06-26 19:45:19,283 | INFO     |   → 541/1297: ✅ 0 взято | 🗑️ 14 мусор
2026-06-26 19:45:19,283 | INFO     |   → 542/1297: ✅ 0 взято | 🗑️ 14 мусор
2026-06-26 19:45:19,283 | INFO     |   → 543/1297: ✅ 0 взято | 🗑️ 14 мусор
2026-06-26 19:45:19,283 | INFO     |   → 544/1297: ✅ 0 взято | 🗑️ 14 мусор
2026-06-26 19:45:19,283 | INFO     |   → 545/1297: ✅ 0 взято | 🗑️ 14 мусор
2026-06-26 19:45:19,283 | INFO     |   → 546/1297: ✅ 0 взято | 🗑️ 14 мусор
2026-06-26 19:45:19,283 | INFO     |   → 547/1297: ✅ 0 взято | 🗑️ 14 мусор
2026-06-26 19:45:19,283 | INFO     |   → 548/1297: ✅ 0 взято | 🗑️ 14 мусор
2026-06-26 19:45:19,283 | INFO     |   → 549/1297: ✅ 0 взято | 🗑️ 21 мусор
2026-06-26 19:45:19,283 | INFO     |   → 550/1297: ✅ 0 взято | 🗑️ 21 мусор
2026-06-26 19:45:19,283 | INFO     |   → 551/1297: ✅ 0 взято | 🗑️ 21 мусор
2026-06-26 19:45:19,283 | INFO     |   → 552/1297: ✅ 0 взято | 🗑️ 21 мусор
2026-06-26 19:45:19,283 | INFO     |   → 553/1297: ✅ 0 взято | 🗑️ 21 мусор
2026-06-26 19:45:19,283 | INFO     |   → 554/1297: ✅ 0 взято | 🗑️ 21 мусор
2026-06-26 19:45:19,283 | INFO     |   → 555/1297: ✅ 0 взято | 🗑️ 21 мусор
2026-06-26 19:45:19,283 | INFO     |   → 556/1297: ✅ 0 взято | 🗑️ 21 мусор
2026-06-26 19:45:19,283 | INFO     |   → 557/1297: ✅ 0 взято | 🗑️ 21 мусор
2026-06-26 19:45:19,283 | INFO     |   → 558/1297: ✅ 0 взято | 🗑️ 21 мусор
2026-06-26 19:45:19,283 | INFO     |   → 559/1297: ✅ 0 взято | 🗑️ 21 мусор
2026-06-26 19:45:19,283 | INFO     |   → 560/1297: ✅ 0 взято | 🗑️ 15 мусор
2026-06-26 19:45:19,283 | INFO     |   → 561/1297: ✅ 0 взято | 🗑️ 15 мусор
2026-06-26 19:45:19,283 | INFO     |   → 562/1297: ✅ 0 взято | 🗑️ 15 мусор
2026-06-26 19:45:19,283 | INFO     |   → 563/1297: ✅ 0 взято | 🗑️ 15 мусор
2026-06-26 19:45:19,283 | INFO     |   → 564/1297: ✅ 0 взято | 🗑️ 15 мусор
2026-06-26 19:45:19,283 | INFO     |   → 565/1297: ✅ 0 взято | 🗑️ 15 мусор
2026-06-26 19:45:19,283 | INFO     |   → 566/1297: ✅ 0 взято | 🗑️ 15 мусор
2026-06-26 19:45:19,283 | INFO     |   → 567/1297: ✅ 0 взято | 🗑️ 15 мусор
2026-06-26 19:45:19,283 | INFO     |   → 568/1297: ✅ 0 взято | 🗑️ 15 мусор
2026-06-26 19:45:19,283 | INFO     |   → 569/1297: ✅ 0 взято | 🗑️ 15 мусор
2026-06-26 19:45:19,283 | INFO     |   → 570/1297: ✅ 0 взято | 🗑️ 14 мусор
2026-06-26 19:45:19,283 | INFO     |   → 571/1297: ✅ 0 взято | 🗑️ 14 мусор
2026-06-26 19:45:19,283 | INFO     |   → 572/1297: ✅ 0 взято | 🗑️ 14 мусор
2026-06-26 19:45:19,284 | INFO     |   → 573/1297: ✅ 0 взято | 🗑️ 14 мусор
2026-06-26 19:45:19,284 | INFO     |   → 574/1297: ✅ 0 взято | 🗑️ 17 мусор
2026-06-26 19:45:19,284 | INFO     |   → 575/1297: ✅ 0 взято | 🗑️ 17 мусор
2026-06-26 19:45:19,284 | INFO     |   → 576/1297: ✅ 0 взято | 🗑️ 17 мусор
2026-06-26 19:45:19,284 | INFO     |   → 577/1297: ✅ 0 взято | 🗑️ 17 мусор
2026-06-26 19:45:19,284 | INFO     |   → 578/1297: ✅ 0 взято | 🗑️ 17 мусор
2026-06-26 19:45:19,284 | INFO     |   → 579/1297: ✅ 0 взято | 🗑️ 24 мусор
2026-06-26 19:45:19,284 | INFO     |   → 580/1297: ✅ 0 взято | 🗑️ 24 мусор
2026-06-26 19:45:19,284 | INFO     |   → 581/1297: ✅ 0 взято | 🗑️ 24 мусор
2026-06-26 19:45:19,284 | INFO     |   → 582/1297: ✅ 0 взято | 🗑️ 24 мусор
2026-06-26 19:45:19,284 | INFO     |   → 583/1297: ✅ 0 взято | 🗑️ 24 мусор
2026-06-26 19:45:19,284 | INFO     |   → 584/1297: ✅ 0 взято | 🗑️ 24 мусор
2026-06-26 19:45:19,284 | INFO     |   → 585/1297: ✅ 0 взято | 🗑️ 24 мусор
2026-06-26 19:45:19,284 | INFO     |   → 586/1297: ✅ 0 взято | 🗑️ 24 мусор
2026-06-26 19:45:19,284 | INFO     |   → 587/1297: ✅ 0 взято | 🗑️ 24 мусор
2026-06-26 19:45:19,284 | INFO     |   → 588/1297: ✅ 0 взято | 🗑️ 24 мусор
2026-06-26 19:45:19,284 | INFO     |   → 589/1297: ✅ 0 взято | 🗑️ 24 мусор
2026-06-26 19:45:19,284 | INFO     |   → 590/1297: ✅ 0 взято | 🗑️ 7 мусор
2026-06-26 19:45:19,284 | INFO     |   → 591/1297: ✅ 0 взято | 🗑️ 7 мусор
2026-06-26 19:45:19,284 | INFO     |   → 592/1297: ✅ 0 взято | 🗑️ 7 мусор
2026-06-26 19:45:19,284 | INFO     |   → 593/1297: ✅ 0 взято | 🗑️ 7 мусор
2026-06-26 19:45:19,284 | INFO     |   → 594/1297: ✅ 0 взято | 🗑️ 7 мусор
2026-06-26 19:45:19,284 | INFO     |   → 595/1297: ✅ 0 взято | 🗑️ 7 мусор
2026-06-26 19:45:19,284 | INFO     |   → 596/1297: ✅ 0 взято | 🗑️ 7 мусор
2026-06-26 19:45:19,284 | INFO     |   → 597/1297: ✅ 0 взято | 🗑️ 7 мусор
2026-06-26 19:45:19,284 | INFO     |   → 598/1297: ✅ 0 взято | 🗑️ 7 мусор
2026-06-26 19:45:19,284 | INFO     |   → 599/1297: ✅ 0 взято | 🗑️ 7 мусор
2026-06-26 19:45:19,284 | INFO     |   → 600/1297: ✅ 0 взято | 🗑️ 9 мусор
2026-06-26 19:45:19,284 | INFO     |   → 601/1297: ✅ 0 взято | 🗑️ 9 мусор
2026-06-26 19:45:19,284 | INFO     |   → 602/1297: ✅ 0 взято | 🗑️ 9 мусор
2026-06-26 19:45:19,284 | INFO     |   → 603/1297: ✅ 0 взято | 🗑️ 9 мусор
2026-06-26 19:45:19,284 | INFO     |   → 604/1297: ✅ 0 взято | 🗑️ 9 мусор
2026-06-26 19:45:19,284 | INFO     |   → 605/1297: ✅ 0 взято | 🗑️ 9 мусор
2026-06-26 19:45:19,284 | INFO     |   → 606/1297: ✅ 0 взято | 🗑️ 9 мусор
2026-06-26 19:45:19,284 | INFO     |   → 607/1297: ✅ 0 взято | 🗑️ 9 мусор
2026-06-26 19:45:19,284 | INFO     |   → 608/1297: ✅ 0 взято | 🗑️ 9 мусор
2026-06-26 19:45:19,284 | INFO     |   → 609/1297: ✅ 0 взято | 🗑️ 9 мусор
2026-06-26 19:45:19,284 | INFO     |   → 610/1297: ✅ 0 взято | 🗑️ 10 мусор
2026-06-26 19:45:19,284 | INFO     |   → 611/1297: ✅ 0 взято | 🗑️ 10 мусор
2026-06-26 19:45:19,284 | INFO     |   → 612/1297: ✅ 0 взято | 🗑️ 10 мусор
2026-06-26 19:45:19,285 | INFO     |   → 613/1297: ✅ 0 взято | 🗑️ 10 мусор
2026-06-26 19:45:19,285 | INFO     |   → 614/1297: ✅ 0 взято | 🗑️ 10 мусор
2026-06-26 19:45:19,285 | INFO     |   → 615/1297: ✅ 0 взято | 🗑️ 10 мусор
2026-06-26 19:45:19,285 | INFO     |   → 616/1297: ✅ 0 взято | 🗑️ 0 мусор
2026-06-26 19:45:19,285 | INFO     |   → 617/1297: ✅ 0 взято | 🗑️ 0 мусор
2026-06-26 19:45:19,285 | INFO     |   → 618/1297: ✅ 0 взято | 🗑️ 0 мусор
2026-06-26 19:45:19,285 | INFO     |   → 619/1297: ✅ 0 взято | 🗑️ 0 мусор
2026-06-26 19:45:19,285 | INFO     |   → 620/1297: ✅ 0 взято | 🗑️ 0 мусор
2026-06-26 19:45:19,285 | INFO     |   → 621/1297: ✅ 0 взято | 🗑️ 0 мусор
2026-06-26 19:45:19,285 | INFO     |   → 622/1297: ✅ 0 взято | 🗑️ 0 мусор
2026-06-26 19:45:19,285 | INFO     |   → 623/1297: ✅ 0 взято | 🗑️ 0 мусор
2026-06-26 19:45:19,285 | INFO     |   → 624/1297: ✅ 0 взято | 🗑️ 0 мусор
2026-06-26 19:45:19,285 | INFO     |   → 625/1297: ✅ 0 взято | 🗑️ 0 мусор
2026-06-26 19:45:19,285 | INFO     |   → 626/1297: ✅ 0 взято | 🗑️ 0 мусор
2026-06-26 19:45:19,285 | INFO     |   → 627/1297: ✅ 0 взято | 🗑️ 0 мусор
2026-06-26 19:45:19,285 | INFO     |   → 628/1297 ❌ HTTP 404 — https://raw.githubusercontent.com/10ium/MihomoSaz/main/Sublist/shatakvpn.yaml4_Sub.txt
2026-06-26 19:45:19,285 | INFO     |   → 629/1297: ✅ 0 взято | 🗑️ 0 мусор
2026-06-26 19:45:19,285 | INFO     |   → 630/1297: ✅ 0 взято | 🗑️ 0 мусор
2026-06-26 19:45:19,285 | INFO     |   → 631/1297: ✅ 167 взято | 🗑️ 672 мусор
2026-06-26 19:45:19,285 | INFO     |   → 632/1297: ✅ 0 взято | 🗑️ 0 мусор
2026-06-26 19:45:19,285 | INFO     |   → 633/1297: ✅ 0 взято | 🗑️ 0 мусор
2026-06-26 19:45:19,285 | INFO     |   → 634/1297: ✅ 11 взято | 🗑️ 399 мусор
2026-06-26 19:45:19,285 | INFO     |   → 635/1297: ✅ 0 взято | 🗑️ 0 мусор
2026-06-26 19:45:19,285 | INFO     |   → 636/1297 ❌ HTTP 404 — https://raw.githubusercontent.com/9Fork/openit/main/Clash.yaml
2026-06-26 19:45:19,285 | INFO     |   → 637/1297: ✅ 202 взято | 🗑️ 693 мусор
2026-06-26 19:45:19,285 | INFO     |   → 638/1297: ✅ 0 взято | 🗑️ 693 мусор
2026-06-26 19:45:19,285 | INFO     |   → 639/1297: ✅ 19 взято | 🗑️ 81 мусор
2026-06-26 19:45:19,285 | INFO     |   → 640/1297: ✅ 11 взято | 🗑️ 87 мусор
2026-06-26 19:45:19,285 | INFO     |   → 641/1297: ✅ 27 взято | 🗑️ 73 мусор
2026-06-26 19:45:19,285 | INFO     |   → 642/1297: ✅ 13 взято | 🗑️ 75 мусор
2026-06-26 19:45:19,285 | INFO     |   → 643/1297: ✅ 10 взято | 🗑️ 83 мусор
2026-06-26 19:45:19,285 | INFO     |   → 644/1297: ✅ 12 взято | 🗑️ 86 мусор
2026-06-26 19:45:19,285 | INFO     |   → 645/1297: ✅ 11 взято | 🗑️ 87 мусор
2026-06-26 19:45:19,285 | INFO     |   → 646/1297: ✅ 11 взято | 🗑️ 80 мусор
2026-06-26 19:45:19,285 | INFO     |   → 647/1297: ✅ 9 взято | 🗑️ 82 мусор
2026-06-26 19:45:19,285 | INFO     |   → 648/1297: ✅ 69 взято | 🗑️ 3 мусор
2026-06-26 19:45:19,285 | INFO     |   → 649/1297: ✅ 3 взято | 🗑️ 75 мусор
2026-06-26 19:45:19,285 | INFO     |   → 650/1297: ✅ 4 взято | 🗑️ 69 мусор
2026-06-26 19:45:19,285 | INFO     |   → 651/1297: ✅ 4 взято | 🗑️ 80 мусор
2026-06-26 19:45:19,286 | INFO     |   → 652/1297: ✅ 6 взято | 🗑️ 81 мусор
2026-06-26 19:45:19,286 | INFO     |   → 653/1297: ✅ 5 взято | 🗑️ 79 мусор
2026-06-26 19:45:19,286 | INFO     |   → 654/1297: ✅ 11 взято | 🗑️ 78 мусор
2026-06-26 19:45:19,286 | INFO     |   → 655/1297: ✅ 3 взято | 🗑️ 83 мусор
2026-06-26 19:45:19,286 | INFO     |   → 656/1297: ✅ 14 взято | 🗑️ 76 мусор
2026-06-26 19:45:19,286 | INFO     |   → 657/1297: ✅ 12 взято | 🗑️ 78 мусор
2026-06-26 19:45:19,286 | INFO     |   → 658/1297: ✅ 26 взято | 🗑️ 218 мусор
2026-06-26 19:45:19,286 | INFO     |   → 659/1297: ✅ 44 взято | 🗑️ 141 мусор
2026-06-26 19:45:19,286 | INFO     |   → 660/1297: ✅ 10 взято | 🗑️ 71 мусор
2026-06-26 19:45:19,286 | INFO     |   → 661/1297: ✅ 2 взято | 🗑️ 88 мусор
2026-06-26 19:45:19,286 | INFO     |   → 662/1297: ✅ 0 взято | 🗑️ 3 мусор
2026-06-26 19:45:19,286 | INFO     |   → 663/1297: ✅ 14 взято | 🗑️ 4 мусор
2026-06-26 19:45:19,286 | INFO     |   → 664/1297: ✅ 683 взято | 🗑️ 2182 мусор
2026-06-26 19:45:19,286 | INFO     |   → 665/1297 ❌ HTTP 404 — https://raw.githubusercontent.com/Alvin9999/pac2/master/clash/1/config.yaml
2026-06-26 19:45:19,286 | INFO     |   → 666/1297 ❌ HTTP 404 — https://raw.githubusercontent.com/AmirHDevo/temp2/7f15e7ddb311a6f8c5ab338bd1af0e1f2136a84b/configs.txt
2026-06-26 19:45:19,286 | INFO     |   → 667/1297: ✅ 41 взято | 🗑️ 516 мусор
2026-06-26 19:45:19,286 | INFO     |   → 668/1297: ✅ 11160 взято | 🗑️ 167920 мусор
2026-06-26 19:45:19,286 | INFO     |   → 669/1297: ✅ 5 взято | 🗑️ 47 мусор
2026-06-26 19:45:19,286 | INFO     |   → 670/1297: ✅ 0 взято | 🗑️ 50 мусор
2026-06-26 19:45:19,286 | INFO     |   → 671/1297: ✅ 21 взято | 🗑️ 107 мусор
2026-06-26 19:45:19,286 | INFO     |   → 672/1297: ✅ 78 взято | 🗑️ 347 мусор
2026-06-26 19:45:19,286 | INFO     |   → 673/1297: ✅ 0 взято | 🗑️ 1373 мусор
2026-06-26 19:45:19,286 | INFO     |   → 674/1297: ✅ 323 взято | 🗑️ 391 мусор
2026-06-26 19:45:19,286 | INFO     |   → 675/1297: ✅ 0 взято | 🗑️ 6 мусор
2026-06-26 19:45:19,286 | INFO     |   → 676/1297: ✅ 0 взято | 🗑️ 0 мусор
2026-06-26 19:45:19,286 | INFO     |   → 677/1297: ✅ 1 взято | 🗑️ 235 мусор
2026-06-26 19:45:19,286 | INFO     |   → 678/1297: ✅ 0 взято | 🗑️ 16 мусор
2026-06-26 19:45:19,286 | INFO     |   → 679/1297: ✅ 0 взято | 🗑️ 0 мусор
2026-06-26 19:45:19,286 | INFO     |   → 680/1297: ✅ 0 взято | 🗑️ 14 мусор
2026-06-26 19:45:19,286 | INFO     |   → 681/1297: ✅ 0 взято | 🗑️ 0 мусор
2026-06-26 19:45:19,286 | INFO     |   → 682/1297: ✅ 0 взято | 🗑️ 17 мусор
2026-06-26 19:45:19,286 | INFO     |   → 683/1297: ✅ 0 взято | 🗑️ 0 мусор
2026-06-26 19:45:19,286 | INFO     |   → 684/1297: ✅ 1 взято | 🗑️ 12 мусор
2026-06-26 19:45:19,286 | INFO     |   → 685/1297: ✅ 0 взято | 🗑️ 0 мусор
2026-06-26 19:45:19,286 | INFO     |   → 686/1297: ✅ 0 взято | 🗑️ 17 мусор
2026-06-26 19:45:19,286 | INFO     |   → 687/1297: ✅ 0 взято | 🗑️ 0 мусор
2026-06-26 19:45:19,286 | INFO     |   → 688/1297: ✅ 0 взято | 🗑️ 17 мусор
2026-06-26 19:45:19,286 | INFO     |   → 689/1297: ✅ 0 взято | 🗑️ 0 мусор
2026-06-26 19:45:19,286 | INFO     |   → 690/1297: ✅ 0 взято | 🗑️ 161 мусор
2026-06-26 19:45:19,287 | INFO     |   → 691/1297: ✅ 0 взято | 🗑️ 0 мусор
2026-06-26 19:45:19,287 | INFO     |   → 692/1297: ✅ 5 взято | 🗑️ 76 мусор
2026-06-26 19:45:19,287 | INFO     |   → 693/1297: ✅ 80 взято | 🗑️ 1110 мусор
2026-06-26 19:45:19,287 | INFO     |   → 694/1297: ✅ 5 взято | 🗑️ 13 мусор
2026-06-26 19:45:19,287 | INFO     |   → 695/1297 ❌ HTTP 404 — https://raw.githubusercontent.com/Epodonios/bulk-xray-v2ray-vless-vmess-...-configs/main/sub/Austria/config.txt
2026-06-26 19:45:19,287 | INFO     |   → 696/1297 ❌ HTTP 404 — https://raw.githubusercontent.com/Epodonios/bulk-xray-v2ray-vless-vmess-...-configs/main/sub/Canada/config.txt
2026-06-26 19:45:19,287 | INFO     |   → 697/1297 ❌ HTTP 404 — https://raw.githubusercontent.com/Epodonios/bulk-xray-v2ray-vless-vmess-...-configs/main/sub/Costa%20Rica/config.txt
2026-06-26 19:45:19,287 | INFO     |   → 698/1297 ❌ HTTP 404 — https://raw.githubusercontent.com/Epodonios/bulk-xray-v2ray-vless-vmess-...-configs/main/sub/France/config.txt
2026-06-26 19:45:19,287 | INFO     |   → 699/1297 ❌ HTTP 404 — https://raw.githubusercontent.com/Epodonios/bulk-xray-v2ray-vless-vmess-...-configs/main/sub/Germany/config.txt
2026-06-26 19:45:19,287 | INFO     |   → 700/1297 ❌ HTTP 404 — https://raw.githubusercontent.com/Epodonios/bulk-xray-v2ray-vless-vmess-...-configs/main/sub/Indonesia/config.txt
2026-06-26 19:45:19,287 | INFO     |   → 701/1297 ❌ HTTP 404 — https://raw.githubusercontent.com/Epodonios/bulk-xray-v2ray-vless-vmess-...-configs/main/sub/Ireland/config.txt
2026-06-26 19:45:19,287 | INFO     |   → 702/1297 ❌ HTTP 404 — https://raw.githubusercontent.com/Epodonios/bulk-xray-v2ray-vless-vmess-...-configs/main/sub/Republic%20of%20Lithuania/config.txt
2026-06-26 19:45:19,287 | INFO     |   → 703/1297 ❌ HTTP 404 — https://raw.githubusercontent.com/Epodonios/bulk-xray-v2ray-vless-vmess-...-configs/main/sub/South%20Africa/config.txt
2026-06-26 19:45:19,287 | INFO     |   → 704/1297 ❌ HTTP 404 — https://raw.githubusercontent.com/Epodonios/bulk-xray-v2ray-vless-vmess-...-configs/main/sub/Sweden/config.txt
2026-06-26 19:45:19,287 | INFO     |   → 705/1297 ❌ HTTP 404 — https://raw.githubusercontent.com/Epodonios/bulk-xray-v2ray-vless-vmess-...-configs/main/sub/Turkey/config.txt
2026-06-26 19:45:19,287 | INFO     |   → 706/1297 ❌ HTTP 404 — https://raw.githubusercontent.com/Epodonios/bulk-xray-v2ray-vless-vmess-...-configs/main/sub/United%20Arab%20Emirates/config.txt
2026-06-26 19:45:19,287 | INFO     |   → 707/1297 ❌ HTTP 404 — https://raw.githubusercontent.com/Epodonios/bulk-xray-v2ray-vless-vmess-...-configs/main/sub/United%20Kingdom/config.txt
2026-06-26 19:45:19,287 | INFO     |   → 708/1297 ❌ HTTP 404 — https://raw.githubusercontent.com/Epodonios/bulk-xray-v2ray-vless-vmess-...-configs/main/sub/United%20States/config.txt
2026-06-26 19:45:19,287 | INFO     |   → 709/1297: ✅ 656 взято | 🗑️ 6528 мусор
2026-06-26 19:45:19,287 | INFO     |   → 710/1297 ❌ HTTP 404 — https://raw.githubusercontent.com/Epodonios/v2ray-configs/main/Splitted-By-Protocol/mix.txt
2026-06-26 19:45:19,287 | INFO     |   → 711/1297: ✅ 0 взято | 🗑️ 495 мусор
2026-06-26 19:45:19,287 | INFO     |   → 712/1297: ✅ 0 взято | 🗑️ 0 мусор
2026-06-26 19:45:19,287 | INFO     |   → 713/1297: ✅ 3 взято | 🗑️ 950 мусор
2026-06-26 19:45:19,287 | INFO     |   → 714/1297: ✅ 0 взято | 🗑️ 4363 мусор
2026-06-26 19:45:19,287 | INFO     |   → 715/1297: ✅ 8 взято | 🗑️ 670 мусор
2026-06-26 19:45:19,287 | INFO     |   → 716/1297 ❌ HTTP 404 — https://raw.githubusercontent.com/Epodonios/v2ray-configs/raw/main/Splitted-By-Protocol/trojan.txt
2026-06-26 19:45:19,287 | INFO     |   → 717/1297 ❌ HTTP 404 — https://raw.githubusercontent.com/Epodonios/v2ray-configs/raw/main/Splitted-By-Protocol/vmess.txt
2026-06-26 19:45:19,287 | INFO     |   → 718/1297: ✅ 0 взято | 🗑️ 495 мусор
2026-06-26 19:45:19,287 | INFO     |   → 719/1297: ✅ 0 взято | 🗑️ 0 мусор
2026-06-26 19:45:19,287 | INFO     |   → 720/1297: ✅ 0 взято | 🗑️ 950 мусор
2026-06-26 19:45:19,287 | INFO     |   → 721/1297: ✅ 0 взято | 🗑️ 4363 мусор
2026-06-26 19:45:19,287 | INFO     |   → 722/1297: ✅ 0 взято | 🗑️ 670 мусор
2026-06-26 19:45:19,287 | INFO     |   → 723/1297 ❌ HTTP 404 — https://raw.githubusercontent.com/Fido6/FreeNodes/57221e59caddde55ffdda21d491ae952cd608049/nodes/halekj.txt
2026-06-26 19:45:19,287 | INFO     |   → 724/1297 ❌ HTTP 404 — https://raw.githubusercontent.com/Fido6/FreeNodes/57221e59caddde55ffdda21d491ae952cd608049/nodes/kkzui.txt
2026-06-26 19:45:19,287 | INFO     |   → 725/1297 ❌ HTTP 404 — https://raw.githubusercontent.com/Fido6/FreeNodes/57221e59caddde55ffdda21d491ae952cd608049/nodes/wenode.txt
2026-06-26 19:45:19,287 | INFO     |   → 726/1297: ✅ 0 взято | 🗑️ 0 мусор
2026-06-26 19:45:19,287 | INFO     |   → 727/1297: ✅ 0 взято | 🗑️ 0 мусор
2026-06-26 19:45:19,287 | INFO     |   → 728/1297: ✅ 14 взято | 🗑️ 250 мусор
2026-06-26 19:45:19,287 | INFO     |   → 729/1297: ✅ 1 взято | 🗑️ 12 мусор
2026-06-26 19:45:19,287 | INFO     |   → 730/1297: ✅ 1 взято | 🗑️ 17 мусор
2026-06-26 19:45:19,287 | INFO     |   → 731/1297: ✅ 4 взято | 🗑️ 11 мусор
2026-06-26 19:45:19,287 | INFO     |   → 732/1297: ✅ 0 взято | 🗑️ 0 мусор
2026-06-26 19:45:19,287 | INFO     |   → 733/1297: ✅ 0 взято | 🗑️ 137 мусор
2026-06-26 19:45:19,287 | INFO     |   → 734/1297: ✅ 0 взято | 🗑️ 32 мусор
2026-06-26 19:45:19,287 | INFO     |   → 735/1297: ✅ 2 взято | 🗑️ 19 мусор
2026-06-26 19:45:19,287 | INFO     |   → 736/1297: ✅ 0 взято | 🗑️ 43 мусор
2026-06-26 19:45:19,287 | INFO     |   → 737/1297: ✅ 0 взято | 🗑️ 43 мусор
2026-06-26 19:45:19,287 | INFO     |   → 738/1297 ❌ HTTP 404 — https://raw.githubusercontent.com/Iran-v2ray/v2ray/main/v2ray
2026-06-26 19:45:19,287 | INFO     |   → 739/1297: ✅ 0 взято | 🗑️ 1 мусор
2026-06-26 19:45:19,287 | INFO     |   → 740/1297: ✅ 0 взято | 🗑️ 1 мусор
2026-06-26 19:45:19,287 | INFO     |   → 741/1297: ✅ 0 взято | 🗑️ 28 мусор
2026-06-26 19:45:19,287 | INFO     |   → 742/1297: ✅ 14 взято | 🗑️ 282 мусор
2026-06-26 19:45:19,287 | INFO     |   → 743/1297: ✅ 0 взято | 🗑️ 94 мусор
2026-06-26 19:45:19,287 | INFO     |   → 744/1297: ✅ 0 взято | 🗑️ 0 мусор
2026-06-26 19:45:19,287 | INFO     |   → 745/1297: ✅ 0 взято | 🗑️ 0 мусор
2026-06-26 19:45:19,287 | INFO     |   → 746/1297 ❌ HTTP 404 — https://raw.githubusercontent.com/Kwinshadow/TelegramV2rayCollector/raw/refs/heads/main/sublinks/mix.txt
2026-06-26 19:45:19,287 | INFO     |   → 747/1297 ❌ HTTP 404 — https://raw.githubusercontent.com/LalatinaHub/Mineral/raw/refs/heads/master/result/nodes
2026-06-26 19:45:19,288 | INFO     |   → 748/1297 ❌ HTTP 404 — https://raw.githubusercontent.com/Leon406/SubCrawler/main/sub/share/all3
2026-06-26 19:45:19,288 | INFO     |   → 749/1297 ❌ HTTP 404 — https://raw.githubusercontent.com/Leon406/SubCrawler/main/sub/share/all4
2026-06-26 19:45:19,288 | INFO     |   → 750/1297: ✅ 4 взято | 🗑️ 335 мусор
2026-06-26 19:45:19,288 | INFO     |   → 751/1297: ✅ 0 взято | 🗑️ 33 мусор
2026-06-26 19:45:19,288 | INFO     |   → 752/1297: ✅ 0 взято | 🗑️ 6 мусор
2026-06-26 19:45:19,288 | INFO     |   → 753/1297: ✅ 0 взято | 🗑️ 147 мусор
2026-06-26 19:45:19,288 | INFO     |   → 754/1297 ❌ HTTP 404 — https://raw.githubusercontent.com/M-Mashreghi/free-config-collector/main/Splitted-By-Protocol/ssr.txt
2026-06-26 19:45:19,288 | INFO     |   → 755/1297: ✅ 139 взято | 🗑️ 114 мусор
2026-06-26 19:45:19,288 | INFO     |   → 756/1297: ✅ 126 взято | 🗑️ 137 мусор
2026-06-26 19:45:19,288 | INFO     |   → 757/1297: ✅ 0 взято | 🗑️ 12 мусор
2026-06-26 19:45:19,288 | INFO     |   → 758/1297: ✅ 0 взято | 🗑️ 1 мусор
2026-06-26 19:45:19,288 | INFO     |   → 759/1297: ✅ 28 взято | 🗑️ 157 мусор
2026-06-26 19:45:19,288 | INFO     |   → 760/1297: ✅ 0 взято | 🗑️ 157 мусор
2026-06-26 19:45:19,288 | INFO     |   → 761/1297 ❌ HTTP 404 — https://raw.githubusercontent.com/MatinGhanbari/v2ray-configs/main/subscriptions/filtered/subs/hy2.txt
2026-06-26 19:45:19,288 | INFO     |   → 762/1297: ✅ 27 взято | 🗑️ 1209 мусор
2026-06-26 19:45:19,288 | INFO     |   → 763/1297 ❌ HTTP 404 — https://raw.githubusercontent.com/MatinGhanbari/v2ray-configs/main/subscriptions/filtered/subs/ssr.txt
2026-06-26 19:45:19,288 | INFO     |   → 764/1297: ✅ 48 взято | 🗑️ 437 мусор
2026-06-26 19:45:19,288 | INFO     |   → 765/1297 ❌ HTTP 404 — https://raw.githubusercontent.com/MatinGhanbari/v2ray-configs/main/subscriptions/filtered/subs/tuic.txt
2026-06-26 19:45:19,288 | INFO     |   → 766/1297: ✅ 27 взято | 🗑️ 468 мусор
2026-06-26 19:45:19,288 | INFO     |   → 767/1297: ✅ 238 взято | 🗑️ 1508 мусор
2026-06-26 19:45:19,288 | INFO     |   → 768/1297: ✅ 0 взято | 🗑️ 2 мусор
2026-06-26 19:45:19,288 | INFO     |   → 769/1297: ✅ 223 взято | 🗑️ 1630 мусор
2026-06-26 19:45:19,288 | INFO     |   → 770/1297: ✅ 0 взято | 🗑️ 785 мусор
2026-06-26 19:45:19,288 | INFO     |   → 771/1297: ✅ 0 взято | 🗑️ 785 мусор
2026-06-26 19:45:19,288 | INFO     |   → 772/1297: ✅ 0 взято | 🗑️ 104 мусор
2026-06-26 19:45:19,288 | INFO     |   → 773/1297: ✅ 0 взято | 🗑️ 2 мусор
2026-06-26 19:45:19,288 | INFO     |   → 774/1297: ✅ 0 взято | 🗑️ 666 мусор
2026-06-26 19:45:19,288 | INFO     |   → 775/1297: ✅ 0 взято | 🗑️ 81 мусор
2026-06-26 19:45:19,288 | INFO     |   → 776/1297 ❌ HTTP 404 — https://raw.githubusercontent.com/MhdiTaheri/V2rayCollector/raw/refs/heads/main/sub/mix
2026-06-26 19:45:19,288 | INFO     |   → 777/1297: ✅ 53 взято | 🗑️ 267 мусор
2026-06-26 19:45:19,288 | INFO     |   → 778/1297 ❌ HTTP 404 — https://raw.githubusercontent.com/MhdiTaheri/V2rayCollector_Py/raw/refs/heads/main/sub/Mix/mix.txt
2026-06-26 19:45:19,288 | INFO     |   → 779/1297: ✅ 0 взято | 🗑️ 0 мусор
2026-06-26 19:45:19,288 | INFO     |   → 780/1297: ✅ 43 взято | 🗑️ 217 мусор
2026-06-26 19:45:19,288 | INFO     |   → 781/1297: ✅ 0 взято | 🗑️ 31 мусор
2026-06-26 19:45:19,288 | INFO     |   → 782/1297: ✅ 94 взято | 🗑️ 282 мусор
2026-06-26 19:45:19,288 | INFO     |   → 783/1297: ✅ 0 взято | 🗑️ 26 мусор
2026-06-26 19:45:19,288 | INFO     |   → 784/1297 ❌ HTTP 404 — https://raw.githubusercontent.com/MrMohebi/xray-proxy-grabber-telegram/master/collected-proxies/clash-meta/all.yaml
2026-06-26 19:45:19,288 | INFO     |   → 785/1297 ❌ HTTP 404 — https://raw.githubusercontent.com/MrMohebi/xray-proxy-grabber-telegram/master/collected-proxies/row-url/actives.txt
2026-06-26 19:45:19,288 | INFO     |   → 786/1297 ❌ HTTP 404 — https://raw.githubusercontent.com/MrMohebi/xray-proxy-grabber-telegram/master/collected-proxies/row-url/all.txt
2026-06-26 19:45:19,288 | INFO     |   → 787/1297: ✅ 0 взято | 🗑️ 13 мусор
2026-06-26 19:45:19,288 | INFO     |   → 788/1297: ✅ 0 взято | 🗑️ 13 мусор
2026-06-26 19:45:19,288 | INFO     |   → 789/1297: ✅ 5 взято | 🗑️ 15 мусор
2026-06-26 19:45:19,288 | INFO     |   → 790/1297: ✅ 0 взято | 🗑️ 30 мусор
2026-06-26 19:45:19,288 | INFO     |   → 791/1297: ✅ 0 взято | 🗑️ 15 мусор
2026-06-26 19:45:19,288 | INFO     |   → 792/1297: ✅ 66 взято | 🗑️ 123 мусор
2026-06-26 19:45:19,288 | INFO     |   → 793/1297: ✅ 133 взято | 🗑️ 65 мусор
2026-06-26 19:45:19,288 | INFO     |   → 794/1297: ✅ 0 взято | 🗑️ 0 мусор
2026-06-26 19:45:19,289 | INFO     |   → 795/1297 ❌ HTTP 404 — https://raw.githubusercontent.com/OpenCNLink/freevpn/3cfcff048bfdd1493ccffa52ecf30ce7f9fc6b28/src/list/vmess.txt
2026-06-26 19:45:19,289 | INFO     |   → 796/1297 ❌ HTTP 404 — https://raw.githubusercontent.com/Pawdro/Collection/main/sub
2026-06-26 19:45:19,289 | INFO     |   → 797/1297: ✅ 0 взято | 🗑️ 11 мусор
2026-06-26 19:45:19,289 | INFO     |   → 798/1297: ✅ 0 взято | 🗑️ 11 мусор
2026-06-26 19:45:19,289 | INFO     |   → 799/1297: ✅ 0 взято | 🗑️ 0 мусор
2026-06-26 19:45:19,289 | INFO     |   → 800/1297: ✅ 0 взято | 🗑️ 0 мусор
2026-06-26 19:45:19,289 | INFO     |   → 801/1297: ✅ 0 взято | 🗑️ 50 мусор
2026-06-26 19:45:19,289 | INFO     |   → 802/1297: ✅ 5 взято | 🗑️ 206 мусор
2026-06-26 19:45:19,289 | INFO     |   → 803/1297: ✅ 21 взято | 🗑️ 138 мусор
2026-06-26 19:45:19,289 | INFO     |   → 804/1297: ✅ 23 взято | 🗑️ 89 мусор
2026-06-26 19:45:19,289 | INFO     |   → 805/1297: ✅ 9 взято | 🗑️ 85 мусор
2026-06-26 19:45:19,289 | INFO     |   → 806/1297: ✅ 0 взято | 🗑️ 129 мусор
2026-06-26 19:45:19,289 | INFO     |   → 807/1297: ✅ 0 взято | 🗑️ 81 мусор
2026-06-26 19:45:19,289 | INFO     |   → 808/1297 ❌ HTTP 404 — https://raw.githubusercontent.com/STR97/STRUGOV/refs/heads/main/STR.BYPASS
2026-06-26 19:45:19,289 | INFO     |   → 809/1297: ✅ 4 взято | 🗑️ 34 мусор
2026-06-26 19:45:19,289 | INFO     |   → 810/1297: ✅ 11 взято | 🗑️ 16 мусор
2026-06-26 19:45:19,289 | INFO     |   → 811/1297: ✅ 0 взято | 🗑️ 16 мусор
2026-06-26 19:45:19,289 | INFO     |   → 812/1297: ✅ 0 взято | 🗑️ 27 мусор
2026-06-26 19:45:19,289 | INFO     |   → 813/1297: ✅ 140 взято | 🗑️ 1153 мусор
2026-06-26 19:45:19,289 | INFO     |   → 814/1297: ✅ 29 взято | 🗑️ 54 мусор
2026-06-26 19:45:19,289 | INFO     |   → 815/1297: ✅ 0 взято | 🗑️ 12 мусор
2026-06-26 19:45:19,289 | INFO     |   → 816/1297: ✅ 1 взято | 🗑️ 0 мусор
2026-06-26 19:45:19,289 | INFO     |   → 817/1297: ✅ 0 взято | 🗑️ 18 мусор
2026-06-26 19:45:19,289 | INFO     |   → 818/1297: ✅ 0 взято | 🗑️ 12 мусор
2026-06-26 19:45:19,289 | INFO     |   → 819/1297: ✅ 0 взято | 🗑️ 18 мусор
2026-06-26 19:45:19,289 | INFO     |   → 820/1297: ✅ 4 взято | 🗑️ 291 мусор
2026-06-26 19:45:19,289 | INFO     |   → 821/1297: ✅ 0 взято | 🗑️ 119 мусор
2026-06-26 19:45:19,289 | INFO     |   → 822/1297: ✅ 0 взято | 🗑️ 0 мусор
2026-06-26 19:45:19,289 | INFO     |   → 823/1297 ❌ HTTP 404 — https://raw.githubusercontent.com/V2RAYCONFIGSPOOL/V2RAY_SUB/main/V2RAY_SUB.txt
2026-06-26 19:45:19,289 | INFO     |   → 824/1297: ✅ 106 взято | 🗑️ 93 мусор
2026-06-26 19:45:19,289 | INFO     |   → 825/1297: ✅ 57 взято | 🗑️ 39 мусор
2026-06-26 19:45:19,289 | INFO     |   → 826/1297: ✅ 0 взято | 🗑️ 0 мусор
2026-06-26 19:45:19,289 | INFO     |   → 827/1297: ✅ 0 взято | 🗑️ 39 мусор
2026-06-26 19:45:19,289 | INFO     |   → 828/1297: ✅ 58 взято | 🗑️ 348 мусор
2026-06-26 19:45:19,289 | INFO     |   → 829/1297: ✅ 0 взято | 🗑️ 0 мусор
2026-06-26 19:45:19,289 | INFO     |   → 830/1297: ✅ 4 взято | 🗑️ 458 мусор
2026-06-26 19:45:19,289 | INFO     |   → 831/1297 ❌ HTTP 404 — https://raw.githubusercontent.com/ZYFXS/ZYFXS001/refs/heads/main/20c-youtube%40ZYFXS
2026-06-26 19:45:19,290 | INFO     |   → 832/1297 ❌ HTTP 404 — https://raw.githubusercontent.com/ZYFXS/ZYFXS001/refs/heads/main/20v-youtube%40ZYFXS
2026-06-26 19:45:19,290 | INFO     |   → 833/1297: ✅ 0 взято | 🗑️ 0 мусор
2026-06-26 19:45:19,290 | INFO     |   → 834/1297: ✅ 1 взято | 🗑️ 164 мусор
2026-06-26 19:45:19,290 | INFO     |   → 835/1297 ❌ HTTP 404 — https://raw.githubusercontent.com/ZYFXS/ZYFXS001/refs/heads/main/youtube%40ZYFXS---23c
2026-06-26 19:45:19,290 | INFO     |   → 836/1297 ❌ HTTP 404 — https://raw.githubusercontent.com/ZYFXS/ZYFXS001/refs/heads/main/youtube%40ZYFXS---23v
2026-06-26 19:45:19,290 | INFO     |   → 837/1297: ✅ 0 взято | 🗑️ 0 мусор
2026-06-26 19:45:19,290 | INFO     |   → 838/1297: ✅ 0 взято | 🗑️ 0 мусор
2026-06-26 19:45:19,290 | INFO     |   → 839/1297: ✅ 6 взято | 🗑️ 221 мусор
2026-06-26 19:45:19,290 | INFO     |   → 840/1297 ❌ HTTP 404 — https://raw.githubusercontent.com/ZYFXS/ZYFXS001/refs/heads/main/youtube%40ZYFXS-21c
2026-06-26 19:45:19,290 | INFO     |   → 841/1297 ❌ HTTP 404 — https://raw.githubusercontent.com/ZYFXS/ZYFXS001/refs/heads/main/youtube%40ZYFXS-21v
2026-06-26 19:45:19,290 | INFO     |   → 842/1297: ✅ 1 взято | 🗑️ 251 мусор
2026-06-26 19:45:19,290 | INFO     |   → 843/1297: ✅ 1 взято | 🗑️ 231 мусор
2026-06-26 19:45:19,290 | INFO     |   → 844/1297: ✅ 0 взято | 🗑️ 0 мусор
2026-06-26 19:45:19,290 | INFO     |   → 845/1297: ✅ 1 взято | 🗑️ 83 мусор
2026-06-26 19:45:19,290 | INFO     |   → 846/1297: ✅ 0 взято | 🗑️ 16 мусор
2026-06-26 19:45:19,290 | INFO     |   → 847/1297: ✅ 0 взято | 🗑️ 16 мусор
2026-06-26 19:45:19,290 | INFO     |   → 848/1297 ❌ HTTP 404 — https://raw.githubusercontent.com/aiboboxx/clashfree/main/clash.yml
2026-06-26 19:45:19,290 | INFO     |   → 849/1297 ❌ HTTP 404 — https://raw.githubusercontent.com/aiboboxx/v2rayfree/main/v2
2026-06-26 19:45:19,290 | INFO     |   → 850/1297 ❌ HTTP 404 — https://raw.githubusercontent.com/amirmohammad-mohammad-88/Sub-Reality-Azadi-config/Config/Azadi-Reality-Different
2026-06-26 19:45:19,290 | INFO     |   → 851/1297 ❌ HTTP 404 — https://raw.githubusercontent.com/amirmohammad-mohammad-88/Sub-Reality-Azadi-config/Config/Azadi-Reality-Different-Base64
2026-06-26 19:45:19,290 | INFO     |   → 852/1297: ✅ 1 взято | 🗑️ 17 мусор
2026-06-26 19:45:19,290 | INFO     |   → 853/1297: ✅ 0 взято | 🗑️ 0 мусор
2026-06-26 19:45:19,290 | INFO     |   → 854/1297: ✅ 4 взято | 🗑️ 114 мусор
2026-06-26 19:45:19,290 | INFO     |   → 855/1297: ✅ 30 взято | 🗑️ 78 мусор
2026-06-26 19:45:19,290 | INFO     |   → 856/1297 ❌ HTTP 404 — https://raw.githubusercontent.com/awesome-vpn/awesome-vpn/master/ss
2026-06-26 19:45:19,290 | INFO     |   → 857/1297 ❌ HTTP 404 — https://raw.githubusercontent.com/awesome-vpn/awesome-vpn/master/ssr
2026-06-26 19:45:19,290 | INFO     |   → 858/1297: ✅ 0 взято | 🗑️ 0 мусор
2026-06-26 19:45:19,290 | INFO     |   → 859/1297: ✅ 1 взято | 🗑️ 22 мусор
2026-06-26 19:45:19,290 | INFO     |   → 860/1297: ✅ 0 взято | 🗑️ 414 мусор
2026-06-26 19:45:19,290 | INFO     |   → 861/1297 ❌ HTTP 404 — https://raw.githubusercontent.com/barry-far/V2ray-Configs/ced94ddfff48276ec365b40227561f36b1b64bc8/Sub5.txt
2026-06-26 19:45:19,290 | INFO     |   → 862/1297 ❌ HTTP 404 — https://raw.githubusercontent.com/barry-far/V2ray-Configs/main/Splitted-By-Protocol/hysteria2.txt
2026-06-26 19:45:19,290 | INFO     |   → 863/1297 ❌ HTTP 404 — https://raw.githubusercontent.com/barry-far/V2ray-Configs/main/Splitted-By-Protocol/vless.txt
2026-06-26 19:45:19,290 | INFO     |   → 864/1297 ❌ HTTP 404 — https://raw.githubusercontent.com/barry-far/V2ray-Configs/main/Sub1.txt
2026-06-26 19:45:19,290 | INFO     |   → 865/1297 ❌ HTTP 404 — https://raw.githubusercontent.com/barry-far/V2ray-Configs/refs/heads/main/All_Configs_Sub.txt
2026-06-26 19:45:19,290 | INFO     |   → 866/1297: ✅ 0 взято | 🗑️ 0 мусор
2026-06-26 19:45:19,290 | INFO     |   → 867/1297 ❌ HTTP 404 — https://raw.githubusercontent.com/budamu/clashconfig/main/v2ray.txt
2026-06-26 19:45:19,290 | INFO     |   → 868/1297 ❌ HTTP 404 — https://raw.githubusercontent.com/budamu/clashconfig/main/v2ray2.txt
2026-06-26 19:45:19,290 | INFO     |   → 869/1297: ✅ 0 взято | 🗑️ 0 мусор
2026-06-26 19:45:19,290 | INFO     |   → 870/1297: ✅ 0 взято | 🗑️ 442 мусор
2026-06-26 19:45:19,290 | INFO     |   → 871/1297: ✅ 0 взято | 🗑️ 0 мусор
2026-06-26 19:45:19,290 | INFO     |   → 872/1297 ❌ HTTP 404 — https://raw.githubusercontent.com/chxxyz2004/zd/17fca23b73c46b5dd73e9be49b14d219b5e5f836/sub/2401/240110.txt
2026-06-26 19:45:19,290 | INFO     |   → 873/1297: ✅ 0 взято | 🗑️ 44 мусор
2026-06-26 19:45:19,290 | INFO     |   → 874/1297: ✅ 236 взято | 🗑️ 517 мусор
2026-06-26 19:45:19,290 | INFO     |   → 875/1297 ❌ HTTP 404 — https://raw.githubusercontent.com/cxr9912/cxr2022/main/free.yaml
2026-06-26 19:45:19,291 | INFO     |   → 876/1297 ❌ HTTP 404 — https://raw.githubusercontent.com/cxr9912/cxr2022/main/mix.yaml
2026-06-26 19:45:19,291 | INFO     |   → 877/1297 ❌ HTTP 404 — https://raw.githubusercontent.com/cxr9912/cxr2022/main/ss.yaml
2026-06-26 19:45:19,291 | INFO     |   → 878/1297 ❌ HTTP 404 — https://raw.githubusercontent.com/cxr9912/cxr2022/main/ssr.yaml
2026-06-26 19:45:19,291 | INFO     |   → 879/1297 ❌ HTTP 404 — https://raw.githubusercontent.com/cxr9912/cxr2022/main/vmess.yaml
2026-06-26 19:45:19,291 | INFO     |   → 880/1297 ❌ HTTP 404 — https://raw.githubusercontent.com/cxr9912/cxr2022/refs/heads/main/18cj.json
2026-06-26 19:45:19,291 | INFO     |   → 881/1297 ❌ HTTP 404 — https://raw.githubusercontent.com/cxr9912/cxr2022/refs/heads/main/aaaaaaaa.yaml
2026-06-26 19:45:19,291 | INFO     |   → 882/1297 ❌ HTTP 404 — https://raw.githubusercontent.com/cxr9912/cxr2022/refs/heads/main/free.yaml
2026-06-26 19:45:19,291 | INFO     |   → 883/1297 ❌ HTTP 404 — https://raw.githubusercontent.com/cxr9912/cxr2022/refs/heads/main/ss2088.txt
2026-06-26 19:45:19,291 | INFO     |   → 884/1297: ✅ 0 взято | 🗑️ 18 мусор
2026-06-26 19:45:19,291 | INFO     |   → 885/1297: ✅ 0 взято | 🗑️ 18 мусор
2026-06-26 19:45:19,291 | INFO     |   → 886/1297: ✅ 6 взято | 🗑️ 78 мусор
2026-06-26 19:45:19,291 | INFO     |   → 887/1297: ✅ 6 взято | 🗑️ 4 мусор
2026-06-26 19:45:19,291 | INFO     |   → 888/1297: ✅ 0 взято | 🗑️ 2 мусор
2026-06-26 19:45:19,291 | INFO     |   → 889/1297: ✅ 0 взято | 🗑️ 2 мусор
2026-06-26 19:45:19,291 | INFO     |   → 890/1297: ✅ 0 взято | 🗑️ 5 мусор
2026-06-26 19:45:19,291 | INFO     |   → 891/1297: ✅ 0 взято | 🗑️ 2 мусор
2026-06-26 19:45:19,291 | INFO     |   → 892/1297: ✅ 0 взято | 🗑️ 2 мусор
2026-06-26 19:45:19,291 | INFO     |   → 893/1297: ✅ 0 взято | 🗑️ 2 мусор
2026-06-26 19:45:19,291 | INFO     |   → 894/1297: ✅ 1 взято | 🗑️ 1 мусор
2026-06-26 19:45:19,291 | INFO     |   → 895/1297: ✅ 0 взято | 🗑️ 5 мусор
2026-06-26 19:45:19,291 | INFO     |   → 896/1297: ✅ 0 взято | 🗑️ 2 мусор
2026-06-26 19:45:19,291 | INFO     |   → 897/1297: ✅ 0 взято | 🗑️ 0 мусор
2026-06-26 19:45:19,291 | INFO     |   → 898/1297: ✅ 14035 взято | 🗑️ 247711 мусор
2026-06-26 19:45:19,291 | INFO     |   → 899/1297: ✅ 30 взято | 🗑️ 600 мусор
2026-06-26 19:45:19,291 | INFO     |   → 900/1297: ✅ 6 взято | 🗑️ 113 мусор
2026-06-26 19:45:19,291 | INFO     |   → 901/1297: ✅ 0 взято | 🗑️ 0 мусор
2026-06-26 19:45:19,291 | INFO     |   → 902/1297: ✅ 5 взято | 🗑️ 22 мусор
2026-06-26 19:45:19,291 | INFO     |   → 903/1297: ✅ 0 взято | 🗑️ 0 мусор
2026-06-26 19:45:19,291 | INFO     |   → 904/1297: ✅ 13 взято | 🗑️ 19 мусор
2026-06-26 19:45:19,291 | INFO     |   → 905/1297: ✅ 0 взято | 🗑️ 5 мусор
2026-06-26 19:45:19,291 | INFO     |   → 906/1297: ✅ 2 взято | 🗑️ 80 мусор
2026-06-26 19:45:19,291 | INFO     |   → 907/1297 ❌ HTTP 404 — https://raw.githubusercontent.com/free-nodes/v2rayfree/main/v2
2026-06-26 19:45:19,291 | INFO     |   → 908/1297 ❌ HTTP 404 — https://raw.githubusercontent.com/free-v2ray-config/trojan/main/trojan.txt
2026-06-26 19:45:19,291 | INFO     |   → 909/1297 ❌ HTTP 404 — https://raw.githubusercontent.com/free-v2ray-config/vless/main/vless.txt
2026-06-26 19:45:19,291 | INFO     |   → 910/1297 ❌ HTTP 404 — https://raw.githubusercontent.com/free-v2ray-config/vmess/main/vmess.txt
2026-06-26 19:45:19,291 | INFO     |   → 911/1297: ✅ 5 взято | 🗑️ 169 мусор
2026-06-26 19:45:19,291 | INFO     |   → 912/1297: ✅ 34 взято | 🗑️ 121 мусор
2026-06-26 19:45:19,291 | INFO     |   → 913/1297: ✅ 4 взято | 🗑️ 97 мусор
2026-06-26 19:45:19,291 | INFO     |   → 914/1297 ❌ HTTP 404 — https://raw.githubusercontent.com/free18/v2ray/main/Clash.yaml
2026-06-26 19:45:19,291 | INFO     |   → 915/1297: ✅ 0 взято | 🗑️ 0 мусор
2026-06-26 19:45:19,291 | INFO     |   → 916/1297: ✅ 0 взято | 🗑️ 15 мусор
2026-06-26 19:45:19,291 | INFO     |   → 917/1297: ✅ 0 взято | 🗑️ 0 мусор
2026-06-26 19:45:19,291 | INFO     |   → 918/1297: ✅ 0 взято | 🗑️ 8 мусор
2026-06-26 19:45:19,291 | INFO     |   → 919/1297: ✅ 0 взято | 🗑️ 8 мусор
2026-06-26 19:45:19,291 | INFO     |   → 920/1297: ✅ 0 взято | 🗑️ 8 мусор
2026-06-26 19:45:19,291 | INFO     |   → 921/1297: ✅ 0 взято | 🗑️ 8 мусор
2026-06-26 19:45:19,291 | INFO     |   → 922/1297 ❌ HTTP 404 — https://raw.githubusercontent.com/freev2rayconfig/V2RAY_SUB/3e6a7786a1601ee3723e8d043ae79e70dbdfd9a8/v2rayconfigs.txt
2026-06-26 19:45:19,291 | INFO     |   → 923/1297 ❌ HTTP 404 — https://raw.githubusercontent.com/freev2rayconfig/V2RAY_SUBSCRIPTION_LINK/main/v2rayconfigs.txt
2026-06-26 19:45:19,291 | INFO     |   → 924/1297 ❌ HTTP 404 — https://raw.githubusercontent.com/gfpcom/free-proxy-list/main/list/http.txt
2026-06-26 19:45:19,291 | INFO     |   → 925/1297 ❌ HTTP 404 — https://raw.githubusercontent.com/gfpcom/free-proxy-list/main/list/https.txt
2026-06-26 19:45:19,291 | INFO     |   → 926/1297 ❌ HTTP 404 — https://raw.githubusercontent.com/gfpcom/free-proxy-list/main/list/socks4.txt
2026-06-26 19:45:19,291 | INFO     |   → 927/1297 ❌ HTTP 404 — https://raw.githubusercontent.com/gfpcom/free-proxy-list/main/list/socks4a.txt
2026-06-26 19:45:19,291 | INFO     |   → 928/1297 ❌ HTTP 404 — https://raw.githubusercontent.com/gfpcom/free-proxy-list/main/list/socks5.txt
2026-06-26 19:45:19,291 | INFO     |   → 929/1297 ❌ HTTP 404 — https://raw.githubusercontent.com/gfpcom/free-proxy-list/main/list/socks5h.txt
2026-06-26 19:45:19,291 | INFO     |   → 930/1297 ❌ HTTP 404 — https://raw.githubusercontent.com/gfpcom/free-proxy-list/main/list/ss.txt
2026-06-26 19:45:19,291 | INFO     |   → 931/1297 ❌ HTTP 404 — https://raw.githubusercontent.com/gfpcom/free-proxy-list/main/list/ssr.txt
2026-06-26 19:45:19,291 | INFO     |   → 932/1297 ❌ HTTP 404 — https://raw.githubusercontent.com/gfpcom/free-proxy-list/main/list/trojan.txt
2026-06-26 19:45:19,291 | INFO     |   → 933/1297 ❌ HTTP 404 — https://raw.githubusercontent.com/gfpcom/free-proxy-list/main/list/vless.txt
2026-06-26 19:45:19,291 | INFO     |   → 934/1297 ❌ HTTP 404 — https://raw.githubusercontent.com/gfpcom/free-proxy-list/main/list/vmess.txt
2026-06-26 19:45:19,291 | INFO     |   → 935/1297: ✅ 0 взято | 🗑️ 17 мусор
2026-06-26 19:45:19,292 | INFO     |   → 936/1297: ✅ 0 взято | 🗑️ 0 мусор
2026-06-26 19:45:19,292 | INFO     |   → 937/1297: ✅ 4 взято | 🗑️ 63 мусор
2026-06-26 19:45:19,292 | INFO     |   → 938/1297 ❌ HTTP 404 — https://raw.githubusercontent.com/hameed-maleki/TVC/89a4522969c57dcc22458cae9898426e5c4f2679/lite/config.txt
2026-06-26 19:45:19,292 | INFO     |   → 939/1297: ✅ 5 взято | 🗑️ 132 мусор
2026-06-26 19:45:19,292 | INFO     |   → 940/1297: ✅ 0 взято | 🗑️ 56 мусор
2026-06-26 19:45:19,292 | INFO     |   → 941/1297 ❌ HTTP 404 — https://raw.githubusercontent.com/hkaa0/permalink/main/proxy/V2ray
2026-06-26 19:45:19,292 | INFO     |   → 942/1297 ❌ HTTP 404 — https://raw.githubusercontent.com/hkaa0/permalink/main/proxy/clash
2026-06-26 19:45:19,292 | INFO     |   → 943/1297 ❌ HTTP 404 — https://raw.githubusercontent.com/hkpc/Autoproxy/6cf946ddfc677a29062007e4b47d70674474baa7/sub/2401/240110.txt
2026-06-26 19:45:19,292 | INFO     |   → 944/1297 ❌ HTTP 404 — https://raw.githubusercontent.com/hkpc/V2ray-Configs/7d9aa0dabf947af180a7dd6302818ed37950531a/Sub1.txt
2026-06-26 19:45:19,292 | INFO     |   → 945/1297: ✅ 0 взято | 🗑️ 14 мусор
2026-06-26 19:45:19,292 | INFO     |   → 946/1297: ✅ 16 взято | 🗑️ 16 мусор
2026-06-26 19:45:19,292 | INFO     |   → 947/1297 ❌ HTTP 404 — https://raw.githubusercontent.com/iboxz/free-v2ray-collector/main/main
2026-06-26 19:45:19,292 | INFO     |   → 948/1297: ✅ 20 взято | 🗑️ 9 мусор
2026-06-26 19:45:19,292 | INFO     |   → 949/1297: ✅ 14 взято | 🗑️ 22 мусор
2026-06-26 19:45:19,292 | INFO     |   → 950/1297: ✅ 119 взято | 🗑️ 187 мусор
2026-06-26 19:45:19,292 | INFO     |   → 951/1297 ❌ HTTP 404 — https://raw.githubusercontent.com/igareck/vpn-configs-for-russia/refs/heads/main/Vless-Reality-White-Lists-Rus-Cable.txt
2026-06-26 19:45:19,292 | INFO     |   → 952/1297: ✅ 146 взято | 🗑️ 4 мусор
2026-06-26 19:45:19,292 | INFO     |   → 953/1297: ✅ 0 взято | 🗑️ 0 мусор
2026-06-26 19:45:19,292 | INFO     |   → 954/1297: ✅ 0 взято | 🗑️ 0 мусор
2026-06-26 19:45:19,292 | INFO     |   → 955/1297: ✅ 23 взято | 🗑️ 9 мусор
2026-06-26 19:45:19,292 | INFO     |   → 956/1297: ✅ 0 взято | 🗑️ 0 мусор
2026-06-26 19:45:19,292 | INFO     |   → 957/1297: ✅ 0 взято | 🗑️ 0 мусор
2026-06-26 19:45:19,292 | INFO     |   → 958/1297: ✅ 0 взято | 🗑️ 12 мусор
2026-06-26 19:45:19,292 | INFO     |   → 959/1297: ✅ 0 взято | 🗑️ 43 мусор
2026-06-26 19:45:19,292 | INFO     |   → 960/1297 ❌ HTTP 404 — https://raw.githubusercontent.com/jw853355718/clash_233/master/config.yml
2026-06-26 19:45:19,292 | INFO     |   → 961/1297: ✅ 0 взято | 🗑️ 210 мусор
2026-06-26 19:45:19,292 | INFO     |   → 962/1297: ✅ 0 взято | 🗑️ 0 мусор
2026-06-26 19:45:19,292 | INFO     |   → 963/1297: ✅ 0 взято | 🗑️ 0 мусор
2026-06-26 19:45:19,292 | INFO     |   → 964/1297 ❌ HTTP 404 — https://raw.githubusercontent.com/lcx12901/v2ray-/master/sspool.herokuapp.com/yzcloud.yaml
2026-06-26 19:45:19,292 | INFO     |   → 965/1297 ❌ HTTP 404 — https://raw.githubusercontent.com/lcx12901/v2ray-/master/sspool.herokuapp.com/yzcloud2.yaml
2026-06-26 19:45:19,292 | INFO     |   → 966/1297: ✅ 0 взято | 🗑️ 0 мусор
2026-06-26 19:45:19,292 | INFO     |   → 967/1297 ❌ HTTP 404 — https://raw.githubusercontent.com/learnhard-cn/free_proxy_ss/main/clash/config.yaml
2026-06-26 19:45:19,292 | INFO     |   → 968/1297: ✅ 0 взято | 🗑️ 8 мусор
2026-06-26 19:45:19,292 | INFO     |   → 969/1297: ✅ 0 взято | 🗑️ 4 мусор
2026-06-26 19:45:19,292 | INFO     |   → 970/1297: ✅ 0 взято | 🗑️ 0 мусор
2026-06-26 19:45:19,292 | INFO     |   → 971/1297: ✅ 0 взято | 🗑️ 4 мусор
2026-06-26 19:45:19,292 | INFO     |   → 972/1297: ✅ 0 взято | 🗑️ 149 мусор
2026-06-26 19:45:19,292 | INFO     |   → 973/1297: ✅ 0 взято | 🗑️ 421 мусор
2026-06-26 19:45:19,292 | INFO     |   → 974/1297 ❌ HTTP 404 — https://raw.githubusercontent.com/lisylva-lee/v2dyku/main/ssr
2026-06-26 19:45:19,292 | INFO     |   → 975/1297 ❌ HTTP 404 — https://raw.githubusercontent.com/lisylva-lee/v2dyku/main/v2dy
2026-06-26 19:45:19,292 | INFO     |   → 976/1297: ✅ 0 взято | 🗑️ 53 мусор
2026-06-26 19:45:19,292 | INFO     |   → 977/1297 ❌ HTTP 404 — https://raw.githubusercontent.com/luxl-1379/merge/77247d23def72b25226dfa741614e9b07a569c72/sub/sub_merge_base64.txt
2026-06-26 19:45:19,292 | INFO     |   → 978/1297: ✅ 146 взято | 🗑️ 343 мусор
2026-06-26 19:45:19,292 | INFO     |   → 979/1297: ✅ 0 взято | 🗑️ 115 мусор
2026-06-26 19:45:19,292 | INFO     |   → 980/1297: ✅ 961 взято | 🗑️ 4111 мусор
2026-06-26 19:45:19,292 | INFO     |   → 981/1297: ✅ 0 взято | 🗑️ 0 мусор
2026-06-26 19:45:19,292 | INFO     |   → 982/1297: ✅ 0 взято | 🗑️ 4111 мусор
2026-06-26 19:45:19,292 | INFO     |   → 983/1297: ✅ 59 взято | 🗑️ 331 мусор
2026-06-26 19:45:19,292 | INFO     |   → 984/1297 ❌ HTTP 404 — https://raw.githubusercontent.com/mermeroo/Clash-V2ray/main/v2ray
2026-06-26 19:45:19,292 | INFO     |   → 985/1297: ✅ 15 взято | 🗑️ 417 мусор
2026-06-26 19:45:19,292 | INFO     |   → 986/1297: ✅ 6 взято | 🗑️ 102 мусор
2026-06-26 19:45:19,292 | INFO     |   → 987/1297: ✅ 716 взято | 🗑️ 6258 мусор
2026-06-26 19:45:19,292 | INFO     |   → 988/1297: ✅ 8 взято | 🗑️ 853 мусор
2026-06-26 19:45:19,292 | INFO     |   → 989/1297: ✅ 32 взято | 🗑️ 69 мусор
2026-06-26 19:45:19,292 | INFO     |   → 990/1297 ❌ HTTP 404 — https://raw.githubusercontent.com/mermeroo/free-v2ray-collector/main/main/mix
2026-06-26 19:45:19,292 | INFO     |   → 991/1297 ❌ HTTP 404 — https://raw.githubusercontent.com/mermeroo/free-v2ray-collector/main/main/reality
2026-06-26 19:45:19,292 | INFO     |   → 992/1297 ❌ HTTP 404 — https://raw.githubusercontent.com/mermeroo/free-v2ray-collector/main/main/shadowsocks
2026-06-26 19:45:19,292 | INFO     |   → 993/1297 ❌ HTTP 404 — https://raw.githubusercontent.com/mermeroo/free-v2ray-collector/main/main/trojan
2026-06-26 19:45:19,292 | INFO     |   → 994/1297 ❌ HTTP 404 — https://raw.githubusercontent.com/mermeroo/free-v2ray-collector/main/main/vless
2026-06-26 19:45:19,292 | INFO     |   → 995/1297 ❌ HTTP 404 — https://raw.githubusercontent.com/mermeroo/free-v2ray-collector/main/main/vmess
2026-06-26 19:45:19,292 | INFO     |   → 996/1297 ❌ HTTP 404 — https://raw.githubusercontent.com/mfuu/v2ray/master/merge/merge.txt
2026-06-26 19:45:19,292 | INFO     |   → 997/1297: ✅ 0 взято | 🗑️ 170 мусор
2026-06-26 19:45:19,292 | INFO     |   → 998/1297: ✅ 0 взято | 🗑️ 170 мусор
2026-06-26 19:45:19,292 | INFO     |   → 999/1297: ✅ 636 взято | 🗑️ 15647 мусор
2026-06-26 19:45:19,292 | INFO     |   → 1000/1297: ✅ 0 взято | 🗑️ 15647 мусор
2026-06-26 19:45:19,292 | INFO     |   → 1001/1297: ✅ 0 взято | 🗑️ 2864 мусор
2026-06-26 19:45:19,292 | INFO     |   → 1002/1297: ✅ 0 взято | 🗑️ 2012 мусор
2026-06-26 19:45:19,292 | INFO     |   → 1003/1297: ✅ 0 взято | 🗑️ 6180 мусор
2026-06-26 19:45:19,293 | INFO     |   → 1004/1297: ✅ 0 взято | 🗑️ 4591 мусор
2026-06-26 19:45:19,293 | INFO     |   → 1005/1297 ❌ HTTP 404 — https://raw.githubusercontent.com/mianous/qiren/main/qiren.txt
2026-06-26 19:45:19,293 | INFO     |   → 1006/1297 ❌ HTTP 404 — https://raw.githubusercontent.com/miladtahanian/V2RayCFGDumper/refs/heads/main/config.txt
2026-06-26 19:45:19,293 | INFO     |   → 1007/1297 ❌ HTTP 404 — https://raw.githubusercontent.com/miladtahanian/multi-proxy-config-fetcher/refs/heads/main/configs/proxy_configs.txt
2026-06-26 19:45:19,293 | INFO     |   → 1008/1297: ✅ 0 взято | 🗑️ 0 мусор
2026-06-26 19:45:19,293 | INFO     |   → 1009/1297: ✅ 0 взято | 🗑️ 0 мусор
2026-06-26 19:45:19,293 | INFO     |   → 1010/1297: ✅ 0 взято | 🗑️ 0 мусор
2026-06-26 19:45:19,293 | INFO     |   → 1011/1297: ✅ 15 взято | 🗑️ 46 мусор
2026-06-26 19:45:19,293 | INFO     |   → 1012/1297: ✅ 0 взято | 🗑️ 187 мусор
2026-06-26 19:45:19,293 | INFO     |   → 1013/1297: ✅ 0 взято | 🗑️ 0 мусор
2026-06-26 19:45:19,293 | INFO     |   → 1014/1297: ✅ 28 взято | 🗑️ 93 мусор
2026-06-26 19:45:19,293 | INFO     |   → 1015/1297: ✅ 0 взято | 🗑️ 0 мусор
2026-06-26 19:45:19,293 | INFO     |   → 1016/1297: ✅ 15 взято | 🗑️ 70 мусор
2026-06-26 19:45:19,293 | INFO     |   → 1017/1297: ✅ 127 взято | 🗑️ 492 мусор
2026-06-26 19:45:19,293 | INFO     |   → 1018/1297: ✅ 331 взято | 🗑️ 190 мусор
2026-06-26 19:45:19,293 | INFO     |   → 1019/1297: ✅ 28 взято | 🗑️ 1256 мусор
2026-06-26 19:45:19,293 | INFO     |   → 1020/1297 ❌ HTTP 404 — https://raw.githubusercontent.com/obscure1990/freeVM/master/snippets/nodes.yml
2026-06-26 19:45:19,293 | INFO     |   → 1021/1297 ❌ HTTP 404 — https://raw.githubusercontent.com/op30mmd/things/909b38024ba14d69dc0f95c238f63bc6e930a00f/eut.txt
2026-06-26 19:45:19,293 | INFO     |   → 1022/1297 ❌ HTTP 404 — https://raw.githubusercontent.com/openRunner/clash-freenode/main/v2ray.txt
2026-06-26 19:45:19,293 | INFO     |   → 1023/1297 ❌ HTTP 404 — https://raw.githubusercontent.com/oslook/clash-freenode/main/clash.yaml
2026-06-26 19:45:19,293 | INFO     |   → 1024/1297: ✅ 0 взято | 🗑️ 0 мусор
2026-06-26 19:45:19,293 | INFO     |   → 1025/1297: ✅ 4 взято | 🗑️ 1 мусор
2026-06-26 19:45:19,293 | INFO     |   → 1026/1297: ✅ 0 взято | 🗑️ 0 мусор
2026-06-26 19:45:19,293 | INFO     |   → 1027/1297: ✅ 1 взято | 🗑️ 80 мусор
2026-06-26 19:45:19,293 | INFO     |   → 1028/1297: ✅ 0 взято | 🗑️ 0 мусор
2026-06-26 19:45:19,293 | INFO     |   → 1029/1297: ✅ 0 взято | 🗑️ 0 мусор
2026-06-26 19:45:19,293 | INFO     |   → 1030/1297: ✅ 0 взято | 🗑️ 19 мусор
2026-06-26 19:45:19,293 | INFO     |   → 1031/1297: ✅ 0 взято | 🗑️ 44 мусор
2026-06-26 19:45:19,293 | INFO     |   → 1032/1297: ✅ 63 взято | 🗑️ 521 мусор
2026-06-26 19:45:19,293 | INFO     |   → 1033/1297: ✅ 165 взято | 🗑️ 273 мусор
2026-06-26 19:45:19,293 | INFO     |   → 1034/1297: ✅ 0 взято | 🗑️ 0 мусор
2026-06-26 19:45:19,293 | INFO     |   → 1035/1297: ✅ 28 взято | 🗑️ 211 мусор
2026-06-26 19:45:19,293 | INFO     |   → 1036/1297: ✅ 0 взято | 🗑️ 79 мусор
2026-06-26 19:45:19,293 | INFO     |   → 1037/1297: ✅ 13 взято | 🗑️ 32 мусор
2026-06-26 19:45:19,293 | INFO     |   → 1038/1297: ✅ 0 взято | 🗑️ 0 мусор
2026-06-26 19:45:19,293 | INFO     |   → 1039/1297: ✅ 2 взято | 🗑️ 9 мусор
2026-06-26 19:45:19,293 | INFO     |   → 1040/1297: ✅ 11 взято | 🗑️ 76 мусор
2026-06-26 19:45:19,293 | INFO     |   → 1041/1297: ✅ 0 взято | 🗑️ 168 мусор
2026-06-26 19:45:19,293 | INFO     |   → 1042/1297: ✅ 0 взято | 🗑️ 79 мусор
2026-06-26 19:45:19,293 | INFO     |   → 1043/1297: ✅ 0 взято | 🗑️ 14 мусор
2026-06-26 19:45:19,293 | INFO     |   → 1044/1297 ❌ HTTP 404 — https://raw.githubusercontent.com/ronghuaxueleng/get_v2/main/pub/changfengoss.yaml
2026-06-26 19:45:19,293 | INFO     |   → 1045/1297: ✅ 0 взято | 🗑️ 0 мусор
2026-06-26 19:45:19,293 | INFO     |   → 1046/1297: ✅ 105 взято | 🗑️ 42 мусор
2026-06-26 19:45:19,293 | INFO     |   → 1047/1297: ✅ 0 взято | 🗑️ 42 мусор
2026-06-26 19:45:19,293 | INFO     |   → 1048/1297 ❌ HTTP 404 — https://raw.githubusercontent.com/rxsweet/CM_Vmess/refs/heads/main/test.txt
2026-06-26 19:45:19,293 | INFO     |   → 1049/1297 ❌ HTTP 404 — https://raw.githubusercontent.com/rxsweet/proxies/main/sub/free.yaml
2026-06-26 19:45:19,293 | INFO     |   → 1050/1297 ❌ HTTP 404 — https://raw.githubusercontent.com/rxsweet/proxies/main/sub/rx.yaml
2026-06-26 19:45:19,293 | INFO     |   → 1051/1297 ❌ HTTP 404 — https://raw.githubusercontent.com/rxsweet/proxies/main/sub/sources/dynamicAll.yaml
2026-06-26 19:45:19,293 | INFO     |   → 1052/1297 ❌ HTTP 404 — https://raw.githubusercontent.com/rxsweet/proxies/main/sub/sources/miningAll.yaml
2026-06-26 19:45:19,293 | INFO     |   → 1053/1297 ❌ HTTP 404 — https://raw.githubusercontent.com/rxsweet/proxies/main/sub/srx.yaml
2026-06-26 19:45:19,293 | INFO     |   → 1054/1297 ❌ HTTP 404 — https://raw.githubusercontent.com/sajad-sajadi/V2ray-Collector/raw/main/output/protocols/vmess.txt
2026-06-26 19:45:19,293 | INFO     |   → 1055/1297 ❌ HTTP 404 — https://raw.githubusercontent.com/sakha1370/OpenRay/raw/refs/heads/main/output/all_valid_proxies.txt
2026-06-26 19:45:19,293 | INFO     |   → 1056/1297: ✅ 53 взято | 🗑️ 399 мусор
2026-06-26 19:45:19,293 | INFO     |   → 1057/1297: ✅ 0 взято | 🗑️ 399 мусор
2026-06-26 19:45:19,293 | INFO     |   → 1058/1297 ❌ HTTP 404 — https://raw.githubusercontent.com/samjoeyang/subscribe/main/fly
2026-06-26 19:45:19,293 | INFO     |   → 1059/1297: ✅ 0 взято | 🗑️ 0 мусор
2026-06-26 19:45:19,293 | INFO     |   → 1060/1297 ❌ HTTP 404 — https://raw.githubusercontent.com/sarina-ad/v2ray/main/v2ray
2026-06-26 19:45:19,293 | INFO     |   → 1061/1297 ❌ HTTP 404 — https://raw.githubusercontent.com/satrom/V2SSR/master/SSR/Sub.txt
2026-06-26 19:45:19,293 | INFO     |   → 1062/1297 ❌ HTTP 404 — https://raw.githubusercontent.com/satrom/V2SSR/master/V2RAY/Sub.txt
2026-06-26 19:45:19,293 | INFO     |   → 1063/1297: ✅ 12527 взято | 🗑️ 220815 мусор
2026-06-26 19:45:19,293 | INFO     |   → 1064/1297: ✅ 0 взято | 🗑️ 0 мусор
2026-06-26 19:45:19,293 | INFO     |   → 1065/1297: ✅ 0 взято | 🗑️ 0 мусор
2026-06-26 19:45:19,293 | INFO     |   → 1066/1297: ✅ 3 взято | 🗑️ 49 мусор
2026-06-26 19:45:19,293 | INFO     |   → 1067/1297: ✅ 367 взято | 🗑️ 2407 мусор
2026-06-26 19:45:19,293 | INFO     |   → 1068/1297: ✅ 0 взято | 🗑️ 1180 мусор
2026-06-26 19:45:19,293 | INFO     |   → 1069/1297: ✅ 0 взято | 🗑️ 130 мусор
2026-06-26 19:45:19,293 | INFO     |   → 1070/1297: ✅ 0 взято | 🗑️ 1070 мусор
2026-06-26 19:45:19,293 | INFO     |   → 1071/1297: ✅ 0 взято | 🗑️ 27 мусор
2026-06-26 19:45:19,293 | INFO     |   → 1072/1297: ✅ 0 взято | 🗑️ 2407 мусор
2026-06-26 19:45:19,294 | INFO     |   → 1073/1297: ✅ 0 взято | 🗑️ 0 мусор
2026-06-26 19:45:19,294 | INFO     |   → 1074/1297 ❌ HTTP 404 — https://raw.githubusercontent.com/shirkerboy/scp/main/sub
2026-06-26 19:45:19,294 | INFO     |   → 1075/1297 ❌ HTTP 404 — https://raw.githubusercontent.com/snakem982/proxypool/main/nodelist.txt
2026-06-26 19:45:19,294 | INFO     |   → 1076/1297: ✅ 0 взято | 🗑️ 3 мусор
2026-06-26 19:45:19,294 | INFO     |   → 1077/1297 ❌ HTTP 404 — https://raw.githubusercontent.com/snakem982/proxypool/main/source/v2ray.txt
2026-06-26 19:45:19,294 | INFO     |   → 1078/1297 ❌ HTTP 404 — https://raw.githubusercontent.com/soroushmirzaei/telegram-configs-collector/main/channels/protocols/hysteria
2026-06-26 19:45:19,294 | INFO     |   → 1079/1297 ❌ HTTP 404 — https://raw.githubusercontent.com/soroushmirzaei/telegram-configs-collector/main/channels/protocols/juicity
2026-06-26 19:45:19,294 | INFO     |   → 1080/1297 ❌ HTTP 404 — https://raw.githubusercontent.com/soroushmirzaei/telegram-configs-collector/main/channels/protocols/reality
2026-06-26 19:45:19,294 | INFO     |   → 1081/1297 ❌ HTTP 404 — https://raw.githubusercontent.com/soroushmirzaei/telegram-configs-collector/main/channels/protocols/shadowsocks
2026-06-26 19:45:19,294 | INFO     |   → 1082/1297 ❌ HTTP 404 — https://raw.githubusercontent.com/soroushmirzaei/telegram-configs-collector/main/channels/protocols/trojan
2026-06-26 19:45:19,294 | INFO     |   → 1083/1297 ❌ HTTP 404 — https://raw.githubusercontent.com/soroushmirzaei/telegram-configs-collector/main/channels/protocols/tuic
2026-06-26 19:45:19,294 | INFO     |   → 1084/1297 ❌ HTTP 404 — https://raw.githubusercontent.com/soroushmirzaei/telegram-configs-collector/main/channels/protocols/vless
2026-06-26 19:45:19,294 | INFO     |   → 1085/1297 ❌ HTTP 404 — https://raw.githubusercontent.com/soroushmirzaei/telegram-configs-collector/main/channels/protocols/vmess
2026-06-26 19:45:19,294 | INFO     |   → 1086/1297 ❌ HTTP 404 — https://raw.githubusercontent.com/soroushmirzaei/telegram-configs-collector/main/countries/jp/mixed
2026-06-26 19:45:19,294 | INFO     |   → 1087/1297 ❌ HTTP 404 — https://raw.githubusercontent.com/soroushmirzaei/telegram-configs-collector/main/protocols/hysteria
2026-06-26 19:45:19,294 | INFO     |   → 1088/1297 ❌ HTTP 404 — https://raw.githubusercontent.com/soroushmirzaei/telegram-configs-collector/main/protocols/juicity
2026-06-26 19:45:19,294 | INFO     |   → 1089/1297 ❌ HTTP 404 — https://raw.githubusercontent.com/soroushmirzaei/telegram-configs-collector/main/protocols/reality
2026-06-26 19:45:19,294 | INFO     |   → 1090/1297 ❌ HTTP 404 — https://raw.githubusercontent.com/soroushmirzaei/telegram-configs-collector/main/protocols/shadowsocks
2026-06-26 19:45:19,294 | INFO     |   → 1091/1297 ❌ HTTP 404 — https://raw.githubusercontent.com/soroushmirzaei/telegram-configs-collector/main/protocols/trojan
2026-06-26 19:45:19,294 | INFO     |   → 1092/1297 ❌ HTTP 404 — https://raw.githubusercontent.com/soroushmirzaei/telegram-configs-collector/main/protocols/tuic
2026-06-26 19:45:19,294 | INFO     |   → 1093/1297 ❌ HTTP 404 — https://raw.githubusercontent.com/soroushmirzaei/telegram-configs-collector/main/protocols/vless
2026-06-26 19:45:19,294 | INFO     |   → 1094/1297 ❌ HTTP 404 — https://raw.githubusercontent.com/soroushmirzaei/telegram-configs-collector/main/protocols/vmess
2026-06-26 19:45:19,294 | INFO     |   → 1095/1297 ❌ HTTP 404 — https://raw.githubusercontent.com/soroushmirzaei/telegram-configs-collector/main/splitted/subscribe
2026-06-26 19:45:19,294 | INFO     |   → 1096/1297 ❌ HTTP 404 — https://raw.githubusercontent.com/ssrsub/ssr/master/Clash.yml
2026-06-26 19:45:19,294 | INFO     |   → 1097/1297 ❌ HTTP 404 — https://raw.githubusercontent.com/ssrsub/ssr/master/V2Ray
2026-06-26 19:45:19,294 | INFO     |   → 1098/1297 ❌ HTTP 404 — https://raw.githubusercontent.com/ssrsub/ssr/master/ss-sub
2026-06-26 19:45:19,294 | INFO     |   → 1099/1297 ❌ HTTP 404 — https://raw.githubusercontent.com/ssrsub/ssr/master/ssrsub
2026-06-26 19:45:19,294 | INFO     |   → 1100/1297 ❌ HTTP 404 — https://raw.githubusercontent.com/ssrsub/ssr/master/trojan
2026-06-26 19:45:19,294 | INFO     |   → 1101/1297: ✅ 0 взято | 🗑️ 0 мусор
2026-06-26 19:45:19,294 | INFO     |   → 1102/1297: ✅ 2 взято | 🗑️ 12 мусор
2026-06-26 19:45:19,294 | INFO     |   → 1103/1297: ✅ 0 взято | 🗑️ 13 мусор
2026-06-26 19:45:19,294 | INFO     |   → 1104/1297: ✅ 0 взято | 🗑️ 13 мусор
2026-06-26 19:45:19,294 | INFO     |   → 1105/1297 ❌ HTTP 404 — https://raw.githubusercontent.com/tbbatbb/Proxy/master/dist/clash.config.yaml
2026-06-26 19:45:19,294 | INFO     |   → 1106/1297: ✅ 2 взято | 🗑️ 35 мусор
2026-06-26 19:45:19,294 | INFO     |   → 1107/1297: ✅ 0 взято | 🗑️ 0 мусор
2026-06-26 19:45:19,294 | INFO     |   → 1108/1297: ✅ 5 взято | 🗑️ 111 мусор
2026-06-26 19:45:19,294 | INFO     |   → 1109/1297: ✅ 0 взято | 🗑️ 0 мусор
2026-06-26 19:45:19,294 | INFO     |   → 1110/1297: ✅ 0 взято | 🗑️ 157 мусор
2026-06-26 19:45:19,294 | INFO     |   → 1111/1297 ❌ HTTP 404 — https://raw.githubusercontent.com/v2clash/Autoproxy/a81f840ab2364124133572ec94e4b81fb0d4e58d/sub/2401/240104.txt
2026-06-26 19:45:19,294 | INFO     |   → 1112/1297 ❌ HTTP 404 — https://raw.githubusercontent.com/v2clash/V2ray-Configs/31f493c584d0c7b56350f4a34d80c53ad82bcc18/Sub9.txt
2026-06-26 19:45:19,294 | INFO     |   → 1113/1297: ✅ 0 взято | 🗑️ 0 мусор
2026-06-26 19:45:19,294 | INFO     |   → 1114/1297: ✅ 0 взято | 🗑️ 0 мусор
2026-06-26 19:45:19,294 | INFO     |   → 1115/1297: ✅ 0 взято | 🗑️ 0 мусор
2026-06-26 19:45:19,294 | INFO     |   → 1116/1297: ✅ 283 взято | 🗑️ 9640 мусор
2026-06-26 19:45:19,294 | INFO     |   → 1117/1297: ✅ 281 взято | 🗑️ 10086 мусор
2026-06-26 19:45:19,294 | INFO     |   → 1118/1297: ✅ 280 взято | 🗑️ 9675 мусор
2026-06-26 19:45:19,294 | INFO     |   → 1119/1297: ✅ 334 взято | 🗑️ 9823 мусор
2026-06-26 19:45:19,294 | INFO     |   → 1120/1297: ✅ 350 взято | 🗑️ 9639 мусор
2026-06-26 19:45:19,295 | INFO     |   → 1121/1297: ✅ 125 взято | 🗑️ 7919 мусор
2026-06-26 19:45:19,295 | INFO     |   → 1122/1297: ✅ 135 взято | 🗑️ 4836 мусор
2026-06-26 19:45:19,295 | INFO     |   → 1123/1297: ✅ 502 взято | 🗑️ 7659 мусор
2026-06-26 19:45:19,295 | INFO     |   → 1124/1297: ✅ 631 взято | 🗑️ 8081 мусор
2026-06-26 19:45:19,295 | INFO     |   → 1125/1297: ✅ 202 взято | 🗑️ 5131 мусор
2026-06-26 19:45:19,295 | INFO     |   → 1126/1297 ❌ HTTP 404 — https://raw.githubusercontent.com/vveg26/chromego_merge/main/sub/merged_proxies.yaml
2026-06-26 19:45:19,295 | INFO     |   → 1127/1297 ❌ HTTP 404 — https://raw.githubusercontent.com/vveg26/get_proxy/main/dist/clash.config.yaml
2026-06-26 19:45:19,295 | INFO     |   → 1128/1297: ✅ 0 взято | 🗑️ 10 мусор
2026-06-26 19:45:19,295 | INFO     |   → 1129/1297: ✅ 0 взято | 🗑️ 10 мусор
2026-06-26 19:45:19,295 | INFO     |   → 1130/1297: ✅ 0 взято | 🗑️ 4 мусор
2026-06-26 19:45:19,295 | INFO     |   → 1131/1297: ✅ 0 взято | 🗑️ 0 мусор
2026-06-26 19:45:19,295 | INFO     |   → 1132/1297: ✅ 0 взято | 🗑️ 4 мусор
2026-06-26 19:45:19,295 | INFO     |   → 1133/1297: ✅ 106 взято | 🗑️ 689 мусор
2026-06-26 19:45:19,295 | INFO     |   → 1134/1297: ✅ 48 взято | 🗑️ 841 мусор
2026-06-26 19:45:19,295 | INFO     |   → 1135/1297: ✅ 21 взято | 🗑️ 789 мусор
2026-06-26 19:45:19,295 | INFO     |   → 1136/1297: ✅ 24 взято | 🗑️ 774 мусор
2026-06-26 19:45:19,295 | INFO     |   → 1137/1297: ✅ 52 взято | 🗑️ 756 мусор
2026-06-26 19:45:19,295 | INFO     |   → 1138/1297: ✅ 191 взято | 🗑️ 745 мусор
2026-06-26 19:45:19,295 | INFO     |   → 1139/1297: ✅ 9 взято | 🗑️ 651 мусор
2026-06-26 19:45:19,295 | INFO     |   → 1140/1297: ✅ 185 взято | 🗑️ 388 мусор
2026-06-26 19:45:19,295 | INFO     |   → 1141/1297: ✅ 130 взято | 🗑️ 523 мусор
2026-06-26 19:45:19,295 | INFO     |   → 1142/1297: ✅ 67 взято | 🗑️ 533 мусор
2026-06-26 19:45:19,295 | INFO     |   → 1143/1297: ✅ 98 взято | 🗑️ 444 мусор
2026-06-26 19:45:19,295 | INFO     |   → 1144/1297: ✅ 102 взято | 🗑️ 670 мусор
2026-06-26 19:45:19,295 | INFO     |   → 1145/1297: ✅ 86 взято | 🗑️ 476 мусор
2026-06-26 19:45:19,295 | INFO     |   → 1146/1297: ✅ 95 взято | 🗑️ 657 мусор
2026-06-26 19:45:19,295 | INFO     |   → 1147/1297: ✅ 105 взято | 🗑️ 645 мусор
2026-06-26 19:45:19,295 | INFO     |   → 1148/1297: ✅ 115 взято | 🗑️ 985 мусор
2026-06-26 19:45:19,295 | INFO     |   → 1149/1297: ✅ 6 взято | 🗑️ 63 мусор
2026-06-26 19:45:19,295 | INFO     |   → 1150/1297: ✅ 7 взято | 🗑️ 62 мусор
2026-06-26 19:45:19,295 | INFO     |   → 1151/1297: ✅ 39 взято | 🗑️ 489 мусор
2026-06-26 19:45:19,295 | INFO     |   → 1152/1297: ✅ 0 взято | 🗑️ 0 мусор
2026-06-26 19:45:19,295 | INFO     |   → 1153/1297: ✅ 0 взято | 🗑️ 0 мусор
2026-06-26 19:45:19,295 | INFO     |   → 1154/1297: ✅ 0 взято | 🗑️ 0 мусор
2026-06-26 19:45:19,295 | INFO     |   → 1155/1297: ✅ 0 взято | 🗑️ 0 мусор
2026-06-26 19:45:19,295 | INFO     |   → 1156/1297: ✅ 0 взято | 🗑️ 0 мусор
2026-06-26 19:45:19,296 | INFO     |   → 1157/1297: ✅ 0 взято | 🗑️ 52 мусор
2026-06-26 19:45:19,296 | INFO     |   → 1158/1297: ✅ 5 взято | 🗑️ 10 мусор
2026-06-26 19:45:19,296 | INFO     |   → 1159/1297: ✅ 1 взято | 🗑️ 124 мусор
2026-06-26 19:45:19,296 | INFO     |   → 1160/1297: ✅ 198 взято | 🗑️ 141 мусор
2026-06-26 19:45:19,296 | INFO     |   → 1161/1297: ✅ 0 взято | 🗑️ 9 мусор
2026-06-26 19:45:19,296 | INFO     |   → 1162/1297: ✅ 12 взято | 🗑️ 1064 мусор
2026-06-26 19:45:19,296 | INFO     |   → 1163/1297 ❌ HTTP 404 — https://raw.githubusercontent.com/xiaozhu2007/xiaozhu2007/61a755a044dbaeea678bc2d1e20f21a21c6d7170/docs/fxxk.txt
2026-06-26 19:45:19,296 | INFO     |   → 1164/1297: ✅ 1 взято | 🗑️ 159 мусор
2026-06-26 19:45:19,296 | INFO     |   → 1165/1297: ✅ 0 взято | 🗑️ 22 мусор
2026-06-26 19:45:19,296 | INFO     |   → 1166/1297: ✅ 0 взято | 🗑️ 0 мусор
2026-06-26 19:45:19,296 | INFO     |   → 1167/1297 ❌ HTTP 404 — https://raw.githubusercontent.com/yebekhe/TVC/0f745f92bf381e505f1245abbc7c145b19b11503/config.txt
2026-06-26 19:45:19,296 | INFO     |   → 1168/1297 ❌ HTTP 404 — https://raw.githubusercontent.com/yebekhe/TVC/9fac69239c69327fb7a61f5a8d79d107133889e1/lite/config.txt
2026-06-26 19:45:19,296 | INFO     |   → 1169/1297 ❌ HTTP 404 — https://raw.githubusercontent.com/yebekhe/TelegramV2rayCollector/main/sub/normal/donated
2026-06-26 19:45:19,296 | INFO     |   → 1170/1297 ❌ HTTP 404 — https://raw.githubusercontent.com/yebekhe/TelegramV2rayCollector/main/sub/normal/hysteria2
2026-06-26 19:45:19,296 | INFO     |   → 1171/1297 ❌ HTTP 404 — https://raw.githubusercontent.com/yebekhe/TelegramV2rayCollector/main/sub/normal/mix
2026-06-26 19:45:19,296 | INFO     |   → 1172/1297 ❌ HTTP 404 — https://raw.githubusercontent.com/yebekhe/TelegramV2rayCollector/main/sub/normal/reality
2026-06-26 19:45:19,296 | INFO     |   → 1173/1297 ❌ HTTP 404 — https://raw.githubusercontent.com/yebekhe/TelegramV2rayCollector/main/sub/normal/shadowsocks
2026-06-26 19:45:19,296 | INFO     |   → 1174/1297 ❌ HTTP 404 — https://raw.githubusercontent.com/yebekhe/TelegramV2rayCollector/main/sub/normal/trojan
2026-06-26 19:45:19,296 | INFO     |   → 1175/1297 ❌ HTTP 404 — https://raw.githubusercontent.com/yebekhe/TelegramV2rayCollector/main/sub/normal/tuic
2026-06-26 19:45:19,296 | INFO     |   → 1176/1297 ❌ HTTP 404 — https://raw.githubusercontent.com/yebekhe/TelegramV2rayCollector/main/sub/normal/vless
2026-06-26 19:45:19,296 | INFO     |   → 1177/1297 ❌ HTTP 404 — https://raw.githubusercontent.com/yebekhe/TelegramV2rayCollector/main/sub/normal/vmess
2026-06-26 19:45:19,296 | INFO     |   → 1178/1297 ❌ HTTP 404 — https://raw.githubusercontent.com/yebekhe/V2Hub/main/Split/Normal/shadowsocks
2026-06-26 19:45:19,296 | INFO     |   → 1179/1297 ❌ HTTP 404 — https://raw.githubusercontent.com/yebekhe/V2Hub/main/merged
2026-06-26 19:45:19,296 | INFO     |   → 1180/1297: ✅ 0 взято | 🗑️ 30 мусор
2026-06-26 19:45:19,296 | INFO     |   → 1181/1297: ✅ 1252 взято | 🗑️ 10527 мусор
2026-06-26 19:45:19,296 | INFO     |   → 1182/1297: ✅ 6 взято | 🗑️ 423 мусор
2026-06-26 19:45:19,296 | INFO     |   → 1183/1297: ✅ 14 взято | 🗑️ 417 мусор
2026-06-26 19:45:19,296 | INFO     |   → 1184/1297: ✅ 211 взято | 🗑️ 437 мусор
2026-06-26 19:45:19,296 | INFO     |   → 1185/1297: ✅ 0 взято | 🗑️ 2011 мусор
2026-06-26 19:45:19,296 | INFO     |   → 1186/1297: ✅ 3 взято | 🗑️ 562 мусор
2026-06-26 19:45:19,296 | INFO     |   → 1187/1297 ❌ HTTP 404 — https://raw.githubusercontent.com/yyyr-otz/tele-providers-collector/019cb3e07ee52fddbc7caa54fc670c6b9bae6539/sub/proxies.txt
2026-06-26 19:45:19,296 | INFO     |   → 1188/1297 ❌ HTTP 404 — https://raw.githubusercontent.com/yyyr-otz/tele-providers-collector/b7a74ee98bcf02c5a507d688a1bed3aa9f7f4ed1/script/raw/protocols/mixed.txt
2026-06-26 19:45:19,296 | INFO     |   → 1189/1297: ✅ 0 взято | 🗑️ 0 мусор
2026-06-26 19:45:19,296 | INFO     |   → 1190/1297: ✅ 0 взято | 🗑️ 0 мусор
2026-06-26 19:45:19,296 | INFO     |   → 1191/1297: ✅ 1 взято | 🗑️ 18 мусор
2026-06-26 19:45:19,296 | INFO     |   → 1192/1297: ✅ 36 взято | 🗑️ 1210 мусор
2026-06-26 19:45:19,296 | INFO     |   → 1193/1297: ✅ 0 взято | 🗑️ 5 мусор
2026-06-26 19:45:19,296 | INFO     |   → 1194/1297: ✅ 0 взято | 🗑️ 0 мусор
2026-06-26 19:45:19,297 | INFO     |   → 1195/1297 ⚠️ Ошибка: ('Connection aborted.', RemoteDisconnected('Remote end closed connection without response')) — https://sub.pmsub.me/clash.yaml
2026-06-26 19:45:19,297 | INFO     |   → 1196/1297: ✅ 0 взято | 🗑️ 1 мусор
2026-06-26 19:45:19,297 | INFO     |   → 1197/1297: ✅ 8 взято | 🗑️ 21 мусор
2026-06-26 19:45:19,297 | INFO     |   → 1198/1297: ✅ 0 взято | 🗑️ 0 мусор
2026-06-26 19:45:19,297 | INFO     |   → 1199/1297: ✅ 9 взято | 🗑️ 19 мусор
2026-06-26 19:45:19,297 | INFO     |   → 1200/1297: ✅ 0 взято | 🗑️ 0 мусор
2026-06-26 19:45:19,297 | INFO     |   → 1201/1297: ✅ 2 взято | 🗑️ 14 мусор
2026-06-26 19:45:19,297 | INFO     |   → 1202/1297: ✅ 4 взято | 🗑️ 22 мусор
2026-06-26 19:45:19,297 | INFO     |   → 1203/1297: ✅ 0 взято | 🗑️ 0 мусор
2026-06-26 19:45:19,297 | INFO     |   → 1204/1297: ✅ 0 взято | 🗑️ 0 мусор
2026-06-26 19:45:19,297 | INFO     |   → 1205/1297: ✅ 0 взято | 🗑️ 0 мусор
2026-06-26 19:45:19,297 | INFO     |   → 1206/1297: ✅ 2 взято | 🗑️ 16 мусор
2026-06-26 19:45:19,297 | INFO     |   → 1207/1297: ✅ 0 взято | 🗑️ 0 мусор
2026-06-26 19:45:19,297 | INFO     |   → 1208/1297: ✅ 4 взято | 🗑️ 7 мусор
2026-06-26 19:45:19,297 | INFO     |   → 1209/1297: ✅ 0 взято | 🗑️ 0 мусор
2026-06-26 19:45:19,297 | INFO     |   → 1210/1297: ✅ 6 взято | 🗑️ 14 мусор
2026-06-26 19:45:19,297 | INFO     |   → 1211/1297: ✅ 0 взято | 🗑️ 0 мусор
2026-06-26 19:45:19,297 | INFO     |   → 1212/1297: ✅ 2 взято | 🗑️ 13 мусор
2026-06-26 19:45:19,297 | INFO     |   → 1213/1297: ✅ 0 взято | 🗑️ 0 мусор
2026-06-26 19:45:19,297 | INFO     |   → 1214/1297: ✅ 0 взято | 🗑️ 0 мусор
2026-06-26 19:45:19,297 | INFO     |   → 1215/1297: ✅ 2 взято | 🗑️ 7 мусор
2026-06-26 19:45:19,297 | INFO     |   → 1216/1297: ✅ 1 взято | 🗑️ 14 мусор
2026-06-26 19:45:19,297 | INFO     |   → 1217/1297: ✅ 2 взято | 🗑️ 14 мусор
2026-06-26 19:45:19,297 | INFO     |   → 1218/1297: ✅ 0 взято | 🗑️ 0 мусор
2026-06-26 19:45:19,297 | INFO     |   → 1219/1297: ✅ 3 взято | 🗑️ 22 мусор
2026-06-26 19:45:19,297 | INFO     |   → 1220/1297: ✅ 0 взято | 🗑️ 0 мусор
2026-06-26 19:45:19,297 | INFO     |   → 1221/1297: ✅ 2 взято | 🗑️ 15 мусор
2026-06-26 19:45:19,297 | INFO     |   → 1222/1297: ✅ 3 взято | 🗑️ 12 мусор
2026-06-26 19:45:19,297 | INFO     |   → 1223/1297: ✅ 0 взято | 🗑️ 0 мусор
2026-06-26 19:45:19,297 | INFO     |   → 1224/1297: ✅ 0 взято | 🗑️ 0 мусор
2026-06-26 19:45:19,297 | INFO     |   → 1225/1297: ✅ 0 взято | 🗑️ 0 мусор
2026-06-26 19:45:19,297 | INFO     |   → 1226/1297: ✅ 4 взято | 🗑️ 11 мусор
2026-06-26 19:45:19,297 | INFO     |   → 1227/1297: ✅ 10 взято | 🗑️ 15 мусор
2026-06-26 19:45:19,297 | INFO     |   → 1228/1297: ✅ 0 взято | 🗑️ 0 мусор
2026-06-26 19:45:19,297 | INFO     |   → 1229/1297: ✅ 13 взято | 🗑️ 15 мусор
2026-06-26 19:45:19,297 | INFO     |   → 1230/1297: ✅ 0 взято | 🗑️ 0 мусор
2026-06-26 19:45:19,297 | INFO     |   → 1231/1297: ✅ 5 взято | 🗑️ 15 мусор
2026-06-26 19:45:19,297 | INFO     |   → 1232/1297: ✅ 0 взято | 🗑️ 0 мусор
2026-06-26 19:45:19,298 | INFO     |   → 1233/1297: ✅ 8 взято | 🗑️ 16 мусор
2026-06-26 19:45:19,298 | INFO     |   → 1234/1297: ✅ 0 взято | 🗑️ 0 мусор
2026-06-26 19:45:19,298 | INFO     |   → 1235/1297: ✅ 0 взято | 🗑️ 24 мусор
2026-06-26 19:45:19,298 | INFO     |   → 1236/1297: ✅ 0 взято | 🗑️ 0 мусор
2026-06-26 19:45:19,298 | INFO     |   → 1237/1297: ✅ 4 взято | 🗑️ 17 мусор
2026-06-26 19:45:19,298 | INFO     |   → 1238/1297: ✅ 0 взято | 🗑️ 0 мусор
2026-06-26 19:45:19,298 | INFO     |   → 1239/1297: ✅ 12 взято | 🗑️ 18 мусор
2026-06-26 19:45:19,298 | INFO     |   → 1240/1297: ✅ 0 взято | 🗑️ 0 мусор
2026-06-26 19:45:19,298 | INFO     |   → 1241/1297: ✅ 2 взято | 🗑️ 17 мусор
2026-06-26 19:45:19,298 | INFO     |   → 1242/1297: ✅ 0 взято | 🗑️ 0 мусор
2026-06-26 19:45:19,298 | INFO     |   → 1243/1297: ✅ 1 взято | 🗑️ 27 мусор
2026-06-26 19:45:19,298 | INFO     |   → 1244/1297: ✅ 0 взято | 🗑️ 0 мусор
2026-06-26 19:45:19,298 | INFO     |   → 1245/1297: ✅ 4 взято | 🗑️ 15 мусор
2026-06-26 19:45:19,298 | INFO     |   → 1246/1297: ✅ 0 взято | 🗑️ 0 мусор
2026-06-26 19:45:19,298 | INFO     |   → 1247/1297: ✅ 4 взято | 🗑️ 26 мусор
2026-06-26 19:45:19,298 | INFO     |   → 1248/1297: ✅ 0 взято | 🗑️ 0 мусор
2026-06-26 19:45:19,298 | INFO     |   → 1249/1297: ✅ 3 взято | 🗑️ 21 мусор
2026-06-26 19:45:19,298 | INFO     |   → 1250/1297: ✅ 0 взято | 🗑️ 0 мусор
2026-06-26 19:45:19,298 | INFO     |   → 1251/1297: ✅ 8 взято | 🗑️ 12 мусор
2026-06-26 19:45:19,298 | INFO     |   → 1252/1297: ✅ 0 взято | 🗑️ 0 мусор
2026-06-26 19:45:19,298 | INFO     |   → 1253/1297: ✅ 8 взято | 🗑️ 15 мусор
2026-06-26 19:45:19,298 | INFO     |   → 1254/1297: ✅ 0 взято | 🗑️ 0 мусор
2026-06-26 19:45:19,298 | INFO     |   → 1255/1297: ✅ 10 взято | 🗑️ 14 мусор
2026-06-26 19:45:19,298 | INFO     |   → 1256/1297: ✅ 0 взято | 🗑️ 0 мусор
2026-06-26 19:45:19,298 | INFO     |   → 1257/1297: ✅ 5 взято | 🗑️ 18 мусор
2026-06-26 19:45:19,298 | INFO     |   → 1258/1297: ✅ 0 взято | 🗑️ 0 мусор
2026-06-26 19:45:19,298 | INFO     |   → 1259/1297: ✅ 5 взято | 🗑️ 22 мусор
2026-06-26 19:45:19,298 | INFO     |   → 1260/1297: ✅ 0 взято | 🗑️ 0 мусор
2026-06-26 19:45:19,298 | INFO     |   → 1261/1297: ✅ 5 взято | 🗑️ 18 мусор
2026-06-26 19:45:19,298 | INFO     |   → 1262/1297: ✅ 0 взято | 🗑️ 0 мусор
2026-06-26 19:45:19,298 | INFO     |   → 1263/1297: ✅ 1 взято | 🗑️ 23 мусор
2026-06-26 19:45:19,298 | INFO     |   → 1264/1297: ✅ 0 взято | 🗑️ 0 мусор
2026-06-26 19:45:19,298 | INFO     |   → 1265/1297: ✅ 5 взято | 🗑️ 18 мусор
2026-06-26 19:45:19,298 | INFO     |   → 1266/1297: ✅ 0 взято | 🗑️ 0 мусор
2026-06-26 19:45:19,298 | INFO     |   → 1267/1297: ✅ 17 взято | 🗑️ 7 мусор
2026-06-26 19:45:19,298 | INFO     |   → 1268/1297: ✅ 0 взято | 🗑️ 0 мусор
2026-06-26 19:45:19,298 | INFO     |   → 1269/1297: ✅ 3 взято | 🗑️ 17 мусор
2026-06-26 19:45:19,298 | INFO     |   → 1270/1297: ✅ 0 взято | 🗑️ 0 мусор
2026-06-26 19:45:19,299 | INFO     |   → 1271/1297: ✅ 7 взято | 🗑️ 14 мусор
2026-06-26 19:45:19,299 | INFO     |   → 1272/1297: ✅ 0 взято | 🗑️ 0 мусор
2026-06-26 19:45:19,299 | INFO     |   → 1273/1297: ✅ 7 взято | 🗑️ 14 мусор
2026-06-26 19:45:19,299 | INFO     |   → 1274/1297: ✅ 0 взято | 🗑️ 0 мусор
2026-06-26 19:45:19,299 | INFO     |   → 1275/1297: ✅ 8 взято | 🗑️ 11 мусор
2026-06-26 19:45:19,299 | INFO     |   → 1276/1297: ✅ 0 взято | 🗑️ 0 мусор
2026-06-26 19:45:19,299 | INFO     |   → 1277/1297: ✅ 0 взято | 🗑️ 22 мусор
2026-06-26 19:45:19,299 | INFO     |   → 1278/1297: ✅ 0 взято | 🗑️ 0 мусор
2026-06-26 19:45:19,299 | INFO     |   → 1279/1297: ✅ 3 взято | 🗑️ 12 мусор
2026-06-26 19:45:19,299 | INFO     |   → 1280/1297: ✅ 0 взято | 🗑️ 0 мусор
2026-06-26 19:45:19,299 | INFO     |   → 1281/1297: ✅ 0 взято | 🗑️ 7 мусор
2026-06-26 19:45:19,299 | INFO     |   → 1282/1297: ✅ 0 взято | 🗑️ 0 мусор
2026-06-26 19:45:19,299 | INFO     |   → 1283/1297: ✅ 3 взято | 🗑️ 8 мусор
2026-06-26 19:45:19,299 | INFO     |   → 1284/1297: ✅ 0 взято | 🗑️ 0 мусор
2026-06-26 19:45:19,299 | INFO     |   → 1285/1297: ✅ 6 взято | 🗑️ 12 мусор
2026-06-26 19:45:19,299 | INFO     |   → 1286/1297: ✅ 0 взято | 🗑️ 0 мусор
2026-06-26 19:45:19,299 | INFO     |   → 1287/1297: ✅ 2 взято | 🗑️ 12 мусор
2026-06-26 19:45:19,299 | INFO     |   → 1288/1297: ✅ 0 взято | 🗑️ 0 мусор
2026-06-26 19:45:19,299 | INFO     |   → 1289/1297: ✅ 8 взято | 🗑️ 12 мусор
2026-06-26 19:45:19,299 | INFO     |   → 1290/1297: ✅ 0 взято | 🗑️ 0 мусор
2026-06-26 19:45:19,299 | INFO     |   → 1291/1297: ✅ 0 взято | 🗑️ 10 мусор
2026-06-26 19:45:19,299 | INFO     |   → 1292/1297: ✅ 0 взято | 🗑️ 0 мусор
2026-06-26 19:45:19,299 | INFO     |   → 1293/1297: ✅ 7 взято | 🗑️ 14 мусор
2026-06-26 19:45:19,299 | INFO     |   → 1294/1297: ✅ 0 взято | 🗑️ 0 мусор
2026-06-26 19:45:19,299 | INFO     |   → 1295/1297: ✅ 4 взято | 🗑️ 19 мусор
2026-06-26 19:45:19,299 | INFO     |   → 1296/1297: ✅ 0 взято | 🗑️ 0 мусор
2026-06-26 19:45:19,299 | INFO     |   → 1297/1297: ✅ 0 взято | 🗑️ 6 мусор
2026-06-26 19:45:19,299 | INFO     |   → ✅ ГОТОВО!
2026-06-26 19:45:19,299 | INFO     |   →    📥 Всего ключей после фильтра: 53681
2026-06-26 19:45:19,299 | INFO     |   →    🔗 Уникальных IP:PORT:SCHEME: 14049
2026-06-26 19:45:19,299 | INFO     |   →    🗑️ Выброшено мусора: 899838
2026-06-26 19:45:19,299 | INFO     |   → 📊 По протоколам:
2026-06-26 19:45:19,299 | INFO     |   →    vless: 6215
2026-06-26 19:45:19,299 | INFO     |   →    vmess: 3828
2026-06-26 19:45:19,299 | INFO     |   →    trojan: 1809
2026-06-26 19:45:19,299 | INFO     |   →    ss: 2027
2026-06-26 19:45:19,299 | INFO     |   →    hysteria: 14
2026-06-26 19:45:19,299 | INFO     |   →    hysteria2: 32
2026-06-26 19:45:19,299 | INFO     |   →    hy2: 71
2026-06-26 19:45:19,299 | INFO     |   →    tuic: 53
2026-06-26 19:45:19,299 | INFO     | ✅ mirror.py завершён успешно
2026-06-26 19:45:19,300 | INFO     | 
2026-06-26 19:45:19,300 | INFO     | 
2026-06-26 19:45:19,300 | INFO     | ──────────────────────────────────────────────────────────────────────
2026-06-26 19:45:19,300 | INFO     | 📌 ЭТАП: Фильтрация по реальному SNI
2026-06-26 19:45:19,300 | INFO     | ──────────────────────────────────────────────────────────────────────
2026-06-26 19:45:19,300 | INFO     | 🚀 Запуск filter_ru_sni.py (Фильтр по реальному SNI (CDN+RU))...
2026-06-26 19:45:19,554 | INFO     |   → hy2.txt: 71 → 21 (SNI-filtered)
2026-06-26 19:45:19,554 | INFO     |   →   hysteria.txt: 14 → 0 (SNI-filtered)
2026-06-26 19:45:19,554 | INFO     |   →   hysteria2.txt: 32 → 5 (SNI-filtered)
2026-06-26 19:45:19,554 | INFO     |   →   ss.txt: 2027 → 3 (SNI-filtered)
2026-06-26 19:45:19,554 | INFO     |   →   trojan.txt: 1809 → 17 (SNI-filtered)
2026-06-26 19:45:19,554 | INFO     |   →   tuic.txt: 53 → 0 (SNI-filtered)
2026-06-26 19:45:19,554 | INFO     |   →   vless.txt: 6215 → 1060 (SNI-filtered)
2026-06-26 19:45:19,554 | INFO     |   →   vmess.txt: 3828 → 39 (SNI-filtered)
2026-06-26 19:45:19,554 | INFO     |   → ==================================================
2026-06-26 19:45:19,554 | INFO     |   →   Всего входных:  14049
2026-06-26 19:45:19,554 | INFO     |   →   Прошли фильтр:  1145
2026-06-26 19:45:19,554 | INFO     |   →   Отброшено:      12904
2026-06-26 19:45:19,554 | INFO     |   → ==================================================
2026-06-26 19:45:19,554 | INFO     |   → Готово → /home/runner/work/vpn-vless-configs-russia/vpn-vless-configs-russia/githubmirror/ru-sni
2026-06-26 19:45:19,554 | INFO     | ✅ filter_ru_sni.py завершён успешно
2026-06-26 19:45:19,554 | INFO     | 
2026-06-26 19:45:19,555 | INFO     | 
2026-06-26 19:45:19,555 | INFO     | ──────────────────────────────────────────────────────────────────────
2026-06-26 19:45:19,555 | INFO     | 📌 ЭТАП: Экспериментальный RU-SNI фильтр
2026-06-26 19:45:19,555 | INFO     | ──────────────────────────────────────────────────────────────────────
2026-06-26 19:45:19,555 | INFO     | 🚀 Запуск filter_ru_sni_local.py (Экспериментальный фильтр по RU-SNI (локальные домены))...
2026-06-26 19:45:19,727 | INFO     |   → hy2.txt: 71 → 0 (RU-SNI)
2026-06-26 19:45:19,727 | INFO     |   → hysteria.txt: 14 → 0 (RU-SNI)
2026-06-26 19:45:19,727 | INFO     |   → hysteria2.txt: 32 → 0 (RU-SNI)
2026-06-26 19:45:19,727 | INFO     |   → ss.txt: 2027 → 0 (RU-SNI)
2026-06-26 19:45:19,727 | INFO     |   → trojan.txt: 1809 → 0 (RU-SNI)
2026-06-26 19:45:19,727 | INFO     |   → tuic.txt: 53 → 0 (RU-SNI)
2026-06-26 19:45:19,727 | INFO     |   → vless.txt: 6215 → 185 (RU-SNI)
2026-06-26 19:45:19,727 | INFO     |   → vmess.txt: 3828 → 0 (RU-SNI)
2026-06-26 19:45:19,727 | INFO     |   → ==================================================
2026-06-26 19:45:19,727 | INFO     |   → Всего входных:  14049
2026-06-26 19:45:19,727 | INFO     |   → Прошли RU-SNI:  185
2026-06-26 19:45:19,727 | INFO     |   → Отброшено:      13864
2026-06-26 19:45:19,727 | INFO     |   → ==================================================
2026-06-26 19:45:19,727 | INFO     |   → Готово → /home/runner/work/vpn-vless-configs-russia/vpn-vless-configs-russia/githubmirror/ru-sni-local
2026-06-26 19:45:19,727 | INFO     | ✅ filter_ru_sni_local.py завершён успешно
2026-06-26 19:45:19,727 | INFO     | 
2026-06-26 19:45:19,727 | INFO     | 
2026-06-26 19:45:19,727 | INFO     | ──────────────────────────────────────────────────────────────────────
2026-06-26 19:45:19,727 | INFO     | 📌 ЭТАП: Сбор статистики
2026-06-26 19:45:19,727 | INFO     | ──────────────────────────────────────────────────────────────────────
2026-06-26 19:45:19,727 | INFO     | 📊 Сбор статистики...
2026-06-26 19:45:19,728 | INFO     |   📁 githubmirror/clean:
2026-06-26 19:45:19,728 | INFO     |     • hy2         :    71 конфигов
2026-06-26 19:45:19,728 | INFO     |     • hysteria    :    14 конфигов
2026-06-26 19:45:19,728 | INFO     |     • hysteria2   :    32 конфигов
2026-06-26 19:45:19,729 | INFO     |     • ss          :  2027 конфигов
2026-06-26 19:45:19,731 | INFO     |     • trojan      :  1809 конфигов
2026-06-26 19:45:19,731 | INFO     |     • tuic        :    53 конфигов
2026-06-26 19:45:19,737 | INFO     |     • vless       :  6215 конфигов
2026-06-26 19:45:19,739 | INFO     |     • vmess       :  3828 конфигов
2026-06-26 19:45:19,739 | INFO     |   📁 githubmirror/ru-sni:
2026-06-26 19:45:19,740 | INFO     |     • hy2         :    21 конфигов ( 29.6% от clean)
2026-06-26 19:45:19,740 | INFO     |     • hysteria    :     0 конфигов (  0.0% от clean)
2026-06-26 19:45:19,740 | INFO     |     • hysteria2   :     5 конфигов ( 15.6% от clean)
2026-06-26 19:45:19,740 | INFO     |     • ss          :     3 конфигов (  0.1% от clean)
2026-06-26 19:45:19,740 | INFO     |     • trojan      :    17 конфигов (  0.9% от clean)
2026-06-26 19:45:19,740 | INFO     |     • tuic        :     0 конфигов (  0.0% от clean)
2026-06-26 19:45:19,741 | INFO     |     • vless       :  1060 конфигов ( 17.1% от clean)
2026-06-26 19:45:19,741 | INFO     |     • vmess       :    39 конфигов (  1.0% от clean)
2026-06-26 19:45:19,741 | INFO     | 
2026-06-26 19:45:19,741 | INFO     |   ──────────────────────────────────────────────────
2026-06-26 19:45:19,741 | INFO     |   📈 ИТОГО:
2026-06-26 19:45:19,741 | INFO     |     Clean (после geo-фильтра):    14049
2026-06-26 19:45:19,741 | INFO     |     RU-SNI (после SNI-фильтра):    1145
2026-06-26 19:45:19,741 | INFO     |     Прошло фильтр:                  8.2%
2026-06-26 19:45:19,741 | INFO     |   ──────────────────────────────────────────────────
2026-06-26 19:45:19,742 | INFO     | ✅ Статистика сохранена: /home/runner/work/vpn-vless-configs-russia/vpn-vless-configs-russia/stats.json
2026-06-26 19:45:19,742 | INFO     | 
2026-06-26 19:45:19,742 | INFO     | ======================================================================
2026-06-26 19:45:19,742 | INFO     | 📊 ИТОГОВЫЙ ОТЧЁТ
2026-06-26 19:45:19,742 | INFO     | ======================================================================
2026-06-26 19:45:19,742 | INFO     |   ✅ OK         | Загрузка и geo-фильтрация
2026-06-26 19:45:19,742 | INFO     |   ✅ OK         | Фильтрация по реальному SNI
2026-06-26 19:45:19,742 | INFO     |   ✅ OK         | Экспериментальный RU-SNI фильтр
2026-06-26 19:45:19,742 | INFO     |   ✅ OK         | Сбор статистики
2026-06-26 19:45:19,742 | INFO     | ──────────────────────────────────────────────────────────────────────
2026-06-26 19:45:19,742 | INFO     | ✅ ВСЕ ЭТАПЫ УСПЕШНЫ (4/4)
2026-06-26 19:45:19,742 | INFO     | ⏰ Время завершения: 2026-06-26 19:45:19
2026-06-26 19:45:19,742 | INFO     | ======================================================================
