2026-08-30 02:58:36,128 | INFO     | ======================================================================
2026-08-30 02:58:36,128 | INFO     | 🔍 VPN KEY CHECKER - Начало проверки
2026-08-30 02:58:36,128 | INFO     | ⏰ Время старта: 2026-08-30 02:58:36
2026-08-30 02:58:36,128 | INFO     | 📂 Рабочая директория: /home/runner/work/vpn-vless-configs-russia/vpn-vless-configs-russia
2026-08-30 02:58:36,128 | INFO     | ======================================================================
2026-08-30 02:58:36,128 | INFO     | 
2026-08-30 02:58:36,128 | INFO     | 🔍 Проверка наличия скриптов...
2026-08-30 02:58:36,128 | INFO     |   ✅ mirror.py
2026-08-30 02:58:36,129 | INFO     |   ✅ filter_ru_sni.py
2026-08-30 02:58:36,129 | INFO     |   ✅ filter_ru_sni_local.py
2026-08-30 02:58:36,129 | INFO     | 
2026-08-30 02:58:36,129 | INFO     | 
2026-08-30 02:58:36,129 | INFO     | ──────────────────────────────────────────────────────────────────────
2026-08-30 02:58:36,129 | INFO     | 📌 ЭТАП: Загрузка и geo-фильтрация
2026-08-30 02:58:36,129 | INFO     | ──────────────────────────────────────────────────────────────────────
2026-08-30 02:58:36,129 | INFO     | 🚀 Запуск mirror.py (Загрузка и фильтрация по РФ/СНГ/Европа)...
2026-08-30 03:05:04,713 | INFO     |   → 🚀 Старт: всего источников (старые + новые): 1555
2026-08-30 03:05:04,714 | INFO     |   → 1/1555: ✅ 9 взято | 🗑️ 236 мусор
2026-08-30 03:05:04,714 | INFO     |   → 2/1555: ✅ 0 взято | 🗑️ 0 мусор
2026-08-30 03:05:04,714 | INFO     |   → 3/1555 ❌ HTTP 404 — https://bitbucket.org/huwo1/proxy_nodes/raw/f31ca9ec67b84071515729ff45b011b6b09c10f2/clash.yaml
2026-08-30 03:05:04,714 | INFO     |   → 4/1555 ❌ HTTP 404 — https://cdn.jsdelivr.net/gh/cry0ice/genode@main/public/all.txt
2026-08-30 03:05:04,714 | INFO     |   → 5/1555 ❌ HTTP 404 — https://cdn.jsdelivr.net/gh/cry0ice/genode@main/public/ss.txt
2026-08-30 03:05:04,714 | INFO     |   → 6/1555 ❌ HTTP 404 — https://cdn.jsdelivr.net/gh/cry0ice/genode@main/public/ssr.txt
2026-08-30 03:05:04,714 | INFO     |   → 7/1555 ❌ HTTP 404 — https://cdn.jsdelivr.net/gh/cry0ice/genode@main/public/trojan.txt
2026-08-30 03:05:04,714 | INFO     |   → 8/1555 ❌ HTTP 404 — https://cdn.jsdelivr.net/gh/cry0ice/genode@main/public/vless.txt
2026-08-30 03:05:04,714 | INFO     |   → 9/1555 ❌ HTTP 404 — https://cdn.jsdelivr.net/gh/cry0ice/genode@main/public/vmess.txt
2026-08-30 03:05:04,714 | INFO     |   → 10/1555: ✅ 0 взято | 🗑️ 0 мусор
2026-08-30 03:05:04,714 | INFO     |   → 11/1555: ✅ 0 взято | 🗑️ 0 мусор
2026-08-30 03:05:04,714 | INFO     |   → 12/1555: ✅ 0 взято | 🗑️ 0 мусор
2026-08-30 03:05:04,714 | INFO     |   → 13/1555: ✅ 0 взято | 🗑️ 0 мусор
2026-08-30 03:05:04,714 | INFO     |   → 14/1555: ✅ 0 взято | 🗑️ 0 мусор
2026-08-30 03:05:04,714 | INFO     |   → 15/1555: ✅ 0 взято | 🗑️ 0 мусор
2026-08-30 03:05:04,714 | INFO     |   → 16/1555: ✅ 0 взято | 🗑️ 0 мусор
2026-08-30 03:05:04,714 | INFO     |   → 17/1555: ✅ 0 взято | 🗑️ 0 мусор
2026-08-30 03:05:04,714 | INFO     |   → 18/1555: ✅ 0 взято | 🗑️ 0 мусор
2026-08-30 03:05:04,714 | INFO     |   → 19/1555: ✅ 0 взято | 🗑️ 0 мусор
2026-08-30 03:05:04,714 | INFO     |   → 20/1555: ✅ 0 взято | 🗑️ 0 мусор
2026-08-30 03:05:04,714 | INFO     |   → 21/1555: ✅ 0 взято | 🗑️ 0 мусор
2026-08-30 03:05:04,714 | INFO     |   → 22/1555: ✅ 0 взято | 🗑️ 0 мусор
2026-08-30 03:05:04,714 | INFO     |   → 23/1555: ✅ 0 взято | 🗑️ 0 мусор
2026-08-30 03:05:04,714 | INFO     |   → 24/1555: ✅ 0 взято | 🗑️ 0 мусор
2026-08-30 03:05:04,714 | INFO     |   → 25/1555: ✅ 0 взято | 🗑️ 0 мусор
2026-08-30 03:05:04,714 | INFO     |   → 26/1555: ✅ 0 взято | 🗑️ 0 мусор
2026-08-30 03:05:04,714 | INFO     |   → 27/1555: ✅ 0 взято | 🗑️ 0 мусор
2026-08-30 03:05:04,714 | INFO     |   → 28/1555: ✅ 0 взято | 🗑️ 0 мусор
2026-08-30 03:05:04,715 | INFO     |   → 29/1555: ✅ 0 взято | 🗑️ 0 мусор
2026-08-30 03:05:04,715 | INFO     |   → 30/1555: ✅ 0 взято | 🗑️ 0 мусор
2026-08-30 03:05:04,715 | INFO     |   → 31/1555: ✅ 0 взято | 🗑️ 0 мусор
2026-08-30 03:05:04,715 | INFO     |   → 32/1555: ✅ 0 взято | 🗑️ 0 мусор
2026-08-30 03:05:04,715 | INFO     |   → 33/1555: ✅ 0 взято | 🗑️ 0 мусор
2026-08-30 03:05:04,715 | INFO     |   → 34/1555: ✅ 0 взято | 🗑️ 0 мусор
2026-08-30 03:05:04,715 | INFO     |   → 35/1555: ✅ 0 взято | 🗑️ 0 мусор
2026-08-30 03:05:04,715 | INFO     |   → 36/1555: ✅ 0 взято | 🗑️ 0 мусор
2026-08-30 03:05:04,715 | INFO     |   → 37/1555: ✅ 0 взято | 🗑️ 0 мусор
2026-08-30 03:05:04,715 | INFO     |   → 38/1555: ✅ 0 взято | 🗑️ 0 мусор
2026-08-30 03:05:04,715 | INFO     |   → 39/1555: ✅ 0 взято | 🗑️ 0 мусор
2026-08-30 03:05:04,715 | INFO     |   → 40/1555: ✅ 0 взято | 🗑️ 0 мусор
2026-08-30 03:05:04,715 | INFO     |   → 41/1555: ✅ 0 взято | 🗑️ 0 мусор
2026-08-30 03:05:04,715 | INFO     |   → 42/1555: ✅ 0 взято | 🗑️ 0 мусор
2026-08-30 03:05:04,715 | INFO     |   → 43/1555: ✅ 0 взято | 🗑️ 0 мусор
2026-08-30 03:05:04,715 | INFO     |   → 44/1555: ✅ 0 взято | 🗑️ 0 мусор
2026-08-30 03:05:04,715 | INFO     |   → 45/1555: ✅ 0 взято | 🗑️ 0 мусор
2026-08-30 03:05:04,715 | INFO     |   → 46/1555: ✅ 0 взято | 🗑️ 0 мусор
2026-08-30 03:05:04,715 | INFO     |   → 47/1555: ✅ 0 взято | 🗑️ 0 мусор
2026-08-30 03:05:04,715 | INFO     |   → 48/1555: ✅ 0 взято | 🗑️ 0 мусор
2026-08-30 03:05:04,715 | INFO     |   → 49/1555: ✅ 0 взято | 🗑️ 0 мусор
2026-08-30 03:05:04,715 | INFO     |   → 50/1555: ✅ 0 взято | 🗑️ 0 мусор
2026-08-30 03:05:04,715 | INFO     |   → 51/1555: ✅ 0 взято | 🗑️ 0 мусор
2026-08-30 03:05:04,715 | INFO     |   → 52/1555: ✅ 0 взято | 🗑️ 0 мусор
2026-08-30 03:05:04,715 | INFO     |   → 53/1555: ✅ 0 взято | 🗑️ 0 мусор
2026-08-30 03:05:04,715 | INFO     |   → 54/1555: ✅ 0 взято | 🗑️ 0 мусор
2026-08-30 03:05:04,715 | INFO     |   → 55/1555: ✅ 0 взято | 🗑️ 0 мусор
2026-08-30 03:05:04,715 | INFO     |   → 56/1555: ✅ 0 взято | 🗑️ 0 мусор
2026-08-30 03:05:04,715 | INFO     |   → 57/1555: ✅ 0 взято | 🗑️ 0 мусор
2026-08-30 03:05:04,715 | INFO     |   → 58/1555: ✅ 0 взято | 🗑️ 0 мусор
2026-08-30 03:05:04,716 | INFO     |   → 59/1555: ✅ 0 взято | 🗑️ 0 мусор
2026-08-30 03:05:04,716 | INFO     |   → 60/1555: ✅ 0 взято | 🗑️ 0 мусор
2026-08-30 03:05:04,716 | INFO     |   → 61/1555: ✅ 0 взято | 🗑️ 0 мусор
2026-08-30 03:05:04,716 | INFO     |   → 62/1555: ✅ 0 взято | 🗑️ 0 мусор
2026-08-30 03:05:04,716 | INFO     |   → 63/1555: ✅ 0 взято | 🗑️ 0 мусор
2026-08-30 03:05:04,716 | INFO     |   → 64/1555: ✅ 0 взято | 🗑️ 0 мусор
2026-08-30 03:05:04,716 | INFO     |   → 65/1555: ✅ 0 взято | 🗑️ 0 мусор
2026-08-30 03:05:04,716 | INFO     |   → 66/1555: ✅ 0 взято | 🗑️ 0 мусор
2026-08-30 03:05:04,716 | INFO     |   → 67/1555: ✅ 0 взято | 🗑️ 0 мусор
2026-08-30 03:05:04,716 | INFO     |   → 68/1555: ✅ 0 взято | 🗑️ 0 мусор
2026-08-30 03:05:04,716 | INFO     |   → 69/1555: ✅ 0 взято | 🗑️ 0 мусор
2026-08-30 03:05:04,716 | INFO     |   → 70/1555: ✅ 0 взято | 🗑️ 0 мусор
2026-08-30 03:05:04,716 | INFO     |   → 71/1555: ✅ 0 взято | 🗑️ 0 мусор
2026-08-30 03:05:04,716 | INFO     |   → 72/1555: ✅ 0 взято | 🗑️ 0 мусор
2026-08-30 03:05:04,716 | INFO     |   → 73/1555: ✅ 0 взято | 🗑️ 0 мусор
2026-08-30 03:05:04,716 | INFO     |   → 74/1555: ✅ 0 взято | 🗑️ 0 мусор
2026-08-30 03:05:04,716 | INFO     |   → 75/1555: ✅ 0 взято | 🗑️ 0 мусор
2026-08-30 03:05:04,716 | INFO     |   → 76/1555: ✅ 0 взято | 🗑️ 0 мусор
2026-08-30 03:05:04,716 | INFO     |   → 77/1555: ✅ 0 взято | 🗑️ 0 мусор
2026-08-30 03:05:04,716 | INFO     |   → 78/1555: ✅ 0 взято | 🗑️ 0 мусор
2026-08-30 03:05:04,716 | INFO     |   → 79/1555: ✅ 0 взято | 🗑️ 0 мусор
2026-08-30 03:05:04,716 | INFO     |   → 80/1555: ✅ 0 взято | 🗑️ 0 мусор
2026-08-30 03:05:04,716 | INFO     |   → 81/1555: ✅ 0 взято | 🗑️ 0 мусор
2026-08-30 03:05:04,716 | INFO     |   → 82/1555: ✅ 0 взято | 🗑️ 0 мусор
2026-08-30 03:05:04,716 | INFO     |   → 83/1555: ✅ 0 взято | 🗑️ 0 мусор
2026-08-30 03:05:04,716 | INFO     |   → 84/1555: ✅ 0 взято | 🗑️ 0 мусор
2026-08-30 03:05:04,716 | INFO     |   → 85/1555: ✅ 0 взято | 🗑️ 0 мусор
2026-08-30 03:05:04,716 | INFO     |   → 86/1555: ✅ 0 взято | 🗑️ 0 мусор
2026-08-30 03:05:04,716 | INFO     |   → 87/1555: ✅ 0 взято | 🗑️ 0 мусор
2026-08-30 03:05:04,716 | INFO     |   → 88/1555: ✅ 0 взято | 🗑️ 0 мусор
2026-08-30 03:05:04,716 | INFO     |   → 89/1555: ✅ 0 взято | 🗑️ 0 мусор
2026-08-30 03:05:04,716 | INFO     |   → 90/1555: ✅ 0 взято | 🗑️ 0 мусор
2026-08-30 03:05:04,716 | INFO     |   → 91/1555: ✅ 0 взято | 🗑️ 0 мусор
2026-08-30 03:05:04,717 | INFO     |   → 92/1555: ✅ 0 взято | 🗑️ 0 мусор
2026-08-30 03:05:04,717 | INFO     |   → 93/1555: ✅ 0 взято | 🗑️ 0 мусор
2026-08-30 03:05:04,717 | INFO     |   → 94/1555: ✅ 0 взято | 🗑️ 0 мусор
2026-08-30 03:05:04,717 | INFO     |   → 95/1555: ✅ 0 взято | 🗑️ 0 мусор
2026-08-30 03:05:04,717 | INFO     |   → 96/1555: ✅ 0 взято | 🗑️ 0 мусор
2026-08-30 03:05:04,717 | INFO     |   → 97/1555: ✅ 0 взято | 🗑️ 0 мусор
2026-08-30 03:05:04,717 | INFO     |   → 98/1555: ✅ 0 взято | 🗑️ 0 мусор
2026-08-30 03:05:04,717 | INFO     |   → 99/1555: ✅ 0 взято | 🗑️ 0 мусор
2026-08-30 03:05:04,717 | INFO     |   → 100/1555: ✅ 0 взято | 🗑️ 0 мусор
2026-08-30 03:05:04,717 | INFO     |   → 101/1555: ✅ 0 взято | 🗑️ 0 мусор
2026-08-30 03:05:04,717 | INFO     |   → 102/1555: ✅ 0 взято | 🗑️ 0 мусор
2026-08-30 03:05:04,717 | INFO     |   → 103/1555: ✅ 0 взято | 🗑️ 0 мусор
2026-08-30 03:05:04,717 | INFO     |   → 104/1555: ✅ 0 взято | 🗑️ 0 мусор
2026-08-30 03:05:04,717 | INFO     |   → 105/1555: ✅ 0 взято | 🗑️ 0 мусор
2026-08-30 03:05:04,717 | INFO     |   → 106/1555: ✅ 0 взято | 🗑️ 0 мусор
2026-08-30 03:05:04,717 | INFO     |   → 107/1555: ✅ 0 взято | 🗑️ 0 мусор
2026-08-30 03:05:04,717 | INFO     |   → 108/1555: ✅ 0 взято | 🗑️ 0 мусор
2026-08-30 03:05:04,717 | INFO     |   → 109/1555: ✅ 0 взято | 🗑️ 0 мусор
2026-08-30 03:05:04,717 | INFO     |   → 110/1555: ✅ 0 взято | 🗑️ 0 мусор
2026-08-30 03:05:04,717 | INFO     |   → 111/1555: ✅ 0 взято | 🗑️ 0 мусор
2026-08-30 03:05:04,717 | INFO     |   → 112/1555: ✅ 0 взято | 🗑️ 0 мусор
2026-08-30 03:05:04,717 | INFO     |   → 113/1555: ✅ 0 взято | 🗑️ 0 мусор
2026-08-30 03:05:04,717 | INFO     |   → 114/1555: ✅ 0 взято | 🗑️ 0 мусор
2026-08-30 03:05:04,717 | INFO     |   → 115/1555: ✅ 0 взято | 🗑️ 0 мусор
2026-08-30 03:05:04,717 | INFO     |   → 116/1555: ✅ 0 взято | 🗑️ 0 мусор
2026-08-30 03:05:04,717 | INFO     |   → 117/1555: ✅ 0 взято | 🗑️ 0 мусор
2026-08-30 03:05:04,717 | INFO     |   → 118/1555: ✅ 0 взято | 🗑️ 0 мусор
2026-08-30 03:05:04,717 | INFO     |   → 119/1555: ✅ 0 взято | 🗑️ 0 мусор
2026-08-30 03:05:04,717 | INFO     |   → 120/1555: ✅ 0 взято | 🗑️ 0 мусор
2026-08-30 03:05:04,717 | INFO     |   → 121/1555: ✅ 0 взято | 🗑️ 0 мусор
2026-08-30 03:05:04,717 | INFO     |   → 122/1555: ✅ 0 взято | 🗑️ 0 мусор
2026-08-30 03:05:04,717 | INFO     |   → 123/1555: ✅ 0 взято | 🗑️ 0 мусор
2026-08-30 03:05:04,717 | INFO     |   → 124/1555: ✅ 0 взято | 🗑️ 0 мусор
2026-08-30 03:05:04,718 | INFO     |   → 125/1555: ✅ 0 взято | 🗑️ 0 мусор
2026-08-30 03:05:04,718 | INFO     |   → 126/1555: ✅ 0 взято | 🗑️ 0 мусор
2026-08-30 03:05:04,718 | INFO     |   → 127/1555: ✅ 0 взято | 🗑️ 0 мусор
2026-08-30 03:05:04,718 | INFO     |   → 128/1555: ✅ 0 взято | 🗑️ 0 мусор
2026-08-30 03:05:04,718 | INFO     |   → 129/1555: ✅ 0 взято | 🗑️ 0 мусор
2026-08-30 03:05:04,718 | INFO     |   → 130/1555: ✅ 0 взято | 🗑️ 0 мусор
2026-08-30 03:05:04,718 | INFO     |   → 131/1555: ✅ 0 взято | 🗑️ 0 мусор
2026-08-30 03:05:04,718 | INFO     |   → 132/1555: ✅ 0 взято | 🗑️ 0 мусор
2026-08-30 03:05:04,718 | INFO     |   → 133/1555: ✅ 0 взято | 🗑️ 0 мусор
2026-08-30 03:05:04,718 | INFO     |   → 134/1555: ✅ 0 взято | 🗑️ 0 мусор
2026-08-30 03:05:04,718 | INFO     |   → 135/1555: ✅ 0 взято | 🗑️ 0 мусор
2026-08-30 03:05:04,718 | INFO     |   → 136/1555: ✅ 0 взято | 🗑️ 0 мусор
2026-08-30 03:05:04,718 | INFO     |   → 137/1555: ✅ 0 взято | 🗑️ 0 мусор
2026-08-30 03:05:04,718 | INFO     |   → 138/1555: ✅ 0 взято | 🗑️ 0 мусор
2026-08-30 03:05:04,718 | INFO     |   → 139/1555: ✅ 0 взято | 🗑️ 0 мусор
2026-08-30 03:05:04,718 | INFO     |   → 140/1555: ✅ 0 взято | 🗑️ 0 мусор
2026-08-30 03:05:04,718 | INFO     |   → 141/1555: ✅ 0 взято | 🗑️ 0 мусор
2026-08-30 03:05:04,718 | INFO     |   → 142/1555: ✅ 0 взято | 🗑️ 0 мусор
2026-08-30 03:05:04,718 | INFO     |   → 143/1555: ✅ 0 взято | 🗑️ 0 мусор
2026-08-30 03:05:04,718 | INFO     |   → 144/1555: ✅ 0 взято | 🗑️ 0 мусор
2026-08-30 03:05:04,718 | INFO     |   → 145/1555: ✅ 0 взято | 🗑️ 0 мусор
2026-08-30 03:05:04,718 | INFO     |   → 146/1555: ✅ 0 взято | 🗑️ 0 мусор
2026-08-30 03:05:04,718 | INFO     |   → 147/1555: ✅ 0 взято | 🗑️ 0 мусор
2026-08-30 03:05:04,718 | INFO     |   → 148/1555: ✅ 0 взято | 🗑️ 0 мусор
2026-08-30 03:05:04,718 | INFO     |   → 149/1555: ✅ 0 взято | 🗑️ 0 мусор
2026-08-30 03:05:04,718 | INFO     |   → 150/1555: ✅ 0 взято | 🗑️ 0 мусор
2026-08-30 03:05:04,718 | INFO     |   → 151/1555: ✅ 0 взято | 🗑️ 0 мусор
2026-08-30 03:05:04,718 | INFO     |   → 152/1555: ✅ 0 взято | 🗑️ 0 мусор
2026-08-30 03:05:04,718 | INFO     |   → 153/1555: ✅ 0 взято | 🗑️ 0 мусор
2026-08-30 03:05:04,718 | INFO     |   → 154/1555: ✅ 0 взято | 🗑️ 0 мусор
2026-08-30 03:05:04,718 | INFO     |   → 155/1555: ✅ 0 взято | 🗑️ 0 мусор
2026-08-30 03:05:04,718 | INFO     |   → 156/1555: ✅ 0 взято | 🗑️ 0 мусор
2026-08-30 03:05:04,718 | INFO     |   → 157/1555: ✅ 0 взято | 🗑️ 0 мусор
2026-08-30 03:05:04,719 | INFO     |   → 158/1555: ✅ 0 взято | 🗑️ 0 мусор
2026-08-30 03:05:04,719 | INFO     |   → 159/1555: ✅ 0 взято | 🗑️ 0 мусор
2026-08-30 03:05:04,719 | INFO     |   → 160/1555: ✅ 0 взято | 🗑️ 0 мусор
2026-08-30 03:05:04,719 | INFO     |   → 161/1555: ✅ 0 взято | 🗑️ 0 мусор
2026-08-30 03:05:04,719 | INFO     |   → 162/1555: ✅ 0 взято | 🗑️ 0 мусор
2026-08-30 03:05:04,719 | INFO     |   → 163/1555: ✅ 0 взято | 🗑️ 0 мусор
2026-08-30 03:05:04,719 | INFO     |   → 164/1555: ✅ 0 взято | 🗑️ 0 мусор
2026-08-30 03:05:04,719 | INFO     |   → 165/1555: ✅ 0 взято | 🗑️ 0 мусор
2026-08-30 03:05:04,719 | INFO     |   → 166/1555: ✅ 0 взято | 🗑️ 0 мусор
2026-08-30 03:05:04,719 | INFO     |   → 167/1555: ✅ 0 взято | 🗑️ 0 мусор
2026-08-30 03:05:04,719 | INFO     |   → 168/1555: ✅ 0 взято | 🗑️ 0 мусор
2026-08-30 03:05:04,719 | INFO     |   → 169/1555: ✅ 0 взято | 🗑️ 0 мусор
2026-08-30 03:05:04,719 | INFO     |   → 170/1555: ✅ 0 взято | 🗑️ 0 мусор
2026-08-30 03:05:04,719 | INFO     |   → 171/1555: ✅ 0 взято | 🗑️ 0 мусор
2026-08-30 03:05:04,719 | INFO     |   → 172/1555: ✅ 0 взято | 🗑️ 0 мусор
2026-08-30 03:05:04,719 | INFO     |   → 173/1555: ✅ 0 взято | 🗑️ 0 мусор
2026-08-30 03:05:04,719 | INFO     |   → 174/1555: ✅ 0 взято | 🗑️ 0 мусор
2026-08-30 03:05:04,719 | INFO     |   → 175/1555: ✅ 0 взято | 🗑️ 0 мусор
2026-08-30 03:05:04,719 | INFO     |   → 176/1555 ❌ HTTP 404 — https://freessrnode.github.io/uploads/2024/08/0-20240822.txt
2026-08-30 03:05:04,719 | INFO     |   → 177/1555 ❌ HTTP 404 — https://freessrnode.github.io/uploads/2024/08/1-20240822.txt
2026-08-30 03:05:04,719 | INFO     |   → 178/1555 ❌ HTTP 404 — https://freessrnode.github.io/uploads/2024/08/2-20240822.txt
2026-08-30 03:05:04,719 | INFO     |   → 179/1555 ❌ HTTP 404 — https://freessrnode.github.io/uploads/2024/08/3-20240822.txt
2026-08-30 03:05:04,719 | INFO     |   → 180/1555 ❌ HTTP 404 — https://freessrnode.github.io/uploads/2024/08/4-20240822.txt
2026-08-30 03:05:04,719 | INFO     |   → 181/1555 ⚠️ Ошибка: HTTPSConnectionPool(host='freevpnspy.githubrowcontent.com', port=443): Max retries exceeded with url: /2024/08/20240802_novless.yaml (Caused by NameResolutionError("HTTPSConnection(host='freevpnspy.githubrowcontent.com', port=443): Failed to resolve 'freevpnspy.githubrowcontent.com' ([Errno -2] Name or service not known)")) — https://freevpnspy.githubrowcontent.com/2024/08/20240802_novless.yaml
2026-08-30 03:05:04,719 | INFO     |   → 182/1555 ⚠️ Ошибка: HTTPSConnectionPool(host='freevpnspy.githubrowcontent.com', port=443): Max retries exceeded with url: /2024/08/20240802_vless.yaml (Caused by NameResolutionError("HTTPSConnection(host='freevpnspy.githubrowcontent.com', port=443): Failed to resolve 'freevpnspy.githubrowcontent.com' ([Errno -2] Name or service not known)")) — https://freevpnspy.githubrowcontent.com/2024/08/20240802_vless.yaml
2026-08-30 03:05:04,719 | INFO     |   → 183/1555: ✅ 0 взято | 🗑️ 0 мусор
2026-08-30 03:05:04,719 | INFO     |   → 184/1555: ✅ 0 взято | 🗑️ 0 мусор
2026-08-30 03:05:04,719 | INFO     |   → 185/1555: ✅ 5 взято | 🗑️ 133 мусор
2026-08-30 03:05:04,719 | INFO     |   → 186/1555: ✅ 5 взято | 🗑️ 166 мусор
2026-08-30 03:05:04,719 | INFO     |   → 187/1555: ✅ 2 взято | 🗑️ 114 мусор
2026-08-30 03:05:04,719 | INFO     |   → 188/1555: ✅ 14 взято | 🗑️ 292 мусор
2026-08-30 03:05:04,719 | INFO     |   → 189/1555: ✅ 0 взято | 🗑️ 115 мусор
2026-08-30 03:05:04,720 | INFO     |   → 190/1555: ✅ 14 взято | 🗑️ 218 мусор
2026-08-30 03:05:04,720 | INFO     |   → 191/1555: ✅ 7 взято | 🗑️ 148 мусор
2026-08-30 03:05:04,720 | INFO     |   → 192/1555: ✅ 5 взято | 🗑️ 161 мусор
2026-08-30 03:05:04,720 | INFO     |   → 193/1555: ✅ 2 взято | 🗑️ 60 мусор
2026-08-30 03:05:04,720 | INFO     |   → 194/1555: ✅ 0 взято | 🗑️ 0 мусор
2026-08-30 03:05:04,720 | INFO     |   → 195/1555: ✅ 10 взято | 🗑️ 232 мусор
2026-08-30 03:05:04,720 | INFO     |   → 196/1555: ✅ 4 взято | 🗑️ 151 мусор
2026-08-30 03:05:04,720 | INFO     |   → 197/1555: ✅ 0 взято | 🗑️ 0 мусор
2026-08-30 03:05:04,720 | INFO     |   → 198/1555: ✅ 0 взято | 🗑️ 0 мусор
2026-08-30 03:05:04,720 | INFO     |   → 199/1555: ✅ 0 взято | 🗑️ 0 мусор
2026-08-30 03:05:04,720 | INFO     |   → 200/1555: ✅ 1 взято | 🗑️ 226 мусор
2026-08-30 03:05:04,720 | INFO     |   → 201/1555: ✅ 0 взято | 🗑️ 0 мусор
2026-08-30 03:05:04,720 | INFO     |   → 202/1555: ✅ 0 взято | 🗑️ 0 мусор
2026-08-30 03:05:04,720 | INFO     |   → 203/1555: ✅ 0 взято | 🗑️ 0 мусор
2026-08-30 03:05:04,720 | INFO     |   → 204/1555: ✅ 7 взято | 🗑️ 113 мусор
2026-08-30 03:05:04,720 | INFO     |   → 205/1555: ✅ 0 взято | 🗑️ 0 мусор
2026-08-30 03:05:04,720 | INFO     |   → 206/1555: ✅ 0 взято | 🗑️ 0 мусор
2026-08-30 03:05:04,720 | INFO     |   → 207/1555: ✅ 0 взято | 🗑️ 0 мусор
2026-08-30 03:05:04,720 | INFO     |   → 208/1555: ✅ 1 взято | 🗑️ 169 мусор
2026-08-30 03:05:04,720 | INFO     |   → 209/1555: ✅ 0 взято | 🗑️ 0 мусор
2026-08-30 03:05:04,720 | INFO     |   → 210/1555: ✅ 0 взято | 🗑️ 0 мусор
2026-08-30 03:05:04,720 | INFO     |   → 211/1555: ✅ 5 взято | 🗑️ 211 мусор
2026-08-30 03:05:04,720 | INFO     |   → 212/1555: ✅ 0 взято | 🗑️ 0 мусор
2026-08-30 03:05:04,720 | INFO     |   → 213/1555: ✅ 1 взято | 🗑️ 213 мусор
2026-08-30 03:05:04,720 | INFO     |   → 214/1555: ✅ 0 взято | 🗑️ 0 мусор
2026-08-30 03:05:04,720 | INFO     |   → 215/1555: ✅ 0 взято | 🗑️ 0 мусор
2026-08-30 03:05:04,720 | INFO     |   → 216/1555: ✅ 2 взято | 🗑️ 60 мусор
2026-08-30 03:05:04,720 | INFO     |   → 217/1555: ✅ 0 взято | 🗑️ 0 мусор
2026-08-30 03:05:04,720 | INFO     |   → 218/1555: ✅ 1 взято | 🗑️ 226 мусор
2026-08-30 03:05:04,720 | INFO     |   → 219/1555: ✅ 3 взято | 🗑️ 152 мусор
2026-08-30 03:05:04,720 | INFO     |   → 220/1555: ✅ 0 взято | 🗑️ 0 мусор
2026-08-30 03:05:04,720 | INFO     |   → 221/1555: ✅ 0 взято | 🗑️ 0 мусор
2026-08-30 03:05:04,720 | INFO     |   → 222/1555: ✅ 3 взято | 🗑️ 99 мусор
2026-08-30 03:05:04,721 | INFO     |   → 223/1555: ✅ 0 взято | 🗑️ 0 мусор
2026-08-30 03:05:04,721 | INFO     |   → 224/1555: ✅ 0 взято | 🗑️ 300 мусор
2026-08-30 03:05:04,721 | INFO     |   → 225/1555: ✅ 0 взято | 🗑️ 0 мусор
2026-08-30 03:05:04,721 | INFO     |   → 226/1555: ✅ 0 взято | 🗑️ 0 мусор
2026-08-30 03:05:04,721 | INFO     |   → 227/1555: ✅ 0 взято | 🗑️ 142 мусор
2026-08-30 03:05:04,721 | INFO     |   → 228/1555: ✅ 2 взято | 🗑️ 124 мусор
2026-08-30 03:05:04,721 | INFO     |   → 229/1555: ✅ 0 взято | 🗑️ 0 мусор
2026-08-30 03:05:04,721 | INFO     |   → 230/1555: ✅ 0 взято | 🗑️ 0 мусор
2026-08-30 03:05:04,721 | INFO     |   → 231/1555: ✅ 1 взято | 🗑️ 104 мусор
2026-08-30 03:05:04,721 | INFO     |   → 232/1555: ✅ 1 взято | 🗑️ 96 мусор
2026-08-30 03:05:04,721 | INFO     |   → 233/1555: ✅ 0 взято | 🗑️ 193 мусор
2026-08-30 03:05:04,721 | INFO     |   → 234/1555: ✅ 2 взято | 🗑️ 115 мусор
2026-08-30 03:05:04,721 | INFO     |   → 235/1555: ✅ 7 взято | 🗑️ 179 мусор
2026-08-30 03:05:04,721 | INFO     |   → 236/1555: ✅ 0 взято | 🗑️ 0 мусор
2026-08-30 03:05:04,721 | INFO     |   → 237/1555: ✅ 0 взято | 🗑️ 0 мусор
2026-08-30 03:05:04,721 | INFO     |   → 238/1555: ✅ 0 взято | 🗑️ 125 мусор
2026-08-30 03:05:04,721 | INFO     |   → 239/1555: ✅ 11 взято | 🗑️ 225 мусор
2026-08-30 03:05:04,721 | INFO     |   → 240/1555: ✅ 0 взято | 🗑️ 296 мусор
2026-08-30 03:05:04,721 | INFO     |   → 241/1555: ✅ 1 взято | 🗑️ 141 мусор
2026-08-30 03:05:04,721 | INFO     |   → 242/1555: ✅ 1 взято | 🗑️ 279 мусор
2026-08-30 03:05:04,721 | INFO     |   → 243/1555: ✅ 0 взято | 🗑️ 96 мусор
2026-08-30 03:05:04,721 | INFO     |   → 244/1555: ✅ 0 взято | 🗑️ 130 мусор
2026-08-30 03:05:04,721 | INFO     |   → 245/1555: ✅ 0 взято | 🗑️ 263 мусор
2026-08-30 03:05:04,721 | INFO     |   → 246/1555: ✅ 2 взято | 🗑️ 105 мусор
2026-08-30 03:05:04,721 | INFO     |   → 247/1555: ✅ 0 взято | 🗑️ 0 мусор
2026-08-30 03:05:04,721 | INFO     |   → 248/1555: ✅ 0 взято | 🗑️ 0 мусор
2026-08-30 03:05:04,721 | INFO     |   → 249/1555: ✅ 3 взято | 🗑️ 268 мусор
2026-08-30 03:05:04,721 | INFO     |   → 250/1555: ✅ 0 взято | 🗑️ 248 мусор
2026-08-30 03:05:04,721 | INFO     |   → 251/1555: ✅ 0 взято | 🗑️ 0 мусор
2026-08-30 03:05:04,721 | INFO     |   → 252/1555: ✅ 1 взято | 🗑️ 139 мусор
2026-08-30 03:05:04,721 | INFO     |   → 253/1555: ✅ 1 взято | 🗑️ 109 мусор
2026-08-30 03:05:04,721 | INFO     |   → 254/1555: ✅ 0 взято | 🗑️ 0 мусор
2026-08-30 03:05:04,721 | INFO     |   → 255/1555: ✅ 0 взято | 🗑️ 0 мусор
2026-08-30 03:05:04,722 | INFO     |   → 256/1555: ✅ 0 взято | 🗑️ 0 мусор
2026-08-30 03:05:04,722 | INFO     |   → 257/1555: ✅ 0 взято | 🗑️ 0 мусор
2026-08-30 03:05:04,722 | INFO     |   → 258/1555: ✅ 0 взято | 🗑️ 137 мусор
2026-08-30 03:05:04,722 | INFO     |   → 259/1555: ✅ 0 взято | 🗑️ 0 мусор
2026-08-30 03:05:04,722 | INFO     |   → 260/1555: ✅ 0 взято | 🗑️ 0 мусор
2026-08-30 03:05:04,722 | INFO     |   → 261/1555: ✅ 0 взято | 🗑️ 198 мусор
2026-08-30 03:05:04,722 | INFO     |   → 262/1555: ✅ 0 взято | 🗑️ 0 мусор
2026-08-30 03:05:04,722 | INFO     |   → 263/1555: ✅ 0 взято | 🗑️ 0 мусор
2026-08-30 03:05:04,722 | INFO     |   → 264/1555: ✅ 0 взято | 🗑️ 0 мусор
2026-08-30 03:05:04,722 | INFO     |   → 265/1555: ✅ 0 взято | 🗑️ 0 мусор
2026-08-30 03:05:04,722 | INFO     |   → 266/1555: ✅ 0 взято | 🗑️ 0 мусор
2026-08-30 03:05:04,722 | INFO     |   → 267/1555: ✅ 0 взято | 🗑️ 112 мусор
2026-08-30 03:05:04,722 | INFO     |   → 268/1555: ✅ 0 взято | 🗑️ 0 мусор
2026-08-30 03:05:04,722 | INFO     |   → 269/1555: ✅ 0 взято | 🗑️ 0 мусор
2026-08-30 03:05:04,722 | INFO     |   → 270/1555: ✅ 0 взято | 🗑️ 0 мусор
2026-08-30 03:05:04,722 | INFO     |   → 271/1555 ❌ HTTP 404 — https://github.com/Epodonios/bulk-xray-v2ray-vless-vmess-...-configs/raw/main/sub/Albania/config.txt
2026-08-30 03:05:04,722 | INFO     |   → 272/1555 ❌ HTTP 404 — https://github.com/Epodonios/bulk-xray-v2ray-vless-vmess-...-configs/raw/main/sub/Cura%C3%A7ao/config.txt
2026-08-30 03:05:04,722 | INFO     |   → 273/1555 ❌ HTTP 404 — https://github.com/Epodonios/bulk-xray-v2ray-vless-vmess-...-configs/raw/main/sub/Finland/config.txt
2026-08-30 03:05:04,722 | INFO     |   → 274/1555 ❌ HTTP 404 — https://github.com/Epodonios/bulk-xray-v2ray-vless-vmess-...-configs/raw/main/sub/Iran/config.txt
2026-08-30 03:05:04,722 | INFO     |   → 275/1555 ❌ HTTP 404 — https://github.com/Epodonios/bulk-xray-v2ray-vless-vmess-...-configs/raw/main/sub/Netherlands/config.txt
2026-08-30 03:05:04,722 | INFO     |   → 276/1555 ❌ HTTP 404 — https://github.com/Epodonios/bulk-xray-v2ray-vless-vmess-...-configs/raw/main/sub/Norway/config.txt
2026-08-30 03:05:04,722 | INFO     |   → 277/1555 ❌ HTTP 404 — https://github.com/Epodonios/bulk-xray-v2ray-vless-vmess-...-configs/raw/main/sub/Russia/config.txt
2026-08-30 03:05:04,722 | INFO     |   → 278/1555: ✅ 13 взято | 🗑️ 70 мусор
2026-08-30 03:05:04,722 | INFO     |   → 279/1555: ✅ 0 взято | 🗑️ 4 мусор
2026-08-30 03:05:04,722 | INFO     |   → 280/1555: ✅ 0 взято | 🗑️ 7 мусор
2026-08-30 03:05:04,722 | INFO     |   → 281/1555: ✅ 0 взято | 🗑️ 51 мусор
2026-08-30 03:05:04,722 | INFO     |   → 282/1555: ✅ 0 взято | 🗑️ 8 мусор
2026-08-30 03:05:04,722 | INFO     |   → 283/1555: ✅ 0 взято | 🗑️ 0 мусор
2026-08-30 03:05:04,722 | INFO     |   → 284/1555: ✅ 17 взято | 🗑️ 119 мусор
2026-08-30 03:05:04,722 | INFO     |   → 285/1555 ❌ HTTP 404 — https://github.com/MrMohebi/xray-proxy-grabber-telegram/raw/master/collected-proxies/clash-meta/all.yaml
2026-08-30 03:05:04,722 | INFO     |   → 286/1555 ❌ HTTP 404 — https://github.com/MrMohebi/xray-proxy-grabber-telegram/raw/master/collected-proxies/row-url/all.txt
2026-08-30 03:05:04,722 | INFO     |   → 287/1555: ✅ 0 взято | 🗑️ 0 мусор
2026-08-30 03:05:04,722 | INFO     |   → 288/1555: ✅ 0 взято | 🗑️ 113 мусор
2026-08-30 03:05:04,723 | INFO     |   → 289/1555: ✅ 0 взято | 🗑️ 119 мусор
2026-08-30 03:05:04,723 | INFO     |   → 290/1555 ❌ HTTP 404 — https://github.com/abbasdvd3/abbasdvd10/73ec60de7a6c6aa6df4c14b511c1da60686891ca/ppo.txt
2026-08-30 03:05:04,723 | INFO     |   → 291/1555 ❌ HTTP 404 — https://github.com/acymz/AutoVPN/refs/heads/main/data/V2.txt
2026-08-30 03:05:04,723 | INFO     |   → 292/1555: ✅ 0 взято | 🗑️ 0 мусор
2026-08-30 03:05:04,723 | INFO     |   → 293/1555: ✅ 0 взято | 🗑️ 0 мусор
2026-08-30 03:05:04,723 | INFO     |   → 294/1555: ✅ 0 взято | 🗑️ 0 мусор
2026-08-30 03:05:04,723 | INFO     |   → 295/1555: ✅ 0 взято | 🗑️ 0 мусор
2026-08-30 03:05:04,723 | INFO     |   → 296/1555: ✅ 0 взято | 🗑️ 0 мусор
2026-08-30 03:05:04,723 | INFO     |   → 297/1555: ✅ 0 взято | 🗑️ 0 мусор
2026-08-30 03:05:04,723 | INFO     |   → 298/1555: ✅ 0 взято | 🗑️ 0 мусор
2026-08-30 03:05:04,723 | INFO     |   → 299/1555 ❌ HTTP 404 — https://github.com/mermeroo/V2RAY-FREE/raw/main/All_Configs_base64_Sub.txt
2026-08-30 03:05:04,723 | INFO     |   → 300/1555 ❌ HTTP 404 — https://github.com/mermeroo/V2RAY-FREE/raw/main/Base64/Sub1_base64.txt
2026-08-30 03:05:04,723 | INFO     |   → 301/1555 ❌ HTTP 404 — https://github.com/mermeroo/V2RAY-FREE/raw/main/Base64/Sub2_base64.txt
2026-08-30 03:05:04,723 | INFO     |   → 302/1555 ❌ HTTP 404 — https://github.com/mermeroo/V2RAY-FREE/raw/main/Base64/Sub3_base64.txt
2026-08-30 03:05:04,723 | INFO     |   → 303/1555 ❌ HTTP 404 — https://github.com/mermeroo/V2RAY-FREE/raw/main/Base64/Sub4_base64.txt
2026-08-30 03:05:04,723 | INFO     |   → 304/1555 ❌ HTTP 404 — https://github.com/mermeroo/V2RAY-FREE/raw/main/Base64/Sub5_base64.txt
2026-08-30 03:05:04,723 | INFO     |   → 305/1555 ❌ HTTP 404 — https://github.com/mermeroo/telegram-configs-collector/raw/main/protocols/hysteria
2026-08-30 03:05:04,723 | INFO     |   → 306/1555 ❌ HTTP 404 — https://github.com/mermeroo/telegram-configs-collector/raw/main/protocols/juicity
2026-08-30 03:05:04,723 | INFO     |   → 307/1555 ❌ HTTP 404 — https://github.com/mermeroo/telegram-configs-collector/raw/main/protocols/tuic
2026-08-30 03:05:04,723 | INFO     |   → 308/1555: ✅ 197 взято | 🗑️ 2365 мусор
2026-08-30 03:05:04,723 | INFO     |   → 309/1555: ✅ 5 взято | 🗑️ 16 мусор
2026-08-30 03:05:04,723 | INFO     |   → 310/1555: ✅ 0 взято | 🗑️ 0 мусор
2026-08-30 03:05:04,723 | INFO     |   → 311/1555: ✅ 0 взято | 🗑️ 0 мусор
2026-08-30 03:05:04,723 | INFO     |   → 312/1555: ✅ 0 взято | 🗑️ 0 мусор
2026-08-30 03:05:04,723 | INFO     |   → 313/1555: ✅ 10 взято | 🗑️ 238 мусор
2026-08-30 03:05:04,723 | INFO     |   → 314/1555: ✅ 0 взято | 🗑️ 0 мусор
2026-08-30 03:05:04,723 | INFO     |   → 315/1555: ✅ 5 взято | 🗑️ 239 мусор
2026-08-30 03:05:04,723 | INFO     |   → 316/1555: ✅ 0 взято | 🗑️ 0 мусор
2026-08-30 03:05:04,723 | INFO     |   → 317/1555: ✅ 0 взято | 🗑️ 255 мусор
2026-08-30 03:05:04,723 | INFO     |   → 318/1555: ✅ 0 взято | 🗑️ 0 мусор
2026-08-30 03:05:04,723 | INFO     |   → 319/1555: ✅ 1 взято | 🗑️ 249 мусор
2026-08-30 03:05:04,723 | INFO     |   → 320/1555: ✅ 0 взято | 🗑️ 0 мусор
2026-08-30 03:05:04,724 | INFO     |   → 321/1555: ✅ 0 взято | 🗑️ 207 мусор
2026-08-30 03:05:04,724 | INFO     |   → 322/1555: ✅ 0 взято | 🗑️ 0 мусор
2026-08-30 03:05:04,724 | INFO     |   → 323/1555: ✅ 0 взято | 🗑️ 228 мусор
2026-08-30 03:05:04,724 | INFO     |   → 324/1555: ✅ 0 взято | 🗑️ 0 мусор
2026-08-30 03:05:04,724 | INFO     |   → 325/1555: ✅ 1 взято | 🗑️ 291 мусор
2026-08-30 03:05:04,724 | INFO     |   → 326/1555: ✅ 0 взято | 🗑️ 0 мусор
2026-08-30 03:05:04,724 | INFO     |   → 327/1555: ✅ 3 взято | 🗑️ 221 мусор
2026-08-30 03:05:04,724 | INFO     |   → 328/1555: ✅ 0 взято | 🗑️ 0 мусор
2026-08-30 03:05:04,724 | INFO     |   → 329/1555: ✅ 1 взято | 🗑️ 222 мусор
2026-08-30 03:05:04,724 | INFO     |   → 330/1555: ✅ 0 взято | 🗑️ 0 мусор
2026-08-30 03:05:04,724 | INFO     |   → 331/1555: ✅ 1 взято | 🗑️ 218 мусор
2026-08-30 03:05:04,724 | INFO     |   → 332/1555: ✅ 0 взято | 🗑️ 0 мусор
2026-08-30 03:05:04,724 | INFO     |   → 333/1555: ✅ 0 взято | 🗑️ 193 мусор
2026-08-30 03:05:04,724 | INFO     |   → 334/1555: ✅ 0 взято | 🗑️ 0 мусор
2026-08-30 03:05:04,724 | INFO     |   → 335/1555: ✅ 0 взято | 🗑️ 290 мусор
2026-08-30 03:05:04,724 | INFO     |   → 336/1555: ✅ 0 взято | 🗑️ 0 мусор
2026-08-30 03:05:04,724 | INFO     |   → 337/1555: ✅ 0 взято | 🗑️ 238 мусор
2026-08-30 03:05:04,724 | INFO     |   → 338/1555: ✅ 0 взято | 🗑️ 0 мусор
2026-08-30 03:05:04,724 | INFO     |   → 339/1555: ✅ 1 взято | 🗑️ 221 мусор
2026-08-30 03:05:04,724 | INFO     |   → 340/1555: ✅ 0 взято | 🗑️ 0 мусор
2026-08-30 03:05:04,724 | INFO     |   → 341/1555: ✅ 0 взято | 🗑️ 248 мусор
2026-08-30 03:05:04,724 | INFO     |   → 342/1555: ✅ 0 взято | 🗑️ 0 мусор
2026-08-30 03:05:04,724 | INFO     |   → 343/1555: ✅ 0 взято | 🗑️ 203 мусор
2026-08-30 03:05:04,724 | INFO     |   → 344/1555: ✅ 0 взято | 🗑️ 0 мусор
2026-08-30 03:05:04,724 | INFO     |   → 345/1555: ✅ 0 взято | 🗑️ 208 мусор
2026-08-30 03:05:04,724 | INFO     |   → 346/1555: ✅ 0 взято | 🗑️ 0 мусор
2026-08-30 03:05:04,724 | INFO     |   → 347/1555: ✅ 2 взято | 🗑️ 209 мусор
2026-08-30 03:05:04,724 | INFO     |   → 348/1555: ✅ 0 взято | 🗑️ 0 мусор
2026-08-30 03:05:04,724 | INFO     |   → 349/1555: ✅ 0 взято | 🗑️ 258 мусор
2026-08-30 03:05:04,724 | INFO     |   → 350/1555: ✅ 0 взято | 🗑️ 0 мусор
2026-08-30 03:05:04,724 | INFO     |   → 351/1555: ✅ 0 взято | 🗑️ 296 мусор
2026-08-30 03:05:04,724 | INFO     |   → 352/1555: ✅ 0 взято | 🗑️ 0 мусор
2026-08-30 03:05:04,724 | INFO     |   → 353/1555: ✅ 1 взято | 🗑️ 286 мусор
2026-08-30 03:05:04,725 | INFO     |   → 354/1555: ✅ 0 взято | 🗑️ 0 мусор
2026-08-30 03:05:04,725 | INFO     |   → 355/1555: ✅ 0 взято | 🗑️ 195 мусор
2026-08-30 03:05:04,725 | INFO     |   → 356/1555: ✅ 0 взято | 🗑️ 0 мусор
2026-08-30 03:05:04,725 | INFO     |   → 357/1555: ✅ 0 взято | 🗑️ 170 мусор
2026-08-30 03:05:04,725 | INFO     |   → 358/1555: ✅ 0 взято | 🗑️ 0 мусор
2026-08-30 03:05:04,725 | INFO     |   → 359/1555: ✅ 0 взято | 🗑️ 160 мусор
2026-08-30 03:05:04,725 | INFO     |   → 360/1555: ✅ 0 взято | 🗑️ 0 мусор
2026-08-30 03:05:04,725 | INFO     |   → 361/1555: ✅ 0 взято | 🗑️ 121 мусор
2026-08-30 03:05:04,725 | INFO     |   → 362/1555: ✅ 0 взято | 🗑️ 0 мусор
2026-08-30 03:05:04,725 | INFO     |   → 363/1555: ✅ 0 взято | 🗑️ 135 мусор
2026-08-30 03:05:04,725 | INFO     |   → 364/1555: ✅ 0 взято | 🗑️ 0 мусор
2026-08-30 03:05:04,725 | INFO     |   → 365/1555: ✅ 1 взято | 🗑️ 129 мусор
2026-08-30 03:05:04,725 | INFO     |   → 366/1555: ✅ 0 взято | 🗑️ 0 мусор
2026-08-30 03:05:04,725 | INFO     |   → 367/1555: ✅ 0 взято | 🗑️ 189 мусор
2026-08-30 03:05:04,725 | INFO     |   → 368/1555: ✅ 0 взято | 🗑️ 0 мусор
2026-08-30 03:05:04,725 | INFO     |   → 369/1555: ✅ 3 взято | 🗑️ 147 мусор
2026-08-30 03:05:04,725 | INFO     |   → 370/1555: ✅ 0 взято | 🗑️ 0 мусор
2026-08-30 03:05:04,725 | INFO     |   → 371/1555: ✅ 1 взято | 🗑️ 183 мусор
2026-08-30 03:05:04,725 | INFO     |   → 372/1555: ✅ 0 взято | 🗑️ 0 мусор
2026-08-30 03:05:04,725 | INFO     |   → 373/1555: ✅ 0 взято | 🗑️ 155 мусор
2026-08-30 03:05:04,725 | INFO     |   → 374/1555: ✅ 0 взято | 🗑️ 0 мусор
2026-08-30 03:05:04,725 | INFO     |   → 375/1555: ✅ 0 взято | 🗑️ 114 мусор
2026-08-30 03:05:04,725 | INFO     |   → 376/1555: ✅ 0 взято | 🗑️ 0 мусор
2026-08-30 03:05:04,725 | INFO     |   → 377/1555: ✅ 0 взято | 🗑️ 239 мусор
2026-08-30 03:05:04,725 | INFO     |   → 378/1555: ✅ 0 взято | 🗑️ 0 мусор
2026-08-30 03:05:04,725 | INFO     |   → 379/1555: ✅ 0 взято | 🗑️ 204 мусор
2026-08-30 03:05:04,725 | INFO     |   → 380/1555: ✅ 0 взято | 🗑️ 0 мусор
2026-08-30 03:05:04,725 | INFO     |   → 381/1555: ✅ 0 взято | 🗑️ 232 мусор
2026-08-30 03:05:04,725 | INFO     |   → 382/1555: ✅ 0 взято | 🗑️ 0 мусор
2026-08-30 03:05:04,725 | INFO     |   → 383/1555: ✅ 0 взято | 🗑️ 192 мусор
2026-08-30 03:05:04,725 | INFO     |   → 384/1555: ✅ 0 взято | 🗑️ 0 мусор
2026-08-30 03:05:04,725 | INFO     |   → 385/1555: ✅ 0 взято | 🗑️ 183 мусор
2026-08-30 03:05:04,725 | INFO     |   → 386/1555: ✅ 0 взято | 🗑️ 0 мусор
2026-08-30 03:05:04,725 | INFO     |   → 387/1555: ✅ 0 взято | 🗑️ 169 мусор
2026-08-30 03:05:04,725 | INFO     |   → 388/1555: ✅ 0 взято | 🗑️ 0 мусор
2026-08-30 03:05:04,725 | INFO     |   → 389/1555: ✅ 0 взято | 🗑️ 167 мусор
2026-08-30 03:05:04,725 | INFO     |   → 390/1555: ✅ 0 взято | 🗑️ 0 мусор
2026-08-30 03:05:04,725 | INFO     |   → 391/1555: ✅ 0 взято | 🗑️ 193 мусор
2026-08-30 03:05:04,725 | INFO     |   → 392/1555: ✅ 0 взято | 🗑️ 0 мусор
2026-08-30 03:05:04,725 | INFO     |   → 393/1555: ✅ 1 взято | 🗑️ 161 мусор
2026-08-30 03:05:04,725 | INFO     |   → 394/1555: ✅ 0 взято | 🗑️ 0 мусор
2026-08-30 03:05:04,725 | INFO     |   → 395/1555: ✅ 0 взято | 🗑️ 171 мусор
2026-08-30 03:05:04,725 | INFO     |   → 396/1555: ✅ 0 взято | 🗑️ 0 мусор
2026-08-30 03:05:04,725 | INFO     |   → 397/1555: ✅ 0 взято | 🗑️ 174 мусор
2026-08-30 03:05:04,725 | INFO     |   → 398/1555: ✅ 0 взято | 🗑️ 0 мусор
2026-08-30 03:05:04,725 | INFO     |   → 399/1555: ✅ 0 взято | 🗑️ 206 мусор
2026-08-30 03:05:04,725 | INFO     |   → 400/1555: ✅ 0 взято | 🗑️ 0 мусор
2026-08-30 03:05:04,725 | INFO     |   → 401/1555: ✅ 0 взято | 🗑️ 170 мусор
2026-08-30 03:05:04,726 | INFO     |   → 402/1555: ✅ 0 взято | 🗑️ 0 мусор
2026-08-30 03:05:04,726 | INFO     |   → 403/1555: ✅ 1 взято | 🗑️ 196 мусор
2026-08-30 03:05:04,726 | INFO     |   → 404/1555: ✅ 0 взято | 🗑️ 0 мусор
2026-08-30 03:05:04,726 | INFO     |   → 405/1555: ✅ 0 взято | 🗑️ 208 мусор
2026-08-30 03:05:04,726 | INFO     |   → 406/1555: ✅ 0 взято | 🗑️ 0 мусор
2026-08-30 03:05:04,726 | INFO     |   → 407/1555: ✅ 0 взято | 🗑️ 162 мусор
2026-08-30 03:05:04,726 | INFO     |   → 408/1555: ✅ 0 взято | 🗑️ 0 мусор
2026-08-30 03:05:04,726 | INFO     |   → 409/1555: ✅ 0 взято | 🗑️ 116 мусор
2026-08-30 03:05:04,726 | INFO     |   → 410/1555: ✅ 0 взято | 🗑️ 0 мусор
2026-08-30 03:05:04,726 | INFO     |   → 411/1555: ✅ 0 взято | 🗑️ 132 мусор
2026-08-30 03:05:04,726 | INFO     |   → 412/1555: ✅ 0 взято | 🗑️ 0 мусор
2026-08-30 03:05:04,726 | INFO     |   → 413/1555: ✅ 0 взято | 🗑️ 132 мусор
2026-08-30 03:05:04,726 | INFO     |   → 414/1555: ✅ 0 взято | 🗑️ 0 мусор
2026-08-30 03:05:04,726 | INFO     |   → 415/1555: ✅ 1 взято | 🗑️ 113 мусор
2026-08-30 03:05:04,726 | INFO     |   → 416/1555: ✅ 0 взято | 🗑️ 0 мусор
2026-08-30 03:05:04,726 | INFO     |   → 417/1555: ✅ 0 взято | 🗑️ 103 мусор
2026-08-30 03:05:04,726 | INFO     |   → 418/1555: ✅ 0 взято | 🗑️ 0 мусор
2026-08-30 03:05:04,726 | INFO     |   → 419/1555: ✅ 3 взято | 🗑️ 213 мусор
2026-08-30 03:05:04,726 | INFO     |   → 420/1555: ✅ 0 взято | 🗑️ 0 мусор
2026-08-30 03:05:04,726 | INFO     |   → 421/1555: ✅ 1 взято | 🗑️ 130 мусор
2026-08-30 03:05:04,726 | INFO     |   → 422/1555: ✅ 0 взято | 🗑️ 0 мусор
2026-08-30 03:05:04,726 | INFO     |   → 423/1555: ✅ 0 взято | 🗑️ 135 мусор
2026-08-30 03:05:04,726 | INFO     |   → 424/1555: ✅ 0 взято | 🗑️ 0 мусор
2026-08-30 03:05:04,726 | INFO     |   → 425/1555: ✅ 0 взято | 🗑️ 145 мусор
2026-08-30 03:05:04,726 | INFO     |   → 426/1555: ✅ 0 взято | 🗑️ 0 мусор
2026-08-30 03:05:04,726 | INFO     |   → 427/1555: ✅ 0 взято | 🗑️ 157 мусор
2026-08-30 03:05:04,727 | INFO     |   → 428/1555: ✅ 0 взято | 🗑️ 0 мусор
2026-08-30 03:05:04,727 | INFO     |   → 429/1555: ✅ 0 взято | 🗑️ 131 мусор
2026-08-30 03:05:04,727 | INFO     |   → 430/1555: ✅ 0 взято | 🗑️ 0 мусор
2026-08-30 03:05:04,727 | INFO     |   → 431/1555: ✅ 1 взято | 🗑️ 124 мусор
2026-08-30 03:05:04,727 | INFO     |   → 432/1555: ✅ 0 взято | 🗑️ 0 мусор
2026-08-30 03:05:04,727 | INFO     |   → 433/1555: ✅ 2 взято | 🗑️ 189 мусор
2026-08-30 03:05:04,727 | INFO     |   → 434/1555: ✅ 0 взято | 🗑️ 0 мусор
2026-08-30 03:05:04,727 | INFO     |   → 435/1555: ✅ 1 взято | 🗑️ 279 мусор
2026-08-30 03:05:04,727 | INFO     |   → 436/1555: ✅ 0 взято | 🗑️ 0 мусор
2026-08-30 03:05:04,727 | INFO     |   → 437/1555: ✅ 0 взято | 🗑️ 270 мусор
2026-08-30 03:05:04,727 | INFO     |   → 438/1555: ✅ 0 взято | 🗑️ 0 мусор
2026-08-30 03:05:04,727 | INFO     |   → 439/1555: ✅ 0 взято | 🗑️ 161 мусор
2026-08-30 03:05:04,727 | INFO     |   → 440/1555: ✅ 0 взято | 🗑️ 0 мусор
2026-08-30 03:05:04,727 | INFO     |   → 441/1555: ✅ 3 взято | 🗑️ 117 мусор
2026-08-30 03:05:04,727 | INFO     |   → 442/1555: ✅ 0 взято | 🗑️ 0 мусор
2026-08-30 03:05:04,727 | INFO     |   → 443/1555: ✅ 0 взято | 🗑️ 100 мусор
2026-08-30 03:05:04,727 | INFO     |   → 444/1555: ✅ 0 взято | 🗑️ 0 мусор
2026-08-30 03:05:04,727 | INFO     |   → 445/1555: ✅ 1 взято | 🗑️ 171 мусор
2026-08-30 03:05:04,727 | INFO     |   → 446/1555: ✅ 0 взято | 🗑️ 0 мусор
2026-08-30 03:05:04,727 | INFO     |   → 447/1555: ✅ 0 взято | 🗑️ 202 мусор
2026-08-30 03:05:04,727 | INFO     |   → 448/1555: ✅ 0 взято | 🗑️ 0 мусор
2026-08-30 03:05:04,727 | INFO     |   → 449/1555: ✅ 0 взято | 🗑️ 138 мусор
2026-08-30 03:05:04,727 | INFO     |   → 450/1555: ✅ 0 взято | 🗑️ 0 мусор
2026-08-30 03:05:04,727 | INFO     |   → 451/1555: ✅ 0 взято | 🗑️ 236 мусор
2026-08-30 03:05:04,727 | INFO     |   → 452/1555: ✅ 0 взято | 🗑️ 0 мусор
2026-08-30 03:05:04,727 | INFO     |   → 453/1555: ✅ 0 взято | 🗑️ 192 мусор
2026-08-30 03:05:04,727 | INFO     |   → 454/1555: ✅ 0 взято | 🗑️ 0 мусор
2026-08-30 03:05:04,728 | INFO     |   → 455/1555: ✅ 1 взято | 🗑️ 174 мусор
2026-08-30 03:05:04,728 | INFO     |   → 456/1555: ✅ 0 взято | 🗑️ 0 мусор
2026-08-30 03:05:04,728 | INFO     |   → 457/1555: ✅ 1 взято | 🗑️ 149 мусор
2026-08-30 03:05:04,728 | INFO     |   → 458/1555: ✅ 0 взято | 🗑️ 0 мусор
2026-08-30 03:05:04,728 | INFO     |   → 459/1555: ✅ 3 взято | 🗑️ 147 мусор
2026-08-30 03:05:04,728 | INFO     |   → 460/1555: ✅ 0 взято | 🗑️ 0 мусор
2026-08-30 03:05:04,728 | INFO     |   → 461/1555: ✅ 2 взято | 🗑️ 196 мусор
2026-08-30 03:05:04,728 | INFO     |   → 462/1555: ✅ 0 взято | 🗑️ 0 мусор
2026-08-30 03:05:04,728 | INFO     |   → 463/1555: ✅ 2 взято | 🗑️ 277 мусор
2026-08-30 03:05:04,728 | INFO     |   → 464/1555: ✅ 0 взято | 🗑️ 0 мусор
2026-08-30 03:05:04,728 | INFO     |   → 465/1555: ✅ 0 взято | 🗑️ 211 мусор
2026-08-30 03:05:04,728 | INFO     |   → 466/1555: ✅ 0 взято | 🗑️ 0 мусор
2026-08-30 03:05:04,728 | INFO     |   → 467/1555: ✅ 1 взято | 🗑️ 229 мусор
2026-08-30 03:05:04,728 | INFO     |   → 468/1555: ✅ 0 взято | 🗑️ 0 мусор
2026-08-30 03:05:04,728 | INFO     |   → 469/1555: ✅ 1 взято | 🗑️ 131 мусор
2026-08-30 03:05:04,728 | INFO     |   → 470/1555: ✅ 0 взято | 🗑️ 0 мусор
2026-08-30 03:05:04,728 | INFO     |   → 471/1555: ✅ 3 взято | 🗑️ 257 мусор
2026-08-30 03:05:04,728 | INFO     |   → 472/1555: ✅ 0 взято | 🗑️ 0 мусор
2026-08-30 03:05:04,728 | INFO     |   → 473/1555: ✅ 0 взято | 🗑️ 180 мусор
2026-08-30 03:05:04,728 | INFO     |   → 474/1555: ✅ 0 взято | 🗑️ 0 мусор
2026-08-30 03:05:04,728 | INFO     |   → 475/1555: ✅ 0 взято | 🗑️ 191 мусор
2026-08-30 03:05:04,728 | INFO     |   → 476/1555: ✅ 0 взято | 🗑️ 0 мусор
2026-08-30 03:05:04,728 | INFO     |   → 477/1555: ✅ 1 взято | 🗑️ 224 мусор
2026-08-30 03:05:04,728 | INFO     |   → 478/1555: ✅ 0 взято | 🗑️ 0 мусор
2026-08-30 03:05:04,728 | INFO     |   → 479/1555: ✅ 2 взято | 🗑️ 183 мусор
2026-08-30 03:05:04,728 | INFO     |   → 480/1555: ✅ 0 взято | 🗑️ 0 мусор
2026-08-30 03:05:04,728 | INFO     |   → 481/1555: ✅ 0 взято | 🗑️ 171 мусор
2026-08-30 03:05:04,729 | INFO     |   → 482/1555: ✅ 0 взято | 🗑️ 0 мусор
2026-08-30 03:05:04,729 | INFO     |   → 483/1555 ⚠️ Ошибка: HTTPSConnectionPool(host='ivuxy.tech', port=443): Max retries exceeded with url: /v.txt (Caused by NameResolutionError("HTTPSConnection(host='ivuxy.tech', port=443): Failed to resolve 'ivuxy.tech' ([Errno -2] Name or service not known)")) — https://ivuxy.tech/v.txt
2026-08-30 03:05:04,729 | INFO     |   → 484/1555 ⚠️ Ошибка: HTTPSConnectionPool(host='mirror.ghproxy.com', port=443): Max retries exceeded with url: /https://raw.githubusercontent.com/Barabama/FreeNodes/master/nodes/blues.txt (Caused by NameResolutionError("HTTPSConnection(host='mirror.ghproxy.com', port=443): Failed to resolve 'mirror.ghproxy.com' ([Errno -2] Name or service not known)")) — https://mirror.ghproxy.com/https://raw.githubusercontent.com/Barabama/FreeNodes/master/nodes/blues.txt
2026-08-30 03:05:04,729 | INFO     |   → 485/1555 ⚠️ Ошибка: HTTPSConnectionPool(host='mirror.ghproxy.com', port=443): Max retries exceeded with url: /https://raw.githubusercontent.com/Barabama/FreeNodes/master/nodes/halekj.txt (Caused by NameResolutionError("HTTPSConnection(host='mirror.ghproxy.com', port=443): Failed to resolve 'mirror.ghproxy.com' ([Errno -2] Name or service not known)")) — https://mirror.ghproxy.com/https://raw.githubusercontent.com/Barabama/FreeNodes/master/nodes/halekj.txt
2026-08-30 03:05:04,729 | INFO     |   → 486/1555 ⚠️ Ошибка: HTTPSConnectionPool(host='mirror.ghproxy.com', port=443): Max retries exceeded with url: /https://raw.githubusercontent.com/Barabama/FreeNodes/master/nodes/kkzui.txt (Caused by NameResolutionError("HTTPSConnection(host='mirror.ghproxy.com', port=443): Failed to resolve 'mirror.ghproxy.com' ([Errno -2] Name or service not known)")) — https://mirror.ghproxy.com/https://raw.githubusercontent.com/Barabama/FreeNodes/master/nodes/kkzui.txt
2026-08-30 03:05:04,729 | INFO     |   → 487/1555 ⚠️ Ошибка: HTTPSConnectionPool(host='mirror.ghproxy.com', port=443): Max retries exceeded with url: /https://raw.githubusercontent.com/Barabama/FreeNodes/master/nodes/merged.txt (Caused by NameResolutionError("HTTPSConnection(host='mirror.ghproxy.com', port=443): Failed to resolve 'mirror.ghproxy.com' ([Errno -2] Name or service not known)")) — https://mirror.ghproxy.com/https://raw.githubusercontent.com/Barabama/FreeNodes/master/nodes/merged.txt
2026-08-30 03:05:04,729 | INFO     |   → 488/1555 ⚠️ Ошибка: HTTPSConnectionPool(host='mirror.ghproxy.com', port=443): Max retries exceeded with url: /https://raw.githubusercontent.com/Barabama/FreeNodes/master/nodes/nodefree.txt (Caused by NameResolutionError("HTTPSConnection(host='mirror.ghproxy.com', port=443): Failed to resolve 'mirror.ghproxy.com' ([Errno -2] Name or service not known)")) — https://mirror.ghproxy.com/https://raw.githubusercontent.com/Barabama/FreeNodes/master/nodes/nodefree.txt
2026-08-30 03:05:04,729 | INFO     |   → 489/1555 ⚠️ Ошибка: HTTPSConnectionPool(host='mirror.ghproxy.com', port=443): Max retries exceeded with url: /https://raw.githubusercontent.com/Barabama/FreeNodes/master/nodes/openrunner.txt (Caused by NameResolutionError("HTTPSConnection(host='mirror.ghproxy.com', port=443): Failed to resolve 'mirror.ghproxy.com' ([Errno -2] Name or service not known)")) — https://mirror.ghproxy.com/https://raw.githubusercontent.com/Barabama/FreeNodes/master/nodes/openrunner.txt
2026-08-30 03:05:04,729 | INFO     |   → 490/1555 ⚠️ Ошибка: HTTPSConnectionPool(host='mirror.ghproxy.com', port=443): Max retries exceeded with url: /https://raw.githubusercontent.com/Barabama/FreeNodes/master/nodes/v2rayshare.txt (Caused by NameResolutionError("HTTPSConnection(host='mirror.ghproxy.com', port=443): Failed to resolve 'mirror.ghproxy.com' ([Errno -2] Name or service not known)")) — https://mirror.ghproxy.com/https://raw.githubusercontent.com/Barabama/FreeNodes/master/nodes/v2rayshare.txt
2026-08-30 03:05:04,729 | INFO     |   → 491/1555 ⚠️ Ошибка: HTTPSConnectionPool(host='mirror.ghproxy.com', port=443): Max retries exceeded with url: /https://raw.githubusercontent.com/Barabama/FreeNodes/master/nodes/wenode.txt (Caused by NameResolutionError("HTTPSConnection(host='mirror.ghproxy.com', port=443): Failed to resolve 'mirror.ghproxy.com' ([Errno -2] Name or service not known)")) — https://mirror.ghproxy.com/https://raw.githubusercontent.com/Barabama/FreeNodes/master/nodes/wenode.txt
2026-08-30 03:05:04,729 | INFO     |   → 492/1555 ⚠️ Ошибка: HTTPSConnectionPool(host='mirror.ghproxy.com', port=443): Max retries exceeded with url: /https://raw.githubusercontent.com/Barabama/FreeNodes/master/nodes/yudou66.txt (Caused by NameResolutionError("HTTPSConnection(host='mirror.ghproxy.com', port=443): Failed to resolve 'mirror.ghproxy.com' ([Errno -2] Name or service not known)")) — https://mirror.ghproxy.com/https://raw.githubusercontent.com/Barabama/FreeNodes/master/nodes/yudou66.txt
2026-08-30 03:05:04,729 | INFO     |   → 493/1555: ✅ 7 взято | 🗑️ 17 мусор
2026-08-30 03:05:04,729 | INFO     |   → 494/1555: ✅ 0 взято | 🗑️ 17 мусор
2026-08-30 03:05:04,729 | INFO     |   → 495/1555: ✅ 14 взято | 🗑️ 14 мусор
2026-08-30 03:05:04,729 | INFO     |   → 496/1555: ✅ 0 взято | 🗑️ 14 мусор
2026-08-30 03:05:04,729 | INFO     |   → 497/1555: ✅ 0 взято | 🗑️ 14 мусор
2026-08-30 03:05:04,729 | INFO     |   → 498/1555: ✅ 0 взято | 🗑️ 14 мусор
2026-08-30 03:05:04,729 | INFO     |   → 499/1555: ✅ 0 взято | 🗑️ 14 мусор
2026-08-30 03:05:04,729 | INFO     |   → 500/1555: ✅ 0 взято | 🗑️ 14 мусор
2026-08-30 03:05:04,729 | INFO     |   → 501/1555: ✅ 0 взято | 🗑️ 14 мусор
2026-08-30 03:05:04,729 | INFO     |   → 502/1555: ✅ 0 взято | 🗑️ 14 мусор
2026-08-30 03:05:04,729 | INFO     |   → 503/1555: ✅ 0 взято | 🗑️ 14 мусор
2026-08-30 03:05:04,729 | INFO     |   → 504/1555: ✅ 7 взято | 🗑️ 21 мусор
2026-08-30 03:05:04,729 | INFO     |   → 505/1555: ✅ 0 взято | 🗑️ 21 мусор
2026-08-30 03:05:04,729 | INFO     |   → 506/1555: ✅ 0 взято | 🗑️ 21 мусор
2026-08-30 03:05:04,729 | INFO     |   → 507/1555: ✅ 0 взято | 🗑️ 21 мусор
2026-08-30 03:05:04,729 | INFO     |   → 508/1555: ✅ 0 взято | 🗑️ 21 мусор
2026-08-30 03:05:04,729 | INFO     |   → 509/1555: ✅ 0 взято | 🗑️ 21 мусор
2026-08-30 03:05:04,729 | INFO     |   → 510/1555: ✅ 0 взято | 🗑️ 21 мусор
2026-08-30 03:05:04,729 | INFO     |   → 511/1555: ✅ 0 взято | 🗑️ 21 мусор
2026-08-30 03:05:04,729 | INFO     |   → 512/1555: ✅ 0 взято | 🗑️ 21 мусор
2026-08-30 03:05:04,729 | INFO     |   → 513/1555: ✅ 0 взято | 🗑️ 21 мусор
2026-08-30 03:05:04,729 | INFO     |   → 514/1555: ✅ 0 взято | 🗑️ 21 мусор
2026-08-30 03:05:04,729 | INFO     |   → 515/1555: ✅ 5 взято | 🗑️ 15 мусор
2026-08-30 03:05:04,729 | INFO     |   → 516/1555: ✅ 0 взято | 🗑️ 15 мусор
2026-08-30 03:05:04,729 | INFO     |   → 517/1555: ✅ 0 взято | 🗑️ 15 мусор
2026-08-30 03:05:04,729 | INFO     |   → 518/1555: ✅ 0 взято | 🗑️ 15 мусор
2026-08-30 03:05:04,729 | INFO     |   → 519/1555: ✅ 0 взято | 🗑️ 15 мусор
2026-08-30 03:05:04,729 | INFO     |   → 520/1555: ✅ 0 взято | 🗑️ 15 мусор
2026-08-30 03:05:04,729 | INFO     |   → 521/1555: ✅ 0 взято | 🗑️ 15 мусор
2026-08-30 03:05:04,729 | INFO     |   → 522/1555: ✅ 0 взято | 🗑️ 15 мусор
2026-08-30 03:05:04,729 | INFO     |   → 523/1555: ✅ 0 взято | 🗑️ 15 мусор
2026-08-30 03:05:04,730 | INFO     |   → 524/1555: ✅ 0 взято | 🗑️ 14 мусор
2026-08-30 03:05:04,730 | INFO     |   → 525/1555: ✅ 0 взято | 🗑️ 14 мусор
2026-08-30 03:05:04,730 | INFO     |   → 526/1555: ✅ 0 взято | 🗑️ 14 мусор
2026-08-30 03:05:04,730 | INFO     |   → 527/1555: ✅ 0 взято | 🗑️ 14 мусор
2026-08-30 03:05:04,730 | INFO     |   → 528/1555: ✅ 6 взято | 🗑️ 17 мусор
2026-08-30 03:05:04,730 | INFO     |   → 529/1555: ✅ 0 взято | 🗑️ 17 мусор
2026-08-30 03:05:04,730 | INFO     |   → 530/1555: ✅ 0 взято | 🗑️ 17 мусор
2026-08-30 03:05:04,730 | INFO     |   → 531/1555: ✅ 0 взято | 🗑️ 17 мусор
2026-08-30 03:05:04,730 | INFO     |   → 532/1555: ✅ 0 взято | 🗑️ 17 мусор
2026-08-30 03:05:04,730 | INFO     |   → 533/1555: ✅ 0 взято | 🗑️ 17 мусор
2026-08-30 03:05:04,730 | INFO     |   → 534/1555: ✅ 6 взято | 🗑️ 24 мусор
2026-08-30 03:05:04,730 | INFO     |   → 535/1555: ✅ 0 взято | 🗑️ 24 мусор
2026-08-30 03:05:04,730 | INFO     |   → 536/1555: ✅ 0 взято | 🗑️ 24 мусор
2026-08-30 03:05:04,730 | INFO     |   → 537/1555: ✅ 0 взято | 🗑️ 24 мусор
2026-08-30 03:05:04,730 | INFO     |   → 538/1555: ✅ 0 взято | 🗑️ 24 мусор
2026-08-30 03:05:04,730 | INFO     |   → 539/1555: ✅ 0 взято | 🗑️ 24 мусор
2026-08-30 03:05:04,730 | INFO     |   → 540/1555: ✅ 0 взято | 🗑️ 24 мусор
2026-08-30 03:05:04,730 | INFO     |   → 541/1555: ✅ 0 взято | 🗑️ 24 мусор
2026-08-30 03:05:04,730 | INFO     |   → 542/1555: ✅ 0 взято | 🗑️ 24 мусор
2026-08-30 03:05:04,730 | INFO     |   → 543/1555: ✅ 0 взято | 🗑️ 24 мусор
2026-08-30 03:05:04,730 | INFO     |   → 544/1555: ✅ 0 взято | 🗑️ 24 мусор
2026-08-30 03:05:04,730 | INFO     |   → 545/1555: ✅ 13 взято | 🗑️ 7 мусор
2026-08-30 03:05:04,730 | INFO     |   → 546/1555: ✅ 0 взято | 🗑️ 7 мусор
2026-08-30 03:05:04,730 | INFO     |   → 547/1555: ✅ 0 взято | 🗑️ 7 мусор
2026-08-30 03:05:04,730 | INFO     |   → 548/1555: ✅ 0 взято | 🗑️ 7 мусор
2026-08-30 03:05:04,730 | INFO     |   → 549/1555: ✅ 0 взято | 🗑️ 7 мусор
2026-08-30 03:05:04,730 | INFO     |   → 550/1555: ✅ 0 взято | 🗑️ 7 мусор
2026-08-30 03:05:04,730 | INFO     |   → 551/1555: ✅ 0 взято | 🗑️ 7 мусор
2026-08-30 03:05:04,730 | INFO     |   → 552/1555: ✅ 0 взято | 🗑️ 7 мусор
2026-08-30 03:05:04,730 | INFO     |   → 553/1555: ✅ 0 взято | 🗑️ 7 мусор
2026-08-30 03:05:04,730 | INFO     |   → 554/1555: ✅ 0 взято | 🗑️ 7 мусор
2026-08-30 03:05:04,730 | INFO     |   → 555/1555: ✅ 5 взято | 🗑️ 9 мусор
2026-08-30 03:05:04,730 | INFO     |   → 556/1555: ✅ 0 взято | 🗑️ 9 мусор
2026-08-30 03:05:04,730 | INFO     |   → 557/1555: ✅ 0 взято | 🗑️ 9 мусор
2026-08-30 03:05:04,730 | INFO     |   → 558/1555: ✅ 0 взято | 🗑️ 9 мусор
2026-08-30 03:05:04,730 | INFO     |   → 559/1555: ✅ 0 взято | 🗑️ 9 мусор
2026-08-30 03:05:04,730 | INFO     |   → 560/1555: ✅ 0 взято | 🗑️ 9 мусор
2026-08-30 03:05:04,730 | INFO     |   → 561/1555: ✅ 0 взято | 🗑️ 9 мусор
2026-08-30 03:05:04,730 | INFO     |   → 562/1555: ✅ 0 взято | 🗑️ 9 мусор
2026-08-30 03:05:04,730 | INFO     |   → 563/1555: ✅ 0 взято | 🗑️ 9 мусор
2026-08-30 03:05:04,730 | INFO     |   → 564/1555: ✅ 0 взято | 🗑️ 9 мусор
2026-08-30 03:05:04,730 | INFO     |   → 565/1555: ✅ 13 взято | 🗑️ 10 мусор
2026-08-30 03:05:04,730 | INFO     |   → 566/1555: ✅ 0 взято | 🗑️ 10 мусор
2026-08-30 03:05:04,730 | INFO     |   → 567/1555: ✅ 0 взято | 🗑️ 10 мусор
2026-08-30 03:05:04,730 | INFO     |   → 568/1555: ✅ 0 взято | 🗑️ 10 мусор
2026-08-30 03:05:04,730 | INFO     |   → 569/1555: ✅ 0 взято | 🗑️ 10 мусор
2026-08-30 03:05:04,730 | INFO     |   → 570/1555: ✅ 0 взято | 🗑️ 10 мусор
2026-08-30 03:05:04,730 | INFO     |   → 571/1555: ✅ 0 взято | 🗑️ 10 мусор
2026-08-30 03:05:04,730 | INFO     |   → 572/1555: ✅ 0 взято | 🗑️ 10 мусор
2026-08-30 03:05:04,731 | INFO     |   → 573/1555: ✅ 0 взято | 🗑️ 10 мусор
2026-08-30 03:05:04,731 | INFO     |   → 574/1555: ✅ 0 взято | 🗑️ 10 мусор
2026-08-30 03:05:04,731 | INFO     |   → 575/1555: ✅ 0 взято | 🗑️ 7 мусор
2026-08-30 03:05:04,731 | INFO     |   → 576/1555: ✅ 0 взято | 🗑️ 7 мусор
2026-08-30 03:05:04,731 | INFO     |   → 577/1555 ⚠️ Ошибка: HTTPSConnectionPool(host='nodefree.githubrowcontent.com', port=443): Max retries exceeded with url: /2024/07/20240705.yaml (Caused by NameResolutionError("HTTPSConnection(host='nodefree.githubrowcontent.com', port=443): Failed to resolve 'nodefree.githubrowcontent.com' ([Errno -2] Name or service not known)")) — https://nodefree.org/dy/2023/08/20230806.yaml
2026-08-30 03:05:04,731 | INFO     |   → 578/1555 ⚠️ Ошибка: HTTPSConnectionPool(host='nodefree.githubrowcontent.com', port=443): Max retries exceeded with url: /2024/07/20240705.txt (Caused by NameResolutionError("HTTPSConnection(host='nodefree.githubrowcontent.com', port=443): Failed to resolve 'nodefree.githubrowcontent.com' ([Errno -2] Name or service not known)")) — https://nodefree.org/dy/2023/12/20231221.txt
2026-08-30 03:05:04,731 | INFO     |   → 579/1555: ✅ 0 взято | 🗑️ 17 мусор
2026-08-30 03:05:04,731 | INFO     |   → 580/1555: ✅ 0 взято | 🗑️ 17 мусор
2026-08-30 03:05:04,731 | INFO     |   → 581/1555: ✅ 0 взято | 🗑️ 14 мусор
2026-08-30 03:05:04,731 | INFO     |   → 582/1555: ✅ 0 взято | 🗑️ 14 мусор
2026-08-30 03:05:04,731 | INFO     |   → 583/1555: ✅ 0 взято | 🗑️ 14 мусор
2026-08-30 03:05:04,731 | INFO     |   → 584/1555: ✅ 0 взято | 🗑️ 14 мусор
2026-08-30 03:05:04,731 | INFO     |   → 585/1555: ✅ 0 взято | 🗑️ 14 мусор
2026-08-30 03:05:04,731 | INFO     |   → 586/1555: ✅ 0 взято | 🗑️ 14 мусор
2026-08-30 03:05:04,731 | INFO     |   → 587/1555: ✅ 0 взято | 🗑️ 14 мусор
2026-08-30 03:05:04,731 | INFO     |   → 588/1555: ✅ 0 взято | 🗑️ 14 мусор
2026-08-30 03:05:04,731 | INFO     |   → 589/1555: ✅ 0 взято | 🗑️ 14 мусор
2026-08-30 03:05:04,731 | INFO     |   → 590/1555: ✅ 0 взято | 🗑️ 21 мусор
2026-08-30 03:05:04,731 | INFO     |   → 591/1555: ✅ 0 взято | 🗑️ 21 мусор
2026-08-30 03:05:04,731 | INFO     |   → 592/1555: ✅ 0 взято | 🗑️ 21 мусор
2026-08-30 03:05:04,731 | INFO     |   → 593/1555: ✅ 0 взято | 🗑️ 21 мусор
2026-08-30 03:05:04,731 | INFO     |   → 594/1555: ✅ 0 взято | 🗑️ 21 мусор
2026-08-30 03:05:04,731 | INFO     |   → 595/1555: ✅ 0 взято | 🗑️ 21 мусор
2026-08-30 03:05:04,731 | INFO     |   → 596/1555: ✅ 0 взято | 🗑️ 21 мусор
2026-08-30 03:05:04,731 | INFO     |   → 597/1555: ✅ 0 взято | 🗑️ 21 мусор
2026-08-30 03:05:04,731 | INFO     |   → 598/1555: ✅ 0 взято | 🗑️ 21 мусор
2026-08-30 03:05:04,731 | INFO     |   → 599/1555: ✅ 0 взято | 🗑️ 21 мусор
2026-08-30 03:05:04,731 | INFO     |   → 600/1555: ✅ 0 взято | 🗑️ 21 мусор
2026-08-30 03:05:04,731 | INFO     |   → 601/1555: ✅ 0 взято | 🗑️ 15 мусор
2026-08-30 03:05:04,731 | INFO     |   → 602/1555: ✅ 0 взято | 🗑️ 15 мусор
2026-08-30 03:05:04,731 | INFO     |   → 603/1555: ✅ 0 взято | 🗑️ 15 мусор
2026-08-30 03:05:04,731 | INFO     |   → 604/1555: ✅ 0 взято | 🗑️ 15 мусор
2026-08-30 03:05:04,731 | INFO     |   → 605/1555: ✅ 0 взято | 🗑️ 15 мусор
2026-08-30 03:05:04,731 | INFO     |   → 606/1555: ✅ 0 взято | 🗑️ 15 мусор
2026-08-30 03:05:04,731 | INFO     |   → 607/1555: ✅ 0 взято | 🗑️ 15 мусор
2026-08-30 03:05:04,731 | INFO     |   → 608/1555: ✅ 0 взято | 🗑️ 15 мусор
2026-08-30 03:05:04,731 | INFO     |   → 609/1555: ✅ 0 взято | 🗑️ 15 мусор
2026-08-30 03:05:04,731 | INFO     |   → 610/1555: ✅ 0 взято | 🗑️ 15 мусор
2026-08-30 03:05:04,731 | INFO     |   → 611/1555: ✅ 0 взято | 🗑️ 14 мусор
2026-08-30 03:05:04,731 | INFO     |   → 612/1555: ✅ 0 взято | 🗑️ 14 мусор
2026-08-30 03:05:04,731 | INFO     |   → 613/1555: ✅ 0 взято | 🗑️ 14 мусор
2026-08-30 03:05:04,731 | INFO     |   → 614/1555: ✅ 0 взято | 🗑️ 14 мусор
2026-08-30 03:05:04,732 | INFO     |   → 615/1555: ✅ 0 взято | 🗑️ 17 мусор
2026-08-30 03:05:04,732 | INFO     |   → 616/1555: ✅ 0 взято | 🗑️ 17 мусор
2026-08-30 03:05:04,732 | INFO     |   → 617/1555: ✅ 0 взято | 🗑️ 17 мусор
2026-08-30 03:05:04,732 | INFO     |   → 618/1555: ✅ 0 взято | 🗑️ 17 мусор
2026-08-30 03:05:04,732 | INFO     |   → 619/1555: ✅ 0 взято | 🗑️ 17 мусор
2026-08-30 03:05:04,732 | INFO     |   → 620/1555: ✅ 0 взято | 🗑️ 24 мусор
2026-08-30 03:05:04,732 | INFO     |   → 621/1555: ✅ 0 взято | 🗑️ 24 мусор
2026-08-30 03:05:04,732 | INFO     |   → 622/1555: ✅ 0 взято | 🗑️ 24 мусор
2026-08-30 03:05:04,732 | INFO     |   → 623/1555: ✅ 0 взято | 🗑️ 24 мусор
2026-08-30 03:05:04,732 | INFO     |   → 624/1555: ✅ 0 взято | 🗑️ 24 мусор
2026-08-30 03:05:04,732 | INFO     |   → 625/1555: ✅ 0 взято | 🗑️ 24 мусор
2026-08-30 03:05:04,732 | INFO     |   → 626/1555: ✅ 0 взято | 🗑️ 24 мусор
2026-08-30 03:05:04,732 | INFO     |   → 627/1555: ✅ 0 взято | 🗑️ 24 мусор
2026-08-30 03:05:04,732 | INFO     |   → 628/1555: ✅ 0 взято | 🗑️ 24 мусор
2026-08-30 03:05:04,732 | INFO     |   → 629/1555: ✅ 0 взято | 🗑️ 24 мусор
2026-08-30 03:05:04,732 | INFO     |   → 630/1555: ✅ 0 взято | 🗑️ 24 мусор
2026-08-30 03:05:04,732 | INFO     |   → 631/1555: ✅ 0 взято | 🗑️ 7 мусор
2026-08-30 03:05:04,732 | INFO     |   → 632/1555: ✅ 0 взято | 🗑️ 7 мусор
2026-08-30 03:05:04,732 | INFO     |   → 633/1555: ✅ 0 взято | 🗑️ 7 мусор
2026-08-30 03:05:04,732 | INFO     |   → 634/1555: ✅ 0 взято | 🗑️ 7 мусор
2026-08-30 03:05:04,732 | INFO     |   → 635/1555: ✅ 0 взято | 🗑️ 7 мусор
2026-08-30 03:05:04,732 | INFO     |   → 636/1555: ✅ 0 взято | 🗑️ 7 мусор
2026-08-30 03:05:04,732 | INFO     |   → 637/1555: ✅ 0 взято | 🗑️ 7 мусор
2026-08-30 03:05:04,732 | INFO     |   → 638/1555: ✅ 0 взято | 🗑️ 7 мусор
2026-08-30 03:05:04,732 | INFO     |   → 639/1555: ✅ 0 взято | 🗑️ 7 мусор
2026-08-30 03:05:04,732 | INFO     |   → 640/1555: ✅ 0 взято | 🗑️ 7 мусор
2026-08-30 03:05:04,732 | INFO     |   → 641/1555: ✅ 0 взято | 🗑️ 9 мусор
2026-08-30 03:05:04,732 | INFO     |   → 642/1555: ✅ 0 взято | 🗑️ 9 мусор
2026-08-30 03:05:04,732 | INFO     |   → 643/1555: ✅ 0 взято | 🗑️ 9 мусор
2026-08-30 03:05:04,732 | INFO     |   → 644/1555: ✅ 0 взято | 🗑️ 9 мусор
2026-08-30 03:05:04,732 | INFO     |   → 645/1555: ✅ 0 взято | 🗑️ 9 мусор
2026-08-30 03:05:04,732 | INFO     |   → 646/1555: ✅ 0 взято | 🗑️ 9 мусор
2026-08-30 03:05:04,732 | INFO     |   → 647/1555: ✅ 0 взято | 🗑️ 9 мусор
2026-08-30 03:05:04,732 | INFO     |   → 648/1555: ✅ 0 взято | 🗑️ 9 мусор
2026-08-30 03:05:04,732 | INFO     |   → 649/1555: ✅ 0 взято | 🗑️ 9 мусор
2026-08-30 03:05:04,732 | INFO     |   → 650/1555: ✅ 0 взято | 🗑️ 9 мусор
2026-08-30 03:05:04,732 | INFO     |   → 651/1555: ✅ 0 взято | 🗑️ 10 мусор
2026-08-30 03:05:04,732 | INFO     |   → 652/1555: ✅ 0 взято | 🗑️ 10 мусор
2026-08-30 03:05:04,732 | INFO     |   → 653/1555: ✅ 0 взято | 🗑️ 10 мусор
2026-08-30 03:05:04,732 | INFO     |   → 654/1555: ✅ 0 взято | 🗑️ 10 мусор
2026-08-30 03:05:04,732 | INFO     |   → 655/1555: ✅ 0 взято | 🗑️ 10 мусор
2026-08-30 03:05:04,732 | INFO     |   → 656/1555: ✅ 0 взято | 🗑️ 10 мусор
2026-08-30 03:05:04,732 | INFO     |   → 657/1555: ✅ 0 взято | 🗑️ 10 мусор
2026-08-30 03:05:04,732 | INFO     |   → 658/1555: ✅ 0 взято | 🗑️ 10 мусор
2026-08-30 03:05:04,732 | INFO     |   → 659/1555: ✅ 0 взято | 🗑️ 10 мусор
2026-08-30 03:05:04,732 | INFO     |   → 660/1555: ✅ 0 взято | 🗑️ 10 мусор
2026-08-30 03:05:04,732 | INFO     |   → 661/1555: ✅ 0 взято | 🗑️ 7 мусор
2026-08-30 03:05:04,732 | INFO     |   → 662/1555 ❌ HTTP 404 — https://raw.githubusercontent.com/0i0/deepme-crawler/main/crawled.repos/1.txt
2026-08-30 03:05:04,732 | INFO     |   → 663/1555 ❌ HTTP 404 — https://raw.githubusercontent.com/0i0/deepme-crawler/main/crawled.repos/Z.txt
2026-08-30 03:05:04,732 | INFO     |   → 664/1555 ❌ HTTP 404 — https://raw.githubusercontent.com/0i0/deepme-crawler/main/crawled.repos/i.txt
2026-08-30 03:05:04,733 | INFO     |   → 665/1555 ❌ HTTP 404 — https://raw.githubusercontent.com/0i0/deepme-crawler/main/crawled.repos/q.txt
2026-08-30 03:05:04,733 | INFO     |   → 666/1555: ✅ 0 взято | 🗑️ 0 мусор
2026-08-30 03:05:04,733 | INFO     |   → 667/1555: ✅ 0 взято | 🗑️ 0 мусор
2026-08-30 03:05:04,733 | INFO     |   → 668/1555: ✅ 0 взято | 🗑️ 0 мусор
2026-08-30 03:05:04,733 | INFO     |   → 669/1555: ✅ 0 взято | 🗑️ 0 мусор
2026-08-30 03:05:04,733 | INFO     |   → 670/1555: ✅ 0 взято | 🗑️ 0 мусор
2026-08-30 03:05:04,733 | INFO     |   → 671/1555: ✅ 0 взято | 🗑️ 0 мусор
2026-08-30 03:05:04,733 | INFO     |   → 672/1555: ✅ 0 взято | 🗑️ 0 мусор
2026-08-30 03:05:04,733 | INFO     |   → 673/1555: ✅ 0 взято | 🗑️ 0 мусор
2026-08-30 03:05:04,733 | INFO     |   → 674/1555: ✅ 0 взято | 🗑️ 0 мусор
2026-08-30 03:05:04,733 | INFO     |   → 675/1555: ✅ 0 взято | 🗑️ 0 мусор
2026-08-30 03:05:04,733 | INFO     |   → 676/1555: ✅ 0 взято | 🗑️ 0 мусор
2026-08-30 03:05:04,733 | INFO     |   → 677/1555: ✅ 0 взято | 🗑️ 0 мусор
2026-08-30 03:05:04,733 | INFO     |   → 678/1555: ✅ 0 взято | 🗑️ 0 мусор
2026-08-30 03:05:04,733 | INFO     |   → 679/1555 ❌ HTTP 404 — https://raw.githubusercontent.com/10ium/MihomoSaz/main/Sublist/shatakvpn.yaml4_Sub.txt
2026-08-30 03:05:04,733 | INFO     |   → 680/1555: ✅ 0 взято | 🗑️ 0 мусор
2026-08-30 03:05:04,733 | INFO     |   → 681/1555: ✅ 0 взято | 🗑️ 0 мусор
2026-08-30 03:05:04,733 | INFO     |   → 682/1555: ✅ 0 взято | 🗑️ 0 мусор
2026-08-30 03:05:04,733 | INFO     |   → 683/1555: ✅ 487 взято | 🗑️ 1626 мусор
2026-08-30 03:05:04,733 | INFO     |   → 684/1555: ✅ 167 взято | 🗑️ 672 мусор
2026-08-30 03:05:04,733 | INFO     |   → 685/1555: ✅ 0 взято | 🗑️ 0 мусор
2026-08-30 03:05:04,733 | INFO     |   → 686/1555: ✅ 0 взято | 🗑️ 0 мусор
2026-08-30 03:05:04,733 | INFO     |   → 687/1555 ❌ HTTP 404 — https://raw.githubusercontent.com/1979139113/0day-today-exploits/main/28798.txt
2026-08-30 03:05:04,733 | INFO     |   → 688/1555: ✅ 11 взято | 🗑️ 399 мусор
2026-08-30 03:05:04,733 | INFO     |   → 689/1555 ❌ HTTP 404 — https://raw.githubusercontent.com/372groupproject/milestones-team9-jiachengyang-wenkaizheng/main/video.txt
2026-08-30 03:05:04,733 | INFO     |   → 690/1555: ✅ 174 взято | 🗑️ 71 мусор
2026-08-30 03:05:04,733 | INFO     |   → 691/1555: ✅ 84 взято | 🗑️ 17 мусор
2026-08-30 03:05:04,733 | INFO     |   → 692/1555: ✅ 0 взято | 🗑️ 0 мусор
2026-08-30 03:05:04,733 | INFO     |   → 693/1555 ❌ HTTP 404 — https://raw.githubusercontent.com/9Fork/openit/main/Clash.yaml
2026-08-30 03:05:04,733 | INFO     |   → 694/1555: ✅ 77 взято | 🗑️ 1276 мусор
2026-08-30 03:05:04,733 | INFO     |   → 695/1555: ✅ 0 взято | 🗑️ 1276 мусор
2026-08-30 03:05:04,733 | INFO     |   → 696/1555: ✅ 0 взято | 🗑️ 1276 мусор
2026-08-30 03:05:04,733 | INFO     |   → 697/1555 ❌ HTTP 404 — https://raw.githubusercontent.com/ASC8384/myRime/main/custom_phrase.txt
2026-08-30 03:05:04,733 | INFO     |   → 698/1555: ✅ 0 взято | 🗑️ 0 мусор
2026-08-30 03:05:04,733 | INFO     |   → 699/1555: ✅ 19 взято | 🗑️ 81 мусор
2026-08-30 03:05:04,733 | INFO     |   → 700/1555: ✅ 11 взято | 🗑️ 87 мусор
2026-08-30 03:05:04,733 | INFO     |   → 701/1555: ✅ 27 взято | 🗑️ 73 мусор
2026-08-30 03:05:04,733 | INFO     |   → 702/1555: ✅ 13 взято | 🗑️ 75 мусор
2026-08-30 03:05:04,733 | INFO     |   → 703/1555: ✅ 10 взято | 🗑️ 83 мусор
2026-08-30 03:05:04,733 | INFO     |   → 704/1555: ✅ 12 взято | 🗑️ 86 мусор
2026-08-30 03:05:04,733 | INFO     |   → 705/1555: ✅ 11 взято | 🗑️ 87 мусор
2026-08-30 03:05:04,733 | INFO     |   → 706/1555: ✅ 11 взято | 🗑️ 80 мусор
2026-08-30 03:05:04,733 | INFO     |   → 707/1555: ✅ 9 взято | 🗑️ 82 мусор
2026-08-30 03:05:04,733 | INFO     |   → 708/1555: ✅ 69 взято | 🗑️ 3 мусор
2026-08-30 03:05:04,733 | INFO     |   → 709/1555: ✅ 3 взято | 🗑️ 75 мусор
2026-08-30 03:05:04,733 | INFO     |   → 710/1555: ✅ 4 взято | 🗑️ 69 мусор
2026-08-30 03:05:04,733 | INFO     |   → 711/1555: ✅ 4 взято | 🗑️ 80 мусор
2026-08-30 03:05:04,733 | INFO     |   → 712/1555: ✅ 6 взято | 🗑️ 81 мусор
2026-08-30 03:05:04,733 | INFO     |   → 713/1555: ✅ 5 взято | 🗑️ 79 мусор
2026-08-30 03:05:04,733 | INFO     |   → 714/1555: ✅ 11 взято | 🗑️ 78 мусор
2026-08-30 03:05:04,733 | INFO     |   → 715/1555: ✅ 3 взято | 🗑️ 83 мусор
2026-08-30 03:05:04,734 | INFO     |   → 716/1555: ✅ 14 взято | 🗑️ 76 мусор
2026-08-30 03:05:04,734 | INFO     |   → 717/1555: ✅ 12 взято | 🗑️ 78 мусор
2026-08-30 03:05:04,734 | INFO     |   → 718/1555: ✅ 26 взято | 🗑️ 218 мусор
2026-08-30 03:05:04,734 | INFO     |   → 719/1555: ✅ 44 взято | 🗑️ 141 мусор
2026-08-30 03:05:04,734 | INFO     |   → 720/1555: ✅ 10 взято | 🗑️ 71 мусор
2026-08-30 03:05:04,734 | INFO     |   → 721/1555: ✅ 2 взято | 🗑️ 88 мусор
2026-08-30 03:05:04,734 | INFO     |   → 722/1555: ✅ 0 взято | 🗑️ 3 мусор
2026-08-30 03:05:04,734 | INFO     |   → 723/1555: ✅ 14 взято | 🗑️ 4 мусор
2026-08-30 03:05:04,734 | INFO     |   → 724/1555: ✅ 854 взято | 🗑️ 2102 мусор
2026-08-30 03:05:04,734 | INFO     |   → 725/1555 ❌ HTTP 404 — https://raw.githubusercontent.com/Alvin9999/pac2/master/clash/1/config.yaml
2026-08-30 03:05:04,734 | INFO     |   → 726/1555 ❌ HTTP 404 — https://raw.githubusercontent.com/AmirHDevo/temp2/7f15e7ddb311a6f8c5ab338bd1af0e1f2136a84b/configs.txt
2026-08-30 03:05:04,734 | INFO     |   → 727/1555: ✅ 102 взято | 🗑️ 608 мусор
2026-08-30 03:05:04,734 | INFO     |   → 728/1555: ✅ 3246 взято | 🗑️ 28089 мусор
2026-08-30 03:05:04,734 | INFO     |   → 729/1555: ✅ 6 взято | 🗑️ 40 мусор
2026-08-30 03:05:04,734 | INFO     |   → 730/1555: ✅ 0 взято | 🗑️ 36 мусор
2026-08-30 03:05:04,734 | INFO     |   → 731/1555 ❌ HTTP 404 — https://raw.githubusercontent.com/Arianlavi/RebeldevConfig/refs/heads/main/RebelLink/trojan_subscriptions.txt
2026-08-30 03:05:04,734 | INFO     |   → 732/1555: ✅ 0 взято | 🗑️ 4 мусор
2026-08-30 03:05:04,734 | INFO     |   → 733/1555: ✅ 0 взято | 🗑️ 0 мусор
2026-08-30 03:05:04,734 | INFO     |   → 734/1555: ✅ 5 взято | 🗑️ 47 мусор
2026-08-30 03:05:04,734 | INFO     |   → 735/1555: ✅ 1 взято | 🗑️ 46 мусор
2026-08-30 03:05:04,734 | INFO     |   → 736/1555: ✅ 21 взято | 🗑️ 107 мусор
2026-08-30 03:05:04,734 | INFO     |   → 737/1555: ✅ 78 взято | 🗑️ 347 мусор
2026-08-30 03:05:04,734 | INFO     |   → 738/1555: ✅ 0 взято | 🗑️ 1373 мусор
2026-08-30 03:05:04,734 | INFO     |   → 739/1555: ✅ 423 взято | 🗑️ 763 мусор
2026-08-30 03:05:04,734 | INFO     |   → 740/1555: ✅ 0 взято | 🗑️ 6 мусор
2026-08-30 03:05:04,734 | INFO     |   → 741/1555: ✅ 0 взято | 🗑️ 0 мусор
2026-08-30 03:05:04,734 | INFO     |   → 742/1555: ✅ 0 взято | 🗑️ 0 мусор
2026-08-30 03:05:04,734 | INFO     |   → 743/1555: ✅ 1 взято | 🗑️ 235 мусор
2026-08-30 03:05:04,734 | INFO     |   → 744/1555: ✅ 0 взято | 🗑️ 16 мусор
2026-08-30 03:05:04,734 | INFO     |   → 745/1555: ✅ 0 взято | 🗑️ 0 мусор
2026-08-30 03:05:04,735 | INFO     |   → 746/1555: ✅ 0 взято | 🗑️ 14 мусор
2026-08-30 03:05:04,735 | INFO     |   → 747/1555: ✅ 0 взято | 🗑️ 0 мусор
2026-08-30 03:05:04,735 | INFO     |   → 748/1555: ✅ 0 взято | 🗑️ 17 мусор
2026-08-30 03:05:04,735 | INFO     |   → 749/1555: ✅ 0 взято | 🗑️ 0 мусор
2026-08-30 03:05:04,735 | INFO     |   → 750/1555: ✅ 1 взято | 🗑️ 12 мусор
2026-08-30 03:05:04,735 | INFO     |   → 751/1555: ✅ 0 взято | 🗑️ 0 мусор
2026-08-30 03:05:04,735 | INFO     |   → 752/1555: ✅ 0 взято | 🗑️ 17 мусор
2026-08-30 03:05:04,735 | INFO     |   → 753/1555: ✅ 0 взято | 🗑️ 0 мусор
2026-08-30 03:05:04,735 | INFO     |   → 754/1555: ✅ 0 взято | 🗑️ 17 мусор
2026-08-30 03:05:04,735 | INFO     |   → 755/1555: ✅ 0 взято | 🗑️ 0 мусор
2026-08-30 03:05:04,735 | INFO     |   → 756/1555: ✅ 0 взято | 🗑️ 161 мусор
2026-08-30 03:05:04,735 | INFO     |   → 757/1555: ✅ 0 взято | 🗑️ 0 мусор
2026-08-30 03:05:04,735 | INFO     |   → 758/1555: ✅ 5 взято | 🗑️ 76 мусор
2026-08-30 03:05:04,735 | INFO     |   → 759/1555: ✅ 80 взято | 🗑️ 1110 мусор
2026-08-30 03:05:04,735 | INFO     |   → 760/1555: ✅ 5 взято | 🗑️ 13 мусор
2026-08-30 03:05:04,735 | INFO     |   → 761/1555 ❌ HTTP 404 — https://raw.githubusercontent.com/Epodonios/bulk-xray-v2ray-vless-vmess-...-configs/main/sub/Austria/config.txt
2026-08-30 03:05:04,735 | INFO     |   → 762/1555 ❌ HTTP 404 — https://raw.githubusercontent.com/Epodonios/bulk-xray-v2ray-vless-vmess-...-configs/main/sub/Canada/config.txt
2026-08-30 03:05:04,735 | INFO     |   → 763/1555 ❌ HTTP 404 — https://raw.githubusercontent.com/Epodonios/bulk-xray-v2ray-vless-vmess-...-configs/main/sub/Costa%20Rica/config.txt
2026-08-30 03:05:04,735 | INFO     |   → 764/1555 ❌ HTTP 404 — https://raw.githubusercontent.com/Epodonios/bulk-xray-v2ray-vless-vmess-...-configs/main/sub/France/config.txt
2026-08-30 03:05:04,735 | INFO     |   → 765/1555 ❌ HTTP 404 — https://raw.githubusercontent.com/Epodonios/bulk-xray-v2ray-vless-vmess-...-configs/main/sub/Germany/config.txt
2026-08-30 03:05:04,735 | INFO     |   → 766/1555 ❌ HTTP 404 — https://raw.githubusercontent.com/Epodonios/bulk-xray-v2ray-vless-vmess-...-configs/main/sub/Indonesia/config.txt
2026-08-30 03:05:04,735 | INFO     |   → 767/1555 ❌ HTTP 404 — https://raw.githubusercontent.com/Epodonios/bulk-xray-v2ray-vless-vmess-...-configs/main/sub/Ireland/config.txt
2026-08-30 03:05:04,735 | INFO     |   → 768/1555 ❌ HTTP 404 — https://raw.githubusercontent.com/Epodonios/bulk-xray-v2ray-vless-vmess-...-configs/main/sub/Republic%20of%20Lithuania/config.txt
2026-08-30 03:05:04,735 | INFO     |   → 769/1555 ❌ HTTP 404 — https://raw.githubusercontent.com/Epodonios/bulk-xray-v2ray-vless-vmess-...-configs/main/sub/South%20Africa/config.txt
2026-08-30 03:05:04,735 | INFO     |   → 770/1555 ❌ HTTP 404 — https://raw.githubusercontent.com/Epodonios/bulk-xray-v2ray-vless-vmess-...-configs/main/sub/Sweden/config.txt
2026-08-30 03:05:04,735 | INFO     |   → 771/1555 ❌ HTTP 404 — https://raw.githubusercontent.com/Epodonios/bulk-xray-v2ray-vless-vmess-...-configs/main/sub/Turkey/config.txt
2026-08-30 03:05:04,735 | INFO     |   → 772/1555 ❌ HTTP 404 — https://raw.githubusercontent.com/Epodonios/bulk-xray-v2ray-vless-vmess-...-configs/main/sub/United%20Arab%20Emirates/config.txt
2026-08-30 03:05:04,735 | INFO     |   → 773/1555 ❌ HTTP 404 — https://raw.githubusercontent.com/Epodonios/bulk-xray-v2ray-vless-vmess-...-configs/main/sub/United%20Kingdom/config.txt
2026-08-30 03:05:04,735 | INFO     |   → 774/1555 ❌ HTTP 404 — https://raw.githubusercontent.com/Epodonios/bulk-xray-v2ray-vless-vmess-...-configs/main/sub/United%20States/config.txt
2026-08-30 03:05:04,735 | INFO     |   → 775/1555: ✅ 26 взято | 🗑️ 7032 мусор
2026-08-30 03:05:04,735 | INFO     |   → 776/1555 ❌ HTTP 404 — https://raw.githubusercontent.com/Epodonios/v2ray-configs/main/Splitted-By-Protocol/mix.txt
2026-08-30 03:05:04,735 | INFO     |   → 777/1555: ✅ 4 взято | 🗑️ 752 мусор
2026-08-30 03:05:04,735 | INFO     |   → 778/1555: ✅ 0 взято | 🗑️ 0 мусор
2026-08-30 03:05:04,735 | INFO     |   → 779/1555: ✅ 2 взято | 🗑️ 243 мусор
2026-08-30 03:05:04,735 | INFO     |   → 780/1555: ✅ 0 взято | 🗑️ 5607 мусор
2026-08-30 03:05:04,735 | INFO     |   → 781/1555: ✅ 0 взято | 🗑️ 281 мусор
2026-08-30 03:05:04,735 | INFO     |   → 782/1555 ❌ HTTP 404 — https://raw.githubusercontent.com/Epodonios/v2ray-configs/main/Sub45.txt
2026-08-30 03:05:04,735 | INFO     |   → 783/1555 ❌ HTTP 404 — https://raw.githubusercontent.com/Epodonios/v2ray-configs/raw/main/Splitted-By-Protocol/trojan.txt
2026-08-30 03:05:04,735 | INFO     |   → 784/1555 ❌ HTTP 404 — https://raw.githubusercontent.com/Epodonios/v2ray-configs/raw/main/Splitted-By-Protocol/vmess.txt
2026-08-30 03:05:04,735 | INFO     |   → 785/1555: ✅ 0 взято | 🗑️ 752 мусор
2026-08-30 03:05:04,735 | INFO     |   → 786/1555: ✅ 0 взято | 🗑️ 0 мусор
2026-08-30 03:05:04,735 | INFO     |   → 787/1555: ✅ 0 взято | 🗑️ 243 мусор
2026-08-30 03:05:04,735 | INFO     |   → 788/1555: ✅ 0 взято | 🗑️ 5607 мусор
2026-08-30 03:05:04,735 | INFO     |   → 789/1555: ✅ 0 взято | 🗑️ 281 мусор
2026-08-30 03:05:04,735 | INFO     |   → 790/1555: ✅ 1 взято | 🗑️ 1 мусор
2026-08-30 03:05:04,735 | INFO     |   → 791/1555 ❌ HTTP 404 — https://raw.githubusercontent.com/Fido6/FreeNodes/57221e59caddde55ffdda21d491ae952cd608049/nodes/halekj.txt
2026-08-30 03:05:04,735 | INFO     |   → 792/1555 ❌ HTTP 404 — https://raw.githubusercontent.com/Fido6/FreeNodes/57221e59caddde55ffdda21d491ae952cd608049/nodes/kkzui.txt
2026-08-30 03:05:04,735 | INFO     |   → 793/1555 ❌ HTTP 404 — https://raw.githubusercontent.com/Fido6/FreeNodes/57221e59caddde55ffdda21d491ae952cd608049/nodes/wenode.txt
2026-08-30 03:05:04,736 | INFO     |   → 794/1555: ✅ 0 взято | 🗑️ 0 мусор
2026-08-30 03:05:04,736 | INFO     |   → 795/1555: ✅ 0 взято | 🗑️ 0 мусор
2026-08-30 03:05:04,736 | INFO     |   → 796/1555: ✅ 14 взято | 🗑️ 250 мусор
2026-08-30 03:05:04,736 | INFO     |   → 797/1555: ✅ 3 взято | 🗑️ 15 мусор
2026-08-30 03:05:04,736 | INFO     |   → 798/1555: ✅ 0 взято | 🗑️ 15 мусор
2026-08-30 03:05:04,736 | INFO     |   → 799/1555: ✅ 0 взято | 🗑️ 0 мусор
2026-08-30 03:05:04,736 | INFO     |   → 800/1555: ✅ 21 взято | 🗑️ 278 мусор
2026-08-30 03:05:04,736 | INFO     |   → 801/1555 ❌ HTTP 404 — https://raw.githubusercontent.com/Homeless-Xu/HomeLess-HomeLAB/main/◼︎1-Net/za-V2ray.txt
2026-08-30 03:05:04,736 | INFO     |   → 802/1555: ✅ 1 взято | 🗑️ 17 мусор
2026-08-30 03:05:04,736 | INFO     |   → 803/1555: ✅ 4 взято | 🗑️ 11 мусор
2026-08-30 03:05:04,736 | INFO     |   → 804/1555: ✅ 0 взято | 🗑️ 0 мусор
2026-08-30 03:05:04,736 | INFO     |   → 805/1555: ✅ 0 взято | 🗑️ 137 мусор
2026-08-30 03:05:04,736 | INFO     |   → 806/1555: ✅ 0 взято | 🗑️ 32 мусор
2026-08-30 03:05:04,736 | INFO     |   → 807/1555: ✅ 2 взято | 🗑️ 19 мусор
2026-08-30 03:05:04,736 | INFO     |   → 808/1555: ✅ 0 взято | 🗑️ 43 мусор
2026-08-30 03:05:04,736 | INFO     |   → 809/1555: ✅ 0 взято | 🗑️ 43 мусор
2026-08-30 03:05:04,736 | INFO     |   → 810/1555 ❌ HTTP 404 — https://raw.githubusercontent.com/Iran-v2ray/v2ray/main/v2ray
2026-08-30 03:05:04,736 | INFO     |   → 811/1555: ✅ 0 взято | 🗑️ 2 мусор
2026-08-30 03:05:04,736 | INFO     |   → 812/1555: ✅ 0 взято | 🗑️ 2 мусор
2026-08-30 03:05:04,736 | INFO     |   → 813/1555: ✅ 0 взято | 🗑️ 28 мусор
2026-08-30 03:05:04,736 | INFO     |   → 814/1555: ✅ 14 взято | 🗑️ 282 мусор
2026-08-30 03:05:04,736 | INFO     |   → 815/1555: ✅ 0 взято | 🗑️ 94 мусор
2026-08-30 03:05:04,736 | INFO     |   → 816/1555: ✅ 0 взято | 🗑️ 0 мусор
2026-08-30 03:05:04,736 | INFO     |   → 817/1555: ✅ 0 взято | 🗑️ 0 мусор
2026-08-30 03:05:04,736 | INFO     |   → 818/1555 ❌ HTTP 404 — https://raw.githubusercontent.com/Kahsolt/SuperCmd/main/bin/proxy.txt
2026-08-30 03:05:04,736 | INFO     |   → 819/1555 ❌ HTTP 404 — https://raw.githubusercontent.com/Kwinshadow/TelegramV2rayCollector/raw/refs/heads/main/sublinks/mix.txt
2026-08-30 03:05:04,736 | INFO     |   → 820/1555 ❌ HTTP 404 — https://raw.githubusercontent.com/LalatinaHub/Mineral/raw/refs/heads/master/result/nodes
2026-08-30 03:05:04,736 | INFO     |   → 821/1555 ❌ HTTP 404 — https://raw.githubusercontent.com/Leon406/SubCrawler/main/sub/share/all3
2026-08-30 03:05:04,736 | INFO     |   → 822/1555 ❌ HTTP 404 — https://raw.githubusercontent.com/Leon406/SubCrawler/main/sub/share/all4
2026-08-30 03:05:04,736 | INFO     |   → 823/1555: ✅ 4 взято | 🗑️ 335 мусор
2026-08-30 03:05:04,736 | INFO     |   → 824/1555: ✅ 0 взято | 🗑️ 33 мусор
2026-08-30 03:05:04,736 | INFO     |   → 825/1555: ✅ 0 взято | 🗑️ 6 мусор
2026-08-30 03:05:04,736 | INFO     |   → 826/1555 ❌ HTTP 404 — https://raw.githubusercontent.com/LiveXY/elearning/main/python.txt
2026-08-30 03:05:04,736 | INFO     |   → 827/1555: ✅ 0 взято | 🗑️ 147 мусор
2026-08-30 03:05:04,736 | INFO     |   → 828/1555 ❌ HTTP 404 — https://raw.githubusercontent.com/Loukky/gfwlist-by-loukky/main/list.txt
2026-08-30 03:05:04,736 | INFO     |   → 829/1555 ❌ HTTP 404 — https://raw.githubusercontent.com/M-Mashreghi/free-config-collector/main/Splitted-By-Protocol/ssr.txt
2026-08-30 03:05:04,736 | INFO     |   → 830/1555: ✅ 139 взято | 🗑️ 114 мусор
2026-08-30 03:05:04,736 | INFO     |   → 831/1555: ✅ 126 взято | 🗑️ 137 мусор
2026-08-30 03:05:04,736 | INFO     |   → 832/1555: ✅ 0 взято | 🗑️ 12 мусор
2026-08-30 03:05:04,736 | INFO     |   → 833/1555: ✅ 393 взято | 🗑️ 959 мусор
2026-08-30 03:05:04,736 | INFO     |   → 834/1555: ✅ 0 взято | 🗑️ 60 мусор
2026-08-30 03:05:04,736 | INFO     |   → 835/1555: ✅ 0 взято | 🗑️ 102 мусор
2026-08-30 03:05:04,736 | INFO     |   → 836/1555: ✅ 0 взято | 🗑️ 91 мусор
2026-08-30 03:05:04,736 | INFO     |   → 837/1555: ✅ 0 взято | 🗑️ 706 мусор
2026-08-30 03:05:04,736 | INFO     |   → 838/1555: ✅ 0 взято | 🗑️ 1 мусор
2026-08-30 03:05:04,736 | INFO     |   → 839/1555: ✅ 74 взято | 🗑️ 93 мусор
2026-08-30 03:05:04,736 | INFO     |   → 840/1555: ✅ 0 взято | 🗑️ 93 мусор
2026-08-30 03:05:04,736 | INFO     |   → 841/1555 ❌ HTTP 404 — https://raw.githubusercontent.com/MatinGhanbari/v2ray-configs/main/subscriptions/filtered/subs/hy2.txt
2026-08-30 03:05:04,736 | INFO     |   → 842/1555: ✅ 25 взято | 🗑️ 1256 мусор
2026-08-30 03:05:04,736 | INFO     |   → 843/1555 ❌ HTTP 404 — https://raw.githubusercontent.com/MatinGhanbari/v2ray-configs/main/subscriptions/filtered/subs/ssr.txt
2026-08-30 03:05:04,736 | INFO     |   → 844/1555: ✅ 52 взято | 🗑️ 328 мусор
2026-08-30 03:05:04,737 | INFO     |   → 845/1555 ❌ HTTP 404 — https://raw.githubusercontent.com/MatinGhanbari/v2ray-configs/main/subscriptions/filtered/subs/tuic.txt
2026-08-30 03:05:04,737 | INFO     |   → 846/1555: ✅ 7 взято | 🗑️ 243 мусор
2026-08-30 03:05:04,737 | INFO     |   → 847/1555: ✅ 36 взято | 🗑️ 1813 мусор
2026-08-30 03:05:04,737 | INFO     |   → 848/1555: ✅ 0 взято | 🗑️ 2 мусор
2026-08-30 03:05:04,737 | INFO     |   → 849/1555: ✅ 359 взято | 🗑️ 1459 мусор
2026-08-30 03:05:04,737 | INFO     |   → 850/1555: ✅ 0 взято | 🗑️ 755 мусор
2026-08-30 03:05:04,737 | INFO     |   → 851/1555: ✅ 0 взято | 🗑️ 755 мусор
2026-08-30 03:05:04,737 | INFO     |   → 852/1555: ✅ 0 взято | 🗑️ 41 мусор
2026-08-30 03:05:04,737 | INFO     |   → 853/1555: ✅ 0 взято | 🗑️ 2 мусор
2026-08-30 03:05:04,737 | INFO     |   → 854/1555: ✅ 0 взято | 🗑️ 576 мусор
2026-08-30 03:05:04,737 | INFO     |   → 855/1555: ✅ 0 взято | 🗑️ 93 мусор
2026-08-30 03:05:04,737 | INFO     |   → 856/1555 ❌ HTTP 404 — https://raw.githubusercontent.com/MhdiTaheri/V2rayCollector/raw/refs/heads/main/sub/mix
2026-08-30 03:05:04,737 | INFO     |   → 857/1555: ✅ 0 взято | 🗑️ 1459 мусор
2026-08-30 03:05:04,737 | INFO     |   → 858/1555: ✅ 53 взято | 🗑️ 267 мусор
2026-08-30 03:05:04,737 | INFO     |   → 859/1555 ❌ HTTP 404 — https://raw.githubusercontent.com/MhdiTaheri/V2rayCollector_Py/raw/refs/heads/main/sub/Mix/mix.txt
2026-08-30 03:05:04,737 | INFO     |   → 860/1555: ✅ 0 взято | 🗑️ 0 мусор
2026-08-30 03:05:04,737 | INFO     |   → 861/1555: ✅ 43 взято | 🗑️ 217 мусор
2026-08-30 03:05:04,737 | INFO     |   → 862/1555: ✅ 0 взято | 🗑️ 31 мусор
2026-08-30 03:05:04,737 | INFO     |   → 863/1555: ✅ 12 взято | 🗑️ 183 мусор
2026-08-30 03:05:04,737 | INFO     |   → 864/1555: ✅ 0 взято | 🗑️ 26 мусор
2026-08-30 03:05:04,737 | INFO     |   → 865/1555: ✅ 0 взято | 🗑️ 5 мусор
2026-08-30 03:05:04,737 | INFO     |   → 866/1555 ❌ HTTP 404 — https://raw.githubusercontent.com/MrMohebi/xray-proxy-grabber-telegram/master/collected-proxies/clash-meta/all.yaml
2026-08-30 03:05:04,737 | INFO     |   → 867/1555 ❌ HTTP 404 — https://raw.githubusercontent.com/MrMohebi/xray-proxy-grabber-telegram/master/collected-proxies/row-url/actives.txt
2026-08-30 03:05:04,737 | INFO     |   → 868/1555 ❌ HTTP 404 — https://raw.githubusercontent.com/MrMohebi/xray-proxy-grabber-telegram/master/collected-proxies/row-url/all.txt
2026-08-30 03:05:04,737 | INFO     |   → 869/1555: ✅ 0 взято | 🗑️ 13 мусор
2026-08-30 03:05:04,737 | INFO     |   → 870/1555: ✅ 0 взято | 🗑️ 13 мусор
2026-08-30 03:05:04,737 | INFO     |   → 871/1555: ✅ 5 взято | 🗑️ 15 мусор
2026-08-30 03:05:04,737 | INFO     |   → 872/1555: ✅ 0 взято | 🗑️ 30 мусор
2026-08-30 03:05:04,738 | INFO     |   → 873/1555: ✅ 0 взято | 🗑️ 15 мусор
2026-08-30 03:05:04,738 | INFO     |   → 874/1555: ✅ 66 взято | 🗑️ 123 мусор
2026-08-30 03:05:04,738 | INFO     |   → 875/1555: ✅ 247 взято | 🗑️ 268 мусор
2026-08-30 03:05:04,738 | INFO     |   → 876/1555: ✅ 0 взято | 🗑️ 0 мусор
2026-08-30 03:05:04,738 | INFO     |   → 877/1555 ❌ HTTP 404 — https://raw.githubusercontent.com/NoviceLive/unish/main/dat/arch.txt
2026-08-30 03:05:04,738 | INFO     |   → 878/1555 ❌ HTTP 404 — https://raw.githubusercontent.com/OpenCNLink/freevpn/3cfcff048bfdd1493ccffa52ecf30ce7f9fc6b28/src/list/vmess.txt
2026-08-30 03:05:04,738 | INFO     |   → 879/1555 ❌ HTTP 404 — https://raw.githubusercontent.com/Opnwall/Mihomo-for-OPNsense/main/mosdns/domains/gfw.txt
2026-08-30 03:05:04,738 | INFO     |   → 880/1555 ❌ HTTP 404 — https://raw.githubusercontent.com/Pawdro/Collection/main/sub
2026-08-30 03:05:04,738 | INFO     |   → 881/1555: ✅ 0 взято | 🗑️ 20 мусор
2026-08-30 03:05:04,738 | INFO     |   → 882/1555: ✅ 1 взято | 🗑️ 19 мусор
2026-08-30 03:05:04,738 | INFO     |   → 883/1555: ✅ 0 взято | 🗑️ 0 мусор
2026-08-30 03:05:04,738 | INFO     |   → 884/1555: ✅ 0 взято | 🗑️ 0 мусор
2026-08-30 03:05:04,738 | INFO     |   → 885/1555: ✅ 0 взято | 🗑️ 50 мусор
2026-08-30 03:05:04,738 | INFO     |   → 886/1555: ✅ 5 взято | 🗑️ 206 мусор
2026-08-30 03:05:04,738 | INFO     |   → 887/1555: ✅ 21 взято | 🗑️ 138 мусор
2026-08-30 03:05:04,738 | INFO     |   → 888/1555: ✅ 23 взято | 🗑️ 89 мусор
2026-08-30 03:05:04,738 | INFO     |   → 889/1555: ✅ 9 взято | 🗑️ 85 мусор
2026-08-30 03:05:04,738 | INFO     |   → 890/1555: ✅ 0 взято | 🗑️ 129 мусор
2026-08-30 03:05:04,738 | INFO     |   → 891/1555: ✅ 0 взято | 🗑️ 81 мусор
2026-08-30 03:05:04,738 | INFO     |   → 892/1555: ✅ 0 взято | 🗑️ 0 мусор
2026-08-30 03:05:04,738 | INFO     |   → 893/1555 ❌ HTTP 404 — https://raw.githubusercontent.com/STR97/STRUGOV/refs/heads/main/STR.BYPASS
2026-08-30 03:05:04,738 | INFO     |   → 894/1555 ❌ HTTP 404 — https://raw.githubusercontent.com/Sajad-meow/free-vmess/0a2bf5319c9bec099ebbaa5e0d9bbc8414116880/vp.txt
2026-08-30 03:05:04,738 | INFO     |   → 895/1555: ✅ 11 взято | 🗑️ 16 мусор
2026-08-30 03:05:04,738 | INFO     |   → 896/1555: ✅ 0 взято | 🗑️ 16 мусор
2026-08-30 03:05:04,738 | INFO     |   → 897/1555: ✅ 0 взято | 🗑️ 27 мусор
2026-08-30 03:05:04,738 | INFO     |   → 898/1555: ✅ 140 взято | 🗑️ 1153 мусор
2026-08-30 03:05:04,739 | INFO     |   → 899/1555 ❌ HTTP 404 — https://raw.githubusercontent.com/Simpleyyt/shadowsocks-eos/main/requirments.txt
2026-08-30 03:05:04,739 | INFO     |   → 900/1555: ✅ 109 взято | 🗑️ 71 мусор
2026-08-30 03:05:04,739 | INFO     |   → 901/1555: ✅ 17 взято | 🗑️ 5 мусор
2026-08-30 03:05:04,739 | INFO     |   → 902/1555: ✅ 240 взято | 🗑️ 218 мусор
2026-08-30 03:05:04,739 | INFO     |   → 903/1555: ✅ 32 взято | 🗑️ 72 мусор
2026-08-30 03:05:04,739 | INFO     |   → 904/1555: ✅ 26 взято | 🗑️ 22 мусор
2026-08-30 03:05:04,739 | INFO     |   → 905/1555: ✅ 34 взято | 🗑️ 9 мусор
2026-08-30 03:05:04,739 | INFO     |   → 906/1555: ✅ 9 взято | 🗑️ 29 мусор
2026-08-30 03:05:04,739 | INFO     |   → 907/1555: ✅ 23 взято | 🗑️ 19 мусор
2026-08-30 03:05:04,739 | INFO     |   → 908/1555: ✅ 25 взято | 🗑️ 19 мусор
2026-08-30 03:05:04,739 | INFO     |   → 909/1555: ✅ 14 взято | 🗑️ 29 мусор
2026-08-30 03:05:04,739 | INFO     |   → 910/1555: ✅ 24 взято | 🗑️ 24 мусор
2026-08-30 03:05:04,739 | INFO     |   → 911/1555: ✅ 31 взято | 🗑️ 16 мусор
2026-08-30 03:05:04,739 | INFO     |   → 912/1555: ✅ 24 взято | 🗑️ 24 мусор
2026-08-30 03:05:04,739 | INFO     |   → 913/1555: ✅ 29 взято | 🗑️ 54 мусор
2026-08-30 03:05:04,739 | INFO     |   → 914/1555: ✅ 1 взято | 🗑️ 47 мусор
2026-08-30 03:05:04,739 | INFO     |   → 915/1555: ✅ 0 взято | 🗑️ 0 мусор
2026-08-30 03:05:04,739 | INFO     |   → 916/1555: ✅ 18 взято | 🗑️ 102 мусор
2026-08-30 03:05:04,739 | INFO     |   → 917/1555: ✅ 0 взято | 🗑️ 47 мусор
2026-08-30 03:05:04,739 | INFO     |   → 918/1555: ✅ 0 взято | 🗑️ 102 мусор
2026-08-30 03:05:04,739 | INFO     |   → 919/1555: ✅ 4 взято | 🗑️ 291 мусор
2026-08-30 03:05:04,739 | INFO     |   → 920/1555: ✅ 0 взято | 🗑️ 119 мусор
2026-08-30 03:05:04,739 | INFO     |   → 921/1555: ✅ 0 взято | 🗑️ 0 мусор
2026-08-30 03:05:04,739 | INFO     |   → 922/1555 ❌ HTTP 404 — https://raw.githubusercontent.com/ToyoDAdoubi/doubi/main/other/pac.txt
2026-08-30 03:05:04,739 | INFO     |   → 923/1555 ❌ HTTP 404 — https://raw.githubusercontent.com/UnsignedInt8/LightSwordX/main/LightSwordX/black.txt
2026-08-30 03:05:04,739 | INFO     |   → 924/1555 ❌ HTTP 404 — https://raw.githubusercontent.com/V2RAYCONFIGSPOOL/V2RAY_SUB/main/V2RAY_SUB.txt
2026-08-30 03:05:04,739 | INFO     |   → 925/1555: ✅ 96 взято | 🗑️ 167 мусор
2026-08-30 03:05:04,739 | INFO     |   → 926/1555: ✅ 0 взято | 🗑️ 0 мусор
2026-08-30 03:05:04,739 | INFO     |   → 927/1555: ✅ 12 взято | 🗑️ 8 мусор
2026-08-30 03:05:04,739 | INFO     |   → 928/1555 ❌ HTTP 404 — https://raw.githubusercontent.com/YasserAuda/Haking-Tools-List/main/List.txt
2026-08-30 03:05:04,739 | INFO     |   → 929/1555: ✅ 113 взято | 🗑️ 86 мусор
2026-08-30 03:05:04,739 | INFO     |   → 930/1555: ✅ 0 взято | 🗑️ 0 мусор
2026-08-30 03:05:04,739 | INFO     |   → 931/1555: ✅ 0 взято | 🗑️ 86 мусор
2026-08-30 03:05:04,739 | INFO     |   → 932/1555: ✅ 58 взято | 🗑️ 348 мусор
2026-08-30 03:05:04,739 | INFO     |   → 933/1555: ✅ 0 взято | 🗑️ 0 мусор
2026-08-30 03:05:04,739 | INFO     |   → 934/1555: ✅ 4 взято | 🗑️ 458 мусор
2026-08-30 03:05:04,739 | INFO     |   → 935/1555 ❌ HTTP 404 — https://raw.githubusercontent.com/ZYFXS/ZYFXS001/refs/heads/main/20c-youtube%40ZYFXS
2026-08-30 03:05:04,739 | INFO     |   → 936/1555 ❌ HTTP 404 — https://raw.githubusercontent.com/ZYFXS/ZYFXS001/refs/heads/main/20v-youtube%40ZYFXS
2026-08-30 03:05:04,739 | INFO     |   → 937/1555: ✅ 0 взято | 🗑️ 0 мусор
2026-08-30 03:05:04,739 | INFO     |   → 938/1555: ✅ 1 взято | 🗑️ 164 мусор
2026-08-30 03:05:04,739 | INFO     |   → 939/1555 ❌ HTTP 404 — https://raw.githubusercontent.com/ZYFXS/ZYFXS001/refs/heads/main/youtube%40ZYFXS---23c
2026-08-30 03:05:04,739 | INFO     |   → 940/1555 ❌ HTTP 404 — https://raw.githubusercontent.com/ZYFXS/ZYFXS001/refs/heads/main/youtube%40ZYFXS---23v
2026-08-30 03:05:04,739 | INFO     |   → 941/1555: ✅ 0 взято | 🗑️ 0 мусор
2026-08-30 03:05:04,739 | INFO     |   → 942/1555: ✅ 0 взято | 🗑️ 0 мусор
2026-08-30 03:05:04,739 | INFO     |   → 943/1555: ✅ 6 взято | 🗑️ 221 мусор
2026-08-30 03:05:04,739 | INFO     |   → 944/1555 ❌ HTTP 404 — https://raw.githubusercontent.com/ZYFXS/ZYFXS001/refs/heads/main/youtube%40ZYFXS-21c
2026-08-30 03:05:04,739 | INFO     |   → 945/1555 ❌ HTTP 404 — https://raw.githubusercontent.com/ZYFXS/ZYFXS001/refs/heads/main/youtube%40ZYFXS-21v
2026-08-30 03:05:04,739 | INFO     |   → 946/1555: ✅ 1 взято | 🗑️ 251 мусор
2026-08-30 03:05:04,740 | INFO     |   → 947/1555: ✅ 1 взято | 🗑️ 231 мусор
2026-08-30 03:05:04,740 | INFO     |   → 948/1555: ✅ 0 взято | 🗑️ 0 мусор
2026-08-30 03:05:04,740 | INFO     |   → 949/1555: ✅ 1 взято | 🗑️ 83 мусор
2026-08-30 03:05:04,740 | INFO     |   → 950/1555: ✅ 0 взято | 🗑️ 16 мусор
2026-08-30 03:05:04,740 | INFO     |   → 951/1555: ✅ 0 взято | 🗑️ 16 мусор
2026-08-30 03:05:04,740 | INFO     |   → 952/1555 ❌ HTTP 404 — https://raw.githubusercontent.com/aiboboxx/clashfree/main/clash.yml
2026-08-30 03:05:04,740 | INFO     |   → 953/1555 ❌ HTTP 404 — https://raw.githubusercontent.com/aiboboxx/v2rayfree/main/v2
2026-08-30 03:05:04,740 | INFO     |   → 954/1555: ✅ 85 взято | 🗑️ 147 мусор
2026-08-30 03:05:04,740 | INFO     |   → 955/1555: ✅ 22 взято | 🗑️ 278 мусор
2026-08-30 03:05:04,740 | INFO     |   → 956/1555 ❌ HTTP 404 — https://raw.githubusercontent.com/amirmohammad-mohammad-88/Sub-Reality-Azadi-config/Config/Azadi-Reality-Different
2026-08-30 03:05:04,740 | INFO     |   → 957/1555 ❌ HTTP 404 — https://raw.githubusercontent.com/amirmohammad-mohammad-88/Sub-Reality-Azadi-config/Config/Azadi-Reality-Different-Base64
2026-08-30 03:05:04,740 | INFO     |   → 958/1555: ✅ 1 взято | 🗑️ 17 мусор
2026-08-30 03:05:04,740 | INFO     |   → 959/1555: ✅ 0 взято | 🗑️ 0 мусор
2026-08-30 03:05:04,740 | INFO     |   → 960/1555: ✅ 4 взято | 🗑️ 114 мусор
2026-08-30 03:05:04,740 | INFO     |   → 961/1555: ✅ 13 взято | 🗑️ 36 мусор
2026-08-30 03:05:04,740 | INFO     |   → 962/1555 ❌ HTTP 404 — https://raw.githubusercontent.com/awesome-vpn/awesome-vpn/master/ss
2026-08-30 03:05:04,740 | INFO     |   → 963/1555 ❌ HTTP 404 — https://raw.githubusercontent.com/awesome-vpn/awesome-vpn/master/ssr
2026-08-30 03:05:04,740 | INFO     |   → 964/1555: ✅ 0 взято | 🗑️ 0 мусор
2026-08-30 03:05:04,740 | INFO     |   → 965/1555: ✅ 1 взято | 🗑️ 22 мусор
2026-08-30 03:05:04,740 | INFO     |   → 966/1555: ✅ 115 взято | 🗑️ 377 мусор
2026-08-30 03:05:04,740 | INFO     |   → 967/1555 ❌ HTTP 404 — https://raw.githubusercontent.com/barry-far/V2ray-Configs/ced94ddfff48276ec365b40227561f36b1b64bc8/Sub5.txt
2026-08-30 03:05:04,740 | INFO     |   → 968/1555 ❌ HTTP 404 — https://raw.githubusercontent.com/barry-far/V2ray-Configs/main/Splitted-By-Protocol/hysteria2.txt
2026-08-30 03:05:04,740 | INFO     |   → 969/1555 ❌ HTTP 404 — https://raw.githubusercontent.com/barry-far/V2ray-Configs/main/Splitted-By-Protocol/vless.txt
2026-08-30 03:05:04,740 | INFO     |   → 970/1555 ❌ HTTP 404 — https://raw.githubusercontent.com/barry-far/V2ray-Configs/main/Sub1.txt
2026-08-30 03:05:04,740 | INFO     |   → 971/1555 ❌ HTTP 404 — https://raw.githubusercontent.com/barry-far/V2ray-Configs/refs/heads/main/All_Configs_Sub.txt
2026-08-30 03:05:04,741 | INFO     |   → 972/1555 ❌ HTTP 404 — https://raw.githubusercontent.com/bcmapp/bcm-android/main/NOTICE.txt
2026-08-30 03:05:04,741 | INFO     |   → 973/1555: ✅ 0 взято | 🗑️ 0 мусор
2026-08-30 03:05:04,741 | INFO     |   → 974/1555 ❌ HTTP 404 — https://raw.githubusercontent.com/budamu/clashconfig/main/v2ray.txt
2026-08-30 03:05:04,741 | INFO     |   → 975/1555 ❌ HTTP 404 — https://raw.githubusercontent.com/budamu/clashconfig/main/v2ray2.txt
2026-08-30 03:05:04,741 | INFO     |   → 976/1555: ✅ 0 взято | 🗑️ 0 мусор
2026-08-30 03:05:04,741 | INFO     |   → 977/1555: ✅ 0 взято | 🗑️ 0 мусор
2026-08-30 03:05:04,741 | INFO     |   → 978/1555: ✅ 0 взято | 🗑️ 0 мусор
2026-08-30 03:05:04,741 | INFO     |   → 979/1555: ✅ 0 взято | 🗑️ 442 мусор
2026-08-30 03:05:04,741 | INFO     |   → 980/1555: ✅ 0 взято | 🗑️ 0 мусор
2026-08-30 03:05:04,741 | INFO     |   → 981/1555 ❌ HTTP 404 — https://raw.githubusercontent.com/chxxyz2004/zd/17fca23b73c46b5dd73e9be49b14d219b5e5f836/sub/2401/240110.txt
2026-08-30 03:05:04,741 | INFO     |   → 982/1555 ❌ HTTP 404 — https://raw.githubusercontent.com/cloudzun/laddervm/main/SS.txt
2026-08-30 03:05:04,741 | INFO     |   → 983/1555: ✅ 0 взято | 🗑️ 44 мусор
2026-08-30 03:05:04,741 | INFO     |   → 984/1555 ❌ HTTP 404 — https://raw.githubusercontent.com/codingjerk/dotfiles/main/config/cspell/dict-cj.txt
2026-08-30 03:05:04,741 | INFO     |   → 985/1555: ✅ 236 взято | 🗑️ 517 мусор
2026-08-30 03:05:04,741 | INFO     |   → 986/1555 ❌ HTTP 404 — https://raw.githubusercontent.com/crazw/vpn4in1/main/notes.txt
2026-08-30 03:05:04,741 | INFO     |   → 987/1555 ❌ HTTP 404 — https://raw.githubusercontent.com/cxr9912/cxr2022/main/free.yaml
2026-08-30 03:05:04,741 | INFO     |   → 988/1555 ❌ HTTP 404 — https://raw.githubusercontent.com/cxr9912/cxr2022/main/mix.yaml
2026-08-30 03:05:04,741 | INFO     |   → 989/1555 ❌ HTTP 404 — https://raw.githubusercontent.com/cxr9912/cxr2022/main/ss.yaml
2026-08-30 03:05:04,741 | INFO     |   → 990/1555 ❌ HTTP 404 — https://raw.githubusercontent.com/cxr9912/cxr2022/main/ssr.yaml
2026-08-30 03:05:04,741 | INFO     |   → 991/1555 ❌ HTTP 404 — https://raw.githubusercontent.com/cxr9912/cxr2022/main/vmess.yaml
2026-08-30 03:05:04,741 | INFO     |   → 992/1555 ❌ HTTP 404 — https://raw.githubusercontent.com/cxr9912/cxr2022/refs/heads/main/18cj.json
2026-08-30 03:05:04,741 | INFO     |   → 993/1555 ❌ HTTP 404 — https://raw.githubusercontent.com/cxr9912/cxr2022/refs/heads/main/aaaaaaaa.yaml
2026-08-30 03:05:04,741 | INFO     |   → 994/1555 ❌ HTTP 404 — https://raw.githubusercontent.com/cxr9912/cxr2022/refs/heads/main/free.yaml
2026-08-30 03:05:04,741 | INFO     |   → 995/1555 ❌ HTTP 404 — https://raw.githubusercontent.com/cxr9912/cxr2022/refs/heads/main/ss2088.txt
2026-08-30 03:05:04,741 | INFO     |   → 996/1555: ✅ 0 взято | 🗑️ 18 мусор
2026-08-30 03:05:04,741 | INFO     |   → 997/1555: ✅ 0 взято | 🗑️ 18 мусор
2026-08-30 03:05:04,742 | INFO     |   → 998/1555 ❌ HTTP 404 — https://raw.githubusercontent.com/danielaskdd/smartvpn/main/proxy.txt
2026-08-30 03:05:04,742 | INFO     |   → 999/1555: ✅ 13 взято | 🗑️ 87 мусор
2026-08-30 03:05:04,742 | INFO     |   → 1000/1555: ✅ 0 взято | 🗑️ 0 мусор
2026-08-30 03:05:04,742 | INFO     |   → 1001/1555: ✅ 6 взято | 🗑️ 78 мусор
2026-08-30 03:05:04,742 | INFO     |   → 1002/1555: ✅ 0 взято | 🗑️ 0 мусор
2026-08-30 03:05:04,742 | INFO     |   → 1003/1555 ❌ HTTP 404 — https://raw.githubusercontent.com/dhalima3/Autoscribe/main/data/shadow.txt
2026-08-30 03:05:04,742 | INFO     |   → 1004/1555 ❌ HTTP 404 — https://raw.githubusercontent.com/dhalima3/Autoscribe/main/data/shadows.txt
2026-08-30 03:05:04,742 | INFO     |   → 1005/1555: ✅ 6 взято | 🗑️ 4 мусор
2026-08-30 03:05:04,742 | INFO     |   → 1006/1555: ✅ 145 взято | 🗑️ 439 мусор
2026-08-30 03:05:04,742 | INFO     |   → 1007/1555: ✅ 0 взято | 🗑️ 325 мусор
2026-08-30 03:05:04,742 | INFO     |   → 1008/1555: ✅ 545 взято | 🗑️ 677 мусор
2026-08-30 03:05:04,742 | INFO     |   → 1009/1555: ✅ 26 взято | 🗑️ 11 мусор
2026-08-30 03:05:04,742 | INFO     |   → 1010/1555: ✅ 29 взято | 🗑️ 2 мусор
2026-08-30 03:05:04,742 | INFO     |   → 1011/1555 ❌ HTTP 404 — https://raw.githubusercontent.com/dodger487/scrape_hn/main/stories/13996417.txt
2026-08-30 03:05:04,742 | INFO     |   → 1012/1555: ✅ 0 взято | 🗑️ 2 мусор
2026-08-30 03:05:04,742 | INFO     |   → 1013/1555: ✅ 2 взято | 🗑️ 5 мусор
2026-08-30 03:05:04,742 | INFO     |   → 1014/1555: ✅ 0 взято | 🗑️ 2 мусор
2026-08-30 03:05:04,742 | INFO     |   → 1015/1555: ✅ 1 взято | 🗑️ 4 мусор
2026-08-30 03:05:04,742 | INFO     |   → 1016/1555: ✅ 0 взято | 🗑️ 2 мусор
2026-08-30 03:05:04,742 | INFO     |   → 1017/1555: ✅ 0 взято | 🗑️ 4 мусор
2026-08-30 03:05:04,742 | INFO     |   → 1018/1555: ✅ 2 взято | 🗑️ 1 мусор
2026-08-30 03:05:04,742 | INFO     |   → 1019/1555: ✅ 0 взято | 🗑️ 10 мусор
2026-08-30 03:05:04,742 | INFO     |   → 1020/1555: ✅ 0 взято | 🗑️ 2 мусор
2026-08-30 03:05:04,742 | INFO     |   → 1021/1555: ✅ 0 взято | 🗑️ 0 мусор
2026-08-30 03:05:04,742 | INFO     |   → 1022/1555: ✅ 2209 взято | 🗑️ 36731 мусор
2026-08-30 03:05:04,743 | INFO     |   → 1023/1555: ✅ 48 взято | 🗑️ 1452 мусор
2026-08-30 03:05:04,743 | INFO     |   → 1024/1555: ✅ 6 взято | 🗑️ 113 мусор
2026-08-30 03:05:04,743 | INFO     |   → 1025/1555 ❌ HTTP 404 — https://raw.githubusercontent.com/elrumo/macOS_Big_Sur_icons_replacements/main/Other/scripts/icns.txt
2026-08-30 03:05:04,743 | INFO     |   → 1026/1555 ❌ HTTP 404 — https://raw.githubusercontent.com/erlang-punch/awesome-erlang/main/awesome/db/r.txt
2026-08-30 03:05:04,743 | INFO     |   → 1027/1555: ✅ 0 взято | 🗑️ 0 мусор
2026-08-30 03:05:04,743 | INFO     |   → 1028/1555: ✅ 4 взято | 🗑️ 14 мусор
2026-08-30 03:05:04,743 | INFO     |   → 1029/1555: ✅ 0 взято | 🗑️ 0 мусор
2026-08-30 03:05:04,743 | INFO     |   → 1030/1555: ✅ 13 взято | 🗑️ 19 мусор
2026-08-30 03:05:04,743 | INFO     |   → 1031/1555: ✅ 0 взято | 🗑️ 5 мусор
2026-08-30 03:05:04,743 | INFO     |   → 1032/1555 ❌ HTTP 404 — https://raw.githubusercontent.com/fabiopetrillo/OpenHubExtractor/main/projects.txt
2026-08-30 03:05:04,743 | INFO     |   → 1033/1555: ✅ 2 взято | 🗑️ 80 мусор
2026-08-30 03:05:04,743 | INFO     |   → 1034/1555 ❌ HTTP 404 — https://raw.githubusercontent.com/fastbash/fancyss/main/Changelog.txt
2026-08-30 03:05:04,743 | INFO     |   → 1035/1555 ❌ HTTP 404 — https://raw.githubusercontent.com/firerpa/lamda/main/CHANGELOG.txt
2026-08-30 03:05:04,743 | INFO     |   → 1036/1555 ❌ HTTP 404 — https://raw.githubusercontent.com/free-nodes/v2rayfree/main/v2
2026-08-30 03:05:04,743 | INFO     |   → 1037/1555 ❌ HTTP 404 — https://raw.githubusercontent.com/free-v2ray-config/trojan/main/trojan.txt
2026-08-30 03:05:04,743 | INFO     |   → 1038/1555 ❌ HTTP 404 — https://raw.githubusercontent.com/free-v2ray-config/vless/main/vless.txt
2026-08-30 03:05:04,743 | INFO     |   → 1039/1555 ❌ HTTP 404 — https://raw.githubusercontent.com/free-v2ray-config/vmess/main/vmess.txt
2026-08-30 03:05:04,743 | INFO     |   → 1040/1555: ✅ 5 взято | 🗑️ 169 мусор
2026-08-30 03:05:04,743 | INFO     |   → 1041/1555: ✅ 34 взято | 🗑️ 121 мусор
2026-08-30 03:05:04,743 | INFO     |   → 1042/1555: ✅ 4 взято | 🗑️ 97 мусор
2026-08-30 03:05:04,743 | INFO     |   → 1043/1555 ❌ HTTP 404 — https://raw.githubusercontent.com/free18/v2ray/main/Clash.yaml
2026-08-30 03:05:04,743 | INFO     |   → 1044/1555: ✅ 0 взято | 🗑️ 0 мусор
2026-08-30 03:05:04,743 | INFO     |   → 1045/1555: ✅ 0 взято | 🗑️ 15 мусор
2026-08-30 03:05:04,743 | INFO     |   → 1046/1555: ✅ 0 взято | 🗑️ 0 мусор
2026-08-30 03:05:04,743 | INFO     |   → 1047/1555: ✅ 0 взято | 🗑️ 8 мусор
2026-08-30 03:05:04,743 | INFO     |   → 1048/1555: ✅ 0 взято | 🗑️ 8 мусор
2026-08-30 03:05:04,743 | INFO     |   → 1049/1555: ✅ 0 взято | 🗑️ 8 мусор
2026-08-30 03:05:04,743 | INFO     |   → 1050/1555: ✅ 0 взято | 🗑️ 8 мусор
2026-08-30 03:05:04,743 | INFO     |   → 1051/1555 ❌ HTTP 404 — https://raw.githubusercontent.com/freev2rayconfig/V2RAY_SUB/3e6a7786a1601ee3723e8d043ae79e70dbdfd9a8/v2rayconfigs.txt
2026-08-30 03:05:04,743 | INFO     |   → 1052/1555 ❌ HTTP 404 — https://raw.githubusercontent.com/freev2rayconfig/V2RAY_SUBSCRIPTION_LINK/main/v2rayconfigs.txt
2026-08-30 03:05:04,743 | INFO     |   → 1053/1555 ❌ HTTP 404 — https://raw.githubusercontent.com/gfpcom/free-proxy-list/main/list/http.txt
2026-08-30 03:05:04,743 | INFO     |   → 1054/1555 ❌ HTTP 404 — https://raw.githubusercontent.com/gfpcom/free-proxy-list/main/list/https.txt
2026-08-30 03:05:04,743 | INFO     |   → 1055/1555 ❌ HTTP 404 — https://raw.githubusercontent.com/gfpcom/free-proxy-list/main/list/socks4.txt
2026-08-30 03:05:04,743 | INFO     |   → 1056/1555 ❌ HTTP 404 — https://raw.githubusercontent.com/gfpcom/free-proxy-list/main/list/socks4a.txt
2026-08-30 03:05:04,743 | INFO     |   → 1057/1555 ❌ HTTP 404 — https://raw.githubusercontent.com/gfpcom/free-proxy-list/main/list/socks5.txt
2026-08-30 03:05:04,743 | INFO     |   → 1058/1555 ❌ HTTP 404 — https://raw.githubusercontent.com/gfpcom/free-proxy-list/main/list/socks5h.txt
2026-08-30 03:05:04,743 | INFO     |   → 1059/1555 ❌ HTTP 404 — https://raw.githubusercontent.com/gfpcom/free-proxy-list/main/list/ss.txt
2026-08-30 03:05:04,743 | INFO     |   → 1060/1555 ❌ HTTP 404 — https://raw.githubusercontent.com/gfpcom/free-proxy-list/main/list/ssr.txt
2026-08-30 03:05:04,743 | INFO     |   → 1061/1555 ❌ HTTP 404 — https://raw.githubusercontent.com/gfpcom/free-proxy-list/main/list/trojan.txt
2026-08-30 03:05:04,743 | INFO     |   → 1062/1555 ❌ HTTP 404 — https://raw.githubusercontent.com/gfpcom/free-proxy-list/main/list/vless.txt
2026-08-30 03:05:04,743 | INFO     |   → 1063/1555 ❌ HTTP 404 — https://raw.githubusercontent.com/gfpcom/free-proxy-list/main/list/vmess.txt
2026-08-30 03:05:04,744 | INFO     |   → 1064/1555: ✅ 0 взято | 🗑️ 0 мусор
2026-08-30 03:05:04,744 | INFO     |   → 1065/1555: ✅ 0 взято | 🗑️ 17 мусор
2026-08-30 03:05:04,744 | INFO     |   → 1066/1555: ✅ 0 взято | 🗑️ 0 мусор
2026-08-30 03:05:04,744 | INFO     |   → 1067/1555: ✅ 1 взято | 🗑️ 19 мусор
2026-08-30 03:05:04,744 | INFO     |   → 1068/1555: ✅ 4 взято | 🗑️ 63 мусор
2026-08-30 03:05:04,744 | INFO     |   → 1069/1555 ❌ HTTP 404 — https://raw.githubusercontent.com/guzhig/QuantumultX/main/Filter/Global.txt
2026-08-30 03:05:04,744 | INFO     |   → 1070/1555 ❌ HTTP 404 — https://raw.githubusercontent.com/hameed-maleki/TVC/89a4522969c57dcc22458cae9898426e5c4f2679/lite/config.txt
2026-08-30 03:05:04,744 | INFO     |   → 1071/1555: ✅ 5 взято | 🗑️ 132 мусор
2026-08-30 03:05:04,744 | INFO     |   → 1072/1555: ✅ 0 взято | 🗑️ 56 мусор
2026-08-30 03:05:04,744 | INFO     |   → 1073/1555 ❌ HTTP 404 — https://raw.githubusercontent.com/hkaa0/permalink/main/proxy/V2ray
2026-08-30 03:05:04,744 | INFO     |   → 1074/1555 ❌ HTTP 404 — https://raw.githubusercontent.com/hkaa0/permalink/main/proxy/clash
2026-08-30 03:05:04,744 | INFO     |   → 1075/1555 ❌ HTTP 404 — https://raw.githubusercontent.com/hkpc/Autoproxy/6cf946ddfc677a29062007e4b47d70674474baa7/sub/2401/240110.txt
2026-08-30 03:05:04,744 | INFO     |   → 1076/1555 ❌ HTTP 404 — https://raw.githubusercontent.com/hkpc/V2ray-Configs/7d9aa0dabf947af180a7dd6302818ed37950531a/Sub1.txt
2026-08-30 03:05:04,744 | INFO     |   → 1077/1555: ✅ 0 взято | 🗑️ 14 мусор
2026-08-30 03:05:04,744 | INFO     |   → 1078/1555 ❌ HTTP 404 — https://raw.githubusercontent.com/houko/xiaomo-studying/main/python/basic/text.txt
2026-08-30 03:05:04,744 | INFO     |   → 1079/1555 ❌ HTTP 404 — https://raw.githubusercontent.com/hq450/fancyss/main/rules/gfwlist.txt
2026-08-30 03:05:04,744 | INFO     |   → 1080/1555: ✅ 16 взято | 🗑️ 16 мусор
2026-08-30 03:05:04,744 | INFO     |   → 1081/1555 ❌ HTTP 404 — https://raw.githubusercontent.com/iboxz/free-v2ray-collector/main/main
2026-08-30 03:05:04,744 | INFO     |   → 1082/1555: ✅ 8 взято | 🗑️ 15 мусор
2026-08-30 03:05:04,744 | INFO     |   → 1083/1555: ✅ 2 взято | 🗑️ 14 мусор
2026-08-30 03:05:04,744 | INFO     |   → 1084/1555: ✅ 65 взято | 🗑️ 170 мусор
2026-08-30 03:05:04,744 | INFO     |   → 1085/1555: ✅ 13 взято | 🗑️ 13 мусор
2026-08-30 03:05:04,744 | INFO     |   → 1086/1555 ❌ HTTP 404 — https://raw.githubusercontent.com/igareck/vpn-configs-for-russia/refs/heads/main/Vless-Reality-White-Lists-Rus-Cable.txt
2026-08-30 03:05:04,744 | INFO     |   → 1087/1555: ✅ 137 взято | 🗑️ 13 мусор
2026-08-30 03:05:04,744 | INFO     |   → 1088/1555: ✅ 0 взято | 🗑️ 0 мусор
2026-08-30 03:05:04,744 | INFO     |   → 1089/1555: ✅ 0 взято | 🗑️ 0 мусор
2026-08-30 03:05:04,744 | INFO     |   → 1090/1555: ✅ 23 взято | 🗑️ 9 мусор
2026-08-30 03:05:04,744 | INFO     |   → 1091/1555 ❌ HTTP 404 — https://raw.githubusercontent.com/iqiancheng/shadowsocks-awesome/main/proxy.txt
2026-08-30 03:05:04,744 | INFO     |   → 1092/1555: ✅ 0 взято | 🗑️ 0 мусор
2026-08-30 03:05:04,744 | INFO     |   → 1093/1555: ✅ 0 взято | 🗑️ 0 мусор
2026-08-30 03:05:04,744 | INFO     |   → 1094/1555: ✅ 0 взято | 🗑️ 12 мусор
2026-08-30 03:05:04,744 | INFO     |   → 1095/1555: ✅ 0 взято | 🗑️ 43 мусор
2026-08-30 03:05:04,744 | INFO     |   → 1096/1555 ❌ HTTP 404 — https://raw.githubusercontent.com/jth445600/hello-world/main/102.txt
2026-08-30 03:05:04,744 | INFO     |   → 1097/1555 ❌ HTTP 404 — https://raw.githubusercontent.com/jth445600/hello-world/main/103.txt
2026-08-30 03:05:04,744 | INFO     |   → 1098/1555 ❌ HTTP 404 — https://raw.githubusercontent.com/jw853355718/clash_233/master/config.yml
2026-08-30 03:05:04,744 | INFO     |   → 1099/1555: ✅ 0 взято | 🗑️ 210 мусор
2026-08-30 03:05:04,744 | INFO     |   → 1100/1555: ✅ 0 взято | 🗑️ 0 мусор
2026-08-30 03:05:04,744 | INFO     |   → 1101/1555 ❌ HTTP 404 — https://raw.githubusercontent.com/killgcd/chromego/main/ChromeGo/XX-Net/code/default/smart_router/local/gfw_black_list.txt
2026-08-30 03:05:04,744 | INFO     |   → 1102/1555 ❌ HTTP 404 — https://raw.githubusercontent.com/killgcd/chromego/main/ChromeGo/v2ray/pac.txt
2026-08-30 03:05:04,744 | INFO     |   → 1103/1555 ❌ HTTP 404 — https://raw.githubusercontent.com/koolshare/softgear/main/ss/ss/redchn/cdn.txt
2026-08-30 03:05:04,744 | INFO     |   → 1104/1555 ❌ HTTP 404 — https://raw.githubusercontent.com/lagzian/SS-Collector/main/mix_clash.yaml
2026-08-30 03:05:04,744 | INFO     |   → 1105/1555 ❌ HTTP 404 — https://raw.githubusercontent.com/lashwang/shadowsocks-android/main/core/src/main/jni/shadowsocks-libev/CMakeLists.txt
2026-08-30 03:05:04,744 | INFO     |   → 1106/1555 ❌ HTTP 404 — https://raw.githubusercontent.com/lazytiger/trojan-rs/main/ipset/domain.txt
2026-08-30 03:05:04,744 | INFO     |   → 1107/1555 ❌ HTTP 404 — https://raw.githubusercontent.com/lcx12901/v2ray-/master/sspool.herokuapp.com/yzcloud.yaml
2026-08-30 03:05:04,744 | INFO     |   → 1108/1555 ❌ HTTP 404 — https://raw.githubusercontent.com/lcx12901/v2ray-/master/sspool.herokuapp.com/yzcloud2.yaml
2026-08-30 03:05:04,744 | INFO     |   → 1109/1555: ✅ 0 взято | 🗑️ 0 мусор
2026-08-30 03:05:04,744 | INFO     |   → 1110/1555 ❌ HTTP 404 — https://raw.githubusercontent.com/learnhard-cn/free_proxy_ss/main/clash/config.yaml
2026-08-30 03:05:04,745 | INFO     |   → 1111/1555: ✅ 0 взято | 🗑️ 8 мусор
2026-08-30 03:05:04,745 | INFO     |   → 1112/1555: ✅ 0 взято | 🗑️ 4 мусор
2026-08-30 03:05:04,745 | INFO     |   → 1113/1555: ✅ 0 взято | 🗑️ 0 мусор
2026-08-30 03:05:04,745 | INFO     |   → 1114/1555: ✅ 0 взято | 🗑️ 4 мусор
2026-08-30 03:05:04,745 | INFO     |   → 1115/1555 ❌ HTTP 404 — https://raw.githubusercontent.com/lemonhall/node_note/main/shadowsocks.txt
2026-08-30 03:05:04,745 | INFO     |   → 1116/1555: ✅ 0 взято | 🗑️ 149 мусор
2026-08-30 03:05:04,745 | INFO     |   → 1117/1555: ✅ 0 взято | 🗑️ 0 мусор
2026-08-30 03:05:04,745 | INFO     |   → 1118/1555: ✅ 0 взято | 🗑️ 421 мусор
2026-08-30 03:05:04,745 | INFO     |   → 1119/1555 ❌ HTTP 404 — https://raw.githubusercontent.com/lisylva-lee/v2dyku/main/ssr
2026-08-30 03:05:04,745 | INFO     |   → 1120/1555 ❌ HTTP 404 — https://raw.githubusercontent.com/lisylva-lee/v2dyku/main/v2dy
2026-08-30 03:05:04,745 | INFO     |   → 1121/1555: ✅ 0 взято | 🗑️ 53 мусор
2026-08-30 03:05:04,745 | INFO     |   → 1122/1555 ❌ HTTP 404 — https://raw.githubusercontent.com/liyucheng09/LatestEval/main/data/code_repos.txt
2026-08-30 03:05:04,745 | INFO     |   → 1123/1555: ✅ 0 взято | 🗑️ 483 мусор
2026-08-30 03:05:04,745 | INFO     |   → 1124/1555 ❌ HTTP 404 — https://raw.githubusercontent.com/lonycc/fuli/main/telegram.txt
2026-08-30 03:05:04,745 | INFO     |   → 1125/1555 ❌ HTTP 404 — https://raw.githubusercontent.com/luxl-1379/merge/77247d23def72b25226dfa741614e9b07a569c72/sub/sub_merge_base64.txt
2026-08-30 03:05:04,745 | INFO     |   → 1126/1555: ✅ 0 взято | 🗑️ 0 мусор
2026-08-30 03:05:04,745 | INFO     |   → 1127/1555: ✅ 146 взято | 🗑️ 343 мусор
2026-08-30 03:05:04,745 | INFO     |   → 1128/1555: ✅ 0 взято | 🗑️ 127 мусор
2026-08-30 03:05:04,745 | INFO     |   → 1129/1555: ✅ 561 взято | 🗑️ 2994 мусор
2026-08-30 03:05:04,745 | INFO     |   → 1130/1555 ❌ HTTP 404 — https://raw.githubusercontent.com/mahdibland/V2RayAggregator/main/sub/list/66.txt
2026-08-30 03:05:04,745 | INFO     |   → 1131/1555: ✅ 0 взято | 🗑️ 0 мусор
2026-08-30 03:05:04,745 | INFO     |   → 1132/1555: ✅ 0 взято | 🗑️ 2994 мусор
2026-08-30 03:05:04,745 | INFO     |   → 1133/1555: ✅ 2 взято | 🗑️ 13 мусор
2026-08-30 03:05:04,745 | INFO     |   → 1134/1555 ❌ HTTP 404 — https://raw.githubusercontent.com/mermeroo/Clash-V2ray/main/v2ray
2026-08-30 03:05:04,745 | INFO     |   → 1135/1555: ✅ 15 взято | 🗑️ 417 мусор
2026-08-30 03:05:04,745 | INFO     |   → 1136/1555: ✅ 6 взято | 🗑️ 102 мусор
2026-08-30 03:05:04,745 | INFO     |   → 1137/1555: ✅ 716 взято | 🗑️ 6258 мусор
2026-08-30 03:05:04,745 | INFO     |   → 1138/1555: ✅ 8 взято | 🗑️ 853 мусор
2026-08-30 03:05:04,745 | INFO     |   → 1139/1555: ✅ 32 взято | 🗑️ 69 мусор
2026-08-30 03:05:04,745 | INFO     |   → 1140/1555 ❌ HTTP 404 — https://raw.githubusercontent.com/mermeroo/free-v2ray-collector/main/main/mix
2026-08-30 03:05:04,745 | INFO     |   → 1141/1555 ❌ HTTP 404 — https://raw.githubusercontent.com/mermeroo/free-v2ray-collector/main/main/reality
2026-08-30 03:05:04,745 | INFO     |   → 1142/1555 ❌ HTTP 404 — https://raw.githubusercontent.com/mermeroo/free-v2ray-collector/main/main/shadowsocks
2026-08-30 03:05:04,745 | INFO     |   → 1143/1555 ❌ HTTP 404 — https://raw.githubusercontent.com/mermeroo/free-v2ray-collector/main/main/trojan
2026-08-30 03:05:04,745 | INFO     |   → 1144/1555 ❌ HTTP 404 — https://raw.githubusercontent.com/mermeroo/free-v2ray-collector/main/main/vless
2026-08-30 03:05:04,745 | INFO     |   → 1145/1555 ❌ HTTP 404 — https://raw.githubusercontent.com/mermeroo/free-v2ray-collector/main/main/vmess
2026-08-30 03:05:04,745 | INFO     |   → 1146/1555 ❌ HTTP 404 — https://raw.githubusercontent.com/mfuu/v2ray/master/merge/merge.txt
2026-08-30 03:05:04,745 | INFO     |   → 1147/1555: ✅ 34 взято | 🗑️ 313 мусор
2026-08-30 03:05:04,745 | INFO     |   → 1148/1555: ✅ 0 взято | 🗑️ 313 мусор
2026-08-30 03:05:04,745 | INFO     |   → 1149/1555: ✅ 1015 взято | 🗑️ 17060 мусор
2026-08-30 03:05:04,745 | INFO     |   → 1150/1555: ✅ 0 взято | 🗑️ 17060 мусор
2026-08-30 03:05:04,745 | INFO     |   → 1151/1555: ✅ 0 взято | 🗑️ 2922 мусор
2026-08-30 03:05:04,745 | INFO     |   → 1152/1555: ✅ 0 взято | 🗑️ 2954 мусор
2026-08-30 03:05:04,745 | INFO     |   → 1153/1555: ✅ 0 взято | 🗑️ 6828 мусор
2026-08-30 03:05:04,745 | INFO     |   → 1154/1555: ✅ 0 взято | 🗑️ 4041 мусор
2026-08-30 03:05:04,745 | INFO     |   → 1155/1555 ❌ HTTP 404 — https://raw.githubusercontent.com/mianous/qiren/main/qiren.txt
2026-08-30 03:05:04,745 | INFO     |   → 1156/1555 ❌ HTTP 404 — https://raw.githubusercontent.com/microic/hello_search/main/repo_list.txt
2026-08-30 03:05:04,745 | INFO     |   → 1157/1555 ❌ HTTP 404 — https://raw.githubusercontent.com/miladtahanian/V2RayCFGDumper/refs/heads/main/config.txt
2026-08-30 03:05:04,745 | INFO     |   → 1158/1555 ❌ HTTP 404 — https://raw.githubusercontent.com/miladtahanian/multi-proxy-config-fetcher/refs/heads/main/configs/proxy_configs.txt
2026-08-30 03:05:04,745 | INFO     |   → 1159/1555: ✅ 0 взято | 🗑️ 0 мусор
2026-08-30 03:05:04,745 | INFO     |   → 1160/1555: ✅ 0 взято | 🗑️ 0 мусор
2026-08-30 03:05:04,745 | INFO     |   → 1161/1555: ✅ 0 взято | 🗑️ 0 мусор
2026-08-30 03:05:04,745 | INFO     |   → 1162/1555: ✅ 15 взято | 🗑️ 46 мусор
2026-08-30 03:05:04,746 | INFO     |   → 1163/1555: ✅ 0 взято | 🗑️ 170 мусор
2026-08-30 03:05:04,746 | INFO     |   → 1164/1555: ✅ 0 взято | 🗑️ 0 мусор
2026-08-30 03:05:04,746 | INFO     |   → 1165/1555 ❌ HTTP 404 — https://raw.githubusercontent.com/monlor/mbfiles/main/applist.txt
2026-08-30 03:05:04,746 | INFO     |   → 1166/1555: ✅ 4 взято | 🗑️ 62 мусор
2026-08-30 03:05:04,746 | INFO     |   → 1167/1555: ✅ 85 взято | 🗑️ 65 мусор
2026-08-30 03:05:04,746 | INFO     |   → 1168/1555: ✅ 28 взято | 🗑️ 93 мусор
2026-08-30 03:05:04,746 | INFO     |   → 1169/1555: ✅ 0 взято | 🗑️ 0 мусор
2026-08-30 03:05:04,746 | INFO     |   → 1170/1555: ✅ 15 взято | 🗑️ 70 мусор
2026-08-30 03:05:04,746 | INFO     |   → 1171/1555: ✅ 127 взято | 🗑️ 492 мусор
2026-08-30 03:05:04,746 | INFO     |   → 1172/1555: ✅ 331 взято | 🗑️ 190 мусор
2026-08-30 03:05:04,746 | INFO     |   → 1173/1555 ❌ HTTP 404 — https://raw.githubusercontent.com/nicholascw/vmecs/main/plan.txt
2026-08-30 03:05:04,746 | INFO     |   → 1174/1555: ✅ 27 взято | 🗑️ 2018 мусор
2026-08-30 03:05:04,746 | INFO     |   → 1175/1555 ❌ HTTP 404 — https://raw.githubusercontent.com/obscure1990/freeVM/master/snippets/nodes.yml
2026-08-30 03:05:04,746 | INFO     |   → 1176/1555 ❌ HTTP 404 — https://raw.githubusercontent.com/op30mmd/things/909b38024ba14d69dc0f95c238f63bc6e930a00f/eut.txt
2026-08-30 03:05:04,746 | INFO     |   → 1177/1555 ❌ HTTP 404 — https://raw.githubusercontent.com/openRunner/clash-freenode/main/v2ray.txt
2026-08-30 03:05:04,746 | INFO     |   → 1178/1555 ❌ HTTP 404 — https://raw.githubusercontent.com/oslook/clash-freenode/main/clash.yaml
2026-08-30 03:05:04,746 | INFO     |   → 1179/1555 ❌ HTTP 404 — https://raw.githubusercontent.com/pajecawav/ghloc-web/main/scripts/repos.txt
2026-08-30 03:05:04,746 | INFO     |   → 1180/1555: ✅ 0 взято | 🗑️ 0 мусор
2026-08-30 03:05:04,746 | INFO     |   → 1181/1555: ✅ 4 взято | 🗑️ 1 мусор
2026-08-30 03:05:04,746 | INFO     |   → 1182/1555: ✅ 0 взято | 🗑️ 0 мусор
2026-08-30 03:05:04,746 | INFO     |   → 1183/1555: ✅ 22 взято | 🗑️ 145 мусор
2026-08-30 03:05:04,746 | INFO     |   → 1184/1555: ✅ 4 взято | 🗑️ 11 мусор
2026-08-30 03:05:04,746 | INFO     |   → 1185/1555: ✅ 72 взято | 🗑️ 2886 мусор
2026-08-30 03:05:04,746 | INFO     |   → 1186/1555: ✅ 0 взято | 🗑️ 2428 мусор
2026-08-30 03:05:04,746 | INFO     |   → 1187/1555: ✅ 0 взято | 🗑️ 2654 мусор
2026-08-30 03:05:04,746 | INFO     |   → 1188/1555: ✅ 0 взято | 🗑️ 0 мусор
2026-08-30 03:05:04,746 | INFO     |   → 1189/1555: ✅ 0 взято | 🗑️ 0 мусор
2026-08-30 03:05:04,746 | INFO     |   → 1190/1555: ✅ 0 взято | 🗑️ 19 мусор
2026-08-30 03:05:04,746 | INFO     |   → 1191/1555: ✅ 0 взято | 🗑️ 0 мусор
2026-08-30 03:05:04,747 | INFO     |   → 1192/1555 ❌ HTTP 404 — https://raw.githubusercontent.com/quniu/ssmgr-deploy/main/example/部署.txt
2026-08-30 03:05:04,747 | INFO     |   → 1193/1555: ✅ 0 взято | 🗑️ 44 мусор
2026-08-30 03:05:04,747 | INFO     |   → 1194/1555: ✅ 63 взято | 🗑️ 521 мусор
2026-08-30 03:05:04,747 | INFO     |   → 1195/1555: ✅ 165 взято | 🗑️ 273 мусор
2026-08-30 03:05:04,747 | INFO     |   → 1196/1555: ✅ 0 взято | 🗑️ 0 мусор
2026-08-30 03:05:04,747 | INFO     |   → 1197/1555: ✅ 28 взято | 🗑️ 211 мусор
2026-08-30 03:05:04,747 | INFO     |   → 1198/1555: ✅ 0 взято | 🗑️ 79 мусор
2026-08-30 03:05:04,747 | INFO     |   → 1199/1555: ✅ 13 взято | 🗑️ 32 мусор
2026-08-30 03:05:04,747 | INFO     |   → 1200/1555: ✅ 0 взято | 🗑️ 0 мусор
2026-08-30 03:05:04,747 | INFO     |   → 1201/1555: ✅ 2 взято | 🗑️ 9 мусор
2026-08-30 03:05:04,747 | INFO     |   → 1202/1555: ✅ 11 взято | 🗑️ 76 мусор
2026-08-30 03:05:04,747 | INFO     |   → 1203/1555: ✅ 0 взято | 🗑️ 168 мусор
2026-08-30 03:05:04,747 | INFO     |   → 1204/1555: ✅ 0 взято | 🗑️ 79 мусор
2026-08-30 03:05:04,747 | INFO     |   → 1205/1555 ❌ HTTP 404 — https://raw.githubusercontent.com/riaqn/china-dns/main/world.txt
2026-08-30 03:05:04,747 | INFO     |   → 1206/1555: ✅ 0 взято | 🗑️ 14 мусор
2026-08-30 03:05:04,747 | INFO     |   → 1207/1555: ✅ 0 взято | 🗑️ 0 мусор
2026-08-30 03:05:04,747 | INFO     |   → 1208/1555 ❌ HTTP 404 — https://raw.githubusercontent.com/ronghuaxueleng/get_v2/main/pub/changfengoss.yaml
2026-08-30 03:05:04,747 | INFO     |   → 1209/1555: ✅ 0 взято | 🗑️ 0 мусор
2026-08-30 03:05:04,747 | INFO     |   → 1210/1555: ✅ 70 взято | 🗑️ 78 мусор
2026-08-30 03:05:04,747 | INFO     |   → 1211/1555: ✅ 0 взято | 🗑️ 78 мусор
2026-08-30 03:05:04,747 | INFO     |   → 1212/1555 ❌ HTTP 404 — https://raw.githubusercontent.com/ror-ian/raspi/main/Raspi.txt
2026-08-30 03:05:04,747 | INFO     |   → 1213/1555 ❌ HTTP 404 — https://raw.githubusercontent.com/rxsweet/CM_Vmess/refs/heads/main/test.txt
2026-08-30 03:05:04,747 | INFO     |   → 1214/1555 ❌ HTTP 404 — https://raw.githubusercontent.com/rxsweet/proxies/main/sub/free.yaml
2026-08-30 03:05:04,747 | INFO     |   → 1215/1555 ❌ HTTP 404 — https://raw.githubusercontent.com/rxsweet/proxies/main/sub/rx.yaml
2026-08-30 03:05:04,747 | INFO     |   → 1216/1555 ❌ HTTP 404 — https://raw.githubusercontent.com/rxsweet/proxies/main/sub/sources/dynamicAll.yaml
2026-08-30 03:05:04,747 | INFO     |   → 1217/1555 ❌ HTTP 404 — https://raw.githubusercontent.com/rxsweet/proxies/main/sub/sources/miningAll.yaml
2026-08-30 03:05:04,747 | INFO     |   → 1218/1555 ❌ HTTP 404 — https://raw.githubusercontent.com/rxsweet/proxies/main/sub/srx.yaml
2026-08-30 03:05:04,747 | INFO     |   → 1219/1555 ❌ HTTP 404 — https://raw.githubusercontent.com/sajad-sajadi/V2ray-Collector/raw/main/output/protocols/vmess.txt
2026-08-30 03:05:04,747 | INFO     |   → 1220/1555: ✅ 0 взято | 🗑️ 0 мусор
2026-08-30 03:05:04,748 | INFO     |   → 1221/1555 ❌ HTTP 404 — https://raw.githubusercontent.com/sakha1370/OpenRay/raw/refs/heads/main/output/all_valid_proxies.txt
2026-08-30 03:05:04,748 | INFO     |   → 1222/1555: ✅ 53 взято | 🗑️ 399 мусор
2026-08-30 03:05:04,748 | INFO     |   → 1223/1555: ✅ 0 взято | 🗑️ 399 мусор
2026-08-30 03:05:04,748 | INFO     |   → 1224/1555 ❌ HTTP 404 — https://raw.githubusercontent.com/samjoeyang/subscribe/main/fly
2026-08-30 03:05:04,748 | INFO     |   → 1225/1555: ✅ 0 взято | 🗑️ 0 мусор
2026-08-30 03:05:04,748 | INFO     |   → 1226/1555 ❌ HTTP 404 — https://raw.githubusercontent.com/sarina-ad/v2ray/main/v2ray
2026-08-30 03:05:04,748 | INFO     |   → 1227/1555 ❌ HTTP 404 — https://raw.githubusercontent.com/satrom/V2SSR/master/SSR/Sub.txt
2026-08-30 03:05:04,748 | INFO     |   → 1228/1555 ❌ HTTP 404 — https://raw.githubusercontent.com/satrom/V2SSR/master/V2RAY/Sub.txt
2026-08-30 03:05:04,748 | INFO     |   → 1229/1555: ✅ 543 взято | 🗑️ 9401 мусор
2026-08-30 03:05:04,748 | INFO     |   → 1230/1555: ✅ 470 взято | 🗑️ 9389 мусор
2026-08-30 03:05:04,748 | INFO     |   → 1231/1555: ✅ 1401 взято | 🗑️ 8557 мусор
2026-08-30 03:05:04,748 | INFO     |   → 1232/1555: ✅ 377 взято | 🗑️ 9543 мусор
2026-08-30 03:05:04,748 | INFO     |   → 1233/1555: ✅ 187 взято | 🗑️ 9622 мусор
2026-08-30 03:05:04,748 | INFO     |   → 1234/1555: ✅ 177 взято | 🗑️ 9495 мусор
2026-08-30 03:05:04,748 | INFO     |   → 1235/1555: ✅ 2942 взято | 🗑️ 6701 мусор
2026-08-30 03:05:04,748 | INFO     |   → 1236/1555: ✅ 260 взято | 🗑️ 8755 мусор
2026-08-30 03:05:04,748 | INFO     |   → 1237/1555: ✅ 924 взято | 🗑️ 8945 мусор
2026-08-30 03:05:04,748 | INFO     |   → 1238/1555: ✅ 474 взято | 🗑️ 9526 мусор
2026-08-30 03:05:04,748 | INFO     |   → 1239/1555: ✅ 663 взято | 🗑️ 9337 мусор
2026-08-30 03:05:04,748 | INFO     |   → 1240/1555: ✅ 365 взято | 🗑️ 9635 мусор
2026-08-30 03:05:04,748 | INFO     |   → 1241/1555: ✅ 789 взято | 🗑️ 9211 мусор
2026-08-30 03:05:04,748 | INFO     |   → 1242/1555: ✅ 627 взято | 🗑️ 9372 мусор
2026-08-30 03:05:04,748 | INFO     |   → 1243/1555: ✅ 567 взято | 🗑️ 9433 мусор
2026-08-30 03:05:04,748 | INFO     |   → 1244/1555: ✅ 597 взято | 🗑️ 9403 мусор
2026-08-30 03:05:04,748 | INFO     |   → 1245/1555: ✅ 540 взято | 🗑️ 9460 мусор
2026-08-30 03:05:04,748 | INFO     |   → 1246/1555: ✅ 445 взято | 🗑️ 9555 мусор
2026-08-30 03:05:04,748 | INFO     |   → 1247/1555: ✅ 550 взято | 🗑️ 9450 мусор
2026-08-30 03:05:04,748 | INFO     |   → 1248/1555: ✅ 579 взято | 🗑️ 9421 мусор
2026-08-30 03:05:04,748 | INFO     |   → 1249/1555: ✅ 2406 взято | 🗑️ 7592 мусор
2026-08-30 03:05:04,749 | INFO     |   → 1250/1555: ✅ 718 взято | 🗑️ 9282 мусор
2026-08-30 03:05:04,749 | INFO     |   → 1251/1555: ✅ 402 взято | 🗑️ 9598 мусор
2026-08-30 03:05:04,749 | INFO     |   → 1252/1555: ✅ 442 взято | 🗑️ 9558 мусор
2026-08-30 03:05:04,749 | INFO     |   → 1253/1555: ✅ 495 взято | 🗑️ 9505 мусор
2026-08-30 03:05:04,749 | INFO     |   → 1254/1555: ✅ 393 взято | 🗑️ 9607 мусор
2026-08-30 03:05:04,749 | INFO     |   → 1255/1555: ✅ 360 взято | 🗑️ 9640 мусор
2026-08-30 03:05:04,749 | INFO     |   → 1256/1555: ✅ 460 взято | 🗑️ 9540 мусор
2026-08-30 03:05:04,749 | INFO     |   → 1257/1555: ✅ 338 взято | 🗑️ 9662 мусор
2026-08-30 03:05:04,749 | INFO     |   → 1258/1555: ✅ 318 взято | 🗑️ 9682 мусор
2026-08-30 03:05:04,749 | INFO     |   → 1259/1555: ✅ 221 взято | 🗑️ 9779 мусор
2026-08-30 03:05:04,749 | INFO     |   → 1260/1555: ✅ 405 взято | 🗑️ 9595 мусор
2026-08-30 03:05:04,749 | INFO     |   → 1261/1555: ✅ 435 взято | 🗑️ 9565 мусор
2026-08-30 03:05:04,749 | INFO     |   → 1262/1555: ✅ 327 взято | 🗑️ 9673 мусор
2026-08-30 03:05:04,749 | INFO     |   → 1263/1555: ✅ 649 взято | 🗑️ 9351 мусор
2026-08-30 03:05:04,749 | INFO     |   → 1264/1555: ✅ 366 взято | 🗑️ 9634 мусор
2026-08-30 03:05:04,749 | INFO     |   → 1265/1555: ✅ 313 взято | 🗑️ 9687 мусор
2026-08-30 03:05:04,749 | INFO     |   → 1266/1555: ✅ 617 взято | 🗑️ 9379 мусор
2026-08-30 03:05:04,749 | INFO     |   → 1267/1555: ✅ 819 взято | 🗑️ 9181 мусор
2026-08-30 03:05:04,749 | INFO     |   → 1268/1555: ✅ 903 взято | 🗑️ 8990 мусор
2026-08-30 03:05:04,749 | INFO     |   → 1269/1555: ✅ 628 взято | 🗑️ 9372 мусор
2026-08-30 03:05:04,749 | INFO     |   → 1270/1555: ✅ 773 взято | 🗑️ 9226 мусор
2026-08-30 03:05:04,749 | INFO     |   → 1271/1555: ✅ 502 взято | 🗑️ 9498 мусор
2026-08-30 03:05:04,749 | INFO     |   → 1272/1555: ✅ 131 взято | 🗑️ 9869 мусор
2026-08-30 03:05:04,749 | INFO     |   → 1273/1555: ✅ 564 взято | 🗑️ 9436 мусор
2026-08-30 03:05:04,749 | INFO     |   → 1274/1555: ✅ 508 взято | 🗑️ 9492 мусор
2026-08-30 03:05:04,749 | INFO     |   → 1275/1555: ✅ 123 взято | 🗑️ 9877 мусор
2026-08-30 03:05:04,749 | INFO     |   → 1276/1555: ✅ 487 взято | 🗑️ 9513 мусор
2026-08-30 03:05:04,749 | INFO     |   → 1277/1555: ✅ 520 взято | 🗑️ 9480 мусор
2026-08-30 03:05:04,749 | INFO     |   → 1278/1555: ✅ 180 взято | 🗑️ 9785 мусор
2026-08-30 03:05:04,749 | INFO     |   → 1279/1555: ✅ 228 взято | 🗑️ 9772 мусор
2026-08-30 03:05:04,750 | INFO     |   → 1280/1555: ✅ 258 взято | 🗑️ 9742 мусор
2026-08-30 03:05:04,750 | INFO     |   → 1281/1555: ✅ 307 взято | 🗑️ 9693 мусор
2026-08-30 03:05:04,750 | INFO     |   → 1282/1555: ✅ 237 взято | 🗑️ 9763 мусор
2026-08-30 03:05:04,750 | INFO     |   → 1283/1555: ✅ 220 взято | 🗑️ 9778 мусор
2026-08-30 03:05:04,750 | INFO     |   → 1284/1555: ✅ 597 взято | 🗑️ 9403 мусор
2026-08-30 03:05:04,750 | INFO     |   → 1285/1555: ✅ 715 взято | 🗑️ 9285 мусор
2026-08-30 03:05:04,750 | INFO     |   → 1286/1555: ✅ 583 взято | 🗑️ 9412 мусор
2026-08-30 03:05:04,750 | INFO     |   → 1287/1555: ✅ 184 взято | 🗑️ 9815 мусор
2026-08-30 03:05:04,750 | INFO     |   → 1288/1555: ✅ 146 взято | 🗑️ 9852 мусор
2026-08-30 03:05:04,750 | INFO     |   → 1289/1555: ✅ 520 взято | 🗑️ 9480 мусор
2026-08-30 03:05:04,750 | INFO     |   → 1290/1555: ✅ 550 взято | 🗑️ 9450 мусор
2026-08-30 03:05:04,750 | INFO     |   → 1291/1555: ✅ 557 взято | 🗑️ 9443 мусор
2026-08-30 03:05:04,750 | INFO     |   → 1292/1555: ✅ 5766 взято | 🗑️ 155497 мусор
2026-08-30 03:05:04,750 | INFO     |   → 1293/1555: ✅ 12378 взято | 🗑️ 157874 мусор
2026-08-30 03:05:04,750 | INFO     |   → 1294/1555: ✅ 95 взято | 🗑️ 392472 мусор
2026-08-30 03:05:04,750 | INFO     |   → 1295/1555: ✅ 1351 взято | 🗑️ 246522 мусор
2026-08-30 03:05:04,750 | INFO     |   → 1296/1555: ✅ 0 взято | 🗑️ 0 мусор
2026-08-30 03:05:04,750 | INFO     |   → 1297/1555: ✅ 0 взято | 🗑️ 0 мусор
2026-08-30 03:05:04,750 | INFO     |   → 1298/1555: ✅ 3 взято | 🗑️ 49 мусор
2026-08-30 03:05:04,750 | INFO     |   → 1299/1555: ✅ 3919 взято | 🗑️ 65152 мусор
2026-08-30 03:05:04,750 | INFO     |   → 1300/1555: ✅ 0 взято | 🗑️ 19216 мусор
2026-08-30 03:05:04,750 | INFO     |   → 1301/1555: ✅ 0 взято | 🗑️ 5840 мусор
2026-08-30 03:05:04,750 | INFO     |   → 1302/1555: ✅ 0 взято | 🗑️ 34812 мусор
2026-08-30 03:05:04,750 | INFO     |   → 1303/1555: ✅ 0 взято | 🗑️ 5287 мусор
2026-08-30 03:05:04,750 | INFO     |   → 1304/1555: ✅ 0 взято | 🗑️ 65152 мусор
2026-08-30 03:05:04,750 | INFO     |   → 1305/1555 ❌ HTTP 404 — https://raw.githubusercontent.com/shadowsocksr-rm/shadowsocksr-csharp/main/shadowsocks-csharp/Data/cn.txt
2026-08-30 03:05:04,750 | INFO     |   → 1306/1555: ✅ 20 взято | 🗑️ 17 мусор
2026-08-30 03:05:04,750 | INFO     |   → 1307/1555: ✅ 0 взято | 🗑️ 0 мусор
2026-08-30 03:05:04,750 | INFO     |   → 1308/1555 ❌ HTTP 404 — https://raw.githubusercontent.com/shigalin/Config/main/MEOW/proxy.txt
2026-08-30 03:05:04,751 | INFO     |   → 1309/1555 ❌ HTTP 404 — https://raw.githubusercontent.com/shirkerboy/scp/main/sub
2026-08-30 03:05:04,751 | INFO     |   → 1310/1555: ✅ 0 взято | 🗑️ 7 мусор
2026-08-30 03:05:04,751 | INFO     |   → 1311/1555: ✅ 17 взято | 🗑️ 794 мусор
2026-08-30 03:05:04,751 | INFO     |   → 1312/1555: ✅ 0 взято | 🗑️ 0 мусор
2026-08-30 03:05:04,751 | INFO     |   → 1313/1555: ✅ 0 взято | 🗑️ 0 мусор
2026-08-30 03:05:04,751 | INFO     |   → 1314/1555 ❌ HTTP 404 — https://raw.githubusercontent.com/slpcat/docker-images/main/vpn/v2ray/NOTE.txt
2026-08-30 03:05:04,751 | INFO     |   → 1315/1555 ❌ HTTP 404 — https://raw.githubusercontent.com/snakem982/proxypool/main/nodelist.txt
2026-08-30 03:05:04,751 | INFO     |   → 1316/1555: ✅ 73 взято | 🗑️ 58 мусор
2026-08-30 03:05:04,751 | INFO     |   → 1317/1555 ❌ HTTP 404 — https://raw.githubusercontent.com/snakem982/proxypool/main/source/v2ray.txt
2026-08-30 03:05:04,751 | INFO     |   → 1318/1555: ✅ 0 взято | 🗑️ 0 мусор
2026-08-30 03:05:04,751 | INFO     |   → 1319/1555 ❌ HTTP 404 — https://raw.githubusercontent.com/soroushmirzaei/telegram-configs-collector/main/channels/protocols/hysteria
2026-08-30 03:05:04,751 | INFO     |   → 1320/1555 ❌ HTTP 404 — https://raw.githubusercontent.com/soroushmirzaei/telegram-configs-collector/main/channels/protocols/juicity
2026-08-30 03:05:04,751 | INFO     |   → 1321/1555 ❌ HTTP 404 — https://raw.githubusercontent.com/soroushmirzaei/telegram-configs-collector/main/channels/protocols/reality
2026-08-30 03:05:04,751 | INFO     |   → 1322/1555 ❌ HTTP 404 — https://raw.githubusercontent.com/soroushmirzaei/telegram-configs-collector/main/channels/protocols/shadowsocks
2026-08-30 03:05:04,751 | INFO     |   → 1323/1555 ❌ HTTP 404 — https://raw.githubusercontent.com/soroushmirzaei/telegram-configs-collector/main/channels/protocols/trojan
2026-08-30 03:05:04,751 | INFO     |   → 1324/1555 ❌ HTTP 404 — https://raw.githubusercontent.com/soroushmirzaei/telegram-configs-collector/main/channels/protocols/tuic
2026-08-30 03:05:04,751 | INFO     |   → 1325/1555 ❌ HTTP 404 — https://raw.githubusercontent.com/soroushmirzaei/telegram-configs-collector/main/channels/protocols/vless
2026-08-30 03:05:04,751 | INFO     |   → 1326/1555 ❌ HTTP 404 — https://raw.githubusercontent.com/soroushmirzaei/telegram-configs-collector/main/channels/protocols/vmess
2026-08-30 03:05:04,751 | INFO     |   → 1327/1555 ❌ HTTP 404 — https://raw.githubusercontent.com/soroushmirzaei/telegram-configs-collector/main/countries/jp/mixed
2026-08-30 03:05:04,751 | INFO     |   → 1328/1555 ❌ HTTP 404 — https://raw.githubusercontent.com/soroushmirzaei/telegram-configs-collector/main/protocols/hysteria
2026-08-30 03:05:04,751 | INFO     |   → 1329/1555 ❌ HTTP 404 — https://raw.githubusercontent.com/soroushmirzaei/telegram-configs-collector/main/protocols/juicity
2026-08-30 03:05:04,751 | INFO     |   → 1330/1555 ❌ HTTP 404 — https://raw.githubusercontent.com/soroushmirzaei/telegram-configs-collector/main/protocols/reality
2026-08-30 03:05:04,751 | INFO     |   → 1331/1555 ❌ HTTP 404 — https://raw.githubusercontent.com/soroushmirzaei/telegram-configs-collector/main/protocols/shadowsocks
2026-08-30 03:05:04,751 | INFO     |   → 1332/1555 ❌ HTTP 404 — https://raw.githubusercontent.com/soroushmirzaei/telegram-configs-collector/main/protocols/trojan
2026-08-30 03:05:04,751 | INFO     |   → 1333/1555 ❌ HTTP 404 — https://raw.githubusercontent.com/soroushmirzaei/telegram-configs-collector/main/protocols/tuic
2026-08-30 03:05:04,751 | INFO     |   → 1334/1555 ❌ HTTP 404 — https://raw.githubusercontent.com/soroushmirzaei/telegram-configs-collector/main/protocols/vless
2026-08-30 03:05:04,751 | INFO     |   → 1335/1555 ❌ HTTP 404 — https://raw.githubusercontent.com/soroushmirzaei/telegram-configs-collector/main/protocols/vmess
2026-08-30 03:05:04,751 | INFO     |   → 1336/1555 ❌ HTTP 404 — https://raw.githubusercontent.com/soroushmirzaei/telegram-configs-collector/main/splitted/subscribe
2026-08-30 03:05:04,751 | INFO     |   → 1337/1555 ❌ HTTP 404 — https://raw.githubusercontent.com/ssrsub/ssr/master/Clash.yml
2026-08-30 03:05:04,751 | INFO     |   → 1338/1555 ❌ HTTP 404 — https://raw.githubusercontent.com/ssrsub/ssr/master/V2Ray
2026-08-30 03:05:04,752 | INFO     |   → 1339/1555 ❌ HTTP 404 — https://raw.githubusercontent.com/ssrsub/ssr/master/ss-sub
2026-08-30 03:05:04,752 | INFO     |   → 1340/1555 ❌ HTTP 404 — https://raw.githubusercontent.com/ssrsub/ssr/master/ssrsub
2026-08-30 03:05:04,752 | INFO     |   → 1341/1555 ❌ HTTP 404 — https://raw.githubusercontent.com/ssrsub/ssr/master/trojan
2026-08-30 03:05:04,752 | INFO     |   → 1342/1555 ❌ HTTP 404 — https://raw.githubusercontent.com/stormchasingg/zju-rvpn-ubuntu/main/ipv6.txt
2026-08-30 03:05:04,752 | INFO     |   → 1343/1555: ✅ 0 взято | 🗑️ 0 мусор
2026-08-30 03:05:04,752 | INFO     |   → 1344/1555: ✅ 2 взято | 🗑️ 12 мусор
2026-08-30 03:05:04,752 | INFO     |   → 1345/1555: ✅ 0 взято | 🗑️ 13 мусор
2026-08-30 03:05:04,752 | INFO     |   → 1346/1555: ✅ 0 взято | 🗑️ 13 мусор
2026-08-30 03:05:04,752 | INFO     |   → 1347/1555: ✅ 0 взято | 🗑️ 0 мусор
2026-08-30 03:05:04,752 | INFO     |   → 1348/1555 ❌ HTTP 404 — https://raw.githubusercontent.com/tbbatbb/Proxy/master/dist/clash.config.yaml
2026-08-30 03:05:04,752 | INFO     |   → 1349/1555 ❌ HTTP 404 — https://raw.githubusercontent.com/tech-srl/c3po/main/DataCreation/sampled_repos.txt
2026-08-30 03:05:04,752 | INFO     |   → 1350/1555 ❌ HTTP 404 — https://raw.githubusercontent.com/tickmao/Rules/main/Shadowsocks/pac.txt
2026-08-30 03:05:04,752 | INFO     |   → 1351/1555: ✅ 0 взято | 🗑️ 35 мусор
2026-08-30 03:05:04,752 | INFO     |   → 1352/1555: ✅ 0 взято | 🗑️ 0 мусор
2026-08-30 03:05:04,752 | INFO     |   → 1353/1555 ❌ HTTP 404 — https://raw.githubusercontent.com/tonyh2021/QLadder/main/topic.txt
2026-08-30 03:05:04,752 | INFO     |   → 1354/1555 ❌ HTTP 404 — https://raw.githubusercontent.com/totravel/shadowsocks-ws/main/local/banner.txt
2026-08-30 03:05:04,752 | INFO     |   → 1355/1555: ✅ 5 взято | 🗑️ 111 мусор
2026-08-30 03:05:04,752 | INFO     |   → 1356/1555: ✅ 0 взято | 🗑️ 0 мусор
2026-08-30 03:05:04,752 | INFO     |   → 1357/1555: ✅ 0 взято | 🗑️ 195 мусор
2026-08-30 03:05:04,752 | INFO     |   → 1358/1555 ❌ HTTP 404 — https://raw.githubusercontent.com/v2clash/Autoproxy/a81f840ab2364124133572ec94e4b81fb0d4e58d/sub/2401/240104.txt
2026-08-30 03:05:04,752 | INFO     |   → 1359/1555 ❌ HTTP 404 — https://raw.githubusercontent.com/v2clash/V2ray-Configs/31f493c584d0c7b56350f4a34d80c53ad82bcc18/Sub9.txt
2026-08-30 03:05:04,752 | INFO     |   → 1360/1555 ❌ HTTP 404 — https://raw.githubusercontent.com/v2rayA/dist-v2ray-rules-dat/main/gfw.txt
2026-08-30 03:05:04,752 | INFO     |   → 1361/1555 ❌ HTTP 404 — https://raw.githubusercontent.com/v3aqb/fwlite/main/release_note.txt
2026-08-30 03:05:04,752 | INFO     |   → 1362/1555: ✅ 0 взято | 🗑️ 0 мусор
2026-08-30 03:05:04,752 | INFO     |   → 1363/1555: ✅ 0 взято | 🗑️ 0 мусор
2026-08-30 03:05:04,752 | INFO     |   → 1364/1555: ✅ 0 взято | 🗑️ 0 мусор
2026-08-30 03:05:04,752 | INFO     |   → 1365/1555: ✅ 0 взято | 🗑️ 9640 мусор
2026-08-30 03:05:04,752 | INFO     |   → 1366/1555: ✅ 0 взято | 🗑️ 10086 мусор
2026-08-30 03:05:04,752 | INFO     |   → 1367/1555: ✅ 0 взято | 🗑️ 9675 мусор
2026-08-30 03:05:04,753 | INFO     |   → 1368/1555: ✅ 0 взято | 🗑️ 9823 мусор
2026-08-30 03:05:04,753 | INFO     |   → 1369/1555: ✅ 1 взято | 🗑️ 9639 мусор
2026-08-30 03:05:04,753 | INFO     |   → 1370/1555: ✅ 0 взято | 🗑️ 7919 мусор
2026-08-30 03:05:04,753 | INFO     |   → 1371/1555: ✅ 0 взято | 🗑️ 4836 мусор
2026-08-30 03:05:04,753 | INFO     |   → 1372/1555: ✅ 0 взято | 🗑️ 7659 мусор
2026-08-30 03:05:04,753 | INFO     |   → 1373/1555: ✅ 0 взято | 🗑️ 8081 мусор
2026-08-30 03:05:04,753 | INFO     |   → 1374/1555: ✅ 0 взято | 🗑️ 5131 мусор
2026-08-30 03:05:04,753 | INFO     |   → 1375/1555: ✅ 0 взято | 🗑️ 0 мусор
2026-08-30 03:05:04,753 | INFO     |   → 1376/1555 ❌ HTTP 404 — https://raw.githubusercontent.com/vveg26/chromego_merge/main/sub/merged_proxies.yaml
2026-08-30 03:05:04,753 | INFO     |   → 1377/1555 ❌ HTTP 404 — https://raw.githubusercontent.com/vveg26/get_proxy/main/dist/clash.config.yaml
2026-08-30 03:05:04,753 | INFO     |   → 1378/1555: ✅ 0 взято | 🗑️ 10 мусор
2026-08-30 03:05:04,753 | INFO     |   → 1379/1555: ✅ 0 взято | 🗑️ 10 мусор
2026-08-30 03:05:04,753 | INFO     |   → 1380/1555: ✅ 0 взято | 🗑️ 4 мусор
2026-08-30 03:05:04,753 | INFO     |   → 1381/1555: ✅ 0 взято | 🗑️ 0 мусор
2026-08-30 03:05:04,753 | INFO     |   → 1382/1555: ✅ 0 взято | 🗑️ 4 мусор
2026-08-30 03:05:04,753 | INFO     |   → 1383/1555: ✅ 106 взято | 🗑️ 689 мусор
2026-08-30 03:05:04,753 | INFO     |   → 1384/1555: ✅ 48 взято | 🗑️ 841 мусор
2026-08-30 03:05:04,753 | INFO     |   → 1385/1555: ✅ 21 взято | 🗑️ 789 мусор
2026-08-30 03:05:04,753 | INFO     |   → 1386/1555: ✅ 24 взято | 🗑️ 774 мусор
2026-08-30 03:05:04,753 | INFO     |   → 1387/1555: ✅ 52 взято | 🗑️ 756 мусор
2026-08-30 03:05:04,753 | INFO     |   → 1388/1555: ✅ 191 взято | 🗑️ 745 мусор
2026-08-30 03:05:04,753 | INFO     |   → 1389/1555: ✅ 9 взято | 🗑️ 651 мусор
2026-08-30 03:05:04,753 | INFO     |   → 1390/1555: ✅ 185 взято | 🗑️ 388 мусор
2026-08-30 03:05:04,753 | INFO     |   → 1391/1555: ✅ 130 взято | 🗑️ 523 мусор
2026-08-30 03:05:04,753 | INFO     |   → 1392/1555: ✅ 67 взято | 🗑️ 533 мусор
2026-08-30 03:05:04,753 | INFO     |   → 1393/1555: ✅ 98 взято | 🗑️ 444 мусор
2026-08-30 03:05:04,753 | INFO     |   → 1394/1555: ✅ 102 взято | 🗑️ 670 мусор
2026-08-30 03:05:04,753 | INFO     |   → 1395/1555: ✅ 86 взято | 🗑️ 476 мусор
2026-08-30 03:05:04,753 | INFO     |   → 1396/1555: ✅ 95 взято | 🗑️ 657 мусор
2026-08-30 03:05:04,753 | INFO     |   → 1397/1555: ✅ 105 взято | 🗑️ 645 мусор
2026-08-30 03:05:04,754 | INFO     |   → 1398/1555: ✅ 115 взято | 🗑️ 985 мусор
2026-08-30 03:05:04,754 | INFO     |   → 1399/1555: ✅ 0 взято | 🗑️ 63 мусор
2026-08-30 03:05:04,754 | INFO     |   → 1400/1555: ✅ 0 взято | 🗑️ 62 мусор
2026-08-30 03:05:04,754 | INFO     |   → 1401/1555: ✅ 0 взято | 🗑️ 489 мусор
2026-08-30 03:05:04,754 | INFO     |   → 1402/1555 ❌ HTTP 404 — https://raw.githubusercontent.com/wang1/Manjaro-i3/main/note.txt
2026-08-30 03:05:04,754 | INFO     |   → 1403/1555: ✅ 0 взято | 🗑️ 0 мусор
2026-08-30 03:05:04,754 | INFO     |   → 1404/1555: ✅ 0 взято | 🗑️ 0 мусор
2026-08-30 03:05:04,754 | INFO     |   → 1405/1555: ✅ 0 взято | 🗑️ 0 мусор
2026-08-30 03:05:04,754 | INFO     |   → 1406/1555: ✅ 0 взято | 🗑️ 0 мусор
2026-08-30 03:05:04,754 | INFO     |   → 1407/1555: ✅ 0 взято | 🗑️ 0 мусор
2026-08-30 03:05:04,754 | INFO     |   → 1408/1555: ✅ 0 взято | 🗑️ 52 мусор
2026-08-30 03:05:04,754 | INFO     |   → 1409/1555 ❌ HTTP 404 — https://raw.githubusercontent.com/wudongdefeng/free/914cea8410a6712d45ba8feb88ac2626db2ada0a/nodes/nodefree.txt
2026-08-30 03:05:04,754 | INFO     |   → 1410/1555 ❌ HTTP 404 — https://raw.githubusercontent.com/wudongdefeng/free/914cea8410a6712d45ba8feb88ac2626db2ada0a/nodes/yudou66.txt
2026-08-30 03:05:04,754 | INFO     |   → 1411/1555: ✅ 235 взято | 🗑️ 309 мусор
2026-08-30 03:05:04,754 | INFO     |   → 1412/1555: ✅ 0 взято | 🗑️ 9 мусор
2026-08-30 03:05:04,754 | INFO     |   → 1413/1555: ✅ 2120 взято | 🗑️ 3096 мусор
2026-08-30 03:05:04,754 | INFO     |   → 1414/1555 ❌ HTTP 404 — https://raw.githubusercontent.com/xiaozhu2007/xiaozhu2007/61a755a044dbaeea678bc2d1e20f21a21c6d7170/docs/fxxk.txt
2026-08-30 03:05:04,754 | INFO     |   → 1415/1555: ✅ 1 взято | 🗑️ 159 мусор
2026-08-30 03:05:04,754 | INFO     |   → 1416/1555: ✅ 0 взято | 🗑️ 22 мусор
2026-08-30 03:05:04,754 | INFO     |   → 1417/1555: ✅ 0 взято | 🗑️ 0 мусор
2026-08-30 03:05:04,754 | INFO     |   → 1418/1555: ✅ 0 взято | 🗑️ 0 мусор
2026-08-30 03:05:04,754 | INFO     |   → 1419/1555: ✅ 0 взято | 🗑️ 0 мусор
2026-08-30 03:05:04,754 | INFO     |   → 1420/1555 ❌ HTTP 404 — https://raw.githubusercontent.com/yebekhe/TVC/0f745f92bf381e505f1245abbc7c145b19b11503/config.txt
2026-08-30 03:05:04,754 | INFO     |   → 1421/1555 ❌ HTTP 404 — https://raw.githubusercontent.com/yebekhe/TVC/9fac69239c69327fb7a61f5a8d79d107133889e1/lite/config.txt
2026-08-30 03:05:04,754 | INFO     |   → 1422/1555 ❌ HTTP 404 — https://raw.githubusercontent.com/yebekhe/TelegramV2rayCollector/main/sub/normal/donated
2026-08-30 03:05:04,754 | INFO     |   → 1423/1555 ❌ HTTP 404 — https://raw.githubusercontent.com/yebekhe/TelegramV2rayCollector/main/sub/normal/hysteria2
2026-08-30 03:05:04,754 | INFO     |   → 1424/1555 ❌ HTTP 404 — https://raw.githubusercontent.com/yebekhe/TelegramV2rayCollector/main/sub/normal/mix
2026-08-30 03:05:04,754 | INFO     |   → 1425/1555 ❌ HTTP 404 — https://raw.githubusercontent.com/yebekhe/TelegramV2rayCollector/main/sub/normal/reality
2026-08-30 03:05:04,754 | INFO     |   → 1426/1555 ❌ HTTP 404 — https://raw.githubusercontent.com/yebekhe/TelegramV2rayCollector/main/sub/normal/shadowsocks
2026-08-30 03:05:04,755 | INFO     |   → 1427/1555 ❌ HTTP 404 — https://raw.githubusercontent.com/yebekhe/TelegramV2rayCollector/main/sub/normal/trojan
2026-08-30 03:05:04,755 | INFO     |   → 1428/1555 ❌ HTTP 404 — https://raw.githubusercontent.com/yebekhe/TelegramV2rayCollector/main/sub/normal/tuic
2026-08-30 03:05:04,755 | INFO     |   → 1429/1555 ❌ HTTP 404 — https://raw.githubusercontent.com/yebekhe/TelegramV2rayCollector/main/sub/normal/vless
2026-08-30 03:05:04,755 | INFO     |   → 1430/1555 ❌ HTTP 404 — https://raw.githubusercontent.com/yebekhe/TelegramV2rayCollector/main/sub/normal/vmess
2026-08-30 03:05:04,755 | INFO     |   → 1431/1555 ❌ HTTP 404 — https://raw.githubusercontent.com/yebekhe/V2Hub/main/Split/Normal/shadowsocks
2026-08-30 03:05:04,755 | INFO     |   → 1432/1555 ❌ HTTP 404 — https://raw.githubusercontent.com/yebekhe/V2Hub/main/merged
2026-08-30 03:05:04,755 | INFO     |   → 1433/1555: ✅ 0 взято | 🗑️ 30 мусор
2026-08-30 03:05:04,755 | INFO     |   → 1434/1555: ✅ 0 взято | 🗑️ 0 мусор
2026-08-30 03:05:04,755 | INFO     |   → 1435/1555 ❌ HTTP 404 — https://raw.githubusercontent.com/yidahis/shadowsocksr-libev-iOS/main/CMakeCache.txt
2026-08-30 03:05:04,755 | INFO     |   → 1436/1555: ✅ 1735 взято | 🗑️ 12110 мусор
2026-08-30 03:05:04,755 | INFO     |   → 1437/1555: ✅ 16 взято | 🗑️ 494 мусор
2026-08-30 03:05:04,755 | INFO     |   → 1438/1555: ✅ 8 взято | 🗑️ 417 мусор
2026-08-30 03:05:04,755 | INFO     |   → 1439/1555: ✅ 3 взято | 🗑️ 276 мусор
2026-08-30 03:05:04,755 | INFO     |   → 1440/1555: ✅ 152 взято | 🗑️ 2413 мусор
2026-08-30 03:05:04,755 | INFO     |   → 1441/1555: ✅ 2 взято | 🗑️ 428 мусор
2026-08-30 03:05:04,755 | INFO     |   → 1442/1555 ❌ HTTP 404 — https://raw.githubusercontent.com/yuchuanqicy/Over-The-Wall/main/user-rule.txt
2026-08-30 03:05:04,755 | INFO     |   → 1443/1555 ❌ HTTP 404 — https://raw.githubusercontent.com/yyyr-otz/tele-providers-collector/019cb3e07ee52fddbc7caa54fc670c6b9bae6539/sub/proxies.txt
2026-08-30 03:05:04,755 | INFO     |   → 1444/1555 ❌ HTTP 404 — https://raw.githubusercontent.com/yyyr-otz/tele-providers-collector/b7a74ee98bcf02c5a507d688a1bed3aa9f7f4ed1/script/raw/protocols/mixed.txt
2026-08-30 03:05:04,755 | INFO     |   → 1445/1555 ❌ HTTP 404 — https://raw.githubusercontent.com/zfl9/chinadns-ng/main/res/gfwlist.txt
2026-08-30 03:05:04,755 | INFO     |   → 1446/1555: ✅ 0 взято | 🗑️ 0 мусор
2026-08-30 03:05:04,755 | INFO     |   → 1447/1555: ✅ 0 взято | 🗑️ 0 мусор
2026-08-30 03:05:04,755 | INFO     |   → 1448/1555: ✅ 0 взято | 🗑️ 18 мусор
2026-08-30 03:05:04,755 | INFO     |   → 1449/1555: ✅ 0 взято | 🗑️ 12 мусор
2026-08-30 03:05:04,755 | INFO     |   → 1450/1555: ✅ 0 взято | 🗑️ 5 мусор
2026-08-30 03:05:04,755 | INFO     |   → 1451/1555 ❌ HTTP 404 — https://raw.githubusercontent.com/zjuchenyuan/notebook/main/code/newubuntu14.txt
2026-08-30 03:05:04,755 | INFO     |   → 1452/1555: ✅ 0 взято | 🗑️ 0 мусор
2026-08-30 03:05:04,755 | INFO     |   → 1453/1555 ⚠️ Ошибка: HTTPSConnectionPool(host='sub.pmsub.me', port=443): Max retries exceeded with url: /clash.yaml (Caused by SSLError(SSLCertVerificationError(1, '[SSL: CERTIFICATE_VERIFY_FAILED] certificate verify failed: unable to get local issuer certificate (_ssl.c:1016)'))) — https://sub.pmsub.me/clash.yaml
2026-08-30 03:05:04,755 | INFO     |   → 1454/1555: ✅ 0 взято | 🗑️ 1 мусор
2026-08-30 03:05:04,755 | INFO     |   → 1455/1555: ✅ 8 взято | 🗑️ 21 мусор
2026-08-30 03:05:04,755 | INFO     |   → 1456/1555: ✅ 0 взято | 🗑️ 0 мусор
2026-08-30 03:05:04,756 | INFO     |   → 1457/1555: ✅ 9 взято | 🗑️ 19 мусор
2026-08-30 03:05:04,756 | INFO     |   → 1458/1555: ✅ 0 взято | 🗑️ 0 мусор
2026-08-30 03:05:04,756 | INFO     |   → 1459/1555: ✅ 2 взято | 🗑️ 14 мусор
2026-08-30 03:05:04,756 | INFO     |   → 1460/1555: ✅ 4 взято | 🗑️ 22 мусор
2026-08-30 03:05:04,756 | INFO     |   → 1461/1555: ✅ 0 взято | 🗑️ 0 мусор
2026-08-30 03:05:04,756 | INFO     |   → 1462/1555: ✅ 0 взято | 🗑️ 0 мусор
2026-08-30 03:05:04,756 | INFO     |   → 1463/1555: ✅ 0 взято | 🗑️ 0 мусор
2026-08-30 03:05:04,756 | INFO     |   → 1464/1555: ✅ 2 взято | 🗑️ 16 мусор
2026-08-30 03:05:04,756 | INFO     |   → 1465/1555: ✅ 0 взято | 🗑️ 0 мусор
2026-08-30 03:05:04,756 | INFO     |   → 1466/1555: ✅ 4 взято | 🗑️ 7 мусор
2026-08-30 03:05:04,756 | INFO     |   → 1467/1555: ✅ 0 взято | 🗑️ 0 мусор
2026-08-30 03:05:04,756 | INFO     |   → 1468/1555: ✅ 6 взято | 🗑️ 14 мусор
2026-08-30 03:05:04,756 | INFO     |   → 1469/1555: ✅ 0 взято | 🗑️ 0 мусор
2026-08-30 03:05:04,756 | INFO     |   → 1470/1555: ✅ 2 взято | 🗑️ 13 мусор
2026-08-30 03:05:04,756 | INFO     |   → 1471/1555: ✅ 0 взято | 🗑️ 0 мусор
2026-08-30 03:05:04,756 | INFO     |   → 1472/1555: ✅ 0 взято | 🗑️ 0 мусор
2026-08-30 03:05:04,756 | INFO     |   → 1473/1555: ✅ 2 взято | 🗑️ 7 мусор
2026-08-30 03:05:04,756 | INFO     |   → 1474/1555: ✅ 1 взято | 🗑️ 14 мусор
2026-08-30 03:05:04,756 | INFO     |   → 1475/1555: ✅ 2 взято | 🗑️ 14 мусор
2026-08-30 03:05:04,756 | INFO     |   → 1476/1555: ✅ 0 взято | 🗑️ 0 мусор
2026-08-30 03:05:04,756 | INFO     |   → 1477/1555: ✅ 3 взято | 🗑️ 22 мусор
2026-08-30 03:05:04,756 | INFO     |   → 1478/1555: ✅ 0 взято | 🗑️ 0 мусор
2026-08-30 03:05:04,756 | INFO     |   → 1479/1555: ✅ 2 взято | 🗑️ 15 мусор
2026-08-30 03:05:04,756 | INFO     |   → 1480/1555: ✅ 3 взято | 🗑️ 12 мусор
2026-08-30 03:05:04,756 | INFO     |   → 1481/1555: ✅ 0 взято | 🗑️ 0 мусор
2026-08-30 03:05:04,756 | INFO     |   → 1482/1555: ✅ 0 взято | 🗑️ 0 мусор
2026-08-30 03:05:04,756 | INFO     |   → 1483/1555: ✅ 0 взято | 🗑️ 0 мусор
2026-08-30 03:05:04,756 | INFO     |   → 1484/1555: ✅ 4 взято | 🗑️ 11 мусор
2026-08-30 03:05:04,756 | INFO     |   → 1485/1555: ✅ 10 взято | 🗑️ 15 мусор
2026-08-30 03:05:04,757 | INFO     |   → 1486/1555: ✅ 0 взято | 🗑️ 0 мусор
2026-08-30 03:05:04,757 | INFO     |   → 1487/1555: ✅ 13 взято | 🗑️ 15 мусор
2026-08-30 03:05:04,757 | INFO     |   → 1488/1555: ✅ 0 взято | 🗑️ 0 мусор
2026-08-30 03:05:04,757 | INFO     |   → 1489/1555: ✅ 5 взято | 🗑️ 15 мусор
2026-08-30 03:05:04,757 | INFO     |   → 1490/1555: ✅ 0 взято | 🗑️ 0 мусор
2026-08-30 03:05:04,757 | INFO     |   → 1491/1555: ✅ 8 взято | 🗑️ 16 мусор
2026-08-30 03:05:04,757 | INFO     |   → 1492/1555: ✅ 0 взято | 🗑️ 0 мусор
2026-08-30 03:05:04,757 | INFO     |   → 1493/1555: ✅ 0 взято | 🗑️ 24 мусор
2026-08-30 03:05:04,757 | INFO     |   → 1494/1555: ✅ 0 взято | 🗑️ 0 мусор
2026-08-30 03:05:04,757 | INFO     |   → 1495/1555: ✅ 4 взято | 🗑️ 17 мусор
2026-08-30 03:05:04,757 | INFO     |   → 1496/1555: ✅ 0 взято | 🗑️ 0 мусор
2026-08-30 03:05:04,757 | INFO     |   → 1497/1555: ✅ 12 взято | 🗑️ 18 мусор
2026-08-30 03:05:04,757 | INFO     |   → 1498/1555: ✅ 0 взято | 🗑️ 0 мусор
2026-08-30 03:05:04,757 | INFO     |   → 1499/1555: ✅ 2 взято | 🗑️ 17 мусор
2026-08-30 03:05:04,757 | INFO     |   → 1500/1555: ✅ 0 взято | 🗑️ 0 мусор
2026-08-30 03:05:04,757 | INFO     |   → 1501/1555: ✅ 1 взято | 🗑️ 27 мусор
2026-08-30 03:05:04,757 | INFO     |   → 1502/1555: ✅ 0 взято | 🗑️ 0 мусор
2026-08-30 03:05:04,757 | INFO     |   → 1503/1555: ✅ 4 взято | 🗑️ 15 мусор
2026-08-30 03:05:04,757 | INFO     |   → 1504/1555: ✅ 0 взято | 🗑️ 0 мусор
2026-08-30 03:05:04,757 | INFO     |   → 1505/1555: ✅ 4 взято | 🗑️ 26 мусор
2026-08-30 03:05:04,757 | INFO     |   → 1506/1555: ✅ 0 взято | 🗑️ 0 мусор
2026-08-30 03:05:04,757 | INFO     |   → 1507/1555: ✅ 3 взято | 🗑️ 21 мусор
2026-08-30 03:05:04,757 | INFO     |   → 1508/1555: ✅ 0 взято | 🗑️ 0 мусор
2026-08-30 03:05:04,757 | INFO     |   → 1509/1555: ✅ 8 взято | 🗑️ 12 мусор
2026-08-30 03:05:04,757 | INFO     |   → 1510/1555: ✅ 0 взято | 🗑️ 0 мусор
2026-08-30 03:05:04,757 | INFO     |   → 1511/1555: ✅ 8 взято | 🗑️ 15 мусор
2026-08-30 03:05:04,757 | INFO     |   → 1512/1555: ✅ 0 взято | 🗑️ 0 мусор
2026-08-30 03:05:04,757 | INFO     |   → 1513/1555: ✅ 10 взято | 🗑️ 14 мусор
2026-08-30 03:05:04,757 | INFO     |   → 1514/1555: ✅ 0 взято | 🗑️ 0 мусор
2026-08-30 03:05:04,757 | INFO     |   → 1515/1555: ✅ 5 взято | 🗑️ 18 мусор
2026-08-30 03:05:04,758 | INFO     |   → 1516/1555: ✅ 0 взято | 🗑️ 0 мусор
2026-08-30 03:05:04,758 | INFO     |   → 1517/1555: ✅ 5 взято | 🗑️ 22 мусор
2026-08-30 03:05:04,758 | INFO     |   → 1518/1555: ✅ 0 взято | 🗑️ 0 мусор
2026-08-30 03:05:04,758 | INFO     |   → 1519/1555: ✅ 5 взято | 🗑️ 18 мусор
2026-08-30 03:05:04,758 | INFO     |   → 1520/1555: ✅ 0 взято | 🗑️ 0 мусор
2026-08-30 03:05:04,758 | INFO     |   → 1521/1555: ✅ 1 взято | 🗑️ 23 мусор
2026-08-30 03:05:04,758 | INFO     |   → 1522/1555: ✅ 0 взято | 🗑️ 0 мусор
2026-08-30 03:05:04,758 | INFO     |   → 1523/1555: ✅ 5 взято | 🗑️ 18 мусор
2026-08-30 03:05:04,758 | INFO     |   → 1524/1555: ✅ 0 взято | 🗑️ 0 мусор
2026-08-30 03:05:04,758 | INFO     |   → 1525/1555: ✅ 17 взято | 🗑️ 7 мусор
2026-08-30 03:05:04,758 | INFO     |   → 1526/1555: ✅ 0 взято | 🗑️ 0 мусор
2026-08-30 03:05:04,758 | INFO     |   → 1527/1555: ✅ 3 взято | 🗑️ 17 мусор
2026-08-30 03:05:04,758 | INFO     |   → 1528/1555: ✅ 0 взято | 🗑️ 0 мусор
2026-08-30 03:05:04,758 | INFO     |   → 1529/1555: ✅ 7 взято | 🗑️ 14 мусор
2026-08-30 03:05:04,758 | INFO     |   → 1530/1555: ✅ 0 взято | 🗑️ 0 мусор
2026-08-30 03:05:04,758 | INFO     |   → 1531/1555: ✅ 7 взято | 🗑️ 14 мусор
2026-08-30 03:05:04,758 | INFO     |   → 1532/1555: ✅ 0 взято | 🗑️ 0 мусор
2026-08-30 03:05:04,758 | INFO     |   → 1533/1555: ✅ 8 взято | 🗑️ 11 мусор
2026-08-30 03:05:04,758 | INFO     |   → 1534/1555: ✅ 0 взято | 🗑️ 0 мусор
2026-08-30 03:05:04,758 | INFO     |   → 1535/1555: ✅ 0 взято | 🗑️ 22 мусор
2026-08-30 03:05:04,758 | INFO     |   → 1536/1555: ✅ 0 взято | 🗑️ 0 мусор
2026-08-30 03:05:04,758 | INFO     |   → 1537/1555: ✅ 3 взято | 🗑️ 12 мусор
2026-08-30 03:05:04,758 | INFO     |   → 1538/1555: ✅ 0 взято | 🗑️ 0 мусор
2026-08-30 03:05:04,758 | INFO     |   → 1539/1555: ✅ 0 взято | 🗑️ 7 мусор
2026-08-30 03:05:04,758 | INFO     |   → 1540/1555: ✅ 0 взято | 🗑️ 0 мусор
2026-08-30 03:05:04,758 | INFO     |   → 1541/1555: ✅ 2 взято | 🗑️ 8 мусор
2026-08-30 03:05:04,758 | INFO     |   → 1542/1555: ✅ 0 взято | 🗑️ 0 мусор
2026-08-30 03:05:04,758 | INFO     |   → 1543/1555: ✅ 6 взято | 🗑️ 12 мусор
2026-08-30 03:05:04,758 | INFO     |   → 1544/1555: ✅ 0 взято | 🗑️ 0 мусор
2026-08-30 03:05:04,758 | INFO     |   → 1545/1555: ✅ 2 взято | 🗑️ 12 мусор
2026-08-30 03:05:04,759 | INFO     |   → 1546/1555: ✅ 0 взято | 🗑️ 0 мусор
2026-08-30 03:05:04,759 | INFO     |   → 1547/1555: ✅ 8 взято | 🗑️ 12 мусор
2026-08-30 03:05:04,759 | INFO     |   → 1548/1555: ✅ 0 взято | 🗑️ 0 мусор
2026-08-30 03:05:04,759 | INFO     |   → 1549/1555: ✅ 0 взято | 🗑️ 10 мусор
2026-08-30 03:05:04,759 | INFO     |   → 1550/1555: ✅ 0 взято | 🗑️ 0 мусор
2026-08-30 03:05:04,759 | INFO     |   → 1551/1555: ✅ 7 взято | 🗑️ 14 мусор
2026-08-30 03:05:04,759 | INFO     |   → 1552/1555: ✅ 0 взято | 🗑️ 0 мусор
2026-08-30 03:05:04,759 | INFO     |   → 1553/1555: ✅ 4 взято | 🗑️ 19 мусор
2026-08-30 03:05:04,759 | INFO     |   → 1554/1555: ✅ 0 взято | 🗑️ 0 мусор
2026-08-30 03:05:04,759 | INFO     |   → 1555/1555: ✅ 3 взято | 🗑️ 98 мусор
2026-08-30 03:05:04,759 | INFO     |   → ✅ ГОТОВО!
2026-08-30 03:05:04,759 | INFO     |   →    📥 Всего ключей после фильтра: 81066
2026-08-30 03:05:04,759 | INFO     |   →    🔗 Уникальных IP:PORT:SCHEME: 30247
2026-08-30 03:05:04,759 | INFO     |   →    🗑️ Выброшено мусора: 2093973
2026-08-30 03:05:04,759 | INFO     |   → 📊 По протоколам:
2026-08-30 03:05:04,759 | INFO     |   →    vless: 12312
2026-08-30 03:05:04,759 | INFO     |   →    vmess: 8285
2026-08-30 03:05:04,759 | INFO     |   →    trojan: 6161
2026-08-30 03:05:04,759 | INFO     |   →    ss: 3104
2026-08-30 03:05:04,759 | INFO     |   →    hysteria: 16
2026-08-30 03:05:04,759 | INFO     |   →    hysteria2: 247
2026-08-30 03:05:04,759 | INFO     |   →    hy2: 71
2026-08-30 03:05:04,759 | INFO     |   →    tuic: 51
2026-08-30 03:05:04,759 | INFO     | ✅ mirror.py завершён успешно
2026-08-30 03:05:04,759 | INFO     | 
2026-08-30 03:05:04,759 | INFO     | 
2026-08-30 03:05:04,759 | INFO     | ──────────────────────────────────────────────────────────────────────
2026-08-30 03:05:04,759 | INFO     | 📌 ЭТАП: Фильтрация по реальному SNI
2026-08-30 03:05:04,759 | INFO     | ──────────────────────────────────────────────────────────────────────
2026-08-30 03:05:04,759 | INFO     | 🚀 Запуск filter_ru_sni.py (Фильтр по реальному SNI (CDN+RU))...
2026-08-30 03:05:05,438 | INFO     |   → hy2.txt: 71 → 19 (SNI-filtered)
2026-08-30 03:05:05,438 | INFO     |   →   hysteria.txt: 16 → 0 (SNI-filtered)
2026-08-30 03:05:05,438 | INFO     |   →   hysteria2.txt: 247 → 10 (SNI-filtered)
2026-08-30 03:05:05,438 | INFO     |   →   ss.txt: 3104 → 114 (SNI-filtered)
2026-08-30 03:05:05,438 | INFO     |   →   trojan.txt: 6161 → 38 (SNI-filtered)
2026-08-30 03:05:05,438 | INFO     |   →   tuic.txt: 51 → 0 (SNI-filtered)
2026-08-30 03:05:05,438 | INFO     |   →   vless.txt: 12312 → 1889 (SNI-filtered)
2026-08-30 03:05:05,438 | INFO     |   →   vmess.txt: 8285 → 95 (SNI-filtered)
2026-08-30 03:05:05,438 | INFO     |   → ==================================================
2026-08-30 03:05:05,438 | INFO     |   →   Всего входных:  30247
2026-08-30 03:05:05,438 | INFO     |   →   Прошли фильтр:  2165
2026-08-30 03:05:05,438 | INFO     |   →   Отброшено:      28082
2026-08-30 03:05:05,438 | INFO     |   → ==================================================
2026-08-30 03:05:05,438 | INFO     |   → Готово → /home/runner/work/vpn-vless-configs-russia/vpn-vless-configs-russia/githubmirror/ru-sni
2026-08-30 03:05:05,438 | INFO     | ✅ filter_ru_sni.py завершён успешно
2026-08-30 03:05:05,438 | INFO     | 
2026-08-30 03:05:05,438 | INFO     | 
2026-08-30 03:05:05,439 | INFO     | ──────────────────────────────────────────────────────────────────────
2026-08-30 03:05:05,439 | INFO     | 📌 ЭТАП: Экспериментальный RU-SNI фильтр
2026-08-30 03:05:05,439 | INFO     | ──────────────────────────────────────────────────────────────────────
2026-08-30 03:05:05,439 | INFO     | 🚀 Запуск filter_ru_sni_local.py (Экспериментальный фильтр по RU-SNI (локальные домены))...
2026-08-30 03:05:05,868 | INFO     |   → hy2.txt: 71 → 0 (RU-SNI)
2026-08-30 03:05:05,868 | INFO     |   → hysteria.txt: 16 → 0 (RU-SNI)
2026-08-30 03:05:05,868 | INFO     |   → hysteria2.txt: 247 → 0 (RU-SNI)
2026-08-30 03:05:05,868 | INFO     |   → ss.txt: 3104 → 10 (RU-SNI)
2026-08-30 03:05:05,868 | INFO     |   → trojan.txt: 6161 → 8 (RU-SNI)
2026-08-30 03:05:05,868 | INFO     |   → tuic.txt: 51 → 0 (RU-SNI)
2026-08-30 03:05:05,868 | INFO     |   → vless.txt: 12312 → 312 (RU-SNI)
2026-08-30 03:05:05,868 | INFO     |   → vmess.txt: 8285 → 0 (RU-SNI)
2026-08-30 03:05:05,868 | INFO     |   → ==================================================
2026-08-30 03:05:05,869 | INFO     |   → Всего входных:  30247
2026-08-30 03:05:05,869 | INFO     |   → Прошли RU-SNI:  330
2026-08-30 03:05:05,869 | INFO     |   → Отброшено:      29917
2026-08-30 03:05:05,869 | INFO     |   → ==================================================
2026-08-30 03:05:05,869 | INFO     |   → Готово → /home/runner/work/vpn-vless-configs-russia/vpn-vless-configs-russia/githubmirror/ru-sni-local
2026-08-30 03:05:05,869 | INFO     | ✅ filter_ru_sni_local.py завершён успешно
2026-08-30 03:05:05,869 | INFO     | 
2026-08-30 03:05:05,869 | INFO     | 
2026-08-30 03:05:05,869 | INFO     | ──────────────────────────────────────────────────────────────────────
2026-08-30 03:05:05,869 | INFO     | 📌 ЭТАП: Сбор статистики
2026-08-30 03:05:05,869 | INFO     | ──────────────────────────────────────────────────────────────────────
2026-08-30 03:05:05,869 | INFO     | 📊 Сбор статистики...
2026-08-30 03:05:05,869 | INFO     |   📁 githubmirror/clean:
2026-08-30 03:05:05,869 | INFO     |     • hy2         :    71 конфигов
2026-08-30 03:05:05,870 | INFO     |     • hysteria    :    16 конфигов
2026-08-30 03:05:05,870 | INFO     |     • hysteria2   :   247 конфигов
2026-08-30 03:05:05,872 | INFO     |     • ss          :  3104 конфигов
2026-08-30 03:05:05,875 | INFO     |     • trojan      :  6161 конфигов
2026-08-30 03:05:05,876 | INFO     |     • tuic        :    51 конфигов
2026-08-30 03:05:05,887 | INFO     |     • vless       : 12312 конфигов
2026-08-30 03:05:05,893 | INFO     |     • vmess       :  8285 конфигов
2026-08-30 03:05:05,894 | INFO     |   📁 githubmirror/ru-sni:
2026-08-30 03:05:05,894 | INFO     |     • hy2         :    19 конфигов ( 26.8% от clean)
2026-08-30 03:05:05,895 | INFO     |     • hysteria    :     0 конфигов (  0.0% от clean)
2026-08-30 03:05:05,895 | INFO     |     • hysteria2   :    10 конфигов (  4.0% от clean)
2026-08-30 03:05:05,895 | INFO     |     • ss          :   114 конфигов (  3.7% от clean)
2026-08-30 03:05:05,895 | INFO     |     • trojan      :    38 конфигов (  0.6% от clean)
2026-08-30 03:05:05,895 | INFO     |     • tuic        :     0 конфигов (  0.0% от clean)
2026-08-30 03:05:05,897 | INFO     |     • vless       :  1889 конфигов ( 15.3% от clean)
2026-08-30 03:05:05,898 | INFO     |     • vmess       :    95 конфигов (  1.1% от clean)
2026-08-30 03:05:05,898 | INFO     | 
2026-08-30 03:05:05,898 | INFO     |   ──────────────────────────────────────────────────
2026-08-30 03:05:05,898 | INFO     |   📈 ИТОГО:
2026-08-30 03:05:05,898 | INFO     |     Clean (после geo-фильтра):    30247
2026-08-30 03:05:05,898 | INFO     |     RU-SNI (после SNI-фильтра):    2165
2026-08-30 03:05:05,898 | INFO     |     Прошло фильтр:                  7.2%
2026-08-30 03:05:05,898 | INFO     |   ──────────────────────────────────────────────────
2026-08-30 03:05:05,898 | INFO     | ✅ Статистика сохранена: /home/runner/work/vpn-vless-configs-russia/vpn-vless-configs-russia/stats.json
2026-08-30 03:05:05,898 | INFO     | 
2026-08-30 03:05:05,898 | INFO     | ======================================================================
2026-08-30 03:05:05,898 | INFO     | 📊 ИТОГОВЫЙ ОТЧЁТ
2026-08-30 03:05:05,898 | INFO     | ======================================================================
2026-08-30 03:05:05,899 | INFO     |   ✅ OK         | Загрузка и geo-фильтрация
2026-08-30 03:05:05,899 | INFO     |   ✅ OK         | Фильтрация по реальному SNI
2026-08-30 03:05:05,899 | INFO     |   ✅ OK         | Экспериментальный RU-SNI фильтр
2026-08-30 03:05:05,899 | INFO     |   ✅ OK         | Сбор статистики
2026-08-30 03:05:05,899 | INFO     | ──────────────────────────────────────────────────────────────────────
2026-08-30 03:05:05,899 | INFO     | ✅ ВСЕ ЭТАПЫ УСПЕШНЫ (4/4)
2026-08-30 03:05:05,899 | INFO     | ⏰ Время завершения: 2026-08-30 03:05:05
2026-08-30 03:05:05,899 | INFO     | ======================================================================
