2026-06-15 17:10:37,051 | INFO     | ======================================================================
2026-06-15 17:10:37,051 | INFO     | 🔍 VPN KEY CHECKER - Начало проверки
2026-06-15 17:10:37,051 | INFO     | ⏰ Время старта: 2026-06-15 17:10:37
2026-06-15 17:10:37,051 | INFO     | 📂 Рабочая директория: /home/runner/work/vpn-vless-configs-russia/vpn-vless-configs-russia
2026-06-15 17:10:37,051 | INFO     | ======================================================================
2026-06-15 17:10:37,051 | INFO     | 
2026-06-15 17:10:37,051 | INFO     | 🔍 Проверка наличия скриптов...
2026-06-15 17:10:37,051 | INFO     |   ✅ mirror.py
2026-06-15 17:10:37,051 | INFO     |   ✅ filter_ru_sni.py
2026-06-15 17:10:37,052 | INFO     |   ✅ filter_ru_sni_local.py
2026-06-15 17:10:37,052 | INFO     | 
2026-06-15 17:10:37,052 | INFO     | 
2026-06-15 17:10:37,052 | INFO     | ──────────────────────────────────────────────────────────────────────
2026-06-15 17:10:37,052 | INFO     | 📌 ЭТАП: Загрузка и geo-фильтрация
2026-06-15 17:10:37,052 | INFO     | ──────────────────────────────────────────────────────────────────────
2026-06-15 17:10:37,052 | INFO     | 🚀 Запуск mirror.py (Загрузка и фильтрация по РФ/СНГ/Европа)...
2026-06-15 17:16:09,499 | INFO     |   → 🚀 Старт: всего источников (старые + новые): 1203
2026-06-15 17:16:09,499 | INFO     |   → 1/1203: ✅ 13 взято | 🗑️ 242 мусор
2026-06-15 17:16:09,499 | INFO     |   → 2/1203: ✅ 0 взято | 🗑️ 0 мусор
2026-06-15 17:16:09,499 | INFO     |   → 3/1203 ❌ HTTP 404 — https://bitbucket.org/huwo1/proxy_nodes/raw/f31ca9ec67b84071515729ff45b011b6b09c10f2/clash.yaml
2026-06-15 17:16:09,499 | INFO     |   → 4/1203 ❌ HTTP 404 — https://cdn.jsdelivr.net/gh/cry0ice/genode@main/public/all.txt
2026-06-15 17:16:09,499 | INFO     |   → 5/1203 ❌ HTTP 404 — https://cdn.jsdelivr.net/gh/cry0ice/genode@main/public/ss.txt
2026-06-15 17:16:09,499 | INFO     |   → 6/1203 ❌ HTTP 404 — https://cdn.jsdelivr.net/gh/cry0ice/genode@main/public/ssr.txt
2026-06-15 17:16:09,499 | INFO     |   → 7/1203 ❌ HTTP 404 — https://cdn.jsdelivr.net/gh/cry0ice/genode@main/public/trojan.txt
2026-06-15 17:16:09,499 | INFO     |   → 8/1203 ❌ HTTP 404 — https://cdn.jsdelivr.net/gh/cry0ice/genode@main/public/vless.txt
2026-06-15 17:16:09,499 | INFO     |   → 9/1203 ❌ HTTP 404 — https://cdn.jsdelivr.net/gh/cry0ice/genode@main/public/vmess.txt
2026-06-15 17:16:09,499 | INFO     |   → 10/1203: ✅ 0 взято | 🗑️ 0 мусор
2026-06-15 17:16:09,499 | INFO     |   → 11/1203: ✅ 0 взято | 🗑️ 0 мусор
2026-06-15 17:16:09,499 | INFO     |   → 12/1203: ✅ 0 взято | 🗑️ 0 мусор
2026-06-15 17:16:09,499 | INFO     |   → 13/1203: ✅ 0 взято | 🗑️ 0 мусор
2026-06-15 17:16:09,499 | INFO     |   → 14/1203: ✅ 0 взято | 🗑️ 0 мусор
2026-06-15 17:16:09,499 | INFO     |   → 15/1203: ✅ 0 взято | 🗑️ 0 мусор
2026-06-15 17:16:09,499 | INFO     |   → 16/1203: ✅ 0 взято | 🗑️ 0 мусор
2026-06-15 17:16:09,500 | INFO     |   → 17/1203: ✅ 0 взято | 🗑️ 0 мусор
2026-06-15 17:16:09,500 | INFO     |   → 18/1203: ✅ 0 взято | 🗑️ 0 мусор
2026-06-15 17:16:09,500 | INFO     |   → 19/1203: ✅ 0 взято | 🗑️ 0 мусор
2026-06-15 17:16:09,500 | INFO     |   → 20/1203: ✅ 0 взято | 🗑️ 0 мусор
2026-06-15 17:16:09,500 | INFO     |   → 21/1203: ✅ 0 взято | 🗑️ 0 мусор
2026-06-15 17:16:09,500 | INFO     |   → 22/1203: ✅ 0 взято | 🗑️ 0 мусор
2026-06-15 17:16:09,500 | INFO     |   → 23/1203: ✅ 0 взято | 🗑️ 0 мусор
2026-06-15 17:16:09,500 | INFO     |   → 24/1203: ✅ 0 взято | 🗑️ 0 мусор
2026-06-15 17:16:09,500 | INFO     |   → 25/1203: ✅ 0 взято | 🗑️ 0 мусор
2026-06-15 17:16:09,500 | INFO     |   → 26/1203: ✅ 0 взято | 🗑️ 0 мусор
2026-06-15 17:16:09,500 | INFO     |   → 27/1203: ✅ 0 взято | 🗑️ 0 мусор
2026-06-15 17:16:09,500 | INFO     |   → 28/1203: ✅ 0 взято | 🗑️ 0 мусор
2026-06-15 17:16:09,500 | INFO     |   → 29/1203: ✅ 0 взято | 🗑️ 0 мусор
2026-06-15 17:16:09,500 | INFO     |   → 30/1203: ✅ 0 взято | 🗑️ 0 мусор
2026-06-15 17:16:09,500 | INFO     |   → 31/1203: ✅ 0 взято | 🗑️ 0 мусор
2026-06-15 17:16:09,500 | INFO     |   → 32/1203: ✅ 0 взято | 🗑️ 0 мусор
2026-06-15 17:16:09,500 | INFO     |   → 33/1203: ✅ 0 взято | 🗑️ 0 мусор
2026-06-15 17:16:09,500 | INFO     |   → 34/1203: ✅ 0 взято | 🗑️ 0 мусор
2026-06-15 17:16:09,501 | INFO     |   → 35/1203: ✅ 0 взято | 🗑️ 0 мусор
2026-06-15 17:16:09,501 | INFO     |   → 36/1203: ✅ 0 взято | 🗑️ 0 мусор
2026-06-15 17:16:09,501 | INFO     |   → 37/1203: ✅ 0 взято | 🗑️ 0 мусор
2026-06-15 17:16:09,501 | INFO     |   → 38/1203: ✅ 0 взято | 🗑️ 0 мусор
2026-06-15 17:16:09,501 | INFO     |   → 39/1203: ✅ 0 взято | 🗑️ 0 мусор
2026-06-15 17:16:09,501 | INFO     |   → 40/1203: ✅ 0 взято | 🗑️ 0 мусор
2026-06-15 17:16:09,501 | INFO     |   → 41/1203: ✅ 0 взято | 🗑️ 0 мусор
2026-06-15 17:16:09,501 | INFO     |   → 42/1203: ✅ 0 взято | 🗑️ 0 мусор
2026-06-15 17:16:09,501 | INFO     |   → 43/1203: ✅ 0 взято | 🗑️ 0 мусор
2026-06-15 17:16:09,501 | INFO     |   → 44/1203: ✅ 0 взято | 🗑️ 0 мусор
2026-06-15 17:16:09,501 | INFO     |   → 45/1203: ✅ 0 взято | 🗑️ 0 мусор
2026-06-15 17:16:09,501 | INFO     |   → 46/1203: ✅ 0 взято | 🗑️ 0 мусор
2026-06-15 17:16:09,501 | INFO     |   → 47/1203: ✅ 0 взято | 🗑️ 0 мусор
2026-06-15 17:16:09,501 | INFO     |   → 48/1203: ✅ 0 взято | 🗑️ 0 мусор
2026-06-15 17:16:09,501 | INFO     |   → 49/1203: ✅ 0 взято | 🗑️ 0 мусор
2026-06-15 17:16:09,501 | INFO     |   → 50/1203: ✅ 0 взято | 🗑️ 0 мусор
2026-06-15 17:16:09,501 | INFO     |   → 51/1203: ✅ 0 взято | 🗑️ 0 мусор
2026-06-15 17:16:09,501 | INFO     |   → 52/1203: ✅ 0 взято | 🗑️ 0 мусор
2026-06-15 17:16:09,501 | INFO     |   → 53/1203: ✅ 0 взято | 🗑️ 0 мусор
2026-06-15 17:16:09,502 | INFO     |   → 54/1203: ✅ 0 взято | 🗑️ 0 мусор
2026-06-15 17:16:09,502 | INFO     |   → 55/1203: ✅ 0 взято | 🗑️ 0 мусор
2026-06-15 17:16:09,502 | INFO     |   → 56/1203: ✅ 0 взято | 🗑️ 0 мусор
2026-06-15 17:16:09,502 | INFO     |   → 57/1203: ✅ 0 взято | 🗑️ 0 мусор
2026-06-15 17:16:09,502 | INFO     |   → 58/1203: ✅ 0 взято | 🗑️ 0 мусор
2026-06-15 17:16:09,502 | INFO     |   → 59/1203: ✅ 0 взято | 🗑️ 0 мусор
2026-06-15 17:16:09,502 | INFO     |   → 60/1203: ✅ 0 взято | 🗑️ 0 мусор
2026-06-15 17:16:09,502 | INFO     |   → 61/1203: ✅ 0 взято | 🗑️ 0 мусор
2026-06-15 17:16:09,502 | INFO     |   → 62/1203: ✅ 0 взято | 🗑️ 0 мусор
2026-06-15 17:16:09,502 | INFO     |   → 63/1203: ✅ 0 взято | 🗑️ 0 мусор
2026-06-15 17:16:09,502 | INFO     |   → 64/1203: ✅ 0 взято | 🗑️ 0 мусор
2026-06-15 17:16:09,502 | INFO     |   → 65/1203: ✅ 0 взято | 🗑️ 0 мусор
2026-06-15 17:16:09,502 | INFO     |   → 66/1203: ✅ 0 взято | 🗑️ 0 мусор
2026-06-15 17:16:09,502 | INFO     |   → 67/1203: ✅ 0 взято | 🗑️ 0 мусор
2026-06-15 17:16:09,502 | INFO     |   → 68/1203: ✅ 0 взято | 🗑️ 0 мусор
2026-06-15 17:16:09,502 | INFO     |   → 69/1203: ✅ 0 взято | 🗑️ 0 мусор
2026-06-15 17:16:09,502 | INFO     |   → 70/1203: ✅ 0 взято | 🗑️ 0 мусор
2026-06-15 17:16:09,502 | INFO     |   → 71/1203: ✅ 0 взято | 🗑️ 0 мусор
2026-06-15 17:16:09,502 | INFO     |   → 72/1203: ✅ 0 взято | 🗑️ 0 мусор
2026-06-15 17:16:09,503 | INFO     |   → 73/1203: ✅ 0 взято | 🗑️ 0 мусор
2026-06-15 17:16:09,503 | INFO     |   → 74/1203: ✅ 0 взято | 🗑️ 0 мусор
2026-06-15 17:16:09,503 | INFO     |   → 75/1203: ✅ 0 взято | 🗑️ 0 мусор
2026-06-15 17:16:09,503 | INFO     |   → 76/1203: ✅ 0 взято | 🗑️ 0 мусор
2026-06-15 17:16:09,503 | INFO     |   → 77/1203: ✅ 0 взято | 🗑️ 0 мусор
2026-06-15 17:16:09,503 | INFO     |   → 78/1203: ✅ 0 взято | 🗑️ 0 мусор
2026-06-15 17:16:09,503 | INFO     |   → 79/1203: ✅ 0 взято | 🗑️ 0 мусор
2026-06-15 17:16:09,503 | INFO     |   → 80/1203: ✅ 0 взято | 🗑️ 0 мусор
2026-06-15 17:16:09,503 | INFO     |   → 81/1203: ✅ 0 взято | 🗑️ 0 мусор
2026-06-15 17:16:09,503 | INFO     |   → 82/1203: ✅ 0 взято | 🗑️ 0 мусор
2026-06-15 17:16:09,503 | INFO     |   → 83/1203: ✅ 0 взято | 🗑️ 0 мусор
2026-06-15 17:16:09,503 | INFO     |   → 84/1203: ✅ 0 взято | 🗑️ 0 мусор
2026-06-15 17:16:09,503 | INFO     |   → 85/1203: ✅ 0 взято | 🗑️ 0 мусор
2026-06-15 17:16:09,503 | INFO     |   → 86/1203: ✅ 0 взято | 🗑️ 0 мусор
2026-06-15 17:16:09,503 | INFO     |   → 87/1203: ✅ 0 взято | 🗑️ 0 мусор
2026-06-15 17:16:09,503 | INFO     |   → 88/1203: ✅ 0 взято | 🗑️ 0 мусор
2026-06-15 17:16:09,503 | INFO     |   → 89/1203: ✅ 0 взято | 🗑️ 0 мусор
2026-06-15 17:16:09,503 | INFO     |   → 90/1203: ✅ 0 взято | 🗑️ 0 мусор
2026-06-15 17:16:09,503 | INFO     |   → 91/1203: ✅ 0 взято | 🗑️ 0 мусор
2026-06-15 17:16:09,503 | INFO     |   → 92/1203: ✅ 0 взято | 🗑️ 0 мусор
2026-06-15 17:16:09,503 | INFO     |   → 93/1203: ✅ 0 взято | 🗑️ 0 мусор
2026-06-15 17:16:09,503 | INFO     |   → 94/1203: ✅ 0 взято | 🗑️ 0 мусор
2026-06-15 17:16:09,504 | INFO     |   → 95/1203: ✅ 0 взято | 🗑️ 0 мусор
2026-06-15 17:16:09,504 | INFO     |   → 96/1203: ✅ 0 взято | 🗑️ 0 мусор
2026-06-15 17:16:09,504 | INFO     |   → 97/1203: ✅ 0 взято | 🗑️ 0 мусор
2026-06-15 17:16:09,504 | INFO     |   → 98/1203: ✅ 0 взято | 🗑️ 0 мусор
2026-06-15 17:16:09,504 | INFO     |   → 99/1203: ✅ 0 взято | 🗑️ 0 мусор
2026-06-15 17:16:09,504 | INFO     |   → 100/1203: ✅ 0 взято | 🗑️ 0 мусор
2026-06-15 17:16:09,504 | INFO     |   → 101/1203: ✅ 0 взято | 🗑️ 0 мусор
2026-06-15 17:16:09,504 | INFO     |   → 102/1203: ✅ 0 взято | 🗑️ 0 мусор
2026-06-15 17:16:09,504 | INFO     |   → 103/1203: ✅ 0 взято | 🗑️ 0 мусор
2026-06-15 17:16:09,504 | INFO     |   → 104/1203: ✅ 0 взято | 🗑️ 0 мусор
2026-06-15 17:16:09,504 | INFO     |   → 105/1203: ✅ 0 взято | 🗑️ 0 мусор
2026-06-15 17:16:09,504 | INFO     |   → 106/1203: ✅ 0 взято | 🗑️ 0 мусор
2026-06-15 17:16:09,504 | INFO     |   → 107/1203: ✅ 0 взято | 🗑️ 0 мусор
2026-06-15 17:16:09,504 | INFO     |   → 108/1203: ✅ 0 взято | 🗑️ 0 мусор
2026-06-15 17:16:09,504 | INFO     |   → 109/1203: ✅ 0 взято | 🗑️ 0 мусор
2026-06-15 17:16:09,504 | INFO     |   → 110/1203: ✅ 0 взято | 🗑️ 0 мусор
2026-06-15 17:16:09,504 | INFO     |   → 111/1203: ✅ 0 взято | 🗑️ 0 мусор
2026-06-15 17:16:09,504 | INFO     |   → 112/1203: ✅ 0 взято | 🗑️ 0 мусор
2026-06-15 17:16:09,505 | INFO     |   → 113/1203: ✅ 0 взято | 🗑️ 0 мусор
2026-06-15 17:16:09,505 | INFO     |   → 114/1203: ✅ 0 взято | 🗑️ 0 мусор
2026-06-15 17:16:09,505 | INFO     |   → 115/1203: ✅ 0 взято | 🗑️ 0 мусор
2026-06-15 17:16:09,505 | INFO     |   → 116/1203: ✅ 0 взято | 🗑️ 0 мусор
2026-06-15 17:16:09,505 | INFO     |   → 117/1203: ✅ 0 взято | 🗑️ 0 мусор
2026-06-15 17:16:09,505 | INFO     |   → 118/1203: ✅ 0 взято | 🗑️ 0 мусор
2026-06-15 17:16:09,505 | INFO     |   → 119/1203: ✅ 0 взято | 🗑️ 0 мусор
2026-06-15 17:16:09,505 | INFO     |   → 120/1203: ✅ 0 взято | 🗑️ 0 мусор
2026-06-15 17:16:09,505 | INFO     |   → 121/1203: ✅ 0 взято | 🗑️ 0 мусор
2026-06-15 17:16:09,505 | INFO     |   → 122/1203: ✅ 0 взято | 🗑️ 0 мусор
2026-06-15 17:16:09,505 | INFO     |   → 123/1203: ✅ 0 взято | 🗑️ 0 мусор
2026-06-15 17:16:09,505 | INFO     |   → 124/1203: ✅ 0 взято | 🗑️ 0 мусор
2026-06-15 17:16:09,505 | INFO     |   → 125/1203: ✅ 0 взято | 🗑️ 0 мусор
2026-06-15 17:16:09,505 | INFO     |   → 126/1203: ✅ 0 взято | 🗑️ 0 мусор
2026-06-15 17:16:09,505 | INFO     |   → 127/1203: ✅ 0 взято | 🗑️ 0 мусор
2026-06-15 17:16:09,505 | INFO     |   → 128/1203: ✅ 0 взято | 🗑️ 0 мусор
2026-06-15 17:16:09,505 | INFO     |   → 129/1203: ✅ 0 взято | 🗑️ 0 мусор
2026-06-15 17:16:09,505 | INFO     |   → 130/1203: ✅ 0 взято | 🗑️ 0 мусор
2026-06-15 17:16:09,505 | INFO     |   → 131/1203: ✅ 0 взято | 🗑️ 0 мусор
2026-06-15 17:16:09,505 | INFO     |   → 132/1203: ✅ 0 взято | 🗑️ 0 мусор
2026-06-15 17:16:09,506 | INFO     |   → 133/1203: ✅ 0 взято | 🗑️ 0 мусор
2026-06-15 17:16:09,506 | INFO     |   → 134/1203: ✅ 0 взято | 🗑️ 0 мусор
2026-06-15 17:16:09,506 | INFO     |   → 135/1203 ⚠️ Ошибка: HTTPSConnectionPool(host='free.datiya.com', port=443): Read timed out. (read timeout=15) — https://free.datiya.com/uploads/20260612-v2ray.txt
2026-06-15 17:16:09,506 | INFO     |   → 136/1203: ✅ 0 взято | 🗑️ 0 мусор
2026-06-15 17:16:09,506 | INFO     |   → 137/1203: ✅ 0 взято | 🗑️ 0 мусор
2026-06-15 17:16:09,506 | INFO     |   → 138/1203: ✅ 0 взято | 🗑️ 0 мусор
2026-06-15 17:16:09,506 | INFO     |   → 139/1203: ✅ 0 взято | 🗑️ 0 мусор
2026-06-15 17:16:09,506 | INFO     |   → 140/1203: ✅ 0 взято | 🗑️ 0 мусор
2026-06-15 17:16:09,506 | INFO     |   → 141/1203: ✅ 0 взято | 🗑️ 0 мусор
2026-06-15 17:16:09,506 | INFO     |   → 142/1203 ❌ HTTP 404 — https://freessrnode.github.io/uploads/2024/08/0-20240822.txt
2026-06-15 17:16:09,506 | INFO     |   → 143/1203 ❌ HTTP 404 — https://freessrnode.github.io/uploads/2024/08/1-20240822.txt
2026-06-15 17:16:09,506 | INFO     |   → 144/1203 ❌ HTTP 404 — https://freessrnode.github.io/uploads/2024/08/2-20240822.txt
2026-06-15 17:16:09,506 | INFO     |   → 145/1203 ❌ HTTP 404 — https://freessrnode.github.io/uploads/2024/08/3-20240822.txt
2026-06-15 17:16:09,506 | INFO     |   → 146/1203 ❌ HTTP 404 — https://freessrnode.github.io/uploads/2024/08/4-20240822.txt
2026-06-15 17:16:09,506 | INFO     |   → 147/1203 ⚠️ Ошибка: HTTPSConnectionPool(host='freevpnspy.githubrowcontent.com', port=443): Max retries exceeded with url: /2024/08/20240802_novless.yaml (Caused by NameResolutionError("HTTPSConnection(host='freevpnspy.githubrowcontent.com', port=443): Failed to resolve 'freevpnspy.githubrowcontent.com' ([Errno -2] Name or service not known)")) — https://freevpnspy.githubrowcontent.com/2024/08/20240802_novless.yaml
2026-06-15 17:16:09,506 | INFO     |   → 148/1203 ⚠️ Ошибка: HTTPSConnectionPool(host='freevpnspy.githubrowcontent.com', port=443): Max retries exceeded with url: /2024/08/20240802_vless.yaml (Caused by NameResolutionError("HTTPSConnection(host='freevpnspy.githubrowcontent.com', port=443): Failed to resolve 'freevpnspy.githubrowcontent.com' ([Errno -2] Name or service not known)")) — https://freevpnspy.githubrowcontent.com/2024/08/20240802_vless.yaml
2026-06-15 17:16:09,506 | INFO     |   → 149/1203: ✅ 0 взято | 🗑️ 0 мусор
2026-06-15 17:16:09,506 | INFO     |   → 150/1203: ✅ 14 взято | 🗑️ 292 мусор
2026-06-15 17:16:09,506 | INFO     |   → 151/1203: ✅ 0 взято | 🗑️ 115 мусор
2026-06-15 17:16:09,507 | INFO     |   → 152/1203: ✅ 14 взято | 🗑️ 218 мусор
2026-06-15 17:16:09,507 | INFO     |   → 153/1203: ✅ 7 взято | 🗑️ 148 мусор
2026-06-15 17:16:09,507 | INFO     |   → 154/1203: ✅ 10 взято | 🗑️ 232 мусор
2026-06-15 17:16:09,507 | INFO     |   → 155/1203: ✅ 4 взято | 🗑️ 151 мусор
2026-06-15 17:16:09,507 | INFO     |   → 156/1203: ✅ 0 взято | 🗑️ 0 мусор
2026-06-15 17:16:09,507 | INFO     |   → 157/1203: ✅ 0 взято | 🗑️ 0 мусор
2026-06-15 17:16:09,507 | INFO     |   → 158/1203: ✅ 0 взято | 🗑️ 0 мусор
2026-06-15 17:16:09,507 | INFO     |   → 159/1203: ✅ 0 взято | 🗑️ 0 мусор
2026-06-15 17:16:09,507 | INFO     |   → 160/1203: ✅ 7 взято | 🗑️ 113 мусор
2026-06-15 17:16:09,507 | INFO     |   → 161/1203: ✅ 0 взято | 🗑️ 0 мусор
2026-06-15 17:16:09,507 | INFO     |   → 162/1203: ✅ 0 взято | 🗑️ 0 мусор
2026-06-15 17:16:09,507 | INFO     |   → 163/1203: ✅ 0 взято | 🗑️ 0 мусор
2026-06-15 17:16:09,507 | INFO     |   → 164/1203: ✅ 1 взято | 🗑️ 169 мусор
2026-06-15 17:16:09,507 | INFO     |   → 165/1203: ✅ 5 взято | 🗑️ 211 мусор
2026-06-15 17:16:09,507 | INFO     |   → 166/1203: ✅ 0 взято | 🗑️ 0 мусор
2026-06-15 17:16:09,507 | INFO     |   → 167/1203: ✅ 0 взято | 🗑️ 0 мусор
2026-06-15 17:16:09,507 | INFO     |   → 168/1203: ✅ 0 взято | 🗑️ 0 мусор
2026-06-15 17:16:09,507 | INFO     |   → 169/1203: ✅ 1 взято | 🗑️ 226 мусор
2026-06-15 17:16:09,507 | INFO     |   → 170/1203: ✅ 3 взято | 🗑️ 152 мусор
2026-06-15 17:16:09,507 | INFO     |   → 171/1203: ✅ 0 взято | 🗑️ 0 мусор
2026-06-15 17:16:09,507 | INFO     |   → 172/1203: ✅ 0 взято | 🗑️ 0 мусор
2026-06-15 17:16:09,507 | INFO     |   → 173/1203: ✅ 0 взято | 🗑️ 0 мусор
2026-06-15 17:16:09,508 | INFO     |   → 174/1203: ✅ 0 взято | 🗑️ 300 мусор
2026-06-15 17:16:09,508 | INFO     |   → 175/1203: ✅ 0 взято | 🗑️ 0 мусор
2026-06-15 17:16:09,508 | INFO     |   → 176/1203: ✅ 0 взято | 🗑️ 142 мусор
2026-06-15 17:16:09,508 | INFO     |   → 177/1203: ✅ 2 взято | 🗑️ 124 мусор
2026-06-15 17:16:09,508 | INFO     |   → 178/1203: ✅ 0 взято | 🗑️ 0 мусор
2026-06-15 17:16:09,508 | INFO     |   → 179/1203: ✅ 1 взято | 🗑️ 104 мусор
2026-06-15 17:16:09,508 | INFO     |   → 180/1203: ✅ 0 взято | 🗑️ 193 мусор
2026-06-15 17:16:09,508 | INFO     |   → 181/1203: ✅ 2 взято | 🗑️ 115 мусор
2026-06-15 17:16:09,508 | INFO     |   → 182/1203: ✅ 7 взято | 🗑️ 179 мусор
2026-06-15 17:16:09,508 | INFO     |   → 183/1203: ✅ 0 взято | 🗑️ 0 мусор
2026-06-15 17:16:09,508 | INFO     |   → 184/1203: ✅ 0 взято | 🗑️ 0 мусор
2026-06-15 17:16:09,508 | INFO     |   → 185/1203: ✅ 0 взято | 🗑️ 125 мусор
2026-06-15 17:16:09,508 | INFO     |   → 186/1203: ✅ 0 взято | 🗑️ 296 мусор
2026-06-15 17:16:09,508 | INFO     |   → 187/1203: ✅ 1 взято | 🗑️ 279 мусор
2026-06-15 17:16:09,508 | INFO     |   → 188/1203: ✅ 0 взято | 🗑️ 130 мусор
2026-06-15 17:16:09,508 | INFO     |   → 189/1203: ✅ 2 взято | 🗑️ 105 мусор
2026-06-15 17:16:09,508 | INFO     |   → 190/1203: ✅ 0 взято | 🗑️ 0 мусор
2026-06-15 17:16:09,508 | INFO     |   → 191/1203: ✅ 3 взято | 🗑️ 268 мусор
2026-06-15 17:16:09,509 | INFO     |   → 192/1203: ✅ 0 взято | 🗑️ 248 мусор
2026-06-15 17:16:09,509 | INFO     |   → 193/1203: ✅ 0 взято | 🗑️ 0 мусор
2026-06-15 17:16:09,509 | INFO     |   → 194/1203: ✅ 1 взято | 🗑️ 139 мусор
2026-06-15 17:16:09,509 | INFO     |   → 195/1203: ✅ 1 взято | 🗑️ 109 мусор
2026-06-15 17:16:09,509 | INFO     |   → 196/1203: ✅ 0 взято | 🗑️ 0 мусор
2026-06-15 17:16:09,509 | INFO     |   → 197/1203: ✅ 0 взято | 🗑️ 0 мусор
2026-06-15 17:16:09,509 | INFO     |   → 198/1203: ✅ 0 взято | 🗑️ 0 мусор
2026-06-15 17:16:09,509 | INFO     |   → 199/1203: ✅ 0 взято | 🗑️ 0 мусор
2026-06-15 17:16:09,509 | INFO     |   → 200/1203: ✅ 0 взято | 🗑️ 198 мусор
2026-06-15 17:16:09,509 | INFO     |   → 201/1203: ✅ 0 взято | 🗑️ 0 мусор
2026-06-15 17:16:09,509 | INFO     |   → 202/1203: ✅ 0 взято | 🗑️ 0 мусор
2026-06-15 17:16:09,509 | INFO     |   → 203/1203: ✅ 0 взято | 🗑️ 0 мусор
2026-06-15 17:16:09,509 | INFO     |   → 204/1203: ✅ 0 взято | 🗑️ 0 мусор
2026-06-15 17:16:09,509 | INFO     |   → 205/1203 ❌ HTTP 404 — https://github.com/Epodonios/bulk-xray-v2ray-vless-vmess-...-configs/raw/main/sub/Albania/config.txt
2026-06-15 17:16:09,509 | INFO     |   → 206/1203 ❌ HTTP 404 — https://github.com/Epodonios/bulk-xray-v2ray-vless-vmess-...-configs/raw/main/sub/Cura%C3%A7ao/config.txt
2026-06-15 17:16:09,509 | INFO     |   → 207/1203 ❌ HTTP 404 — https://github.com/Epodonios/bulk-xray-v2ray-vless-vmess-...-configs/raw/main/sub/Finland/config.txt
2026-06-15 17:16:09,509 | INFO     |   → 208/1203 ❌ HTTP 404 — https://github.com/Epodonios/bulk-xray-v2ray-vless-vmess-...-configs/raw/main/sub/Iran/config.txt
2026-06-15 17:16:09,509 | INFO     |   → 209/1203 ❌ HTTP 404 — https://github.com/Epodonios/bulk-xray-v2ray-vless-vmess-...-configs/raw/main/sub/Netherlands/config.txt
2026-06-15 17:16:09,509 | INFO     |   → 210/1203 ❌ HTTP 404 — https://github.com/Epodonios/bulk-xray-v2ray-vless-vmess-...-configs/raw/main/sub/Norway/config.txt
2026-06-15 17:16:09,509 | INFO     |   → 211/1203 ❌ HTTP 404 — https://github.com/Epodonios/bulk-xray-v2ray-vless-vmess-...-configs/raw/main/sub/Russia/config.txt
2026-06-15 17:16:09,510 | INFO     |   → 212/1203: ✅ 13 взято | 🗑️ 70 мусор
2026-06-15 17:16:09,510 | INFO     |   → 213/1203: ✅ 0 взято | 🗑️ 4 мусор
2026-06-15 17:16:09,510 | INFO     |   → 214/1203: ✅ 0 взято | 🗑️ 7 мусор
2026-06-15 17:16:09,510 | INFO     |   → 215/1203: ✅ 0 взято | 🗑️ 51 мусор
2026-06-15 17:16:09,510 | INFO     |   → 216/1203: ✅ 0 взято | 🗑️ 8 мусор
2026-06-15 17:16:09,510 | INFO     |   → 217/1203: ✅ 0 взято | 🗑️ 0 мусор
2026-06-15 17:16:09,510 | INFO     |   → 218/1203: ✅ 17 взято | 🗑️ 119 мусор
2026-06-15 17:16:09,510 | INFO     |   → 219/1203 ❌ HTTP 404 — https://github.com/MrMohebi/xray-proxy-grabber-telegram/raw/master/collected-proxies/clash-meta/all.yaml
2026-06-15 17:16:09,510 | INFO     |   → 220/1203 ❌ HTTP 404 — https://github.com/MrMohebi/xray-proxy-grabber-telegram/raw/master/collected-proxies/row-url/all.txt
2026-06-15 17:16:09,510 | INFO     |   → 221/1203: ✅ 0 взято | 🗑️ 0 мусор
2026-06-15 17:16:09,510 | INFO     |   → 222/1203: ✅ 0 взято | 🗑️ 113 мусор
2026-06-15 17:16:09,510 | INFO     |   → 223/1203: ✅ 0 взято | 🗑️ 119 мусор
2026-06-15 17:16:09,510 | INFO     |   → 224/1203 ❌ HTTP 404 — https://github.com/abbasdvd3/abbasdvd10/73ec60de7a6c6aa6df4c14b511c1da60686891ca/ppo.txt
2026-06-15 17:16:09,510 | INFO     |   → 225/1203 ❌ HTTP 404 — https://github.com/acymz/AutoVPN/refs/heads/main/data/V2.txt
2026-06-15 17:16:09,510 | INFO     |   → 226/1203: ✅ 0 взято | 🗑️ 0 мусор
2026-06-15 17:16:09,510 | INFO     |   → 227/1203: ✅ 0 взято | 🗑️ 0 мусор
2026-06-15 17:16:09,510 | INFO     |   → 228/1203: ✅ 0 взято | 🗑️ 0 мусор
2026-06-15 17:16:09,510 | INFO     |   → 229/1203: ✅ 0 взято | 🗑️ 0 мусор
2026-06-15 17:16:09,510 | INFO     |   → 230/1203: ✅ 0 взято | 🗑️ 0 мусор
2026-06-15 17:16:09,510 | INFO     |   → 231/1203: ✅ 0 взято | 🗑️ 0 мусор
2026-06-15 17:16:09,511 | INFO     |   → 232/1203: ✅ 0 взято | 🗑️ 0 мусор
2026-06-15 17:16:09,511 | INFO     |   → 233/1203 ❌ HTTP 404 — https://github.com/mermeroo/V2RAY-FREE/raw/main/All_Configs_base64_Sub.txt
2026-06-15 17:16:09,511 | INFO     |   → 234/1203 ❌ HTTP 404 — https://github.com/mermeroo/V2RAY-FREE/raw/main/Base64/Sub1_base64.txt
2026-06-15 17:16:09,511 | INFO     |   → 235/1203 ❌ HTTP 404 — https://github.com/mermeroo/V2RAY-FREE/raw/main/Base64/Sub2_base64.txt
2026-06-15 17:16:09,511 | INFO     |   → 236/1203 ❌ HTTP 404 — https://github.com/mermeroo/V2RAY-FREE/raw/main/Base64/Sub3_base64.txt
2026-06-15 17:16:09,511 | INFO     |   → 237/1203 ❌ HTTP 404 — https://github.com/mermeroo/V2RAY-FREE/raw/main/Base64/Sub4_base64.txt
2026-06-15 17:16:09,511 | INFO     |   → 238/1203 ❌ HTTP 404 — https://github.com/mermeroo/V2RAY-FREE/raw/main/Base64/Sub5_base64.txt
2026-06-15 17:16:09,511 | INFO     |   → 239/1203 ❌ HTTP 404 — https://github.com/mermeroo/telegram-configs-collector/raw/main/protocols/hysteria
2026-06-15 17:16:09,511 | INFO     |   → 240/1203 ❌ HTTP 404 — https://github.com/mermeroo/telegram-configs-collector/raw/main/protocols/juicity
2026-06-15 17:16:09,511 | INFO     |   → 241/1203 ❌ HTTP 404 — https://github.com/mermeroo/telegram-configs-collector/raw/main/protocols/tuic
2026-06-15 17:16:09,511 | INFO     |   → 242/1203: ✅ 5 взято | 🗑️ 16 мусор
2026-06-15 17:16:09,511 | INFO     |   → 243/1203: ✅ 0 взято | 🗑️ 0 мусор
2026-06-15 17:16:09,511 | INFO     |   → 244/1203: ✅ 0 взято | 🗑️ 0 мусор
2026-06-15 17:16:09,511 | INFO     |   → 245/1203: ✅ 0 взято | 🗑️ 0 мусор
2026-06-15 17:16:09,511 | INFO     |   → 246/1203: ✅ 3 взято | 🗑️ 238 мусор
2026-06-15 17:16:09,511 | INFO     |   → 247/1203: ✅ 0 взято | 🗑️ 0 мусор
2026-06-15 17:16:09,511 | INFO     |   → 248/1203: ✅ 3 взято | 🗑️ 239 мусор
2026-06-15 17:16:09,511 | INFO     |   → 249/1203: ✅ 0 взято | 🗑️ 0 мусор
2026-06-15 17:16:09,511 | INFO     |   → 250/1203: ✅ 0 взято | 🗑️ 255 мусор
2026-06-15 17:16:09,511 | INFO     |   → 251/1203: ✅ 0 взято | 🗑️ 0 мусор
2026-06-15 17:16:09,511 | INFO     |   → 252/1203: ✅ 1 взято | 🗑️ 249 мусор
2026-06-15 17:16:09,512 | INFO     |   → 253/1203: ✅ 0 взято | 🗑️ 0 мусор
2026-06-15 17:16:09,512 | INFO     |   → 254/1203: ✅ 0 взято | 🗑️ 207 мусор
2026-06-15 17:16:09,512 | INFO     |   → 255/1203: ✅ 0 взято | 🗑️ 0 мусор
2026-06-15 17:16:09,512 | INFO     |   → 256/1203: ✅ 0 взято | 🗑️ 228 мусор
2026-06-15 17:16:09,512 | INFO     |   → 257/1203: ✅ 0 взято | 🗑️ 0 мусор
2026-06-15 17:16:09,512 | INFO     |   → 258/1203: ✅ 1 взято | 🗑️ 291 мусор
2026-06-15 17:16:09,512 | INFO     |   → 259/1203: ✅ 0 взято | 🗑️ 0 мусор
2026-06-15 17:16:09,512 | INFO     |   → 260/1203: ✅ 3 взято | 🗑️ 221 мусор
2026-06-15 17:16:09,512 | INFO     |   → 261/1203: ✅ 0 взято | 🗑️ 0 мусор
2026-06-15 17:16:09,512 | INFO     |   → 262/1203: ✅ 1 взято | 🗑️ 222 мусор
2026-06-15 17:16:09,512 | INFO     |   → 263/1203: ✅ 0 взято | 🗑️ 0 мусор
2026-06-15 17:16:09,512 | INFO     |   → 264/1203: ✅ 1 взято | 🗑️ 218 мусор
2026-06-15 17:16:09,512 | INFO     |   → 265/1203: ✅ 0 взято | 🗑️ 0 мусор
2026-06-15 17:16:09,512 | INFO     |   → 266/1203: ✅ 0 взято | 🗑️ 193 мусор
2026-06-15 17:16:09,512 | INFO     |   → 267/1203: ✅ 0 взято | 🗑️ 0 мусор
2026-06-15 17:16:09,512 | INFO     |   → 268/1203: ✅ 0 взято | 🗑️ 290 мусор
2026-06-15 17:16:09,512 | INFO     |   → 269/1203: ✅ 0 взято | 🗑️ 0 мусор
2026-06-15 17:16:09,512 | INFO     |   → 270/1203: ✅ 0 взято | 🗑️ 238 мусор
2026-06-15 17:16:09,512 | INFO     |   → 271/1203: ✅ 0 взято | 🗑️ 0 мусор
2026-06-15 17:16:09,513 | INFO     |   → 272/1203: ✅ 0 взято | 🗑️ 221 мусор
2026-06-15 17:16:09,513 | INFO     |   → 273/1203: ✅ 0 взято | 🗑️ 0 мусор
2026-06-15 17:16:09,513 | INFO     |   → 274/1203: ✅ 0 взято | 🗑️ 248 мусор
2026-06-15 17:16:09,513 | INFO     |   → 275/1203: ✅ 0 взято | 🗑️ 0 мусор
2026-06-15 17:16:09,513 | INFO     |   → 276/1203: ✅ 0 взято | 🗑️ 203 мусор
2026-06-15 17:16:09,513 | INFO     |   → 277/1203: ✅ 0 взято | 🗑️ 0 мусор
2026-06-15 17:16:09,513 | INFO     |   → 278/1203: ✅ 0 взято | 🗑️ 208 мусор
2026-06-15 17:16:09,513 | INFO     |   → 279/1203: ✅ 0 взято | 🗑️ 0 мусор
2026-06-15 17:16:09,513 | INFO     |   → 280/1203: ✅ 2 взято | 🗑️ 209 мусор
2026-06-15 17:16:09,513 | INFO     |   → 281/1203: ✅ 0 взято | 🗑️ 0 мусор
2026-06-15 17:16:09,513 | INFO     |   → 282/1203: ✅ 0 взято | 🗑️ 258 мусор
2026-06-15 17:16:09,513 | INFO     |   → 283/1203: ✅ 0 взято | 🗑️ 0 мусор
2026-06-15 17:16:09,513 | INFO     |   → 284/1203: ✅ 0 взято | 🗑️ 296 мусор
2026-06-15 17:16:09,513 | INFO     |   → 285/1203: ✅ 0 взято | 🗑️ 0 мусор
2026-06-15 17:16:09,513 | INFO     |   → 286/1203: ✅ 1 взято | 🗑️ 286 мусор
2026-06-15 17:16:09,513 | INFO     |   → 287/1203: ✅ 0 взято | 🗑️ 0 мусор
2026-06-15 17:16:09,513 | INFO     |   → 288/1203: ✅ 0 взято | 🗑️ 195 мусор
2026-06-15 17:16:09,513 | INFO     |   → 289/1203: ✅ 0 взято | 🗑️ 0 мусор
2026-06-15 17:16:09,513 | INFO     |   → 290/1203: ✅ 0 взято | 🗑️ 170 мусор
2026-06-15 17:16:09,514 | INFO     |   → 291/1203: ✅ 0 взято | 🗑️ 0 мусор
2026-06-15 17:16:09,514 | INFO     |   → 292/1203: ✅ 0 взято | 🗑️ 160 мусор
2026-06-15 17:16:09,514 | INFO     |   → 293/1203: ✅ 0 взято | 🗑️ 0 мусор
2026-06-15 17:16:09,514 | INFO     |   → 294/1203: ✅ 0 взято | 🗑️ 121 мусор
2026-06-15 17:16:09,514 | INFO     |   → 295/1203: ✅ 0 взято | 🗑️ 0 мусор
2026-06-15 17:16:09,514 | INFO     |   → 296/1203: ✅ 0 взято | 🗑️ 135 мусор
2026-06-15 17:16:09,514 | INFO     |   → 297/1203: ✅ 0 взято | 🗑️ 0 мусор
2026-06-15 17:16:09,514 | INFO     |   → 298/1203: ✅ 1 взято | 🗑️ 129 мусор
2026-06-15 17:16:09,514 | INFO     |   → 299/1203: ✅ 0 взято | 🗑️ 0 мусор
2026-06-15 17:16:09,514 | INFO     |   → 300/1203: ✅ 0 взято | 🗑️ 189 мусор
2026-06-15 17:16:09,514 | INFO     |   → 301/1203: ✅ 0 взято | 🗑️ 0 мусор
2026-06-15 17:16:09,514 | INFO     |   → 302/1203: ✅ 3 взято | 🗑️ 147 мусор
2026-06-15 17:16:09,514 | INFO     |   → 303/1203: ✅ 0 взято | 🗑️ 0 мусор
2026-06-15 17:16:09,514 | INFO     |   → 304/1203: ✅ 1 взято | 🗑️ 183 мусор
2026-06-15 17:16:09,514 | INFO     |   → 305/1203: ✅ 0 взято | 🗑️ 0 мусор
2026-06-15 17:16:09,514 | INFO     |   → 306/1203: ✅ 0 взято | 🗑️ 155 мусор
2026-06-15 17:16:09,514 | INFO     |   → 307/1203: ✅ 0 взято | 🗑️ 0 мусор
2026-06-15 17:16:09,514 | INFO     |   → 308/1203: ✅ 0 взято | 🗑️ 114 мусор
2026-06-15 17:16:09,515 | INFO     |   → 309/1203: ✅ 0 взято | 🗑️ 0 мусор
2026-06-15 17:16:09,515 | INFO     |   → 310/1203: ✅ 0 взято | 🗑️ 239 мусор
2026-06-15 17:16:09,515 | INFO     |   → 311/1203: ✅ 0 взято | 🗑️ 0 мусор
2026-06-15 17:16:09,515 | INFO     |   → 312/1203: ✅ 0 взято | 🗑️ 204 мусор
2026-06-15 17:16:09,515 | INFO     |   → 313/1203: ✅ 0 взято | 🗑️ 0 мусор
2026-06-15 17:16:09,515 | INFO     |   → 314/1203: ✅ 0 взято | 🗑️ 232 мусор
2026-06-15 17:16:09,515 | INFO     |   → 315/1203: ✅ 0 взято | 🗑️ 0 мусор
2026-06-15 17:16:09,515 | INFO     |   → 316/1203: ✅ 0 взято | 🗑️ 192 мусор
2026-06-15 17:16:09,515 | INFO     |   → 317/1203: ✅ 0 взято | 🗑️ 0 мусор
2026-06-15 17:16:09,515 | INFO     |   → 318/1203: ✅ 0 взято | 🗑️ 183 мусор
2026-06-15 17:16:09,515 | INFO     |   → 319/1203: ✅ 0 взято | 🗑️ 0 мусор
2026-06-15 17:16:09,515 | INFO     |   → 320/1203: ✅ 0 взято | 🗑️ 169 мусор
2026-06-15 17:16:09,515 | INFO     |   → 321/1203: ✅ 0 взято | 🗑️ 0 мусор
2026-06-15 17:16:09,515 | INFO     |   → 322/1203: ✅ 0 взято | 🗑️ 167 мусор
2026-06-15 17:16:09,515 | INFO     |   → 323/1203: ✅ 0 взято | 🗑️ 0 мусор
2026-06-15 17:16:09,515 | INFO     |   → 324/1203: ✅ 0 взято | 🗑️ 193 мусор
2026-06-15 17:16:09,515 | INFO     |   → 325/1203: ✅ 0 взято | 🗑️ 0 мусор
2026-06-15 17:16:09,515 | INFO     |   → 326/1203: ✅ 1 взято | 🗑️ 161 мусор
2026-06-15 17:16:09,515 | INFO     |   → 327/1203: ✅ 0 взято | 🗑️ 0 мусор
2026-06-15 17:16:09,516 | INFO     |   → 328/1203: ✅ 0 взято | 🗑️ 171 мусор
2026-06-15 17:16:09,516 | INFO     |   → 329/1203: ✅ 0 взято | 🗑️ 0 мусор
2026-06-15 17:16:09,516 | INFO     |   → 330/1203: ✅ 0 взято | 🗑️ 174 мусор
2026-06-15 17:16:09,516 | INFO     |   → 331/1203: ✅ 0 взято | 🗑️ 0 мусор
2026-06-15 17:16:09,516 | INFO     |   → 332/1203: ✅ 0 взято | 🗑️ 206 мусор
2026-06-15 17:16:09,516 | INFO     |   → 333/1203: ✅ 0 взято | 🗑️ 0 мусор
2026-06-15 17:16:09,516 | INFO     |   → 334/1203: ✅ 0 взято | 🗑️ 170 мусор
2026-06-15 17:16:09,516 | INFO     |   → 335/1203: ✅ 0 взято | 🗑️ 0 мусор
2026-06-15 17:16:09,516 | INFO     |   → 336/1203: ✅ 1 взято | 🗑️ 196 мусор
2026-06-15 17:16:09,516 | INFO     |   → 337/1203: ✅ 0 взято | 🗑️ 0 мусор
2026-06-15 17:16:09,516 | INFO     |   → 338/1203: ✅ 0 взято | 🗑️ 208 мусор
2026-06-15 17:16:09,516 | INFO     |   → 339/1203: ✅ 0 взято | 🗑️ 0 мусор
2026-06-15 17:16:09,516 | INFO     |   → 340/1203: ✅ 0 взято | 🗑️ 162 мусор
2026-06-15 17:16:09,516 | INFO     |   → 341/1203: ✅ 0 взято | 🗑️ 0 мусор
2026-06-15 17:16:09,516 | INFO     |   → 342/1203: ✅ 0 взято | 🗑️ 116 мусор
2026-06-15 17:16:09,516 | INFO     |   → 343/1203: ✅ 0 взято | 🗑️ 0 мусор
2026-06-15 17:16:09,516 | INFO     |   → 344/1203: ✅ 0 взято | 🗑️ 132 мусор
2026-06-15 17:16:09,516 | INFO     |   → 345/1203: ✅ 0 взято | 🗑️ 0 мусор
2026-06-15 17:16:09,516 | INFO     |   → 346/1203: ✅ 0 взято | 🗑️ 132 мусор
2026-06-15 17:16:09,516 | INFO     |   → 347/1203: ✅ 0 взято | 🗑️ 0 мусор
2026-06-15 17:16:09,517 | INFO     |   → 348/1203: ✅ 1 взято | 🗑️ 113 мусор
2026-06-15 17:16:09,517 | INFO     |   → 349/1203: ✅ 0 взято | 🗑️ 0 мусор
2026-06-15 17:16:09,517 | INFO     |   → 350/1203: ✅ 0 взято | 🗑️ 103 мусор
2026-06-15 17:16:09,517 | INFO     |   → 351/1203: ✅ 0 взято | 🗑️ 0 мусор
2026-06-15 17:16:09,517 | INFO     |   → 352/1203: ✅ 3 взято | 🗑️ 213 мусор
2026-06-15 17:16:09,517 | INFO     |   → 353/1203: ✅ 0 взято | 🗑️ 0 мусор
2026-06-15 17:16:09,517 | INFO     |   → 354/1203: ✅ 1 взято | 🗑️ 130 мусор
2026-06-15 17:16:09,517 | INFO     |   → 355/1203: ✅ 0 взято | 🗑️ 0 мусор
2026-06-15 17:16:09,517 | INFO     |   → 356/1203: ✅ 0 взято | 🗑️ 135 мусор
2026-06-15 17:16:09,517 | INFO     |   → 357/1203: ✅ 0 взято | 🗑️ 0 мусор
2026-06-15 17:16:09,517 | INFO     |   → 358/1203: ✅ 0 взято | 🗑️ 145 мусор
2026-06-15 17:16:09,517 | INFO     |   → 359/1203: ✅ 0 взято | 🗑️ 0 мусор
2026-06-15 17:16:09,517 | INFO     |   → 360/1203: ✅ 0 взято | 🗑️ 157 мусор
2026-06-15 17:16:09,517 | INFO     |   → 361/1203: ✅ 0 взято | 🗑️ 0 мусор
2026-06-15 17:16:09,517 | INFO     |   → 362/1203: ✅ 0 взято | 🗑️ 131 мусор
2026-06-15 17:16:09,517 | INFO     |   → 363/1203: ✅ 0 взято | 🗑️ 0 мусор
2026-06-15 17:16:09,517 | INFO     |   → 364/1203: ✅ 1 взято | 🗑️ 124 мусор
2026-06-15 17:16:09,517 | INFO     |   → 365/1203: ✅ 0 взято | 🗑️ 0 мусор
2026-06-15 17:16:09,517 | INFO     |   → 366/1203: ✅ 2 взято | 🗑️ 189 мусор
2026-06-15 17:16:09,517 | INFO     |   → 367/1203: ✅ 0 взято | 🗑️ 0 мусор
2026-06-15 17:16:09,517 | INFO     |   → 368/1203: ✅ 1 взято | 🗑️ 279 мусор
2026-06-15 17:16:09,517 | INFO     |   → 369/1203: ✅ 0 взято | 🗑️ 0 мусор
2026-06-15 17:16:09,517 | INFO     |   → 370/1203: ✅ 0 взято | 🗑️ 270 мусор
2026-06-15 17:16:09,517 | INFO     |   → 371/1203: ✅ 0 взято | 🗑️ 0 мусор
2026-06-15 17:16:09,517 | INFO     |   → 372/1203: ✅ 0 взято | 🗑️ 161 мусор
2026-06-15 17:16:09,517 | INFO     |   → 373/1203: ✅ 0 взято | 🗑️ 0 мусор
2026-06-15 17:16:09,517 | INFO     |   → 374/1203: ✅ 3 взято | 🗑️ 117 мусор
2026-06-15 17:16:09,517 | INFO     |   → 375/1203: ✅ 0 взято | 🗑️ 0 мусор
2026-06-15 17:16:09,517 | INFO     |   → 376/1203: ✅ 0 взято | 🗑️ 100 мусор
2026-06-15 17:16:09,517 | INFO     |   → 377/1203: ✅ 0 взято | 🗑️ 0 мусор
2026-06-15 17:16:09,517 | INFO     |   → 378/1203: ✅ 1 взято | 🗑️ 171 мусор
2026-06-15 17:16:09,517 | INFO     |   → 379/1203: ✅ 0 взято | 🗑️ 0 мусор
2026-06-15 17:16:09,517 | INFO     |   → 380/1203: ✅ 0 взято | 🗑️ 202 мусор
2026-06-15 17:16:09,517 | INFO     |   → 381/1203: ✅ 0 взято | 🗑️ 0 мусор
2026-06-15 17:16:09,517 | INFO     |   → 382/1203 ⚠️ Ошибка: HTTPSConnectionPool(host='ivuxy.tech', port=443): Max retries exceeded with url: /v.txt (Caused by NameResolutionError("HTTPSConnection(host='ivuxy.tech', port=443): Failed to resolve 'ivuxy.tech' ([Errno -2] Name or service not known)")) — https://ivuxy.tech/v.txt
2026-06-15 17:16:09,518 | INFO     |   → 383/1203 ⚠️ Ошибка: HTTPSConnectionPool(host='mirror.ghproxy.com', port=443): Max retries exceeded with url: /https://raw.githubusercontent.com/Barabama/FreeNodes/master/nodes/blues.txt (Caused by NameResolutionError("HTTPSConnection(host='mirror.ghproxy.com', port=443): Failed to resolve 'mirror.ghproxy.com' ([Errno -2] Name or service not known)")) — https://mirror.ghproxy.com/https://raw.githubusercontent.com/Barabama/FreeNodes/master/nodes/blues.txt
2026-06-15 17:16:09,518 | INFO     |   → 384/1203 ⚠️ Ошибка: HTTPSConnectionPool(host='mirror.ghproxy.com', port=443): Max retries exceeded with url: /https://raw.githubusercontent.com/Barabama/FreeNodes/master/nodes/halekj.txt (Caused by NameResolutionError("HTTPSConnection(host='mirror.ghproxy.com', port=443): Failed to resolve 'mirror.ghproxy.com' ([Errno -2] Name or service not known)")) — https://mirror.ghproxy.com/https://raw.githubusercontent.com/Barabama/FreeNodes/master/nodes/halekj.txt
2026-06-15 17:16:09,518 | INFO     |   → 385/1203 ⚠️ Ошибка: HTTPSConnectionPool(host='mirror.ghproxy.com', port=443): Max retries exceeded with url: /https://raw.githubusercontent.com/Barabama/FreeNodes/master/nodes/kkzui.txt (Caused by NameResolutionError("HTTPSConnection(host='mirror.ghproxy.com', port=443): Failed to resolve 'mirror.ghproxy.com' ([Errno -2] Name or service not known)")) — https://mirror.ghproxy.com/https://raw.githubusercontent.com/Barabama/FreeNodes/master/nodes/kkzui.txt
2026-06-15 17:16:09,518 | INFO     |   → 386/1203 ⚠️ Ошибка: HTTPSConnectionPool(host='mirror.ghproxy.com', port=443): Max retries exceeded with url: /https://raw.githubusercontent.com/Barabama/FreeNodes/master/nodes/merged.txt (Caused by NameResolutionError("HTTPSConnection(host='mirror.ghproxy.com', port=443): Failed to resolve 'mirror.ghproxy.com' ([Errno -2] Name or service not known)")) — https://mirror.ghproxy.com/https://raw.githubusercontent.com/Barabama/FreeNodes/master/nodes/merged.txt
2026-06-15 17:16:09,518 | INFO     |   → 387/1203 ⚠️ Ошибка: HTTPSConnectionPool(host='mirror.ghproxy.com', port=443): Max retries exceeded with url: /https://raw.githubusercontent.com/Barabama/FreeNodes/master/nodes/nodefree.txt (Caused by NameResolutionError("HTTPSConnection(host='mirror.ghproxy.com', port=443): Failed to resolve 'mirror.ghproxy.com' ([Errno -2] Name or service not known)")) — https://mirror.ghproxy.com/https://raw.githubusercontent.com/Barabama/FreeNodes/master/nodes/nodefree.txt
2026-06-15 17:16:09,518 | INFO     |   → 388/1203 ⚠️ Ошибка: HTTPSConnectionPool(host='mirror.ghproxy.com', port=443): Max retries exceeded with url: /https://raw.githubusercontent.com/Barabama/FreeNodes/master/nodes/openrunner.txt (Caused by NameResolutionError("HTTPSConnection(host='mirror.ghproxy.com', port=443): Failed to resolve 'mirror.ghproxy.com' ([Errno -2] Name or service not known)")) — https://mirror.ghproxy.com/https://raw.githubusercontent.com/Barabama/FreeNodes/master/nodes/openrunner.txt
2026-06-15 17:16:09,518 | INFO     |   → 389/1203 ⚠️ Ошибка: HTTPSConnectionPool(host='mirror.ghproxy.com', port=443): Max retries exceeded with url: /https://raw.githubusercontent.com/Barabama/FreeNodes/master/nodes/v2rayshare.txt (Caused by NameResolutionError("HTTPSConnection(host='mirror.ghproxy.com', port=443): Failed to resolve 'mirror.ghproxy.com' ([Errno -2] Name or service not known)")) — https://mirror.ghproxy.com/https://raw.githubusercontent.com/Barabama/FreeNodes/master/nodes/v2rayshare.txt
2026-06-15 17:16:09,518 | INFO     |   → 390/1203 ⚠️ Ошибка: HTTPSConnectionPool(host='mirror.ghproxy.com', port=443): Max retries exceeded with url: /https://raw.githubusercontent.com/Barabama/FreeNodes/master/nodes/wenode.txt (Caused by NameResolutionError("HTTPSConnection(host='mirror.ghproxy.com', port=443): Failed to resolve 'mirror.ghproxy.com' ([Errno -2] Name or service not known)")) — https://mirror.ghproxy.com/https://raw.githubusercontent.com/Barabama/FreeNodes/master/nodes/wenode.txt
2026-06-15 17:16:09,518 | INFO     |   → 391/1203 ⚠️ Ошибка: HTTPSConnectionPool(host='mirror.ghproxy.com', port=443): Max retries exceeded with url: /https://raw.githubusercontent.com/Barabama/FreeNodes/master/nodes/yudou66.txt (Caused by NameResolutionError("HTTPSConnection(host='mirror.ghproxy.com', port=443): Failed to resolve 'mirror.ghproxy.com' ([Errno -2] Name or service not known)")) — https://mirror.ghproxy.com/https://raw.githubusercontent.com/Barabama/FreeNodes/master/nodes/yudou66.txt
2026-06-15 17:16:09,518 | INFO     |   → 392/1203: ✅ 7 взято | 🗑️ 17 мусор
2026-06-15 17:16:09,518 | INFO     |   → 393/1203: ✅ 0 взято | 🗑️ 17 мусор
2026-06-15 17:16:09,518 | INFO     |   → 394/1203: ✅ 14 взято | 🗑️ 14 мусор
2026-06-15 17:16:09,518 | INFO     |   → 395/1203: ✅ 0 взято | 🗑️ 14 мусор
2026-06-15 17:16:09,518 | INFO     |   → 396/1203: ✅ 0 взято | 🗑️ 14 мусор
2026-06-15 17:16:09,518 | INFO     |   → 397/1203: ✅ 0 взято | 🗑️ 14 мусор
2026-06-15 17:16:09,518 | INFO     |   → 398/1203: ✅ 0 взято | 🗑️ 14 мусор
2026-06-15 17:16:09,518 | INFO     |   → 399/1203: ✅ 0 взято | 🗑️ 14 мусор
2026-06-15 17:16:09,518 | INFO     |   → 400/1203: ✅ 0 взято | 🗑️ 14 мусор
2026-06-15 17:16:09,518 | INFO     |   → 401/1203: ✅ 0 взято | 🗑️ 14 мусор
2026-06-15 17:16:09,518 | INFO     |   → 402/1203: ✅ 0 взято | 🗑️ 14 мусор
2026-06-15 17:16:09,518 | INFO     |   → 403/1203: ✅ 7 взято | 🗑️ 21 мусор
2026-06-15 17:16:09,518 | INFO     |   → 404/1203: ✅ 0 взято | 🗑️ 21 мусор
2026-06-15 17:16:09,518 | INFO     |   → 405/1203: ✅ 0 взято | 🗑️ 21 мусор
2026-06-15 17:16:09,518 | INFO     |   → 406/1203: ✅ 0 взято | 🗑️ 21 мусор
2026-06-15 17:16:09,518 | INFO     |   → 407/1203: ✅ 0 взято | 🗑️ 21 мусор
2026-06-15 17:16:09,518 | INFO     |   → 408/1203: ✅ 0 взято | 🗑️ 21 мусор
2026-06-15 17:16:09,518 | INFO     |   → 409/1203: ✅ 0 взято | 🗑️ 21 мусор
2026-06-15 17:16:09,518 | INFO     |   → 410/1203: ✅ 0 взято | 🗑️ 21 мусор
2026-06-15 17:16:09,518 | INFO     |   → 411/1203: ✅ 0 взято | 🗑️ 21 мусор
2026-06-15 17:16:09,518 | INFO     |   → 412/1203: ✅ 0 взято | 🗑️ 21 мусор
2026-06-15 17:16:09,519 | INFO     |   → 413/1203: ✅ 0 взято | 🗑️ 21 мусор
2026-06-15 17:16:09,519 | INFO     |   → 414/1203: ✅ 5 взято | 🗑️ 15 мусор
2026-06-15 17:16:09,519 | INFO     |   → 415/1203: ✅ 0 взято | 🗑️ 15 мусор
2026-06-15 17:16:09,519 | INFO     |   → 416/1203: ✅ 0 взято | 🗑️ 15 мусор
2026-06-15 17:16:09,519 | INFO     |   → 417/1203: ✅ 0 взято | 🗑️ 15 мусор
2026-06-15 17:16:09,519 | INFO     |   → 418/1203: ✅ 0 взято | 🗑️ 15 мусор
2026-06-15 17:16:09,519 | INFO     |   → 419/1203: ✅ 0 взято | 🗑️ 15 мусор
2026-06-15 17:16:09,519 | INFO     |   → 420/1203: ✅ 0 взято | 🗑️ 15 мусор
2026-06-15 17:16:09,519 | INFO     |   → 421/1203: ✅ 0 взято | 🗑️ 15 мусор
2026-06-15 17:16:09,519 | INFO     |   → 422/1203: ✅ 0 взято | 🗑️ 15 мусор
2026-06-15 17:16:09,519 | INFO     |   → 423/1203: ✅ 0 взято | 🗑️ 14 мусор
2026-06-15 17:16:09,519 | INFO     |   → 424/1203: ✅ 0 взято | 🗑️ 14 мусор
2026-06-15 17:16:09,519 | INFO     |   → 425/1203: ✅ 0 взято | 🗑️ 14 мусор
2026-06-15 17:16:09,519 | INFO     |   → 426/1203: ✅ 0 взято | 🗑️ 14 мусор
2026-06-15 17:16:09,519 | INFO     |   → 427/1203: ✅ 6 взято | 🗑️ 17 мусор
2026-06-15 17:16:09,519 | INFO     |   → 428/1203: ✅ 0 взято | 🗑️ 17 мусор
2026-06-15 17:16:09,519 | INFO     |   → 429/1203: ✅ 0 взято | 🗑️ 17 мусор
2026-06-15 17:16:09,519 | INFO     |   → 430/1203: ✅ 0 взято | 🗑️ 17 мусор
2026-06-15 17:16:09,519 | INFO     |   → 431/1203: ✅ 0 взято | 🗑️ 17 мусор
2026-06-15 17:16:09,519 | INFO     |   → 432/1203: ✅ 0 взято | 🗑️ 17 мусор
2026-06-15 17:16:09,519 | INFO     |   → 433/1203: ✅ 6 взято | 🗑️ 24 мусор
2026-06-15 17:16:09,519 | INFO     |   → 434/1203: ✅ 0 взято | 🗑️ 24 мусор
2026-06-15 17:16:09,519 | INFO     |   → 435/1203: ✅ 0 взято | 🗑️ 24 мусор
2026-06-15 17:16:09,519 | INFO     |   → 436/1203: ✅ 0 взято | 🗑️ 24 мусор
2026-06-15 17:16:09,520 | INFO     |   → 437/1203: ✅ 0 взято | 🗑️ 24 мусор
2026-06-15 17:16:09,520 | INFO     |   → 438/1203: ✅ 0 взято | 🗑️ 24 мусор
2026-06-15 17:16:09,520 | INFO     |   → 439/1203: ✅ 0 взято | 🗑️ 24 мусор
2026-06-15 17:16:09,520 | INFO     |   → 440/1203: ✅ 0 взято | 🗑️ 24 мусор
2026-06-15 17:16:09,520 | INFO     |   → 441/1203: ✅ 0 взято | 🗑️ 24 мусор
2026-06-15 17:16:09,520 | INFO     |   → 442/1203: ✅ 0 взято | 🗑️ 24 мусор
2026-06-15 17:16:09,520 | INFO     |   → 443/1203: ✅ 0 взято | 🗑️ 24 мусор
2026-06-15 17:16:09,520 | INFO     |   → 444/1203: ✅ 13 взято | 🗑️ 7 мусор
2026-06-15 17:16:09,520 | INFO     |   → 445/1203: ✅ 0 взято | 🗑️ 7 мусор
2026-06-15 17:16:09,520 | INFO     |   → 446/1203: ✅ 0 взято | 🗑️ 7 мусор
2026-06-15 17:16:09,520 | INFO     |   → 447/1203: ✅ 0 взято | 🗑️ 7 мусор
2026-06-15 17:16:09,520 | INFO     |   → 448/1203: ✅ 0 взято | 🗑️ 7 мусор
2026-06-15 17:16:09,520 | INFO     |   → 449/1203: ✅ 0 взято | 🗑️ 7 мусор
2026-06-15 17:16:09,520 | INFO     |   → 450/1203: ✅ 0 взято | 🗑️ 7 мусор
2026-06-15 17:16:09,520 | INFO     |   → 451/1203: ✅ 0 взято | 🗑️ 7 мусор
2026-06-15 17:16:09,520 | INFO     |   → 452/1203: ✅ 0 взято | 🗑️ 7 мусор
2026-06-15 17:16:09,520 | INFO     |   → 453/1203: ✅ 0 взято | 🗑️ 7 мусор
2026-06-15 17:16:09,520 | INFO     |   → 454/1203: ✅ 5 взято | 🗑️ 9 мусор
2026-06-15 17:16:09,520 | INFO     |   → 455/1203: ✅ 0 взято | 🗑️ 9 мусор
2026-06-15 17:16:09,520 | INFO     |   → 456/1203: ✅ 0 взято | 🗑️ 9 мусор
2026-06-15 17:16:09,520 | INFO     |   → 457/1203: ✅ 0 взято | 🗑️ 9 мусор
2026-06-15 17:16:09,520 | INFO     |   → 458/1203: ✅ 0 взято | 🗑️ 9 мусор
2026-06-15 17:16:09,520 | INFO     |   → 459/1203 ❌ HTTP 403 — https://nodefree.org/dy/2023/08/20230806.yaml
2026-06-15 17:16:09,520 | INFO     |   → 460/1203 ❌ HTTP 403 — https://nodefree.org/dy/2023/12/20231221.txt
2026-06-15 17:16:09,520 | INFO     |   → 461/1203: ✅ 0 взято | 🗑️ 17 мусор
2026-06-15 17:16:09,521 | INFO     |   → 462/1203: ✅ 0 взято | 🗑️ 17 мусор
2026-06-15 17:16:09,521 | INFO     |   → 463/1203: ✅ 0 взято | 🗑️ 14 мусор
2026-06-15 17:16:09,521 | INFO     |   → 464/1203: ✅ 0 взято | 🗑️ 14 мусор
2026-06-15 17:16:09,521 | INFO     |   → 465/1203: ✅ 0 взято | 🗑️ 14 мусор
2026-06-15 17:16:09,521 | INFO     |   → 466/1203: ✅ 0 взято | 🗑️ 14 мусор
2026-06-15 17:16:09,521 | INFO     |   → 467/1203: ✅ 0 взято | 🗑️ 14 мусор
2026-06-15 17:16:09,521 | INFO     |   → 468/1203: ✅ 0 взято | 🗑️ 14 мусор
2026-06-15 17:16:09,521 | INFO     |   → 469/1203: ✅ 0 взято | 🗑️ 14 мусор
2026-06-15 17:16:09,521 | INFO     |   → 470/1203: ✅ 0 взято | 🗑️ 14 мусор
2026-06-15 17:16:09,521 | INFO     |   → 471/1203: ✅ 0 взято | 🗑️ 14 мусор
2026-06-15 17:16:09,521 | INFO     |   → 472/1203: ✅ 0 взято | 🗑️ 21 мусор
2026-06-15 17:16:09,521 | INFO     |   → 473/1203: ✅ 0 взято | 🗑️ 21 мусор
2026-06-15 17:16:09,521 | INFO     |   → 474/1203: ✅ 0 взято | 🗑️ 21 мусор
2026-06-15 17:16:09,521 | INFO     |   → 475/1203: ✅ 0 взято | 🗑️ 21 мусор
2026-06-15 17:16:09,521 | INFO     |   → 476/1203: ✅ 0 взято | 🗑️ 21 мусор
2026-06-15 17:16:09,521 | INFO     |   → 477/1203: ✅ 0 взято | 🗑️ 21 мусор
2026-06-15 17:16:09,521 | INFO     |   → 478/1203: ✅ 0 взято | 🗑️ 21 мусор
2026-06-15 17:16:09,521 | INFO     |   → 479/1203: ✅ 0 взято | 🗑️ 21 мусор
2026-06-15 17:16:09,521 | INFO     |   → 480/1203: ✅ 0 взято | 🗑️ 21 мусор
2026-06-15 17:16:09,521 | INFO     |   → 481/1203: ✅ 0 взято | 🗑️ 21 мусор
2026-06-15 17:16:09,521 | INFO     |   → 482/1203: ✅ 0 взято | 🗑️ 21 мусор
2026-06-15 17:16:09,521 | INFO     |   → 483/1203: ✅ 0 взято | 🗑️ 15 мусор
2026-06-15 17:16:09,521 | INFO     |   → 484/1203: ✅ 0 взято | 🗑️ 15 мусор
2026-06-15 17:16:09,521 | INFO     |   → 485/1203: ✅ 0 взято | 🗑️ 15 мусор
2026-06-15 17:16:09,521 | INFO     |   → 486/1203: ✅ 0 взято | 🗑️ 15 мусор
2026-06-15 17:16:09,521 | INFO     |   → 487/1203: ✅ 0 взято | 🗑️ 15 мусор
2026-06-15 17:16:09,522 | INFO     |   → 488/1203: ✅ 0 взято | 🗑️ 15 мусор
2026-06-15 17:16:09,522 | INFO     |   → 489/1203: ✅ 0 взято | 🗑️ 15 мусор
2026-06-15 17:16:09,522 | INFO     |   → 490/1203: ✅ 0 взято | 🗑️ 15 мусор
2026-06-15 17:16:09,522 | INFO     |   → 491/1203: ✅ 0 взято | 🗑️ 15 мусор
2026-06-15 17:16:09,522 | INFO     |   → 492/1203: ✅ 0 взято | 🗑️ 15 мусор
2026-06-15 17:16:09,522 | INFO     |   → 493/1203: ✅ 0 взято | 🗑️ 14 мусор
2026-06-15 17:16:09,522 | INFO     |   → 494/1203: ✅ 0 взято | 🗑️ 14 мусор
2026-06-15 17:16:09,522 | INFO     |   → 495/1203: ✅ 0 взято | 🗑️ 14 мусор
2026-06-15 17:16:09,522 | INFO     |   → 496/1203: ✅ 0 взято | 🗑️ 14 мусор
2026-06-15 17:16:09,522 | INFO     |   → 497/1203: ✅ 0 взято | 🗑️ 17 мусор
2026-06-15 17:16:09,522 | INFO     |   → 498/1203: ✅ 0 взято | 🗑️ 17 мусор
2026-06-15 17:16:09,522 | INFO     |   → 499/1203: ✅ 0 взято | 🗑️ 17 мусор
2026-06-15 17:16:09,522 | INFO     |   → 500/1203: ✅ 0 взято | 🗑️ 17 мусор
2026-06-15 17:16:09,522 | INFO     |   → 501/1203: ✅ 0 взято | 🗑️ 17 мусор
2026-06-15 17:16:09,522 | INFO     |   → 502/1203: ✅ 0 взято | 🗑️ 24 мусор
2026-06-15 17:16:09,522 | INFO     |   → 503/1203: ✅ 0 взято | 🗑️ 24 мусор
2026-06-15 17:16:09,522 | INFO     |   → 504/1203: ✅ 0 взято | 🗑️ 24 мусор
2026-06-15 17:16:09,522 | INFO     |   → 505/1203: ✅ 0 взято | 🗑️ 24 мусор
2026-06-15 17:16:09,522 | INFO     |   → 506/1203: ✅ 0 взято | 🗑️ 24 мусор
2026-06-15 17:16:09,522 | INFO     |   → 507/1203: ✅ 0 взято | 🗑️ 24 мусор
2026-06-15 17:16:09,522 | INFO     |   → 508/1203: ✅ 0 взято | 🗑️ 24 мусор
2026-06-15 17:16:09,522 | INFO     |   → 509/1203: ✅ 0 взято | 🗑️ 24 мусор
2026-06-15 17:16:09,522 | INFO     |   → 510/1203: ✅ 0 взято | 🗑️ 24 мусор
2026-06-15 17:16:09,522 | INFO     |   → 511/1203: ✅ 0 взято | 🗑️ 24 мусор
2026-06-15 17:16:09,522 | INFO     |   → 512/1203: ✅ 0 взято | 🗑️ 24 мусор
2026-06-15 17:16:09,522 | INFO     |   → 513/1203: ✅ 0 взято | 🗑️ 7 мусор
2026-06-15 17:16:09,522 | INFO     |   → 514/1203: ✅ 0 взято | 🗑️ 7 мусор
2026-06-15 17:16:09,522 | INFO     |   → 515/1203: ✅ 0 взято | 🗑️ 7 мусор
2026-06-15 17:16:09,522 | INFO     |   → 516/1203: ✅ 0 взято | 🗑️ 7 мусор
2026-06-15 17:16:09,522 | INFO     |   → 517/1203: ✅ 0 взято | 🗑️ 7 мусор
2026-06-15 17:16:09,523 | INFO     |   → 518/1203: ✅ 0 взято | 🗑️ 7 мусор
2026-06-15 17:16:09,523 | INFO     |   → 519/1203: ✅ 0 взято | 🗑️ 7 мусор
2026-06-15 17:16:09,523 | INFO     |   → 520/1203: ✅ 0 взято | 🗑️ 7 мусор
2026-06-15 17:16:09,523 | INFO     |   → 521/1203: ✅ 0 взято | 🗑️ 7 мусор
2026-06-15 17:16:09,523 | INFO     |   → 522/1203: ✅ 0 взято | 🗑️ 7 мусор
2026-06-15 17:16:09,523 | INFO     |   → 523/1203: ✅ 0 взято | 🗑️ 9 мусор
2026-06-15 17:16:09,523 | INFO     |   → 524/1203: ✅ 0 взято | 🗑️ 9 мусор
2026-06-15 17:16:09,523 | INFO     |   → 525/1203: ✅ 0 взято | 🗑️ 9 мусор
2026-06-15 17:16:09,523 | INFO     |   → 526/1203: ✅ 0 взято | 🗑️ 9 мусор
2026-06-15 17:16:09,523 | INFO     |   → 527/1203: ✅ 0 взято | 🗑️ 9 мусор
2026-06-15 17:16:09,523 | INFO     |   → 528/1203: ✅ 0 взято | 🗑️ 0 мусор
2026-06-15 17:16:09,523 | INFO     |   → 529/1203: ✅ 0 взято | 🗑️ 0 мусор
2026-06-15 17:16:09,523 | INFO     |   → 530/1203: ✅ 0 взято | 🗑️ 0 мусор
2026-06-15 17:16:09,523 | INFO     |   → 531/1203: ✅ 0 взято | 🗑️ 0 мусор
2026-06-15 17:16:09,523 | INFO     |   → 532/1203: ✅ 0 взято | 🗑️ 0 мусор
2026-06-15 17:16:09,523 | INFO     |   → 533/1203: ✅ 0 взято | 🗑️ 0 мусор
2026-06-15 17:16:09,523 | INFO     |   → 534/1203: ✅ 0 взято | 🗑️ 0 мусор
2026-06-15 17:16:09,523 | INFO     |   → 535/1203: ✅ 0 взято | 🗑️ 0 мусор
2026-06-15 17:16:09,523 | INFO     |   → 536/1203: ✅ 0 взято | 🗑️ 0 мусор
2026-06-15 17:16:09,523 | INFO     |   → 537/1203: ✅ 0 взято | 🗑️ 0 мусор
2026-06-15 17:16:09,523 | INFO     |   → 538/1203: ✅ 0 взято | 🗑️ 0 мусор
2026-06-15 17:16:09,523 | INFO     |   → 539/1203: ✅ 0 взято | 🗑️ 0 мусор
2026-06-15 17:16:09,523 | INFO     |   → 540/1203 ❌ HTTP 404 — https://raw.githubusercontent.com/10ium/MihomoSaz/main/Sublist/shatakvpn.yaml4_Sub.txt
2026-06-15 17:16:09,523 | INFO     |   → 541/1203: ✅ 0 взято | 🗑️ 0 мусор
2026-06-15 17:16:09,523 | INFO     |   → 542/1203: ✅ 0 взято | 🗑️ 0 мусор
2026-06-15 17:16:09,523 | INFO     |   → 543/1203: ✅ 167 взято | 🗑️ 672 мусор
2026-06-15 17:16:09,523 | INFO     |   → 544/1203: ✅ 0 взято | 🗑️ 0 мусор
2026-06-15 17:16:09,523 | INFO     |   → 545/1203: ✅ 0 взято | 🗑️ 0 мусор
2026-06-15 17:16:09,523 | INFO     |   → 546/1203: ✅ 11 взято | 🗑️ 399 мусор
2026-06-15 17:16:09,523 | INFO     |   → 547/1203: ✅ 0 взято | 🗑️ 0 мусор
2026-06-15 17:16:09,523 | INFO     |   → 548/1203 ❌ HTTP 404 — https://raw.githubusercontent.com/9Fork/openit/main/Clash.yaml
2026-06-15 17:16:09,523 | INFO     |   → 549/1203: ✅ 45 взято | 🗑️ 46 мусор
2026-06-15 17:16:09,523 | INFO     |   → 550/1203: ✅ 0 взято | 🗑️ 46 мусор
2026-06-15 17:16:09,523 | INFO     |   → 551/1203: ✅ 19 взято | 🗑️ 81 мусор
2026-06-15 17:16:09,523 | INFO     |   → 552/1203: ✅ 11 взято | 🗑️ 87 мусор
2026-06-15 17:16:09,523 | INFO     |   → 553/1203: ✅ 27 взято | 🗑️ 73 мусор
2026-06-15 17:16:09,524 | INFO     |   → 554/1203: ✅ 13 взято | 🗑️ 75 мусор
2026-06-15 17:16:09,524 | INFO     |   → 555/1203: ✅ 10 взято | 🗑️ 83 мусор
2026-06-15 17:16:09,524 | INFO     |   → 556/1203: ✅ 12 взято | 🗑️ 86 мусор
2026-06-15 17:16:09,524 | INFO     |   → 557/1203: ✅ 11 взято | 🗑️ 87 мусор
2026-06-15 17:16:09,524 | INFO     |   → 558/1203: ✅ 11 взято | 🗑️ 80 мусор
2026-06-15 17:16:09,524 | INFO     |   → 559/1203: ✅ 9 взято | 🗑️ 82 мусор
2026-06-15 17:16:09,524 | INFO     |   → 560/1203: ✅ 69 взято | 🗑️ 3 мусор
2026-06-15 17:16:09,524 | INFO     |   → 561/1203: ✅ 3 взято | 🗑️ 75 мусор
2026-06-15 17:16:09,524 | INFO     |   → 562/1203: ✅ 4 взято | 🗑️ 69 мусор
2026-06-15 17:16:09,524 | INFO     |   → 563/1203: ✅ 4 взято | 🗑️ 80 мусор
2026-06-15 17:16:09,524 | INFO     |   → 564/1203: ✅ 6 взято | 🗑️ 81 мусор
2026-06-15 17:16:09,524 | INFO     |   → 565/1203: ✅ 5 взято | 🗑️ 79 мусор
2026-06-15 17:16:09,524 | INFO     |   → 566/1203: ✅ 11 взято | 🗑️ 78 мусор
2026-06-15 17:16:09,524 | INFO     |   → 567/1203: ✅ 3 взято | 🗑️ 83 мусор
2026-06-15 17:16:09,524 | INFO     |   → 568/1203: ✅ 14 взято | 🗑️ 76 мусор
2026-06-15 17:16:09,524 | INFO     |   → 569/1203: ✅ 12 взято | 🗑️ 78 мусор
2026-06-15 17:16:09,524 | INFO     |   → 570/1203: ✅ 26 взято | 🗑️ 218 мусор
2026-06-15 17:16:09,524 | INFO     |   → 571/1203: ✅ 44 взято | 🗑️ 141 мусор
2026-06-15 17:16:09,525 | INFO     |   → 572/1203: ✅ 10 взято | 🗑️ 71 мусор
2026-06-15 17:16:09,525 | INFO     |   → 573/1203: ✅ 2 взято | 🗑️ 88 мусор
2026-06-15 17:16:09,525 | INFO     |   → 574/1203: ✅ 0 взято | 🗑️ 3 мусор
2026-06-15 17:16:09,525 | INFO     |   → 575/1203: ✅ 14 взято | 🗑️ 4 мусор
2026-06-15 17:16:09,525 | INFO     |   → 576/1203: ✅ 742 взято | 🗑️ 2512 мусор
2026-06-15 17:16:09,525 | INFO     |   → 577/1203 ❌ HTTP 404 — https://raw.githubusercontent.com/Alvin9999/pac2/master/clash/1/config.yaml
2026-06-15 17:16:09,525 | INFO     |   → 578/1203 ❌ HTTP 404 — https://raw.githubusercontent.com/AmirHDevo/temp2/7f15e7ddb311a6f8c5ab338bd1af0e1f2136a84b/configs.txt
2026-06-15 17:16:09,525 | INFO     |   → 579/1203: ✅ 11 взято | 🗑️ 285 мусор
2026-06-15 17:16:09,525 | INFO     |   → 580/1203: ✅ 8722 взято | 🗑️ 126414 мусор
2026-06-15 17:16:09,525 | INFO     |   → 581/1203: ✅ 5 взято | 🗑️ 47 мусор
2026-06-15 17:16:09,525 | INFO     |   → 582/1203: ✅ 0 взято | 🗑️ 34 мусор
2026-06-15 17:16:09,525 | INFO     |   → 583/1203: ✅ 21 взято | 🗑️ 107 мусор
2026-06-15 17:16:09,525 | INFO     |   → 584/1203: ✅ 78 взято | 🗑️ 347 мусор
2026-06-15 17:16:09,525 | INFO     |   → 585/1203: ✅ 0 взято | 🗑️ 1373 мусор
2026-06-15 17:16:09,525 | INFO     |   → 586/1203: ✅ 339 взято | 🗑️ 1542 мусор
2026-06-15 17:16:09,525 | INFO     |   → 587/1203: ✅ 0 взято | 🗑️ 6 мусор
2026-06-15 17:16:09,525 | INFO     |   → 588/1203: ✅ 0 взято | 🗑️ 0 мусор
2026-06-15 17:16:09,525 | INFO     |   → 589/1203: ✅ 1 взято | 🗑️ 235 мусор
2026-06-15 17:16:09,525 | INFO     |   → 590/1203: ✅ 0 взято | 🗑️ 16 мусор
2026-06-15 17:16:09,526 | INFO     |   → 591/1203: ✅ 0 взято | 🗑️ 0 мусор
2026-06-15 17:16:09,526 | INFO     |   → 592/1203: ✅ 0 взято | 🗑️ 14 мусор
2026-06-15 17:16:09,526 | INFO     |   → 593/1203: ✅ 0 взято | 🗑️ 0 мусор
2026-06-15 17:16:09,526 | INFO     |   → 594/1203: ✅ 0 взято | 🗑️ 17 мусор
2026-06-15 17:16:09,526 | INFO     |   → 595/1203: ✅ 0 взято | 🗑️ 0 мусор
2026-06-15 17:16:09,526 | INFO     |   → 596/1203: ✅ 1 взято | 🗑️ 12 мусор
2026-06-15 17:16:09,526 | INFO     |   → 597/1203: ✅ 0 взято | 🗑️ 0 мусор
2026-06-15 17:16:09,526 | INFO     |   → 598/1203: ✅ 0 взято | 🗑️ 17 мусор
2026-06-15 17:16:09,526 | INFO     |   → 599/1203: ✅ 0 взято | 🗑️ 0 мусор
2026-06-15 17:16:09,526 | INFO     |   → 600/1203: ✅ 0 взято | 🗑️ 17 мусор
2026-06-15 17:16:09,526 | INFO     |   → 601/1203: ✅ 0 взято | 🗑️ 0 мусор
2026-06-15 17:16:09,526 | INFO     |   → 602/1203: ✅ 0 взято | 🗑️ 161 мусор
2026-06-15 17:16:09,526 | INFO     |   → 603/1203: ✅ 0 взято | 🗑️ 0 мусор
2026-06-15 17:16:09,526 | INFO     |   → 604/1203: ✅ 5 взято | 🗑️ 76 мусор
2026-06-15 17:16:09,526 | INFO     |   → 605/1203: ✅ 80 взято | 🗑️ 1110 мусор
2026-06-15 17:16:09,526 | INFO     |   → 606/1203: ✅ 5 взято | 🗑️ 13 мусор
2026-06-15 17:16:09,526 | INFO     |   → 607/1203 ❌ HTTP 404 — https://raw.githubusercontent.com/Epodonios/bulk-xray-v2ray-vless-vmess-...-configs/main/sub/Austria/config.txt
2026-06-15 17:16:09,526 | INFO     |   → 608/1203 ❌ HTTP 404 — https://raw.githubusercontent.com/Epodonios/bulk-xray-v2ray-vless-vmess-...-configs/main/sub/Canada/config.txt
2026-06-15 17:16:09,526 | INFO     |   → 609/1203 ❌ HTTP 404 — https://raw.githubusercontent.com/Epodonios/bulk-xray-v2ray-vless-vmess-...-configs/main/sub/Costa%20Rica/config.txt
2026-06-15 17:16:09,527 | INFO     |   → 610/1203 ❌ HTTP 404 — https://raw.githubusercontent.com/Epodonios/bulk-xray-v2ray-vless-vmess-...-configs/main/sub/France/config.txt
2026-06-15 17:16:09,527 | INFO     |   → 611/1203 ❌ HTTP 404 — https://raw.githubusercontent.com/Epodonios/bulk-xray-v2ray-vless-vmess-...-configs/main/sub/Germany/config.txt
2026-06-15 17:16:09,527 | INFO     |   → 612/1203 ❌ HTTP 404 — https://raw.githubusercontent.com/Epodonios/bulk-xray-v2ray-vless-vmess-...-configs/main/sub/Indonesia/config.txt
2026-06-15 17:16:09,527 | INFO     |   → 613/1203 ❌ HTTP 404 — https://raw.githubusercontent.com/Epodonios/bulk-xray-v2ray-vless-vmess-...-configs/main/sub/Ireland/config.txt
2026-06-15 17:16:09,527 | INFO     |   → 614/1203 ❌ HTTP 404 — https://raw.githubusercontent.com/Epodonios/bulk-xray-v2ray-vless-vmess-...-configs/main/sub/Republic%20of%20Lithuania/config.txt
2026-06-15 17:16:09,527 | INFO     |   → 615/1203 ❌ HTTP 404 — https://raw.githubusercontent.com/Epodonios/bulk-xray-v2ray-vless-vmess-...-configs/main/sub/South%20Africa/config.txt
2026-06-15 17:16:09,527 | INFO     |   → 616/1203 ❌ HTTP 404 — https://raw.githubusercontent.com/Epodonios/bulk-xray-v2ray-vless-vmess-...-configs/main/sub/Sweden/config.txt
2026-06-15 17:16:09,527 | INFO     |   → 617/1203 ❌ HTTP 404 — https://raw.githubusercontent.com/Epodonios/bulk-xray-v2ray-vless-vmess-...-configs/main/sub/Turkey/config.txt
2026-06-15 17:16:09,527 | INFO     |   → 618/1203 ❌ HTTP 404 — https://raw.githubusercontent.com/Epodonios/bulk-xray-v2ray-vless-vmess-...-configs/main/sub/United%20Arab%20Emirates/config.txt
2026-06-15 17:16:09,527 | INFO     |   → 619/1203 ❌ HTTP 404 — https://raw.githubusercontent.com/Epodonios/bulk-xray-v2ray-vless-vmess-...-configs/main/sub/United%20Kingdom/config.txt
2026-06-15 17:16:09,527 | INFO     |   → 620/1203 ❌ HTTP 404 — https://raw.githubusercontent.com/Epodonios/bulk-xray-v2ray-vless-vmess-...-configs/main/sub/United%20States/config.txt
2026-06-15 17:16:09,527 | INFO     |   → 621/1203: ✅ 751 взято | 🗑️ 4962 мусор
2026-06-15 17:16:09,527 | INFO     |   → 622/1203 ❌ HTTP 404 — https://raw.githubusercontent.com/Epodonios/v2ray-configs/main/Splitted-By-Protocol/mix.txt
2026-06-15 17:16:09,527 | INFO     |   → 623/1203: ✅ 32 взято | 🗑️ 507 мусор
2026-06-15 17:16:09,527 | INFO     |   → 624/1203: ✅ 0 взято | 🗑️ 0 мусор
2026-06-15 17:16:09,527 | INFO     |   → 625/1203: ✅ 23 взято | 🗑️ 616 мусор
2026-06-15 17:16:09,527 | INFO     |   → 626/1203: ✅ 132 взято | 🗑️ 3334 мусор
2026-06-15 17:16:09,527 | INFO     |   → 627/1203: ✅ 2 взято | 🗑️ 615 мусор
2026-06-15 17:16:09,527 | INFO     |   → 628/1203 ❌ HTTP 404 — https://raw.githubusercontent.com/Epodonios/v2ray-configs/raw/main/Splitted-By-Protocol/trojan.txt
2026-06-15 17:16:09,528 | INFO     |   → 629/1203 ❌ HTTP 404 — https://raw.githubusercontent.com/Epodonios/v2ray-configs/raw/main/Splitted-By-Protocol/vmess.txt
2026-06-15 17:16:09,528 | INFO     |   → 630/1203: ✅ 0 взято | 🗑️ 507 мусор
2026-06-15 17:16:09,528 | INFO     |   → 631/1203: ✅ 0 взято | 🗑️ 0 мусор
2026-06-15 17:16:09,528 | INFO     |   → 632/1203: ✅ 0 взято | 🗑️ 616 мусор
2026-06-15 17:16:09,528 | INFO     |   → 633/1203: ✅ 0 взято | 🗑️ 3334 мусор
2026-06-15 17:16:09,528 | INFO     |   → 634/1203: ✅ 0 взято | 🗑️ 615 мусор
2026-06-15 17:16:09,528 | INFO     |   → 635/1203 ❌ HTTP 404 — https://raw.githubusercontent.com/Fido6/FreeNodes/57221e59caddde55ffdda21d491ae952cd608049/nodes/halekj.txt
2026-06-15 17:16:09,528 | INFO     |   → 636/1203 ❌ HTTP 404 — https://raw.githubusercontent.com/Fido6/FreeNodes/57221e59caddde55ffdda21d491ae952cd608049/nodes/kkzui.txt
2026-06-15 17:16:09,528 | INFO     |   → 637/1203 ❌ HTTP 404 — https://raw.githubusercontent.com/Fido6/FreeNodes/57221e59caddde55ffdda21d491ae952cd608049/nodes/wenode.txt
2026-06-15 17:16:09,528 | INFO     |   → 638/1203: ✅ 0 взято | 🗑️ 0 мусор
2026-06-15 17:16:09,528 | INFO     |   → 639/1203: ✅ 0 взято | 🗑️ 0 мусор
2026-06-15 17:16:09,528 | INFO     |   → 640/1203: ✅ 14 взято | 🗑️ 250 мусор
2026-06-15 17:16:09,528 | INFO     |   → 641/1203: ✅ 3 взято | 🗑️ 14 мусор
2026-06-15 17:16:09,528 | INFO     |   → 642/1203: ✅ 1 взято | 🗑️ 17 мусор
2026-06-15 17:16:09,528 | INFO     |   → 643/1203: ✅ 4 взято | 🗑️ 11 мусор
2026-06-15 17:16:09,528 | INFO     |   → 644/1203: ✅ 0 взято | 🗑️ 0 мусор
2026-06-15 17:16:09,528 | INFO     |   → 645/1203: ✅ 0 взято | 🗑️ 137 мусор
2026-06-15 17:16:09,528 | INFO     |   → 646/1203: ✅ 0 взято | 🗑️ 32 мусор
2026-06-15 17:16:09,528 | INFO     |   → 647/1203: ✅ 2 взято | 🗑️ 19 мусор
2026-06-15 17:16:09,529 | INFO     |   → 648/1203: ✅ 0 взято | 🗑️ 43 мусор
2026-06-15 17:16:09,529 | INFO     |   → 649/1203: ✅ 0 взято | 🗑️ 43 мусор
2026-06-15 17:16:09,529 | INFO     |   → 650/1203 ❌ HTTP 404 — https://raw.githubusercontent.com/Iran-v2ray/v2ray/main/v2ray
2026-06-15 17:16:09,529 | INFO     |   → 651/1203: ✅ 0 взято | 🗑️ 1 мусор
2026-06-15 17:16:09,529 | INFO     |   → 652/1203: ✅ 0 взято | 🗑️ 1 мусор
2026-06-15 17:16:09,529 | INFO     |   → 653/1203: ✅ 0 взято | 🗑️ 28 мусор
2026-06-15 17:16:09,529 | INFO     |   → 654/1203: ✅ 14 взято | 🗑️ 282 мусор
2026-06-15 17:16:09,529 | INFO     |   → 655/1203: ✅ 0 взято | 🗑️ 94 мусор
2026-06-15 17:16:09,529 | INFO     |   → 656/1203: ✅ 0 взято | 🗑️ 0 мусор
2026-06-15 17:16:09,529 | INFO     |   → 657/1203: ✅ 0 взято | 🗑️ 0 мусор
2026-06-15 17:16:09,529 | INFO     |   → 658/1203 ❌ HTTP 404 — https://raw.githubusercontent.com/Kwinshadow/TelegramV2rayCollector/raw/refs/heads/main/sublinks/mix.txt
2026-06-15 17:16:09,529 | INFO     |   → 659/1203 ❌ HTTP 404 — https://raw.githubusercontent.com/LalatinaHub/Mineral/raw/refs/heads/master/result/nodes
2026-06-15 17:16:09,529 | INFO     |   → 660/1203 ❌ HTTP 404 — https://raw.githubusercontent.com/Leon406/SubCrawler/main/sub/share/all3
2026-06-15 17:16:09,529 | INFO     |   → 661/1203 ❌ HTTP 404 — https://raw.githubusercontent.com/Leon406/SubCrawler/main/sub/share/all4
2026-06-15 17:16:09,529 | INFO     |   → 662/1203: ✅ 4 взято | 🗑️ 335 мусор
2026-06-15 17:16:09,529 | INFO     |   → 663/1203: ✅ 0 взято | 🗑️ 33 мусор
2026-06-15 17:16:09,529 | INFO     |   → 664/1203: ✅ 0 взято | 🗑️ 6 мусор
2026-06-15 17:16:09,529 | INFO     |   → 665/1203: ✅ 0 взято | 🗑️ 147 мусор
2026-06-15 17:16:09,529 | INFO     |   → 666/1203 ❌ HTTP 404 — https://raw.githubusercontent.com/M-Mashreghi/free-config-collector/main/Splitted-By-Protocol/ssr.txt
2026-06-15 17:16:09,530 | INFO     |   → 667/1203: ✅ 139 взято | 🗑️ 114 мусор
2026-06-15 17:16:09,530 | INFO     |   → 668/1203: ✅ 126 взято | 🗑️ 137 мусор
2026-06-15 17:16:09,530 | INFO     |   → 669/1203: ✅ 0 взято | 🗑️ 12 мусор
2026-06-15 17:16:09,530 | INFO     |   → 670/1203: ✅ 0 взято | 🗑️ 1 мусор
2026-06-15 17:16:09,530 | INFO     |   → 671/1203: ✅ 13 взято | 🗑️ 31 мусор
2026-06-15 17:16:09,530 | INFO     |   → 672/1203: ✅ 0 взято | 🗑️ 31 мусор
2026-06-15 17:16:09,530 | INFO     |   → 673/1203 ❌ HTTP 404 — https://raw.githubusercontent.com/MatinGhanbari/v2ray-configs/main/subscriptions/filtered/subs/hy2.txt
2026-06-15 17:16:09,530 | INFO     |   → 674/1203: ✅ 30 взято | 🗑️ 1583 мусор
2026-06-15 17:16:09,530 | INFO     |   → 675/1203 ❌ HTTP 404 — https://raw.githubusercontent.com/MatinGhanbari/v2ray-configs/main/subscriptions/filtered/subs/ssr.txt
2026-06-15 17:16:09,530 | INFO     |   → 676/1203: ✅ 72 взято | 🗑️ 452 мусор
2026-06-15 17:16:09,530 | INFO     |   → 677/1203 ❌ HTTP 404 — https://raw.githubusercontent.com/MatinGhanbari/v2ray-configs/main/subscriptions/filtered/subs/tuic.txt
2026-06-15 17:16:09,530 | INFO     |   → 678/1203: ✅ 4 взято | 🗑️ 58 мусор
2026-06-15 17:16:09,530 | INFO     |   → 679/1203: ✅ 270 взято | 🗑️ 1490 мусор
2026-06-15 17:16:09,530 | INFO     |   → 680/1203: ✅ 0 взято | 🗑️ 2 мусор
2026-06-15 17:16:09,530 | INFO     |   → 681/1203: ✅ 315 взято | 🗑️ 1648 мусор
2026-06-15 17:16:09,530 | INFO     |   → 682/1203: ✅ 0 взято | 🗑️ 819 мусор
2026-06-15 17:16:09,530 | INFO     |   → 683/1203: ✅ 0 взято | 🗑️ 819 мусор
2026-06-15 17:16:09,530 | INFO     |   → 684/1203: ✅ 0 взято | 🗑️ 67 мусор
2026-06-15 17:16:09,530 | INFO     |   → 685/1203: ✅ 0 взято | 🗑️ 2 мусор
2026-06-15 17:16:09,531 | INFO     |   → 686/1203: ✅ 0 взято | 🗑️ 690 мусор
2026-06-15 17:16:09,531 | INFO     |   → 687/1203: ✅ 0 взято | 🗑️ 78 мусор
2026-06-15 17:16:09,531 | INFO     |   → 688/1203 ❌ HTTP 404 — https://raw.githubusercontent.com/MhdiTaheri/V2rayCollector/raw/refs/heads/main/sub/mix
2026-06-15 17:16:09,531 | INFO     |   → 689/1203: ✅ 53 взято | 🗑️ 267 мусор
2026-06-15 17:16:09,531 | INFO     |   → 690/1203 ❌ HTTP 404 — https://raw.githubusercontent.com/MhdiTaheri/V2rayCollector_Py/raw/refs/heads/main/sub/Mix/mix.txt
2026-06-15 17:16:09,531 | INFO     |   → 691/1203: ✅ 0 взято | 🗑️ 0 мусор
2026-06-15 17:16:09,531 | INFO     |   → 692/1203: ✅ 43 взято | 🗑️ 217 мусор
2026-06-15 17:16:09,531 | INFO     |   → 693/1203: ✅ 0 взято | 🗑️ 31 мусор
2026-06-15 17:16:09,531 | INFO     |   → 694/1203: ✅ 94 взято | 🗑️ 282 мусор
2026-06-15 17:16:09,531 | INFO     |   → 695/1203: ✅ 0 взято | 🗑️ 26 мусор
2026-06-15 17:16:09,531 | INFO     |   → 696/1203 ❌ HTTP 404 — https://raw.githubusercontent.com/MrMohebi/xray-proxy-grabber-telegram/master/collected-proxies/clash-meta/all.yaml
2026-06-15 17:16:09,531 | INFO     |   → 697/1203 ❌ HTTP 404 — https://raw.githubusercontent.com/MrMohebi/xray-proxy-grabber-telegram/master/collected-proxies/row-url/actives.txt
2026-06-15 17:16:09,531 | INFO     |   → 698/1203 ❌ HTTP 404 — https://raw.githubusercontent.com/MrMohebi/xray-proxy-grabber-telegram/master/collected-proxies/row-url/all.txt
2026-06-15 17:16:09,531 | INFO     |   → 699/1203: ✅ 0 взято | 🗑️ 13 мусор
2026-06-15 17:16:09,531 | INFO     |   → 700/1203: ✅ 0 взято | 🗑️ 13 мусор
2026-06-15 17:16:09,531 | INFO     |   → 701/1203: ✅ 5 взято | 🗑️ 15 мусор
2026-06-15 17:16:09,531 | INFO     |   → 702/1203: ✅ 0 взято | 🗑️ 30 мусор
2026-06-15 17:16:09,531 | INFO     |   → 703/1203: ✅ 0 взято | 🗑️ 15 мусор
2026-06-15 17:16:09,531 | INFO     |   → 704/1203: ✅ 66 взято | 🗑️ 123 мусор
2026-06-15 17:16:09,532 | INFO     |   → 705/1203: ✅ 133 взято | 🗑️ 65 мусор
2026-06-15 17:16:09,532 | INFO     |   → 706/1203: ✅ 0 взято | 🗑️ 0 мусор
2026-06-15 17:16:09,532 | INFO     |   → 707/1203 ❌ HTTP 404 — https://raw.githubusercontent.com/OpenCNLink/freevpn/3cfcff048bfdd1493ccffa52ecf30ce7f9fc6b28/src/list/vmess.txt
2026-06-15 17:16:09,532 | INFO     |   → 708/1203 ❌ HTTP 404 — https://raw.githubusercontent.com/Pawdro/Collection/main/sub
2026-06-15 17:16:09,532 | INFO     |   → 709/1203: ✅ 0 взято | 🗑️ 8 мусор
2026-06-15 17:16:09,532 | INFO     |   → 710/1203: ✅ 0 взято | 🗑️ 8 мусор
2026-06-15 17:16:09,532 | INFO     |   → 711/1203: ✅ 0 взято | 🗑️ 0 мусор
2026-06-15 17:16:09,532 | INFO     |   → 712/1203: ✅ 0 взято | 🗑️ 0 мусор
2026-06-15 17:16:09,532 | INFO     |   → 713/1203: ✅ 0 взято | 🗑️ 50 мусор
2026-06-15 17:16:09,532 | INFO     |   → 714/1203: ✅ 5 взято | 🗑️ 206 мусор
2026-06-15 17:16:09,532 | INFO     |   → 715/1203: ✅ 21 взято | 🗑️ 138 мусор
2026-06-15 17:16:09,532 | INFO     |   → 716/1203: ✅ 23 взято | 🗑️ 89 мусор
2026-06-15 17:16:09,532 | INFO     |   → 717/1203: ✅ 9 взято | 🗑️ 85 мусор
2026-06-15 17:16:09,532 | INFO     |   → 718/1203: ✅ 0 взято | 🗑️ 129 мусор
2026-06-15 17:16:09,532 | INFO     |   → 719/1203: ✅ 0 взято | 🗑️ 81 мусор
2026-06-15 17:16:09,532 | INFO     |   → 720/1203 ❌ HTTP 404 — https://raw.githubusercontent.com/STR97/STRUGOV/refs/heads/main/STR.BYPASS
2026-06-15 17:16:09,532 | INFO     |   → 721/1203: ✅ 4 взято | 🗑️ 34 мусор
2026-06-15 17:16:09,532 | INFO     |   → 722/1203: ✅ 11 взято | 🗑️ 16 мусор
2026-06-15 17:16:09,532 | INFO     |   → 723/1203: ✅ 0 взято | 🗑️ 16 мусор
2026-06-15 17:16:09,533 | INFO     |   → 724/1203: ✅ 0 взято | 🗑️ 27 мусор
2026-06-15 17:16:09,533 | INFO     |   → 725/1203: ✅ 140 взято | 🗑️ 1153 мусор
2026-06-15 17:16:09,533 | INFO     |   → 726/1203: ✅ 29 взято | 🗑️ 54 мусор
2026-06-15 17:16:09,533 | INFO     |   → 727/1203: ✅ 0 взято | 🗑️ 5 мусор
2026-06-15 17:16:09,533 | INFO     |   → 728/1203: ✅ 1 взято | 🗑️ 0 мусор
2026-06-15 17:16:09,533 | INFO     |   → 729/1203: ✅ 0 взято | 🗑️ 17 мусор
2026-06-15 17:16:09,533 | INFO     |   → 730/1203: ✅ 0 взято | 🗑️ 5 мусор
2026-06-15 17:16:09,533 | INFO     |   → 731/1203: ✅ 0 взято | 🗑️ 17 мусор
2026-06-15 17:16:09,533 | INFO     |   → 732/1203: ✅ 4 взято | 🗑️ 291 мусор
2026-06-15 17:16:09,533 | INFO     |   → 733/1203: ✅ 0 взято | 🗑️ 119 мусор
2026-06-15 17:16:09,533 | INFO     |   → 734/1203: ✅ 0 взято | 🗑️ 0 мусор
2026-06-15 17:16:09,533 | INFO     |   → 735/1203 ❌ HTTP 404 — https://raw.githubusercontent.com/V2RAYCONFIGSPOOL/V2RAY_SUB/main/V2RAY_SUB.txt
2026-06-15 17:16:09,533 | INFO     |   → 736/1203: ✅ 88 взято | 🗑️ 129 мусор
2026-06-15 17:16:09,533 | INFO     |   → 737/1203: ✅ 16 взято | 🗑️ 17 мусор
2026-06-15 17:16:09,533 | INFO     |   → 738/1203: ✅ 0 взято | 🗑️ 0 мусор
2026-06-15 17:16:09,533 | INFO     |   → 739/1203: ✅ 0 взято | 🗑️ 17 мусор
2026-06-15 17:16:09,533 | INFO     |   → 740/1203: ✅ 58 взято | 🗑️ 348 мусор
2026-06-15 17:16:09,533 | INFO     |   → 741/1203: ✅ 0 взято | 🗑️ 0 мусор
2026-06-15 17:16:09,533 | INFO     |   → 742/1203: ✅ 6 взято | 🗑️ 245 мусор
2026-06-15 17:16:09,534 | INFO     |   → 743/1203: ✅ 0 взято | 🗑️ 0 мусор
2026-06-15 17:16:09,534 | INFO     |   → 744/1203: ✅ 3 взято | 🗑️ 322 мусор
2026-06-15 17:16:09,534 | INFO     |   → 745/1203: ✅ 0 взято | 🗑️ 0 мусор
2026-06-15 17:16:09,534 | INFO     |   → 746/1203: ✅ 0 взято | 🗑️ 0 мусор
2026-06-15 17:16:09,534 | INFO     |   → 747/1203: ✅ 3 взято | 🗑️ 268 мусор
2026-06-15 17:16:09,534 | INFO     |   → 748/1203: ✅ 1 взято | 🗑️ 251 мусор
2026-06-15 17:16:09,534 | INFO     |   → 749/1203: ✅ 1 взято | 🗑️ 231 мусор
2026-06-15 17:16:09,534 | INFO     |   → 750/1203: ✅ 0 взято | 🗑️ 0 мусор
2026-06-15 17:16:09,534 | INFO     |   → 751/1203: ✅ 1 взято | 🗑️ 83 мусор
2026-06-15 17:16:09,534 | INFO     |   → 752/1203: ✅ 0 взято | 🗑️ 16 мусор
2026-06-15 17:16:09,534 | INFO     |   → 753/1203: ✅ 0 взято | 🗑️ 16 мусор
2026-06-15 17:16:09,534 | INFO     |   → 754/1203 ❌ HTTP 404 — https://raw.githubusercontent.com/aiboboxx/clashfree/main/clash.yml
2026-06-15 17:16:09,534 | INFO     |   → 755/1203 ❌ HTTP 404 — https://raw.githubusercontent.com/aiboboxx/v2rayfree/main/v2
2026-06-15 17:16:09,534 | INFO     |   → 756/1203 ❌ HTTP 404 — https://raw.githubusercontent.com/amirmohammad-mohammad-88/Sub-Reality-Azadi-config/Config/Azadi-Reality-Different
2026-06-15 17:16:09,534 | INFO     |   → 757/1203 ❌ HTTP 404 — https://raw.githubusercontent.com/amirmohammad-mohammad-88/Sub-Reality-Azadi-config/Config/Azadi-Reality-Different-Base64
2026-06-15 17:16:09,534 | INFO     |   → 758/1203: ✅ 1 взято | 🗑️ 17 мусор
2026-06-15 17:16:09,534 | INFO     |   → 759/1203: ✅ 0 взято | 🗑️ 0 мусор
2026-06-15 17:16:09,534 | INFO     |   → 760/1203: ✅ 4 взято | 🗑️ 114 мусор
2026-06-15 17:16:09,534 | INFO     |   → 761/1203: ✅ 27 взято | 🗑️ 74 мусор
2026-06-15 17:16:09,535 | INFO     |   → 762/1203 ❌ HTTP 404 — https://raw.githubusercontent.com/awesome-vpn/awesome-vpn/master/ss
2026-06-15 17:16:09,535 | INFO     |   → 763/1203 ❌ HTTP 404 — https://raw.githubusercontent.com/awesome-vpn/awesome-vpn/master/ssr
2026-06-15 17:16:09,535 | INFO     |   → 764/1203: ✅ 0 взято | 🗑️ 0 мусор
2026-06-15 17:16:09,535 | INFO     |   → 765/1203: ✅ 1 взято | 🗑️ 22 мусор
2026-06-15 17:16:09,535 | INFO     |   → 766/1203: ✅ 0 взято | 🗑️ 418 мусор
2026-06-15 17:16:09,535 | INFO     |   → 767/1203 ❌ HTTP 404 — https://raw.githubusercontent.com/barry-far/V2ray-Configs/ced94ddfff48276ec365b40227561f36b1b64bc8/Sub5.txt
2026-06-15 17:16:09,535 | INFO     |   → 768/1203 ❌ HTTP 404 — https://raw.githubusercontent.com/barry-far/V2ray-Configs/main/Splitted-By-Protocol/hysteria2.txt
2026-06-15 17:16:09,535 | INFO     |   → 769/1203 ❌ HTTP 404 — https://raw.githubusercontent.com/barry-far/V2ray-Configs/main/Splitted-By-Protocol/vless.txt
2026-06-15 17:16:09,535 | INFO     |   → 770/1203 ❌ HTTP 404 — https://raw.githubusercontent.com/barry-far/V2ray-Configs/main/Sub1.txt
2026-06-15 17:16:09,535 | INFO     |   → 771/1203 ❌ HTTP 404 — https://raw.githubusercontent.com/barry-far/V2ray-Configs/refs/heads/main/All_Configs_Sub.txt
2026-06-15 17:16:09,535 | INFO     |   → 772/1203: ✅ 0 взято | 🗑️ 0 мусор
2026-06-15 17:16:09,535 | INFO     |   → 773/1203 ❌ HTTP 404 — https://raw.githubusercontent.com/budamu/clashconfig/main/v2ray.txt
2026-06-15 17:16:09,535 | INFO     |   → 774/1203 ❌ HTTP 404 — https://raw.githubusercontent.com/budamu/clashconfig/main/v2ray2.txt
2026-06-15 17:16:09,535 | INFO     |   → 775/1203: ✅ 0 взято | 🗑️ 0 мусор
2026-06-15 17:16:09,535 | INFO     |   → 776/1203: ✅ 0 взято | 🗑️ 442 мусор
2026-06-15 17:16:09,535 | INFO     |   → 777/1203: ✅ 0 взято | 🗑️ 0 мусор
2026-06-15 17:16:09,535 | INFO     |   → 778/1203 ❌ HTTP 404 — https://raw.githubusercontent.com/chxxyz2004/zd/17fca23b73c46b5dd73e9be49b14d219b5e5f836/sub/2401/240110.txt
2026-06-15 17:16:09,535 | INFO     |   → 779/1203: ✅ 0 взято | 🗑️ 44 мусор
2026-06-15 17:16:09,535 | INFO     |   → 780/1203: ✅ 236 взято | 🗑️ 517 мусор
2026-06-15 17:16:09,535 | INFO     |   → 781/1203 ❌ HTTP 404 — https://raw.githubusercontent.com/cxr9912/cxr2022/main/free.yaml
2026-06-15 17:16:09,536 | INFO     |   → 782/1203 ❌ HTTP 404 — https://raw.githubusercontent.com/cxr9912/cxr2022/main/mix.yaml
2026-06-15 17:16:09,536 | INFO     |   → 783/1203 ❌ HTTP 404 — https://raw.githubusercontent.com/cxr9912/cxr2022/main/ss.yaml
2026-06-15 17:16:09,536 | INFO     |   → 784/1203 ❌ HTTP 404 — https://raw.githubusercontent.com/cxr9912/cxr2022/main/ssr.yaml
2026-06-15 17:16:09,536 | INFO     |   → 785/1203 ❌ HTTP 404 — https://raw.githubusercontent.com/cxr9912/cxr2022/main/vmess.yaml
2026-06-15 17:16:09,536 | INFO     |   → 786/1203 ❌ HTTP 404 — https://raw.githubusercontent.com/cxr9912/cxr2022/refs/heads/main/18cj.json
2026-06-15 17:16:09,536 | INFO     |   → 787/1203 ❌ HTTP 404 — https://raw.githubusercontent.com/cxr9912/cxr2022/refs/heads/main/aaaaaaaa.yaml
2026-06-15 17:16:09,536 | INFO     |   → 788/1203 ❌ HTTP 404 — https://raw.githubusercontent.com/cxr9912/cxr2022/refs/heads/main/free.yaml
2026-06-15 17:16:09,536 | INFO     |   → 789/1203 ❌ HTTP 404 — https://raw.githubusercontent.com/cxr9912/cxr2022/refs/heads/main/ss2088.txt
2026-06-15 17:16:09,536 | INFO     |   → 790/1203: ✅ 0 взято | 🗑️ 18 мусор
2026-06-15 17:16:09,536 | INFO     |   → 791/1203: ✅ 0 взято | 🗑️ 18 мусор
2026-06-15 17:16:09,536 | INFO     |   → 792/1203: ✅ 6 взято | 🗑️ 78 мусор
2026-06-15 17:16:09,536 | INFO     |   → 793/1203: ✅ 6 взято | 🗑️ 4 мусор
2026-06-15 17:16:09,536 | INFO     |   → 794/1203: ✅ 0 взято | 🗑️ 2 мусор
2026-06-15 17:16:09,536 | INFO     |   → 795/1203: ✅ 0 взято | 🗑️ 4 мусор
2026-06-15 17:16:09,536 | INFO     |   → 796/1203: ✅ 7 взято | 🗑️ 4 мусор
2026-06-15 17:16:09,536 | INFO     |   → 797/1203: ✅ 0 взято | 🗑️ 17 мусор
2026-06-15 17:16:09,536 | INFO     |   → 798/1203: ✅ 0 взято | 🗑️ 2 мусор
2026-06-15 17:16:09,536 | INFO     |   → 799/1203: ✅ 0 взято | 🗑️ 2 мусор
2026-06-15 17:16:09,536 | INFO     |   → 800/1203: ✅ 1 взято | 🗑️ 1 мусор
2026-06-15 17:16:09,536 | INFO     |   → 801/1203: ✅ 0 взято | 🗑️ 21 мусор
2026-06-15 17:16:09,537 | INFO     |   → 802/1203: ✅ 0 взято | 🗑️ 2 мусор
2026-06-15 17:16:09,537 | INFO     |   → 803/1203: ✅ 0 взято | 🗑️ 0 мусор
2026-06-15 17:16:09,537 | INFO     |   → 804/1203: ✅ 10585 взято | 🗑️ 192331 мусор
2026-06-15 17:16:09,537 | INFO     |   → 805/1203: ✅ 8 взято | 🗑️ 225 мусор
2026-06-15 17:16:09,537 | INFO     |   → 806/1203: ✅ 6 взято | 🗑️ 113 мусор
2026-06-15 17:16:09,537 | INFO     |   → 807/1203: ✅ 0 взято | 🗑️ 0 мусор
2026-06-15 17:16:09,537 | INFO     |   → 808/1203: ✅ 7 взято | 🗑️ 19 мусор
2026-06-15 17:16:09,537 | INFO     |   → 809/1203: ✅ 0 взято | 🗑️ 0 мусор
2026-06-15 17:16:09,537 | INFO     |   → 810/1203: ✅ 13 взято | 🗑️ 19 мусор
2026-06-15 17:16:09,537 | INFO     |   → 811/1203: ✅ 0 взято | 🗑️ 5 мусор
2026-06-15 17:16:09,537 | INFO     |   → 812/1203: ✅ 2 взято | 🗑️ 80 мусор
2026-06-15 17:16:09,537 | INFO     |   → 813/1203 ❌ HTTP 404 — https://raw.githubusercontent.com/free-nodes/v2rayfree/main/v2
2026-06-15 17:16:09,537 | INFO     |   → 814/1203 ❌ HTTP 404 — https://raw.githubusercontent.com/free-v2ray-config/trojan/main/trojan.txt
2026-06-15 17:16:09,537 | INFO     |   → 815/1203 ❌ HTTP 404 — https://raw.githubusercontent.com/free-v2ray-config/vless/main/vless.txt
2026-06-15 17:16:09,537 | INFO     |   → 816/1203 ❌ HTTP 404 — https://raw.githubusercontent.com/free-v2ray-config/vmess/main/vmess.txt
2026-06-15 17:16:09,537 | INFO     |   → 817/1203: ✅ 5 взято | 🗑️ 169 мусор
2026-06-15 17:16:09,537 | INFO     |   → 818/1203: ✅ 34 взято | 🗑️ 121 мусор
2026-06-15 17:16:09,537 | INFO     |   → 819/1203: ✅ 4 взято | 🗑️ 97 мусор
2026-06-15 17:16:09,538 | INFO     |   → 820/1203 ❌ HTTP 404 — https://raw.githubusercontent.com/free18/v2ray/main/Clash.yaml
2026-06-15 17:16:09,538 | INFO     |   → 821/1203: ✅ 0 взято | 🗑️ 0 мусор
2026-06-15 17:16:09,538 | INFO     |   → 822/1203: ✅ 0 взято | 🗑️ 15 мусор
2026-06-15 17:16:09,538 | INFO     |   → 823/1203: ✅ 0 взято | 🗑️ 0 мусор
2026-06-15 17:16:09,538 | INFO     |   → 824/1203: ✅ 0 взято | 🗑️ 8 мусор
2026-06-15 17:16:09,538 | INFO     |   → 825/1203: ✅ 0 взято | 🗑️ 8 мусор
2026-06-15 17:16:09,538 | INFO     |   → 826/1203: ✅ 0 взято | 🗑️ 8 мусор
2026-06-15 17:16:09,538 | INFO     |   → 827/1203: ✅ 0 взято | 🗑️ 8 мусор
2026-06-15 17:16:09,538 | INFO     |   → 828/1203 ❌ HTTP 404 — https://raw.githubusercontent.com/freev2rayconfig/V2RAY_SUB/3e6a7786a1601ee3723e8d043ae79e70dbdfd9a8/v2rayconfigs.txt
2026-06-15 17:16:09,538 | INFO     |   → 829/1203 ❌ HTTP 404 — https://raw.githubusercontent.com/freev2rayconfig/V2RAY_SUBSCRIPTION_LINK/main/v2rayconfigs.txt
2026-06-15 17:16:09,538 | INFO     |   → 830/1203 ❌ HTTP 404 — https://raw.githubusercontent.com/gfpcom/free-proxy-list/main/list/http.txt
2026-06-15 17:16:09,538 | INFO     |   → 831/1203 ❌ HTTP 404 — https://raw.githubusercontent.com/gfpcom/free-proxy-list/main/list/https.txt
2026-06-15 17:16:09,538 | INFO     |   → 832/1203 ❌ HTTP 404 — https://raw.githubusercontent.com/gfpcom/free-proxy-list/main/list/socks4.txt
2026-06-15 17:16:09,538 | INFO     |   → 833/1203 ❌ HTTP 404 — https://raw.githubusercontent.com/gfpcom/free-proxy-list/main/list/socks4a.txt
2026-06-15 17:16:09,538 | INFO     |   → 834/1203 ❌ HTTP 404 — https://raw.githubusercontent.com/gfpcom/free-proxy-list/main/list/socks5.txt
2026-06-15 17:16:09,538 | INFO     |   → 835/1203 ❌ HTTP 404 — https://raw.githubusercontent.com/gfpcom/free-proxy-list/main/list/socks5h.txt
2026-06-15 17:16:09,538 | INFO     |   → 836/1203 ❌ HTTP 404 — https://raw.githubusercontent.com/gfpcom/free-proxy-list/main/list/ss.txt
2026-06-15 17:16:09,538 | INFO     |   → 837/1203 ❌ HTTP 404 — https://raw.githubusercontent.com/gfpcom/free-proxy-list/main/list/ssr.txt
2026-06-15 17:16:09,538 | INFO     |   → 838/1203 ❌ HTTP 404 — https://raw.githubusercontent.com/gfpcom/free-proxy-list/main/list/trojan.txt
2026-06-15 17:16:09,539 | INFO     |   → 839/1203 ❌ HTTP 404 — https://raw.githubusercontent.com/gfpcom/free-proxy-list/main/list/vless.txt
2026-06-15 17:16:09,539 | INFO     |   → 840/1203 ❌ HTTP 404 — https://raw.githubusercontent.com/gfpcom/free-proxy-list/main/list/vmess.txt
2026-06-15 17:16:09,539 | INFO     |   → 841/1203: ✅ 0 взято | 🗑️ 17 мусор
2026-06-15 17:16:09,539 | INFO     |   → 842/1203: ✅ 0 взято | 🗑️ 0 мусор
2026-06-15 17:16:09,539 | INFO     |   → 843/1203: ✅ 4 взято | 🗑️ 63 мусор
2026-06-15 17:16:09,539 | INFO     |   → 844/1203 ❌ HTTP 404 — https://raw.githubusercontent.com/hameed-maleki/TVC/89a4522969c57dcc22458cae9898426e5c4f2679/lite/config.txt
2026-06-15 17:16:09,539 | INFO     |   → 845/1203: ✅ 5 взято | 🗑️ 132 мусор
2026-06-15 17:16:09,539 | INFO     |   → 846/1203: ✅ 0 взято | 🗑️ 56 мусор
2026-06-15 17:16:09,539 | INFO     |   → 847/1203 ❌ HTTP 404 — https://raw.githubusercontent.com/hkaa0/permalink/main/proxy/V2ray
2026-06-15 17:16:09,539 | INFO     |   → 848/1203 ❌ HTTP 404 — https://raw.githubusercontent.com/hkaa0/permalink/main/proxy/clash
2026-06-15 17:16:09,539 | INFO     |   → 849/1203 ❌ HTTP 404 — https://raw.githubusercontent.com/hkpc/Autoproxy/6cf946ddfc677a29062007e4b47d70674474baa7/sub/2401/240110.txt
2026-06-15 17:16:09,539 | INFO     |   → 850/1203 ❌ HTTP 404 — https://raw.githubusercontent.com/hkpc/V2ray-Configs/7d9aa0dabf947af180a7dd6302818ed37950531a/Sub1.txt
2026-06-15 17:16:09,539 | INFO     |   → 851/1203: ✅ 0 взято | 🗑️ 14 мусор
2026-06-15 17:16:09,539 | INFO     |   → 852/1203: ✅ 16 взято | 🗑️ 16 мусор
2026-06-15 17:16:09,539 | INFO     |   → 853/1203 ❌ HTTP 404 — https://raw.githubusercontent.com/iboxz/free-v2ray-collector/main/main
2026-06-15 17:16:09,539 | INFO     |   → 854/1203: ✅ 19 взято | 🗑️ 14 мусор
2026-06-15 17:16:09,539 | INFO     |   → 855/1203: ✅ 12 взято | 🗑️ 24 мусор
2026-06-15 17:16:09,539 | INFO     |   → 856/1203: ✅ 112 взято | 🗑️ 180 мусор
2026-06-15 17:16:09,539 | INFO     |   → 857/1203 ❌ HTTP 404 — https://raw.githubusercontent.com/igareck/vpn-configs-for-russia/refs/heads/main/Vless-Reality-White-Lists-Rus-Cable.txt
2026-06-15 17:16:09,540 | INFO     |   → 858/1203: ✅ 51 взято | 🗑️ 16 мусор
2026-06-15 17:16:09,540 | INFO     |   → 859/1203: ✅ 0 взято | 🗑️ 0 мусор
2026-06-15 17:16:09,540 | INFO     |   → 860/1203: ✅ 0 взято | 🗑️ 0 мусор
2026-06-15 17:16:09,540 | INFO     |   → 861/1203: ✅ 23 взято | 🗑️ 9 мусор
2026-06-15 17:16:09,540 | INFO     |   → 862/1203: ✅ 0 взято | 🗑️ 0 мусор
2026-06-15 17:16:09,540 | INFO     |   → 863/1203: ✅ 0 взято | 🗑️ 0 мусор
2026-06-15 17:16:09,540 | INFO     |   → 864/1203: ✅ 0 взято | 🗑️ 12 мусор
2026-06-15 17:16:09,540 | INFO     |   → 865/1203: ✅ 0 взято | 🗑️ 43 мусор
2026-06-15 17:16:09,540 | INFO     |   → 866/1203 ❌ HTTP 404 — https://raw.githubusercontent.com/jw853355718/clash_233/master/config.yml
2026-06-15 17:16:09,540 | INFO     |   → 867/1203: ✅ 0 взято | 🗑️ 210 мусор
2026-06-15 17:16:09,540 | INFO     |   → 868/1203: ✅ 0 взято | 🗑️ 0 мусор
2026-06-15 17:16:09,540 | INFO     |   → 869/1203: ✅ 0 взято | 🗑️ 0 мусор
2026-06-15 17:16:09,540 | INFO     |   → 870/1203 ❌ HTTP 404 — https://raw.githubusercontent.com/lcx12901/v2ray-/master/sspool.herokuapp.com/yzcloud.yaml
2026-06-15 17:16:09,540 | INFO     |   → 871/1203 ❌ HTTP 404 — https://raw.githubusercontent.com/lcx12901/v2ray-/master/sspool.herokuapp.com/yzcloud2.yaml
2026-06-15 17:16:09,540 | INFO     |   → 872/1203: ✅ 0 взято | 🗑️ 0 мусор
2026-06-15 17:16:09,540 | INFO     |   → 873/1203 ❌ HTTP 404 — https://raw.githubusercontent.com/learnhard-cn/free_proxy_ss/main/clash/config.yaml
2026-06-15 17:16:09,540 | INFO     |   → 874/1203: ✅ 0 взято | 🗑️ 8 мусор
2026-06-15 17:16:09,540 | INFO     |   → 875/1203: ✅ 0 взято | 🗑️ 4 мусор
2026-06-15 17:16:09,540 | INFO     |   → 876/1203: ✅ 0 взято | 🗑️ 0 мусор
2026-06-15 17:16:09,541 | INFO     |   → 877/1203: ✅ 0 взято | 🗑️ 4 мусор
2026-06-15 17:16:09,541 | INFO     |   → 878/1203: ✅ 0 взято | 🗑️ 149 мусор
2026-06-15 17:16:09,541 | INFO     |   → 879/1203: ✅ 0 взято | 🗑️ 421 мусор
2026-06-15 17:16:09,541 | INFO     |   → 880/1203 ❌ HTTP 404 — https://raw.githubusercontent.com/lisylva-lee/v2dyku/main/ssr
2026-06-15 17:16:09,541 | INFO     |   → 881/1203 ❌ HTTP 404 — https://raw.githubusercontent.com/lisylva-lee/v2dyku/main/v2dy
2026-06-15 17:16:09,541 | INFO     |   → 882/1203: ✅ 0 взято | 🗑️ 53 мусор
2026-06-15 17:16:09,541 | INFO     |   → 883/1203 ❌ HTTP 404 — https://raw.githubusercontent.com/luxl-1379/merge/77247d23def72b25226dfa741614e9b07a569c72/sub/sub_merge_base64.txt
2026-06-15 17:16:09,541 | INFO     |   → 884/1203: ✅ 146 взято | 🗑️ 343 мусор
2026-06-15 17:16:09,541 | INFO     |   → 885/1203: ✅ 0 взято | 🗑️ 127 мусор
2026-06-15 17:16:09,541 | INFO     |   → 886/1203: ✅ 598 взято | 🗑️ 3509 мусор
2026-06-15 17:16:09,541 | INFO     |   → 887/1203: ✅ 0 взято | 🗑️ 0 мусор
2026-06-15 17:16:09,541 | INFO     |   → 888/1203: ✅ 0 взято | 🗑️ 3509 мусор
2026-06-15 17:16:09,541 | INFO     |   → 889/1203: ✅ 59 взято | 🗑️ 331 мусор
2026-06-15 17:16:09,541 | INFO     |   → 890/1203 ❌ HTTP 404 — https://raw.githubusercontent.com/mermeroo/Clash-V2ray/main/v2ray
2026-06-15 17:16:09,541 | INFO     |   → 891/1203: ✅ 15 взято | 🗑️ 417 мусор
2026-06-15 17:16:09,541 | INFO     |   → 892/1203: ✅ 6 взято | 🗑️ 102 мусор
2026-06-15 17:16:09,541 | INFO     |   → 893/1203: ✅ 716 взято | 🗑️ 6258 мусор
2026-06-15 17:16:09,542 | INFO     |   → 894/1203: ✅ 8 взято | 🗑️ 853 мусор
2026-06-15 17:16:09,542 | INFO     |   → 895/1203: ✅ 32 взято | 🗑️ 69 мусор
2026-06-15 17:16:09,542 | INFO     |   → 896/1203 ❌ HTTP 404 — https://raw.githubusercontent.com/mermeroo/free-v2ray-collector/main/main/mix
2026-06-15 17:16:09,542 | INFO     |   → 897/1203 ❌ HTTP 404 — https://raw.githubusercontent.com/mermeroo/free-v2ray-collector/main/main/reality
2026-06-15 17:16:09,542 | INFO     |   → 898/1203 ❌ HTTP 404 — https://raw.githubusercontent.com/mermeroo/free-v2ray-collector/main/main/shadowsocks
2026-06-15 17:16:09,542 | INFO     |   → 899/1203 ❌ HTTP 404 — https://raw.githubusercontent.com/mermeroo/free-v2ray-collector/main/main/trojan
2026-06-15 17:16:09,542 | INFO     |   → 900/1203 ❌ HTTP 404 — https://raw.githubusercontent.com/mermeroo/free-v2ray-collector/main/main/vless
2026-06-15 17:16:09,542 | INFO     |   → 901/1203 ❌ HTTP 404 — https://raw.githubusercontent.com/mermeroo/free-v2ray-collector/main/main/vmess
2026-06-15 17:16:09,542 | INFO     |   → 902/1203 ❌ HTTP 404 — https://raw.githubusercontent.com/mfuu/v2ray/master/merge/merge.txt
2026-06-15 17:16:09,542 | INFO     |   → 903/1203: ✅ 0 взято | 🗑️ 56 мусор
2026-06-15 17:16:09,542 | INFO     |   → 904/1203: ✅ 0 взято | 🗑️ 56 мусор
2026-06-15 17:16:09,542 | INFO     |   → 905/1203: ✅ 558 взято | 🗑️ 13324 мусор
2026-06-15 17:16:09,542 | INFO     |   → 906/1203: ✅ 0 взято | 🗑️ 13324 мусор
2026-06-15 17:16:09,542 | INFO     |   → 907/1203: ✅ 0 взято | 🗑️ 2824 мусор
2026-06-15 17:16:09,542 | INFO     |   → 908/1203: ✅ 0 взято | 🗑️ 1666 мусор
2026-06-15 17:16:09,542 | INFO     |   → 909/1203: ✅ 0 взято | 🗑️ 4952 мусор
2026-06-15 17:16:09,542 | INFO     |   → 910/1203: ✅ 0 взято | 🗑️ 3882 мусор
2026-06-15 17:16:09,542 | INFO     |   → 911/1203 ❌ HTTP 404 — https://raw.githubusercontent.com/mianous/qiren/main/qiren.txt
2026-06-15 17:16:09,542 | INFO     |   → 912/1203 ❌ HTTP 404 — https://raw.githubusercontent.com/miladtahanian/V2RayCFGDumper/refs/heads/main/config.txt
2026-06-15 17:16:09,543 | INFO     |   → 913/1203 ❌ HTTP 404 — https://raw.githubusercontent.com/miladtahanian/multi-proxy-config-fetcher/refs/heads/main/configs/proxy_configs.txt
2026-06-15 17:16:09,543 | INFO     |   → 914/1203: ✅ 0 взято | 🗑️ 0 мусор
2026-06-15 17:16:09,543 | INFO     |   → 915/1203: ✅ 0 взято | 🗑️ 0 мусор
2026-06-15 17:16:09,543 | INFO     |   → 916/1203: ✅ 0 взято | 🗑️ 0 мусор
2026-06-15 17:16:09,543 | INFO     |   → 917/1203: ✅ 15 взято | 🗑️ 46 мусор
2026-06-15 17:16:09,543 | INFO     |   → 918/1203: ✅ 0 взято | 🗑️ 180 мусор
2026-06-15 17:16:09,543 | INFO     |   → 919/1203: ✅ 0 взято | 🗑️ 0 мусор
2026-06-15 17:16:09,543 | INFO     |   → 920/1203: ✅ 28 взято | 🗑️ 93 мусор
2026-06-15 17:16:09,543 | INFO     |   → 921/1203: ✅ 0 взято | 🗑️ 0 мусор
2026-06-15 17:16:09,543 | INFO     |   → 922/1203: ✅ 15 взято | 🗑️ 70 мусор
2026-06-15 17:16:09,543 | INFO     |   → 923/1203: ✅ 127 взято | 🗑️ 492 мусор
2026-06-15 17:16:09,543 | INFO     |   → 924/1203: ✅ 331 взято | 🗑️ 190 мусор
2026-06-15 17:16:09,543 | INFO     |   → 925/1203: ✅ 27 взято | 🗑️ 610 мусор
2026-06-15 17:16:09,543 | INFO     |   → 926/1203 ❌ HTTP 404 — https://raw.githubusercontent.com/obscure1990/freeVM/master/snippets/nodes.yml
2026-06-15 17:16:09,543 | INFO     |   → 927/1203 ❌ HTTP 404 — https://raw.githubusercontent.com/op30mmd/things/909b38024ba14d69dc0f95c238f63bc6e930a00f/eut.txt
2026-06-15 17:16:09,543 | INFO     |   → 928/1203 ❌ HTTP 404 — https://raw.githubusercontent.com/openRunner/clash-freenode/main/v2ray.txt
2026-06-15 17:16:09,543 | INFO     |   → 929/1203 ❌ HTTP 404 — https://raw.githubusercontent.com/oslook/clash-freenode/main/clash.yaml
2026-06-15 17:16:09,543 | INFO     |   → 930/1203: ✅ 0 взято | 🗑️ 0 мусор
2026-06-15 17:16:09,543 | INFO     |   → 931/1203: ✅ 4 взято | 🗑️ 1 мусор
2026-06-15 17:16:09,544 | INFO     |   → 932/1203: ✅ 0 взято | 🗑️ 0 мусор
2026-06-15 17:16:09,544 | INFO     |   → 933/1203: ✅ 3 взято | 🗑️ 58 мусор
2026-06-15 17:16:09,544 | INFO     |   → 934/1203: ✅ 0 взято | 🗑️ 0 мусор
2026-06-15 17:16:09,544 | INFO     |   → 935/1203: ✅ 0 взято | 🗑️ 0 мусор
2026-06-15 17:16:09,544 | INFO     |   → 936/1203: ✅ 0 взято | 🗑️ 19 мусор
2026-06-15 17:16:09,544 | INFO     |   → 937/1203: ✅ 0 взято | 🗑️ 44 мусор
2026-06-15 17:16:09,544 | INFO     |   → 938/1203: ✅ 63 взято | 🗑️ 521 мусор
2026-06-15 17:16:09,544 | INFO     |   → 939/1203: ✅ 165 взято | 🗑️ 273 мусор
2026-06-15 17:16:09,544 | INFO     |   → 940/1203: ✅ 0 взято | 🗑️ 0 мусор
2026-06-15 17:16:09,544 | INFO     |   → 941/1203: ✅ 28 взято | 🗑️ 211 мусор
2026-06-15 17:16:09,544 | INFO     |   → 942/1203: ✅ 0 взято | 🗑️ 79 мусор
2026-06-15 17:16:09,544 | INFO     |   → 943/1203: ✅ 13 взято | 🗑️ 32 мусор
2026-06-15 17:16:09,544 | INFO     |   → 944/1203: ✅ 0 взято | 🗑️ 0 мусор
2026-06-15 17:16:09,544 | INFO     |   → 945/1203: ✅ 2 взято | 🗑️ 9 мусор
2026-06-15 17:16:09,544 | INFO     |   → 946/1203: ✅ 11 взято | 🗑️ 76 мусор
2026-06-15 17:16:09,544 | INFO     |   → 947/1203: ✅ 0 взято | 🗑️ 168 мусор
2026-06-15 17:16:09,544 | INFO     |   → 948/1203: ✅ 0 взято | 🗑️ 79 мусор
2026-06-15 17:16:09,544 | INFO     |   → 949/1203: ✅ 0 взято | 🗑️ 15 мусор
2026-06-15 17:16:09,545 | INFO     |   → 950/1203 ❌ HTTP 404 — https://raw.githubusercontent.com/ronghuaxueleng/get_v2/main/pub/changfengoss.yaml
2026-06-15 17:16:09,545 | INFO     |   → 951/1203: ✅ 0 взято | 🗑️ 0 мусор
2026-06-15 17:16:09,545 | INFO     |   → 952/1203: ✅ 98 взято | 🗑️ 48 мусор
2026-06-15 17:16:09,545 | INFO     |   → 953/1203: ✅ 0 взято | 🗑️ 48 мусор
2026-06-15 17:16:09,545 | INFO     |   → 954/1203 ❌ HTTP 404 — https://raw.githubusercontent.com/rxsweet/CM_Vmess/refs/heads/main/test.txt
2026-06-15 17:16:09,545 | INFO     |   → 955/1203 ❌ HTTP 404 — https://raw.githubusercontent.com/rxsweet/proxies/main/sub/free.yaml
2026-06-15 17:16:09,545 | INFO     |   → 956/1203 ❌ HTTP 404 — https://raw.githubusercontent.com/rxsweet/proxies/main/sub/rx.yaml
2026-06-15 17:16:09,545 | INFO     |   → 957/1203 ❌ HTTP 404 — https://raw.githubusercontent.com/rxsweet/proxies/main/sub/sources/dynamicAll.yaml
2026-06-15 17:16:09,545 | INFO     |   → 958/1203 ❌ HTTP 404 — https://raw.githubusercontent.com/rxsweet/proxies/main/sub/sources/miningAll.yaml
2026-06-15 17:16:09,545 | INFO     |   → 959/1203 ❌ HTTP 404 — https://raw.githubusercontent.com/rxsweet/proxies/main/sub/srx.yaml
2026-06-15 17:16:09,545 | INFO     |   → 960/1203 ❌ HTTP 404 — https://raw.githubusercontent.com/sajad-sajadi/V2ray-Collector/raw/main/output/protocols/vmess.txt
2026-06-15 17:16:09,545 | INFO     |   → 961/1203 ❌ HTTP 404 — https://raw.githubusercontent.com/sakha1370/OpenRay/raw/refs/heads/main/output/all_valid_proxies.txt
2026-06-15 17:16:09,545 | INFO     |   → 962/1203: ✅ 53 взято | 🗑️ 399 мусор
2026-06-15 17:16:09,545 | INFO     |   → 963/1203: ✅ 0 взято | 🗑️ 399 мусор
2026-06-15 17:16:09,545 | INFO     |   → 964/1203 ❌ HTTP 404 — https://raw.githubusercontent.com/samjoeyang/subscribe/main/fly
2026-06-15 17:16:09,545 | INFO     |   → 965/1203: ✅ 0 взято | 🗑️ 0 мусор
2026-06-15 17:16:09,545 | INFO     |   → 966/1203 ❌ HTTP 404 — https://raw.githubusercontent.com/sarina-ad/v2ray/main/v2ray
2026-06-15 17:16:09,545 | INFO     |   → 967/1203 ❌ HTTP 404 — https://raw.githubusercontent.com/satrom/V2SSR/master/SSR/Sub.txt
2026-06-15 17:16:09,545 | INFO     |   → 968/1203 ❌ HTTP 404 — https://raw.githubusercontent.com/satrom/V2SSR/master/V2RAY/Sub.txt
2026-06-15 17:16:09,546 | INFO     |   → 969/1203: ✅ 8927 взято | 🗑️ 167681 мусор
2026-06-15 17:16:09,546 | INFO     |   → 970/1203: ✅ 0 взято | 🗑️ 0 мусор
2026-06-15 17:16:09,546 | INFO     |   → 971/1203: ✅ 0 взято | 🗑️ 0 мусор
2026-06-15 17:16:09,546 | INFO     |   → 972/1203: ✅ 3 взято | 🗑️ 49 мусор
2026-06-15 17:16:09,546 | INFO     |   → 973/1203: ✅ 320 взято | 🗑️ 2363 мусор
2026-06-15 17:16:09,546 | INFO     |   → 974/1203: ✅ 0 взято | 🗑️ 1165 мусор
2026-06-15 17:16:09,546 | INFO     |   → 975/1203: ✅ 0 взято | 🗑️ 133 мусор
2026-06-15 17:16:09,546 | INFO     |   → 976/1203: ✅ 0 взято | 🗑️ 1028 мусор
2026-06-15 17:16:09,546 | INFO     |   → 977/1203: ✅ 0 взято | 🗑️ 37 мусор
2026-06-15 17:16:09,546 | INFO     |   → 978/1203: ✅ 0 взято | 🗑️ 2363 мусор
2026-06-15 17:16:09,546 | INFO     |   → 979/1203: ✅ 0 взято | 🗑️ 0 мусор
2026-06-15 17:16:09,546 | INFO     |   → 980/1203 ❌ HTTP 404 — https://raw.githubusercontent.com/shirkerboy/scp/main/sub
2026-06-15 17:16:09,546 | INFO     |   → 981/1203 ❌ HTTP 404 — https://raw.githubusercontent.com/snakem982/proxypool/main/nodelist.txt
2026-06-15 17:16:09,546 | INFO     |   → 982/1203: ✅ 0 взято | 🗑️ 1 мусор
2026-06-15 17:16:09,546 | INFO     |   → 983/1203 ❌ HTTP 404 — https://raw.githubusercontent.com/snakem982/proxypool/main/source/v2ray.txt
2026-06-15 17:16:09,546 | INFO     |   → 984/1203 ❌ HTTP 404 — https://raw.githubusercontent.com/soroushmirzaei/telegram-configs-collector/main/channels/protocols/hysteria
2026-06-15 17:16:09,546 | INFO     |   → 985/1203 ❌ HTTP 404 — https://raw.githubusercontent.com/soroushmirzaei/telegram-configs-collector/main/channels/protocols/juicity
2026-06-15 17:16:09,546 | INFO     |   → 986/1203 ❌ HTTP 404 — https://raw.githubusercontent.com/soroushmirzaei/telegram-configs-collector/main/channels/protocols/reality
2026-06-15 17:16:09,546 | INFO     |   → 987/1203 ❌ HTTP 404 — https://raw.githubusercontent.com/soroushmirzaei/telegram-configs-collector/main/channels/protocols/shadowsocks
2026-06-15 17:16:09,547 | INFO     |   → 988/1203 ❌ HTTP 404 — https://raw.githubusercontent.com/soroushmirzaei/telegram-configs-collector/main/channels/protocols/trojan
2026-06-15 17:16:09,547 | INFO     |   → 989/1203 ❌ HTTP 404 — https://raw.githubusercontent.com/soroushmirzaei/telegram-configs-collector/main/channels/protocols/tuic
2026-06-15 17:16:09,547 | INFO     |   → 990/1203 ❌ HTTP 404 — https://raw.githubusercontent.com/soroushmirzaei/telegram-configs-collector/main/channels/protocols/vless
2026-06-15 17:16:09,547 | INFO     |   → 991/1203 ❌ HTTP 404 — https://raw.githubusercontent.com/soroushmirzaei/telegram-configs-collector/main/channels/protocols/vmess
2026-06-15 17:16:09,547 | INFO     |   → 992/1203 ❌ HTTP 404 — https://raw.githubusercontent.com/soroushmirzaei/telegram-configs-collector/main/countries/jp/mixed
2026-06-15 17:16:09,547 | INFO     |   → 993/1203 ❌ HTTP 404 — https://raw.githubusercontent.com/soroushmirzaei/telegram-configs-collector/main/protocols/hysteria
2026-06-15 17:16:09,547 | INFO     |   → 994/1203 ❌ HTTP 404 — https://raw.githubusercontent.com/soroushmirzaei/telegram-configs-collector/main/protocols/juicity
2026-06-15 17:16:09,547 | INFO     |   → 995/1203 ❌ HTTP 404 — https://raw.githubusercontent.com/soroushmirzaei/telegram-configs-collector/main/protocols/reality
2026-06-15 17:16:09,547 | INFO     |   → 996/1203 ❌ HTTP 404 — https://raw.githubusercontent.com/soroushmirzaei/telegram-configs-collector/main/protocols/shadowsocks
2026-06-15 17:16:09,547 | INFO     |   → 997/1203 ❌ HTTP 404 — https://raw.githubusercontent.com/soroushmirzaei/telegram-configs-collector/main/protocols/trojan
2026-06-15 17:16:09,547 | INFO     |   → 998/1203 ❌ HTTP 404 — https://raw.githubusercontent.com/soroushmirzaei/telegram-configs-collector/main/protocols/tuic
2026-06-15 17:16:09,547 | INFO     |   → 999/1203 ❌ HTTP 404 — https://raw.githubusercontent.com/soroushmirzaei/telegram-configs-collector/main/protocols/vless
2026-06-15 17:16:09,547 | INFO     |   → 1000/1203 ❌ HTTP 404 — https://raw.githubusercontent.com/soroushmirzaei/telegram-configs-collector/main/protocols/vmess
2026-06-15 17:16:09,547 | INFO     |   → 1001/1203 ❌ HTTP 404 — https://raw.githubusercontent.com/soroushmirzaei/telegram-configs-collector/main/splitted/subscribe
2026-06-15 17:16:09,547 | INFO     |   → 1002/1203 ❌ HTTP 404 — https://raw.githubusercontent.com/ssrsub/ssr/master/Clash.yml
2026-06-15 17:16:09,547 | INFO     |   → 1003/1203 ❌ HTTP 404 — https://raw.githubusercontent.com/ssrsub/ssr/master/V2Ray
2026-06-15 17:16:09,547 | INFO     |   → 1004/1203 ❌ HTTP 404 — https://raw.githubusercontent.com/ssrsub/ssr/master/ss-sub
2026-06-15 17:16:09,547 | INFO     |   → 1005/1203 ❌ HTTP 404 — https://raw.githubusercontent.com/ssrsub/ssr/master/ssrsub
2026-06-15 17:16:09,547 | INFO     |   → 1006/1203 ❌ HTTP 404 — https://raw.githubusercontent.com/ssrsub/ssr/master/trojan
2026-06-15 17:16:09,548 | INFO     |   → 1007/1203: ✅ 0 взято | 🗑️ 0 мусор
2026-06-15 17:16:09,548 | INFO     |   → 1008/1203: ✅ 2 взято | 🗑️ 12 мусор
2026-06-15 17:16:09,548 | INFO     |   → 1009/1203: ✅ 0 взято | 🗑️ 13 мусор
2026-06-15 17:16:09,548 | INFO     |   → 1010/1203: ✅ 0 взято | 🗑️ 13 мусор
2026-06-15 17:16:09,548 | INFO     |   → 1011/1203 ❌ HTTP 404 — https://raw.githubusercontent.com/tbbatbb/Proxy/master/dist/clash.config.yaml
2026-06-15 17:16:09,548 | INFO     |   → 1012/1203: ✅ 2 взято | 🗑️ 35 мусор
2026-06-15 17:16:09,548 | INFO     |   → 1013/1203: ✅ 0 взято | 🗑️ 0 мусор
2026-06-15 17:16:09,548 | INFO     |   → 1014/1203: ✅ 5 взято | 🗑️ 111 мусор
2026-06-15 17:16:09,548 | INFO     |   → 1015/1203: ✅ 0 взято | 🗑️ 0 мусор
2026-06-15 17:16:09,548 | INFO     |   → 1016/1203: ✅ 3 взято | 🗑️ 35 мусор
2026-06-15 17:16:09,548 | INFO     |   → 1017/1203 ❌ HTTP 404 — https://raw.githubusercontent.com/v2clash/Autoproxy/a81f840ab2364124133572ec94e4b81fb0d4e58d/sub/2401/240104.txt
2026-06-15 17:16:09,548 | INFO     |   → 1018/1203 ❌ HTTP 404 — https://raw.githubusercontent.com/v2clash/V2ray-Configs/31f493c584d0c7b56350f4a34d80c53ad82bcc18/Sub9.txt
2026-06-15 17:16:09,548 | INFO     |   → 1019/1203: ✅ 0 взято | 🗑️ 0 мусор
2026-06-15 17:16:09,548 | INFO     |   → 1020/1203: ✅ 0 взято | 🗑️ 0 мусор
2026-06-15 17:16:09,548 | INFO     |   → 1021/1203: ✅ 0 взято | 🗑️ 0 мусор
2026-06-15 17:16:09,548 | INFO     |   → 1022/1203: ✅ 283 взято | 🗑️ 9640 мусор
2026-06-15 17:16:09,548 | INFO     |   → 1023/1203: ✅ 281 взято | 🗑️ 10086 мусор
2026-06-15 17:16:09,548 | INFO     |   → 1024/1203: ✅ 280 взято | 🗑️ 9675 мусор
2026-06-15 17:16:09,548 | INFO     |   → 1025/1203: ✅ 334 взято | 🗑️ 9823 мусор
2026-06-15 17:16:09,549 | INFO     |   → 1026/1203: ✅ 350 взято | 🗑️ 9639 мусор
2026-06-15 17:16:09,549 | INFO     |   → 1027/1203: ✅ 125 взято | 🗑️ 7919 мусор
2026-06-15 17:16:09,549 | INFO     |   → 1028/1203: ✅ 135 взято | 🗑️ 4836 мусор
2026-06-15 17:16:09,549 | INFO     |   → 1029/1203: ✅ 502 взято | 🗑️ 7659 мусор
2026-06-15 17:16:09,549 | INFO     |   → 1030/1203: ✅ 631 взято | 🗑️ 8081 мусор
2026-06-15 17:16:09,549 | INFO     |   → 1031/1203: ✅ 202 взято | 🗑️ 5131 мусор
2026-06-15 17:16:09,549 | INFO     |   → 1032/1203 ❌ HTTP 404 — https://raw.githubusercontent.com/vveg26/chromego_merge/main/sub/merged_proxies.yaml
2026-06-15 17:16:09,549 | INFO     |   → 1033/1203 ❌ HTTP 404 — https://raw.githubusercontent.com/vveg26/get_proxy/main/dist/clash.config.yaml
2026-06-15 17:16:09,549 | INFO     |   → 1034/1203: ✅ 0 взято | 🗑️ 10 мусор
2026-06-15 17:16:09,549 | INFO     |   → 1035/1203: ✅ 0 взято | 🗑️ 10 мусор
2026-06-15 17:16:09,549 | INFO     |   → 1036/1203: ✅ 0 взято | 🗑️ 4 мусор
2026-06-15 17:16:09,549 | INFO     |   → 1037/1203: ✅ 0 взято | 🗑️ 0 мусор
2026-06-15 17:16:09,549 | INFO     |   → 1038/1203: ✅ 0 взято | 🗑️ 4 мусор
2026-06-15 17:16:09,549 | INFO     |   → 1039/1203: ✅ 106 взято | 🗑️ 689 мусор
2026-06-15 17:16:09,549 | INFO     |   → 1040/1203: ✅ 48 взято | 🗑️ 841 мусор
2026-06-15 17:16:09,549 | INFO     |   → 1041/1203: ✅ 21 взято | 🗑️ 789 мусор
2026-06-15 17:16:09,549 | INFO     |   → 1042/1203: ✅ 24 взято | 🗑️ 774 мусор
2026-06-15 17:16:09,549 | INFO     |   → 1043/1203: ✅ 52 взято | 🗑️ 756 мусор
2026-06-15 17:16:09,549 | INFO     |   → 1044/1203: ✅ 191 взято | 🗑️ 745 мусор
2026-06-15 17:16:09,549 | INFO     |   → 1045/1203: ✅ 9 взято | 🗑️ 651 мусор
2026-06-15 17:16:09,550 | INFO     |   → 1046/1203: ✅ 185 взято | 🗑️ 388 мусор
2026-06-15 17:16:09,550 | INFO     |   → 1047/1203: ✅ 130 взято | 🗑️ 523 мусор
2026-06-15 17:16:09,550 | INFO     |   → 1048/1203: ✅ 67 взято | 🗑️ 533 мусор
2026-06-15 17:16:09,550 | INFO     |   → 1049/1203: ✅ 98 взято | 🗑️ 444 мусор
2026-06-15 17:16:09,550 | INFO     |   → 1050/1203: ✅ 102 взято | 🗑️ 670 мусор
2026-06-15 17:16:09,550 | INFO     |   → 1051/1203: ✅ 86 взято | 🗑️ 476 мусор
2026-06-15 17:16:09,550 | INFO     |   → 1052/1203: ✅ 95 взято | 🗑️ 657 мусор
2026-06-15 17:16:09,550 | INFO     |   → 1053/1203: ✅ 105 взято | 🗑️ 645 мусор
2026-06-15 17:16:09,550 | INFO     |   → 1054/1203: ✅ 115 взято | 🗑️ 985 мусор
2026-06-15 17:16:09,550 | INFO     |   → 1055/1203: ✅ 6 взято | 🗑️ 63 мусор
2026-06-15 17:16:09,550 | INFO     |   → 1056/1203: ✅ 7 взято | 🗑️ 62 мусор
2026-06-15 17:16:09,550 | INFO     |   → 1057/1203: ✅ 39 взято | 🗑️ 489 мусор
2026-06-15 17:16:09,550 | INFO     |   → 1058/1203: ✅ 0 взято | 🗑️ 0 мусор
2026-06-15 17:16:09,550 | INFO     |   → 1059/1203: ✅ 0 взято | 🗑️ 0 мусор
2026-06-15 17:16:09,550 | INFO     |   → 1060/1203: ✅ 0 взято | 🗑️ 0 мусор
2026-06-15 17:16:09,550 | INFO     |   → 1061/1203: ✅ 0 взято | 🗑️ 0 мусор
2026-06-15 17:16:09,550 | INFO     |   → 1062/1203: ✅ 0 взято | 🗑️ 0 мусор
2026-06-15 17:16:09,550 | INFO     |   → 1063/1203: ✅ 0 взято | 🗑️ 52 мусор
2026-06-15 17:16:09,550 | INFO     |   → 1064/1203: ✅ 5 взято | 🗑️ 10 мусор
2026-06-15 17:16:09,551 | INFO     |   → 1065/1203: ✅ 1 взято | 🗑️ 124 мусор
2026-06-15 17:16:09,551 | INFO     |   → 1066/1203: ✅ 189 взято | 🗑️ 185 мусор
2026-06-15 17:16:09,551 | INFO     |   → 1067/1203: ✅ 0 взято | 🗑️ 9 мусор
2026-06-15 17:16:09,551 | INFO     |   → 1068/1203: ✅ 7 взято | 🗑️ 674 мусор
2026-06-15 17:16:09,551 | INFO     |   → 1069/1203 ❌ HTTP 404 — https://raw.githubusercontent.com/xiaozhu2007/xiaozhu2007/61a755a044dbaeea678bc2d1e20f21a21c6d7170/docs/fxxk.txt
2026-06-15 17:16:09,551 | INFO     |   → 1070/1203: ✅ 1 взято | 🗑️ 159 мусор
2026-06-15 17:16:09,551 | INFO     |   → 1071/1203: ✅ 0 взято | 🗑️ 22 мусор
2026-06-15 17:16:09,551 | INFO     |   → 1072/1203: ✅ 0 взято | 🗑️ 0 мусор
2026-06-15 17:16:09,551 | INFO     |   → 1073/1203 ❌ HTTP 404 — https://raw.githubusercontent.com/yebekhe/TVC/0f745f92bf381e505f1245abbc7c145b19b11503/config.txt
2026-06-15 17:16:09,551 | INFO     |   → 1074/1203 ❌ HTTP 404 — https://raw.githubusercontent.com/yebekhe/TVC/9fac69239c69327fb7a61f5a8d79d107133889e1/lite/config.txt
2026-06-15 17:16:09,551 | INFO     |   → 1075/1203 ❌ HTTP 404 — https://raw.githubusercontent.com/yebekhe/TelegramV2rayCollector/main/sub/normal/donated
2026-06-15 17:16:09,551 | INFO     |   → 1076/1203 ❌ HTTP 404 — https://raw.githubusercontent.com/yebekhe/TelegramV2rayCollector/main/sub/normal/hysteria2
2026-06-15 17:16:09,551 | INFO     |   → 1077/1203 ❌ HTTP 404 — https://raw.githubusercontent.com/yebekhe/TelegramV2rayCollector/main/sub/normal/mix
2026-06-15 17:16:09,551 | INFO     |   → 1078/1203 ❌ HTTP 404 — https://raw.githubusercontent.com/yebekhe/TelegramV2rayCollector/main/sub/normal/reality
2026-06-15 17:16:09,551 | INFO     |   → 1079/1203 ❌ HTTP 404 — https://raw.githubusercontent.com/yebekhe/TelegramV2rayCollector/main/sub/normal/shadowsocks
2026-06-15 17:16:09,551 | INFO     |   → 1080/1203 ❌ HTTP 404 — https://raw.githubusercontent.com/yebekhe/TelegramV2rayCollector/main/sub/normal/trojan
2026-06-15 17:16:09,551 | INFO     |   → 1081/1203 ❌ HTTP 404 — https://raw.githubusercontent.com/yebekhe/TelegramV2rayCollector/main/sub/normal/tuic
2026-06-15 17:16:09,551 | INFO     |   → 1082/1203 ❌ HTTP 404 — https://raw.githubusercontent.com/yebekhe/TelegramV2rayCollector/main/sub/normal/vless
2026-06-15 17:16:09,551 | INFO     |   → 1083/1203 ❌ HTTP 404 — https://raw.githubusercontent.com/yebekhe/TelegramV2rayCollector/main/sub/normal/vmess
2026-06-15 17:16:09,552 | INFO     |   → 1084/1203 ❌ HTTP 404 — https://raw.githubusercontent.com/yebekhe/V2Hub/main/Split/Normal/shadowsocks
2026-06-15 17:16:09,552 | INFO     |   → 1085/1203 ❌ HTTP 404 — https://raw.githubusercontent.com/yebekhe/V2Hub/main/merged
2026-06-15 17:16:09,552 | INFO     |   → 1086/1203: ✅ 0 взято | 🗑️ 30 мусор
2026-06-15 17:16:09,552 | INFO     |   → 1087/1203: ✅ 1239 взято | 🗑️ 10035 мусор
2026-06-15 17:16:09,552 | INFO     |   → 1088/1203: ✅ 6 взято | 🗑️ 454 мусор
2026-06-15 17:16:09,552 | INFO     |   → 1089/1203: ✅ 12 взято | 🗑️ 383 мусор
2026-06-15 17:16:09,552 | INFO     |   → 1090/1203: ✅ 223 взято | 🗑️ 413 мусор
2026-06-15 17:16:09,552 | INFO     |   → 1091/1203: ✅ 0 взято | 🗑️ 1877 мусор
2026-06-15 17:16:09,552 | INFO     |   → 1092/1203: ✅ 2 взято | 🗑️ 582 мусор
2026-06-15 17:16:09,552 | INFO     |   → 1093/1203 ❌ HTTP 404 — https://raw.githubusercontent.com/yyyr-otz/tele-providers-collector/019cb3e07ee52fddbc7caa54fc670c6b9bae6539/sub/proxies.txt
2026-06-15 17:16:09,552 | INFO     |   → 1094/1203 ❌ HTTP 404 — https://raw.githubusercontent.com/yyyr-otz/tele-providers-collector/b7a74ee98bcf02c5a507d688a1bed3aa9f7f4ed1/script/raw/protocols/mixed.txt
2026-06-15 17:16:09,552 | INFO     |   → 1095/1203: ✅ 0 взято | 🗑️ 0 мусор
2026-06-15 17:16:09,552 | INFO     |   → 1096/1203: ✅ 0 взято | 🗑️ 0 мусор
2026-06-15 17:16:09,552 | INFO     |   → 1097/1203: ✅ 1 взято | 🗑️ 18 мусор
2026-06-15 17:16:09,552 | INFO     |   → 1098/1203: ✅ 2 взято | 🗑️ 13 мусор
2026-06-15 17:16:09,552 | INFO     |   → 1099/1203: ✅ 0 взято | 🗑️ 5 мусор
2026-06-15 17:16:09,552 | INFO     |   → 1100/1203: ✅ 0 взято | 🗑️ 0 мусор
2026-06-15 17:16:09,552 | INFO     |   → 1101/1203 ⚠️ Ошибка: ('Connection aborted.', RemoteDisconnected('Remote end closed connection without response')) — https://sub.pmsub.me/clash.yaml
2026-06-15 17:16:09,552 | INFO     |   → 1102/1203: ✅ 0 взято | 🗑️ 1 мусор
2026-06-15 17:16:09,553 | INFO     |   → 1103/1203: ✅ 8 взято | 🗑️ 21 мусор
2026-06-15 17:16:09,553 | INFO     |   → 1104/1203: ✅ 0 взято | 🗑️ 0 мусор
2026-06-15 17:16:09,553 | INFO     |   → 1105/1203: ✅ 9 взято | 🗑️ 19 мусор
2026-06-15 17:16:09,553 | INFO     |   → 1106/1203: ✅ 0 взято | 🗑️ 0 мусор
2026-06-15 17:16:09,553 | INFO     |   → 1107/1203: ✅ 2 взято | 🗑️ 14 мусор
2026-06-15 17:16:09,553 | INFO     |   → 1108/1203: ✅ 4 взято | 🗑️ 22 мусор
2026-06-15 17:16:09,553 | INFO     |   → 1109/1203: ✅ 0 взято | 🗑️ 0 мусор
2026-06-15 17:16:09,553 | INFO     |   → 1110/1203: ✅ 0 взято | 🗑️ 0 мусор
2026-06-15 17:16:09,553 | INFO     |   → 1111/1203: ✅ 0 взято | 🗑️ 0 мусор
2026-06-15 17:16:09,553 | INFO     |   → 1112/1203: ✅ 2 взято | 🗑️ 16 мусор
2026-06-15 17:16:09,553 | INFO     |   → 1113/1203: ✅ 0 взято | 🗑️ 0 мусор
2026-06-15 17:16:09,553 | INFO     |   → 1114/1203: ✅ 4 взято | 🗑️ 7 мусор
2026-06-15 17:16:09,553 | INFO     |   → 1115/1203: ✅ 0 взято | 🗑️ 0 мусор
2026-06-15 17:16:09,553 | INFO     |   → 1116/1203: ✅ 6 взято | 🗑️ 14 мусор
2026-06-15 17:16:09,553 | INFO     |   → 1117/1203: ✅ 0 взято | 🗑️ 0 мусор
2026-06-15 17:16:09,553 | INFO     |   → 1118/1203: ✅ 2 взято | 🗑️ 13 мусор
2026-06-15 17:16:09,553 | INFO     |   → 1119/1203: ✅ 0 взято | 🗑️ 0 мусор
2026-06-15 17:16:09,553 | INFO     |   → 1120/1203: ✅ 0 взято | 🗑️ 0 мусор
2026-06-15 17:16:09,553 | INFO     |   → 1121/1203: ✅ 2 взято | 🗑️ 7 мусор
2026-06-15 17:16:09,554 | INFO     |   → 1122/1203: ✅ 1 взято | 🗑️ 14 мусор
2026-06-15 17:16:09,554 | INFO     |   → 1123/1203: ✅ 2 взято | 🗑️ 14 мусор
2026-06-15 17:16:09,554 | INFO     |   → 1124/1203: ✅ 0 взято | 🗑️ 0 мусор
2026-06-15 17:16:09,554 | INFO     |   → 1125/1203: ✅ 3 взято | 🗑️ 22 мусор
2026-06-15 17:16:09,554 | INFO     |   → 1126/1203: ✅ 0 взято | 🗑️ 0 мусор
2026-06-15 17:16:09,554 | INFO     |   → 1127/1203: ✅ 2 взято | 🗑️ 15 мусор
2026-06-15 17:16:09,554 | INFO     |   → 1128/1203: ✅ 3 взято | 🗑️ 12 мусор
2026-06-15 17:16:09,554 | INFO     |   → 1129/1203: ✅ 0 взято | 🗑️ 0 мусор
2026-06-15 17:16:09,554 | INFO     |   → 1130/1203: ✅ 0 взято | 🗑️ 0 мусор
2026-06-15 17:16:09,554 | INFO     |   → 1131/1203: ✅ 0 взято | 🗑️ 0 мусор
2026-06-15 17:16:09,554 | INFO     |   → 1132/1203: ✅ 4 взято | 🗑️ 11 мусор
2026-06-15 17:16:09,554 | INFO     |   → 1133/1203: ✅ 10 взято | 🗑️ 15 мусор
2026-06-15 17:16:09,554 | INFO     |   → 1134/1203: ✅ 0 взято | 🗑️ 0 мусор
2026-06-15 17:16:09,554 | INFO     |   → 1135/1203: ✅ 13 взято | 🗑️ 15 мусор
2026-06-15 17:16:09,554 | INFO     |   → 1136/1203: ✅ 0 взято | 🗑️ 0 мусор
2026-06-15 17:16:09,554 | INFO     |   → 1137/1203: ✅ 5 взято | 🗑️ 15 мусор
2026-06-15 17:16:09,554 | INFO     |   → 1138/1203: ✅ 0 взято | 🗑️ 0 мусор
2026-06-15 17:16:09,554 | INFO     |   → 1139/1203: ✅ 8 взято | 🗑️ 16 мусор
2026-06-15 17:16:09,554 | INFO     |   → 1140/1203: ✅ 0 взято | 🗑️ 0 мусор
2026-06-15 17:16:09,554 | INFO     |   → 1141/1203: ✅ 0 взято | 🗑️ 24 мусор
2026-06-15 17:16:09,555 | INFO     |   → 1142/1203: ✅ 0 взято | 🗑️ 0 мусор
2026-06-15 17:16:09,555 | INFO     |   → 1143/1203: ✅ 4 взято | 🗑️ 17 мусор
2026-06-15 17:16:09,555 | INFO     |   → 1144/1203: ✅ 0 взято | 🗑️ 0 мусор
2026-06-15 17:16:09,555 | INFO     |   → 1145/1203: ✅ 12 взято | 🗑️ 18 мусор
2026-06-15 17:16:09,555 | INFO     |   → 1146/1203: ✅ 0 взято | 🗑️ 0 мусор
2026-06-15 17:16:09,555 | INFO     |   → 1147/1203: ✅ 2 взято | 🗑️ 17 мусор
2026-06-15 17:16:09,555 | INFO     |   → 1148/1203: ✅ 0 взято | 🗑️ 0 мусор
2026-06-15 17:16:09,555 | INFO     |   → 1149/1203: ✅ 1 взято | 🗑️ 27 мусор
2026-06-15 17:16:09,555 | INFO     |   → 1150/1203: ✅ 0 взято | 🗑️ 0 мусор
2026-06-15 17:16:09,555 | INFO     |   → 1151/1203: ✅ 4 взято | 🗑️ 15 мусор
2026-06-15 17:16:09,555 | INFO     |   → 1152/1203: ✅ 0 взято | 🗑️ 0 мусор
2026-06-15 17:16:09,555 | INFO     |   → 1153/1203: ✅ 4 взято | 🗑️ 26 мусор
2026-06-15 17:16:09,555 | INFO     |   → 1154/1203: ✅ 0 взято | 🗑️ 0 мусор
2026-06-15 17:16:09,555 | INFO     |   → 1155/1203: ✅ 3 взято | 🗑️ 21 мусор
2026-06-15 17:16:09,555 | INFO     |   → 1156/1203: ✅ 0 взято | 🗑️ 0 мусор
2026-06-15 17:16:09,555 | INFO     |   → 1157/1203: ✅ 8 взято | 🗑️ 12 мусор
2026-06-15 17:16:09,555 | INFO     |   → 1158/1203: ✅ 0 взято | 🗑️ 0 мусор
2026-06-15 17:16:09,555 | INFO     |   → 1159/1203: ✅ 8 взято | 🗑️ 15 мусор
2026-06-15 17:16:09,555 | INFO     |   → 1160/1203: ✅ 0 взято | 🗑️ 0 мусор
2026-06-15 17:16:09,556 | INFO     |   → 1161/1203: ✅ 10 взято | 🗑️ 14 мусор
2026-06-15 17:16:09,556 | INFO     |   → 1162/1203: ✅ 0 взято | 🗑️ 0 мусор
2026-06-15 17:16:09,556 | INFO     |   → 1163/1203: ✅ 5 взято | 🗑️ 18 мусор
2026-06-15 17:16:09,556 | INFO     |   → 1164/1203: ✅ 0 взято | 🗑️ 0 мусор
2026-06-15 17:16:09,556 | INFO     |   → 1165/1203: ✅ 5 взято | 🗑️ 22 мусор
2026-06-15 17:16:09,556 | INFO     |   → 1166/1203: ✅ 0 взято | 🗑️ 0 мусор
2026-06-15 17:16:09,556 | INFO     |   → 1167/1203: ✅ 5 взято | 🗑️ 18 мусор
2026-06-15 17:16:09,556 | INFO     |   → 1168/1203: ✅ 0 взято | 🗑️ 0 мусор
2026-06-15 17:16:09,556 | INFO     |   → 1169/1203: ✅ 1 взято | 🗑️ 23 мусор
2026-06-15 17:16:09,556 | INFO     |   → 1170/1203: ✅ 0 взято | 🗑️ 0 мусор
2026-06-15 17:16:09,556 | INFO     |   → 1171/1203: ✅ 5 взято | 🗑️ 18 мусор
2026-06-15 17:16:09,556 | INFO     |   → 1172/1203: ✅ 0 взято | 🗑️ 0 мусор
2026-06-15 17:16:09,556 | INFO     |   → 1173/1203: ✅ 17 взято | 🗑️ 7 мусор
2026-06-15 17:16:09,556 | INFO     |   → 1174/1203: ✅ 0 взято | 🗑️ 0 мусор
2026-06-15 17:16:09,556 | INFO     |   → 1175/1203: ✅ 3 взято | 🗑️ 17 мусор
2026-06-15 17:16:09,556 | INFO     |   → 1176/1203: ✅ 0 взято | 🗑️ 0 мусор
2026-06-15 17:16:09,556 | INFO     |   → 1177/1203: ✅ 7 взято | 🗑️ 14 мусор
2026-06-15 17:16:09,556 | INFO     |   → 1178/1203: ✅ 0 взято | 🗑️ 0 мусор
2026-06-15 17:16:09,556 | INFO     |   → 1179/1203: ✅ 7 взято | 🗑️ 14 мусор
2026-06-15 17:16:09,556 | INFO     |   → 1180/1203: ✅ 0 взято | 🗑️ 0 мусор
2026-06-15 17:16:09,557 | INFO     |   → 1181/1203: ✅ 8 взято | 🗑️ 11 мусор
2026-06-15 17:16:09,557 | INFO     |   → 1182/1203: ✅ 0 взято | 🗑️ 0 мусор
2026-06-15 17:16:09,557 | INFO     |   → 1183/1203: ✅ 0 взято | 🗑️ 22 мусор
2026-06-15 17:16:09,557 | INFO     |   → 1184/1203: ✅ 0 взято | 🗑️ 0 мусор
2026-06-15 17:16:09,557 | INFO     |   → 1185/1203: ✅ 3 взято | 🗑️ 12 мусор
2026-06-15 17:16:09,557 | INFO     |   → 1186/1203: ✅ 0 взято | 🗑️ 0 мусор
2026-06-15 17:16:09,557 | INFO     |   → 1187/1203: ✅ 0 взято | 🗑️ 7 мусор
2026-06-15 17:16:09,557 | INFO     |   → 1188/1203: ✅ 0 взято | 🗑️ 0 мусор
2026-06-15 17:16:09,557 | INFO     |   → 1189/1203: ✅ 2 взято | 🗑️ 8 мусор
2026-06-15 17:16:09,557 | INFO     |   → 1190/1203: ✅ 0 взято | 🗑️ 0 мусор
2026-06-15 17:16:09,557 | INFO     |   → 1191/1203: ✅ 5 взято | 🗑️ 12 мусор
2026-06-15 17:16:09,557 | INFO     |   → 1192/1203: ✅ 0 взято | 🗑️ 0 мусор
2026-06-15 17:16:09,557 | INFO     |   → 1193/1203: ✅ 2 взято | 🗑️ 12 мусор
2026-06-15 17:16:09,557 | INFO     |   → 1194/1203: ✅ 0 взято | 🗑️ 0 мусор
2026-06-15 17:16:09,557 | INFO     |   → 1195/1203: ✅ 8 взято | 🗑️ 12 мусор
2026-06-15 17:16:09,557 | INFO     |   → 1196/1203: ✅ 0 взято | 🗑️ 0 мусор
2026-06-15 17:16:09,557 | INFO     |   → 1197/1203: ✅ 0 взято | 🗑️ 10 мусор
2026-06-15 17:16:09,557 | INFO     |   → 1198/1203: ✅ 0 взято | 🗑️ 0 мусор
2026-06-15 17:16:09,557 | INFO     |   → 1199/1203: ✅ 6 взято | 🗑️ 14 мусор
2026-06-15 17:16:09,558 | INFO     |   → 1200/1203: ✅ 0 взято | 🗑️ 0 мусор
2026-06-15 17:16:09,558 | INFO     |   → 1201/1203: ✅ 0 взято | 🗑️ 19 мусор
2026-06-15 17:16:09,558 | INFO     |   → 1202/1203: ✅ 0 взято | 🗑️ 0 мусор
2026-06-15 17:16:09,558 | INFO     |   → 1203/1203: ✅ 0 взято | 🗑️ 1 мусор
2026-06-15 17:16:09,558 | INFO     |   → ✅ ГОТОВО!
2026-06-15 17:16:09,558 | INFO     |   →    📥 Всего ключей после фильтра: 43695
2026-06-15 17:16:09,558 | INFO     |   →    🔗 Уникальных IP:PORT:SCHEME: 12687
2026-06-15 17:16:09,558 | INFO     |   →    🗑️ Выброшено мусора: 729332
2026-06-15 17:16:09,558 | INFO     |   → 📊 По протоколам:
2026-06-15 17:16:09,558 | INFO     |   →    vless: 5434
2026-06-15 17:16:09,558 | INFO     |   →    vmess: 3471
2026-06-15 17:16:09,558 | INFO     |   →    trojan: 1585
2026-06-15 17:16:09,558 | INFO     |   →    ss: 2036
2026-06-15 17:16:09,558 | INFO     |   →    hysteria: 13
2026-06-15 17:16:09,558 | INFO     |   →    hysteria2: 29
2026-06-15 17:16:09,558 | INFO     |   →    hy2: 66
2026-06-15 17:16:09,558 | INFO     |   →    tuic: 53
2026-06-15 17:16:09,558 | INFO     | ✅ mirror.py завершён успешно
2026-06-15 17:16:09,559 | INFO     | 
2026-06-15 17:16:09,559 | INFO     | 
2026-06-15 17:16:09,559 | INFO     | ──────────────────────────────────────────────────────────────────────
2026-06-15 17:16:09,559 | INFO     | 📌 ЭТАП: Фильтрация по реальному SNI
2026-06-15 17:16:09,559 | INFO     | ──────────────────────────────────────────────────────────────────────
2026-06-15 17:16:09,559 | INFO     | 🚀 Запуск filter_ru_sni.py (Фильтр по реальному SNI (CDN+RU))...
2026-06-15 17:16:09,871 | INFO     |   → hy2.txt: 66 → 20 (SNI-filtered)
2026-06-15 17:16:09,871 | INFO     |   →   hysteria.txt: 13 → 0 (SNI-filtered)
2026-06-15 17:16:09,871 | INFO     |   →   hysteria2.txt: 29 → 6 (SNI-filtered)
2026-06-15 17:16:09,871 | INFO     |   →   ss.txt: 2036 → 1 (SNI-filtered)
2026-06-15 17:16:09,871 | INFO     |   →   trojan.txt: 1585 → 11 (SNI-filtered)
2026-06-15 17:16:09,872 | INFO     |   →   tuic.txt: 53 → 0 (SNI-filtered)
2026-06-15 17:16:09,872 | INFO     |   →   vless.txt: 5434 → 878 (SNI-filtered)
2026-06-15 17:16:09,872 | INFO     |   →   vmess.txt: 3471 → 37 (SNI-filtered)
2026-06-15 17:16:09,872 | INFO     |   → ==================================================
2026-06-15 17:16:09,872 | INFO     |   →   Всего входных:  12687
2026-06-15 17:16:09,872 | INFO     |   →   Прошли фильтр:  953
2026-06-15 17:16:09,872 | INFO     |   →   Отброшено:      11734
2026-06-15 17:16:09,872 | INFO     |   → ==================================================
2026-06-15 17:16:09,872 | INFO     |   → Готово → /home/runner/work/vpn-vless-configs-russia/vpn-vless-configs-russia/githubmirror/ru-sni
2026-06-15 17:16:09,872 | INFO     | ✅ filter_ru_sni.py завершён успешно
2026-06-15 17:16:09,872 | INFO     | 
2026-06-15 17:16:09,872 | INFO     | 
2026-06-15 17:16:09,872 | INFO     | ──────────────────────────────────────────────────────────────────────
2026-06-15 17:16:09,872 | INFO     | 📌 ЭТАП: Экспериментальный RU-SNI фильтр
2026-06-15 17:16:09,872 | INFO     | ──────────────────────────────────────────────────────────────────────
2026-06-15 17:16:09,872 | INFO     | 🚀 Запуск filter_ru_sni_local.py (Экспериментальный фильтр по RU-SNI (локальные домены))...
2026-06-15 17:16:10,084 | INFO     |   → hy2.txt: 66 → 0 (RU-SNI)
2026-06-15 17:16:10,084 | INFO     |   → hysteria.txt: 13 → 0 (RU-SNI)
2026-06-15 17:16:10,085 | INFO     |   → hysteria2.txt: 29 → 0 (RU-SNI)
2026-06-15 17:16:10,085 | INFO     |   → ss.txt: 2036 → 0 (RU-SNI)
2026-06-15 17:16:10,085 | INFO     |   → trojan.txt: 1585 → 0 (RU-SNI)
2026-06-15 17:16:10,085 | INFO     |   → tuic.txt: 53 → 0 (RU-SNI)
2026-06-15 17:16:10,085 | INFO     |   → vless.txt: 5434 → 188 (RU-SNI)
2026-06-15 17:16:10,085 | INFO     |   → vmess.txt: 3471 → 0 (RU-SNI)
2026-06-15 17:16:10,085 | INFO     |   → ==================================================
2026-06-15 17:16:10,085 | INFO     |   → Всего входных:  12687
2026-06-15 17:16:10,085 | INFO     |   → Прошли RU-SNI:  188
2026-06-15 17:16:10,085 | INFO     |   → Отброшено:      12499
2026-06-15 17:16:10,085 | INFO     |   → ==================================================
2026-06-15 17:16:10,085 | INFO     |   → Готово → /home/runner/work/vpn-vless-configs-russia/vpn-vless-configs-russia/githubmirror/ru-sni-local
2026-06-15 17:16:10,085 | INFO     | ✅ filter_ru_sni_local.py завершён успешно
2026-06-15 17:16:10,085 | INFO     | 
2026-06-15 17:16:10,085 | INFO     | 
2026-06-15 17:16:10,085 | INFO     | ──────────────────────────────────────────────────────────────────────
2026-06-15 17:16:10,085 | INFO     | 📌 ЭТАП: Сбор статистики
2026-06-15 17:16:10,085 | INFO     | ──────────────────────────────────────────────────────────────────────
2026-06-15 17:16:10,085 | INFO     | 📊 Сбор статистики...
2026-06-15 17:16:10,085 | INFO     |   📁 githubmirror/clean:
2026-06-15 17:16:10,086 | INFO     |     • hy2         :    66 конфигов
2026-06-15 17:16:10,086 | INFO     |     • hysteria    :    13 конфигов
2026-06-15 17:16:10,086 | INFO     |     • hysteria2   :    29 конфигов
2026-06-15 17:16:10,088 | INFO     |     • ss          :  2036 конфигов
2026-06-15 17:16:10,089 | INFO     |     • trojan      :  1585 конфигов
2026-06-15 17:16:10,090 | INFO     |     • tuic        :    53 конфигов
2026-06-15 17:16:10,095 | INFO     |     • vless       :  5434 конфигов
2026-06-15 17:16:10,097 | INFO     |     • vmess       :  3471 конфигов
2026-06-15 17:16:10,097 | INFO     |   📁 githubmirror/ru-sni:
2026-06-15 17:16:10,098 | INFO     |     • hy2         :    20 конфигов ( 30.3% от clean)
2026-06-15 17:16:10,098 | INFO     |     • hysteria    :     0 конфигов (  0.0% от clean)
2026-06-15 17:16:10,098 | INFO     |     • hysteria2   :     6 конфигов ( 20.7% от clean)
2026-06-15 17:16:10,098 | INFO     |     • ss          :     1 конфигов (  0.0% от clean)
2026-06-15 17:16:10,098 | INFO     |     • trojan      :    11 конфигов (  0.7% от clean)
2026-06-15 17:16:10,099 | INFO     |     • tuic        :     0 конфигов (  0.0% от clean)
2026-06-15 17:16:10,100 | INFO     |     • vless       :   878 конфигов ( 16.2% от clean)
2026-06-15 17:16:10,100 | INFO     |     • vmess       :    37 конфигов (  1.1% от clean)
2026-06-15 17:16:10,100 | INFO     | 
2026-06-15 17:16:10,100 | INFO     |   ──────────────────────────────────────────────────
2026-06-15 17:16:10,100 | INFO     |   📈 ИТОГО:
2026-06-15 17:16:10,100 | INFO     |     Clean (после geo-фильтра):    12687
2026-06-15 17:16:10,100 | INFO     |     RU-SNI (после SNI-фильтра):     953
2026-06-15 17:16:10,100 | INFO     |     Прошло фильтр:                  7.5%
2026-06-15 17:16:10,100 | INFO     |   ──────────────────────────────────────────────────
2026-06-15 17:16:10,100 | INFO     | ✅ Статистика сохранена: /home/runner/work/vpn-vless-configs-russia/vpn-vless-configs-russia/stats.json
2026-06-15 17:16:10,101 | INFO     | 
2026-06-15 17:16:10,101 | INFO     | ======================================================================
2026-06-15 17:16:10,101 | INFO     | 📊 ИТОГОВЫЙ ОТЧЁТ
2026-06-15 17:16:10,101 | INFO     | ======================================================================
2026-06-15 17:16:10,101 | INFO     |   ✅ OK         | Загрузка и geo-фильтрация
2026-06-15 17:16:10,101 | INFO     |   ✅ OK         | Фильтрация по реальному SNI
2026-06-15 17:16:10,101 | INFO     |   ✅ OK         | Экспериментальный RU-SNI фильтр
2026-06-15 17:16:10,101 | INFO     |   ✅ OK         | Сбор статистики
2026-06-15 17:16:10,101 | INFO     | ──────────────────────────────────────────────────────────────────────
2026-06-15 17:16:10,101 | INFO     | ✅ ВСЕ ЭТАПЫ УСПЕШНЫ (4/4)
2026-06-15 17:16:10,101 | INFO     | ⏰ Время завершения: 2026-06-15 17:16:10
2026-06-15 17:16:10,101 | INFO     | ======================================================================
