2026-05-23 19:04:38,534 | INFO     | ======================================================================
2026-05-23 19:04:38,534 | INFO     | 🔍 VPN KEY CHECKER - Начало проверки
2026-05-23 19:04:38,534 | INFO     | ⏰ Время старта: 2026-05-23 19:04:38
2026-05-23 19:04:38,534 | INFO     | 📂 Рабочая директория: /home/runner/work/vpn-vless-configs-russia/vpn-vless-configs-russia
2026-05-23 19:04:38,534 | INFO     | ======================================================================
2026-05-23 19:04:38,534 | INFO     | 
2026-05-23 19:04:38,534 | INFO     | 🔍 Проверка наличия скриптов...
2026-05-23 19:04:38,534 | INFO     |   ✅ mirror.py
2026-05-23 19:04:38,534 | INFO     |   ✅ filter_ru_sni.py
2026-05-23 19:04:38,534 | INFO     |   ✅ filter_ru_sni_local.py
2026-05-23 19:04:38,534 | INFO     | 
2026-05-23 19:04:38,534 | INFO     | 
2026-05-23 19:04:38,534 | INFO     | ──────────────────────────────────────────────────────────────────────
2026-05-23 19:04:38,534 | INFO     | 📌 ЭТАП: Загрузка и geo-фильтрация
2026-05-23 19:04:38,534 | INFO     | ──────────────────────────────────────────────────────────────────────
2026-05-23 19:04:38,534 | INFO     | 🚀 Запуск mirror.py (Загрузка и фильтрация по РФ/СНГ/Европа)...
2026-05-23 19:09:16,070 | INFO     |   → 🚀 Старт: всего источников (старые + новые): 977
2026-05-23 19:09:16,070 | INFO     |   → 1/977: ✅ 13 взято | 🗑️ 242 мусор
2026-05-23 19:09:16,070 | INFO     |   → 2/977: ✅ 0 взято | 🗑️ 0 мусор
2026-05-23 19:09:16,070 | INFO     |   → 3/977 ❌ HTTP 404 — https://bitbucket.org/huwo1/proxy_nodes/raw/f31ca9ec67b84071515729ff45b011b6b09c10f2/clash.yaml
2026-05-23 19:09:16,070 | INFO     |   → 4/977 ❌ HTTP 404 — https://cdn.jsdelivr.net/gh/cry0ice/genode@main/public/all.txt
2026-05-23 19:09:16,070 | INFO     |   → 5/977 ❌ HTTP 404 — https://cdn.jsdelivr.net/gh/cry0ice/genode@main/public/ss.txt
2026-05-23 19:09:16,070 | INFO     |   → 6/977 ❌ HTTP 404 — https://cdn.jsdelivr.net/gh/cry0ice/genode@main/public/ssr.txt
2026-05-23 19:09:16,070 | INFO     |   → 7/977 ❌ HTTP 404 — https://cdn.jsdelivr.net/gh/cry0ice/genode@main/public/trojan.txt
2026-05-23 19:09:16,070 | INFO     |   → 8/977 ❌ HTTP 404 — https://cdn.jsdelivr.net/gh/cry0ice/genode@main/public/vless.txt
2026-05-23 19:09:16,070 | INFO     |   → 9/977 ❌ HTTP 404 — https://cdn.jsdelivr.net/gh/cry0ice/genode@main/public/vmess.txt
2026-05-23 19:09:16,070 | INFO     |   → 10/977: ✅ 0 взято | 🗑️ 0 мусор
2026-05-23 19:09:16,070 | INFO     |   → 11/977: ✅ 0 взято | 🗑️ 0 мусор
2026-05-23 19:09:16,070 | INFO     |   → 12/977: ✅ 0 взято | 🗑️ 0 мусор
2026-05-23 19:09:16,070 | INFO     |   → 13/977: ✅ 0 взято | 🗑️ 0 мусор
2026-05-23 19:09:16,070 | INFO     |   → 14/977: ✅ 0 взято | 🗑️ 0 мусор
2026-05-23 19:09:16,070 | INFO     |   → 15/977: ✅ 0 взято | 🗑️ 0 мусор
2026-05-23 19:09:16,070 | INFO     |   → 16/977: ✅ 0 взято | 🗑️ 0 мусор
2026-05-23 19:09:16,070 | INFO     |   → 17/977: ✅ 0 взято | 🗑️ 0 мусор
2026-05-23 19:09:16,070 | INFO     |   → 18/977: ✅ 0 взято | 🗑️ 0 мусор
2026-05-23 19:09:16,070 | INFO     |   → 19/977: ✅ 0 взято | 🗑️ 0 мусор
2026-05-23 19:09:16,070 | INFO     |   → 20/977: ✅ 0 взято | 🗑️ 0 мусор
2026-05-23 19:09:16,070 | INFO     |   → 21/977: ✅ 0 взято | 🗑️ 0 мусор
2026-05-23 19:09:16,070 | INFO     |   → 22/977: ✅ 0 взято | 🗑️ 0 мусор
2026-05-23 19:09:16,070 | INFO     |   → 23/977: ✅ 0 взято | 🗑️ 0 мусор
2026-05-23 19:09:16,070 | INFO     |   → 24/977: ✅ 0 взято | 🗑️ 0 мусор
2026-05-23 19:09:16,070 | INFO     |   → 25/977: ✅ 0 взято | 🗑️ 0 мусор
2026-05-23 19:09:16,070 | INFO     |   → 26/977: ✅ 0 взято | 🗑️ 0 мусор
2026-05-23 19:09:16,070 | INFO     |   → 27/977: ✅ 0 взято | 🗑️ 0 мусор
2026-05-23 19:09:16,070 | INFO     |   → 28/977: ✅ 0 взято | 🗑️ 0 мусор
2026-05-23 19:09:16,070 | INFO     |   → 29/977: ✅ 0 взято | 🗑️ 0 мусор
2026-05-23 19:09:16,070 | INFO     |   → 30/977: ✅ 0 взято | 🗑️ 0 мусор
2026-05-23 19:09:16,070 | INFO     |   → 31/977: ✅ 0 взято | 🗑️ 0 мусор
2026-05-23 19:09:16,070 | INFO     |   → 32/977: ✅ 0 взято | 🗑️ 0 мусор
2026-05-23 19:09:16,070 | INFO     |   → 33/977: ✅ 0 взято | 🗑️ 0 мусор
2026-05-23 19:09:16,070 | INFO     |   → 34/977: ✅ 0 взято | 🗑️ 0 мусор
2026-05-23 19:09:16,070 | INFO     |   → 35/977: ✅ 0 взято | 🗑️ 0 мусор
2026-05-23 19:09:16,070 | INFO     |   → 36/977: ✅ 0 взято | 🗑️ 0 мусор
2026-05-23 19:09:16,070 | INFO     |   → 37/977: ✅ 0 взято | 🗑️ 0 мусор
2026-05-23 19:09:16,070 | INFO     |   → 38/977: ✅ 0 взято | 🗑️ 0 мусор
2026-05-23 19:09:16,070 | INFO     |   → 39/977: ✅ 0 взято | 🗑️ 0 мусор
2026-05-23 19:09:16,070 | INFO     |   → 40/977: ✅ 0 взято | 🗑️ 0 мусор
2026-05-23 19:09:16,070 | INFO     |   → 41/977: ✅ 0 взято | 🗑️ 0 мусор
2026-05-23 19:09:16,070 | INFO     |   → 42/977: ✅ 0 взято | 🗑️ 0 мусор
2026-05-23 19:09:16,070 | INFO     |   → 43/977: ✅ 0 взято | 🗑️ 0 мусор
2026-05-23 19:09:16,070 | INFO     |   → 44/977: ✅ 0 взято | 🗑️ 0 мусор
2026-05-23 19:09:16,070 | INFO     |   → 45/977: ✅ 0 взято | 🗑️ 0 мусор
2026-05-23 19:09:16,070 | INFO     |   → 46/977: ✅ 0 взято | 🗑️ 0 мусор
2026-05-23 19:09:16,071 | INFO     |   → 47/977: ✅ 0 взято | 🗑️ 0 мусор
2026-05-23 19:09:16,071 | INFO     |   → 48/977: ✅ 0 взято | 🗑️ 0 мусор
2026-05-23 19:09:16,071 | INFO     |   → 49/977: ✅ 0 взято | 🗑️ 0 мусор
2026-05-23 19:09:16,071 | INFO     |   → 50/977: ✅ 0 взято | 🗑️ 0 мусор
2026-05-23 19:09:16,071 | INFO     |   → 51/977: ✅ 0 взято | 🗑️ 0 мусор
2026-05-23 19:09:16,071 | INFO     |   → 52/977: ✅ 0 взято | 🗑️ 0 мусор
2026-05-23 19:09:16,071 | INFO     |   → 53/977: ✅ 0 взято | 🗑️ 0 мусор
2026-05-23 19:09:16,071 | INFO     |   → 54/977: ✅ 0 взято | 🗑️ 0 мусор
2026-05-23 19:09:16,071 | INFO     |   → 55/977: ✅ 0 взято | 🗑️ 0 мусор
2026-05-23 19:09:16,071 | INFO     |   → 56/977: ✅ 0 взято | 🗑️ 0 мусор
2026-05-23 19:09:16,071 | INFO     |   → 57/977: ✅ 0 взято | 🗑️ 0 мусор
2026-05-23 19:09:16,071 | INFO     |   → 58/977: ✅ 0 взято | 🗑️ 0 мусор
2026-05-23 19:09:16,071 | INFO     |   → 59/977: ✅ 0 взято | 🗑️ 0 мусор
2026-05-23 19:09:16,071 | INFO     |   → 60/977: ✅ 0 взято | 🗑️ 0 мусор
2026-05-23 19:09:16,071 | INFO     |   → 61/977: ✅ 0 взято | 🗑️ 0 мусор
2026-05-23 19:09:16,071 | INFO     |   → 62/977: ✅ 0 взято | 🗑️ 0 мусор
2026-05-23 19:09:16,071 | INFO     |   → 63/977: ✅ 0 взято | 🗑️ 0 мусор
2026-05-23 19:09:16,071 | INFO     |   → 64/977: ✅ 0 взято | 🗑️ 0 мусор
2026-05-23 19:09:16,071 | INFO     |   → 65/977: ✅ 0 взято | 🗑️ 0 мусор
2026-05-23 19:09:16,071 | INFO     |   → 66/977: ✅ 0 взято | 🗑️ 0 мусор
2026-05-23 19:09:16,071 | INFO     |   → 67/977: ✅ 0 взято | 🗑️ 0 мусор
2026-05-23 19:09:16,071 | INFO     |   → 68/977: ✅ 0 взято | 🗑️ 0 мусор
2026-05-23 19:09:16,071 | INFO     |   → 69/977: ✅ 0 взято | 🗑️ 0 мусор
2026-05-23 19:09:16,071 | INFO     |   → 70/977: ✅ 0 взято | 🗑️ 0 мусор
2026-05-23 19:09:16,071 | INFO     |   → 71/977: ✅ 0 взято | 🗑️ 0 мусор
2026-05-23 19:09:16,071 | INFO     |   → 72/977: ✅ 0 взято | 🗑️ 0 мусор
2026-05-23 19:09:16,071 | INFO     |   → 73/977: ✅ 0 взято | 🗑️ 0 мусор
2026-05-23 19:09:16,071 | INFO     |   → 74/977: ✅ 0 взято | 🗑️ 0 мусор
2026-05-23 19:09:16,071 | INFO     |   → 75/977: ✅ 0 взято | 🗑️ 0 мусор
2026-05-23 19:09:16,071 | INFO     |   → 76/977: ✅ 0 взято | 🗑️ 0 мусор
2026-05-23 19:09:16,071 | INFO     |   → 77/977: ✅ 0 взято | 🗑️ 0 мусор
2026-05-23 19:09:16,071 | INFO     |   → 78/977: ✅ 0 взято | 🗑️ 0 мусор
2026-05-23 19:09:16,071 | INFO     |   → 79/977: ✅ 0 взято | 🗑️ 0 мусор
2026-05-23 19:09:16,071 | INFO     |   → 80/977: ✅ 0 взято | 🗑️ 0 мусор
2026-05-23 19:09:16,071 | INFO     |   → 81/977: ✅ 0 взято | 🗑️ 0 мусор
2026-05-23 19:09:16,071 | INFO     |   → 82/977: ✅ 0 взято | 🗑️ 0 мусор
2026-05-23 19:09:16,071 | INFO     |   → 83/977: ✅ 0 взято | 🗑️ 0 мусор
2026-05-23 19:09:16,071 | INFO     |   → 84/977: ✅ 0 взято | 🗑️ 0 мусор
2026-05-23 19:09:16,071 | INFO     |   → 85/977: ✅ 0 взято | 🗑️ 0 мусор
2026-05-23 19:09:16,071 | INFO     |   → 86/977: ✅ 0 взято | 🗑️ 0 мусор
2026-05-23 19:09:16,071 | INFO     |   → 87/977: ✅ 0 взято | 🗑️ 0 мусор
2026-05-23 19:09:16,071 | INFO     |   → 88/977: ✅ 0 взято | 🗑️ 0 мусор
2026-05-23 19:09:16,071 | INFO     |   → 89/977: ✅ 0 взято | 🗑️ 0 мусор
2026-05-23 19:09:16,071 | INFO     |   → 90/977: ✅ 0 взято | 🗑️ 0 мусор
2026-05-23 19:09:16,071 | INFO     |   → 91/977: ✅ 0 взято | 🗑️ 0 мусор
2026-05-23 19:09:16,071 | INFO     |   → 92/977: ✅ 0 взято | 🗑️ 0 мусор
2026-05-23 19:09:16,072 | INFO     |   → 93/977: ✅ 0 взято | 🗑️ 0 мусор
2026-05-23 19:09:16,072 | INFO     |   → 94/977: ✅ 0 взято | 🗑️ 0 мусор
2026-05-23 19:09:16,072 | INFO     |   → 95/977: ✅ 0 взято | 🗑️ 0 мусор
2026-05-23 19:09:16,072 | INFO     |   → 96/977: ✅ 0 взято | 🗑️ 0 мусор
2026-05-23 19:09:16,072 | INFO     |   → 97/977: ✅ 0 взято | 🗑️ 0 мусор
2026-05-23 19:09:16,072 | INFO     |   → 98/977 ❌ HTTP 404 — https://freessrnode.github.io/uploads/2024/08/0-20240822.txt
2026-05-23 19:09:16,072 | INFO     |   → 99/977 ❌ HTTP 404 — https://freessrnode.github.io/uploads/2024/08/1-20240822.txt
2026-05-23 19:09:16,072 | INFO     |   → 100/977 ❌ HTTP 404 — https://freessrnode.github.io/uploads/2024/08/2-20240822.txt
2026-05-23 19:09:16,072 | INFO     |   → 101/977 ❌ HTTP 404 — https://freessrnode.github.io/uploads/2024/08/3-20240822.txt
2026-05-23 19:09:16,072 | INFO     |   → 102/977 ❌ HTTP 404 — https://freessrnode.github.io/uploads/2024/08/4-20240822.txt
2026-05-23 19:09:16,072 | INFO     |   → 103/977 ⚠️ Ошибка: HTTPSConnectionPool(host='freevpnspy.githubrowcontent.com', port=443): Max retries exceeded with url: /2024/08/20240802_novless.yaml (Caused by NameResolutionError("HTTPSConnection(host='freevpnspy.githubrowcontent.com', port=443): Failed to resolve 'freevpnspy.githubrowcontent.com' ([Errno -2] Name or service not known)")) — https://freevpnspy.githubrowcontent.com/2024/08/20240802_novless.yaml
2026-05-23 19:09:16,072 | INFO     |   → 104/977 ⚠️ Ошибка: HTTPSConnectionPool(host='freevpnspy.githubrowcontent.com', port=443): Max retries exceeded with url: /2024/08/20240802_vless.yaml (Caused by NameResolutionError("HTTPSConnection(host='freevpnspy.githubrowcontent.com', port=443): Failed to resolve 'freevpnspy.githubrowcontent.com' ([Errno -2] Name or service not known)")) — https://freevpnspy.githubrowcontent.com/2024/08/20240802_vless.yaml
2026-05-23 19:09:16,072 | INFO     |   → 105/977: ✅ 0 взято | 🗑️ 0 мусор
2026-05-23 19:09:16,072 | INFO     |   → 106/977: ✅ 20 взято | 🗑️ 218 мусор
2026-05-23 19:09:16,072 | INFO     |   → 107/977: ✅ 0 взято | 🗑️ 0 мусор
2026-05-23 19:09:16,072 | INFO     |   → 108/977: ✅ 9 взято | 🗑️ 211 мусор
2026-05-23 19:09:16,072 | INFO     |   → 109/977: ✅ 0 взято | 🗑️ 0 мусор
2026-05-23 19:09:16,072 | INFO     |   → 110/977: ✅ 1 взято | 🗑️ 226 мусор
2026-05-23 19:09:16,072 | INFO     |   → 111/977: ✅ 0 взято | 🗑️ 0 мусор
2026-05-23 19:09:16,072 | INFO     |   → 112/977: ✅ 0 взято | 🗑️ 193 мусор
2026-05-23 19:09:16,072 | INFO     |   → 113/977: ✅ 0 взято | 🗑️ 0 мусор
2026-05-23 19:09:16,072 | INFO     |   → 114/977: ✅ 3 взято | 🗑️ 268 мусор
2026-05-23 19:09:16,072 | INFO     |   → 115/977: ✅ 0 взято | 🗑️ 0 мусор
2026-05-23 19:09:16,072 | INFO     |   → 116/977: ✅ 0 взято | 🗑️ 198 мусор
2026-05-23 19:09:16,072 | INFO     |   → 117/977 ❌ HTTP 404 — https://github.com/Epodonios/bulk-xray-v2ray-vless-vmess-...-configs/raw/main/sub/Albania/config.txt
2026-05-23 19:09:16,072 | INFO     |   → 118/977 ❌ HTTP 404 — https://github.com/Epodonios/bulk-xray-v2ray-vless-vmess-...-configs/raw/main/sub/Cura%C3%A7ao/config.txt
2026-05-23 19:09:16,072 | INFO     |   → 119/977 ❌ HTTP 404 — https://github.com/Epodonios/bulk-xray-v2ray-vless-vmess-...-configs/raw/main/sub/Finland/config.txt
2026-05-23 19:09:16,072 | INFO     |   → 120/977 ❌ HTTP 404 — https://github.com/Epodonios/bulk-xray-v2ray-vless-vmess-...-configs/raw/main/sub/Iran/config.txt
2026-05-23 19:09:16,072 | INFO     |   → 121/977 ❌ HTTP 404 — https://github.com/Epodonios/bulk-xray-v2ray-vless-vmess-...-configs/raw/main/sub/Netherlands/config.txt
2026-05-23 19:09:16,072 | INFO     |   → 122/977 ❌ HTTP 404 — https://github.com/Epodonios/bulk-xray-v2ray-vless-vmess-...-configs/raw/main/sub/Norway/config.txt
2026-05-23 19:09:16,072 | INFO     |   → 123/977 ❌ HTTP 404 — https://github.com/Epodonios/bulk-xray-v2ray-vless-vmess-...-configs/raw/main/sub/Russia/config.txt
2026-05-23 19:09:16,072 | INFO     |   → 124/977: ✅ 13 взято | 🗑️ 70 мусор
2026-05-23 19:09:16,072 | INFO     |   → 125/977: ✅ 0 взято | 🗑️ 4 мусор
2026-05-23 19:09:16,072 | INFO     |   → 126/977: ✅ 0 взято | 🗑️ 7 мусор
2026-05-23 19:09:16,072 | INFO     |   → 127/977: ✅ 0 взято | 🗑️ 51 мусор
2026-05-23 19:09:16,072 | INFO     |   → 128/977: ✅ 0 взято | 🗑️ 8 мусор
2026-05-23 19:09:16,072 | INFO     |   → 129/977: ✅ 0 взято | 🗑️ 0 мусор
2026-05-23 19:09:16,072 | INFO     |   → 130/977: ✅ 17 взято | 🗑️ 119 мусор
2026-05-23 19:09:16,072 | INFO     |   → 131/977 ❌ HTTP 404 — https://github.com/MrMohebi/xray-proxy-grabber-telegram/raw/master/collected-proxies/clash-meta/all.yaml
2026-05-23 19:09:16,072 | INFO     |   → 132/977 ❌ HTTP 404 — https://github.com/MrMohebi/xray-proxy-grabber-telegram/raw/master/collected-proxies/row-url/all.txt
2026-05-23 19:09:16,072 | INFO     |   → 133/977: ✅ 0 взято | 🗑️ 0 мусор
2026-05-23 19:09:16,072 | INFO     |   → 134/977: ✅ 0 взято | 🗑️ 113 мусор
2026-05-23 19:09:16,072 | INFO     |   → 135/977: ✅ 0 взято | 🗑️ 119 мусор
2026-05-23 19:09:16,072 | INFO     |   → 136/977 ❌ HTTP 404 — https://github.com/abbasdvd3/abbasdvd10/73ec60de7a6c6aa6df4c14b511c1da60686891ca/ppo.txt
2026-05-23 19:09:16,072 | INFO     |   → 137/977 ❌ HTTP 404 — https://github.com/acymz/AutoVPN/refs/heads/main/data/V2.txt
2026-05-23 19:09:16,073 | INFO     |   → 138/977: ✅ 0 взято | 🗑️ 0 мусор
2026-05-23 19:09:16,073 | INFO     |   → 139/977: ✅ 0 взято | 🗑️ 0 мусор
2026-05-23 19:09:16,073 | INFO     |   → 140/977: ✅ 0 взято | 🗑️ 0 мусор
2026-05-23 19:09:16,073 | INFO     |   → 141/977: ✅ 0 взято | 🗑️ 0 мусор
2026-05-23 19:09:16,073 | INFO     |   → 142/977: ✅ 0 взято | 🗑️ 0 мусор
2026-05-23 19:09:16,073 | INFO     |   → 143/977: ✅ 0 взято | 🗑️ 0 мусор
2026-05-23 19:09:16,073 | INFO     |   → 144/977: ✅ 0 взято | 🗑️ 0 мусор
2026-05-23 19:09:16,073 | INFO     |   → 145/977 ❌ HTTP 404 — https://github.com/mermeroo/V2RAY-FREE/raw/main/All_Configs_base64_Sub.txt
2026-05-23 19:09:16,073 | INFO     |   → 146/977 ❌ HTTP 404 — https://github.com/mermeroo/V2RAY-FREE/raw/main/Base64/Sub1_base64.txt
2026-05-23 19:09:16,073 | INFO     |   → 147/977 ❌ HTTP 404 — https://github.com/mermeroo/V2RAY-FREE/raw/main/Base64/Sub2_base64.txt
2026-05-23 19:09:16,073 | INFO     |   → 148/977 ❌ HTTP 404 — https://github.com/mermeroo/V2RAY-FREE/raw/main/Base64/Sub3_base64.txt
2026-05-23 19:09:16,073 | INFO     |   → 149/977 ❌ HTTP 404 — https://github.com/mermeroo/V2RAY-FREE/raw/main/Base64/Sub4_base64.txt
2026-05-23 19:09:16,073 | INFO     |   → 150/977 ❌ HTTP 404 — https://github.com/mermeroo/V2RAY-FREE/raw/main/Base64/Sub5_base64.txt
2026-05-23 19:09:16,073 | INFO     |   → 151/977 ❌ HTTP 404 — https://github.com/mermeroo/telegram-configs-collector/raw/main/protocols/hysteria
2026-05-23 19:09:16,073 | INFO     |   → 152/977 ❌ HTTP 404 — https://github.com/mermeroo/telegram-configs-collector/raw/main/protocols/juicity
2026-05-23 19:09:16,073 | INFO     |   → 153/977 ❌ HTTP 404 — https://github.com/mermeroo/telegram-configs-collector/raw/main/protocols/tuic
2026-05-23 19:09:16,073 | INFO     |   → 154/977: ✅ 5 взято | 🗑️ 16 мусор
2026-05-23 19:09:16,073 | INFO     |   → 155/977: ✅ 0 взято | 🗑️ 0 мусор
2026-05-23 19:09:16,073 | INFO     |   → 156/977: ✅ 0 взято | 🗑️ 0 мусор
2026-05-23 19:09:16,073 | INFO     |   → 157/977: ✅ 0 взято | 🗑️ 0 мусор
2026-05-23 19:09:16,073 | INFO     |   → 158/977: ✅ 3 взято | 🗑️ 238 мусор
2026-05-23 19:09:16,073 | INFO     |   → 159/977: ✅ 0 взято | 🗑️ 0 мусор
2026-05-23 19:09:16,073 | INFO     |   → 160/977: ✅ 3 взято | 🗑️ 239 мусор
2026-05-23 19:09:16,073 | INFO     |   → 161/977: ✅ 0 взято | 🗑️ 0 мусор
2026-05-23 19:09:16,073 | INFO     |   → 162/977: ✅ 0 взято | 🗑️ 255 мусор
2026-05-23 19:09:16,073 | INFO     |   → 163/977: ✅ 0 взято | 🗑️ 0 мусор
2026-05-23 19:09:16,073 | INFO     |   → 164/977: ✅ 1 взято | 🗑️ 249 мусор
2026-05-23 19:09:16,073 | INFO     |   → 165/977: ✅ 0 взято | 🗑️ 0 мусор
2026-05-23 19:09:16,073 | INFO     |   → 166/977: ✅ 0 взято | 🗑️ 207 мусор
2026-05-23 19:09:16,073 | INFO     |   → 167/977: ✅ 0 взято | 🗑️ 0 мусор
2026-05-23 19:09:16,073 | INFO     |   → 168/977: ✅ 0 взято | 🗑️ 228 мусор
2026-05-23 19:09:16,073 | INFO     |   → 169/977: ✅ 0 взято | 🗑️ 0 мусор
2026-05-23 19:09:16,073 | INFO     |   → 170/977: ✅ 1 взято | 🗑️ 291 мусор
2026-05-23 19:09:16,073 | INFO     |   → 171/977: ✅ 0 взято | 🗑️ 0 мусор
2026-05-23 19:09:16,073 | INFO     |   → 172/977: ✅ 3 взято | 🗑️ 221 мусор
2026-05-23 19:09:16,073 | INFO     |   → 173/977: ✅ 0 взято | 🗑️ 0 мусор
2026-05-23 19:09:16,073 | INFO     |   → 174/977: ✅ 1 взято | 🗑️ 222 мусор
2026-05-23 19:09:16,073 | INFO     |   → 175/977: ✅ 0 взято | 🗑️ 0 мусор
2026-05-23 19:09:16,073 | INFO     |   → 176/977: ✅ 1 взято | 🗑️ 218 мусор
2026-05-23 19:09:16,073 | INFO     |   → 177/977: ✅ 0 взято | 🗑️ 0 мусор
2026-05-23 19:09:16,073 | INFO     |   → 178/977: ✅ 0 взято | 🗑️ 193 мусор
2026-05-23 19:09:16,073 | INFO     |   → 179/977: ✅ 0 взято | 🗑️ 0 мусор
2026-05-23 19:09:16,073 | INFO     |   → 180/977: ✅ 0 взято | 🗑️ 290 мусор
2026-05-23 19:09:16,073 | INFO     |   → 181/977: ✅ 0 взято | 🗑️ 0 мусор
2026-05-23 19:09:16,073 | INFO     |   → 182/977: ✅ 0 взято | 🗑️ 238 мусор
2026-05-23 19:09:16,073 | INFO     |   → 183/977: ✅ 0 взято | 🗑️ 0 мусор
2026-05-23 19:09:16,073 | INFO     |   → 184/977: ✅ 0 взято | 🗑️ 221 мусор
2026-05-23 19:09:16,073 | INFO     |   → 185/977: ✅ 0 взято | 🗑️ 0 мусор
2026-05-23 19:09:16,073 | INFO     |   → 186/977: ✅ 0 взято | 🗑️ 248 мусор
2026-05-23 19:09:16,073 | INFO     |   → 187/977: ✅ 0 взято | 🗑️ 0 мусор
2026-05-23 19:09:16,073 | INFO     |   → 188/977: ✅ 0 взято | 🗑️ 203 мусор
2026-05-23 19:09:16,073 | INFO     |   → 189/977: ✅ 0 взято | 🗑️ 0 мусор
2026-05-23 19:09:16,073 | INFO     |   → 190/977: ✅ 0 взято | 🗑️ 208 мусор
2026-05-23 19:09:16,073 | INFO     |   → 191/977: ✅ 0 взято | 🗑️ 0 мусор
2026-05-23 19:09:16,073 | INFO     |   → 192/977: ✅ 2 взято | 🗑️ 209 мусор
2026-05-23 19:09:16,073 | INFO     |   → 193/977: ✅ 0 взято | 🗑️ 0 мусор
2026-05-23 19:09:16,073 | INFO     |   → 194/977: ✅ 0 взято | 🗑️ 258 мусор
2026-05-23 19:09:16,073 | INFO     |   → 195/977: ✅ 0 взято | 🗑️ 0 мусор
2026-05-23 19:09:16,073 | INFO     |   → 196/977: ✅ 0 взято | 🗑️ 296 мусор
2026-05-23 19:09:16,073 | INFO     |   → 197/977: ✅ 0 взято | 🗑️ 0 мусор
2026-05-23 19:09:16,073 | INFO     |   → 198/977: ✅ 1 взято | 🗑️ 286 мусор
2026-05-23 19:09:16,073 | INFO     |   → 199/977: ✅ 0 взято | 🗑️ 0 мусор
2026-05-23 19:09:16,074 | INFO     |   → 200/977: ✅ 0 взято | 🗑️ 195 мусор
2026-05-23 19:09:16,074 | INFO     |   → 201/977: ✅ 0 взято | 🗑️ 0 мусор
2026-05-23 19:09:16,074 | INFO     |   → 202/977: ✅ 0 взято | 🗑️ 170 мусор
2026-05-23 19:09:16,074 | INFO     |   → 203/977: ✅ 0 взято | 🗑️ 0 мусор
2026-05-23 19:09:16,074 | INFO     |   → 204/977: ✅ 0 взято | 🗑️ 160 мусор
2026-05-23 19:09:16,074 | INFO     |   → 205/977: ✅ 0 взято | 🗑️ 0 мусор
2026-05-23 19:09:16,074 | INFO     |   → 206/977: ✅ 0 взято | 🗑️ 121 мусор
2026-05-23 19:09:16,074 | INFO     |   → 207/977: ✅ 0 взято | 🗑️ 0 мусор
2026-05-23 19:09:16,074 | INFO     |   → 208/977: ✅ 0 взято | 🗑️ 135 мусор
2026-05-23 19:09:16,074 | INFO     |   → 209/977: ✅ 0 взято | 🗑️ 0 мусор
2026-05-23 19:09:16,074 | INFO     |   → 210/977: ✅ 1 взято | 🗑️ 129 мусор
2026-05-23 19:09:16,074 | INFO     |   → 211/977: ✅ 0 взято | 🗑️ 0 мусор
2026-05-23 19:09:16,074 | INFO     |   → 212/977: ✅ 0 взято | 🗑️ 189 мусор
2026-05-23 19:09:16,074 | INFO     |   → 213/977: ✅ 0 взято | 🗑️ 0 мусор
2026-05-23 19:09:16,074 | INFO     |   → 214/977: ✅ 3 взято | 🗑️ 147 мусор
2026-05-23 19:09:16,074 | INFO     |   → 215/977: ✅ 0 взято | 🗑️ 0 мусор
2026-05-23 19:09:16,074 | INFO     |   → 216/977: ✅ 1 взято | 🗑️ 183 мусор
2026-05-23 19:09:16,074 | INFO     |   → 217/977: ✅ 0 взято | 🗑️ 0 мусор
2026-05-23 19:09:16,074 | INFO     |   → 218/977: ✅ 0 взято | 🗑️ 155 мусор
2026-05-23 19:09:16,074 | INFO     |   → 219/977: ✅ 0 взято | 🗑️ 0 мусор
2026-05-23 19:09:16,074 | INFO     |   → 220/977: ✅ 0 взято | 🗑️ 114 мусор
2026-05-23 19:09:16,074 | INFO     |   → 221/977: ✅ 0 взято | 🗑️ 0 мусор
2026-05-23 19:09:16,074 | INFO     |   → 222/977: ✅ 0 взято | 🗑️ 239 мусор
2026-05-23 19:09:16,074 | INFO     |   → 223/977: ✅ 0 взято | 🗑️ 0 мусор
2026-05-23 19:09:16,074 | INFO     |   → 224/977: ✅ 0 взято | 🗑️ 204 мусор
2026-05-23 19:09:16,074 | INFO     |   → 225/977: ✅ 0 взято | 🗑️ 0 мусор
2026-05-23 19:09:16,074 | INFO     |   → 226/977: ✅ 0 взято | 🗑️ 232 мусор
2026-05-23 19:09:16,074 | INFO     |   → 227/977: ✅ 0 взято | 🗑️ 0 мусор
2026-05-23 19:09:16,074 | INFO     |   → 228/977: ✅ 0 взято | 🗑️ 192 мусор
2026-05-23 19:09:16,074 | INFO     |   → 229/977: ✅ 0 взято | 🗑️ 0 мусор
2026-05-23 19:09:16,074 | INFO     |   → 230/977: ✅ 0 взято | 🗑️ 183 мусор
2026-05-23 19:09:16,074 | INFO     |   → 231/977: ✅ 0 взято | 🗑️ 0 мусор
2026-05-23 19:09:16,074 | INFO     |   → 232/977: ✅ 0 взято | 🗑️ 169 мусор
2026-05-23 19:09:16,074 | INFO     |   → 233/977: ✅ 0 взято | 🗑️ 0 мусор
2026-05-23 19:09:16,074 | INFO     |   → 234/977: ✅ 0 взято | 🗑️ 167 мусор
2026-05-23 19:09:16,074 | INFO     |   → 235/977: ✅ 0 взято | 🗑️ 0 мусор
2026-05-23 19:09:16,074 | INFO     |   → 236/977: ✅ 0 взято | 🗑️ 193 мусор
2026-05-23 19:09:16,074 | INFO     |   → 237/977: ✅ 0 взято | 🗑️ 0 мусор
2026-05-23 19:09:16,074 | INFO     |   → 238/977: ✅ 1 взято | 🗑️ 161 мусор
2026-05-23 19:09:16,074 | INFO     |   → 239/977: ✅ 0 взято | 🗑️ 0 мусор
2026-05-23 19:09:16,074 | INFO     |   → 240/977: ✅ 0 взято | 🗑️ 171 мусор
2026-05-23 19:09:16,074 | INFO     |   → 241/977: ✅ 0 взято | 🗑️ 0 мусор
2026-05-23 19:09:16,074 | INFO     |   → 242/977: ✅ 0 взято | 🗑️ 174 мусор
2026-05-23 19:09:16,074 | INFO     |   → 243/977: ✅ 0 взято | 🗑️ 0 мусор
2026-05-23 19:09:16,074 | INFO     |   → 244/977: ✅ 0 взято | 🗑️ 206 мусор
2026-05-23 19:09:16,074 | INFO     |   → 245/977: ✅ 0 взято | 🗑️ 0 мусор
2026-05-23 19:09:16,074 | INFO     |   → 246/977: ✅ 0 взято | 🗑️ 170 мусор
2026-05-23 19:09:16,074 | INFO     |   → 247/977: ✅ 0 взято | 🗑️ 0 мусор
2026-05-23 19:09:16,074 | INFO     |   → 248/977 ⚠️ Ошибка: HTTPSConnectionPool(host='ivuxy.tech', port=443): Max retries exceeded with url: /v.txt (Caused by NameResolutionError("HTTPSConnection(host='ivuxy.tech', port=443): Failed to resolve 'ivuxy.tech' ([Errno -2] Name or service not known)")) — https://ivuxy.tech/v.txt
2026-05-23 19:09:16,074 | INFO     |   → 249/977 ⚠️ Ошибка: HTTPSConnectionPool(host='mirror.ghproxy.com', port=443): Max retries exceeded with url: /https://raw.githubusercontent.com/Barabama/FreeNodes/master/nodes/blues.txt (Caused by NameResolutionError("HTTPSConnection(host='mirror.ghproxy.com', port=443): Failed to resolve 'mirror.ghproxy.com' ([Errno -2] Name or service not known)")) — https://mirror.ghproxy.com/https://raw.githubusercontent.com/Barabama/FreeNodes/master/nodes/blues.txt
2026-05-23 19:09:16,074 | INFO     |   → 250/977 ⚠️ Ошибка: HTTPSConnectionPool(host='mirror.ghproxy.com', port=443): Max retries exceeded with url: /https://raw.githubusercontent.com/Barabama/FreeNodes/master/nodes/halekj.txt (Caused by NameResolutionError("HTTPSConnection(host='mirror.ghproxy.com', port=443): Failed to resolve 'mirror.ghproxy.com' ([Errno -2] Name or service not known)")) — https://mirror.ghproxy.com/https://raw.githubusercontent.com/Barabama/FreeNodes/master/nodes/halekj.txt
2026-05-23 19:09:16,074 | INFO     |   → 251/977 ⚠️ Ошибка: HTTPSConnectionPool(host='mirror.ghproxy.com', port=443): Max retries exceeded with url: /https://raw.githubusercontent.com/Barabama/FreeNodes/master/nodes/kkzui.txt (Caused by NameResolutionError("HTTPSConnection(host='mirror.ghproxy.com', port=443): Failed to resolve 'mirror.ghproxy.com' ([Errno -2] Name or service not known)")) — https://mirror.ghproxy.com/https://raw.githubusercontent.com/Barabama/FreeNodes/master/nodes/kkzui.txt
2026-05-23 19:09:16,074 | INFO     |   → 252/977 ⚠️ Ошибка: HTTPSConnectionPool(host='mirror.ghproxy.com', port=443): Max retries exceeded with url: /https://raw.githubusercontent.com/Barabama/FreeNodes/master/nodes/merged.txt (Caused by NameResolutionError("HTTPSConnection(host='mirror.ghproxy.com', port=443): Failed to resolve 'mirror.ghproxy.com' ([Errno -2] Name or service not known)")) — https://mirror.ghproxy.com/https://raw.githubusercontent.com/Barabama/FreeNodes/master/nodes/merged.txt
2026-05-23 19:09:16,074 | INFO     |   → 253/977 ⚠️ Ошибка: HTTPSConnectionPool(host='mirror.ghproxy.com', port=443): Max retries exceeded with url: /https://raw.githubusercontent.com/Barabama/FreeNodes/master/nodes/nodefree.txt (Caused by NameResolutionError("HTTPSConnection(host='mirror.ghproxy.com', port=443): Failed to resolve 'mirror.ghproxy.com' ([Errno -2] Name or service not known)")) — https://mirror.ghproxy.com/https://raw.githubusercontent.com/Barabama/FreeNodes/master/nodes/nodefree.txt
2026-05-23 19:09:16,074 | INFO     |   → 254/977 ⚠️ Ошибка: HTTPSConnectionPool(host='mirror.ghproxy.com', port=443): Max retries exceeded with url: /https://raw.githubusercontent.com/Barabama/FreeNodes/master/nodes/openrunner.txt (Caused by NameResolutionError("HTTPSConnection(host='mirror.ghproxy.com', port=443): Failed to resolve 'mirror.ghproxy.com' ([Errno -2] Name or service not known)")) — https://mirror.ghproxy.com/https://raw.githubusercontent.com/Barabama/FreeNodes/master/nodes/openrunner.txt
2026-05-23 19:09:16,074 | INFO     |   → 255/977 ⚠️ Ошибка: HTTPSConnectionPool(host='mirror.ghproxy.com', port=443): Max retries exceeded with url: /https://raw.githubusercontent.com/Barabama/FreeNodes/master/nodes/v2rayshare.txt (Caused by NameResolutionError("HTTPSConnection(host='mirror.ghproxy.com', port=443): Failed to resolve 'mirror.ghproxy.com' ([Errno -2] Name or service not known)")) — https://mirror.ghproxy.com/https://raw.githubusercontent.com/Barabama/FreeNodes/master/nodes/v2rayshare.txt
2026-05-23 19:09:16,074 | INFO     |   → 256/977 ⚠️ Ошибка: HTTPSConnectionPool(host='mirror.ghproxy.com', port=443): Max retries exceeded with url: /https://raw.githubusercontent.com/Barabama/FreeNodes/master/nodes/wenode.txt (Caused by NameResolutionError("HTTPSConnection(host='mirror.ghproxy.com', port=443): Failed to resolve 'mirror.ghproxy.com' ([Errno -2] Name or service not known)")) — https://mirror.ghproxy.com/https://raw.githubusercontent.com/Barabama/FreeNodes/master/nodes/wenode.txt
2026-05-23 19:09:16,074 | INFO     |   → 257/977 ⚠️ Ошибка: HTTPSConnectionPool(host='mirror.ghproxy.com', port=443): Max retries exceeded with url: /https://raw.githubusercontent.com/Barabama/FreeNodes/master/nodes/yudou66.txt (Caused by NameResolutionError("HTTPSConnection(host='mirror.ghproxy.com', port=443): Failed to resolve 'mirror.ghproxy.com' ([Errno -2] Name or service not known)")) — https://mirror.ghproxy.com/https://raw.githubusercontent.com/Barabama/FreeNodes/master/nodes/yudou66.txt
2026-05-23 19:09:16,074 | INFO     |   → 258/977: ✅ 7 взято | 🗑️ 17 мусор
2026-05-23 19:09:16,075 | INFO     |   → 259/977: ✅ 0 взято | 🗑️ 17 мусор
2026-05-23 19:09:16,075 | INFO     |   → 260/977: ✅ 14 взято | 🗑️ 14 мусор
2026-05-23 19:09:16,075 | INFO     |   → 261/977: ✅ 0 взято | 🗑️ 14 мусор
2026-05-23 19:09:16,075 | INFO     |   → 262/977: ✅ 0 взято | 🗑️ 14 мусор
2026-05-23 19:09:16,075 | INFO     |   → 263/977: ✅ 0 взято | 🗑️ 14 мусор
2026-05-23 19:09:16,075 | INFO     |   → 264/977: ✅ 0 взято | 🗑️ 14 мусор
2026-05-23 19:09:16,075 | INFO     |   → 265/977: ✅ 0 взято | 🗑️ 14 мусор
2026-05-23 19:09:16,075 | INFO     |   → 266/977: ✅ 0 взято | 🗑️ 14 мусор
2026-05-23 19:09:16,075 | INFO     |   → 267/977: ✅ 0 взято | 🗑️ 14 мусор
2026-05-23 19:09:16,075 | INFO     |   → 268/977: ✅ 0 взято | 🗑️ 14 мусор
2026-05-23 19:09:16,075 | INFO     |   → 269/977: ✅ 7 взято | 🗑️ 21 мусор
2026-05-23 19:09:16,075 | INFO     |   → 270/977: ✅ 0 взято | 🗑️ 21 мусор
2026-05-23 19:09:16,075 | INFO     |   → 271/977: ✅ 0 взято | 🗑️ 21 мусор
2026-05-23 19:09:16,075 | INFO     |   → 272/977: ✅ 0 взято | 🗑️ 21 мусор
2026-05-23 19:09:16,075 | INFO     |   → 273/977: ✅ 0 взято | 🗑️ 21 мусор
2026-05-23 19:09:16,075 | INFO     |   → 274/977: ✅ 0 взято | 🗑️ 21 мусор
2026-05-23 19:09:16,075 | INFO     |   → 275/977: ✅ 0 взято | 🗑️ 21 мусор
2026-05-23 19:09:16,075 | INFO     |   → 276/977: ✅ 0 взято | 🗑️ 21 мусор
2026-05-23 19:09:16,075 | INFO     |   → 277/977: ✅ 0 взято | 🗑️ 21 мусор
2026-05-23 19:09:16,075 | INFO     |   → 278/977: ✅ 0 взято | 🗑️ 21 мусор
2026-05-23 19:09:16,075 | INFO     |   → 279/977: ✅ 0 взято | 🗑️ 21 мусор
2026-05-23 19:09:16,075 | INFO     |   → 280/977: ✅ 5 взято | 🗑️ 15 мусор
2026-05-23 19:09:16,075 | INFO     |   → 281/977: ✅ 0 взято | 🗑️ 15 мусор
2026-05-23 19:09:16,075 | INFO     |   → 282/977: ✅ 0 взято | 🗑️ 15 мусор
2026-05-23 19:09:16,075 | INFO     |   → 283/977: ✅ 0 взято | 🗑️ 15 мусор
2026-05-23 19:09:16,075 | INFO     |   → 284/977: ✅ 0 взято | 🗑️ 15 мусор
2026-05-23 19:09:16,075 | INFO     |   → 285/977: ✅ 0 взято | 🗑️ 15 мусор
2026-05-23 19:09:16,075 | INFO     |   → 286/977: ✅ 0 взято | 🗑️ 15 мусор
2026-05-23 19:09:16,075 | INFO     |   → 287/977: ✅ 0 взято | 🗑️ 15 мусор
2026-05-23 19:09:16,075 | INFO     |   → 288/977: ✅ 0 взято | 🗑️ 15 мусор
2026-05-23 19:09:16,075 | INFO     |   → 289/977: ✅ 0 взято | 🗑️ 14 мусор
2026-05-23 19:09:16,075 | INFO     |   → 290/977: ✅ 0 взято | 🗑️ 14 мусор
2026-05-23 19:09:16,075 | INFO     |   → 291/977: ✅ 0 взято | 🗑️ 14 мусор
2026-05-23 19:09:16,075 | INFO     |   → 292/977: ✅ 0 взято | 🗑️ 14 мусор
2026-05-23 19:09:16,075 | INFO     |   → 293/977: ✅ 6 взято | 🗑️ 17 мусор
2026-05-23 19:09:16,075 | INFO     |   → 294/977: ✅ 0 взято | 🗑️ 17 мусор
2026-05-23 19:09:16,075 | INFO     |   → 295/977: ✅ 0 взято | 🗑️ 17 мусор
2026-05-23 19:09:16,075 | INFO     |   → 296/977: ✅ 0 взято | 🗑️ 17 мусор
2026-05-23 19:09:16,075 | INFO     |   → 297/977: ✅ 0 взято | 🗑️ 17 мусор
2026-05-23 19:09:16,075 | INFO     |   → 298/977: ✅ 0 взято | 🗑️ 17 мусор
2026-05-23 19:09:16,075 | INFO     |   → 299/977: ✅ 6 взято | 🗑️ 24 мусор
2026-05-23 19:09:16,075 | INFO     |   → 300/977: ✅ 0 взято | 🗑️ 24 мусор
2026-05-23 19:09:16,075 | INFO     |   → 301/977: ✅ 0 взято | 🗑️ 24 мусор
2026-05-23 19:09:16,075 | INFO     |   → 302/977 ❌ HTTP 403 — https://nodefree.org/dy/2023/08/20230806.yaml
2026-05-23 19:09:16,075 | INFO     |   → 303/977 ❌ HTTP 403 — https://nodefree.org/dy/2023/12/20231221.txt
2026-05-23 19:09:16,075 | INFO     |   → 304/977: ✅ 0 взято | 🗑️ 17 мусор
2026-05-23 19:09:16,075 | INFO     |   → 305/977: ✅ 0 взято | 🗑️ 17 мусор
2026-05-23 19:09:16,075 | INFO     |   → 306/977: ✅ 0 взято | 🗑️ 14 мусор
2026-05-23 19:09:16,075 | INFO     |   → 307/977: ✅ 0 взято | 🗑️ 14 мусор
2026-05-23 19:09:16,075 | INFO     |   → 308/977: ✅ 0 взято | 🗑️ 14 мусор
2026-05-23 19:09:16,075 | INFO     |   → 309/977: ✅ 0 взято | 🗑️ 14 мусор
2026-05-23 19:09:16,075 | INFO     |   → 310/977: ✅ 0 взято | 🗑️ 14 мусор
2026-05-23 19:09:16,075 | INFO     |   → 311/977: ✅ 0 взято | 🗑️ 14 мусор
2026-05-23 19:09:16,075 | INFO     |   → 312/977: ✅ 0 взято | 🗑️ 14 мусор
2026-05-23 19:09:16,075 | INFO     |   → 313/977: ✅ 0 взято | 🗑️ 14 мусор
2026-05-23 19:09:16,075 | INFO     |   → 314/977: ✅ 0 взято | 🗑️ 14 мусор
2026-05-23 19:09:16,075 | INFO     |   → 315/977: ✅ 0 взято | 🗑️ 21 мусор
2026-05-23 19:09:16,075 | INFO     |   → 316/977: ✅ 0 взято | 🗑️ 21 мусор
2026-05-23 19:09:16,075 | INFO     |   → 317/977: ✅ 0 взято | 🗑️ 21 мусор
2026-05-23 19:09:16,075 | INFO     |   → 318/977: ✅ 0 взято | 🗑️ 21 мусор
2026-05-23 19:09:16,076 | INFO     |   → 319/977: ✅ 0 взято | 🗑️ 21 мусор
2026-05-23 19:09:16,076 | INFO     |   → 320/977: ✅ 0 взято | 🗑️ 21 мусор
2026-05-23 19:09:16,076 | INFO     |   → 321/977: ✅ 0 взято | 🗑️ 21 мусор
2026-05-23 19:09:16,076 | INFO     |   → 322/977: ✅ 0 взято | 🗑️ 21 мусор
2026-05-23 19:09:16,076 | INFO     |   → 323/977: ✅ 0 взято | 🗑️ 21 мусор
2026-05-23 19:09:16,076 | INFO     |   → 324/977: ✅ 0 взято | 🗑️ 21 мусор
2026-05-23 19:09:16,076 | INFO     |   → 325/977: ✅ 0 взято | 🗑️ 21 мусор
2026-05-23 19:09:16,076 | INFO     |   → 326/977: ✅ 0 взято | 🗑️ 15 мусор
2026-05-23 19:09:16,076 | INFO     |   → 327/977: ✅ 0 взято | 🗑️ 15 мусор
2026-05-23 19:09:16,076 | INFO     |   → 328/977: ✅ 0 взято | 🗑️ 15 мусор
2026-05-23 19:09:16,076 | INFO     |   → 329/977: ✅ 0 взято | 🗑️ 15 мусор
2026-05-23 19:09:16,076 | INFO     |   → 330/977: ✅ 0 взято | 🗑️ 15 мусор
2026-05-23 19:09:16,076 | INFO     |   → 331/977: ✅ 0 взято | 🗑️ 15 мусор
2026-05-23 19:09:16,076 | INFO     |   → 332/977: ✅ 0 взято | 🗑️ 15 мусор
2026-05-23 19:09:16,076 | INFO     |   → 333/977: ✅ 0 взято | 🗑️ 15 мусор
2026-05-23 19:09:16,076 | INFO     |   → 334/977: ✅ 0 взято | 🗑️ 15 мусор
2026-05-23 19:09:16,076 | INFO     |   → 335/977: ✅ 0 взято | 🗑️ 15 мусор
2026-05-23 19:09:16,076 | INFO     |   → 336/977: ✅ 0 взято | 🗑️ 14 мусор
2026-05-23 19:09:16,076 | INFO     |   → 337/977: ✅ 0 взято | 🗑️ 14 мусор
2026-05-23 19:09:16,076 | INFO     |   → 338/977: ✅ 0 взято | 🗑️ 14 мусор
2026-05-23 19:09:16,076 | INFO     |   → 339/977: ✅ 0 взято | 🗑️ 14 мусор
2026-05-23 19:09:16,076 | INFO     |   → 340/977: ✅ 0 взято | 🗑️ 17 мусор
2026-05-23 19:09:16,076 | INFO     |   → 341/977: ✅ 0 взято | 🗑️ 17 мусор
2026-05-23 19:09:16,076 | INFO     |   → 342/977: ✅ 0 взято | 🗑️ 17 мусор
2026-05-23 19:09:16,076 | INFO     |   → 343/977: ✅ 0 взято | 🗑️ 17 мусор
2026-05-23 19:09:16,076 | INFO     |   → 344/977: ✅ 0 взято | 🗑️ 17 мусор
2026-05-23 19:09:16,076 | INFO     |   → 345/977: ✅ 0 взято | 🗑️ 24 мусор
2026-05-23 19:09:16,076 | INFO     |   → 346/977: ✅ 0 взято | 🗑️ 24 мусор
2026-05-23 19:09:16,076 | INFO     |   → 347/977: ✅ 0 взято | 🗑️ 24 мусор
2026-05-23 19:09:16,076 | INFO     |   → 348/977: ✅ 0 взято | 🗑️ 0 мусор
2026-05-23 19:09:16,076 | INFO     |   → 349/977: ✅ 0 взято | 🗑️ 0 мусор
2026-05-23 19:09:16,076 | INFO     |   → 350/977: ✅ 0 взято | 🗑️ 0 мусор
2026-05-23 19:09:16,076 | INFO     |   → 351/977: ✅ 0 взято | 🗑️ 0 мусор
2026-05-23 19:09:16,076 | INFO     |   → 352/977: ✅ 0 взято | 🗑️ 0 мусор
2026-05-23 19:09:16,076 | INFO     |   → 353/977: ✅ 0 взято | 🗑️ 0 мусор
2026-05-23 19:09:16,076 | INFO     |   → 354/977: ✅ 0 взято | 🗑️ 0 мусор
2026-05-23 19:09:16,076 | INFO     |   → 355/977: ✅ 0 взято | 🗑️ 0 мусор
2026-05-23 19:09:16,076 | INFO     |   → 356/977: ✅ 0 взято | 🗑️ 0 мусор
2026-05-23 19:09:16,076 | INFO     |   → 357/977: ✅ 0 взято | 🗑️ 0 мусор
2026-05-23 19:09:16,076 | INFO     |   → 358/977: ✅ 0 взято | 🗑️ 0 мусор
2026-05-23 19:09:16,076 | INFO     |   → 359/977: ✅ 0 взято | 🗑️ 0 мусор
2026-05-23 19:09:16,076 | INFO     |   → 360/977 ❌ HTTP 404 — https://raw.githubusercontent.com/10ium/MihomoSaz/main/Sublist/shatakvpn.yaml4_Sub.txt
2026-05-23 19:09:16,076 | INFO     |   → 361/977: ✅ 0 взято | 🗑️ 0 мусор
2026-05-23 19:09:16,076 | INFO     |   → 362/977: ✅ 0 взято | 🗑️ 0 мусор
2026-05-23 19:09:16,076 | INFO     |   → 363/977: ✅ 12 взято | 🗑️ 38 мусор
2026-05-23 19:09:16,076 | INFO     |   → 364/977: ✅ 0 взято | 🗑️ 0 мусор
2026-05-23 19:09:16,076 | INFO     |   → 365/977: ✅ 0 взято | 🗑️ 0 мусор
2026-05-23 19:09:16,076 | INFO     |   → 366/977: ✅ 11 взято | 🗑️ 399 мусор
2026-05-23 19:09:16,076 | INFO     |   → 367/977: ✅ 0 взято | 🗑️ 0 мусор
2026-05-23 19:09:16,076 | INFO     |   → 368/977 ❌ HTTP 404 — https://raw.githubusercontent.com/9Fork/openit/main/Clash.yaml
2026-05-23 19:09:16,076 | INFO     |   → 369/977: ✅ 100 взято | 🗑️ 381 мусор
2026-05-23 19:09:16,076 | INFO     |   → 370/977: ✅ 0 взято | 🗑️ 381 мусор
2026-05-23 19:09:16,076 | INFO     |   → 371/977: ✅ 19 взято | 🗑️ 81 мусор
2026-05-23 19:09:16,076 | INFO     |   → 372/977: ✅ 11 взято | 🗑️ 87 мусор
2026-05-23 19:09:16,076 | INFO     |   → 373/977: ✅ 27 взято | 🗑️ 73 мусор
2026-05-23 19:09:16,076 | INFO     |   → 374/977: ✅ 13 взято | 🗑️ 75 мусор
2026-05-23 19:09:16,076 | INFO     |   → 375/977: ✅ 10 взято | 🗑️ 83 мусор
2026-05-23 19:09:16,076 | INFO     |   → 376/977: ✅ 12 взято | 🗑️ 86 мусор
2026-05-23 19:09:16,076 | INFO     |   → 377/977: ✅ 11 взято | 🗑️ 87 мусор
2026-05-23 19:09:16,076 | INFO     |   → 378/977: ✅ 11 взято | 🗑️ 80 мусор
2026-05-23 19:09:16,077 | INFO     |   → 379/977: ✅ 9 взято | 🗑️ 82 мусор
2026-05-23 19:09:16,077 | INFO     |   → 380/977: ✅ 69 взято | 🗑️ 3 мусор
2026-05-23 19:09:16,077 | INFO     |   → 381/977: ✅ 3 взято | 🗑️ 75 мусор
2026-05-23 19:09:16,077 | INFO     |   → 382/977: ✅ 4 взято | 🗑️ 69 мусор
2026-05-23 19:09:16,077 | INFO     |   → 383/977: ✅ 4 взято | 🗑️ 80 мусор
2026-05-23 19:09:16,077 | INFO     |   → 384/977: ✅ 6 взято | 🗑️ 81 мусор
2026-05-23 19:09:16,077 | INFO     |   → 385/977: ✅ 5 взято | 🗑️ 79 мусор
2026-05-23 19:09:16,077 | INFO     |   → 386/977: ✅ 11 взято | 🗑️ 78 мусор
2026-05-23 19:09:16,077 | INFO     |   → 387/977: ✅ 3 взято | 🗑️ 83 мусор
2026-05-23 19:09:16,077 | INFO     |   → 388/977: ✅ 14 взято | 🗑️ 76 мусор
2026-05-23 19:09:16,077 | INFO     |   → 389/977: ✅ 12 взято | 🗑️ 78 мусор
2026-05-23 19:09:16,077 | INFO     |   → 390/977: ✅ 26 взято | 🗑️ 218 мусор
2026-05-23 19:09:16,077 | INFO     |   → 391/977: ✅ 44 взято | 🗑️ 141 мусор
2026-05-23 19:09:16,077 | INFO     |   → 392/977: ✅ 10 взято | 🗑️ 71 мусор
2026-05-23 19:09:16,077 | INFO     |   → 393/977: ✅ 2 взято | 🗑️ 88 мусор
2026-05-23 19:09:16,077 | INFO     |   → 394/977: ✅ 0 взято | 🗑️ 3 мусор
2026-05-23 19:09:16,077 | INFO     |   → 395/977: ✅ 14 взято | 🗑️ 4 мусор
2026-05-23 19:09:16,077 | INFO     |   → 396/977: ✅ 637 взято | 🗑️ 2449 мусор
2026-05-23 19:09:16,077 | INFO     |   → 397/977 ❌ HTTP 404 — https://raw.githubusercontent.com/Alvin9999/pac2/master/clash/1/config.yaml
2026-05-23 19:09:16,077 | INFO     |   → 398/977 ❌ HTTP 404 — https://raw.githubusercontent.com/AmirHDevo/temp2/7f15e7ddb311a6f8c5ab338bd1af0e1f2136a84b/configs.txt
2026-05-23 19:09:16,077 | INFO     |   → 399/977: ✅ 5 взято | 🗑️ 129 мусор
2026-05-23 19:09:16,077 | INFO     |   → 400/977: ✅ 2034 взято | 🗑️ 37278 мусор
2026-05-23 19:09:16,077 | INFO     |   → 401/977: ✅ 5 взято | 🗑️ 47 мусор
2026-05-23 19:09:16,077 | INFO     |   → 402/977: ✅ 4 взято | 🗑️ 57 мусор
2026-05-23 19:09:16,077 | INFO     |   → 403/977: ✅ 21 взято | 🗑️ 107 мусор
2026-05-23 19:09:16,077 | INFO     |   → 404/977: ✅ 78 взято | 🗑️ 347 мусор
2026-05-23 19:09:16,077 | INFO     |   → 405/977: ✅ 0 взято | 🗑️ 1373 мусор
2026-05-23 19:09:16,077 | INFO     |   → 406/977: ✅ 339 взято | 🗑️ 1542 мусор
2026-05-23 19:09:16,077 | INFO     |   → 407/977: ✅ 0 взято | 🗑️ 6 мусор
2026-05-23 19:09:16,077 | INFO     |   → 408/977: ✅ 0 взято | 🗑️ 0 мусор
2026-05-23 19:09:16,077 | INFO     |   → 409/977: ✅ 1 взято | 🗑️ 235 мусор
2026-05-23 19:09:16,077 | INFO     |   → 410/977: ✅ 0 взято | 🗑️ 16 мусор
2026-05-23 19:09:16,077 | INFO     |   → 411/977: ✅ 0 взято | 🗑️ 0 мусор
2026-05-23 19:09:16,077 | INFO     |   → 412/977: ✅ 0 взято | 🗑️ 14 мусор
2026-05-23 19:09:16,077 | INFO     |   → 413/977: ✅ 0 взято | 🗑️ 0 мусор
2026-05-23 19:09:16,077 | INFO     |   → 414/977: ✅ 0 взято | 🗑️ 17 мусор
2026-05-23 19:09:16,077 | INFO     |   → 415/977: ✅ 0 взято | 🗑️ 0 мусор
2026-05-23 19:09:16,077 | INFO     |   → 416/977: ✅ 1 взято | 🗑️ 12 мусор
2026-05-23 19:09:16,077 | INFO     |   → 417/977: ✅ 0 взято | 🗑️ 0 мусор
2026-05-23 19:09:16,077 | INFO     |   → 418/977: ✅ 0 взято | 🗑️ 17 мусор
2026-05-23 19:09:16,077 | INFO     |   → 419/977: ✅ 0 взято | 🗑️ 0 мусор
2026-05-23 19:09:16,077 | INFO     |   → 420/977: ✅ 0 взято | 🗑️ 17 мусор
2026-05-23 19:09:16,077 | INFO     |   → 421/977: ✅ 0 взято | 🗑️ 0 мусор
2026-05-23 19:09:16,077 | INFO     |   → 422/977: ✅ 0 взято | 🗑️ 161 мусор
2026-05-23 19:09:16,077 | INFO     |   → 423/977: ✅ 0 взято | 🗑️ 0 мусор
2026-05-23 19:09:16,077 | INFO     |   → 424/977: ✅ 5 взято | 🗑️ 76 мусор
2026-05-23 19:09:16,077 | INFO     |   → 425/977: ✅ 80 взято | 🗑️ 1110 мусор
2026-05-23 19:09:16,077 | INFO     |   → 426/977: ✅ 5 взято | 🗑️ 13 мусор
2026-05-23 19:09:16,077 | INFO     |   → 427/977 ❌ HTTP 404 — https://raw.githubusercontent.com/Epodonios/bulk-xray-v2ray-vless-vmess-...-configs/main/sub/Austria/config.txt
2026-05-23 19:09:16,077 | INFO     |   → 428/977 ❌ HTTP 404 — https://raw.githubusercontent.com/Epodonios/bulk-xray-v2ray-vless-vmess-...-configs/main/sub/Canada/config.txt
2026-05-23 19:09:16,077 | INFO     |   → 429/977 ❌ HTTP 404 — https://raw.githubusercontent.com/Epodonios/bulk-xray-v2ray-vless-vmess-...-configs/main/sub/Costa%20Rica/config.txt
2026-05-23 19:09:16,077 | INFO     |   → 430/977 ❌ HTTP 404 — https://raw.githubusercontent.com/Epodonios/bulk-xray-v2ray-vless-vmess-...-configs/main/sub/France/config.txt
2026-05-23 19:09:16,077 | INFO     |   → 431/977 ❌ HTTP 404 — https://raw.githubusercontent.com/Epodonios/bulk-xray-v2ray-vless-vmess-...-configs/main/sub/Germany/config.txt
2026-05-23 19:09:16,077 | INFO     |   → 432/977 ❌ HTTP 404 — https://raw.githubusercontent.com/Epodonios/bulk-xray-v2ray-vless-vmess-...-configs/main/sub/Indonesia/config.txt
2026-05-23 19:09:16,077 | INFO     |   → 433/977 ❌ HTTP 404 — https://raw.githubusercontent.com/Epodonios/bulk-xray-v2ray-vless-vmess-...-configs/main/sub/Ireland/config.txt
2026-05-23 19:09:16,077 | INFO     |   → 434/977 ❌ HTTP 404 — https://raw.githubusercontent.com/Epodonios/bulk-xray-v2ray-vless-vmess-...-configs/main/sub/Republic%20of%20Lithuania/config.txt
2026-05-23 19:09:16,077 | INFO     |   → 435/977 ❌ HTTP 404 — https://raw.githubusercontent.com/Epodonios/bulk-xray-v2ray-vless-vmess-...-configs/main/sub/South%20Africa/config.txt
2026-05-23 19:09:16,077 | INFO     |   → 436/977 ❌ HTTP 404 — https://raw.githubusercontent.com/Epodonios/bulk-xray-v2ray-vless-vmess-...-configs/main/sub/Sweden/config.txt
2026-05-23 19:09:16,077 | INFO     |   → 437/977 ❌ HTTP 404 — https://raw.githubusercontent.com/Epodonios/bulk-xray-v2ray-vless-vmess-...-configs/main/sub/Turkey/config.txt
2026-05-23 19:09:16,078 | INFO     |   → 438/977 ❌ HTTP 404 — https://raw.githubusercontent.com/Epodonios/bulk-xray-v2ray-vless-vmess-...-configs/main/sub/United%20Arab%20Emirates/config.txt
2026-05-23 19:09:16,078 | INFO     |   → 439/977 ❌ HTTP 404 — https://raw.githubusercontent.com/Epodonios/bulk-xray-v2ray-vless-vmess-...-configs/main/sub/United%20Kingdom/config.txt
2026-05-23 19:09:16,078 | INFO     |   → 440/977 ❌ HTTP 404 — https://raw.githubusercontent.com/Epodonios/bulk-xray-v2ray-vless-vmess-...-configs/main/sub/United%20States/config.txt
2026-05-23 19:09:16,078 | INFO     |   → 441/977: ✅ 304 взято | 🗑️ 3888 мусор
2026-05-23 19:09:16,078 | INFO     |   → 442/977 ❌ HTTP 404 — https://raw.githubusercontent.com/Epodonios/v2ray-configs/main/Splitted-By-Protocol/mix.txt
2026-05-23 19:09:16,078 | INFO     |   → 443/977: ✅ 0 взято | 🗑️ 330 мусор
2026-05-23 19:09:16,078 | INFO     |   → 444/977: ✅ 0 взято | 🗑️ 0 мусор
2026-05-23 19:09:16,078 | INFO     |   → 445/977: ✅ 0 взято | 🗑️ 274 мусор
2026-05-23 19:09:16,078 | INFO     |   → 446/977: ✅ 0 взято | 🗑️ 2784 мусор
2026-05-23 19:09:16,078 | INFO     |   → 447/977: ✅ 0 взято | 🗑️ 500 мусор
2026-05-23 19:09:16,078 | INFO     |   → 448/977 ❌ HTTP 404 — https://raw.githubusercontent.com/Epodonios/v2ray-configs/raw/main/Splitted-By-Protocol/trojan.txt
2026-05-23 19:09:16,078 | INFO     |   → 449/977 ❌ HTTP 404 — https://raw.githubusercontent.com/Epodonios/v2ray-configs/raw/main/Splitted-By-Protocol/vmess.txt
2026-05-23 19:09:16,078 | INFO     |   → 450/977: ✅ 6 взято | 🗑️ 330 мусор
2026-05-23 19:09:16,078 | INFO     |   → 451/977: ✅ 0 взято | 🗑️ 0 мусор
2026-05-23 19:09:16,078 | INFO     |   → 452/977: ✅ 9 взято | 🗑️ 275 мусор
2026-05-23 19:09:16,078 | INFO     |   → 453/977: ✅ 0 взято | 🗑️ 2785 мусор
2026-05-23 19:09:16,078 | INFO     |   → 454/977: ✅ 0 взято | 🗑️ 500 мусор
2026-05-23 19:09:16,078 | INFO     |   → 455/977 ❌ HTTP 404 — https://raw.githubusercontent.com/Fido6/FreeNodes/57221e59caddde55ffdda21d491ae952cd608049/nodes/halekj.txt
2026-05-23 19:09:16,078 | INFO     |   → 456/977 ❌ HTTP 404 — https://raw.githubusercontent.com/Fido6/FreeNodes/57221e59caddde55ffdda21d491ae952cd608049/nodes/kkzui.txt
2026-05-23 19:09:16,078 | INFO     |   → 457/977 ❌ HTTP 404 — https://raw.githubusercontent.com/Fido6/FreeNodes/57221e59caddde55ffdda21d491ae952cd608049/nodes/wenode.txt
2026-05-23 19:09:16,078 | INFO     |   → 458/977: ✅ 0 взято | 🗑️ 0 мусор
2026-05-23 19:09:16,078 | INFO     |   → 459/977: ✅ 0 взято | 🗑️ 16 мусор
2026-05-23 19:09:16,078 | INFO     |   → 460/977: ✅ 14 взято | 🗑️ 250 мусор
2026-05-23 19:09:16,078 | INFO     |   → 461/977: ✅ 1 взято | 🗑️ 11 мусор
2026-05-23 19:09:16,078 | INFO     |   → 462/977: ✅ 1 взято | 🗑️ 17 мусор
2026-05-23 19:09:16,078 | INFO     |   → 463/977: ✅ 4 взято | 🗑️ 11 мусор
2026-05-23 19:09:16,078 | INFO     |   → 464/977: ✅ 0 взято | 🗑️ 0 мусор
2026-05-23 19:09:16,078 | INFO     |   → 465/977: ✅ 0 взято | 🗑️ 137 мусор
2026-05-23 19:09:16,078 | INFO     |   → 466/977: ✅ 0 взято | 🗑️ 32 мусор
2026-05-23 19:09:16,078 | INFO     |   → 467/977: ✅ 2 взято | 🗑️ 19 мусор
2026-05-23 19:09:16,078 | INFO     |   → 468/977: ✅ 0 взято | 🗑️ 43 мусор
2026-05-23 19:09:16,078 | INFO     |   → 469/977: ✅ 0 взято | 🗑️ 43 мусор
2026-05-23 19:09:16,078 | INFO     |   → 470/977 ❌ HTTP 404 — https://raw.githubusercontent.com/Iran-v2ray/v2ray/main/v2ray
2026-05-23 19:09:16,078 | INFO     |   → 471/977: ✅ 0 взято | 🗑️ 1 мусор
2026-05-23 19:09:16,078 | INFO     |   → 472/977: ✅ 0 взято | 🗑️ 1 мусор
2026-05-23 19:09:16,078 | INFO     |   → 473/977: ✅ 0 взято | 🗑️ 28 мусор
2026-05-23 19:09:16,078 | INFO     |   → 474/977: ✅ 14 взято | 🗑️ 282 мусор
2026-05-23 19:09:16,078 | INFO     |   → 475/977: ✅ 0 взято | 🗑️ 94 мусор
2026-05-23 19:09:16,078 | INFO     |   → 476/977: ✅ 0 взято | 🗑️ 0 мусор
2026-05-23 19:09:16,078 | INFO     |   → 477/977: ✅ 0 взято | 🗑️ 0 мусор
2026-05-23 19:09:16,078 | INFO     |   → 478/977 ❌ HTTP 404 — https://raw.githubusercontent.com/Kwinshadow/TelegramV2rayCollector/raw/refs/heads/main/sublinks/mix.txt
2026-05-23 19:09:16,078 | INFO     |   → 479/977 ❌ HTTP 404 — https://raw.githubusercontent.com/LalatinaHub/Mineral/raw/refs/heads/master/result/nodes
2026-05-23 19:09:16,078 | INFO     |   → 480/977 ❌ HTTP 404 — https://raw.githubusercontent.com/Leon406/SubCrawler/main/sub/share/all3
2026-05-23 19:09:16,078 | INFO     |   → 481/977 ❌ HTTP 404 — https://raw.githubusercontent.com/Leon406/SubCrawler/main/sub/share/all4
2026-05-23 19:09:16,078 | INFO     |   → 482/977: ✅ 4 взято | 🗑️ 335 мусор
2026-05-23 19:09:16,078 | INFO     |   → 483/977: ✅ 0 взято | 🗑️ 33 мусор
2026-05-23 19:09:16,078 | INFO     |   → 484/977: ✅ 0 взято | 🗑️ 6 мусор
2026-05-23 19:09:16,078 | INFO     |   → 485/977: ✅ 0 взято | 🗑️ 147 мусор
2026-05-23 19:09:16,078 | INFO     |   → 486/977 ❌ HTTP 404 — https://raw.githubusercontent.com/M-Mashreghi/free-config-collector/main/Splitted-By-Protocol/ssr.txt
2026-05-23 19:09:16,078 | INFO     |   → 487/977: ✅ 139 взято | 🗑️ 114 мусор
2026-05-23 19:09:16,078 | INFO     |   → 488/977: ✅ 126 взято | 🗑️ 137 мусор
2026-05-23 19:09:16,078 | INFO     |   → 489/977: ✅ 0 взято | 🗑️ 12 мусор
2026-05-23 19:09:16,078 | INFO     |   → 490/977: ✅ 0 взято | 🗑️ 1 мусор
2026-05-23 19:09:16,078 | INFO     |   → 491/977: ✅ 47 взято | 🗑️ 508 мусор
2026-05-23 19:09:16,078 | INFO     |   → 492/977: ✅ 0 взято | 🗑️ 508 мусор
2026-05-23 19:09:16,078 | INFO     |   → 493/977 ❌ HTTP 404 — https://raw.githubusercontent.com/MatinGhanbari/v2ray-configs/main/subscriptions/filtered/subs/hy2.txt
2026-05-23 19:09:16,078 | INFO     |   → 494/977: ✅ 26 взято | 🗑️ 1523 мусор
2026-05-23 19:09:16,078 | INFO     |   → 495/977 ❌ HTTP 404 — https://raw.githubusercontent.com/MatinGhanbari/v2ray-configs/main/subscriptions/filtered/subs/ssr.txt
2026-05-23 19:09:16,078 | INFO     |   → 496/977: ✅ 55 взято | 🗑️ 564 мусор
2026-05-23 19:09:16,078 | INFO     |   → 497/977 ❌ HTTP 404 — https://raw.githubusercontent.com/MatinGhanbari/v2ray-configs/main/subscriptions/filtered/subs/tuic.txt
2026-05-23 19:09:16,079 | INFO     |   → 498/977: ✅ 17 взято | 🗑️ 259 мусор
2026-05-23 19:09:16,079 | INFO     |   → 499/977: ✅ 216 взято | 🗑️ 1280 мусор
2026-05-23 19:09:16,079 | INFO     |   → 500/977: ✅ 0 взято | 🗑️ 2 мусор
2026-05-23 19:09:16,079 | INFO     |   → 501/977: ✅ 73 взято | 🗑️ 719 мусор
2026-05-23 19:09:16,079 | INFO     |   → 502/977: ✅ 0 взято | 🗑️ 363 мусор
2026-05-23 19:09:16,079 | INFO     |   → 503/977: ✅ 0 взято | 🗑️ 363 мусор
2026-05-23 19:09:16,079 | INFO     |   → 504/977: ✅ 0 взято | 🗑️ 20 мусор
2026-05-23 19:09:16,079 | INFO     |   → 505/977: ✅ 0 взято | 🗑️ 2 мусор
2026-05-23 19:09:16,079 | INFO     |   → 506/977: ✅ 0 взято | 🗑️ 267 мусор
2026-05-23 19:09:16,079 | INFO     |   → 507/977: ✅ 0 взято | 🗑️ 75 мусор
2026-05-23 19:09:16,079 | INFO     |   → 508/977 ❌ HTTP 404 — https://raw.githubusercontent.com/MhdiTaheri/V2rayCollector/raw/refs/heads/main/sub/mix
2026-05-23 19:09:16,079 | INFO     |   → 509/977: ✅ 53 взято | 🗑️ 267 мусор
2026-05-23 19:09:16,079 | INFO     |   → 510/977 ❌ HTTP 404 — https://raw.githubusercontent.com/MhdiTaheri/V2rayCollector_Py/raw/refs/heads/main/sub/Mix/mix.txt
2026-05-23 19:09:16,079 | INFO     |   → 511/977: ✅ 0 взято | 🗑️ 0 мусор
2026-05-23 19:09:16,079 | INFO     |   → 512/977: ✅ 43 взято | 🗑️ 217 мусор
2026-05-23 19:09:16,079 | INFO     |   → 513/977: ✅ 0 взято | 🗑️ 31 мусор
2026-05-23 19:09:16,079 | INFO     |   → 514/977: ✅ 93 взято | 🗑️ 282 мусор
2026-05-23 19:09:16,079 | INFO     |   → 515/977: ✅ 0 взято | 🗑️ 26 мусор
2026-05-23 19:09:16,079 | INFO     |   → 516/977 ❌ HTTP 404 — https://raw.githubusercontent.com/MrMohebi/xray-proxy-grabber-telegram/master/collected-proxies/clash-meta/all.yaml
2026-05-23 19:09:16,079 | INFO     |   → 517/977 ❌ HTTP 404 — https://raw.githubusercontent.com/MrMohebi/xray-proxy-grabber-telegram/master/collected-proxies/row-url/actives.txt
2026-05-23 19:09:16,079 | INFO     |   → 518/977 ❌ HTTP 404 — https://raw.githubusercontent.com/MrMohebi/xray-proxy-grabber-telegram/master/collected-proxies/row-url/all.txt
2026-05-23 19:09:16,079 | INFO     |   → 519/977: ✅ 0 взято | 🗑️ 13 мусор
2026-05-23 19:09:16,079 | INFO     |   → 520/977: ✅ 0 взято | 🗑️ 13 мусор
2026-05-23 19:09:16,079 | INFO     |   → 521/977: ✅ 5 взято | 🗑️ 15 мусор
2026-05-23 19:09:16,079 | INFO     |   → 522/977: ✅ 0 взято | 🗑️ 30 мусор
2026-05-23 19:09:16,079 | INFO     |   → 523/977: ✅ 0 взято | 🗑️ 15 мусор
2026-05-23 19:09:16,079 | INFO     |   → 524/977: ✅ 66 взято | 🗑️ 123 мусор
2026-05-23 19:09:16,079 | INFO     |   → 525/977: ✅ 175 взято | 🗑️ 582 мусор
2026-05-23 19:09:16,079 | INFO     |   → 526/977: ✅ 0 взято | 🗑️ 0 мусор
2026-05-23 19:09:16,079 | INFO     |   → 527/977 ❌ HTTP 404 — https://raw.githubusercontent.com/OpenCNLink/freevpn/3cfcff048bfdd1493ccffa52ecf30ce7f9fc6b28/src/list/vmess.txt
2026-05-23 19:09:16,079 | INFO     |   → 528/977 ❌ HTTP 404 — https://raw.githubusercontent.com/Pawdro/Collection/main/sub
2026-05-23 19:09:16,079 | INFO     |   → 529/977: ✅ 0 взято | 🗑️ 20 мусор
2026-05-23 19:09:16,079 | INFO     |   → 530/977: ✅ 0 взято | 🗑️ 20 мусор
2026-05-23 19:09:16,079 | INFO     |   → 531/977: ✅ 0 взято | 🗑️ 0 мусор
2026-05-23 19:09:16,079 | INFO     |   → 532/977: ✅ 0 взято | 🗑️ 0 мусор
2026-05-23 19:09:16,079 | INFO     |   → 533/977: ✅ 0 взято | 🗑️ 50 мусор
2026-05-23 19:09:16,079 | INFO     |   → 534/977: ✅ 5 взято | 🗑️ 206 мусор
2026-05-23 19:09:16,079 | INFO     |   → 535/977: ✅ 21 взято | 🗑️ 138 мусор
2026-05-23 19:09:16,079 | INFO     |   → 536/977: ✅ 23 взято | 🗑️ 89 мусор
2026-05-23 19:09:16,079 | INFO     |   → 537/977: ✅ 9 взято | 🗑️ 85 мусор
2026-05-23 19:09:16,079 | INFO     |   → 538/977: ✅ 0 взято | 🗑️ 129 мусор
2026-05-23 19:09:16,079 | INFO     |   → 539/977: ✅ 0 взято | 🗑️ 81 мусор
2026-05-23 19:09:16,079 | INFO     |   → 540/977 ❌ HTTP 404 — https://raw.githubusercontent.com/STR97/STRUGOV/refs/heads/main/STR.BYPASS
2026-05-23 19:09:16,079 | INFO     |   → 541/977: ✅ 4 взято | 🗑️ 34 мусор
2026-05-23 19:09:16,079 | INFO     |   → 542/977: ✅ 11 взято | 🗑️ 16 мусор
2026-05-23 19:09:16,079 | INFO     |   → 543/977: ✅ 0 взято | 🗑️ 16 мусор
2026-05-23 19:09:16,079 | INFO     |   → 544/977: ✅ 0 взято | 🗑️ 27 мусор
2026-05-23 19:09:16,079 | INFO     |   → 545/977: ✅ 140 взято | 🗑️ 1153 мусор
2026-05-23 19:09:16,079 | INFO     |   → 546/977: ✅ 29 взято | 🗑️ 54 мусор
2026-05-23 19:09:16,079 | INFO     |   → 547/977: ✅ 0 взято | 🗑️ 0 мусор
2026-05-23 19:09:16,079 | INFO     |   → 548/977: ✅ 0 взято | 🗑️ 0 мусор
2026-05-23 19:09:16,079 | INFO     |   → 549/977: ✅ 2 взято | 🗑️ 1 мусор
2026-05-23 19:09:16,079 | INFO     |   → 550/977: ✅ 0 взято | 🗑️ 0 мусор
2026-05-23 19:09:16,079 | INFO     |   → 551/977: ✅ 0 взято | 🗑️ 1 мусор
2026-05-23 19:09:16,079 | INFO     |   → 552/977: ✅ 4 взято | 🗑️ 291 мусор
2026-05-23 19:09:16,079 | INFO     |   → 553/977: ✅ 0 взято | 🗑️ 119 мусор
2026-05-23 19:09:16,079 | INFO     |   → 554/977: ✅ 0 взято | 🗑️ 0 мусор
2026-05-23 19:09:16,079 | INFO     |   → 555/977 ❌ HTTP 404 — https://raw.githubusercontent.com/V2RAYCONFIGSPOOL/V2RAY_SUB/main/V2RAY_SUB.txt
2026-05-23 19:09:16,079 | INFO     |   → 556/977: ✅ 11 взято | 🗑️ 110 мусор
2026-05-23 19:09:16,080 | INFO     |   → 557/977: ✅ 19 взято | 🗑️ 76 мусор
2026-05-23 19:09:16,080 | INFO     |   → 558/977: ✅ 0 взято | 🗑️ 0 мусор
2026-05-23 19:09:16,080 | INFO     |   → 559/977: ✅ 0 взято | 🗑️ 76 мусор
2026-05-23 19:09:16,080 | INFO     |   → 560/977: ✅ 58 взято | 🗑️ 348 мусор
2026-05-23 19:09:16,080 | INFO     |   → 561/977: ✅ 0 взято | 🗑️ 0 мусор
2026-05-23 19:09:16,080 | INFO     |   → 562/977: ✅ 6 взято | 🗑️ 245 мусор
2026-05-23 19:09:16,080 | INFO     |   → 563/977: ✅ 0 взято | 🗑️ 0 мусор
2026-05-23 19:09:16,080 | INFO     |   → 564/977: ✅ 3 взято | 🗑️ 322 мусор
2026-05-23 19:09:16,080 | INFO     |   → 565/977: ✅ 0 взято | 🗑️ 0 мусор
2026-05-23 19:09:16,080 | INFO     |   → 566/977: ✅ 0 взято | 🗑️ 0 мусор
2026-05-23 19:09:16,080 | INFO     |   → 567/977: ✅ 3 взято | 🗑️ 268 мусор
2026-05-23 19:09:16,080 | INFO     |   → 568/977: ✅ 1 взято | 🗑️ 251 мусор
2026-05-23 19:09:16,080 | INFO     |   → 569/977: ✅ 1 взято | 🗑️ 231 мусор
2026-05-23 19:09:16,080 | INFO     |   → 570/977: ✅ 0 взято | 🗑️ 16 мусор
2026-05-23 19:09:16,080 | INFO     |   → 571/977: ✅ 1 взято | 🗑️ 83 мусор
2026-05-23 19:09:16,080 | INFO     |   → 572/977: ✅ 0 взято | 🗑️ 16 мусор
2026-05-23 19:09:16,080 | INFO     |   → 573/977: ✅ 0 взято | 🗑️ 16 мусор
2026-05-23 19:09:16,080 | INFO     |   → 574/977 ❌ HTTP 404 — https://raw.githubusercontent.com/aiboboxx/clashfree/main/clash.yml
2026-05-23 19:09:16,080 | INFO     |   → 575/977 ❌ HTTP 404 — https://raw.githubusercontent.com/aiboboxx/v2rayfree/main/v2
2026-05-23 19:09:16,080 | INFO     |   → 576/977 ❌ HTTP 404 — https://raw.githubusercontent.com/amirmohammad-mohammad-88/Sub-Reality-Azadi-config/Config/Azadi-Reality-Different
2026-05-23 19:09:16,080 | INFO     |   → 577/977 ❌ HTTP 404 — https://raw.githubusercontent.com/amirmohammad-mohammad-88/Sub-Reality-Azadi-config/Config/Azadi-Reality-Different-Base64
2026-05-23 19:09:16,080 | INFO     |   → 578/977: ✅ 1 взято | 🗑️ 17 мусор
2026-05-23 19:09:16,080 | INFO     |   → 579/977: ✅ 0 взято | 🗑️ 0 мусор
2026-05-23 19:09:16,080 | INFO     |   → 580/977: ✅ 4 взято | 🗑️ 114 мусор
2026-05-23 19:09:16,080 | INFO     |   → 581/977: ✅ 24 взято | 🗑️ 68 мусор
2026-05-23 19:09:16,080 | INFO     |   → 582/977 ❌ HTTP 404 — https://raw.githubusercontent.com/awesome-vpn/awesome-vpn/master/ss
2026-05-23 19:09:16,080 | INFO     |   → 583/977 ❌ HTTP 404 — https://raw.githubusercontent.com/awesome-vpn/awesome-vpn/master/ssr
2026-05-23 19:09:16,080 | INFO     |   → 584/977: ✅ 0 взято | 🗑️ 0 мусор
2026-05-23 19:09:16,080 | INFO     |   → 585/977: ✅ 1 взято | 🗑️ 22 мусор
2026-05-23 19:09:16,080 | INFO     |   → 586/977: ✅ 0 взято | 🗑️ 275 мусор
2026-05-23 19:09:16,080 | INFO     |   → 587/977 ❌ HTTP 404 — https://raw.githubusercontent.com/barry-far/V2ray-Configs/ced94ddfff48276ec365b40227561f36b1b64bc8/Sub5.txt
2026-05-23 19:09:16,080 | INFO     |   → 588/977 ❌ HTTP 404 — https://raw.githubusercontent.com/barry-far/V2ray-Configs/main/Splitted-By-Protocol/hysteria2.txt
2026-05-23 19:09:16,080 | INFO     |   → 589/977 ❌ HTTP 404 — https://raw.githubusercontent.com/barry-far/V2ray-Configs/main/Splitted-By-Protocol/vless.txt
2026-05-23 19:09:16,080 | INFO     |   → 590/977 ❌ HTTP 404 — https://raw.githubusercontent.com/barry-far/V2ray-Configs/main/Sub1.txt
2026-05-23 19:09:16,080 | INFO     |   → 591/977 ❌ HTTP 404 — https://raw.githubusercontent.com/barry-far/V2ray-Configs/refs/heads/main/All_Configs_Sub.txt
2026-05-23 19:09:16,080 | INFO     |   → 592/977: ✅ 0 взято | 🗑️ 0 мусор
2026-05-23 19:09:16,080 | INFO     |   → 593/977 ❌ HTTP 404 — https://raw.githubusercontent.com/budamu/clashconfig/main/v2ray.txt
2026-05-23 19:09:16,080 | INFO     |   → 594/977 ❌ HTTP 404 — https://raw.githubusercontent.com/budamu/clashconfig/main/v2ray2.txt
2026-05-23 19:09:16,080 | INFO     |   → 595/977: ✅ 0 взято | 🗑️ 0 мусор
2026-05-23 19:09:16,080 | INFO     |   → 596/977: ✅ 0 взято | 🗑️ 442 мусор
2026-05-23 19:09:16,080 | INFO     |   → 597/977: ✅ 0 взято | 🗑️ 0 мусор
2026-05-23 19:09:16,080 | INFO     |   → 598/977 ❌ HTTP 404 — https://raw.githubusercontent.com/chxxyz2004/zd/17fca23b73c46b5dd73e9be49b14d219b5e5f836/sub/2401/240110.txt
2026-05-23 19:09:16,080 | INFO     |   → 599/977: ✅ 0 взято | 🗑️ 44 мусор
2026-05-23 19:09:16,080 | INFO     |   → 600/977: ✅ 236 взято | 🗑️ 517 мусор
2026-05-23 19:09:16,080 | INFO     |   → 601/977 ❌ HTTP 404 — https://raw.githubusercontent.com/cxr9912/cxr2022/main/free.yaml
2026-05-23 19:09:16,080 | INFO     |   → 602/977 ❌ HTTP 404 — https://raw.githubusercontent.com/cxr9912/cxr2022/main/mix.yaml
2026-05-23 19:09:16,080 | INFO     |   → 603/977 ❌ HTTP 404 — https://raw.githubusercontent.com/cxr9912/cxr2022/main/ss.yaml
2026-05-23 19:09:16,080 | INFO     |   → 604/977 ❌ HTTP 404 — https://raw.githubusercontent.com/cxr9912/cxr2022/main/ssr.yaml
2026-05-23 19:09:16,080 | INFO     |   → 605/977 ❌ HTTP 404 — https://raw.githubusercontent.com/cxr9912/cxr2022/main/vmess.yaml
2026-05-23 19:09:16,080 | INFO     |   → 606/977 ❌ HTTP 404 — https://raw.githubusercontent.com/cxr9912/cxr2022/refs/heads/main/18cj.json
2026-05-23 19:09:16,080 | INFO     |   → 607/977 ❌ HTTP 404 — https://raw.githubusercontent.com/cxr9912/cxr2022/refs/heads/main/aaaaaaaa.yaml
2026-05-23 19:09:16,080 | INFO     |   → 608/977 ❌ HTTP 404 — https://raw.githubusercontent.com/cxr9912/cxr2022/refs/heads/main/free.yaml
2026-05-23 19:09:16,080 | INFO     |   → 609/977 ❌ HTTP 404 — https://raw.githubusercontent.com/cxr9912/cxr2022/refs/heads/main/ss2088.txt
2026-05-23 19:09:16,080 | INFO     |   → 610/977: ✅ 0 взято | 🗑️ 18 мусор
2026-05-23 19:09:16,080 | INFO     |   → 611/977: ✅ 0 взято | 🗑️ 18 мусор
2026-05-23 19:09:16,080 | INFO     |   → 612/977: ✅ 6 взято | 🗑️ 78 мусор
2026-05-23 19:09:16,080 | INFO     |   → 613/977: ✅ 6 взято | 🗑️ 4 мусор
2026-05-23 19:09:16,080 | INFO     |   → 614/977: ✅ 0 взято | 🗑️ 2 мусор
2026-05-23 19:09:16,081 | INFO     |   → 615/977: ✅ 0 взято | 🗑️ 2 мусор
2026-05-23 19:09:16,081 | INFO     |   → 616/977: ✅ 0 взято | 🗑️ 2 мусор
2026-05-23 19:09:16,081 | INFO     |   → 617/977: ✅ 0 взято | 🗑️ 3 мусор
2026-05-23 19:09:16,081 | INFO     |   → 618/977: ✅ 0 взято | 🗑️ 2 мусор
2026-05-23 19:09:16,081 | INFO     |   → 619/977: ✅ 0 взято | 🗑️ 9 мусор
2026-05-23 19:09:16,081 | INFO     |   → 620/977: ✅ 1 взято | 🗑️ 1 мусор
2026-05-23 19:09:16,081 | INFO     |   → 621/977: ✅ 0 взято | 🗑️ 10 мусор
2026-05-23 19:09:16,081 | INFO     |   → 622/977: ✅ 0 взято | 🗑️ 2 мусор
2026-05-23 19:09:16,081 | INFO     |   → 623/977: ✅ 0 взято | 🗑️ 0 мусор
2026-05-23 19:09:16,081 | INFO     |   → 624/977: ✅ 3476 взято | 🗑️ 80511 мусор
2026-05-23 19:09:16,081 | INFO     |   → 625/977: ✅ 76 взято | 🗑️ 1172 мусор
2026-05-23 19:09:16,081 | INFO     |   → 626/977: ✅ 6 взято | 🗑️ 113 мусор
2026-05-23 19:09:16,081 | INFO     |   → 627/977: ✅ 0 взято | 🗑️ 0 мусор
2026-05-23 19:09:16,081 | INFO     |   → 628/977: ✅ 1 взято | 🗑️ 25 мусор
2026-05-23 19:09:16,081 | INFO     |   → 629/977: ✅ 0 взято | 🗑️ 0 мусор
2026-05-23 19:09:16,081 | INFO     |   → 630/977: ✅ 13 взято | 🗑️ 19 мусор
2026-05-23 19:09:16,081 | INFO     |   → 631/977: ✅ 0 взято | 🗑️ 5 мусор
2026-05-23 19:09:16,081 | INFO     |   → 632/977: ✅ 2 взято | 🗑️ 80 мусор
2026-05-23 19:09:16,081 | INFO     |   → 633/977 ❌ HTTP 404 — https://raw.githubusercontent.com/free-nodes/v2rayfree/main/v2
2026-05-23 19:09:16,081 | INFO     |   → 634/977 ❌ HTTP 404 — https://raw.githubusercontent.com/free-v2ray-config/trojan/main/trojan.txt
2026-05-23 19:09:16,081 | INFO     |   → 635/977 ❌ HTTP 404 — https://raw.githubusercontent.com/free-v2ray-config/vless/main/vless.txt
2026-05-23 19:09:16,081 | INFO     |   → 636/977 ❌ HTTP 404 — https://raw.githubusercontent.com/free-v2ray-config/vmess/main/vmess.txt
2026-05-23 19:09:16,081 | INFO     |   → 637/977: ✅ 5 взято | 🗑️ 169 мусор
2026-05-23 19:09:16,081 | INFO     |   → 638/977: ✅ 34 взято | 🗑️ 121 мусор
2026-05-23 19:09:16,081 | INFO     |   → 639/977: ✅ 4 взято | 🗑️ 97 мусор
2026-05-23 19:09:16,081 | INFO     |   → 640/977 ❌ HTTP 404 — https://raw.githubusercontent.com/free18/v2ray/main/Clash.yaml
2026-05-23 19:09:16,081 | INFO     |   → 641/977: ✅ 0 взято | 🗑️ 0 мусор
2026-05-23 19:09:16,081 | INFO     |   → 642/977: ✅ 0 взято | 🗑️ 15 мусор
2026-05-23 19:09:16,081 | INFO     |   → 643/977: ✅ 0 взято | 🗑️ 0 мусор
2026-05-23 19:09:16,081 | INFO     |   → 644/977: ✅ 0 взято | 🗑️ 8 мусор
2026-05-23 19:09:16,081 | INFO     |   → 645/977: ✅ 0 взято | 🗑️ 8 мусор
2026-05-23 19:09:16,081 | INFO     |   → 646/977: ✅ 0 взято | 🗑️ 8 мусор
2026-05-23 19:09:16,081 | INFO     |   → 647/977: ✅ 0 взято | 🗑️ 8 мусор
2026-05-23 19:09:16,081 | INFO     |   → 648/977 ❌ HTTP 404 — https://raw.githubusercontent.com/freev2rayconfig/V2RAY_SUB/3e6a7786a1601ee3723e8d043ae79e70dbdfd9a8/v2rayconfigs.txt
2026-05-23 19:09:16,081 | INFO     |   → 649/977 ❌ HTTP 404 — https://raw.githubusercontent.com/freev2rayconfig/V2RAY_SUBSCRIPTION_LINK/main/v2rayconfigs.txt
2026-05-23 19:09:16,081 | INFO     |   → 650/977 ❌ HTTP 404 — https://raw.githubusercontent.com/gfpcom/free-proxy-list/main/list/http.txt
2026-05-23 19:09:16,081 | INFO     |   → 651/977 ❌ HTTP 404 — https://raw.githubusercontent.com/gfpcom/free-proxy-list/main/list/https.txt
2026-05-23 19:09:16,081 | INFO     |   → 652/977 ❌ HTTP 404 — https://raw.githubusercontent.com/gfpcom/free-proxy-list/main/list/socks4.txt
2026-05-23 19:09:16,081 | INFO     |   → 653/977 ❌ HTTP 404 — https://raw.githubusercontent.com/gfpcom/free-proxy-list/main/list/socks4a.txt
2026-05-23 19:09:16,081 | INFO     |   → 654/977 ❌ HTTP 404 — https://raw.githubusercontent.com/gfpcom/free-proxy-list/main/list/socks5.txt
2026-05-23 19:09:16,081 | INFO     |   → 655/977 ❌ HTTP 404 — https://raw.githubusercontent.com/gfpcom/free-proxy-list/main/list/socks5h.txt
2026-05-23 19:09:16,081 | INFO     |   → 656/977 ❌ HTTP 404 — https://raw.githubusercontent.com/gfpcom/free-proxy-list/main/list/ss.txt
2026-05-23 19:09:16,081 | INFO     |   → 657/977 ❌ HTTP 404 — https://raw.githubusercontent.com/gfpcom/free-proxy-list/main/list/ssr.txt
2026-05-23 19:09:16,081 | INFO     |   → 658/977 ❌ HTTP 404 — https://raw.githubusercontent.com/gfpcom/free-proxy-list/main/list/trojan.txt
2026-05-23 19:09:16,081 | INFO     |   → 659/977 ❌ HTTP 404 — https://raw.githubusercontent.com/gfpcom/free-proxy-list/main/list/vless.txt
2026-05-23 19:09:16,081 | INFO     |   → 660/977 ❌ HTTP 404 — https://raw.githubusercontent.com/gfpcom/free-proxy-list/main/list/vmess.txt
2026-05-23 19:09:16,081 | INFO     |   → 661/977: ✅ 0 взято | 🗑️ 17 мусор
2026-05-23 19:09:16,081 | INFO     |   → 662/977: ✅ 0 взято | 🗑️ 0 мусор
2026-05-23 19:09:16,081 | INFO     |   → 663/977: ✅ 4 взято | 🗑️ 63 мусор
2026-05-23 19:09:16,081 | INFO     |   → 664/977 ❌ HTTP 404 — https://raw.githubusercontent.com/hameed-maleki/TVC/89a4522969c57dcc22458cae9898426e5c4f2679/lite/config.txt
2026-05-23 19:09:16,081 | INFO     |   → 665/977: ✅ 5 взято | 🗑️ 132 мусор
2026-05-23 19:09:16,081 | INFO     |   → 666/977: ✅ 0 взято | 🗑️ 56 мусор
2026-05-23 19:09:16,081 | INFO     |   → 667/977 ❌ HTTP 404 — https://raw.githubusercontent.com/hkaa0/permalink/main/proxy/V2ray
2026-05-23 19:09:16,081 | INFO     |   → 668/977 ❌ HTTP 404 — https://raw.githubusercontent.com/hkaa0/permalink/main/proxy/clash
2026-05-23 19:09:16,081 | INFO     |   → 669/977 ❌ HTTP 404 — https://raw.githubusercontent.com/hkpc/Autoproxy/6cf946ddfc677a29062007e4b47d70674474baa7/sub/2401/240110.txt
2026-05-23 19:09:16,081 | INFO     |   → 670/977 ❌ HTTP 404 — https://raw.githubusercontent.com/hkpc/V2ray-Configs/7d9aa0dabf947af180a7dd6302818ed37950531a/Sub1.txt
2026-05-23 19:09:16,081 | INFO     |   → 671/977: ✅ 0 взято | 🗑️ 14 мусор
2026-05-23 19:09:16,081 | INFO     |   → 672/977: ✅ 16 взято | 🗑️ 16 мусор
2026-05-23 19:09:16,081 | INFO     |   → 673/977 ❌ HTTP 404 — https://raw.githubusercontent.com/iboxz/free-v2ray-collector/main/main
2026-05-23 19:09:16,082 | INFO     |   → 674/977: ✅ 9 взято | 🗑️ 13 мусор
2026-05-23 19:09:16,082 | INFO     |   → 675/977: ✅ 8 взято | 🗑️ 17 мусор
2026-05-23 19:09:16,082 | INFO     |   → 676/977: ✅ 55 взято | 🗑️ 219 мусор
2026-05-23 19:09:16,082 | INFO     |   → 677/977 ❌ HTTP 404 — https://raw.githubusercontent.com/igareck/vpn-configs-for-russia/refs/heads/main/Vless-Reality-White-Lists-Rus-Cable.txt
2026-05-23 19:09:16,082 | INFO     |   → 678/977: ✅ 144 взято | 🗑️ 6 мусор
2026-05-23 19:09:16,082 | INFO     |   → 679/977: ✅ 0 взято | 🗑️ 0 мусор
2026-05-23 19:09:16,082 | INFO     |   → 680/977: ✅ 0 взято | 🗑️ 0 мусор
2026-05-23 19:09:16,082 | INFO     |   → 681/977: ✅ 23 взято | 🗑️ 9 мусор
2026-05-23 19:09:16,082 | INFO     |   → 682/977: ✅ 0 взято | 🗑️ 0 мусор
2026-05-23 19:09:16,082 | INFO     |   → 683/977: ✅ 0 взято | 🗑️ 0 мусор
2026-05-23 19:09:16,082 | INFO     |   → 684/977: ✅ 0 взято | 🗑️ 12 мусор
2026-05-23 19:09:16,082 | INFO     |   → 685/977: ✅ 0 взято | 🗑️ 43 мусор
2026-05-23 19:09:16,082 | INFO     |   → 686/977 ❌ HTTP 404 — https://raw.githubusercontent.com/jw853355718/clash_233/master/config.yml
2026-05-23 19:09:16,082 | INFO     |   → 687/977: ✅ 0 взято | 🗑️ 210 мусор
2026-05-23 19:09:16,082 | INFO     |   → 688/977: ✅ 0 взято | 🗑️ 0 мусор
2026-05-23 19:09:16,082 | INFO     |   → 689/977: ✅ 0 взято | 🗑️ 0 мусор
2026-05-23 19:09:16,082 | INFO     |   → 690/977 ❌ HTTP 404 — https://raw.githubusercontent.com/lcx12901/v2ray-/master/sspool.herokuapp.com/yzcloud.yaml
2026-05-23 19:09:16,082 | INFO     |   → 691/977 ❌ HTTP 404 — https://raw.githubusercontent.com/lcx12901/v2ray-/master/sspool.herokuapp.com/yzcloud2.yaml
2026-05-23 19:09:16,082 | INFO     |   → 692/977: ✅ 0 взято | 🗑️ 0 мусор
2026-05-23 19:09:16,082 | INFO     |   → 693/977 ❌ HTTP 404 — https://raw.githubusercontent.com/learnhard-cn/free_proxy_ss/main/clash/config.yaml
2026-05-23 19:09:16,082 | INFO     |   → 694/977: ✅ 0 взято | 🗑️ 8 мусор
2026-05-23 19:09:16,082 | INFO     |   → 695/977: ✅ 0 взято | 🗑️ 4 мусор
2026-05-23 19:09:16,082 | INFO     |   → 696/977: ✅ 0 взято | 🗑️ 0 мусор
2026-05-23 19:09:16,082 | INFO     |   → 697/977: ✅ 0 взято | 🗑️ 4 мусор
2026-05-23 19:09:16,082 | INFO     |   → 698/977: ✅ 0 взято | 🗑️ 149 мусор
2026-05-23 19:09:16,082 | INFO     |   → 699/977: ✅ 0 взято | 🗑️ 421 мусор
2026-05-23 19:09:16,082 | INFO     |   → 700/977 ❌ HTTP 404 — https://raw.githubusercontent.com/lisylva-lee/v2dyku/main/ssr
2026-05-23 19:09:16,082 | INFO     |   → 701/977 ❌ HTTP 404 — https://raw.githubusercontent.com/lisylva-lee/v2dyku/main/v2dy
2026-05-23 19:09:16,082 | INFO     |   → 702/977: ✅ 0 взято | 🗑️ 53 мусор
2026-05-23 19:09:16,082 | INFO     |   → 703/977 ❌ HTTP 404 — https://raw.githubusercontent.com/luxl-1379/merge/77247d23def72b25226dfa741614e9b07a569c72/sub/sub_merge_base64.txt
2026-05-23 19:09:16,082 | INFO     |   → 704/977: ✅ 146 взято | 🗑️ 343 мусор
2026-05-23 19:09:16,082 | INFO     |   → 705/977: ✅ 0 взято | 🗑️ 141 мусор
2026-05-23 19:09:16,082 | INFO     |   → 706/977: ✅ 806 взято | 🗑️ 3930 мусор
2026-05-23 19:09:16,082 | INFO     |   → 707/977: ✅ 0 взято | 🗑️ 0 мусор
2026-05-23 19:09:16,082 | INFO     |   → 708/977: ✅ 0 взято | 🗑️ 3930 мусор
2026-05-23 19:09:16,082 | INFO     |   → 709/977: ✅ 20 взято | 🗑️ 370 мусор
2026-05-23 19:09:16,082 | INFO     |   → 710/977 ❌ HTTP 404 — https://raw.githubusercontent.com/mermeroo/Clash-V2ray/main/v2ray
2026-05-23 19:09:16,082 | INFO     |   → 711/977: ✅ 15 взято | 🗑️ 417 мусор
2026-05-23 19:09:16,082 | INFO     |   → 712/977: ✅ 6 взято | 🗑️ 102 мусор
2026-05-23 19:09:16,082 | INFO     |   → 713/977: ✅ 716 взято | 🗑️ 6258 мусор
2026-05-23 19:09:16,082 | INFO     |   → 714/977: ✅ 8 взято | 🗑️ 853 мусор
2026-05-23 19:09:16,082 | INFO     |   → 715/977: ✅ 32 взято | 🗑️ 69 мусор
2026-05-23 19:09:16,082 | INFO     |   → 716/977 ❌ HTTP 404 — https://raw.githubusercontent.com/mermeroo/free-v2ray-collector/main/main/mix
2026-05-23 19:09:16,082 | INFO     |   → 717/977 ❌ HTTP 404 — https://raw.githubusercontent.com/mermeroo/free-v2ray-collector/main/main/reality
2026-05-23 19:09:16,082 | INFO     |   → 718/977 ❌ HTTP 404 — https://raw.githubusercontent.com/mermeroo/free-v2ray-collector/main/main/shadowsocks
2026-05-23 19:09:16,082 | INFO     |   → 719/977 ❌ HTTP 404 — https://raw.githubusercontent.com/mermeroo/free-v2ray-collector/main/main/trojan
2026-05-23 19:09:16,082 | INFO     |   → 720/977 ❌ HTTP 404 — https://raw.githubusercontent.com/mermeroo/free-v2ray-collector/main/main/vless
2026-05-23 19:09:16,082 | INFO     |   → 721/977 ❌ HTTP 404 — https://raw.githubusercontent.com/mermeroo/free-v2ray-collector/main/main/vmess
2026-05-23 19:09:16,082 | INFO     |   → 722/977 ❌ HTTP 404 — https://raw.githubusercontent.com/mfuu/v2ray/master/merge/merge.txt
2026-05-23 19:09:16,082 | INFO     |   → 723/977: ✅ 0 взято | 🗑️ 52 мусор
2026-05-23 19:09:16,082 | INFO     |   → 724/977: ✅ 0 взято | 🗑️ 52 мусор
2026-05-23 19:09:16,082 | INFO     |   → 725/977: ✅ 556 взято | 🗑️ 15006 мусор
2026-05-23 19:09:16,082 | INFO     |   → 726/977: ✅ 0 взято | 🗑️ 15006 мусор
2026-05-23 19:09:16,082 | INFO     |   → 727/977: ✅ 0 взято | 🗑️ 3100 мусор
2026-05-23 19:09:16,082 | INFO     |   → 728/977: ✅ 0 взято | 🗑️ 1818 мусор
2026-05-23 19:09:16,082 | INFO     |   → 729/977: ✅ 0 взято | 🗑️ 5580 мусор
2026-05-23 19:09:16,082 | INFO     |   → 730/977: ✅ 0 взято | 🗑️ 4508 мусор
2026-05-23 19:09:16,082 | INFO     |   → 731/977 ❌ HTTP 404 — https://raw.githubusercontent.com/mianous/qiren/main/qiren.txt
2026-05-23 19:09:16,082 | INFO     |   → 732/977 ❌ HTTP 404 — https://raw.githubusercontent.com/miladtahanian/V2RayCFGDumper/refs/heads/main/config.txt
2026-05-23 19:09:16,082 | INFO     |   → 733/977 ❌ HTTP 404 — https://raw.githubusercontent.com/miladtahanian/multi-proxy-config-fetcher/refs/heads/main/configs/proxy_configs.txt
2026-05-23 19:09:16,082 | INFO     |   → 734/977: ✅ 0 взято | 🗑️ 0 мусор
2026-05-23 19:09:16,082 | INFO     |   → 735/977: ✅ 0 взято | 🗑️ 0 мусор
2026-05-23 19:09:16,082 | INFO     |   → 736/977: ✅ 0 взято | 🗑️ 0 мусор
2026-05-23 19:09:16,082 | INFO     |   → 737/977: ✅ 15 взято | 🗑️ 46 мусор
2026-05-23 19:09:16,082 | INFO     |   → 738/977: ✅ 0 взято | 🗑️ 219 мусор
2026-05-23 19:09:16,082 | INFO     |   → 739/977: ✅ 0 взято | 🗑️ 0 мусор
2026-05-23 19:09:16,082 | INFO     |   → 740/977: ✅ 28 взято | 🗑️ 93 мусор
2026-05-23 19:09:16,083 | INFO     |   → 741/977: ✅ 0 взято | 🗑️ 0 мусор
2026-05-23 19:09:16,083 | INFO     |   → 742/977: ✅ 15 взято | 🗑️ 70 мусор
2026-05-23 19:09:16,083 | INFO     |   → 743/977: ✅ 127 взято | 🗑️ 492 мусор
2026-05-23 19:09:16,083 | INFO     |   → 744/977: ✅ 331 взято | 🗑️ 190 мусор
2026-05-23 19:09:16,083 | INFO     |   → 745/977: ✅ 27 взято | 🗑️ 759 мусор
2026-05-23 19:09:16,083 | INFO     |   → 746/977 ❌ HTTP 404 — https://raw.githubusercontent.com/obscure1990/freeVM/master/snippets/nodes.yml
2026-05-23 19:09:16,083 | INFO     |   → 747/977 ❌ HTTP 404 — https://raw.githubusercontent.com/op30mmd/things/909b38024ba14d69dc0f95c238f63bc6e930a00f/eut.txt
2026-05-23 19:09:16,083 | INFO     |   → 748/977 ❌ HTTP 404 — https://raw.githubusercontent.com/openRunner/clash-freenode/main/v2ray.txt
2026-05-23 19:09:16,083 | INFO     |   → 749/977 ❌ HTTP 404 — https://raw.githubusercontent.com/oslook/clash-freenode/main/clash.yaml
2026-05-23 19:09:16,083 | INFO     |   → 750/977: ✅ 0 взято | 🗑️ 0 мусор
2026-05-23 19:09:16,083 | INFO     |   → 751/977: ✅ 4 взято | 🗑️ 1 мусор
2026-05-23 19:09:16,083 | INFO     |   → 752/977: ✅ 0 взято | 🗑️ 0 мусор
2026-05-23 19:09:16,083 | INFO     |   → 753/977: ✅ 3 взято | 🗑️ 189 мусор
2026-05-23 19:09:16,083 | INFO     |   → 754/977: ✅ 0 взято | 🗑️ 0 мусор
2026-05-23 19:09:16,083 | INFO     |   → 755/977: ✅ 0 взято | 🗑️ 0 мусор
2026-05-23 19:09:16,083 | INFO     |   → 756/977: ✅ 0 взято | 🗑️ 19 мусор
2026-05-23 19:09:16,083 | INFO     |   → 757/977: ✅ 0 взято | 🗑️ 44 мусор
2026-05-23 19:09:16,083 | INFO     |   → 758/977: ✅ 63 взято | 🗑️ 521 мусор
2026-05-23 19:09:16,083 | INFO     |   → 759/977: ✅ 165 взято | 🗑️ 273 мусор
2026-05-23 19:09:16,083 | INFO     |   → 760/977: ✅ 0 взято | 🗑️ 0 мусор
2026-05-23 19:09:16,083 | INFO     |   → 761/977: ✅ 28 взято | 🗑️ 211 мусор
2026-05-23 19:09:16,083 | INFO     |   → 762/977: ✅ 0 взято | 🗑️ 79 мусор
2026-05-23 19:09:16,083 | INFO     |   → 763/977: ✅ 13 взято | 🗑️ 32 мусор
2026-05-23 19:09:16,083 | INFO     |   → 764/977: ✅ 0 взято | 🗑️ 0 мусор
2026-05-23 19:09:16,083 | INFO     |   → 765/977: ✅ 2 взято | 🗑️ 9 мусор
2026-05-23 19:09:16,083 | INFO     |   → 766/977: ✅ 11 взято | 🗑️ 76 мусор
2026-05-23 19:09:16,083 | INFO     |   → 767/977: ✅ 0 взято | 🗑️ 168 мусор
2026-05-23 19:09:16,083 | INFO     |   → 768/977: ✅ 0 взято | 🗑️ 79 мусор
2026-05-23 19:09:16,083 | INFO     |   → 769/977: ✅ 0 взято | 🗑️ 16 мусор
2026-05-23 19:09:16,083 | INFO     |   → 770/977 ❌ HTTP 404 — https://raw.githubusercontent.com/ronghuaxueleng/get_v2/main/pub/changfengoss.yaml
2026-05-23 19:09:16,083 | INFO     |   → 771/977: ✅ 0 взято | 🗑️ 0 мусор
2026-05-23 19:09:16,083 | INFO     |   → 772/977: ✅ 39 взято | 🗑️ 110 мусор
2026-05-23 19:09:16,083 | INFO     |   → 773/977: ✅ 0 взято | 🗑️ 110 мусор
2026-05-23 19:09:16,083 | INFO     |   → 774/977 ❌ HTTP 404 — https://raw.githubusercontent.com/rxsweet/CM_Vmess/refs/heads/main/test.txt
2026-05-23 19:09:16,083 | INFO     |   → 775/977 ❌ HTTP 404 — https://raw.githubusercontent.com/rxsweet/proxies/main/sub/free.yaml
2026-05-23 19:09:16,083 | INFO     |   → 776/977 ❌ HTTP 404 — https://raw.githubusercontent.com/rxsweet/proxies/main/sub/rx.yaml
2026-05-23 19:09:16,083 | INFO     |   → 777/977 ❌ HTTP 404 — https://raw.githubusercontent.com/rxsweet/proxies/main/sub/sources/dynamicAll.yaml
2026-05-23 19:09:16,083 | INFO     |   → 778/977 ❌ HTTP 404 — https://raw.githubusercontent.com/rxsweet/proxies/main/sub/sources/miningAll.yaml
2026-05-23 19:09:16,083 | INFO     |   → 779/977 ❌ HTTP 404 — https://raw.githubusercontent.com/rxsweet/proxies/main/sub/srx.yaml
2026-05-23 19:09:16,083 | INFO     |   → 780/977 ❌ HTTP 404 — https://raw.githubusercontent.com/sajad-sajadi/V2ray-Collector/raw/main/output/protocols/vmess.txt
2026-05-23 19:09:16,083 | INFO     |   → 781/977 ❌ HTTP 404 — https://raw.githubusercontent.com/sakha1370/OpenRay/raw/refs/heads/main/output/all_valid_proxies.txt
2026-05-23 19:09:16,083 | INFO     |   → 782/977: ✅ 53 взято | 🗑️ 399 мусор
2026-05-23 19:09:16,083 | INFO     |   → 783/977: ✅ 0 взято | 🗑️ 399 мусор
2026-05-23 19:09:16,083 | INFO     |   → 784/977 ❌ HTTP 404 — https://raw.githubusercontent.com/samjoeyang/subscribe/main/fly
2026-05-23 19:09:16,083 | INFO     |   → 785/977: ✅ 0 взято | 🗑️ 0 мусор
2026-05-23 19:09:16,083 | INFO     |   → 786/977 ❌ HTTP 404 — https://raw.githubusercontent.com/sarina-ad/v2ray/main/v2ray
2026-05-23 19:09:16,083 | INFO     |   → 787/977 ❌ HTTP 404 — https://raw.githubusercontent.com/satrom/V2SSR/master/SSR/Sub.txt
2026-05-23 19:09:16,083 | INFO     |   → 788/977 ❌ HTTP 404 — https://raw.githubusercontent.com/satrom/V2SSR/master/V2RAY/Sub.txt
2026-05-23 19:09:16,083 | INFO     |   → 789/977: ✅ 2597 взято | 🗑️ 64725 мусор
2026-05-23 19:09:16,083 | INFO     |   → 790/977: ✅ 0 взято | 🗑️ 0 мусор
2026-05-23 19:09:16,083 | INFO     |   → 791/977: ✅ 0 взято | 🗑️ 0 мусор
2026-05-23 19:09:16,083 | INFO     |   → 792/977: ✅ 3 взято | 🗑️ 49 мусор
2026-05-23 19:09:16,083 | INFO     |   → 793/977: ✅ 134 взято | 🗑️ 1239 мусор
2026-05-23 19:09:16,083 | INFO     |   → 794/977: ✅ 0 взято | 🗑️ 618 мусор
2026-05-23 19:09:16,083 | INFO     |   → 795/977: ✅ 0 взято | 🗑️ 59 мусор
2026-05-23 19:09:16,083 | INFO     |   → 796/977: ✅ 0 взято | 🗑️ 545 мусор
2026-05-23 19:09:16,083 | INFO     |   → 797/977: ✅ 0 взято | 🗑️ 17 мусор
2026-05-23 19:09:16,083 | INFO     |   → 798/977: ✅ 0 взято | 🗑️ 1239 мусор
2026-05-23 19:09:16,083 | INFO     |   → 799/977: ✅ 0 взято | 🗑️ 0 мусор
2026-05-23 19:09:16,083 | INFO     |   → 800/977 ❌ HTTP 404 — https://raw.githubusercontent.com/shirkerboy/scp/main/sub
2026-05-23 19:09:16,083 | INFO     |   → 801/977 ❌ HTTP 404 — https://raw.githubusercontent.com/snakem982/proxypool/main/nodelist.txt
2026-05-23 19:09:16,084 | INFO     |   → 802/977: ✅ 13 взято | 🗑️ 27 мусор
2026-05-23 19:09:16,084 | INFO     |   → 803/977 ❌ HTTP 404 — https://raw.githubusercontent.com/snakem982/proxypool/main/source/v2ray.txt
2026-05-23 19:09:16,084 | INFO     |   → 804/977 ❌ HTTP 404 — https://raw.githubusercontent.com/soroushmirzaei/telegram-configs-collector/main/channels/protocols/hysteria
2026-05-23 19:09:16,084 | INFO     |   → 805/977 ❌ HTTP 404 — https://raw.githubusercontent.com/soroushmirzaei/telegram-configs-collector/main/channels/protocols/juicity
2026-05-23 19:09:16,084 | INFO     |   → 806/977 ❌ HTTP 404 — https://raw.githubusercontent.com/soroushmirzaei/telegram-configs-collector/main/channels/protocols/reality
2026-05-23 19:09:16,084 | INFO     |   → 807/977 ❌ HTTP 404 — https://raw.githubusercontent.com/soroushmirzaei/telegram-configs-collector/main/channels/protocols/shadowsocks
2026-05-23 19:09:16,084 | INFO     |   → 808/977 ❌ HTTP 404 — https://raw.githubusercontent.com/soroushmirzaei/telegram-configs-collector/main/channels/protocols/trojan
2026-05-23 19:09:16,084 | INFO     |   → 809/977 ❌ HTTP 404 — https://raw.githubusercontent.com/soroushmirzaei/telegram-configs-collector/main/channels/protocols/tuic
2026-05-23 19:09:16,084 | INFO     |   → 810/977 ❌ HTTP 404 — https://raw.githubusercontent.com/soroushmirzaei/telegram-configs-collector/main/channels/protocols/vless
2026-05-23 19:09:16,084 | INFO     |   → 811/977 ❌ HTTP 404 — https://raw.githubusercontent.com/soroushmirzaei/telegram-configs-collector/main/channels/protocols/vmess
2026-05-23 19:09:16,084 | INFO     |   → 812/977 ❌ HTTP 404 — https://raw.githubusercontent.com/soroushmirzaei/telegram-configs-collector/main/countries/jp/mixed
2026-05-23 19:09:16,084 | INFO     |   → 813/977 ❌ HTTP 404 — https://raw.githubusercontent.com/soroushmirzaei/telegram-configs-collector/main/protocols/hysteria
2026-05-23 19:09:16,084 | INFO     |   → 814/977 ❌ HTTP 404 — https://raw.githubusercontent.com/soroushmirzaei/telegram-configs-collector/main/protocols/juicity
2026-05-23 19:09:16,084 | INFO     |   → 815/977 ❌ HTTP 404 — https://raw.githubusercontent.com/soroushmirzaei/telegram-configs-collector/main/protocols/reality
2026-05-23 19:09:16,084 | INFO     |   → 816/977 ❌ HTTP 404 — https://raw.githubusercontent.com/soroushmirzaei/telegram-configs-collector/main/protocols/shadowsocks
2026-05-23 19:09:16,084 | INFO     |   → 817/977 ❌ HTTP 404 — https://raw.githubusercontent.com/soroushmirzaei/telegram-configs-collector/main/protocols/trojan
2026-05-23 19:09:16,084 | INFO     |   → 818/977 ❌ HTTP 404 — https://raw.githubusercontent.com/soroushmirzaei/telegram-configs-collector/main/protocols/tuic
2026-05-23 19:09:16,084 | INFO     |   → 819/977 ❌ HTTP 404 — https://raw.githubusercontent.com/soroushmirzaei/telegram-configs-collector/main/protocols/vless
2026-05-23 19:09:16,084 | INFO     |   → 820/977 ❌ HTTP 404 — https://raw.githubusercontent.com/soroushmirzaei/telegram-configs-collector/main/protocols/vmess
2026-05-23 19:09:16,084 | INFO     |   → 821/977 ❌ HTTP 404 — https://raw.githubusercontent.com/soroushmirzaei/telegram-configs-collector/main/splitted/subscribe
2026-05-23 19:09:16,084 | INFO     |   → 822/977 ❌ HTTP 404 — https://raw.githubusercontent.com/ssrsub/ssr/master/Clash.yml
2026-05-23 19:09:16,084 | INFO     |   → 823/977 ❌ HTTP 404 — https://raw.githubusercontent.com/ssrsub/ssr/master/V2Ray
2026-05-23 19:09:16,084 | INFO     |   → 824/977 ❌ HTTP 404 — https://raw.githubusercontent.com/ssrsub/ssr/master/ss-sub
2026-05-23 19:09:16,084 | INFO     |   → 825/977 ❌ HTTP 404 — https://raw.githubusercontent.com/ssrsub/ssr/master/ssrsub
2026-05-23 19:09:16,084 | INFO     |   → 826/977 ❌ HTTP 404 — https://raw.githubusercontent.com/ssrsub/ssr/master/trojan
2026-05-23 19:09:16,084 | INFO     |   → 827/977: ✅ 0 взято | 🗑️ 0 мусор
2026-05-23 19:09:16,084 | INFO     |   → 828/977: ✅ 2 взято | 🗑️ 12 мусор
2026-05-23 19:09:16,084 | INFO     |   → 829/977: ✅ 0 взято | 🗑️ 13 мусор
2026-05-23 19:09:16,084 | INFO     |   → 830/977: ✅ 0 взято | 🗑️ 13 мусор
2026-05-23 19:09:16,084 | INFO     |   → 831/977 ❌ HTTP 404 — https://raw.githubusercontent.com/tbbatbb/Proxy/master/dist/clash.config.yaml
2026-05-23 19:09:16,084 | INFO     |   → 832/977: ✅ 2 взято | 🗑️ 35 мусор
2026-05-23 19:09:16,084 | INFO     |   → 833/977: ✅ 0 взято | 🗑️ 0 мусор
2026-05-23 19:09:16,084 | INFO     |   → 834/977: ✅ 5 взято | 🗑️ 111 мусор
2026-05-23 19:09:16,084 | INFO     |   → 835/977: ✅ 0 взято | 🗑️ 0 мусор
2026-05-23 19:09:16,084 | INFO     |   → 836/977: ✅ 0 взято | 🗑️ 77 мусор
2026-05-23 19:09:16,084 | INFO     |   → 837/977 ❌ HTTP 404 — https://raw.githubusercontent.com/v2clash/Autoproxy/a81f840ab2364124133572ec94e4b81fb0d4e58d/sub/2401/240104.txt
2026-05-23 19:09:16,084 | INFO     |   → 838/977 ❌ HTTP 404 — https://raw.githubusercontent.com/v2clash/V2ray-Configs/31f493c584d0c7b56350f4a34d80c53ad82bcc18/Sub9.txt
2026-05-23 19:09:16,084 | INFO     |   → 839/977: ✅ 0 взято | 🗑️ 0 мусор
2026-05-23 19:09:16,084 | INFO     |   → 840/977: ✅ 0 взято | 🗑️ 0 мусор
2026-05-23 19:09:16,084 | INFO     |   → 841/977: ✅ 0 взято | 🗑️ 0 мусор
2026-05-23 19:09:16,084 | INFO     |   → 842/977: ✅ 283 взято | 🗑️ 9640 мусор
2026-05-23 19:09:16,084 | INFO     |   → 843/977: ✅ 281 взято | 🗑️ 10086 мусор
2026-05-23 19:09:16,084 | INFO     |   → 844/977: ✅ 280 взято | 🗑️ 9675 мусор
2026-05-23 19:09:16,084 | INFO     |   → 845/977: ✅ 334 взято | 🗑️ 9823 мусор
2026-05-23 19:09:16,084 | INFO     |   → 846/977: ✅ 350 взято | 🗑️ 9639 мусор
2026-05-23 19:09:16,084 | INFO     |   → 847/977: ✅ 125 взято | 🗑️ 7919 мусор
2026-05-23 19:09:16,084 | INFO     |   → 848/977: ✅ 135 взято | 🗑️ 4836 мусор
2026-05-23 19:09:16,084 | INFO     |   → 849/977: ✅ 502 взято | 🗑️ 7659 мусор
2026-05-23 19:09:16,084 | INFO     |   → 850/977: ✅ 631 взято | 🗑️ 8081 мусор
2026-05-23 19:09:16,084 | INFO     |   → 851/977: ✅ 202 взято | 🗑️ 5131 мусор
2026-05-23 19:09:16,084 | INFO     |   → 852/977 ❌ HTTP 404 — https://raw.githubusercontent.com/vveg26/chromego_merge/main/sub/merged_proxies.yaml
2026-05-23 19:09:16,084 | INFO     |   → 853/977 ❌ HTTP 404 — https://raw.githubusercontent.com/vveg26/get_proxy/main/dist/clash.config.yaml
2026-05-23 19:09:16,084 | INFO     |   → 854/977: ✅ 0 взято | 🗑️ 10 мусор
2026-05-23 19:09:16,084 | INFO     |   → 855/977: ✅ 0 взято | 🗑️ 10 мусор
2026-05-23 19:09:16,084 | INFO     |   → 856/977: ✅ 0 взято | 🗑️ 4 мусор
2026-05-23 19:09:16,084 | INFO     |   → 857/977: ✅ 0 взято | 🗑️ 0 мусор
2026-05-23 19:09:16,084 | INFO     |   → 858/977: ✅ 0 взято | 🗑️ 4 мусор
2026-05-23 19:09:16,084 | INFO     |   → 859/977: ✅ 106 взято | 🗑️ 689 мусор
2026-05-23 19:09:16,084 | INFO     |   → 860/977: ✅ 48 взято | 🗑️ 841 мусор
2026-05-23 19:09:16,085 | INFO     |   → 861/977: ✅ 21 взято | 🗑️ 789 мусор
2026-05-23 19:09:16,085 | INFO     |   → 862/977: ✅ 24 взято | 🗑️ 774 мусор
2026-05-23 19:09:16,085 | INFO     |   → 863/977: ✅ 52 взято | 🗑️ 756 мусор
2026-05-23 19:09:16,085 | INFO     |   → 864/977: ✅ 191 взято | 🗑️ 745 мусор
2026-05-23 19:09:16,085 | INFO     |   → 865/977: ✅ 9 взято | 🗑️ 651 мусор
2026-05-23 19:09:16,085 | INFO     |   → 866/977: ✅ 185 взято | 🗑️ 388 мусор
2026-05-23 19:09:16,085 | INFO     |   → 867/977: ✅ 130 взято | 🗑️ 523 мусор
2026-05-23 19:09:16,085 | INFO     |   → 868/977: ✅ 67 взято | 🗑️ 533 мусор
2026-05-23 19:09:16,085 | INFO     |   → 869/977: ✅ 98 взято | 🗑️ 444 мусор
2026-05-23 19:09:16,085 | INFO     |   → 870/977: ✅ 102 взято | 🗑️ 670 мусор
2026-05-23 19:09:16,085 | INFO     |   → 871/977: ✅ 86 взято | 🗑️ 476 мусор
2026-05-23 19:09:16,085 | INFO     |   → 872/977: ✅ 95 взято | 🗑️ 657 мусор
2026-05-23 19:09:16,085 | INFO     |   → 873/977: ✅ 105 взято | 🗑️ 645 мусор
2026-05-23 19:09:16,085 | INFO     |   → 874/977: ✅ 115 взято | 🗑️ 985 мусор
2026-05-23 19:09:16,085 | INFO     |   → 875/977: ✅ 6 взято | 🗑️ 63 мусор
2026-05-23 19:09:16,085 | INFO     |   → 876/977: ✅ 7 взято | 🗑️ 62 мусор
2026-05-23 19:09:16,085 | INFO     |   → 877/977: ✅ 39 взято | 🗑️ 489 мусор
2026-05-23 19:09:16,085 | INFO     |   → 878/977: ✅ 0 взято | 🗑️ 0 мусор
2026-05-23 19:09:16,085 | INFO     |   → 879/977: ✅ 0 взято | 🗑️ 0 мусор
2026-05-23 19:09:16,085 | INFO     |   → 880/977: ✅ 0 взято | 🗑️ 0 мусор
2026-05-23 19:09:16,085 | INFO     |   → 881/977: ✅ 0 взято | 🗑️ 0 мусор
2026-05-23 19:09:16,085 | INFO     |   → 882/977: ✅ 0 взято | 🗑️ 0 мусор
2026-05-23 19:09:16,085 | INFO     |   → 883/977: ✅ 0 взято | 🗑️ 52 мусор
2026-05-23 19:09:16,085 | INFO     |   → 884/977: ✅ 5 взято | 🗑️ 10 мусор
2026-05-23 19:09:16,085 | INFO     |   → 885/977: ✅ 1 взято | 🗑️ 124 мусор
2026-05-23 19:09:16,085 | INFO     |   → 886/977: ✅ 83 взято | 🗑️ 74 мусор
2026-05-23 19:09:16,085 | INFO     |   → 887/977: ✅ 0 взято | 🗑️ 9 мусор
2026-05-23 19:09:16,085 | INFO     |   → 888/977: ✅ 73 взято | 🗑️ 1578 мусор
2026-05-23 19:09:16,085 | INFO     |   → 889/977 ❌ HTTP 404 — https://raw.githubusercontent.com/xiaozhu2007/xiaozhu2007/61a755a044dbaeea678bc2d1e20f21a21c6d7170/docs/fxxk.txt
2026-05-23 19:09:16,085 | INFO     |   → 890/977: ✅ 1 взято | 🗑️ 159 мусор
2026-05-23 19:09:16,085 | INFO     |   → 891/977: ✅ 0 взято | 🗑️ 22 мусор
2026-05-23 19:09:16,085 | INFO     |   → 892/977: ✅ 0 взято | 🗑️ 0 мусор
2026-05-23 19:09:16,085 | INFO     |   → 893/977 ❌ HTTP 404 — https://raw.githubusercontent.com/yebekhe/TVC/0f745f92bf381e505f1245abbc7c145b19b11503/config.txt
2026-05-23 19:09:16,085 | INFO     |   → 894/977 ❌ HTTP 404 — https://raw.githubusercontent.com/yebekhe/TVC/9fac69239c69327fb7a61f5a8d79d107133889e1/lite/config.txt
2026-05-23 19:09:16,085 | INFO     |   → 895/977 ❌ HTTP 404 — https://raw.githubusercontent.com/yebekhe/TelegramV2rayCollector/main/sub/normal/donated
2026-05-23 19:09:16,085 | INFO     |   → 896/977 ❌ HTTP 404 — https://raw.githubusercontent.com/yebekhe/TelegramV2rayCollector/main/sub/normal/hysteria2
2026-05-23 19:09:16,085 | INFO     |   → 897/977 ❌ HTTP 404 — https://raw.githubusercontent.com/yebekhe/TelegramV2rayCollector/main/sub/normal/mix
2026-05-23 19:09:16,085 | INFO     |   → 898/977 ❌ HTTP 404 — https://raw.githubusercontent.com/yebekhe/TelegramV2rayCollector/main/sub/normal/reality
2026-05-23 19:09:16,085 | INFO     |   → 899/977 ❌ HTTP 404 — https://raw.githubusercontent.com/yebekhe/TelegramV2rayCollector/main/sub/normal/shadowsocks
2026-05-23 19:09:16,085 | INFO     |   → 900/977 ❌ HTTP 404 — https://raw.githubusercontent.com/yebekhe/TelegramV2rayCollector/main/sub/normal/trojan
2026-05-23 19:09:16,085 | INFO     |   → 901/977 ❌ HTTP 404 — https://raw.githubusercontent.com/yebekhe/TelegramV2rayCollector/main/sub/normal/tuic
2026-05-23 19:09:16,085 | INFO     |   → 902/977 ❌ HTTP 404 — https://raw.githubusercontent.com/yebekhe/TelegramV2rayCollector/main/sub/normal/vless
2026-05-23 19:09:16,085 | INFO     |   → 903/977 ❌ HTTP 404 — https://raw.githubusercontent.com/yebekhe/TelegramV2rayCollector/main/sub/normal/vmess
2026-05-23 19:09:16,085 | INFO     |   → 904/977 ❌ HTTP 404 — https://raw.githubusercontent.com/yebekhe/V2Hub/main/Split/Normal/shadowsocks
2026-05-23 19:09:16,085 | INFO     |   → 905/977 ❌ HTTP 404 — https://raw.githubusercontent.com/yebekhe/V2Hub/main/merged
2026-05-23 19:09:16,085 | INFO     |   → 906/977: ✅ 0 взято | 🗑️ 30 мусор
2026-05-23 19:09:16,085 | INFO     |   → 907/977: ✅ 928 взято | 🗑️ 7139 мусор
2026-05-23 19:09:16,085 | INFO     |   → 908/977: ✅ 6 взято | 🗑️ 339 мусор
2026-05-23 19:09:16,085 | INFO     |   → 909/977: ✅ 7 взято | 🗑️ 260 мусор
2026-05-23 19:09:16,085 | INFO     |   → 910/977: ✅ 305 взято | 🗑️ 294 мусор
2026-05-23 19:09:16,085 | INFO     |   → 911/977: ✅ 0 взято | 🗑️ 1431 мусор
2026-05-23 19:09:16,085 | INFO     |   → 912/977: ✅ 2 взято | 🗑️ 383 мусор
2026-05-23 19:09:16,085 | INFO     |   → 913/977 ❌ HTTP 404 — https://raw.githubusercontent.com/yyyr-otz/tele-providers-collector/019cb3e07ee52fddbc7caa54fc670c6b9bae6539/sub/proxies.txt
2026-05-23 19:09:16,085 | INFO     |   → 914/977 ❌ HTTP 404 — https://raw.githubusercontent.com/yyyr-otz/tele-providers-collector/b7a74ee98bcf02c5a507d688a1bed3aa9f7f4ed1/script/raw/protocols/mixed.txt
2026-05-23 19:09:16,085 | INFO     |   → 915/977: ✅ 0 взято | 🗑️ 0 мусор
2026-05-23 19:09:16,085 | INFO     |   → 916/977: ✅ 0 взято | 🗑️ 0 мусор
2026-05-23 19:09:16,085 | INFO     |   → 917/977: ✅ 1 взято | 🗑️ 18 мусор
2026-05-23 19:09:16,085 | INFO     |   → 918/977: ✅ 0 взято | 🗑️ 15 мусор
2026-05-23 19:09:16,085 | INFO     |   → 919/977: ✅ 0 взято | 🗑️ 5 мусор
2026-05-23 19:09:16,086 | INFO     |   → 920/977: ✅ 0 взято | 🗑️ 0 мусор
2026-05-23 19:09:16,086 | INFO     |   → 921/977 ⚠️ Ошибка: ('Connection aborted.', RemoteDisconnected('Remote end closed connection without response')) — https://sub.pmsub.me/clash.yaml
2026-05-23 19:09:16,086 | INFO     |   → 922/977: ✅ 0 взято | 🗑️ 1 мусор
2026-05-23 19:09:16,086 | INFO     |   → 923/977: ✅ 8 взято | 🗑️ 21 мусор
2026-05-23 19:09:16,086 | INFO     |   → 924/977: ✅ 0 взято | 🗑️ 0 мусор
2026-05-23 19:09:16,086 | INFO     |   → 925/977: ✅ 9 взято | 🗑️ 19 мусор
2026-05-23 19:09:16,086 | INFO     |   → 926/977: ✅ 0 взято | 🗑️ 0 мусор
2026-05-23 19:09:16,086 | INFO     |   → 927/977: ✅ 2 взято | 🗑️ 14 мусор
2026-05-23 19:09:16,086 | INFO     |   → 928/977: ✅ 4 взято | 🗑️ 22 мусор
2026-05-23 19:09:16,086 | INFO     |   → 929/977: ✅ 0 взято | 🗑️ 0 мусор
2026-05-23 19:09:16,086 | INFO     |   → 930/977: ✅ 0 взято | 🗑️ 0 мусор
2026-05-23 19:09:16,086 | INFO     |   → 931/977: ✅ 0 взято | 🗑️ 0 мусор
2026-05-23 19:09:16,086 | INFO     |   → 932/977: ✅ 2 взято | 🗑️ 16 мусор
2026-05-23 19:09:16,086 | INFO     |   → 933/977: ✅ 0 взято | 🗑️ 0 мусор
2026-05-23 19:09:16,086 | INFO     |   → 934/977: ✅ 4 взято | 🗑️ 7 мусор
2026-05-23 19:09:16,086 | INFO     |   → 935/977: ✅ 0 взято | 🗑️ 0 мусор
2026-05-23 19:09:16,086 | INFO     |   → 936/977: ✅ 6 взято | 🗑️ 14 мусор
2026-05-23 19:09:16,086 | INFO     |   → 937/977: ✅ 0 взято | 🗑️ 0 мусор
2026-05-23 19:09:16,086 | INFO     |   → 938/977: ✅ 2 взято | 🗑️ 13 мусор
2026-05-23 19:09:16,086 | INFO     |   → 939/977: ✅ 0 взято | 🗑️ 0 мусор
2026-05-23 19:09:16,086 | INFO     |   → 940/977: ✅ 0 взято | 🗑️ 0 мусор
2026-05-23 19:09:16,086 | INFO     |   → 941/977: ✅ 2 взято | 🗑️ 7 мусор
2026-05-23 19:09:16,086 | INFO     |   → 942/977: ✅ 1 взято | 🗑️ 14 мусор
2026-05-23 19:09:16,086 | INFO     |   → 943/977: ✅ 2 взято | 🗑️ 14 мусор
2026-05-23 19:09:16,086 | INFO     |   → 944/977: ✅ 0 взято | 🗑️ 0 мусор
2026-05-23 19:09:16,086 | INFO     |   → 945/977: ✅ 3 взято | 🗑️ 22 мусор
2026-05-23 19:09:16,086 | INFO     |   → 946/977: ✅ 0 взято | 🗑️ 0 мусор
2026-05-23 19:09:16,086 | INFO     |   → 947/977: ✅ 2 взято | 🗑️ 15 мусор
2026-05-23 19:09:16,086 | INFO     |   → 948/977: ✅ 3 взято | 🗑️ 12 мусор
2026-05-23 19:09:16,086 | INFO     |   → 949/977: ✅ 0 взято | 🗑️ 0 мусор
2026-05-23 19:09:16,086 | INFO     |   → 950/977: ✅ 0 взято | 🗑️ 0 мусор
2026-05-23 19:09:16,086 | INFO     |   → 951/977: ✅ 0 взято | 🗑️ 0 мусор
2026-05-23 19:09:16,086 | INFO     |   → 952/977: ✅ 4 взято | 🗑️ 11 мусор
2026-05-23 19:09:16,086 | INFO     |   → 953/977: ✅ 10 взято | 🗑️ 15 мусор
2026-05-23 19:09:16,086 | INFO     |   → 954/977: ✅ 0 взято | 🗑️ 0 мусор
2026-05-23 19:09:16,086 | INFO     |   → 955/977: ✅ 13 взято | 🗑️ 15 мусор
2026-05-23 19:09:16,086 | INFO     |   → 956/977: ✅ 0 взято | 🗑️ 0 мусор
2026-05-23 19:09:16,086 | INFO     |   → 957/977: ✅ 5 взято | 🗑️ 15 мусор
2026-05-23 19:09:16,086 | INFO     |   → 958/977: ✅ 0 взято | 🗑️ 0 мусор
2026-05-23 19:09:16,086 | INFO     |   → 959/977: ✅ 8 взято | 🗑️ 16 мусор
2026-05-23 19:09:16,086 | INFO     |   → 960/977: ✅ 0 взято | 🗑️ 0 мусор
2026-05-23 19:09:16,086 | INFO     |   → 961/977: ✅ 0 взято | 🗑️ 24 мусор
2026-05-23 19:09:16,086 | INFO     |   → 962/977: ✅ 0 взято | 🗑️ 0 мусор
2026-05-23 19:09:16,086 | INFO     |   → 963/977: ✅ 4 взято | 🗑️ 17 мусор
2026-05-23 19:09:16,086 | INFO     |   → 964/977: ✅ 0 взято | 🗑️ 0 мусор
2026-05-23 19:09:16,086 | INFO     |   → 965/977: ✅ 12 взято | 🗑️ 18 мусор
2026-05-23 19:09:16,086 | INFO     |   → 966/977: ✅ 0 взято | 🗑️ 0 мусор
2026-05-23 19:09:16,086 | INFO     |   → 967/977: ✅ 2 взято | 🗑️ 17 мусор
2026-05-23 19:09:16,086 | INFO     |   → 968/977: ✅ 0 взято | 🗑️ 0 мусор
2026-05-23 19:09:16,086 | INFO     |   → 969/977: ✅ 1 взято | 🗑️ 27 мусор
2026-05-23 19:09:16,086 | INFO     |   → 970/977: ✅ 0 взято | 🗑️ 0 мусор
2026-05-23 19:09:16,086 | INFO     |   → 971/977: ✅ 4 взято | 🗑️ 15 мусор
2026-05-23 19:09:16,086 | INFO     |   → 972/977: ✅ 0 взято | 🗑️ 0 мусор
2026-05-23 19:09:16,086 | INFO     |   → 973/977: ✅ 4 взято | 🗑️ 26 мусор
2026-05-23 19:09:16,086 | INFO     |   → 974/977: ✅ 0 взято | 🗑️ 0 мусор
2026-05-23 19:09:16,086 | INFO     |   → 975/977: ✅ 3 взято | 🗑️ 21 мусор
2026-05-23 19:09:16,086 | INFO     |   → 976/977: ✅ 0 взято | 🗑️ 0 мусор
2026-05-23 19:09:16,086 | INFO     |   → 977/977: ✅ 0 взято | 🗑️ 22 мусор
2026-05-23 19:09:16,086 | INFO     |   → ✅ ГОТОВО!
2026-05-23 19:09:16,087 | INFO     |   →    📥 Всего ключей после фильтра: 21966
2026-05-23 19:09:16,087 | INFO     |   →    🔗 Уникальных IP:PORT:SCHEME: 10691
2026-05-23 19:09:16,087 | INFO     |   →    🗑️ Выброшено мусора: 413526
2026-05-23 19:09:16,087 | INFO     |   → 📊 По протоколам:
2026-05-23 19:09:16,087 | INFO     |   →    vless: 3753
2026-05-23 19:09:16,087 | INFO     |   →    vmess: 3490
2026-05-23 19:09:16,087 | INFO     |   →    trojan: 1410
2026-05-23 19:09:16,087 | INFO     |   →    ss: 1877
2026-05-23 19:09:16,087 | INFO     |   →    hysteria: 13
2026-05-23 19:09:16,087 | INFO     |   →    hysteria2: 37
2026-05-23 19:09:16,087 | INFO     |   →    hy2: 59
2026-05-23 19:09:16,087 | INFO     |   →    tuic: 52
2026-05-23 19:09:16,087 | INFO     | ✅ mirror.py завершён успешно
2026-05-23 19:09:16,087 | INFO     | 
2026-05-23 19:09:16,087 | INFO     | 
2026-05-23 19:09:16,087 | INFO     | ──────────────────────────────────────────────────────────────────────
2026-05-23 19:09:16,087 | INFO     | 📌 ЭТАП: Фильтрация по реальному SNI
2026-05-23 19:09:16,087 | INFO     | ──────────────────────────────────────────────────────────────────────
2026-05-23 19:09:16,087 | INFO     | 🚀 Запуск filter_ru_sni.py (Фильтр по реальному SNI (CDN+RU))...
2026-05-23 19:09:16,223 | INFO     |   → hy2.txt: 59 → 19 (SNI-filtered)
2026-05-23 19:09:16,223 | INFO     |   →   hysteria.txt: 13 → 0 (SNI-filtered)
2026-05-23 19:09:16,223 | INFO     |   →   hysteria2.txt: 37 → 5 (SNI-filtered)
2026-05-23 19:09:16,223 | INFO     |   →   ss.txt: 1877 → 0 (SNI-filtered)
2026-05-23 19:09:16,223 | INFO     |   →   trojan.txt: 1410 → 5 (SNI-filtered)
2026-05-23 19:09:16,223 | INFO     |   →   tuic.txt: 52 → 0 (SNI-filtered)
2026-05-23 19:09:16,223 | INFO     |   →   vless.txt: 3753 → 492 (SNI-filtered)
2026-05-23 19:09:16,223 | INFO     |   →   vmess.txt: 3490 → 38 (SNI-filtered)
2026-05-23 19:09:16,224 | INFO     |   → ==================================================
2026-05-23 19:09:16,224 | INFO     |   →   Всего входных:  10691
2026-05-23 19:09:16,224 | INFO     |   →   Прошли фильтр:  559
2026-05-23 19:09:16,224 | INFO     |   →   Отброшено:      10132
2026-05-23 19:09:16,224 | INFO     |   → ==================================================
2026-05-23 19:09:16,224 | INFO     |   → Готово → /home/runner/work/vpn-vless-configs-russia/vpn-vless-configs-russia/githubmirror/ru-sni
2026-05-23 19:09:16,224 | INFO     | ✅ filter_ru_sni.py завершён успешно
2026-05-23 19:09:16,224 | INFO     | 
2026-05-23 19:09:16,224 | INFO     | 
2026-05-23 19:09:16,224 | INFO     | ──────────────────────────────────────────────────────────────────────
2026-05-23 19:09:16,224 | INFO     | 📌 ЭТАП: Экспериментальный RU-SNI фильтр
2026-05-23 19:09:16,224 | INFO     | ──────────────────────────────────────────────────────────────────────
2026-05-23 19:09:16,224 | INFO     | 🚀 Запуск filter_ru_sni_local.py (Экспериментальный фильтр по RU-SNI (локальные домены))...
2026-05-23 19:09:16,316 | INFO     |   → hy2.txt: 59 → 0 (RU-SNI)
2026-05-23 19:09:16,317 | INFO     |   → hysteria.txt: 13 → 0 (RU-SNI)
2026-05-23 19:09:16,317 | INFO     |   → hysteria2.txt: 37 → 0 (RU-SNI)
2026-05-23 19:09:16,317 | INFO     |   → ss.txt: 1877 → 0 (RU-SNI)
2026-05-23 19:09:16,317 | INFO     |   → trojan.txt: 1410 → 0 (RU-SNI)
2026-05-23 19:09:16,317 | INFO     |   → tuic.txt: 52 → 0 (RU-SNI)
2026-05-23 19:09:16,317 | INFO     |   → vless.txt: 3753 → 133 (RU-SNI)
2026-05-23 19:09:16,317 | INFO     |   → vmess.txt: 3490 → 0 (RU-SNI)
2026-05-23 19:09:16,317 | INFO     |   → ==================================================
2026-05-23 19:09:16,317 | INFO     |   → Всего входных:  10691
2026-05-23 19:09:16,317 | INFO     |   → Прошли RU-SNI:  133
2026-05-23 19:09:16,317 | INFO     |   → Отброшено:      10558
2026-05-23 19:09:16,317 | INFO     |   → ==================================================
2026-05-23 19:09:16,317 | INFO     |   → Готово → /home/runner/work/vpn-vless-configs-russia/vpn-vless-configs-russia/githubmirror/ru-sni-local
2026-05-23 19:09:16,317 | INFO     | ✅ filter_ru_sni_local.py завершён успешно
2026-05-23 19:09:16,317 | INFO     | 
2026-05-23 19:09:16,317 | INFO     | 
2026-05-23 19:09:16,317 | INFO     | ──────────────────────────────────────────────────────────────────────
2026-05-23 19:09:16,317 | INFO     | 📌 ЭТАП: Сбор статистики
2026-05-23 19:09:16,317 | INFO     | ──────────────────────────────────────────────────────────────────────
2026-05-23 19:09:16,317 | INFO     | 📊 Сбор статистики...
2026-05-23 19:09:16,317 | INFO     |   📁 githubmirror/clean:
2026-05-23 19:09:16,317 | INFO     |     • hy2         :    59 конфигов
2026-05-23 19:09:16,317 | INFO     |     • hysteria    :    13 конфигов
2026-05-23 19:09:16,317 | INFO     |     • hysteria2   :    37 конфигов
2026-05-23 19:09:16,318 | INFO     |     • ss          :  1877 конфигов
2026-05-23 19:09:16,319 | INFO     |     • trojan      :  1410 конфигов
2026-05-23 19:09:16,319 | INFO     |     • tuic        :    52 конфигов
2026-05-23 19:09:16,321 | INFO     |     • vless       :  3753 конфигов
2026-05-23 19:09:16,323 | INFO     |     • vmess       :  3490 конфигов
2026-05-23 19:09:16,323 | INFO     |   📁 githubmirror/ru-sni:
2026-05-23 19:09:16,323 | INFO     |     • hy2         :    19 конфигов ( 32.2% от clean)
2026-05-23 19:09:16,323 | INFO     |     • hysteria    :     0 конфигов (  0.0% от clean)
2026-05-23 19:09:16,323 | INFO     |     • hysteria2   :     5 конфигов ( 13.5% от clean)
2026-05-23 19:09:16,323 | INFO     |     • ss          :     0 конфигов (  0.0% от clean)
2026-05-23 19:09:16,323 | INFO     |     • trojan      :     5 конфигов (  0.4% от clean)
2026-05-23 19:09:16,323 | INFO     |     • tuic        :     0 конфигов (  0.0% от clean)
2026-05-23 19:09:16,324 | INFO     |     • vless       :   492 конфигов ( 13.1% от clean)
2026-05-23 19:09:16,324 | INFO     |     • vmess       :    38 конфигов (  1.1% от clean)
2026-05-23 19:09:16,324 | INFO     | 
2026-05-23 19:09:16,324 | INFO     |   ──────────────────────────────────────────────────
2026-05-23 19:09:16,324 | INFO     |   📈 ИТОГО:
2026-05-23 19:09:16,324 | INFO     |     Clean (после geo-фильтра):    10691
2026-05-23 19:09:16,324 | INFO     |     RU-SNI (после SNI-фильтра):     559
2026-05-23 19:09:16,324 | INFO     |     Прошло фильтр:                  5.2%
2026-05-23 19:09:16,324 | INFO     |   ──────────────────────────────────────────────────
2026-05-23 19:09:16,324 | INFO     | ✅ Статистика сохранена: /home/runner/work/vpn-vless-configs-russia/vpn-vless-configs-russia/stats.json
2026-05-23 19:09:16,324 | INFO     | 
2026-05-23 19:09:16,324 | INFO     | ======================================================================
2026-05-23 19:09:16,324 | INFO     | 📊 ИТОГОВЫЙ ОТЧЁТ
2026-05-23 19:09:16,324 | INFO     | ======================================================================
2026-05-23 19:09:16,324 | INFO     |   ✅ OK         | Загрузка и geo-фильтрация
2026-05-23 19:09:16,324 | INFO     |   ✅ OK         | Фильтрация по реальному SNI
2026-05-23 19:09:16,324 | INFO     |   ✅ OK         | Экспериментальный RU-SNI фильтр
2026-05-23 19:09:16,324 | INFO     |   ✅ OK         | Сбор статистики
2026-05-23 19:09:16,324 | INFO     | ──────────────────────────────────────────────────────────────────────
2026-05-23 19:09:16,324 | INFO     | ✅ ВСЕ ЭТАПЫ УСПЕШНЫ (4/4)
2026-05-23 19:09:16,324 | INFO     | ⏰ Время завершения: 2026-05-23 19:09:16
2026-05-23 19:09:16,324 | INFO     | ======================================================================
