2026-06-17 15:05:49,471 | INFO     | ======================================================================
2026-06-17 15:05:49,471 | INFO     | 🔍 VPN KEY CHECKER - Начало проверки
2026-06-17 15:05:49,471 | INFO     | ⏰ Время старта: 2026-06-17 15:05:49
2026-06-17 15:05:49,471 | INFO     | 📂 Рабочая директория: /home/runner/work/vpn-vless-configs-russia/vpn-vless-configs-russia
2026-06-17 15:05:49,471 | INFO     | ======================================================================
2026-06-17 15:05:49,471 | INFO     | 
2026-06-17 15:05:49,471 | INFO     | 🔍 Проверка наличия скриптов...
2026-06-17 15:05:49,471 | INFO     |   ✅ mirror.py
2026-06-17 15:05:49,471 | INFO     |   ✅ filter_ru_sni.py
2026-06-17 15:05:49,471 | INFO     |   ✅ filter_ru_sni_local.py
2026-06-17 15:05:49,472 | INFO     | 
2026-06-17 15:05:49,472 | INFO     | 
2026-06-17 15:05:49,472 | INFO     | ──────────────────────────────────────────────────────────────────────
2026-06-17 15:05:49,472 | INFO     | 📌 ЭТАП: Загрузка и geo-фильтрация
2026-06-17 15:05:49,472 | INFO     | ──────────────────────────────────────────────────────────────────────
2026-06-17 15:05:49,472 | INFO     | 🚀 Запуск mirror.py (Загрузка и фильтрация по РФ/СНГ/Европа)...
2026-06-17 15:12:08,940 | INFO     |   → 🚀 Старт: всего источников (старые + новые): 1221
2026-06-17 15:12:08,940 | INFO     |   → 1/1221: ✅ 13 взято | 🗑️ 242 мусор
2026-06-17 15:12:08,940 | INFO     |   → 2/1221: ✅ 0 взято | 🗑️ 0 мусор
2026-06-17 15:12:08,940 | INFO     |   → 3/1221 ❌ HTTP 404 — https://bitbucket.org/huwo1/proxy_nodes/raw/f31ca9ec67b84071515729ff45b011b6b09c10f2/clash.yaml
2026-06-17 15:12:08,940 | INFO     |   → 4/1221 ❌ HTTP 404 — https://cdn.jsdelivr.net/gh/cry0ice/genode@main/public/all.txt
2026-06-17 15:12:08,940 | INFO     |   → 5/1221 ❌ HTTP 404 — https://cdn.jsdelivr.net/gh/cry0ice/genode@main/public/ss.txt
2026-06-17 15:12:08,940 | INFO     |   → 6/1221 ❌ HTTP 404 — https://cdn.jsdelivr.net/gh/cry0ice/genode@main/public/ssr.txt
2026-06-17 15:12:08,940 | INFO     |   → 7/1221 ❌ HTTP 404 — https://cdn.jsdelivr.net/gh/cry0ice/genode@main/public/trojan.txt
2026-06-17 15:12:08,940 | INFO     |   → 8/1221 ❌ HTTP 404 — https://cdn.jsdelivr.net/gh/cry0ice/genode@main/public/vless.txt
2026-06-17 15:12:08,940 | INFO     |   → 9/1221 ❌ HTTP 404 — https://cdn.jsdelivr.net/gh/cry0ice/genode@main/public/vmess.txt
2026-06-17 15:12:08,940 | INFO     |   → 10/1221: ✅ 0 взято | 🗑️ 0 мусор
2026-06-17 15:12:08,941 | INFO     |   → 11/1221: ✅ 0 взято | 🗑️ 0 мусор
2026-06-17 15:12:08,941 | INFO     |   → 12/1221: ✅ 0 взято | 🗑️ 0 мусор
2026-06-17 15:12:08,941 | INFO     |   → 13/1221: ✅ 0 взято | 🗑️ 0 мусор
2026-06-17 15:12:08,941 | INFO     |   → 14/1221: ✅ 0 взято | 🗑️ 0 мусор
2026-06-17 15:12:08,941 | INFO     |   → 15/1221: ✅ 0 взято | 🗑️ 0 мусор
2026-06-17 15:12:08,941 | INFO     |   → 16/1221: ✅ 0 взято | 🗑️ 0 мусор
2026-06-17 15:12:08,941 | INFO     |   → 17/1221: ✅ 0 взято | 🗑️ 0 мусор
2026-06-17 15:12:08,941 | INFO     |   → 18/1221: ✅ 0 взято | 🗑️ 0 мусор
2026-06-17 15:12:08,941 | INFO     |   → 19/1221: ✅ 0 взято | 🗑️ 0 мусор
2026-06-17 15:12:08,941 | INFO     |   → 20/1221: ✅ 0 взято | 🗑️ 0 мусор
2026-06-17 15:12:08,941 | INFO     |   → 21/1221: ✅ 0 взято | 🗑️ 0 мусор
2026-06-17 15:12:08,941 | INFO     |   → 22/1221: ✅ 0 взято | 🗑️ 0 мусор
2026-06-17 15:12:08,941 | INFO     |   → 23/1221: ✅ 0 взято | 🗑️ 0 мусор
2026-06-17 15:12:08,941 | INFO     |   → 24/1221: ✅ 0 взято | 🗑️ 0 мусор
2026-06-17 15:12:08,941 | INFO     |   → 25/1221: ✅ 0 взято | 🗑️ 0 мусор
2026-06-17 15:12:08,941 | INFO     |   → 26/1221: ✅ 0 взято | 🗑️ 0 мусор
2026-06-17 15:12:08,941 | INFO     |   → 27/1221: ✅ 0 взято | 🗑️ 0 мусор
2026-06-17 15:12:08,941 | INFO     |   → 28/1221: ✅ 0 взято | 🗑️ 0 мусор
2026-06-17 15:12:08,941 | INFO     |   → 29/1221: ✅ 0 взято | 🗑️ 0 мусор
2026-06-17 15:12:08,941 | INFO     |   → 30/1221: ✅ 0 взято | 🗑️ 0 мусор
2026-06-17 15:12:08,941 | INFO     |   → 31/1221: ✅ 0 взято | 🗑️ 0 мусор
2026-06-17 15:12:08,941 | INFO     |   → 32/1221: ✅ 0 взято | 🗑️ 0 мусор
2026-06-17 15:12:08,941 | INFO     |   → 33/1221: ✅ 0 взято | 🗑️ 0 мусор
2026-06-17 15:12:08,941 | INFO     |   → 34/1221: ✅ 0 взято | 🗑️ 0 мусор
2026-06-17 15:12:08,941 | INFO     |   → 35/1221: ✅ 0 взято | 🗑️ 0 мусор
2026-06-17 15:12:08,941 | INFO     |   → 36/1221: ✅ 0 взято | 🗑️ 0 мусор
2026-06-17 15:12:08,941 | INFO     |   → 37/1221: ✅ 0 взято | 🗑️ 0 мусор
2026-06-17 15:12:08,941 | INFO     |   → 38/1221: ✅ 0 взято | 🗑️ 0 мусор
2026-06-17 15:12:08,941 | INFO     |   → 39/1221: ✅ 0 взято | 🗑️ 0 мусор
2026-06-17 15:12:08,941 | INFO     |   → 40/1221: ✅ 0 взято | 🗑️ 0 мусор
2026-06-17 15:12:08,941 | INFO     |   → 41/1221: ✅ 0 взято | 🗑️ 0 мусор
2026-06-17 15:12:08,941 | INFO     |   → 42/1221: ✅ 0 взято | 🗑️ 0 мусор
2026-06-17 15:12:08,942 | INFO     |   → 43/1221: ✅ 0 взято | 🗑️ 0 мусор
2026-06-17 15:12:08,942 | INFO     |   → 44/1221: ✅ 0 взято | 🗑️ 0 мусор
2026-06-17 15:12:08,942 | INFO     |   → 45/1221: ✅ 0 взято | 🗑️ 0 мусор
2026-06-17 15:12:08,942 | INFO     |   → 46/1221: ✅ 0 взято | 🗑️ 0 мусор
2026-06-17 15:12:08,942 | INFO     |   → 47/1221: ✅ 0 взято | 🗑️ 0 мусор
2026-06-17 15:12:08,942 | INFO     |   → 48/1221: ✅ 0 взято | 🗑️ 0 мусор
2026-06-17 15:12:08,942 | INFO     |   → 49/1221: ✅ 0 взято | 🗑️ 0 мусор
2026-06-17 15:12:08,942 | INFO     |   → 50/1221: ✅ 0 взято | 🗑️ 0 мусор
2026-06-17 15:12:08,942 | INFO     |   → 51/1221: ✅ 0 взято | 🗑️ 0 мусор
2026-06-17 15:12:08,942 | INFO     |   → 52/1221: ✅ 0 взято | 🗑️ 0 мусор
2026-06-17 15:12:08,942 | INFO     |   → 53/1221: ✅ 0 взято | 🗑️ 0 мусор
2026-06-17 15:12:08,942 | INFO     |   → 54/1221: ✅ 0 взято | 🗑️ 0 мусор
2026-06-17 15:12:08,942 | INFO     |   → 55/1221: ✅ 0 взято | 🗑️ 0 мусор
2026-06-17 15:12:08,942 | INFO     |   → 56/1221: ✅ 0 взято | 🗑️ 0 мусор
2026-06-17 15:12:08,942 | INFO     |   → 57/1221: ✅ 0 взято | 🗑️ 0 мусор
2026-06-17 15:12:08,942 | INFO     |   → 58/1221: ✅ 0 взято | 🗑️ 0 мусор
2026-06-17 15:12:08,942 | INFO     |   → 59/1221: ✅ 0 взято | 🗑️ 0 мусор
2026-06-17 15:12:08,942 | INFO     |   → 60/1221: ✅ 0 взято | 🗑️ 0 мусор
2026-06-17 15:12:08,942 | INFO     |   → 61/1221: ✅ 0 взято | 🗑️ 0 мусор
2026-06-17 15:12:08,942 | INFO     |   → 62/1221: ✅ 0 взято | 🗑️ 0 мусор
2026-06-17 15:12:08,942 | INFO     |   → 63/1221: ✅ 0 взято | 🗑️ 0 мусор
2026-06-17 15:12:08,942 | INFO     |   → 64/1221: ✅ 0 взято | 🗑️ 0 мусор
2026-06-17 15:12:08,942 | INFO     |   → 65/1221: ✅ 0 взято | 🗑️ 0 мусор
2026-06-17 15:12:08,942 | INFO     |   → 66/1221: ✅ 0 взято | 🗑️ 0 мусор
2026-06-17 15:12:08,942 | INFO     |   → 67/1221: ✅ 0 взято | 🗑️ 0 мусор
2026-06-17 15:12:08,942 | INFO     |   → 68/1221: ✅ 0 взято | 🗑️ 0 мусор
2026-06-17 15:12:08,942 | INFO     |   → 69/1221: ✅ 0 взято | 🗑️ 0 мусор
2026-06-17 15:12:08,942 | INFO     |   → 70/1221: ✅ 0 взято | 🗑️ 0 мусор
2026-06-17 15:12:08,942 | INFO     |   → 71/1221: ✅ 0 взято | 🗑️ 0 мусор
2026-06-17 15:12:08,942 | INFO     |   → 72/1221: ✅ 0 взято | 🗑️ 0 мусор
2026-06-17 15:12:08,942 | INFO     |   → 73/1221: ✅ 0 взято | 🗑️ 0 мусор
2026-06-17 15:12:08,942 | INFO     |   → 74/1221: ✅ 0 взято | 🗑️ 0 мусор
2026-06-17 15:12:08,942 | INFO     |   → 75/1221: ✅ 0 взято | 🗑️ 0 мусор
2026-06-17 15:12:08,942 | INFO     |   → 76/1221: ✅ 0 взято | 🗑️ 0 мусор
2026-06-17 15:12:08,942 | INFO     |   → 77/1221: ✅ 0 взято | 🗑️ 0 мусор
2026-06-17 15:12:08,942 | INFO     |   → 78/1221: ✅ 0 взято | 🗑️ 0 мусор
2026-06-17 15:12:08,942 | INFO     |   → 79/1221: ✅ 0 взято | 🗑️ 0 мусор
2026-06-17 15:12:08,942 | INFO     |   → 80/1221: ✅ 0 взято | 🗑️ 0 мусор
2026-06-17 15:12:08,942 | INFO     |   → 81/1221: ✅ 0 взято | 🗑️ 0 мусор
2026-06-17 15:12:08,943 | INFO     |   → 82/1221: ✅ 0 взято | 🗑️ 0 мусор
2026-06-17 15:12:08,943 | INFO     |   → 83/1221: ✅ 0 взято | 🗑️ 0 мусор
2026-06-17 15:12:08,943 | INFO     |   → 84/1221: ✅ 0 взято | 🗑️ 0 мусор
2026-06-17 15:12:08,943 | INFO     |   → 85/1221: ✅ 0 взято | 🗑️ 0 мусор
2026-06-17 15:12:08,943 | INFO     |   → 86/1221: ✅ 0 взято | 🗑️ 0 мусор
2026-06-17 15:12:08,943 | INFO     |   → 87/1221: ✅ 0 взято | 🗑️ 0 мусор
2026-06-17 15:12:08,943 | INFO     |   → 88/1221: ✅ 0 взято | 🗑️ 0 мусор
2026-06-17 15:12:08,943 | INFO     |   → 89/1221: ✅ 0 взято | 🗑️ 0 мусор
2026-06-17 15:12:08,943 | INFO     |   → 90/1221: ✅ 0 взято | 🗑️ 0 мусор
2026-06-17 15:12:08,943 | INFO     |   → 91/1221: ✅ 0 взято | 🗑️ 0 мусор
2026-06-17 15:12:08,943 | INFO     |   → 92/1221: ✅ 0 взято | 🗑️ 0 мусор
2026-06-17 15:12:08,943 | INFO     |   → 93/1221: ✅ 0 взято | 🗑️ 0 мусор
2026-06-17 15:12:08,943 | INFO     |   → 94/1221: ✅ 0 взято | 🗑️ 0 мусор
2026-06-17 15:12:08,943 | INFO     |   → 95/1221: ✅ 0 взято | 🗑️ 0 мусор
2026-06-17 15:12:08,943 | INFO     |   → 96/1221: ✅ 0 взято | 🗑️ 0 мусор
2026-06-17 15:12:08,943 | INFO     |   → 97/1221: ✅ 0 взято | 🗑️ 0 мусор
2026-06-17 15:12:08,943 | INFO     |   → 98/1221: ✅ 0 взято | 🗑️ 0 мусор
2026-06-17 15:12:08,943 | INFO     |   → 99/1221: ✅ 0 взято | 🗑️ 0 мусор
2026-06-17 15:12:08,943 | INFO     |   → 100/1221: ✅ 0 взято | 🗑️ 0 мусор
2026-06-17 15:12:08,943 | INFO     |   → 101/1221: ✅ 0 взято | 🗑️ 0 мусор
2026-06-17 15:12:08,943 | INFO     |   → 102/1221: ✅ 0 взято | 🗑️ 0 мусор
2026-06-17 15:12:08,943 | INFO     |   → 103/1221: ✅ 0 взято | 🗑️ 0 мусор
2026-06-17 15:12:08,943 | INFO     |   → 104/1221: ✅ 0 взято | 🗑️ 0 мусор
2026-06-17 15:12:08,943 | INFO     |   → 105/1221: ✅ 0 взято | 🗑️ 0 мусор
2026-06-17 15:12:08,943 | INFO     |   → 106/1221: ✅ 0 взято | 🗑️ 0 мусор
2026-06-17 15:12:08,943 | INFO     |   → 107/1221: ✅ 0 взято | 🗑️ 0 мусор
2026-06-17 15:12:08,943 | INFO     |   → 108/1221: ✅ 0 взято | 🗑️ 0 мусор
2026-06-17 15:12:08,943 | INFO     |   → 109/1221: ✅ 0 взято | 🗑️ 0 мусор
2026-06-17 15:12:08,943 | INFO     |   → 110/1221: ✅ 0 взято | 🗑️ 0 мусор
2026-06-17 15:12:08,943 | INFO     |   → 111/1221: ✅ 0 взято | 🗑️ 0 мусор
2026-06-17 15:12:08,943 | INFO     |   → 112/1221: ✅ 0 взято | 🗑️ 0 мусор
2026-06-17 15:12:08,943 | INFO     |   → 113/1221: ✅ 0 взято | 🗑️ 0 мусор
2026-06-17 15:12:08,944 | INFO     |   → 114/1221: ✅ 0 взято | 🗑️ 0 мусор
2026-06-17 15:12:08,944 | INFO     |   → 115/1221: ✅ 0 взято | 🗑️ 0 мусор
2026-06-17 15:12:08,944 | INFO     |   → 116/1221: ✅ 0 взято | 🗑️ 0 мусор
2026-06-17 15:12:08,944 | INFO     |   → 117/1221: ✅ 0 взято | 🗑️ 0 мусор
2026-06-17 15:12:08,944 | INFO     |   → 118/1221: ✅ 0 взято | 🗑️ 0 мусор
2026-06-17 15:12:08,944 | INFO     |   → 119/1221: ✅ 0 взято | 🗑️ 0 мусор
2026-06-17 15:12:08,944 | INFO     |   → 120/1221: ✅ 0 взято | 🗑️ 0 мусор
2026-06-17 15:12:08,944 | INFO     |   → 121/1221: ✅ 0 взято | 🗑️ 0 мусор
2026-06-17 15:12:08,944 | INFO     |   → 122/1221: ✅ 0 взято | 🗑️ 0 мусор
2026-06-17 15:12:08,944 | INFO     |   → 123/1221: ✅ 0 взято | 🗑️ 0 мусор
2026-06-17 15:12:08,944 | INFO     |   → 124/1221: ✅ 0 взято | 🗑️ 0 мусор
2026-06-17 15:12:08,944 | INFO     |   → 125/1221: ✅ 0 взято | 🗑️ 0 мусор
2026-06-17 15:12:08,944 | INFO     |   → 126/1221: ✅ 0 взято | 🗑️ 0 мусор
2026-06-17 15:12:08,944 | INFO     |   → 127/1221: ✅ 0 взято | 🗑️ 0 мусор
2026-06-17 15:12:08,944 | INFO     |   → 128/1221: ✅ 0 взято | 🗑️ 0 мусор
2026-06-17 15:12:08,944 | INFO     |   → 129/1221: ✅ 0 взято | 🗑️ 0 мусор
2026-06-17 15:12:08,944 | INFO     |   → 130/1221: ✅ 0 взято | 🗑️ 0 мусор
2026-06-17 15:12:08,944 | INFO     |   → 131/1221: ✅ 0 взято | 🗑️ 0 мусор
2026-06-17 15:12:08,944 | INFO     |   → 132/1221: ✅ 0 взято | 🗑️ 0 мусор
2026-06-17 15:12:08,944 | INFO     |   → 133/1221: ✅ 0 взято | 🗑️ 0 мусор
2026-06-17 15:12:08,944 | INFO     |   → 134/1221: ✅ 0 взято | 🗑️ 0 мусор
2026-06-17 15:12:08,944 | INFO     |   → 135/1221: ✅ 0 взято | 🗑️ 0 мусор
2026-06-17 15:12:08,944 | INFO     |   → 136/1221: ✅ 0 взято | 🗑️ 0 мусор
2026-06-17 15:12:08,944 | INFO     |   → 137/1221: ✅ 0 взято | 🗑️ 0 мусор
2026-06-17 15:12:08,944 | INFO     |   → 138/1221: ✅ 0 взято | 🗑️ 0 мусор
2026-06-17 15:12:08,944 | INFO     |   → 139/1221: ✅ 0 взято | 🗑️ 0 мусор
2026-06-17 15:12:08,944 | INFO     |   → 140/1221: ✅ 0 взято | 🗑️ 0 мусор
2026-06-17 15:12:08,944 | INFO     |   → 141/1221: ✅ 0 взято | 🗑️ 0 мусор
2026-06-17 15:12:08,944 | INFO     |   → 142/1221: ✅ 0 взято | 🗑️ 0 мусор
2026-06-17 15:12:08,944 | INFO     |   → 143/1221: ✅ 0 взято | 🗑️ 0 мусор
2026-06-17 15:12:08,944 | INFO     |   → 144/1221: ✅ 0 взято | 🗑️ 0 мусор
2026-06-17 15:12:08,944 | INFO     |   → 145/1221: ✅ 0 взято | 🗑️ 0 мусор
2026-06-17 15:12:08,944 | INFO     |   → 146/1221 ❌ HTTP 404 — https://freessrnode.github.io/uploads/2024/08/0-20240822.txt
2026-06-17 15:12:08,945 | INFO     |   → 147/1221 ❌ HTTP 404 — https://freessrnode.github.io/uploads/2024/08/1-20240822.txt
2026-06-17 15:12:08,945 | INFO     |   → 148/1221 ❌ HTTP 404 — https://freessrnode.github.io/uploads/2024/08/2-20240822.txt
2026-06-17 15:12:08,945 | INFO     |   → 149/1221 ❌ HTTP 404 — https://freessrnode.github.io/uploads/2024/08/3-20240822.txt
2026-06-17 15:12:08,945 | INFO     |   → 150/1221 ❌ HTTP 404 — https://freessrnode.github.io/uploads/2024/08/4-20240822.txt
2026-06-17 15:12:08,945 | INFO     |   → 151/1221 ⚠️ Ошибка: HTTPSConnectionPool(host='freevpnspy.githubrowcontent.com', port=443): Max retries exceeded with url: /2024/08/20240802_novless.yaml (Caused by NameResolutionError("HTTPSConnection(host='freevpnspy.githubrowcontent.com', port=443): Failed to resolve 'freevpnspy.githubrowcontent.com' ([Errno -2] Name or service not known)")) — https://freevpnspy.githubrowcontent.com/2024/08/20240802_novless.yaml
2026-06-17 15:12:08,945 | INFO     |   → 152/1221 ⚠️ Ошибка: HTTPSConnectionPool(host='freevpnspy.githubrowcontent.com', port=443): Max retries exceeded with url: /2024/08/20240802_vless.yaml (Caused by NameResolutionError("HTTPSConnection(host='freevpnspy.githubrowcontent.com', port=443): Failed to resolve 'freevpnspy.githubrowcontent.com' ([Errno -2] Name or service not known)")) — https://freevpnspy.githubrowcontent.com/2024/08/20240802_vless.yaml
2026-06-17 15:12:08,945 | INFO     |   → 153/1221: ✅ 0 взято | 🗑️ 0 мусор
2026-06-17 15:12:08,945 | INFO     |   → 154/1221: ✅ 14 взято | 🗑️ 292 мусор
2026-06-17 15:12:08,945 | INFO     |   → 155/1221: ✅ 0 взято | 🗑️ 115 мусор
2026-06-17 15:12:08,945 | INFO     |   → 156/1221: ✅ 14 взято | 🗑️ 218 мусор
2026-06-17 15:12:08,945 | INFO     |   → 157/1221: ✅ 7 взято | 🗑️ 148 мусор
2026-06-17 15:12:08,945 | INFO     |   → 158/1221: ✅ 0 взято | 🗑️ 0 мусор
2026-06-17 15:12:08,945 | INFO     |   → 159/1221: ✅ 10 взято | 🗑️ 232 мусор
2026-06-17 15:12:08,945 | INFO     |   → 160/1221: ✅ 4 взято | 🗑️ 151 мусор
2026-06-17 15:12:08,945 | INFO     |   → 161/1221: ✅ 0 взято | 🗑️ 0 мусор
2026-06-17 15:12:08,945 | INFO     |   → 162/1221: ✅ 0 взято | 🗑️ 0 мусор
2026-06-17 15:12:08,945 | INFO     |   → 163/1221: ✅ 0 взято | 🗑️ 0 мусор
2026-06-17 15:12:08,945 | INFO     |   → 164/1221: ✅ 0 взято | 🗑️ 0 мусор
2026-06-17 15:12:08,945 | INFO     |   → 165/1221: ✅ 7 взято | 🗑️ 113 мусор
2026-06-17 15:12:08,945 | INFO     |   → 166/1221: ✅ 0 взято | 🗑️ 0 мусор
2026-06-17 15:12:08,945 | INFO     |   → 167/1221: ✅ 0 взято | 🗑️ 0 мусор
2026-06-17 15:12:08,945 | INFO     |   → 168/1221: ✅ 0 взято | 🗑️ 0 мусор
2026-06-17 15:12:08,945 | INFO     |   → 169/1221: ✅ 1 взято | 🗑️ 169 мусор
2026-06-17 15:12:08,945 | INFO     |   → 170/1221: ✅ 0 взято | 🗑️ 0 мусор
2026-06-17 15:12:08,945 | INFO     |   → 171/1221: ✅ 5 взято | 🗑️ 211 мусор
2026-06-17 15:12:08,945 | INFO     |   → 172/1221: ✅ 0 взято | 🗑️ 0 мусор
2026-06-17 15:12:08,945 | INFO     |   → 173/1221: ✅ 0 взято | 🗑️ 0 мусор
2026-06-17 15:12:08,945 | INFO     |   → 174/1221: ✅ 0 взято | 🗑️ 0 мусор
2026-06-17 15:12:08,945 | INFO     |   → 175/1221: ✅ 1 взято | 🗑️ 226 мусор
2026-06-17 15:12:08,945 | INFO     |   → 176/1221: ✅ 3 взято | 🗑️ 152 мусор
2026-06-17 15:12:08,945 | INFO     |   → 177/1221: ✅ 0 взято | 🗑️ 0 мусор
2026-06-17 15:12:08,945 | INFO     |   → 178/1221: ✅ 0 взято | 🗑️ 0 мусор
2026-06-17 15:12:08,946 | INFO     |   → 179/1221: ✅ 0 взято | 🗑️ 0 мусор
2026-06-17 15:12:08,946 | INFO     |   → 180/1221: ✅ 0 взято | 🗑️ 300 мусор
2026-06-17 15:12:08,946 | INFO     |   → 181/1221: ✅ 0 взято | 🗑️ 0 мусор
2026-06-17 15:12:08,946 | INFO     |   → 182/1221: ✅ 0 взято | 🗑️ 142 мусор
2026-06-17 15:12:08,946 | INFO     |   → 183/1221: ✅ 2 взято | 🗑️ 124 мусор
2026-06-17 15:12:08,946 | INFO     |   → 184/1221: ✅ 0 взято | 🗑️ 0 мусор
2026-06-17 15:12:08,946 | INFO     |   → 185/1221: ✅ 1 взято | 🗑️ 104 мусор
2026-06-17 15:12:08,946 | INFO     |   → 186/1221: ✅ 0 взято | 🗑️ 193 мусор
2026-06-17 15:12:08,946 | INFO     |   → 187/1221: ✅ 2 взято | 🗑️ 115 мусор
2026-06-17 15:12:08,946 | INFO     |   → 188/1221: ✅ 7 взято | 🗑️ 179 мусор
2026-06-17 15:12:08,946 | INFO     |   → 189/1221: ✅ 0 взято | 🗑️ 0 мусор
2026-06-17 15:12:08,946 | INFO     |   → 190/1221: ✅ 0 взято | 🗑️ 0 мусор
2026-06-17 15:12:08,946 | INFO     |   → 191/1221: ✅ 0 взято | 🗑️ 125 мусор
2026-06-17 15:12:08,946 | INFO     |   → 192/1221: ✅ 0 взято | 🗑️ 296 мусор
2026-06-17 15:12:08,946 | INFO     |   → 193/1221: ✅ 1 взято | 🗑️ 141 мусор
2026-06-17 15:12:08,946 | INFO     |   → 194/1221: ✅ 1 взято | 🗑️ 279 мусор
2026-06-17 15:12:08,946 | INFO     |   → 195/1221: ✅ 0 взято | 🗑️ 130 мусор
2026-06-17 15:12:08,946 | INFO     |   → 196/1221: ✅ 2 взято | 🗑️ 105 мусор
2026-06-17 15:12:08,946 | INFO     |   → 197/1221: ✅ 0 взято | 🗑️ 0 мусор
2026-06-17 15:12:08,946 | INFO     |   → 198/1221: ✅ 3 взято | 🗑️ 268 мусор
2026-06-17 15:12:08,946 | INFO     |   → 199/1221: ✅ 0 взято | 🗑️ 248 мусор
2026-06-17 15:12:08,946 | INFO     |   → 200/1221: ✅ 0 взято | 🗑️ 0 мусор
2026-06-17 15:12:08,946 | INFO     |   → 201/1221: ✅ 1 взято | 🗑️ 139 мусор
2026-06-17 15:12:08,946 | INFO     |   → 202/1221: ✅ 1 взято | 🗑️ 109 мусор
2026-06-17 15:12:08,946 | INFO     |   → 203/1221: ✅ 0 взято | 🗑️ 0 мусор
2026-06-17 15:12:08,946 | INFO     |   → 204/1221: ✅ 0 взято | 🗑️ 0 мусор
2026-06-17 15:12:08,946 | INFO     |   → 205/1221: ✅ 0 взято | 🗑️ 137 мусор
2026-06-17 15:12:08,946 | INFO     |   → 206/1221: ✅ 0 взято | 🗑️ 0 мусор
2026-06-17 15:12:08,946 | INFO     |   → 207/1221: ✅ 0 взято | 🗑️ 0 мусор
2026-06-17 15:12:08,946 | INFO     |   → 208/1221: ✅ 0 взято | 🗑️ 198 мусор
2026-06-17 15:12:08,946 | INFO     |   → 209/1221: ✅ 0 взято | 🗑️ 0 мусор
2026-06-17 15:12:08,947 | INFO     |   → 210/1221: ✅ 0 взято | 🗑️ 0 мусор
2026-06-17 15:12:08,947 | INFO     |   → 211/1221: ✅ 0 взято | 🗑️ 0 мусор
2026-06-17 15:12:08,947 | INFO     |   → 212/1221: ✅ 0 взято | 🗑️ 0 мусор
2026-06-17 15:12:08,947 | INFO     |   → 213/1221 ❌ HTTP 404 — https://github.com/Epodonios/bulk-xray-v2ray-vless-vmess-...-configs/raw/main/sub/Albania/config.txt
2026-06-17 15:12:08,947 | INFO     |   → 214/1221 ❌ HTTP 404 — https://github.com/Epodonios/bulk-xray-v2ray-vless-vmess-...-configs/raw/main/sub/Cura%C3%A7ao/config.txt
2026-06-17 15:12:08,947 | INFO     |   → 215/1221 ❌ HTTP 404 — https://github.com/Epodonios/bulk-xray-v2ray-vless-vmess-...-configs/raw/main/sub/Finland/config.txt
2026-06-17 15:12:08,947 | INFO     |   → 216/1221 ❌ HTTP 404 — https://github.com/Epodonios/bulk-xray-v2ray-vless-vmess-...-configs/raw/main/sub/Iran/config.txt
2026-06-17 15:12:08,947 | INFO     |   → 217/1221 ❌ HTTP 404 — https://github.com/Epodonios/bulk-xray-v2ray-vless-vmess-...-configs/raw/main/sub/Netherlands/config.txt
2026-06-17 15:12:08,947 | INFO     |   → 218/1221 ❌ HTTP 404 — https://github.com/Epodonios/bulk-xray-v2ray-vless-vmess-...-configs/raw/main/sub/Norway/config.txt
2026-06-17 15:12:08,947 | INFO     |   → 219/1221 ❌ HTTP 404 — https://github.com/Epodonios/bulk-xray-v2ray-vless-vmess-...-configs/raw/main/sub/Russia/config.txt
2026-06-17 15:12:08,947 | INFO     |   → 220/1221: ✅ 13 взято | 🗑️ 70 мусор
2026-06-17 15:12:08,947 | INFO     |   → 221/1221: ✅ 0 взято | 🗑️ 4 мусор
2026-06-17 15:12:08,947 | INFO     |   → 222/1221: ✅ 0 взято | 🗑️ 7 мусор
2026-06-17 15:12:08,947 | INFO     |   → 223/1221: ✅ 0 взято | 🗑️ 51 мусор
2026-06-17 15:12:08,947 | INFO     |   → 224/1221: ✅ 0 взято | 🗑️ 8 мусор
2026-06-17 15:12:08,947 | INFO     |   → 225/1221: ✅ 0 взято | 🗑️ 0 мусор
2026-06-17 15:12:08,947 | INFO     |   → 226/1221: ✅ 17 взято | 🗑️ 119 мусор
2026-06-17 15:12:08,947 | INFO     |   → 227/1221 ❌ HTTP 404 — https://github.com/MrMohebi/xray-proxy-grabber-telegram/raw/master/collected-proxies/clash-meta/all.yaml
2026-06-17 15:12:08,947 | INFO     |   → 228/1221 ❌ HTTP 404 — https://github.com/MrMohebi/xray-proxy-grabber-telegram/raw/master/collected-proxies/row-url/all.txt
2026-06-17 15:12:08,947 | INFO     |   → 229/1221: ✅ 0 взято | 🗑️ 0 мусор
2026-06-17 15:12:08,947 | INFO     |   → 230/1221: ✅ 0 взято | 🗑️ 113 мусор
2026-06-17 15:12:08,947 | INFO     |   → 231/1221: ✅ 0 взято | 🗑️ 119 мусор
2026-06-17 15:12:08,947 | INFO     |   → 232/1221 ❌ HTTP 404 — https://github.com/abbasdvd3/abbasdvd10/73ec60de7a6c6aa6df4c14b511c1da60686891ca/ppo.txt
2026-06-17 15:12:08,947 | INFO     |   → 233/1221 ❌ HTTP 404 — https://github.com/acymz/AutoVPN/refs/heads/main/data/V2.txt
2026-06-17 15:12:08,947 | INFO     |   → 234/1221: ✅ 0 взято | 🗑️ 0 мусор
2026-06-17 15:12:08,947 | INFO     |   → 235/1221: ✅ 0 взято | 🗑️ 0 мусор
2026-06-17 15:12:08,947 | INFO     |   → 236/1221: ✅ 0 взято | 🗑️ 0 мусор
2026-06-17 15:12:08,947 | INFO     |   → 237/1221: ✅ 0 взято | 🗑️ 0 мусор
2026-06-17 15:12:08,947 | INFO     |   → 238/1221: ✅ 0 взято | 🗑️ 0 мусор
2026-06-17 15:12:08,947 | INFO     |   → 239/1221: ✅ 0 взято | 🗑️ 0 мусор
2026-06-17 15:12:08,947 | INFO     |   → 240/1221: ✅ 0 взято | 🗑️ 0 мусор
2026-06-17 15:12:08,947 | INFO     |   → 241/1221 ❌ HTTP 404 — https://github.com/mermeroo/V2RAY-FREE/raw/main/All_Configs_base64_Sub.txt
2026-06-17 15:12:08,948 | INFO     |   → 242/1221 ❌ HTTP 404 — https://github.com/mermeroo/V2RAY-FREE/raw/main/Base64/Sub1_base64.txt
2026-06-17 15:12:08,948 | INFO     |   → 243/1221 ❌ HTTP 404 — https://github.com/mermeroo/V2RAY-FREE/raw/main/Base64/Sub2_base64.txt
2026-06-17 15:12:08,948 | INFO     |   → 244/1221 ❌ HTTP 404 — https://github.com/mermeroo/V2RAY-FREE/raw/main/Base64/Sub3_base64.txt
2026-06-17 15:12:08,948 | INFO     |   → 245/1221 ❌ HTTP 404 — https://github.com/mermeroo/V2RAY-FREE/raw/main/Base64/Sub4_base64.txt
2026-06-17 15:12:08,948 | INFO     |   → 246/1221 ❌ HTTP 404 — https://github.com/mermeroo/V2RAY-FREE/raw/main/Base64/Sub5_base64.txt
2026-06-17 15:12:08,948 | INFO     |   → 247/1221 ❌ HTTP 404 — https://github.com/mermeroo/telegram-configs-collector/raw/main/protocols/hysteria
2026-06-17 15:12:08,948 | INFO     |   → 248/1221 ❌ HTTP 404 — https://github.com/mermeroo/telegram-configs-collector/raw/main/protocols/juicity
2026-06-17 15:12:08,948 | INFO     |   → 249/1221 ❌ HTTP 404 — https://github.com/mermeroo/telegram-configs-collector/raw/main/protocols/tuic
2026-06-17 15:12:08,948 | INFO     |   → 250/1221: ✅ 5 взято | 🗑️ 16 мусор
2026-06-17 15:12:08,948 | INFO     |   → 251/1221: ✅ 0 взято | 🗑️ 0 мусор
2026-06-17 15:12:08,948 | INFO     |   → 252/1221: ✅ 0 взято | 🗑️ 0 мусор
2026-06-17 15:12:08,948 | INFO     |   → 253/1221: ✅ 0 взято | 🗑️ 0 мусор
2026-06-17 15:12:08,948 | INFO     |   → 254/1221: ✅ 3 взято | 🗑️ 238 мусор
2026-06-17 15:12:08,948 | INFO     |   → 255/1221: ✅ 0 взято | 🗑️ 0 мусор
2026-06-17 15:12:08,948 | INFO     |   → 256/1221: ✅ 3 взято | 🗑️ 239 мусор
2026-06-17 15:12:08,948 | INFO     |   → 257/1221: ✅ 0 взято | 🗑️ 0 мусор
2026-06-17 15:12:08,948 | INFO     |   → 258/1221: ✅ 0 взято | 🗑️ 255 мусор
2026-06-17 15:12:08,948 | INFO     |   → 259/1221: ✅ 0 взято | 🗑️ 0 мусор
2026-06-17 15:12:08,948 | INFO     |   → 260/1221: ✅ 1 взято | 🗑️ 249 мусор
2026-06-17 15:12:08,948 | INFO     |   → 261/1221: ✅ 0 взято | 🗑️ 0 мусор
2026-06-17 15:12:08,948 | INFO     |   → 262/1221: ✅ 0 взято | 🗑️ 207 мусор
2026-06-17 15:12:08,948 | INFO     |   → 263/1221: ✅ 0 взято | 🗑️ 0 мусор
2026-06-17 15:12:08,948 | INFO     |   → 264/1221: ✅ 0 взято | 🗑️ 228 мусор
2026-06-17 15:12:08,948 | INFO     |   → 265/1221: ✅ 0 взято | 🗑️ 0 мусор
2026-06-17 15:12:08,948 | INFO     |   → 266/1221: ✅ 1 взято | 🗑️ 291 мусор
2026-06-17 15:12:08,948 | INFO     |   → 267/1221: ✅ 0 взято | 🗑️ 0 мусор
2026-06-17 15:12:08,948 | INFO     |   → 268/1221: ✅ 3 взято | 🗑️ 221 мусор
2026-06-17 15:12:08,948 | INFO     |   → 269/1221: ✅ 0 взято | 🗑️ 0 мусор
2026-06-17 15:12:08,948 | INFO     |   → 270/1221: ✅ 1 взято | 🗑️ 222 мусор
2026-06-17 15:12:08,948 | INFO     |   → 271/1221: ✅ 0 взято | 🗑️ 0 мусор
2026-06-17 15:12:08,948 | INFO     |   → 272/1221: ✅ 1 взято | 🗑️ 218 мусор
2026-06-17 15:12:08,948 | INFO     |   → 273/1221: ✅ 0 взято | 🗑️ 0 мусор
2026-06-17 15:12:08,949 | INFO     |   → 274/1221: ✅ 0 взято | 🗑️ 193 мусор
2026-06-17 15:12:08,949 | INFO     |   → 275/1221: ✅ 0 взято | 🗑️ 0 мусор
2026-06-17 15:12:08,949 | INFO     |   → 276/1221: ✅ 0 взято | 🗑️ 290 мусор
2026-06-17 15:12:08,949 | INFO     |   → 277/1221: ✅ 0 взято | 🗑️ 0 мусор
2026-06-17 15:12:08,949 | INFO     |   → 278/1221: ✅ 0 взято | 🗑️ 238 мусор
2026-06-17 15:12:08,949 | INFO     |   → 279/1221: ✅ 0 взято | 🗑️ 0 мусор
2026-06-17 15:12:08,949 | INFO     |   → 280/1221: ✅ 0 взято | 🗑️ 221 мусор
2026-06-17 15:12:08,949 | INFO     |   → 281/1221: ✅ 0 взято | 🗑️ 0 мусор
2026-06-17 15:12:08,949 | INFO     |   → 282/1221: ✅ 0 взято | 🗑️ 248 мусор
2026-06-17 15:12:08,949 | INFO     |   → 283/1221: ✅ 0 взято | 🗑️ 0 мусор
2026-06-17 15:12:08,949 | INFO     |   → 284/1221: ✅ 0 взято | 🗑️ 203 мусор
2026-06-17 15:12:08,949 | INFO     |   → 285/1221: ✅ 0 взято | 🗑️ 0 мусор
2026-06-17 15:12:08,949 | INFO     |   → 286/1221: ✅ 0 взято | 🗑️ 208 мусор
2026-06-17 15:12:08,949 | INFO     |   → 287/1221: ✅ 0 взято | 🗑️ 0 мусор
2026-06-17 15:12:08,949 | INFO     |   → 288/1221: ✅ 2 взято | 🗑️ 209 мусор
2026-06-17 15:12:08,949 | INFO     |   → 289/1221: ✅ 0 взято | 🗑️ 0 мусор
2026-06-17 15:12:08,949 | INFO     |   → 290/1221: ✅ 0 взято | 🗑️ 258 мусор
2026-06-17 15:12:08,949 | INFO     |   → 291/1221: ✅ 0 взято | 🗑️ 0 мусор
2026-06-17 15:12:08,949 | INFO     |   → 292/1221: ✅ 0 взято | 🗑️ 296 мусор
2026-06-17 15:12:08,949 | INFO     |   → 293/1221: ✅ 0 взято | 🗑️ 0 мусор
2026-06-17 15:12:08,949 | INFO     |   → 294/1221: ✅ 1 взято | 🗑️ 286 мусор
2026-06-17 15:12:08,949 | INFO     |   → 295/1221: ✅ 0 взято | 🗑️ 0 мусор
2026-06-17 15:12:08,949 | INFO     |   → 296/1221: ✅ 0 взято | 🗑️ 195 мусор
2026-06-17 15:12:08,949 | INFO     |   → 297/1221: ✅ 0 взято | 🗑️ 0 мусор
2026-06-17 15:12:08,949 | INFO     |   → 298/1221: ✅ 0 взято | 🗑️ 170 мусор
2026-06-17 15:12:08,949 | INFO     |   → 299/1221: ✅ 0 взято | 🗑️ 0 мусор
2026-06-17 15:12:08,949 | INFO     |   → 300/1221: ✅ 0 взято | 🗑️ 160 мусор
2026-06-17 15:12:08,949 | INFO     |   → 301/1221: ✅ 0 взято | 🗑️ 0 мусор
2026-06-17 15:12:08,949 | INFO     |   → 302/1221: ✅ 0 взято | 🗑️ 121 мусор
2026-06-17 15:12:08,949 | INFO     |   → 303/1221: ✅ 0 взято | 🗑️ 0 мусор
2026-06-17 15:12:08,949 | INFO     |   → 304/1221: ✅ 0 взято | 🗑️ 135 мусор
2026-06-17 15:12:08,949 | INFO     |   → 305/1221: ✅ 0 взято | 🗑️ 0 мусор
2026-06-17 15:12:08,949 | INFO     |   → 306/1221: ✅ 1 взято | 🗑️ 129 мусор
2026-06-17 15:12:08,950 | INFO     |   → 307/1221: ✅ 0 взято | 🗑️ 0 мусор
2026-06-17 15:12:08,950 | INFO     |   → 308/1221: ✅ 0 взято | 🗑️ 189 мусор
2026-06-17 15:12:08,950 | INFO     |   → 309/1221: ✅ 0 взято | 🗑️ 0 мусор
2026-06-17 15:12:08,950 | INFO     |   → 310/1221: ✅ 3 взято | 🗑️ 147 мусор
2026-06-17 15:12:08,950 | INFO     |   → 311/1221: ✅ 0 взято | 🗑️ 0 мусор
2026-06-17 15:12:08,950 | INFO     |   → 312/1221: ✅ 1 взято | 🗑️ 183 мусор
2026-06-17 15:12:08,950 | INFO     |   → 313/1221: ✅ 0 взято | 🗑️ 0 мусор
2026-06-17 15:12:08,950 | INFO     |   → 314/1221: ✅ 0 взято | 🗑️ 155 мусор
2026-06-17 15:12:08,950 | INFO     |   → 315/1221: ✅ 0 взято | 🗑️ 0 мусор
2026-06-17 15:12:08,950 | INFO     |   → 316/1221: ✅ 0 взято | 🗑️ 114 мусор
2026-06-17 15:12:08,950 | INFO     |   → 317/1221: ✅ 0 взято | 🗑️ 0 мусор
2026-06-17 15:12:08,950 | INFO     |   → 318/1221: ✅ 0 взято | 🗑️ 239 мусор
2026-06-17 15:12:08,950 | INFO     |   → 319/1221: ✅ 0 взято | 🗑️ 0 мусор
2026-06-17 15:12:08,950 | INFO     |   → 320/1221: ✅ 0 взято | 🗑️ 204 мусор
2026-06-17 15:12:08,950 | INFO     |   → 321/1221: ✅ 0 взято | 🗑️ 0 мусор
2026-06-17 15:12:08,950 | INFO     |   → 322/1221: ✅ 0 взято | 🗑️ 232 мусор
2026-06-17 15:12:08,950 | INFO     |   → 323/1221: ✅ 0 взято | 🗑️ 0 мусор
2026-06-17 15:12:08,950 | INFO     |   → 324/1221: ✅ 0 взято | 🗑️ 192 мусор
2026-06-17 15:12:08,950 | INFO     |   → 325/1221: ✅ 0 взято | 🗑️ 0 мусор
2026-06-17 15:12:08,950 | INFO     |   → 326/1221: ✅ 0 взято | 🗑️ 183 мусор
2026-06-17 15:12:08,950 | INFO     |   → 327/1221: ✅ 0 взято | 🗑️ 0 мусор
2026-06-17 15:12:08,950 | INFO     |   → 328/1221: ✅ 0 взято | 🗑️ 169 мусор
2026-06-17 15:12:08,950 | INFO     |   → 329/1221: ✅ 0 взято | 🗑️ 0 мусор
2026-06-17 15:12:08,950 | INFO     |   → 330/1221: ✅ 0 взято | 🗑️ 167 мусор
2026-06-17 15:12:08,950 | INFO     |   → 331/1221: ✅ 0 взято | 🗑️ 0 мусор
2026-06-17 15:12:08,950 | INFO     |   → 332/1221: ✅ 0 взято | 🗑️ 193 мусор
2026-06-17 15:12:08,950 | INFO     |   → 333/1221: ✅ 0 взято | 🗑️ 0 мусор
2026-06-17 15:12:08,950 | INFO     |   → 334/1221: ✅ 1 взято | 🗑️ 161 мусор
2026-06-17 15:12:08,950 | INFO     |   → 335/1221: ✅ 0 взято | 🗑️ 0 мусор
2026-06-17 15:12:08,950 | INFO     |   → 336/1221: ✅ 0 взято | 🗑️ 171 мусор
2026-06-17 15:12:08,950 | INFO     |   → 337/1221: ✅ 0 взято | 🗑️ 0 мусор
2026-06-17 15:12:08,950 | INFO     |   → 338/1221: ✅ 0 взято | 🗑️ 174 мусор
2026-06-17 15:12:08,950 | INFO     |   → 339/1221: ✅ 0 взято | 🗑️ 0 мусор
2026-06-17 15:12:08,950 | INFO     |   → 340/1221: ✅ 0 взято | 🗑️ 206 мусор
2026-06-17 15:12:08,950 | INFO     |   → 341/1221: ✅ 0 взято | 🗑️ 0 мусор
2026-06-17 15:12:08,950 | INFO     |   → 342/1221: ✅ 0 взято | 🗑️ 170 мусор
2026-06-17 15:12:08,950 | INFO     |   → 343/1221: ✅ 0 взято | 🗑️ 0 мусор
2026-06-17 15:12:08,950 | INFO     |   → 344/1221: ✅ 1 взято | 🗑️ 196 мусор
2026-06-17 15:12:08,950 | INFO     |   → 345/1221: ✅ 0 взято | 🗑️ 0 мусор
2026-06-17 15:12:08,950 | INFO     |   → 346/1221: ✅ 0 взято | 🗑️ 208 мусор
2026-06-17 15:12:08,950 | INFO     |   → 347/1221: ✅ 0 взято | 🗑️ 0 мусор
2026-06-17 15:12:08,950 | INFO     |   → 348/1221: ✅ 0 взято | 🗑️ 162 мусор
2026-06-17 15:12:08,950 | INFO     |   → 349/1221: ✅ 0 взято | 🗑️ 0 мусор
2026-06-17 15:12:08,950 | INFO     |   → 350/1221: ✅ 0 взято | 🗑️ 116 мусор
2026-06-17 15:12:08,950 | INFO     |   → 351/1221: ✅ 0 взято | 🗑️ 0 мусор
2026-06-17 15:12:08,950 | INFO     |   → 352/1221: ✅ 0 взято | 🗑️ 132 мусор
2026-06-17 15:12:08,951 | INFO     |   → 353/1221: ✅ 0 взято | 🗑️ 0 мусор
2026-06-17 15:12:08,951 | INFO     |   → 354/1221: ✅ 0 взято | 🗑️ 132 мусор
2026-06-17 15:12:08,951 | INFO     |   → 355/1221: ✅ 0 взято | 🗑️ 0 мусор
2026-06-17 15:12:08,951 | INFO     |   → 356/1221: ✅ 1 взято | 🗑️ 113 мусор
2026-06-17 15:12:08,951 | INFO     |   → 357/1221: ✅ 0 взято | 🗑️ 0 мусор
2026-06-17 15:12:08,951 | INFO     |   → 358/1221: ✅ 0 взято | 🗑️ 103 мусор
2026-06-17 15:12:08,951 | INFO     |   → 359/1221: ✅ 0 взято | 🗑️ 0 мусор
2026-06-17 15:12:08,951 | INFO     |   → 360/1221: ✅ 3 взято | 🗑️ 213 мусор
2026-06-17 15:12:08,951 | INFO     |   → 361/1221: ✅ 0 взято | 🗑️ 0 мусор
2026-06-17 15:12:08,951 | INFO     |   → 362/1221: ✅ 1 взято | 🗑️ 130 мусор
2026-06-17 15:12:08,951 | INFO     |   → 363/1221: ✅ 0 взято | 🗑️ 0 мусор
2026-06-17 15:12:08,951 | INFO     |   → 364/1221: ✅ 0 взято | 🗑️ 135 мусор
2026-06-17 15:12:08,951 | INFO     |   → 365/1221: ✅ 0 взято | 🗑️ 0 мусор
2026-06-17 15:12:08,951 | INFO     |   → 366/1221: ✅ 0 взято | 🗑️ 145 мусор
2026-06-17 15:12:08,951 | INFO     |   → 367/1221: ✅ 0 взято | 🗑️ 0 мусор
2026-06-17 15:12:08,951 | INFO     |   → 368/1221: ✅ 0 взято | 🗑️ 157 мусор
2026-06-17 15:12:08,951 | INFO     |   → 369/1221: ✅ 0 взято | 🗑️ 0 мусор
2026-06-17 15:12:08,951 | INFO     |   → 370/1221: ✅ 0 взято | 🗑️ 131 мусор
2026-06-17 15:12:08,951 | INFO     |   → 371/1221: ✅ 0 взято | 🗑️ 0 мусор
2026-06-17 15:12:08,951 | INFO     |   → 372/1221: ✅ 1 взято | 🗑️ 124 мусор
2026-06-17 15:12:08,951 | INFO     |   → 373/1221: ✅ 0 взято | 🗑️ 0 мусор
2026-06-17 15:12:08,951 | INFO     |   → 374/1221: ✅ 2 взято | 🗑️ 189 мусор
2026-06-17 15:12:08,951 | INFO     |   → 375/1221: ✅ 0 взято | 🗑️ 0 мусор
2026-06-17 15:12:08,951 | INFO     |   → 376/1221: ✅ 1 взято | 🗑️ 279 мусор
2026-06-17 15:12:08,951 | INFO     |   → 377/1221: ✅ 0 взято | 🗑️ 0 мусор
2026-06-17 15:12:08,951 | INFO     |   → 378/1221: ✅ 0 взято | 🗑️ 270 мусор
2026-06-17 15:12:08,951 | INFO     |   → 379/1221: ✅ 0 взято | 🗑️ 0 мусор
2026-06-17 15:12:08,951 | INFO     |   → 380/1221: ✅ 0 взято | 🗑️ 161 мусор
2026-06-17 15:12:08,951 | INFO     |   → 381/1221: ✅ 0 взято | 🗑️ 0 мусор
2026-06-17 15:12:08,951 | INFO     |   → 382/1221: ✅ 3 взято | 🗑️ 117 мусор
2026-06-17 15:12:08,951 | INFO     |   → 383/1221: ✅ 0 взято | 🗑️ 0 мусор
2026-06-17 15:12:08,951 | INFO     |   → 384/1221: ✅ 0 взято | 🗑️ 100 мусор
2026-06-17 15:12:08,951 | INFO     |   → 385/1221: ✅ 0 взято | 🗑️ 0 мусор
2026-06-17 15:12:08,951 | INFO     |   → 386/1221: ✅ 1 взято | 🗑️ 171 мусор
2026-06-17 15:12:08,951 | INFO     |   → 387/1221: ✅ 0 взято | 🗑️ 0 мусор
2026-06-17 15:12:08,951 | INFO     |   → 388/1221: ✅ 0 взято | 🗑️ 202 мусор
2026-06-17 15:12:08,951 | INFO     |   → 389/1221: ✅ 0 взято | 🗑️ 0 мусор
2026-06-17 15:12:08,951 | INFO     |   → 390/1221: ✅ 0 взято | 🗑️ 138 мусор
2026-06-17 15:12:08,951 | INFO     |   → 391/1221: ✅ 0 взято | 🗑️ 0 мусор
2026-06-17 15:12:08,951 | INFO     |   → 392/1221: ✅ 0 взято | 🗑️ 236 мусор
2026-06-17 15:12:08,951 | INFO     |   → 393/1221: ✅ 0 взято | 🗑️ 0 мусор
2026-06-17 15:12:08,951 | INFO     |   → 394/1221 ⚠️ Ошибка: HTTPSConnectionPool(host='ivuxy.tech', port=443): Max retries exceeded with url: /v.txt (Caused by NameResolutionError("HTTPSConnection(host='ivuxy.tech', port=443): Failed to resolve 'ivuxy.tech' ([Errno -2] Name or service not known)")) — https://ivuxy.tech/v.txt
2026-06-17 15:12:08,951 | INFO     |   → 395/1221 ⚠️ Ошибка: HTTPSConnectionPool(host='mirror.ghproxy.com', port=443): Max retries exceeded with url: /https://raw.githubusercontent.com/Barabama/FreeNodes/master/nodes/blues.txt (Caused by NameResolutionError("HTTPSConnection(host='mirror.ghproxy.com', port=443): Failed to resolve 'mirror.ghproxy.com' ([Errno -2] Name or service not known)")) — https://mirror.ghproxy.com/https://raw.githubusercontent.com/Barabama/FreeNodes/master/nodes/blues.txt
2026-06-17 15:12:08,951 | INFO     |   → 396/1221 ⚠️ Ошибка: HTTPSConnectionPool(host='mirror.ghproxy.com', port=443): Max retries exceeded with url: /https://raw.githubusercontent.com/Barabama/FreeNodes/master/nodes/halekj.txt (Caused by NameResolutionError("HTTPSConnection(host='mirror.ghproxy.com', port=443): Failed to resolve 'mirror.ghproxy.com' ([Errno -2] Name or service not known)")) — https://mirror.ghproxy.com/https://raw.githubusercontent.com/Barabama/FreeNodes/master/nodes/halekj.txt
2026-06-17 15:12:08,951 | INFO     |   → 397/1221 ⚠️ Ошибка: HTTPSConnectionPool(host='mirror.ghproxy.com', port=443): Max retries exceeded with url: /https://raw.githubusercontent.com/Barabama/FreeNodes/master/nodes/kkzui.txt (Caused by NameResolutionError("HTTPSConnection(host='mirror.ghproxy.com', port=443): Failed to resolve 'mirror.ghproxy.com' ([Errno -2] Name or service not known)")) — https://mirror.ghproxy.com/https://raw.githubusercontent.com/Barabama/FreeNodes/master/nodes/kkzui.txt
2026-06-17 15:12:08,951 | INFO     |   → 398/1221 ⚠️ Ошибка: HTTPSConnectionPool(host='mirror.ghproxy.com', port=443): Max retries exceeded with url: /https://raw.githubusercontent.com/Barabama/FreeNodes/master/nodes/merged.txt (Caused by NameResolutionError("HTTPSConnection(host='mirror.ghproxy.com', port=443): Failed to resolve 'mirror.ghproxy.com' ([Errno -2] Name or service not known)")) — https://mirror.ghproxy.com/https://raw.githubusercontent.com/Barabama/FreeNodes/master/nodes/merged.txt
2026-06-17 15:12:08,951 | INFO     |   → 399/1221 ⚠️ Ошибка: HTTPSConnectionPool(host='mirror.ghproxy.com', port=443): Max retries exceeded with url: /https://raw.githubusercontent.com/Barabama/FreeNodes/master/nodes/nodefree.txt (Caused by NameResolutionError("HTTPSConnection(host='mirror.ghproxy.com', port=443): Failed to resolve 'mirror.ghproxy.com' ([Errno -2] Name or service not known)")) — https://mirror.ghproxy.com/https://raw.githubusercontent.com/Barabama/FreeNodes/master/nodes/nodefree.txt
2026-06-17 15:12:08,951 | INFO     |   → 400/1221 ⚠️ Ошибка: HTTPSConnectionPool(host='mirror.ghproxy.com', port=443): Max retries exceeded with url: /https://raw.githubusercontent.com/Barabama/FreeNodes/master/nodes/openrunner.txt (Caused by NameResolutionError("HTTPSConnection(host='mirror.ghproxy.com', port=443): Failed to resolve 'mirror.ghproxy.com' ([Errno -2] Name or service not known)")) — https://mirror.ghproxy.com/https://raw.githubusercontent.com/Barabama/FreeNodes/master/nodes/openrunner.txt
2026-06-17 15:12:08,951 | INFO     |   → 401/1221 ⚠️ Ошибка: HTTPSConnectionPool(host='mirror.ghproxy.com', port=443): Max retries exceeded with url: /https://raw.githubusercontent.com/Barabama/FreeNodes/master/nodes/v2rayshare.txt (Caused by NameResolutionError("HTTPSConnection(host='mirror.ghproxy.com', port=443): Failed to resolve 'mirror.ghproxy.com' ([Errno -2] Name or service not known)")) — https://mirror.ghproxy.com/https://raw.githubusercontent.com/Barabama/FreeNodes/master/nodes/v2rayshare.txt
2026-06-17 15:12:08,951 | INFO     |   → 402/1221 ⚠️ Ошибка: HTTPSConnectionPool(host='mirror.ghproxy.com', port=443): Max retries exceeded with url: /https://raw.githubusercontent.com/Barabama/FreeNodes/master/nodes/wenode.txt (Caused by NameResolutionError("HTTPSConnection(host='mirror.ghproxy.com', port=443): Failed to resolve 'mirror.ghproxy.com' ([Errno -2] Name or service not known)")) — https://mirror.ghproxy.com/https://raw.githubusercontent.com/Barabama/FreeNodes/master/nodes/wenode.txt
2026-06-17 15:12:08,952 | INFO     |   → 403/1221 ⚠️ Ошибка: HTTPSConnectionPool(host='mirror.ghproxy.com', port=443): Max retries exceeded with url: /https://raw.githubusercontent.com/Barabama/FreeNodes/master/nodes/yudou66.txt (Caused by NameResolutionError("HTTPSConnection(host='mirror.ghproxy.com', port=443): Failed to resolve 'mirror.ghproxy.com' ([Errno -2] Name or service not known)")) — https://mirror.ghproxy.com/https://raw.githubusercontent.com/Barabama/FreeNodes/master/nodes/yudou66.txt
2026-06-17 15:12:08,952 | INFO     |   → 404/1221: ✅ 7 взято | 🗑️ 17 мусор
2026-06-17 15:12:08,952 | INFO     |   → 405/1221: ✅ 0 взято | 🗑️ 17 мусор
2026-06-17 15:12:08,952 | INFO     |   → 406/1221: ✅ 14 взято | 🗑️ 14 мусор
2026-06-17 15:12:08,952 | INFO     |   → 407/1221: ✅ 0 взято | 🗑️ 14 мусор
2026-06-17 15:12:08,952 | INFO     |   → 408/1221: ✅ 0 взято | 🗑️ 14 мусор
2026-06-17 15:12:08,952 | INFO     |   → 409/1221: ✅ 0 взято | 🗑️ 14 мусор
2026-06-17 15:12:08,952 | INFO     |   → 410/1221: ✅ 0 взято | 🗑️ 14 мусор
2026-06-17 15:12:08,952 | INFO     |   → 411/1221: ✅ 0 взято | 🗑️ 14 мусор
2026-06-17 15:12:08,952 | INFO     |   → 412/1221: ✅ 0 взято | 🗑️ 14 мусор
2026-06-17 15:12:08,952 | INFO     |   → 413/1221: ✅ 0 взято | 🗑️ 14 мусор
2026-06-17 15:12:08,952 | INFO     |   → 414/1221: ✅ 0 взято | 🗑️ 14 мусор
2026-06-17 15:12:08,952 | INFO     |   → 415/1221: ✅ 7 взято | 🗑️ 21 мусор
2026-06-17 15:12:08,952 | INFO     |   → 416/1221: ✅ 0 взято | 🗑️ 21 мусор
2026-06-17 15:12:08,952 | INFO     |   → 417/1221: ✅ 0 взято | 🗑️ 21 мусор
2026-06-17 15:12:08,952 | INFO     |   → 418/1221: ✅ 0 взято | 🗑️ 21 мусор
2026-06-17 15:12:08,952 | INFO     |   → 419/1221: ✅ 0 взято | 🗑️ 21 мусор
2026-06-17 15:12:08,952 | INFO     |   → 420/1221: ✅ 0 взято | 🗑️ 21 мусор
2026-06-17 15:12:08,952 | INFO     |   → 421/1221: ✅ 0 взято | 🗑️ 21 мусор
2026-06-17 15:12:08,952 | INFO     |   → 422/1221: ✅ 0 взято | 🗑️ 21 мусор
2026-06-17 15:12:08,952 | INFO     |   → 423/1221: ✅ 0 взято | 🗑️ 21 мусор
2026-06-17 15:12:08,952 | INFO     |   → 424/1221: ✅ 0 взято | 🗑️ 21 мусор
2026-06-17 15:12:08,952 | INFO     |   → 425/1221: ✅ 0 взято | 🗑️ 21 мусор
2026-06-17 15:12:08,952 | INFO     |   → 426/1221: ✅ 5 взято | 🗑️ 15 мусор
2026-06-17 15:12:08,952 | INFO     |   → 427/1221: ✅ 0 взято | 🗑️ 15 мусор
2026-06-17 15:12:08,952 | INFO     |   → 428/1221: ✅ 0 взято | 🗑️ 15 мусор
2026-06-17 15:12:08,952 | INFO     |   → 429/1221: ✅ 0 взято | 🗑️ 15 мусор
2026-06-17 15:12:08,952 | INFO     |   → 430/1221: ✅ 0 взято | 🗑️ 15 мусор
2026-06-17 15:12:08,952 | INFO     |   → 431/1221: ✅ 0 взято | 🗑️ 15 мусор
2026-06-17 15:12:08,952 | INFO     |   → 432/1221: ✅ 0 взято | 🗑️ 15 мусор
2026-06-17 15:12:08,952 | INFO     |   → 433/1221: ✅ 0 взято | 🗑️ 15 мусор
2026-06-17 15:12:08,952 | INFO     |   → 434/1221: ✅ 0 взято | 🗑️ 15 мусор
2026-06-17 15:12:08,952 | INFO     |   → 435/1221: ✅ 0 взято | 🗑️ 14 мусор
2026-06-17 15:12:08,953 | INFO     |   → 436/1221: ✅ 0 взято | 🗑️ 14 мусор
2026-06-17 15:12:08,953 | INFO     |   → 437/1221: ✅ 0 взято | 🗑️ 14 мусор
2026-06-17 15:12:08,953 | INFO     |   → 438/1221: ✅ 0 взято | 🗑️ 14 мусор
2026-06-17 15:12:08,953 | INFO     |   → 439/1221: ✅ 6 взято | 🗑️ 17 мусор
2026-06-17 15:12:08,953 | INFO     |   → 440/1221: ✅ 0 взято | 🗑️ 17 мусор
2026-06-17 15:12:08,953 | INFO     |   → 441/1221: ✅ 0 взято | 🗑️ 17 мусор
2026-06-17 15:12:08,953 | INFO     |   → 442/1221: ✅ 0 взято | 🗑️ 17 мусор
2026-06-17 15:12:08,953 | INFO     |   → 443/1221: ✅ 0 взято | 🗑️ 17 мусор
2026-06-17 15:12:08,953 | INFO     |   → 444/1221: ✅ 0 взято | 🗑️ 17 мусор
2026-06-17 15:12:08,953 | INFO     |   → 445/1221: ✅ 6 взято | 🗑️ 24 мусор
2026-06-17 15:12:08,953 | INFO     |   → 446/1221: ✅ 0 взято | 🗑️ 24 мусор
2026-06-17 15:12:08,953 | INFO     |   → 447/1221: ✅ 0 взято | 🗑️ 24 мусор
2026-06-17 15:12:08,953 | INFO     |   → 448/1221: ✅ 0 взято | 🗑️ 24 мусор
2026-06-17 15:12:08,953 | INFO     |   → 449/1221: ✅ 0 взято | 🗑️ 24 мусор
2026-06-17 15:12:08,953 | INFO     |   → 450/1221: ✅ 0 взято | 🗑️ 24 мусор
2026-06-17 15:12:08,953 | INFO     |   → 451/1221: ✅ 0 взято | 🗑️ 24 мусор
2026-06-17 15:12:08,953 | INFO     |   → 452/1221: ✅ 0 взято | 🗑️ 24 мусор
2026-06-17 15:12:08,953 | INFO     |   → 453/1221: ✅ 0 взято | 🗑️ 24 мусор
2026-06-17 15:12:08,953 | INFO     |   → 454/1221: ✅ 0 взято | 🗑️ 24 мусор
2026-06-17 15:12:08,953 | INFO     |   → 455/1221: ✅ 0 взято | 🗑️ 24 мусор
2026-06-17 15:12:08,953 | INFO     |   → 456/1221: ✅ 13 взято | 🗑️ 7 мусор
2026-06-17 15:12:08,953 | INFO     |   → 457/1221: ✅ 0 взято | 🗑️ 7 мусор
2026-06-17 15:12:08,953 | INFO     |   → 458/1221: ✅ 0 взято | 🗑️ 7 мусор
2026-06-17 15:12:08,953 | INFO     |   → 459/1221: ✅ 0 взято | 🗑️ 7 мусор
2026-06-17 15:12:08,953 | INFO     |   → 460/1221: ✅ 0 взято | 🗑️ 7 мусор
2026-06-17 15:12:08,953 | INFO     |   → 461/1221: ✅ 0 взято | 🗑️ 7 мусор
2026-06-17 15:12:08,953 | INFO     |   → 462/1221: ✅ 0 взято | 🗑️ 7 мусор
2026-06-17 15:12:08,953 | INFO     |   → 463/1221: ✅ 0 взято | 🗑️ 7 мусор
2026-06-17 15:12:08,953 | INFO     |   → 464/1221: ✅ 0 взято | 🗑️ 7 мусор
2026-06-17 15:12:08,953 | INFO     |   → 465/1221: ✅ 0 взято | 🗑️ 7 мусор
2026-06-17 15:12:08,953 | INFO     |   → 466/1221: ✅ 5 взято | 🗑️ 9 мусор
2026-06-17 15:12:08,954 | INFO     |   → 467/1221: ✅ 0 взято | 🗑️ 9 мусор
2026-06-17 15:12:08,954 | INFO     |   → 468/1221: ✅ 0 взято | 🗑️ 9 мусор
2026-06-17 15:12:08,954 | INFO     |   → 469/1221: ✅ 0 взято | 🗑️ 9 мусор
2026-06-17 15:12:08,954 | INFO     |   → 470/1221: ✅ 0 взято | 🗑️ 9 мусор
2026-06-17 15:12:08,954 | INFO     |   → 471/1221: ✅ 0 взято | 🗑️ 9 мусор
2026-06-17 15:12:08,954 | INFO     |   → 472/1221: ✅ 0 взято | 🗑️ 9 мусор
2026-06-17 15:12:08,954 | INFO     |   → 473/1221 ⚠️ Ошибка: HTTPSConnectionPool(host='nodefree.githubrowcontent.com', port=443): Max retries exceeded with url: /2024/07/20240705.yaml (Caused by NameResolutionError("HTTPSConnection(host='nodefree.githubrowcontent.com', port=443): Failed to resolve 'nodefree.githubrowcontent.com' ([Errno -2] Name or service not known)")) — https://nodefree.org/dy/2023/08/20230806.yaml
2026-06-17 15:12:08,954 | INFO     |   → 474/1221 ⚠️ Ошибка: HTTPSConnectionPool(host='nodefree.githubrowcontent.com', port=443): Max retries exceeded with url: /2024/07/20240705.txt (Caused by NameResolutionError("HTTPSConnection(host='nodefree.githubrowcontent.com', port=443): Failed to resolve 'nodefree.githubrowcontent.com' ([Errno -2] Name or service not known)")) — https://nodefree.org/dy/2023/12/20231221.txt
2026-06-17 15:12:08,954 | INFO     |   → 475/1221: ✅ 0 взято | 🗑️ 17 мусор
2026-06-17 15:12:08,954 | INFO     |   → 476/1221: ✅ 0 взято | 🗑️ 17 мусор
2026-06-17 15:12:08,954 | INFO     |   → 477/1221: ✅ 0 взято | 🗑️ 14 мусор
2026-06-17 15:12:08,954 | INFO     |   → 478/1221: ✅ 0 взято | 🗑️ 14 мусор
2026-06-17 15:12:08,954 | INFO     |   → 479/1221: ✅ 0 взято | 🗑️ 14 мусор
2026-06-17 15:12:08,954 | INFO     |   → 480/1221: ✅ 0 взято | 🗑️ 14 мусор
2026-06-17 15:12:08,954 | INFO     |   → 481/1221: ✅ 0 взято | 🗑️ 14 мусор
2026-06-17 15:12:08,954 | INFO     |   → 482/1221: ✅ 0 взято | 🗑️ 14 мусор
2026-06-17 15:12:08,954 | INFO     |   → 483/1221: ✅ 0 взято | 🗑️ 14 мусор
2026-06-17 15:12:08,954 | INFO     |   → 484/1221: ✅ 0 взято | 🗑️ 14 мусор
2026-06-17 15:12:08,954 | INFO     |   → 485/1221: ✅ 0 взято | 🗑️ 14 мусор
2026-06-17 15:12:08,954 | INFO     |   → 486/1221: ✅ 0 взято | 🗑️ 21 мусор
2026-06-17 15:12:08,954 | INFO     |   → 487/1221: ✅ 0 взято | 🗑️ 21 мусор
2026-06-17 15:12:08,954 | INFO     |   → 488/1221: ✅ 0 взято | 🗑️ 21 мусор
2026-06-17 15:12:08,954 | INFO     |   → 489/1221: ✅ 0 взято | 🗑️ 21 мусор
2026-06-17 15:12:08,954 | INFO     |   → 490/1221: ✅ 0 взято | 🗑️ 21 мусор
2026-06-17 15:12:08,954 | INFO     |   → 491/1221: ✅ 0 взято | 🗑️ 21 мусор
2026-06-17 15:12:08,954 | INFO     |   → 492/1221: ✅ 0 взято | 🗑️ 21 мусор
2026-06-17 15:12:08,954 | INFO     |   → 493/1221: ✅ 0 взято | 🗑️ 21 мусор
2026-06-17 15:12:08,954 | INFO     |   → 494/1221: ✅ 0 взято | 🗑️ 21 мусор
2026-06-17 15:12:08,954 | INFO     |   → 495/1221: ✅ 0 взято | 🗑️ 21 мусор
2026-06-17 15:12:08,954 | INFO     |   → 496/1221: ✅ 0 взято | 🗑️ 21 мусор
2026-06-17 15:12:08,955 | INFO     |   → 497/1221: ✅ 0 взято | 🗑️ 15 мусор
2026-06-17 15:12:08,955 | INFO     |   → 498/1221: ✅ 0 взято | 🗑️ 15 мусор
2026-06-17 15:12:08,955 | INFO     |   → 499/1221: ✅ 0 взято | 🗑️ 15 мусор
2026-06-17 15:12:08,955 | INFO     |   → 500/1221: ✅ 0 взято | 🗑️ 15 мусор
2026-06-17 15:12:08,955 | INFO     |   → 501/1221: ✅ 0 взято | 🗑️ 15 мусор
2026-06-17 15:12:08,955 | INFO     |   → 502/1221: ✅ 0 взято | 🗑️ 15 мусор
2026-06-17 15:12:08,955 | INFO     |   → 503/1221: ✅ 0 взято | 🗑️ 15 мусор
2026-06-17 15:12:08,955 | INFO     |   → 504/1221: ✅ 0 взято | 🗑️ 15 мусор
2026-06-17 15:12:08,955 | INFO     |   → 505/1221: ✅ 0 взято | 🗑️ 15 мусор
2026-06-17 15:12:08,955 | INFO     |   → 506/1221: ✅ 0 взято | 🗑️ 15 мусор
2026-06-17 15:12:08,955 | INFO     |   → 507/1221: ✅ 0 взято | 🗑️ 14 мусор
2026-06-17 15:12:08,955 | INFO     |   → 508/1221: ✅ 0 взято | 🗑️ 14 мусор
2026-06-17 15:12:08,955 | INFO     |   → 509/1221: ✅ 0 взято | 🗑️ 14 мусор
2026-06-17 15:12:08,955 | INFO     |   → 510/1221: ✅ 0 взято | 🗑️ 14 мусор
2026-06-17 15:12:08,955 | INFO     |   → 511/1221: ✅ 0 взято | 🗑️ 17 мусор
2026-06-17 15:12:08,955 | INFO     |   → 512/1221: ✅ 0 взято | 🗑️ 17 мусор
2026-06-17 15:12:08,955 | INFO     |   → 513/1221: ✅ 0 взято | 🗑️ 17 мусор
2026-06-17 15:12:08,955 | INFO     |   → 514/1221: ✅ 0 взято | 🗑️ 17 мусор
2026-06-17 15:12:08,955 | INFO     |   → 515/1221: ✅ 0 взято | 🗑️ 17 мусор
2026-06-17 15:12:08,955 | INFO     |   → 516/1221: ✅ 0 взято | 🗑️ 24 мусор
2026-06-17 15:12:08,955 | INFO     |   → 517/1221: ✅ 0 взято | 🗑️ 24 мусор
2026-06-17 15:12:08,955 | INFO     |   → 518/1221: ✅ 0 взято | 🗑️ 24 мусор
2026-06-17 15:12:08,955 | INFO     |   → 519/1221: ✅ 0 взято | 🗑️ 24 мусор
2026-06-17 15:12:08,955 | INFO     |   → 520/1221: ✅ 0 взято | 🗑️ 24 мусор
2026-06-17 15:12:08,955 | INFO     |   → 521/1221: ✅ 0 взято | 🗑️ 24 мусор
2026-06-17 15:12:08,955 | INFO     |   → 522/1221: ✅ 0 взято | 🗑️ 24 мусор
2026-06-17 15:12:08,955 | INFO     |   → 523/1221: ✅ 0 взято | 🗑️ 24 мусор
2026-06-17 15:12:08,955 | INFO     |   → 524/1221: ✅ 0 взято | 🗑️ 24 мусор
2026-06-17 15:12:08,955 | INFO     |   → 525/1221: ✅ 0 взято | 🗑️ 24 мусор
2026-06-17 15:12:08,955 | INFO     |   → 526/1221: ✅ 0 взято | 🗑️ 24 мусор
2026-06-17 15:12:08,955 | INFO     |   → 527/1221: ✅ 0 взято | 🗑️ 7 мусор
2026-06-17 15:12:08,956 | INFO     |   → 528/1221: ✅ 0 взято | 🗑️ 7 мусор
2026-06-17 15:12:08,956 | INFO     |   → 529/1221: ✅ 0 взято | 🗑️ 7 мусор
2026-06-17 15:12:08,956 | INFO     |   → 530/1221: ✅ 0 взято | 🗑️ 7 мусор
2026-06-17 15:12:08,956 | INFO     |   → 531/1221: ✅ 0 взято | 🗑️ 7 мусор
2026-06-17 15:12:08,956 | INFO     |   → 532/1221: ✅ 0 взято | 🗑️ 7 мусор
2026-06-17 15:12:08,956 | INFO     |   → 533/1221: ✅ 0 взято | 🗑️ 7 мусор
2026-06-17 15:12:08,956 | INFO     |   → 534/1221: ✅ 0 взято | 🗑️ 7 мусор
2026-06-17 15:12:08,956 | INFO     |   → 535/1221: ✅ 0 взято | 🗑️ 7 мусор
2026-06-17 15:12:08,956 | INFO     |   → 536/1221: ✅ 0 взято | 🗑️ 7 мусор
2026-06-17 15:12:08,956 | INFO     |   → 537/1221: ✅ 0 взято | 🗑️ 9 мусор
2026-06-17 15:12:08,956 | INFO     |   → 538/1221: ✅ 0 взято | 🗑️ 9 мусор
2026-06-17 15:12:08,956 | INFO     |   → 539/1221: ✅ 0 взято | 🗑️ 9 мусор
2026-06-17 15:12:08,956 | INFO     |   → 540/1221: ✅ 0 взято | 🗑️ 9 мусор
2026-06-17 15:12:08,956 | INFO     |   → 541/1221: ✅ 0 взято | 🗑️ 9 мусор
2026-06-17 15:12:08,956 | INFO     |   → 542/1221: ✅ 0 взято | 🗑️ 9 мусор
2026-06-17 15:12:08,956 | INFO     |   → 543/1221: ✅ 0 взято | 🗑️ 9 мусор
2026-06-17 15:12:08,956 | INFO     |   → 544/1221: ✅ 0 взято | 🗑️ 0 мусор
2026-06-17 15:12:08,956 | INFO     |   → 545/1221: ✅ 0 взято | 🗑️ 0 мусор
2026-06-17 15:12:08,956 | INFO     |   → 546/1221: ✅ 0 взято | 🗑️ 0 мусор
2026-06-17 15:12:08,956 | INFO     |   → 547/1221: ✅ 0 взято | 🗑️ 0 мусор
2026-06-17 15:12:08,956 | INFO     |   → 548/1221: ✅ 0 взято | 🗑️ 0 мусор
2026-06-17 15:12:08,956 | INFO     |   → 549/1221: ✅ 0 взято | 🗑️ 0 мусор
2026-06-17 15:12:08,956 | INFO     |   → 550/1221: ✅ 0 взято | 🗑️ 0 мусор
2026-06-17 15:12:08,956 | INFO     |   → 551/1221: ✅ 0 взято | 🗑️ 0 мусор
2026-06-17 15:12:08,956 | INFO     |   → 552/1221: ✅ 0 взято | 🗑️ 0 мусор
2026-06-17 15:12:08,956 | INFO     |   → 553/1221: ✅ 0 взято | 🗑️ 0 мусор
2026-06-17 15:12:08,956 | INFO     |   → 554/1221: ✅ 0 взято | 🗑️ 0 мусор
2026-06-17 15:12:08,956 | INFO     |   → 555/1221: ✅ 0 взято | 🗑️ 0 мусор
2026-06-17 15:12:08,956 | INFO     |   → 556/1221 ❌ HTTP 404 — https://raw.githubusercontent.com/10ium/MihomoSaz/main/Sublist/shatakvpn.yaml4_Sub.txt
2026-06-17 15:12:08,956 | INFO     |   → 557/1221: ✅ 0 взято | 🗑️ 0 мусор
2026-06-17 15:12:08,956 | INFO     |   → 558/1221: ✅ 0 взято | 🗑️ 0 мусор
2026-06-17 15:12:08,957 | INFO     |   → 559/1221: ✅ 167 взято | 🗑️ 672 мусор
2026-06-17 15:12:08,957 | INFO     |   → 560/1221: ✅ 0 взято | 🗑️ 0 мусор
2026-06-17 15:12:08,957 | INFO     |   → 561/1221: ✅ 0 взято | 🗑️ 0 мусор
2026-06-17 15:12:08,957 | INFO     |   → 562/1221: ✅ 11 взято | 🗑️ 399 мусор
2026-06-17 15:12:08,957 | INFO     |   → 563/1221: ✅ 0 взято | 🗑️ 0 мусор
2026-06-17 15:12:08,957 | INFO     |   → 564/1221 ❌ HTTP 404 — https://raw.githubusercontent.com/9Fork/openit/main/Clash.yaml
2026-06-17 15:12:08,957 | INFO     |   → 565/1221: ✅ 49 взято | 🗑️ 44 мусор
2026-06-17 15:12:08,957 | INFO     |   → 566/1221: ✅ 0 взято | 🗑️ 44 мусор
2026-06-17 15:12:08,957 | INFO     |   → 567/1221: ✅ 19 взято | 🗑️ 81 мусор
2026-06-17 15:12:08,957 | INFO     |   → 568/1221: ✅ 11 взято | 🗑️ 87 мусор
2026-06-17 15:12:08,957 | INFO     |   → 569/1221: ✅ 27 взято | 🗑️ 73 мусор
2026-06-17 15:12:08,957 | INFO     |   → 570/1221: ✅ 13 взято | 🗑️ 75 мусор
2026-06-17 15:12:08,957 | INFO     |   → 571/1221: ✅ 10 взято | 🗑️ 83 мусор
2026-06-17 15:12:08,957 | INFO     |   → 572/1221: ✅ 12 взято | 🗑️ 86 мусор
2026-06-17 15:12:08,957 | INFO     |   → 573/1221: ✅ 11 взято | 🗑️ 87 мусор
2026-06-17 15:12:08,957 | INFO     |   → 574/1221: ✅ 11 взято | 🗑️ 80 мусор
2026-06-17 15:12:08,957 | INFO     |   → 575/1221: ✅ 9 взято | 🗑️ 82 мусор
2026-06-17 15:12:08,957 | INFO     |   → 576/1221: ✅ 69 взято | 🗑️ 3 мусор
2026-06-17 15:12:08,957 | INFO     |   → 577/1221: ✅ 3 взято | 🗑️ 75 мусор
2026-06-17 15:12:08,957 | INFO     |   → 578/1221: ✅ 4 взято | 🗑️ 69 мусор
2026-06-17 15:12:08,957 | INFO     |   → 579/1221: ✅ 4 взято | 🗑️ 80 мусор
2026-06-17 15:12:08,957 | INFO     |   → 580/1221: ✅ 6 взято | 🗑️ 81 мусор
2026-06-17 15:12:08,957 | INFO     |   → 581/1221: ✅ 5 взято | 🗑️ 79 мусор
2026-06-17 15:12:08,957 | INFO     |   → 582/1221: ✅ 11 взято | 🗑️ 78 мусор
2026-06-17 15:12:08,957 | INFO     |   → 583/1221: ✅ 3 взято | 🗑️ 83 мусор
2026-06-17 15:12:08,957 | INFO     |   → 584/1221: ✅ 14 взято | 🗑️ 76 мусор
2026-06-17 15:12:08,957 | INFO     |   → 585/1221: ✅ 12 взято | 🗑️ 78 мусор
2026-06-17 15:12:08,957 | INFO     |   → 586/1221: ✅ 26 взято | 🗑️ 218 мусор
2026-06-17 15:12:08,957 | INFO     |   → 587/1221: ✅ 44 взято | 🗑️ 141 мусор
2026-06-17 15:12:08,957 | INFO     |   → 588/1221: ✅ 10 взято | 🗑️ 71 мусор
2026-06-17 15:12:08,957 | INFO     |   → 589/1221: ✅ 2 взято | 🗑️ 88 мусор
2026-06-17 15:12:08,958 | INFO     |   → 590/1221: ✅ 0 взято | 🗑️ 3 мусор
2026-06-17 15:12:08,958 | INFO     |   → 591/1221: ✅ 14 взято | 🗑️ 4 мусор
2026-06-17 15:12:08,958 | INFO     |   → 592/1221: ✅ 741 взято | 🗑️ 2598 мусор
2026-06-17 15:12:08,958 | INFO     |   → 593/1221 ❌ HTTP 404 — https://raw.githubusercontent.com/Alvin9999/pac2/master/clash/1/config.yaml
2026-06-17 15:12:08,958 | INFO     |   → 594/1221 ❌ HTTP 404 — https://raw.githubusercontent.com/AmirHDevo/temp2/7f15e7ddb311a6f8c5ab338bd1af0e1f2136a84b/configs.txt
2026-06-17 15:12:08,958 | INFO     |   → 595/1221: ✅ 21 взято | 🗑️ 362 мусор
2026-06-17 15:12:08,958 | INFO     |   → 596/1221: ✅ 9193 взято | 🗑️ 134698 мусор
2026-06-17 15:12:08,958 | INFO     |   → 597/1221: ✅ 5 взято | 🗑️ 47 мусор
2026-06-17 15:12:08,958 | INFO     |   → 598/1221: ✅ 0 взято | 🗑️ 50 мусор
2026-06-17 15:12:08,958 | INFO     |   → 599/1221: ✅ 21 взято | 🗑️ 107 мусор
2026-06-17 15:12:08,958 | INFO     |   → 600/1221: ✅ 78 взято | 🗑️ 347 мусор
2026-06-17 15:12:08,958 | INFO     |   → 601/1221: ✅ 0 взято | 🗑️ 1373 мусор
2026-06-17 15:12:08,958 | INFO     |   → 602/1221: ✅ 339 взято | 🗑️ 1542 мусор
2026-06-17 15:12:08,958 | INFO     |   → 603/1221: ✅ 0 взято | 🗑️ 6 мусор
2026-06-17 15:12:08,958 | INFO     |   → 604/1221: ✅ 0 взято | 🗑️ 0 мусор
2026-06-17 15:12:08,958 | INFO     |   → 605/1221: ✅ 1 взято | 🗑️ 235 мусор
2026-06-17 15:12:08,958 | INFO     |   → 606/1221: ✅ 0 взято | 🗑️ 16 мусор
2026-06-17 15:12:08,958 | INFO     |   → 607/1221: ✅ 0 взято | 🗑️ 0 мусор
2026-06-17 15:12:08,958 | INFO     |   → 608/1221: ✅ 0 взято | 🗑️ 14 мусор
2026-06-17 15:12:08,958 | INFO     |   → 609/1221: ✅ 0 взято | 🗑️ 0 мусор
2026-06-17 15:12:08,958 | INFO     |   → 610/1221: ✅ 0 взято | 🗑️ 17 мусор
2026-06-17 15:12:08,958 | INFO     |   → 611/1221: ✅ 0 взято | 🗑️ 0 мусор
2026-06-17 15:12:08,958 | INFO     |   → 612/1221: ✅ 1 взято | 🗑️ 12 мусор
2026-06-17 15:12:08,958 | INFO     |   → 613/1221: ✅ 0 взято | 🗑️ 0 мусор
2026-06-17 15:12:08,958 | INFO     |   → 614/1221: ✅ 0 взято | 🗑️ 17 мусор
2026-06-17 15:12:08,958 | INFO     |   → 615/1221: ✅ 0 взято | 🗑️ 0 мусор
2026-06-17 15:12:08,958 | INFO     |   → 616/1221: ✅ 0 взято | 🗑️ 17 мусор
2026-06-17 15:12:08,958 | INFO     |   → 617/1221: ✅ 0 взято | 🗑️ 0 мусор
2026-06-17 15:12:08,958 | INFO     |   → 618/1221: ✅ 0 взято | 🗑️ 161 мусор
2026-06-17 15:12:08,958 | INFO     |   → 619/1221: ✅ 0 взято | 🗑️ 0 мусор
2026-06-17 15:12:08,958 | INFO     |   → 620/1221: ✅ 5 взято | 🗑️ 76 мусор
2026-06-17 15:12:08,959 | INFO     |   → 621/1221: ✅ 80 взято | 🗑️ 1110 мусор
2026-06-17 15:12:08,959 | INFO     |   → 622/1221: ✅ 5 взято | 🗑️ 13 мусор
2026-06-17 15:12:08,959 | INFO     |   → 623/1221 ❌ HTTP 404 — https://raw.githubusercontent.com/Epodonios/bulk-xray-v2ray-vless-vmess-...-configs/main/sub/Austria/config.txt
2026-06-17 15:12:08,959 | INFO     |   → 624/1221 ❌ HTTP 404 — https://raw.githubusercontent.com/Epodonios/bulk-xray-v2ray-vless-vmess-...-configs/main/sub/Canada/config.txt
2026-06-17 15:12:08,959 | INFO     |   → 625/1221 ❌ HTTP 404 — https://raw.githubusercontent.com/Epodonios/bulk-xray-v2ray-vless-vmess-...-configs/main/sub/Costa%20Rica/config.txt
2026-06-17 15:12:08,959 | INFO     |   → 626/1221 ❌ HTTP 404 — https://raw.githubusercontent.com/Epodonios/bulk-xray-v2ray-vless-vmess-...-configs/main/sub/France/config.txt
2026-06-17 15:12:08,959 | INFO     |   → 627/1221 ❌ HTTP 404 — https://raw.githubusercontent.com/Epodonios/bulk-xray-v2ray-vless-vmess-...-configs/main/sub/Germany/config.txt
2026-06-17 15:12:08,959 | INFO     |   → 628/1221 ❌ HTTP 404 — https://raw.githubusercontent.com/Epodonios/bulk-xray-v2ray-vless-vmess-...-configs/main/sub/Indonesia/config.txt
2026-06-17 15:12:08,959 | INFO     |   → 629/1221 ❌ HTTP 404 — https://raw.githubusercontent.com/Epodonios/bulk-xray-v2ray-vless-vmess-...-configs/main/sub/Ireland/config.txt
2026-06-17 15:12:08,959 | INFO     |   → 630/1221 ❌ HTTP 404 — https://raw.githubusercontent.com/Epodonios/bulk-xray-v2ray-vless-vmess-...-configs/main/sub/Republic%20of%20Lithuania/config.txt
2026-06-17 15:12:08,959 | INFO     |   → 631/1221 ❌ HTTP 404 — https://raw.githubusercontent.com/Epodonios/bulk-xray-v2ray-vless-vmess-...-configs/main/sub/South%20Africa/config.txt
2026-06-17 15:12:08,959 | INFO     |   → 632/1221 ❌ HTTP 404 — https://raw.githubusercontent.com/Epodonios/bulk-xray-v2ray-vless-vmess-...-configs/main/sub/Sweden/config.txt
2026-06-17 15:12:08,959 | INFO     |   → 633/1221 ❌ HTTP 404 — https://raw.githubusercontent.com/Epodonios/bulk-xray-v2ray-vless-vmess-...-configs/main/sub/Turkey/config.txt
2026-06-17 15:12:08,959 | INFO     |   → 634/1221 ❌ HTTP 404 — https://raw.githubusercontent.com/Epodonios/bulk-xray-v2ray-vless-vmess-...-configs/main/sub/United%20Arab%20Emirates/config.txt
2026-06-17 15:12:08,959 | INFO     |   → 635/1221 ❌ HTTP 404 — https://raw.githubusercontent.com/Epodonios/bulk-xray-v2ray-vless-vmess-...-configs/main/sub/United%20Kingdom/config.txt
2026-06-17 15:12:08,959 | INFO     |   → 636/1221 ❌ HTTP 404 — https://raw.githubusercontent.com/Epodonios/bulk-xray-v2ray-vless-vmess-...-configs/main/sub/United%20States/config.txt
2026-06-17 15:12:08,959 | INFO     |   → 637/1221: ✅ 904 взято | 🗑️ 5332 мусор
2026-06-17 15:12:08,959 | INFO     |   → 638/1221 ❌ HTTP 404 — https://raw.githubusercontent.com/Epodonios/v2ray-configs/main/Splitted-By-Protocol/mix.txt
2026-06-17 15:12:08,959 | INFO     |   → 639/1221: ✅ 8 взято | 🗑️ 620 мусор
2026-06-17 15:12:08,959 | INFO     |   → 640/1221: ✅ 0 взято | 🗑️ 0 мусор
2026-06-17 15:12:08,959 | INFO     |   → 641/1221: ✅ 38 взято | 🗑️ 536 мусор
2026-06-17 15:12:08,959 | INFO     |   → 642/1221: ✅ 121 взято | 🗑️ 3914 мусор
2026-06-17 15:12:08,959 | INFO     |   → 643/1221: ✅ 16 взято | 🗑️ 660 мусор
2026-06-17 15:12:08,959 | INFO     |   → 644/1221 ❌ HTTP 404 — https://raw.githubusercontent.com/Epodonios/v2ray-configs/raw/main/Splitted-By-Protocol/trojan.txt
2026-06-17 15:12:08,959 | INFO     |   → 645/1221 ❌ HTTP 404 — https://raw.githubusercontent.com/Epodonios/v2ray-configs/raw/main/Splitted-By-Protocol/vmess.txt
2026-06-17 15:12:08,959 | INFO     |   → 646/1221: ✅ 0 взято | 🗑️ 620 мусор
2026-06-17 15:12:08,959 | INFO     |   → 647/1221: ✅ 0 взято | 🗑️ 0 мусор
2026-06-17 15:12:08,959 | INFO     |   → 648/1221: ✅ 0 взято | 🗑️ 536 мусор
2026-06-17 15:12:08,959 | INFO     |   → 649/1221: ✅ 0 взято | 🗑️ 3914 мусор
2026-06-17 15:12:08,959 | INFO     |   → 650/1221: ✅ 0 взято | 🗑️ 660 мусор
2026-06-17 15:12:08,959 | INFO     |   → 651/1221 ❌ HTTP 404 — https://raw.githubusercontent.com/Fido6/FreeNodes/57221e59caddde55ffdda21d491ae952cd608049/nodes/halekj.txt
2026-06-17 15:12:08,960 | INFO     |   → 652/1221 ❌ HTTP 404 — https://raw.githubusercontent.com/Fido6/FreeNodes/57221e59caddde55ffdda21d491ae952cd608049/nodes/kkzui.txt
2026-06-17 15:12:08,960 | INFO     |   → 653/1221 ❌ HTTP 404 — https://raw.githubusercontent.com/Fido6/FreeNodes/57221e59caddde55ffdda21d491ae952cd608049/nodes/wenode.txt
2026-06-17 15:12:08,960 | INFO     |   → 654/1221: ✅ 0 взято | 🗑️ 0 мусор
2026-06-17 15:12:08,960 | INFO     |   → 655/1221: ✅ 0 взято | 🗑️ 0 мусор
2026-06-17 15:12:08,960 | INFO     |   → 656/1221: ✅ 14 взято | 🗑️ 250 мусор
2026-06-17 15:12:08,960 | INFO     |   → 657/1221: ✅ 1 взято | 🗑️ 18 мусор
2026-06-17 15:12:08,960 | INFO     |   → 658/1221: ✅ 1 взято | 🗑️ 17 мусор
2026-06-17 15:12:08,960 | INFO     |   → 659/1221: ✅ 4 взято | 🗑️ 11 мусор
2026-06-17 15:12:08,960 | INFO     |   → 660/1221: ✅ 0 взято | 🗑️ 0 мусор
2026-06-17 15:12:08,960 | INFO     |   → 661/1221: ✅ 0 взято | 🗑️ 137 мусор
2026-06-17 15:12:08,960 | INFO     |   → 662/1221: ✅ 0 взято | 🗑️ 32 мусор
2026-06-17 15:12:08,960 | INFO     |   → 663/1221: ✅ 2 взято | 🗑️ 19 мусор
2026-06-17 15:12:08,960 | INFO     |   → 664/1221: ✅ 0 взято | 🗑️ 43 мусор
2026-06-17 15:12:08,960 | INFO     |   → 665/1221: ✅ 0 взято | 🗑️ 43 мусор
2026-06-17 15:12:08,960 | INFO     |   → 666/1221 ❌ HTTP 404 — https://raw.githubusercontent.com/Iran-v2ray/v2ray/main/v2ray
2026-06-17 15:12:08,960 | INFO     |   → 667/1221: ✅ 0 взято | 🗑️ 1 мусор
2026-06-17 15:12:08,960 | INFO     |   → 668/1221: ✅ 0 взято | 🗑️ 1 мусор
2026-06-17 15:12:08,960 | INFO     |   → 669/1221: ✅ 0 взято | 🗑️ 28 мусор
2026-06-17 15:12:08,960 | INFO     |   → 670/1221: ✅ 14 взято | 🗑️ 282 мусор
2026-06-17 15:12:08,960 | INFO     |   → 671/1221: ✅ 0 взято | 🗑️ 94 мусор
2026-06-17 15:12:08,960 | INFO     |   → 672/1221: ✅ 0 взято | 🗑️ 0 мусор
2026-06-17 15:12:08,960 | INFO     |   → 673/1221: ✅ 0 взято | 🗑️ 0 мусор
2026-06-17 15:12:08,960 | INFO     |   → 674/1221 ❌ HTTP 404 — https://raw.githubusercontent.com/Kwinshadow/TelegramV2rayCollector/raw/refs/heads/main/sublinks/mix.txt
2026-06-17 15:12:08,960 | INFO     |   → 675/1221 ❌ HTTP 404 — https://raw.githubusercontent.com/LalatinaHub/Mineral/raw/refs/heads/master/result/nodes
2026-06-17 15:12:08,960 | INFO     |   → 676/1221 ❌ HTTP 404 — https://raw.githubusercontent.com/Leon406/SubCrawler/main/sub/share/all3
2026-06-17 15:12:08,960 | INFO     |   → 677/1221 ❌ HTTP 404 — https://raw.githubusercontent.com/Leon406/SubCrawler/main/sub/share/all4
2026-06-17 15:12:08,960 | INFO     |   → 678/1221: ✅ 4 взято | 🗑️ 335 мусор
2026-06-17 15:12:08,960 | INFO     |   → 679/1221: ✅ 0 взято | 🗑️ 33 мусор
2026-06-17 15:12:08,960 | INFO     |   → 680/1221: ✅ 0 взято | 🗑️ 6 мусор
2026-06-17 15:12:08,960 | INFO     |   → 681/1221: ✅ 0 взято | 🗑️ 147 мусор
2026-06-17 15:12:08,960 | INFO     |   → 682/1221 ❌ HTTP 404 — https://raw.githubusercontent.com/M-Mashreghi/free-config-collector/main/Splitted-By-Protocol/ssr.txt
2026-06-17 15:12:08,961 | INFO     |   → 683/1221: ✅ 139 взято | 🗑️ 114 мусор
2026-06-17 15:12:08,961 | INFO     |   → 684/1221: ✅ 126 взято | 🗑️ 137 мусор
2026-06-17 15:12:08,961 | INFO     |   → 685/1221: ✅ 0 взято | 🗑️ 12 мусор
2026-06-17 15:12:08,961 | INFO     |   → 686/1221: ✅ 0 взято | 🗑️ 1 мусор
2026-06-17 15:12:08,961 | INFO     |   → 687/1221: ✅ 50 взято | 🗑️ 117 мусор
2026-06-17 15:12:08,961 | INFO     |   → 688/1221: ✅ 0 взято | 🗑️ 117 мусор
2026-06-17 15:12:08,961 | INFO     |   → 689/1221 ❌ HTTP 404 — https://raw.githubusercontent.com/MatinGhanbari/v2ray-configs/main/subscriptions/filtered/subs/hy2.txt
2026-06-17 15:12:08,961 | INFO     |   → 690/1221: ✅ 33 взято | 🗑️ 1496 мусор
2026-06-17 15:12:08,961 | INFO     |   → 691/1221 ❌ HTTP 404 — https://raw.githubusercontent.com/MatinGhanbari/v2ray-configs/main/subscriptions/filtered/subs/ssr.txt
2026-06-17 15:12:08,961 | INFO     |   → 692/1221: ✅ 67 взято | 🗑️ 512 мусор
2026-06-17 15:12:08,961 | INFO     |   → 693/1221 ❌ HTTP 404 — https://raw.githubusercontent.com/MatinGhanbari/v2ray-configs/main/subscriptions/filtered/subs/tuic.txt
2026-06-17 15:12:08,961 | INFO     |   → 694/1221: ✅ 4 взято | 🗑️ 60 мусор
2026-06-17 15:12:08,961 | INFO     |   → 695/1221: ✅ 257 взято | 🗑️ 1519 мусор
2026-06-17 15:12:08,961 | INFO     |   → 696/1221: ✅ 0 взято | 🗑️ 2 мусор
2026-06-17 15:12:08,961 | INFO     |   → 697/1221: ✅ 237 взято | 🗑️ 1904 мусор
2026-06-17 15:12:08,961 | INFO     |   → 698/1221: ✅ 0 взято | 🗑️ 947 мусор
2026-06-17 15:12:08,961 | INFO     |   → 699/1221: ✅ 0 взято | 🗑️ 947 мусор
2026-06-17 15:12:08,961 | INFO     |   → 700/1221: ✅ 0 взято | 🗑️ 83 мусор
2026-06-17 15:12:08,961 | INFO     |   → 701/1221: ✅ 0 взято | 🗑️ 2 мусор
2026-06-17 15:12:08,961 | INFO     |   → 702/1221: ✅ 0 взято | 🗑️ 796 мусор
2026-06-17 15:12:08,961 | INFO     |   → 703/1221: ✅ 0 взято | 🗑️ 84 мусор
2026-06-17 15:12:08,961 | INFO     |   → 704/1221 ❌ HTTP 404 — https://raw.githubusercontent.com/MhdiTaheri/V2rayCollector/raw/refs/heads/main/sub/mix
2026-06-17 15:12:08,961 | INFO     |   → 705/1221: ✅ 53 взято | 🗑️ 267 мусор
2026-06-17 15:12:08,961 | INFO     |   → 706/1221 ❌ HTTP 404 — https://raw.githubusercontent.com/MhdiTaheri/V2rayCollector_Py/raw/refs/heads/main/sub/Mix/mix.txt
2026-06-17 15:12:08,961 | INFO     |   → 707/1221: ✅ 0 взято | 🗑️ 0 мусор
2026-06-17 15:12:08,961 | INFO     |   → 708/1221: ✅ 43 взято | 🗑️ 217 мусор
2026-06-17 15:12:08,961 | INFO     |   → 709/1221: ✅ 0 взято | 🗑️ 31 мусор
2026-06-17 15:12:08,961 | INFO     |   → 710/1221: ✅ 94 взято | 🗑️ 282 мусор
2026-06-17 15:12:08,961 | INFO     |   → 711/1221: ✅ 0 взято | 🗑️ 26 мусор
2026-06-17 15:12:08,961 | INFO     |   → 712/1221 ❌ HTTP 404 — https://raw.githubusercontent.com/MrMohebi/xray-proxy-grabber-telegram/master/collected-proxies/clash-meta/all.yaml
2026-06-17 15:12:08,961 | INFO     |   → 713/1221 ❌ HTTP 404 — https://raw.githubusercontent.com/MrMohebi/xray-proxy-grabber-telegram/master/collected-proxies/row-url/actives.txt
2026-06-17 15:12:08,961 | INFO     |   → 714/1221 ❌ HTTP 404 — https://raw.githubusercontent.com/MrMohebi/xray-proxy-grabber-telegram/master/collected-proxies/row-url/all.txt
2026-06-17 15:12:08,961 | INFO     |   → 715/1221: ✅ 0 взято | 🗑️ 13 мусор
2026-06-17 15:12:08,961 | INFO     |   → 716/1221: ✅ 0 взято | 🗑️ 13 мусор
2026-06-17 15:12:08,961 | INFO     |   → 717/1221: ✅ 5 взято | 🗑️ 15 мусор
2026-06-17 15:12:08,961 | INFO     |   → 718/1221: ✅ 0 взято | 🗑️ 30 мусор
2026-06-17 15:12:08,961 | INFO     |   → 719/1221: ✅ 0 взято | 🗑️ 15 мусор
2026-06-17 15:12:08,961 | INFO     |   → 720/1221: ✅ 66 взято | 🗑️ 123 мусор
2026-06-17 15:12:08,961 | INFO     |   → 721/1221: ✅ 133 взято | 🗑️ 65 мусор
2026-06-17 15:12:08,961 | INFO     |   → 722/1221: ✅ 0 взято | 🗑️ 0 мусор
2026-06-17 15:12:08,961 | INFO     |   → 723/1221 ❌ HTTP 404 — https://raw.githubusercontent.com/OpenCNLink/freevpn/3cfcff048bfdd1493ccffa52ecf30ce7f9fc6b28/src/list/vmess.txt
2026-06-17 15:12:08,961 | INFO     |   → 724/1221 ❌ HTTP 404 — https://raw.githubusercontent.com/Pawdro/Collection/main/sub
2026-06-17 15:12:08,961 | INFO     |   → 725/1221: ✅ 0 взято | 🗑️ 8 мусор
2026-06-17 15:12:08,962 | INFO     |   → 726/1221: ✅ 0 взято | 🗑️ 8 мусор
2026-06-17 15:12:08,962 | INFO     |   → 727/1221: ✅ 0 взято | 🗑️ 0 мусор
2026-06-17 15:12:08,962 | INFO     |   → 728/1221: ✅ 0 взято | 🗑️ 0 мусор
2026-06-17 15:12:08,962 | INFO     |   → 729/1221: ✅ 0 взято | 🗑️ 50 мусор
2026-06-17 15:12:08,962 | INFO     |   → 730/1221: ✅ 5 взято | 🗑️ 206 мусор
2026-06-17 15:12:08,962 | INFO     |   → 731/1221: ✅ 21 взято | 🗑️ 138 мусор
2026-06-17 15:12:08,962 | INFO     |   → 732/1221: ✅ 23 взято | 🗑️ 89 мусор
2026-06-17 15:12:08,962 | INFO     |   → 733/1221: ✅ 9 взято | 🗑️ 85 мусор
2026-06-17 15:12:08,962 | INFO     |   → 734/1221: ✅ 0 взято | 🗑️ 129 мусор
2026-06-17 15:12:08,962 | INFO     |   → 735/1221: ✅ 0 взято | 🗑️ 81 мусор
2026-06-17 15:12:08,962 | INFO     |   → 736/1221 ❌ HTTP 404 — https://raw.githubusercontent.com/STR97/STRUGOV/refs/heads/main/STR.BYPASS
2026-06-17 15:12:08,962 | INFO     |   → 737/1221: ✅ 4 взято | 🗑️ 34 мусор
2026-06-17 15:12:08,962 | INFO     |   → 738/1221: ✅ 11 взято | 🗑️ 16 мусор
2026-06-17 15:12:08,962 | INFO     |   → 739/1221: ✅ 0 взято | 🗑️ 16 мусор
2026-06-17 15:12:08,962 | INFO     |   → 740/1221: ✅ 0 взято | 🗑️ 27 мусор
2026-06-17 15:12:08,962 | INFO     |   → 741/1221: ✅ 140 взято | 🗑️ 1153 мусор
2026-06-17 15:12:08,962 | INFO     |   → 742/1221: ✅ 29 взято | 🗑️ 54 мусор
2026-06-17 15:12:08,962 | INFO     |   → 743/1221: ✅ 0 взято | 🗑️ 5 мусор
2026-06-17 15:12:08,962 | INFO     |   → 744/1221: ✅ 1 взято | 🗑️ 0 мусор
2026-06-17 15:12:08,962 | INFO     |   → 745/1221: ✅ 0 взято | 🗑️ 24 мусор
2026-06-17 15:12:08,962 | INFO     |   → 746/1221: ✅ 0 взято | 🗑️ 5 мусор
2026-06-17 15:12:08,962 | INFO     |   → 747/1221: ✅ 0 взято | 🗑️ 24 мусор
2026-06-17 15:12:08,962 | INFO     |   → 748/1221: ✅ 4 взято | 🗑️ 291 мусор
2026-06-17 15:12:08,962 | INFO     |   → 749/1221: ✅ 0 взято | 🗑️ 119 мусор
2026-06-17 15:12:08,962 | INFO     |   → 750/1221: ✅ 0 взято | 🗑️ 0 мусор
2026-06-17 15:12:08,962 | INFO     |   → 751/1221 ❌ HTTP 404 — https://raw.githubusercontent.com/V2RAYCONFIGSPOOL/V2RAY_SUB/main/V2RAY_SUB.txt
2026-06-17 15:12:08,962 | INFO     |   → 752/1221: ✅ 105 взято | 🗑️ 85 мусор
2026-06-17 15:12:08,963 | INFO     |   → 753/1221: ✅ 16 взято | 🗑️ 17 мусор
2026-06-17 15:12:08,963 | INFO     |   → 754/1221: ✅ 0 взято | 🗑️ 0 мусор
2026-06-17 15:12:08,963 | INFO     |   → 755/1221: ✅ 0 взято | 🗑️ 17 мусор
2026-06-17 15:12:08,963 | INFO     |   → 756/1221: ✅ 58 взято | 🗑️ 348 мусор
2026-06-17 15:12:08,963 | INFO     |   → 757/1221: ✅ 0 взято | 🗑️ 0 мусор
2026-06-17 15:12:08,963 | INFO     |   → 758/1221: ✅ 4 взято | 🗑️ 458 мусор
2026-06-17 15:12:08,963 | INFO     |   → 759/1221 ❌ HTTP 404 — https://raw.githubusercontent.com/ZYFXS/ZYFXS001/refs/heads/main/20c-youtube%40ZYFXS
2026-06-17 15:12:08,963 | INFO     |   → 760/1221 ❌ HTTP 404 — https://raw.githubusercontent.com/ZYFXS/ZYFXS001/refs/heads/main/20v-youtube%40ZYFXS
2026-06-17 15:12:08,963 | INFO     |   → 761/1221: ✅ 0 взято | 🗑️ 0 мусор
2026-06-17 15:12:08,963 | INFO     |   → 762/1221: ✅ 3 взято | 🗑️ 322 мусор
2026-06-17 15:12:08,963 | INFO     |   → 763/1221: ✅ 0 взято | 🗑️ 0 мусор
2026-06-17 15:12:08,963 | INFO     |   → 764/1221: ✅ 0 взято | 🗑️ 0 мусор
2026-06-17 15:12:08,963 | INFO     |   → 765/1221: ✅ 3 взято | 🗑️ 268 мусор
2026-06-17 15:12:08,963 | INFO     |   → 766/1221: ✅ 1 взято | 🗑️ 251 мусор
2026-06-17 15:12:08,963 | INFO     |   → 767/1221: ✅ 1 взято | 🗑️ 231 мусор
2026-06-17 15:12:08,963 | INFO     |   → 768/1221: ✅ 0 взято | 🗑️ 0 мусор
2026-06-17 15:12:08,963 | INFO     |   → 769/1221: ✅ 1 взято | 🗑️ 83 мусор
2026-06-17 15:12:08,963 | INFO     |   → 770/1221: ✅ 0 взято | 🗑️ 16 мусор
2026-06-17 15:12:08,963 | INFO     |   → 771/1221: ✅ 0 взято | 🗑️ 16 мусор
2026-06-17 15:12:08,963 | INFO     |   → 772/1221 ❌ HTTP 404 — https://raw.githubusercontent.com/aiboboxx/clashfree/main/clash.yml
2026-06-17 15:12:08,963 | INFO     |   → 773/1221 ❌ HTTP 404 — https://raw.githubusercontent.com/aiboboxx/v2rayfree/main/v2
2026-06-17 15:12:08,963 | INFO     |   → 774/1221 ❌ HTTP 404 — https://raw.githubusercontent.com/amirmohammad-mohammad-88/Sub-Reality-Azadi-config/Config/Azadi-Reality-Different
2026-06-17 15:12:08,963 | INFO     |   → 775/1221 ❌ HTTP 404 — https://raw.githubusercontent.com/amirmohammad-mohammad-88/Sub-Reality-Azadi-config/Config/Azadi-Reality-Different-Base64
2026-06-17 15:12:08,963 | INFO     |   → 776/1221: ✅ 1 взято | 🗑️ 17 мусор
2026-06-17 15:12:08,963 | INFO     |   → 777/1221: ✅ 0 взято | 🗑️ 0 мусор
2026-06-17 15:12:08,963 | INFO     |   → 778/1221: ✅ 4 взято | 🗑️ 114 мусор
2026-06-17 15:12:08,963 | INFO     |   → 779/1221: ✅ 23 взято | 🗑️ 65 мусор
2026-06-17 15:12:08,963 | INFO     |   → 780/1221 ❌ HTTP 404 — https://raw.githubusercontent.com/awesome-vpn/awesome-vpn/master/ss
2026-06-17 15:12:08,963 | INFO     |   → 781/1221 ❌ HTTP 404 — https://raw.githubusercontent.com/awesome-vpn/awesome-vpn/master/ssr
2026-06-17 15:12:08,963 | INFO     |   → 782/1221: ✅ 0 взято | 🗑️ 0 мусор
2026-06-17 15:12:08,963 | INFO     |   → 783/1221: ✅ 1 взято | 🗑️ 22 мусор
2026-06-17 15:12:08,963 | INFO     |   → 784/1221: ✅ 0 взято | 🗑️ 399 мусор
2026-06-17 15:12:08,963 | INFO     |   → 785/1221 ❌ HTTP 404 — https://raw.githubusercontent.com/barry-far/V2ray-Configs/ced94ddfff48276ec365b40227561f36b1b64bc8/Sub5.txt
2026-06-17 15:12:08,963 | INFO     |   → 786/1221 ❌ HTTP 404 — https://raw.githubusercontent.com/barry-far/V2ray-Configs/main/Splitted-By-Protocol/hysteria2.txt
2026-06-17 15:12:08,963 | INFO     |   → 787/1221 ❌ HTTP 404 — https://raw.githubusercontent.com/barry-far/V2ray-Configs/main/Splitted-By-Protocol/vless.txt
2026-06-17 15:12:08,963 | INFO     |   → 788/1221 ❌ HTTP 404 — https://raw.githubusercontent.com/barry-far/V2ray-Configs/main/Sub1.txt
2026-06-17 15:12:08,963 | INFO     |   → 789/1221 ❌ HTTP 404 — https://raw.githubusercontent.com/barry-far/V2ray-Configs/refs/heads/main/All_Configs_Sub.txt
2026-06-17 15:12:08,963 | INFO     |   → 790/1221: ✅ 0 взято | 🗑️ 0 мусор
2026-06-17 15:12:08,963 | INFO     |   → 791/1221 ❌ HTTP 404 — https://raw.githubusercontent.com/budamu/clashconfig/main/v2ray.txt
2026-06-17 15:12:08,963 | INFO     |   → 792/1221 ❌ HTTP 404 — https://raw.githubusercontent.com/budamu/clashconfig/main/v2ray2.txt
2026-06-17 15:12:08,963 | INFO     |   → 793/1221: ✅ 0 взято | 🗑️ 0 мусор
2026-06-17 15:12:08,963 | INFO     |   → 794/1221: ✅ 0 взято | 🗑️ 442 мусор
2026-06-17 15:12:08,963 | INFO     |   → 795/1221: ✅ 0 взято | 🗑️ 0 мусор
2026-06-17 15:12:08,963 | INFO     |   → 796/1221 ❌ HTTP 404 — https://raw.githubusercontent.com/chxxyz2004/zd/17fca23b73c46b5dd73e9be49b14d219b5e5f836/sub/2401/240110.txt
2026-06-17 15:12:08,963 | INFO     |   → 797/1221: ✅ 0 взято | 🗑️ 44 мусор
2026-06-17 15:12:08,963 | INFO     |   → 798/1221: ✅ 236 взято | 🗑️ 517 мусор
2026-06-17 15:12:08,963 | INFO     |   → 799/1221 ❌ HTTP 404 — https://raw.githubusercontent.com/cxr9912/cxr2022/main/free.yaml
2026-06-17 15:12:08,963 | INFO     |   → 800/1221 ❌ HTTP 404 — https://raw.githubusercontent.com/cxr9912/cxr2022/main/mix.yaml
2026-06-17 15:12:08,963 | INFO     |   → 801/1221 ❌ HTTP 404 — https://raw.githubusercontent.com/cxr9912/cxr2022/main/ss.yaml
2026-06-17 15:12:08,963 | INFO     |   → 802/1221 ❌ HTTP 404 — https://raw.githubusercontent.com/cxr9912/cxr2022/main/ssr.yaml
2026-06-17 15:12:08,963 | INFO     |   → 803/1221 ❌ HTTP 404 — https://raw.githubusercontent.com/cxr9912/cxr2022/main/vmess.yaml
2026-06-17 15:12:08,963 | INFO     |   → 804/1221 ❌ HTTP 404 — https://raw.githubusercontent.com/cxr9912/cxr2022/refs/heads/main/18cj.json
2026-06-17 15:12:08,963 | INFO     |   → 805/1221 ❌ HTTP 404 — https://raw.githubusercontent.com/cxr9912/cxr2022/refs/heads/main/aaaaaaaa.yaml
2026-06-17 15:12:08,964 | INFO     |   → 806/1221 ❌ HTTP 404 — https://raw.githubusercontent.com/cxr9912/cxr2022/refs/heads/main/free.yaml
2026-06-17 15:12:08,964 | INFO     |   → 807/1221 ❌ HTTP 404 — https://raw.githubusercontent.com/cxr9912/cxr2022/refs/heads/main/ss2088.txt
2026-06-17 15:12:08,964 | INFO     |   → 808/1221: ✅ 0 взято | 🗑️ 18 мусор
2026-06-17 15:12:08,964 | INFO     |   → 809/1221: ✅ 0 взято | 🗑️ 18 мусор
2026-06-17 15:12:08,964 | INFO     |   → 810/1221: ✅ 6 взято | 🗑️ 78 мусор
2026-06-17 15:12:08,964 | INFO     |   → 811/1221: ✅ 6 взято | 🗑️ 4 мусор
2026-06-17 15:12:08,964 | INFO     |   → 812/1221: ✅ 0 взято | 🗑️ 2 мусор
2026-06-17 15:12:08,964 | INFO     |   → 813/1221: ✅ 0 взято | 🗑️ 3 мусор
2026-06-17 15:12:08,964 | INFO     |   → 814/1221: ✅ 5 взято | 🗑️ 4 мусор
2026-06-17 15:12:08,964 | INFO     |   → 815/1221: ✅ 0 взято | 🗑️ 2 мусор
2026-06-17 15:12:08,964 | INFO     |   → 816/1221: ✅ 0 взято | 🗑️ 2 мусор
2026-06-17 15:12:08,964 | INFO     |   → 817/1221: ✅ 5 взято | 🗑️ 4 мусор
2026-06-17 15:12:08,964 | INFO     |   → 818/1221: ✅ 1 взято | 🗑️ 1 мусор
2026-06-17 15:12:08,964 | INFO     |   → 819/1221: ✅ 0 взято | 🗑️ 7 мусор
2026-06-17 15:12:08,964 | INFO     |   → 820/1221: ✅ 0 взято | 🗑️ 2 мусор
2026-06-17 15:12:08,964 | INFO     |   → 821/1221: ✅ 0 взято | 🗑️ 0 мусор
2026-06-17 15:12:08,964 | INFO     |   → 822/1221: ✅ 11083 взято | 🗑️ 202275 мусор
2026-06-17 15:12:08,964 | INFO     |   → 823/1221: ✅ 13 взято | 🗑️ 384 мусор
2026-06-17 15:12:08,964 | INFO     |   → 824/1221: ✅ 6 взято | 🗑️ 113 мусор
2026-06-17 15:12:08,964 | INFO     |   → 825/1221: ✅ 0 взято | 🗑️ 0 мусор
2026-06-17 15:12:08,964 | INFO     |   → 826/1221: ✅ 7 взято | 🗑️ 19 мусор
2026-06-17 15:12:08,964 | INFO     |   → 827/1221: ✅ 0 взято | 🗑️ 0 мусор
2026-06-17 15:12:08,964 | INFO     |   → 828/1221: ✅ 13 взято | 🗑️ 19 мусор
2026-06-17 15:12:08,964 | INFO     |   → 829/1221: ✅ 0 взято | 🗑️ 5 мусор
2026-06-17 15:12:08,964 | INFO     |   → 830/1221: ✅ 2 взято | 🗑️ 80 мусор
2026-06-17 15:12:08,964 | INFO     |   → 831/1221 ❌ HTTP 404 — https://raw.githubusercontent.com/free-nodes/v2rayfree/main/v2
2026-06-17 15:12:08,964 | INFO     |   → 832/1221 ❌ HTTP 404 — https://raw.githubusercontent.com/free-v2ray-config/trojan/main/trojan.txt
2026-06-17 15:12:08,964 | INFO     |   → 833/1221 ❌ HTTP 404 — https://raw.githubusercontent.com/free-v2ray-config/vless/main/vless.txt
2026-06-17 15:12:08,964 | INFO     |   → 834/1221 ❌ HTTP 404 — https://raw.githubusercontent.com/free-v2ray-config/vmess/main/vmess.txt
2026-06-17 15:12:08,964 | INFO     |   → 835/1221: ✅ 5 взято | 🗑️ 169 мусор
2026-06-17 15:12:08,964 | INFO     |   → 836/1221: ✅ 34 взято | 🗑️ 121 мусор
2026-06-17 15:12:08,964 | INFO     |   → 837/1221: ✅ 4 взято | 🗑️ 97 мусор
2026-06-17 15:12:08,964 | INFO     |   → 838/1221 ❌ HTTP 404 — https://raw.githubusercontent.com/free18/v2ray/main/Clash.yaml
2026-06-17 15:12:08,964 | INFO     |   → 839/1221: ✅ 0 взято | 🗑️ 0 мусор
2026-06-17 15:12:08,964 | INFO     |   → 840/1221: ✅ 0 взято | 🗑️ 15 мусор
2026-06-17 15:12:08,964 | INFO     |   → 841/1221: ✅ 0 взято | 🗑️ 0 мусор
2026-06-17 15:12:08,964 | INFO     |   → 842/1221: ✅ 0 взято | 🗑️ 8 мусор
2026-06-17 15:12:08,964 | INFO     |   → 843/1221: ✅ 0 взято | 🗑️ 8 мусор
2026-06-17 15:12:08,964 | INFO     |   → 844/1221: ✅ 0 взято | 🗑️ 8 мусор
2026-06-17 15:12:08,964 | INFO     |   → 845/1221: ✅ 0 взято | 🗑️ 8 мусор
2026-06-17 15:12:08,964 | INFO     |   → 846/1221 ❌ HTTP 404 — https://raw.githubusercontent.com/freev2rayconfig/V2RAY_SUB/3e6a7786a1601ee3723e8d043ae79e70dbdfd9a8/v2rayconfigs.txt
2026-06-17 15:12:08,964 | INFO     |   → 847/1221 ❌ HTTP 404 — https://raw.githubusercontent.com/freev2rayconfig/V2RAY_SUBSCRIPTION_LINK/main/v2rayconfigs.txt
2026-06-17 15:12:08,964 | INFO     |   → 848/1221 ❌ HTTP 404 — https://raw.githubusercontent.com/gfpcom/free-proxy-list/main/list/http.txt
2026-06-17 15:12:08,964 | INFO     |   → 849/1221 ❌ HTTP 404 — https://raw.githubusercontent.com/gfpcom/free-proxy-list/main/list/https.txt
2026-06-17 15:12:08,964 | INFO     |   → 850/1221 ❌ HTTP 404 — https://raw.githubusercontent.com/gfpcom/free-proxy-list/main/list/socks4.txt
2026-06-17 15:12:08,964 | INFO     |   → 851/1221 ❌ HTTP 404 — https://raw.githubusercontent.com/gfpcom/free-proxy-list/main/list/socks4a.txt
2026-06-17 15:12:08,964 | INFO     |   → 852/1221 ❌ HTTP 404 — https://raw.githubusercontent.com/gfpcom/free-proxy-list/main/list/socks5.txt
2026-06-17 15:12:08,964 | INFO     |   → 853/1221 ❌ HTTP 404 — https://raw.githubusercontent.com/gfpcom/free-proxy-list/main/list/socks5h.txt
2026-06-17 15:12:08,964 | INFO     |   → 854/1221 ❌ HTTP 404 — https://raw.githubusercontent.com/gfpcom/free-proxy-list/main/list/ss.txt
2026-06-17 15:12:08,964 | INFO     |   → 855/1221 ❌ HTTP 404 — https://raw.githubusercontent.com/gfpcom/free-proxy-list/main/list/ssr.txt
2026-06-17 15:12:08,965 | INFO     |   → 856/1221 ❌ HTTP 404 — https://raw.githubusercontent.com/gfpcom/free-proxy-list/main/list/trojan.txt
2026-06-17 15:12:08,965 | INFO     |   → 857/1221 ❌ HTTP 404 — https://raw.githubusercontent.com/gfpcom/free-proxy-list/main/list/vless.txt
2026-06-17 15:12:08,965 | INFO     |   → 858/1221 ❌ HTTP 404 — https://raw.githubusercontent.com/gfpcom/free-proxy-list/main/list/vmess.txt
2026-06-17 15:12:08,965 | INFO     |   → 859/1221: ✅ 0 взято | 🗑️ 17 мусор
2026-06-17 15:12:08,965 | INFO     |   → 860/1221: ✅ 0 взято | 🗑️ 0 мусор
2026-06-17 15:12:08,965 | INFO     |   → 861/1221: ✅ 4 взято | 🗑️ 63 мусор
2026-06-17 15:12:08,965 | INFO     |   → 862/1221 ❌ HTTP 404 — https://raw.githubusercontent.com/hameed-maleki/TVC/89a4522969c57dcc22458cae9898426e5c4f2679/lite/config.txt
2026-06-17 15:12:08,965 | INFO     |   → 863/1221: ✅ 5 взято | 🗑️ 132 мусор
2026-06-17 15:12:08,965 | INFO     |   → 864/1221: ✅ 0 взято | 🗑️ 56 мусор
2026-06-17 15:12:08,965 | INFO     |   → 865/1221 ❌ HTTP 404 — https://raw.githubusercontent.com/hkaa0/permalink/main/proxy/V2ray
2026-06-17 15:12:08,965 | INFO     |   → 866/1221 ❌ HTTP 404 — https://raw.githubusercontent.com/hkaa0/permalink/main/proxy/clash
2026-06-17 15:12:08,965 | INFO     |   → 867/1221 ❌ HTTP 404 — https://raw.githubusercontent.com/hkpc/Autoproxy/6cf946ddfc677a29062007e4b47d70674474baa7/sub/2401/240110.txt
2026-06-17 15:12:08,965 | INFO     |   → 868/1221 ❌ HTTP 404 — https://raw.githubusercontent.com/hkpc/V2ray-Configs/7d9aa0dabf947af180a7dd6302818ed37950531a/Sub1.txt
2026-06-17 15:12:08,965 | INFO     |   → 869/1221: ✅ 0 взято | 🗑️ 14 мусор
2026-06-17 15:12:08,965 | INFO     |   → 870/1221: ✅ 16 взято | 🗑️ 16 мусор
2026-06-17 15:12:08,965 | INFO     |   → 871/1221 ❌ HTTP 404 — https://raw.githubusercontent.com/iboxz/free-v2ray-collector/main/main
2026-06-17 15:12:08,965 | INFO     |   → 872/1221: ✅ 2 взято | 🗑️ 41 мусор
2026-06-17 15:12:08,965 | INFO     |   → 873/1221: ✅ 16 взято | 🗑️ 21 мусор
2026-06-17 15:12:08,965 | INFO     |   → 874/1221: ✅ 102 взято | 🗑️ 195 мусор
2026-06-17 15:12:08,965 | INFO     |   → 875/1221 ❌ HTTP 404 — https://raw.githubusercontent.com/igareck/vpn-configs-for-russia/refs/heads/main/Vless-Reality-White-Lists-Rus-Cable.txt
2026-06-17 15:12:08,965 | INFO     |   → 876/1221: ✅ 22 взято | 🗑️ 0 мусор
2026-06-17 15:12:08,965 | INFO     |   → 877/1221: ✅ 0 взято | 🗑️ 0 мусор
2026-06-17 15:12:08,965 | INFO     |   → 878/1221: ✅ 0 взято | 🗑️ 0 мусор
2026-06-17 15:12:08,965 | INFO     |   → 879/1221: ✅ 23 взято | 🗑️ 9 мусор
2026-06-17 15:12:08,965 | INFO     |   → 880/1221: ✅ 0 взято | 🗑️ 0 мусор
2026-06-17 15:12:08,965 | INFO     |   → 881/1221: ✅ 0 взято | 🗑️ 0 мусор
2026-06-17 15:12:08,965 | INFO     |   → 882/1221: ✅ 0 взято | 🗑️ 12 мусор
2026-06-17 15:12:08,965 | INFO     |   → 883/1221: ✅ 0 взято | 🗑️ 43 мусор
2026-06-17 15:12:08,965 | INFO     |   → 884/1221 ❌ HTTP 404 — https://raw.githubusercontent.com/jw853355718/clash_233/master/config.yml
2026-06-17 15:12:08,965 | INFO     |   → 885/1221: ✅ 0 взято | 🗑️ 210 мусор
2026-06-17 15:12:08,965 | INFO     |   → 886/1221: ✅ 0 взято | 🗑️ 0 мусор
2026-06-17 15:12:08,966 | INFO     |   → 887/1221: ✅ 0 взято | 🗑️ 0 мусор
2026-06-17 15:12:08,966 | INFO     |   → 888/1221 ❌ HTTP 404 — https://raw.githubusercontent.com/lcx12901/v2ray-/master/sspool.herokuapp.com/yzcloud.yaml
2026-06-17 15:12:08,966 | INFO     |   → 889/1221 ❌ HTTP 404 — https://raw.githubusercontent.com/lcx12901/v2ray-/master/sspool.herokuapp.com/yzcloud2.yaml
2026-06-17 15:12:08,966 | INFO     |   → 890/1221: ✅ 0 взято | 🗑️ 0 мусор
2026-06-17 15:12:08,966 | INFO     |   → 891/1221 ❌ HTTP 404 — https://raw.githubusercontent.com/learnhard-cn/free_proxy_ss/main/clash/config.yaml
2026-06-17 15:12:08,966 | INFO     |   → 892/1221: ✅ 0 взято | 🗑️ 8 мусор
2026-06-17 15:12:08,966 | INFO     |   → 893/1221: ✅ 0 взято | 🗑️ 4 мусор
2026-06-17 15:12:08,966 | INFO     |   → 894/1221: ✅ 0 взято | 🗑️ 0 мусор
2026-06-17 15:12:08,966 | INFO     |   → 895/1221: ✅ 0 взято | 🗑️ 4 мусор
2026-06-17 15:12:08,966 | INFO     |   → 896/1221: ✅ 0 взято | 🗑️ 149 мусор
2026-06-17 15:12:08,966 | INFO     |   → 897/1221: ✅ 0 взято | 🗑️ 421 мусор
2026-06-17 15:12:08,966 | INFO     |   → 898/1221 ❌ HTTP 404 — https://raw.githubusercontent.com/lisylva-lee/v2dyku/main/ssr
2026-06-17 15:12:08,966 | INFO     |   → 899/1221 ❌ HTTP 404 — https://raw.githubusercontent.com/lisylva-lee/v2dyku/main/v2dy
2026-06-17 15:12:08,966 | INFO     |   → 900/1221: ✅ 0 взято | 🗑️ 53 мусор
2026-06-17 15:12:08,966 | INFO     |   → 901/1221 ❌ HTTP 404 — https://raw.githubusercontent.com/luxl-1379/merge/77247d23def72b25226dfa741614e9b07a569c72/sub/sub_merge_base64.txt
2026-06-17 15:12:08,966 | INFO     |   → 902/1221: ✅ 146 взято | 🗑️ 343 мусор
2026-06-17 15:12:08,966 | INFO     |   → 903/1221: ✅ 0 взято | 🗑️ 123 мусор
2026-06-17 15:12:08,966 | INFO     |   → 904/1221: ✅ 615 взято | 🗑️ 3518 мусор
2026-06-17 15:12:08,966 | INFO     |   → 905/1221: ✅ 0 взято | 🗑️ 0 мусор
2026-06-17 15:12:08,966 | INFO     |   → 906/1221: ✅ 0 взято | 🗑️ 3518 мусор
2026-06-17 15:12:08,966 | INFO     |   → 907/1221: ✅ 59 взято | 🗑️ 331 мусор
2026-06-17 15:12:08,966 | INFO     |   → 908/1221 ❌ HTTP 404 — https://raw.githubusercontent.com/mermeroo/Clash-V2ray/main/v2ray
2026-06-17 15:12:08,966 | INFO     |   → 909/1221: ✅ 15 взято | 🗑️ 417 мусор
2026-06-17 15:12:08,966 | INFO     |   → 910/1221: ✅ 6 взято | 🗑️ 102 мусор
2026-06-17 15:12:08,966 | INFO     |   → 911/1221: ✅ 716 взято | 🗑️ 6258 мусор
2026-06-17 15:12:08,966 | INFO     |   → 912/1221: ✅ 8 взято | 🗑️ 853 мусор
2026-06-17 15:12:08,966 | INFO     |   → 913/1221: ✅ 32 взято | 🗑️ 69 мусор
2026-06-17 15:12:08,966 | INFO     |   → 914/1221 ❌ HTTP 404 — https://raw.githubusercontent.com/mermeroo/free-v2ray-collector/main/main/mix
2026-06-17 15:12:08,966 | INFO     |   → 915/1221 ❌ HTTP 404 — https://raw.githubusercontent.com/mermeroo/free-v2ray-collector/main/main/reality
2026-06-17 15:12:08,966 | INFO     |   → 916/1221 ❌ HTTP 404 — https://raw.githubusercontent.com/mermeroo/free-v2ray-collector/main/main/shadowsocks
2026-06-17 15:12:08,966 | INFO     |   → 917/1221 ❌ HTTP 404 — https://raw.githubusercontent.com/mermeroo/free-v2ray-collector/main/main/trojan
2026-06-17 15:12:08,967 | INFO     |   → 918/1221 ❌ HTTP 404 — https://raw.githubusercontent.com/mermeroo/free-v2ray-collector/main/main/vless
2026-06-17 15:12:08,967 | INFO     |   → 919/1221 ❌ HTTP 404 — https://raw.githubusercontent.com/mermeroo/free-v2ray-collector/main/main/vmess
2026-06-17 15:12:08,967 | INFO     |   → 920/1221 ❌ HTTP 404 — https://raw.githubusercontent.com/mfuu/v2ray/master/merge/merge.txt
2026-06-17 15:12:08,967 | INFO     |   → 921/1221: ✅ 0 взято | 🗑️ 234 мусор
2026-06-17 15:12:08,967 | INFO     |   → 922/1221: ✅ 0 взято | 🗑️ 234 мусор
2026-06-17 15:12:08,967 | INFO     |   → 923/1221: ✅ 556 взято | 🗑️ 13379 мусор
2026-06-17 15:12:08,967 | INFO     |   → 924/1221: ✅ 0 взято | 🗑️ 13379 мусор
2026-06-17 15:12:08,967 | INFO     |   → 925/1221: ✅ 0 взято | 🗑️ 2792 мусор
2026-06-17 15:12:08,967 | INFO     |   → 926/1221: ✅ 0 взято | 🗑️ 1710 мусор
2026-06-17 15:12:08,967 | INFO     |   → 927/1221: ✅ 0 взято | 🗑️ 4924 мусор
2026-06-17 15:12:08,967 | INFO     |   → 928/1221: ✅ 0 взято | 🗑️ 3953 мусор
2026-06-17 15:12:08,967 | INFO     |   → 929/1221 ❌ HTTP 404 — https://raw.githubusercontent.com/mianous/qiren/main/qiren.txt
2026-06-17 15:12:08,967 | INFO     |   → 930/1221 ❌ HTTP 404 — https://raw.githubusercontent.com/miladtahanian/V2RayCFGDumper/refs/heads/main/config.txt
2026-06-17 15:12:08,967 | INFO     |   → 931/1221 ❌ HTTP 404 — https://raw.githubusercontent.com/miladtahanian/multi-proxy-config-fetcher/refs/heads/main/configs/proxy_configs.txt
2026-06-17 15:12:08,967 | INFO     |   → 932/1221: ✅ 0 взято | 🗑️ 0 мусор
2026-06-17 15:12:08,967 | INFO     |   → 933/1221: ✅ 0 взято | 🗑️ 0 мусор
2026-06-17 15:12:08,967 | INFO     |   → 934/1221: ✅ 0 взято | 🗑️ 0 мусор
2026-06-17 15:12:08,967 | INFO     |   → 935/1221: ✅ 15 взято | 🗑️ 46 мусор
2026-06-17 15:12:08,967 | INFO     |   → 936/1221: ✅ 0 взято | 🗑️ 195 мусор
2026-06-17 15:12:08,967 | INFO     |   → 937/1221: ✅ 0 взято | 🗑️ 0 мусор
2026-06-17 15:12:08,967 | INFO     |   → 938/1221: ✅ 28 взято | 🗑️ 93 мусор
2026-06-17 15:12:08,967 | INFO     |   → 939/1221: ✅ 0 взято | 🗑️ 0 мусор
2026-06-17 15:12:08,967 | INFO     |   → 940/1221: ✅ 15 взято | 🗑️ 70 мусор
2026-06-17 15:12:08,967 | INFO     |   → 941/1221: ✅ 127 взято | 🗑️ 492 мусор
2026-06-17 15:12:08,967 | INFO     |   → 942/1221: ✅ 331 взято | 🗑️ 190 мусор
2026-06-17 15:12:08,967 | INFO     |   → 943/1221: ✅ 27 взято | 🗑️ 573 мусор
2026-06-17 15:12:08,967 | INFO     |   → 944/1221 ❌ HTTP 404 — https://raw.githubusercontent.com/obscure1990/freeVM/master/snippets/nodes.yml
2026-06-17 15:12:08,967 | INFO     |   → 945/1221 ❌ HTTP 404 — https://raw.githubusercontent.com/op30mmd/things/909b38024ba14d69dc0f95c238f63bc6e930a00f/eut.txt
2026-06-17 15:12:08,967 | INFO     |   → 946/1221 ❌ HTTP 404 — https://raw.githubusercontent.com/openRunner/clash-freenode/main/v2ray.txt
2026-06-17 15:12:08,967 | INFO     |   → 947/1221 ❌ HTTP 404 — https://raw.githubusercontent.com/oslook/clash-freenode/main/clash.yaml
2026-06-17 15:12:08,967 | INFO     |   → 948/1221: ✅ 0 взято | 🗑️ 0 мусор
2026-06-17 15:12:08,967 | INFO     |   → 949/1221: ✅ 4 взято | 🗑️ 1 мусор
2026-06-17 15:12:08,968 | INFO     |   → 950/1221: ✅ 0 взято | 🗑️ 0 мусор
2026-06-17 15:12:08,968 | INFO     |   → 951/1221: ✅ 0 взято | 🗑️ 75 мусор
2026-06-17 15:12:08,968 | INFO     |   → 952/1221: ✅ 0 взято | 🗑️ 0 мусор
2026-06-17 15:12:08,968 | INFO     |   → 953/1221: ✅ 0 взято | 🗑️ 0 мусор
2026-06-17 15:12:08,968 | INFO     |   → 954/1221: ✅ 0 взято | 🗑️ 19 мусор
2026-06-17 15:12:08,968 | INFO     |   → 955/1221: ✅ 0 взято | 🗑️ 44 мусор
2026-06-17 15:12:08,968 | INFO     |   → 956/1221: ✅ 63 взято | 🗑️ 521 мусор
2026-06-17 15:12:08,968 | INFO     |   → 957/1221: ✅ 165 взято | 🗑️ 273 мусор
2026-06-17 15:12:08,968 | INFO     |   → 958/1221: ✅ 0 взято | 🗑️ 0 мусор
2026-06-17 15:12:08,968 | INFO     |   → 959/1221: ✅ 28 взято | 🗑️ 211 мусор
2026-06-17 15:12:08,968 | INFO     |   → 960/1221: ✅ 0 взято | 🗑️ 79 мусор
2026-06-17 15:12:08,968 | INFO     |   → 961/1221: ✅ 13 взято | 🗑️ 32 мусор
2026-06-17 15:12:08,968 | INFO     |   → 962/1221: ✅ 0 взято | 🗑️ 0 мусор
2026-06-17 15:12:08,968 | INFO     |   → 963/1221: ✅ 2 взято | 🗑️ 9 мусор
2026-06-17 15:12:08,968 | INFO     |   → 964/1221: ✅ 11 взято | 🗑️ 76 мусор
2026-06-17 15:12:08,968 | INFO     |   → 965/1221: ✅ 0 взято | 🗑️ 168 мусор
2026-06-17 15:12:08,968 | INFO     |   → 966/1221: ✅ 0 взято | 🗑️ 79 мусор
2026-06-17 15:12:08,968 | INFO     |   → 967/1221: ✅ 0 взято | 🗑️ 14 мусор
2026-06-17 15:12:08,968 | INFO     |   → 968/1221 ❌ HTTP 404 — https://raw.githubusercontent.com/ronghuaxueleng/get_v2/main/pub/changfengoss.yaml
2026-06-17 15:12:08,968 | INFO     |   → 969/1221: ✅ 0 взято | 🗑️ 0 мусор
2026-06-17 15:12:08,968 | INFO     |   → 970/1221: ✅ 67 взято | 🗑️ 74 мусор
2026-06-17 15:12:08,968 | INFO     |   → 971/1221: ✅ 0 взято | 🗑️ 74 мусор
2026-06-17 15:12:08,968 | INFO     |   → 972/1221 ❌ HTTP 404 — https://raw.githubusercontent.com/rxsweet/CM_Vmess/refs/heads/main/test.txt
2026-06-17 15:12:08,968 | INFO     |   → 973/1221 ❌ HTTP 404 — https://raw.githubusercontent.com/rxsweet/proxies/main/sub/free.yaml
2026-06-17 15:12:08,968 | INFO     |   → 974/1221 ❌ HTTP 404 — https://raw.githubusercontent.com/rxsweet/proxies/main/sub/rx.yaml
2026-06-17 15:12:08,968 | INFO     |   → 975/1221 ❌ HTTP 404 — https://raw.githubusercontent.com/rxsweet/proxies/main/sub/sources/dynamicAll.yaml
2026-06-17 15:12:08,968 | INFO     |   → 976/1221 ❌ HTTP 404 — https://raw.githubusercontent.com/rxsweet/proxies/main/sub/sources/miningAll.yaml
2026-06-17 15:12:08,968 | INFO     |   → 977/1221 ❌ HTTP 404 — https://raw.githubusercontent.com/rxsweet/proxies/main/sub/srx.yaml
2026-06-17 15:12:08,968 | INFO     |   → 978/1221 ❌ HTTP 404 — https://raw.githubusercontent.com/sajad-sajadi/V2ray-Collector/raw/main/output/protocols/vmess.txt
2026-06-17 15:12:08,968 | INFO     |   → 979/1221 ❌ HTTP 404 — https://raw.githubusercontent.com/sakha1370/OpenRay/raw/refs/heads/main/output/all_valid_proxies.txt
2026-06-17 15:12:08,968 | INFO     |   → 980/1221: ✅ 53 взято | 🗑️ 399 мусор
2026-06-17 15:12:08,968 | INFO     |   → 981/1221: ✅ 0 взято | 🗑️ 399 мусор
2026-06-17 15:12:08,969 | INFO     |   → 982/1221 ❌ HTTP 404 — https://raw.githubusercontent.com/samjoeyang/subscribe/main/fly
2026-06-17 15:12:08,969 | INFO     |   → 983/1221: ✅ 0 взято | 🗑️ 0 мусор
2026-06-17 15:12:08,969 | INFO     |   → 984/1221 ❌ HTTP 404 — https://raw.githubusercontent.com/sarina-ad/v2ray/main/v2ray
2026-06-17 15:12:08,969 | INFO     |   → 985/1221 ❌ HTTP 404 — https://raw.githubusercontent.com/satrom/V2SSR/master/SSR/Sub.txt
2026-06-17 15:12:08,969 | INFO     |   → 986/1221 ❌ HTTP 404 — https://raw.githubusercontent.com/satrom/V2SSR/master/V2RAY/Sub.txt
2026-06-17 15:12:08,969 | INFO     |   → 987/1221: ✅ 9408 взято | 🗑️ 172545 мусор
2026-06-17 15:12:08,969 | INFO     |   → 988/1221: ✅ 0 взято | 🗑️ 0 мусор
2026-06-17 15:12:08,969 | INFO     |   → 989/1221: ✅ 0 взято | 🗑️ 0 мусор
2026-06-17 15:12:08,969 | INFO     |   → 990/1221: ✅ 3 взято | 🗑️ 49 мусор
2026-06-17 15:12:08,969 | INFO     |   → 991/1221: ✅ 400 взято | 🗑️ 2363 мусор
2026-06-17 15:12:08,969 | INFO     |   → 992/1221: ✅ 0 взято | 🗑️ 1165 мусор
2026-06-17 15:12:08,969 | INFO     |   → 993/1221: ✅ 0 взято | 🗑️ 133 мусор
2026-06-17 15:12:08,969 | INFO     |   → 994/1221: ✅ 0 взято | 🗑️ 1028 мусор
2026-06-17 15:12:08,969 | INFO     |   → 995/1221: ✅ 0 взято | 🗑️ 37 мусор
2026-06-17 15:12:08,969 | INFO     |   → 996/1221: ✅ 0 взято | 🗑️ 2363 мусор
2026-06-17 15:12:08,969 | INFO     |   → 997/1221: ✅ 0 взято | 🗑️ 0 мусор
2026-06-17 15:12:08,969 | INFO     |   → 998/1221 ❌ HTTP 404 — https://raw.githubusercontent.com/shirkerboy/scp/main/sub
2026-06-17 15:12:08,969 | INFO     |   → 999/1221 ❌ HTTP 404 — https://raw.githubusercontent.com/snakem982/proxypool/main/nodelist.txt
2026-06-17 15:12:08,969 | INFO     |   → 1000/1221: ✅ 0 взято | 🗑️ 1 мусор
2026-06-17 15:12:08,969 | INFO     |   → 1001/1221 ❌ HTTP 404 — https://raw.githubusercontent.com/snakem982/proxypool/main/source/v2ray.txt
2026-06-17 15:12:08,969 | INFO     |   → 1002/1221 ❌ HTTP 404 — https://raw.githubusercontent.com/soroushmirzaei/telegram-configs-collector/main/channels/protocols/hysteria
2026-06-17 15:12:08,969 | INFO     |   → 1003/1221 ❌ HTTP 404 — https://raw.githubusercontent.com/soroushmirzaei/telegram-configs-collector/main/channels/protocols/juicity
2026-06-17 15:12:08,969 | INFO     |   → 1004/1221 ❌ HTTP 404 — https://raw.githubusercontent.com/soroushmirzaei/telegram-configs-collector/main/channels/protocols/reality
2026-06-17 15:12:08,969 | INFO     |   → 1005/1221 ❌ HTTP 404 — https://raw.githubusercontent.com/soroushmirzaei/telegram-configs-collector/main/channels/protocols/shadowsocks
2026-06-17 15:12:08,969 | INFO     |   → 1006/1221 ❌ HTTP 404 — https://raw.githubusercontent.com/soroushmirzaei/telegram-configs-collector/main/channels/protocols/trojan
2026-06-17 15:12:08,969 | INFO     |   → 1007/1221 ❌ HTTP 404 — https://raw.githubusercontent.com/soroushmirzaei/telegram-configs-collector/main/channels/protocols/tuic
2026-06-17 15:12:08,969 | INFO     |   → 1008/1221 ❌ HTTP 404 — https://raw.githubusercontent.com/soroushmirzaei/telegram-configs-collector/main/channels/protocols/vless
2026-06-17 15:12:08,969 | INFO     |   → 1009/1221 ❌ HTTP 404 — https://raw.githubusercontent.com/soroushmirzaei/telegram-configs-collector/main/channels/protocols/vmess
2026-06-17 15:12:08,969 | INFO     |   → 1010/1221 ❌ HTTP 404 — https://raw.githubusercontent.com/soroushmirzaei/telegram-configs-collector/main/countries/jp/mixed
2026-06-17 15:12:08,969 | INFO     |   → 1011/1221 ❌ HTTP 404 — https://raw.githubusercontent.com/soroushmirzaei/telegram-configs-collector/main/protocols/hysteria
2026-06-17 15:12:08,969 | INFO     |   → 1012/1221 ❌ HTTP 404 — https://raw.githubusercontent.com/soroushmirzaei/telegram-configs-collector/main/protocols/juicity
2026-06-17 15:12:08,970 | INFO     |   → 1013/1221 ❌ HTTP 404 — https://raw.githubusercontent.com/soroushmirzaei/telegram-configs-collector/main/protocols/reality
2026-06-17 15:12:08,970 | INFO     |   → 1014/1221 ❌ HTTP 404 — https://raw.githubusercontent.com/soroushmirzaei/telegram-configs-collector/main/protocols/shadowsocks
2026-06-17 15:12:08,970 | INFO     |   → 1015/1221 ❌ HTTP 404 — https://raw.githubusercontent.com/soroushmirzaei/telegram-configs-collector/main/protocols/trojan
2026-06-17 15:12:08,970 | INFO     |   → 1016/1221 ❌ HTTP 404 — https://raw.githubusercontent.com/soroushmirzaei/telegram-configs-collector/main/protocols/tuic
2026-06-17 15:12:08,970 | INFO     |   → 1017/1221 ❌ HTTP 404 — https://raw.githubusercontent.com/soroushmirzaei/telegram-configs-collector/main/protocols/vless
2026-06-17 15:12:08,970 | INFO     |   → 1018/1221 ❌ HTTP 404 — https://raw.githubusercontent.com/soroushmirzaei/telegram-configs-collector/main/protocols/vmess
2026-06-17 15:12:08,970 | INFO     |   → 1019/1221 ❌ HTTP 404 — https://raw.githubusercontent.com/soroushmirzaei/telegram-configs-collector/main/splitted/subscribe
2026-06-17 15:12:08,970 | INFO     |   → 1020/1221 ❌ HTTP 404 — https://raw.githubusercontent.com/ssrsub/ssr/master/Clash.yml
2026-06-17 15:12:08,970 | INFO     |   → 1021/1221 ❌ HTTP 404 — https://raw.githubusercontent.com/ssrsub/ssr/master/V2Ray
2026-06-17 15:12:08,970 | INFO     |   → 1022/1221 ❌ HTTP 404 — https://raw.githubusercontent.com/ssrsub/ssr/master/ss-sub
2026-06-17 15:12:08,970 | INFO     |   → 1023/1221 ❌ HTTP 404 — https://raw.githubusercontent.com/ssrsub/ssr/master/ssrsub
2026-06-17 15:12:08,970 | INFO     |   → 1024/1221 ❌ HTTP 404 — https://raw.githubusercontent.com/ssrsub/ssr/master/trojan
2026-06-17 15:12:08,970 | INFO     |   → 1025/1221: ✅ 0 взято | 🗑️ 0 мусор
2026-06-17 15:12:08,970 | INFO     |   → 1026/1221: ✅ 2 взято | 🗑️ 12 мусор
2026-06-17 15:12:08,970 | INFO     |   → 1027/1221: ✅ 0 взято | 🗑️ 13 мусор
2026-06-17 15:12:08,970 | INFO     |   → 1028/1221: ✅ 0 взято | 🗑️ 13 мусор
2026-06-17 15:12:08,970 | INFO     |   → 1029/1221 ❌ HTTP 404 — https://raw.githubusercontent.com/tbbatbb/Proxy/master/dist/clash.config.yaml
2026-06-17 15:12:08,970 | INFO     |   → 1030/1221: ✅ 2 взято | 🗑️ 35 мусор
2026-06-17 15:12:08,970 | INFO     |   → 1031/1221: ✅ 0 взято | 🗑️ 0 мусор
2026-06-17 15:12:08,970 | INFO     |   → 1032/1221: ✅ 5 взято | 🗑️ 111 мусор
2026-06-17 15:12:08,970 | INFO     |   → 1033/1221: ✅ 0 взято | 🗑️ 0 мусор
2026-06-17 15:12:08,970 | INFO     |   → 1034/1221: ✅ 0 взято | 🗑️ 64 мусор
2026-06-17 15:12:08,970 | INFO     |   → 1035/1221 ❌ HTTP 404 — https://raw.githubusercontent.com/v2clash/Autoproxy/a81f840ab2364124133572ec94e4b81fb0d4e58d/sub/2401/240104.txt
2026-06-17 15:12:08,970 | INFO     |   → 1036/1221 ❌ HTTP 404 — https://raw.githubusercontent.com/v2clash/V2ray-Configs/31f493c584d0c7b56350f4a34d80c53ad82bcc18/Sub9.txt
2026-06-17 15:12:08,970 | INFO     |   → 1037/1221: ✅ 0 взято | 🗑️ 0 мусор
2026-06-17 15:12:08,970 | INFO     |   → 1038/1221: ✅ 0 взято | 🗑️ 0 мусор
2026-06-17 15:12:08,970 | INFO     |   → 1039/1221: ✅ 0 взято | 🗑️ 0 мусор
2026-06-17 15:12:08,970 | INFO     |   → 1040/1221: ✅ 283 взято | 🗑️ 9640 мусор
2026-06-17 15:12:08,971 | INFO     |   → 1041/1221: ✅ 281 взято | 🗑️ 10086 мусор
2026-06-17 15:12:08,971 | INFO     |   → 1042/1221: ✅ 280 взято | 🗑️ 9675 мусор
2026-06-17 15:12:08,971 | INFO     |   → 1043/1221: ✅ 334 взято | 🗑️ 9823 мусор
2026-06-17 15:12:08,971 | INFO     |   → 1044/1221: ✅ 350 взято | 🗑️ 9639 мусор
2026-06-17 15:12:08,971 | INFO     |   → 1045/1221: ✅ 125 взято | 🗑️ 7919 мусор
2026-06-17 15:12:08,971 | INFO     |   → 1046/1221: ✅ 135 взято | 🗑️ 4836 мусор
2026-06-17 15:12:08,971 | INFO     |   → 1047/1221: ✅ 502 взято | 🗑️ 7659 мусор
2026-06-17 15:12:08,971 | INFO     |   → 1048/1221: ✅ 631 взято | 🗑️ 8081 мусор
2026-06-17 15:12:08,971 | INFO     |   → 1049/1221: ✅ 202 взято | 🗑️ 5131 мусор
2026-06-17 15:12:08,971 | INFO     |   → 1050/1221 ❌ HTTP 404 — https://raw.githubusercontent.com/vveg26/chromego_merge/main/sub/merged_proxies.yaml
2026-06-17 15:12:08,971 | INFO     |   → 1051/1221 ❌ HTTP 404 — https://raw.githubusercontent.com/vveg26/get_proxy/main/dist/clash.config.yaml
2026-06-17 15:12:08,971 | INFO     |   → 1052/1221: ✅ 0 взято | 🗑️ 10 мусор
2026-06-17 15:12:08,971 | INFO     |   → 1053/1221: ✅ 0 взято | 🗑️ 10 мусор
2026-06-17 15:12:08,971 | INFO     |   → 1054/1221: ✅ 0 взято | 🗑️ 4 мусор
2026-06-17 15:12:08,971 | INFO     |   → 1055/1221: ✅ 0 взято | 🗑️ 0 мусор
2026-06-17 15:12:08,971 | INFO     |   → 1056/1221: ✅ 0 взято | 🗑️ 4 мусор
2026-06-17 15:12:08,971 | INFO     |   → 1057/1221: ✅ 106 взято | 🗑️ 689 мусор
2026-06-17 15:12:08,971 | INFO     |   → 1058/1221: ✅ 48 взято | 🗑️ 841 мусор
2026-06-17 15:12:08,971 | INFO     |   → 1059/1221: ✅ 21 взято | 🗑️ 789 мусор
2026-06-17 15:12:08,971 | INFO     |   → 1060/1221: ✅ 24 взято | 🗑️ 774 мусор
2026-06-17 15:12:08,971 | INFO     |   → 1061/1221: ✅ 52 взято | 🗑️ 756 мусор
2026-06-17 15:12:08,971 | INFO     |   → 1062/1221: ✅ 191 взято | 🗑️ 745 мусор
2026-06-17 15:12:08,971 | INFO     |   → 1063/1221: ✅ 9 взято | 🗑️ 651 мусор
2026-06-17 15:12:08,971 | INFO     |   → 1064/1221: ✅ 185 взято | 🗑️ 388 мусор
2026-06-17 15:12:08,971 | INFO     |   → 1065/1221: ✅ 130 взято | 🗑️ 523 мусор
2026-06-17 15:12:08,971 | INFO     |   → 1066/1221: ✅ 67 взято | 🗑️ 533 мусор
2026-06-17 15:12:08,971 | INFO     |   → 1067/1221: ✅ 98 взято | 🗑️ 444 мусор
2026-06-17 15:12:08,971 | INFO     |   → 1068/1221: ✅ 102 взято | 🗑️ 670 мусор
2026-06-17 15:12:08,971 | INFO     |   → 1069/1221: ✅ 86 взято | 🗑️ 476 мусор
2026-06-17 15:12:08,972 | INFO     |   → 1070/1221: ✅ 95 взято | 🗑️ 657 мусор
2026-06-17 15:12:08,972 | INFO     |   → 1071/1221: ✅ 105 взято | 🗑️ 645 мусор
2026-06-17 15:12:08,972 | INFO     |   → 1072/1221: ✅ 115 взято | 🗑️ 985 мусор
2026-06-17 15:12:08,972 | INFO     |   → 1073/1221: ✅ 6 взято | 🗑️ 63 мусор
2026-06-17 15:12:08,972 | INFO     |   → 1074/1221: ✅ 7 взято | 🗑️ 62 мусор
2026-06-17 15:12:08,972 | INFO     |   → 1075/1221: ✅ 39 взято | 🗑️ 489 мусор
2026-06-17 15:12:08,972 | INFO     |   → 1076/1221: ✅ 0 взято | 🗑️ 0 мусор
2026-06-17 15:12:08,972 | INFO     |   → 1077/1221: ✅ 0 взято | 🗑️ 0 мусор
2026-06-17 15:12:08,972 | INFO     |   → 1078/1221: ✅ 0 взято | 🗑️ 0 мусор
2026-06-17 15:12:08,972 | INFO     |   → 1079/1221: ✅ 0 взято | 🗑️ 0 мусор
2026-06-17 15:12:08,972 | INFO     |   → 1080/1221: ✅ 0 взято | 🗑️ 0 мусор
2026-06-17 15:12:08,972 | INFO     |   → 1081/1221: ✅ 0 взято | 🗑️ 52 мусор
2026-06-17 15:12:08,972 | INFO     |   → 1082/1221: ✅ 5 взято | 🗑️ 10 мусор
2026-06-17 15:12:08,972 | INFO     |   → 1083/1221: ✅ 1 взято | 🗑️ 124 мусор
2026-06-17 15:12:08,972 | INFO     |   → 1084/1221: ✅ 202 взято | 🗑️ 149 мусор
2026-06-17 15:12:08,972 | INFO     |   → 1085/1221: ✅ 0 взято | 🗑️ 9 мусор
2026-06-17 15:12:08,972 | INFO     |   → 1086/1221: ✅ 8 взято | 🗑️ 559 мусор
2026-06-17 15:12:08,972 | INFO     |   → 1087/1221 ❌ HTTP 404 — https://raw.githubusercontent.com/xiaozhu2007/xiaozhu2007/61a755a044dbaeea678bc2d1e20f21a21c6d7170/docs/fxxk.txt
2026-06-17 15:12:08,972 | INFO     |   → 1088/1221: ✅ 1 взято | 🗑️ 159 мусор
2026-06-17 15:12:08,972 | INFO     |   → 1089/1221: ✅ 0 взято | 🗑️ 22 мусор
2026-06-17 15:12:08,972 | INFO     |   → 1090/1221: ✅ 0 взято | 🗑️ 0 мусор
2026-06-17 15:12:08,972 | INFO     |   → 1091/1221 ❌ HTTP 404 — https://raw.githubusercontent.com/yebekhe/TVC/0f745f92bf381e505f1245abbc7c145b19b11503/config.txt
2026-06-17 15:12:08,972 | INFO     |   → 1092/1221 ❌ HTTP 404 — https://raw.githubusercontent.com/yebekhe/TVC/9fac69239c69327fb7a61f5a8d79d107133889e1/lite/config.txt
2026-06-17 15:12:08,972 | INFO     |   → 1093/1221 ❌ HTTP 404 — https://raw.githubusercontent.com/yebekhe/TelegramV2rayCollector/main/sub/normal/donated
2026-06-17 15:12:08,972 | INFO     |   → 1094/1221 ❌ HTTP 404 — https://raw.githubusercontent.com/yebekhe/TelegramV2rayCollector/main/sub/normal/hysteria2
2026-06-17 15:12:08,972 | INFO     |   → 1095/1221 ❌ HTTP 404 — https://raw.githubusercontent.com/yebekhe/TelegramV2rayCollector/main/sub/normal/mix
2026-06-17 15:12:08,972 | INFO     |   → 1096/1221 ❌ HTTP 404 — https://raw.githubusercontent.com/yebekhe/TelegramV2rayCollector/main/sub/normal/reality
2026-06-17 15:12:08,972 | INFO     |   → 1097/1221 ❌ HTTP 404 — https://raw.githubusercontent.com/yebekhe/TelegramV2rayCollector/main/sub/normal/shadowsocks
2026-06-17 15:12:08,972 | INFO     |   → 1098/1221 ❌ HTTP 404 — https://raw.githubusercontent.com/yebekhe/TelegramV2rayCollector/main/sub/normal/trojan
2026-06-17 15:12:08,973 | INFO     |   → 1099/1221 ❌ HTTP 404 — https://raw.githubusercontent.com/yebekhe/TelegramV2rayCollector/main/sub/normal/tuic
2026-06-17 15:12:08,973 | INFO     |   → 1100/1221 ❌ HTTP 404 — https://raw.githubusercontent.com/yebekhe/TelegramV2rayCollector/main/sub/normal/vless
2026-06-17 15:12:08,973 | INFO     |   → 1101/1221 ❌ HTTP 404 — https://raw.githubusercontent.com/yebekhe/TelegramV2rayCollector/main/sub/normal/vmess
2026-06-17 15:12:08,973 | INFO     |   → 1102/1221 ❌ HTTP 404 — https://raw.githubusercontent.com/yebekhe/V2Hub/main/Split/Normal/shadowsocks
2026-06-17 15:12:08,973 | INFO     |   → 1103/1221 ❌ HTTP 404 — https://raw.githubusercontent.com/yebekhe/V2Hub/main/merged
2026-06-17 15:12:08,973 | INFO     |   → 1104/1221: ✅ 0 взято | 🗑️ 30 мусор
2026-06-17 15:12:08,973 | INFO     |   → 1105/1221: ✅ 1218 взято | 🗑️ 10642 мусор
2026-06-17 15:12:08,973 | INFO     |   → 1106/1221: ✅ 14 взято | 🗑️ 639 мусор
2026-06-17 15:12:08,973 | INFO     |   → 1107/1221: ✅ 13 взято | 🗑️ 356 мусор
2026-06-17 15:12:08,973 | INFO     |   → 1108/1221: ✅ 218 взято | 🗑️ 370 мусор
2026-06-17 15:12:08,973 | INFO     |   → 1109/1221: ✅ 108 взято | 🗑️ 1961 мусор
2026-06-17 15:12:08,973 | INFO     |   → 1110/1221: ✅ 3 взято | 🗑️ 565 мусор
2026-06-17 15:12:08,973 | INFO     |   → 1111/1221 ❌ HTTP 404 — https://raw.githubusercontent.com/yyyr-otz/tele-providers-collector/019cb3e07ee52fddbc7caa54fc670c6b9bae6539/sub/proxies.txt
2026-06-17 15:12:08,973 | INFO     |   → 1112/1221 ❌ HTTP 404 — https://raw.githubusercontent.com/yyyr-otz/tele-providers-collector/b7a74ee98bcf02c5a507d688a1bed3aa9f7f4ed1/script/raw/protocols/mixed.txt
2026-06-17 15:12:08,973 | INFO     |   → 1113/1221: ✅ 0 взято | 🗑️ 0 мусор
2026-06-17 15:12:08,973 | INFO     |   → 1114/1221: ✅ 0 взято | 🗑️ 0 мусор
2026-06-17 15:12:08,973 | INFO     |   → 1115/1221: ✅ 1 взято | 🗑️ 18 мусор
2026-06-17 15:12:08,973 | INFO     |   → 1116/1221: ✅ 31 взято | 🗑️ 928 мусор
2026-06-17 15:12:08,973 | INFO     |   → 1117/1221: ✅ 0 взято | 🗑️ 5 мусор
2026-06-17 15:12:08,973 | INFO     |   → 1118/1221: ✅ 0 взято | 🗑️ 0 мусор
2026-06-17 15:12:08,973 | INFO     |   → 1119/1221 ⚠️ Ошибка: ('Connection aborted.', RemoteDisconnected('Remote end closed connection without response')) — https://sub.pmsub.me/clash.yaml
2026-06-17 15:12:08,973 | INFO     |   → 1120/1221: ✅ 0 взято | 🗑️ 1 мусор
2026-06-17 15:12:08,973 | INFO     |   → 1121/1221: ✅ 8 взято | 🗑️ 21 мусор
2026-06-17 15:12:08,973 | INFO     |   → 1122/1221: ✅ 0 взято | 🗑️ 0 мусор
2026-06-17 15:12:08,973 | INFO     |   → 1123/1221: ✅ 9 взято | 🗑️ 19 мусор
2026-06-17 15:12:08,973 | INFO     |   → 1124/1221: ✅ 0 взято | 🗑️ 0 мусор
2026-06-17 15:12:08,973 | INFO     |   → 1125/1221: ✅ 2 взято | 🗑️ 14 мусор
2026-06-17 15:12:08,973 | INFO     |   → 1126/1221: ✅ 4 взято | 🗑️ 22 мусор
2026-06-17 15:12:08,973 | INFO     |   → 1127/1221: ✅ 0 взято | 🗑️ 0 мусор
2026-06-17 15:12:08,974 | INFO     |   → 1128/1221: ✅ 0 взято | 🗑️ 0 мусор
2026-06-17 15:12:08,974 | INFO     |   → 1129/1221: ✅ 0 взято | 🗑️ 0 мусор
2026-06-17 15:12:08,974 | INFO     |   → 1130/1221: ✅ 2 взято | 🗑️ 16 мусор
2026-06-17 15:12:08,974 | INFO     |   → 1131/1221: ✅ 0 взято | 🗑️ 0 мусор
2026-06-17 15:12:08,974 | INFO     |   → 1132/1221: ✅ 4 взято | 🗑️ 7 мусор
2026-06-17 15:12:08,974 | INFO     |   → 1133/1221: ✅ 0 взято | 🗑️ 0 мусор
2026-06-17 15:12:08,974 | INFO     |   → 1134/1221: ✅ 6 взято | 🗑️ 14 мусор
2026-06-17 15:12:08,974 | INFO     |   → 1135/1221: ✅ 0 взято | 🗑️ 0 мусор
2026-06-17 15:12:08,974 | INFO     |   → 1136/1221: ✅ 2 взято | 🗑️ 13 мусор
2026-06-17 15:12:08,974 | INFO     |   → 1137/1221: ✅ 0 взято | 🗑️ 0 мусор
2026-06-17 15:12:08,974 | INFO     |   → 1138/1221: ✅ 0 взято | 🗑️ 0 мусор
2026-06-17 15:12:08,974 | INFO     |   → 1139/1221: ✅ 2 взято | 🗑️ 7 мусор
2026-06-17 15:12:08,974 | INFO     |   → 1140/1221: ✅ 1 взято | 🗑️ 14 мусор
2026-06-17 15:12:08,974 | INFO     |   → 1141/1221: ✅ 2 взято | 🗑️ 14 мусор
2026-06-17 15:12:08,974 | INFO     |   → 1142/1221: ✅ 0 взято | 🗑️ 0 мусор
2026-06-17 15:12:08,974 | INFO     |   → 1143/1221: ✅ 3 взято | 🗑️ 22 мусор
2026-06-17 15:12:08,974 | INFO     |   → 1144/1221: ✅ 0 взято | 🗑️ 0 мусор
2026-06-17 15:12:08,974 | INFO     |   → 1145/1221: ✅ 2 взято | 🗑️ 15 мусор
2026-06-17 15:12:08,974 | INFO     |   → 1146/1221: ✅ 3 взято | 🗑️ 12 мусор
2026-06-17 15:12:08,974 | INFO     |   → 1147/1221: ✅ 0 взято | 🗑️ 0 мусор
2026-06-17 15:12:08,974 | INFO     |   → 1148/1221: ✅ 0 взято | 🗑️ 0 мусор
2026-06-17 15:12:08,974 | INFO     |   → 1149/1221: ✅ 0 взято | 🗑️ 0 мусор
2026-06-17 15:12:08,974 | INFO     |   → 1150/1221: ✅ 4 взято | 🗑️ 11 мусор
2026-06-17 15:12:08,974 | INFO     |   → 1151/1221: ✅ 10 взято | 🗑️ 15 мусор
2026-06-17 15:12:08,974 | INFO     |   → 1152/1221: ✅ 0 взято | 🗑️ 0 мусор
2026-06-17 15:12:08,974 | INFO     |   → 1153/1221: ✅ 13 взято | 🗑️ 15 мусор
2026-06-17 15:12:08,974 | INFO     |   → 1154/1221: ✅ 0 взято | 🗑️ 0 мусор
2026-06-17 15:12:08,974 | INFO     |   → 1155/1221: ✅ 5 взято | 🗑️ 15 мусор
2026-06-17 15:12:08,975 | INFO     |   → 1156/1221: ✅ 0 взято | 🗑️ 0 мусор
2026-06-17 15:12:08,975 | INFO     |   → 1157/1221: ✅ 8 взято | 🗑️ 16 мусор
2026-06-17 15:12:08,975 | INFO     |   → 1158/1221: ✅ 0 взято | 🗑️ 0 мусор
2026-06-17 15:12:08,975 | INFO     |   → 1159/1221: ✅ 0 взято | 🗑️ 24 мусор
2026-06-17 15:12:08,975 | INFO     |   → 1160/1221: ✅ 0 взято | 🗑️ 0 мусор
2026-06-17 15:12:08,975 | INFO     |   → 1161/1221: ✅ 4 взято | 🗑️ 17 мусор
2026-06-17 15:12:08,975 | INFO     |   → 1162/1221: ✅ 0 взято | 🗑️ 0 мусор
2026-06-17 15:12:08,975 | INFO     |   → 1163/1221: ✅ 12 взято | 🗑️ 18 мусор
2026-06-17 15:12:08,975 | INFO     |   → 1164/1221: ✅ 0 взято | 🗑️ 0 мусор
2026-06-17 15:12:08,975 | INFO     |   → 1165/1221: ✅ 2 взято | 🗑️ 17 мусор
2026-06-17 15:12:08,975 | INFO     |   → 1166/1221: ✅ 0 взято | 🗑️ 0 мусор
2026-06-17 15:12:08,975 | INFO     |   → 1167/1221: ✅ 1 взято | 🗑️ 27 мусор
2026-06-17 15:12:08,975 | INFO     |   → 1168/1221: ✅ 0 взято | 🗑️ 0 мусор
2026-06-17 15:12:08,975 | INFO     |   → 1169/1221: ✅ 4 взято | 🗑️ 15 мусор
2026-06-17 15:12:08,975 | INFO     |   → 1170/1221: ✅ 0 взято | 🗑️ 0 мусор
2026-06-17 15:12:08,975 | INFO     |   → 1171/1221: ✅ 4 взято | 🗑️ 26 мусор
2026-06-17 15:12:08,975 | INFO     |   → 1172/1221: ✅ 0 взято | 🗑️ 0 мусор
2026-06-17 15:12:08,975 | INFO     |   → 1173/1221: ✅ 3 взято | 🗑️ 21 мусор
2026-06-17 15:12:08,975 | INFO     |   → 1174/1221: ✅ 0 взято | 🗑️ 0 мусор
2026-06-17 15:12:08,975 | INFO     |   → 1175/1221: ✅ 8 взято | 🗑️ 12 мусор
2026-06-17 15:12:08,975 | INFO     |   → 1176/1221: ✅ 0 взято | 🗑️ 0 мусор
2026-06-17 15:12:08,975 | INFO     |   → 1177/1221: ✅ 8 взято | 🗑️ 15 мусор
2026-06-17 15:12:08,975 | INFO     |   → 1178/1221: ✅ 0 взято | 🗑️ 0 мусор
2026-06-17 15:12:08,975 | INFO     |   → 1179/1221: ✅ 10 взято | 🗑️ 14 мусор
2026-06-17 15:12:08,975 | INFO     |   → 1180/1221: ✅ 0 взято | 🗑️ 0 мусор
2026-06-17 15:12:08,975 | INFO     |   → 1181/1221: ✅ 5 взято | 🗑️ 18 мусор
2026-06-17 15:12:08,975 | INFO     |   → 1182/1221: ✅ 0 взято | 🗑️ 0 мусор
2026-06-17 15:12:08,975 | INFO     |   → 1183/1221: ✅ 5 взято | 🗑️ 22 мусор
2026-06-17 15:12:08,975 | INFO     |   → 1184/1221: ✅ 0 взято | 🗑️ 0 мусор
2026-06-17 15:12:08,976 | INFO     |   → 1185/1221: ✅ 5 взято | 🗑️ 18 мусор
2026-06-17 15:12:08,976 | INFO     |   → 1186/1221: ✅ 0 взято | 🗑️ 0 мусор
2026-06-17 15:12:08,976 | INFO     |   → 1187/1221: ✅ 1 взято | 🗑️ 23 мусор
2026-06-17 15:12:08,976 | INFO     |   → 1188/1221: ✅ 0 взято | 🗑️ 0 мусор
2026-06-17 15:12:08,976 | INFO     |   → 1189/1221: ✅ 5 взято | 🗑️ 18 мусор
2026-06-17 15:12:08,976 | INFO     |   → 1190/1221: ✅ 0 взято | 🗑️ 0 мусор
2026-06-17 15:12:08,976 | INFO     |   → 1191/1221: ✅ 17 взято | 🗑️ 7 мусор
2026-06-17 15:12:08,976 | INFO     |   → 1192/1221: ✅ 0 взято | 🗑️ 0 мусор
2026-06-17 15:12:08,976 | INFO     |   → 1193/1221: ✅ 3 взято | 🗑️ 17 мусор
2026-06-17 15:12:08,976 | INFO     |   → 1194/1221: ✅ 0 взято | 🗑️ 0 мусор
2026-06-17 15:12:08,976 | INFO     |   → 1195/1221: ✅ 7 взято | 🗑️ 14 мусор
2026-06-17 15:12:08,976 | INFO     |   → 1196/1221: ✅ 0 взято | 🗑️ 0 мусор
2026-06-17 15:12:08,976 | INFO     |   → 1197/1221: ✅ 7 взято | 🗑️ 14 мусор
2026-06-17 15:12:08,976 | INFO     |   → 1198/1221: ✅ 0 взято | 🗑️ 0 мусор
2026-06-17 15:12:08,976 | INFO     |   → 1199/1221: ✅ 8 взято | 🗑️ 11 мусор
2026-06-17 15:12:08,976 | INFO     |   → 1200/1221: ✅ 0 взято | 🗑️ 0 мусор
2026-06-17 15:12:08,976 | INFO     |   → 1201/1221: ✅ 0 взято | 🗑️ 22 мусор
2026-06-17 15:12:08,976 | INFO     |   → 1202/1221: ✅ 0 взято | 🗑️ 0 мусор
2026-06-17 15:12:08,976 | INFO     |   → 1203/1221: ✅ 3 взято | 🗑️ 12 мусор
2026-06-17 15:12:08,976 | INFO     |   → 1204/1221: ✅ 0 взято | 🗑️ 0 мусор
2026-06-17 15:12:08,976 | INFO     |   → 1205/1221: ✅ 0 взято | 🗑️ 7 мусор
2026-06-17 15:12:08,976 | INFO     |   → 1206/1221: ✅ 0 взято | 🗑️ 0 мусор
2026-06-17 15:12:08,976 | INFO     |   → 1207/1221: ✅ 2 взято | 🗑️ 8 мусор
2026-06-17 15:12:08,976 | INFO     |   → 1208/1221: ✅ 0 взято | 🗑️ 0 мусор
2026-06-17 15:12:08,976 | INFO     |   → 1209/1221: ✅ 5 взято | 🗑️ 12 мусор
2026-06-17 15:12:08,976 | INFO     |   → 1210/1221: ✅ 0 взято | 🗑️ 0 мусор
2026-06-17 15:12:08,976 | INFO     |   → 1211/1221: ✅ 2 взято | 🗑️ 12 мусор
2026-06-17 15:12:08,976 | INFO     |   → 1212/1221: ✅ 0 взято | 🗑️ 0 мусор
2026-06-17 15:12:08,976 | INFO     |   → 1213/1221: ✅ 8 взято | 🗑️ 12 мусор
2026-06-17 15:12:08,977 | INFO     |   → 1214/1221: ✅ 0 взято | 🗑️ 0 мусор
2026-06-17 15:12:08,977 | INFO     |   → 1215/1221: ✅ 0 взято | 🗑️ 10 мусор
2026-06-17 15:12:08,977 | INFO     |   → 1216/1221: ✅ 0 взято | 🗑️ 0 мусор
2026-06-17 15:12:08,977 | INFO     |   → 1217/1221: ✅ 6 взято | 🗑️ 14 мусор
2026-06-17 15:12:08,977 | INFO     |   → 1218/1221: ✅ 0 взято | 🗑️ 0 мусор
2026-06-17 15:12:08,977 | INFO     |   → 1219/1221: ✅ 0 взято | 🗑️ 19 мусор
2026-06-17 15:12:08,977 | INFO     |   → 1220/1221: ✅ 0 взято | 🗑️ 0 мусор
2026-06-17 15:12:08,977 | INFO     |   → 1221/1221: ✅ 0 взято | 🗑️ 1 мусор
2026-06-17 15:12:08,977 | INFO     |   → ✅ ГОТОВО!
2026-06-17 15:12:08,977 | INFO     |   →    📥 Всего ключей после фильтра: 45408
2026-06-17 15:12:08,977 | INFO     |   →    🔗 Уникальных IP:PORT:SCHEME: 13005
2026-06-17 15:12:08,977 | INFO     |   →    🗑️ Выброшено мусора: 758265
2026-06-17 15:12:08,977 | INFO     |   → 📊 По протоколам:
2026-06-17 15:12:08,977 | INFO     |   →    vless: 5656
2026-06-17 15:12:08,977 | INFO     |   →    vmess: 3501
2026-06-17 15:12:08,977 | INFO     |   →    trojan: 1634
2026-06-17 15:12:08,977 | INFO     |   →    ss: 2048
2026-06-17 15:12:08,977 | INFO     |   →    hysteria: 13
2026-06-17 15:12:08,977 | INFO     |   →    hysteria2: 34
2026-06-17 15:12:08,977 | INFO     |   →    hy2: 66
2026-06-17 15:12:08,977 | INFO     |   →    tuic: 53
2026-06-17 15:12:08,977 | INFO     | ✅ mirror.py завершён успешно
2026-06-17 15:12:08,977 | INFO     | 
2026-06-17 15:12:08,977 | INFO     | 
2026-06-17 15:12:08,977 | INFO     | ──────────────────────────────────────────────────────────────────────
2026-06-17 15:12:08,977 | INFO     | 📌 ЭТАП: Фильтрация по реальному SNI
2026-06-17 15:12:08,977 | INFO     | ──────────────────────────────────────────────────────────────────────
2026-06-17 15:12:08,977 | INFO     | 🚀 Запуск filter_ru_sni.py (Фильтр по реальному SNI (CDN+RU))...
2026-06-17 15:12:09,275 | INFO     |   → hy2.txt: 66 → 20 (SNI-filtered)
2026-06-17 15:12:09,275 | INFO     |   →   hysteria.txt: 13 → 0 (SNI-filtered)
2026-06-17 15:12:09,275 | INFO     |   →   hysteria2.txt: 34 → 7 (SNI-filtered)
2026-06-17 15:12:09,276 | INFO     |   →   ss.txt: 2048 → 2 (SNI-filtered)
2026-06-17 15:12:09,276 | INFO     |   →   trojan.txt: 1634 → 10 (SNI-filtered)
2026-06-17 15:12:09,276 | INFO     |   →   tuic.txt: 53 → 0 (SNI-filtered)
2026-06-17 15:12:09,276 | INFO     |   →   vless.txt: 5656 → 926 (SNI-filtered)
2026-06-17 15:12:09,276 | INFO     |   →   vmess.txt: 3501 → 38 (SNI-filtered)
2026-06-17 15:12:09,276 | INFO     |   → ==================================================
2026-06-17 15:12:09,276 | INFO     |   →   Всего входных:  13005
2026-06-17 15:12:09,276 | INFO     |   →   Прошли фильтр:  1003
2026-06-17 15:12:09,276 | INFO     |   →   Отброшено:      12002
2026-06-17 15:12:09,276 | INFO     |   → ==================================================
2026-06-17 15:12:09,276 | INFO     |   → Готово → /home/runner/work/vpn-vless-configs-russia/vpn-vless-configs-russia/githubmirror/ru-sni
2026-06-17 15:12:09,276 | INFO     | ✅ filter_ru_sni.py завершён успешно
2026-06-17 15:12:09,276 | INFO     | 
2026-06-17 15:12:09,276 | INFO     | 
2026-06-17 15:12:09,276 | INFO     | ──────────────────────────────────────────────────────────────────────
2026-06-17 15:12:09,276 | INFO     | 📌 ЭТАП: Экспериментальный RU-SNI фильтр
2026-06-17 15:12:09,276 | INFO     | ──────────────────────────────────────────────────────────────────────
2026-06-17 15:12:09,276 | INFO     | 🚀 Запуск filter_ru_sni_local.py (Экспериментальный фильтр по RU-SNI (локальные домены))...
2026-06-17 15:12:09,477 | INFO     |   → hy2.txt: 66 → 0 (RU-SNI)
2026-06-17 15:12:09,477 | INFO     |   → hysteria.txt: 13 → 0 (RU-SNI)
2026-06-17 15:12:09,477 | INFO     |   → hysteria2.txt: 34 → 0 (RU-SNI)
2026-06-17 15:12:09,477 | INFO     |   → ss.txt: 2048 → 0 (RU-SNI)
2026-06-17 15:12:09,477 | INFO     |   → trojan.txt: 1634 → 0 (RU-SNI)
2026-06-17 15:12:09,478 | INFO     |   → tuic.txt: 53 → 0 (RU-SNI)
2026-06-17 15:12:09,478 | INFO     |   → vless.txt: 5656 → 197 (RU-SNI)
2026-06-17 15:12:09,478 | INFO     |   → vmess.txt: 3501 → 0 (RU-SNI)
2026-06-17 15:12:09,478 | INFO     |   → ==================================================
2026-06-17 15:12:09,478 | INFO     |   → Всего входных:  13005
2026-06-17 15:12:09,478 | INFO     |   → Прошли RU-SNI:  197
2026-06-17 15:12:09,478 | INFO     |   → Отброшено:      12808
2026-06-17 15:12:09,478 | INFO     |   → ==================================================
2026-06-17 15:12:09,478 | INFO     |   → Готово → /home/runner/work/vpn-vless-configs-russia/vpn-vless-configs-russia/githubmirror/ru-sni-local
2026-06-17 15:12:09,478 | INFO     | ✅ filter_ru_sni_local.py завершён успешно
2026-06-17 15:12:09,478 | INFO     | 
2026-06-17 15:12:09,478 | INFO     | 
2026-06-17 15:12:09,478 | INFO     | ──────────────────────────────────────────────────────────────────────
2026-06-17 15:12:09,478 | INFO     | 📌 ЭТАП: Сбор статистики
2026-06-17 15:12:09,478 | INFO     | ──────────────────────────────────────────────────────────────────────
2026-06-17 15:12:09,478 | INFO     | 📊 Сбор статистики...
2026-06-17 15:12:09,478 | INFO     |   📁 githubmirror/clean:
2026-06-17 15:12:09,479 | INFO     |     • hy2         :    66 конфигов
2026-06-17 15:12:09,479 | INFO     |     • hysteria    :    13 конфигов
2026-06-17 15:12:09,479 | INFO     |     • hysteria2   :    34 конфигов
2026-06-17 15:12:09,480 | INFO     |     • ss          :  2048 конфигов
2026-06-17 15:12:09,482 | INFO     |     • trojan      :  1634 конфигов
2026-06-17 15:12:09,482 | INFO     |     • tuic        :    53 конфигов
2026-06-17 15:12:09,489 | INFO     |     • vless       :  5656 конфигов
2026-06-17 15:12:09,491 | INFO     |     • vmess       :  3501 конфигов
2026-06-17 15:12:09,491 | INFO     |   📁 githubmirror/ru-sni:
2026-06-17 15:12:09,492 | INFO     |     • hy2         :    20 конфигов ( 30.3% от clean)
2026-06-17 15:12:09,492 | INFO     |     • hysteria    :     0 конфигов (  0.0% от clean)
2026-06-17 15:12:09,492 | INFO     |     • hysteria2   :     7 конфигов ( 20.6% от clean)
2026-06-17 15:12:09,492 | INFO     |     • ss          :     2 конфигов (  0.1% от clean)
2026-06-17 15:12:09,492 | INFO     |     • trojan      :    10 конфигов (  0.6% от clean)
2026-06-17 15:12:09,492 | INFO     |     • tuic        :     0 конфигов (  0.0% от clean)
2026-06-17 15:12:09,493 | INFO     |     • vless       :   926 конфигов ( 16.4% от clean)
2026-06-17 15:12:09,494 | INFO     |     • vmess       :    38 конфигов (  1.1% от clean)
2026-06-17 15:12:09,494 | INFO     | 
2026-06-17 15:12:09,494 | INFO     |   ──────────────────────────────────────────────────
2026-06-17 15:12:09,494 | INFO     |   📈 ИТОГО:
2026-06-17 15:12:09,494 | INFO     |     Clean (после geo-фильтра):    13005
2026-06-17 15:12:09,494 | INFO     |     RU-SNI (после SNI-фильтра):    1003
2026-06-17 15:12:09,494 | INFO     |     Прошло фильтр:                  7.7%
2026-06-17 15:12:09,494 | INFO     |   ──────────────────────────────────────────────────
2026-06-17 15:12:09,494 | INFO     | ✅ Статистика сохранена: /home/runner/work/vpn-vless-configs-russia/vpn-vless-configs-russia/stats.json
2026-06-17 15:12:09,494 | INFO     | 
2026-06-17 15:12:09,494 | INFO     | ======================================================================
2026-06-17 15:12:09,494 | INFO     | 📊 ИТОГОВЫЙ ОТЧЁТ
2026-06-17 15:12:09,494 | INFO     | ======================================================================
2026-06-17 15:12:09,495 | INFO     |   ✅ OK         | Загрузка и geo-фильтрация
2026-06-17 15:12:09,495 | INFO     |   ✅ OK         | Фильтрация по реальному SNI
2026-06-17 15:12:09,495 | INFO     |   ✅ OK         | Экспериментальный RU-SNI фильтр
2026-06-17 15:12:09,495 | INFO     |   ✅ OK         | Сбор статистики
2026-06-17 15:12:09,495 | INFO     | ──────────────────────────────────────────────────────────────────────
2026-06-17 15:12:09,495 | INFO     | ✅ ВСЕ ЭТАПЫ УСПЕШНЫ (4/4)
2026-06-17 15:12:09,495 | INFO     | ⏰ Время завершения: 2026-06-17 15:12:09
2026-06-17 15:12:09,495 | INFO     | ======================================================================
