2026-05-26 14:56:13,461 | INFO     | ======================================================================
2026-05-26 14:56:13,462 | INFO     | 🔍 VPN KEY CHECKER - Начало проверки
2026-05-26 14:56:13,462 | INFO     | ⏰ Время старта: 2026-05-26 14:56:13
2026-05-26 14:56:13,462 | INFO     | 📂 Рабочая директория: /home/runner/work/vpn-vless-configs-russia/vpn-vless-configs-russia
2026-05-26 14:56:13,462 | INFO     | ======================================================================
2026-05-26 14:56:13,462 | INFO     | 
2026-05-26 14:56:13,462 | INFO     | 🔍 Проверка наличия скриптов...
2026-05-26 14:56:13,462 | INFO     |   ✅ mirror.py
2026-05-26 14:56:13,462 | INFO     |   ✅ filter_ru_sni.py
2026-05-26 14:56:13,462 | INFO     |   ✅ filter_ru_sni_local.py
2026-05-26 14:56:13,462 | INFO     | 
2026-05-26 14:56:13,462 | INFO     | 
2026-05-26 14:56:13,462 | INFO     | ──────────────────────────────────────────────────────────────────────
2026-05-26 14:56:13,462 | INFO     | 📌 ЭТАП: Загрузка и geo-фильтрация
2026-05-26 14:56:13,462 | INFO     | ──────────────────────────────────────────────────────────────────────
2026-05-26 14:56:13,462 | INFO     | 🚀 Запуск mirror.py (Загрузка и фильтрация по РФ/СНГ/Европа)...
2026-05-26 14:59:17,517 | INFO     |   → 🚀 Старт: всего источников (старые + новые): 1011
2026-05-26 14:59:17,517 | INFO     |   → 1/1011: ✅ 13 взято | 🗑️ 242 мусор
2026-05-26 14:59:17,517 | INFO     |   → 2/1011: ✅ 0 взято | 🗑️ 0 мусор
2026-05-26 14:59:17,517 | INFO     |   → 3/1011 ❌ HTTP 404 — https://bitbucket.org/huwo1/proxy_nodes/raw/f31ca9ec67b84071515729ff45b011b6b09c10f2/clash.yaml
2026-05-26 14:59:17,517 | INFO     |   → 4/1011 ❌ HTTP 404 — https://cdn.jsdelivr.net/gh/cry0ice/genode@main/public/all.txt
2026-05-26 14:59:17,517 | INFO     |   → 5/1011 ❌ HTTP 404 — https://cdn.jsdelivr.net/gh/cry0ice/genode@main/public/ss.txt
2026-05-26 14:59:17,517 | INFO     |   → 6/1011 ❌ HTTP 404 — https://cdn.jsdelivr.net/gh/cry0ice/genode@main/public/ssr.txt
2026-05-26 14:59:17,517 | INFO     |   → 7/1011 ❌ HTTP 404 — https://cdn.jsdelivr.net/gh/cry0ice/genode@main/public/trojan.txt
2026-05-26 14:59:17,517 | INFO     |   → 8/1011 ❌ HTTP 404 — https://cdn.jsdelivr.net/gh/cry0ice/genode@main/public/vless.txt
2026-05-26 14:59:17,517 | INFO     |   → 9/1011 ❌ HTTP 404 — https://cdn.jsdelivr.net/gh/cry0ice/genode@main/public/vmess.txt
2026-05-26 14:59:17,517 | INFO     |   → 10/1011: ✅ 0 взято | 🗑️ 0 мусор
2026-05-26 14:59:17,517 | INFO     |   → 11/1011: ✅ 0 взято | 🗑️ 0 мусор
2026-05-26 14:59:17,517 | INFO     |   → 12/1011: ✅ 0 взято | 🗑️ 0 мусор
2026-05-26 14:59:17,517 | INFO     |   → 13/1011: ✅ 0 взято | 🗑️ 0 мусор
2026-05-26 14:59:17,517 | INFO     |   → 14/1011: ✅ 0 взято | 🗑️ 0 мусор
2026-05-26 14:59:17,517 | INFO     |   → 15/1011: ✅ 0 взято | 🗑️ 0 мусор
2026-05-26 14:59:17,517 | INFO     |   → 16/1011: ✅ 0 взято | 🗑️ 0 мусор
2026-05-26 14:59:17,517 | INFO     |   → 17/1011: ✅ 0 взято | 🗑️ 0 мусор
2026-05-26 14:59:17,517 | INFO     |   → 18/1011: ✅ 0 взято | 🗑️ 0 мусор
2026-05-26 14:59:17,517 | INFO     |   → 19/1011: ✅ 0 взято | 🗑️ 0 мусор
2026-05-26 14:59:17,517 | INFO     |   → 20/1011: ✅ 0 взято | 🗑️ 0 мусор
2026-05-26 14:59:17,517 | INFO     |   → 21/1011: ✅ 0 взято | 🗑️ 0 мусор
2026-05-26 14:59:17,517 | INFO     |   → 22/1011: ✅ 0 взято | 🗑️ 0 мусор
2026-05-26 14:59:17,517 | INFO     |   → 23/1011: ✅ 0 взято | 🗑️ 0 мусор
2026-05-26 14:59:17,517 | INFO     |   → 24/1011: ✅ 0 взято | 🗑️ 0 мусор
2026-05-26 14:59:17,518 | INFO     |   → 25/1011: ✅ 0 взято | 🗑️ 0 мусор
2026-05-26 14:59:17,518 | INFO     |   → 26/1011: ✅ 0 взято | 🗑️ 0 мусор
2026-05-26 14:59:17,518 | INFO     |   → 27/1011: ✅ 0 взято | 🗑️ 0 мусор
2026-05-26 14:59:17,518 | INFO     |   → 28/1011: ✅ 0 взято | 🗑️ 0 мусор
2026-05-26 14:59:17,518 | INFO     |   → 29/1011: ✅ 0 взято | 🗑️ 0 мусор
2026-05-26 14:59:17,518 | INFO     |   → 30/1011: ✅ 0 взято | 🗑️ 0 мусор
2026-05-26 14:59:17,518 | INFO     |   → 31/1011: ✅ 0 взято | 🗑️ 0 мусор
2026-05-26 14:59:17,518 | INFO     |   → 32/1011: ✅ 0 взято | 🗑️ 0 мусор
2026-05-26 14:59:17,518 | INFO     |   → 33/1011: ✅ 0 взято | 🗑️ 0 мусор
2026-05-26 14:59:17,518 | INFO     |   → 34/1011: ✅ 0 взято | 🗑️ 0 мусор
2026-05-26 14:59:17,518 | INFO     |   → 35/1011: ✅ 0 взято | 🗑️ 0 мусор
2026-05-26 14:59:17,518 | INFO     |   → 36/1011: ✅ 0 взято | 🗑️ 0 мусор
2026-05-26 14:59:17,518 | INFO     |   → 37/1011: ✅ 0 взято | 🗑️ 0 мусор
2026-05-26 14:59:17,518 | INFO     |   → 38/1011: ✅ 0 взято | 🗑️ 0 мусор
2026-05-26 14:59:17,518 | INFO     |   → 39/1011: ✅ 0 взято | 🗑️ 0 мусор
2026-05-26 14:59:17,518 | INFO     |   → 40/1011: ✅ 0 взято | 🗑️ 0 мусор
2026-05-26 14:59:17,518 | INFO     |   → 41/1011: ✅ 0 взято | 🗑️ 0 мусор
2026-05-26 14:59:17,518 | INFO     |   → 42/1011: ✅ 0 взято | 🗑️ 0 мусор
2026-05-26 14:59:17,518 | INFO     |   → 43/1011: ✅ 0 взято | 🗑️ 0 мусор
2026-05-26 14:59:17,518 | INFO     |   → 44/1011: ✅ 0 взято | 🗑️ 0 мусор
2026-05-26 14:59:17,518 | INFO     |   → 45/1011: ✅ 0 взято | 🗑️ 0 мусор
2026-05-26 14:59:17,518 | INFO     |   → 46/1011: ✅ 0 взято | 🗑️ 0 мусор
2026-05-26 14:59:17,518 | INFO     |   → 47/1011: ✅ 0 взято | 🗑️ 0 мусор
2026-05-26 14:59:17,518 | INFO     |   → 48/1011: ✅ 0 взято | 🗑️ 0 мусор
2026-05-26 14:59:17,518 | INFO     |   → 49/1011: ✅ 0 взято | 🗑️ 0 мусор
2026-05-26 14:59:17,518 | INFO     |   → 50/1011: ✅ 0 взято | 🗑️ 0 мусор
2026-05-26 14:59:17,518 | INFO     |   → 51/1011: ✅ 0 взято | 🗑️ 0 мусор
2026-05-26 14:59:17,518 | INFO     |   → 52/1011: ✅ 0 взято | 🗑️ 0 мусор
2026-05-26 14:59:17,518 | INFO     |   → 53/1011: ✅ 0 взято | 🗑️ 0 мусор
2026-05-26 14:59:17,518 | INFO     |   → 54/1011: ✅ 0 взято | 🗑️ 0 мусор
2026-05-26 14:59:17,518 | INFO     |   → 55/1011: ✅ 0 взято | 🗑️ 0 мусор
2026-05-26 14:59:17,518 | INFO     |   → 56/1011: ✅ 0 взято | 🗑️ 0 мусор
2026-05-26 14:59:17,518 | INFO     |   → 57/1011: ✅ 0 взято | 🗑️ 0 мусор
2026-05-26 14:59:17,518 | INFO     |   → 58/1011: ✅ 0 взято | 🗑️ 0 мусор
2026-05-26 14:59:17,518 | INFO     |   → 59/1011: ✅ 0 взято | 🗑️ 0 мусор
2026-05-26 14:59:17,518 | INFO     |   → 60/1011: ✅ 0 взято | 🗑️ 0 мусор
2026-05-26 14:59:17,518 | INFO     |   → 61/1011: ✅ 0 взято | 🗑️ 0 мусор
2026-05-26 14:59:17,518 | INFO     |   → 62/1011: ✅ 0 взято | 🗑️ 0 мусор
2026-05-26 14:59:17,518 | INFO     |   → 63/1011: ✅ 0 взято | 🗑️ 0 мусор
2026-05-26 14:59:17,518 | INFO     |   → 64/1011: ✅ 0 взято | 🗑️ 0 мусор
2026-05-26 14:59:17,518 | INFO     |   → 65/1011: ✅ 0 взято | 🗑️ 0 мусор
2026-05-26 14:59:17,519 | INFO     |   → 66/1011: ✅ 0 взято | 🗑️ 0 мусор
2026-05-26 14:59:17,519 | INFO     |   → 67/1011: ✅ 0 взято | 🗑️ 0 мусор
2026-05-26 14:59:17,519 | INFO     |   → 68/1011: ✅ 0 взято | 🗑️ 0 мусор
2026-05-26 14:59:17,519 | INFO     |   → 69/1011: ✅ 0 взято | 🗑️ 0 мусор
2026-05-26 14:59:17,519 | INFO     |   → 70/1011: ✅ 0 взято | 🗑️ 0 мусор
2026-05-26 14:59:17,519 | INFO     |   → 71/1011: ✅ 0 взято | 🗑️ 0 мусор
2026-05-26 14:59:17,519 | INFO     |   → 72/1011: ✅ 0 взято | 🗑️ 0 мусор
2026-05-26 14:59:17,519 | INFO     |   → 73/1011: ✅ 0 взято | 🗑️ 0 мусор
2026-05-26 14:59:17,519 | INFO     |   → 74/1011: ✅ 0 взято | 🗑️ 0 мусор
2026-05-26 14:59:17,519 | INFO     |   → 75/1011: ✅ 0 взято | 🗑️ 0 мусор
2026-05-26 14:59:17,519 | INFO     |   → 76/1011: ✅ 0 взято | 🗑️ 0 мусор
2026-05-26 14:59:17,519 | INFO     |   → 77/1011: ✅ 0 взято | 🗑️ 0 мусор
2026-05-26 14:59:17,519 | INFO     |   → 78/1011: ✅ 0 взято | 🗑️ 0 мусор
2026-05-26 14:59:17,519 | INFO     |   → 79/1011: ✅ 0 взято | 🗑️ 0 мусор
2026-05-26 14:59:17,519 | INFO     |   → 80/1011: ✅ 0 взято | 🗑️ 0 мусор
2026-05-26 14:59:17,519 | INFO     |   → 81/1011: ✅ 0 взято | 🗑️ 0 мусор
2026-05-26 14:59:17,519 | INFO     |   → 82/1011: ✅ 0 взято | 🗑️ 0 мусор
2026-05-26 14:59:17,519 | INFO     |   → 83/1011: ✅ 0 взято | 🗑️ 0 мусор
2026-05-26 14:59:17,519 | INFO     |   → 84/1011: ✅ 0 взято | 🗑️ 0 мусор
2026-05-26 14:59:17,519 | INFO     |   → 85/1011: ✅ 0 взято | 🗑️ 0 мусор
2026-05-26 14:59:17,519 | INFO     |   → 86/1011: ✅ 0 взято | 🗑️ 0 мусор
2026-05-26 14:59:17,519 | INFO     |   → 87/1011: ✅ 0 взято | 🗑️ 0 мусор
2026-05-26 14:59:17,519 | INFO     |   → 88/1011: ✅ 0 взято | 🗑️ 0 мусор
2026-05-26 14:59:17,519 | INFO     |   → 89/1011: ✅ 0 взято | 🗑️ 0 мусор
2026-05-26 14:59:17,519 | INFO     |   → 90/1011: ✅ 0 взято | 🗑️ 0 мусор
2026-05-26 14:59:17,519 | INFO     |   → 91/1011: ✅ 0 взято | 🗑️ 0 мусор
2026-05-26 14:59:17,519 | INFO     |   → 92/1011: ✅ 0 взято | 🗑️ 0 мусор
2026-05-26 14:59:17,519 | INFO     |   → 93/1011: ✅ 0 взято | 🗑️ 0 мусор
2026-05-26 14:59:17,519 | INFO     |   → 94/1011: ✅ 0 взято | 🗑️ 0 мусор
2026-05-26 14:59:17,519 | INFO     |   → 95/1011: ✅ 0 взято | 🗑️ 0 мусор
2026-05-26 14:59:17,519 | INFO     |   → 96/1011: ✅ 0 взято | 🗑️ 0 мусор
2026-05-26 14:59:17,519 | INFO     |   → 97/1011: ✅ 0 взято | 🗑️ 0 мусор
2026-05-26 14:59:17,519 | INFO     |   → 98/1011: ✅ 0 взято | 🗑️ 0 мусор
2026-05-26 14:59:17,519 | INFO     |   → 99/1011: ✅ 0 взято | 🗑️ 0 мусор
2026-05-26 14:59:17,519 | INFO     |   → 100/1011: ✅ 0 взято | 🗑️ 0 мусор
2026-05-26 14:59:17,519 | INFO     |   → 101/1011: ✅ 0 взято | 🗑️ 0 мусор
2026-05-26 14:59:17,519 | INFO     |   → 102/1011 ❌ HTTP 404 — https://freessrnode.github.io/uploads/2024/08/0-20240822.txt
2026-05-26 14:59:17,519 | INFO     |   → 103/1011 ❌ HTTP 404 — https://freessrnode.github.io/uploads/2024/08/1-20240822.txt
2026-05-26 14:59:17,519 | INFO     |   → 104/1011 ❌ HTTP 404 — https://freessrnode.github.io/uploads/2024/08/2-20240822.txt
2026-05-26 14:59:17,519 | INFO     |   → 105/1011 ❌ HTTP 404 — https://freessrnode.github.io/uploads/2024/08/3-20240822.txt
2026-05-26 14:59:17,519 | INFO     |   → 106/1011 ❌ HTTP 404 — https://freessrnode.github.io/uploads/2024/08/4-20240822.txt
2026-05-26 14:59:17,520 | INFO     |   → 107/1011 ⚠️ Ошибка: HTTPSConnectionPool(host='freevpnspy.githubrowcontent.com', port=443): Max retries exceeded with url: /2024/08/20240802_novless.yaml (Caused by NameResolutionError("HTTPSConnection(host='freevpnspy.githubrowcontent.com', port=443): Failed to resolve 'freevpnspy.githubrowcontent.com' ([Errno -2] Name or service not known)")) — https://freevpnspy.githubrowcontent.com/2024/08/20240802_novless.yaml
2026-05-26 14:59:17,520 | INFO     |   → 108/1011 ⚠️ Ошибка: HTTPSConnectionPool(host='freevpnspy.githubrowcontent.com', port=443): Max retries exceeded with url: /2024/08/20240802_vless.yaml (Caused by NameResolutionError("HTTPSConnection(host='freevpnspy.githubrowcontent.com', port=443): Failed to resolve 'freevpnspy.githubrowcontent.com' ([Errno -2] Name or service not known)")) — https://freevpnspy.githubrowcontent.com/2024/08/20240802_vless.yaml
2026-05-26 14:59:17,520 | INFO     |   → 109/1011: ✅ 0 взято | 🗑️ 0 мусор
2026-05-26 14:59:17,520 | INFO     |   → 110/1011: ✅ 14 взято | 🗑️ 292 мусор
2026-05-26 14:59:17,520 | INFO     |   → 111/1011: ✅ 14 взято | 🗑️ 218 мусор
2026-05-26 14:59:17,520 | INFO     |   → 112/1011: ✅ 0 взято | 🗑️ 0 мусор
2026-05-26 14:59:17,520 | INFO     |   → 113/1011: ✅ 0 взято | 🗑️ 0 мусор
2026-05-26 14:59:17,520 | INFO     |   → 114/1011: ✅ 0 взято | 🗑️ 0 мусор
2026-05-26 14:59:17,520 | INFO     |   → 115/1011: ✅ 0 взято | 🗑️ 0 мусор
2026-05-26 14:59:17,520 | INFO     |   → 116/1011: ✅ 5 взято | 🗑️ 211 мусор
2026-05-26 14:59:17,520 | INFO     |   → 117/1011: ✅ 0 взято | 🗑️ 0 мусор
2026-05-26 14:59:17,520 | INFO     |   → 118/1011: ✅ 1 взято | 🗑️ 226 мусор
2026-05-26 14:59:17,520 | INFO     |   → 119/1011: ✅ 0 взято | 🗑️ 0 мусор
2026-05-26 14:59:17,520 | INFO     |   → 120/1011: ✅ 0 взято | 🗑️ 300 мусор
2026-05-26 14:59:17,520 | INFO     |   → 121/1011: ✅ 0 взято | 🗑️ 193 мусор
2026-05-26 14:59:17,520 | INFO     |   → 122/1011: ✅ 0 взято | 🗑️ 0 мусор
2026-05-26 14:59:17,520 | INFO     |   → 123/1011: ✅ 0 взято | 🗑️ 296 мусор
2026-05-26 14:59:17,520 | INFO     |   → 124/1011: ✅ 3 взято | 🗑️ 268 мусор
2026-05-26 14:59:17,520 | INFO     |   → 125/1011: ✅ 1 взято | 🗑️ 248 мусор
2026-05-26 14:59:17,520 | INFO     |   → 126/1011: ✅ 0 взято | 🗑️ 0 мусор
2026-05-26 14:59:17,520 | INFO     |   → 127/1011: ✅ 0 взято | 🗑️ 198 мусор
2026-05-26 14:59:17,520 | INFO     |   → 128/1011: ✅ 0 взято | 🗑️ 0 мусор
2026-05-26 14:59:17,520 | INFO     |   → 129/1011 ❌ HTTP 404 — https://github.com/Epodonios/bulk-xray-v2ray-vless-vmess-...-configs/raw/main/sub/Albania/config.txt
2026-05-26 14:59:17,520 | INFO     |   → 130/1011 ❌ HTTP 404 — https://github.com/Epodonios/bulk-xray-v2ray-vless-vmess-...-configs/raw/main/sub/Cura%C3%A7ao/config.txt
2026-05-26 14:59:17,520 | INFO     |   → 131/1011 ❌ HTTP 404 — https://github.com/Epodonios/bulk-xray-v2ray-vless-vmess-...-configs/raw/main/sub/Finland/config.txt
2026-05-26 14:59:17,520 | INFO     |   → 132/1011 ❌ HTTP 404 — https://github.com/Epodonios/bulk-xray-v2ray-vless-vmess-...-configs/raw/main/sub/Iran/config.txt
2026-05-26 14:59:17,520 | INFO     |   → 133/1011 ❌ HTTP 404 — https://github.com/Epodonios/bulk-xray-v2ray-vless-vmess-...-configs/raw/main/sub/Netherlands/config.txt
2026-05-26 14:59:17,520 | INFO     |   → 134/1011 ❌ HTTP 404 — https://github.com/Epodonios/bulk-xray-v2ray-vless-vmess-...-configs/raw/main/sub/Norway/config.txt
2026-05-26 14:59:17,520 | INFO     |   → 135/1011 ❌ HTTP 404 — https://github.com/Epodonios/bulk-xray-v2ray-vless-vmess-...-configs/raw/main/sub/Russia/config.txt
2026-05-26 14:59:17,520 | INFO     |   → 136/1011: ✅ 13 взято | 🗑️ 70 мусор
2026-05-26 14:59:17,520 | INFO     |   → 137/1011: ✅ 0 взято | 🗑️ 4 мусор
2026-05-26 14:59:17,520 | INFO     |   → 138/1011: ✅ 0 взято | 🗑️ 7 мусор
2026-05-26 14:59:17,520 | INFO     |   → 139/1011: ✅ 0 взято | 🗑️ 51 мусор
2026-05-26 14:59:17,520 | INFO     |   → 140/1011: ✅ 0 взято | 🗑️ 8 мусор
2026-05-26 14:59:17,520 | INFO     |   → 141/1011: ✅ 0 взято | 🗑️ 0 мусор
2026-05-26 14:59:17,520 | INFO     |   → 142/1011: ✅ 17 взято | 🗑️ 119 мусор
2026-05-26 14:59:17,520 | INFO     |   → 143/1011 ❌ HTTP 404 — https://github.com/MrMohebi/xray-proxy-grabber-telegram/raw/master/collected-proxies/clash-meta/all.yaml
2026-05-26 14:59:17,520 | INFO     |   → 144/1011 ❌ HTTP 404 — https://github.com/MrMohebi/xray-proxy-grabber-telegram/raw/master/collected-proxies/row-url/all.txt
2026-05-26 14:59:17,520 | INFO     |   → 145/1011: ✅ 0 взято | 🗑️ 0 мусор
2026-05-26 14:59:17,521 | INFO     |   → 146/1011: ✅ 0 взято | 🗑️ 113 мусор
2026-05-26 14:59:17,521 | INFO     |   → 147/1011: ✅ 0 взято | 🗑️ 119 мусор
2026-05-26 14:59:17,521 | INFO     |   → 148/1011 ❌ HTTP 404 — https://github.com/abbasdvd3/abbasdvd10/73ec60de7a6c6aa6df4c14b511c1da60686891ca/ppo.txt
2026-05-26 14:59:17,521 | INFO     |   → 149/1011 ❌ HTTP 404 — https://github.com/acymz/AutoVPN/refs/heads/main/data/V2.txt
2026-05-26 14:59:17,521 | INFO     |   → 150/1011: ✅ 0 взято | 🗑️ 0 мусор
2026-05-26 14:59:17,521 | INFO     |   → 151/1011: ✅ 0 взято | 🗑️ 0 мусор
2026-05-26 14:59:17,521 | INFO     |   → 152/1011: ✅ 0 взято | 🗑️ 0 мусор
2026-05-26 14:59:17,521 | INFO     |   → 153/1011: ✅ 0 взято | 🗑️ 0 мусор
2026-05-26 14:59:17,521 | INFO     |   → 154/1011: ✅ 0 взято | 🗑️ 0 мусор
2026-05-26 14:59:17,521 | INFO     |   → 155/1011: ✅ 0 взято | 🗑️ 0 мусор
2026-05-26 14:59:17,521 | INFO     |   → 156/1011: ✅ 0 взято | 🗑️ 0 мусор
2026-05-26 14:59:17,521 | INFO     |   → 157/1011 ❌ HTTP 404 — https://github.com/mermeroo/V2RAY-FREE/raw/main/All_Configs_base64_Sub.txt
2026-05-26 14:59:17,521 | INFO     |   → 158/1011 ❌ HTTP 404 — https://github.com/mermeroo/V2RAY-FREE/raw/main/Base64/Sub1_base64.txt
2026-05-26 14:59:17,521 | INFO     |   → 159/1011 ❌ HTTP 404 — https://github.com/mermeroo/V2RAY-FREE/raw/main/Base64/Sub2_base64.txt
2026-05-26 14:59:17,521 | INFO     |   → 160/1011 ❌ HTTP 404 — https://github.com/mermeroo/V2RAY-FREE/raw/main/Base64/Sub3_base64.txt
2026-05-26 14:59:17,521 | INFO     |   → 161/1011 ❌ HTTP 404 — https://github.com/mermeroo/V2RAY-FREE/raw/main/Base64/Sub4_base64.txt
2026-05-26 14:59:17,521 | INFO     |   → 162/1011 ❌ HTTP 404 — https://github.com/mermeroo/V2RAY-FREE/raw/main/Base64/Sub5_base64.txt
2026-05-26 14:59:17,521 | INFO     |   → 163/1011 ❌ HTTP 404 — https://github.com/mermeroo/telegram-configs-collector/raw/main/protocols/hysteria
2026-05-26 14:59:17,521 | INFO     |   → 164/1011 ❌ HTTP 404 — https://github.com/mermeroo/telegram-configs-collector/raw/main/protocols/juicity
2026-05-26 14:59:17,521 | INFO     |   → 165/1011 ❌ HTTP 404 — https://github.com/mermeroo/telegram-configs-collector/raw/main/protocols/tuic
2026-05-26 14:59:17,521 | INFO     |   → 166/1011: ✅ 5 взято | 🗑️ 16 мусор
2026-05-26 14:59:17,521 | INFO     |   → 167/1011: ✅ 0 взято | 🗑️ 0 мусор
2026-05-26 14:59:17,521 | INFO     |   → 168/1011: ✅ 0 взято | 🗑️ 0 мусор
2026-05-26 14:59:17,521 | INFO     |   → 169/1011: ✅ 0 взято | 🗑️ 0 мусор
2026-05-26 14:59:17,521 | INFO     |   → 170/1011: ✅ 3 взято | 🗑️ 238 мусор
2026-05-26 14:59:17,521 | INFO     |   → 171/1011: ✅ 0 взято | 🗑️ 0 мусор
2026-05-26 14:59:17,521 | INFO     |   → 172/1011: ✅ 3 взято | 🗑️ 239 мусор
2026-05-26 14:59:17,521 | INFO     |   → 173/1011: ✅ 0 взято | 🗑️ 0 мусор
2026-05-26 14:59:17,521 | INFO     |   → 174/1011: ✅ 0 взято | 🗑️ 255 мусор
2026-05-26 14:59:17,521 | INFO     |   → 175/1011: ✅ 0 взято | 🗑️ 0 мусор
2026-05-26 14:59:17,521 | INFO     |   → 176/1011: ✅ 1 взято | 🗑️ 249 мусор
2026-05-26 14:59:17,521 | INFO     |   → 177/1011: ✅ 0 взято | 🗑️ 0 мусор
2026-05-26 14:59:17,521 | INFO     |   → 178/1011: ✅ 0 взято | 🗑️ 207 мусор
2026-05-26 14:59:17,521 | INFO     |   → 179/1011: ✅ 0 взято | 🗑️ 0 мусор
2026-05-26 14:59:17,521 | INFO     |   → 180/1011: ✅ 0 взято | 🗑️ 228 мусор
2026-05-26 14:59:17,521 | INFO     |   → 181/1011: ✅ 0 взято | 🗑️ 0 мусор
2026-05-26 14:59:17,521 | INFO     |   → 182/1011: ✅ 1 взято | 🗑️ 291 мусор
2026-05-26 14:59:17,521 | INFO     |   → 183/1011: ✅ 0 взято | 🗑️ 0 мусор
2026-05-26 14:59:17,521 | INFO     |   → 184/1011: ✅ 3 взято | 🗑️ 221 мусор
2026-05-26 14:59:17,521 | INFO     |   → 185/1011: ✅ 0 взято | 🗑️ 0 мусор
2026-05-26 14:59:17,522 | INFO     |   → 186/1011: ✅ 1 взято | 🗑️ 222 мусор
2026-05-26 14:59:17,522 | INFO     |   → 187/1011: ✅ 0 взято | 🗑️ 0 мусор
2026-05-26 14:59:17,522 | INFO     |   → 188/1011: ✅ 1 взято | 🗑️ 218 мусор
2026-05-26 14:59:17,522 | INFO     |   → 189/1011: ✅ 0 взято | 🗑️ 0 мусор
2026-05-26 14:59:17,522 | INFO     |   → 190/1011: ✅ 0 взято | 🗑️ 193 мусор
2026-05-26 14:59:17,522 | INFO     |   → 191/1011: ✅ 0 взято | 🗑️ 0 мусор
2026-05-26 14:59:17,522 | INFO     |   → 192/1011: ✅ 0 взято | 🗑️ 290 мусор
2026-05-26 14:59:17,522 | INFO     |   → 193/1011: ✅ 0 взято | 🗑️ 0 мусор
2026-05-26 14:59:17,522 | INFO     |   → 194/1011: ✅ 0 взято | 🗑️ 238 мусор
2026-05-26 14:59:17,522 | INFO     |   → 195/1011: ✅ 0 взято | 🗑️ 0 мусор
2026-05-26 14:59:17,522 | INFO     |   → 196/1011: ✅ 0 взято | 🗑️ 221 мусор
2026-05-26 14:59:17,522 | INFO     |   → 197/1011: ✅ 0 взято | 🗑️ 0 мусор
2026-05-26 14:59:17,522 | INFO     |   → 198/1011: ✅ 0 взято | 🗑️ 248 мусор
2026-05-26 14:59:17,522 | INFO     |   → 199/1011: ✅ 0 взято | 🗑️ 0 мусор
2026-05-26 14:59:17,522 | INFO     |   → 200/1011: ✅ 0 взято | 🗑️ 203 мусор
2026-05-26 14:59:17,522 | INFO     |   → 201/1011: ✅ 0 взято | 🗑️ 0 мусор
2026-05-26 14:59:17,522 | INFO     |   → 202/1011: ✅ 0 взято | 🗑️ 208 мусор
2026-05-26 14:59:17,522 | INFO     |   → 203/1011: ✅ 0 взято | 🗑️ 0 мусор
2026-05-26 14:59:17,522 | INFO     |   → 204/1011: ✅ 2 взято | 🗑️ 209 мусор
2026-05-26 14:59:17,522 | INFO     |   → 205/1011: ✅ 0 взято | 🗑️ 0 мусор
2026-05-26 14:59:17,522 | INFO     |   → 206/1011: ✅ 0 взято | 🗑️ 258 мусор
2026-05-26 14:59:17,522 | INFO     |   → 207/1011: ✅ 0 взято | 🗑️ 0 мусор
2026-05-26 14:59:17,522 | INFO     |   → 208/1011: ✅ 0 взято | 🗑️ 296 мусор
2026-05-26 14:59:17,522 | INFO     |   → 209/1011: ✅ 0 взято | 🗑️ 0 мусор
2026-05-26 14:59:17,522 | INFO     |   → 210/1011: ✅ 1 взято | 🗑️ 286 мусор
2026-05-26 14:59:17,522 | INFO     |   → 211/1011: ✅ 0 взято | 🗑️ 0 мусор
2026-05-26 14:59:17,522 | INFO     |   → 212/1011: ✅ 0 взято | 🗑️ 195 мусор
2026-05-26 14:59:17,522 | INFO     |   → 213/1011: ✅ 0 взято | 🗑️ 0 мусор
2026-05-26 14:59:17,522 | INFO     |   → 214/1011: ✅ 0 взято | 🗑️ 170 мусор
2026-05-26 14:59:17,522 | INFO     |   → 215/1011: ✅ 0 взято | 🗑️ 0 мусор
2026-05-26 14:59:17,522 | INFO     |   → 216/1011: ✅ 0 взято | 🗑️ 160 мусор
2026-05-26 14:59:17,522 | INFO     |   → 217/1011: ✅ 0 взято | 🗑️ 0 мусор
2026-05-26 14:59:17,522 | INFO     |   → 218/1011: ✅ 0 взято | 🗑️ 121 мусор
2026-05-26 14:59:17,522 | INFO     |   → 219/1011: ✅ 0 взято | 🗑️ 0 мусор
2026-05-26 14:59:17,522 | INFO     |   → 220/1011: ✅ 0 взято | 🗑️ 135 мусор
2026-05-26 14:59:17,522 | INFO     |   → 221/1011: ✅ 0 взято | 🗑️ 0 мусор
2026-05-26 14:59:17,522 | INFO     |   → 222/1011: ✅ 1 взято | 🗑️ 129 мусор
2026-05-26 14:59:17,522 | INFO     |   → 223/1011: ✅ 0 взято | 🗑️ 0 мусор
2026-05-26 14:59:17,522 | INFO     |   → 224/1011: ✅ 0 взято | 🗑️ 189 мусор
2026-05-26 14:59:17,523 | INFO     |   → 225/1011: ✅ 0 взято | 🗑️ 0 мусор
2026-05-26 14:59:17,523 | INFO     |   → 226/1011: ✅ 3 взято | 🗑️ 147 мусор
2026-05-26 14:59:17,523 | INFO     |   → 227/1011: ✅ 0 взято | 🗑️ 0 мусор
2026-05-26 14:59:17,523 | INFO     |   → 228/1011: ✅ 1 взято | 🗑️ 183 мусор
2026-05-26 14:59:17,523 | INFO     |   → 229/1011: ✅ 0 взято | 🗑️ 0 мусор
2026-05-26 14:59:17,523 | INFO     |   → 230/1011: ✅ 0 взято | 🗑️ 155 мусор
2026-05-26 14:59:17,523 | INFO     |   → 231/1011: ✅ 0 взято | 🗑️ 0 мусор
2026-05-26 14:59:17,523 | INFO     |   → 232/1011: ✅ 0 взято | 🗑️ 114 мусор
2026-05-26 14:59:17,523 | INFO     |   → 233/1011: ✅ 0 взято | 🗑️ 0 мусор
2026-05-26 14:59:17,523 | INFO     |   → 234/1011: ✅ 0 взято | 🗑️ 239 мусор
2026-05-26 14:59:17,523 | INFO     |   → 235/1011: ✅ 0 взято | 🗑️ 0 мусор
2026-05-26 14:59:17,523 | INFO     |   → 236/1011: ✅ 0 взято | 🗑️ 204 мусор
2026-05-26 14:59:17,523 | INFO     |   → 237/1011: ✅ 0 взято | 🗑️ 0 мусор
2026-05-26 14:59:17,523 | INFO     |   → 238/1011: ✅ 0 взято | 🗑️ 232 мусор
2026-05-26 14:59:17,523 | INFO     |   → 239/1011: ✅ 0 взято | 🗑️ 0 мусор
2026-05-26 14:59:17,523 | INFO     |   → 240/1011: ✅ 0 взято | 🗑️ 192 мусор
2026-05-26 14:59:17,523 | INFO     |   → 241/1011: ✅ 0 взято | 🗑️ 0 мусор
2026-05-26 14:59:17,523 | INFO     |   → 242/1011: ✅ 0 взято | 🗑️ 183 мусор
2026-05-26 14:59:17,523 | INFO     |   → 243/1011: ✅ 0 взято | 🗑️ 0 мусор
2026-05-26 14:59:17,523 | INFO     |   → 244/1011: ✅ 0 взято | 🗑️ 169 мусор
2026-05-26 14:59:17,523 | INFO     |   → 245/1011: ✅ 0 взято | 🗑️ 0 мусор
2026-05-26 14:59:17,523 | INFO     |   → 246/1011: ✅ 0 взято | 🗑️ 167 мусор
2026-05-26 14:59:17,523 | INFO     |   → 247/1011: ✅ 0 взято | 🗑️ 0 мусор
2026-05-26 14:59:17,523 | INFO     |   → 248/1011: ✅ 0 взято | 🗑️ 193 мусор
2026-05-26 14:59:17,523 | INFO     |   → 249/1011: ✅ 0 взято | 🗑️ 0 мусор
2026-05-26 14:59:17,523 | INFO     |   → 250/1011: ✅ 1 взято | 🗑️ 161 мусор
2026-05-26 14:59:17,523 | INFO     |   → 251/1011: ✅ 0 взято | 🗑️ 0 мусор
2026-05-26 14:59:17,523 | INFO     |   → 252/1011: ✅ 0 взято | 🗑️ 171 мусор
2026-05-26 14:59:17,523 | INFO     |   → 253/1011: ✅ 0 взято | 🗑️ 0 мусор
2026-05-26 14:59:17,523 | INFO     |   → 254/1011: ✅ 0 взято | 🗑️ 174 мусор
2026-05-26 14:59:17,523 | INFO     |   → 255/1011: ✅ 0 взято | 🗑️ 0 мусор
2026-05-26 14:59:17,523 | INFO     |   → 256/1011: ✅ 0 взято | 🗑️ 206 мусор
2026-05-26 14:59:17,523 | INFO     |   → 257/1011: ✅ 0 взято | 🗑️ 0 мусор
2026-05-26 14:59:17,523 | INFO     |   → 258/1011: ✅ 0 взято | 🗑️ 170 мусор
2026-05-26 14:59:17,523 | INFO     |   → 259/1011: ✅ 0 взято | 🗑️ 0 мусор
2026-05-26 14:59:17,523 | INFO     |   → 260/1011: ✅ 1 взято | 🗑️ 196 мусор
2026-05-26 14:59:17,523 | INFO     |   → 261/1011: ✅ 0 взято | 🗑️ 0 мусор
2026-05-26 14:59:17,523 | INFO     |   → 262/1011: ✅ 0 взято | 🗑️ 208 мусор
2026-05-26 14:59:17,523 | INFO     |   → 263/1011: ✅ 0 взято | 🗑️ 0 мусор
2026-05-26 14:59:17,523 | INFO     |   → 264/1011: ✅ 0 взято | 🗑️ 162 мусор
2026-05-26 14:59:17,524 | INFO     |   → 265/1011: ✅ 0 взято | 🗑️ 0 мусор
2026-05-26 14:59:17,524 | INFO     |   → 266/1011 ⚠️ Ошибка: HTTPSConnectionPool(host='ivuxy.tech', port=443): Max retries exceeded with url: /v.txt (Caused by NameResolutionError("HTTPSConnection(host='ivuxy.tech', port=443): Failed to resolve 'ivuxy.tech' ([Errno -2] Name or service not known)")) — https://ivuxy.tech/v.txt
2026-05-26 14:59:17,524 | INFO     |   → 267/1011 ⚠️ Ошибка: HTTPSConnectionPool(host='mirror.ghproxy.com', port=443): Max retries exceeded with url: /https://raw.githubusercontent.com/Barabama/FreeNodes/master/nodes/blues.txt (Caused by NameResolutionError("HTTPSConnection(host='mirror.ghproxy.com', port=443): Failed to resolve 'mirror.ghproxy.com' ([Errno -2] Name or service not known)")) — https://mirror.ghproxy.com/https://raw.githubusercontent.com/Barabama/FreeNodes/master/nodes/blues.txt
2026-05-26 14:59:17,524 | INFO     |   → 268/1011 ⚠️ Ошибка: HTTPSConnectionPool(host='mirror.ghproxy.com', port=443): Max retries exceeded with url: /https://raw.githubusercontent.com/Barabama/FreeNodes/master/nodes/halekj.txt (Caused by NameResolutionError("HTTPSConnection(host='mirror.ghproxy.com', port=443): Failed to resolve 'mirror.ghproxy.com' ([Errno -2] Name or service not known)")) — https://mirror.ghproxy.com/https://raw.githubusercontent.com/Barabama/FreeNodes/master/nodes/halekj.txt
2026-05-26 14:59:17,524 | INFO     |   → 269/1011 ⚠️ Ошибка: HTTPSConnectionPool(host='mirror.ghproxy.com', port=443): Max retries exceeded with url: /https://raw.githubusercontent.com/Barabama/FreeNodes/master/nodes/kkzui.txt (Caused by NameResolutionError("HTTPSConnection(host='mirror.ghproxy.com', port=443): Failed to resolve 'mirror.ghproxy.com' ([Errno -2] Name or service not known)")) — https://mirror.ghproxy.com/https://raw.githubusercontent.com/Barabama/FreeNodes/master/nodes/kkzui.txt
2026-05-26 14:59:17,524 | INFO     |   → 270/1011 ⚠️ Ошибка: HTTPSConnectionPool(host='mirror.ghproxy.com', port=443): Max retries exceeded with url: /https://raw.githubusercontent.com/Barabama/FreeNodes/master/nodes/merged.txt (Caused by NameResolutionError("HTTPSConnection(host='mirror.ghproxy.com', port=443): Failed to resolve 'mirror.ghproxy.com' ([Errno -2] Name or service not known)")) — https://mirror.ghproxy.com/https://raw.githubusercontent.com/Barabama/FreeNodes/master/nodes/merged.txt
2026-05-26 14:59:17,524 | INFO     |   → 271/1011 ⚠️ Ошибка: HTTPSConnectionPool(host='mirror.ghproxy.com', port=443): Max retries exceeded with url: /https://raw.githubusercontent.com/Barabama/FreeNodes/master/nodes/nodefree.txt (Caused by NameResolutionError("HTTPSConnection(host='mirror.ghproxy.com', port=443): Failed to resolve 'mirror.ghproxy.com' ([Errno -2] Name or service not known)")) — https://mirror.ghproxy.com/https://raw.githubusercontent.com/Barabama/FreeNodes/master/nodes/nodefree.txt
2026-05-26 14:59:17,524 | INFO     |   → 272/1011 ⚠️ Ошибка: HTTPSConnectionPool(host='mirror.ghproxy.com', port=443): Max retries exceeded with url: /https://raw.githubusercontent.com/Barabama/FreeNodes/master/nodes/openrunner.txt (Caused by NameResolutionError("HTTPSConnection(host='mirror.ghproxy.com', port=443): Failed to resolve 'mirror.ghproxy.com' ([Errno -2] Name or service not known)")) — https://mirror.ghproxy.com/https://raw.githubusercontent.com/Barabama/FreeNodes/master/nodes/openrunner.txt
2026-05-26 14:59:17,524 | INFO     |   → 273/1011 ⚠️ Ошибка: HTTPSConnectionPool(host='mirror.ghproxy.com', port=443): Max retries exceeded with url: /https://raw.githubusercontent.com/Barabama/FreeNodes/master/nodes/v2rayshare.txt (Caused by NameResolutionError("HTTPSConnection(host='mirror.ghproxy.com', port=443): Failed to resolve 'mirror.ghproxy.com' ([Errno -2] Name or service not known)")) — https://mirror.ghproxy.com/https://raw.githubusercontent.com/Barabama/FreeNodes/master/nodes/v2rayshare.txt
2026-05-26 14:59:17,524 | INFO     |   → 274/1011 ⚠️ Ошибка: HTTPSConnectionPool(host='mirror.ghproxy.com', port=443): Max retries exceeded with url: /https://raw.githubusercontent.com/Barabama/FreeNodes/master/nodes/wenode.txt (Caused by NameResolutionError("HTTPSConnection(host='mirror.ghproxy.com', port=443): Failed to resolve 'mirror.ghproxy.com' ([Errno -2] Name or service not known)")) — https://mirror.ghproxy.com/https://raw.githubusercontent.com/Barabama/FreeNodes/master/nodes/wenode.txt
2026-05-26 14:59:17,524 | INFO     |   → 275/1011 ⚠️ Ошибка: HTTPSConnectionPool(host='mirror.ghproxy.com', port=443): Max retries exceeded with url: /https://raw.githubusercontent.com/Barabama/FreeNodes/master/nodes/yudou66.txt (Caused by NameResolutionError("HTTPSConnection(host='mirror.ghproxy.com', port=443): Failed to resolve 'mirror.ghproxy.com' ([Errno -2] Name or service not known)")) — https://mirror.ghproxy.com/https://raw.githubusercontent.com/Barabama/FreeNodes/master/nodes/yudou66.txt
2026-05-26 14:59:17,524 | INFO     |   → 276/1011: ✅ 7 взято | 🗑️ 17 мусор
2026-05-26 14:59:17,524 | INFO     |   → 277/1011: ✅ 0 взято | 🗑️ 17 мусор
2026-05-26 14:59:17,524 | INFO     |   → 278/1011: ✅ 14 взято | 🗑️ 14 мусор
2026-05-26 14:59:17,524 | INFO     |   → 279/1011: ✅ 0 взято | 🗑️ 14 мусор
2026-05-26 14:59:17,524 | INFO     |   → 280/1011: ✅ 0 взято | 🗑️ 14 мусор
2026-05-26 14:59:17,524 | INFO     |   → 281/1011: ✅ 0 взято | 🗑️ 14 мусор
2026-05-26 14:59:17,524 | INFO     |   → 282/1011: ✅ 0 взято | 🗑️ 14 мусор
2026-05-26 14:59:17,524 | INFO     |   → 283/1011: ✅ 0 взято | 🗑️ 14 мусор
2026-05-26 14:59:17,524 | INFO     |   → 284/1011: ✅ 0 взято | 🗑️ 14 мусор
2026-05-26 14:59:17,524 | INFO     |   → 285/1011: ✅ 0 взято | 🗑️ 14 мусор
2026-05-26 14:59:17,524 | INFO     |   → 286/1011: ✅ 0 взято | 🗑️ 14 мусор
2026-05-26 14:59:17,524 | INFO     |   → 287/1011: ✅ 7 взято | 🗑️ 21 мусор
2026-05-26 14:59:17,524 | INFO     |   → 288/1011: ✅ 0 взято | 🗑️ 21 мусор
2026-05-26 14:59:17,524 | INFO     |   → 289/1011: ✅ 0 взято | 🗑️ 21 мусор
2026-05-26 14:59:17,524 | INFO     |   → 290/1011: ✅ 0 взято | 🗑️ 21 мусор
2026-05-26 14:59:17,524 | INFO     |   → 291/1011: ✅ 0 взято | 🗑️ 21 мусор
2026-05-26 14:59:17,524 | INFO     |   → 292/1011: ✅ 0 взято | 🗑️ 21 мусор
2026-05-26 14:59:17,524 | INFO     |   → 293/1011: ✅ 0 взято | 🗑️ 21 мусор
2026-05-26 14:59:17,524 | INFO     |   → 294/1011: ✅ 0 взято | 🗑️ 21 мусор
2026-05-26 14:59:17,524 | INFO     |   → 295/1011: ✅ 0 взято | 🗑️ 21 мусор
2026-05-26 14:59:17,524 | INFO     |   → 296/1011: ✅ 0 взято | 🗑️ 21 мусор
2026-05-26 14:59:17,524 | INFO     |   → 297/1011: ✅ 0 взято | 🗑️ 21 мусор
2026-05-26 14:59:17,524 | INFO     |   → 298/1011: ✅ 5 взято | 🗑️ 15 мусор
2026-05-26 14:59:17,524 | INFO     |   → 299/1011: ✅ 0 взято | 🗑️ 15 мусор
2026-05-26 14:59:17,524 | INFO     |   → 300/1011: ✅ 0 взято | 🗑️ 15 мусор
2026-05-26 14:59:17,524 | INFO     |   → 301/1011: ✅ 0 взято | 🗑️ 15 мусор
2026-05-26 14:59:17,524 | INFO     |   → 302/1011: ✅ 0 взято | 🗑️ 15 мусор
2026-05-26 14:59:17,524 | INFO     |   → 303/1011: ✅ 0 взято | 🗑️ 15 мусор
2026-05-26 14:59:17,524 | INFO     |   → 304/1011: ✅ 0 взято | 🗑️ 15 мусор
2026-05-26 14:59:17,524 | INFO     |   → 305/1011: ✅ 0 взято | 🗑️ 15 мусор
2026-05-26 14:59:17,525 | INFO     |   → 306/1011: ✅ 0 взято | 🗑️ 15 мусор
2026-05-26 14:59:17,525 | INFO     |   → 307/1011: ✅ 0 взято | 🗑️ 14 мусор
2026-05-26 14:59:17,525 | INFO     |   → 308/1011: ✅ 0 взято | 🗑️ 14 мусор
2026-05-26 14:59:17,525 | INFO     |   → 309/1011: ✅ 0 взято | 🗑️ 14 мусор
2026-05-26 14:59:17,525 | INFO     |   → 310/1011: ✅ 0 взято | 🗑️ 14 мусор
2026-05-26 14:59:17,525 | INFO     |   → 311/1011: ✅ 6 взято | 🗑️ 17 мусор
2026-05-26 14:59:17,525 | INFO     |   → 312/1011: ✅ 0 взято | 🗑️ 17 мусор
2026-05-26 14:59:17,525 | INFO     |   → 313/1011: ✅ 0 взято | 🗑️ 17 мусор
2026-05-26 14:59:17,525 | INFO     |   → 314/1011: ✅ 0 взято | 🗑️ 17 мусор
2026-05-26 14:59:17,525 | INFO     |   → 315/1011: ✅ 0 взято | 🗑️ 17 мусор
2026-05-26 14:59:17,525 | INFO     |   → 316/1011: ✅ 0 взято | 🗑️ 17 мусор
2026-05-26 14:59:17,525 | INFO     |   → 317/1011: ✅ 6 взято | 🗑️ 24 мусор
2026-05-26 14:59:17,525 | INFO     |   → 318/1011: ✅ 0 взято | 🗑️ 24 мусор
2026-05-26 14:59:17,525 | INFO     |   → 319/1011: ✅ 0 взято | 🗑️ 24 мусор
2026-05-26 14:59:17,525 | INFO     |   → 320/1011: ✅ 0 взято | 🗑️ 24 мусор
2026-05-26 14:59:17,525 | INFO     |   → 321/1011: ✅ 0 взято | 🗑️ 24 мусор
2026-05-26 14:59:17,525 | INFO     |   → 322/1011: ✅ 0 взято | 🗑️ 24 мусор
2026-05-26 14:59:17,525 | INFO     |   → 323/1011 ⚠️ Ошибка: HTTPSConnectionPool(host='nodefree.githubrowcontent.com', port=443): Max retries exceeded with url: /2024/07/20240705.yaml (Caused by NameResolutionError("HTTPSConnection(host='nodefree.githubrowcontent.com', port=443): Failed to resolve 'nodefree.githubrowcontent.com' ([Errno -2] Name or service not known)")) — https://nodefree.org/dy/2023/08/20230806.yaml
2026-05-26 14:59:17,525 | INFO     |   → 324/1011 ⚠️ Ошибка: HTTPSConnectionPool(host='nodefree.githubrowcontent.com', port=443): Max retries exceeded with url: /2024/07/20240705.txt (Caused by NameResolutionError("HTTPSConnection(host='nodefree.githubrowcontent.com', port=443): Failed to resolve 'nodefree.githubrowcontent.com' ([Errno -2] Name or service not known)")) — https://nodefree.org/dy/2023/12/20231221.txt
2026-05-26 14:59:17,525 | INFO     |   → 325/1011: ✅ 0 взято | 🗑️ 17 мусор
2026-05-26 14:59:17,525 | INFO     |   → 326/1011: ✅ 0 взято | 🗑️ 17 мусор
2026-05-26 14:59:17,525 | INFO     |   → 327/1011: ✅ 0 взято | 🗑️ 14 мусор
2026-05-26 14:59:17,525 | INFO     |   → 328/1011: ✅ 0 взято | 🗑️ 14 мусор
2026-05-26 14:59:17,525 | INFO     |   → 329/1011: ✅ 0 взято | 🗑️ 14 мусор
2026-05-26 14:59:17,525 | INFO     |   → 330/1011: ✅ 0 взято | 🗑️ 14 мусор
2026-05-26 14:59:17,525 | INFO     |   → 331/1011: ✅ 0 взято | 🗑️ 14 мусор
2026-05-26 14:59:17,525 | INFO     |   → 332/1011: ✅ 0 взято | 🗑️ 14 мусор
2026-05-26 14:59:17,525 | INFO     |   → 333/1011: ✅ 0 взято | 🗑️ 14 мусор
2026-05-26 14:59:17,525 | INFO     |   → 334/1011: ✅ 0 взято | 🗑️ 14 мусор
2026-05-26 14:59:17,525 | INFO     |   → 335/1011: ✅ 0 взято | 🗑️ 14 мусор
2026-05-26 14:59:17,525 | INFO     |   → 336/1011: ✅ 0 взято | 🗑️ 21 мусор
2026-05-26 14:59:17,525 | INFO     |   → 337/1011: ✅ 0 взято | 🗑️ 21 мусор
2026-05-26 14:59:17,525 | INFO     |   → 338/1011: ✅ 0 взято | 🗑️ 21 мусор
2026-05-26 14:59:17,525 | INFO     |   → 339/1011: ✅ 0 взято | 🗑️ 21 мусор
2026-05-26 14:59:17,525 | INFO     |   → 340/1011: ✅ 0 взято | 🗑️ 21 мусор
2026-05-26 14:59:17,525 | INFO     |   → 341/1011: ✅ 0 взято | 🗑️ 21 мусор
2026-05-26 14:59:17,525 | INFO     |   → 342/1011: ✅ 0 взято | 🗑️ 21 мусор
2026-05-26 14:59:17,525 | INFO     |   → 343/1011: ✅ 0 взято | 🗑️ 21 мусор
2026-05-26 14:59:17,525 | INFO     |   → 344/1011: ✅ 0 взято | 🗑️ 21 мусор
2026-05-26 14:59:17,525 | INFO     |   → 345/1011: ✅ 0 взято | 🗑️ 21 мусор
2026-05-26 14:59:17,526 | INFO     |   → 346/1011: ✅ 0 взято | 🗑️ 21 мусор
2026-05-26 14:59:17,526 | INFO     |   → 347/1011: ✅ 0 взято | 🗑️ 15 мусор
2026-05-26 14:59:17,526 | INFO     |   → 348/1011: ✅ 0 взято | 🗑️ 15 мусор
2026-05-26 14:59:17,526 | INFO     |   → 349/1011: ✅ 0 взято | 🗑️ 15 мусор
2026-05-26 14:59:17,526 | INFO     |   → 350/1011: ✅ 0 взято | 🗑️ 15 мусор
2026-05-26 14:59:17,526 | INFO     |   → 351/1011: ✅ 0 взято | 🗑️ 15 мусор
2026-05-26 14:59:17,526 | INFO     |   → 352/1011: ✅ 0 взято | 🗑️ 15 мусор
2026-05-26 14:59:17,526 | INFO     |   → 353/1011: ✅ 0 взято | 🗑️ 15 мусор
2026-05-26 14:59:17,526 | INFO     |   → 354/1011: ✅ 0 взято | 🗑️ 15 мусор
2026-05-26 14:59:17,526 | INFO     |   → 355/1011: ✅ 0 взято | 🗑️ 15 мусор
2026-05-26 14:59:17,526 | INFO     |   → 356/1011: ✅ 0 взято | 🗑️ 15 мусор
2026-05-26 14:59:17,526 | INFO     |   → 357/1011: ✅ 0 взято | 🗑️ 14 мусор
2026-05-26 14:59:17,526 | INFO     |   → 358/1011: ✅ 0 взято | 🗑️ 14 мусор
2026-05-26 14:59:17,526 | INFO     |   → 359/1011: ✅ 0 взято | 🗑️ 14 мусор
2026-05-26 14:59:17,526 | INFO     |   → 360/1011: ✅ 0 взято | 🗑️ 14 мусор
2026-05-26 14:59:17,526 | INFO     |   → 361/1011: ✅ 0 взято | 🗑️ 17 мусор
2026-05-26 14:59:17,526 | INFO     |   → 362/1011: ✅ 0 взято | 🗑️ 17 мусор
2026-05-26 14:59:17,526 | INFO     |   → 363/1011: ✅ 0 взято | 🗑️ 17 мусор
2026-05-26 14:59:17,526 | INFO     |   → 364/1011: ✅ 0 взято | 🗑️ 17 мусор
2026-05-26 14:59:17,526 | INFO     |   → 365/1011: ✅ 0 взято | 🗑️ 17 мусор
2026-05-26 14:59:17,526 | INFO     |   → 366/1011: ✅ 0 взято | 🗑️ 24 мусор
2026-05-26 14:59:17,526 | INFO     |   → 367/1011: ✅ 0 взято | 🗑️ 24 мусор
2026-05-26 14:59:17,526 | INFO     |   → 368/1011: ✅ 0 взято | 🗑️ 24 мусор
2026-05-26 14:59:17,526 | INFO     |   → 369/1011: ✅ 0 взято | 🗑️ 24 мусор
2026-05-26 14:59:17,526 | INFO     |   → 370/1011: ✅ 0 взято | 🗑️ 24 мусор
2026-05-26 14:59:17,526 | INFO     |   → 371/1011: ✅ 0 взято | 🗑️ 24 мусор
2026-05-26 14:59:17,526 | INFO     |   → 372/1011: ✅ 0 взято | 🗑️ 0 мусор
2026-05-26 14:59:17,526 | INFO     |   → 373/1011: ✅ 0 взято | 🗑️ 0 мусор
2026-05-26 14:59:17,526 | INFO     |   → 374/1011: ✅ 0 взято | 🗑️ 0 мусор
2026-05-26 14:59:17,526 | INFO     |   → 375/1011: ✅ 0 взято | 🗑️ 0 мусор
2026-05-26 14:59:17,526 | INFO     |   → 376/1011: ✅ 0 взято | 🗑️ 0 мусор
2026-05-26 14:59:17,526 | INFO     |   → 377/1011: ✅ 0 взято | 🗑️ 0 мусор
2026-05-26 14:59:17,526 | INFO     |   → 378/1011: ✅ 0 взято | 🗑️ 0 мусор
2026-05-26 14:59:17,526 | INFO     |   → 379/1011: ✅ 0 взято | 🗑️ 0 мусор
2026-05-26 14:59:17,526 | INFO     |   → 380/1011: ✅ 0 взято | 🗑️ 0 мусор
2026-05-26 14:59:17,526 | INFO     |   → 381/1011: ✅ 0 взято | 🗑️ 0 мусор
2026-05-26 14:59:17,526 | INFO     |   → 382/1011: ✅ 0 взято | 🗑️ 0 мусор
2026-05-26 14:59:17,526 | INFO     |   → 383/1011: ✅ 0 взято | 🗑️ 0 мусор
2026-05-26 14:59:17,526 | INFO     |   → 384/1011 ❌ HTTP 404 — https://raw.githubusercontent.com/10ium/MihomoSaz/main/Sublist/shatakvpn.yaml4_Sub.txt
2026-05-26 14:59:17,526 | INFO     |   → 385/1011: ✅ 0 взято | 🗑️ 0 мусор
2026-05-26 14:59:17,526 | INFO     |   → 386/1011: ✅ 0 взято | 🗑️ 0 мусор
2026-05-26 14:59:17,527 | INFO     |   → 387/1011: ✅ 12 взято | 🗑️ 38 мусор
2026-05-26 14:59:17,527 | INFO     |   → 388/1011: ✅ 0 взято | 🗑️ 0 мусор
2026-05-26 14:59:17,527 | INFO     |   → 389/1011: ✅ 0 взято | 🗑️ 0 мусор
2026-05-26 14:59:17,527 | INFO     |   → 390/1011: ✅ 11 взято | 🗑️ 399 мусор
2026-05-26 14:59:17,527 | INFO     |   → 391/1011: ✅ 0 взято | 🗑️ 0 мусор
2026-05-26 14:59:17,527 | INFO     |   → 392/1011 ❌ HTTP 404 — https://raw.githubusercontent.com/9Fork/openit/main/Clash.yaml
2026-05-26 14:59:17,527 | INFO     |   → 393/1011: ✅ 100 взято | 🗑️ 381 мусор
2026-05-26 14:59:17,527 | INFO     |   → 394/1011: ✅ 0 взято | 🗑️ 381 мусор
2026-05-26 14:59:17,527 | INFO     |   → 395/1011: ✅ 19 взято | 🗑️ 81 мусор
2026-05-26 14:59:17,527 | INFO     |   → 396/1011: ✅ 11 взято | 🗑️ 87 мусор
2026-05-26 14:59:17,527 | INFO     |   → 397/1011: ✅ 27 взято | 🗑️ 73 мусор
2026-05-26 14:59:17,527 | INFO     |   → 398/1011: ✅ 13 взято | 🗑️ 75 мусор
2026-05-26 14:59:17,527 | INFO     |   → 399/1011: ✅ 10 взято | 🗑️ 83 мусор
2026-05-26 14:59:17,527 | INFO     |   → 400/1011: ✅ 12 взято | 🗑️ 86 мусор
2026-05-26 14:59:17,527 | INFO     |   → 401/1011: ✅ 11 взято | 🗑️ 87 мусор
2026-05-26 14:59:17,527 | INFO     |   → 402/1011: ✅ 11 взято | 🗑️ 80 мусор
2026-05-26 14:59:17,527 | INFO     |   → 403/1011: ✅ 9 взято | 🗑️ 82 мусор
2026-05-26 14:59:17,527 | INFO     |   → 404/1011: ✅ 69 взято | 🗑️ 3 мусор
2026-05-26 14:59:17,527 | INFO     |   → 405/1011: ✅ 3 взято | 🗑️ 75 мусор
2026-05-26 14:59:17,527 | INFO     |   → 406/1011: ✅ 4 взято | 🗑️ 69 мусор
2026-05-26 14:59:17,527 | INFO     |   → 407/1011: ✅ 4 взято | 🗑️ 80 мусор
2026-05-26 14:59:17,527 | INFO     |   → 408/1011: ✅ 6 взято | 🗑️ 81 мусор
2026-05-26 14:59:17,527 | INFO     |   → 409/1011: ✅ 5 взято | 🗑️ 79 мусор
2026-05-26 14:59:17,527 | INFO     |   → 410/1011: ✅ 11 взято | 🗑️ 78 мусор
2026-05-26 14:59:17,527 | INFO     |   → 411/1011: ✅ 3 взято | 🗑️ 83 мусор
2026-05-26 14:59:17,527 | INFO     |   → 412/1011: ✅ 14 взято | 🗑️ 76 мусор
2026-05-26 14:59:17,527 | INFO     |   → 413/1011: ✅ 12 взято | 🗑️ 78 мусор
2026-05-26 14:59:17,527 | INFO     |   → 414/1011: ✅ 26 взято | 🗑️ 218 мусор
2026-05-26 14:59:17,527 | INFO     |   → 415/1011: ✅ 44 взято | 🗑️ 141 мусор
2026-05-26 14:59:17,527 | INFO     |   → 416/1011: ✅ 10 взято | 🗑️ 71 мусор
2026-05-26 14:59:17,527 | INFO     |   → 417/1011: ✅ 2 взято | 🗑️ 88 мусор
2026-05-26 14:59:17,527 | INFO     |   → 418/1011: ✅ 0 взято | 🗑️ 3 мусор
2026-05-26 14:59:17,527 | INFO     |   → 419/1011: ✅ 14 взято | 🗑️ 4 мусор
2026-05-26 14:59:17,527 | INFO     |   → 420/1011: ✅ 641 взято | 🗑️ 2490 мусор
2026-05-26 14:59:17,527 | INFO     |   → 421/1011 ❌ HTTP 404 — https://raw.githubusercontent.com/Alvin9999/pac2/master/clash/1/config.yaml
2026-05-26 14:59:17,527 | INFO     |   → 422/1011 ❌ HTTP 404 — https://raw.githubusercontent.com/AmirHDevo/temp2/7f15e7ddb311a6f8c5ab338bd1af0e1f2136a84b/configs.txt
2026-05-26 14:59:17,527 | INFO     |   → 423/1011: ✅ 6 взято | 🗑️ 116 мусор
2026-05-26 14:59:17,527 | INFO     |   → 424/1011: ✅ 2239 взято | 🗑️ 40637 мусор
2026-05-26 14:59:17,527 | INFO     |   → 425/1011: ✅ 5 взято | 🗑️ 47 мусор
2026-05-26 14:59:17,527 | INFO     |   → 426/1011: ✅ 2 взято | 🗑️ 48 мусор
2026-05-26 14:59:17,527 | INFO     |   → 427/1011: ✅ 21 взято | 🗑️ 107 мусор
2026-05-26 14:59:17,528 | INFO     |   → 428/1011: ✅ 78 взято | 🗑️ 347 мусор
2026-05-26 14:59:17,528 | INFO     |   → 429/1011: ✅ 0 взято | 🗑️ 1373 мусор
2026-05-26 14:59:17,528 | INFO     |   → 430/1011: ✅ 339 взято | 🗑️ 1542 мусор
2026-05-26 14:59:17,528 | INFO     |   → 431/1011: ✅ 0 взято | 🗑️ 6 мусор
2026-05-26 14:59:17,528 | INFO     |   → 432/1011: ✅ 0 взято | 🗑️ 0 мусор
2026-05-26 14:59:17,528 | INFO     |   → 433/1011: ✅ 1 взято | 🗑️ 235 мусор
2026-05-26 14:59:17,528 | INFO     |   → 434/1011: ✅ 0 взято | 🗑️ 16 мусор
2026-05-26 14:59:17,528 | INFO     |   → 435/1011: ✅ 0 взято | 🗑️ 0 мусор
2026-05-26 14:59:17,528 | INFO     |   → 436/1011: ✅ 0 взято | 🗑️ 14 мусор
2026-05-26 14:59:17,528 | INFO     |   → 437/1011: ✅ 0 взято | 🗑️ 0 мусор
2026-05-26 14:59:17,528 | INFO     |   → 438/1011: ✅ 0 взято | 🗑️ 17 мусор
2026-05-26 14:59:17,528 | INFO     |   → 439/1011: ✅ 0 взято | 🗑️ 0 мусор
2026-05-26 14:59:17,528 | INFO     |   → 440/1011: ✅ 1 взято | 🗑️ 12 мусор
2026-05-26 14:59:17,528 | INFO     |   → 441/1011: ✅ 0 взято | 🗑️ 0 мусор
2026-05-26 14:59:17,528 | INFO     |   → 442/1011: ✅ 0 взято | 🗑️ 17 мусор
2026-05-26 14:59:17,528 | INFO     |   → 443/1011: ✅ 0 взято | 🗑️ 0 мусор
2026-05-26 14:59:17,528 | INFO     |   → 444/1011: ✅ 0 взято | 🗑️ 17 мусор
2026-05-26 14:59:17,528 | INFO     |   → 445/1011: ✅ 0 взято | 🗑️ 0 мусор
2026-05-26 14:59:17,528 | INFO     |   → 446/1011: ✅ 0 взято | 🗑️ 161 мусор
2026-05-26 14:59:17,528 | INFO     |   → 447/1011: ✅ 0 взято | 🗑️ 0 мусор
2026-05-26 14:59:17,528 | INFO     |   → 448/1011: ✅ 5 взято | 🗑️ 76 мусор
2026-05-26 14:59:17,528 | INFO     |   → 449/1011: ✅ 80 взято | 🗑️ 1110 мусор
2026-05-26 14:59:17,528 | INFO     |   → 450/1011: ✅ 5 взято | 🗑️ 13 мусор
2026-05-26 14:59:17,528 | INFO     |   → 451/1011 ❌ HTTP 404 — https://raw.githubusercontent.com/Epodonios/bulk-xray-v2ray-vless-vmess-...-configs/main/sub/Austria/config.txt
2026-05-26 14:59:17,528 | INFO     |   → 452/1011 ❌ HTTP 404 — https://raw.githubusercontent.com/Epodonios/bulk-xray-v2ray-vless-vmess-...-configs/main/sub/Canada/config.txt
2026-05-26 14:59:17,528 | INFO     |   → 453/1011 ❌ HTTP 404 — https://raw.githubusercontent.com/Epodonios/bulk-xray-v2ray-vless-vmess-...-configs/main/sub/Costa%20Rica/config.txt
2026-05-26 14:59:17,528 | INFO     |   → 454/1011 ❌ HTTP 404 — https://raw.githubusercontent.com/Epodonios/bulk-xray-v2ray-vless-vmess-...-configs/main/sub/France/config.txt
2026-05-26 14:59:17,528 | INFO     |   → 455/1011 ❌ HTTP 404 — https://raw.githubusercontent.com/Epodonios/bulk-xray-v2ray-vless-vmess-...-configs/main/sub/Germany/config.txt
2026-05-26 14:59:17,528 | INFO     |   → 456/1011 ❌ HTTP 404 — https://raw.githubusercontent.com/Epodonios/bulk-xray-v2ray-vless-vmess-...-configs/main/sub/Indonesia/config.txt
2026-05-26 14:59:17,528 | INFO     |   → 457/1011 ❌ HTTP 404 — https://raw.githubusercontent.com/Epodonios/bulk-xray-v2ray-vless-vmess-...-configs/main/sub/Ireland/config.txt
2026-05-26 14:59:17,528 | INFO     |   → 458/1011 ❌ HTTP 404 — https://raw.githubusercontent.com/Epodonios/bulk-xray-v2ray-vless-vmess-...-configs/main/sub/Republic%20of%20Lithuania/config.txt
2026-05-26 14:59:17,528 | INFO     |   → 459/1011 ❌ HTTP 404 — https://raw.githubusercontent.com/Epodonios/bulk-xray-v2ray-vless-vmess-...-configs/main/sub/South%20Africa/config.txt
2026-05-26 14:59:17,528 | INFO     |   → 460/1011 ❌ HTTP 404 — https://raw.githubusercontent.com/Epodonios/bulk-xray-v2ray-vless-vmess-...-configs/main/sub/Sweden/config.txt
2026-05-26 14:59:17,528 | INFO     |   → 461/1011 ❌ HTTP 404 — https://raw.githubusercontent.com/Epodonios/bulk-xray-v2ray-vless-vmess-...-configs/main/sub/Turkey/config.txt
2026-05-26 14:59:17,528 | INFO     |   → 462/1011 ❌ HTTP 404 — https://raw.githubusercontent.com/Epodonios/bulk-xray-v2ray-vless-vmess-...-configs/main/sub/United%20Arab%20Emirates/config.txt
2026-05-26 14:59:17,528 | INFO     |   → 463/1011 ❌ HTTP 404 — https://raw.githubusercontent.com/Epodonios/bulk-xray-v2ray-vless-vmess-...-configs/main/sub/United%20Kingdom/config.txt
2026-05-26 14:59:17,528 | INFO     |   → 464/1011 ❌ HTTP 404 — https://raw.githubusercontent.com/Epodonios/bulk-xray-v2ray-vless-vmess-...-configs/main/sub/United%20States/config.txt
2026-05-26 14:59:17,528 | INFO     |   → 465/1011: ✅ 350 взято | 🗑️ 3713 мусор
2026-05-26 14:59:17,528 | INFO     |   → 466/1011 ❌ HTTP 404 — https://raw.githubusercontent.com/Epodonios/v2ray-configs/main/Splitted-By-Protocol/mix.txt
2026-05-26 14:59:17,528 | INFO     |   → 467/1011: ✅ 5 взято | 🗑️ 351 мусор
2026-05-26 14:59:17,529 | INFO     |   → 468/1011: ✅ 0 взято | 🗑️ 0 мусор
2026-05-26 14:59:17,529 | INFO     |   → 469/1011: ✅ 21 взято | 🗑️ 333 мусор
2026-05-26 14:59:17,529 | INFO     |   → 470/1011: ✅ 24 взято | 🗑️ 2600 мусор
2026-05-26 14:59:17,529 | INFO     |   → 471/1011: ✅ 8 взято | 🗑️ 587 мусор
2026-05-26 14:59:17,529 | INFO     |   → 472/1011 ❌ HTTP 404 — https://raw.githubusercontent.com/Epodonios/v2ray-configs/raw/main/Splitted-By-Protocol/trojan.txt
2026-05-26 14:59:17,529 | INFO     |   → 473/1011 ❌ HTTP 404 — https://raw.githubusercontent.com/Epodonios/v2ray-configs/raw/main/Splitted-By-Protocol/vmess.txt
2026-05-26 14:59:17,529 | INFO     |   → 474/1011: ✅ 0 взято | 🗑️ 351 мусор
2026-05-26 14:59:17,529 | INFO     |   → 475/1011: ✅ 0 взято | 🗑️ 0 мусор
2026-05-26 14:59:17,529 | INFO     |   → 476/1011: ✅ 0 взято | 🗑️ 333 мусор
2026-05-26 14:59:17,529 | INFO     |   → 477/1011: ✅ 0 взято | 🗑️ 2600 мусор
2026-05-26 14:59:17,529 | INFO     |   → 478/1011: ✅ 0 взято | 🗑️ 587 мусор
2026-05-26 14:59:17,529 | INFO     |   → 479/1011 ❌ HTTP 404 — https://raw.githubusercontent.com/Fido6/FreeNodes/57221e59caddde55ffdda21d491ae952cd608049/nodes/halekj.txt
2026-05-26 14:59:17,529 | INFO     |   → 480/1011 ❌ HTTP 404 — https://raw.githubusercontent.com/Fido6/FreeNodes/57221e59caddde55ffdda21d491ae952cd608049/nodes/kkzui.txt
2026-05-26 14:59:17,529 | INFO     |   → 481/1011 ❌ HTTP 404 — https://raw.githubusercontent.com/Fido6/FreeNodes/57221e59caddde55ffdda21d491ae952cd608049/nodes/wenode.txt
2026-05-26 14:59:17,529 | INFO     |   → 482/1011: ✅ 0 взято | 🗑️ 0 мусор
2026-05-26 14:59:17,529 | INFO     |   → 483/1011: ✅ 0 взято | 🗑️ 17 мусор
2026-05-26 14:59:17,529 | INFO     |   → 484/1011: ✅ 14 взято | 🗑️ 250 мусор
2026-05-26 14:59:17,529 | INFO     |   → 485/1011: ✅ 0 взято | 🗑️ 10 мусор
2026-05-26 14:59:17,529 | INFO     |   → 486/1011: ✅ 1 взято | 🗑️ 17 мусор
2026-05-26 14:59:17,529 | INFO     |   → 487/1011: ✅ 4 взято | 🗑️ 11 мусор
2026-05-26 14:59:17,529 | INFO     |   → 488/1011: ✅ 0 взято | 🗑️ 0 мусор
2026-05-26 14:59:17,529 | INFO     |   → 489/1011: ✅ 0 взято | 🗑️ 137 мусор
2026-05-26 14:59:17,529 | INFO     |   → 490/1011: ✅ 0 взято | 🗑️ 32 мусор
2026-05-26 14:59:17,529 | INFO     |   → 491/1011: ✅ 2 взято | 🗑️ 19 мусор
2026-05-26 14:59:17,529 | INFO     |   → 492/1011: ✅ 0 взято | 🗑️ 43 мусор
2026-05-26 14:59:17,529 | INFO     |   → 493/1011: ✅ 0 взято | 🗑️ 43 мусор
2026-05-26 14:59:17,529 | INFO     |   → 494/1011 ❌ HTTP 404 — https://raw.githubusercontent.com/Iran-v2ray/v2ray/main/v2ray
2026-05-26 14:59:17,529 | INFO     |   → 495/1011: ✅ 0 взято | 🗑️ 1 мусор
2026-05-26 14:59:17,529 | INFO     |   → 496/1011: ✅ 0 взято | 🗑️ 1 мусор
2026-05-26 14:59:17,529 | INFO     |   → 497/1011: ✅ 0 взято | 🗑️ 28 мусор
2026-05-26 14:59:17,529 | INFO     |   → 498/1011: ✅ 14 взято | 🗑️ 282 мусор
2026-05-26 14:59:17,529 | INFO     |   → 499/1011: ✅ 0 взято | 🗑️ 94 мусор
2026-05-26 14:59:17,529 | INFO     |   → 500/1011: ✅ 0 взято | 🗑️ 0 мусор
2026-05-26 14:59:17,529 | INFO     |   → 501/1011: ✅ 0 взято | 🗑️ 0 мусор
2026-05-26 14:59:17,529 | INFO     |   → 502/1011 ❌ HTTP 404 — https://raw.githubusercontent.com/Kwinshadow/TelegramV2rayCollector/raw/refs/heads/main/sublinks/mix.txt
2026-05-26 14:59:17,529 | INFO     |   → 503/1011 ❌ HTTP 404 — https://raw.githubusercontent.com/LalatinaHub/Mineral/raw/refs/heads/master/result/nodes
2026-05-26 14:59:17,529 | INFO     |   → 504/1011 ❌ HTTP 404 — https://raw.githubusercontent.com/Leon406/SubCrawler/main/sub/share/all3
2026-05-26 14:59:17,529 | INFO     |   → 505/1011 ❌ HTTP 404 — https://raw.githubusercontent.com/Leon406/SubCrawler/main/sub/share/all4
2026-05-26 14:59:17,529 | INFO     |   → 506/1011: ✅ 4 взято | 🗑️ 335 мусор
2026-05-26 14:59:17,529 | INFO     |   → 507/1011: ✅ 0 взято | 🗑️ 33 мусор
2026-05-26 14:59:17,529 | INFO     |   → 508/1011: ✅ 0 взято | 🗑️ 6 мусор
2026-05-26 14:59:17,530 | INFO     |   → 509/1011: ✅ 0 взято | 🗑️ 147 мусор
2026-05-26 14:59:17,530 | INFO     |   → 510/1011 ❌ HTTP 404 — https://raw.githubusercontent.com/M-Mashreghi/free-config-collector/main/Splitted-By-Protocol/ssr.txt
2026-05-26 14:59:17,530 | INFO     |   → 511/1011: ✅ 139 взято | 🗑️ 114 мусор
2026-05-26 14:59:17,530 | INFO     |   → 512/1011: ✅ 126 взято | 🗑️ 137 мусор
2026-05-26 14:59:17,530 | INFO     |   → 513/1011: ✅ 0 взято | 🗑️ 12 мусор
2026-05-26 14:59:17,530 | INFO     |   → 514/1011: ✅ 0 взято | 🗑️ 1 мусор
2026-05-26 14:59:17,530 | INFO     |   → 515/1011: ✅ 26 взято | 🗑️ 101 мусор
2026-05-26 14:59:17,530 | INFO     |   → 516/1011: ✅ 0 взято | 🗑️ 101 мусор
2026-05-26 14:59:17,530 | INFO     |   → 517/1011 ❌ HTTP 404 — https://raw.githubusercontent.com/MatinGhanbari/v2ray-configs/main/subscriptions/filtered/subs/hy2.txt
2026-05-26 14:59:17,530 | INFO     |   → 518/1011: ✅ 23 взято | 🗑️ 1487 мусор
2026-05-26 14:59:17,530 | INFO     |   → 519/1011 ❌ HTTP 404 — https://raw.githubusercontent.com/MatinGhanbari/v2ray-configs/main/subscriptions/filtered/subs/ssr.txt
2026-05-26 14:59:17,530 | INFO     |   → 520/1011: ✅ 54 взято | 🗑️ 556 мусор
2026-05-26 14:59:17,530 | INFO     |   → 521/1011 ❌ HTTP 404 — https://raw.githubusercontent.com/MatinGhanbari/v2ray-configs/main/subscriptions/filtered/subs/tuic.txt
2026-05-26 14:59:17,530 | INFO     |   → 522/1011: ✅ 12 взято | 🗑️ 223 мусор
2026-05-26 14:59:17,530 | INFO     |   → 523/1011: ✅ 210 взято | 🗑️ 1357 мусор
2026-05-26 14:59:17,530 | INFO     |   → 524/1011: ✅ 0 взято | 🗑️ 2 мусор
2026-05-26 14:59:17,530 | INFO     |   → 525/1011: ✅ 74 взято | 🗑️ 855 мусор
2026-05-26 14:59:17,530 | INFO     |   → 526/1011: ✅ 0 взято | 🗑️ 408 мусор
2026-05-26 14:59:17,530 | INFO     |   → 527/1011: ✅ 0 взято | 🗑️ 408 мусор
2026-05-26 14:59:17,530 | INFO     |   → 528/1011: ✅ 0 взято | 🗑️ 66 мусор
2026-05-26 14:59:17,530 | INFO     |   → 529/1011: ✅ 0 взято | 🗑️ 2 мусор
2026-05-26 14:59:17,530 | INFO     |   → 530/1011: ✅ 0 взято | 🗑️ 310 мусор
2026-05-26 14:59:17,530 | INFO     |   → 531/1011: ✅ 0 взято | 🗑️ 77 мусор
2026-05-26 14:59:17,530 | INFO     |   → 532/1011 ❌ HTTP 404 — https://raw.githubusercontent.com/MhdiTaheri/V2rayCollector/raw/refs/heads/main/sub/mix
2026-05-26 14:59:17,530 | INFO     |   → 533/1011: ✅ 53 взято | 🗑️ 267 мусор
2026-05-26 14:59:17,530 | INFO     |   → 534/1011 ❌ HTTP 404 — https://raw.githubusercontent.com/MhdiTaheri/V2rayCollector_Py/raw/refs/heads/main/sub/Mix/mix.txt
2026-05-26 14:59:17,530 | INFO     |   → 535/1011: ✅ 0 взято | 🗑️ 0 мусор
2026-05-26 14:59:17,530 | INFO     |   → 536/1011: ✅ 43 взято | 🗑️ 217 мусор
2026-05-26 14:59:17,530 | INFO     |   → 537/1011: ✅ 0 взято | 🗑️ 31 мусор
2026-05-26 14:59:17,530 | INFO     |   → 538/1011: ✅ 93 взято | 🗑️ 282 мусор
2026-05-26 14:59:17,530 | INFO     |   → 539/1011: ✅ 0 взято | 🗑️ 26 мусор
2026-05-26 14:59:17,530 | INFO     |   → 540/1011 ❌ HTTP 404 — https://raw.githubusercontent.com/MrMohebi/xray-proxy-grabber-telegram/master/collected-proxies/clash-meta/all.yaml
2026-05-26 14:59:17,530 | INFO     |   → 541/1011 ❌ HTTP 404 — https://raw.githubusercontent.com/MrMohebi/xray-proxy-grabber-telegram/master/collected-proxies/row-url/actives.txt
2026-05-26 14:59:17,530 | INFO     |   → 542/1011 ❌ HTTP 404 — https://raw.githubusercontent.com/MrMohebi/xray-proxy-grabber-telegram/master/collected-proxies/row-url/all.txt
2026-05-26 14:59:17,530 | INFO     |   → 543/1011: ✅ 0 взято | 🗑️ 13 мусор
2026-05-26 14:59:17,530 | INFO     |   → 544/1011: ✅ 0 взято | 🗑️ 13 мусор
2026-05-26 14:59:17,530 | INFO     |   → 545/1011: ✅ 5 взято | 🗑️ 15 мусор
2026-05-26 14:59:17,530 | INFO     |   → 546/1011: ✅ 0 взято | 🗑️ 30 мусор
2026-05-26 14:59:17,530 | INFO     |   → 547/1011: ✅ 0 взято | 🗑️ 15 мусор
2026-05-26 14:59:17,530 | INFO     |   → 548/1011: ✅ 66 взято | 🗑️ 123 мусор
2026-05-26 14:59:17,530 | INFO     |   → 549/1011: ✅ 175 взято | 🗑️ 582 мусор
2026-05-26 14:59:17,531 | INFO     |   → 550/1011: ✅ 0 взято | 🗑️ 0 мусор
2026-05-26 14:59:17,531 | INFO     |   → 551/1011 ❌ HTTP 404 — https://raw.githubusercontent.com/OpenCNLink/freevpn/3cfcff048bfdd1493ccffa52ecf30ce7f9fc6b28/src/list/vmess.txt
2026-05-26 14:59:17,531 | INFO     |   → 552/1011 ❌ HTTP 404 — https://raw.githubusercontent.com/Pawdro/Collection/main/sub
2026-05-26 14:59:17,531 | INFO     |   → 553/1011: ✅ 0 взято | 🗑️ 20 мусор
2026-05-26 14:59:17,531 | INFO     |   → 554/1011: ✅ 0 взято | 🗑️ 20 мусор
2026-05-26 14:59:17,531 | INFO     |   → 555/1011: ✅ 0 взято | 🗑️ 0 мусор
2026-05-26 14:59:17,531 | INFO     |   → 556/1011: ✅ 0 взято | 🗑️ 0 мусор
2026-05-26 14:59:17,531 | INFO     |   → 557/1011: ✅ 0 взято | 🗑️ 50 мусор
2026-05-26 14:59:17,531 | INFO     |   → 558/1011: ✅ 5 взято | 🗑️ 206 мусор
2026-05-26 14:59:17,531 | INFO     |   → 559/1011: ✅ 21 взято | 🗑️ 138 мусор
2026-05-26 14:59:17,531 | INFO     |   → 560/1011: ✅ 23 взято | 🗑️ 89 мусор
2026-05-26 14:59:17,531 | INFO     |   → 561/1011: ✅ 9 взято | 🗑️ 85 мусор
2026-05-26 14:59:17,531 | INFO     |   → 562/1011: ✅ 0 взято | 🗑️ 129 мусор
2026-05-26 14:59:17,531 | INFO     |   → 563/1011: ✅ 0 взято | 🗑️ 81 мусор
2026-05-26 14:59:17,531 | INFO     |   → 564/1011 ❌ HTTP 404 — https://raw.githubusercontent.com/STR97/STRUGOV/refs/heads/main/STR.BYPASS
2026-05-26 14:59:17,531 | INFO     |   → 565/1011: ✅ 4 взято | 🗑️ 34 мусор
2026-05-26 14:59:17,531 | INFO     |   → 566/1011: ✅ 11 взято | 🗑️ 16 мусор
2026-05-26 14:59:17,531 | INFO     |   → 567/1011: ✅ 0 взято | 🗑️ 16 мусор
2026-05-26 14:59:17,531 | INFO     |   → 568/1011: ✅ 0 взято | 🗑️ 27 мусор
2026-05-26 14:59:17,531 | INFO     |   → 569/1011: ✅ 140 взято | 🗑️ 1153 мусор
2026-05-26 14:59:17,531 | INFO     |   → 570/1011: ✅ 29 взято | 🗑️ 54 мусор
2026-05-26 14:59:17,531 | INFO     |   → 571/1011: ✅ 0 взято | 🗑️ 0 мусор
2026-05-26 14:59:17,531 | INFO     |   → 572/1011: ✅ 0 взято | 🗑️ 0 мусор
2026-05-26 14:59:17,531 | INFO     |   → 573/1011: ✅ 2 взято | 🗑️ 6 мусор
2026-05-26 14:59:17,531 | INFO     |   → 574/1011: ✅ 0 взято | 🗑️ 0 мусор
2026-05-26 14:59:17,531 | INFO     |   → 575/1011: ✅ 0 взято | 🗑️ 6 мусор
2026-05-26 14:59:17,531 | INFO     |   → 576/1011: ✅ 4 взято | 🗑️ 291 мусор
2026-05-26 14:59:17,531 | INFO     |   → 577/1011: ✅ 0 взято | 🗑️ 119 мусор
2026-05-26 14:59:17,531 | INFO     |   → 578/1011: ✅ 0 взято | 🗑️ 0 мусор
2026-05-26 14:59:17,531 | INFO     |   → 579/1011 ❌ HTTP 404 — https://raw.githubusercontent.com/V2RAYCONFIGSPOOL/V2RAY_SUB/main/V2RAY_SUB.txt
2026-05-26 14:59:17,531 | INFO     |   → 580/1011: ✅ 16 взято | 🗑️ 95 мусор
2026-05-26 14:59:17,531 | INFO     |   → 581/1011: ✅ 19 взято | 🗑️ 76 мусор
2026-05-26 14:59:17,531 | INFO     |   → 582/1011: ✅ 0 взято | 🗑️ 0 мусор
2026-05-26 14:59:17,531 | INFO     |   → 583/1011: ✅ 0 взято | 🗑️ 76 мусор
2026-05-26 14:59:17,531 | INFO     |   → 584/1011: ✅ 58 взято | 🗑️ 348 мусор
2026-05-26 14:59:17,531 | INFO     |   → 585/1011: ✅ 0 взято | 🗑️ 0 мусор
2026-05-26 14:59:17,531 | INFO     |   → 586/1011: ✅ 6 взято | 🗑️ 245 мусор
2026-05-26 14:59:17,531 | INFO     |   → 587/1011: ✅ 0 взято | 🗑️ 0 мусор
2026-05-26 14:59:17,531 | INFO     |   → 588/1011: ✅ 3 взято | 🗑️ 322 мусор
2026-05-26 14:59:17,531 | INFO     |   → 589/1011: ✅ 0 взято | 🗑️ 0 мусор
2026-05-26 14:59:17,532 | INFO     |   → 590/1011: ✅ 0 взято | 🗑️ 0 мусор
2026-05-26 14:59:17,532 | INFO     |   → 591/1011: ✅ 3 взято | 🗑️ 268 мусор
2026-05-26 14:59:17,532 | INFO     |   → 592/1011: ✅ 1 взято | 🗑️ 251 мусор
2026-05-26 14:59:17,532 | INFO     |   → 593/1011: ✅ 1 взято | 🗑️ 231 мусор
2026-05-26 14:59:17,532 | INFO     |   → 594/1011: ✅ 0 взято | 🗑️ 17 мусор
2026-05-26 14:59:17,532 | INFO     |   → 595/1011: ✅ 1 взято | 🗑️ 83 мусор
2026-05-26 14:59:17,532 | INFO     |   → 596/1011: ✅ 0 взято | 🗑️ 16 мусор
2026-05-26 14:59:17,532 | INFO     |   → 597/1011: ✅ 0 взято | 🗑️ 16 мусор
2026-05-26 14:59:17,532 | INFO     |   → 598/1011 ❌ HTTP 404 — https://raw.githubusercontent.com/aiboboxx/clashfree/main/clash.yml
2026-05-26 14:59:17,532 | INFO     |   → 599/1011 ❌ HTTP 404 — https://raw.githubusercontent.com/aiboboxx/v2rayfree/main/v2
2026-05-26 14:59:17,532 | INFO     |   → 600/1011 ❌ HTTP 404 — https://raw.githubusercontent.com/amirmohammad-mohammad-88/Sub-Reality-Azadi-config/Config/Azadi-Reality-Different
2026-05-26 14:59:17,532 | INFO     |   → 601/1011 ❌ HTTP 404 — https://raw.githubusercontent.com/amirmohammad-mohammad-88/Sub-Reality-Azadi-config/Config/Azadi-Reality-Different-Base64
2026-05-26 14:59:17,532 | INFO     |   → 602/1011: ✅ 1 взято | 🗑️ 17 мусор
2026-05-26 14:59:17,532 | INFO     |   → 603/1011: ✅ 0 взято | 🗑️ 0 мусор
2026-05-26 14:59:17,532 | INFO     |   → 604/1011: ✅ 4 взято | 🗑️ 114 мусор
2026-05-26 14:59:17,532 | INFO     |   → 605/1011: ✅ 18 взято | 🗑️ 65 мусор
2026-05-26 14:59:17,532 | INFO     |   → 606/1011 ❌ HTTP 404 — https://raw.githubusercontent.com/awesome-vpn/awesome-vpn/master/ss
2026-05-26 14:59:17,532 | INFO     |   → 607/1011 ❌ HTTP 404 — https://raw.githubusercontent.com/awesome-vpn/awesome-vpn/master/ssr
2026-05-26 14:59:17,532 | INFO     |   → 608/1011: ✅ 0 взято | 🗑️ 0 мусор
2026-05-26 14:59:17,532 | INFO     |   → 609/1011: ✅ 1 взято | 🗑️ 22 мусор
2026-05-26 14:59:17,532 | INFO     |   → 610/1011: ✅ 0 взято | 🗑️ 153 мусор
2026-05-26 14:59:17,532 | INFO     |   → 611/1011 ❌ HTTP 404 — https://raw.githubusercontent.com/barry-far/V2ray-Configs/ced94ddfff48276ec365b40227561f36b1b64bc8/Sub5.txt
2026-05-26 14:59:17,532 | INFO     |   → 612/1011 ❌ HTTP 404 — https://raw.githubusercontent.com/barry-far/V2ray-Configs/main/Splitted-By-Protocol/hysteria2.txt
2026-05-26 14:59:17,532 | INFO     |   → 613/1011 ❌ HTTP 404 — https://raw.githubusercontent.com/barry-far/V2ray-Configs/main/Splitted-By-Protocol/vless.txt
2026-05-26 14:59:17,532 | INFO     |   → 614/1011 ❌ HTTP 404 — https://raw.githubusercontent.com/barry-far/V2ray-Configs/main/Sub1.txt
2026-05-26 14:59:17,532 | INFO     |   → 615/1011 ❌ HTTP 404 — https://raw.githubusercontent.com/barry-far/V2ray-Configs/refs/heads/main/All_Configs_Sub.txt
2026-05-26 14:59:17,532 | INFO     |   → 616/1011: ✅ 0 взято | 🗑️ 0 мусор
2026-05-26 14:59:17,532 | INFO     |   → 617/1011 ❌ HTTP 404 — https://raw.githubusercontent.com/budamu/clashconfig/main/v2ray.txt
2026-05-26 14:59:17,532 | INFO     |   → 618/1011 ❌ HTTP 404 — https://raw.githubusercontent.com/budamu/clashconfig/main/v2ray2.txt
2026-05-26 14:59:17,532 | INFO     |   → 619/1011: ✅ 0 взято | 🗑️ 0 мусор
2026-05-26 14:59:17,532 | INFO     |   → 620/1011: ✅ 0 взято | 🗑️ 442 мусор
2026-05-26 14:59:17,532 | INFO     |   → 621/1011: ✅ 0 взято | 🗑️ 0 мусор
2026-05-26 14:59:17,532 | INFO     |   → 622/1011 ❌ HTTP 404 — https://raw.githubusercontent.com/chxxyz2004/zd/17fca23b73c46b5dd73e9be49b14d219b5e5f836/sub/2401/240110.txt
2026-05-26 14:59:17,532 | INFO     |   → 623/1011: ✅ 0 взято | 🗑️ 44 мусор
2026-05-26 14:59:17,532 | INFO     |   → 624/1011: ✅ 236 взято | 🗑️ 517 мусор
2026-05-26 14:59:17,532 | INFO     |   → 625/1011 ❌ HTTP 404 — https://raw.githubusercontent.com/cxr9912/cxr2022/main/free.yaml
2026-05-26 14:59:17,532 | INFO     |   → 626/1011 ❌ HTTP 404 — https://raw.githubusercontent.com/cxr9912/cxr2022/main/mix.yaml
2026-05-26 14:59:17,532 | INFO     |   → 627/1011 ❌ HTTP 404 — https://raw.githubusercontent.com/cxr9912/cxr2022/main/ss.yaml
2026-05-26 14:59:17,532 | INFO     |   → 628/1011 ❌ HTTP 404 — https://raw.githubusercontent.com/cxr9912/cxr2022/main/ssr.yaml
2026-05-26 14:59:17,532 | INFO     |   → 629/1011 ❌ HTTP 404 — https://raw.githubusercontent.com/cxr9912/cxr2022/main/vmess.yaml
2026-05-26 14:59:17,532 | INFO     |   → 630/1011 ❌ HTTP 404 — https://raw.githubusercontent.com/cxr9912/cxr2022/refs/heads/main/18cj.json
2026-05-26 14:59:17,533 | INFO     |   → 631/1011 ❌ HTTP 404 — https://raw.githubusercontent.com/cxr9912/cxr2022/refs/heads/main/aaaaaaaa.yaml
2026-05-26 14:59:17,533 | INFO     |   → 632/1011 ❌ HTTP 404 — https://raw.githubusercontent.com/cxr9912/cxr2022/refs/heads/main/free.yaml
2026-05-26 14:59:17,533 | INFO     |   → 633/1011 ❌ HTTP 404 — https://raw.githubusercontent.com/cxr9912/cxr2022/refs/heads/main/ss2088.txt
2026-05-26 14:59:17,533 | INFO     |   → 634/1011: ✅ 0 взято | 🗑️ 18 мусор
2026-05-26 14:59:17,533 | INFO     |   → 635/1011: ✅ 0 взято | 🗑️ 18 мусор
2026-05-26 14:59:17,533 | INFO     |   → 636/1011: ✅ 6 взято | 🗑️ 78 мусор
2026-05-26 14:59:17,533 | INFO     |   → 637/1011: ✅ 6 взято | 🗑️ 4 мусор
2026-05-26 14:59:17,533 | INFO     |   → 638/1011: ✅ 0 взято | 🗑️ 2 мусор
2026-05-26 14:59:17,533 | INFO     |   → 639/1011: ✅ 0 взято | 🗑️ 2 мусор
2026-05-26 14:59:17,533 | INFO     |   → 640/1011: ✅ 0 взято | 🗑️ 2 мусор
2026-05-26 14:59:17,533 | INFO     |   → 641/1011: ✅ 0 взято | 🗑️ 3 мусор
2026-05-26 14:59:17,533 | INFO     |   → 642/1011: ✅ 0 взято | 🗑️ 2 мусор
2026-05-26 14:59:17,533 | INFO     |   → 643/1011: ✅ 0 взято | 🗑️ 9 мусор
2026-05-26 14:59:17,533 | INFO     |   → 644/1011: ✅ 1 взято | 🗑️ 1 мусор
2026-05-26 14:59:17,533 | INFO     |   → 645/1011: ✅ 0 взято | 🗑️ 10 мусор
2026-05-26 14:59:17,533 | INFO     |   → 646/1011: ✅ 0 взято | 🗑️ 2 мусор
2026-05-26 14:59:17,533 | INFO     |   → 647/1011: ✅ 0 взято | 🗑️ 0 мусор
2026-05-26 14:59:17,533 | INFO     |   → 648/1011: ✅ 3735 взято | 🗑️ 87313 мусор
2026-05-26 14:59:17,533 | INFO     |   → 649/1011: ✅ 88 взято | 🗑️ 1217 мусор
2026-05-26 14:59:17,533 | INFO     |   → 650/1011: ✅ 6 взято | 🗑️ 113 мусор
2026-05-26 14:59:17,533 | INFO     |   → 651/1011: ✅ 0 взято | 🗑️ 0 мусор
2026-05-26 14:59:17,533 | INFO     |   → 652/1011: ✅ 1 взято | 🗑️ 25 мусор
2026-05-26 14:59:17,533 | INFO     |   → 653/1011: ✅ 0 взято | 🗑️ 0 мусор
2026-05-26 14:59:17,533 | INFO     |   → 654/1011: ✅ 13 взято | 🗑️ 19 мусор
2026-05-26 14:59:17,533 | INFO     |   → 655/1011: ✅ 0 взято | 🗑️ 5 мусор
2026-05-26 14:59:17,533 | INFO     |   → 656/1011: ✅ 2 взято | 🗑️ 80 мусор
2026-05-26 14:59:17,533 | INFO     |   → 657/1011 ❌ HTTP 404 — https://raw.githubusercontent.com/free-nodes/v2rayfree/main/v2
2026-05-26 14:59:17,533 | INFO     |   → 658/1011 ❌ HTTP 404 — https://raw.githubusercontent.com/free-v2ray-config/trojan/main/trojan.txt
2026-05-26 14:59:17,533 | INFO     |   → 659/1011 ❌ HTTP 404 — https://raw.githubusercontent.com/free-v2ray-config/vless/main/vless.txt
2026-05-26 14:59:17,533 | INFO     |   → 660/1011 ❌ HTTP 404 — https://raw.githubusercontent.com/free-v2ray-config/vmess/main/vmess.txt
2026-05-26 14:59:17,533 | INFO     |   → 661/1011: ✅ 5 взято | 🗑️ 169 мусор
2026-05-26 14:59:17,533 | INFO     |   → 662/1011: ✅ 34 взято | 🗑️ 121 мусор
2026-05-26 14:59:17,533 | INFO     |   → 663/1011: ✅ 4 взято | 🗑️ 97 мусор
2026-05-26 14:59:17,533 | INFO     |   → 664/1011 ❌ HTTP 404 — https://raw.githubusercontent.com/free18/v2ray/main/Clash.yaml
2026-05-26 14:59:17,533 | INFO     |   → 665/1011: ✅ 0 взято | 🗑️ 0 мусор
2026-05-26 14:59:17,533 | INFO     |   → 666/1011: ✅ 0 взято | 🗑️ 15 мусор
2026-05-26 14:59:17,533 | INFO     |   → 667/1011: ✅ 0 взято | 🗑️ 0 мусор
2026-05-26 14:59:17,533 | INFO     |   → 668/1011: ✅ 0 взято | 🗑️ 8 мусор
2026-05-26 14:59:17,533 | INFO     |   → 669/1011: ✅ 0 взято | 🗑️ 8 мусор
2026-05-26 14:59:17,534 | INFO     |   → 670/1011: ✅ 0 взято | 🗑️ 8 мусор
2026-05-26 14:59:17,534 | INFO     |   → 671/1011: ✅ 0 взято | 🗑️ 8 мусор
2026-05-26 14:59:17,534 | INFO     |   → 672/1011 ❌ HTTP 404 — https://raw.githubusercontent.com/freev2rayconfig/V2RAY_SUB/3e6a7786a1601ee3723e8d043ae79e70dbdfd9a8/v2rayconfigs.txt
2026-05-26 14:59:17,534 | INFO     |   → 673/1011 ❌ HTTP 404 — https://raw.githubusercontent.com/freev2rayconfig/V2RAY_SUBSCRIPTION_LINK/main/v2rayconfigs.txt
2026-05-26 14:59:17,534 | INFO     |   → 674/1011 ❌ HTTP 404 — https://raw.githubusercontent.com/gfpcom/free-proxy-list/main/list/http.txt
2026-05-26 14:59:17,534 | INFO     |   → 675/1011 ❌ HTTP 404 — https://raw.githubusercontent.com/gfpcom/free-proxy-list/main/list/https.txt
2026-05-26 14:59:17,534 | INFO     |   → 676/1011 ❌ HTTP 404 — https://raw.githubusercontent.com/gfpcom/free-proxy-list/main/list/socks4.txt
2026-05-26 14:59:17,534 | INFO     |   → 677/1011 ❌ HTTP 404 — https://raw.githubusercontent.com/gfpcom/free-proxy-list/main/list/socks4a.txt
2026-05-26 14:59:17,534 | INFO     |   → 678/1011 ❌ HTTP 404 — https://raw.githubusercontent.com/gfpcom/free-proxy-list/main/list/socks5.txt
2026-05-26 14:59:17,534 | INFO     |   → 679/1011 ❌ HTTP 404 — https://raw.githubusercontent.com/gfpcom/free-proxy-list/main/list/socks5h.txt
2026-05-26 14:59:17,534 | INFO     |   → 680/1011 ❌ HTTP 404 — https://raw.githubusercontent.com/gfpcom/free-proxy-list/main/list/ss.txt
2026-05-26 14:59:17,534 | INFO     |   → 681/1011 ❌ HTTP 404 — https://raw.githubusercontent.com/gfpcom/free-proxy-list/main/list/ssr.txt
2026-05-26 14:59:17,534 | INFO     |   → 682/1011 ❌ HTTP 404 — https://raw.githubusercontent.com/gfpcom/free-proxy-list/main/list/trojan.txt
2026-05-26 14:59:17,534 | INFO     |   → 683/1011 ❌ HTTP 404 — https://raw.githubusercontent.com/gfpcom/free-proxy-list/main/list/vless.txt
2026-05-26 14:59:17,534 | INFO     |   → 684/1011 ❌ HTTP 404 — https://raw.githubusercontent.com/gfpcom/free-proxy-list/main/list/vmess.txt
2026-05-26 14:59:17,534 | INFO     |   → 685/1011: ✅ 0 взято | 🗑️ 17 мусор
2026-05-26 14:59:17,534 | INFO     |   → 686/1011: ✅ 0 взято | 🗑️ 0 мусор
2026-05-26 14:59:17,534 | INFO     |   → 687/1011: ✅ 4 взято | 🗑️ 63 мусор
2026-05-26 14:59:17,534 | INFO     |   → 688/1011 ❌ HTTP 404 — https://raw.githubusercontent.com/hameed-maleki/TVC/89a4522969c57dcc22458cae9898426e5c4f2679/lite/config.txt
2026-05-26 14:59:17,534 | INFO     |   → 689/1011: ✅ 5 взято | 🗑️ 132 мусор
2026-05-26 14:59:17,534 | INFO     |   → 690/1011: ✅ 0 взято | 🗑️ 56 мусор
2026-05-26 14:59:17,534 | INFO     |   → 691/1011 ❌ HTTP 404 — https://raw.githubusercontent.com/hkaa0/permalink/main/proxy/V2ray
2026-05-26 14:59:17,534 | INFO     |   → 692/1011 ❌ HTTP 404 — https://raw.githubusercontent.com/hkaa0/permalink/main/proxy/clash
2026-05-26 14:59:17,534 | INFO     |   → 693/1011 ❌ HTTP 404 — https://raw.githubusercontent.com/hkpc/Autoproxy/6cf946ddfc677a29062007e4b47d70674474baa7/sub/2401/240110.txt
2026-05-26 14:59:17,534 | INFO     |   → 694/1011 ❌ HTTP 404 — https://raw.githubusercontent.com/hkpc/V2ray-Configs/7d9aa0dabf947af180a7dd6302818ed37950531a/Sub1.txt
2026-05-26 14:59:17,534 | INFO     |   → 695/1011: ✅ 0 взято | 🗑️ 14 мусор
2026-05-26 14:59:17,534 | INFO     |   → 696/1011: ✅ 16 взято | 🗑️ 16 мусор
2026-05-26 14:59:17,534 | INFO     |   → 697/1011 ❌ HTTP 404 — https://raw.githubusercontent.com/iboxz/free-v2ray-collector/main/main
2026-05-26 14:59:17,534 | INFO     |   → 698/1011: ✅ 10 взято | 🗑️ 15 мусор
2026-05-26 14:59:17,534 | INFO     |   → 699/1011: ✅ 8 взято | 🗑️ 22 мусор
2026-05-26 14:59:17,534 | INFO     |   → 700/1011: ✅ 56 взято | 🗑️ 215 мусор
2026-05-26 14:59:17,534 | INFO     |   → 701/1011 ❌ HTTP 404 — https://raw.githubusercontent.com/igareck/vpn-configs-for-russia/refs/heads/main/Vless-Reality-White-Lists-Rus-Cable.txt
2026-05-26 14:59:17,534 | INFO     |   → 702/1011: ✅ 28 взято | 🗑️ 0 мусор
2026-05-26 14:59:17,534 | INFO     |   → 703/1011: ✅ 0 взято | 🗑️ 0 мусор
2026-05-26 14:59:17,534 | INFO     |   → 704/1011: ✅ 0 взято | 🗑️ 0 мусор
2026-05-26 14:59:17,534 | INFO     |   → 705/1011: ✅ 23 взято | 🗑️ 9 мусор
2026-05-26 14:59:17,534 | INFO     |   → 706/1011: ✅ 0 взято | 🗑️ 0 мусор
2026-05-26 14:59:17,534 | INFO     |   → 707/1011: ✅ 0 взято | 🗑️ 0 мусор
2026-05-26 14:59:17,534 | INFO     |   → 708/1011: ✅ 0 взято | 🗑️ 12 мусор
2026-05-26 14:59:17,534 | INFO     |   → 709/1011: ✅ 0 взято | 🗑️ 43 мусор
2026-05-26 14:59:17,534 | INFO     |   → 710/1011 ❌ HTTP 404 — https://raw.githubusercontent.com/jw853355718/clash_233/master/config.yml
2026-05-26 14:59:17,534 | INFO     |   → 711/1011: ✅ 0 взято | 🗑️ 210 мусор
2026-05-26 14:59:17,535 | INFO     |   → 712/1011: ✅ 0 взято | 🗑️ 0 мусор
2026-05-26 14:59:17,535 | INFO     |   → 713/1011: ✅ 0 взято | 🗑️ 0 мусор
2026-05-26 14:59:17,535 | INFO     |   → 714/1011 ❌ HTTP 404 — https://raw.githubusercontent.com/lcx12901/v2ray-/master/sspool.herokuapp.com/yzcloud.yaml
2026-05-26 14:59:17,535 | INFO     |   → 715/1011 ❌ HTTP 404 — https://raw.githubusercontent.com/lcx12901/v2ray-/master/sspool.herokuapp.com/yzcloud2.yaml
2026-05-26 14:59:17,535 | INFO     |   → 716/1011: ✅ 0 взято | 🗑️ 0 мусор
2026-05-26 14:59:17,535 | INFO     |   → 717/1011 ❌ HTTP 404 — https://raw.githubusercontent.com/learnhard-cn/free_proxy_ss/main/clash/config.yaml
2026-05-26 14:59:17,535 | INFO     |   → 718/1011: ✅ 0 взято | 🗑️ 8 мусор
2026-05-26 14:59:17,535 | INFO     |   → 719/1011: ✅ 0 взято | 🗑️ 4 мусор
2026-05-26 14:59:17,535 | INFO     |   → 720/1011: ✅ 0 взято | 🗑️ 0 мусор
2026-05-26 14:59:17,535 | INFO     |   → 721/1011: ✅ 0 взято | 🗑️ 4 мусор
2026-05-26 14:59:17,535 | INFO     |   → 722/1011: ✅ 0 взято | 🗑️ 149 мусор
2026-05-26 14:59:17,535 | INFO     |   → 723/1011: ✅ 0 взято | 🗑️ 421 мусор
2026-05-26 14:59:17,535 | INFO     |   → 724/1011 ❌ HTTP 404 — https://raw.githubusercontent.com/lisylva-lee/v2dyku/main/ssr
2026-05-26 14:59:17,535 | INFO     |   → 725/1011 ❌ HTTP 404 — https://raw.githubusercontent.com/lisylva-lee/v2dyku/main/v2dy
2026-05-26 14:59:17,535 | INFO     |   → 726/1011: ✅ 0 взято | 🗑️ 53 мусор
2026-05-26 14:59:17,535 | INFO     |   → 727/1011 ❌ HTTP 404 — https://raw.githubusercontent.com/luxl-1379/merge/77247d23def72b25226dfa741614e9b07a569c72/sub/sub_merge_base64.txt
2026-05-26 14:59:17,535 | INFO     |   → 728/1011: ✅ 146 взято | 🗑️ 343 мусор
2026-05-26 14:59:17,535 | INFO     |   → 729/1011: ✅ 0 взято | 🗑️ 126 мусор
2026-05-26 14:59:17,535 | INFO     |   → 730/1011: ✅ 1024 взято | 🗑️ 3924 мусор
2026-05-26 14:59:17,535 | INFO     |   → 731/1011: ✅ 0 взято | 🗑️ 0 мусор
2026-05-26 14:59:17,535 | INFO     |   → 732/1011: ✅ 0 взято | 🗑️ 3924 мусор
2026-05-26 14:59:17,535 | INFO     |   → 733/1011: ✅ 20 взято | 🗑️ 370 мусор
2026-05-26 14:59:17,535 | INFO     |   → 734/1011 ❌ HTTP 404 — https://raw.githubusercontent.com/mermeroo/Clash-V2ray/main/v2ray
2026-05-26 14:59:17,535 | INFO     |   → 735/1011: ✅ 15 взято | 🗑️ 417 мусор
2026-05-26 14:59:17,535 | INFO     |   → 736/1011: ✅ 6 взято | 🗑️ 102 мусор
2026-05-26 14:59:17,535 | INFO     |   → 737/1011: ✅ 716 взято | 🗑️ 6258 мусор
2026-05-26 14:59:17,535 | INFO     |   → 738/1011: ✅ 8 взято | 🗑️ 853 мусор
2026-05-26 14:59:17,535 | INFO     |   → 739/1011: ✅ 32 взято | 🗑️ 69 мусор
2026-05-26 14:59:17,535 | INFO     |   → 740/1011 ❌ HTTP 404 — https://raw.githubusercontent.com/mermeroo/free-v2ray-collector/main/main/mix
2026-05-26 14:59:17,535 | INFO     |   → 741/1011 ❌ HTTP 404 — https://raw.githubusercontent.com/mermeroo/free-v2ray-collector/main/main/reality
2026-05-26 14:59:17,535 | INFO     |   → 742/1011 ❌ HTTP 404 — https://raw.githubusercontent.com/mermeroo/free-v2ray-collector/main/main/shadowsocks
2026-05-26 14:59:17,535 | INFO     |   → 743/1011 ❌ HTTP 404 — https://raw.githubusercontent.com/mermeroo/free-v2ray-collector/main/main/trojan
2026-05-26 14:59:17,535 | INFO     |   → 744/1011 ❌ HTTP 404 — https://raw.githubusercontent.com/mermeroo/free-v2ray-collector/main/main/vless
2026-05-26 14:59:17,535 | INFO     |   → 745/1011 ❌ HTTP 404 — https://raw.githubusercontent.com/mermeroo/free-v2ray-collector/main/main/vmess
2026-05-26 14:59:17,535 | INFO     |   → 746/1011 ❌ HTTP 404 — https://raw.githubusercontent.com/mfuu/v2ray/master/merge/merge.txt
2026-05-26 14:59:17,536 | INFO     |   → 747/1011: ✅ 0 взято | 🗑️ 62 мусор
2026-05-26 14:59:17,536 | INFO     |   → 748/1011: ✅ 0 взято | 🗑️ 62 мусор
2026-05-26 14:59:17,536 | INFO     |   → 749/1011: ✅ 564 взято | 🗑️ 15067 мусор
2026-05-26 14:59:17,536 | INFO     |   → 750/1011: ✅ 0 взято | 🗑️ 15067 мусор
2026-05-26 14:59:17,536 | INFO     |   → 751/1011: ✅ 0 взято | 🗑️ 3085 мусор
2026-05-26 14:59:17,536 | INFO     |   → 752/1011: ✅ 0 взято | 🗑️ 1975 мусор
2026-05-26 14:59:17,536 | INFO     |   → 753/1011: ✅ 0 взято | 🗑️ 5398 мусор
2026-05-26 14:59:17,536 | INFO     |   → 754/1011: ✅ 0 взято | 🗑️ 4609 мусор
2026-05-26 14:59:17,536 | INFO     |   → 755/1011 ❌ HTTP 404 — https://raw.githubusercontent.com/mianous/qiren/main/qiren.txt
2026-05-26 14:59:17,536 | INFO     |   → 756/1011 ❌ HTTP 404 — https://raw.githubusercontent.com/miladtahanian/V2RayCFGDumper/refs/heads/main/config.txt
2026-05-26 14:59:17,536 | INFO     |   → 757/1011 ❌ HTTP 404 — https://raw.githubusercontent.com/miladtahanian/multi-proxy-config-fetcher/refs/heads/main/configs/proxy_configs.txt
2026-05-26 14:59:17,536 | INFO     |   → 758/1011: ✅ 0 взято | 🗑️ 0 мусор
2026-05-26 14:59:17,536 | INFO     |   → 759/1011: ✅ 0 взято | 🗑️ 0 мусор
2026-05-26 14:59:17,536 | INFO     |   → 760/1011: ✅ 0 взято | 🗑️ 0 мусор
2026-05-26 14:59:17,536 | INFO     |   → 761/1011: ✅ 15 взято | 🗑️ 46 мусор
2026-05-26 14:59:17,536 | INFO     |   → 762/1011: ✅ 0 взято | 🗑️ 215 мусор
2026-05-26 14:59:17,536 | INFO     |   → 763/1011: ✅ 0 взято | 🗑️ 0 мусор
2026-05-26 14:59:17,536 | INFO     |   → 764/1011: ✅ 28 взято | 🗑️ 93 мусор
2026-05-26 14:59:17,536 | INFO     |   → 765/1011: ✅ 0 взято | 🗑️ 0 мусор
2026-05-26 14:59:17,536 | INFO     |   → 766/1011: ✅ 15 взято | 🗑️ 70 мусор
2026-05-26 14:59:17,536 | INFO     |   → 767/1011: ✅ 127 взято | 🗑️ 492 мусор
2026-05-26 14:59:17,536 | INFO     |   → 768/1011: ✅ 331 взято | 🗑️ 190 мусор
2026-05-26 14:59:17,536 | INFO     |   → 769/1011: ✅ 27 взято | 🗑️ 760 мусор
2026-05-26 14:59:17,536 | INFO     |   → 770/1011 ❌ HTTP 404 — https://raw.githubusercontent.com/obscure1990/freeVM/master/snippets/nodes.yml
2026-05-26 14:59:17,536 | INFO     |   → 771/1011 ❌ HTTP 404 — https://raw.githubusercontent.com/op30mmd/things/909b38024ba14d69dc0f95c238f63bc6e930a00f/eut.txt
2026-05-26 14:59:17,536 | INFO     |   → 772/1011 ❌ HTTP 404 — https://raw.githubusercontent.com/openRunner/clash-freenode/main/v2ray.txt
2026-05-26 14:59:17,536 | INFO     |   → 773/1011 ❌ HTTP 404 — https://raw.githubusercontent.com/oslook/clash-freenode/main/clash.yaml
2026-05-26 14:59:17,536 | INFO     |   → 774/1011: ✅ 0 взято | 🗑️ 0 мусор
2026-05-26 14:59:17,536 | INFO     |   → 775/1011: ✅ 4 взято | 🗑️ 1 мусор
2026-05-26 14:59:17,536 | INFO     |   → 776/1011: ✅ 0 взято | 🗑️ 0 мусор
2026-05-26 14:59:17,536 | INFO     |   → 777/1011: ✅ 33 взято | 🗑️ 171 мусор
2026-05-26 14:59:17,536 | INFO     |   → 778/1011: ✅ 0 взято | 🗑️ 0 мусор
2026-05-26 14:59:17,536 | INFO     |   → 779/1011: ✅ 0 взято | 🗑️ 0 мусор
2026-05-26 14:59:17,536 | INFO     |   → 780/1011: ✅ 0 взято | 🗑️ 19 мусор
2026-05-26 14:59:17,536 | INFO     |   → 781/1011: ✅ 0 взято | 🗑️ 44 мусор
2026-05-26 14:59:17,537 | INFO     |   → 782/1011: ✅ 63 взято | 🗑️ 521 мусор
2026-05-26 14:59:17,537 | INFO     |   → 783/1011: ✅ 165 взято | 🗑️ 273 мусор
2026-05-26 14:59:17,537 | INFO     |   → 784/1011: ✅ 0 взято | 🗑️ 0 мусор
2026-05-26 14:59:17,537 | INFO     |   → 785/1011: ✅ 28 взято | 🗑️ 211 мусор
2026-05-26 14:59:17,537 | INFO     |   → 786/1011: ✅ 0 взято | 🗑️ 79 мусор
2026-05-26 14:59:17,537 | INFO     |   → 787/1011: ✅ 13 взято | 🗑️ 32 мусор
2026-05-26 14:59:17,537 | INFO     |   → 788/1011: ✅ 0 взято | 🗑️ 0 мусор
2026-05-26 14:59:17,537 | INFO     |   → 789/1011: ✅ 2 взято | 🗑️ 9 мусор
2026-05-26 14:59:17,537 | INFO     |   → 790/1011: ✅ 11 взято | 🗑️ 76 мусор
2026-05-26 14:59:17,537 | INFO     |   → 791/1011: ✅ 0 взято | 🗑️ 168 мусор
2026-05-26 14:59:17,537 | INFO     |   → 792/1011: ✅ 0 взято | 🗑️ 79 мусор
2026-05-26 14:59:17,537 | INFO     |   → 793/1011: ✅ 0 взято | 🗑️ 16 мусор
2026-05-26 14:59:17,537 | INFO     |   → 794/1011 ❌ HTTP 404 — https://raw.githubusercontent.com/ronghuaxueleng/get_v2/main/pub/changfengoss.yaml
2026-05-26 14:59:17,537 | INFO     |   → 795/1011: ✅ 0 взято | 🗑️ 0 мусор
2026-05-26 14:59:17,537 | INFO     |   → 796/1011: ✅ 43 взято | 🗑️ 106 мусор
2026-05-26 14:59:17,537 | INFO     |   → 797/1011: ✅ 0 взято | 🗑️ 106 мусор
2026-05-26 14:59:17,537 | INFO     |   → 798/1011 ❌ HTTP 404 — https://raw.githubusercontent.com/rxsweet/CM_Vmess/refs/heads/main/test.txt
2026-05-26 14:59:17,537 | INFO     |   → 799/1011 ❌ HTTP 404 — https://raw.githubusercontent.com/rxsweet/proxies/main/sub/free.yaml
2026-05-26 14:59:17,537 | INFO     |   → 800/1011 ❌ HTTP 404 — https://raw.githubusercontent.com/rxsweet/proxies/main/sub/rx.yaml
2026-05-26 14:59:17,537 | INFO     |   → 801/1011 ❌ HTTP 404 — https://raw.githubusercontent.com/rxsweet/proxies/main/sub/sources/dynamicAll.yaml
2026-05-26 14:59:17,537 | INFO     |   → 802/1011 ❌ HTTP 404 — https://raw.githubusercontent.com/rxsweet/proxies/main/sub/sources/miningAll.yaml
2026-05-26 14:59:17,537 | INFO     |   → 803/1011 ❌ HTTP 404 — https://raw.githubusercontent.com/rxsweet/proxies/main/sub/srx.yaml
2026-05-26 14:59:17,537 | INFO     |   → 804/1011 ❌ HTTP 404 — https://raw.githubusercontent.com/sajad-sajadi/V2ray-Collector/raw/main/output/protocols/vmess.txt
2026-05-26 14:59:17,537 | INFO     |   → 805/1011 ❌ HTTP 404 — https://raw.githubusercontent.com/sakha1370/OpenRay/raw/refs/heads/main/output/all_valid_proxies.txt
2026-05-26 14:59:17,537 | INFO     |   → 806/1011: ✅ 53 взято | 🗑️ 399 мусор
2026-05-26 14:59:17,537 | INFO     |   → 807/1011: ✅ 0 взято | 🗑️ 399 мусор
2026-05-26 14:59:17,537 | INFO     |   → 808/1011 ❌ HTTP 404 — https://raw.githubusercontent.com/samjoeyang/subscribe/main/fly
2026-05-26 14:59:17,537 | INFO     |   → 809/1011: ✅ 0 взято | 🗑️ 0 мусор
2026-05-26 14:59:17,537 | INFO     |   → 810/1011 ❌ HTTP 404 — https://raw.githubusercontent.com/sarina-ad/v2ray/main/v2ray
2026-05-26 14:59:17,537 | INFO     |   → 811/1011 ❌ HTTP 404 — https://raw.githubusercontent.com/satrom/V2SSR/master/SSR/Sub.txt
2026-05-26 14:59:17,537 | INFO     |   → 812/1011 ❌ HTTP 404 — https://raw.githubusercontent.com/satrom/V2SSR/master/V2RAY/Sub.txt
2026-05-26 14:59:17,537 | INFO     |   → 813/1011: ✅ 2935 взято | 🗑️ 69772 мусор
2026-05-26 14:59:17,537 | INFO     |   → 814/1011: ✅ 0 взято | 🗑️ 0 мусор
2026-05-26 14:59:17,537 | INFO     |   → 815/1011: ✅ 0 взято | 🗑️ 0 мусор
2026-05-26 14:59:17,538 | INFO     |   → 816/1011: ✅ 3 взято | 🗑️ 49 мусор
2026-05-26 14:59:17,538 | INFO     |   → 817/1011: ✅ 164 взято | 🗑️ 1177 мусор
2026-05-26 14:59:17,538 | INFO     |   → 818/1011: ✅ 0 взято | 🗑️ 575 мусор
2026-05-26 14:59:17,538 | INFO     |   → 819/1011: ✅ 0 взято | 🗑️ 74 мусор
2026-05-26 14:59:17,538 | INFO     |   → 820/1011: ✅ 0 взято | 🗑️ 506 мусор
2026-05-26 14:59:17,538 | INFO     |   → 821/1011: ✅ 0 взято | 🗑️ 22 мусор
2026-05-26 14:59:17,538 | INFO     |   → 822/1011: ✅ 0 взято | 🗑️ 1177 мусор
2026-05-26 14:59:17,538 | INFO     |   → 823/1011: ✅ 0 взято | 🗑️ 0 мусор
2026-05-26 14:59:17,538 | INFO     |   → 824/1011 ❌ HTTP 404 — https://raw.githubusercontent.com/shirkerboy/scp/main/sub
2026-05-26 14:59:17,538 | INFO     |   → 825/1011 ❌ HTTP 404 — https://raw.githubusercontent.com/snakem982/proxypool/main/nodelist.txt
2026-05-26 14:59:17,538 | INFO     |   → 826/1011: ✅ 33 взято | 🗑️ 65 мусор
2026-05-26 14:59:17,538 | INFO     |   → 827/1011 ❌ HTTP 404 — https://raw.githubusercontent.com/snakem982/proxypool/main/source/v2ray.txt
2026-05-26 14:59:17,538 | INFO     |   → 828/1011 ❌ HTTP 404 — https://raw.githubusercontent.com/soroushmirzaei/telegram-configs-collector/main/channels/protocols/hysteria
2026-05-26 14:59:17,538 | INFO     |   → 829/1011 ❌ HTTP 404 — https://raw.githubusercontent.com/soroushmirzaei/telegram-configs-collector/main/channels/protocols/juicity
2026-05-26 14:59:17,538 | INFO     |   → 830/1011 ❌ HTTP 404 — https://raw.githubusercontent.com/soroushmirzaei/telegram-configs-collector/main/channels/protocols/reality
2026-05-26 14:59:17,538 | INFO     |   → 831/1011 ❌ HTTP 404 — https://raw.githubusercontent.com/soroushmirzaei/telegram-configs-collector/main/channels/protocols/shadowsocks
2026-05-26 14:59:17,538 | INFO     |   → 832/1011 ❌ HTTP 404 — https://raw.githubusercontent.com/soroushmirzaei/telegram-configs-collector/main/channels/protocols/trojan
2026-05-26 14:59:17,538 | INFO     |   → 833/1011 ❌ HTTP 404 — https://raw.githubusercontent.com/soroushmirzaei/telegram-configs-collector/main/channels/protocols/tuic
2026-05-26 14:59:17,538 | INFO     |   → 834/1011 ❌ HTTP 404 — https://raw.githubusercontent.com/soroushmirzaei/telegram-configs-collector/main/channels/protocols/vless
2026-05-26 14:59:17,538 | INFO     |   → 835/1011 ❌ HTTP 404 — https://raw.githubusercontent.com/soroushmirzaei/telegram-configs-collector/main/channels/protocols/vmess
2026-05-26 14:59:17,538 | INFO     |   → 836/1011 ❌ HTTP 404 — https://raw.githubusercontent.com/soroushmirzaei/telegram-configs-collector/main/countries/jp/mixed
2026-05-26 14:59:17,538 | INFO     |   → 837/1011 ❌ HTTP 404 — https://raw.githubusercontent.com/soroushmirzaei/telegram-configs-collector/main/protocols/hysteria
2026-05-26 14:59:17,538 | INFO     |   → 838/1011 ❌ HTTP 404 — https://raw.githubusercontent.com/soroushmirzaei/telegram-configs-collector/main/protocols/juicity
2026-05-26 14:59:17,538 | INFO     |   → 839/1011 ❌ HTTP 404 — https://raw.githubusercontent.com/soroushmirzaei/telegram-configs-collector/main/protocols/reality
2026-05-26 14:59:17,538 | INFO     |   → 840/1011 ❌ HTTP 404 — https://raw.githubusercontent.com/soroushmirzaei/telegram-configs-collector/main/protocols/shadowsocks
2026-05-26 14:59:17,538 | INFO     |   → 841/1011 ❌ HTTP 404 — https://raw.githubusercontent.com/soroushmirzaei/telegram-configs-collector/main/protocols/trojan
2026-05-26 14:59:17,538 | INFO     |   → 842/1011 ❌ HTTP 404 — https://raw.githubusercontent.com/soroushmirzaei/telegram-configs-collector/main/protocols/tuic
2026-05-26 14:59:17,538 | INFO     |   → 843/1011 ❌ HTTP 404 — https://raw.githubusercontent.com/soroushmirzaei/telegram-configs-collector/main/protocols/vless
2026-05-26 14:59:17,538 | INFO     |   → 844/1011 ❌ HTTP 404 — https://raw.githubusercontent.com/soroushmirzaei/telegram-configs-collector/main/protocols/vmess
2026-05-26 14:59:17,538 | INFO     |   → 845/1011 ❌ HTTP 404 — https://raw.githubusercontent.com/soroushmirzaei/telegram-configs-collector/main/splitted/subscribe
2026-05-26 14:59:17,538 | INFO     |   → 846/1011 ❌ HTTP 404 — https://raw.githubusercontent.com/ssrsub/ssr/master/Clash.yml
2026-05-26 14:59:17,538 | INFO     |   → 847/1011 ❌ HTTP 404 — https://raw.githubusercontent.com/ssrsub/ssr/master/V2Ray
2026-05-26 14:59:17,538 | INFO     |   → 848/1011 ❌ HTTP 404 — https://raw.githubusercontent.com/ssrsub/ssr/master/ss-sub
2026-05-26 14:59:17,539 | INFO     |   → 849/1011 ❌ HTTP 404 — https://raw.githubusercontent.com/ssrsub/ssr/master/ssrsub
2026-05-26 14:59:17,539 | INFO     |   → 850/1011 ❌ HTTP 404 — https://raw.githubusercontent.com/ssrsub/ssr/master/trojan
2026-05-26 14:59:17,539 | INFO     |   → 851/1011: ✅ 0 взято | 🗑️ 0 мусор
2026-05-26 14:59:17,539 | INFO     |   → 852/1011: ✅ 2 взято | 🗑️ 12 мусор
2026-05-26 14:59:17,539 | INFO     |   → 853/1011: ✅ 0 взято | 🗑️ 13 мусор
2026-05-26 14:59:17,539 | INFO     |   → 854/1011: ✅ 0 взято | 🗑️ 13 мусор
2026-05-26 14:59:17,539 | INFO     |   → 855/1011 ❌ HTTP 404 — https://raw.githubusercontent.com/tbbatbb/Proxy/master/dist/clash.config.yaml
2026-05-26 14:59:17,539 | INFO     |   → 856/1011: ✅ 2 взято | 🗑️ 35 мусор
2026-05-26 14:59:17,539 | INFO     |   → 857/1011: ✅ 0 взято | 🗑️ 0 мусор
2026-05-26 14:59:17,539 | INFO     |   → 858/1011: ✅ 5 взято | 🗑️ 111 мусор
2026-05-26 14:59:17,539 | INFO     |   → 859/1011: ✅ 0 взято | 🗑️ 0 мусор
2026-05-26 14:59:17,539 | INFO     |   → 860/1011: ✅ 0 взято | 🗑️ 83 мусор
2026-05-26 14:59:17,539 | INFO     |   → 861/1011 ❌ HTTP 404 — https://raw.githubusercontent.com/v2clash/Autoproxy/a81f840ab2364124133572ec94e4b81fb0d4e58d/sub/2401/240104.txt
2026-05-26 14:59:17,539 | INFO     |   → 862/1011 ❌ HTTP 404 — https://raw.githubusercontent.com/v2clash/V2ray-Configs/31f493c584d0c7b56350f4a34d80c53ad82bcc18/Sub9.txt
2026-05-26 14:59:17,539 | INFO     |   → 863/1011: ✅ 0 взято | 🗑️ 0 мусор
2026-05-26 14:59:17,539 | INFO     |   → 864/1011: ✅ 0 взято | 🗑️ 0 мусор
2026-05-26 14:59:17,539 | INFO     |   → 865/1011: ✅ 0 взято | 🗑️ 0 мусор
2026-05-26 14:59:17,539 | INFO     |   → 866/1011: ✅ 283 взято | 🗑️ 9640 мусор
2026-05-26 14:59:17,539 | INFO     |   → 867/1011: ✅ 281 взято | 🗑️ 10086 мусор
2026-05-26 14:59:17,539 | INFO     |   → 868/1011: ✅ 280 взято | 🗑️ 9675 мусор
2026-05-26 14:59:17,539 | INFO     |   → 869/1011: ✅ 334 взято | 🗑️ 9823 мусор
2026-05-26 14:59:17,539 | INFO     |   → 870/1011: ✅ 350 взято | 🗑️ 9639 мусор
2026-05-26 14:59:17,539 | INFO     |   → 871/1011: ✅ 125 взято | 🗑️ 7919 мусор
2026-05-26 14:59:17,539 | INFO     |   → 872/1011: ✅ 135 взято | 🗑️ 4836 мусор
2026-05-26 14:59:17,539 | INFO     |   → 873/1011: ✅ 502 взято | 🗑️ 7659 мусор
2026-05-26 14:59:17,539 | INFO     |   → 874/1011: ✅ 631 взято | 🗑️ 8081 мусор
2026-05-26 14:59:17,539 | INFO     |   → 875/1011: ✅ 202 взято | 🗑️ 5131 мусор
2026-05-26 14:59:17,539 | INFO     |   → 876/1011 ❌ HTTP 404 — https://raw.githubusercontent.com/vveg26/chromego_merge/main/sub/merged_proxies.yaml
2026-05-26 14:59:17,539 | INFO     |   → 877/1011 ❌ HTTP 404 — https://raw.githubusercontent.com/vveg26/get_proxy/main/dist/clash.config.yaml
2026-05-26 14:59:17,539 | INFO     |   → 878/1011: ✅ 0 взято | 🗑️ 10 мусор
2026-05-26 14:59:17,539 | INFO     |   → 879/1011: ✅ 0 взято | 🗑️ 10 мусор
2026-05-26 14:59:17,539 | INFO     |   → 880/1011: ✅ 0 взято | 🗑️ 4 мусор
2026-05-26 14:59:17,539 | INFO     |   → 881/1011: ✅ 0 взято | 🗑️ 0 мусор
2026-05-26 14:59:17,539 | INFO     |   → 882/1011: ✅ 0 взято | 🗑️ 4 мусор
2026-05-26 14:59:17,539 | INFO     |   → 883/1011: ✅ 106 взято | 🗑️ 689 мусор
2026-05-26 14:59:17,539 | INFO     |   → 884/1011: ✅ 48 взято | 🗑️ 841 мусор
2026-05-26 14:59:17,539 | INFO     |   → 885/1011: ✅ 21 взято | 🗑️ 789 мусор
2026-05-26 14:59:17,540 | INFO     |   → 886/1011: ✅ 24 взято | 🗑️ 774 мусор
2026-05-26 14:59:17,540 | INFO     |   → 887/1011: ✅ 52 взято | 🗑️ 756 мусор
2026-05-26 14:59:17,540 | INFO     |   → 888/1011: ✅ 191 взято | 🗑️ 745 мусор
2026-05-26 14:59:17,540 | INFO     |   → 889/1011: ✅ 9 взято | 🗑️ 651 мусор
2026-05-26 14:59:17,540 | INFO     |   → 890/1011: ✅ 185 взято | 🗑️ 388 мусор
2026-05-26 14:59:17,540 | INFO     |   → 891/1011: ✅ 130 взято | 🗑️ 523 мусор
2026-05-26 14:59:17,540 | INFO     |   → 892/1011: ✅ 67 взято | 🗑️ 533 мусор
2026-05-26 14:59:17,540 | INFO     |   → 893/1011: ✅ 98 взято | 🗑️ 444 мусор
2026-05-26 14:59:17,540 | INFO     |   → 894/1011: ✅ 102 взято | 🗑️ 670 мусор
2026-05-26 14:59:17,540 | INFO     |   → 895/1011: ✅ 86 взято | 🗑️ 476 мусор
2026-05-26 14:59:17,540 | INFO     |   → 896/1011: ✅ 95 взято | 🗑️ 657 мусор
2026-05-26 14:59:17,540 | INFO     |   → 897/1011: ✅ 105 взято | 🗑️ 645 мусор
2026-05-26 14:59:17,540 | INFO     |   → 898/1011: ✅ 115 взято | 🗑️ 985 мусор
2026-05-26 14:59:17,540 | INFO     |   → 899/1011: ✅ 6 взято | 🗑️ 63 мусор
2026-05-26 14:59:17,540 | INFO     |   → 900/1011: ✅ 7 взято | 🗑️ 62 мусор
2026-05-26 14:59:17,540 | INFO     |   → 901/1011: ✅ 39 взято | 🗑️ 489 мусор
2026-05-26 14:59:17,540 | INFO     |   → 902/1011: ✅ 0 взято | 🗑️ 0 мусор
2026-05-26 14:59:17,540 | INFO     |   → 903/1011: ✅ 0 взято | 🗑️ 0 мусор
2026-05-26 14:59:17,540 | INFO     |   → 904/1011: ✅ 0 взято | 🗑️ 0 мусор
2026-05-26 14:59:17,540 | INFO     |   → 905/1011: ✅ 0 взято | 🗑️ 0 мусор
2026-05-26 14:59:17,540 | INFO     |   → 906/1011: ✅ 0 взято | 🗑️ 0 мусор
2026-05-26 14:59:17,540 | INFO     |   → 907/1011: ✅ 0 взято | 🗑️ 52 мусор
2026-05-26 14:59:17,540 | INFO     |   → 908/1011: ✅ 5 взято | 🗑️ 10 мусор
2026-05-26 14:59:17,540 | INFO     |   → 909/1011: ✅ 1 взято | 🗑️ 124 мусор
2026-05-26 14:59:17,540 | INFO     |   → 910/1011: ✅ 114 взято | 🗑️ 107 мусор
2026-05-26 14:59:17,540 | INFO     |   → 911/1011: ✅ 0 взято | 🗑️ 9 мусор
2026-05-26 14:59:17,540 | INFO     |   → 912/1011: ✅ 59 взято | 🗑️ 1618 мусор
2026-05-26 14:59:17,540 | INFO     |   → 913/1011 ❌ HTTP 404 — https://raw.githubusercontent.com/xiaozhu2007/xiaozhu2007/61a755a044dbaeea678bc2d1e20f21a21c6d7170/docs/fxxk.txt
2026-05-26 14:59:17,540 | INFO     |   → 914/1011: ✅ 1 взято | 🗑️ 159 мусор
2026-05-26 14:59:17,540 | INFO     |   → 915/1011: ✅ 0 взято | 🗑️ 22 мусор
2026-05-26 14:59:17,540 | INFO     |   → 916/1011: ✅ 0 взято | 🗑️ 0 мусор
2026-05-26 14:59:17,540 | INFO     |   → 917/1011 ❌ HTTP 404 — https://raw.githubusercontent.com/yebekhe/TVC/0f745f92bf381e505f1245abbc7c145b19b11503/config.txt
2026-05-26 14:59:17,540 | INFO     |   → 918/1011 ❌ HTTP 404 — https://raw.githubusercontent.com/yebekhe/TVC/9fac69239c69327fb7a61f5a8d79d107133889e1/lite/config.txt
2026-05-26 14:59:17,540 | INFO     |   → 919/1011 ❌ HTTP 404 — https://raw.githubusercontent.com/yebekhe/TelegramV2rayCollector/main/sub/normal/donated
2026-05-26 14:59:17,540 | INFO     |   → 920/1011 ❌ HTTP 404 — https://raw.githubusercontent.com/yebekhe/TelegramV2rayCollector/main/sub/normal/hysteria2
2026-05-26 14:59:17,540 | INFO     |   → 921/1011 ❌ HTTP 404 — https://raw.githubusercontent.com/yebekhe/TelegramV2rayCollector/main/sub/normal/mix
2026-05-26 14:59:17,540 | INFO     |   → 922/1011 ❌ HTTP 404 — https://raw.githubusercontent.com/yebekhe/TelegramV2rayCollector/main/sub/normal/reality
2026-05-26 14:59:17,540 | INFO     |   → 923/1011 ❌ HTTP 404 — https://raw.githubusercontent.com/yebekhe/TelegramV2rayCollector/main/sub/normal/shadowsocks
2026-05-26 14:59:17,540 | INFO     |   → 924/1011 ❌ HTTP 404 — https://raw.githubusercontent.com/yebekhe/TelegramV2rayCollector/main/sub/normal/trojan
2026-05-26 14:59:17,540 | INFO     |   → 925/1011 ❌ HTTP 404 — https://raw.githubusercontent.com/yebekhe/TelegramV2rayCollector/main/sub/normal/tuic
2026-05-26 14:59:17,540 | INFO     |   → 926/1011 ❌ HTTP 404 — https://raw.githubusercontent.com/yebekhe/TelegramV2rayCollector/main/sub/normal/vless
2026-05-26 14:59:17,540 | INFO     |   → 927/1011 ❌ HTTP 404 — https://raw.githubusercontent.com/yebekhe/TelegramV2rayCollector/main/sub/normal/vmess
2026-05-26 14:59:17,540 | INFO     |   → 928/1011 ❌ HTTP 404 — https://raw.githubusercontent.com/yebekhe/V2Hub/main/Split/Normal/shadowsocks
2026-05-26 14:59:17,540 | INFO     |   → 929/1011 ❌ HTTP 404 — https://raw.githubusercontent.com/yebekhe/V2Hub/main/merged
2026-05-26 14:59:17,540 | INFO     |   → 930/1011: ✅ 0 взято | 🗑️ 30 мусор
2026-05-26 14:59:17,540 | INFO     |   → 931/1011: ✅ 926 взято | 🗑️ 7367 мусор
2026-05-26 14:59:17,540 | INFO     |   → 932/1011: ✅ 9 взято | 🗑️ 419 мусор
2026-05-26 14:59:17,541 | INFO     |   → 933/1011: ✅ 8 взято | 🗑️ 260 мусор
2026-05-26 14:59:17,541 | INFO     |   → 934/1011: ✅ 306 взято | 🗑️ 307 мусор
2026-05-26 14:59:17,541 | INFO     |   → 935/1011: ✅ 114 взято | 🗑️ 1421 мусор
2026-05-26 14:59:17,541 | INFO     |   → 936/1011: ✅ 2 взято | 🗑️ 378 мусор
2026-05-26 14:59:17,541 | INFO     |   → 937/1011 ❌ HTTP 404 — https://raw.githubusercontent.com/yyyr-otz/tele-providers-collector/019cb3e07ee52fddbc7caa54fc670c6b9bae6539/sub/proxies.txt
2026-05-26 14:59:17,541 | INFO     |   → 938/1011 ❌ HTTP 404 — https://raw.githubusercontent.com/yyyr-otz/tele-providers-collector/b7a74ee98bcf02c5a507d688a1bed3aa9f7f4ed1/script/raw/protocols/mixed.txt
2026-05-26 14:59:17,541 | INFO     |   → 939/1011: ✅ 0 взято | 🗑️ 0 мусор
2026-05-26 14:59:17,541 | INFO     |   → 940/1011: ✅ 0 взято | 🗑️ 0 мусор
2026-05-26 14:59:17,541 | INFO     |   → 941/1011: ✅ 1 взято | 🗑️ 18 мусор
2026-05-26 14:59:17,541 | INFO     |   → 942/1011: ✅ 0 взято | 🗑️ 6 мусор
2026-05-26 14:59:17,541 | INFO     |   → 943/1011: ✅ 0 взято | 🗑️ 5 мусор
2026-05-26 14:59:17,541 | INFO     |   → 944/1011: ✅ 0 взято | 🗑️ 0 мусор
2026-05-26 14:59:17,541 | INFO     |   → 945/1011 ⚠️ Ошибка: ('Connection aborted.', RemoteDisconnected('Remote end closed connection without response')) — https://sub.pmsub.me/clash.yaml
2026-05-26 14:59:17,541 | INFO     |   → 946/1011: ✅ 0 взято | 🗑️ 1 мусор
2026-05-26 14:59:17,541 | INFO     |   → 947/1011: ✅ 8 взято | 🗑️ 21 мусор
2026-05-26 14:59:17,541 | INFO     |   → 948/1011: ✅ 0 взято | 🗑️ 0 мусор
2026-05-26 14:59:17,541 | INFO     |   → 949/1011: ✅ 9 взято | 🗑️ 19 мусор
2026-05-26 14:59:17,541 | INFO     |   → 950/1011: ✅ 0 взято | 🗑️ 0 мусор
2026-05-26 14:59:17,541 | INFO     |   → 951/1011: ✅ 2 взято | 🗑️ 14 мусор
2026-05-26 14:59:17,541 | INFO     |   → 952/1011: ✅ 4 взято | 🗑️ 22 мусор
2026-05-26 14:59:17,541 | INFO     |   → 953/1011: ✅ 0 взято | 🗑️ 0 мусор
2026-05-26 14:59:17,541 | INFO     |   → 954/1011: ✅ 0 взято | 🗑️ 0 мусор
2026-05-26 14:59:17,541 | INFO     |   → 955/1011: ✅ 0 взято | 🗑️ 0 мусор
2026-05-26 14:59:17,541 | INFO     |   → 956/1011: ✅ 2 взято | 🗑️ 16 мусор
2026-05-26 14:59:17,541 | INFO     |   → 957/1011: ✅ 0 взято | 🗑️ 0 мусор
2026-05-26 14:59:17,541 | INFO     |   → 958/1011: ✅ 4 взято | 🗑️ 7 мусор
2026-05-26 14:59:17,541 | INFO     |   → 959/1011: ✅ 0 взято | 🗑️ 0 мусор
2026-05-26 14:59:17,541 | INFO     |   → 960/1011: ✅ 6 взято | 🗑️ 14 мусор
2026-05-26 14:59:17,541 | INFO     |   → 961/1011: ✅ 0 взято | 🗑️ 0 мусор
2026-05-26 14:59:17,541 | INFO     |   → 962/1011: ✅ 2 взято | 🗑️ 13 мусор
2026-05-26 14:59:17,541 | INFO     |   → 963/1011: ✅ 0 взято | 🗑️ 0 мусор
2026-05-26 14:59:17,541 | INFO     |   → 964/1011: ✅ 0 взято | 🗑️ 0 мусор
2026-05-26 14:59:17,541 | INFO     |   → 965/1011: ✅ 2 взято | 🗑️ 7 мусор
2026-05-26 14:59:17,541 | INFO     |   → 966/1011: ✅ 1 взято | 🗑️ 14 мусор
2026-05-26 14:59:17,541 | INFO     |   → 967/1011: ✅ 2 взято | 🗑️ 14 мусор
2026-05-26 14:59:17,541 | INFO     |   → 968/1011: ✅ 0 взято | 🗑️ 0 мусор
2026-05-26 14:59:17,541 | INFO     |   → 969/1011: ✅ 3 взято | 🗑️ 22 мусор
2026-05-26 14:59:17,541 | INFO     |   → 970/1011: ✅ 0 взято | 🗑️ 0 мусор
2026-05-26 14:59:17,541 | INFO     |   → 971/1011: ✅ 2 взято | 🗑️ 15 мусор
2026-05-26 14:59:17,541 | INFO     |   → 972/1011: ✅ 3 взято | 🗑️ 12 мусор
2026-05-26 14:59:17,541 | INFO     |   → 973/1011: ✅ 0 взято | 🗑️ 0 мусор
2026-05-26 14:59:17,541 | INFO     |   → 974/1011: ✅ 0 взято | 🗑️ 0 мусор
2026-05-26 14:59:17,542 | INFO     |   → 975/1011: ✅ 0 взято | 🗑️ 0 мусор
2026-05-26 14:59:17,542 | INFO     |   → 976/1011: ✅ 4 взято | 🗑️ 11 мусор
2026-05-26 14:59:17,542 | INFO     |   → 977/1011: ✅ 10 взято | 🗑️ 15 мусор
2026-05-26 14:59:17,542 | INFO     |   → 978/1011: ✅ 0 взято | 🗑️ 0 мусор
2026-05-26 14:59:17,542 | INFO     |   → 979/1011: ✅ 13 взято | 🗑️ 15 мусор
2026-05-26 14:59:17,542 | INFO     |   → 980/1011: ✅ 0 взято | 🗑️ 0 мусор
2026-05-26 14:59:17,542 | INFO     |   → 981/1011: ✅ 5 взято | 🗑️ 15 мусор
2026-05-26 14:59:17,542 | INFO     |   → 982/1011: ✅ 0 взято | 🗑️ 0 мусор
2026-05-26 14:59:17,542 | INFO     |   → 983/1011: ✅ 8 взято | 🗑️ 16 мусор
2026-05-26 14:59:17,542 | INFO     |   → 984/1011: ✅ 0 взято | 🗑️ 0 мусор
2026-05-26 14:59:17,542 | INFO     |   → 985/1011: ✅ 0 взято | 🗑️ 24 мусор
2026-05-26 14:59:17,542 | INFO     |   → 986/1011: ✅ 0 взято | 🗑️ 0 мусор
2026-05-26 14:59:17,542 | INFO     |   → 987/1011: ✅ 4 взято | 🗑️ 17 мусор
2026-05-26 14:59:17,542 | INFO     |   → 988/1011: ✅ 0 взято | 🗑️ 0 мусор
2026-05-26 14:59:17,542 | INFO     |   → 989/1011: ✅ 12 взято | 🗑️ 18 мусор
2026-05-26 14:59:17,542 | INFO     |   → 990/1011: ✅ 0 взято | 🗑️ 0 мусор
2026-05-26 14:59:17,542 | INFO     |   → 991/1011: ✅ 2 взято | 🗑️ 17 мусор
2026-05-26 14:59:17,542 | INFO     |   → 992/1011: ✅ 0 взято | 🗑️ 0 мусор
2026-05-26 14:59:17,542 | INFO     |   → 993/1011: ✅ 1 взято | 🗑️ 27 мусор
2026-05-26 14:59:17,542 | INFO     |   → 994/1011: ✅ 0 взято | 🗑️ 0 мусор
2026-05-26 14:59:17,542 | INFO     |   → 995/1011: ✅ 4 взято | 🗑️ 15 мусор
2026-05-26 14:59:17,542 | INFO     |   → 996/1011: ✅ 0 взято | 🗑️ 0 мусор
2026-05-26 14:59:17,542 | INFO     |   → 997/1011: ✅ 4 взято | 🗑️ 26 мусор
2026-05-26 14:59:17,542 | INFO     |   → 998/1011: ✅ 0 взято | 🗑️ 0 мусор
2026-05-26 14:59:17,542 | INFO     |   → 999/1011: ✅ 3 взято | 🗑️ 21 мусор
2026-05-26 14:59:17,542 | INFO     |   → 1000/1011: ✅ 0 взято | 🗑️ 0 мусор
2026-05-26 14:59:17,542 | INFO     |   → 1001/1011: ✅ 8 взято | 🗑️ 12 мусор
2026-05-26 14:59:17,542 | INFO     |   → 1002/1011: ✅ 0 взято | 🗑️ 0 мусор
2026-05-26 14:59:17,542 | INFO     |   → 1003/1011: ✅ 8 взято | 🗑️ 15 мусор
2026-05-26 14:59:17,542 | INFO     |   → 1004/1011: ✅ 0 взято | 🗑️ 0 мусор
2026-05-26 14:59:17,542 | INFO     |   → 1005/1011: ✅ 10 взято | 🗑️ 14 мусор
2026-05-26 14:59:17,542 | INFO     |   → 1006/1011: ✅ 0 взято | 🗑️ 0 мусор
2026-05-26 14:59:17,542 | INFO     |   → 1007/1011: ✅ 5 взято | 🗑️ 18 мусор
2026-05-26 14:59:17,542 | INFO     |   → 1008/1011: ✅ 0 взято | 🗑️ 0 мусор
2026-05-26 14:59:17,542 | INFO     |   → 1009/1011: ✅ 6 взято | 🗑️ 18 мусор
2026-05-26 14:59:17,542 | INFO     |   → 1010/1011: ✅ 0 взято | 🗑️ 0 мусор
2026-05-26 14:59:17,542 | INFO     |   → 1011/1011: ✅ 0 взято | 🗑️ 8 мусор
2026-05-26 14:59:17,542 | INFO     |   → ✅ ГОТОВО!
2026-05-26 14:59:17,542 | INFO     |   →    📥 Всего ключей после фильтра: 23208
2026-05-26 14:59:17,542 | INFO     |   →    🔗 Уникальных IP:PORT:SCHEME: 10961
2026-05-26 14:59:17,542 | INFO     |   →    🗑️ Выброшено мусора: 430239
2026-05-26 14:59:17,543 | INFO     |   → 📊 По протоколам:
2026-05-26 14:59:17,543 | INFO     |   →    vless: 3863
2026-05-26 14:59:17,543 | INFO     |   →    vmess: 3690
2026-05-26 14:59:17,543 | INFO     |   →    trojan: 1357
2026-05-26 14:59:17,543 | INFO     |   →    ss: 1893
2026-05-26 14:59:17,543 | INFO     |   →    hysteria: 13
2026-05-26 14:59:17,543 | INFO     |   →    hysteria2: 34
2026-05-26 14:59:17,543 | INFO     |   →    hy2: 59
2026-05-26 14:59:17,543 | INFO     |   →    tuic: 52
2026-05-26 14:59:17,543 | INFO     | ✅ mirror.py завершён успешно
2026-05-26 14:59:17,543 | INFO     | 
2026-05-26 14:59:17,543 | INFO     | 
2026-05-26 14:59:17,543 | INFO     | ──────────────────────────────────────────────────────────────────────
2026-05-26 14:59:17,543 | INFO     | 📌 ЭТАП: Фильтрация по реальному SNI
2026-05-26 14:59:17,543 | INFO     | ──────────────────────────────────────────────────────────────────────
2026-05-26 14:59:17,543 | INFO     | 🚀 Запуск filter_ru_sni.py (Фильтр по реальному SNI (CDN+RU))...
2026-05-26 14:59:17,735 | INFO     |   → hy2.txt: 59 → 19 (SNI-filtered)
2026-05-26 14:59:17,735 | INFO     |   →   hysteria.txt: 13 → 0 (SNI-filtered)
2026-05-26 14:59:17,735 | INFO     |   →   hysteria2.txt: 34 → 4 (SNI-filtered)
2026-05-26 14:59:17,735 | INFO     |   →   ss.txt: 1893 → 0 (SNI-filtered)
2026-05-26 14:59:17,735 | INFO     |   →   trojan.txt: 1357 → 7 (SNI-filtered)
2026-05-26 14:59:17,735 | INFO     |   →   tuic.txt: 52 → 0 (SNI-filtered)
2026-05-26 14:59:17,735 | INFO     |   →   vless.txt: 3863 → 561 (SNI-filtered)
2026-05-26 14:59:17,735 | INFO     |   →   vmess.txt: 3690 → 40 (SNI-filtered)
2026-05-26 14:59:17,736 | INFO     |   → ==================================================
2026-05-26 14:59:17,736 | INFO     |   →   Всего входных:  10961
2026-05-26 14:59:17,736 | INFO     |   →   Прошли фильтр:  631
2026-05-26 14:59:17,736 | INFO     |   →   Отброшено:      10330
2026-05-26 14:59:17,736 | INFO     |   → ==================================================
2026-05-26 14:59:17,736 | INFO     |   → Готово → /home/runner/work/vpn-vless-configs-russia/vpn-vless-configs-russia/githubmirror/ru-sni
2026-05-26 14:59:17,736 | INFO     | ✅ filter_ru_sni.py завершён успешно
2026-05-26 14:59:17,736 | INFO     | 
2026-05-26 14:59:17,736 | INFO     | 
2026-05-26 14:59:17,736 | INFO     | ──────────────────────────────────────────────────────────────────────
2026-05-26 14:59:17,736 | INFO     | 📌 ЭТАП: Экспериментальный RU-SNI фильтр
2026-05-26 14:59:17,736 | INFO     | ──────────────────────────────────────────────────────────────────────
2026-05-26 14:59:17,736 | INFO     | 🚀 Запуск filter_ru_sni_local.py (Экспериментальный фильтр по RU-SNI (локальные домены))...
2026-05-26 14:59:17,867 | INFO     |   → hy2.txt: 59 → 0 (RU-SNI)
2026-05-26 14:59:17,868 | INFO     |   → hysteria.txt: 13 → 0 (RU-SNI)
2026-05-26 14:59:17,868 | INFO     |   → hysteria2.txt: 34 → 0 (RU-SNI)
2026-05-26 14:59:17,868 | INFO     |   → ss.txt: 1893 → 0 (RU-SNI)
2026-05-26 14:59:17,868 | INFO     |   → trojan.txt: 1357 → 0 (RU-SNI)
2026-05-26 14:59:17,868 | INFO     |   → tuic.txt: 52 → 0 (RU-SNI)
2026-05-26 14:59:17,868 | INFO     |   → vless.txt: 3863 → 185 (RU-SNI)
2026-05-26 14:59:17,868 | INFO     |   → vmess.txt: 3690 → 0 (RU-SNI)
2026-05-26 14:59:17,868 | INFO     |   → ==================================================
2026-05-26 14:59:17,868 | INFO     |   → Всего входных:  10961
2026-05-26 14:59:17,868 | INFO     |   → Прошли RU-SNI:  185
2026-05-26 14:59:17,868 | INFO     |   → Отброшено:      10776
2026-05-26 14:59:17,868 | INFO     |   → ==================================================
2026-05-26 14:59:17,868 | INFO     |   → Готово → /home/runner/work/vpn-vless-configs-russia/vpn-vless-configs-russia/githubmirror/ru-sni-local
2026-05-26 14:59:17,868 | INFO     | ✅ filter_ru_sni_local.py завершён успешно
2026-05-26 14:59:17,868 | INFO     | 
2026-05-26 14:59:17,868 | INFO     | 
2026-05-26 14:59:17,868 | INFO     | ──────────────────────────────────────────────────────────────────────
2026-05-26 14:59:17,868 | INFO     | 📌 ЭТАП: Сбор статистики
2026-05-26 14:59:17,868 | INFO     | ──────────────────────────────────────────────────────────────────────
2026-05-26 14:59:17,868 | INFO     | 📊 Сбор статистики...
2026-05-26 14:59:17,868 | INFO     |   📁 githubmirror/clean:
2026-05-26 14:59:17,869 | INFO     |     • hy2         :    59 конфигов
2026-05-26 14:59:17,869 | INFO     |     • hysteria    :    13 конфигов
2026-05-26 14:59:17,869 | INFO     |     • hysteria2   :    34 конфигов
2026-05-26 14:59:17,870 | INFO     |     • ss          :  1893 конфигов
2026-05-26 14:59:17,871 | INFO     |     • trojan      :  1357 конфигов
2026-05-26 14:59:17,871 | INFO     |     • tuic        :    52 конфигов
2026-05-26 14:59:17,875 | INFO     |     • vless       :  3863 конфигов
2026-05-26 14:59:17,877 | INFO     |     • vmess       :  3690 конфигов
2026-05-26 14:59:17,877 | INFO     |   📁 githubmirror/ru-sni:
2026-05-26 14:59:17,877 | INFO     |     • hy2         :    19 конфигов ( 32.2% от clean)
2026-05-26 14:59:17,877 | INFO     |     • hysteria    :     0 конфигов (  0.0% от clean)
2026-05-26 14:59:17,877 | INFO     |     • hysteria2   :     4 конфигов ( 11.8% от clean)
2026-05-26 14:59:17,878 | INFO     |     • ss          :     0 конфигов (  0.0% от clean)
2026-05-26 14:59:17,878 | INFO     |     • trojan      :     7 конфигов (  0.5% от clean)
2026-05-26 14:59:17,878 | INFO     |     • tuic        :     0 конфигов (  0.0% от clean)
2026-05-26 14:59:17,878 | INFO     |     • vless       :   561 конфигов ( 14.5% от clean)
2026-05-26 14:59:17,878 | INFO     |     • vmess       :    40 конфигов (  1.1% от clean)
2026-05-26 14:59:17,878 | INFO     | 
2026-05-26 14:59:17,878 | INFO     |   ──────────────────────────────────────────────────
2026-05-26 14:59:17,878 | INFO     |   📈 ИТОГО:
2026-05-26 14:59:17,878 | INFO     |     Clean (после geo-фильтра):    10961
2026-05-26 14:59:17,878 | INFO     |     RU-SNI (после SNI-фильтра):     631
2026-05-26 14:59:17,878 | INFO     |     Прошло фильтр:                  5.8%
2026-05-26 14:59:17,878 | INFO     |   ──────────────────────────────────────────────────
2026-05-26 14:59:17,879 | INFO     | ✅ Статистика сохранена: /home/runner/work/vpn-vless-configs-russia/vpn-vless-configs-russia/stats.json
2026-05-26 14:59:17,879 | INFO     | 
2026-05-26 14:59:17,879 | INFO     | ======================================================================
2026-05-26 14:59:17,879 | INFO     | 📊 ИТОГОВЫЙ ОТЧЁТ
2026-05-26 14:59:17,879 | INFO     | ======================================================================
2026-05-26 14:59:17,879 | INFO     |   ✅ OK         | Загрузка и geo-фильтрация
2026-05-26 14:59:17,879 | INFO     |   ✅ OK         | Фильтрация по реальному SNI
2026-05-26 14:59:17,879 | INFO     |   ✅ OK         | Экспериментальный RU-SNI фильтр
2026-05-26 14:59:17,879 | INFO     |   ✅ OK         | Сбор статистики
2026-05-26 14:59:17,879 | INFO     | ──────────────────────────────────────────────────────────────────────
2026-05-26 14:59:17,879 | INFO     | ✅ ВСЕ ЭТАПЫ УСПЕШНЫ (4/4)
2026-05-26 14:59:17,879 | INFO     | ⏰ Время завершения: 2026-05-26 14:59:17
2026-05-26 14:59:17,879 | INFO     | ======================================================================
