2026-06-23 02:43:28,722 | INFO     | ======================================================================
2026-06-23 02:43:28,723 | INFO     | 🔍 VPN KEY CHECKER - Начало проверки
2026-06-23 02:43:28,723 | INFO     | ⏰ Время старта: 2026-06-23 02:43:28
2026-06-23 02:43:28,723 | INFO     | 📂 Рабочая директория: /home/runner/work/vpn-vless-configs-russia/vpn-vless-configs-russia
2026-06-23 02:43:28,723 | INFO     | ======================================================================
2026-06-23 02:43:28,723 | INFO     | 
2026-06-23 02:43:28,723 | INFO     | 🔍 Проверка наличия скриптов...
2026-06-23 02:43:28,723 | INFO     |   ✅ mirror.py
2026-06-23 02:43:28,723 | INFO     |   ✅ filter_ru_sni.py
2026-06-23 02:43:28,723 | INFO     |   ✅ filter_ru_sni_local.py
2026-06-23 02:43:28,723 | INFO     | 
2026-06-23 02:43:28,723 | INFO     | 
2026-06-23 02:43:28,723 | INFO     | ──────────────────────────────────────────────────────────────────────
2026-06-23 02:43:28,723 | INFO     | 📌 ЭТАП: Загрузка и geo-фильтрация
2026-06-23 02:43:28,723 | INFO     | ──────────────────────────────────────────────────────────────────────
2026-06-23 02:43:28,723 | INFO     | 🚀 Запуск mirror.py (Загрузка и фильтрация по РФ/СНГ/Европа)...
2026-06-23 02:49:57,762 | INFO     |   → 🚀 Старт: всего источников (старые + новые): 1267
2026-06-23 02:49:57,762 | INFO     |   → 1/1267: ✅ 4 взято | 🗑️ 147 мусор
2026-06-23 02:49:57,763 | INFO     |   → 2/1267: ✅ 0 взято | 🗑️ 0 мусор
2026-06-23 02:49:57,763 | INFO     |   → 3/1267 ❌ HTTP 404 — https://bitbucket.org/huwo1/proxy_nodes/raw/f31ca9ec67b84071515729ff45b011b6b09c10f2/clash.yaml
2026-06-23 02:49:57,763 | INFO     |   → 4/1267 ❌ HTTP 404 — https://cdn.jsdelivr.net/gh/cry0ice/genode@main/public/all.txt
2026-06-23 02:49:57,763 | INFO     |   → 5/1267 ❌ HTTP 404 — https://cdn.jsdelivr.net/gh/cry0ice/genode@main/public/ss.txt
2026-06-23 02:49:57,763 | INFO     |   → 6/1267 ❌ HTTP 404 — https://cdn.jsdelivr.net/gh/cry0ice/genode@main/public/ssr.txt
2026-06-23 02:49:57,763 | INFO     |   → 7/1267 ❌ HTTP 404 — https://cdn.jsdelivr.net/gh/cry0ice/genode@main/public/trojan.txt
2026-06-23 02:49:57,763 | INFO     |   → 8/1267 ❌ HTTP 404 — https://cdn.jsdelivr.net/gh/cry0ice/genode@main/public/vless.txt
2026-06-23 02:49:57,763 | INFO     |   → 9/1267 ❌ HTTP 404 — https://cdn.jsdelivr.net/gh/cry0ice/genode@main/public/vmess.txt
2026-06-23 02:49:57,763 | INFO     |   → 10/1267: ✅ 0 взято | 🗑️ 0 мусор
2026-06-23 02:49:57,763 | INFO     |   → 11/1267: ✅ 0 взято | 🗑️ 0 мусор
2026-06-23 02:49:57,763 | INFO     |   → 12/1267: ✅ 0 взято | 🗑️ 0 мусор
2026-06-23 02:49:57,763 | INFO     |   → 13/1267: ✅ 0 взято | 🗑️ 0 мусор
2026-06-23 02:49:57,763 | INFO     |   → 14/1267: ✅ 0 взято | 🗑️ 0 мусор
2026-06-23 02:49:57,763 | INFO     |   → 15/1267: ✅ 0 взято | 🗑️ 0 мусор
2026-06-23 02:49:57,763 | INFO     |   → 16/1267: ✅ 0 взято | 🗑️ 0 мусор
2026-06-23 02:49:57,763 | INFO     |   → 17/1267: ✅ 0 взято | 🗑️ 0 мусор
2026-06-23 02:49:57,763 | INFO     |   → 18/1267: ✅ 0 взято | 🗑️ 0 мусор
2026-06-23 02:49:57,763 | INFO     |   → 19/1267: ✅ 0 взято | 🗑️ 0 мусор
2026-06-23 02:49:57,763 | INFO     |   → 20/1267: ✅ 0 взято | 🗑️ 0 мусор
2026-06-23 02:49:57,763 | INFO     |   → 21/1267: ✅ 0 взято | 🗑️ 0 мусор
2026-06-23 02:49:57,763 | INFO     |   → 22/1267: ✅ 0 взято | 🗑️ 0 мусор
2026-06-23 02:49:57,763 | INFO     |   → 23/1267: ✅ 0 взято | 🗑️ 0 мусор
2026-06-23 02:49:57,763 | INFO     |   → 24/1267: ✅ 0 взято | 🗑️ 0 мусор
2026-06-23 02:49:57,763 | INFO     |   → 25/1267: ✅ 0 взято | 🗑️ 0 мусор
2026-06-23 02:49:57,763 | INFO     |   → 26/1267: ✅ 0 взято | 🗑️ 0 мусор
2026-06-23 02:49:57,763 | INFO     |   → 27/1267: ✅ 0 взято | 🗑️ 0 мусор
2026-06-23 02:49:57,763 | INFO     |   → 28/1267: ✅ 0 взято | 🗑️ 0 мусор
2026-06-23 02:49:57,763 | INFO     |   → 29/1267: ✅ 0 взято | 🗑️ 0 мусор
2026-06-23 02:49:57,763 | INFO     |   → 30/1267: ✅ 0 взято | 🗑️ 0 мусор
2026-06-23 02:49:57,763 | INFO     |   → 31/1267: ✅ 0 взято | 🗑️ 0 мусор
2026-06-23 02:49:57,763 | INFO     |   → 32/1267: ✅ 0 взято | 🗑️ 0 мусор
2026-06-23 02:49:57,763 | INFO     |   → 33/1267: ✅ 0 взято | 🗑️ 0 мусор
2026-06-23 02:49:57,763 | INFO     |   → 34/1267: ✅ 0 взято | 🗑️ 0 мусор
2026-06-23 02:49:57,763 | INFO     |   → 35/1267: ✅ 0 взято | 🗑️ 0 мусор
2026-06-23 02:49:57,763 | INFO     |   → 36/1267: ✅ 0 взято | 🗑️ 0 мусор
2026-06-23 02:49:57,764 | INFO     |   → 37/1267: ✅ 0 взято | 🗑️ 0 мусор
2026-06-23 02:49:57,764 | INFO     |   → 38/1267: ✅ 0 взято | 🗑️ 0 мусор
2026-06-23 02:49:57,764 | INFO     |   → 39/1267: ✅ 0 взято | 🗑️ 0 мусор
2026-06-23 02:49:57,764 | INFO     |   → 40/1267: ✅ 0 взято | 🗑️ 0 мусор
2026-06-23 02:49:57,764 | INFO     |   → 41/1267: ✅ 0 взято | 🗑️ 0 мусор
2026-06-23 02:49:57,764 | INFO     |   → 42/1267: ✅ 0 взято | 🗑️ 0 мусор
2026-06-23 02:49:57,764 | INFO     |   → 43/1267: ✅ 0 взято | 🗑️ 0 мусор
2026-06-23 02:49:57,764 | INFO     |   → 44/1267: ✅ 0 взято | 🗑️ 0 мусор
2026-06-23 02:49:57,764 | INFO     |   → 45/1267: ✅ 0 взято | 🗑️ 0 мусор
2026-06-23 02:49:57,764 | INFO     |   → 46/1267: ✅ 0 взято | 🗑️ 0 мусор
2026-06-23 02:49:57,764 | INFO     |   → 47/1267: ✅ 0 взято | 🗑️ 0 мусор
2026-06-23 02:49:57,764 | INFO     |   → 48/1267: ✅ 0 взято | 🗑️ 0 мусор
2026-06-23 02:49:57,764 | INFO     |   → 49/1267: ✅ 0 взято | 🗑️ 0 мусор
2026-06-23 02:49:57,764 | INFO     |   → 50/1267: ✅ 0 взято | 🗑️ 0 мусор
2026-06-23 02:49:57,764 | INFO     |   → 51/1267: ✅ 0 взято | 🗑️ 0 мусор
2026-06-23 02:49:57,764 | INFO     |   → 52/1267: ✅ 0 взято | 🗑️ 0 мусор
2026-06-23 02:49:57,764 | INFO     |   → 53/1267: ✅ 0 взято | 🗑️ 0 мусор
2026-06-23 02:49:57,764 | INFO     |   → 54/1267: ✅ 0 взято | 🗑️ 0 мусор
2026-06-23 02:49:57,764 | INFO     |   → 55/1267: ✅ 0 взято | 🗑️ 0 мусор
2026-06-23 02:49:57,764 | INFO     |   → 56/1267: ✅ 0 взято | 🗑️ 0 мусор
2026-06-23 02:49:57,764 | INFO     |   → 57/1267: ✅ 0 взято | 🗑️ 0 мусор
2026-06-23 02:49:57,764 | INFO     |   → 58/1267: ✅ 0 взято | 🗑️ 0 мусор
2026-06-23 02:49:57,764 | INFO     |   → 59/1267: ✅ 0 взято | 🗑️ 0 мусор
2026-06-23 02:49:57,764 | INFO     |   → 60/1267: ✅ 0 взято | 🗑️ 0 мусор
2026-06-23 02:49:57,764 | INFO     |   → 61/1267: ✅ 0 взято | 🗑️ 0 мусор
2026-06-23 02:49:57,764 | INFO     |   → 62/1267: ✅ 0 взято | 🗑️ 0 мусор
2026-06-23 02:49:57,764 | INFO     |   → 63/1267: ✅ 0 взято | 🗑️ 0 мусор
2026-06-23 02:49:57,764 | INFO     |   → 64/1267: ✅ 0 взято | 🗑️ 0 мусор
2026-06-23 02:49:57,764 | INFO     |   → 65/1267: ✅ 0 взято | 🗑️ 0 мусор
2026-06-23 02:49:57,764 | INFO     |   → 66/1267: ✅ 0 взято | 🗑️ 0 мусор
2026-06-23 02:49:57,764 | INFO     |   → 67/1267: ✅ 0 взято | 🗑️ 0 мусор
2026-06-23 02:49:57,764 | INFO     |   → 68/1267: ✅ 0 взято | 🗑️ 0 мусор
2026-06-23 02:49:57,764 | INFO     |   → 69/1267: ✅ 0 взято | 🗑️ 0 мусор
2026-06-23 02:49:57,764 | INFO     |   → 70/1267: ✅ 0 взято | 🗑️ 0 мусор
2026-06-23 02:49:57,764 | INFO     |   → 71/1267: ✅ 0 взято | 🗑️ 0 мусор
2026-06-23 02:49:57,764 | INFO     |   → 72/1267: ✅ 0 взято | 🗑️ 0 мусор
2026-06-23 02:49:57,764 | INFO     |   → 73/1267: ✅ 0 взято | 🗑️ 0 мусор
2026-06-23 02:49:57,764 | INFO     |   → 74/1267: ✅ 0 взято | 🗑️ 0 мусор
2026-06-23 02:49:57,764 | INFO     |   → 75/1267: ✅ 0 взято | 🗑️ 0 мусор
2026-06-23 02:49:57,764 | INFO     |   → 76/1267: ✅ 0 взято | 🗑️ 0 мусор
2026-06-23 02:49:57,764 | INFO     |   → 77/1267: ✅ 0 взято | 🗑️ 0 мусор
2026-06-23 02:49:57,764 | INFO     |   → 78/1267: ✅ 0 взято | 🗑️ 0 мусор
2026-06-23 02:49:57,764 | INFO     |   → 79/1267: ✅ 0 взято | 🗑️ 0 мусор
2026-06-23 02:49:57,764 | INFO     |   → 80/1267: ✅ 0 взято | 🗑️ 0 мусор
2026-06-23 02:49:57,764 | INFO     |   → 81/1267: ✅ 0 взято | 🗑️ 0 мусор
2026-06-23 02:49:57,764 | INFO     |   → 82/1267: ✅ 0 взято | 🗑️ 0 мусор
2026-06-23 02:49:57,764 | INFO     |   → 83/1267: ✅ 0 взято | 🗑️ 0 мусор
2026-06-23 02:49:57,764 | INFO     |   → 84/1267: ✅ 0 взято | 🗑️ 0 мусор
2026-06-23 02:49:57,764 | INFO     |   → 85/1267: ✅ 0 взято | 🗑️ 0 мусор
2026-06-23 02:49:57,765 | INFO     |   → 86/1267: ✅ 0 взято | 🗑️ 0 мусор
2026-06-23 02:49:57,765 | INFO     |   → 87/1267: ✅ 0 взято | 🗑️ 0 мусор
2026-06-23 02:49:57,765 | INFO     |   → 88/1267: ✅ 0 взято | 🗑️ 0 мусор
2026-06-23 02:49:57,765 | INFO     |   → 89/1267: ✅ 0 взято | 🗑️ 0 мусор
2026-06-23 02:49:57,765 | INFO     |   → 90/1267: ✅ 0 взято | 🗑️ 0 мусор
2026-06-23 02:49:57,765 | INFO     |   → 91/1267: ✅ 0 взято | 🗑️ 0 мусор
2026-06-23 02:49:57,765 | INFO     |   → 92/1267: ✅ 0 взято | 🗑️ 0 мусор
2026-06-23 02:49:57,765 | INFO     |   → 93/1267: ✅ 0 взято | 🗑️ 0 мусор
2026-06-23 02:49:57,765 | INFO     |   → 94/1267: ✅ 0 взято | 🗑️ 0 мусор
2026-06-23 02:49:57,765 | INFO     |   → 95/1267: ✅ 0 взято | 🗑️ 0 мусор
2026-06-23 02:49:57,765 | INFO     |   → 96/1267: ✅ 0 взято | 🗑️ 0 мусор
2026-06-23 02:49:57,765 | INFO     |   → 97/1267: ✅ 0 взято | 🗑️ 0 мусор
2026-06-23 02:49:57,765 | INFO     |   → 98/1267: ✅ 0 взято | 🗑️ 0 мусор
2026-06-23 02:49:57,765 | INFO     |   → 99/1267: ✅ 0 взято | 🗑️ 0 мусор
2026-06-23 02:49:57,765 | INFO     |   → 100/1267: ✅ 0 взято | 🗑️ 0 мусор
2026-06-23 02:49:57,765 | INFO     |   → 101/1267: ✅ 0 взято | 🗑️ 0 мусор
2026-06-23 02:49:57,765 | INFO     |   → 102/1267: ✅ 0 взято | 🗑️ 0 мусор
2026-06-23 02:49:57,765 | INFO     |   → 103/1267: ✅ 0 взято | 🗑️ 0 мусор
2026-06-23 02:49:57,765 | INFO     |   → 104/1267: ✅ 0 взято | 🗑️ 0 мусор
2026-06-23 02:49:57,765 | INFO     |   → 105/1267: ✅ 0 взято | 🗑️ 0 мусор
2026-06-23 02:49:57,765 | INFO     |   → 106/1267: ✅ 0 взято | 🗑️ 0 мусор
2026-06-23 02:49:57,765 | INFO     |   → 107/1267: ✅ 0 взято | 🗑️ 0 мусор
2026-06-23 02:49:57,765 | INFO     |   → 108/1267: ✅ 0 взято | 🗑️ 0 мусор
2026-06-23 02:49:57,765 | INFO     |   → 109/1267: ✅ 0 взято | 🗑️ 0 мусор
2026-06-23 02:49:57,765 | INFO     |   → 110/1267: ✅ 0 взято | 🗑️ 0 мусор
2026-06-23 02:49:57,765 | INFO     |   → 111/1267: ✅ 0 взято | 🗑️ 0 мусор
2026-06-23 02:49:57,765 | INFO     |   → 112/1267: ✅ 0 взято | 🗑️ 0 мусор
2026-06-23 02:49:57,765 | INFO     |   → 113/1267: ✅ 0 взято | 🗑️ 0 мусор
2026-06-23 02:49:57,765 | INFO     |   → 114/1267: ✅ 0 взято | 🗑️ 0 мусор
2026-06-23 02:49:57,765 | INFO     |   → 115/1267: ✅ 0 взято | 🗑️ 0 мусор
2026-06-23 02:49:57,765 | INFO     |   → 116/1267: ✅ 0 взято | 🗑️ 0 мусор
2026-06-23 02:49:57,765 | INFO     |   → 117/1267: ✅ 0 взято | 🗑️ 0 мусор
2026-06-23 02:49:57,765 | INFO     |   → 118/1267: ✅ 0 взято | 🗑️ 0 мусор
2026-06-23 02:49:57,765 | INFO     |   → 119/1267: ✅ 0 взято | 🗑️ 0 мусор
2026-06-23 02:49:57,765 | INFO     |   → 120/1267: ✅ 0 взято | 🗑️ 0 мусор
2026-06-23 02:49:57,765 | INFO     |   → 121/1267: ✅ 0 взято | 🗑️ 0 мусор
2026-06-23 02:49:57,765 | INFO     |   → 122/1267: ✅ 0 взято | 🗑️ 0 мусор
2026-06-23 02:49:57,765 | INFO     |   → 123/1267: ✅ 0 взято | 🗑️ 0 мусор
2026-06-23 02:49:57,765 | INFO     |   → 124/1267: ✅ 0 взято | 🗑️ 0 мусор
2026-06-23 02:49:57,765 | INFO     |   → 125/1267: ✅ 0 взято | 🗑️ 0 мусор
2026-06-23 02:49:57,765 | INFO     |   → 126/1267: ✅ 0 взято | 🗑️ 0 мусор
2026-06-23 02:49:57,765 | INFO     |   → 127/1267: ✅ 0 взято | 🗑️ 0 мусор
2026-06-23 02:49:57,765 | INFO     |   → 128/1267: ✅ 0 взято | 🗑️ 0 мусор
2026-06-23 02:49:57,765 | INFO     |   → 129/1267: ✅ 0 взято | 🗑️ 0 мусор
2026-06-23 02:49:57,765 | INFO     |   → 130/1267: ✅ 0 взято | 🗑️ 0 мусор
2026-06-23 02:49:57,765 | INFO     |   → 131/1267: ✅ 0 взято | 🗑️ 0 мусор
2026-06-23 02:49:57,765 | INFO     |   → 132/1267: ✅ 0 взято | 🗑️ 0 мусор
2026-06-23 02:49:57,765 | INFO     |   → 133/1267: ✅ 0 взято | 🗑️ 0 мусор
2026-06-23 02:49:57,765 | INFO     |   → 134/1267: ✅ 0 взято | 🗑️ 0 мусор
2026-06-23 02:49:57,765 | INFO     |   → 135/1267: ✅ 0 взято | 🗑️ 0 мусор
2026-06-23 02:49:57,765 | INFO     |   → 136/1267: ✅ 0 взято | 🗑️ 0 мусор
2026-06-23 02:49:57,765 | INFO     |   → 137/1267: ✅ 0 взято | 🗑️ 0 мусор
2026-06-23 02:49:57,765 | INFO     |   → 138/1267: ✅ 0 взято | 🗑️ 0 мусор
2026-06-23 02:49:57,766 | INFO     |   → 139/1267: ✅ 0 взято | 🗑️ 0 мусор
2026-06-23 02:49:57,766 | INFO     |   → 140/1267: ✅ 0 взято | 🗑️ 0 мусор
2026-06-23 02:49:57,766 | INFO     |   → 141/1267: ✅ 0 взято | 🗑️ 0 мусор
2026-06-23 02:49:57,766 | INFO     |   → 142/1267: ✅ 0 взято | 🗑️ 0 мусор
2026-06-23 02:49:57,766 | INFO     |   → 143/1267: ✅ 0 взято | 🗑️ 0 мусор
2026-06-23 02:49:57,766 | INFO     |   → 144/1267: ✅ 0 взято | 🗑️ 0 мусор
2026-06-23 02:49:57,766 | INFO     |   → 145/1267: ✅ 0 взято | 🗑️ 0 мусор
2026-06-23 02:49:57,766 | INFO     |   → 146/1267: ✅ 0 взято | 🗑️ 0 мусор
2026-06-23 02:49:57,766 | INFO     |   → 147/1267: ✅ 0 взято | 🗑️ 0 мусор
2026-06-23 02:49:57,766 | INFO     |   → 148/1267: ✅ 0 взято | 🗑️ 0 мусор
2026-06-23 02:49:57,766 | INFO     |   → 149/1267: ✅ 0 взято | 🗑️ 0 мусор
2026-06-23 02:49:57,766 | INFO     |   → 150/1267: ✅ 0 взято | 🗑️ 0 мусор
2026-06-23 02:49:57,766 | INFO     |   → 151/1267: ✅ 0 взято | 🗑️ 0 мусор
2026-06-23 02:49:57,766 | INFO     |   → 152/1267: ✅ 0 взято | 🗑️ 0 мусор
2026-06-23 02:49:57,766 | INFO     |   → 153/1267: ✅ 0 взято | 🗑️ 0 мусор
2026-06-23 02:49:57,766 | INFO     |   → 154/1267: ✅ 0 взято | 🗑️ 0 мусор
2026-06-23 02:49:57,766 | INFO     |   → 155/1267: ✅ 0 взято | 🗑️ 0 мусор
2026-06-23 02:49:57,766 | INFO     |   → 156/1267: ✅ 0 взято | 🗑️ 0 мусор
2026-06-23 02:49:57,766 | INFO     |   → 157/1267: ✅ 0 взято | 🗑️ 0 мусор
2026-06-23 02:49:57,766 | INFO     |   → 158/1267 ❌ HTTP 404 — https://freessrnode.github.io/uploads/2024/08/0-20240822.txt
2026-06-23 02:49:57,766 | INFO     |   → 159/1267 ❌ HTTP 404 — https://freessrnode.github.io/uploads/2024/08/1-20240822.txt
2026-06-23 02:49:57,766 | INFO     |   → 160/1267 ❌ HTTP 404 — https://freessrnode.github.io/uploads/2024/08/2-20240822.txt
2026-06-23 02:49:57,766 | INFO     |   → 161/1267 ❌ HTTP 404 — https://freessrnode.github.io/uploads/2024/08/3-20240822.txt
2026-06-23 02:49:57,766 | INFO     |   → 162/1267 ❌ HTTP 404 — https://freessrnode.github.io/uploads/2024/08/4-20240822.txt
2026-06-23 02:49:57,766 | INFO     |   → 163/1267 ⚠️ Ошибка: HTTPSConnectionPool(host='freevpnspy.githubrowcontent.com', port=443): Max retries exceeded with url: /2024/08/20240802_novless.yaml (Caused by NameResolutionError("HTTPSConnection(host='freevpnspy.githubrowcontent.com', port=443): Failed to resolve 'freevpnspy.githubrowcontent.com' ([Errno -2] Name or service not known)")) — https://freevpnspy.githubrowcontent.com/2024/08/20240802_novless.yaml
2026-06-23 02:49:57,766 | INFO     |   → 164/1267 ⚠️ Ошибка: HTTPSConnectionPool(host='freevpnspy.githubrowcontent.com', port=443): Max retries exceeded with url: /2024/08/20240802_vless.yaml (Caused by NameResolutionError("HTTPSConnection(host='freevpnspy.githubrowcontent.com', port=443): Failed to resolve 'freevpnspy.githubrowcontent.com' ([Errno -2] Name or service not known)")) — https://freevpnspy.githubrowcontent.com/2024/08/20240802_vless.yaml
2026-06-23 02:49:57,766 | INFO     |   → 165/1267: ✅ 0 взято | 🗑️ 0 мусор
2026-06-23 02:49:57,766 | INFO     |   → 166/1267: ✅ 5 взято | 🗑️ 166 мусор
2026-06-23 02:49:57,766 | INFO     |   → 167/1267: ✅ 14 взято | 🗑️ 292 мусор
2026-06-23 02:49:57,766 | INFO     |   → 168/1267: ✅ 0 взято | 🗑️ 115 мусор
2026-06-23 02:49:57,766 | INFO     |   → 169/1267: ✅ 14 взято | 🗑️ 218 мусор
2026-06-23 02:49:57,766 | INFO     |   → 170/1267: ✅ 7 взято | 🗑️ 148 мусор
2026-06-23 02:49:57,766 | INFO     |   → 171/1267: ✅ 0 взято | 🗑️ 0 мусор
2026-06-23 02:49:57,766 | INFO     |   → 172/1267: ✅ 10 взято | 🗑️ 232 мусор
2026-06-23 02:49:57,766 | INFO     |   → 173/1267: ✅ 4 взято | 🗑️ 151 мусор
2026-06-23 02:49:57,766 | INFO     |   → 174/1267: ✅ 0 взято | 🗑️ 0 мусор
2026-06-23 02:49:57,766 | INFO     |   → 175/1267: ✅ 0 взято | 🗑️ 0 мусор
2026-06-23 02:49:57,766 | INFO     |   → 176/1267: ✅ 0 взято | 🗑️ 0 мусор
2026-06-23 02:49:57,766 | INFO     |   → 177/1267: ✅ 0 взято | 🗑️ 0 мусор
2026-06-23 02:49:57,766 | INFO     |   → 178/1267: ✅ 0 взято | 🗑️ 0 мусор
2026-06-23 02:49:57,766 | INFO     |   → 179/1267: ✅ 7 взято | 🗑️ 113 мусор
2026-06-23 02:49:57,766 | INFO     |   → 180/1267: ✅ 0 взято | 🗑️ 0 мусор
2026-06-23 02:49:57,766 | INFO     |   → 181/1267: ✅ 0 взято | 🗑️ 0 мусор
2026-06-23 02:49:57,766 | INFO     |   → 182/1267: ✅ 0 взято | 🗑️ 0 мусор
2026-06-23 02:49:57,766 | INFO     |   → 183/1267: ✅ 1 взято | 🗑️ 169 мусор
2026-06-23 02:49:57,766 | INFO     |   → 184/1267: ✅ 0 взято | 🗑️ 0 мусор
2026-06-23 02:49:57,767 | INFO     |   → 185/1267: ✅ 5 взято | 🗑️ 211 мусор
2026-06-23 02:49:57,767 | INFO     |   → 186/1267: ✅ 0 взято | 🗑️ 0 мусор
2026-06-23 02:49:57,767 | INFO     |   → 187/1267: ✅ 1 взято | 🗑️ 213 мусор
2026-06-23 02:49:57,767 | INFO     |   → 188/1267: ✅ 0 взято | 🗑️ 0 мусор
2026-06-23 02:49:57,767 | INFO     |   → 189/1267: ✅ 0 взято | 🗑️ 0 мусор
2026-06-23 02:49:57,767 | INFO     |   → 190/1267: ✅ 1 взято | 🗑️ 226 мусор
2026-06-23 02:49:57,767 | INFO     |   → 191/1267: ✅ 3 взято | 🗑️ 152 мусор
2026-06-23 02:49:57,767 | INFO     |   → 192/1267: ✅ 0 взято | 🗑️ 0 мусор
2026-06-23 02:49:57,767 | INFO     |   → 193/1267: ✅ 0 взято | 🗑️ 0 мусор
2026-06-23 02:49:57,767 | INFO     |   → 194/1267: ✅ 3 взято | 🗑️ 99 мусор
2026-06-23 02:49:57,767 | INFO     |   → 195/1267: ✅ 0 взято | 🗑️ 0 мусор
2026-06-23 02:49:57,767 | INFO     |   → 196/1267: ✅ 0 взято | 🗑️ 300 мусор
2026-06-23 02:49:57,767 | INFO     |   → 197/1267: ✅ 0 взято | 🗑️ 0 мусор
2026-06-23 02:49:57,767 | INFO     |   → 198/1267: ✅ 0 взято | 🗑️ 142 мусор
2026-06-23 02:49:57,767 | INFO     |   → 199/1267: ✅ 2 взято | 🗑️ 124 мусор
2026-06-23 02:49:57,767 | INFO     |   → 200/1267: ✅ 0 взято | 🗑️ 0 мусор
2026-06-23 02:49:57,767 | INFO     |   → 201/1267: ✅ 0 взято | 🗑️ 0 мусор
2026-06-23 02:49:57,767 | INFO     |   → 202/1267: ✅ 1 взято | 🗑️ 104 мусор
2026-06-23 02:49:57,767 | INFO     |   → 203/1267: ✅ 0 взято | 🗑️ 193 мусор
2026-06-23 02:49:57,767 | INFO     |   → 204/1267: ✅ 2 взято | 🗑️ 115 мусор
2026-06-23 02:49:57,767 | INFO     |   → 205/1267: ✅ 7 взято | 🗑️ 179 мусор
2026-06-23 02:49:57,767 | INFO     |   → 206/1267: ✅ 0 взято | 🗑️ 0 мусор
2026-06-23 02:49:57,767 | INFO     |   → 207/1267: ✅ 0 взято | 🗑️ 0 мусор
2026-06-23 02:49:57,767 | INFO     |   → 208/1267: ✅ 0 взято | 🗑️ 125 мусор
2026-06-23 02:49:57,767 | INFO     |   → 209/1267: ✅ 11 взято | 🗑️ 225 мусор
2026-06-23 02:49:57,767 | INFO     |   → 210/1267: ✅ 0 взято | 🗑️ 296 мусор
2026-06-23 02:49:57,767 | INFO     |   → 211/1267: ✅ 1 взято | 🗑️ 141 мусор
2026-06-23 02:49:57,767 | INFO     |   → 212/1267: ✅ 1 взято | 🗑️ 279 мусор
2026-06-23 02:49:57,767 | INFO     |   → 213/1267: ✅ 0 взято | 🗑️ 130 мусор
2026-06-23 02:49:57,767 | INFO     |   → 214/1267: ✅ 2 взято | 🗑️ 105 мусор
2026-06-23 02:49:57,767 | INFO     |   → 215/1267: ✅ 0 взято | 🗑️ 0 мусор
2026-06-23 02:49:57,768 | INFO     |   → 216/1267: ✅ 3 взято | 🗑️ 268 мусор
2026-06-23 02:49:57,768 | INFO     |   → 217/1267: ✅ 0 взято | 🗑️ 248 мусор
2026-06-23 02:49:57,768 | INFO     |   → 218/1267: ✅ 0 взято | 🗑️ 0 мусор
2026-06-23 02:49:57,768 | INFO     |   → 219/1267: ✅ 1 взято | 🗑️ 139 мусор
2026-06-23 02:49:57,768 | INFO     |   → 220/1267: ✅ 1 взято | 🗑️ 109 мусор
2026-06-23 02:49:57,768 | INFO     |   → 221/1267: ✅ 0 взято | 🗑️ 0 мусор
2026-06-23 02:49:57,768 | INFO     |   → 222/1267: ✅ 0 взято | 🗑️ 0 мусор
2026-06-23 02:49:57,768 | INFO     |   → 223/1267: ✅ 0 взято | 🗑️ 0 мусор
2026-06-23 02:49:57,768 | INFO     |   → 224/1267: ✅ 0 взято | 🗑️ 0 мусор
2026-06-23 02:49:57,768 | INFO     |   → 225/1267: ✅ 0 взято | 🗑️ 137 мусор
2026-06-23 02:49:57,768 | INFO     |   → 226/1267: ✅ 0 взято | 🗑️ 0 мусор
2026-06-23 02:49:57,768 | INFO     |   → 227/1267: ✅ 0 взято | 🗑️ 0 мусор
2026-06-23 02:49:57,768 | INFO     |   → 228/1267: ✅ 0 взято | 🗑️ 198 мусор
2026-06-23 02:49:57,768 | INFO     |   → 229/1267: ✅ 0 взято | 🗑️ 0 мусор
2026-06-23 02:49:57,768 | INFO     |   → 230/1267: ✅ 0 взято | 🗑️ 0 мусор
2026-06-23 02:49:57,768 | INFO     |   → 231/1267: ✅ 0 взято | 🗑️ 112 мусор
2026-06-23 02:49:57,768 | INFO     |   → 232/1267: ✅ 0 взято | 🗑️ 0 мусор
2026-06-23 02:49:57,768 | INFO     |   → 233/1267: ✅ 0 взято | 🗑️ 0 мусор
2026-06-23 02:49:57,768 | INFO     |   → 234/1267: ✅ 0 взято | 🗑️ 0 мусор
2026-06-23 02:49:57,768 | INFO     |   → 235/1267 ❌ HTTP 404 — https://github.com/Epodonios/bulk-xray-v2ray-vless-vmess-...-configs/raw/main/sub/Albania/config.txt
2026-06-23 02:49:57,768 | INFO     |   → 236/1267 ❌ HTTP 404 — https://github.com/Epodonios/bulk-xray-v2ray-vless-vmess-...-configs/raw/main/sub/Cura%C3%A7ao/config.txt
2026-06-23 02:49:57,768 | INFO     |   → 237/1267 ❌ HTTP 404 — https://github.com/Epodonios/bulk-xray-v2ray-vless-vmess-...-configs/raw/main/sub/Finland/config.txt
2026-06-23 02:49:57,768 | INFO     |   → 238/1267 ❌ HTTP 404 — https://github.com/Epodonios/bulk-xray-v2ray-vless-vmess-...-configs/raw/main/sub/Iran/config.txt
2026-06-23 02:49:57,768 | INFO     |   → 239/1267 ❌ HTTP 404 — https://github.com/Epodonios/bulk-xray-v2ray-vless-vmess-...-configs/raw/main/sub/Netherlands/config.txt
2026-06-23 02:49:57,768 | INFO     |   → 240/1267 ❌ HTTP 404 — https://github.com/Epodonios/bulk-xray-v2ray-vless-vmess-...-configs/raw/main/sub/Norway/config.txt
2026-06-23 02:49:57,768 | INFO     |   → 241/1267 ❌ HTTP 404 — https://github.com/Epodonios/bulk-xray-v2ray-vless-vmess-...-configs/raw/main/sub/Russia/config.txt
2026-06-23 02:49:57,768 | INFO     |   → 242/1267: ✅ 13 взято | 🗑️ 70 мусор
2026-06-23 02:49:57,768 | INFO     |   → 243/1267: ✅ 0 взято | 🗑️ 4 мусор
2026-06-23 02:49:57,768 | INFO     |   → 244/1267: ✅ 0 взято | 🗑️ 7 мусор
2026-06-23 02:49:57,768 | INFO     |   → 245/1267: ✅ 0 взято | 🗑️ 51 мусор
2026-06-23 02:49:57,768 | INFO     |   → 246/1267: ✅ 0 взято | 🗑️ 8 мусор
2026-06-23 02:49:57,768 | INFO     |   → 247/1267: ✅ 0 взято | 🗑️ 0 мусор
2026-06-23 02:49:57,768 | INFO     |   → 248/1267: ✅ 17 взято | 🗑️ 119 мусор
2026-06-23 02:49:57,768 | INFO     |   → 249/1267 ❌ HTTP 404 — https://github.com/MrMohebi/xray-proxy-grabber-telegram/raw/master/collected-proxies/clash-meta/all.yaml
2026-06-23 02:49:57,768 | INFO     |   → 250/1267 ❌ HTTP 404 — https://github.com/MrMohebi/xray-proxy-grabber-telegram/raw/master/collected-proxies/row-url/all.txt
2026-06-23 02:49:57,768 | INFO     |   → 251/1267: ✅ 0 взято | 🗑️ 0 мусор
2026-06-23 02:49:57,768 | INFO     |   → 252/1267: ✅ 0 взято | 🗑️ 113 мусор
2026-06-23 02:49:57,768 | INFO     |   → 253/1267: ✅ 0 взято | 🗑️ 119 мусор
2026-06-23 02:49:57,768 | INFO     |   → 254/1267 ❌ HTTP 404 — https://github.com/abbasdvd3/abbasdvd10/73ec60de7a6c6aa6df4c14b511c1da60686891ca/ppo.txt
2026-06-23 02:49:57,768 | INFO     |   → 255/1267 ❌ HTTP 404 — https://github.com/acymz/AutoVPN/refs/heads/main/data/V2.txt
2026-06-23 02:49:57,768 | INFO     |   → 256/1267: ✅ 0 взято | 🗑️ 0 мусор
2026-06-23 02:49:57,769 | INFO     |   → 257/1267: ✅ 0 взято | 🗑️ 0 мусор
2026-06-23 02:49:57,769 | INFO     |   → 258/1267: ✅ 0 взято | 🗑️ 0 мусор
2026-06-23 02:49:57,769 | INFO     |   → 259/1267: ✅ 0 взято | 🗑️ 0 мусор
2026-06-23 02:49:57,769 | INFO     |   → 260/1267: ✅ 0 взято | 🗑️ 0 мусор
2026-06-23 02:49:57,769 | INFO     |   → 261/1267: ✅ 0 взято | 🗑️ 0 мусор
2026-06-23 02:49:57,769 | INFO     |   → 262/1267: ✅ 0 взято | 🗑️ 0 мусор
2026-06-23 02:49:57,769 | INFO     |   → 263/1267 ❌ HTTP 404 — https://github.com/mermeroo/V2RAY-FREE/raw/main/All_Configs_base64_Sub.txt
2026-06-23 02:49:57,769 | INFO     |   → 264/1267 ❌ HTTP 404 — https://github.com/mermeroo/V2RAY-FREE/raw/main/Base64/Sub1_base64.txt
2026-06-23 02:49:57,769 | INFO     |   → 265/1267 ❌ HTTP 404 — https://github.com/mermeroo/V2RAY-FREE/raw/main/Base64/Sub2_base64.txt
2026-06-23 02:49:57,769 | INFO     |   → 266/1267 ❌ HTTP 404 — https://github.com/mermeroo/V2RAY-FREE/raw/main/Base64/Sub3_base64.txt
2026-06-23 02:49:57,769 | INFO     |   → 267/1267 ❌ HTTP 404 — https://github.com/mermeroo/V2RAY-FREE/raw/main/Base64/Sub4_base64.txt
2026-06-23 02:49:57,769 | INFO     |   → 268/1267 ❌ HTTP 404 — https://github.com/mermeroo/V2RAY-FREE/raw/main/Base64/Sub5_base64.txt
2026-06-23 02:49:57,769 | INFO     |   → 269/1267 ❌ HTTP 404 — https://github.com/mermeroo/telegram-configs-collector/raw/main/protocols/hysteria
2026-06-23 02:49:57,769 | INFO     |   → 270/1267 ❌ HTTP 404 — https://github.com/mermeroo/telegram-configs-collector/raw/main/protocols/juicity
2026-06-23 02:49:57,769 | INFO     |   → 271/1267 ❌ HTTP 404 — https://github.com/mermeroo/telegram-configs-collector/raw/main/protocols/tuic
2026-06-23 02:49:57,769 | INFO     |   → 272/1267: ✅ 5 взято | 🗑️ 16 мусор
2026-06-23 02:49:57,769 | INFO     |   → 273/1267: ✅ 0 взято | 🗑️ 0 мусор
2026-06-23 02:49:57,769 | INFO     |   → 274/1267: ✅ 0 взято | 🗑️ 0 мусор
2026-06-23 02:49:57,769 | INFO     |   → 275/1267: ✅ 0 взято | 🗑️ 0 мусор
2026-06-23 02:49:57,769 | INFO     |   → 276/1267: ✅ 10 взято | 🗑️ 238 мусор
2026-06-23 02:49:57,769 | INFO     |   → 277/1267: ✅ 0 взято | 🗑️ 0 мусор
2026-06-23 02:49:57,769 | INFO     |   → 278/1267: ✅ 5 взято | 🗑️ 239 мусор
2026-06-23 02:49:57,769 | INFO     |   → 279/1267: ✅ 0 взято | 🗑️ 0 мусор
2026-06-23 02:49:57,769 | INFO     |   → 280/1267: ✅ 0 взято | 🗑️ 255 мусор
2026-06-23 02:49:57,769 | INFO     |   → 281/1267: ✅ 0 взято | 🗑️ 0 мусор
2026-06-23 02:49:57,769 | INFO     |   → 282/1267: ✅ 1 взято | 🗑️ 249 мусор
2026-06-23 02:49:57,769 | INFO     |   → 283/1267: ✅ 0 взято | 🗑️ 0 мусор
2026-06-23 02:49:57,769 | INFO     |   → 284/1267: ✅ 0 взято | 🗑️ 207 мусор
2026-06-23 02:49:57,769 | INFO     |   → 285/1267: ✅ 0 взято | 🗑️ 0 мусор
2026-06-23 02:49:57,769 | INFO     |   → 286/1267: ✅ 0 взято | 🗑️ 228 мусор
2026-06-23 02:49:57,769 | INFO     |   → 287/1267: ✅ 0 взято | 🗑️ 0 мусор
2026-06-23 02:49:57,769 | INFO     |   → 288/1267: ✅ 1 взято | 🗑️ 291 мусор
2026-06-23 02:49:57,769 | INFO     |   → 289/1267: ✅ 0 взято | 🗑️ 0 мусор
2026-06-23 02:49:57,769 | INFO     |   → 290/1267: ✅ 3 взято | 🗑️ 221 мусор
2026-06-23 02:49:57,769 | INFO     |   → 291/1267: ✅ 0 взято | 🗑️ 0 мусор
2026-06-23 02:49:57,769 | INFO     |   → 292/1267: ✅ 1 взято | 🗑️ 222 мусор
2026-06-23 02:49:57,769 | INFO     |   → 293/1267: ✅ 0 взято | 🗑️ 0 мусор
2026-06-23 02:49:57,769 | INFO     |   → 294/1267: ✅ 1 взято | 🗑️ 218 мусор
2026-06-23 02:49:57,769 | INFO     |   → 295/1267: ✅ 0 взято | 🗑️ 0 мусор
2026-06-23 02:49:57,769 | INFO     |   → 296/1267: ✅ 0 взято | 🗑️ 193 мусор
2026-06-23 02:49:57,769 | INFO     |   → 297/1267: ✅ 0 взято | 🗑️ 0 мусор
2026-06-23 02:49:57,769 | INFO     |   → 298/1267: ✅ 0 взято | 🗑️ 290 мусор
2026-06-23 02:49:57,769 | INFO     |   → 299/1267: ✅ 0 взято | 🗑️ 0 мусор
2026-06-23 02:49:57,769 | INFO     |   → 300/1267: ✅ 0 взято | 🗑️ 238 мусор
2026-06-23 02:49:57,770 | INFO     |   → 301/1267: ✅ 0 взято | 🗑️ 0 мусор
2026-06-23 02:49:57,770 | INFO     |   → 302/1267: ✅ 1 взято | 🗑️ 221 мусор
2026-06-23 02:49:57,770 | INFO     |   → 303/1267: ✅ 0 взято | 🗑️ 0 мусор
2026-06-23 02:49:57,770 | INFO     |   → 304/1267: ✅ 0 взято | 🗑️ 248 мусор
2026-06-23 02:49:57,770 | INFO     |   → 305/1267: ✅ 0 взято | 🗑️ 0 мусор
2026-06-23 02:49:57,770 | INFO     |   → 306/1267: ✅ 0 взято | 🗑️ 203 мусор
2026-06-23 02:49:57,770 | INFO     |   → 307/1267: ✅ 0 взято | 🗑️ 0 мусор
2026-06-23 02:49:57,770 | INFO     |   → 308/1267: ✅ 0 взято | 🗑️ 208 мусор
2026-06-23 02:49:57,770 | INFO     |   → 309/1267: ✅ 0 взято | 🗑️ 0 мусор
2026-06-23 02:49:57,770 | INFO     |   → 310/1267: ✅ 2 взято | 🗑️ 209 мусор
2026-06-23 02:49:57,770 | INFO     |   → 311/1267: ✅ 0 взято | 🗑️ 0 мусор
2026-06-23 02:49:57,770 | INFO     |   → 312/1267: ✅ 0 взято | 🗑️ 258 мусор
2026-06-23 02:49:57,770 | INFO     |   → 313/1267: ✅ 0 взято | 🗑️ 0 мусор
2026-06-23 02:49:57,770 | INFO     |   → 314/1267: ✅ 0 взято | 🗑️ 296 мусор
2026-06-23 02:49:57,770 | INFO     |   → 315/1267: ✅ 0 взято | 🗑️ 0 мусор
2026-06-23 02:49:57,770 | INFO     |   → 316/1267: ✅ 1 взято | 🗑️ 286 мусор
2026-06-23 02:49:57,770 | INFO     |   → 317/1267: ✅ 0 взято | 🗑️ 0 мусор
2026-06-23 02:49:57,770 | INFO     |   → 318/1267: ✅ 0 взято | 🗑️ 195 мусор
2026-06-23 02:49:57,770 | INFO     |   → 319/1267: ✅ 0 взято | 🗑️ 0 мусор
2026-06-23 02:49:57,770 | INFO     |   → 320/1267: ✅ 0 взято | 🗑️ 170 мусор
2026-06-23 02:49:57,770 | INFO     |   → 321/1267: ✅ 0 взято | 🗑️ 0 мусор
2026-06-23 02:49:57,770 | INFO     |   → 322/1267: ✅ 0 взято | 🗑️ 160 мусор
2026-06-23 02:49:57,770 | INFO     |   → 323/1267: ✅ 0 взято | 🗑️ 0 мусор
2026-06-23 02:49:57,770 | INFO     |   → 324/1267: ✅ 0 взято | 🗑️ 121 мусор
2026-06-23 02:49:57,770 | INFO     |   → 325/1267: ✅ 0 взято | 🗑️ 0 мусор
2026-06-23 02:49:57,770 | INFO     |   → 326/1267: ✅ 0 взято | 🗑️ 135 мусор
2026-06-23 02:49:57,770 | INFO     |   → 327/1267: ✅ 0 взято | 🗑️ 0 мусор
2026-06-23 02:49:57,770 | INFO     |   → 328/1267: ✅ 1 взято | 🗑️ 129 мусор
2026-06-23 02:49:57,770 | INFO     |   → 329/1267: ✅ 0 взято | 🗑️ 0 мусор
2026-06-23 02:49:57,770 | INFO     |   → 330/1267: ✅ 0 взято | 🗑️ 189 мусор
2026-06-23 02:49:57,770 | INFO     |   → 331/1267: ✅ 0 взято | 🗑️ 0 мусор
2026-06-23 02:49:57,770 | INFO     |   → 332/1267: ✅ 3 взято | 🗑️ 147 мусор
2026-06-23 02:49:57,770 | INFO     |   → 333/1267: ✅ 0 взято | 🗑️ 0 мусор
2026-06-23 02:49:57,770 | INFO     |   → 334/1267: ✅ 1 взято | 🗑️ 183 мусор
2026-06-23 02:49:57,770 | INFO     |   → 335/1267: ✅ 0 взято | 🗑️ 0 мусор
2026-06-23 02:49:57,770 | INFO     |   → 336/1267: ✅ 0 взято | 🗑️ 155 мусор
2026-06-23 02:49:57,771 | INFO     |   → 337/1267: ✅ 0 взято | 🗑️ 0 мусор
2026-06-23 02:49:57,771 | INFO     |   → 338/1267: ✅ 0 взято | 🗑️ 114 мусор
2026-06-23 02:49:57,771 | INFO     |   → 339/1267: ✅ 0 взято | 🗑️ 0 мусор
2026-06-23 02:49:57,771 | INFO     |   → 340/1267: ✅ 0 взято | 🗑️ 239 мусор
2026-06-23 02:49:57,771 | INFO     |   → 341/1267: ✅ 0 взято | 🗑️ 0 мусор
2026-06-23 02:49:57,771 | INFO     |   → 342/1267: ✅ 0 взято | 🗑️ 204 мусор
2026-06-23 02:49:57,771 | INFO     |   → 343/1267: ✅ 0 взято | 🗑️ 0 мусор
2026-06-23 02:49:57,771 | INFO     |   → 344/1267: ✅ 0 взято | 🗑️ 232 мусор
2026-06-23 02:49:57,771 | INFO     |   → 345/1267: ✅ 0 взято | 🗑️ 0 мусор
2026-06-23 02:49:57,771 | INFO     |   → 346/1267: ✅ 0 взято | 🗑️ 192 мусор
2026-06-23 02:49:57,771 | INFO     |   → 347/1267: ✅ 0 взято | 🗑️ 0 мусор
2026-06-23 02:49:57,771 | INFO     |   → 348/1267: ✅ 0 взято | 🗑️ 183 мусор
2026-06-23 02:49:57,771 | INFO     |   → 349/1267: ✅ 0 взято | 🗑️ 0 мусор
2026-06-23 02:49:57,771 | INFO     |   → 350/1267: ✅ 0 взято | 🗑️ 169 мусор
2026-06-23 02:49:57,771 | INFO     |   → 351/1267: ✅ 0 взято | 🗑️ 0 мусор
2026-06-23 02:49:57,771 | INFO     |   → 352/1267: ✅ 0 взято | 🗑️ 167 мусор
2026-06-23 02:49:57,771 | INFO     |   → 353/1267: ✅ 0 взято | 🗑️ 0 мусор
2026-06-23 02:49:57,771 | INFO     |   → 354/1267: ✅ 0 взято | 🗑️ 193 мусор
2026-06-23 02:49:57,771 | INFO     |   → 355/1267: ✅ 0 взято | 🗑️ 0 мусор
2026-06-23 02:49:57,771 | INFO     |   → 356/1267: ✅ 1 взято | 🗑️ 161 мусор
2026-06-23 02:49:57,771 | INFO     |   → 357/1267: ✅ 0 взято | 🗑️ 0 мусор
2026-06-23 02:49:57,771 | INFO     |   → 358/1267: ✅ 0 взято | 🗑️ 171 мусор
2026-06-23 02:49:57,771 | INFO     |   → 359/1267: ✅ 0 взято | 🗑️ 0 мусор
2026-06-23 02:49:57,771 | INFO     |   → 360/1267: ✅ 0 взято | 🗑️ 174 мусор
2026-06-23 02:49:57,771 | INFO     |   → 361/1267: ✅ 0 взято | 🗑️ 0 мусор
2026-06-23 02:49:57,771 | INFO     |   → 362/1267: ✅ 0 взято | 🗑️ 206 мусор
2026-06-23 02:49:57,771 | INFO     |   → 363/1267: ✅ 0 взято | 🗑️ 0 мусор
2026-06-23 02:49:57,771 | INFO     |   → 364/1267: ✅ 0 взято | 🗑️ 170 мусор
2026-06-23 02:49:57,771 | INFO     |   → 365/1267: ✅ 0 взято | 🗑️ 0 мусор
2026-06-23 02:49:57,771 | INFO     |   → 366/1267: ✅ 1 взято | 🗑️ 196 мусор
2026-06-23 02:49:57,771 | INFO     |   → 367/1267: ✅ 0 взято | 🗑️ 0 мусор
2026-06-23 02:49:57,771 | INFO     |   → 368/1267: ✅ 0 взято | 🗑️ 208 мусор
2026-06-23 02:49:57,771 | INFO     |   → 369/1267: ✅ 0 взято | 🗑️ 0 мусор
2026-06-23 02:49:57,771 | INFO     |   → 370/1267: ✅ 0 взято | 🗑️ 162 мусор
2026-06-23 02:49:57,771 | INFO     |   → 371/1267: ✅ 0 взято | 🗑️ 0 мусор
2026-06-23 02:49:57,771 | INFO     |   → 372/1267: ✅ 0 взято | 🗑️ 116 мусор
2026-06-23 02:49:57,771 | INFO     |   → 373/1267: ✅ 0 взято | 🗑️ 0 мусор
2026-06-23 02:49:57,771 | INFO     |   → 374/1267: ✅ 0 взято | 🗑️ 132 мусор
2026-06-23 02:49:57,771 | INFO     |   → 375/1267: ✅ 0 взято | 🗑️ 0 мусор
2026-06-23 02:49:57,771 | INFO     |   → 376/1267: ✅ 0 взято | 🗑️ 132 мусор
2026-06-23 02:49:57,771 | INFO     |   → 377/1267: ✅ 0 взято | 🗑️ 0 мусор
2026-06-23 02:49:57,771 | INFO     |   → 378/1267: ✅ 1 взято | 🗑️ 113 мусор
2026-06-23 02:49:57,771 | INFO     |   → 379/1267: ✅ 0 взято | 🗑️ 0 мусор
2026-06-23 02:49:57,771 | INFO     |   → 380/1267: ✅ 0 взято | 🗑️ 103 мусор
2026-06-23 02:49:57,771 | INFO     |   → 381/1267: ✅ 0 взято | 🗑️ 0 мусор
2026-06-23 02:49:57,771 | INFO     |   → 382/1267: ✅ 3 взято | 🗑️ 213 мусор
2026-06-23 02:49:57,771 | INFO     |   → 383/1267: ✅ 0 взято | 🗑️ 0 мусор
2026-06-23 02:49:57,771 | INFO     |   → 384/1267: ✅ 1 взято | 🗑️ 130 мусор
2026-06-23 02:49:57,771 | INFO     |   → 385/1267: ✅ 0 взято | 🗑️ 0 мусор
2026-06-23 02:49:57,771 | INFO     |   → 386/1267: ✅ 0 взято | 🗑️ 135 мусор
2026-06-23 02:49:57,771 | INFO     |   → 387/1267: ✅ 0 взято | 🗑️ 0 мусор
2026-06-23 02:49:57,771 | INFO     |   → 388/1267: ✅ 0 взято | 🗑️ 145 мусор
2026-06-23 02:49:57,771 | INFO     |   → 389/1267: ✅ 0 взято | 🗑️ 0 мусор
2026-06-23 02:49:57,771 | INFO     |   → 390/1267: ✅ 0 взято | 🗑️ 157 мусор
2026-06-23 02:49:57,772 | INFO     |   → 391/1267: ✅ 0 взято | 🗑️ 0 мусор
2026-06-23 02:49:57,772 | INFO     |   → 392/1267: ✅ 0 взято | 🗑️ 131 мусор
2026-06-23 02:49:57,772 | INFO     |   → 393/1267: ✅ 0 взято | 🗑️ 0 мусор
2026-06-23 02:49:57,772 | INFO     |   → 394/1267: ✅ 1 взято | 🗑️ 124 мусор
2026-06-23 02:49:57,772 | INFO     |   → 395/1267: ✅ 0 взято | 🗑️ 0 мусор
2026-06-23 02:49:57,772 | INFO     |   → 396/1267: ✅ 2 взято | 🗑️ 189 мусор
2026-06-23 02:49:57,772 | INFO     |   → 397/1267: ✅ 0 взято | 🗑️ 0 мусор
2026-06-23 02:49:57,772 | INFO     |   → 398/1267: ✅ 1 взято | 🗑️ 279 мусор
2026-06-23 02:49:57,772 | INFO     |   → 399/1267: ✅ 0 взято | 🗑️ 0 мусор
2026-06-23 02:49:57,772 | INFO     |   → 400/1267: ✅ 0 взято | 🗑️ 270 мусор
2026-06-23 02:49:57,772 | INFO     |   → 401/1267: ✅ 0 взято | 🗑️ 0 мусор
2026-06-23 02:49:57,772 | INFO     |   → 402/1267: ✅ 0 взято | 🗑️ 161 мусор
2026-06-23 02:49:57,772 | INFO     |   → 403/1267: ✅ 0 взято | 🗑️ 0 мусор
2026-06-23 02:49:57,772 | INFO     |   → 404/1267: ✅ 3 взято | 🗑️ 117 мусор
2026-06-23 02:49:57,772 | INFO     |   → 405/1267: ✅ 0 взято | 🗑️ 0 мусор
2026-06-23 02:49:57,772 | INFO     |   → 406/1267: ✅ 0 взято | 🗑️ 100 мусор
2026-06-23 02:49:57,772 | INFO     |   → 407/1267: ✅ 0 взято | 🗑️ 0 мусор
2026-06-23 02:49:57,772 | INFO     |   → 408/1267: ✅ 1 взято | 🗑️ 171 мусор
2026-06-23 02:49:57,772 | INFO     |   → 409/1267: ✅ 0 взято | 🗑️ 0 мусор
2026-06-23 02:49:57,772 | INFO     |   → 410/1267: ✅ 0 взято | 🗑️ 202 мусор
2026-06-23 02:49:57,772 | INFO     |   → 411/1267: ✅ 0 взято | 🗑️ 0 мусор
2026-06-23 02:49:57,772 | INFO     |   → 412/1267: ✅ 0 взято | 🗑️ 138 мусор
2026-06-23 02:49:57,772 | INFO     |   → 413/1267: ✅ 0 взято | 🗑️ 0 мусор
2026-06-23 02:49:57,772 | INFO     |   → 414/1267: ✅ 0 взято | 🗑️ 236 мусор
2026-06-23 02:49:57,772 | INFO     |   → 415/1267: ✅ 0 взято | 🗑️ 0 мусор
2026-06-23 02:49:57,772 | INFO     |   → 416/1267: ✅ 0 взято | 🗑️ 192 мусор
2026-06-23 02:49:57,772 | INFO     |   → 417/1267: ✅ 0 взято | 🗑️ 0 мусор
2026-06-23 02:49:57,772 | INFO     |   → 418/1267: ✅ 1 взято | 🗑️ 174 мусор
2026-06-23 02:49:57,772 | INFO     |   → 419/1267: ✅ 0 взято | 🗑️ 0 мусор
2026-06-23 02:49:57,772 | INFO     |   → 420/1267: ✅ 0 взято | 🗑️ 149 мусор
2026-06-23 02:49:57,772 | INFO     |   → 421/1267: ✅ 0 взято | 🗑️ 0 мусор
2026-06-23 02:49:57,772 | INFO     |   → 422/1267: ✅ 0 взято | 🗑️ 147 мусор
2026-06-23 02:49:57,772 | INFO     |   → 423/1267: ✅ 0 взято | 🗑️ 0 мусор
2026-06-23 02:49:57,772 | INFO     |   → 424/1267: ✅ 2 взято | 🗑️ 196 мусор
2026-06-23 02:49:57,772 | INFO     |   → 425/1267: ✅ 0 взято | 🗑️ 0 мусор
2026-06-23 02:49:57,772 | INFO     |   → 426/1267 ⚠️ Ошибка: HTTPSConnectionPool(host='ivuxy.tech', port=443): Max retries exceeded with url: /v.txt (Caused by NameResolutionError("HTTPSConnection(host='ivuxy.tech', port=443): Failed to resolve 'ivuxy.tech' ([Errno -2] Name or service not known)")) — https://ivuxy.tech/v.txt
2026-06-23 02:49:57,772 | INFO     |   → 427/1267 ⚠️ Ошибка: HTTPSConnectionPool(host='mirror.ghproxy.com', port=443): Max retries exceeded with url: /https://raw.githubusercontent.com/Barabama/FreeNodes/master/nodes/blues.txt (Caused by NameResolutionError("HTTPSConnection(host='mirror.ghproxy.com', port=443): Failed to resolve 'mirror.ghproxy.com' ([Errno -2] Name or service not known)")) — https://mirror.ghproxy.com/https://raw.githubusercontent.com/Barabama/FreeNodes/master/nodes/blues.txt
2026-06-23 02:49:57,772 | INFO     |   → 428/1267 ⚠️ Ошибка: HTTPSConnectionPool(host='mirror.ghproxy.com', port=443): Max retries exceeded with url: /https://raw.githubusercontent.com/Barabama/FreeNodes/master/nodes/halekj.txt (Caused by NameResolutionError("HTTPSConnection(host='mirror.ghproxy.com', port=443): Failed to resolve 'mirror.ghproxy.com' ([Errno -2] Name or service not known)")) — https://mirror.ghproxy.com/https://raw.githubusercontent.com/Barabama/FreeNodes/master/nodes/halekj.txt
2026-06-23 02:49:57,772 | INFO     |   → 429/1267 ⚠️ Ошибка: HTTPSConnectionPool(host='mirror.ghproxy.com', port=443): Max retries exceeded with url: /https://raw.githubusercontent.com/Barabama/FreeNodes/master/nodes/kkzui.txt (Caused by NameResolutionError("HTTPSConnection(host='mirror.ghproxy.com', port=443): Failed to resolve 'mirror.ghproxy.com' ([Errno -2] Name or service not known)")) — https://mirror.ghproxy.com/https://raw.githubusercontent.com/Barabama/FreeNodes/master/nodes/kkzui.txt
2026-06-23 02:49:57,772 | INFO     |   → 430/1267 ⚠️ Ошибка: HTTPSConnectionPool(host='mirror.ghproxy.com', port=443): Max retries exceeded with url: /https://raw.githubusercontent.com/Barabama/FreeNodes/master/nodes/merged.txt (Caused by NameResolutionError("HTTPSConnection(host='mirror.ghproxy.com', port=443): Failed to resolve 'mirror.ghproxy.com' ([Errno -2] Name or service not known)")) — https://mirror.ghproxy.com/https://raw.githubusercontent.com/Barabama/FreeNodes/master/nodes/merged.txt
2026-06-23 02:49:57,772 | INFO     |   → 431/1267 ⚠️ Ошибка: HTTPSConnectionPool(host='mirror.ghproxy.com', port=443): Max retries exceeded with url: /https://raw.githubusercontent.com/Barabama/FreeNodes/master/nodes/nodefree.txt (Caused by NameResolutionError("HTTPSConnection(host='mirror.ghproxy.com', port=443): Failed to resolve 'mirror.ghproxy.com' ([Errno -2] Name or service not known)")) — https://mirror.ghproxy.com/https://raw.githubusercontent.com/Barabama/FreeNodes/master/nodes/nodefree.txt
2026-06-23 02:49:57,772 | INFO     |   → 432/1267 ⚠️ Ошибка: HTTPSConnectionPool(host='mirror.ghproxy.com', port=443): Max retries exceeded with url: /https://raw.githubusercontent.com/Barabama/FreeNodes/master/nodes/openrunner.txt (Caused by NameResolutionError("HTTPSConnection(host='mirror.ghproxy.com', port=443): Failed to resolve 'mirror.ghproxy.com' ([Errno -2] Name or service not known)")) — https://mirror.ghproxy.com/https://raw.githubusercontent.com/Barabama/FreeNodes/master/nodes/openrunner.txt
2026-06-23 02:49:57,772 | INFO     |   → 433/1267 ⚠️ Ошибка: HTTPSConnectionPool(host='mirror.ghproxy.com', port=443): Max retries exceeded with url: /https://raw.githubusercontent.com/Barabama/FreeNodes/master/nodes/v2rayshare.txt (Caused by NameResolutionError("HTTPSConnection(host='mirror.ghproxy.com', port=443): Failed to resolve 'mirror.ghproxy.com' ([Errno -2] Name or service not known)")) — https://mirror.ghproxy.com/https://raw.githubusercontent.com/Barabama/FreeNodes/master/nodes/v2rayshare.txt
2026-06-23 02:49:57,772 | INFO     |   → 434/1267 ⚠️ Ошибка: HTTPSConnectionPool(host='mirror.ghproxy.com', port=443): Max retries exceeded with url: /https://raw.githubusercontent.com/Barabama/FreeNodes/master/nodes/wenode.txt (Caused by NameResolutionError("HTTPSConnection(host='mirror.ghproxy.com', port=443): Failed to resolve 'mirror.ghproxy.com' ([Errno -2] Name or service not known)")) — https://mirror.ghproxy.com/https://raw.githubusercontent.com/Barabama/FreeNodes/master/nodes/wenode.txt
2026-06-23 02:49:57,773 | INFO     |   → 435/1267 ⚠️ Ошибка: HTTPSConnectionPool(host='mirror.ghproxy.com', port=443): Max retries exceeded with url: /https://raw.githubusercontent.com/Barabama/FreeNodes/master/nodes/yudou66.txt (Caused by NameResolutionError("HTTPSConnection(host='mirror.ghproxy.com', port=443): Failed to resolve 'mirror.ghproxy.com' ([Errno -2] Name or service not known)")) — https://mirror.ghproxy.com/https://raw.githubusercontent.com/Barabama/FreeNodes/master/nodes/yudou66.txt
2026-06-23 02:49:57,773 | INFO     |   → 436/1267: ✅ 7 взято | 🗑️ 17 мусор
2026-06-23 02:49:57,773 | INFO     |   → 437/1267: ✅ 0 взято | 🗑️ 17 мусор
2026-06-23 02:49:57,773 | INFO     |   → 438/1267: ✅ 14 взято | 🗑️ 14 мусор
2026-06-23 02:49:57,773 | INFO     |   → 439/1267: ✅ 0 взято | 🗑️ 14 мусор
2026-06-23 02:49:57,773 | INFO     |   → 440/1267: ✅ 0 взято | 🗑️ 14 мусор
2026-06-23 02:49:57,773 | INFO     |   → 441/1267: ✅ 0 взято | 🗑️ 14 мусор
2026-06-23 02:49:57,773 | INFO     |   → 442/1267: ✅ 0 взято | 🗑️ 14 мусор
2026-06-23 02:49:57,773 | INFO     |   → 443/1267: ✅ 0 взято | 🗑️ 14 мусор
2026-06-23 02:49:57,773 | INFO     |   → 444/1267: ✅ 0 взято | 🗑️ 14 мусор
2026-06-23 02:49:57,773 | INFO     |   → 445/1267: ✅ 0 взято | 🗑️ 14 мусор
2026-06-23 02:49:57,773 | INFO     |   → 446/1267: ✅ 0 взято | 🗑️ 14 мусор
2026-06-23 02:49:57,773 | INFO     |   → 447/1267: ✅ 7 взято | 🗑️ 21 мусор
2026-06-23 02:49:57,773 | INFO     |   → 448/1267: ✅ 0 взято | 🗑️ 21 мусор
2026-06-23 02:49:57,773 | INFO     |   → 449/1267: ✅ 0 взято | 🗑️ 21 мусор
2026-06-23 02:49:57,773 | INFO     |   → 450/1267: ✅ 0 взято | 🗑️ 21 мусор
2026-06-23 02:49:57,773 | INFO     |   → 451/1267: ✅ 0 взято | 🗑️ 21 мусор
2026-06-23 02:49:57,773 | INFO     |   → 452/1267: ✅ 0 взято | 🗑️ 21 мусор
2026-06-23 02:49:57,773 | INFO     |   → 453/1267: ✅ 0 взято | 🗑️ 21 мусор
2026-06-23 02:49:57,773 | INFO     |   → 454/1267: ✅ 0 взято | 🗑️ 21 мусор
2026-06-23 02:49:57,773 | INFO     |   → 455/1267: ✅ 0 взято | 🗑️ 21 мусор
2026-06-23 02:49:57,773 | INFO     |   → 456/1267: ✅ 0 взято | 🗑️ 21 мусор
2026-06-23 02:49:57,773 | INFO     |   → 457/1267: ✅ 0 взято | 🗑️ 21 мусор
2026-06-23 02:49:57,773 | INFO     |   → 458/1267: ✅ 5 взято | 🗑️ 15 мусор
2026-06-23 02:49:57,773 | INFO     |   → 459/1267: ✅ 0 взято | 🗑️ 15 мусор
2026-06-23 02:49:57,773 | INFO     |   → 460/1267: ✅ 0 взято | 🗑️ 15 мусор
2026-06-23 02:49:57,773 | INFO     |   → 461/1267: ✅ 0 взято | 🗑️ 15 мусор
2026-06-23 02:49:57,773 | INFO     |   → 462/1267: ✅ 0 взято | 🗑️ 15 мусор
2026-06-23 02:49:57,774 | INFO     |   → 463/1267: ✅ 0 взято | 🗑️ 15 мусор
2026-06-23 02:49:57,774 | INFO     |   → 464/1267: ✅ 0 взято | 🗑️ 15 мусор
2026-06-23 02:49:57,774 | INFO     |   → 465/1267: ✅ 0 взято | 🗑️ 15 мусор
2026-06-23 02:49:57,774 | INFO     |   → 466/1267: ✅ 0 взято | 🗑️ 15 мусор
2026-06-23 02:49:57,774 | INFO     |   → 467/1267: ✅ 0 взято | 🗑️ 14 мусор
2026-06-23 02:49:57,774 | INFO     |   → 468/1267: ✅ 0 взято | 🗑️ 14 мусор
2026-06-23 02:49:57,774 | INFO     |   → 469/1267: ✅ 0 взято | 🗑️ 14 мусор
2026-06-23 02:49:57,774 | INFO     |   → 470/1267: ✅ 0 взято | 🗑️ 14 мусор
2026-06-23 02:49:57,774 | INFO     |   → 471/1267: ✅ 6 взято | 🗑️ 17 мусор
2026-06-23 02:49:57,774 | INFO     |   → 472/1267: ✅ 0 взято | 🗑️ 17 мусор
2026-06-23 02:49:57,774 | INFO     |   → 473/1267: ✅ 0 взято | 🗑️ 17 мусор
2026-06-23 02:49:57,774 | INFO     |   → 474/1267: ✅ 0 взято | 🗑️ 17 мусор
2026-06-23 02:49:57,774 | INFO     |   → 475/1267: ✅ 0 взято | 🗑️ 17 мусор
2026-06-23 02:49:57,774 | INFO     |   → 476/1267: ✅ 0 взято | 🗑️ 17 мусор
2026-06-23 02:49:57,774 | INFO     |   → 477/1267: ✅ 6 взято | 🗑️ 24 мусор
2026-06-23 02:49:57,774 | INFO     |   → 478/1267: ✅ 0 взято | 🗑️ 24 мусор
2026-06-23 02:49:57,774 | INFO     |   → 479/1267: ✅ 0 взято | 🗑️ 24 мусор
2026-06-23 02:49:57,774 | INFO     |   → 480/1267: ✅ 0 взято | 🗑️ 24 мусор
2026-06-23 02:49:57,774 | INFO     |   → 481/1267: ✅ 0 взято | 🗑️ 24 мусор
2026-06-23 02:49:57,774 | INFO     |   → 482/1267: ✅ 0 взято | 🗑️ 24 мусор
2026-06-23 02:49:57,774 | INFO     |   → 483/1267: ✅ 0 взято | 🗑️ 24 мусор
2026-06-23 02:49:57,774 | INFO     |   → 484/1267: ✅ 0 взято | 🗑️ 24 мусор
2026-06-23 02:49:57,774 | INFO     |   → 485/1267: ✅ 0 взято | 🗑️ 24 мусор
2026-06-23 02:49:57,774 | INFO     |   → 486/1267: ✅ 0 взято | 🗑️ 24 мусор
2026-06-23 02:49:57,774 | INFO     |   → 487/1267: ✅ 0 взято | 🗑️ 24 мусор
2026-06-23 02:49:57,774 | INFO     |   → 488/1267: ✅ 13 взято | 🗑️ 7 мусор
2026-06-23 02:49:57,774 | INFO     |   → 489/1267: ✅ 0 взято | 🗑️ 7 мусор
2026-06-23 02:49:57,774 | INFO     |   → 490/1267: ✅ 0 взято | 🗑️ 7 мусор
2026-06-23 02:49:57,774 | INFO     |   → 491/1267: ✅ 0 взято | 🗑️ 7 мусор
2026-06-23 02:49:57,774 | INFO     |   → 492/1267: ✅ 0 взято | 🗑️ 7 мусор
2026-06-23 02:49:57,774 | INFO     |   → 493/1267: ✅ 0 взято | 🗑️ 7 мусор
2026-06-23 02:49:57,774 | INFO     |   → 494/1267: ✅ 0 взято | 🗑️ 7 мусор
2026-06-23 02:49:57,774 | INFO     |   → 495/1267: ✅ 0 взято | 🗑️ 7 мусор
2026-06-23 02:49:57,775 | INFO     |   → 496/1267: ✅ 0 взято | 🗑️ 7 мусор
2026-06-23 02:49:57,775 | INFO     |   → 497/1267: ✅ 0 взято | 🗑️ 7 мусор
2026-06-23 02:49:57,775 | INFO     |   → 498/1267: ✅ 5 взято | 🗑️ 9 мусор
2026-06-23 02:49:57,775 | INFO     |   → 499/1267: ✅ 0 взято | 🗑️ 9 мусор
2026-06-23 02:49:57,775 | INFO     |   → 500/1267: ✅ 0 взято | 🗑️ 9 мусор
2026-06-23 02:49:57,775 | INFO     |   → 501/1267: ✅ 0 взято | 🗑️ 9 мусор
2026-06-23 02:49:57,775 | INFO     |   → 502/1267: ✅ 0 взято | 🗑️ 9 мусор
2026-06-23 02:49:57,775 | INFO     |   → 503/1267: ✅ 0 взято | 🗑️ 9 мусор
2026-06-23 02:49:57,775 | INFO     |   → 504/1267: ✅ 0 взято | 🗑️ 9 мусор
2026-06-23 02:49:57,775 | INFO     |   → 505/1267: ✅ 0 взято | 🗑️ 9 мусор
2026-06-23 02:49:57,775 | INFO     |   → 506/1267: ✅ 0 взято | 🗑️ 9 мусор
2026-06-23 02:49:57,775 | INFO     |   → 507/1267: ✅ 0 взято | 🗑️ 9 мусор
2026-06-23 02:49:57,775 | INFO     |   → 508/1267: ✅ 13 взято | 🗑️ 10 мусор
2026-06-23 02:49:57,775 | INFO     |   → 509/1267: ✅ 0 взято | 🗑️ 10 мусор
2026-06-23 02:49:57,775 | INFO     |   → 510/1267 ⚠️ Ошибка: HTTPSConnectionPool(host='nodefree.githubrowcontent.com', port=443): Max retries exceeded with url: /2024/07/20240705.yaml (Caused by NameResolutionError("HTTPSConnection(host='nodefree.githubrowcontent.com', port=443): Failed to resolve 'nodefree.githubrowcontent.com' ([Errno -2] Name or service not known)")) — https://nodefree.org/dy/2023/08/20230806.yaml
2026-06-23 02:49:57,775 | INFO     |   → 511/1267 ⚠️ Ошибка: HTTPSConnectionPool(host='nodefree.githubrowcontent.com', port=443): Max retries exceeded with url: /2024/07/20240705.txt (Caused by NameResolutionError("HTTPSConnection(host='nodefree.githubrowcontent.com', port=443): Failed to resolve 'nodefree.githubrowcontent.com' ([Errno -2] Name or service not known)")) — https://nodefree.org/dy/2023/12/20231221.txt
2026-06-23 02:49:57,775 | INFO     |   → 512/1267: ✅ 0 взято | 🗑️ 17 мусор
2026-06-23 02:49:57,775 | INFO     |   → 513/1267: ✅ 0 взято | 🗑️ 17 мусор
2026-06-23 02:49:57,775 | INFO     |   → 514/1267: ✅ 0 взято | 🗑️ 14 мусор
2026-06-23 02:49:57,775 | INFO     |   → 515/1267: ✅ 0 взято | 🗑️ 14 мусор
2026-06-23 02:49:57,775 | INFO     |   → 516/1267: ✅ 0 взято | 🗑️ 14 мусор
2026-06-23 02:49:57,775 | INFO     |   → 517/1267: ✅ 0 взято | 🗑️ 14 мусор
2026-06-23 02:49:57,775 | INFO     |   → 518/1267: ✅ 0 взято | 🗑️ 14 мусор
2026-06-23 02:49:57,775 | INFO     |   → 519/1267: ✅ 0 взято | 🗑️ 14 мусор
2026-06-23 02:49:57,775 | INFO     |   → 520/1267: ✅ 0 взято | 🗑️ 14 мусор
2026-06-23 02:49:57,775 | INFO     |   → 521/1267: ✅ 0 взято | 🗑️ 14 мусор
2026-06-23 02:49:57,775 | INFO     |   → 522/1267: ✅ 0 взято | 🗑️ 14 мусор
2026-06-23 02:49:57,775 | INFO     |   → 523/1267: ✅ 0 взято | 🗑️ 21 мусор
2026-06-23 02:49:57,775 | INFO     |   → 524/1267: ✅ 0 взято | 🗑️ 21 мусор
2026-06-23 02:49:57,775 | INFO     |   → 525/1267: ✅ 0 взято | 🗑️ 21 мусор
2026-06-23 02:49:57,775 | INFO     |   → 526/1267: ✅ 0 взято | 🗑️ 21 мусор
2026-06-23 02:49:57,775 | INFO     |   → 527/1267: ✅ 0 взято | 🗑️ 21 мусор
2026-06-23 02:49:57,775 | INFO     |   → 528/1267: ✅ 0 взято | 🗑️ 21 мусор
2026-06-23 02:49:57,775 | INFO     |   → 529/1267: ✅ 0 взято | 🗑️ 21 мусор
2026-06-23 02:49:57,775 | INFO     |   → 530/1267: ✅ 0 взято | 🗑️ 21 мусор
2026-06-23 02:49:57,775 | INFO     |   → 531/1267: ✅ 0 взято | 🗑️ 21 мусор
2026-06-23 02:49:57,775 | INFO     |   → 532/1267: ✅ 0 взято | 🗑️ 21 мусор
2026-06-23 02:49:57,775 | INFO     |   → 533/1267: ✅ 0 взято | 🗑️ 21 мусор
2026-06-23 02:49:57,775 | INFO     |   → 534/1267: ✅ 0 взято | 🗑️ 15 мусор
2026-06-23 02:49:57,775 | INFO     |   → 535/1267: ✅ 0 взято | 🗑️ 15 мусор
2026-06-23 02:49:57,775 | INFO     |   → 536/1267: ✅ 0 взято | 🗑️ 15 мусор
2026-06-23 02:49:57,775 | INFO     |   → 537/1267: ✅ 0 взято | 🗑️ 15 мусор
2026-06-23 02:49:57,776 | INFO     |   → 538/1267: ✅ 0 взято | 🗑️ 15 мусор
2026-06-23 02:49:57,776 | INFO     |   → 539/1267: ✅ 0 взято | 🗑️ 15 мусор
2026-06-23 02:49:57,776 | INFO     |   → 540/1267: ✅ 0 взято | 🗑️ 15 мусор
2026-06-23 02:49:57,776 | INFO     |   → 541/1267: ✅ 0 взято | 🗑️ 15 мусор
2026-06-23 02:49:57,776 | INFO     |   → 542/1267: ✅ 0 взято | 🗑️ 15 мусор
2026-06-23 02:49:57,776 | INFO     |   → 543/1267: ✅ 0 взято | 🗑️ 15 мусор
2026-06-23 02:49:57,776 | INFO     |   → 544/1267: ✅ 0 взято | 🗑️ 14 мусор
2026-06-23 02:49:57,776 | INFO     |   → 545/1267: ✅ 0 взято | 🗑️ 14 мусор
2026-06-23 02:49:57,776 | INFO     |   → 546/1267: ✅ 0 взято | 🗑️ 14 мусор
2026-06-23 02:49:57,776 | INFO     |   → 547/1267: ✅ 0 взято | 🗑️ 14 мусор
2026-06-23 02:49:57,776 | INFO     |   → 548/1267: ✅ 0 взято | 🗑️ 17 мусор
2026-06-23 02:49:57,776 | INFO     |   → 549/1267: ✅ 0 взято | 🗑️ 17 мусор
2026-06-23 02:49:57,776 | INFO     |   → 550/1267: ✅ 0 взято | 🗑️ 17 мусор
2026-06-23 02:49:57,776 | INFO     |   → 551/1267: ✅ 0 взято | 🗑️ 17 мусор
2026-06-23 02:49:57,776 | INFO     |   → 552/1267: ✅ 0 взято | 🗑️ 17 мусор
2026-06-23 02:49:57,776 | INFO     |   → 553/1267: ✅ 0 взято | 🗑️ 24 мусор
2026-06-23 02:49:57,776 | INFO     |   → 554/1267: ✅ 0 взято | 🗑️ 24 мусор
2026-06-23 02:49:57,776 | INFO     |   → 555/1267: ✅ 0 взято | 🗑️ 24 мусор
2026-06-23 02:49:57,776 | INFO     |   → 556/1267: ✅ 0 взято | 🗑️ 24 мусор
2026-06-23 02:49:57,776 | INFO     |   → 557/1267: ✅ 0 взято | 🗑️ 24 мусор
2026-06-23 02:49:57,776 | INFO     |   → 558/1267: ✅ 0 взято | 🗑️ 24 мусор
2026-06-23 02:49:57,776 | INFO     |   → 559/1267: ✅ 0 взято | 🗑️ 24 мусор
2026-06-23 02:49:57,776 | INFO     |   → 560/1267: ✅ 0 взято | 🗑️ 24 мусор
2026-06-23 02:49:57,776 | INFO     |   → 561/1267: ✅ 0 взято | 🗑️ 24 мусор
2026-06-23 02:49:57,776 | INFO     |   → 562/1267: ✅ 0 взято | 🗑️ 24 мусор
2026-06-23 02:49:57,776 | INFO     |   → 563/1267: ✅ 0 взято | 🗑️ 24 мусор
2026-06-23 02:49:57,776 | INFO     |   → 564/1267: ✅ 0 взято | 🗑️ 7 мусор
2026-06-23 02:49:57,777 | INFO     |   → 565/1267: ✅ 0 взято | 🗑️ 7 мусор
2026-06-23 02:49:57,777 | INFO     |   → 566/1267: ✅ 0 взято | 🗑️ 7 мусор
2026-06-23 02:49:57,777 | INFO     |   → 567/1267: ✅ 0 взято | 🗑️ 7 мусор
2026-06-23 02:49:57,777 | INFO     |   → 568/1267: ✅ 0 взято | 🗑️ 7 мусор
2026-06-23 02:49:57,777 | INFO     |   → 569/1267: ✅ 0 взято | 🗑️ 7 мусор
2026-06-23 02:49:57,777 | INFO     |   → 570/1267: ✅ 0 взято | 🗑️ 7 мусор
2026-06-23 02:49:57,777 | INFO     |   → 571/1267: ✅ 0 взято | 🗑️ 7 мусор
2026-06-23 02:49:57,777 | INFO     |   → 572/1267: ✅ 0 взято | 🗑️ 7 мусор
2026-06-23 02:49:57,777 | INFO     |   → 573/1267: ✅ 0 взято | 🗑️ 7 мусор
2026-06-23 02:49:57,777 | INFO     |   → 574/1267: ✅ 0 взято | 🗑️ 9 мусор
2026-06-23 02:49:57,777 | INFO     |   → 575/1267: ✅ 0 взято | 🗑️ 9 мусор
2026-06-23 02:49:57,777 | INFO     |   → 576/1267: ✅ 0 взято | 🗑️ 9 мусор
2026-06-23 02:49:57,777 | INFO     |   → 577/1267: ✅ 0 взято | 🗑️ 9 мусор
2026-06-23 02:49:57,777 | INFO     |   → 578/1267: ✅ 0 взято | 🗑️ 9 мусор
2026-06-23 02:49:57,777 | INFO     |   → 579/1267: ✅ 0 взято | 🗑️ 9 мусор
2026-06-23 02:49:57,777 | INFO     |   → 580/1267: ✅ 0 взято | 🗑️ 9 мусор
2026-06-23 02:49:57,777 | INFO     |   → 581/1267: ✅ 0 взято | 🗑️ 9 мусор
2026-06-23 02:49:57,777 | INFO     |   → 582/1267: ✅ 0 взято | 🗑️ 9 мусор
2026-06-23 02:49:57,777 | INFO     |   → 583/1267: ✅ 0 взято | 🗑️ 9 мусор
2026-06-23 02:49:57,777 | INFO     |   → 584/1267: ✅ 0 взято | 🗑️ 10 мусор
2026-06-23 02:49:57,777 | INFO     |   → 585/1267: ✅ 0 взято | 🗑️ 10 мусор
2026-06-23 02:49:57,777 | INFO     |   → 586/1267: ✅ 0 взято | 🗑️ 0 мусор
2026-06-23 02:49:57,777 | INFO     |   → 587/1267: ✅ 0 взято | 🗑️ 0 мусор
2026-06-23 02:49:57,777 | INFO     |   → 588/1267: ✅ 0 взято | 🗑️ 0 мусор
2026-06-23 02:49:57,777 | INFO     |   → 589/1267: ✅ 0 взято | 🗑️ 0 мусор
2026-06-23 02:49:57,777 | INFO     |   → 590/1267: ✅ 0 взято | 🗑️ 0 мусор
2026-06-23 02:49:57,778 | INFO     |   → 591/1267: ✅ 0 взято | 🗑️ 0 мусор
2026-06-23 02:49:57,778 | INFO     |   → 592/1267: ✅ 0 взято | 🗑️ 0 мусор
2026-06-23 02:49:57,778 | INFO     |   → 593/1267: ✅ 0 взято | 🗑️ 0 мусор
2026-06-23 02:49:57,778 | INFO     |   → 594/1267: ✅ 0 взято | 🗑️ 0 мусор
2026-06-23 02:49:57,778 | INFO     |   → 595/1267: ✅ 0 взято | 🗑️ 0 мусор
2026-06-23 02:49:57,778 | INFO     |   → 596/1267: ✅ 0 взято | 🗑️ 0 мусор
2026-06-23 02:49:57,778 | INFO     |   → 597/1267: ✅ 0 взято | 🗑️ 0 мусор
2026-06-23 02:49:57,778 | INFO     |   → 598/1267 ❌ HTTP 404 — https://raw.githubusercontent.com/10ium/MihomoSaz/main/Sublist/shatakvpn.yaml4_Sub.txt
2026-06-23 02:49:57,778 | INFO     |   → 599/1267: ✅ 0 взято | 🗑️ 0 мусор
2026-06-23 02:49:57,778 | INFO     |   → 600/1267: ✅ 0 взято | 🗑️ 0 мусор
2026-06-23 02:49:57,778 | INFO     |   → 601/1267: ✅ 167 взято | 🗑️ 672 мусор
2026-06-23 02:49:57,778 | INFO     |   → 602/1267: ✅ 0 взято | 🗑️ 0 мусор
2026-06-23 02:49:57,778 | INFO     |   → 603/1267: ✅ 0 взято | 🗑️ 0 мусор
2026-06-23 02:49:57,778 | INFO     |   → 604/1267: ✅ 11 взято | 🗑️ 399 мусор
2026-06-23 02:49:57,778 | INFO     |   → 605/1267: ✅ 0 взято | 🗑️ 0 мусор
2026-06-23 02:49:57,778 | INFO     |   → 606/1267 ❌ HTTP 404 — https://raw.githubusercontent.com/9Fork/openit/main/Clash.yaml
2026-06-23 02:49:57,778 | INFO     |   → 607/1267: ✅ 193 взято | 🗑️ 816 мусор
2026-06-23 02:49:57,778 | INFO     |   → 608/1267: ✅ 0 взято | 🗑️ 816 мусор
2026-06-23 02:49:57,778 | INFO     |   → 609/1267: ✅ 19 взято | 🗑️ 81 мусор
2026-06-23 02:49:57,778 | INFO     |   → 610/1267: ✅ 11 взято | 🗑️ 87 мусор
2026-06-23 02:49:57,778 | INFO     |   → 611/1267: ✅ 27 взято | 🗑️ 73 мусор
2026-06-23 02:49:57,778 | INFO     |   → 612/1267: ✅ 13 взято | 🗑️ 75 мусор
2026-06-23 02:49:57,778 | INFO     |   → 613/1267: ✅ 10 взято | 🗑️ 83 мусор
2026-06-23 02:49:57,778 | INFO     |   → 614/1267: ✅ 12 взято | 🗑️ 86 мусор
2026-06-23 02:49:57,778 | INFO     |   → 615/1267: ✅ 11 взято | 🗑️ 87 мусор
2026-06-23 02:49:57,779 | INFO     |   → 616/1267: ✅ 11 взято | 🗑️ 80 мусор
2026-06-23 02:49:57,779 | INFO     |   → 617/1267: ✅ 9 взято | 🗑️ 82 мусор
2026-06-23 02:49:57,779 | INFO     |   → 618/1267: ✅ 69 взято | 🗑️ 3 мусор
2026-06-23 02:49:57,779 | INFO     |   → 619/1267: ✅ 3 взято | 🗑️ 75 мусор
2026-06-23 02:49:57,779 | INFO     |   → 620/1267: ✅ 4 взято | 🗑️ 69 мусор
2026-06-23 02:49:57,779 | INFO     |   → 621/1267: ✅ 4 взято | 🗑️ 80 мусор
2026-06-23 02:49:57,779 | INFO     |   → 622/1267: ✅ 6 взято | 🗑️ 81 мусор
2026-06-23 02:49:57,779 | INFO     |   → 623/1267: ✅ 5 взято | 🗑️ 79 мусор
2026-06-23 02:49:57,779 | INFO     |   → 624/1267: ✅ 11 взято | 🗑️ 78 мусор
2026-06-23 02:49:57,779 | INFO     |   → 625/1267: ✅ 3 взято | 🗑️ 83 мусор
2026-06-23 02:49:57,779 | INFO     |   → 626/1267: ✅ 14 взято | 🗑️ 76 мусор
2026-06-23 02:49:57,779 | INFO     |   → 627/1267: ✅ 12 взято | 🗑️ 78 мусор
2026-06-23 02:49:57,779 | INFO     |   → 628/1267: ✅ 26 взято | 🗑️ 218 мусор
2026-06-23 02:49:57,779 | INFO     |   → 629/1267: ✅ 44 взято | 🗑️ 141 мусор
2026-06-23 02:49:57,779 | INFO     |   → 630/1267: ✅ 10 взято | 🗑️ 71 мусор
2026-06-23 02:49:57,779 | INFO     |   → 631/1267: ✅ 2 взято | 🗑️ 88 мусор
2026-06-23 02:49:57,779 | INFO     |   → 632/1267: ✅ 0 взято | 🗑️ 3 мусор
2026-06-23 02:49:57,779 | INFO     |   → 633/1267: ✅ 14 взято | 🗑️ 4 мусор
2026-06-23 02:49:57,779 | INFO     |   → 634/1267: ✅ 681 взято | 🗑️ 2265 мусор
2026-06-23 02:49:57,779 | INFO     |   → 635/1267 ❌ HTTP 404 — https://raw.githubusercontent.com/Alvin9999/pac2/master/clash/1/config.yaml
2026-06-23 02:49:57,779 | INFO     |   → 636/1267 ❌ HTTP 404 — https://raw.githubusercontent.com/AmirHDevo/temp2/7f15e7ddb311a6f8c5ab338bd1af0e1f2136a84b/configs.txt
2026-06-23 02:49:57,779 | INFO     |   → 637/1267: ✅ 52 взято | 🗑️ 425 мусор
2026-06-23 02:49:57,779 | INFO     |   → 638/1267: ✅ 10707 взято | 🗑️ 154700 мусор
2026-06-23 02:49:57,779 | INFO     |   → 639/1267: ✅ 5 взято | 🗑️ 47 мусор
2026-06-23 02:49:57,779 | INFO     |   → 640/1267: ✅ 2 взято | 🗑️ 57 мусор
2026-06-23 02:49:57,779 | INFO     |   → 641/1267: ✅ 21 взято | 🗑️ 107 мусор
2026-06-23 02:49:57,779 | INFO     |   → 642/1267: ✅ 78 взято | 🗑️ 347 мусор
2026-06-23 02:49:57,780 | INFO     |   → 643/1267: ✅ 0 взято | 🗑️ 1373 мусор
2026-06-23 02:49:57,780 | INFO     |   → 644/1267: ✅ 301 взято | 🗑️ 355 мусор
2026-06-23 02:49:57,780 | INFO     |   → 645/1267: ✅ 0 взято | 🗑️ 6 мусор
2026-06-23 02:49:57,780 | INFO     |   → 646/1267: ✅ 0 взято | 🗑️ 0 мусор
2026-06-23 02:49:57,780 | INFO     |   → 647/1267: ✅ 1 взято | 🗑️ 235 мусор
2026-06-23 02:49:57,780 | INFO     |   → 648/1267: ✅ 0 взято | 🗑️ 16 мусор
2026-06-23 02:49:57,780 | INFO     |   → 649/1267: ✅ 0 взято | 🗑️ 0 мусор
2026-06-23 02:49:57,780 | INFO     |   → 650/1267: ✅ 0 взято | 🗑️ 14 мусор
2026-06-23 02:49:57,780 | INFO     |   → 651/1267: ✅ 0 взято | 🗑️ 0 мусор
2026-06-23 02:49:57,780 | INFO     |   → 652/1267: ✅ 0 взято | 🗑️ 17 мусор
2026-06-23 02:49:57,780 | INFO     |   → 653/1267: ✅ 0 взято | 🗑️ 0 мусор
2026-06-23 02:49:57,780 | INFO     |   → 654/1267: ✅ 1 взято | 🗑️ 12 мусор
2026-06-23 02:49:57,780 | INFO     |   → 655/1267: ✅ 0 взято | 🗑️ 0 мусор
2026-06-23 02:49:57,780 | INFO     |   → 656/1267: ✅ 0 взято | 🗑️ 17 мусор
2026-06-23 02:49:57,780 | INFO     |   → 657/1267: ✅ 0 взято | 🗑️ 0 мусор
2026-06-23 02:49:57,780 | INFO     |   → 658/1267: ✅ 0 взято | 🗑️ 17 мусор
2026-06-23 02:49:57,780 | INFO     |   → 659/1267: ✅ 0 взято | 🗑️ 0 мусор
2026-06-23 02:49:57,780 | INFO     |   → 660/1267: ✅ 0 взято | 🗑️ 161 мусор
2026-06-23 02:49:57,780 | INFO     |   → 661/1267: ✅ 0 взято | 🗑️ 0 мусор
2026-06-23 02:49:57,780 | INFO     |   → 662/1267: ✅ 5 взято | 🗑️ 76 мусор
2026-06-23 02:49:57,780 | INFO     |   → 663/1267: ✅ 80 взято | 🗑️ 1110 мусор
2026-06-23 02:49:57,780 | INFO     |   → 664/1267: ✅ 5 взято | 🗑️ 13 мусор
2026-06-23 02:49:57,780 | INFO     |   → 665/1267 ❌ HTTP 404 — https://raw.githubusercontent.com/Epodonios/bulk-xray-v2ray-vless-vmess-...-configs/main/sub/Austria/config.txt
2026-06-23 02:49:57,780 | INFO     |   → 666/1267 ❌ HTTP 404 — https://raw.githubusercontent.com/Epodonios/bulk-xray-v2ray-vless-vmess-...-configs/main/sub/Canada/config.txt
2026-06-23 02:49:57,780 | INFO     |   → 667/1267 ❌ HTTP 404 — https://raw.githubusercontent.com/Epodonios/bulk-xray-v2ray-vless-vmess-...-configs/main/sub/Costa%20Rica/config.txt
2026-06-23 02:49:57,780 | INFO     |   → 668/1267 ❌ HTTP 404 — https://raw.githubusercontent.com/Epodonios/bulk-xray-v2ray-vless-vmess-...-configs/main/sub/France/config.txt
2026-06-23 02:49:57,781 | INFO     |   → 669/1267 ❌ HTTP 404 — https://raw.githubusercontent.com/Epodonios/bulk-xray-v2ray-vless-vmess-...-configs/main/sub/Germany/config.txt
2026-06-23 02:49:57,781 | INFO     |   → 670/1267 ❌ HTTP 404 — https://raw.githubusercontent.com/Epodonios/bulk-xray-v2ray-vless-vmess-...-configs/main/sub/Indonesia/config.txt
2026-06-23 02:49:57,781 | INFO     |   → 671/1267 ❌ HTTP 404 — https://raw.githubusercontent.com/Epodonios/bulk-xray-v2ray-vless-vmess-...-configs/main/sub/Ireland/config.txt
2026-06-23 02:49:57,781 | INFO     |   → 672/1267 ❌ HTTP 404 — https://raw.githubusercontent.com/Epodonios/bulk-xray-v2ray-vless-vmess-...-configs/main/sub/Republic%20of%20Lithuania/config.txt
2026-06-23 02:49:57,781 | INFO     |   → 673/1267 ❌ HTTP 404 — https://raw.githubusercontent.com/Epodonios/bulk-xray-v2ray-vless-vmess-...-configs/main/sub/South%20Africa/config.txt
2026-06-23 02:49:57,781 | INFO     |   → 674/1267 ❌ HTTP 404 — https://raw.githubusercontent.com/Epodonios/bulk-xray-v2ray-vless-vmess-...-configs/main/sub/Sweden/config.txt
2026-06-23 02:49:57,781 | INFO     |   → 675/1267 ❌ HTTP 404 — https://raw.githubusercontent.com/Epodonios/bulk-xray-v2ray-vless-vmess-...-configs/main/sub/Turkey/config.txt
2026-06-23 02:49:57,781 | INFO     |   → 676/1267 ❌ HTTP 404 — https://raw.githubusercontent.com/Epodonios/bulk-xray-v2ray-vless-vmess-...-configs/main/sub/United%20Arab%20Emirates/config.txt
2026-06-23 02:49:57,781 | INFO     |   → 677/1267 ❌ HTTP 404 — https://raw.githubusercontent.com/Epodonios/bulk-xray-v2ray-vless-vmess-...-configs/main/sub/United%20Kingdom/config.txt
2026-06-23 02:49:57,781 | INFO     |   → 678/1267 ❌ HTTP 404 — https://raw.githubusercontent.com/Epodonios/bulk-xray-v2ray-vless-vmess-...-configs/main/sub/United%20States/config.txt
2026-06-23 02:49:57,781 | INFO     |   → 679/1267: ✅ 861 взято | 🗑️ 6927 мусор
2026-06-23 02:49:57,781 | INFO     |   → 680/1267 ❌ HTTP 404 — https://raw.githubusercontent.com/Epodonios/v2ray-configs/main/Splitted-By-Protocol/mix.txt
2026-06-23 02:49:57,781 | INFO     |   → 681/1267: ✅ 13 взято | 🗑️ 468 мусор
2026-06-23 02:49:57,781 | INFO     |   → 682/1267: ✅ 0 взято | 🗑️ 0 мусор
2026-06-23 02:49:57,781 | INFO     |   → 683/1267: ✅ 9 взято | 🗑️ 723 мусор
2026-06-23 02:49:57,781 | INFO     |   → 684/1267: ✅ 30 взято | 🗑️ 4966 мусор
2026-06-23 02:49:57,781 | INFO     |   → 685/1267: ✅ 6 взято | 🗑️ 643 мусор
2026-06-23 02:49:57,781 | INFO     |   → 686/1267 ❌ HTTP 404 — https://raw.githubusercontent.com/Epodonios/v2ray-configs/raw/main/Splitted-By-Protocol/trojan.txt
2026-06-23 02:49:57,781 | INFO     |   → 687/1267 ❌ HTTP 404 — https://raw.githubusercontent.com/Epodonios/v2ray-configs/raw/main/Splitted-By-Protocol/vmess.txt
2026-06-23 02:49:57,781 | INFO     |   → 688/1267: ✅ 0 взято | 🗑️ 468 мусор
2026-06-23 02:49:57,781 | INFO     |   → 689/1267: ✅ 0 взято | 🗑️ 0 мусор
2026-06-23 02:49:57,781 | INFO     |   → 690/1267: ✅ 0 взято | 🗑️ 723 мусор
2026-06-23 02:49:57,781 | INFO     |   → 691/1267: ✅ 0 взято | 🗑️ 4966 мусор
2026-06-23 02:49:57,781 | INFO     |   → 692/1267: ✅ 0 взято | 🗑️ 643 мусор
2026-06-23 02:49:57,781 | INFO     |   → 693/1267 ❌ HTTP 404 — https://raw.githubusercontent.com/Fido6/FreeNodes/57221e59caddde55ffdda21d491ae952cd608049/nodes/halekj.txt
2026-06-23 02:49:57,781 | INFO     |   → 694/1267 ❌ HTTP 404 — https://raw.githubusercontent.com/Fido6/FreeNodes/57221e59caddde55ffdda21d491ae952cd608049/nodes/kkzui.txt
2026-06-23 02:49:57,782 | INFO     |   → 695/1267 ❌ HTTP 404 — https://raw.githubusercontent.com/Fido6/FreeNodes/57221e59caddde55ffdda21d491ae952cd608049/nodes/wenode.txt
2026-06-23 02:49:57,782 | INFO     |   → 696/1267: ✅ 0 взято | 🗑️ 0 мусор
2026-06-23 02:49:57,782 | INFO     |   → 697/1267: ✅ 0 взято | 🗑️ 0 мусор
2026-06-23 02:49:57,782 | INFO     |   → 698/1267: ✅ 14 взято | 🗑️ 250 мусор
2026-06-23 02:49:57,782 | INFO     |   → 699/1267: ✅ 0 взято | 🗑️ 7 мусор
2026-06-23 02:49:57,782 | INFO     |   → 700/1267: ✅ 1 взято | 🗑️ 17 мусор
2026-06-23 02:49:57,782 | INFO     |   → 701/1267: ✅ 4 взято | 🗑️ 11 мусор
2026-06-23 02:49:57,782 | INFO     |   → 702/1267: ✅ 0 взято | 🗑️ 0 мусор
2026-06-23 02:49:57,782 | INFO     |   → 703/1267: ✅ 0 взято | 🗑️ 137 мусор
2026-06-23 02:49:57,782 | INFO     |   → 704/1267: ✅ 0 взято | 🗑️ 32 мусор
2026-06-23 02:49:57,782 | INFO     |   → 705/1267: ✅ 2 взято | 🗑️ 19 мусор
2026-06-23 02:49:57,782 | INFO     |   → 706/1267: ✅ 0 взято | 🗑️ 43 мусор
2026-06-23 02:49:57,782 | INFO     |   → 707/1267: ✅ 0 взято | 🗑️ 43 мусор
2026-06-23 02:49:57,782 | INFO     |   → 708/1267 ❌ HTTP 404 — https://raw.githubusercontent.com/Iran-v2ray/v2ray/main/v2ray
2026-06-23 02:49:57,782 | INFO     |   → 709/1267: ✅ 0 взято | 🗑️ 1 мусор
2026-06-23 02:49:57,782 | INFO     |   → 710/1267: ✅ 0 взято | 🗑️ 1 мусор
2026-06-23 02:49:57,782 | INFO     |   → 711/1267: ✅ 0 взято | 🗑️ 28 мусор
2026-06-23 02:49:57,782 | INFO     |   → 712/1267: ✅ 14 взято | 🗑️ 282 мусор
2026-06-23 02:49:57,782 | INFO     |   → 713/1267: ✅ 0 взято | 🗑️ 94 мусор
2026-06-23 02:49:57,782 | INFO     |   → 714/1267: ✅ 0 взято | 🗑️ 0 мусор
2026-06-23 02:49:57,782 | INFO     |   → 715/1267: ✅ 0 взято | 🗑️ 0 мусор
2026-06-23 02:49:57,782 | INFO     |   → 716/1267 ❌ HTTP 404 — https://raw.githubusercontent.com/Kwinshadow/TelegramV2rayCollector/raw/refs/heads/main/sublinks/mix.txt
2026-06-23 02:49:57,782 | INFO     |   → 717/1267 ❌ HTTP 404 — https://raw.githubusercontent.com/LalatinaHub/Mineral/raw/refs/heads/master/result/nodes
2026-06-23 02:49:57,782 | INFO     |   → 718/1267 ❌ HTTP 404 — https://raw.githubusercontent.com/Leon406/SubCrawler/main/sub/share/all3
2026-06-23 02:49:57,782 | INFO     |   → 719/1267 ❌ HTTP 404 — https://raw.githubusercontent.com/Leon406/SubCrawler/main/sub/share/all4
2026-06-23 02:49:57,782 | INFO     |   → 720/1267: ✅ 4 взято | 🗑️ 335 мусор
2026-06-23 02:49:57,782 | INFO     |   → 721/1267: ✅ 0 взято | 🗑️ 33 мусор
2026-06-23 02:49:57,783 | INFO     |   → 722/1267: ✅ 0 взято | 🗑️ 6 мусор
2026-06-23 02:49:57,783 | INFO     |   → 723/1267: ✅ 0 взято | 🗑️ 147 мусор
2026-06-23 02:49:57,783 | INFO     |   → 724/1267 ❌ HTTP 404 — https://raw.githubusercontent.com/M-Mashreghi/free-config-collector/main/Splitted-By-Protocol/ssr.txt
2026-06-23 02:49:57,783 | INFO     |   → 725/1267: ✅ 139 взято | 🗑️ 114 мусор
2026-06-23 02:49:57,783 | INFO     |   → 726/1267: ✅ 126 взято | 🗑️ 137 мусор
2026-06-23 02:49:57,783 | INFO     |   → 727/1267: ✅ 0 взято | 🗑️ 12 мусор
2026-06-23 02:49:57,783 | INFO     |   → 728/1267: ✅ 0 взято | 🗑️ 1 мусор
2026-06-23 02:49:57,783 | INFO     |   → 729/1267: ✅ 122 взято | 🗑️ 51 мусор
2026-06-23 02:49:57,783 | INFO     |   → 730/1267: ✅ 0 взято | 🗑️ 51 мусор
2026-06-23 02:49:57,783 | INFO     |   → 731/1267 ❌ HTTP 404 — https://raw.githubusercontent.com/MatinGhanbari/v2ray-configs/main/subscriptions/filtered/subs/hy2.txt
2026-06-23 02:49:57,783 | INFO     |   → 732/1267: ✅ 28 взято | 🗑️ 1242 мусор
2026-06-23 02:49:57,783 | INFO     |   → 733/1267 ❌ HTTP 404 — https://raw.githubusercontent.com/MatinGhanbari/v2ray-configs/main/subscriptions/filtered/subs/ssr.txt
2026-06-23 02:49:57,783 | INFO     |   → 734/1267: ✅ 55 взято | 🗑️ 430 мусор
2026-06-23 02:49:57,783 | INFO     |   → 735/1267 ❌ HTTP 404 — https://raw.githubusercontent.com/MatinGhanbari/v2ray-configs/main/subscriptions/filtered/subs/tuic.txt
2026-06-23 02:49:57,783 | INFO     |   → 736/1267: ✅ 35 взято | 🗑️ 572 мусор
2026-06-23 02:49:57,783 | INFO     |   → 737/1267: ✅ 229 взято | 🗑️ 1366 мусор
2026-06-23 02:49:57,783 | INFO     |   → 738/1267: ✅ 0 взято | 🗑️ 2 мусор
2026-06-23 02:49:57,783 | INFO     |   → 739/1267: ✅ 375 взято | 🗑️ 1599 мусор
2026-06-23 02:49:57,783 | INFO     |   → 740/1267: ✅ 0 взято | 🗑️ 795 мусор
2026-06-23 02:49:57,783 | INFO     |   → 741/1267: ✅ 0 взято | 🗑️ 795 мусор
2026-06-23 02:49:57,783 | INFO     |   → 742/1267: ✅ 0 взято | 🗑️ 62 мусор
2026-06-23 02:49:57,783 | INFO     |   → 743/1267: ✅ 0 взято | 🗑️ 2 мусор
2026-06-23 02:49:57,783 | INFO     |   → 744/1267: ✅ 0 взято | 🗑️ 662 мусор
2026-06-23 02:49:57,783 | INFO     |   → 745/1267: ✅ 0 взято | 🗑️ 86 мусор
2026-06-23 02:49:57,783 | INFO     |   → 746/1267 ❌ HTTP 404 — https://raw.githubusercontent.com/MhdiTaheri/V2rayCollector/raw/refs/heads/main/sub/mix
2026-06-23 02:49:57,783 | INFO     |   → 747/1267: ✅ 53 взято | 🗑️ 267 мусор
2026-06-23 02:49:57,784 | INFO     |   → 748/1267 ❌ HTTP 404 — https://raw.githubusercontent.com/MhdiTaheri/V2rayCollector_Py/raw/refs/heads/main/sub/Mix/mix.txt
2026-06-23 02:49:57,784 | INFO     |   → 749/1267: ✅ 0 взято | 🗑️ 0 мусор
2026-06-23 02:49:57,784 | INFO     |   → 750/1267: ✅ 43 взято | 🗑️ 217 мусор
2026-06-23 02:49:57,784 | INFO     |   → 751/1267: ✅ 0 взято | 🗑️ 31 мусор
2026-06-23 02:49:57,784 | INFO     |   → 752/1267: ✅ 94 взято | 🗑️ 282 мусор
2026-06-23 02:49:57,784 | INFO     |   → 753/1267: ✅ 0 взято | 🗑️ 26 мусор
2026-06-23 02:49:57,784 | INFO     |   → 754/1267 ❌ HTTP 404 — https://raw.githubusercontent.com/MrMohebi/xray-proxy-grabber-telegram/master/collected-proxies/clash-meta/all.yaml
2026-06-23 02:49:57,784 | INFO     |   → 755/1267 ❌ HTTP 404 — https://raw.githubusercontent.com/MrMohebi/xray-proxy-grabber-telegram/master/collected-proxies/row-url/actives.txt
2026-06-23 02:49:57,784 | INFO     |   → 756/1267 ❌ HTTP 404 — https://raw.githubusercontent.com/MrMohebi/xray-proxy-grabber-telegram/master/collected-proxies/row-url/all.txt
2026-06-23 02:49:57,784 | INFO     |   → 757/1267: ✅ 0 взято | 🗑️ 13 мусор
2026-06-23 02:49:57,784 | INFO     |   → 758/1267: ✅ 0 взято | 🗑️ 13 мусор
2026-06-23 02:49:57,784 | INFO     |   → 759/1267: ✅ 5 взято | 🗑️ 15 мусор
2026-06-23 02:49:57,784 | INFO     |   → 760/1267: ✅ 0 взято | 🗑️ 30 мусор
2026-06-23 02:49:57,784 | INFO     |   → 761/1267: ✅ 0 взято | 🗑️ 15 мусор
2026-06-23 02:49:57,784 | INFO     |   → 762/1267: ✅ 66 взято | 🗑️ 123 мусор
2026-06-23 02:49:57,784 | INFO     |   → 763/1267: ✅ 133 взято | 🗑️ 65 мусор
2026-06-23 02:49:57,784 | INFO     |   → 764/1267: ✅ 0 взято | 🗑️ 0 мусор
2026-06-23 02:49:57,784 | INFO     |   → 765/1267 ❌ HTTP 404 — https://raw.githubusercontent.com/OpenCNLink/freevpn/3cfcff048bfdd1493ccffa52ecf30ce7f9fc6b28/src/list/vmess.txt
2026-06-23 02:49:57,784 | INFO     |   → 766/1267 ❌ HTTP 404 — https://raw.githubusercontent.com/Pawdro/Collection/main/sub
2026-06-23 02:49:57,784 | INFO     |   → 767/1267: ✅ 0 взято | 🗑️ 11 мусор
2026-06-23 02:49:57,784 | INFO     |   → 768/1267: ✅ 0 взято | 🗑️ 11 мусор
2026-06-23 02:49:57,784 | INFO     |   → 769/1267: ✅ 0 взято | 🗑️ 0 мусор
2026-06-23 02:49:57,784 | INFO     |   → 770/1267: ✅ 0 взято | 🗑️ 0 мусор
2026-06-23 02:49:57,784 | INFO     |   → 771/1267: ✅ 0 взято | 🗑️ 50 мусор
2026-06-23 02:49:57,784 | INFO     |   → 772/1267: ✅ 5 взято | 🗑️ 206 мусор
2026-06-23 02:49:57,784 | INFO     |   → 773/1267: ✅ 21 взято | 🗑️ 138 мусор
2026-06-23 02:49:57,785 | INFO     |   → 774/1267: ✅ 23 взято | 🗑️ 89 мусор
2026-06-23 02:49:57,785 | INFO     |   → 775/1267: ✅ 9 взято | 🗑️ 85 мусор
2026-06-23 02:49:57,785 | INFO     |   → 776/1267: ✅ 0 взято | 🗑️ 129 мусор
2026-06-23 02:49:57,785 | INFO     |   → 777/1267: ✅ 0 взято | 🗑️ 81 мусор
2026-06-23 02:49:57,785 | INFO     |   → 778/1267 ❌ HTTP 404 — https://raw.githubusercontent.com/STR97/STRUGOV/refs/heads/main/STR.BYPASS
2026-06-23 02:49:57,785 | INFO     |   → 779/1267: ✅ 4 взято | 🗑️ 34 мусор
2026-06-23 02:49:57,785 | INFO     |   → 780/1267: ✅ 11 взято | 🗑️ 16 мусор
2026-06-23 02:49:57,785 | INFO     |   → 781/1267: ✅ 0 взято | 🗑️ 16 мусор
2026-06-23 02:49:57,785 | INFO     |   → 782/1267: ✅ 0 взято | 🗑️ 27 мусор
2026-06-23 02:49:57,785 | INFO     |   → 783/1267: ✅ 140 взято | 🗑️ 1153 мусор
2026-06-23 02:49:57,785 | INFO     |   → 784/1267: ✅ 29 взято | 🗑️ 54 мусор
2026-06-23 02:49:57,785 | INFO     |   → 785/1267: ✅ 0 взято | 🗑️ 5 мусор
2026-06-23 02:49:57,785 | INFO     |   → 786/1267: ✅ 1 взято | 🗑️ 0 мусор
2026-06-23 02:49:57,785 | INFO     |   → 787/1267: ✅ 0 взято | 🗑️ 26 мусор
2026-06-23 02:49:57,785 | INFO     |   → 788/1267: ✅ 0 взято | 🗑️ 5 мусор
2026-06-23 02:49:57,785 | INFO     |   → 789/1267: ✅ 0 взято | 🗑️ 26 мусор
2026-06-23 02:49:57,785 | INFO     |   → 790/1267: ✅ 4 взято | 🗑️ 291 мусор
2026-06-23 02:49:57,785 | INFO     |   → 791/1267: ✅ 0 взято | 🗑️ 119 мусор
2026-06-23 02:49:57,785 | INFO     |   → 792/1267: ✅ 0 взято | 🗑️ 0 мусор
2026-06-23 02:49:57,785 | INFO     |   → 793/1267 ❌ HTTP 404 — https://raw.githubusercontent.com/V2RAYCONFIGSPOOL/V2RAY_SUB/main/V2RAY_SUB.txt
2026-06-23 02:49:57,785 | INFO     |   → 794/1267: ✅ 91 взято | 🗑️ 120 мусор
2026-06-23 02:49:57,785 | INFO     |   → 795/1267: ✅ 57 взято | 🗑️ 39 мусор
2026-06-23 02:49:57,785 | INFO     |   → 796/1267: ✅ 0 взято | 🗑️ 0 мусор
2026-06-23 02:49:57,785 | INFO     |   → 797/1267: ✅ 0 взято | 🗑️ 39 мусор
2026-06-23 02:49:57,785 | INFO     |   → 798/1267: ✅ 58 взято | 🗑️ 348 мусор
2026-06-23 02:49:57,785 | INFO     |   → 799/1267: ✅ 0 взято | 🗑️ 0 мусор
2026-06-23 02:49:57,785 | INFO     |   → 800/1267: ✅ 4 взято | 🗑️ 458 мусор
2026-06-23 02:49:57,786 | INFO     |   → 801/1267 ❌ HTTP 404 — https://raw.githubusercontent.com/ZYFXS/ZYFXS001/refs/heads/main/20c-youtube%40ZYFXS
2026-06-23 02:49:57,786 | INFO     |   → 802/1267 ❌ HTTP 404 — https://raw.githubusercontent.com/ZYFXS/ZYFXS001/refs/heads/main/20v-youtube%40ZYFXS
2026-06-23 02:49:57,786 | INFO     |   → 803/1267: ✅ 0 взято | 🗑️ 0 мусор
2026-06-23 02:49:57,786 | INFO     |   → 804/1267: ✅ 1 взято | 🗑️ 164 мусор
2026-06-23 02:49:57,786 | INFO     |   → 805/1267 ❌ HTTP 404 — https://raw.githubusercontent.com/ZYFXS/ZYFXS001/refs/heads/main/youtube%40ZYFXS---23c
2026-06-23 02:49:57,786 | INFO     |   → 806/1267 ❌ HTTP 404 — https://raw.githubusercontent.com/ZYFXS/ZYFXS001/refs/heads/main/youtube%40ZYFXS---23v
2026-06-23 02:49:57,786 | INFO     |   → 807/1267: ✅ 0 взято | 🗑️ 0 мусор
2026-06-23 02:49:57,786 | INFO     |   → 808/1267: ✅ 0 взято | 🗑️ 0 мусор
2026-06-23 02:49:57,786 | INFO     |   → 809/1267: ✅ 6 взято | 🗑️ 221 мусор
2026-06-23 02:49:57,786 | INFO     |   → 810/1267 ❌ HTTP 404 — https://raw.githubusercontent.com/ZYFXS/ZYFXS001/refs/heads/main/youtube%40ZYFXS-21c
2026-06-23 02:49:57,786 | INFO     |   → 811/1267 ❌ HTTP 404 — https://raw.githubusercontent.com/ZYFXS/ZYFXS001/refs/heads/main/youtube%40ZYFXS-21v
2026-06-23 02:49:57,786 | INFO     |   → 812/1267: ✅ 1 взято | 🗑️ 251 мусор
2026-06-23 02:49:57,786 | INFO     |   → 813/1267: ✅ 1 взято | 🗑️ 231 мусор
2026-06-23 02:49:57,786 | INFO     |   → 814/1267: ✅ 0 взято | 🗑️ 0 мусор
2026-06-23 02:49:57,786 | INFO     |   → 815/1267: ✅ 1 взято | 🗑️ 83 мусор
2026-06-23 02:49:57,786 | INFO     |   → 816/1267: ✅ 0 взято | 🗑️ 16 мусор
2026-06-23 02:49:57,786 | INFO     |   → 817/1267: ✅ 0 взято | 🗑️ 16 мусор
2026-06-23 02:49:57,786 | INFO     |   → 818/1267 ❌ HTTP 404 — https://raw.githubusercontent.com/aiboboxx/clashfree/main/clash.yml
2026-06-23 02:49:57,786 | INFO     |   → 819/1267 ❌ HTTP 404 — https://raw.githubusercontent.com/aiboboxx/v2rayfree/main/v2
2026-06-23 02:49:57,786 | INFO     |   → 820/1267 ❌ HTTP 404 — https://raw.githubusercontent.com/amirmohammad-mohammad-88/Sub-Reality-Azadi-config/Config/Azadi-Reality-Different
2026-06-23 02:49:57,786 | INFO     |   → 821/1267 ❌ HTTP 404 — https://raw.githubusercontent.com/amirmohammad-mohammad-88/Sub-Reality-Azadi-config/Config/Azadi-Reality-Different-Base64
2026-06-23 02:49:57,786 | INFO     |   → 822/1267: ✅ 1 взято | 🗑️ 17 мусор
2026-06-23 02:49:57,786 | INFO     |   → 823/1267: ✅ 0 взято | 🗑️ 0 мусор
2026-06-23 02:49:57,786 | INFO     |   → 824/1267: ✅ 4 взято | 🗑️ 114 мусор
2026-06-23 02:49:57,786 | INFO     |   → 825/1267: ✅ 35 взято | 🗑️ 78 мусор
2026-06-23 02:49:57,786 | INFO     |   → 826/1267 ❌ HTTP 404 — https://raw.githubusercontent.com/awesome-vpn/awesome-vpn/master/ss
2026-06-23 02:49:57,787 | INFO     |   → 827/1267 ❌ HTTP 404 — https://raw.githubusercontent.com/awesome-vpn/awesome-vpn/master/ssr
2026-06-23 02:49:57,787 | INFO     |   → 828/1267: ✅ 0 взято | 🗑️ 0 мусор
2026-06-23 02:49:57,787 | INFO     |   → 829/1267: ✅ 1 взято | 🗑️ 22 мусор
2026-06-23 02:49:57,787 | INFO     |   → 830/1267: ✅ 0 взято | 🗑️ 443 мусор
2026-06-23 02:49:57,787 | INFO     |   → 831/1267 ❌ HTTP 404 — https://raw.githubusercontent.com/barry-far/V2ray-Configs/ced94ddfff48276ec365b40227561f36b1b64bc8/Sub5.txt
2026-06-23 02:49:57,787 | INFO     |   → 832/1267 ❌ HTTP 404 — https://raw.githubusercontent.com/barry-far/V2ray-Configs/main/Splitted-By-Protocol/hysteria2.txt
2026-06-23 02:49:57,787 | INFO     |   → 833/1267 ❌ HTTP 404 — https://raw.githubusercontent.com/barry-far/V2ray-Configs/main/Splitted-By-Protocol/vless.txt
2026-06-23 02:49:57,787 | INFO     |   → 834/1267 ❌ HTTP 404 — https://raw.githubusercontent.com/barry-far/V2ray-Configs/main/Sub1.txt
2026-06-23 02:49:57,787 | INFO     |   → 835/1267 ❌ HTTP 404 — https://raw.githubusercontent.com/barry-far/V2ray-Configs/refs/heads/main/All_Configs_Sub.txt
2026-06-23 02:49:57,787 | INFO     |   → 836/1267: ✅ 0 взято | 🗑️ 0 мусор
2026-06-23 02:49:57,787 | INFO     |   → 837/1267 ❌ HTTP 404 — https://raw.githubusercontent.com/budamu/clashconfig/main/v2ray.txt
2026-06-23 02:49:57,787 | INFO     |   → 838/1267 ❌ HTTP 404 — https://raw.githubusercontent.com/budamu/clashconfig/main/v2ray2.txt
2026-06-23 02:49:57,787 | INFO     |   → 839/1267: ✅ 0 взято | 🗑️ 0 мусор
2026-06-23 02:49:57,787 | INFO     |   → 840/1267: ✅ 0 взято | 🗑️ 442 мусор
2026-06-23 02:49:57,787 | INFO     |   → 841/1267: ✅ 0 взято | 🗑️ 0 мусор
2026-06-23 02:49:57,787 | INFO     |   → 842/1267 ❌ HTTP 404 — https://raw.githubusercontent.com/chxxyz2004/zd/17fca23b73c46b5dd73e9be49b14d219b5e5f836/sub/2401/240110.txt
2026-06-23 02:49:57,787 | INFO     |   → 843/1267: ✅ 0 взято | 🗑️ 44 мусор
2026-06-23 02:49:57,787 | INFO     |   → 844/1267: ✅ 236 взято | 🗑️ 517 мусор
2026-06-23 02:49:57,787 | INFO     |   → 845/1267 ❌ HTTP 404 — https://raw.githubusercontent.com/cxr9912/cxr2022/main/free.yaml
2026-06-23 02:49:57,787 | INFO     |   → 846/1267 ❌ HTTP 404 — https://raw.githubusercontent.com/cxr9912/cxr2022/main/mix.yaml
2026-06-23 02:49:57,787 | INFO     |   → 847/1267 ❌ HTTP 404 — https://raw.githubusercontent.com/cxr9912/cxr2022/main/ss.yaml
2026-06-23 02:49:57,787 | INFO     |   → 848/1267 ❌ HTTP 404 — https://raw.githubusercontent.com/cxr9912/cxr2022/main/ssr.yaml
2026-06-23 02:49:57,787 | INFO     |   → 849/1267 ❌ HTTP 404 — https://raw.githubusercontent.com/cxr9912/cxr2022/main/vmess.yaml
2026-06-23 02:49:57,787 | INFO     |   → 850/1267 ❌ HTTP 404 — https://raw.githubusercontent.com/cxr9912/cxr2022/refs/heads/main/18cj.json
2026-06-23 02:49:57,787 | INFO     |   → 851/1267 ❌ HTTP 404 — https://raw.githubusercontent.com/cxr9912/cxr2022/refs/heads/main/aaaaaaaa.yaml
2026-06-23 02:49:57,787 | INFO     |   → 852/1267 ❌ HTTP 404 — https://raw.githubusercontent.com/cxr9912/cxr2022/refs/heads/main/free.yaml
2026-06-23 02:49:57,787 | INFO     |   → 853/1267 ❌ HTTP 404 — https://raw.githubusercontent.com/cxr9912/cxr2022/refs/heads/main/ss2088.txt
2026-06-23 02:49:57,788 | INFO     |   → 854/1267: ✅ 0 взято | 🗑️ 18 мусор
2026-06-23 02:49:57,788 | INFO     |   → 855/1267: ✅ 0 взято | 🗑️ 18 мусор
2026-06-23 02:49:57,788 | INFO     |   → 856/1267: ✅ 6 взято | 🗑️ 78 мусор
2026-06-23 02:49:57,788 | INFO     |   → 857/1267: ✅ 6 взято | 🗑️ 4 мусор
2026-06-23 02:49:57,788 | INFO     |   → 858/1267: ✅ 0 взято | 🗑️ 2 мусор
2026-06-23 02:49:57,788 | INFO     |   → 859/1267: ✅ 0 взято | 🗑️ 2 мусор
2026-06-23 02:49:57,788 | INFO     |   → 860/1267: ✅ 16 взято | 🗑️ 5 мусор
2026-06-23 02:49:57,788 | INFO     |   → 861/1267: ✅ 0 взято | 🗑️ 2 мусор
2026-06-23 02:49:57,788 | INFO     |   → 862/1267: ✅ 0 взято | 🗑️ 2 мусор
2026-06-23 02:49:57,788 | INFO     |   → 863/1267: ✅ 0 взято | 🗑️ 2 мусор
2026-06-23 02:49:57,788 | INFO     |   → 864/1267: ✅ 1 взято | 🗑️ 1 мусор
2026-06-23 02:49:57,788 | INFO     |   → 865/1267: ✅ 0 взято | 🗑️ 5 мусор
2026-06-23 02:49:57,788 | INFO     |   → 866/1267: ✅ 0 взято | 🗑️ 2 мусор
2026-06-23 02:49:57,788 | INFO     |   → 867/1267: ✅ 0 взято | 🗑️ 0 мусор
2026-06-23 02:49:57,788 | INFO     |   → 868/1267: ✅ 12984 взято | 🗑️ 228401 мусор
2026-06-23 02:49:57,788 | INFO     |   → 869/1267: ✅ 27 взято | 🗑️ 556 мусор
2026-06-23 02:49:57,788 | INFO     |   → 870/1267: ✅ 6 взято | 🗑️ 113 мусор
2026-06-23 02:49:57,788 | INFO     |   → 871/1267: ✅ 0 взято | 🗑️ 0 мусор
2026-06-23 02:49:57,788 | INFO     |   → 872/1267: ✅ 7 взято | 🗑️ 19 мусор
2026-06-23 02:49:57,788 | INFO     |   → 873/1267: ✅ 0 взято | 🗑️ 0 мусор
2026-06-23 02:49:57,788 | INFO     |   → 874/1267: ✅ 13 взято | 🗑️ 19 мусор
2026-06-23 02:49:57,788 | INFO     |   → 875/1267: ✅ 0 взято | 🗑️ 5 мусор
2026-06-23 02:49:57,788 | INFO     |   → 876/1267: ✅ 2 взято | 🗑️ 80 мусор
2026-06-23 02:49:57,788 | INFO     |   → 877/1267 ❌ HTTP 404 — https://raw.githubusercontent.com/free-nodes/v2rayfree/main/v2
2026-06-23 02:49:57,788 | INFO     |   → 878/1267 ❌ HTTP 404 — https://raw.githubusercontent.com/free-v2ray-config/trojan/main/trojan.txt
2026-06-23 02:49:57,788 | INFO     |   → 879/1267 ❌ HTTP 404 — https://raw.githubusercontent.com/free-v2ray-config/vless/main/vless.txt
2026-06-23 02:49:57,789 | INFO     |   → 880/1267 ❌ HTTP 404 — https://raw.githubusercontent.com/free-v2ray-config/vmess/main/vmess.txt
2026-06-23 02:49:57,789 | INFO     |   → 881/1267: ✅ 5 взято | 🗑️ 169 мусор
2026-06-23 02:49:57,789 | INFO     |   → 882/1267: ✅ 34 взято | 🗑️ 121 мусор
2026-06-23 02:49:57,789 | INFO     |   → 883/1267: ✅ 4 взято | 🗑️ 97 мусор
2026-06-23 02:49:57,789 | INFO     |   → 884/1267 ❌ HTTP 404 — https://raw.githubusercontent.com/free18/v2ray/main/Clash.yaml
2026-06-23 02:49:57,789 | INFO     |   → 885/1267: ✅ 0 взято | 🗑️ 0 мусор
2026-06-23 02:49:57,789 | INFO     |   → 886/1267: ✅ 0 взято | 🗑️ 15 мусор
2026-06-23 02:49:57,789 | INFO     |   → 887/1267: ✅ 0 взято | 🗑️ 0 мусор
2026-06-23 02:49:57,789 | INFO     |   → 888/1267: ✅ 0 взято | 🗑️ 8 мусор
2026-06-23 02:49:57,789 | INFO     |   → 889/1267: ✅ 0 взято | 🗑️ 8 мусор
2026-06-23 02:49:57,789 | INFO     |   → 890/1267: ✅ 0 взято | 🗑️ 8 мусор
2026-06-23 02:49:57,789 | INFO     |   → 891/1267: ✅ 0 взято | 🗑️ 8 мусор
2026-06-23 02:49:57,789 | INFO     |   → 892/1267 ❌ HTTP 404 — https://raw.githubusercontent.com/freev2rayconfig/V2RAY_SUB/3e6a7786a1601ee3723e8d043ae79e70dbdfd9a8/v2rayconfigs.txt
2026-06-23 02:49:57,789 | INFO     |   → 893/1267 ❌ HTTP 404 — https://raw.githubusercontent.com/freev2rayconfig/V2RAY_SUBSCRIPTION_LINK/main/v2rayconfigs.txt
2026-06-23 02:49:57,789 | INFO     |   → 894/1267 ❌ HTTP 404 — https://raw.githubusercontent.com/gfpcom/free-proxy-list/main/list/http.txt
2026-06-23 02:49:57,789 | INFO     |   → 895/1267 ❌ HTTP 404 — https://raw.githubusercontent.com/gfpcom/free-proxy-list/main/list/https.txt
2026-06-23 02:49:57,789 | INFO     |   → 896/1267 ❌ HTTP 404 — https://raw.githubusercontent.com/gfpcom/free-proxy-list/main/list/socks4.txt
2026-06-23 02:49:57,789 | INFO     |   → 897/1267 ❌ HTTP 404 — https://raw.githubusercontent.com/gfpcom/free-proxy-list/main/list/socks4a.txt
2026-06-23 02:49:57,789 | INFO     |   → 898/1267 ❌ HTTP 404 — https://raw.githubusercontent.com/gfpcom/free-proxy-list/main/list/socks5.txt
2026-06-23 02:49:57,789 | INFO     |   → 899/1267 ❌ HTTP 404 — https://raw.githubusercontent.com/gfpcom/free-proxy-list/main/list/socks5h.txt
2026-06-23 02:49:57,789 | INFO     |   → 900/1267 ❌ HTTP 404 — https://raw.githubusercontent.com/gfpcom/free-proxy-list/main/list/ss.txt
2026-06-23 02:49:57,789 | INFO     |   → 901/1267 ❌ HTTP 404 — https://raw.githubusercontent.com/gfpcom/free-proxy-list/main/list/ssr.txt
2026-06-23 02:49:57,789 | INFO     |   → 902/1267 ❌ HTTP 404 — https://raw.githubusercontent.com/gfpcom/free-proxy-list/main/list/trojan.txt
2026-06-23 02:49:57,789 | INFO     |   → 903/1267 ❌ HTTP 404 — https://raw.githubusercontent.com/gfpcom/free-proxy-list/main/list/vless.txt
2026-06-23 02:49:57,789 | INFO     |   → 904/1267 ❌ HTTP 404 — https://raw.githubusercontent.com/gfpcom/free-proxy-list/main/list/vmess.txt
2026-06-23 02:49:57,789 | INFO     |   → 905/1267: ✅ 0 взято | 🗑️ 17 мусор
2026-06-23 02:49:57,789 | INFO     |   → 906/1267: ✅ 0 взято | 🗑️ 0 мусор
2026-06-23 02:49:57,789 | INFO     |   → 907/1267: ✅ 4 взято | 🗑️ 63 мусор
2026-06-23 02:49:57,789 | INFO     |   → 908/1267 ❌ HTTP 404 — https://raw.githubusercontent.com/hameed-maleki/TVC/89a4522969c57dcc22458cae9898426e5c4f2679/lite/config.txt
2026-06-23 02:49:57,789 | INFO     |   → 909/1267: ✅ 5 взято | 🗑️ 132 мусор
2026-06-23 02:49:57,789 | INFO     |   → 910/1267: ✅ 0 взято | 🗑️ 56 мусор
2026-06-23 02:49:57,789 | INFO     |   → 911/1267 ❌ HTTP 404 — https://raw.githubusercontent.com/hkaa0/permalink/main/proxy/V2ray
2026-06-23 02:49:57,790 | INFO     |   → 912/1267 ❌ HTTP 404 — https://raw.githubusercontent.com/hkaa0/permalink/main/proxy/clash
2026-06-23 02:49:57,790 | INFO     |   → 913/1267 ❌ HTTP 404 — https://raw.githubusercontent.com/hkpc/Autoproxy/6cf946ddfc677a29062007e4b47d70674474baa7/sub/2401/240110.txt
2026-06-23 02:49:57,790 | INFO     |   → 914/1267 ❌ HTTP 404 — https://raw.githubusercontent.com/hkpc/V2ray-Configs/7d9aa0dabf947af180a7dd6302818ed37950531a/Sub1.txt
2026-06-23 02:49:57,790 | INFO     |   → 915/1267: ✅ 0 взято | 🗑️ 14 мусор
2026-06-23 02:49:57,790 | INFO     |   → 916/1267: ✅ 16 взято | 🗑️ 16 мусор
2026-06-23 02:49:57,790 | INFO     |   → 917/1267 ❌ HTTP 404 — https://raw.githubusercontent.com/iboxz/free-v2ray-collector/main/main
2026-06-23 02:49:57,790 | INFO     |   → 918/1267: ✅ 18 взято | 🗑️ 19 мусор
2026-06-23 02:49:57,790 | INFO     |   → 919/1267: ✅ 13 взято | 🗑️ 20 мусор
2026-06-23 02:49:57,790 | INFO     |   → 920/1267: ✅ 117 взято | 🗑️ 179 мусор
2026-06-23 02:49:57,790 | INFO     |   → 921/1267 ❌ HTTP 404 — https://raw.githubusercontent.com/igareck/vpn-configs-for-russia/refs/heads/main/Vless-Reality-White-Lists-Rus-Cable.txt
2026-06-23 02:49:57,790 | INFO     |   → 922/1267: ✅ 136 взято | 🗑️ 14 мусор
2026-06-23 02:49:57,790 | INFO     |   → 923/1267: ✅ 0 взято | 🗑️ 0 мусор
2026-06-23 02:49:57,790 | INFO     |   → 924/1267: ✅ 0 взято | 🗑️ 0 мусор
2026-06-23 02:49:57,790 | INFO     |   → 925/1267: ✅ 23 взято | 🗑️ 9 мусор
2026-06-23 02:49:57,790 | INFO     |   → 926/1267: ✅ 0 взято | 🗑️ 0 мусор
2026-06-23 02:49:57,790 | INFO     |   → 927/1267: ✅ 0 взято | 🗑️ 0 мусор
2026-06-23 02:49:57,790 | INFO     |   → 928/1267: ✅ 0 взято | 🗑️ 12 мусор
2026-06-23 02:49:57,790 | INFO     |   → 929/1267: ✅ 0 взято | 🗑️ 43 мусор
2026-06-23 02:49:57,790 | INFO     |   → 930/1267 ❌ HTTP 404 — https://raw.githubusercontent.com/jw853355718/clash_233/master/config.yml
2026-06-23 02:49:57,790 | INFO     |   → 931/1267: ✅ 0 взято | 🗑️ 210 мусор
2026-06-23 02:49:57,790 | INFO     |   → 932/1267: ✅ 0 взято | 🗑️ 0 мусор
2026-06-23 02:49:57,790 | INFO     |   → 933/1267: ✅ 0 взято | 🗑️ 0 мусор
2026-06-23 02:49:57,790 | INFO     |   → 934/1267 ❌ HTTP 404 — https://raw.githubusercontent.com/lcx12901/v2ray-/master/sspool.herokuapp.com/yzcloud.yaml
2026-06-23 02:49:57,790 | INFO     |   → 935/1267 ❌ HTTP 404 — https://raw.githubusercontent.com/lcx12901/v2ray-/master/sspool.herokuapp.com/yzcloud2.yaml
2026-06-23 02:49:57,790 | INFO     |   → 936/1267: ✅ 0 взято | 🗑️ 0 мусор
2026-06-23 02:49:57,790 | INFO     |   → 937/1267 ❌ HTTP 404 — https://raw.githubusercontent.com/learnhard-cn/free_proxy_ss/main/clash/config.yaml
2026-06-23 02:49:57,790 | INFO     |   → 938/1267: ✅ 0 взято | 🗑️ 8 мусор
2026-06-23 02:49:57,790 | INFO     |   → 939/1267: ✅ 0 взято | 🗑️ 4 мусор
2026-06-23 02:49:57,790 | INFO     |   → 940/1267: ✅ 0 взято | 🗑️ 0 мусор
2026-06-23 02:49:57,790 | INFO     |   → 941/1267: ✅ 0 взято | 🗑️ 4 мусор
2026-06-23 02:49:57,790 | INFO     |   → 942/1267: ✅ 0 взято | 🗑️ 149 мусор
2026-06-23 02:49:57,790 | INFO     |   → 943/1267: ✅ 0 взято | 🗑️ 421 мусор
2026-06-23 02:49:57,790 | INFO     |   → 944/1267 ❌ HTTP 404 — https://raw.githubusercontent.com/lisylva-lee/v2dyku/main/ssr
2026-06-23 02:49:57,790 | INFO     |   → 945/1267 ❌ HTTP 404 — https://raw.githubusercontent.com/lisylva-lee/v2dyku/main/v2dy
2026-06-23 02:49:57,790 | INFO     |   → 946/1267: ✅ 0 взято | 🗑️ 53 мусор
2026-06-23 02:49:57,790 | INFO     |   → 947/1267 ❌ HTTP 404 — https://raw.githubusercontent.com/luxl-1379/merge/77247d23def72b25226dfa741614e9b07a569c72/sub/sub_merge_base64.txt
2026-06-23 02:49:57,790 | INFO     |   → 948/1267: ✅ 146 взято | 🗑️ 343 мусор
2026-06-23 02:49:57,790 | INFO     |   → 949/1267: ✅ 0 взято | 🗑️ 120 мусор
2026-06-23 02:49:57,790 | INFO     |   → 950/1267: ✅ 662 взято | 🗑️ 3503 мусор
2026-06-23 02:49:57,790 | INFO     |   → 951/1267: ✅ 0 взято | 🗑️ 0 мусор
2026-06-23 02:49:57,790 | INFO     |   → 952/1267: ✅ 0 взято | 🗑️ 3503 мусор
2026-06-23 02:49:57,790 | INFO     |   → 953/1267: ✅ 59 взято | 🗑️ 331 мусор
2026-06-23 02:49:57,790 | INFO     |   → 954/1267 ❌ HTTP 404 — https://raw.githubusercontent.com/mermeroo/Clash-V2ray/main/v2ray
2026-06-23 02:49:57,790 | INFO     |   → 955/1267: ✅ 15 взято | 🗑️ 417 мусор
2026-06-23 02:49:57,790 | INFO     |   → 956/1267: ✅ 6 взято | 🗑️ 102 мусор
2026-06-23 02:49:57,790 | INFO     |   → 957/1267: ✅ 716 взято | 🗑️ 6258 мусор
2026-06-23 02:49:57,791 | INFO     |   → 958/1267: ✅ 8 взято | 🗑️ 853 мусор
2026-06-23 02:49:57,791 | INFO     |   → 959/1267: ✅ 32 взято | 🗑️ 69 мусор
2026-06-23 02:49:57,791 | INFO     |   → 960/1267 ❌ HTTP 404 — https://raw.githubusercontent.com/mermeroo/free-v2ray-collector/main/main/mix
2026-06-23 02:49:57,791 | INFO     |   → 961/1267 ❌ HTTP 404 — https://raw.githubusercontent.com/mermeroo/free-v2ray-collector/main/main/reality
2026-06-23 02:49:57,791 | INFO     |   → 962/1267 ❌ HTTP 404 — https://raw.githubusercontent.com/mermeroo/free-v2ray-collector/main/main/shadowsocks
2026-06-23 02:49:57,791 | INFO     |   → 963/1267 ❌ HTTP 404 — https://raw.githubusercontent.com/mermeroo/free-v2ray-collector/main/main/trojan
2026-06-23 02:49:57,791 | INFO     |   → 964/1267 ❌ HTTP 404 — https://raw.githubusercontent.com/mermeroo/free-v2ray-collector/main/main/vless
2026-06-23 02:49:57,791 | INFO     |   → 965/1267 ❌ HTTP 404 — https://raw.githubusercontent.com/mermeroo/free-v2ray-collector/main/main/vmess
2026-06-23 02:49:57,791 | INFO     |   → 966/1267 ❌ HTTP 404 — https://raw.githubusercontent.com/mfuu/v2ray/master/merge/merge.txt
2026-06-23 02:49:57,791 | INFO     |   → 967/1267: ✅ 0 взято | 🗑️ 55 мусор
2026-06-23 02:49:57,791 | INFO     |   → 968/1267: ✅ 0 взято | 🗑️ 55 мусор
2026-06-23 02:49:57,791 | INFO     |   → 969/1267: ✅ 680 взято | 🗑️ 14985 мусор
2026-06-23 02:49:57,791 | INFO     |   → 970/1267: ✅ 0 взято | 🗑️ 14985 мусор
2026-06-23 02:49:57,791 | INFO     |   → 971/1267: ✅ 0 взято | 🗑️ 2804 мусор
2026-06-23 02:49:57,791 | INFO     |   → 972/1267: ✅ 0 взято | 🗑️ 1852 мусор
2026-06-23 02:49:57,791 | INFO     |   → 973/1267: ✅ 0 взято | 🗑️ 6444 мусор
2026-06-23 02:49:57,791 | INFO     |   → 974/1267: ✅ 0 взято | 🗑️ 3885 мусор
2026-06-23 02:49:57,791 | INFO     |   → 975/1267 ❌ HTTP 404 — https://raw.githubusercontent.com/mianous/qiren/main/qiren.txt
2026-06-23 02:49:57,791 | INFO     |   → 976/1267 ❌ HTTP 404 — https://raw.githubusercontent.com/miladtahanian/V2RayCFGDumper/refs/heads/main/config.txt
2026-06-23 02:49:57,791 | INFO     |   → 977/1267 ❌ HTTP 404 — https://raw.githubusercontent.com/miladtahanian/multi-proxy-config-fetcher/refs/heads/main/configs/proxy_configs.txt
2026-06-23 02:49:57,791 | INFO     |   → 978/1267: ✅ 0 взято | 🗑️ 0 мусор
2026-06-23 02:49:57,791 | INFO     |   → 979/1267: ✅ 0 взято | 🗑️ 0 мусор
2026-06-23 02:49:57,791 | INFO     |   → 980/1267: ✅ 0 взято | 🗑️ 0 мусор
2026-06-23 02:49:57,791 | INFO     |   → 981/1267: ✅ 15 взято | 🗑️ 46 мусор
2026-06-23 02:49:57,791 | INFO     |   → 982/1267: ✅ 0 взято | 🗑️ 179 мусор
2026-06-23 02:49:57,791 | INFO     |   → 983/1267: ✅ 0 взято | 🗑️ 0 мусор
2026-06-23 02:49:57,791 | INFO     |   → 984/1267: ✅ 28 взято | 🗑️ 93 мусор
2026-06-23 02:49:57,791 | INFO     |   → 985/1267: ✅ 0 взято | 🗑️ 0 мусор
2026-06-23 02:49:57,791 | INFO     |   → 986/1267: ✅ 15 взято | 🗑️ 70 мусор
2026-06-23 02:49:57,791 | INFO     |   → 987/1267: ✅ 127 взято | 🗑️ 492 мусор
2026-06-23 02:49:57,791 | INFO     |   → 988/1267: ✅ 331 взято | 🗑️ 190 мусор
2026-06-23 02:49:57,791 | INFO     |   → 989/1267: ✅ 27 взято | 🗑️ 1256 мусор
2026-06-23 02:49:57,791 | INFO     |   → 990/1267 ❌ HTTP 404 — https://raw.githubusercontent.com/obscure1990/freeVM/master/snippets/nodes.yml
2026-06-23 02:49:57,791 | INFO     |   → 991/1267 ❌ HTTP 404 — https://raw.githubusercontent.com/op30mmd/things/909b38024ba14d69dc0f95c238f63bc6e930a00f/eut.txt
2026-06-23 02:49:57,791 | INFO     |   → 992/1267 ❌ HTTP 404 — https://raw.githubusercontent.com/openRunner/clash-freenode/main/v2ray.txt
2026-06-23 02:49:57,791 | INFO     |   → 993/1267 ❌ HTTP 404 — https://raw.githubusercontent.com/oslook/clash-freenode/main/clash.yaml
2026-06-23 02:49:57,791 | INFO     |   → 994/1267: ✅ 0 взято | 🗑️ 0 мусор
2026-06-23 02:49:57,791 | INFO     |   → 995/1267: ✅ 4 взято | 🗑️ 1 мусор
2026-06-23 02:49:57,791 | INFO     |   → 996/1267: ✅ 0 взято | 🗑️ 0 мусор
2026-06-23 02:49:57,791 | INFO     |   → 997/1267: ✅ 3 взято | 🗑️ 89 мусор
2026-06-23 02:49:57,791 | INFO     |   → 998/1267: ✅ 0 взято | 🗑️ 0 мусор
2026-06-23 02:49:57,791 | INFO     |   → 999/1267: ✅ 0 взято | 🗑️ 0 мусор
2026-06-23 02:49:57,791 | INFO     |   → 1000/1267: ✅ 0 взято | 🗑️ 19 мусор
2026-06-23 02:49:57,791 | INFO     |   → 1001/1267: ✅ 0 взято | 🗑️ 44 мусор
2026-06-23 02:49:57,791 | INFO     |   → 1002/1267: ✅ 63 взято | 🗑️ 521 мусор
2026-06-23 02:49:57,791 | INFO     |   → 1003/1267: ✅ 165 взято | 🗑️ 273 мусор
2026-06-23 02:49:57,791 | INFO     |   → 1004/1267: ✅ 0 взято | 🗑️ 0 мусор
2026-06-23 02:49:57,791 | INFO     |   → 1005/1267: ✅ 28 взято | 🗑️ 211 мусор
2026-06-23 02:49:57,791 | INFO     |   → 1006/1267: ✅ 0 взято | 🗑️ 79 мусор
2026-06-23 02:49:57,791 | INFO     |   → 1007/1267: ✅ 13 взято | 🗑️ 32 мусор
2026-06-23 02:49:57,791 | INFO     |   → 1008/1267: ✅ 0 взято | 🗑️ 0 мусор
2026-06-23 02:49:57,791 | INFO     |   → 1009/1267: ✅ 2 взято | 🗑️ 9 мусор
2026-06-23 02:49:57,792 | INFO     |   → 1010/1267: ✅ 11 взято | 🗑️ 76 мусор
2026-06-23 02:49:57,792 | INFO     |   → 1011/1267: ✅ 0 взято | 🗑️ 168 мусор
2026-06-23 02:49:57,792 | INFO     |   → 1012/1267: ✅ 0 взято | 🗑️ 79 мусор
2026-06-23 02:49:57,792 | INFO     |   → 1013/1267: ✅ 0 взято | 🗑️ 14 мусор
2026-06-23 02:49:57,792 | INFO     |   → 1014/1267 ❌ HTTP 404 — https://raw.githubusercontent.com/ronghuaxueleng/get_v2/main/pub/changfengoss.yaml
2026-06-23 02:49:57,792 | INFO     |   → 1015/1267: ✅ 0 взято | 🗑️ 0 мусор
2026-06-23 02:49:57,792 | INFO     |   → 1016/1267: ✅ 109 взято | 🗑️ 40 мусор
2026-06-23 02:49:57,792 | INFO     |   → 1017/1267: ✅ 0 взято | 🗑️ 40 мусор
2026-06-23 02:49:57,792 | INFO     |   → 1018/1267 ❌ HTTP 404 — https://raw.githubusercontent.com/rxsweet/CM_Vmess/refs/heads/main/test.txt
2026-06-23 02:49:57,792 | INFO     |   → 1019/1267 ❌ HTTP 404 — https://raw.githubusercontent.com/rxsweet/proxies/main/sub/free.yaml
2026-06-23 02:49:57,792 | INFO     |   → 1020/1267 ❌ HTTP 404 — https://raw.githubusercontent.com/rxsweet/proxies/main/sub/rx.yaml
2026-06-23 02:49:57,792 | INFO     |   → 1021/1267 ❌ HTTP 404 — https://raw.githubusercontent.com/rxsweet/proxies/main/sub/sources/dynamicAll.yaml
2026-06-23 02:49:57,792 | INFO     |   → 1022/1267 ❌ HTTP 404 — https://raw.githubusercontent.com/rxsweet/proxies/main/sub/sources/miningAll.yaml
2026-06-23 02:49:57,792 | INFO     |   → 1023/1267 ❌ HTTP 404 — https://raw.githubusercontent.com/rxsweet/proxies/main/sub/srx.yaml
2026-06-23 02:49:57,792 | INFO     |   → 1024/1267 ❌ HTTP 404 — https://raw.githubusercontent.com/sajad-sajadi/V2ray-Collector/raw/main/output/protocols/vmess.txt
2026-06-23 02:49:57,792 | INFO     |   → 1025/1267 ❌ HTTP 404 — https://raw.githubusercontent.com/sakha1370/OpenRay/raw/refs/heads/main/output/all_valid_proxies.txt
2026-06-23 02:49:57,792 | INFO     |   → 1026/1267: ✅ 53 взято | 🗑️ 399 мусор
2026-06-23 02:49:57,792 | INFO     |   → 1027/1267: ✅ 0 взято | 🗑️ 399 мусор
2026-06-23 02:49:57,792 | INFO     |   → 1028/1267 ❌ HTTP 404 — https://raw.githubusercontent.com/samjoeyang/subscribe/main/fly
2026-06-23 02:49:57,792 | INFO     |   → 1029/1267: ✅ 0 взято | 🗑️ 0 мусор
2026-06-23 02:49:57,792 | INFO     |   → 1030/1267 ❌ HTTP 404 — https://raw.githubusercontent.com/sarina-ad/v2ray/main/v2ray
2026-06-23 02:49:57,792 | INFO     |   → 1031/1267 ❌ HTTP 404 — https://raw.githubusercontent.com/satrom/V2SSR/master/SSR/Sub.txt
2026-06-23 02:49:57,792 | INFO     |   → 1032/1267 ❌ HTTP 404 — https://raw.githubusercontent.com/satrom/V2SSR/master/V2RAY/Sub.txt
2026-06-23 02:49:57,792 | INFO     |   → 1033/1267: ✅ 11374 взято | 🗑️ 202490 мусор
2026-06-23 02:49:57,792 | INFO     |   → 1034/1267: ✅ 0 взято | 🗑️ 0 мусор
2026-06-23 02:49:57,792 | INFO     |   → 1035/1267: ✅ 0 взято | 🗑️ 0 мусор
2026-06-23 02:49:57,792 | INFO     |   → 1036/1267: ✅ 3 взято | 🗑️ 49 мусор
2026-06-23 02:49:57,792 | INFO     |   → 1037/1267: ✅ 352 взято | 🗑️ 2407 мусор
2026-06-23 02:49:57,792 | INFO     |   → 1038/1267: ✅ 0 взято | 🗑️ 1180 мусор
2026-06-23 02:49:57,792 | INFO     |   → 1039/1267: ✅ 0 взято | 🗑️ 130 мусор
2026-06-23 02:49:57,792 | INFO     |   → 1040/1267: ✅ 0 взято | 🗑️ 1070 мусор
2026-06-23 02:49:57,792 | INFO     |   → 1041/1267: ✅ 0 взято | 🗑️ 27 мусор
2026-06-23 02:49:57,792 | INFO     |   → 1042/1267: ✅ 0 взято | 🗑️ 2407 мусор
2026-06-23 02:49:57,792 | INFO     |   → 1043/1267: ✅ 0 взято | 🗑️ 0 мусор
2026-06-23 02:49:57,792 | INFO     |   → 1044/1267 ❌ HTTP 404 — https://raw.githubusercontent.com/shirkerboy/scp/main/sub
2026-06-23 02:49:57,792 | INFO     |   → 1045/1267 ❌ HTTP 404 — https://raw.githubusercontent.com/snakem982/proxypool/main/nodelist.txt
2026-06-23 02:49:57,792 | INFO     |   → 1046/1267: ✅ 6 взято | 🗑️ 0 мусор
2026-06-23 02:49:57,792 | INFO     |   → 1047/1267 ❌ HTTP 404 — https://raw.githubusercontent.com/snakem982/proxypool/main/source/v2ray.txt
2026-06-23 02:49:57,792 | INFO     |   → 1048/1267 ❌ HTTP 404 — https://raw.githubusercontent.com/soroushmirzaei/telegram-configs-collector/main/channels/protocols/hysteria
2026-06-23 02:49:57,792 | INFO     |   → 1049/1267 ❌ HTTP 404 — https://raw.githubusercontent.com/soroushmirzaei/telegram-configs-collector/main/channels/protocols/juicity
2026-06-23 02:49:57,792 | INFO     |   → 1050/1267 ❌ HTTP 404 — https://raw.githubusercontent.com/soroushmirzaei/telegram-configs-collector/main/channels/protocols/reality
2026-06-23 02:49:57,792 | INFO     |   → 1051/1267 ❌ HTTP 404 — https://raw.githubusercontent.com/soroushmirzaei/telegram-configs-collector/main/channels/protocols/shadowsocks
2026-06-23 02:49:57,792 | INFO     |   → 1052/1267 ❌ HTTP 404 — https://raw.githubusercontent.com/soroushmirzaei/telegram-configs-collector/main/channels/protocols/trojan
2026-06-23 02:49:57,792 | INFO     |   → 1053/1267 ❌ HTTP 404 — https://raw.githubusercontent.com/soroushmirzaei/telegram-configs-collector/main/channels/protocols/tuic
2026-06-23 02:49:57,792 | INFO     |   → 1054/1267 ❌ HTTP 404 — https://raw.githubusercontent.com/soroushmirzaei/telegram-configs-collector/main/channels/protocols/vless
2026-06-23 02:49:57,792 | INFO     |   → 1055/1267 ❌ HTTP 404 — https://raw.githubusercontent.com/soroushmirzaei/telegram-configs-collector/main/channels/protocols/vmess
2026-06-23 02:49:57,792 | INFO     |   → 1056/1267 ❌ HTTP 404 — https://raw.githubusercontent.com/soroushmirzaei/telegram-configs-collector/main/countries/jp/mixed
2026-06-23 02:49:57,793 | INFO     |   → 1057/1267 ❌ HTTP 404 — https://raw.githubusercontent.com/soroushmirzaei/telegram-configs-collector/main/protocols/hysteria
2026-06-23 02:49:57,793 | INFO     |   → 1058/1267 ❌ HTTP 404 — https://raw.githubusercontent.com/soroushmirzaei/telegram-configs-collector/main/protocols/juicity
2026-06-23 02:49:57,793 | INFO     |   → 1059/1267 ❌ HTTP 404 — https://raw.githubusercontent.com/soroushmirzaei/telegram-configs-collector/main/protocols/reality
2026-06-23 02:49:57,793 | INFO     |   → 1060/1267 ❌ HTTP 404 — https://raw.githubusercontent.com/soroushmirzaei/telegram-configs-collector/main/protocols/shadowsocks
2026-06-23 02:49:57,793 | INFO     |   → 1061/1267 ❌ HTTP 404 — https://raw.githubusercontent.com/soroushmirzaei/telegram-configs-collector/main/protocols/trojan
2026-06-23 02:49:57,793 | INFO     |   → 1062/1267 ❌ HTTP 404 — https://raw.githubusercontent.com/soroushmirzaei/telegram-configs-collector/main/protocols/tuic
2026-06-23 02:49:57,793 | INFO     |   → 1063/1267 ❌ HTTP 404 — https://raw.githubusercontent.com/soroushmirzaei/telegram-configs-collector/main/protocols/vless
2026-06-23 02:49:57,793 | INFO     |   → 1064/1267 ❌ HTTP 404 — https://raw.githubusercontent.com/soroushmirzaei/telegram-configs-collector/main/protocols/vmess
2026-06-23 02:49:57,793 | INFO     |   → 1065/1267 ❌ HTTP 404 — https://raw.githubusercontent.com/soroushmirzaei/telegram-configs-collector/main/splitted/subscribe
2026-06-23 02:49:57,793 | INFO     |   → 1066/1267 ❌ HTTP 404 — https://raw.githubusercontent.com/ssrsub/ssr/master/Clash.yml
2026-06-23 02:49:57,793 | INFO     |   → 1067/1267 ❌ HTTP 404 — https://raw.githubusercontent.com/ssrsub/ssr/master/V2Ray
2026-06-23 02:49:57,793 | INFO     |   → 1068/1267 ❌ HTTP 404 — https://raw.githubusercontent.com/ssrsub/ssr/master/ss-sub
2026-06-23 02:49:57,793 | INFO     |   → 1069/1267 ❌ HTTP 404 — https://raw.githubusercontent.com/ssrsub/ssr/master/ssrsub
2026-06-23 02:49:57,793 | INFO     |   → 1070/1267 ❌ HTTP 404 — https://raw.githubusercontent.com/ssrsub/ssr/master/trojan
2026-06-23 02:49:57,793 | INFO     |   → 1071/1267: ✅ 0 взято | 🗑️ 0 мусор
2026-06-23 02:49:57,793 | INFO     |   → 1072/1267: ✅ 2 взято | 🗑️ 12 мусор
2026-06-23 02:49:57,793 | INFO     |   → 1073/1267: ✅ 0 взято | 🗑️ 13 мусор
2026-06-23 02:49:57,793 | INFO     |   → 1074/1267: ✅ 0 взято | 🗑️ 13 мусор
2026-06-23 02:49:57,793 | INFO     |   → 1075/1267 ❌ HTTP 404 — https://raw.githubusercontent.com/tbbatbb/Proxy/master/dist/clash.config.yaml
2026-06-23 02:49:57,793 | INFO     |   → 1076/1267: ✅ 2 взято | 🗑️ 35 мусор
2026-06-23 02:49:57,793 | INFO     |   → 1077/1267: ✅ 0 взято | 🗑️ 0 мусор
2026-06-23 02:49:57,793 | INFO     |   → 1078/1267: ✅ 5 взято | 🗑️ 111 мусор
2026-06-23 02:49:57,793 | INFO     |   → 1079/1267: ✅ 0 взято | 🗑️ 0 мусор
2026-06-23 02:49:57,793 | INFO     |   → 1080/1267: ✅ 0 взято | 🗑️ 156 мусор
2026-06-23 02:49:57,793 | INFO     |   → 1081/1267 ❌ HTTP 404 — https://raw.githubusercontent.com/v2clash/Autoproxy/a81f840ab2364124133572ec94e4b81fb0d4e58d/sub/2401/240104.txt
2026-06-23 02:49:57,793 | INFO     |   → 1082/1267 ❌ HTTP 404 — https://raw.githubusercontent.com/v2clash/V2ray-Configs/31f493c584d0c7b56350f4a34d80c53ad82bcc18/Sub9.txt
2026-06-23 02:49:57,793 | INFO     |   → 1083/1267: ✅ 0 взято | 🗑️ 0 мусор
2026-06-23 02:49:57,793 | INFO     |   → 1084/1267: ✅ 0 взято | 🗑️ 0 мусор
2026-06-23 02:49:57,793 | INFO     |   → 1085/1267: ✅ 0 взято | 🗑️ 0 мусор
2026-06-23 02:49:57,794 | INFO     |   → 1086/1267: ✅ 283 взято | 🗑️ 9640 мусор
2026-06-23 02:49:57,794 | INFO     |   → 1087/1267: ✅ 281 взято | 🗑️ 10086 мусор
2026-06-23 02:49:57,794 | INFO     |   → 1088/1267: ✅ 280 взято | 🗑️ 9675 мусор
2026-06-23 02:49:57,794 | INFO     |   → 1089/1267: ✅ 334 взято | 🗑️ 9823 мусор
2026-06-23 02:49:57,794 | INFO     |   → 1090/1267: ✅ 350 взято | 🗑️ 9639 мусор
2026-06-23 02:49:57,794 | INFO     |   → 1091/1267: ✅ 125 взято | 🗑️ 7919 мусор
2026-06-23 02:49:57,794 | INFO     |   → 1092/1267: ✅ 135 взято | 🗑️ 4836 мусор
2026-06-23 02:49:57,794 | INFO     |   → 1093/1267: ✅ 502 взято | 🗑️ 7659 мусор
2026-06-23 02:49:57,794 | INFO     |   → 1094/1267: ✅ 631 взято | 🗑️ 8081 мусор
2026-06-23 02:49:57,794 | INFO     |   → 1095/1267: ✅ 202 взято | 🗑️ 5131 мусор
2026-06-23 02:49:57,794 | INFO     |   → 1096/1267 ❌ HTTP 404 — https://raw.githubusercontent.com/vveg26/chromego_merge/main/sub/merged_proxies.yaml
2026-06-23 02:49:57,794 | INFO     |   → 1097/1267 ❌ HTTP 404 — https://raw.githubusercontent.com/vveg26/get_proxy/main/dist/clash.config.yaml
2026-06-23 02:49:57,794 | INFO     |   → 1098/1267: ✅ 0 взято | 🗑️ 10 мусор
2026-06-23 02:49:57,794 | INFO     |   → 1099/1267: ✅ 0 взято | 🗑️ 10 мусор
2026-06-23 02:49:57,794 | INFO     |   → 1100/1267: ✅ 0 взято | 🗑️ 4 мусор
2026-06-23 02:49:57,794 | INFO     |   → 1101/1267: ✅ 0 взято | 🗑️ 0 мусор
2026-06-23 02:49:57,794 | INFO     |   → 1102/1267: ✅ 0 взято | 🗑️ 4 мусор
2026-06-23 02:49:57,794 | INFO     |   → 1103/1267: ✅ 106 взято | 🗑️ 689 мусор
2026-06-23 02:49:57,794 | INFO     |   → 1104/1267: ✅ 48 взято | 🗑️ 841 мусор
2026-06-23 02:49:57,794 | INFO     |   → 1105/1267: ✅ 21 взято | 🗑️ 789 мусор
2026-06-23 02:49:57,794 | INFO     |   → 1106/1267: ✅ 24 взято | 🗑️ 774 мусор
2026-06-23 02:49:57,794 | INFO     |   → 1107/1267: ✅ 52 взято | 🗑️ 756 мусор
2026-06-23 02:49:57,794 | INFO     |   → 1108/1267: ✅ 191 взято | 🗑️ 745 мусор
2026-06-23 02:49:57,794 | INFO     |   → 1109/1267: ✅ 9 взято | 🗑️ 651 мусор
2026-06-23 02:49:57,794 | INFO     |   → 1110/1267: ✅ 185 взято | 🗑️ 388 мусор
2026-06-23 02:49:57,794 | INFO     |   → 1111/1267: ✅ 130 взято | 🗑️ 523 мусор
2026-06-23 02:49:57,794 | INFO     |   → 1112/1267: ✅ 67 взято | 🗑️ 533 мусор
2026-06-23 02:49:57,794 | INFO     |   → 1113/1267: ✅ 98 взято | 🗑️ 444 мусор
2026-06-23 02:49:57,794 | INFO     |   → 1114/1267: ✅ 102 взято | 🗑️ 670 мусор
2026-06-23 02:49:57,794 | INFO     |   → 1115/1267: ✅ 86 взято | 🗑️ 476 мусор
2026-06-23 02:49:57,795 | INFO     |   → 1116/1267: ✅ 95 взято | 🗑️ 657 мусор
2026-06-23 02:49:57,795 | INFO     |   → 1117/1267: ✅ 105 взято | 🗑️ 645 мусор
2026-06-23 02:49:57,795 | INFO     |   → 1118/1267: ✅ 115 взято | 🗑️ 985 мусор
2026-06-23 02:49:57,795 | INFO     |   → 1119/1267: ✅ 6 взято | 🗑️ 63 мусор
2026-06-23 02:49:57,795 | INFO     |   → 1120/1267: ✅ 7 взято | 🗑️ 62 мусор
2026-06-23 02:49:57,795 | INFO     |   → 1121/1267: ✅ 39 взято | 🗑️ 489 мусор
2026-06-23 02:49:57,795 | INFO     |   → 1122/1267: ✅ 0 взято | 🗑️ 0 мусор
2026-06-23 02:49:57,795 | INFO     |   → 1123/1267: ✅ 0 взято | 🗑️ 0 мусор
2026-06-23 02:49:57,795 | INFO     |   → 1124/1267: ✅ 0 взято | 🗑️ 0 мусор
2026-06-23 02:49:57,795 | INFO     |   → 1125/1267: ✅ 0 взято | 🗑️ 0 мусор
2026-06-23 02:49:57,795 | INFO     |   → 1126/1267: ✅ 0 взято | 🗑️ 0 мусор
2026-06-23 02:49:57,795 | INFO     |   → 1127/1267: ✅ 0 взято | 🗑️ 52 мусор
2026-06-23 02:49:57,795 | INFO     |   → 1128/1267: ✅ 5 взято | 🗑️ 10 мусор
2026-06-23 02:49:57,795 | INFO     |   → 1129/1267: ✅ 1 взято | 🗑️ 124 мусор
2026-06-23 02:49:57,795 | INFO     |   → 1130/1267: ✅ 228 взято | 🗑️ 138 мусор
2026-06-23 02:49:57,795 | INFO     |   → 1131/1267: ✅ 0 взято | 🗑️ 9 мусор
2026-06-23 02:49:57,795 | INFO     |   → 1132/1267: ✅ 38 взято | 🗑️ 990 мусор
2026-06-23 02:49:57,795 | INFO     |   → 1133/1267 ❌ HTTP 404 — https://raw.githubusercontent.com/xiaozhu2007/xiaozhu2007/61a755a044dbaeea678bc2d1e20f21a21c6d7170/docs/fxxk.txt
2026-06-23 02:49:57,795 | INFO     |   → 1134/1267: ✅ 1 взято | 🗑️ 159 мусор
2026-06-23 02:49:57,795 | INFO     |   → 1135/1267: ✅ 0 взято | 🗑️ 22 мусор
2026-06-23 02:49:57,795 | INFO     |   → 1136/1267: ✅ 0 взято | 🗑️ 0 мусор
2026-06-23 02:49:57,795 | INFO     |   → 1137/1267 ❌ HTTP 404 — https://raw.githubusercontent.com/yebekhe/TVC/0f745f92bf381e505f1245abbc7c145b19b11503/config.txt
2026-06-23 02:49:57,795 | INFO     |   → 1138/1267 ❌ HTTP 404 — https://raw.githubusercontent.com/yebekhe/TVC/9fac69239c69327fb7a61f5a8d79d107133889e1/lite/config.txt
2026-06-23 02:49:57,795 | INFO     |   → 1139/1267 ❌ HTTP 404 — https://raw.githubusercontent.com/yebekhe/TelegramV2rayCollector/main/sub/normal/donated
2026-06-23 02:49:57,795 | INFO     |   → 1140/1267 ❌ HTTP 404 — https://raw.githubusercontent.com/yebekhe/TelegramV2rayCollector/main/sub/normal/hysteria2
2026-06-23 02:49:57,795 | INFO     |   → 1141/1267 ❌ HTTP 404 — https://raw.githubusercontent.com/yebekhe/TelegramV2rayCollector/main/sub/normal/mix
2026-06-23 02:49:57,795 | INFO     |   → 1142/1267 ❌ HTTP 404 — https://raw.githubusercontent.com/yebekhe/TelegramV2rayCollector/main/sub/normal/reality
2026-06-23 02:49:57,795 | INFO     |   → 1143/1267 ❌ HTTP 404 — https://raw.githubusercontent.com/yebekhe/TelegramV2rayCollector/main/sub/normal/shadowsocks
2026-06-23 02:49:57,795 | INFO     |   → 1144/1267 ❌ HTTP 404 — https://raw.githubusercontent.com/yebekhe/TelegramV2rayCollector/main/sub/normal/trojan
2026-06-23 02:49:57,795 | INFO     |   → 1145/1267 ❌ HTTP 404 — https://raw.githubusercontent.com/yebekhe/TelegramV2rayCollector/main/sub/normal/tuic
2026-06-23 02:49:57,796 | INFO     |   → 1146/1267 ❌ HTTP 404 — https://raw.githubusercontent.com/yebekhe/TelegramV2rayCollector/main/sub/normal/vless
2026-06-23 02:49:57,796 | INFO     |   → 1147/1267 ❌ HTTP 404 — https://raw.githubusercontent.com/yebekhe/TelegramV2rayCollector/main/sub/normal/vmess
2026-06-23 02:49:57,796 | INFO     |   → 1148/1267 ❌ HTTP 404 — https://raw.githubusercontent.com/yebekhe/V2Hub/main/Split/Normal/shadowsocks
2026-06-23 02:49:57,796 | INFO     |   → 1149/1267 ❌ HTTP 404 — https://raw.githubusercontent.com/yebekhe/V2Hub/main/merged
2026-06-23 02:49:57,796 | INFO     |   → 1150/1267: ✅ 0 взято | 🗑️ 30 мусор
2026-06-23 02:49:57,796 | INFO     |   → 1151/1267: ✅ 1298 взято | 🗑️ 10392 мусор
2026-06-23 02:49:57,796 | INFO     |   → 1152/1267: ✅ 27 взято | 🗑️ 536 мусор
2026-06-23 02:49:57,796 | INFO     |   → 1153/1267: ✅ 15 взято | 🗑️ 399 мусор
2026-06-23 02:49:57,796 | INFO     |   → 1154/1267: ✅ 206 взято | 🗑️ 356 мусор
2026-06-23 02:49:57,796 | INFO     |   → 1155/1267: ✅ 119 взято | 🗑️ 1947 мусор
2026-06-23 02:49:57,796 | INFO     |   → 1156/1267: ✅ 3 взято | 🗑️ 557 мусор
2026-06-23 02:49:57,796 | INFO     |   → 1157/1267 ❌ HTTP 404 — https://raw.githubusercontent.com/yyyr-otz/tele-providers-collector/019cb3e07ee52fddbc7caa54fc670c6b9bae6539/sub/proxies.txt
2026-06-23 02:49:57,796 | INFO     |   → 1158/1267 ❌ HTTP 404 — https://raw.githubusercontent.com/yyyr-otz/tele-providers-collector/b7a74ee98bcf02c5a507d688a1bed3aa9f7f4ed1/script/raw/protocols/mixed.txt
2026-06-23 02:49:57,796 | INFO     |   → 1159/1267: ✅ 0 взято | 🗑️ 0 мусор
2026-06-23 02:49:57,796 | INFO     |   → 1160/1267: ✅ 0 взято | 🗑️ 0 мусор
2026-06-23 02:49:57,796 | INFO     |   → 1161/1267: ✅ 1 взято | 🗑️ 18 мусор
2026-06-23 02:49:57,796 | INFO     |   → 1162/1267: ✅ 0 взято | 🗑️ 34 мусор
2026-06-23 02:49:57,796 | INFO     |   → 1163/1267: ✅ 0 взято | 🗑️ 5 мусор
2026-06-23 02:49:57,796 | INFO     |   → 1164/1267: ✅ 0 взято | 🗑️ 0 мусор
2026-06-23 02:49:57,796 | INFO     |   → 1165/1267 ⚠️ Ошибка: ('Connection aborted.', RemoteDisconnected('Remote end closed connection without response')) — https://sub.pmsub.me/clash.yaml
2026-06-23 02:49:57,796 | INFO     |   → 1166/1267: ✅ 0 взято | 🗑️ 1 мусор
2026-06-23 02:49:57,796 | INFO     |   → 1167/1267: ✅ 8 взято | 🗑️ 21 мусор
2026-06-23 02:49:57,796 | INFO     |   → 1168/1267: ✅ 0 взято | 🗑️ 0 мусор
2026-06-23 02:49:57,796 | INFO     |   → 1169/1267: ✅ 9 взято | 🗑️ 19 мусор
2026-06-23 02:49:57,796 | INFO     |   → 1170/1267: ✅ 0 взято | 🗑️ 0 мусор
2026-06-23 02:49:57,796 | INFO     |   → 1171/1267: ✅ 2 взято | 🗑️ 14 мусор
2026-06-23 02:49:57,796 | INFO     |   → 1172/1267: ✅ 4 взято | 🗑️ 22 мусор
2026-06-23 02:49:57,796 | INFO     |   → 1173/1267: ✅ 0 взято | 🗑️ 0 мусор
2026-06-23 02:49:57,796 | INFO     |   → 1174/1267: ✅ 0 взято | 🗑️ 0 мусор
2026-06-23 02:49:57,796 | INFO     |   → 1175/1267: ✅ 0 взято | 🗑️ 0 мусор
2026-06-23 02:49:57,797 | INFO     |   → 1176/1267: ✅ 2 взято | 🗑️ 16 мусор
2026-06-23 02:49:57,797 | INFO     |   → 1177/1267: ✅ 0 взято | 🗑️ 0 мусор
2026-06-23 02:49:57,797 | INFO     |   → 1178/1267: ✅ 4 взято | 🗑️ 7 мусор
2026-06-23 02:49:57,797 | INFO     |   → 1179/1267: ✅ 0 взято | 🗑️ 0 мусор
2026-06-23 02:49:57,797 | INFO     |   → 1180/1267: ✅ 6 взято | 🗑️ 14 мусор
2026-06-23 02:49:57,797 | INFO     |   → 1181/1267: ✅ 0 взято | 🗑️ 0 мусор
2026-06-23 02:49:57,797 | INFO     |   → 1182/1267: ✅ 2 взято | 🗑️ 13 мусор
2026-06-23 02:49:57,797 | INFO     |   → 1183/1267: ✅ 0 взято | 🗑️ 0 мусор
2026-06-23 02:49:57,797 | INFO     |   → 1184/1267: ✅ 0 взято | 🗑️ 0 мусор
2026-06-23 02:49:57,797 | INFO     |   → 1185/1267: ✅ 2 взято | 🗑️ 7 мусор
2026-06-23 02:49:57,797 | INFO     |   → 1186/1267: ✅ 1 взято | 🗑️ 14 мусор
2026-06-23 02:49:57,797 | INFO     |   → 1187/1267: ✅ 2 взято | 🗑️ 14 мусор
2026-06-23 02:49:57,797 | INFO     |   → 1188/1267: ✅ 0 взято | 🗑️ 0 мусор
2026-06-23 02:49:57,797 | INFO     |   → 1189/1267: ✅ 3 взято | 🗑️ 22 мусор
2026-06-23 02:49:57,797 | INFO     |   → 1190/1267: ✅ 0 взято | 🗑️ 0 мусор
2026-06-23 02:49:57,797 | INFO     |   → 1191/1267: ✅ 2 взято | 🗑️ 15 мусор
2026-06-23 02:49:57,797 | INFO     |   → 1192/1267: ✅ 3 взято | 🗑️ 12 мусор
2026-06-23 02:49:57,797 | INFO     |   → 1193/1267: ✅ 0 взято | 🗑️ 0 мусор
2026-06-23 02:49:57,797 | INFO     |   → 1194/1267: ✅ 0 взято | 🗑️ 0 мусор
2026-06-23 02:49:57,797 | INFO     |   → 1195/1267: ✅ 0 взято | 🗑️ 0 мусор
2026-06-23 02:49:57,797 | INFO     |   → 1196/1267: ✅ 4 взято | 🗑️ 11 мусор
2026-06-23 02:49:57,797 | INFO     |   → 1197/1267: ✅ 10 взято | 🗑️ 15 мусор
2026-06-23 02:49:57,797 | INFO     |   → 1198/1267: ✅ 0 взято | 🗑️ 0 мусор
2026-06-23 02:49:57,797 | INFO     |   → 1199/1267: ✅ 13 взято | 🗑️ 15 мусор
2026-06-23 02:49:57,797 | INFO     |   → 1200/1267: ✅ 0 взято | 🗑️ 0 мусор
2026-06-23 02:49:57,797 | INFO     |   → 1201/1267: ✅ 5 взято | 🗑️ 15 мусор
2026-06-23 02:49:57,797 | INFO     |   → 1202/1267: ✅ 0 взято | 🗑️ 0 мусор
2026-06-23 02:49:57,797 | INFO     |   → 1203/1267: ✅ 8 взято | 🗑️ 16 мусор
2026-06-23 02:49:57,797 | INFO     |   → 1204/1267: ✅ 0 взято | 🗑️ 0 мусор
2026-06-23 02:49:57,797 | INFO     |   → 1205/1267: ✅ 0 взято | 🗑️ 24 мусор
2026-06-23 02:49:57,798 | INFO     |   → 1206/1267: ✅ 0 взято | 🗑️ 0 мусор
2026-06-23 02:49:57,798 | INFO     |   → 1207/1267: ✅ 4 взято | 🗑️ 17 мусор
2026-06-23 02:49:57,798 | INFO     |   → 1208/1267: ✅ 0 взято | 🗑️ 0 мусор
2026-06-23 02:49:57,798 | INFO     |   → 1209/1267: ✅ 12 взято | 🗑️ 18 мусор
2026-06-23 02:49:57,798 | INFO     |   → 1210/1267: ✅ 0 взято | 🗑️ 0 мусор
2026-06-23 02:49:57,798 | INFO     |   → 1211/1267: ✅ 2 взято | 🗑️ 17 мусор
2026-06-23 02:49:57,798 | INFO     |   → 1212/1267: ✅ 0 взято | 🗑️ 0 мусор
2026-06-23 02:49:57,798 | INFO     |   → 1213/1267: ✅ 1 взято | 🗑️ 27 мусор
2026-06-23 02:49:57,798 | INFO     |   → 1214/1267: ✅ 0 взято | 🗑️ 0 мусор
2026-06-23 02:49:57,798 | INFO     |   → 1215/1267: ✅ 4 взято | 🗑️ 15 мусор
2026-06-23 02:49:57,798 | INFO     |   → 1216/1267: ✅ 0 взято | 🗑️ 0 мусор
2026-06-23 02:49:57,798 | INFO     |   → 1217/1267: ✅ 4 взято | 🗑️ 26 мусор
2026-06-23 02:49:57,798 | INFO     |   → 1218/1267: ✅ 0 взято | 🗑️ 0 мусор
2026-06-23 02:49:57,798 | INFO     |   → 1219/1267: ✅ 3 взято | 🗑️ 21 мусор
2026-06-23 02:49:57,798 | INFO     |   → 1220/1267: ✅ 0 взято | 🗑️ 0 мусор
2026-06-23 02:49:57,798 | INFO     |   → 1221/1267: ✅ 8 взято | 🗑️ 12 мусор
2026-06-23 02:49:57,798 | INFO     |   → 1222/1267: ✅ 0 взято | 🗑️ 0 мусор
2026-06-23 02:49:57,798 | INFO     |   → 1223/1267: ✅ 8 взято | 🗑️ 15 мусор
2026-06-23 02:49:57,798 | INFO     |   → 1224/1267: ✅ 0 взято | 🗑️ 0 мусор
2026-06-23 02:49:57,798 | INFO     |   → 1225/1267: ✅ 10 взято | 🗑️ 14 мусор
2026-06-23 02:49:57,798 | INFO     |   → 1226/1267: ✅ 0 взято | 🗑️ 0 мусор
2026-06-23 02:49:57,798 | INFO     |   → 1227/1267: ✅ 5 взято | 🗑️ 18 мусор
2026-06-23 02:49:57,798 | INFO     |   → 1228/1267: ✅ 0 взято | 🗑️ 0 мусор
2026-06-23 02:49:57,798 | INFO     |   → 1229/1267: ✅ 5 взято | 🗑️ 22 мусор
2026-06-23 02:49:57,798 | INFO     |   → 1230/1267: ✅ 0 взято | 🗑️ 0 мусор
2026-06-23 02:49:57,798 | INFO     |   → 1231/1267: ✅ 5 взято | 🗑️ 18 мусор
2026-06-23 02:49:57,798 | INFO     |   → 1232/1267: ✅ 0 взято | 🗑️ 0 мусор
2026-06-23 02:49:57,798 | INFO     |   → 1233/1267: ✅ 1 взято | 🗑️ 23 мусор
2026-06-23 02:49:57,798 | INFO     |   → 1234/1267: ✅ 0 взято | 🗑️ 0 мусор
2026-06-23 02:49:57,798 | INFO     |   → 1235/1267: ✅ 5 взято | 🗑️ 18 мусор
2026-06-23 02:49:57,799 | INFO     |   → 1236/1267: ✅ 0 взято | 🗑️ 0 мусор
2026-06-23 02:49:57,799 | INFO     |   → 1237/1267: ✅ 17 взято | 🗑️ 7 мусор
2026-06-23 02:49:57,799 | INFO     |   → 1238/1267: ✅ 0 взято | 🗑️ 0 мусор
2026-06-23 02:49:57,799 | INFO     |   → 1239/1267: ✅ 3 взято | 🗑️ 17 мусор
2026-06-23 02:49:57,799 | INFO     |   → 1240/1267: ✅ 0 взято | 🗑️ 0 мусор
2026-06-23 02:49:57,799 | INFO     |   → 1241/1267: ✅ 7 взято | 🗑️ 14 мусор
2026-06-23 02:49:57,799 | INFO     |   → 1242/1267: ✅ 0 взято | 🗑️ 0 мусор
2026-06-23 02:49:57,799 | INFO     |   → 1243/1267: ✅ 7 взято | 🗑️ 14 мусор
2026-06-23 02:49:57,799 | INFO     |   → 1244/1267: ✅ 0 взято | 🗑️ 0 мусор
2026-06-23 02:49:57,799 | INFO     |   → 1245/1267: ✅ 8 взято | 🗑️ 11 мусор
2026-06-23 02:49:57,799 | INFO     |   → 1246/1267: ✅ 0 взято | 🗑️ 0 мусор
2026-06-23 02:49:57,799 | INFO     |   → 1247/1267: ✅ 0 взято | 🗑️ 22 мусор
2026-06-23 02:49:57,799 | INFO     |   → 1248/1267: ✅ 0 взято | 🗑️ 0 мусор
2026-06-23 02:49:57,799 | INFO     |   → 1249/1267: ✅ 3 взято | 🗑️ 12 мусор
2026-06-23 02:49:57,799 | INFO     |   → 1250/1267: ✅ 0 взято | 🗑️ 0 мусор
2026-06-23 02:49:57,799 | INFO     |   → 1251/1267: ✅ 0 взято | 🗑️ 7 мусор
2026-06-23 02:49:57,799 | INFO     |   → 1252/1267: ✅ 0 взято | 🗑️ 0 мусор
2026-06-23 02:49:57,799 | INFO     |   → 1253/1267: ✅ 2 взято | 🗑️ 8 мусор
2026-06-23 02:49:57,799 | INFO     |   → 1254/1267: ✅ 0 взято | 🗑️ 0 мусор
2026-06-23 02:49:57,799 | INFO     |   → 1255/1267: ✅ 5 взято | 🗑️ 12 мусор
2026-06-23 02:49:57,799 | INFO     |   → 1256/1267: ✅ 0 взято | 🗑️ 0 мусор
2026-06-23 02:49:57,799 | INFO     |   → 1257/1267: ✅ 2 взято | 🗑️ 12 мусор
2026-06-23 02:49:57,799 | INFO     |   → 1258/1267: ✅ 0 взято | 🗑️ 0 мусор
2026-06-23 02:49:57,799 | INFO     |   → 1259/1267: ✅ 8 взято | 🗑️ 12 мусор
2026-06-23 02:49:57,799 | INFO     |   → 1260/1267: ✅ 0 взято | 🗑️ 0 мусор
2026-06-23 02:49:57,799 | INFO     |   → 1261/1267: ✅ 0 взято | 🗑️ 10 мусор
2026-06-23 02:49:57,799 | INFO     |   → 1262/1267: ✅ 0 взято | 🗑️ 0 мусор
2026-06-23 02:49:57,799 | INFO     |   → 1263/1267: ✅ 6 взято | 🗑️ 14 мусор
2026-06-23 02:49:57,799 | INFO     |   → 1264/1267: ✅ 0 взято | 🗑️ 0 мусор
2026-06-23 02:49:57,799 | INFO     |   → 1265/1267: ✅ 0 взято | 🗑️ 19 мусор
2026-06-23 02:49:57,799 | INFO     |   → 1266/1267: ✅ 0 взято | 🗑️ 0 мусор
2026-06-23 02:49:57,799 | INFO     |   → 1267/1267: ✅ 0 взято | 🗑️ 25 мусор
2026-06-23 02:49:57,799 | INFO     |   → ✅ ГОТОВО!
2026-06-23 02:49:57,800 | INFO     |   →    📥 Всего ключей после фильтра: 51427
2026-06-23 02:49:57,800 | INFO     |   →    🔗 Уникальных IP:PORT:SCHEME: 13436
2026-06-23 02:49:57,800 | INFO     |   →    🗑️ Выброшено мусора: 843508
2026-06-23 02:49:57,800 | INFO     |   → 📊 По протоколам:
2026-06-23 02:49:57,800 | INFO     |   →    vless: 6065
2026-06-23 02:49:57,800 | INFO     |   →    vmess: 3441
2026-06-23 02:49:57,800 | INFO     |   →    trojan: 1717
2026-06-23 02:49:57,800 | INFO     |   →    ss: 2045
2026-06-23 02:49:57,800 | INFO     |   →    hysteria: 13
2026-06-23 02:49:57,800 | INFO     |   →    hysteria2: 35
2026-06-23 02:49:57,800 | INFO     |   →    hy2: 67
2026-06-23 02:49:57,800 | INFO     |   →    tuic: 53
2026-06-23 02:49:57,800 | INFO     | ✅ mirror.py завершён успешно
2026-06-23 02:49:57,800 | INFO     | 
2026-06-23 02:49:57,800 | INFO     | 
2026-06-23 02:49:57,800 | INFO     | ──────────────────────────────────────────────────────────────────────
2026-06-23 02:49:57,800 | INFO     | 📌 ЭТАП: Фильтрация по реальному SNI
2026-06-23 02:49:57,800 | INFO     | ──────────────────────────────────────────────────────────────────────
2026-06-23 02:49:57,800 | INFO     | 🚀 Запуск filter_ru_sni.py (Фильтр по реальному SNI (CDN+RU))...
2026-06-23 02:49:58,099 | INFO     |   → hy2.txt: 67 → 21 (SNI-filtered)
2026-06-23 02:49:58,099 | INFO     |   →   hysteria.txt: 13 → 0 (SNI-filtered)
2026-06-23 02:49:58,099 | INFO     |   →   hysteria2.txt: 35 → 6 (SNI-filtered)
2026-06-23 02:49:58,099 | INFO     |   →   ss.txt: 2045 → 3 (SNI-filtered)
2026-06-23 02:49:58,099 | INFO     |   →   trojan.txt: 1717 → 16 (SNI-filtered)
2026-06-23 02:49:58,099 | INFO     |   →   tuic.txt: 53 → 0 (SNI-filtered)
2026-06-23 02:49:58,099 | INFO     |   →   vless.txt: 6065 → 1014 (SNI-filtered)
2026-06-23 02:49:58,099 | INFO     |   →   vmess.txt: 3441 → 36 (SNI-filtered)
2026-06-23 02:49:58,099 | INFO     |   → ==================================================
2026-06-23 02:49:58,099 | INFO     |   →   Всего входных:  13436
2026-06-23 02:49:58,099 | INFO     |   →   Прошли фильтр:  1096
2026-06-23 02:49:58,099 | INFO     |   →   Отброшено:      12340
2026-06-23 02:49:58,099 | INFO     |   → ==================================================
2026-06-23 02:49:58,099 | INFO     |   → Готово → /home/runner/work/vpn-vless-configs-russia/vpn-vless-configs-russia/githubmirror/ru-sni
2026-06-23 02:49:58,099 | INFO     | ✅ filter_ru_sni.py завершён успешно
2026-06-23 02:49:58,099 | INFO     | 
2026-06-23 02:49:58,099 | INFO     | 
2026-06-23 02:49:58,100 | INFO     | ──────────────────────────────────────────────────────────────────────
2026-06-23 02:49:58,100 | INFO     | 📌 ЭТАП: Экспериментальный RU-SNI фильтр
2026-06-23 02:49:58,100 | INFO     | ──────────────────────────────────────────────────────────────────────
2026-06-23 02:49:58,100 | INFO     | 🚀 Запуск filter_ru_sni_local.py (Экспериментальный фильтр по RU-SNI (локальные домены))...
2026-06-23 02:49:58,293 | INFO     |   → hy2.txt: 67 → 0 (RU-SNI)
2026-06-23 02:49:58,293 | INFO     |   → hysteria.txt: 13 → 0 (RU-SNI)
2026-06-23 02:49:58,293 | INFO     |   → hysteria2.txt: 35 → 0 (RU-SNI)
2026-06-23 02:49:58,293 | INFO     |   → ss.txt: 2045 → 0 (RU-SNI)
2026-06-23 02:49:58,293 | INFO     |   → trojan.txt: 1717 → 1 (RU-SNI)
2026-06-23 02:49:58,293 | INFO     |   → tuic.txt: 53 → 0 (RU-SNI)
2026-06-23 02:49:58,293 | INFO     |   → vless.txt: 6065 → 181 (RU-SNI)
2026-06-23 02:49:58,293 | INFO     |   → vmess.txt: 3441 → 0 (RU-SNI)
2026-06-23 02:49:58,293 | INFO     |   → ==================================================
2026-06-23 02:49:58,293 | INFO     |   → Всего входных:  13436
2026-06-23 02:49:58,293 | INFO     |   → Прошли RU-SNI:  182
2026-06-23 02:49:58,293 | INFO     |   → Отброшено:      13254
2026-06-23 02:49:58,293 | INFO     |   → ==================================================
2026-06-23 02:49:58,293 | INFO     |   → Готово → /home/runner/work/vpn-vless-configs-russia/vpn-vless-configs-russia/githubmirror/ru-sni-local
2026-06-23 02:49:58,293 | INFO     | ✅ filter_ru_sni_local.py завершён успешно
2026-06-23 02:49:58,293 | INFO     | 
2026-06-23 02:49:58,293 | INFO     | 
2026-06-23 02:49:58,293 | INFO     | ──────────────────────────────────────────────────────────────────────
2026-06-23 02:49:58,293 | INFO     | 📌 ЭТАП: Сбор статистики
2026-06-23 02:49:58,293 | INFO     | ──────────────────────────────────────────────────────────────────────
2026-06-23 02:49:58,293 | INFO     | 📊 Сбор статистики...
2026-06-23 02:49:58,294 | INFO     |   📁 githubmirror/clean:
2026-06-23 02:49:58,294 | INFO     |     • hy2         :    67 конфигов
2026-06-23 02:49:58,294 | INFO     |     • hysteria    :    13 конфигов
2026-06-23 02:49:58,294 | INFO     |     • hysteria2   :    35 конфигов
2026-06-23 02:49:58,295 | INFO     |     • ss          :  2045 конфигов
2026-06-23 02:49:58,297 | INFO     |     • trojan      :  1717 конфигов
2026-06-23 02:49:58,297 | INFO     |     • tuic        :    53 конфигов
2026-06-23 02:49:58,302 | INFO     |     • vless       :  6065 конфигов
2026-06-23 02:49:58,304 | INFO     |     • vmess       :  3441 конфигов
2026-06-23 02:49:58,304 | INFO     |   📁 githubmirror/ru-sni:
2026-06-23 02:49:58,305 | INFO     |     • hy2         :    21 конфигов ( 31.3% от clean)
2026-06-23 02:49:58,305 | INFO     |     • hysteria    :     0 конфигов (  0.0% от clean)
2026-06-23 02:49:58,305 | INFO     |     • hysteria2   :     6 конфигов ( 17.1% от clean)
2026-06-23 02:49:58,305 | INFO     |     • ss          :     3 конфигов (  0.1% от clean)
2026-06-23 02:49:58,305 | INFO     |     • trojan      :    16 конфигов (  0.9% от clean)
2026-06-23 02:49:58,305 | INFO     |     • tuic        :     0 конфигов (  0.0% от clean)
2026-06-23 02:49:58,306 | INFO     |     • vless       :  1014 конфигов ( 16.7% от clean)
2026-06-23 02:49:58,306 | INFO     |     • vmess       :    36 конфигов (  1.0% от clean)
2026-06-23 02:49:58,307 | INFO     | 
2026-06-23 02:49:58,307 | INFO     |   ──────────────────────────────────────────────────
2026-06-23 02:49:58,307 | INFO     |   📈 ИТОГО:
2026-06-23 02:49:58,307 | INFO     |     Clean (после geo-фильтра):    13436
2026-06-23 02:49:58,307 | INFO     |     RU-SNI (после SNI-фильтра):    1096
2026-06-23 02:49:58,307 | INFO     |     Прошло фильтр:                  8.2%
2026-06-23 02:49:58,307 | INFO     |   ──────────────────────────────────────────────────
2026-06-23 02:49:58,307 | INFO     | ✅ Статистика сохранена: /home/runner/work/vpn-vless-configs-russia/vpn-vless-configs-russia/stats.json
2026-06-23 02:49:58,307 | INFO     | 
2026-06-23 02:49:58,307 | INFO     | ======================================================================
2026-06-23 02:49:58,307 | INFO     | 📊 ИТОГОВЫЙ ОТЧЁТ
2026-06-23 02:49:58,307 | INFO     | ======================================================================
2026-06-23 02:49:58,307 | INFO     |   ✅ OK         | Загрузка и geo-фильтрация
2026-06-23 02:49:58,307 | INFO     |   ✅ OK         | Фильтрация по реальному SNI
2026-06-23 02:49:58,307 | INFO     |   ✅ OK         | Экспериментальный RU-SNI фильтр
2026-06-23 02:49:58,307 | INFO     |   ✅ OK         | Сбор статистики
2026-06-23 02:49:58,307 | INFO     | ──────────────────────────────────────────────────────────────────────
2026-06-23 02:49:58,307 | INFO     | ✅ ВСЕ ЭТАПЫ УСПЕШНЫ (4/4)
2026-06-23 02:49:58,307 | INFO     | ⏰ Время завершения: 2026-06-23 02:49:58
2026-06-23 02:49:58,308 | INFO     | ======================================================================
