2026-07-10 19:27:08,002 | INFO     | ======================================================================
2026-07-10 19:27:08,002 | INFO     | 🔍 VPN KEY CHECKER - Начало проверки
2026-07-10 19:27:08,002 | INFO     | ⏰ Время старта: 2026-07-10 19:27:08
2026-07-10 19:27:08,002 | INFO     | 📂 Рабочая директория: /home/runner/work/vpn-vless-configs-russia/vpn-vless-configs-russia
2026-07-10 19:27:08,002 | INFO     | ======================================================================
2026-07-10 19:27:08,002 | INFO     | 
2026-07-10 19:27:08,002 | INFO     | 🔍 Проверка наличия скриптов...
2026-07-10 19:27:08,002 | INFO     |   ✅ mirror.py
2026-07-10 19:27:08,002 | INFO     |   ✅ filter_ru_sni.py
2026-07-10 19:27:08,003 | INFO     |   ✅ filter_ru_sni_local.py
2026-07-10 19:27:08,003 | INFO     | 
2026-07-10 19:27:08,003 | INFO     | 
2026-07-10 19:27:08,003 | INFO     | ──────────────────────────────────────────────────────────────────────
2026-07-10 19:27:08,003 | INFO     | 📌 ЭТАП: Загрузка и geo-фильтрация
2026-07-10 19:27:08,003 | INFO     | ──────────────────────────────────────────────────────────────────────
2026-07-10 19:27:08,003 | INFO     | 🚀 Запуск mirror.py (Загрузка и фильтрация по РФ/СНГ/Европа)...
2026-07-10 19:34:03,824 | INFO     |   → 🚀 Старт: всего источников (старые + новые): 1342
2026-07-10 19:34:03,824 | INFO     |   → 1/1342: ✅ 4 взято | 🗑️ 147 мусор
2026-07-10 19:34:03,824 | INFO     |   → 2/1342: ✅ 0 взято | 🗑️ 0 мусор
2026-07-10 19:34:03,824 | INFO     |   → 3/1342 ❌ HTTP 404 — https://bitbucket.org/huwo1/proxy_nodes/raw/f31ca9ec67b84071515729ff45b011b6b09c10f2/clash.yaml
2026-07-10 19:34:03,824 | INFO     |   → 4/1342 ❌ HTTP 404 — https://cdn.jsdelivr.net/gh/cry0ice/genode@main/public/all.txt
2026-07-10 19:34:03,824 | INFO     |   → 5/1342 ❌ HTTP 404 — https://cdn.jsdelivr.net/gh/cry0ice/genode@main/public/ss.txt
2026-07-10 19:34:03,824 | INFO     |   → 6/1342 ❌ HTTP 404 — https://cdn.jsdelivr.net/gh/cry0ice/genode@main/public/ssr.txt
2026-07-10 19:34:03,824 | INFO     |   → 7/1342 ❌ HTTP 404 — https://cdn.jsdelivr.net/gh/cry0ice/genode@main/public/trojan.txt
2026-07-10 19:34:03,825 | INFO     |   → 8/1342 ❌ HTTP 404 — https://cdn.jsdelivr.net/gh/cry0ice/genode@main/public/vless.txt
2026-07-10 19:34:03,825 | INFO     |   → 9/1342 ❌ HTTP 404 — https://cdn.jsdelivr.net/gh/cry0ice/genode@main/public/vmess.txt
2026-07-10 19:34:03,825 | INFO     |   → 10/1342: ✅ 0 взято | 🗑️ 0 мусор
2026-07-10 19:34:03,825 | INFO     |   → 11/1342: ✅ 0 взято | 🗑️ 0 мусор
2026-07-10 19:34:03,825 | INFO     |   → 12/1342: ✅ 0 взято | 🗑️ 0 мусор
2026-07-10 19:34:03,825 | INFO     |   → 13/1342: ✅ 0 взято | 🗑️ 0 мусор
2026-07-10 19:34:03,825 | INFO     |   → 14/1342: ✅ 0 взято | 🗑️ 0 мусор
2026-07-10 19:34:03,825 | INFO     |   → 15/1342: ✅ 0 взято | 🗑️ 0 мусор
2026-07-10 19:34:03,825 | INFO     |   → 16/1342: ✅ 0 взято | 🗑️ 0 мусор
2026-07-10 19:34:03,825 | INFO     |   → 17/1342: ✅ 0 взято | 🗑️ 0 мусор
2026-07-10 19:34:03,825 | INFO     |   → 18/1342: ✅ 0 взято | 🗑️ 0 мусор
2026-07-10 19:34:03,825 | INFO     |   → 19/1342: ✅ 0 взято | 🗑️ 0 мусор
2026-07-10 19:34:03,825 | INFO     |   → 20/1342: ✅ 0 взято | 🗑️ 0 мусор
2026-07-10 19:34:03,825 | INFO     |   → 21/1342: ✅ 0 взято | 🗑️ 0 мусор
2026-07-10 19:34:03,825 | INFO     |   → 22/1342: ✅ 0 взято | 🗑️ 0 мусор
2026-07-10 19:34:03,825 | INFO     |   → 23/1342: ✅ 0 взято | 🗑️ 0 мусор
2026-07-10 19:34:03,825 | INFO     |   → 24/1342: ✅ 0 взято | 🗑️ 0 мусор
2026-07-10 19:34:03,825 | INFO     |   → 25/1342: ✅ 0 взято | 🗑️ 0 мусор
2026-07-10 19:34:03,825 | INFO     |   → 26/1342: ✅ 0 взято | 🗑️ 0 мусор
2026-07-10 19:34:03,825 | INFO     |   → 27/1342: ✅ 0 взято | 🗑️ 0 мусор
2026-07-10 19:34:03,825 | INFO     |   → 28/1342: ✅ 0 взято | 🗑️ 0 мусор
2026-07-10 19:34:03,825 | INFO     |   → 29/1342: ✅ 0 взято | 🗑️ 0 мусор
2026-07-10 19:34:03,825 | INFO     |   → 30/1342: ✅ 0 взято | 🗑️ 0 мусор
2026-07-10 19:34:03,825 | INFO     |   → 31/1342: ✅ 0 взято | 🗑️ 0 мусор
2026-07-10 19:34:03,825 | INFO     |   → 32/1342: ✅ 0 взято | 🗑️ 0 мусор
2026-07-10 19:34:03,825 | INFO     |   → 33/1342: ✅ 0 взято | 🗑️ 0 мусор
2026-07-10 19:34:03,825 | INFO     |   → 34/1342: ✅ 0 взято | 🗑️ 0 мусор
2026-07-10 19:34:03,825 | INFO     |   → 35/1342: ✅ 0 взято | 🗑️ 0 мусор
2026-07-10 19:34:03,825 | INFO     |   → 36/1342: ✅ 0 взято | 🗑️ 0 мусор
2026-07-10 19:34:03,825 | INFO     |   → 37/1342: ✅ 0 взято | 🗑️ 0 мусор
2026-07-10 19:34:03,825 | INFO     |   → 38/1342: ✅ 0 взято | 🗑️ 0 мусор
2026-07-10 19:34:03,825 | INFO     |   → 39/1342: ✅ 0 взято | 🗑️ 0 мусор
2026-07-10 19:34:03,825 | INFO     |   → 40/1342: ✅ 0 взято | 🗑️ 0 мусор
2026-07-10 19:34:03,825 | INFO     |   → 41/1342: ✅ 0 взято | 🗑️ 0 мусор
2026-07-10 19:34:03,825 | INFO     |   → 42/1342: ✅ 0 взято | 🗑️ 0 мусор
2026-07-10 19:34:03,825 | INFO     |   → 43/1342: ✅ 0 взято | 🗑️ 0 мусор
2026-07-10 19:34:03,825 | INFO     |   → 44/1342: ✅ 0 взято | 🗑️ 0 мусор
2026-07-10 19:34:03,825 | INFO     |   → 45/1342: ✅ 0 взято | 🗑️ 0 мусор
2026-07-10 19:34:03,825 | INFO     |   → 46/1342: ✅ 0 взято | 🗑️ 0 мусор
2026-07-10 19:34:03,825 | INFO     |   → 47/1342: ✅ 0 взято | 🗑️ 0 мусор
2026-07-10 19:34:03,825 | INFO     |   → 48/1342: ✅ 0 взято | 🗑️ 0 мусор
2026-07-10 19:34:03,825 | INFO     |   → 49/1342: ✅ 0 взято | 🗑️ 0 мусор
2026-07-10 19:34:03,825 | INFO     |   → 50/1342: ✅ 0 взято | 🗑️ 0 мусор
2026-07-10 19:34:03,825 | INFO     |   → 51/1342: ✅ 0 взято | 🗑️ 0 мусор
2026-07-10 19:34:03,825 | INFO     |   → 52/1342: ✅ 0 взято | 🗑️ 0 мусор
2026-07-10 19:34:03,826 | INFO     |   → 53/1342: ✅ 0 взято | 🗑️ 0 мусор
2026-07-10 19:34:03,826 | INFO     |   → 54/1342: ✅ 0 взято | 🗑️ 0 мусор
2026-07-10 19:34:03,826 | INFO     |   → 55/1342: ✅ 0 взято | 🗑️ 0 мусор
2026-07-10 19:34:03,826 | INFO     |   → 56/1342: ✅ 0 взято | 🗑️ 0 мусор
2026-07-10 19:34:03,826 | INFO     |   → 57/1342: ✅ 0 взято | 🗑️ 0 мусор
2026-07-10 19:34:03,826 | INFO     |   → 58/1342: ✅ 0 взято | 🗑️ 0 мусор
2026-07-10 19:34:03,826 | INFO     |   → 59/1342: ✅ 0 взято | 🗑️ 0 мусор
2026-07-10 19:34:03,826 | INFO     |   → 60/1342: ✅ 0 взято | 🗑️ 0 мусор
2026-07-10 19:34:03,826 | INFO     |   → 61/1342: ✅ 0 взято | 🗑️ 0 мусор
2026-07-10 19:34:03,826 | INFO     |   → 62/1342: ✅ 0 взято | 🗑️ 0 мусор
2026-07-10 19:34:03,826 | INFO     |   → 63/1342: ✅ 0 взято | 🗑️ 0 мусор
2026-07-10 19:34:03,826 | INFO     |   → 64/1342: ✅ 0 взято | 🗑️ 0 мусор
2026-07-10 19:34:03,826 | INFO     |   → 65/1342: ✅ 0 взято | 🗑️ 0 мусор
2026-07-10 19:34:03,826 | INFO     |   → 66/1342: ✅ 0 взято | 🗑️ 0 мусор
2026-07-10 19:34:03,826 | INFO     |   → 67/1342: ✅ 0 взято | 🗑️ 0 мусор
2026-07-10 19:34:03,826 | INFO     |   → 68/1342: ✅ 0 взято | 🗑️ 0 мусор
2026-07-10 19:34:03,826 | INFO     |   → 69/1342: ✅ 0 взято | 🗑️ 0 мусор
2026-07-10 19:34:03,826 | INFO     |   → 70/1342: ✅ 0 взято | 🗑️ 0 мусор
2026-07-10 19:34:03,826 | INFO     |   → 71/1342: ✅ 0 взято | 🗑️ 0 мусор
2026-07-10 19:34:03,826 | INFO     |   → 72/1342: ✅ 0 взято | 🗑️ 0 мусор
2026-07-10 19:34:03,826 | INFO     |   → 73/1342: ✅ 0 взято | 🗑️ 0 мусор
2026-07-10 19:34:03,826 | INFO     |   → 74/1342: ✅ 0 взято | 🗑️ 0 мусор
2026-07-10 19:34:03,826 | INFO     |   → 75/1342: ✅ 0 взято | 🗑️ 0 мусор
2026-07-10 19:34:03,826 | INFO     |   → 76/1342: ✅ 0 взято | 🗑️ 0 мусор
2026-07-10 19:34:03,826 | INFO     |   → 77/1342: ✅ 0 взято | 🗑️ 0 мусор
2026-07-10 19:34:03,826 | INFO     |   → 78/1342: ✅ 0 взято | 🗑️ 0 мусор
2026-07-10 19:34:03,826 | INFO     |   → 79/1342: ✅ 0 взято | 🗑️ 0 мусор
2026-07-10 19:34:03,826 | INFO     |   → 80/1342: ✅ 0 взято | 🗑️ 0 мусор
2026-07-10 19:34:03,826 | INFO     |   → 81/1342: ✅ 0 взято | 🗑️ 0 мусор
2026-07-10 19:34:03,826 | INFO     |   → 82/1342: ✅ 0 взято | 🗑️ 0 мусор
2026-07-10 19:34:03,826 | INFO     |   → 83/1342: ✅ 0 взято | 🗑️ 0 мусор
2026-07-10 19:34:03,826 | INFO     |   → 84/1342: ✅ 0 взято | 🗑️ 0 мусор
2026-07-10 19:34:03,826 | INFO     |   → 85/1342: ✅ 0 взято | 🗑️ 0 мусор
2026-07-10 19:34:03,826 | INFO     |   → 86/1342: ✅ 0 взято | 🗑️ 0 мусор
2026-07-10 19:34:03,826 | INFO     |   → 87/1342: ✅ 0 взято | 🗑️ 0 мусор
2026-07-10 19:34:03,826 | INFO     |   → 88/1342: ✅ 0 взято | 🗑️ 0 мусор
2026-07-10 19:34:03,826 | INFO     |   → 89/1342: ✅ 0 взято | 🗑️ 0 мусор
2026-07-10 19:34:03,826 | INFO     |   → 90/1342: ✅ 0 взято | 🗑️ 0 мусор
2026-07-10 19:34:03,826 | INFO     |   → 91/1342: ✅ 0 взято | 🗑️ 0 мусор
2026-07-10 19:34:03,826 | INFO     |   → 92/1342: ✅ 0 взято | 🗑️ 0 мусор
2026-07-10 19:34:03,826 | INFO     |   → 93/1342: ✅ 0 взято | 🗑️ 0 мусор
2026-07-10 19:34:03,826 | INFO     |   → 94/1342: ✅ 0 взято | 🗑️ 0 мусор
2026-07-10 19:34:03,826 | INFO     |   → 95/1342: ✅ 0 взято | 🗑️ 0 мусор
2026-07-10 19:34:03,826 | INFO     |   → 96/1342: ✅ 0 взято | 🗑️ 0 мусор
2026-07-10 19:34:03,826 | INFO     |   → 97/1342: ✅ 0 взято | 🗑️ 0 мусор
2026-07-10 19:34:03,826 | INFO     |   → 98/1342: ✅ 0 взято | 🗑️ 0 мусор
2026-07-10 19:34:03,826 | INFO     |   → 99/1342: ✅ 0 взято | 🗑️ 0 мусор
2026-07-10 19:34:03,826 | INFO     |   → 100/1342: ✅ 0 взято | 🗑️ 0 мусор
2026-07-10 19:34:03,826 | INFO     |   → 101/1342: ✅ 0 взято | 🗑️ 0 мусор
2026-07-10 19:34:03,826 | INFO     |   → 102/1342: ✅ 0 взято | 🗑️ 0 мусор
2026-07-10 19:34:03,826 | INFO     |   → 103/1342: ✅ 0 взято | 🗑️ 0 мусор
2026-07-10 19:34:03,826 | INFO     |   → 104/1342: ✅ 0 взято | 🗑️ 0 мусор
2026-07-10 19:34:03,826 | INFO     |   → 105/1342: ✅ 0 взято | 🗑️ 0 мусор
2026-07-10 19:34:03,826 | INFO     |   → 106/1342: ✅ 0 взято | 🗑️ 0 мусор
2026-07-10 19:34:03,826 | INFO     |   → 107/1342: ✅ 0 взято | 🗑️ 0 мусор
2026-07-10 19:34:03,826 | INFO     |   → 108/1342: ✅ 0 взято | 🗑️ 0 мусор
2026-07-10 19:34:03,826 | INFO     |   → 109/1342: ✅ 0 взято | 🗑️ 0 мусор
2026-07-10 19:34:03,826 | INFO     |   → 110/1342: ✅ 0 взято | 🗑️ 0 мусор
2026-07-10 19:34:03,826 | INFO     |   → 111/1342: ✅ 0 взято | 🗑️ 0 мусор
2026-07-10 19:34:03,827 | INFO     |   → 112/1342: ✅ 0 взято | 🗑️ 0 мусор
2026-07-10 19:34:03,827 | INFO     |   → 113/1342: ✅ 0 взято | 🗑️ 0 мусор
2026-07-10 19:34:03,827 | INFO     |   → 114/1342: ✅ 0 взято | 🗑️ 0 мусор
2026-07-10 19:34:03,827 | INFO     |   → 115/1342: ✅ 0 взято | 🗑️ 0 мусор
2026-07-10 19:34:03,827 | INFO     |   → 116/1342: ✅ 0 взято | 🗑️ 0 мусор
2026-07-10 19:34:03,827 | INFO     |   → 117/1342: ✅ 0 взято | 🗑️ 0 мусор
2026-07-10 19:34:03,827 | INFO     |   → 118/1342: ✅ 0 взято | 🗑️ 0 мусор
2026-07-10 19:34:03,827 | INFO     |   → 119/1342: ✅ 0 взято | 🗑️ 0 мусор
2026-07-10 19:34:03,827 | INFO     |   → 120/1342: ✅ 0 взято | 🗑️ 0 мусор
2026-07-10 19:34:03,827 | INFO     |   → 121/1342: ✅ 0 взято | 🗑️ 0 мусор
2026-07-10 19:34:03,827 | INFO     |   → 122/1342: ✅ 0 взято | 🗑️ 0 мусор
2026-07-10 19:34:03,827 | INFO     |   → 123/1342: ✅ 0 взято | 🗑️ 0 мусор
2026-07-10 19:34:03,827 | INFO     |   → 124/1342: ✅ 0 взято | 🗑️ 0 мусор
2026-07-10 19:34:03,827 | INFO     |   → 125/1342: ✅ 0 взято | 🗑️ 0 мусор
2026-07-10 19:34:03,827 | INFO     |   → 126/1342: ✅ 0 взято | 🗑️ 0 мусор
2026-07-10 19:34:03,827 | INFO     |   → 127/1342: ✅ 0 взято | 🗑️ 0 мусор
2026-07-10 19:34:03,827 | INFO     |   → 128/1342: ✅ 0 взято | 🗑️ 0 мусор
2026-07-10 19:34:03,827 | INFO     |   → 129/1342: ✅ 0 взято | 🗑️ 0 мусор
2026-07-10 19:34:03,827 | INFO     |   → 130/1342: ✅ 0 взято | 🗑️ 0 мусор
2026-07-10 19:34:03,827 | INFO     |   → 131/1342: ✅ 0 взято | 🗑️ 0 мусор
2026-07-10 19:34:03,827 | INFO     |   → 132/1342: ✅ 0 взято | 🗑️ 0 мусор
2026-07-10 19:34:03,827 | INFO     |   → 133/1342: ✅ 0 взято | 🗑️ 0 мусор
2026-07-10 19:34:03,827 | INFO     |   → 134/1342: ✅ 0 взято | 🗑️ 0 мусор
2026-07-10 19:34:03,827 | INFO     |   → 135/1342: ✅ 0 взято | 🗑️ 0 мусор
2026-07-10 19:34:03,827 | INFO     |   → 136/1342: ✅ 0 взято | 🗑️ 0 мусор
2026-07-10 19:34:03,827 | INFO     |   → 137/1342: ✅ 0 взято | 🗑️ 0 мусор
2026-07-10 19:34:03,827 | INFO     |   → 138/1342: ✅ 0 взято | 🗑️ 0 мусор
2026-07-10 19:34:03,827 | INFO     |   → 139/1342: ✅ 0 взято | 🗑️ 0 мусор
2026-07-10 19:34:03,827 | INFO     |   → 140/1342: ✅ 0 взято | 🗑️ 0 мусор
2026-07-10 19:34:03,827 | INFO     |   → 141/1342: ✅ 0 взято | 🗑️ 0 мусор
2026-07-10 19:34:03,827 | INFO     |   → 142/1342: ✅ 0 взято | 🗑️ 0 мусор
2026-07-10 19:34:03,827 | INFO     |   → 143/1342: ✅ 0 взято | 🗑️ 0 мусор
2026-07-10 19:34:03,827 | INFO     |   → 144/1342: ✅ 0 взято | 🗑️ 0 мусор
2026-07-10 19:34:03,827 | INFO     |   → 145/1342: ✅ 0 взято | 🗑️ 0 мусор
2026-07-10 19:34:03,827 | INFO     |   → 146/1342: ✅ 0 взято | 🗑️ 0 мусор
2026-07-10 19:34:03,827 | INFO     |   → 147/1342: ✅ 0 взято | 🗑️ 0 мусор
2026-07-10 19:34:03,827 | INFO     |   → 148/1342: ✅ 0 взято | 🗑️ 0 мусор
2026-07-10 19:34:03,827 | INFO     |   → 149/1342: ✅ 0 взято | 🗑️ 0 мусор
2026-07-10 19:34:03,827 | INFO     |   → 150/1342: ✅ 0 взято | 🗑️ 0 мусор
2026-07-10 19:34:03,827 | INFO     |   → 151/1342: ✅ 0 взято | 🗑️ 0 мусор
2026-07-10 19:34:03,827 | INFO     |   → 152/1342: ✅ 0 взято | 🗑️ 0 мусор
2026-07-10 19:34:03,827 | INFO     |   → 153/1342: ✅ 0 взято | 🗑️ 0 мусор
2026-07-10 19:34:03,827 | INFO     |   → 154/1342: ✅ 0 взято | 🗑️ 0 мусор
2026-07-10 19:34:03,827 | INFO     |   → 155/1342: ✅ 0 взято | 🗑️ 0 мусор
2026-07-10 19:34:03,827 | INFO     |   → 156/1342: ✅ 0 взято | 🗑️ 0 мусор
2026-07-10 19:34:03,827 | INFO     |   → 157/1342: ✅ 0 взято | 🗑️ 0 мусор
2026-07-10 19:34:03,827 | INFO     |   → 158/1342: ✅ 0 взято | 🗑️ 0 мусор
2026-07-10 19:34:03,827 | INFO     |   → 159/1342: ✅ 0 взято | 🗑️ 0 мусор
2026-07-10 19:34:03,827 | INFO     |   → 160/1342: ✅ 0 взято | 🗑️ 0 мусор
2026-07-10 19:34:03,827 | INFO     |   → 161/1342: ✅ 0 взято | 🗑️ 0 мусор
2026-07-10 19:34:03,827 | INFO     |   → 162/1342: ✅ 0 взято | 🗑️ 0 мусор
2026-07-10 19:34:03,827 | INFO     |   → 163/1342: ✅ 0 взято | 🗑️ 0 мусор
2026-07-10 19:34:03,827 | INFO     |   → 164/1342: ✅ 0 взято | 🗑️ 0 мусор
2026-07-10 19:34:03,827 | INFO     |   → 165/1342: ✅ 0 взято | 🗑️ 0 мусор
2026-07-10 19:34:03,827 | INFO     |   → 166/1342: ✅ 0 взято | 🗑️ 0 мусор
2026-07-10 19:34:03,827 | INFO     |   → 167/1342: ✅ 0 взято | 🗑️ 0 мусор
2026-07-10 19:34:03,827 | INFO     |   → 168/1342: ✅ 0 взято | 🗑️ 0 мусор
2026-07-10 19:34:03,827 | INFO     |   → 169/1342: ✅ 0 взято | 🗑️ 0 мусор
2026-07-10 19:34:03,827 | INFO     |   → 170/1342: ✅ 0 взято | 🗑️ 0 мусор
2026-07-10 19:34:03,827 | INFO     |   → 171/1342: ✅ 0 взято | 🗑️ 0 мусор
2026-07-10 19:34:03,827 | INFO     |   → 172/1342: ✅ 0 взято | 🗑️ 0 мусор
2026-07-10 19:34:03,827 | INFO     |   → 173/1342: ✅ 0 взято | 🗑️ 0 мусор
2026-07-10 19:34:03,827 | INFO     |   → 174/1342: ✅ 0 взято | 🗑️ 0 мусор
2026-07-10 19:34:03,827 | INFO     |   → 175/1342: ✅ 0 взято | 🗑️ 0 мусор
2026-07-10 19:34:03,827 | INFO     |   → 176/1342 ❌ HTTP 404 — https://freessrnode.github.io/uploads/2024/08/0-20240822.txt
2026-07-10 19:34:03,827 | INFO     |   → 177/1342 ❌ HTTP 404 — https://freessrnode.github.io/uploads/2024/08/1-20240822.txt
2026-07-10 19:34:03,827 | INFO     |   → 178/1342 ❌ HTTP 404 — https://freessrnode.github.io/uploads/2024/08/2-20240822.txt
2026-07-10 19:34:03,827 | INFO     |   → 179/1342 ❌ HTTP 404 — https://freessrnode.github.io/uploads/2024/08/3-20240822.txt
2026-07-10 19:34:03,828 | INFO     |   → 180/1342 ❌ HTTP 404 — https://freessrnode.github.io/uploads/2024/08/4-20240822.txt
2026-07-10 19:34:03,828 | INFO     |   → 181/1342 ⚠️ Ошибка: HTTPSConnectionPool(host='freevpnspy.githubrowcontent.com', port=443): Max retries exceeded with url: /2024/08/20240802_novless.yaml (Caused by NameResolutionError("HTTPSConnection(host='freevpnspy.githubrowcontent.com', port=443): Failed to resolve 'freevpnspy.githubrowcontent.com' ([Errno -2] Name or service not known)")) — https://freevpnspy.githubrowcontent.com/2024/08/20240802_novless.yaml
2026-07-10 19:34:03,828 | INFO     |   → 182/1342 ⚠️ Ошибка: HTTPSConnectionPool(host='freevpnspy.githubrowcontent.com', port=443): Max retries exceeded with url: /2024/08/20240802_vless.yaml (Caused by NameResolutionError("HTTPSConnection(host='freevpnspy.githubrowcontent.com', port=443): Failed to resolve 'freevpnspy.githubrowcontent.com' ([Errno -2] Name or service not known)")) — https://freevpnspy.githubrowcontent.com/2024/08/20240802_vless.yaml
2026-07-10 19:34:03,828 | INFO     |   → 183/1342: ✅ 0 взято | 🗑️ 0 мусор
2026-07-10 19:34:03,828 | INFO     |   → 184/1342: ✅ 0 взято | 🗑️ 0 мусор
2026-07-10 19:34:03,828 | INFO     |   → 185/1342: ✅ 5 взято | 🗑️ 133 мусор
2026-07-10 19:34:03,828 | INFO     |   → 186/1342: ✅ 5 взято | 🗑️ 166 мусор
2026-07-10 19:34:03,828 | INFO     |   → 187/1342: ✅ 2 взято | 🗑️ 114 мусор
2026-07-10 19:34:03,828 | INFO     |   → 188/1342: ✅ 14 взято | 🗑️ 292 мусор
2026-07-10 19:34:03,828 | INFO     |   → 189/1342: ✅ 0 взято | 🗑️ 115 мусор
2026-07-10 19:34:03,828 | INFO     |   → 190/1342: ✅ 14 взято | 🗑️ 218 мусор
2026-07-10 19:34:03,828 | INFO     |   → 191/1342: ✅ 7 взято | 🗑️ 148 мусор
2026-07-10 19:34:03,828 | INFO     |   → 192/1342: ✅ 5 взято | 🗑️ 161 мусор
2026-07-10 19:34:03,828 | INFO     |   → 193/1342: ✅ 2 взято | 🗑️ 60 мусор
2026-07-10 19:34:03,828 | INFO     |   → 194/1342: ✅ 0 взято | 🗑️ 0 мусор
2026-07-10 19:34:03,828 | INFO     |   → 195/1342: ✅ 10 взято | 🗑️ 232 мусор
2026-07-10 19:34:03,828 | INFO     |   → 196/1342: ✅ 4 взято | 🗑️ 151 мусор
2026-07-10 19:34:03,828 | INFO     |   → 197/1342: ✅ 0 взято | 🗑️ 0 мусор
2026-07-10 19:34:03,828 | INFO     |   → 198/1342: ✅ 0 взято | 🗑️ 0 мусор
2026-07-10 19:34:03,828 | INFO     |   → 199/1342: ✅ 0 взято | 🗑️ 0 мусор
2026-07-10 19:34:03,828 | INFO     |   → 200/1342: ✅ 1 взято | 🗑️ 226 мусор
2026-07-10 19:34:03,828 | INFO     |   → 201/1342: ✅ 0 взято | 🗑️ 0 мусор
2026-07-10 19:34:03,828 | INFO     |   → 202/1342: ✅ 0 взято | 🗑️ 0 мусор
2026-07-10 19:34:03,828 | INFO     |   → 203/1342: ✅ 0 взято | 🗑️ 0 мусор
2026-07-10 19:34:03,828 | INFO     |   → 204/1342: ✅ 7 взято | 🗑️ 113 мусор
2026-07-10 19:34:03,828 | INFO     |   → 205/1342: ✅ 0 взято | 🗑️ 0 мусор
2026-07-10 19:34:03,828 | INFO     |   → 206/1342: ✅ 0 взято | 🗑️ 0 мусор
2026-07-10 19:34:03,828 | INFO     |   → 207/1342: ✅ 0 взято | 🗑️ 0 мусор
2026-07-10 19:34:03,828 | INFO     |   → 208/1342: ✅ 1 взято | 🗑️ 169 мусор
2026-07-10 19:34:03,828 | INFO     |   → 209/1342: ✅ 0 взято | 🗑️ 0 мусор
2026-07-10 19:34:03,828 | INFO     |   → 210/1342: ✅ 0 взято | 🗑️ 0 мусор
2026-07-10 19:34:03,828 | INFO     |   → 211/1342: ✅ 5 взято | 🗑️ 211 мусор
2026-07-10 19:34:03,828 | INFO     |   → 212/1342: ✅ 0 взято | 🗑️ 0 мусор
2026-07-10 19:34:03,828 | INFO     |   → 213/1342: ✅ 1 взято | 🗑️ 213 мусор
2026-07-10 19:34:03,828 | INFO     |   → 214/1342: ✅ 0 взято | 🗑️ 0 мусор
2026-07-10 19:34:03,828 | INFO     |   → 215/1342: ✅ 0 взято | 🗑️ 0 мусор
2026-07-10 19:34:03,828 | INFO     |   → 216/1342: ✅ 2 взято | 🗑️ 60 мусор
2026-07-10 19:34:03,828 | INFO     |   → 217/1342: ✅ 0 взято | 🗑️ 0 мусор
2026-07-10 19:34:03,828 | INFO     |   → 218/1342: ✅ 1 взято | 🗑️ 226 мусор
2026-07-10 19:34:03,828 | INFO     |   → 219/1342: ✅ 3 взято | 🗑️ 152 мусор
2026-07-10 19:34:03,828 | INFO     |   → 220/1342: ✅ 0 взято | 🗑️ 0 мусор
2026-07-10 19:34:03,828 | INFO     |   → 221/1342: ✅ 0 взято | 🗑️ 0 мусор
2026-07-10 19:34:03,828 | INFO     |   → 222/1342: ✅ 3 взято | 🗑️ 99 мусор
2026-07-10 19:34:03,828 | INFO     |   → 223/1342: ✅ 0 взято | 🗑️ 0 мусор
2026-07-10 19:34:03,828 | INFO     |   → 224/1342: ✅ 0 взято | 🗑️ 300 мусор
2026-07-10 19:34:03,828 | INFO     |   → 225/1342: ✅ 0 взято | 🗑️ 0 мусор
2026-07-10 19:34:03,828 | INFO     |   → 226/1342: ✅ 0 взято | 🗑️ 0 мусор
2026-07-10 19:34:03,828 | INFO     |   → 227/1342: ✅ 0 взято | 🗑️ 142 мусор
2026-07-10 19:34:03,828 | INFO     |   → 228/1342: ✅ 2 взято | 🗑️ 124 мусор
2026-07-10 19:34:03,828 | INFO     |   → 229/1342: ✅ 0 взято | 🗑️ 0 мусор
2026-07-10 19:34:03,828 | INFO     |   → 230/1342: ✅ 0 взято | 🗑️ 0 мусор
2026-07-10 19:34:03,828 | INFO     |   → 231/1342: ✅ 1 взято | 🗑️ 104 мусор
2026-07-10 19:34:03,828 | INFO     |   → 232/1342: ✅ 1 взято | 🗑️ 96 мусор
2026-07-10 19:34:03,829 | INFO     |   → 233/1342: ✅ 0 взято | 🗑️ 193 мусор
2026-07-10 19:34:03,829 | INFO     |   → 234/1342: ✅ 2 взято | 🗑️ 115 мусор
2026-07-10 19:34:03,829 | INFO     |   → 235/1342: ✅ 7 взято | 🗑️ 179 мусор
2026-07-10 19:34:03,829 | INFO     |   → 236/1342: ✅ 0 взято | 🗑️ 0 мусор
2026-07-10 19:34:03,829 | INFO     |   → 237/1342: ✅ 0 взято | 🗑️ 0 мусор
2026-07-10 19:34:03,829 | INFO     |   → 238/1342: ✅ 0 взято | 🗑️ 125 мусор
2026-07-10 19:34:03,829 | INFO     |   → 239/1342: ✅ 11 взято | 🗑️ 225 мусор
2026-07-10 19:34:03,829 | INFO     |   → 240/1342: ✅ 0 взято | 🗑️ 296 мусор
2026-07-10 19:34:03,829 | INFO     |   → 241/1342: ✅ 1 взято | 🗑️ 141 мусор
2026-07-10 19:34:03,829 | INFO     |   → 242/1342: ✅ 1 взято | 🗑️ 279 мусор
2026-07-10 19:34:03,829 | INFO     |   → 243/1342: ✅ 0 взято | 🗑️ 96 мусор
2026-07-10 19:34:03,829 | INFO     |   → 244/1342: ✅ 0 взято | 🗑️ 130 мусор
2026-07-10 19:34:03,829 | INFO     |   → 245/1342: ✅ 0 взято | 🗑️ 263 мусор
2026-07-10 19:34:03,829 | INFO     |   → 246/1342: ✅ 2 взято | 🗑️ 105 мусор
2026-07-10 19:34:03,829 | INFO     |   → 247/1342: ✅ 0 взято | 🗑️ 0 мусор
2026-07-10 19:34:03,829 | INFO     |   → 248/1342: ✅ 0 взято | 🗑️ 0 мусор
2026-07-10 19:34:03,829 | INFO     |   → 249/1342: ✅ 3 взято | 🗑️ 268 мусор
2026-07-10 19:34:03,829 | INFO     |   → 250/1342: ✅ 0 взято | 🗑️ 248 мусор
2026-07-10 19:34:03,829 | INFO     |   → 251/1342: ✅ 0 взято | 🗑️ 0 мусор
2026-07-10 19:34:03,829 | INFO     |   → 252/1342: ✅ 1 взято | 🗑️ 139 мусор
2026-07-10 19:34:03,829 | INFO     |   → 253/1342: ✅ 1 взято | 🗑️ 109 мусор
2026-07-10 19:34:03,829 | INFO     |   → 254/1342: ✅ 0 взято | 🗑️ 0 мусор
2026-07-10 19:34:03,829 | INFO     |   → 255/1342: ✅ 0 взято | 🗑️ 0 мусор
2026-07-10 19:34:03,829 | INFO     |   → 256/1342: ✅ 0 взято | 🗑️ 0 мусор
2026-07-10 19:34:03,829 | INFO     |   → 257/1342: ✅ 0 взято | 🗑️ 0 мусор
2026-07-10 19:34:03,829 | INFO     |   → 258/1342: ✅ 0 взято | 🗑️ 137 мусор
2026-07-10 19:34:03,829 | INFO     |   → 259/1342: ✅ 0 взято | 🗑️ 0 мусор
2026-07-10 19:34:03,829 | INFO     |   → 260/1342: ✅ 0 взято | 🗑️ 0 мусор
2026-07-10 19:34:03,829 | INFO     |   → 261/1342: ✅ 0 взято | 🗑️ 198 мусор
2026-07-10 19:34:03,829 | INFO     |   → 262/1342: ✅ 0 взято | 🗑️ 0 мусор
2026-07-10 19:34:03,829 | INFO     |   → 263/1342: ✅ 0 взято | 🗑️ 0 мусор
2026-07-10 19:34:03,829 | INFO     |   → 264/1342: ✅ 0 взято | 🗑️ 0 мусор
2026-07-10 19:34:03,829 | INFO     |   → 265/1342: ✅ 0 взято | 🗑️ 0 мусор
2026-07-10 19:34:03,829 | INFO     |   → 266/1342: ✅ 0 взято | 🗑️ 0 мусор
2026-07-10 19:34:03,829 | INFO     |   → 267/1342: ✅ 0 взято | 🗑️ 112 мусор
2026-07-10 19:34:03,829 | INFO     |   → 268/1342: ✅ 0 взято | 🗑️ 0 мусор
2026-07-10 19:34:03,829 | INFO     |   → 269/1342: ✅ 0 взято | 🗑️ 0 мусор
2026-07-10 19:34:03,829 | INFO     |   → 270/1342: ✅ 0 взято | 🗑️ 0 мусор
2026-07-10 19:34:03,829 | INFO     |   → 271/1342 ❌ HTTP 404 — https://github.com/Epodonios/bulk-xray-v2ray-vless-vmess-...-configs/raw/main/sub/Albania/config.txt
2026-07-10 19:34:03,829 | INFO     |   → 272/1342 ❌ HTTP 404 — https://github.com/Epodonios/bulk-xray-v2ray-vless-vmess-...-configs/raw/main/sub/Cura%C3%A7ao/config.txt
2026-07-10 19:34:03,829 | INFO     |   → 273/1342 ❌ HTTP 404 — https://github.com/Epodonios/bulk-xray-v2ray-vless-vmess-...-configs/raw/main/sub/Finland/config.txt
2026-07-10 19:34:03,829 | INFO     |   → 274/1342 ❌ HTTP 404 — https://github.com/Epodonios/bulk-xray-v2ray-vless-vmess-...-configs/raw/main/sub/Iran/config.txt
2026-07-10 19:34:03,829 | INFO     |   → 275/1342 ❌ HTTP 404 — https://github.com/Epodonios/bulk-xray-v2ray-vless-vmess-...-configs/raw/main/sub/Netherlands/config.txt
2026-07-10 19:34:03,829 | INFO     |   → 276/1342 ❌ HTTP 404 — https://github.com/Epodonios/bulk-xray-v2ray-vless-vmess-...-configs/raw/main/sub/Norway/config.txt
2026-07-10 19:34:03,829 | INFO     |   → 277/1342 ❌ HTTP 404 — https://github.com/Epodonios/bulk-xray-v2ray-vless-vmess-...-configs/raw/main/sub/Russia/config.txt
2026-07-10 19:34:03,829 | INFO     |   → 278/1342: ✅ 13 взято | 🗑️ 70 мусор
2026-07-10 19:34:03,829 | INFO     |   → 279/1342: ✅ 0 взято | 🗑️ 4 мусор
2026-07-10 19:34:03,829 | INFO     |   → 280/1342: ✅ 0 взято | 🗑️ 7 мусор
2026-07-10 19:34:03,829 | INFO     |   → 281/1342: ✅ 0 взято | 🗑️ 51 мусор
2026-07-10 19:34:03,829 | INFO     |   → 282/1342: ✅ 0 взято | 🗑️ 8 мусор
2026-07-10 19:34:03,829 | INFO     |   → 283/1342: ✅ 0 взято | 🗑️ 0 мусор
2026-07-10 19:34:03,829 | INFO     |   → 284/1342: ✅ 17 взято | 🗑️ 119 мусор
2026-07-10 19:34:03,829 | INFO     |   → 285/1342 ❌ HTTP 404 — https://github.com/MrMohebi/xray-proxy-grabber-telegram/raw/master/collected-proxies/clash-meta/all.yaml
2026-07-10 19:34:03,829 | INFO     |   → 286/1342 ❌ HTTP 404 — https://github.com/MrMohebi/xray-proxy-grabber-telegram/raw/master/collected-proxies/row-url/all.txt
2026-07-10 19:34:03,829 | INFO     |   → 287/1342: ✅ 0 взято | 🗑️ 0 мусор
2026-07-10 19:34:03,829 | INFO     |   → 288/1342: ✅ 0 взято | 🗑️ 113 мусор
2026-07-10 19:34:03,829 | INFO     |   → 289/1342: ✅ 0 взято | 🗑️ 119 мусор
2026-07-10 19:34:03,829 | INFO     |   → 290/1342 ❌ HTTP 404 — https://github.com/abbasdvd3/abbasdvd10/73ec60de7a6c6aa6df4c14b511c1da60686891ca/ppo.txt
2026-07-10 19:34:03,829 | INFO     |   → 291/1342 ❌ HTTP 404 — https://github.com/acymz/AutoVPN/refs/heads/main/data/V2.txt
2026-07-10 19:34:03,829 | INFO     |   → 292/1342: ✅ 0 взято | 🗑️ 0 мусор
2026-07-10 19:34:03,829 | INFO     |   → 293/1342: ✅ 0 взято | 🗑️ 0 мусор
2026-07-10 19:34:03,829 | INFO     |   → 294/1342: ✅ 0 взято | 🗑️ 0 мусор
2026-07-10 19:34:03,829 | INFO     |   → 295/1342: ✅ 0 взято | 🗑️ 0 мусор
2026-07-10 19:34:03,829 | INFO     |   → 296/1342: ✅ 0 взято | 🗑️ 0 мусор
2026-07-10 19:34:03,829 | INFO     |   → 297/1342: ✅ 0 взято | 🗑️ 0 мусор
2026-07-10 19:34:03,829 | INFO     |   → 298/1342: ✅ 0 взято | 🗑️ 0 мусор
2026-07-10 19:34:03,830 | INFO     |   → 299/1342 ❌ HTTP 404 — https://github.com/mermeroo/V2RAY-FREE/raw/main/All_Configs_base64_Sub.txt
2026-07-10 19:34:03,830 | INFO     |   → 300/1342 ❌ HTTP 404 — https://github.com/mermeroo/V2RAY-FREE/raw/main/Base64/Sub1_base64.txt
2026-07-10 19:34:03,830 | INFO     |   → 301/1342 ❌ HTTP 404 — https://github.com/mermeroo/V2RAY-FREE/raw/main/Base64/Sub2_base64.txt
2026-07-10 19:34:03,830 | INFO     |   → 302/1342 ❌ HTTP 404 — https://github.com/mermeroo/V2RAY-FREE/raw/main/Base64/Sub3_base64.txt
2026-07-10 19:34:03,830 | INFO     |   → 303/1342 ❌ HTTP 404 — https://github.com/mermeroo/V2RAY-FREE/raw/main/Base64/Sub4_base64.txt
2026-07-10 19:34:03,830 | INFO     |   → 304/1342 ❌ HTTP 404 — https://github.com/mermeroo/V2RAY-FREE/raw/main/Base64/Sub5_base64.txt
2026-07-10 19:34:03,830 | INFO     |   → 305/1342 ❌ HTTP 404 — https://github.com/mermeroo/telegram-configs-collector/raw/main/protocols/hysteria
2026-07-10 19:34:03,830 | INFO     |   → 306/1342 ❌ HTTP 404 — https://github.com/mermeroo/telegram-configs-collector/raw/main/protocols/juicity
2026-07-10 19:34:03,830 | INFO     |   → 307/1342 ❌ HTTP 404 — https://github.com/mermeroo/telegram-configs-collector/raw/main/protocols/tuic
2026-07-10 19:34:03,830 | INFO     |   → 308/1342: ✅ 5 взято | 🗑️ 16 мусор
2026-07-10 19:34:03,830 | INFO     |   → 309/1342: ✅ 0 взято | 🗑️ 0 мусор
2026-07-10 19:34:03,830 | INFO     |   → 310/1342: ✅ 0 взято | 🗑️ 0 мусор
2026-07-10 19:34:03,830 | INFO     |   → 311/1342: ✅ 0 взято | 🗑️ 0 мусор
2026-07-10 19:34:03,830 | INFO     |   → 312/1342: ✅ 10 взято | 🗑️ 238 мусор
2026-07-10 19:34:03,830 | INFO     |   → 313/1342: ✅ 0 взято | 🗑️ 0 мусор
2026-07-10 19:34:03,830 | INFO     |   → 314/1342: ✅ 5 взято | 🗑️ 239 мусор
2026-07-10 19:34:03,830 | INFO     |   → 315/1342: ✅ 0 взято | 🗑️ 0 мусор
2026-07-10 19:34:03,830 | INFO     |   → 316/1342: ✅ 0 взято | 🗑️ 255 мусор
2026-07-10 19:34:03,830 | INFO     |   → 317/1342: ✅ 0 взято | 🗑️ 0 мусор
2026-07-10 19:34:03,830 | INFO     |   → 318/1342: ✅ 1 взято | 🗑️ 249 мусор
2026-07-10 19:34:03,830 | INFO     |   → 319/1342: ✅ 0 взято | 🗑️ 0 мусор
2026-07-10 19:34:03,830 | INFO     |   → 320/1342: ✅ 0 взято | 🗑️ 207 мусор
2026-07-10 19:34:03,830 | INFO     |   → 321/1342: ✅ 0 взято | 🗑️ 0 мусор
2026-07-10 19:34:03,830 | INFO     |   → 322/1342: ✅ 0 взято | 🗑️ 228 мусор
2026-07-10 19:34:03,830 | INFO     |   → 323/1342: ✅ 0 взято | 🗑️ 0 мусор
2026-07-10 19:34:03,830 | INFO     |   → 324/1342: ✅ 1 взято | 🗑️ 291 мусор
2026-07-10 19:34:03,830 | INFO     |   → 325/1342: ✅ 0 взято | 🗑️ 0 мусор
2026-07-10 19:34:03,830 | INFO     |   → 326/1342: ✅ 3 взято | 🗑️ 221 мусор
2026-07-10 19:34:03,830 | INFO     |   → 327/1342: ✅ 0 взято | 🗑️ 0 мусор
2026-07-10 19:34:03,830 | INFO     |   → 328/1342: ✅ 1 взято | 🗑️ 222 мусор
2026-07-10 19:34:03,830 | INFO     |   → 329/1342: ✅ 0 взято | 🗑️ 0 мусор
2026-07-10 19:34:03,830 | INFO     |   → 330/1342: ✅ 1 взято | 🗑️ 218 мусор
2026-07-10 19:34:03,830 | INFO     |   → 331/1342: ✅ 0 взято | 🗑️ 0 мусор
2026-07-10 19:34:03,830 | INFO     |   → 332/1342: ✅ 0 взято | 🗑️ 193 мусор
2026-07-10 19:34:03,830 | INFO     |   → 333/1342: ✅ 0 взято | 🗑️ 0 мусор
2026-07-10 19:34:03,830 | INFO     |   → 334/1342: ✅ 0 взято | 🗑️ 290 мусор
2026-07-10 19:34:03,830 | INFO     |   → 335/1342: ✅ 0 взято | 🗑️ 0 мусор
2026-07-10 19:34:03,830 | INFO     |   → 336/1342: ✅ 0 взято | 🗑️ 238 мусор
2026-07-10 19:34:03,830 | INFO     |   → 337/1342: ✅ 0 взято | 🗑️ 0 мусор
2026-07-10 19:34:03,830 | INFO     |   → 338/1342: ✅ 1 взято | 🗑️ 221 мусор
2026-07-10 19:34:03,830 | INFO     |   → 339/1342: ✅ 0 взято | 🗑️ 0 мусор
2026-07-10 19:34:03,830 | INFO     |   → 340/1342: ✅ 0 взято | 🗑️ 248 мусор
2026-07-10 19:34:03,830 | INFO     |   → 341/1342: ✅ 0 взято | 🗑️ 0 мусор
2026-07-10 19:34:03,830 | INFO     |   → 342/1342: ✅ 0 взято | 🗑️ 203 мусор
2026-07-10 19:34:03,830 | INFO     |   → 343/1342: ✅ 0 взято | 🗑️ 0 мусор
2026-07-10 19:34:03,830 | INFO     |   → 344/1342: ✅ 0 взято | 🗑️ 208 мусор
2026-07-10 19:34:03,830 | INFO     |   → 345/1342: ✅ 0 взято | 🗑️ 0 мусор
2026-07-10 19:34:03,830 | INFO     |   → 346/1342: ✅ 2 взято | 🗑️ 209 мусор
2026-07-10 19:34:03,830 | INFO     |   → 347/1342: ✅ 0 взято | 🗑️ 0 мусор
2026-07-10 19:34:03,830 | INFO     |   → 348/1342: ✅ 0 взято | 🗑️ 258 мусор
2026-07-10 19:34:03,830 | INFO     |   → 349/1342: ✅ 0 взято | 🗑️ 0 мусор
2026-07-10 19:34:03,830 | INFO     |   → 350/1342: ✅ 0 взято | 🗑️ 296 мусор
2026-07-10 19:34:03,830 | INFO     |   → 351/1342: ✅ 0 взято | 🗑️ 0 мусор
2026-07-10 19:34:03,830 | INFO     |   → 352/1342: ✅ 1 взято | 🗑️ 286 мусор
2026-07-10 19:34:03,830 | INFO     |   → 353/1342: ✅ 0 взято | 🗑️ 0 мусор
2026-07-10 19:34:03,830 | INFO     |   → 354/1342: ✅ 0 взято | 🗑️ 195 мусор
2026-07-10 19:34:03,830 | INFO     |   → 355/1342: ✅ 0 взято | 🗑️ 0 мусор
2026-07-10 19:34:03,830 | INFO     |   → 356/1342: ✅ 0 взято | 🗑️ 170 мусор
2026-07-10 19:34:03,830 | INFO     |   → 357/1342: ✅ 0 взято | 🗑️ 0 мусор
2026-07-10 19:34:03,830 | INFO     |   → 358/1342: ✅ 0 взято | 🗑️ 160 мусор
2026-07-10 19:34:03,831 | INFO     |   → 359/1342: ✅ 0 взято | 🗑️ 0 мусор
2026-07-10 19:34:03,831 | INFO     |   → 360/1342: ✅ 0 взято | 🗑️ 121 мусор
2026-07-10 19:34:03,831 | INFO     |   → 361/1342: ✅ 0 взято | 🗑️ 0 мусор
2026-07-10 19:34:03,831 | INFO     |   → 362/1342: ✅ 0 взято | 🗑️ 135 мусор
2026-07-10 19:34:03,831 | INFO     |   → 363/1342: ✅ 0 взято | 🗑️ 0 мусор
2026-07-10 19:34:03,831 | INFO     |   → 364/1342: ✅ 1 взято | 🗑️ 129 мусор
2026-07-10 19:34:03,831 | INFO     |   → 365/1342: ✅ 0 взято | 🗑️ 0 мусор
2026-07-10 19:34:03,831 | INFO     |   → 366/1342: ✅ 0 взято | 🗑️ 189 мусор
2026-07-10 19:34:03,831 | INFO     |   → 367/1342: ✅ 0 взято | 🗑️ 0 мусор
2026-07-10 19:34:03,831 | INFO     |   → 368/1342: ✅ 3 взято | 🗑️ 147 мусор
2026-07-10 19:34:03,831 | INFO     |   → 369/1342: ✅ 0 взято | 🗑️ 0 мусор
2026-07-10 19:34:03,831 | INFO     |   → 370/1342: ✅ 1 взято | 🗑️ 183 мусор
2026-07-10 19:34:03,831 | INFO     |   → 371/1342: ✅ 0 взято | 🗑️ 0 мусор
2026-07-10 19:34:03,831 | INFO     |   → 372/1342: ✅ 0 взято | 🗑️ 155 мусор
2026-07-10 19:34:03,831 | INFO     |   → 373/1342: ✅ 0 взято | 🗑️ 0 мусор
2026-07-10 19:34:03,831 | INFO     |   → 374/1342: ✅ 0 взято | 🗑️ 114 мусор
2026-07-10 19:34:03,831 | INFO     |   → 375/1342: ✅ 0 взято | 🗑️ 0 мусор
2026-07-10 19:34:03,831 | INFO     |   → 376/1342: ✅ 0 взято | 🗑️ 239 мусор
2026-07-10 19:34:03,831 | INFO     |   → 377/1342: ✅ 0 взято | 🗑️ 0 мусор
2026-07-10 19:34:03,831 | INFO     |   → 378/1342: ✅ 0 взято | 🗑️ 204 мусор
2026-07-10 19:34:03,831 | INFO     |   → 379/1342: ✅ 0 взято | 🗑️ 0 мусор
2026-07-10 19:34:03,831 | INFO     |   → 380/1342: ✅ 0 взято | 🗑️ 232 мусор
2026-07-10 19:34:03,831 | INFO     |   → 381/1342: ✅ 0 взято | 🗑️ 0 мусор
2026-07-10 19:34:03,831 | INFO     |   → 382/1342: ✅ 0 взято | 🗑️ 192 мусор
2026-07-10 19:34:03,831 | INFO     |   → 383/1342: ✅ 0 взято | 🗑️ 0 мусор
2026-07-10 19:34:03,831 | INFO     |   → 384/1342: ✅ 0 взято | 🗑️ 183 мусор
2026-07-10 19:34:03,831 | INFO     |   → 385/1342: ✅ 0 взято | 🗑️ 0 мусор
2026-07-10 19:34:03,831 | INFO     |   → 386/1342: ✅ 0 взято | 🗑️ 169 мусор
2026-07-10 19:34:03,831 | INFO     |   → 387/1342: ✅ 0 взято | 🗑️ 0 мусор
2026-07-10 19:34:03,831 | INFO     |   → 388/1342: ✅ 0 взято | 🗑️ 167 мусор
2026-07-10 19:34:03,831 | INFO     |   → 389/1342: ✅ 0 взято | 🗑️ 0 мусор
2026-07-10 19:34:03,831 | INFO     |   → 390/1342: ✅ 0 взято | 🗑️ 193 мусор
2026-07-10 19:34:03,831 | INFO     |   → 391/1342: ✅ 0 взято | 🗑️ 0 мусор
2026-07-10 19:34:03,831 | INFO     |   → 392/1342: ✅ 1 взято | 🗑️ 161 мусор
2026-07-10 19:34:03,831 | INFO     |   → 393/1342: ✅ 0 взято | 🗑️ 0 мусор
2026-07-10 19:34:03,831 | INFO     |   → 394/1342: ✅ 0 взято | 🗑️ 171 мусор
2026-07-10 19:34:03,831 | INFO     |   → 395/1342: ✅ 0 взято | 🗑️ 0 мусор
2026-07-10 19:34:03,831 | INFO     |   → 396/1342: ✅ 0 взято | 🗑️ 174 мусор
2026-07-10 19:34:03,831 | INFO     |   → 397/1342: ✅ 0 взято | 🗑️ 0 мусор
2026-07-10 19:34:03,831 | INFO     |   → 398/1342: ✅ 0 взято | 🗑️ 206 мусор
2026-07-10 19:34:03,832 | INFO     |   → 399/1342: ✅ 0 взято | 🗑️ 0 мусор
2026-07-10 19:34:03,832 | INFO     |   → 400/1342: ✅ 0 взято | 🗑️ 170 мусор
2026-07-10 19:34:03,832 | INFO     |   → 401/1342: ✅ 0 взято | 🗑️ 0 мусор
2026-07-10 19:34:03,832 | INFO     |   → 402/1342: ✅ 1 взято | 🗑️ 196 мусор
2026-07-10 19:34:03,832 | INFO     |   → 403/1342: ✅ 0 взято | 🗑️ 0 мусор
2026-07-10 19:34:03,832 | INFO     |   → 404/1342: ✅ 0 взято | 🗑️ 208 мусор
2026-07-10 19:34:03,832 | INFO     |   → 405/1342: ✅ 0 взято | 🗑️ 0 мусор
2026-07-10 19:34:03,832 | INFO     |   → 406/1342: ✅ 0 взято | 🗑️ 162 мусор
2026-07-10 19:34:03,832 | INFO     |   → 407/1342: ✅ 0 взято | 🗑️ 0 мусор
2026-07-10 19:34:03,832 | INFO     |   → 408/1342: ✅ 0 взято | 🗑️ 116 мусор
2026-07-10 19:34:03,832 | INFO     |   → 409/1342: ✅ 0 взято | 🗑️ 0 мусор
2026-07-10 19:34:03,832 | INFO     |   → 410/1342: ✅ 0 взято | 🗑️ 132 мусор
2026-07-10 19:34:03,832 | INFO     |   → 411/1342: ✅ 0 взято | 🗑️ 0 мусор
2026-07-10 19:34:03,832 | INFO     |   → 412/1342: ✅ 0 взято | 🗑️ 132 мусор
2026-07-10 19:34:03,832 | INFO     |   → 413/1342: ✅ 0 взято | 🗑️ 0 мусор
2026-07-10 19:34:03,832 | INFO     |   → 414/1342: ✅ 1 взято | 🗑️ 113 мусор
2026-07-10 19:34:03,832 | INFO     |   → 415/1342: ✅ 0 взято | 🗑️ 0 мусор
2026-07-10 19:34:03,832 | INFO     |   → 416/1342: ✅ 0 взято | 🗑️ 103 мусор
2026-07-10 19:34:03,832 | INFO     |   → 417/1342: ✅ 0 взято | 🗑️ 0 мусор
2026-07-10 19:34:03,832 | INFO     |   → 418/1342: ✅ 3 взято | 🗑️ 213 мусор
2026-07-10 19:34:03,832 | INFO     |   → 419/1342: ✅ 0 взято | 🗑️ 0 мусор
2026-07-10 19:34:03,832 | INFO     |   → 420/1342: ✅ 1 взято | 🗑️ 130 мусор
2026-07-10 19:34:03,832 | INFO     |   → 421/1342: ✅ 0 взято | 🗑️ 0 мусор
2026-07-10 19:34:03,832 | INFO     |   → 422/1342: ✅ 0 взято | 🗑️ 135 мусор
2026-07-10 19:34:03,832 | INFO     |   → 423/1342: ✅ 0 взято | 🗑️ 0 мусор
2026-07-10 19:34:03,832 | INFO     |   → 424/1342: ✅ 0 взято | 🗑️ 145 мусор
2026-07-10 19:34:03,832 | INFO     |   → 425/1342: ✅ 0 взято | 🗑️ 0 мусор
2026-07-10 19:34:03,832 | INFO     |   → 426/1342: ✅ 0 взято | 🗑️ 157 мусор
2026-07-10 19:34:03,832 | INFO     |   → 427/1342: ✅ 0 взято | 🗑️ 0 мусор
2026-07-10 19:34:03,832 | INFO     |   → 428/1342: ✅ 0 взято | 🗑️ 131 мусор
2026-07-10 19:34:03,832 | INFO     |   → 429/1342: ✅ 0 взято | 🗑️ 0 мусор
2026-07-10 19:34:03,832 | INFO     |   → 430/1342: ✅ 1 взято | 🗑️ 124 мусор
2026-07-10 19:34:03,832 | INFO     |   → 431/1342: ✅ 0 взято | 🗑️ 0 мусор
2026-07-10 19:34:03,833 | INFO     |   → 432/1342: ✅ 2 взято | 🗑️ 189 мусор
2026-07-10 19:34:03,833 | INFO     |   → 433/1342: ✅ 0 взято | 🗑️ 0 мусор
2026-07-10 19:34:03,833 | INFO     |   → 434/1342: ✅ 1 взято | 🗑️ 279 мусор
2026-07-10 19:34:03,833 | INFO     |   → 435/1342: ✅ 0 взято | 🗑️ 0 мусор
2026-07-10 19:34:03,833 | INFO     |   → 436/1342: ✅ 0 взято | 🗑️ 270 мусор
2026-07-10 19:34:03,833 | INFO     |   → 437/1342: ✅ 0 взято | 🗑️ 0 мусор
2026-07-10 19:34:03,833 | INFO     |   → 438/1342: ✅ 0 взято | 🗑️ 161 мусор
2026-07-10 19:34:03,833 | INFO     |   → 439/1342: ✅ 0 взято | 🗑️ 0 мусор
2026-07-10 19:34:03,833 | INFO     |   → 440/1342: ✅ 3 взято | 🗑️ 117 мусор
2026-07-10 19:34:03,833 | INFO     |   → 441/1342: ✅ 0 взято | 🗑️ 0 мусор
2026-07-10 19:34:03,833 | INFO     |   → 442/1342: ✅ 0 взято | 🗑️ 100 мусор
2026-07-10 19:34:03,833 | INFO     |   → 443/1342: ✅ 0 взято | 🗑️ 0 мусор
2026-07-10 19:34:03,833 | INFO     |   → 444/1342: ✅ 1 взято | 🗑️ 171 мусор
2026-07-10 19:34:03,833 | INFO     |   → 445/1342: ✅ 0 взято | 🗑️ 0 мусор
2026-07-10 19:34:03,833 | INFO     |   → 446/1342: ✅ 0 взято | 🗑️ 202 мусор
2026-07-10 19:34:03,833 | INFO     |   → 447/1342: ✅ 0 взято | 🗑️ 0 мусор
2026-07-10 19:34:03,833 | INFO     |   → 448/1342: ✅ 0 взято | 🗑️ 138 мусор
2026-07-10 19:34:03,833 | INFO     |   → 449/1342: ✅ 0 взято | 🗑️ 0 мусор
2026-07-10 19:34:03,833 | INFO     |   → 450/1342: ✅ 0 взято | 🗑️ 236 мусор
2026-07-10 19:34:03,833 | INFO     |   → 451/1342: ✅ 0 взято | 🗑️ 0 мусор
2026-07-10 19:34:03,833 | INFO     |   → 452/1342: ✅ 0 взято | 🗑️ 192 мусор
2026-07-10 19:34:03,833 | INFO     |   → 453/1342: ✅ 0 взято | 🗑️ 0 мусор
2026-07-10 19:34:03,833 | INFO     |   → 454/1342: ✅ 1 взято | 🗑️ 174 мусор
2026-07-10 19:34:03,833 | INFO     |   → 455/1342: ✅ 0 взято | 🗑️ 0 мусор
2026-07-10 19:34:03,833 | INFO     |   → 456/1342: ✅ 0 взято | 🗑️ 149 мусор
2026-07-10 19:34:03,833 | INFO     |   → 457/1342: ✅ 0 взято | 🗑️ 0 мусор
2026-07-10 19:34:03,833 | INFO     |   → 458/1342: ✅ 0 взято | 🗑️ 147 мусор
2026-07-10 19:34:03,833 | INFO     |   → 459/1342: ✅ 0 взято | 🗑️ 0 мусор
2026-07-10 19:34:03,833 | INFO     |   → 460/1342: ✅ 2 взято | 🗑️ 196 мусор
2026-07-10 19:34:03,833 | INFO     |   → 461/1342: ✅ 0 взято | 🗑️ 0 мусор
2026-07-10 19:34:03,833 | INFO     |   → 462/1342: ✅ 2 взято | 🗑️ 277 мусор
2026-07-10 19:34:03,833 | INFO     |   → 463/1342: ✅ 0 взято | 🗑️ 0 мусор
2026-07-10 19:34:03,833 | INFO     |   → 464/1342: ✅ 0 взято | 🗑️ 211 мусор
2026-07-10 19:34:03,833 | INFO     |   → 465/1342: ✅ 0 взято | 🗑️ 0 мусор
2026-07-10 19:34:03,833 | INFO     |   → 466/1342: ✅ 1 взято | 🗑️ 229 мусор
2026-07-10 19:34:03,833 | INFO     |   → 467/1342: ✅ 0 взято | 🗑️ 0 мусор
2026-07-10 19:34:03,834 | INFO     |   → 468/1342: ✅ 1 взято | 🗑️ 131 мусор
2026-07-10 19:34:03,834 | INFO     |   → 469/1342: ✅ 0 взято | 🗑️ 0 мусор
2026-07-10 19:34:03,834 | INFO     |   → 470/1342: ✅ 3 взято | 🗑️ 257 мусор
2026-07-10 19:34:03,834 | INFO     |   → 471/1342: ✅ 0 взято | 🗑️ 0 мусор
2026-07-10 19:34:03,834 | INFO     |   → 472/1342: ✅ 0 взято | 🗑️ 180 мусор
2026-07-10 19:34:03,834 | INFO     |   → 473/1342: ✅ 0 взято | 🗑️ 0 мусор
2026-07-10 19:34:03,834 | INFO     |   → 474/1342: ✅ 0 взято | 🗑️ 191 мусор
2026-07-10 19:34:03,834 | INFO     |   → 475/1342: ✅ 0 взято | 🗑️ 0 мусор
2026-07-10 19:34:03,834 | INFO     |   → 476/1342: ✅ 1 взято | 🗑️ 224 мусор
2026-07-10 19:34:03,834 | INFO     |   → 477/1342: ✅ 0 взято | 🗑️ 0 мусор
2026-07-10 19:34:03,834 | INFO     |   → 478/1342: ✅ 2 взято | 🗑️ 183 мусор
2026-07-10 19:34:03,834 | INFO     |   → 479/1342: ✅ 0 взято | 🗑️ 0 мусор
2026-07-10 19:34:03,834 | INFO     |   → 480/1342: ✅ 0 взято | 🗑️ 171 мусор
2026-07-10 19:34:03,834 | INFO     |   → 481/1342: ✅ 0 взято | 🗑️ 0 мусор
2026-07-10 19:34:03,834 | INFO     |   → 482/1342 ⚠️ Ошибка: HTTPSConnectionPool(host='ivuxy.tech', port=443): Max retries exceeded with url: /v.txt (Caused by NameResolutionError("HTTPSConnection(host='ivuxy.tech', port=443): Failed to resolve 'ivuxy.tech' ([Errno -2] Name or service not known)")) — https://ivuxy.tech/v.txt
2026-07-10 19:34:03,834 | INFO     |   → 483/1342 ⚠️ Ошибка: HTTPSConnectionPool(host='mirror.ghproxy.com', port=443): Max retries exceeded with url: /https://raw.githubusercontent.com/Barabama/FreeNodes/master/nodes/blues.txt (Caused by NameResolutionError("HTTPSConnection(host='mirror.ghproxy.com', port=443): Failed to resolve 'mirror.ghproxy.com' ([Errno -2] Name or service not known)")) — https://mirror.ghproxy.com/https://raw.githubusercontent.com/Barabama/FreeNodes/master/nodes/blues.txt
2026-07-10 19:34:03,834 | INFO     |   → 484/1342 ⚠️ Ошибка: HTTPSConnectionPool(host='mirror.ghproxy.com', port=443): Max retries exceeded with url: /https://raw.githubusercontent.com/Barabama/FreeNodes/master/nodes/halekj.txt (Caused by NameResolutionError("HTTPSConnection(host='mirror.ghproxy.com', port=443): Failed to resolve 'mirror.ghproxy.com' ([Errno -2] Name or service not known)")) — https://mirror.ghproxy.com/https://raw.githubusercontent.com/Barabama/FreeNodes/master/nodes/halekj.txt
2026-07-10 19:34:03,834 | INFO     |   → 485/1342 ⚠️ Ошибка: HTTPSConnectionPool(host='mirror.ghproxy.com', port=443): Max retries exceeded with url: /https://raw.githubusercontent.com/Barabama/FreeNodes/master/nodes/kkzui.txt (Caused by NameResolutionError("HTTPSConnection(host='mirror.ghproxy.com', port=443): Failed to resolve 'mirror.ghproxy.com' ([Errno -2] Name or service not known)")) — https://mirror.ghproxy.com/https://raw.githubusercontent.com/Barabama/FreeNodes/master/nodes/kkzui.txt
2026-07-10 19:34:03,834 | INFO     |   → 486/1342 ⚠️ Ошибка: HTTPSConnectionPool(host='mirror.ghproxy.com', port=443): Max retries exceeded with url: /https://raw.githubusercontent.com/Barabama/FreeNodes/master/nodes/merged.txt (Caused by NameResolutionError("HTTPSConnection(host='mirror.ghproxy.com', port=443): Failed to resolve 'mirror.ghproxy.com' ([Errno -2] Name or service not known)")) — https://mirror.ghproxy.com/https://raw.githubusercontent.com/Barabama/FreeNodes/master/nodes/merged.txt
2026-07-10 19:34:03,834 | INFO     |   → 487/1342 ⚠️ Ошибка: HTTPSConnectionPool(host='mirror.ghproxy.com', port=443): Max retries exceeded with url: /https://raw.githubusercontent.com/Barabama/FreeNodes/master/nodes/nodefree.txt (Caused by NameResolutionError("HTTPSConnection(host='mirror.ghproxy.com', port=443): Failed to resolve 'mirror.ghproxy.com' ([Errno -2] Name or service not known)")) — https://mirror.ghproxy.com/https://raw.githubusercontent.com/Barabama/FreeNodes/master/nodes/nodefree.txt
2026-07-10 19:34:03,834 | INFO     |   → 488/1342 ⚠️ Ошибка: HTTPSConnectionPool(host='mirror.ghproxy.com', port=443): Max retries exceeded with url: /https://raw.githubusercontent.com/Barabama/FreeNodes/master/nodes/openrunner.txt (Caused by NameResolutionError("HTTPSConnection(host='mirror.ghproxy.com', port=443): Failed to resolve 'mirror.ghproxy.com' ([Errno -2] Name or service not known)")) — https://mirror.ghproxy.com/https://raw.githubusercontent.com/Barabama/FreeNodes/master/nodes/openrunner.txt
2026-07-10 19:34:03,834 | INFO     |   → 489/1342 ⚠️ Ошибка: HTTPSConnectionPool(host='mirror.ghproxy.com', port=443): Max retries exceeded with url: /https://raw.githubusercontent.com/Barabama/FreeNodes/master/nodes/v2rayshare.txt (Caused by NameResolutionError("HTTPSConnection(host='mirror.ghproxy.com', port=443): Failed to resolve 'mirror.ghproxy.com' ([Errno -2] Name or service not known)")) — https://mirror.ghproxy.com/https://raw.githubusercontent.com/Barabama/FreeNodes/master/nodes/v2rayshare.txt
2026-07-10 19:34:03,834 | INFO     |   → 490/1342 ⚠️ Ошибка: HTTPSConnectionPool(host='mirror.ghproxy.com', port=443): Max retries exceeded with url: /https://raw.githubusercontent.com/Barabama/FreeNodes/master/nodes/wenode.txt (Caused by NameResolutionError("HTTPSConnection(host='mirror.ghproxy.com', port=443): Failed to resolve 'mirror.ghproxy.com' ([Errno -2] Name or service not known)")) — https://mirror.ghproxy.com/https://raw.githubusercontent.com/Barabama/FreeNodes/master/nodes/wenode.txt
2026-07-10 19:34:03,834 | INFO     |   → 491/1342 ⚠️ Ошибка: HTTPSConnectionPool(host='mirror.ghproxy.com', port=443): Max retries exceeded with url: /https://raw.githubusercontent.com/Barabama/FreeNodes/master/nodes/yudou66.txt (Caused by NameResolutionError("HTTPSConnection(host='mirror.ghproxy.com', port=443): Failed to resolve 'mirror.ghproxy.com' ([Errno -2] Name or service not known)")) — https://mirror.ghproxy.com/https://raw.githubusercontent.com/Barabama/FreeNodes/master/nodes/yudou66.txt
2026-07-10 19:34:03,834 | INFO     |   → 492/1342: ✅ 7 взято | 🗑️ 17 мусор
2026-07-10 19:34:03,834 | INFO     |   → 493/1342: ✅ 0 взято | 🗑️ 17 мусор
2026-07-10 19:34:03,834 | INFO     |   → 494/1342: ✅ 14 взято | 🗑️ 14 мусор
2026-07-10 19:34:03,834 | INFO     |   → 495/1342: ✅ 0 взято | 🗑️ 14 мусор
2026-07-10 19:34:03,834 | INFO     |   → 496/1342: ✅ 0 взято | 🗑️ 14 мусор
2026-07-10 19:34:03,834 | INFO     |   → 497/1342: ✅ 0 взято | 🗑️ 14 мусор
2026-07-10 19:34:03,834 | INFO     |   → 498/1342: ✅ 0 взято | 🗑️ 14 мусор
2026-07-10 19:34:03,834 | INFO     |   → 499/1342: ✅ 0 взято | 🗑️ 14 мусор
2026-07-10 19:34:03,834 | INFO     |   → 500/1342: ✅ 0 взято | 🗑️ 14 мусор
2026-07-10 19:34:03,834 | INFO     |   → 501/1342: ✅ 0 взято | 🗑️ 14 мусор
2026-07-10 19:34:03,834 | INFO     |   → 502/1342: ✅ 0 взято | 🗑️ 14 мусор
2026-07-10 19:34:03,835 | INFO     |   → 503/1342: ✅ 7 взято | 🗑️ 21 мусор
2026-07-10 19:34:03,835 | INFO     |   → 504/1342: ✅ 0 взято | 🗑️ 21 мусор
2026-07-10 19:34:03,835 | INFO     |   → 505/1342: ✅ 0 взято | 🗑️ 21 мусор
2026-07-10 19:34:03,835 | INFO     |   → 506/1342: ✅ 0 взято | 🗑️ 21 мусор
2026-07-10 19:34:03,835 | INFO     |   → 507/1342: ✅ 0 взято | 🗑️ 21 мусор
2026-07-10 19:34:03,835 | INFO     |   → 508/1342: ✅ 0 взято | 🗑️ 21 мусор
2026-07-10 19:34:03,835 | INFO     |   → 509/1342: ✅ 0 взято | 🗑️ 21 мусор
2026-07-10 19:34:03,835 | INFO     |   → 510/1342: ✅ 0 взято | 🗑️ 21 мусор
2026-07-10 19:34:03,835 | INFO     |   → 511/1342: ✅ 0 взято | 🗑️ 21 мусор
2026-07-10 19:34:03,835 | INFO     |   → 512/1342: ✅ 0 взято | 🗑️ 21 мусор
2026-07-10 19:34:03,835 | INFO     |   → 513/1342: ✅ 0 взято | 🗑️ 21 мусор
2026-07-10 19:34:03,835 | INFO     |   → 514/1342: ✅ 5 взято | 🗑️ 15 мусор
2026-07-10 19:34:03,835 | INFO     |   → 515/1342: ✅ 0 взято | 🗑️ 15 мусор
2026-07-10 19:34:03,835 | INFO     |   → 516/1342: ✅ 0 взято | 🗑️ 15 мусор
2026-07-10 19:34:03,835 | INFO     |   → 517/1342: ✅ 0 взято | 🗑️ 15 мусор
2026-07-10 19:34:03,835 | INFO     |   → 518/1342: ✅ 0 взято | 🗑️ 15 мусор
2026-07-10 19:34:03,835 | INFO     |   → 519/1342: ✅ 0 взято | 🗑️ 15 мусор
2026-07-10 19:34:03,835 | INFO     |   → 520/1342: ✅ 0 взято | 🗑️ 15 мусор
2026-07-10 19:34:03,835 | INFO     |   → 521/1342: ✅ 0 взято | 🗑️ 15 мусор
2026-07-10 19:34:03,835 | INFO     |   → 522/1342: ✅ 0 взято | 🗑️ 15 мусор
2026-07-10 19:34:03,835 | INFO     |   → 523/1342: ✅ 0 взято | 🗑️ 14 мусор
2026-07-10 19:34:03,835 | INFO     |   → 524/1342: ✅ 0 взято | 🗑️ 14 мусор
2026-07-10 19:34:03,835 | INFO     |   → 525/1342: ✅ 0 взято | 🗑️ 14 мусор
2026-07-10 19:34:03,835 | INFO     |   → 526/1342: ✅ 0 взято | 🗑️ 14 мусор
2026-07-10 19:34:03,835 | INFO     |   → 527/1342: ✅ 6 взято | 🗑️ 17 мусор
2026-07-10 19:34:03,835 | INFO     |   → 528/1342: ✅ 0 взято | 🗑️ 17 мусор
2026-07-10 19:34:03,835 | INFO     |   → 529/1342: ✅ 0 взято | 🗑️ 17 мусор
2026-07-10 19:34:03,835 | INFO     |   → 530/1342: ✅ 0 взято | 🗑️ 17 мусор
2026-07-10 19:34:03,835 | INFO     |   → 531/1342: ✅ 0 взято | 🗑️ 17 мусор
2026-07-10 19:34:03,835 | INFO     |   → 532/1342: ✅ 0 взято | 🗑️ 17 мусор
2026-07-10 19:34:03,835 | INFO     |   → 533/1342: ✅ 6 взято | 🗑️ 24 мусор
2026-07-10 19:34:03,835 | INFO     |   → 534/1342: ✅ 0 взято | 🗑️ 24 мусор
2026-07-10 19:34:03,835 | INFO     |   → 535/1342: ✅ 0 взято | 🗑️ 24 мусор
2026-07-10 19:34:03,835 | INFO     |   → 536/1342: ✅ 0 взято | 🗑️ 24 мусор
2026-07-10 19:34:03,835 | INFO     |   → 537/1342: ✅ 0 взято | 🗑️ 24 мусор
2026-07-10 19:34:03,835 | INFO     |   → 538/1342: ✅ 0 взято | 🗑️ 24 мусор
2026-07-10 19:34:03,836 | INFO     |   → 539/1342: ✅ 0 взято | 🗑️ 24 мусор
2026-07-10 19:34:03,836 | INFO     |   → 540/1342: ✅ 0 взято | 🗑️ 24 мусор
2026-07-10 19:34:03,836 | INFO     |   → 541/1342: ✅ 0 взято | 🗑️ 24 мусор
2026-07-10 19:34:03,836 | INFO     |   → 542/1342: ✅ 0 взято | 🗑️ 24 мусор
2026-07-10 19:34:03,836 | INFO     |   → 543/1342: ✅ 0 взято | 🗑️ 24 мусор
2026-07-10 19:34:03,836 | INFO     |   → 544/1342: ✅ 13 взято | 🗑️ 7 мусор
2026-07-10 19:34:03,836 | INFO     |   → 545/1342: ✅ 0 взято | 🗑️ 7 мусор
2026-07-10 19:34:03,836 | INFO     |   → 546/1342: ✅ 0 взято | 🗑️ 7 мусор
2026-07-10 19:34:03,836 | INFO     |   → 547/1342: ✅ 0 взято | 🗑️ 7 мусор
2026-07-10 19:34:03,836 | INFO     |   → 548/1342: ✅ 0 взято | 🗑️ 7 мусор
2026-07-10 19:34:03,836 | INFO     |   → 549/1342: ✅ 0 взято | 🗑️ 7 мусор
2026-07-10 19:34:03,836 | INFO     |   → 550/1342: ✅ 0 взято | 🗑️ 7 мусор
2026-07-10 19:34:03,836 | INFO     |   → 551/1342: ✅ 0 взято | 🗑️ 7 мусор
2026-07-10 19:34:03,836 | INFO     |   → 552/1342: ✅ 0 взято | 🗑️ 7 мусор
2026-07-10 19:34:03,836 | INFO     |   → 553/1342: ✅ 0 взято | 🗑️ 7 мусор
2026-07-10 19:34:03,836 | INFO     |   → 554/1342: ✅ 5 взято | 🗑️ 9 мусор
2026-07-10 19:34:03,836 | INFO     |   → 555/1342: ✅ 0 взято | 🗑️ 9 мусор
2026-07-10 19:34:03,836 | INFO     |   → 556/1342: ✅ 0 взято | 🗑️ 9 мусор
2026-07-10 19:34:03,836 | INFO     |   → 557/1342: ✅ 0 взято | 🗑️ 9 мусор
2026-07-10 19:34:03,836 | INFO     |   → 558/1342: ✅ 0 взято | 🗑️ 9 мусор
2026-07-10 19:34:03,836 | INFO     |   → 559/1342: ✅ 0 взято | 🗑️ 9 мусор
2026-07-10 19:34:03,836 | INFO     |   → 560/1342: ✅ 0 взято | 🗑️ 9 мусор
2026-07-10 19:34:03,836 | INFO     |   → 561/1342: ✅ 0 взято | 🗑️ 9 мусор
2026-07-10 19:34:03,836 | INFO     |   → 562/1342: ✅ 0 взято | 🗑️ 9 мусор
2026-07-10 19:34:03,836 | INFO     |   → 563/1342: ✅ 0 взято | 🗑️ 9 мусор
2026-07-10 19:34:03,836 | INFO     |   → 564/1342: ✅ 13 взято | 🗑️ 10 мусор
2026-07-10 19:34:03,836 | INFO     |   → 565/1342: ✅ 0 взято | 🗑️ 10 мусор
2026-07-10 19:34:03,836 | INFO     |   → 566/1342: ✅ 0 взято | 🗑️ 10 мусор
2026-07-10 19:34:03,836 | INFO     |   → 567/1342: ✅ 0 взято | 🗑️ 10 мусор
2026-07-10 19:34:03,836 | INFO     |   → 568/1342: ✅ 0 взято | 🗑️ 10 мусор
2026-07-10 19:34:03,836 | INFO     |   → 569/1342: ✅ 0 взято | 🗑️ 10 мусор
2026-07-10 19:34:03,836 | INFO     |   → 570/1342: ✅ 0 взято | 🗑️ 10 мусор
2026-07-10 19:34:03,836 | INFO     |   → 571/1342: ✅ 0 взято | 🗑️ 10 мусор
2026-07-10 19:34:03,836 | INFO     |   → 572/1342: ✅ 0 взято | 🗑️ 10 мусор
2026-07-10 19:34:03,836 | INFO     |   → 573/1342: ✅ 0 взято | 🗑️ 10 мусор
2026-07-10 19:34:03,837 | INFO     |   → 574/1342: ✅ 0 взято | 🗑️ 7 мусор
2026-07-10 19:34:03,837 | INFO     |   → 575/1342: ✅ 0 взято | 🗑️ 7 мусор
2026-07-10 19:34:03,837 | INFO     |   → 576/1342 ⚠️ Ошибка: HTTPSConnectionPool(host='nodefree.githubrowcontent.com', port=443): Max retries exceeded with url: /2024/07/20240705.yaml (Caused by NameResolutionError("HTTPSConnection(host='nodefree.githubrowcontent.com', port=443): Failed to resolve 'nodefree.githubrowcontent.com' ([Errno -2] Name or service not known)")) — https://nodefree.org/dy/2023/08/20230806.yaml
2026-07-10 19:34:03,837 | INFO     |   → 577/1342 ⚠️ Ошибка: HTTPSConnectionPool(host='nodefree.githubrowcontent.com', port=443): Max retries exceeded with url: /2024/07/20240705.txt (Caused by NameResolutionError("HTTPSConnection(host='nodefree.githubrowcontent.com', port=443): Failed to resolve 'nodefree.githubrowcontent.com' ([Errno -2] Name or service not known)")) — https://nodefree.org/dy/2023/12/20231221.txt
2026-07-10 19:34:03,837 | INFO     |   → 578/1342: ✅ 0 взято | 🗑️ 17 мусор
2026-07-10 19:34:03,837 | INFO     |   → 579/1342: ✅ 0 взято | 🗑️ 17 мусор
2026-07-10 19:34:03,837 | INFO     |   → 580/1342: ✅ 0 взято | 🗑️ 14 мусор
2026-07-10 19:34:03,837 | INFO     |   → 581/1342: ✅ 0 взято | 🗑️ 14 мусор
2026-07-10 19:34:03,837 | INFO     |   → 582/1342: ✅ 0 взято | 🗑️ 14 мусор
2026-07-10 19:34:03,837 | INFO     |   → 583/1342: ✅ 0 взято | 🗑️ 14 мусор
2026-07-10 19:34:03,837 | INFO     |   → 584/1342: ✅ 0 взято | 🗑️ 14 мусор
2026-07-10 19:34:03,837 | INFO     |   → 585/1342: ✅ 0 взято | 🗑️ 14 мусор
2026-07-10 19:34:03,837 | INFO     |   → 586/1342: ✅ 0 взято | 🗑️ 14 мусор
2026-07-10 19:34:03,837 | INFO     |   → 587/1342: ✅ 0 взято | 🗑️ 14 мусор
2026-07-10 19:34:03,837 | INFO     |   → 588/1342: ✅ 0 взято | 🗑️ 14 мусор
2026-07-10 19:34:03,837 | INFO     |   → 589/1342: ✅ 0 взято | 🗑️ 21 мусор
2026-07-10 19:34:03,837 | INFO     |   → 590/1342: ✅ 0 взято | 🗑️ 21 мусор
2026-07-10 19:34:03,837 | INFO     |   → 591/1342: ✅ 0 взято | 🗑️ 21 мусор
2026-07-10 19:34:03,837 | INFO     |   → 592/1342: ✅ 0 взято | 🗑️ 21 мусор
2026-07-10 19:34:03,837 | INFO     |   → 593/1342: ✅ 0 взято | 🗑️ 21 мусор
2026-07-10 19:34:03,837 | INFO     |   → 594/1342: ✅ 0 взято | 🗑️ 21 мусор
2026-07-10 19:34:03,837 | INFO     |   → 595/1342: ✅ 0 взято | 🗑️ 21 мусор
2026-07-10 19:34:03,837 | INFO     |   → 596/1342: ✅ 0 взято | 🗑️ 21 мусор
2026-07-10 19:34:03,837 | INFO     |   → 597/1342: ✅ 0 взято | 🗑️ 21 мусор
2026-07-10 19:34:03,837 | INFO     |   → 598/1342: ✅ 0 взято | 🗑️ 21 мусор
2026-07-10 19:34:03,837 | INFO     |   → 599/1342: ✅ 0 взято | 🗑️ 21 мусор
2026-07-10 19:34:03,837 | INFO     |   → 600/1342: ✅ 0 взято | 🗑️ 15 мусор
2026-07-10 19:34:03,837 | INFO     |   → 601/1342: ✅ 0 взято | 🗑️ 15 мусор
2026-07-10 19:34:03,837 | INFO     |   → 602/1342: ✅ 0 взято | 🗑️ 15 мусор
2026-07-10 19:34:03,837 | INFO     |   → 603/1342: ✅ 0 взято | 🗑️ 15 мусор
2026-07-10 19:34:03,837 | INFO     |   → 604/1342: ✅ 0 взято | 🗑️ 15 мусор
2026-07-10 19:34:03,837 | INFO     |   → 605/1342: ✅ 0 взято | 🗑️ 15 мусор
2026-07-10 19:34:03,837 | INFO     |   → 606/1342: ✅ 0 взято | 🗑️ 15 мусор
2026-07-10 19:34:03,837 | INFO     |   → 607/1342: ✅ 0 взято | 🗑️ 15 мусор
2026-07-10 19:34:03,837 | INFO     |   → 608/1342: ✅ 0 взято | 🗑️ 15 мусор
2026-07-10 19:34:03,837 | INFO     |   → 609/1342: ✅ 0 взято | 🗑️ 15 мусор
2026-07-10 19:34:03,838 | INFO     |   → 610/1342: ✅ 0 взято | 🗑️ 14 мусор
2026-07-10 19:34:03,838 | INFO     |   → 611/1342: ✅ 0 взято | 🗑️ 14 мусор
2026-07-10 19:34:03,838 | INFO     |   → 612/1342: ✅ 0 взято | 🗑️ 14 мусор
2026-07-10 19:34:03,838 | INFO     |   → 613/1342: ✅ 0 взято | 🗑️ 14 мусор
2026-07-10 19:34:03,838 | INFO     |   → 614/1342: ✅ 0 взято | 🗑️ 17 мусор
2026-07-10 19:34:03,838 | INFO     |   → 615/1342: ✅ 0 взято | 🗑️ 17 мусор
2026-07-10 19:34:03,838 | INFO     |   → 616/1342: ✅ 0 взято | 🗑️ 17 мусор
2026-07-10 19:34:03,838 | INFO     |   → 617/1342: ✅ 0 взято | 🗑️ 17 мусор
2026-07-10 19:34:03,838 | INFO     |   → 618/1342: ✅ 0 взято | 🗑️ 17 мусор
2026-07-10 19:34:03,838 | INFO     |   → 619/1342: ✅ 0 взято | 🗑️ 24 мусор
2026-07-10 19:34:03,838 | INFO     |   → 620/1342: ✅ 0 взято | 🗑️ 24 мусор
2026-07-10 19:34:03,838 | INFO     |   → 621/1342: ✅ 0 взято | 🗑️ 24 мусор
2026-07-10 19:34:03,838 | INFO     |   → 622/1342: ✅ 0 взято | 🗑️ 24 мусор
2026-07-10 19:34:03,838 | INFO     |   → 623/1342: ✅ 0 взято | 🗑️ 24 мусор
2026-07-10 19:34:03,838 | INFO     |   → 624/1342: ✅ 0 взято | 🗑️ 24 мусор
2026-07-10 19:34:03,838 | INFO     |   → 625/1342: ✅ 0 взято | 🗑️ 24 мусор
2026-07-10 19:34:03,838 | INFO     |   → 626/1342: ✅ 0 взято | 🗑️ 24 мусор
2026-07-10 19:34:03,838 | INFO     |   → 627/1342: ✅ 0 взято | 🗑️ 24 мусор
2026-07-10 19:34:03,838 | INFO     |   → 628/1342: ✅ 0 взято | 🗑️ 24 мусор
2026-07-10 19:34:03,838 | INFO     |   → 629/1342: ✅ 0 взято | 🗑️ 24 мусор
2026-07-10 19:34:03,838 | INFO     |   → 630/1342: ✅ 0 взято | 🗑️ 7 мусор
2026-07-10 19:34:03,838 | INFO     |   → 631/1342: ✅ 0 взято | 🗑️ 7 мусор
2026-07-10 19:34:03,838 | INFO     |   → 632/1342: ✅ 0 взято | 🗑️ 7 мусор
2026-07-10 19:34:03,838 | INFO     |   → 633/1342: ✅ 0 взято | 🗑️ 7 мусор
2026-07-10 19:34:03,838 | INFO     |   → 634/1342: ✅ 0 взято | 🗑️ 7 мусор
2026-07-10 19:34:03,838 | INFO     |   → 635/1342: ✅ 0 взято | 🗑️ 7 мусор
2026-07-10 19:34:03,838 | INFO     |   → 636/1342: ✅ 0 взято | 🗑️ 7 мусор
2026-07-10 19:34:03,838 | INFO     |   → 637/1342: ✅ 0 взято | 🗑️ 7 мусор
2026-07-10 19:34:03,838 | INFO     |   → 638/1342: ✅ 0 взято | 🗑️ 7 мусор
2026-07-10 19:34:03,838 | INFO     |   → 639/1342: ✅ 0 взято | 🗑️ 7 мусор
2026-07-10 19:34:03,838 | INFO     |   → 640/1342: ✅ 0 взято | 🗑️ 9 мусор
2026-07-10 19:34:03,838 | INFO     |   → 641/1342: ✅ 0 взято | 🗑️ 9 мусор
2026-07-10 19:34:03,838 | INFO     |   → 642/1342: ✅ 0 взято | 🗑️ 9 мусор
2026-07-10 19:34:03,838 | INFO     |   → 643/1342: ✅ 0 взято | 🗑️ 9 мусор
2026-07-10 19:34:03,838 | INFO     |   → 644/1342: ✅ 0 взято | 🗑️ 9 мусор
2026-07-10 19:34:03,838 | INFO     |   → 645/1342: ✅ 0 взято | 🗑️ 9 мусор
2026-07-10 19:34:03,838 | INFO     |   → 646/1342: ✅ 0 взято | 🗑️ 9 мусор
2026-07-10 19:34:03,838 | INFO     |   → 647/1342: ✅ 0 взято | 🗑️ 9 мусор
2026-07-10 19:34:03,838 | INFO     |   → 648/1342: ✅ 0 взято | 🗑️ 9 мусор
2026-07-10 19:34:03,838 | INFO     |   → 649/1342: ✅ 0 взято | 🗑️ 9 мусор
2026-07-10 19:34:03,839 | INFO     |   → 650/1342: ✅ 0 взято | 🗑️ 10 мусор
2026-07-10 19:34:03,839 | INFO     |   → 651/1342: ✅ 0 взято | 🗑️ 10 мусор
2026-07-10 19:34:03,839 | INFO     |   → 652/1342: ✅ 0 взято | 🗑️ 10 мусор
2026-07-10 19:34:03,839 | INFO     |   → 653/1342: ✅ 0 взято | 🗑️ 10 мусор
2026-07-10 19:34:03,839 | INFO     |   → 654/1342: ✅ 0 взято | 🗑️ 10 мусор
2026-07-10 19:34:03,839 | INFO     |   → 655/1342: ✅ 0 взято | 🗑️ 10 мусор
2026-07-10 19:34:03,839 | INFO     |   → 656/1342: ✅ 0 взято | 🗑️ 10 мусор
2026-07-10 19:34:03,839 | INFO     |   → 657/1342: ✅ 0 взято | 🗑️ 10 мусор
2026-07-10 19:34:03,839 | INFO     |   → 658/1342: ✅ 0 взято | 🗑️ 10 мусор
2026-07-10 19:34:03,839 | INFO     |   → 659/1342: ✅ 0 взято | 🗑️ 10 мусор
2026-07-10 19:34:03,839 | INFO     |   → 660/1342: ✅ 0 взято | 🗑️ 7 мусор
2026-07-10 19:34:03,839 | INFO     |   → 661/1342: ✅ 0 взято | 🗑️ 0 мусор
2026-07-10 19:34:03,839 | INFO     |   → 662/1342: ✅ 0 взято | 🗑️ 0 мусор
2026-07-10 19:34:03,839 | INFO     |   → 663/1342: ✅ 0 взято | 🗑️ 0 мусор
2026-07-10 19:34:03,839 | INFO     |   → 664/1342: ✅ 0 взято | 🗑️ 0 мусор
2026-07-10 19:34:03,839 | INFO     |   → 665/1342: ✅ 0 взято | 🗑️ 0 мусор
2026-07-10 19:34:03,839 | INFO     |   → 666/1342: ✅ 0 взято | 🗑️ 0 мусор
2026-07-10 19:34:03,839 | INFO     |   → 667/1342: ✅ 0 взято | 🗑️ 0 мусор
2026-07-10 19:34:03,839 | INFO     |   → 668/1342: ✅ 0 взято | 🗑️ 0 мусор
2026-07-10 19:34:03,839 | INFO     |   → 669/1342: ✅ 0 взято | 🗑️ 0 мусор
2026-07-10 19:34:03,839 | INFO     |   → 670/1342: ✅ 0 взято | 🗑️ 0 мусор
2026-07-10 19:34:03,839 | INFO     |   → 671/1342: ✅ 0 взято | 🗑️ 0 мусор
2026-07-10 19:34:03,839 | INFO     |   → 672/1342: ✅ 0 взято | 🗑️ 0 мусор
2026-07-10 19:34:03,839 | INFO     |   → 673/1342 ❌ HTTP 404 — https://raw.githubusercontent.com/10ium/MihomoSaz/main/Sublist/shatakvpn.yaml4_Sub.txt
2026-07-10 19:34:03,839 | INFO     |   → 674/1342: ✅ 0 взято | 🗑️ 0 мусор
2026-07-10 19:34:03,839 | INFO     |   → 675/1342: ✅ 0 взято | 🗑️ 0 мусор
2026-07-10 19:34:03,839 | INFO     |   → 676/1342: ✅ 167 взято | 🗑️ 672 мусор
2026-07-10 19:34:03,839 | INFO     |   → 677/1342: ✅ 0 взято | 🗑️ 0 мусор
2026-07-10 19:34:03,839 | INFO     |   → 678/1342: ✅ 0 взято | 🗑️ 0 мусор
2026-07-10 19:34:03,839 | INFO     |   → 679/1342: ✅ 11 взято | 🗑️ 399 мусор
2026-07-10 19:34:03,839 | INFO     |   → 680/1342: ✅ 0 взято | 🗑️ 0 мусор
2026-07-10 19:34:03,839 | INFO     |   → 681/1342 ❌ HTTP 404 — https://raw.githubusercontent.com/9Fork/openit/main/Clash.yaml
2026-07-10 19:34:03,839 | INFO     |   → 682/1342: ✅ 106 взято | 🗑️ 649 мусор
2026-07-10 19:34:03,839 | INFO     |   → 683/1342: ✅ 0 взято | 🗑️ 649 мусор
2026-07-10 19:34:03,839 | INFO     |   → 684/1342: ✅ 19 взято | 🗑️ 81 мусор
2026-07-10 19:34:03,839 | INFO     |   → 685/1342: ✅ 11 взято | 🗑️ 87 мусор
2026-07-10 19:34:03,839 | INFO     |   → 686/1342: ✅ 27 взято | 🗑️ 73 мусор
2026-07-10 19:34:03,839 | INFO     |   → 687/1342: ✅ 13 взято | 🗑️ 75 мусор
2026-07-10 19:34:03,839 | INFO     |   → 688/1342: ✅ 10 взято | 🗑️ 83 мусор
2026-07-10 19:34:03,839 | INFO     |   → 689/1342: ✅ 12 взято | 🗑️ 86 мусор
2026-07-10 19:34:03,840 | INFO     |   → 690/1342: ✅ 11 взято | 🗑️ 87 мусор
2026-07-10 19:34:03,840 | INFO     |   → 691/1342: ✅ 11 взято | 🗑️ 80 мусор
2026-07-10 19:34:03,840 | INFO     |   → 692/1342: ✅ 9 взято | 🗑️ 82 мусор
2026-07-10 19:34:03,840 | INFO     |   → 693/1342: ✅ 69 взято | 🗑️ 3 мусор
2026-07-10 19:34:03,840 | INFO     |   → 694/1342: ✅ 3 взято | 🗑️ 75 мусор
2026-07-10 19:34:03,840 | INFO     |   → 695/1342: ✅ 4 взято | 🗑️ 69 мусор
2026-07-10 19:34:03,840 | INFO     |   → 696/1342: ✅ 4 взято | 🗑️ 80 мусор
2026-07-10 19:34:03,840 | INFO     |   → 697/1342: ✅ 6 взято | 🗑️ 81 мусор
2026-07-10 19:34:03,840 | INFO     |   → 698/1342: ✅ 5 взято | 🗑️ 79 мусор
2026-07-10 19:34:03,840 | INFO     |   → 699/1342: ✅ 11 взято | 🗑️ 78 мусор
2026-07-10 19:34:03,840 | INFO     |   → 700/1342: ✅ 3 взято | 🗑️ 83 мусор
2026-07-10 19:34:03,840 | INFO     |   → 701/1342: ✅ 14 взято | 🗑️ 76 мусор
2026-07-10 19:34:03,840 | INFO     |   → 702/1342: ✅ 12 взято | 🗑️ 78 мусор
2026-07-10 19:34:03,840 | INFO     |   → 703/1342: ✅ 26 взято | 🗑️ 218 мусор
2026-07-10 19:34:03,840 | INFO     |   → 704/1342: ✅ 44 взято | 🗑️ 141 мусор
2026-07-10 19:34:03,840 | INFO     |   → 705/1342: ✅ 10 взято | 🗑️ 71 мусор
2026-07-10 19:34:03,840 | INFO     |   → 706/1342: ✅ 2 взято | 🗑️ 88 мусор
2026-07-10 19:34:03,840 | INFO     |   → 707/1342: ✅ 0 взято | 🗑️ 3 мусор
2026-07-10 19:34:03,840 | INFO     |   → 708/1342: ✅ 14 взято | 🗑️ 4 мусор
2026-07-10 19:34:03,840 | INFO     |   → 709/1342: ✅ 708 взято | 🗑️ 2455 мусор
2026-07-10 19:34:03,840 | INFO     |   → 710/1342 ❌ HTTP 404 — https://raw.githubusercontent.com/Alvin9999/pac2/master/clash/1/config.yaml
2026-07-10 19:34:03,840 | INFO     |   → 711/1342 ❌ HTTP 404 — https://raw.githubusercontent.com/AmirHDevo/temp2/7f15e7ddb311a6f8c5ab338bd1af0e1f2136a84b/configs.txt
2026-07-10 19:34:03,840 | INFO     |   → 712/1342: ✅ 32 взято | 🗑️ 124 мусор
2026-07-10 19:34:03,840 | INFO     |   → 713/1342: ✅ 2915 взято | 🗑️ 42558 мусор
2026-07-10 19:34:03,840 | INFO     |   → 714/1342: ✅ 5 взято | 🗑️ 47 мусор
2026-07-10 19:34:03,840 | INFO     |   → 715/1342: ✅ 0 взято | 🗑️ 25 мусор
2026-07-10 19:34:03,840 | INFO     |   → 716/1342: ✅ 21 взято | 🗑️ 107 мусор
2026-07-10 19:34:03,840 | INFO     |   → 717/1342: ✅ 78 взято | 🗑️ 347 мусор
2026-07-10 19:34:03,840 | INFO     |   → 718/1342: ✅ 0 взято | 🗑️ 1373 мусор
2026-07-10 19:34:03,840 | INFO     |   → 719/1342: ✅ 392 взято | 🗑️ 1821 мусор
2026-07-10 19:34:03,840 | INFO     |   → 720/1342: ✅ 0 взято | 🗑️ 6 мусор
2026-07-10 19:34:03,840 | INFO     |   → 721/1342: ✅ 0 взято | 🗑️ 0 мусор
2026-07-10 19:34:03,840 | INFO     |   → 722/1342: ✅ 1 взято | 🗑️ 235 мусор
2026-07-10 19:34:03,840 | INFO     |   → 723/1342: ✅ 0 взято | 🗑️ 16 мусор
2026-07-10 19:34:03,840 | INFO     |   → 724/1342: ✅ 0 взято | 🗑️ 0 мусор
2026-07-10 19:34:03,840 | INFO     |   → 725/1342: ✅ 0 взято | 🗑️ 14 мусор
2026-07-10 19:34:03,840 | INFO     |   → 726/1342: ✅ 0 взято | 🗑️ 0 мусор
2026-07-10 19:34:03,840 | INFO     |   → 727/1342: ✅ 0 взято | 🗑️ 17 мусор
2026-07-10 19:34:03,840 | INFO     |   → 728/1342: ✅ 0 взято | 🗑️ 0 мусор
2026-07-10 19:34:03,840 | INFO     |   → 729/1342: ✅ 1 взято | 🗑️ 12 мусор
2026-07-10 19:34:03,840 | INFO     |   → 730/1342: ✅ 0 взято | 🗑️ 0 мусор
2026-07-10 19:34:03,840 | INFO     |   → 731/1342: ✅ 0 взято | 🗑️ 17 мусор
2026-07-10 19:34:03,840 | INFO     |   → 732/1342: ✅ 0 взято | 🗑️ 0 мусор
2026-07-10 19:34:03,840 | INFO     |   → 733/1342: ✅ 0 взято | 🗑️ 17 мусор
2026-07-10 19:34:03,840 | INFO     |   → 734/1342: ✅ 0 взято | 🗑️ 0 мусор
2026-07-10 19:34:03,840 | INFO     |   → 735/1342: ✅ 0 взято | 🗑️ 161 мусор
2026-07-10 19:34:03,840 | INFO     |   → 736/1342: ✅ 0 взято | 🗑️ 0 мусор
2026-07-10 19:34:03,840 | INFO     |   → 737/1342: ✅ 5 взято | 🗑️ 76 мусор
2026-07-10 19:34:03,840 | INFO     |   → 738/1342: ✅ 80 взято | 🗑️ 1110 мусор
2026-07-10 19:34:03,840 | INFO     |   → 739/1342: ✅ 5 взято | 🗑️ 13 мусор
2026-07-10 19:34:03,840 | INFO     |   → 740/1342 ❌ HTTP 404 — https://raw.githubusercontent.com/Epodonios/bulk-xray-v2ray-vless-vmess-...-configs/main/sub/Austria/config.txt
2026-07-10 19:34:03,840 | INFO     |   → 741/1342 ❌ HTTP 404 — https://raw.githubusercontent.com/Epodonios/bulk-xray-v2ray-vless-vmess-...-configs/main/sub/Canada/config.txt
2026-07-10 19:34:03,840 | INFO     |   → 742/1342 ❌ HTTP 404 — https://raw.githubusercontent.com/Epodonios/bulk-xray-v2ray-vless-vmess-...-configs/main/sub/Costa%20Rica/config.txt
2026-07-10 19:34:03,840 | INFO     |   → 743/1342 ❌ HTTP 404 — https://raw.githubusercontent.com/Epodonios/bulk-xray-v2ray-vless-vmess-...-configs/main/sub/France/config.txt
2026-07-10 19:34:03,840 | INFO     |   → 744/1342 ❌ HTTP 404 — https://raw.githubusercontent.com/Epodonios/bulk-xray-v2ray-vless-vmess-...-configs/main/sub/Germany/config.txt
2026-07-10 19:34:03,841 | INFO     |   → 745/1342 ❌ HTTP 404 — https://raw.githubusercontent.com/Epodonios/bulk-xray-v2ray-vless-vmess-...-configs/main/sub/Indonesia/config.txt
2026-07-10 19:34:03,841 | INFO     |   → 746/1342 ❌ HTTP 404 — https://raw.githubusercontent.com/Epodonios/bulk-xray-v2ray-vless-vmess-...-configs/main/sub/Ireland/config.txt
2026-07-10 19:34:03,841 | INFO     |   → 747/1342 ❌ HTTP 404 — https://raw.githubusercontent.com/Epodonios/bulk-xray-v2ray-vless-vmess-...-configs/main/sub/Republic%20of%20Lithuania/config.txt
2026-07-10 19:34:03,841 | INFO     |   → 748/1342 ❌ HTTP 404 — https://raw.githubusercontent.com/Epodonios/bulk-xray-v2ray-vless-vmess-...-configs/main/sub/South%20Africa/config.txt
2026-07-10 19:34:03,841 | INFO     |   → 749/1342 ❌ HTTP 404 — https://raw.githubusercontent.com/Epodonios/bulk-xray-v2ray-vless-vmess-...-configs/main/sub/Sweden/config.txt
2026-07-10 19:34:03,841 | INFO     |   → 750/1342 ❌ HTTP 404 — https://raw.githubusercontent.com/Epodonios/bulk-xray-v2ray-vless-vmess-...-configs/main/sub/Turkey/config.txt
2026-07-10 19:34:03,841 | INFO     |   → 751/1342 ❌ HTTP 404 — https://raw.githubusercontent.com/Epodonios/bulk-xray-v2ray-vless-vmess-...-configs/main/sub/United%20Arab%20Emirates/config.txt
2026-07-10 19:34:03,841 | INFO     |   → 752/1342 ❌ HTTP 404 — https://raw.githubusercontent.com/Epodonios/bulk-xray-v2ray-vless-vmess-...-configs/main/sub/United%20Kingdom/config.txt
2026-07-10 19:34:03,841 | INFO     |   → 753/1342 ❌ HTTP 404 — https://raw.githubusercontent.com/Epodonios/bulk-xray-v2ray-vless-vmess-...-configs/main/sub/United%20States/config.txt
2026-07-10 19:34:03,841 | INFO     |   → 754/1342: ✅ 42 взято | 🗑️ 6138 мусор
2026-07-10 19:34:03,841 | INFO     |   → 755/1342 ❌ HTTP 404 — https://raw.githubusercontent.com/Epodonios/v2ray-configs/main/Splitted-By-Protocol/mix.txt
2026-07-10 19:34:03,841 | INFO     |   → 756/1342: ✅ 1 взято | 🗑️ 527 мусор
2026-07-10 19:34:03,841 | INFO     |   → 757/1342: ✅ 0 взято | 🗑️ 0 мусор
2026-07-10 19:34:03,841 | INFO     |   → 758/1342: ✅ 0 взято | 🗑️ 946 мусор
2026-07-10 19:34:03,841 | INFO     |   → 759/1342: ✅ 2 взято | 🗑️ 4474 мусор
2026-07-10 19:34:03,841 | INFO     |   → 760/1342: ✅ 1 взято | 🗑️ 184 мусор
2026-07-10 19:34:03,841 | INFO     |   → 761/1342 ❌ HTTP 404 — https://raw.githubusercontent.com/Epodonios/v2ray-configs/raw/main/Splitted-By-Protocol/trojan.txt
2026-07-10 19:34:03,841 | INFO     |   → 762/1342 ❌ HTTP 404 — https://raw.githubusercontent.com/Epodonios/v2ray-configs/raw/main/Splitted-By-Protocol/vmess.txt
2026-07-10 19:34:03,841 | INFO     |   → 763/1342: ✅ 0 взято | 🗑️ 527 мусор
2026-07-10 19:34:03,841 | INFO     |   → 764/1342: ✅ 0 взято | 🗑️ 0 мусор
2026-07-10 19:34:03,841 | INFO     |   → 765/1342: ✅ 0 взято | 🗑️ 946 мусор
2026-07-10 19:34:03,841 | INFO     |   → 766/1342: ✅ 0 взято | 🗑️ 4474 мусор
2026-07-10 19:34:03,841 | INFO     |   → 767/1342: ✅ 0 взято | 🗑️ 184 мусор
2026-07-10 19:34:03,841 | INFO     |   → 768/1342 ❌ HTTP 404 — https://raw.githubusercontent.com/Fido6/FreeNodes/57221e59caddde55ffdda21d491ae952cd608049/nodes/halekj.txt
2026-07-10 19:34:03,841 | INFO     |   → 769/1342 ❌ HTTP 404 — https://raw.githubusercontent.com/Fido6/FreeNodes/57221e59caddde55ffdda21d491ae952cd608049/nodes/kkzui.txt
2026-07-10 19:34:03,841 | INFO     |   → 770/1342 ❌ HTTP 404 — https://raw.githubusercontent.com/Fido6/FreeNodes/57221e59caddde55ffdda21d491ae952cd608049/nodes/wenode.txt
2026-07-10 19:34:03,841 | INFO     |   → 771/1342: ✅ 0 взято | 🗑️ 0 мусор
2026-07-10 19:34:03,841 | INFO     |   → 772/1342: ✅ 0 взято | 🗑️ 0 мусор
2026-07-10 19:34:03,841 | INFO     |   → 773/1342: ✅ 14 взято | 🗑️ 250 мусор
2026-07-10 19:34:03,841 | INFO     |   → 774/1342: ✅ 2 взято | 🗑️ 9 мусор
2026-07-10 19:34:03,841 | INFO     |   → 775/1342: ✅ 1 взято | 🗑️ 17 мусор
2026-07-10 19:34:03,841 | INFO     |   → 776/1342: ✅ 4 взято | 🗑️ 11 мусор
2026-07-10 19:34:03,841 | INFO     |   → 777/1342: ✅ 0 взято | 🗑️ 0 мусор
2026-07-10 19:34:03,841 | INFO     |   → 778/1342: ✅ 0 взято | 🗑️ 137 мусор
2026-07-10 19:34:03,841 | INFO     |   → 779/1342: ✅ 0 взято | 🗑️ 32 мусор
2026-07-10 19:34:03,841 | INFO     |   → 780/1342: ✅ 2 взято | 🗑️ 19 мусор
2026-07-10 19:34:03,841 | INFO     |   → 781/1342: ✅ 0 взято | 🗑️ 43 мусор
2026-07-10 19:34:03,841 | INFO     |   → 782/1342: ✅ 0 взято | 🗑️ 43 мусор
2026-07-10 19:34:03,841 | INFO     |   → 783/1342 ❌ HTTP 404 — https://raw.githubusercontent.com/Iran-v2ray/v2ray/main/v2ray
2026-07-10 19:34:03,841 | INFO     |   → 784/1342: ✅ 0 взято | 🗑️ 1 мусор
2026-07-10 19:34:03,841 | INFO     |   → 785/1342: ✅ 0 взято | 🗑️ 1 мусор
2026-07-10 19:34:03,841 | INFO     |   → 786/1342: ✅ 0 взято | 🗑️ 28 мусор
2026-07-10 19:34:03,841 | INFO     |   → 787/1342: ✅ 14 взято | 🗑️ 282 мусор
2026-07-10 19:34:03,841 | INFO     |   → 788/1342: ✅ 0 взято | 🗑️ 94 мусор
2026-07-10 19:34:03,841 | INFO     |   → 789/1342: ✅ 0 взято | 🗑️ 0 мусор
2026-07-10 19:34:03,842 | INFO     |   → 790/1342: ✅ 0 взято | 🗑️ 0 мусор
2026-07-10 19:34:03,842 | INFO     |   → 791/1342 ❌ HTTP 404 — https://raw.githubusercontent.com/Kwinshadow/TelegramV2rayCollector/raw/refs/heads/main/sublinks/mix.txt
2026-07-10 19:34:03,842 | INFO     |   → 792/1342 ❌ HTTP 404 — https://raw.githubusercontent.com/LalatinaHub/Mineral/raw/refs/heads/master/result/nodes
2026-07-10 19:34:03,842 | INFO     |   → 793/1342 ❌ HTTP 404 — https://raw.githubusercontent.com/Leon406/SubCrawler/main/sub/share/all3
2026-07-10 19:34:03,842 | INFO     |   → 794/1342 ❌ HTTP 404 — https://raw.githubusercontent.com/Leon406/SubCrawler/main/sub/share/all4
2026-07-10 19:34:03,842 | INFO     |   → 795/1342: ✅ 4 взято | 🗑️ 335 мусор
2026-07-10 19:34:03,842 | INFO     |   → 796/1342: ✅ 0 взято | 🗑️ 33 мусор
2026-07-10 19:34:03,842 | INFO     |   → 797/1342: ✅ 0 взято | 🗑️ 6 мусор
2026-07-10 19:34:03,842 | INFO     |   → 798/1342: ✅ 0 взято | 🗑️ 147 мусор
2026-07-10 19:34:03,842 | INFO     |   → 799/1342 ❌ HTTP 404 — https://raw.githubusercontent.com/M-Mashreghi/free-config-collector/main/Splitted-By-Protocol/ssr.txt
2026-07-10 19:34:03,842 | INFO     |   → 800/1342: ✅ 139 взято | 🗑️ 114 мусор
2026-07-10 19:34:03,842 | INFO     |   → 801/1342: ✅ 126 взято | 🗑️ 137 мусор
2026-07-10 19:34:03,842 | INFO     |   → 802/1342: ✅ 0 взято | 🗑️ 12 мусор
2026-07-10 19:34:03,842 | INFO     |   → 803/1342: ✅ 0 взято | 🗑️ 1 мусор
2026-07-10 19:34:03,842 | INFO     |   → 804/1342: ✅ 63 взято | 🗑️ 28 мусор
2026-07-10 19:34:03,842 | INFO     |   → 805/1342: ✅ 0 взято | 🗑️ 28 мусор
2026-07-10 19:34:03,842 | INFO     |   → 806/1342 ❌ HTTP 404 — https://raw.githubusercontent.com/MatinGhanbari/v2ray-configs/main/subscriptions/filtered/subs/hy2.txt
2026-07-10 19:34:03,842 | INFO     |   → 807/1342: ✅ 26 взято | 🗑️ 1167 мусор
2026-07-10 19:34:03,842 | INFO     |   → 808/1342 ❌ HTTP 404 — https://raw.githubusercontent.com/MatinGhanbari/v2ray-configs/main/subscriptions/filtered/subs/ssr.txt
2026-07-10 19:34:03,842 | INFO     |   → 809/1342: ✅ 48 взято | 🗑️ 544 мусор
2026-07-10 19:34:03,842 | INFO     |   → 810/1342 ❌ HTTP 404 — https://raw.githubusercontent.com/MatinGhanbari/v2ray-configs/main/subscriptions/filtered/subs/tuic.txt
2026-07-10 19:34:03,842 | INFO     |   → 811/1342: ✅ 26 взято | 🗑️ 361 мусор
2026-07-10 19:34:03,842 | INFO     |   → 812/1342: ✅ 260 взято | 🗑️ 1536 мусор
2026-07-10 19:34:03,842 | INFO     |   → 813/1342: ✅ 0 взято | 🗑️ 2 мусор
2026-07-10 19:34:03,842 | INFO     |   → 814/1342: ✅ 241 взято | 🗑️ 1425 мусор
2026-07-10 19:34:03,842 | INFO     |   → 815/1342: ✅ 0 взято | 🗑️ 680 мусор
2026-07-10 19:34:03,842 | INFO     |   → 816/1342: ✅ 0 взято | 🗑️ 680 мусор
2026-07-10 19:34:03,842 | INFO     |   → 817/1342: ✅ 0 взято | 🗑️ 107 мусор
2026-07-10 19:34:03,842 | INFO     |   → 818/1342: ✅ 0 взято | 🗑️ 2 мусор
2026-07-10 19:34:03,842 | INFO     |   → 819/1342: ✅ 0 взято | 🗑️ 562 мусор
2026-07-10 19:34:03,842 | INFO     |   → 820/1342: ✅ 0 взято | 🗑️ 82 мусор
2026-07-10 19:34:03,842 | INFO     |   → 821/1342 ❌ HTTP 404 — https://raw.githubusercontent.com/MhdiTaheri/V2rayCollector/raw/refs/heads/main/sub/mix
2026-07-10 19:34:03,843 | INFO     |   → 822/1342: ✅ 53 взято | 🗑️ 267 мусор
2026-07-10 19:34:03,843 | INFO     |   → 823/1342 ❌ HTTP 404 — https://raw.githubusercontent.com/MhdiTaheri/V2rayCollector_Py/raw/refs/heads/main/sub/Mix/mix.txt
2026-07-10 19:34:03,843 | INFO     |   → 824/1342: ✅ 0 взято | 🗑️ 0 мусор
2026-07-10 19:34:03,843 | INFO     |   → 825/1342: ✅ 43 взято | 🗑️ 217 мусор
2026-07-10 19:34:03,843 | INFO     |   → 826/1342: ✅ 0 взято | 🗑️ 31 мусор
2026-07-10 19:34:03,843 | INFO     |   → 827/1342: ✅ 3 взято | 🗑️ 160 мусор
2026-07-10 19:34:03,843 | INFO     |   → 828/1342: ✅ 0 взято | 🗑️ 26 мусор
2026-07-10 19:34:03,843 | INFO     |   → 829/1342 ❌ HTTP 404 — https://raw.githubusercontent.com/MrMohebi/xray-proxy-grabber-telegram/master/collected-proxies/clash-meta/all.yaml
2026-07-10 19:34:03,843 | INFO     |   → 830/1342 ❌ HTTP 404 — https://raw.githubusercontent.com/MrMohebi/xray-proxy-grabber-telegram/master/collected-proxies/row-url/actives.txt
2026-07-10 19:34:03,843 | INFO     |   → 831/1342 ❌ HTTP 404 — https://raw.githubusercontent.com/MrMohebi/xray-proxy-grabber-telegram/master/collected-proxies/row-url/all.txt
2026-07-10 19:34:03,843 | INFO     |   → 832/1342: ✅ 0 взято | 🗑️ 13 мусор
2026-07-10 19:34:03,843 | INFO     |   → 833/1342: ✅ 0 взято | 🗑️ 13 мусор
2026-07-10 19:34:03,843 | INFO     |   → 834/1342: ✅ 5 взято | 🗑️ 15 мусор
2026-07-10 19:34:03,843 | INFO     |   → 835/1342: ✅ 0 взято | 🗑️ 30 мусор
2026-07-10 19:34:03,843 | INFO     |   → 836/1342: ✅ 0 взято | 🗑️ 15 мусор
2026-07-10 19:34:03,843 | INFO     |   → 837/1342: ✅ 66 взято | 🗑️ 123 мусор
2026-07-10 19:34:03,843 | INFO     |   → 838/1342: ✅ 93 взято | 🗑️ 49 мусор
2026-07-10 19:34:03,843 | INFO     |   → 839/1342: ✅ 0 взято | 🗑️ 0 мусор
2026-07-10 19:34:03,843 | INFO     |   → 840/1342 ❌ HTTP 404 — https://raw.githubusercontent.com/OpenCNLink/freevpn/3cfcff048bfdd1493ccffa52ecf30ce7f9fc6b28/src/list/vmess.txt
2026-07-10 19:34:03,843 | INFO     |   → 841/1342 ❌ HTTP 404 — https://raw.githubusercontent.com/Pawdro/Collection/main/sub
2026-07-10 19:34:03,843 | INFO     |   → 842/1342: ✅ 0 взято | 🗑️ 8 мусор
2026-07-10 19:34:03,843 | INFO     |   → 843/1342: ✅ 0 взято | 🗑️ 8 мусор
2026-07-10 19:34:03,843 | INFO     |   → 844/1342: ✅ 0 взято | 🗑️ 0 мусор
2026-07-10 19:34:03,843 | INFO     |   → 845/1342: ✅ 0 взято | 🗑️ 0 мусор
2026-07-10 19:34:03,843 | INFO     |   → 846/1342: ✅ 0 взято | 🗑️ 50 мусор
2026-07-10 19:34:03,843 | INFO     |   → 847/1342: ✅ 5 взято | 🗑️ 206 мусор
2026-07-10 19:34:03,843 | INFO     |   → 848/1342: ✅ 21 взято | 🗑️ 138 мусор
2026-07-10 19:34:03,843 | INFO     |   → 849/1342: ✅ 23 взято | 🗑️ 89 мусор
2026-07-10 19:34:03,843 | INFO     |   → 850/1342: ✅ 9 взято | 🗑️ 85 мусор
2026-07-10 19:34:03,843 | INFO     |   → 851/1342: ✅ 0 взято | 🗑️ 129 мусор
2026-07-10 19:34:03,843 | INFO     |   → 852/1342: ✅ 0 взято | 🗑️ 81 мусор
2026-07-10 19:34:03,843 | INFO     |   → 853/1342 ❌ HTTP 404 — https://raw.githubusercontent.com/STR97/STRUGOV/refs/heads/main/STR.BYPASS
2026-07-10 19:34:03,843 | INFO     |   → 854/1342 ❌ HTTP 404 — https://raw.githubusercontent.com/Sajad-meow/free-vmess/0a2bf5319c9bec099ebbaa5e0d9bbc8414116880/vp.txt
2026-07-10 19:34:03,843 | INFO     |   → 855/1342: ✅ 11 взято | 🗑️ 16 мусор
2026-07-10 19:34:03,843 | INFO     |   → 856/1342: ✅ 0 взято | 🗑️ 16 мусор
2026-07-10 19:34:03,844 | INFO     |   → 857/1342: ✅ 0 взято | 🗑️ 27 мусор
2026-07-10 19:34:03,844 | INFO     |   → 858/1342: ✅ 140 взято | 🗑️ 1153 мусор
2026-07-10 19:34:03,844 | INFO     |   → 859/1342: ✅ 29 взято | 🗑️ 54 мусор
2026-07-10 19:34:03,844 | INFO     |   → 860/1342: ✅ 1 взято | 🗑️ 5 мусор
2026-07-10 19:34:03,844 | INFO     |   → 861/1342: ✅ 1 взято | 🗑️ 0 мусор
2026-07-10 19:34:03,844 | INFO     |   → 862/1342: ✅ 2 взято | 🗑️ 34 мусор
2026-07-10 19:34:03,844 | INFO     |   → 863/1342: ✅ 0 взято | 🗑️ 5 мусор
2026-07-10 19:34:03,844 | INFO     |   → 864/1342: ✅ 0 взято | 🗑️ 34 мусор
2026-07-10 19:34:03,844 | INFO     |   → 865/1342: ✅ 4 взято | 🗑️ 291 мусор
2026-07-10 19:34:03,844 | INFO     |   → 866/1342: ✅ 0 взято | 🗑️ 119 мусор
2026-07-10 19:34:03,844 | INFO     |   → 867/1342: ✅ 0 взято | 🗑️ 0 мусор
2026-07-10 19:34:03,844 | INFO     |   → 868/1342 ❌ HTTP 404 — https://raw.githubusercontent.com/V2RAYCONFIGSPOOL/V2RAY_SUB/main/V2RAY_SUB.txt
2026-07-10 19:34:03,844 | INFO     |   → 869/1342: ✅ 96 взято | 🗑️ 167 мусор
2026-07-10 19:34:03,844 | INFO     |   → 870/1342: ✅ 88 взято | 🗑️ 44 мусор
2026-07-10 19:34:03,844 | INFO     |   → 871/1342: ✅ 0 взято | 🗑️ 0 мусор
2026-07-10 19:34:03,844 | INFO     |   → 872/1342: ✅ 0 взято | 🗑️ 44 мусор
2026-07-10 19:34:03,844 | INFO     |   → 873/1342: ✅ 58 взято | 🗑️ 348 мусор
2026-07-10 19:34:03,844 | INFO     |   → 874/1342: ✅ 0 взято | 🗑️ 0 мусор
2026-07-10 19:34:03,844 | INFO     |   → 875/1342: ✅ 4 взято | 🗑️ 458 мусор
2026-07-10 19:34:03,844 | INFO     |   → 876/1342 ❌ HTTP 404 — https://raw.githubusercontent.com/ZYFXS/ZYFXS001/refs/heads/main/20c-youtube%40ZYFXS
2026-07-10 19:34:03,844 | INFO     |   → 877/1342 ❌ HTTP 404 — https://raw.githubusercontent.com/ZYFXS/ZYFXS001/refs/heads/main/20v-youtube%40ZYFXS
2026-07-10 19:34:03,844 | INFO     |   → 878/1342: ✅ 0 взято | 🗑️ 0 мусор
2026-07-10 19:34:03,844 | INFO     |   → 879/1342: ✅ 1 взято | 🗑️ 164 мусор
2026-07-10 19:34:03,844 | INFO     |   → 880/1342 ❌ HTTP 404 — https://raw.githubusercontent.com/ZYFXS/ZYFXS001/refs/heads/main/youtube%40ZYFXS---23c
2026-07-10 19:34:03,844 | INFO     |   → 881/1342 ❌ HTTP 404 — https://raw.githubusercontent.com/ZYFXS/ZYFXS001/refs/heads/main/youtube%40ZYFXS---23v
2026-07-10 19:34:03,844 | INFO     |   → 882/1342: ✅ 0 взято | 🗑️ 0 мусор
2026-07-10 19:34:03,844 | INFO     |   → 883/1342: ✅ 0 взято | 🗑️ 0 мусор
2026-07-10 19:34:03,844 | INFO     |   → 884/1342: ✅ 6 взято | 🗑️ 221 мусор
2026-07-10 19:34:03,844 | INFO     |   → 885/1342 ❌ HTTP 404 — https://raw.githubusercontent.com/ZYFXS/ZYFXS001/refs/heads/main/youtube%40ZYFXS-21c
2026-07-10 19:34:03,844 | INFO     |   → 886/1342 ❌ HTTP 404 — https://raw.githubusercontent.com/ZYFXS/ZYFXS001/refs/heads/main/youtube%40ZYFXS-21v
2026-07-10 19:34:03,844 | INFO     |   → 887/1342: ✅ 1 взято | 🗑️ 251 мусор
2026-07-10 19:34:03,844 | INFO     |   → 888/1342: ✅ 1 взято | 🗑️ 231 мусор
2026-07-10 19:34:03,844 | INFO     |   → 889/1342: ✅ 0 взято | 🗑️ 0 мусор
2026-07-10 19:34:03,844 | INFO     |   → 890/1342: ✅ 1 взято | 🗑️ 83 мусор
2026-07-10 19:34:03,844 | INFO     |   → 891/1342: ✅ 0 взято | 🗑️ 16 мусор
2026-07-10 19:34:03,844 | INFO     |   → 892/1342: ✅ 0 взято | 🗑️ 16 мусор
2026-07-10 19:34:03,845 | INFO     |   → 893/1342 ❌ HTTP 404 — https://raw.githubusercontent.com/aiboboxx/clashfree/main/clash.yml
2026-07-10 19:34:03,845 | INFO     |   → 894/1342 ❌ HTTP 404 — https://raw.githubusercontent.com/aiboboxx/v2rayfree/main/v2
2026-07-10 19:34:03,845 | INFO     |   → 895/1342 ❌ HTTP 404 — https://raw.githubusercontent.com/amirmohammad-mohammad-88/Sub-Reality-Azadi-config/Config/Azadi-Reality-Different
2026-07-10 19:34:03,845 | INFO     |   → 896/1342 ❌ HTTP 404 — https://raw.githubusercontent.com/amirmohammad-mohammad-88/Sub-Reality-Azadi-config/Config/Azadi-Reality-Different-Base64
2026-07-10 19:34:03,845 | INFO     |   → 897/1342: ✅ 1 взято | 🗑️ 17 мусор
2026-07-10 19:34:03,845 | INFO     |   → 898/1342: ✅ 0 взято | 🗑️ 0 мусор
2026-07-10 19:34:03,845 | INFO     |   → 899/1342: ✅ 4 взято | 🗑️ 114 мусор
2026-07-10 19:34:03,845 | INFO     |   → 900/1342: ✅ 23 взято | 🗑️ 81 мусор
2026-07-10 19:34:03,845 | INFO     |   → 901/1342 ❌ HTTP 404 — https://raw.githubusercontent.com/awesome-vpn/awesome-vpn/master/ss
2026-07-10 19:34:03,845 | INFO     |   → 902/1342 ❌ HTTP 404 — https://raw.githubusercontent.com/awesome-vpn/awesome-vpn/master/ssr
2026-07-10 19:34:03,845 | INFO     |   → 903/1342: ✅ 0 взято | 🗑️ 0 мусор
2026-07-10 19:34:03,845 | INFO     |   → 904/1342: ✅ 1 взято | 🗑️ 22 мусор
2026-07-10 19:34:03,845 | INFO     |   → 905/1342: ✅ 79 взято | 🗑️ 419 мусор
2026-07-10 19:34:03,845 | INFO     |   → 906/1342 ❌ HTTP 404 — https://raw.githubusercontent.com/barry-far/V2ray-Configs/ced94ddfff48276ec365b40227561f36b1b64bc8/Sub5.txt
2026-07-10 19:34:03,845 | INFO     |   → 907/1342 ❌ HTTP 404 — https://raw.githubusercontent.com/barry-far/V2ray-Configs/main/Splitted-By-Protocol/hysteria2.txt
2026-07-10 19:34:03,845 | INFO     |   → 908/1342 ❌ HTTP 404 — https://raw.githubusercontent.com/barry-far/V2ray-Configs/main/Splitted-By-Protocol/vless.txt
2026-07-10 19:34:03,845 | INFO     |   → 909/1342 ❌ HTTP 404 — https://raw.githubusercontent.com/barry-far/V2ray-Configs/main/Sub1.txt
2026-07-10 19:34:03,845 | INFO     |   → 910/1342 ❌ HTTP 404 — https://raw.githubusercontent.com/barry-far/V2ray-Configs/refs/heads/main/All_Configs_Sub.txt
2026-07-10 19:34:03,845 | INFO     |   → 911/1342: ✅ 0 взято | 🗑️ 0 мусор
2026-07-10 19:34:03,845 | INFO     |   → 912/1342 ❌ HTTP 404 — https://raw.githubusercontent.com/budamu/clashconfig/main/v2ray.txt
2026-07-10 19:34:03,845 | INFO     |   → 913/1342 ❌ HTTP 404 — https://raw.githubusercontent.com/budamu/clashconfig/main/v2ray2.txt
2026-07-10 19:34:03,845 | INFO     |   → 914/1342: ✅ 0 взято | 🗑️ 0 мусор
2026-07-10 19:34:03,845 | INFO     |   → 915/1342: ✅ 0 взято | 🗑️ 442 мусор
2026-07-10 19:34:03,845 | INFO     |   → 916/1342: ✅ 0 взято | 🗑️ 0 мусор
2026-07-10 19:34:03,845 | INFO     |   → 917/1342 ❌ HTTP 404 — https://raw.githubusercontent.com/chxxyz2004/zd/17fca23b73c46b5dd73e9be49b14d219b5e5f836/sub/2401/240110.txt
2026-07-10 19:34:03,845 | INFO     |   → 918/1342: ✅ 0 взято | 🗑️ 44 мусор
2026-07-10 19:34:03,845 | INFO     |   → 919/1342: ✅ 236 взято | 🗑️ 517 мусор
2026-07-10 19:34:03,845 | INFO     |   → 920/1342 ❌ HTTP 404 — https://raw.githubusercontent.com/cxr9912/cxr2022/main/free.yaml
2026-07-10 19:34:03,845 | INFO     |   → 921/1342 ❌ HTTP 404 — https://raw.githubusercontent.com/cxr9912/cxr2022/main/mix.yaml
2026-07-10 19:34:03,845 | INFO     |   → 922/1342 ❌ HTTP 404 — https://raw.githubusercontent.com/cxr9912/cxr2022/main/ss.yaml
2026-07-10 19:34:03,845 | INFO     |   → 923/1342 ❌ HTTP 404 — https://raw.githubusercontent.com/cxr9912/cxr2022/main/ssr.yaml
2026-07-10 19:34:03,845 | INFO     |   → 924/1342 ❌ HTTP 404 — https://raw.githubusercontent.com/cxr9912/cxr2022/main/vmess.yaml
2026-07-10 19:34:03,845 | INFO     |   → 925/1342 ❌ HTTP 404 — https://raw.githubusercontent.com/cxr9912/cxr2022/refs/heads/main/18cj.json
2026-07-10 19:34:03,845 | INFO     |   → 926/1342 ❌ HTTP 404 — https://raw.githubusercontent.com/cxr9912/cxr2022/refs/heads/main/aaaaaaaa.yaml
2026-07-10 19:34:03,845 | INFO     |   → 927/1342 ❌ HTTP 404 — https://raw.githubusercontent.com/cxr9912/cxr2022/refs/heads/main/free.yaml
2026-07-10 19:34:03,845 | INFO     |   → 928/1342 ❌ HTTP 404 — https://raw.githubusercontent.com/cxr9912/cxr2022/refs/heads/main/ss2088.txt
2026-07-10 19:34:03,846 | INFO     |   → 929/1342: ✅ 0 взято | 🗑️ 18 мусор
2026-07-10 19:34:03,846 | INFO     |   → 930/1342: ✅ 0 взято | 🗑️ 18 мусор
2026-07-10 19:34:03,846 | INFO     |   → 931/1342: ✅ 6 взято | 🗑️ 78 мусор
2026-07-10 19:34:03,846 | INFO     |   → 932/1342: ✅ 6 взято | 🗑️ 4 мусор
2026-07-10 19:34:03,846 | INFO     |   → 933/1342: ✅ 0 взято | 🗑️ 2 мусор
2026-07-10 19:34:03,846 | INFO     |   → 934/1342: ✅ 6 взято | 🗑️ 2 мусор
2026-07-10 19:34:03,846 | INFO     |   → 935/1342: ✅ 0 взято | 🗑️ 2 мусор
2026-07-10 19:34:03,846 | INFO     |   → 936/1342: ✅ 0 взято | 🗑️ 2 мусор
2026-07-10 19:34:03,846 | INFO     |   → 937/1342: ✅ 0 взято | 🗑️ 2 мусор
2026-07-10 19:34:03,846 | INFO     |   → 938/1342: ✅ 1 взято | 🗑️ 7 мусор
2026-07-10 19:34:03,846 | INFO     |   → 939/1342: ✅ 1 взято | 🗑️ 1 мусор
2026-07-10 19:34:03,846 | INFO     |   → 940/1342: ✅ 0 взято | 🗑️ 7 мусор
2026-07-10 19:34:03,846 | INFO     |   → 941/1342: ✅ 0 взято | 🗑️ 2 мусор
2026-07-10 19:34:03,846 | INFO     |   → 942/1342: ✅ 0 взято | 🗑️ 0 мусор
2026-07-10 19:34:03,846 | INFO     |   → 943/1342: ✅ 5862 взято | 🗑️ 114177 мусор
2026-07-10 19:34:03,846 | INFO     |   → 944/1342: ✅ 25 взято | 🗑️ 783 мусор
2026-07-10 19:34:03,846 | INFO     |   → 945/1342: ✅ 6 взято | 🗑️ 113 мусор
2026-07-10 19:34:03,846 | INFO     |   → 946/1342: ✅ 0 взято | 🗑️ 0 мусор
2026-07-10 19:34:03,846 | INFO     |   → 947/1342: ✅ 8 взято | 🗑️ 6 мусор
2026-07-10 19:34:03,846 | INFO     |   → 948/1342: ✅ 0 взято | 🗑️ 0 мусор
2026-07-10 19:34:03,846 | INFO     |   → 949/1342: ✅ 13 взято | 🗑️ 19 мусор
2026-07-10 19:34:03,846 | INFO     |   → 950/1342: ✅ 0 взято | 🗑️ 5 мусор
2026-07-10 19:34:03,846 | INFO     |   → 951/1342: ✅ 2 взято | 🗑️ 80 мусор
2026-07-10 19:34:03,846 | INFO     |   → 952/1342 ❌ HTTP 404 — https://raw.githubusercontent.com/free-nodes/v2rayfree/main/v2
2026-07-10 19:34:03,846 | INFO     |   → 953/1342 ❌ HTTP 404 — https://raw.githubusercontent.com/free-v2ray-config/trojan/main/trojan.txt
2026-07-10 19:34:03,846 | INFO     |   → 954/1342 ❌ HTTP 404 — https://raw.githubusercontent.com/free-v2ray-config/vless/main/vless.txt
2026-07-10 19:34:03,846 | INFO     |   → 955/1342 ❌ HTTP 404 — https://raw.githubusercontent.com/free-v2ray-config/vmess/main/vmess.txt
2026-07-10 19:34:03,846 | INFO     |   → 956/1342: ✅ 5 взято | 🗑️ 169 мусор
2026-07-10 19:34:03,846 | INFO     |   → 957/1342: ✅ 34 взято | 🗑️ 121 мусор
2026-07-10 19:34:03,846 | INFO     |   → 958/1342: ✅ 4 взято | 🗑️ 97 мусор
2026-07-10 19:34:03,846 | INFO     |   → 959/1342 ❌ HTTP 404 — https://raw.githubusercontent.com/free18/v2ray/main/Clash.yaml
2026-07-10 19:34:03,846 | INFO     |   → 960/1342: ✅ 0 взято | 🗑️ 0 мусор
2026-07-10 19:34:03,846 | INFO     |   → 961/1342: ✅ 0 взято | 🗑️ 15 мусор
2026-07-10 19:34:03,846 | INFO     |   → 962/1342: ✅ 0 взято | 🗑️ 0 мусор
2026-07-10 19:34:03,846 | INFO     |   → 963/1342: ✅ 0 взято | 🗑️ 8 мусор
2026-07-10 19:34:03,846 | INFO     |   → 964/1342: ✅ 0 взято | 🗑️ 8 мусор
2026-07-10 19:34:03,846 | INFO     |   → 965/1342: ✅ 0 взято | 🗑️ 8 мусор
2026-07-10 19:34:03,847 | INFO     |   → 966/1342: ✅ 0 взято | 🗑️ 8 мусор
2026-07-10 19:34:03,847 | INFO     |   → 967/1342 ❌ HTTP 404 — https://raw.githubusercontent.com/freev2rayconfig/V2RAY_SUB/3e6a7786a1601ee3723e8d043ae79e70dbdfd9a8/v2rayconfigs.txt
2026-07-10 19:34:03,847 | INFO     |   → 968/1342 ❌ HTTP 404 — https://raw.githubusercontent.com/freev2rayconfig/V2RAY_SUBSCRIPTION_LINK/main/v2rayconfigs.txt
2026-07-10 19:34:03,847 | INFO     |   → 969/1342 ❌ HTTP 404 — https://raw.githubusercontent.com/gfpcom/free-proxy-list/main/list/http.txt
2026-07-10 19:34:03,847 | INFO     |   → 970/1342 ❌ HTTP 404 — https://raw.githubusercontent.com/gfpcom/free-proxy-list/main/list/https.txt
2026-07-10 19:34:03,847 | INFO     |   → 971/1342 ❌ HTTP 404 — https://raw.githubusercontent.com/gfpcom/free-proxy-list/main/list/socks4.txt
2026-07-10 19:34:03,847 | INFO     |   → 972/1342 ❌ HTTP 404 — https://raw.githubusercontent.com/gfpcom/free-proxy-list/main/list/socks4a.txt
2026-07-10 19:34:03,847 | INFO     |   → 973/1342 ❌ HTTP 404 — https://raw.githubusercontent.com/gfpcom/free-proxy-list/main/list/socks5.txt
2026-07-10 19:34:03,847 | INFO     |   → 974/1342 ❌ HTTP 404 — https://raw.githubusercontent.com/gfpcom/free-proxy-list/main/list/socks5h.txt
2026-07-10 19:34:03,847 | INFO     |   → 975/1342 ❌ HTTP 404 — https://raw.githubusercontent.com/gfpcom/free-proxy-list/main/list/ss.txt
2026-07-10 19:34:03,847 | INFO     |   → 976/1342 ❌ HTTP 404 — https://raw.githubusercontent.com/gfpcom/free-proxy-list/main/list/ssr.txt
2026-07-10 19:34:03,847 | INFO     |   → 977/1342 ❌ HTTP 404 — https://raw.githubusercontent.com/gfpcom/free-proxy-list/main/list/trojan.txt
2026-07-10 19:34:03,847 | INFO     |   → 978/1342 ❌ HTTP 404 — https://raw.githubusercontent.com/gfpcom/free-proxy-list/main/list/vless.txt
2026-07-10 19:34:03,847 | INFO     |   → 979/1342 ❌ HTTP 404 — https://raw.githubusercontent.com/gfpcom/free-proxy-list/main/list/vmess.txt
2026-07-10 19:34:03,847 | INFO     |   → 980/1342: ✅ 0 взято | 🗑️ 17 мусор
2026-07-10 19:34:03,847 | INFO     |   → 981/1342: ✅ 0 взято | 🗑️ 0 мусор
2026-07-10 19:34:03,847 | INFO     |   → 982/1342: ✅ 4 взято | 🗑️ 63 мусор
2026-07-10 19:34:03,847 | INFO     |   → 983/1342 ❌ HTTP 404 — https://raw.githubusercontent.com/hameed-maleki/TVC/89a4522969c57dcc22458cae9898426e5c4f2679/lite/config.txt
2026-07-10 19:34:03,847 | INFO     |   → 984/1342: ✅ 5 взято | 🗑️ 132 мусор
2026-07-10 19:34:03,847 | INFO     |   → 985/1342: ✅ 0 взято | 🗑️ 56 мусор
2026-07-10 19:34:03,847 | INFO     |   → 986/1342 ❌ HTTP 404 — https://raw.githubusercontent.com/hkaa0/permalink/main/proxy/V2ray
2026-07-10 19:34:03,847 | INFO     |   → 987/1342 ❌ HTTP 404 — https://raw.githubusercontent.com/hkaa0/permalink/main/proxy/clash
2026-07-10 19:34:03,847 | INFO     |   → 988/1342 ❌ HTTP 404 — https://raw.githubusercontent.com/hkpc/Autoproxy/6cf946ddfc677a29062007e4b47d70674474baa7/sub/2401/240110.txt
2026-07-10 19:34:03,847 | INFO     |   → 989/1342 ❌ HTTP 404 — https://raw.githubusercontent.com/hkpc/V2ray-Configs/7d9aa0dabf947af180a7dd6302818ed37950531a/Sub1.txt
2026-07-10 19:34:03,847 | INFO     |   → 990/1342: ✅ 0 взято | 🗑️ 14 мусор
2026-07-10 19:34:03,847 | INFO     |   → 991/1342: ✅ 16 взято | 🗑️ 16 мусор
2026-07-10 19:34:03,847 | INFO     |   → 992/1342 ❌ HTTP 404 — https://raw.githubusercontent.com/iboxz/free-v2ray-collector/main/main
2026-07-10 19:34:03,847 | INFO     |   → 993/1342: ✅ 11 взято | 🗑️ 19 мусор
2026-07-10 19:34:03,847 | INFO     |   → 994/1342: ✅ 13 взято | 🗑️ 42 мусор
2026-07-10 19:34:03,847 | INFO     |   → 995/1342: ✅ 107 взято | 🗑️ 175 мусор
2026-07-10 19:34:03,847 | INFO     |   → 996/1342 ❌ HTTP 404 — https://raw.githubusercontent.com/igareck/vpn-configs-for-russia/refs/heads/main/Vless-Reality-White-Lists-Rus-Cable.txt
2026-07-10 19:34:03,847 | INFO     |   → 997/1342: ✅ 64 взято | 🗑️ 0 мусор
2026-07-10 19:34:03,847 | INFO     |   → 998/1342: ✅ 0 взято | 🗑️ 0 мусор
2026-07-10 19:34:03,847 | INFO     |   → 999/1342: ✅ 0 взято | 🗑️ 0 мусор
2026-07-10 19:34:03,847 | INFO     |   → 1000/1342: ✅ 23 взято | 🗑️ 9 мусор
2026-07-10 19:34:03,847 | INFO     |   → 1001/1342: ✅ 0 взято | 🗑️ 0 мусор
2026-07-10 19:34:03,847 | INFO     |   → 1002/1342: ✅ 0 взято | 🗑️ 0 мусор
2026-07-10 19:34:03,848 | INFO     |   → 1003/1342: ✅ 0 взято | 🗑️ 12 мусор
2026-07-10 19:34:03,848 | INFO     |   → 1004/1342: ✅ 0 взято | 🗑️ 43 мусор
2026-07-10 19:34:03,848 | INFO     |   → 1005/1342 ❌ HTTP 404 — https://raw.githubusercontent.com/jw853355718/clash_233/master/config.yml
2026-07-10 19:34:03,848 | INFO     |   → 1006/1342: ✅ 0 взято | 🗑️ 210 мусор
2026-07-10 19:34:03,848 | INFO     |   → 1007/1342: ✅ 0 взято | 🗑️ 0 мусор
2026-07-10 19:34:03,848 | INFO     |   → 1008/1342: ✅ 0 взято | 🗑️ 0 мусор
2026-07-10 19:34:03,848 | INFO     |   → 1009/1342 ❌ HTTP 404 — https://raw.githubusercontent.com/lcx12901/v2ray-/master/sspool.herokuapp.com/yzcloud.yaml
2026-07-10 19:34:03,848 | INFO     |   → 1010/1342 ❌ HTTP 404 — https://raw.githubusercontent.com/lcx12901/v2ray-/master/sspool.herokuapp.com/yzcloud2.yaml
2026-07-10 19:34:03,848 | INFO     |   → 1011/1342: ✅ 0 взято | 🗑️ 0 мусор
2026-07-10 19:34:03,848 | INFO     |   → 1012/1342 ❌ HTTP 404 — https://raw.githubusercontent.com/learnhard-cn/free_proxy_ss/main/clash/config.yaml
2026-07-10 19:34:03,848 | INFO     |   → 1013/1342: ✅ 0 взято | 🗑️ 8 мусор
2026-07-10 19:34:03,848 | INFO     |   → 1014/1342: ✅ 0 взято | 🗑️ 4 мусор
2026-07-10 19:34:03,848 | INFO     |   → 1015/1342: ✅ 0 взято | 🗑️ 0 мусор
2026-07-10 19:34:03,848 | INFO     |   → 1016/1342: ✅ 0 взято | 🗑️ 4 мусор
2026-07-10 19:34:03,848 | INFO     |   → 1017/1342: ✅ 0 взято | 🗑️ 149 мусор
2026-07-10 19:34:03,848 | INFO     |   → 1018/1342: ✅ 0 взято | 🗑️ 421 мусор
2026-07-10 19:34:03,848 | INFO     |   → 1019/1342 ❌ HTTP 404 — https://raw.githubusercontent.com/lisylva-lee/v2dyku/main/ssr
2026-07-10 19:34:03,848 | INFO     |   → 1020/1342 ❌ HTTP 404 — https://raw.githubusercontent.com/lisylva-lee/v2dyku/main/v2dy
2026-07-10 19:34:03,848 | INFO     |   → 1021/1342: ✅ 0 взято | 🗑️ 53 мусор
2026-07-10 19:34:03,848 | INFO     |   → 1022/1342 ❌ HTTP 404 — https://raw.githubusercontent.com/luxl-1379/merge/77247d23def72b25226dfa741614e9b07a569c72/sub/sub_merge_base64.txt
2026-07-10 19:34:03,848 | INFO     |   → 1023/1342: ✅ 146 взято | 🗑️ 343 мусор
2026-07-10 19:34:03,848 | INFO     |   → 1024/1342: ✅ 78 взято | 🗑️ 121 мусор
2026-07-10 19:34:03,848 | INFO     |   → 1025/1342: ✅ 719 взято | 🗑️ 4270 мусор
2026-07-10 19:34:03,848 | INFO     |   → 1026/1342: ✅ 0 взято | 🗑️ 0 мусор
2026-07-10 19:34:03,848 | INFO     |   → 1027/1342: ✅ 0 взято | 🗑️ 4270 мусор
2026-07-10 19:34:03,848 | INFO     |   → 1028/1342: ✅ 59 взято | 🗑️ 331 мусор
2026-07-10 19:34:03,848 | INFO     |   → 1029/1342 ❌ HTTP 404 — https://raw.githubusercontent.com/mermeroo/Clash-V2ray/main/v2ray
2026-07-10 19:34:03,848 | INFO     |   → 1030/1342: ✅ 15 взято | 🗑️ 417 мусор
2026-07-10 19:34:03,848 | INFO     |   → 1031/1342: ✅ 6 взято | 🗑️ 102 мусор
2026-07-10 19:34:03,848 | INFO     |   → 1032/1342: ✅ 716 взято | 🗑️ 6258 мусор
2026-07-10 19:34:03,848 | INFO     |   → 1033/1342: ✅ 8 взято | 🗑️ 853 мусор
2026-07-10 19:34:03,848 | INFO     |   → 1034/1342: ✅ 32 взято | 🗑️ 69 мусор
2026-07-10 19:34:03,848 | INFO     |   → 1035/1342 ❌ HTTP 404 — https://raw.githubusercontent.com/mermeroo/free-v2ray-collector/main/main/mix
2026-07-10 19:34:03,848 | INFO     |   → 1036/1342 ❌ HTTP 404 — https://raw.githubusercontent.com/mermeroo/free-v2ray-collector/main/main/reality
2026-07-10 19:34:03,848 | INFO     |   → 1037/1342 ❌ HTTP 404 — https://raw.githubusercontent.com/mermeroo/free-v2ray-collector/main/main/shadowsocks
2026-07-10 19:34:03,849 | INFO     |   → 1038/1342 ❌ HTTP 404 — https://raw.githubusercontent.com/mermeroo/free-v2ray-collector/main/main/trojan
2026-07-10 19:34:03,849 | INFO     |   → 1039/1342 ❌ HTTP 404 — https://raw.githubusercontent.com/mermeroo/free-v2ray-collector/main/main/vless
2026-07-10 19:34:03,849 | INFO     |   → 1040/1342 ❌ HTTP 404 — https://raw.githubusercontent.com/mermeroo/free-v2ray-collector/main/main/vmess
2026-07-10 19:34:03,849 | INFO     |   → 1041/1342 ❌ HTTP 404 — https://raw.githubusercontent.com/mfuu/v2ray/master/merge/merge.txt
2026-07-10 19:34:03,849 | INFO     |   → 1042/1342: ✅ 7 взято | 🗑️ 111 мусор
2026-07-10 19:34:03,849 | INFO     |   → 1043/1342: ✅ 0 взято | 🗑️ 111 мусор
2026-07-10 19:34:03,849 | INFO     |   → 1044/1342: ✅ 647 взято | 🗑️ 15692 мусор
2026-07-10 19:34:03,849 | INFO     |   → 1045/1342: ✅ 0 взято | 🗑️ 15692 мусор
2026-07-10 19:34:03,849 | INFO     |   → 1046/1342: ✅ 0 взято | 🗑️ 2841 мусор
2026-07-10 19:34:03,849 | INFO     |   → 1047/1342: ✅ 0 взято | 🗑️ 2235 мусор
2026-07-10 19:34:03,849 | INFO     |   → 1048/1342: ✅ 0 взято | 🗑️ 6246 мусор
2026-07-10 19:34:03,849 | INFO     |   → 1049/1342: ✅ 0 взято | 🗑️ 4370 мусор
2026-07-10 19:34:03,849 | INFO     |   → 1050/1342 ❌ HTTP 404 — https://raw.githubusercontent.com/mianous/qiren/main/qiren.txt
2026-07-10 19:34:03,849 | INFO     |   → 1051/1342 ❌ HTTP 404 — https://raw.githubusercontent.com/miladtahanian/V2RayCFGDumper/refs/heads/main/config.txt
2026-07-10 19:34:03,849 | INFO     |   → 1052/1342 ❌ HTTP 404 — https://raw.githubusercontent.com/miladtahanian/multi-proxy-config-fetcher/refs/heads/main/configs/proxy_configs.txt
2026-07-10 19:34:03,849 | INFO     |   → 1053/1342: ✅ 0 взято | 🗑️ 0 мусор
2026-07-10 19:34:03,849 | INFO     |   → 1054/1342: ✅ 0 взято | 🗑️ 0 мусор
2026-07-10 19:34:03,849 | INFO     |   → 1055/1342: ✅ 0 взято | 🗑️ 0 мусор
2026-07-10 19:34:03,849 | INFO     |   → 1056/1342: ✅ 15 взято | 🗑️ 46 мусор
2026-07-10 19:34:03,849 | INFO     |   → 1057/1342: ✅ 0 взято | 🗑️ 175 мусор
2026-07-10 19:34:03,849 | INFO     |   → 1058/1342: ✅ 0 взято | 🗑️ 0 мусор
2026-07-10 19:34:03,849 | INFO     |   → 1059/1342: ✅ 28 взято | 🗑️ 93 мусор
2026-07-10 19:34:03,849 | INFO     |   → 1060/1342: ✅ 0 взято | 🗑️ 0 мусор
2026-07-10 19:34:03,849 | INFO     |   → 1061/1342: ✅ 15 взято | 🗑️ 70 мусор
2026-07-10 19:34:03,849 | INFO     |   → 1062/1342: ✅ 127 взято | 🗑️ 492 мусор
2026-07-10 19:34:03,849 | INFO     |   → 1063/1342: ✅ 331 взято | 🗑️ 190 мусор
2026-07-10 19:34:03,849 | INFO     |   → 1064/1342: ✅ 38 взято | 🗑️ 1115 мусор
2026-07-10 19:34:03,849 | INFO     |   → 1065/1342 ❌ HTTP 404 — https://raw.githubusercontent.com/obscure1990/freeVM/master/snippets/nodes.yml
2026-07-10 19:34:03,849 | INFO     |   → 1066/1342 ❌ HTTP 404 — https://raw.githubusercontent.com/op30mmd/things/909b38024ba14d69dc0f95c238f63bc6e930a00f/eut.txt
2026-07-10 19:34:03,849 | INFO     |   → 1067/1342 ❌ HTTP 404 — https://raw.githubusercontent.com/openRunner/clash-freenode/main/v2ray.txt
2026-07-10 19:34:03,849 | INFO     |   → 1068/1342 ❌ HTTP 404 — https://raw.githubusercontent.com/oslook/clash-freenode/main/clash.yaml
2026-07-10 19:34:03,849 | INFO     |   → 1069/1342: ✅ 0 взято | 🗑️ 0 мусор
2026-07-10 19:34:03,849 | INFO     |   → 1070/1342: ✅ 4 взято | 🗑️ 1 мусор
2026-07-10 19:34:03,849 | INFO     |   → 1071/1342: ✅ 0 взято | 🗑️ 0 мусор
2026-07-10 19:34:03,849 | INFO     |   → 1072/1342: ✅ 19 взято | 🗑️ 75 мусор
2026-07-10 19:34:03,849 | INFO     |   → 1073/1342: ✅ 0 взято | 🗑️ 0 мусор
2026-07-10 19:34:03,849 | INFO     |   → 1074/1342: ✅ 0 взято | 🗑️ 0 мусор
2026-07-10 19:34:03,849 | INFO     |   → 1075/1342: ✅ 0 взято | 🗑️ 19 мусор
2026-07-10 19:34:03,849 | INFO     |   → 1076/1342: ✅ 0 взято | 🗑️ 44 мусор
2026-07-10 19:34:03,849 | INFO     |   → 1077/1342: ✅ 63 взято | 🗑️ 521 мусор
2026-07-10 19:34:03,849 | INFO     |   → 1078/1342: ✅ 165 взято | 🗑️ 273 мусор
2026-07-10 19:34:03,849 | INFO     |   → 1079/1342: ✅ 0 взято | 🗑️ 0 мусор
2026-07-10 19:34:03,849 | INFO     |   → 1080/1342: ✅ 28 взято | 🗑️ 211 мусор
2026-07-10 19:34:03,849 | INFO     |   → 1081/1342: ✅ 0 взято | 🗑️ 79 мусор
2026-07-10 19:34:03,849 | INFO     |   → 1082/1342: ✅ 13 взято | 🗑️ 32 мусор
2026-07-10 19:34:03,849 | INFO     |   → 1083/1342: ✅ 0 взято | 🗑️ 0 мусор
2026-07-10 19:34:03,849 | INFO     |   → 1084/1342: ✅ 2 взято | 🗑️ 9 мусор
2026-07-10 19:34:03,849 | INFO     |   → 1085/1342: ✅ 11 взято | 🗑️ 76 мусор
2026-07-10 19:34:03,849 | INFO     |   → 1086/1342: ✅ 0 взято | 🗑️ 168 мусор
2026-07-10 19:34:03,849 | INFO     |   → 1087/1342: ✅ 0 взято | 🗑️ 79 мусор
2026-07-10 19:34:03,849 | INFO     |   → 1088/1342: ✅ 0 взято | 🗑️ 14 мусор
2026-07-10 19:34:03,849 | INFO     |   → 1089/1342 ❌ HTTP 404 — https://raw.githubusercontent.com/ronghuaxueleng/get_v2/main/pub/changfengoss.yaml
2026-07-10 19:34:03,850 | INFO     |   → 1090/1342: ✅ 0 взято | 🗑️ 0 мусор
2026-07-10 19:34:03,850 | INFO     |   → 1091/1342: ✅ 91 взято | 🗑️ 56 мусор
2026-07-10 19:34:03,850 | INFO     |   → 1092/1342: ✅ 0 взято | 🗑️ 56 мусор
2026-07-10 19:34:03,850 | INFO     |   → 1093/1342 ❌ HTTP 404 — https://raw.githubusercontent.com/rxsweet/CM_Vmess/refs/heads/main/test.txt
2026-07-10 19:34:03,850 | INFO     |   → 1094/1342 ❌ HTTP 404 — https://raw.githubusercontent.com/rxsweet/proxies/main/sub/free.yaml
2026-07-10 19:34:03,850 | INFO     |   → 1095/1342 ❌ HTTP 404 — https://raw.githubusercontent.com/rxsweet/proxies/main/sub/rx.yaml
2026-07-10 19:34:03,850 | INFO     |   → 1096/1342 ❌ HTTP 404 — https://raw.githubusercontent.com/rxsweet/proxies/main/sub/sources/dynamicAll.yaml
2026-07-10 19:34:03,850 | INFO     |   → 1097/1342 ❌ HTTP 404 — https://raw.githubusercontent.com/rxsweet/proxies/main/sub/sources/miningAll.yaml
2026-07-10 19:34:03,850 | INFO     |   → 1098/1342 ❌ HTTP 404 — https://raw.githubusercontent.com/rxsweet/proxies/main/sub/srx.yaml
2026-07-10 19:34:03,850 | INFO     |   → 1099/1342 ❌ HTTP 404 — https://raw.githubusercontent.com/sajad-sajadi/V2ray-Collector/raw/main/output/protocols/vmess.txt
2026-07-10 19:34:03,850 | INFO     |   → 1100/1342 ❌ HTTP 404 — https://raw.githubusercontent.com/sakha1370/OpenRay/raw/refs/heads/main/output/all_valid_proxies.txt
2026-07-10 19:34:03,850 | INFO     |   → 1101/1342: ✅ 53 взято | 🗑️ 399 мусор
2026-07-10 19:34:03,850 | INFO     |   → 1102/1342: ✅ 0 взято | 🗑️ 399 мусор
2026-07-10 19:34:03,850 | INFO     |   → 1103/1342 ❌ HTTP 404 — https://raw.githubusercontent.com/samjoeyang/subscribe/main/fly
2026-07-10 19:34:03,850 | INFO     |   → 1104/1342: ✅ 0 взято | 🗑️ 0 мусор
2026-07-10 19:34:03,850 | INFO     |   → 1105/1342 ❌ HTTP 404 — https://raw.githubusercontent.com/sarina-ad/v2ray/main/v2ray
2026-07-10 19:34:03,850 | INFO     |   → 1106/1342 ❌ HTTP 404 — https://raw.githubusercontent.com/satrom/V2SSR/master/SSR/Sub.txt
2026-07-10 19:34:03,850 | INFO     |   → 1107/1342 ❌ HTTP 404 — https://raw.githubusercontent.com/satrom/V2SSR/master/V2RAY/Sub.txt
2026-07-10 19:34:03,850 | INFO     |   → 1108/1342: ✅ 3810 взято | 🗑️ 78277 мусор
2026-07-10 19:34:03,850 | INFO     |   → 1109/1342: ✅ 0 взято | 🗑️ 0 мусор
2026-07-10 19:34:03,850 | INFO     |   → 1110/1342: ✅ 0 взято | 🗑️ 0 мусор
2026-07-10 19:34:03,850 | INFO     |   → 1111/1342: ✅ 3 взято | 🗑️ 49 мусор
2026-07-10 19:34:03,850 | INFO     |   → 1112/1342: ✅ 389 взято | 🗑️ 2535 мусор
2026-07-10 19:34:03,850 | INFO     |   → 1113/1342: ✅ 0 взято | 🗑️ 1200 мусор
2026-07-10 19:34:03,850 | INFO     |   → 1114/1342: ✅ 0 взято | 🗑️ 226 мусор
2026-07-10 19:34:03,850 | INFO     |   → 1115/1342: ✅ 0 взято | 🗑️ 1081 мусор
2026-07-10 19:34:03,850 | INFO     |   → 1116/1342: ✅ 0 взято | 🗑️ 28 мусор
2026-07-10 19:34:03,850 | INFO     |   → 1117/1342: ✅ 0 взято | 🗑️ 2535 мусор
2026-07-10 19:34:03,850 | INFO     |   → 1118/1342: ✅ 0 взято | 🗑️ 0 мусор
2026-07-10 19:34:03,850 | INFO     |   → 1119/1342 ❌ HTTP 404 — https://raw.githubusercontent.com/shirkerboy/scp/main/sub
2026-07-10 19:34:03,850 | INFO     |   → 1120/1342 ❌ HTTP 404 — https://raw.githubusercontent.com/snakem982/proxypool/main/nodelist.txt
2026-07-10 19:34:03,850 | INFO     |   → 1121/1342: ✅ 2 взято | 🗑️ 20 мусор
2026-07-10 19:34:03,850 | INFO     |   → 1122/1342 ❌ HTTP 404 — https://raw.githubusercontent.com/snakem982/proxypool/main/source/v2ray.txt
2026-07-10 19:34:03,850 | INFO     |   → 1123/1342 ❌ HTTP 404 — https://raw.githubusercontent.com/soroushmirzaei/telegram-configs-collector/main/channels/protocols/hysteria
2026-07-10 19:34:03,850 | INFO     |   → 1124/1342 ❌ HTTP 404 — https://raw.githubusercontent.com/soroushmirzaei/telegram-configs-collector/main/channels/protocols/juicity
2026-07-10 19:34:03,850 | INFO     |   → 1125/1342 ❌ HTTP 404 — https://raw.githubusercontent.com/soroushmirzaei/telegram-configs-collector/main/channels/protocols/reality
2026-07-10 19:34:03,850 | INFO     |   → 1126/1342 ❌ HTTP 404 — https://raw.githubusercontent.com/soroushmirzaei/telegram-configs-collector/main/channels/protocols/shadowsocks
2026-07-10 19:34:03,850 | INFO     |   → 1127/1342 ❌ HTTP 404 — https://raw.githubusercontent.com/soroushmirzaei/telegram-configs-collector/main/channels/protocols/trojan
2026-07-10 19:34:03,850 | INFO     |   → 1128/1342 ❌ HTTP 404 — https://raw.githubusercontent.com/soroushmirzaei/telegram-configs-collector/main/channels/protocols/tuic
2026-07-10 19:34:03,850 | INFO     |   → 1129/1342 ❌ HTTP 404 — https://raw.githubusercontent.com/soroushmirzaei/telegram-configs-collector/main/channels/protocols/vless
2026-07-10 19:34:03,850 | INFO     |   → 1130/1342 ❌ HTTP 404 — https://raw.githubusercontent.com/soroushmirzaei/telegram-configs-collector/main/channels/protocols/vmess
2026-07-10 19:34:03,850 | INFO     |   → 1131/1342 ❌ HTTP 404 — https://raw.githubusercontent.com/soroushmirzaei/telegram-configs-collector/main/countries/jp/mixed
2026-07-10 19:34:03,850 | INFO     |   → 1132/1342 ❌ HTTP 404 — https://raw.githubusercontent.com/soroushmirzaei/telegram-configs-collector/main/protocols/hysteria
2026-07-10 19:34:03,850 | INFO     |   → 1133/1342 ❌ HTTP 404 — https://raw.githubusercontent.com/soroushmirzaei/telegram-configs-collector/main/protocols/juicity
2026-07-10 19:34:03,850 | INFO     |   → 1134/1342 ❌ HTTP 404 — https://raw.githubusercontent.com/soroushmirzaei/telegram-configs-collector/main/protocols/reality
2026-07-10 19:34:03,850 | INFO     |   → 1135/1342 ❌ HTTP 404 — https://raw.githubusercontent.com/soroushmirzaei/telegram-configs-collector/main/protocols/shadowsocks
2026-07-10 19:34:03,850 | INFO     |   → 1136/1342 ❌ HTTP 404 — https://raw.githubusercontent.com/soroushmirzaei/telegram-configs-collector/main/protocols/trojan
2026-07-10 19:34:03,850 | INFO     |   → 1137/1342 ❌ HTTP 404 — https://raw.githubusercontent.com/soroushmirzaei/telegram-configs-collector/main/protocols/tuic
2026-07-10 19:34:03,850 | INFO     |   → 1138/1342 ❌ HTTP 404 — https://raw.githubusercontent.com/soroushmirzaei/telegram-configs-collector/main/protocols/vless
2026-07-10 19:34:03,850 | INFO     |   → 1139/1342 ❌ HTTP 404 — https://raw.githubusercontent.com/soroushmirzaei/telegram-configs-collector/main/protocols/vmess
2026-07-10 19:34:03,850 | INFO     |   → 1140/1342 ❌ HTTP 404 — https://raw.githubusercontent.com/soroushmirzaei/telegram-configs-collector/main/splitted/subscribe
2026-07-10 19:34:03,850 | INFO     |   → 1141/1342 ❌ HTTP 404 — https://raw.githubusercontent.com/ssrsub/ssr/master/Clash.yml
2026-07-10 19:34:03,850 | INFO     |   → 1142/1342 ❌ HTTP 404 — https://raw.githubusercontent.com/ssrsub/ssr/master/V2Ray
2026-07-10 19:34:03,850 | INFO     |   → 1143/1342 ❌ HTTP 404 — https://raw.githubusercontent.com/ssrsub/ssr/master/ss-sub
2026-07-10 19:34:03,850 | INFO     |   → 1144/1342 ❌ HTTP 404 — https://raw.githubusercontent.com/ssrsub/ssr/master/ssrsub
2026-07-10 19:34:03,850 | INFO     |   → 1145/1342 ❌ HTTP 404 — https://raw.githubusercontent.com/ssrsub/ssr/master/trojan
2026-07-10 19:34:03,850 | INFO     |   → 1146/1342: ✅ 0 взято | 🗑️ 0 мусор
2026-07-10 19:34:03,850 | INFO     |   → 1147/1342: ✅ 2 взято | 🗑️ 12 мусор
2026-07-10 19:34:03,850 | INFO     |   → 1148/1342: ✅ 0 взято | 🗑️ 13 мусор
2026-07-10 19:34:03,850 | INFO     |   → 1149/1342: ✅ 0 взято | 🗑️ 13 мусор
2026-07-10 19:34:03,850 | INFO     |   → 1150/1342 ❌ HTTP 404 — https://raw.githubusercontent.com/tbbatbb/Proxy/master/dist/clash.config.yaml
2026-07-10 19:34:03,850 | INFO     |   → 1151/1342: ✅ 2 взято | 🗑️ 35 мусор
2026-07-10 19:34:03,850 | INFO     |   → 1152/1342: ✅ 0 взято | 🗑️ 0 мусор
2026-07-10 19:34:03,851 | INFO     |   → 1153/1342: ✅ 5 взято | 🗑️ 111 мусор
2026-07-10 19:34:03,851 | INFO     |   → 1154/1342: ✅ 0 взято | 🗑️ 0 мусор
2026-07-10 19:34:03,851 | INFO     |   → 1155/1342: ✅ 4 взято | 🗑️ 119 мусор
2026-07-10 19:34:03,851 | INFO     |   → 1156/1342 ❌ HTTP 404 — https://raw.githubusercontent.com/v2clash/Autoproxy/a81f840ab2364124133572ec94e4b81fb0d4e58d/sub/2401/240104.txt
2026-07-10 19:34:03,851 | INFO     |   → 1157/1342 ❌ HTTP 404 — https://raw.githubusercontent.com/v2clash/V2ray-Configs/31f493c584d0c7b56350f4a34d80c53ad82bcc18/Sub9.txt
2026-07-10 19:34:03,851 | INFO     |   → 1158/1342: ✅ 0 взято | 🗑️ 0 мусор
2026-07-10 19:34:03,851 | INFO     |   → 1159/1342: ✅ 0 взято | 🗑️ 0 мусор
2026-07-10 19:34:03,851 | INFO     |   → 1160/1342: ✅ 0 взято | 🗑️ 0 мусор
2026-07-10 19:34:03,851 | INFO     |   → 1161/1342: ✅ 283 взято | 🗑️ 9640 мусор
2026-07-10 19:34:03,851 | INFO     |   → 1162/1342: ✅ 281 взято | 🗑️ 10086 мусор
2026-07-10 19:34:03,851 | INFO     |   → 1163/1342: ✅ 280 взято | 🗑️ 9675 мусор
2026-07-10 19:34:03,851 | INFO     |   → 1164/1342: ✅ 334 взято | 🗑️ 9823 мусор
2026-07-10 19:34:03,851 | INFO     |   → 1165/1342: ✅ 350 взято | 🗑️ 9639 мусор
2026-07-10 19:34:03,851 | INFO     |   → 1166/1342: ✅ 125 взято | 🗑️ 7919 мусор
2026-07-10 19:34:03,851 | INFO     |   → 1167/1342: ✅ 135 взято | 🗑️ 4836 мусор
2026-07-10 19:34:03,851 | INFO     |   → 1168/1342: ✅ 502 взято | 🗑️ 7659 мусор
2026-07-10 19:34:03,851 | INFO     |   → 1169/1342: ✅ 631 взято | 🗑️ 8081 мусор
2026-07-10 19:34:03,851 | INFO     |   → 1170/1342: ✅ 202 взято | 🗑️ 5131 мусор
2026-07-10 19:34:03,851 | INFO     |   → 1171/1342 ❌ HTTP 404 — https://raw.githubusercontent.com/vveg26/chromego_merge/main/sub/merged_proxies.yaml
2026-07-10 19:34:03,851 | INFO     |   → 1172/1342 ❌ HTTP 404 — https://raw.githubusercontent.com/vveg26/get_proxy/main/dist/clash.config.yaml
2026-07-10 19:34:03,851 | INFO     |   → 1173/1342: ✅ 0 взято | 🗑️ 10 мусор
2026-07-10 19:34:03,851 | INFO     |   → 1174/1342: ✅ 0 взято | 🗑️ 10 мусор
2026-07-10 19:34:03,851 | INFO     |   → 1175/1342: ✅ 0 взято | 🗑️ 4 мусор
2026-07-10 19:34:03,851 | INFO     |   → 1176/1342: ✅ 0 взято | 🗑️ 0 мусор
2026-07-10 19:34:03,851 | INFO     |   → 1177/1342: ✅ 0 взято | 🗑️ 4 мусор
2026-07-10 19:34:03,851 | INFO     |   → 1178/1342: ✅ 106 взято | 🗑️ 689 мусор
2026-07-10 19:34:03,851 | INFO     |   → 1179/1342: ✅ 48 взято | 🗑️ 841 мусор
2026-07-10 19:34:03,851 | INFO     |   → 1180/1342: ✅ 21 взято | 🗑️ 789 мусор
2026-07-10 19:34:03,851 | INFO     |   → 1181/1342: ✅ 24 взято | 🗑️ 774 мусор
2026-07-10 19:34:03,851 | INFO     |   → 1182/1342: ✅ 52 взято | 🗑️ 756 мусор
2026-07-10 19:34:03,851 | INFO     |   → 1183/1342: ✅ 191 взято | 🗑️ 745 мусор
2026-07-10 19:34:03,851 | INFO     |   → 1184/1342: ✅ 9 взято | 🗑️ 651 мусор
2026-07-10 19:34:03,851 | INFO     |   → 1185/1342: ✅ 185 взято | 🗑️ 388 мусор
2026-07-10 19:34:03,851 | INFO     |   → 1186/1342: ✅ 130 взято | 🗑️ 523 мусор
2026-07-10 19:34:03,851 | INFO     |   → 1187/1342: ✅ 67 взято | 🗑️ 533 мусор
2026-07-10 19:34:03,851 | INFO     |   → 1188/1342: ✅ 98 взято | 🗑️ 444 мусор
2026-07-10 19:34:03,851 | INFO     |   → 1189/1342: ✅ 102 взято | 🗑️ 670 мусор
2026-07-10 19:34:03,851 | INFO     |   → 1190/1342: ✅ 86 взято | 🗑️ 476 мусор
2026-07-10 19:34:03,851 | INFO     |   → 1191/1342: ✅ 95 взято | 🗑️ 657 мусор
2026-07-10 19:34:03,851 | INFO     |   → 1192/1342: ✅ 105 взято | 🗑️ 645 мусор
2026-07-10 19:34:03,851 | INFO     |   → 1193/1342: ✅ 115 взято | 🗑️ 985 мусор
2026-07-10 19:34:03,851 | INFO     |   → 1194/1342: ✅ 6 взято | 🗑️ 63 мусор
2026-07-10 19:34:03,851 | INFO     |   → 1195/1342: ✅ 7 взято | 🗑️ 62 мусор
2026-07-10 19:34:03,851 | INFO     |   → 1196/1342: ✅ 39 взято | 🗑️ 489 мусор
2026-07-10 19:34:03,851 | INFO     |   → 1197/1342: ✅ 0 взято | 🗑️ 0 мусор
2026-07-10 19:34:03,851 | INFO     |   → 1198/1342: ✅ 0 взято | 🗑️ 0 мусор
2026-07-10 19:34:03,851 | INFO     |   → 1199/1342: ✅ 0 взято | 🗑️ 0 мусор
2026-07-10 19:34:03,851 | INFO     |   → 1200/1342: ✅ 0 взято | 🗑️ 0 мусор
2026-07-10 19:34:03,851 | INFO     |   → 1201/1342: ✅ 0 взято | 🗑️ 0 мусор
2026-07-10 19:34:03,851 | INFO     |   → 1202/1342: ✅ 0 взято | 🗑️ 52 мусор
2026-07-10 19:34:03,851 | INFO     |   → 1203/1342: ✅ 5 взято | 🗑️ 10 мусор
2026-07-10 19:34:03,851 | INFO     |   → 1204/1342: ✅ 1 взято | 🗑️ 124 мусор
2026-07-10 19:34:03,851 | INFO     |   → 1205/1342: ✅ 144 взято | 🗑️ 249 мусор
2026-07-10 19:34:03,851 | INFO     |   → 1206/1342: ✅ 0 взято | 🗑️ 9 мусор
2026-07-10 19:34:03,851 | INFO     |   → 1207/1342: ✅ 11 взято | 🗑️ 1246 мусор
2026-07-10 19:34:03,851 | INFO     |   → 1208/1342 ❌ HTTP 404 — https://raw.githubusercontent.com/xiaozhu2007/xiaozhu2007/61a755a044dbaeea678bc2d1e20f21a21c6d7170/docs/fxxk.txt
2026-07-10 19:34:03,851 | INFO     |   → 1209/1342: ✅ 1 взято | 🗑️ 159 мусор
2026-07-10 19:34:03,851 | INFO     |   → 1210/1342: ✅ 0 взято | 🗑️ 22 мусор
2026-07-10 19:34:03,851 | INFO     |   → 1211/1342: ✅ 0 взято | 🗑️ 0 мусор
2026-07-10 19:34:03,851 | INFO     |   → 1212/1342 ❌ HTTP 404 — https://raw.githubusercontent.com/yebekhe/TVC/0f745f92bf381e505f1245abbc7c145b19b11503/config.txt
2026-07-10 19:34:03,851 | INFO     |   → 1213/1342 ❌ HTTP 404 — https://raw.githubusercontent.com/yebekhe/TVC/9fac69239c69327fb7a61f5a8d79d107133889e1/lite/config.txt
2026-07-10 19:34:03,851 | INFO     |   → 1214/1342 ❌ HTTP 404 — https://raw.githubusercontent.com/yebekhe/TelegramV2rayCollector/main/sub/normal/donated
2026-07-10 19:34:03,851 | INFO     |   → 1215/1342 ❌ HTTP 404 — https://raw.githubusercontent.com/yebekhe/TelegramV2rayCollector/main/sub/normal/hysteria2
2026-07-10 19:34:03,851 | INFO     |   → 1216/1342 ❌ HTTP 404 — https://raw.githubusercontent.com/yebekhe/TelegramV2rayCollector/main/sub/normal/mix
2026-07-10 19:34:03,851 | INFO     |   → 1217/1342 ❌ HTTP 404 — https://raw.githubusercontent.com/yebekhe/TelegramV2rayCollector/main/sub/normal/reality
2026-07-10 19:34:03,851 | INFO     |   → 1218/1342 ❌ HTTP 404 — https://raw.githubusercontent.com/yebekhe/TelegramV2rayCollector/main/sub/normal/shadowsocks
2026-07-10 19:34:03,851 | INFO     |   → 1219/1342 ❌ HTTP 404 — https://raw.githubusercontent.com/yebekhe/TelegramV2rayCollector/main/sub/normal/trojan
2026-07-10 19:34:03,851 | INFO     |   → 1220/1342 ❌ HTTP 404 — https://raw.githubusercontent.com/yebekhe/TelegramV2rayCollector/main/sub/normal/tuic
2026-07-10 19:34:03,851 | INFO     |   → 1221/1342 ❌ HTTP 404 — https://raw.githubusercontent.com/yebekhe/TelegramV2rayCollector/main/sub/normal/vless
2026-07-10 19:34:03,852 | INFO     |   → 1222/1342 ❌ HTTP 404 — https://raw.githubusercontent.com/yebekhe/TelegramV2rayCollector/main/sub/normal/vmess
2026-07-10 19:34:03,852 | INFO     |   → 1223/1342 ❌ HTTP 404 — https://raw.githubusercontent.com/yebekhe/V2Hub/main/Split/Normal/shadowsocks
2026-07-10 19:34:03,852 | INFO     |   → 1224/1342 ❌ HTTP 404 — https://raw.githubusercontent.com/yebekhe/V2Hub/main/merged
2026-07-10 19:34:03,852 | INFO     |   → 1225/1342: ✅ 0 взято | 🗑️ 30 мусор
2026-07-10 19:34:03,852 | INFO     |   → 1226/1342: ✅ 1417 взято | 🗑️ 10935 мусор
2026-07-10 19:34:03,852 | INFO     |   → 1227/1342: ✅ 8 взято | 🗑️ 544 мусор
2026-07-10 19:34:03,852 | INFO     |   → 1228/1342: ✅ 12 взято | 🗑️ 343 мусор
2026-07-10 19:34:03,852 | INFO     |   → 1229/1342: ✅ 210 взято | 🗑️ 540 мусор
2026-07-10 19:34:03,852 | INFO     |   → 1230/1342: ✅ 0 взято | 🗑️ 1971 мусор
2026-07-10 19:34:03,852 | INFO     |   → 1231/1342: ✅ 3 взято | 🗑️ 544 мусор
2026-07-10 19:34:03,852 | INFO     |   → 1232/1342 ❌ HTTP 404 — https://raw.githubusercontent.com/yyyr-otz/tele-providers-collector/019cb3e07ee52fddbc7caa54fc670c6b9bae6539/sub/proxies.txt
2026-07-10 19:34:03,852 | INFO     |   → 1233/1342 ❌ HTTP 404 — https://raw.githubusercontent.com/yyyr-otz/tele-providers-collector/b7a74ee98bcf02c5a507d688a1bed3aa9f7f4ed1/script/raw/protocols/mixed.txt
2026-07-10 19:34:03,852 | INFO     |   → 1234/1342: ✅ 0 взято | 🗑️ 0 мусор
2026-07-10 19:34:03,852 | INFO     |   → 1235/1342: ✅ 0 взято | 🗑️ 0 мусор
2026-07-10 19:34:03,852 | INFO     |   → 1236/1342: ✅ 1 взято | 🗑️ 18 мусор
2026-07-10 19:34:03,852 | INFO     |   → 1237/1342: ✅ 43 взято | 🗑️ 1246 мусор
2026-07-10 19:34:03,852 | INFO     |   → 1238/1342: ✅ 0 взято | 🗑️ 5 мусор
2026-07-10 19:34:03,852 | INFO     |   → 1239/1342: ✅ 0 взято | 🗑️ 0 мусор
2026-07-10 19:34:03,852 | INFO     |   → 1240/1342 ⚠️ Ошибка: HTTPSConnectionPool(host='sub.pmsub.me', port=443): Max retries exceeded with url: /clash.yaml (Caused by SSLError(SSLCertVerificationError(1, '[SSL: CERTIFICATE_VERIFY_FAILED] certificate verify failed: unable to get local issuer certificate (_ssl.c:1016)'))) — https://sub.pmsub.me/clash.yaml
2026-07-10 19:34:03,852 | INFO     |   → 1241/1342: ✅ 0 взято | 🗑️ 1 мусор
2026-07-10 19:34:03,852 | INFO     |   → 1242/1342: ✅ 8 взято | 🗑️ 21 мусор
2026-07-10 19:34:03,852 | INFO     |   → 1243/1342: ✅ 0 взято | 🗑️ 0 мусор
2026-07-10 19:34:03,852 | INFO     |   → 1244/1342: ✅ 9 взято | 🗑️ 19 мусор
2026-07-10 19:34:03,852 | INFO     |   → 1245/1342: ✅ 0 взято | 🗑️ 0 мусор
2026-07-10 19:34:03,852 | INFO     |   → 1246/1342: ✅ 2 взято | 🗑️ 14 мусор
2026-07-10 19:34:03,852 | INFO     |   → 1247/1342: ✅ 4 взято | 🗑️ 22 мусор
2026-07-10 19:34:03,852 | INFO     |   → 1248/1342: ✅ 0 взято | 🗑️ 0 мусор
2026-07-10 19:34:03,852 | INFO     |   → 1249/1342: ✅ 0 взято | 🗑️ 0 мусор
2026-07-10 19:34:03,852 | INFO     |   → 1250/1342: ✅ 0 взято | 🗑️ 0 мусор
2026-07-10 19:34:03,852 | INFO     |   → 1251/1342: ✅ 2 взято | 🗑️ 16 мусор
2026-07-10 19:34:03,852 | INFO     |   → 1252/1342: ✅ 0 взято | 🗑️ 0 мусор
2026-07-10 19:34:03,852 | INFO     |   → 1253/1342: ✅ 4 взято | 🗑️ 7 мусор
2026-07-10 19:34:03,852 | INFO     |   → 1254/1342: ✅ 0 взято | 🗑️ 0 мусор
2026-07-10 19:34:03,852 | INFO     |   → 1255/1342: ✅ 6 взято | 🗑️ 14 мусор
2026-07-10 19:34:03,852 | INFO     |   → 1256/1342: ✅ 0 взято | 🗑️ 0 мусор
2026-07-10 19:34:03,852 | INFO     |   → 1257/1342: ✅ 2 взято | 🗑️ 13 мусор
2026-07-10 19:34:03,852 | INFO     |   → 1258/1342: ✅ 0 взято | 🗑️ 0 мусор
2026-07-10 19:34:03,852 | INFO     |   → 1259/1342: ✅ 0 взято | 🗑️ 0 мусор
2026-07-10 19:34:03,852 | INFO     |   → 1260/1342: ✅ 2 взято | 🗑️ 7 мусор
2026-07-10 19:34:03,852 | INFO     |   → 1261/1342: ✅ 1 взято | 🗑️ 14 мусор
2026-07-10 19:34:03,852 | INFO     |   → 1262/1342: ✅ 2 взято | 🗑️ 14 мусор
2026-07-10 19:34:03,852 | INFO     |   → 1263/1342: ✅ 0 взято | 🗑️ 0 мусор
2026-07-10 19:34:03,852 | INFO     |   → 1264/1342: ✅ 3 взято | 🗑️ 22 мусор
2026-07-10 19:34:03,852 | INFO     |   → 1265/1342: ✅ 0 взято | 🗑️ 0 мусор
2026-07-10 19:34:03,852 | INFO     |   → 1266/1342: ✅ 2 взято | 🗑️ 15 мусор
2026-07-10 19:34:03,853 | INFO     |   → 1267/1342: ✅ 3 взято | 🗑️ 12 мусор
2026-07-10 19:34:03,853 | INFO     |   → 1268/1342: ✅ 0 взято | 🗑️ 0 мусор
2026-07-10 19:34:03,853 | INFO     |   → 1269/1342: ✅ 0 взято | 🗑️ 0 мусор
2026-07-10 19:34:03,853 | INFO     |   → 1270/1342: ✅ 0 взято | 🗑️ 0 мусор
2026-07-10 19:34:03,853 | INFO     |   → 1271/1342: ✅ 4 взято | 🗑️ 11 мусор
2026-07-10 19:34:03,853 | INFO     |   → 1272/1342: ✅ 10 взято | 🗑️ 15 мусор
2026-07-10 19:34:03,853 | INFO     |   → 1273/1342: ✅ 0 взято | 🗑️ 0 мусор
2026-07-10 19:34:03,853 | INFO     |   → 1274/1342: ✅ 13 взято | 🗑️ 15 мусор
2026-07-10 19:34:03,853 | INFO     |   → 1275/1342: ✅ 0 взято | 🗑️ 0 мусор
2026-07-10 19:34:03,853 | INFO     |   → 1276/1342: ✅ 5 взято | 🗑️ 15 мусор
2026-07-10 19:34:03,853 | INFO     |   → 1277/1342: ✅ 0 взято | 🗑️ 0 мусор
2026-07-10 19:34:03,853 | INFO     |   → 1278/1342: ✅ 8 взято | 🗑️ 16 мусор
2026-07-10 19:34:03,853 | INFO     |   → 1279/1342: ✅ 0 взято | 🗑️ 0 мусор
2026-07-10 19:34:03,853 | INFO     |   → 1280/1342: ✅ 0 взято | 🗑️ 24 мусор
2026-07-10 19:34:03,853 | INFO     |   → 1281/1342: ✅ 0 взято | 🗑️ 0 мусор
2026-07-10 19:34:03,853 | INFO     |   → 1282/1342: ✅ 4 взято | 🗑️ 17 мусор
2026-07-10 19:34:03,853 | INFO     |   → 1283/1342: ✅ 0 взято | 🗑️ 0 мусор
2026-07-10 19:34:03,853 | INFO     |   → 1284/1342: ✅ 12 взято | 🗑️ 18 мусор
2026-07-10 19:34:03,853 | INFO     |   → 1285/1342: ✅ 0 взято | 🗑️ 0 мусор
2026-07-10 19:34:03,853 | INFO     |   → 1286/1342: ✅ 2 взято | 🗑️ 17 мусор
2026-07-10 19:34:03,853 | INFO     |   → 1287/1342: ✅ 0 взято | 🗑️ 0 мусор
2026-07-10 19:34:03,853 | INFO     |   → 1288/1342: ✅ 1 взято | 🗑️ 27 мусор
2026-07-10 19:34:03,853 | INFO     |   → 1289/1342: ✅ 0 взято | 🗑️ 0 мусор
2026-07-10 19:34:03,853 | INFO     |   → 1290/1342: ✅ 4 взято | 🗑️ 15 мусор
2026-07-10 19:34:03,853 | INFO     |   → 1291/1342: ✅ 0 взято | 🗑️ 0 мусор
2026-07-10 19:34:03,853 | INFO     |   → 1292/1342: ✅ 4 взято | 🗑️ 26 мусор
2026-07-10 19:34:03,853 | INFO     |   → 1293/1342: ✅ 0 взято | 🗑️ 0 мусор
2026-07-10 19:34:03,853 | INFO     |   → 1294/1342: ✅ 3 взято | 🗑️ 21 мусор
2026-07-10 19:34:03,853 | INFO     |   → 1295/1342: ✅ 0 взято | 🗑️ 0 мусор
2026-07-10 19:34:03,853 | INFO     |   → 1296/1342: ✅ 8 взято | 🗑️ 12 мусор
2026-07-10 19:34:03,853 | INFO     |   → 1297/1342: ✅ 0 взято | 🗑️ 0 мусор
2026-07-10 19:34:03,853 | INFO     |   → 1298/1342: ✅ 8 взято | 🗑️ 15 мусор
2026-07-10 19:34:03,853 | INFO     |   → 1299/1342: ✅ 0 взято | 🗑️ 0 мусор
2026-07-10 19:34:03,853 | INFO     |   → 1300/1342: ✅ 10 взято | 🗑️ 14 мусор
2026-07-10 19:34:03,853 | INFO     |   → 1301/1342: ✅ 0 взято | 🗑️ 0 мусор
2026-07-10 19:34:03,853 | INFO     |   → 1302/1342: ✅ 5 взято | 🗑️ 18 мусор
2026-07-10 19:34:03,854 | INFO     |   → 1303/1342: ✅ 0 взято | 🗑️ 0 мусор
2026-07-10 19:34:03,854 | INFO     |   → 1304/1342: ✅ 5 взято | 🗑️ 22 мусор
2026-07-10 19:34:03,854 | INFO     |   → 1305/1342: ✅ 0 взято | 🗑️ 0 мусор
2026-07-10 19:34:03,854 | INFO     |   → 1306/1342: ✅ 5 взято | 🗑️ 18 мусор
2026-07-10 19:34:03,854 | INFO     |   → 1307/1342: ✅ 0 взято | 🗑️ 0 мусор
2026-07-10 19:34:03,854 | INFO     |   → 1308/1342: ✅ 1 взято | 🗑️ 23 мусор
2026-07-10 19:34:03,854 | INFO     |   → 1309/1342: ✅ 0 взято | 🗑️ 0 мусор
2026-07-10 19:34:03,854 | INFO     |   → 1310/1342: ✅ 5 взято | 🗑️ 18 мусор
2026-07-10 19:34:03,854 | INFO     |   → 1311/1342: ✅ 0 взято | 🗑️ 0 мусор
2026-07-10 19:34:03,854 | INFO     |   → 1312/1342: ✅ 17 взято | 🗑️ 7 мусор
2026-07-10 19:34:03,854 | INFO     |   → 1313/1342: ✅ 0 взято | 🗑️ 0 мусор
2026-07-10 19:34:03,854 | INFO     |   → 1314/1342: ✅ 3 взято | 🗑️ 17 мусор
2026-07-10 19:34:03,854 | INFO     |   → 1315/1342: ✅ 0 взято | 🗑️ 0 мусор
2026-07-10 19:34:03,854 | INFO     |   → 1316/1342: ✅ 7 взято | 🗑️ 14 мусор
2026-07-10 19:34:03,854 | INFO     |   → 1317/1342: ✅ 0 взято | 🗑️ 0 мусор
2026-07-10 19:34:03,854 | INFO     |   → 1318/1342: ✅ 7 взято | 🗑️ 14 мусор
2026-07-10 19:34:03,854 | INFO     |   → 1319/1342: ✅ 0 взято | 🗑️ 0 мусор
2026-07-10 19:34:03,854 | INFO     |   → 1320/1342: ✅ 8 взято | 🗑️ 11 мусор
2026-07-10 19:34:03,854 | INFO     |   → 1321/1342: ✅ 0 взято | 🗑️ 0 мусор
2026-07-10 19:34:03,854 | INFO     |   → 1322/1342: ✅ 0 взято | 🗑️ 22 мусор
2026-07-10 19:34:03,854 | INFO     |   → 1323/1342: ✅ 0 взято | 🗑️ 0 мусор
2026-07-10 19:34:03,854 | INFO     |   → 1324/1342: ✅ 3 взято | 🗑️ 12 мусор
2026-07-10 19:34:03,854 | INFO     |   → 1325/1342: ✅ 0 взято | 🗑️ 0 мусор
2026-07-10 19:34:03,854 | INFO     |   → 1326/1342: ✅ 0 взято | 🗑️ 7 мусор
2026-07-10 19:34:03,854 | INFO     |   → 1327/1342: ✅ 0 взято | 🗑️ 0 мусор
2026-07-10 19:34:03,854 | INFO     |   → 1328/1342: ✅ 3 взято | 🗑️ 8 мусор
2026-07-10 19:34:03,854 | INFO     |   → 1329/1342: ✅ 0 взято | 🗑️ 0 мусор
2026-07-10 19:34:03,854 | INFO     |   → 1330/1342: ✅ 6 взято | 🗑️ 12 мусор
2026-07-10 19:34:03,854 | INFO     |   → 1331/1342: ✅ 0 взято | 🗑️ 0 мусор
2026-07-10 19:34:03,854 | INFO     |   → 1332/1342: ✅ 2 взято | 🗑️ 12 мусор
2026-07-10 19:34:03,854 | INFO     |   → 1333/1342: ✅ 0 взято | 🗑️ 0 мусор
2026-07-10 19:34:03,854 | INFO     |   → 1334/1342: ✅ 8 взято | 🗑️ 12 мусор
2026-07-10 19:34:03,854 | INFO     |   → 1335/1342: ✅ 0 взято | 🗑️ 0 мусор
2026-07-10 19:34:03,854 | INFO     |   → 1336/1342: ✅ 0 взято | 🗑️ 10 мусор
2026-07-10 19:34:03,854 | INFO     |   → 1337/1342: ✅ 0 взято | 🗑️ 0 мусор
2026-07-10 19:34:03,855 | INFO     |   → 1338/1342: ✅ 7 взято | 🗑️ 14 мусор
2026-07-10 19:34:03,855 | INFO     |   → 1339/1342: ✅ 0 взято | 🗑️ 0 мусор
2026-07-10 19:34:03,855 | INFO     |   → 1340/1342: ✅ 4 взято | 🗑️ 19 мусор
2026-07-10 19:34:03,855 | INFO     |   → 1341/1342: ✅ 0 взято | 🗑️ 0 мусор
2026-07-10 19:34:03,855 | INFO     |   → 1342/1342: ✅ 0 взято | 🗑️ 9 мусор
2026-07-10 19:34:03,855 | INFO     |   → ✅ ГОТОВО!
2026-07-10 19:34:03,855 | INFO     |   →    📥 Всего ключей после фильтра: 27883
2026-07-10 19:34:03,855 | INFO     |   →    🔗 Уникальных IP:PORT:SCHEME: 12242
2026-07-10 19:34:03,855 | INFO     |   →    🗑️ Выброшено мусора: 501083
2026-07-10 19:34:03,855 | INFO     |   → 📊 По протоколам:
2026-07-10 19:34:03,855 | INFO     |   →    vless: 4444
2026-07-10 19:34:03,855 | INFO     |   →    vmess: 3488
2026-07-10 19:34:03,855 | INFO     |   →    trojan: 2196
2026-07-10 19:34:03,855 | INFO     |   →    ss: 1956
2026-07-10 19:34:03,855 | INFO     |   →    hysteria: 14
2026-07-10 19:34:03,855 | INFO     |   →    hysteria2: 31
2026-07-10 19:34:03,855 | INFO     |   →    hy2: 62
2026-07-10 19:34:03,855 | INFO     |   →    tuic: 51
2026-07-10 19:34:03,855 | INFO     | ✅ mirror.py завершён успешно
2026-07-10 19:34:03,855 | INFO     | 
2026-07-10 19:34:03,855 | INFO     | 
2026-07-10 19:34:03,855 | INFO     | ──────────────────────────────────────────────────────────────────────
2026-07-10 19:34:03,855 | INFO     | 📌 ЭТАП: Фильтрация по реальному SNI
2026-07-10 19:34:03,855 | INFO     | ──────────────────────────────────────────────────────────────────────
2026-07-10 19:34:03,855 | INFO     | 🚀 Запуск filter_ru_sni.py (Фильтр по реальному SNI (CDN+RU))...
2026-07-10 19:34:04,080 | INFO     |   → hy2.txt: 62 → 20 (SNI-filtered)
2026-07-10 19:34:04,080 | INFO     |   →   hysteria.txt: 14 → 0 (SNI-filtered)
2026-07-10 19:34:04,080 | INFO     |   →   hysteria2.txt: 31 → 7 (SNI-filtered)
2026-07-10 19:34:04,080 | INFO     |   →   ss.txt: 1956 → 1 (SNI-filtered)
2026-07-10 19:34:04,080 | INFO     |   →   trojan.txt: 2196 → 27 (SNI-filtered)
2026-07-10 19:34:04,080 | INFO     |   →   tuic.txt: 51 → 0 (SNI-filtered)
2026-07-10 19:34:04,080 | INFO     |   →   vless.txt: 4444 → 684 (SNI-filtered)
2026-07-10 19:34:04,080 | INFO     |   →   vmess.txt: 3488 → 39 (SNI-filtered)
2026-07-10 19:34:04,080 | INFO     |   → ==================================================
2026-07-10 19:34:04,080 | INFO     |   →   Всего входных:  12242
2026-07-10 19:34:04,080 | INFO     |   →   Прошли фильтр:  778
2026-07-10 19:34:04,080 | INFO     |   →   Отброшено:      11464
2026-07-10 19:34:04,080 | INFO     |   → ==================================================
2026-07-10 19:34:04,080 | INFO     |   → Готово → /home/runner/work/vpn-vless-configs-russia/vpn-vless-configs-russia/githubmirror/ru-sni
2026-07-10 19:34:04,080 | INFO     | ✅ filter_ru_sni.py завершён успешно
2026-07-10 19:34:04,080 | INFO     | 
2026-07-10 19:34:04,080 | INFO     | 
2026-07-10 19:34:04,080 | INFO     | ──────────────────────────────────────────────────────────────────────
2026-07-10 19:34:04,080 | INFO     | 📌 ЭТАП: Экспериментальный RU-SNI фильтр
2026-07-10 19:34:04,080 | INFO     | ──────────────────────────────────────────────────────────────────────
2026-07-10 19:34:04,080 | INFO     | 🚀 Запуск filter_ru_sni_local.py (Экспериментальный фильтр по RU-SNI (локальные домены))...
2026-07-10 19:34:04,230 | INFO     |   → hy2.txt: 62 → 0 (RU-SNI)
2026-07-10 19:34:04,231 | INFO     |   → hysteria.txt: 14 → 0 (RU-SNI)
2026-07-10 19:34:04,231 | INFO     |   → hysteria2.txt: 31 → 0 (RU-SNI)
2026-07-10 19:34:04,231 | INFO     |   → ss.txt: 1956 → 0 (RU-SNI)
2026-07-10 19:34:04,231 | INFO     |   → trojan.txt: 2196 → 0 (RU-SNI)
2026-07-10 19:34:04,231 | INFO     |   → tuic.txt: 51 → 0 (RU-SNI)
2026-07-10 19:34:04,231 | INFO     |   → vless.txt: 4444 → 105 (RU-SNI)
2026-07-10 19:34:04,231 | INFO     |   → vmess.txt: 3488 → 0 (RU-SNI)
2026-07-10 19:34:04,231 | INFO     |   → ==================================================
2026-07-10 19:34:04,231 | INFO     |   → Всего входных:  12242
2026-07-10 19:34:04,231 | INFO     |   → Прошли RU-SNI:  105
2026-07-10 19:34:04,231 | INFO     |   → Отброшено:      12137
2026-07-10 19:34:04,231 | INFO     |   → ==================================================
2026-07-10 19:34:04,231 | INFO     |   → Готово → /home/runner/work/vpn-vless-configs-russia/vpn-vless-configs-russia/githubmirror/ru-sni-local
2026-07-10 19:34:04,231 | INFO     | ✅ filter_ru_sni_local.py завершён успешно
2026-07-10 19:34:04,231 | INFO     | 
2026-07-10 19:34:04,231 | INFO     | 
2026-07-10 19:34:04,231 | INFO     | ──────────────────────────────────────────────────────────────────────
2026-07-10 19:34:04,231 | INFO     | 📌 ЭТАП: Сбор статистики
2026-07-10 19:34:04,231 | INFO     | ──────────────────────────────────────────────────────────────────────
2026-07-10 19:34:04,231 | INFO     | 📊 Сбор статистики...
2026-07-10 19:34:04,231 | INFO     |   📁 githubmirror/clean:
2026-07-10 19:34:04,231 | INFO     |     • hy2         :    62 конфигов
2026-07-10 19:34:04,232 | INFO     |     • hysteria    :    14 конфигов
2026-07-10 19:34:04,232 | INFO     |     • hysteria2   :    31 конфигов
2026-07-10 19:34:04,233 | INFO     |     • ss          :  1956 конфигов
2026-07-10 19:34:04,235 | INFO     |     • trojan      :  2196 конфигов
2026-07-10 19:34:04,235 | INFO     |     • tuic        :    51 конфигов
2026-07-10 19:34:04,239 | INFO     |     • vless       :  4444 конфигов
2026-07-10 19:34:04,241 | INFO     |     • vmess       :  3488 конфигов
2026-07-10 19:34:04,241 | INFO     |   📁 githubmirror/ru-sni:
2026-07-10 19:34:04,241 | INFO     |     • hy2         :    20 конфигов ( 32.3% от clean)
2026-07-10 19:34:04,241 | INFO     |     • hysteria    :     0 конфигов (  0.0% от clean)
2026-07-10 19:34:04,242 | INFO     |     • hysteria2   :     7 конфигов ( 22.6% от clean)
2026-07-10 19:34:04,242 | INFO     |     • ss          :     1 конфигов (  0.1% от clean)
2026-07-10 19:34:04,242 | INFO     |     • trojan      :    27 конфигов (  1.2% от clean)
2026-07-10 19:34:04,242 | INFO     |     • tuic        :     0 конфигов (  0.0% от clean)
2026-07-10 19:34:04,243 | INFO     |     • vless       :   684 конфигов ( 15.4% от clean)
2026-07-10 19:34:04,243 | INFO     |     • vmess       :    39 конфигов (  1.1% от clean)
2026-07-10 19:34:04,243 | INFO     | 
2026-07-10 19:34:04,243 | INFO     |   ──────────────────────────────────────────────────
2026-07-10 19:34:04,243 | INFO     |   📈 ИТОГО:
2026-07-10 19:34:04,243 | INFO     |     Clean (после geo-фильтра):    12242
2026-07-10 19:34:04,243 | INFO     |     RU-SNI (после SNI-фильтра):     778
2026-07-10 19:34:04,243 | INFO     |     Прошло фильтр:                  6.4%
2026-07-10 19:34:04,243 | INFO     |   ──────────────────────────────────────────────────
2026-07-10 19:34:04,243 | INFO     | ✅ Статистика сохранена: /home/runner/work/vpn-vless-configs-russia/vpn-vless-configs-russia/stats.json
2026-07-10 19:34:04,243 | INFO     | 
2026-07-10 19:34:04,243 | INFO     | ======================================================================
2026-07-10 19:34:04,243 | INFO     | 📊 ИТОГОВЫЙ ОТЧЁТ
2026-07-10 19:34:04,243 | INFO     | ======================================================================
2026-07-10 19:34:04,243 | INFO     |   ✅ OK         | Загрузка и geo-фильтрация
2026-07-10 19:34:04,243 | INFO     |   ✅ OK         | Фильтрация по реальному SNI
2026-07-10 19:34:04,243 | INFO     |   ✅ OK         | Экспериментальный RU-SNI фильтр
2026-07-10 19:34:04,243 | INFO     |   ✅ OK         | Сбор статистики
2026-07-10 19:34:04,244 | INFO     | ──────────────────────────────────────────────────────────────────────
2026-07-10 19:34:04,244 | INFO     | ✅ ВСЕ ЭТАПЫ УСПЕШНЫ (4/4)
2026-07-10 19:34:04,244 | INFO     | ⏰ Время завершения: 2026-07-10 19:34:04
2026-07-10 19:34:04,244 | INFO     | ======================================================================
