2026-06-20 02:48:03,923 | INFO     | ======================================================================
2026-06-20 02:48:03,923 | INFO     | 🔍 VPN KEY CHECKER - Начало проверки
2026-06-20 02:48:03,923 | INFO     | ⏰ Время старта: 2026-06-20 02:48:03
2026-06-20 02:48:03,923 | INFO     | 📂 Рабочая директория: /home/runner/work/vpn-vless-configs-russia/vpn-vless-configs-russia
2026-06-20 02:48:03,923 | INFO     | ======================================================================
2026-06-20 02:48:03,923 | INFO     | 
2026-06-20 02:48:03,923 | INFO     | 🔍 Проверка наличия скриптов...
2026-06-20 02:48:03,923 | INFO     |   ✅ mirror.py
2026-06-20 02:48:03,923 | INFO     |   ✅ filter_ru_sni.py
2026-06-20 02:48:03,923 | INFO     |   ✅ filter_ru_sni_local.py
2026-06-20 02:48:03,923 | INFO     | 
2026-06-20 02:48:03,923 | INFO     | 
2026-06-20 02:48:03,923 | INFO     | ──────────────────────────────────────────────────────────────────────
2026-06-20 02:48:03,923 | INFO     | 📌 ЭТАП: Загрузка и geo-фильтрация
2026-06-20 02:48:03,923 | INFO     | ──────────────────────────────────────────────────────────────────────
2026-06-20 02:48:03,923 | INFO     | 🚀 Запуск mirror.py (Загрузка и фильтрация по РФ/СНГ/Европа)...
2026-06-20 02:54:12,794 | INFO     |   → 🚀 Старт: всего источников (старые + новые): 1243
2026-06-20 02:54:12,794 | INFO     |   → 1/1243: ✅ 13 взято | 🗑️ 242 мусор
2026-06-20 02:54:12,794 | INFO     |   → 2/1243: ✅ 0 взято | 🗑️ 0 мусор
2026-06-20 02:54:12,794 | INFO     |   → 3/1243 ❌ HTTP 404 — https://bitbucket.org/huwo1/proxy_nodes/raw/f31ca9ec67b84071515729ff45b011b6b09c10f2/clash.yaml
2026-06-20 02:54:12,794 | INFO     |   → 4/1243 ❌ HTTP 404 — https://cdn.jsdelivr.net/gh/cry0ice/genode@main/public/all.txt
2026-06-20 02:54:12,794 | INFO     |   → 5/1243 ❌ HTTP 404 — https://cdn.jsdelivr.net/gh/cry0ice/genode@main/public/ss.txt
2026-06-20 02:54:12,794 | INFO     |   → 6/1243 ❌ HTTP 404 — https://cdn.jsdelivr.net/gh/cry0ice/genode@main/public/ssr.txt
2026-06-20 02:54:12,794 | INFO     |   → 7/1243 ❌ HTTP 404 — https://cdn.jsdelivr.net/gh/cry0ice/genode@main/public/trojan.txt
2026-06-20 02:54:12,794 | INFO     |   → 8/1243 ❌ HTTP 404 — https://cdn.jsdelivr.net/gh/cry0ice/genode@main/public/vless.txt
2026-06-20 02:54:12,794 | INFO     |   → 9/1243 ❌ HTTP 404 — https://cdn.jsdelivr.net/gh/cry0ice/genode@main/public/vmess.txt
2026-06-20 02:54:12,794 | INFO     |   → 10/1243: ✅ 0 взято | 🗑️ 0 мусор
2026-06-20 02:54:12,794 | INFO     |   → 11/1243: ✅ 0 взято | 🗑️ 0 мусор
2026-06-20 02:54:12,794 | INFO     |   → 12/1243: ✅ 0 взято | 🗑️ 0 мусор
2026-06-20 02:54:12,794 | INFO     |   → 13/1243: ✅ 0 взято | 🗑️ 0 мусор
2026-06-20 02:54:12,794 | INFO     |   → 14/1243: ✅ 0 взято | 🗑️ 0 мусор
2026-06-20 02:54:12,794 | INFO     |   → 15/1243: ✅ 0 взято | 🗑️ 0 мусор
2026-06-20 02:54:12,794 | INFO     |   → 16/1243: ✅ 0 взято | 🗑️ 0 мусор
2026-06-20 02:54:12,794 | INFO     |   → 17/1243: ✅ 0 взято | 🗑️ 0 мусор
2026-06-20 02:54:12,794 | INFO     |   → 18/1243: ✅ 0 взято | 🗑️ 0 мусор
2026-06-20 02:54:12,794 | INFO     |   → 19/1243: ✅ 0 взято | 🗑️ 0 мусор
2026-06-20 02:54:12,794 | INFO     |   → 20/1243: ✅ 0 взято | 🗑️ 0 мусор
2026-06-20 02:54:12,794 | INFO     |   → 21/1243: ✅ 0 взято | 🗑️ 0 мусор
2026-06-20 02:54:12,794 | INFO     |   → 22/1243: ✅ 0 взято | 🗑️ 0 мусор
2026-06-20 02:54:12,794 | INFO     |   → 23/1243: ✅ 0 взято | 🗑️ 0 мусор
2026-06-20 02:54:12,794 | INFO     |   → 24/1243: ✅ 0 взято | 🗑️ 0 мусор
2026-06-20 02:54:12,794 | INFO     |   → 25/1243: ✅ 0 взято | 🗑️ 0 мусор
2026-06-20 02:54:12,794 | INFO     |   → 26/1243: ✅ 0 взято | 🗑️ 0 мусор
2026-06-20 02:54:12,794 | INFO     |   → 27/1243: ✅ 0 взято | 🗑️ 0 мусор
2026-06-20 02:54:12,794 | INFO     |   → 28/1243: ✅ 0 взято | 🗑️ 0 мусор
2026-06-20 02:54:12,794 | INFO     |   → 29/1243: ✅ 0 взято | 🗑️ 0 мусор
2026-06-20 02:54:12,794 | INFO     |   → 30/1243: ✅ 0 взято | 🗑️ 0 мусор
2026-06-20 02:54:12,794 | INFO     |   → 31/1243: ✅ 0 взято | 🗑️ 0 мусор
2026-06-20 02:54:12,794 | INFO     |   → 32/1243: ✅ 0 взято | 🗑️ 0 мусор
2026-06-20 02:54:12,794 | INFO     |   → 33/1243: ✅ 0 взято | 🗑️ 0 мусор
2026-06-20 02:54:12,794 | INFO     |   → 34/1243: ✅ 0 взято | 🗑️ 0 мусор
2026-06-20 02:54:12,794 | INFO     |   → 35/1243: ✅ 0 взято | 🗑️ 0 мусор
2026-06-20 02:54:12,794 | INFO     |   → 36/1243: ✅ 0 взято | 🗑️ 0 мусор
2026-06-20 02:54:12,794 | INFO     |   → 37/1243: ✅ 0 взято | 🗑️ 0 мусор
2026-06-20 02:54:12,794 | INFO     |   → 38/1243: ✅ 0 взято | 🗑️ 0 мусор
2026-06-20 02:54:12,794 | INFO     |   → 39/1243: ✅ 0 взято | 🗑️ 0 мусор
2026-06-20 02:54:12,794 | INFO     |   → 40/1243: ✅ 0 взято | 🗑️ 0 мусор
2026-06-20 02:54:12,794 | INFO     |   → 41/1243: ✅ 0 взято | 🗑️ 0 мусор
2026-06-20 02:54:12,794 | INFO     |   → 42/1243: ✅ 0 взято | 🗑️ 0 мусор
2026-06-20 02:54:12,794 | INFO     |   → 43/1243: ✅ 0 взято | 🗑️ 0 мусор
2026-06-20 02:54:12,794 | INFO     |   → 44/1243: ✅ 0 взято | 🗑️ 0 мусор
2026-06-20 02:54:12,794 | INFO     |   → 45/1243: ✅ 0 взято | 🗑️ 0 мусор
2026-06-20 02:54:12,794 | INFO     |   → 46/1243: ✅ 0 взято | 🗑️ 0 мусор
2026-06-20 02:54:12,794 | INFO     |   → 47/1243: ✅ 0 взято | 🗑️ 0 мусор
2026-06-20 02:54:12,794 | INFO     |   → 48/1243: ✅ 0 взято | 🗑️ 0 мусор
2026-06-20 02:54:12,794 | INFO     |   → 49/1243: ✅ 0 взято | 🗑️ 0 мусор
2026-06-20 02:54:12,794 | INFO     |   → 50/1243: ✅ 0 взято | 🗑️ 0 мусор
2026-06-20 02:54:12,794 | INFO     |   → 51/1243: ✅ 0 взято | 🗑️ 0 мусор
2026-06-20 02:54:12,795 | INFO     |   → 52/1243: ✅ 0 взято | 🗑️ 0 мусор
2026-06-20 02:54:12,795 | INFO     |   → 53/1243: ✅ 0 взято | 🗑️ 0 мусор
2026-06-20 02:54:12,795 | INFO     |   → 54/1243: ✅ 0 взято | 🗑️ 0 мусор
2026-06-20 02:54:12,795 | INFO     |   → 55/1243: ✅ 0 взято | 🗑️ 0 мусор
2026-06-20 02:54:12,795 | INFO     |   → 56/1243: ✅ 0 взято | 🗑️ 0 мусор
2026-06-20 02:54:12,795 | INFO     |   → 57/1243: ✅ 0 взято | 🗑️ 0 мусор
2026-06-20 02:54:12,795 | INFO     |   → 58/1243: ✅ 0 взято | 🗑️ 0 мусор
2026-06-20 02:54:12,795 | INFO     |   → 59/1243: ✅ 0 взято | 🗑️ 0 мусор
2026-06-20 02:54:12,795 | INFO     |   → 60/1243: ✅ 0 взято | 🗑️ 0 мусор
2026-06-20 02:54:12,795 | INFO     |   → 61/1243: ✅ 0 взято | 🗑️ 0 мусор
2026-06-20 02:54:12,795 | INFO     |   → 62/1243: ✅ 0 взято | 🗑️ 0 мусор
2026-06-20 02:54:12,795 | INFO     |   → 63/1243: ✅ 0 взято | 🗑️ 0 мусор
2026-06-20 02:54:12,795 | INFO     |   → 64/1243: ✅ 0 взято | 🗑️ 0 мусор
2026-06-20 02:54:12,795 | INFO     |   → 65/1243: ✅ 0 взято | 🗑️ 0 мусор
2026-06-20 02:54:12,795 | INFO     |   → 66/1243: ✅ 0 взято | 🗑️ 0 мусор
2026-06-20 02:54:12,795 | INFO     |   → 67/1243: ✅ 0 взято | 🗑️ 0 мусор
2026-06-20 02:54:12,795 | INFO     |   → 68/1243: ✅ 0 взято | 🗑️ 0 мусор
2026-06-20 02:54:12,795 | INFO     |   → 69/1243: ✅ 0 взято | 🗑️ 0 мусор
2026-06-20 02:54:12,795 | INFO     |   → 70/1243: ✅ 0 взято | 🗑️ 0 мусор
2026-06-20 02:54:12,795 | INFO     |   → 71/1243: ✅ 0 взято | 🗑️ 0 мусор
2026-06-20 02:54:12,795 | INFO     |   → 72/1243: ✅ 0 взято | 🗑️ 0 мусор
2026-06-20 02:54:12,795 | INFO     |   → 73/1243: ✅ 0 взято | 🗑️ 0 мусор
2026-06-20 02:54:12,795 | INFO     |   → 74/1243: ✅ 0 взято | 🗑️ 0 мусор
2026-06-20 02:54:12,795 | INFO     |   → 75/1243: ✅ 0 взято | 🗑️ 0 мусор
2026-06-20 02:54:12,795 | INFO     |   → 76/1243: ✅ 0 взято | 🗑️ 0 мусор
2026-06-20 02:54:12,795 | INFO     |   → 77/1243: ✅ 0 взято | 🗑️ 0 мусор
2026-06-20 02:54:12,795 | INFO     |   → 78/1243: ✅ 0 взято | 🗑️ 0 мусор
2026-06-20 02:54:12,795 | INFO     |   → 79/1243: ✅ 0 взято | 🗑️ 0 мусор
2026-06-20 02:54:12,795 | INFO     |   → 80/1243: ✅ 0 взято | 🗑️ 0 мусор
2026-06-20 02:54:12,795 | INFO     |   → 81/1243: ✅ 0 взято | 🗑️ 0 мусор
2026-06-20 02:54:12,795 | INFO     |   → 82/1243: ✅ 0 взято | 🗑️ 0 мусор
2026-06-20 02:54:12,795 | INFO     |   → 83/1243: ✅ 0 взято | 🗑️ 0 мусор
2026-06-20 02:54:12,795 | INFO     |   → 84/1243: ✅ 0 взято | 🗑️ 0 мусор
2026-06-20 02:54:12,795 | INFO     |   → 85/1243: ✅ 0 взято | 🗑️ 0 мусор
2026-06-20 02:54:12,795 | INFO     |   → 86/1243: ✅ 0 взято | 🗑️ 0 мусор
2026-06-20 02:54:12,795 | INFO     |   → 87/1243: ✅ 0 взято | 🗑️ 0 мусор
2026-06-20 02:54:12,795 | INFO     |   → 88/1243: ✅ 0 взято | 🗑️ 0 мусор
2026-06-20 02:54:12,795 | INFO     |   → 89/1243: ✅ 0 взято | 🗑️ 0 мусор
2026-06-20 02:54:12,795 | INFO     |   → 90/1243: ✅ 0 взято | 🗑️ 0 мусор
2026-06-20 02:54:12,795 | INFO     |   → 91/1243: ✅ 0 взято | 🗑️ 0 мусор
2026-06-20 02:54:12,795 | INFO     |   → 92/1243: ✅ 0 взято | 🗑️ 0 мусор
2026-06-20 02:54:12,795 | INFO     |   → 93/1243: ✅ 0 взято | 🗑️ 0 мусор
2026-06-20 02:54:12,795 | INFO     |   → 94/1243: ✅ 0 взято | 🗑️ 0 мусор
2026-06-20 02:54:12,795 | INFO     |   → 95/1243: ✅ 0 взято | 🗑️ 0 мусор
2026-06-20 02:54:12,795 | INFO     |   → 96/1243: ✅ 0 взято | 🗑️ 0 мусор
2026-06-20 02:54:12,795 | INFO     |   → 97/1243: ✅ 0 взято | 🗑️ 0 мусор
2026-06-20 02:54:12,795 | INFO     |   → 98/1243: ✅ 0 взято | 🗑️ 0 мусор
2026-06-20 02:54:12,795 | INFO     |   → 99/1243: ✅ 0 взято | 🗑️ 0 мусор
2026-06-20 02:54:12,795 | INFO     |   → 100/1243: ✅ 0 взято | 🗑️ 0 мусор
2026-06-20 02:54:12,795 | INFO     |   → 101/1243: ✅ 0 взято | 🗑️ 0 мусор
2026-06-20 02:54:12,795 | INFO     |   → 102/1243: ✅ 0 взято | 🗑️ 0 мусор
2026-06-20 02:54:12,795 | INFO     |   → 103/1243: ✅ 0 взято | 🗑️ 0 мусор
2026-06-20 02:54:12,795 | INFO     |   → 104/1243: ✅ 0 взято | 🗑️ 0 мусор
2026-06-20 02:54:12,795 | INFO     |   → 105/1243: ✅ 0 взято | 🗑️ 0 мусор
2026-06-20 02:54:12,795 | INFO     |   → 106/1243: ✅ 0 взято | 🗑️ 0 мусор
2026-06-20 02:54:12,795 | INFO     |   → 107/1243: ✅ 0 взято | 🗑️ 0 мусор
2026-06-20 02:54:12,795 | INFO     |   → 108/1243: ✅ 0 взято | 🗑️ 0 мусор
2026-06-20 02:54:12,795 | INFO     |   → 109/1243: ✅ 0 взято | 🗑️ 0 мусор
2026-06-20 02:54:12,795 | INFO     |   → 110/1243: ✅ 0 взято | 🗑️ 0 мусор
2026-06-20 02:54:12,795 | INFO     |   → 111/1243: ✅ 0 взято | 🗑️ 0 мусор
2026-06-20 02:54:12,795 | INFO     |   → 112/1243: ✅ 0 взято | 🗑️ 0 мусор
2026-06-20 02:54:12,795 | INFO     |   → 113/1243: ✅ 0 взято | 🗑️ 0 мусор
2026-06-20 02:54:12,795 | INFO     |   → 114/1243: ✅ 0 взято | 🗑️ 0 мусор
2026-06-20 02:54:12,795 | INFO     |   → 115/1243: ✅ 0 взято | 🗑️ 0 мусор
2026-06-20 02:54:12,795 | INFO     |   → 116/1243: ✅ 0 взято | 🗑️ 0 мусор
2026-06-20 02:54:12,795 | INFO     |   → 117/1243: ✅ 0 взято | 🗑️ 0 мусор
2026-06-20 02:54:12,795 | INFO     |   → 118/1243: ✅ 0 взято | 🗑️ 0 мусор
2026-06-20 02:54:12,795 | INFO     |   → 119/1243: ✅ 0 взято | 🗑️ 0 мусор
2026-06-20 02:54:12,795 | INFO     |   → 120/1243: ✅ 0 взято | 🗑️ 0 мусор
2026-06-20 02:54:12,795 | INFO     |   → 121/1243: ✅ 0 взято | 🗑️ 0 мусор
2026-06-20 02:54:12,795 | INFO     |   → 122/1243: ✅ 0 взято | 🗑️ 0 мусор
2026-06-20 02:54:12,795 | INFO     |   → 123/1243: ✅ 0 взято | 🗑️ 0 мусор
2026-06-20 02:54:12,795 | INFO     |   → 124/1243: ✅ 0 взято | 🗑️ 0 мусор
2026-06-20 02:54:12,795 | INFO     |   → 125/1243: ✅ 0 взято | 🗑️ 0 мусор
2026-06-20 02:54:12,795 | INFO     |   → 126/1243: ✅ 0 взято | 🗑️ 0 мусор
2026-06-20 02:54:12,795 | INFO     |   → 127/1243: ✅ 0 взято | 🗑️ 0 мусор
2026-06-20 02:54:12,795 | INFO     |   → 128/1243: ✅ 0 взято | 🗑️ 0 мусор
2026-06-20 02:54:12,795 | INFO     |   → 129/1243: ✅ 0 взято | 🗑️ 0 мусор
2026-06-20 02:54:12,795 | INFO     |   → 130/1243: ✅ 0 взято | 🗑️ 0 мусор
2026-06-20 02:54:12,795 | INFO     |   → 131/1243: ✅ 0 взято | 🗑️ 0 мусор
2026-06-20 02:54:12,795 | INFO     |   → 132/1243: ✅ 0 взято | 🗑️ 0 мусор
2026-06-20 02:54:12,795 | INFO     |   → 133/1243: ✅ 0 взято | 🗑️ 0 мусор
2026-06-20 02:54:12,795 | INFO     |   → 134/1243: ✅ 0 взято | 🗑️ 0 мусор
2026-06-20 02:54:12,795 | INFO     |   → 135/1243: ✅ 0 взято | 🗑️ 0 мусор
2026-06-20 02:54:12,795 | INFO     |   → 136/1243: ✅ 0 взято | 🗑️ 0 мусор
2026-06-20 02:54:12,795 | INFO     |   → 137/1243: ✅ 0 взято | 🗑️ 0 мусор
2026-06-20 02:54:12,795 | INFO     |   → 138/1243: ✅ 0 взято | 🗑️ 0 мусор
2026-06-20 02:54:12,795 | INFO     |   → 139/1243: ✅ 0 взято | 🗑️ 0 мусор
2026-06-20 02:54:12,795 | INFO     |   → 140/1243: ✅ 0 взято | 🗑️ 0 мусор
2026-06-20 02:54:12,795 | INFO     |   → 141/1243: ✅ 0 взято | 🗑️ 0 мусор
2026-06-20 02:54:12,795 | INFO     |   → 142/1243: ✅ 0 взято | 🗑️ 0 мусор
2026-06-20 02:54:12,795 | INFO     |   → 143/1243: ✅ 0 взято | 🗑️ 0 мусор
2026-06-20 02:54:12,796 | INFO     |   → 144/1243: ✅ 0 взято | 🗑️ 0 мусор
2026-06-20 02:54:12,796 | INFO     |   → 145/1243: ✅ 0 взято | 🗑️ 0 мусор
2026-06-20 02:54:12,796 | INFO     |   → 146/1243: ✅ 0 взято | 🗑️ 0 мусор
2026-06-20 02:54:12,796 | INFO     |   → 147/1243: ✅ 0 взято | 🗑️ 0 мусор
2026-06-20 02:54:12,796 | INFO     |   → 148/1243: ✅ 0 взято | 🗑️ 0 мусор
2026-06-20 02:54:12,796 | INFO     |   → 149/1243: ✅ 0 взято | 🗑️ 0 мусор
2026-06-20 02:54:12,796 | INFO     |   → 150/1243: ✅ 0 взято | 🗑️ 0 мусор
2026-06-20 02:54:12,796 | INFO     |   → 151/1243: ✅ 0 взято | 🗑️ 0 мусор
2026-06-20 02:54:12,796 | INFO     |   → 152/1243 ❌ HTTP 404 — https://freessrnode.github.io/uploads/2024/08/0-20240822.txt
2026-06-20 02:54:12,796 | INFO     |   → 153/1243 ❌ HTTP 404 — https://freessrnode.github.io/uploads/2024/08/1-20240822.txt
2026-06-20 02:54:12,796 | INFO     |   → 154/1243 ❌ HTTP 404 — https://freessrnode.github.io/uploads/2024/08/2-20240822.txt
2026-06-20 02:54:12,796 | INFO     |   → 155/1243 ❌ HTTP 404 — https://freessrnode.github.io/uploads/2024/08/3-20240822.txt
2026-06-20 02:54:12,796 | INFO     |   → 156/1243 ❌ HTTP 404 — https://freessrnode.github.io/uploads/2024/08/4-20240822.txt
2026-06-20 02:54:12,796 | INFO     |   → 157/1243 ⚠️ Ошибка: HTTPSConnectionPool(host='freevpnspy.githubrowcontent.com', port=443): Max retries exceeded with url: /2024/08/20240802_novless.yaml (Caused by NameResolutionError("HTTPSConnection(host='freevpnspy.githubrowcontent.com', port=443): Failed to resolve 'freevpnspy.githubrowcontent.com' ([Errno -2] Name or service not known)")) — https://freevpnspy.githubrowcontent.com/2024/08/20240802_novless.yaml
2026-06-20 02:54:12,796 | INFO     |   → 158/1243 ⚠️ Ошибка: HTTPSConnectionPool(host='freevpnspy.githubrowcontent.com', port=443): Max retries exceeded with url: /2024/08/20240802_vless.yaml (Caused by NameResolutionError("HTTPSConnection(host='freevpnspy.githubrowcontent.com', port=443): Failed to resolve 'freevpnspy.githubrowcontent.com' ([Errno -2] Name or service not known)")) — https://freevpnspy.githubrowcontent.com/2024/08/20240802_vless.yaml
2026-06-20 02:54:12,796 | INFO     |   → 159/1243: ✅ 0 взято | 🗑️ 0 мусор
2026-06-20 02:54:12,796 | INFO     |   → 160/1243: ✅ 5 взято | 🗑️ 166 мусор
2026-06-20 02:54:12,796 | INFO     |   → 161/1243: ✅ 14 взято | 🗑️ 292 мусор
2026-06-20 02:54:12,796 | INFO     |   → 162/1243: ✅ 0 взято | 🗑️ 115 мусор
2026-06-20 02:54:12,796 | INFO     |   → 163/1243: ✅ 14 взято | 🗑️ 218 мусор
2026-06-20 02:54:12,796 | INFO     |   → 164/1243: ✅ 7 взято | 🗑️ 148 мусор
2026-06-20 02:54:12,796 | INFO     |   → 165/1243: ✅ 0 взято | 🗑️ 0 мусор
2026-06-20 02:54:12,796 | INFO     |   → 166/1243: ✅ 10 взято | 🗑️ 232 мусор
2026-06-20 02:54:12,796 | INFO     |   → 167/1243: ✅ 4 взято | 🗑️ 151 мусор
2026-06-20 02:54:12,796 | INFO     |   → 168/1243: ✅ 0 взято | 🗑️ 0 мусор
2026-06-20 02:54:12,796 | INFO     |   → 169/1243: ✅ 0 взято | 🗑️ 0 мусор
2026-06-20 02:54:12,796 | INFO     |   → 170/1243: ✅ 0 взято | 🗑️ 0 мусор
2026-06-20 02:54:12,796 | INFO     |   → 171/1243: ✅ 0 взято | 🗑️ 0 мусор
2026-06-20 02:54:12,796 | INFO     |   → 172/1243: ✅ 0 взято | 🗑️ 0 мусор
2026-06-20 02:54:12,796 | INFO     |   → 173/1243: ✅ 7 взято | 🗑️ 113 мусор
2026-06-20 02:54:12,796 | INFO     |   → 174/1243: ✅ 0 взято | 🗑️ 0 мусор
2026-06-20 02:54:12,796 | INFO     |   → 175/1243: ✅ 0 взято | 🗑️ 0 мусор
2026-06-20 02:54:12,796 | INFO     |   → 176/1243: ✅ 0 взято | 🗑️ 0 мусор
2026-06-20 02:54:12,796 | INFO     |   → 177/1243: ✅ 1 взято | 🗑️ 169 мусор
2026-06-20 02:54:12,796 | INFO     |   → 178/1243: ✅ 0 взято | 🗑️ 0 мусор
2026-06-20 02:54:12,796 | INFO     |   → 179/1243: ✅ 5 взято | 🗑️ 211 мусор
2026-06-20 02:54:12,796 | INFO     |   → 180/1243: ✅ 0 взято | 🗑️ 0 мусор
2026-06-20 02:54:12,796 | INFO     |   → 181/1243: ✅ 1 взято | 🗑️ 213 мусор
2026-06-20 02:54:12,796 | INFO     |   → 182/1243: ✅ 0 взято | 🗑️ 0 мусор
2026-06-20 02:54:12,796 | INFO     |   → 183/1243: ✅ 0 взято | 🗑️ 0 мусор
2026-06-20 02:54:12,796 | INFO     |   → 184/1243: ✅ 1 взято | 🗑️ 226 мусор
2026-06-20 02:54:12,796 | INFO     |   → 185/1243: ✅ 3 взято | 🗑️ 152 мусор
2026-06-20 02:54:12,796 | INFO     |   → 186/1243: ✅ 0 взято | 🗑️ 0 мусор
2026-06-20 02:54:12,796 | INFO     |   → 187/1243: ✅ 0 взято | 🗑️ 0 мусор
2026-06-20 02:54:12,796 | INFO     |   → 188/1243: ✅ 0 взято | 🗑️ 0 мусор
2026-06-20 02:54:12,796 | INFO     |   → 189/1243: ✅ 0 взято | 🗑️ 300 мусор
2026-06-20 02:54:12,796 | INFO     |   → 190/1243: ✅ 0 взято | 🗑️ 0 мусор
2026-06-20 02:54:12,796 | INFO     |   → 191/1243: ✅ 0 взято | 🗑️ 142 мусор
2026-06-20 02:54:12,796 | INFO     |   → 192/1243: ✅ 2 взято | 🗑️ 124 мусор
2026-06-20 02:54:12,796 | INFO     |   → 193/1243: ✅ 0 взято | 🗑️ 0 мусор
2026-06-20 02:54:12,796 | INFO     |   → 194/1243: ✅ 1 взято | 🗑️ 104 мусор
2026-06-20 02:54:12,796 | INFO     |   → 195/1243: ✅ 0 взято | 🗑️ 193 мусор
2026-06-20 02:54:12,796 | INFO     |   → 196/1243: ✅ 2 взято | 🗑️ 115 мусор
2026-06-20 02:54:12,796 | INFO     |   → 197/1243: ✅ 7 взято | 🗑️ 179 мусор
2026-06-20 02:54:12,796 | INFO     |   → 198/1243: ✅ 0 взято | 🗑️ 0 мусор
2026-06-20 02:54:12,796 | INFO     |   → 199/1243: ✅ 0 взято | 🗑️ 0 мусор
2026-06-20 02:54:12,796 | INFO     |   → 200/1243: ✅ 0 взято | 🗑️ 125 мусор
2026-06-20 02:54:12,796 | INFO     |   → 201/1243: ✅ 0 взято | 🗑️ 296 мусор
2026-06-20 02:54:12,796 | INFO     |   → 202/1243: ✅ 1 взято | 🗑️ 141 мусор
2026-06-20 02:54:12,796 | INFO     |   → 203/1243: ✅ 1 взято | 🗑️ 279 мусор
2026-06-20 02:54:12,796 | INFO     |   → 204/1243: ✅ 0 взято | 🗑️ 130 мусор
2026-06-20 02:54:12,796 | INFO     |   → 205/1243: ✅ 2 взято | 🗑️ 105 мусор
2026-06-20 02:54:12,796 | INFO     |   → 206/1243: ✅ 0 взято | 🗑️ 0 мусор
2026-06-20 02:54:12,796 | INFO     |   → 207/1243: ✅ 3 взято | 🗑️ 268 мусор
2026-06-20 02:54:12,796 | INFO     |   → 208/1243: ✅ 0 взято | 🗑️ 248 мусор
2026-06-20 02:54:12,796 | INFO     |   → 209/1243: ✅ 0 взято | 🗑️ 0 мусор
2026-06-20 02:54:12,796 | INFO     |   → 210/1243: ✅ 1 взято | 🗑️ 139 мусор
2026-06-20 02:54:12,796 | INFO     |   → 211/1243: ✅ 1 взято | 🗑️ 109 мусор
2026-06-20 02:54:12,796 | INFO     |   → 212/1243: ✅ 0 взято | 🗑️ 0 мусор
2026-06-20 02:54:12,796 | INFO     |   → 213/1243: ✅ 0 взято | 🗑️ 0 мусор
2026-06-20 02:54:12,796 | INFO     |   → 214/1243: ✅ 0 взято | 🗑️ 0 мусор
2026-06-20 02:54:12,796 | INFO     |   → 215/1243: ✅ 0 взято | 🗑️ 137 мусор
2026-06-20 02:54:12,796 | INFO     |   → 216/1243: ✅ 0 взято | 🗑️ 0 мусор
2026-06-20 02:54:12,796 | INFO     |   → 217/1243: ✅ 0 взято | 🗑️ 0 мусор
2026-06-20 02:54:12,796 | INFO     |   → 218/1243: ✅ 0 взято | 🗑️ 198 мусор
2026-06-20 02:54:12,796 | INFO     |   → 219/1243: ✅ 0 взято | 🗑️ 0 мусор
2026-06-20 02:54:12,796 | INFO     |   → 220/1243: ✅ 0 взято | 🗑️ 0 мусор
2026-06-20 02:54:12,796 | INFO     |   → 221/1243: ✅ 0 взято | 🗑️ 0 мусор
2026-06-20 02:54:12,796 | INFO     |   → 222/1243: ✅ 0 взято | 🗑️ 0 мусор
2026-06-20 02:54:12,796 | INFO     |   → 223/1243 ❌ HTTP 404 — https://github.com/Epodonios/bulk-xray-v2ray-vless-vmess-...-configs/raw/main/sub/Albania/config.txt
2026-06-20 02:54:12,796 | INFO     |   → 224/1243 ❌ HTTP 404 — https://github.com/Epodonios/bulk-xray-v2ray-vless-vmess-...-configs/raw/main/sub/Cura%C3%A7ao/config.txt
2026-06-20 02:54:12,796 | INFO     |   → 225/1243 ❌ HTTP 404 — https://github.com/Epodonios/bulk-xray-v2ray-vless-vmess-...-configs/raw/main/sub/Finland/config.txt
2026-06-20 02:54:12,796 | INFO     |   → 226/1243 ❌ HTTP 404 — https://github.com/Epodonios/bulk-xray-v2ray-vless-vmess-...-configs/raw/main/sub/Iran/config.txt
2026-06-20 02:54:12,796 | INFO     |   → 227/1243 ❌ HTTP 404 — https://github.com/Epodonios/bulk-xray-v2ray-vless-vmess-...-configs/raw/main/sub/Netherlands/config.txt
2026-06-20 02:54:12,796 | INFO     |   → 228/1243 ❌ HTTP 404 — https://github.com/Epodonios/bulk-xray-v2ray-vless-vmess-...-configs/raw/main/sub/Norway/config.txt
2026-06-20 02:54:12,796 | INFO     |   → 229/1243 ❌ HTTP 404 — https://github.com/Epodonios/bulk-xray-v2ray-vless-vmess-...-configs/raw/main/sub/Russia/config.txt
2026-06-20 02:54:12,796 | INFO     |   → 230/1243: ✅ 13 взято | 🗑️ 70 мусор
2026-06-20 02:54:12,796 | INFO     |   → 231/1243: ✅ 0 взято | 🗑️ 4 мусор
2026-06-20 02:54:12,796 | INFO     |   → 232/1243: ✅ 0 взято | 🗑️ 7 мусор
2026-06-20 02:54:12,796 | INFO     |   → 233/1243: ✅ 0 взято | 🗑️ 51 мусор
2026-06-20 02:54:12,796 | INFO     |   → 234/1243: ✅ 0 взято | 🗑️ 8 мусор
2026-06-20 02:54:12,796 | INFO     |   → 235/1243: ✅ 0 взято | 🗑️ 0 мусор
2026-06-20 02:54:12,796 | INFO     |   → 236/1243: ✅ 17 взято | 🗑️ 119 мусор
2026-06-20 02:54:12,796 | INFO     |   → 237/1243 ❌ HTTP 404 — https://github.com/MrMohebi/xray-proxy-grabber-telegram/raw/master/collected-proxies/clash-meta/all.yaml
2026-06-20 02:54:12,796 | INFO     |   → 238/1243 ❌ HTTP 404 — https://github.com/MrMohebi/xray-proxy-grabber-telegram/raw/master/collected-proxies/row-url/all.txt
2026-06-20 02:54:12,796 | INFO     |   → 239/1243: ✅ 0 взято | 🗑️ 0 мусор
2026-06-20 02:54:12,796 | INFO     |   → 240/1243: ✅ 0 взято | 🗑️ 113 мусор
2026-06-20 02:54:12,796 | INFO     |   → 241/1243: ✅ 0 взято | 🗑️ 119 мусор
2026-06-20 02:54:12,796 | INFO     |   → 242/1243 ❌ HTTP 404 — https://github.com/abbasdvd3/abbasdvd10/73ec60de7a6c6aa6df4c14b511c1da60686891ca/ppo.txt
2026-06-20 02:54:12,796 | INFO     |   → 243/1243 ❌ HTTP 404 — https://github.com/acymz/AutoVPN/refs/heads/main/data/V2.txt
2026-06-20 02:54:12,797 | INFO     |   → 244/1243: ✅ 0 взято | 🗑️ 0 мусор
2026-06-20 02:54:12,797 | INFO     |   → 245/1243: ✅ 0 взято | 🗑️ 0 мусор
2026-06-20 02:54:12,797 | INFO     |   → 246/1243: ✅ 0 взято | 🗑️ 0 мусор
2026-06-20 02:54:12,797 | INFO     |   → 247/1243: ✅ 0 взято | 🗑️ 0 мусор
2026-06-20 02:54:12,797 | INFO     |   → 248/1243: ✅ 0 взято | 🗑️ 0 мусор
2026-06-20 02:54:12,797 | INFO     |   → 249/1243: ✅ 0 взято | 🗑️ 0 мусор
2026-06-20 02:54:12,797 | INFO     |   → 250/1243: ✅ 0 взято | 🗑️ 0 мусор
2026-06-20 02:54:12,797 | INFO     |   → 251/1243 ❌ HTTP 404 — https://github.com/mermeroo/V2RAY-FREE/raw/main/All_Configs_base64_Sub.txt
2026-06-20 02:54:12,797 | INFO     |   → 252/1243 ❌ HTTP 404 — https://github.com/mermeroo/V2RAY-FREE/raw/main/Base64/Sub1_base64.txt
2026-06-20 02:54:12,797 | INFO     |   → 253/1243 ❌ HTTP 404 — https://github.com/mermeroo/V2RAY-FREE/raw/main/Base64/Sub2_base64.txt
2026-06-20 02:54:12,797 | INFO     |   → 254/1243 ❌ HTTP 404 — https://github.com/mermeroo/V2RAY-FREE/raw/main/Base64/Sub3_base64.txt
2026-06-20 02:54:12,797 | INFO     |   → 255/1243 ❌ HTTP 404 — https://github.com/mermeroo/V2RAY-FREE/raw/main/Base64/Sub4_base64.txt
2026-06-20 02:54:12,797 | INFO     |   → 256/1243 ❌ HTTP 404 — https://github.com/mermeroo/V2RAY-FREE/raw/main/Base64/Sub5_base64.txt
2026-06-20 02:54:12,797 | INFO     |   → 257/1243 ❌ HTTP 404 — https://github.com/mermeroo/telegram-configs-collector/raw/main/protocols/hysteria
2026-06-20 02:54:12,797 | INFO     |   → 258/1243 ❌ HTTP 404 — https://github.com/mermeroo/telegram-configs-collector/raw/main/protocols/juicity
2026-06-20 02:54:12,797 | INFO     |   → 259/1243 ❌ HTTP 404 — https://github.com/mermeroo/telegram-configs-collector/raw/main/protocols/tuic
2026-06-20 02:54:12,797 | INFO     |   → 260/1243: ✅ 5 взято | 🗑️ 16 мусор
2026-06-20 02:54:12,797 | INFO     |   → 261/1243: ✅ 0 взято | 🗑️ 0 мусор
2026-06-20 02:54:12,797 | INFO     |   → 262/1243: ✅ 0 взято | 🗑️ 0 мусор
2026-06-20 02:54:12,797 | INFO     |   → 263/1243: ✅ 0 взято | 🗑️ 0 мусор
2026-06-20 02:54:12,797 | INFO     |   → 264/1243: ✅ 3 взято | 🗑️ 238 мусор
2026-06-20 02:54:12,797 | INFO     |   → 265/1243: ✅ 0 взято | 🗑️ 0 мусор
2026-06-20 02:54:12,797 | INFO     |   → 266/1243: ✅ 3 взято | 🗑️ 239 мусор
2026-06-20 02:54:12,797 | INFO     |   → 267/1243: ✅ 0 взято | 🗑️ 0 мусор
2026-06-20 02:54:12,797 | INFO     |   → 268/1243: ✅ 0 взято | 🗑️ 255 мусор
2026-06-20 02:54:12,797 | INFO     |   → 269/1243: ✅ 0 взято | 🗑️ 0 мусор
2026-06-20 02:54:12,797 | INFO     |   → 270/1243: ✅ 1 взято | 🗑️ 249 мусор
2026-06-20 02:54:12,797 | INFO     |   → 271/1243: ✅ 0 взято | 🗑️ 0 мусор
2026-06-20 02:54:12,797 | INFO     |   → 272/1243: ✅ 0 взято | 🗑️ 207 мусор
2026-06-20 02:54:12,797 | INFO     |   → 273/1243: ✅ 0 взято | 🗑️ 0 мусор
2026-06-20 02:54:12,797 | INFO     |   → 274/1243: ✅ 0 взято | 🗑️ 228 мусор
2026-06-20 02:54:12,797 | INFO     |   → 275/1243: ✅ 0 взято | 🗑️ 0 мусор
2026-06-20 02:54:12,797 | INFO     |   → 276/1243: ✅ 1 взято | 🗑️ 291 мусор
2026-06-20 02:54:12,797 | INFO     |   → 277/1243: ✅ 0 взято | 🗑️ 0 мусор
2026-06-20 02:54:12,797 | INFO     |   → 278/1243: ✅ 3 взято | 🗑️ 221 мусор
2026-06-20 02:54:12,797 | INFO     |   → 279/1243: ✅ 0 взято | 🗑️ 0 мусор
2026-06-20 02:54:12,797 | INFO     |   → 280/1243: ✅ 1 взято | 🗑️ 222 мусор
2026-06-20 02:54:12,797 | INFO     |   → 281/1243: ✅ 0 взято | 🗑️ 0 мусор
2026-06-20 02:54:12,797 | INFO     |   → 282/1243: ✅ 1 взято | 🗑️ 218 мусор
2026-06-20 02:54:12,797 | INFO     |   → 283/1243: ✅ 0 взято | 🗑️ 0 мусор
2026-06-20 02:54:12,797 | INFO     |   → 284/1243: ✅ 0 взято | 🗑️ 193 мусор
2026-06-20 02:54:12,797 | INFO     |   → 285/1243: ✅ 0 взято | 🗑️ 0 мусор
2026-06-20 02:54:12,797 | INFO     |   → 286/1243: ✅ 0 взято | 🗑️ 290 мусор
2026-06-20 02:54:12,797 | INFO     |   → 287/1243: ✅ 0 взято | 🗑️ 0 мусор
2026-06-20 02:54:12,797 | INFO     |   → 288/1243: ✅ 0 взято | 🗑️ 238 мусор
2026-06-20 02:54:12,797 | INFO     |   → 289/1243: ✅ 0 взято | 🗑️ 0 мусор
2026-06-20 02:54:12,797 | INFO     |   → 290/1243: ✅ 0 взято | 🗑️ 221 мусор
2026-06-20 02:54:12,797 | INFO     |   → 291/1243: ✅ 0 взято | 🗑️ 0 мусор
2026-06-20 02:54:12,797 | INFO     |   → 292/1243: ✅ 0 взято | 🗑️ 248 мусор
2026-06-20 02:54:12,797 | INFO     |   → 293/1243: ✅ 0 взято | 🗑️ 0 мусор
2026-06-20 02:54:12,797 | INFO     |   → 294/1243: ✅ 0 взято | 🗑️ 203 мусор
2026-06-20 02:54:12,797 | INFO     |   → 295/1243: ✅ 0 взято | 🗑️ 0 мусор
2026-06-20 02:54:12,797 | INFO     |   → 296/1243: ✅ 0 взято | 🗑️ 208 мусор
2026-06-20 02:54:12,797 | INFO     |   → 297/1243: ✅ 0 взято | 🗑️ 0 мусор
2026-06-20 02:54:12,797 | INFO     |   → 298/1243: ✅ 2 взято | 🗑️ 209 мусор
2026-06-20 02:54:12,797 | INFO     |   → 299/1243: ✅ 0 взято | 🗑️ 0 мусор
2026-06-20 02:54:12,797 | INFO     |   → 300/1243: ✅ 0 взято | 🗑️ 258 мусор
2026-06-20 02:54:12,797 | INFO     |   → 301/1243: ✅ 0 взято | 🗑️ 0 мусор
2026-06-20 02:54:12,797 | INFO     |   → 302/1243: ✅ 0 взято | 🗑️ 296 мусор
2026-06-20 02:54:12,797 | INFO     |   → 303/1243: ✅ 0 взято | 🗑️ 0 мусор
2026-06-20 02:54:12,797 | INFO     |   → 304/1243: ✅ 1 взято | 🗑️ 286 мусор
2026-06-20 02:54:12,797 | INFO     |   → 305/1243: ✅ 0 взято | 🗑️ 0 мусор
2026-06-20 02:54:12,797 | INFO     |   → 306/1243: ✅ 0 взято | 🗑️ 195 мусор
2026-06-20 02:54:12,797 | INFO     |   → 307/1243: ✅ 0 взято | 🗑️ 0 мусор
2026-06-20 02:54:12,797 | INFO     |   → 308/1243: ✅ 0 взято | 🗑️ 170 мусор
2026-06-20 02:54:12,797 | INFO     |   → 309/1243: ✅ 0 взято | 🗑️ 0 мусор
2026-06-20 02:54:12,797 | INFO     |   → 310/1243: ✅ 0 взято | 🗑️ 160 мусор
2026-06-20 02:54:12,797 | INFO     |   → 311/1243: ✅ 0 взято | 🗑️ 0 мусор
2026-06-20 02:54:12,797 | INFO     |   → 312/1243: ✅ 0 взято | 🗑️ 121 мусор
2026-06-20 02:54:12,797 | INFO     |   → 313/1243: ✅ 0 взято | 🗑️ 0 мусор
2026-06-20 02:54:12,797 | INFO     |   → 314/1243: ✅ 0 взято | 🗑️ 135 мусор
2026-06-20 02:54:12,797 | INFO     |   → 315/1243: ✅ 0 взято | 🗑️ 0 мусор
2026-06-20 02:54:12,797 | INFO     |   → 316/1243: ✅ 1 взято | 🗑️ 129 мусор
2026-06-20 02:54:12,797 | INFO     |   → 317/1243: ✅ 0 взято | 🗑️ 0 мусор
2026-06-20 02:54:12,797 | INFO     |   → 318/1243: ✅ 0 взято | 🗑️ 189 мусор
2026-06-20 02:54:12,797 | INFO     |   → 319/1243: ✅ 0 взято | 🗑️ 0 мусор
2026-06-20 02:54:12,797 | INFO     |   → 320/1243: ✅ 3 взято | 🗑️ 147 мусор
2026-06-20 02:54:12,797 | INFO     |   → 321/1243: ✅ 0 взято | 🗑️ 0 мусор
2026-06-20 02:54:12,797 | INFO     |   → 322/1243: ✅ 1 взято | 🗑️ 183 мусор
2026-06-20 02:54:12,797 | INFO     |   → 323/1243: ✅ 0 взято | 🗑️ 0 мусор
2026-06-20 02:54:12,797 | INFO     |   → 324/1243: ✅ 0 взято | 🗑️ 155 мусор
2026-06-20 02:54:12,797 | INFO     |   → 325/1243: ✅ 0 взято | 🗑️ 0 мусор
2026-06-20 02:54:12,797 | INFO     |   → 326/1243: ✅ 0 взято | 🗑️ 114 мусор
2026-06-20 02:54:12,797 | INFO     |   → 327/1243: ✅ 0 взято | 🗑️ 0 мусор
2026-06-20 02:54:12,797 | INFO     |   → 328/1243: ✅ 0 взято | 🗑️ 239 мусор
2026-06-20 02:54:12,797 | INFO     |   → 329/1243: ✅ 0 взято | 🗑️ 0 мусор
2026-06-20 02:54:12,797 | INFO     |   → 330/1243: ✅ 0 взято | 🗑️ 204 мусор
2026-06-20 02:54:12,797 | INFO     |   → 331/1243: ✅ 0 взято | 🗑️ 0 мусор
2026-06-20 02:54:12,797 | INFO     |   → 332/1243: ✅ 0 взято | 🗑️ 232 мусор
2026-06-20 02:54:12,797 | INFO     |   → 333/1243: ✅ 0 взято | 🗑️ 0 мусор
2026-06-20 02:54:12,797 | INFO     |   → 334/1243: ✅ 0 взято | 🗑️ 192 мусор
2026-06-20 02:54:12,797 | INFO     |   → 335/1243: ✅ 0 взято | 🗑️ 0 мусор
2026-06-20 02:54:12,797 | INFO     |   → 336/1243: ✅ 0 взято | 🗑️ 183 мусор
2026-06-20 02:54:12,797 | INFO     |   → 337/1243: ✅ 0 взято | 🗑️ 0 мусор
2026-06-20 02:54:12,797 | INFO     |   → 338/1243: ✅ 0 взято | 🗑️ 169 мусор
2026-06-20 02:54:12,797 | INFO     |   → 339/1243: ✅ 0 взято | 🗑️ 0 мусор
2026-06-20 02:54:12,797 | INFO     |   → 340/1243: ✅ 0 взято | 🗑️ 167 мусор
2026-06-20 02:54:12,797 | INFO     |   → 341/1243: ✅ 0 взято | 🗑️ 0 мусор
2026-06-20 02:54:12,797 | INFO     |   → 342/1243: ✅ 0 взято | 🗑️ 193 мусор
2026-06-20 02:54:12,797 | INFO     |   → 343/1243: ✅ 0 взято | 🗑️ 0 мусор
2026-06-20 02:54:12,798 | INFO     |   → 344/1243: ✅ 1 взято | 🗑️ 161 мусор
2026-06-20 02:54:12,798 | INFO     |   → 345/1243: ✅ 0 взято | 🗑️ 0 мусор
2026-06-20 02:54:12,798 | INFO     |   → 346/1243: ✅ 0 взято | 🗑️ 171 мусор
2026-06-20 02:54:12,798 | INFO     |   → 347/1243: ✅ 0 взято | 🗑️ 0 мусор
2026-06-20 02:54:12,798 | INFO     |   → 348/1243: ✅ 0 взято | 🗑️ 174 мусор
2026-06-20 02:54:12,798 | INFO     |   → 349/1243: ✅ 0 взято | 🗑️ 0 мусор
2026-06-20 02:54:12,798 | INFO     |   → 350/1243: ✅ 0 взято | 🗑️ 206 мусор
2026-06-20 02:54:12,798 | INFO     |   → 351/1243: ✅ 0 взято | 🗑️ 0 мусор
2026-06-20 02:54:12,798 | INFO     |   → 352/1243: ✅ 0 взято | 🗑️ 170 мусор
2026-06-20 02:54:12,798 | INFO     |   → 353/1243: ✅ 0 взято | 🗑️ 0 мусор
2026-06-20 02:54:12,798 | INFO     |   → 354/1243: ✅ 1 взято | 🗑️ 196 мусор
2026-06-20 02:54:12,798 | INFO     |   → 355/1243: ✅ 0 взято | 🗑️ 0 мусор
2026-06-20 02:54:12,798 | INFO     |   → 356/1243: ✅ 0 взято | 🗑️ 208 мусор
2026-06-20 02:54:12,798 | INFO     |   → 357/1243: ✅ 0 взято | 🗑️ 0 мусор
2026-06-20 02:54:12,798 | INFO     |   → 358/1243: ✅ 0 взято | 🗑️ 162 мусор
2026-06-20 02:54:12,798 | INFO     |   → 359/1243: ✅ 0 взято | 🗑️ 0 мусор
2026-06-20 02:54:12,798 | INFO     |   → 360/1243: ✅ 0 взято | 🗑️ 116 мусор
2026-06-20 02:54:12,798 | INFO     |   → 361/1243: ✅ 0 взято | 🗑️ 0 мусор
2026-06-20 02:54:12,798 | INFO     |   → 362/1243: ✅ 0 взято | 🗑️ 132 мусор
2026-06-20 02:54:12,798 | INFO     |   → 363/1243: ✅ 0 взято | 🗑️ 0 мусор
2026-06-20 02:54:12,798 | INFO     |   → 364/1243: ✅ 0 взято | 🗑️ 132 мусор
2026-06-20 02:54:12,798 | INFO     |   → 365/1243: ✅ 0 взято | 🗑️ 0 мусор
2026-06-20 02:54:12,798 | INFO     |   → 366/1243: ✅ 1 взято | 🗑️ 113 мусор
2026-06-20 02:54:12,798 | INFO     |   → 367/1243: ✅ 0 взято | 🗑️ 0 мусор
2026-06-20 02:54:12,798 | INFO     |   → 368/1243: ✅ 0 взято | 🗑️ 103 мусор
2026-06-20 02:54:12,798 | INFO     |   → 369/1243: ✅ 0 взято | 🗑️ 0 мусор
2026-06-20 02:54:12,798 | INFO     |   → 370/1243: ✅ 3 взято | 🗑️ 213 мусор
2026-06-20 02:54:12,798 | INFO     |   → 371/1243: ✅ 0 взято | 🗑️ 0 мусор
2026-06-20 02:54:12,798 | INFO     |   → 372/1243: ✅ 1 взято | 🗑️ 130 мусор
2026-06-20 02:54:12,798 | INFO     |   → 373/1243: ✅ 0 взято | 🗑️ 0 мусор
2026-06-20 02:54:12,798 | INFO     |   → 374/1243: ✅ 0 взято | 🗑️ 135 мусор
2026-06-20 02:54:12,798 | INFO     |   → 375/1243: ✅ 0 взято | 🗑️ 0 мусор
2026-06-20 02:54:12,798 | INFO     |   → 376/1243: ✅ 0 взято | 🗑️ 145 мусор
2026-06-20 02:54:12,798 | INFO     |   → 377/1243: ✅ 0 взято | 🗑️ 0 мусор
2026-06-20 02:54:12,798 | INFO     |   → 378/1243: ✅ 0 взято | 🗑️ 157 мусор
2026-06-20 02:54:12,798 | INFO     |   → 379/1243: ✅ 0 взято | 🗑️ 0 мусор
2026-06-20 02:54:12,798 | INFO     |   → 380/1243: ✅ 0 взято | 🗑️ 131 мусор
2026-06-20 02:54:12,798 | INFO     |   → 381/1243: ✅ 0 взято | 🗑️ 0 мусор
2026-06-20 02:54:12,798 | INFO     |   → 382/1243: ✅ 1 взято | 🗑️ 124 мусор
2026-06-20 02:54:12,798 | INFO     |   → 383/1243: ✅ 0 взято | 🗑️ 0 мусор
2026-06-20 02:54:12,798 | INFO     |   → 384/1243: ✅ 2 взято | 🗑️ 189 мусор
2026-06-20 02:54:12,798 | INFO     |   → 385/1243: ✅ 0 взято | 🗑️ 0 мусор
2026-06-20 02:54:12,798 | INFO     |   → 386/1243: ✅ 1 взято | 🗑️ 279 мусор
2026-06-20 02:54:12,798 | INFO     |   → 387/1243: ✅ 0 взято | 🗑️ 0 мусор
2026-06-20 02:54:12,798 | INFO     |   → 388/1243: ✅ 0 взято | 🗑️ 270 мусор
2026-06-20 02:54:12,798 | INFO     |   → 389/1243: ✅ 0 взято | 🗑️ 0 мусор
2026-06-20 02:54:12,798 | INFO     |   → 390/1243: ✅ 0 взято | 🗑️ 161 мусор
2026-06-20 02:54:12,798 | INFO     |   → 391/1243: ✅ 0 взято | 🗑️ 0 мусор
2026-06-20 02:54:12,798 | INFO     |   → 392/1243: ✅ 3 взято | 🗑️ 117 мусор
2026-06-20 02:54:12,798 | INFO     |   → 393/1243: ✅ 0 взято | 🗑️ 0 мусор
2026-06-20 02:54:12,798 | INFO     |   → 394/1243: ✅ 0 взято | 🗑️ 100 мусор
2026-06-20 02:54:12,798 | INFO     |   → 395/1243: ✅ 0 взято | 🗑️ 0 мусор
2026-06-20 02:54:12,798 | INFO     |   → 396/1243: ✅ 1 взято | 🗑️ 171 мусор
2026-06-20 02:54:12,798 | INFO     |   → 397/1243: ✅ 0 взято | 🗑️ 0 мусор
2026-06-20 02:54:12,798 | INFO     |   → 398/1243: ✅ 0 взято | 🗑️ 202 мусор
2026-06-20 02:54:12,798 | INFO     |   → 399/1243: ✅ 0 взято | 🗑️ 0 мусор
2026-06-20 02:54:12,798 | INFO     |   → 400/1243: ✅ 0 взято | 🗑️ 138 мусор
2026-06-20 02:54:12,798 | INFO     |   → 401/1243: ✅ 0 взято | 🗑️ 0 мусор
2026-06-20 02:54:12,798 | INFO     |   → 402/1243: ✅ 0 взято | 🗑️ 236 мусор
2026-06-20 02:54:12,798 | INFO     |   → 403/1243: ✅ 0 взято | 🗑️ 0 мусор
2026-06-20 02:54:12,798 | INFO     |   → 404/1243: ✅ 0 взято | 🗑️ 192 мусор
2026-06-20 02:54:12,798 | INFO     |   → 405/1243: ✅ 0 взято | 🗑️ 0 мусор
2026-06-20 02:54:12,798 | INFO     |   → 406/1243: ✅ 1 взято | 🗑️ 174 мусор
2026-06-20 02:54:12,798 | INFO     |   → 407/1243: ✅ 0 взято | 🗑️ 0 мусор
2026-06-20 02:54:12,798 | INFO     |   → 408/1243 ⚠️ Ошибка: HTTPSConnectionPool(host='ivuxy.tech', port=443): Max retries exceeded with url: /v.txt (Caused by NameResolutionError("HTTPSConnection(host='ivuxy.tech', port=443): Failed to resolve 'ivuxy.tech' ([Errno -2] Name or service not known)")) — https://ivuxy.tech/v.txt
2026-06-20 02:54:12,798 | INFO     |   → 409/1243 ⚠️ Ошибка: HTTPSConnectionPool(host='mirror.ghproxy.com', port=443): Max retries exceeded with url: /https://raw.githubusercontent.com/Barabama/FreeNodes/master/nodes/blues.txt (Caused by NameResolutionError("HTTPSConnection(host='mirror.ghproxy.com', port=443): Failed to resolve 'mirror.ghproxy.com' ([Errno -2] Name or service not known)")) — https://mirror.ghproxy.com/https://raw.githubusercontent.com/Barabama/FreeNodes/master/nodes/blues.txt
2026-06-20 02:54:12,798 | INFO     |   → 410/1243 ⚠️ Ошибка: HTTPSConnectionPool(host='mirror.ghproxy.com', port=443): Max retries exceeded with url: /https://raw.githubusercontent.com/Barabama/FreeNodes/master/nodes/halekj.txt (Caused by NameResolutionError("HTTPSConnection(host='mirror.ghproxy.com', port=443): Failed to resolve 'mirror.ghproxy.com' ([Errno -2] Name or service not known)")) — https://mirror.ghproxy.com/https://raw.githubusercontent.com/Barabama/FreeNodes/master/nodes/halekj.txt
2026-06-20 02:54:12,798 | INFO     |   → 411/1243 ⚠️ Ошибка: HTTPSConnectionPool(host='mirror.ghproxy.com', port=443): Max retries exceeded with url: /https://raw.githubusercontent.com/Barabama/FreeNodes/master/nodes/kkzui.txt (Caused by NameResolutionError("HTTPSConnection(host='mirror.ghproxy.com', port=443): Failed to resolve 'mirror.ghproxy.com' ([Errno -2] Name or service not known)")) — https://mirror.ghproxy.com/https://raw.githubusercontent.com/Barabama/FreeNodes/master/nodes/kkzui.txt
2026-06-20 02:54:12,798 | INFO     |   → 412/1243 ⚠️ Ошибка: HTTPSConnectionPool(host='mirror.ghproxy.com', port=443): Max retries exceeded with url: /https://raw.githubusercontent.com/Barabama/FreeNodes/master/nodes/merged.txt (Caused by NameResolutionError("HTTPSConnection(host='mirror.ghproxy.com', port=443): Failed to resolve 'mirror.ghproxy.com' ([Errno -2] Name or service not known)")) — https://mirror.ghproxy.com/https://raw.githubusercontent.com/Barabama/FreeNodes/master/nodes/merged.txt
2026-06-20 02:54:12,798 | INFO     |   → 413/1243 ⚠️ Ошибка: HTTPSConnectionPool(host='mirror.ghproxy.com', port=443): Max retries exceeded with url: /https://raw.githubusercontent.com/Barabama/FreeNodes/master/nodes/nodefree.txt (Caused by NameResolutionError("HTTPSConnection(host='mirror.ghproxy.com', port=443): Failed to resolve 'mirror.ghproxy.com' ([Errno -2] Name or service not known)")) — https://mirror.ghproxy.com/https://raw.githubusercontent.com/Barabama/FreeNodes/master/nodes/nodefree.txt
2026-06-20 02:54:12,798 | INFO     |   → 414/1243 ⚠️ Ошибка: HTTPSConnectionPool(host='mirror.ghproxy.com', port=443): Max retries exceeded with url: /https://raw.githubusercontent.com/Barabama/FreeNodes/master/nodes/openrunner.txt (Caused by NameResolutionError("HTTPSConnection(host='mirror.ghproxy.com', port=443): Failed to resolve 'mirror.ghproxy.com' ([Errno -2] Name or service not known)")) — https://mirror.ghproxy.com/https://raw.githubusercontent.com/Barabama/FreeNodes/master/nodes/openrunner.txt
2026-06-20 02:54:12,798 | INFO     |   → 415/1243 ⚠️ Ошибка: HTTPSConnectionPool(host='mirror.ghproxy.com', port=443): Max retries exceeded with url: /https://raw.githubusercontent.com/Barabama/FreeNodes/master/nodes/v2rayshare.txt (Caused by NameResolutionError("HTTPSConnection(host='mirror.ghproxy.com', port=443): Failed to resolve 'mirror.ghproxy.com' ([Errno -2] Name or service not known)")) — https://mirror.ghproxy.com/https://raw.githubusercontent.com/Barabama/FreeNodes/master/nodes/v2rayshare.txt
2026-06-20 02:54:12,798 | INFO     |   → 416/1243 ⚠️ Ошибка: HTTPSConnectionPool(host='mirror.ghproxy.com', port=443): Max retries exceeded with url: /https://raw.githubusercontent.com/Barabama/FreeNodes/master/nodes/wenode.txt (Caused by NameResolutionError("HTTPSConnection(host='mirror.ghproxy.com', port=443): Failed to resolve 'mirror.ghproxy.com' ([Errno -2] Name or service not known)")) — https://mirror.ghproxy.com/https://raw.githubusercontent.com/Barabama/FreeNodes/master/nodes/wenode.txt
2026-06-20 02:54:12,798 | INFO     |   → 417/1243 ⚠️ Ошибка: HTTPSConnectionPool(host='mirror.ghproxy.com', port=443): Max retries exceeded with url: /https://raw.githubusercontent.com/Barabama/FreeNodes/master/nodes/yudou66.txt (Caused by NameResolutionError("HTTPSConnection(host='mirror.ghproxy.com', port=443): Failed to resolve 'mirror.ghproxy.com' ([Errno -2] Name or service not known)")) — https://mirror.ghproxy.com/https://raw.githubusercontent.com/Barabama/FreeNodes/master/nodes/yudou66.txt
2026-06-20 02:54:12,798 | INFO     |   → 418/1243: ✅ 7 взято | 🗑️ 17 мусор
2026-06-20 02:54:12,798 | INFO     |   → 419/1243: ✅ 0 взято | 🗑️ 17 мусор
2026-06-20 02:54:12,798 | INFO     |   → 420/1243: ✅ 14 взято | 🗑️ 14 мусор
2026-06-20 02:54:12,798 | INFO     |   → 421/1243: ✅ 0 взято | 🗑️ 14 мусор
2026-06-20 02:54:12,798 | INFO     |   → 422/1243: ✅ 0 взято | 🗑️ 14 мусор
2026-06-20 02:54:12,798 | INFO     |   → 423/1243: ✅ 0 взято | 🗑️ 14 мусор
2026-06-20 02:54:12,798 | INFO     |   → 424/1243: ✅ 0 взято | 🗑️ 14 мусор
2026-06-20 02:54:12,798 | INFO     |   → 425/1243: ✅ 0 взято | 🗑️ 14 мусор
2026-06-20 02:54:12,798 | INFO     |   → 426/1243: ✅ 0 взято | 🗑️ 14 мусор
2026-06-20 02:54:12,798 | INFO     |   → 427/1243: ✅ 0 взято | 🗑️ 14 мусор
2026-06-20 02:54:12,798 | INFO     |   → 428/1243: ✅ 0 взято | 🗑️ 14 мусор
2026-06-20 02:54:12,798 | INFO     |   → 429/1243: ✅ 7 взято | 🗑️ 21 мусор
2026-06-20 02:54:12,798 | INFO     |   → 430/1243: ✅ 0 взято | 🗑️ 21 мусор
2026-06-20 02:54:12,798 | INFO     |   → 431/1243: ✅ 0 взято | 🗑️ 21 мусор
2026-06-20 02:54:12,798 | INFO     |   → 432/1243: ✅ 0 взято | 🗑️ 21 мусор
2026-06-20 02:54:12,799 | INFO     |   → 433/1243: ✅ 0 взято | 🗑️ 21 мусор
2026-06-20 02:54:12,799 | INFO     |   → 434/1243: ✅ 0 взято | 🗑️ 21 мусор
2026-06-20 02:54:12,799 | INFO     |   → 435/1243: ✅ 0 взято | 🗑️ 21 мусор
2026-06-20 02:54:12,799 | INFO     |   → 436/1243: ✅ 0 взято | 🗑️ 21 мусор
2026-06-20 02:54:12,799 | INFO     |   → 437/1243: ✅ 0 взято | 🗑️ 21 мусор
2026-06-20 02:54:12,799 | INFO     |   → 438/1243: ✅ 0 взято | 🗑️ 21 мусор
2026-06-20 02:54:12,799 | INFO     |   → 439/1243: ✅ 0 взято | 🗑️ 21 мусор
2026-06-20 02:54:12,799 | INFO     |   → 440/1243: ✅ 5 взято | 🗑️ 15 мусор
2026-06-20 02:54:12,799 | INFO     |   → 441/1243: ✅ 0 взято | 🗑️ 15 мусор
2026-06-20 02:54:12,799 | INFO     |   → 442/1243: ✅ 0 взято | 🗑️ 15 мусор
2026-06-20 02:54:12,799 | INFO     |   → 443/1243: ✅ 0 взято | 🗑️ 15 мусор
2026-06-20 02:54:12,799 | INFO     |   → 444/1243: ✅ 0 взято | 🗑️ 15 мусор
2026-06-20 02:54:12,799 | INFO     |   → 445/1243: ✅ 0 взято | 🗑️ 15 мусор
2026-06-20 02:54:12,799 | INFO     |   → 446/1243: ✅ 0 взято | 🗑️ 15 мусор
2026-06-20 02:54:12,799 | INFO     |   → 447/1243: ✅ 0 взято | 🗑️ 15 мусор
2026-06-20 02:54:12,799 | INFO     |   → 448/1243: ✅ 0 взято | 🗑️ 15 мусор
2026-06-20 02:54:12,799 | INFO     |   → 449/1243: ✅ 0 взято | 🗑️ 14 мусор
2026-06-20 02:54:12,799 | INFO     |   → 450/1243: ✅ 0 взято | 🗑️ 14 мусор
2026-06-20 02:54:12,799 | INFO     |   → 451/1243: ✅ 0 взято | 🗑️ 14 мусор
2026-06-20 02:54:12,799 | INFO     |   → 452/1243: ✅ 0 взято | 🗑️ 14 мусор
2026-06-20 02:54:12,799 | INFO     |   → 453/1243: ✅ 6 взято | 🗑️ 17 мусор
2026-06-20 02:54:12,799 | INFO     |   → 454/1243: ✅ 0 взято | 🗑️ 17 мусор
2026-06-20 02:54:12,799 | INFO     |   → 455/1243: ✅ 0 взято | 🗑️ 17 мусор
2026-06-20 02:54:12,799 | INFO     |   → 456/1243: ✅ 0 взято | 🗑️ 17 мусор
2026-06-20 02:54:12,799 | INFO     |   → 457/1243: ✅ 0 взято | 🗑️ 17 мусор
2026-06-20 02:54:12,799 | INFO     |   → 458/1243: ✅ 0 взято | 🗑️ 17 мусор
2026-06-20 02:54:12,799 | INFO     |   → 459/1243: ✅ 6 взято | 🗑️ 24 мусор
2026-06-20 02:54:12,799 | INFO     |   → 460/1243: ✅ 0 взято | 🗑️ 24 мусор
2026-06-20 02:54:12,799 | INFO     |   → 461/1243: ✅ 0 взято | 🗑️ 24 мусор
2026-06-20 02:54:12,799 | INFO     |   → 462/1243: ✅ 0 взято | 🗑️ 24 мусор
2026-06-20 02:54:12,799 | INFO     |   → 463/1243: ✅ 0 взято | 🗑️ 24 мусор
2026-06-20 02:54:12,799 | INFO     |   → 464/1243: ✅ 0 взято | 🗑️ 24 мусор
2026-06-20 02:54:12,799 | INFO     |   → 465/1243: ✅ 0 взято | 🗑️ 24 мусор
2026-06-20 02:54:12,799 | INFO     |   → 466/1243: ✅ 0 взято | 🗑️ 24 мусор
2026-06-20 02:54:12,799 | INFO     |   → 467/1243: ✅ 0 взято | 🗑️ 24 мусор
2026-06-20 02:54:12,799 | INFO     |   → 468/1243: ✅ 0 взято | 🗑️ 24 мусор
2026-06-20 02:54:12,799 | INFO     |   → 469/1243: ✅ 0 взято | 🗑️ 24 мусор
2026-06-20 02:54:12,799 | INFO     |   → 470/1243: ✅ 13 взято | 🗑️ 7 мусор
2026-06-20 02:54:12,799 | INFO     |   → 471/1243: ✅ 0 взято | 🗑️ 7 мусор
2026-06-20 02:54:12,799 | INFO     |   → 472/1243: ✅ 0 взято | 🗑️ 7 мусор
2026-06-20 02:54:12,799 | INFO     |   → 473/1243: ✅ 0 взято | 🗑️ 7 мусор
2026-06-20 02:54:12,799 | INFO     |   → 474/1243: ✅ 0 взято | 🗑️ 7 мусор
2026-06-20 02:54:12,799 | INFO     |   → 475/1243: ✅ 0 взято | 🗑️ 7 мусор
2026-06-20 02:54:12,799 | INFO     |   → 476/1243: ✅ 0 взято | 🗑️ 7 мусор
2026-06-20 02:54:12,799 | INFO     |   → 477/1243: ✅ 0 взято | 🗑️ 7 мусор
2026-06-20 02:54:12,799 | INFO     |   → 478/1243: ✅ 0 взято | 🗑️ 7 мусор
2026-06-20 02:54:12,799 | INFO     |   → 479/1243: ✅ 0 взято | 🗑️ 7 мусор
2026-06-20 02:54:12,799 | INFO     |   → 480/1243: ✅ 5 взято | 🗑️ 9 мусор
2026-06-20 02:54:12,799 | INFO     |   → 481/1243: ✅ 0 взято | 🗑️ 9 мусор
2026-06-20 02:54:12,799 | INFO     |   → 482/1243: ✅ 0 взято | 🗑️ 9 мусор
2026-06-20 02:54:12,799 | INFO     |   → 483/1243: ✅ 0 взято | 🗑️ 9 мусор
2026-06-20 02:54:12,800 | INFO     |   → 484/1243: ✅ 0 взято | 🗑️ 9 мусор
2026-06-20 02:54:12,800 | INFO     |   → 485/1243: ✅ 0 взято | 🗑️ 9 мусор
2026-06-20 02:54:12,800 | INFO     |   → 486/1243: ✅ 0 взято | 🗑️ 9 мусор
2026-06-20 02:54:12,800 | INFO     |   → 487/1243: ✅ 0 взято | 🗑️ 9 мусор
2026-06-20 02:54:12,800 | INFO     |   → 488/1243: ✅ 0 взято | 🗑️ 9 мусор
2026-06-20 02:54:12,800 | INFO     |   → 489/1243 ⚠️ Ошибка: HTTPSConnectionPool(host='nodefree.githubrowcontent.com', port=443): Max retries exceeded with url: /2024/07/20240705.yaml (Caused by NameResolutionError("HTTPSConnection(host='nodefree.githubrowcontent.com', port=443): Failed to resolve 'nodefree.githubrowcontent.com' ([Errno -2] Name or service not known)")) — https://nodefree.org/dy/2023/08/20230806.yaml
2026-06-20 02:54:12,800 | INFO     |   → 490/1243 ⚠️ Ошибка: HTTPSConnectionPool(host='nodefree.githubrowcontent.com', port=443): Max retries exceeded with url: /2024/07/20240705.txt (Caused by NameResolutionError("HTTPSConnection(host='nodefree.githubrowcontent.com', port=443): Failed to resolve 'nodefree.githubrowcontent.com' ([Errno -2] Name or service not known)")) — https://nodefree.org/dy/2023/12/20231221.txt
2026-06-20 02:54:12,800 | INFO     |   → 491/1243: ✅ 0 взято | 🗑️ 17 мусор
2026-06-20 02:54:12,800 | INFO     |   → 492/1243: ✅ 0 взято | 🗑️ 17 мусор
2026-06-20 02:54:12,800 | INFO     |   → 493/1243: ✅ 0 взято | 🗑️ 14 мусор
2026-06-20 02:54:12,800 | INFO     |   → 494/1243: ✅ 0 взято | 🗑️ 14 мусор
2026-06-20 02:54:12,800 | INFO     |   → 495/1243: ✅ 0 взято | 🗑️ 14 мусор
2026-06-20 02:54:12,800 | INFO     |   → 496/1243: ✅ 0 взято | 🗑️ 14 мусор
2026-06-20 02:54:12,800 | INFO     |   → 497/1243: ✅ 0 взято | 🗑️ 14 мусор
2026-06-20 02:54:12,800 | INFO     |   → 498/1243: ✅ 0 взято | 🗑️ 14 мусор
2026-06-20 02:54:12,800 | INFO     |   → 499/1243: ✅ 0 взято | 🗑️ 14 мусор
2026-06-20 02:54:12,800 | INFO     |   → 500/1243: ✅ 0 взято | 🗑️ 14 мусор
2026-06-20 02:54:12,800 | INFO     |   → 501/1243: ✅ 0 взято | 🗑️ 14 мусор
2026-06-20 02:54:12,800 | INFO     |   → 502/1243: ✅ 0 взято | 🗑️ 21 мусор
2026-06-20 02:54:12,800 | INFO     |   → 503/1243: ✅ 0 взято | 🗑️ 21 мусор
2026-06-20 02:54:12,800 | INFO     |   → 504/1243: ✅ 0 взято | 🗑️ 21 мусор
2026-06-20 02:54:12,800 | INFO     |   → 505/1243: ✅ 0 взято | 🗑️ 21 мусор
2026-06-20 02:54:12,800 | INFO     |   → 506/1243: ✅ 0 взято | 🗑️ 21 мусор
2026-06-20 02:54:12,800 | INFO     |   → 507/1243: ✅ 0 взято | 🗑️ 21 мусор
2026-06-20 02:54:12,800 | INFO     |   → 508/1243: ✅ 0 взято | 🗑️ 21 мусор
2026-06-20 02:54:12,800 | INFO     |   → 509/1243: ✅ 0 взято | 🗑️ 21 мусор
2026-06-20 02:54:12,800 | INFO     |   → 510/1243: ✅ 0 взято | 🗑️ 21 мусор
2026-06-20 02:54:12,800 | INFO     |   → 511/1243: ✅ 0 взято | 🗑️ 21 мусор
2026-06-20 02:54:12,800 | INFO     |   → 512/1243: ✅ 0 взято | 🗑️ 21 мусор
2026-06-20 02:54:12,800 | INFO     |   → 513/1243: ✅ 0 взято | 🗑️ 15 мусор
2026-06-20 02:54:12,800 | INFO     |   → 514/1243: ✅ 0 взято | 🗑️ 15 мусор
2026-06-20 02:54:12,800 | INFO     |   → 515/1243: ✅ 0 взято | 🗑️ 15 мусор
2026-06-20 02:54:12,800 | INFO     |   → 516/1243: ✅ 0 взято | 🗑️ 15 мусор
2026-06-20 02:54:12,800 | INFO     |   → 517/1243: ✅ 0 взято | 🗑️ 15 мусор
2026-06-20 02:54:12,800 | INFO     |   → 518/1243: ✅ 0 взято | 🗑️ 15 мусор
2026-06-20 02:54:12,800 | INFO     |   → 519/1243: ✅ 0 взято | 🗑️ 15 мусор
2026-06-20 02:54:12,800 | INFO     |   → 520/1243: ✅ 0 взято | 🗑️ 15 мусор
2026-06-20 02:54:12,800 | INFO     |   → 521/1243: ✅ 0 взято | 🗑️ 15 мусор
2026-06-20 02:54:12,800 | INFO     |   → 522/1243: ✅ 0 взято | 🗑️ 15 мусор
2026-06-20 02:54:12,800 | INFO     |   → 523/1243: ✅ 0 взято | 🗑️ 14 мусор
2026-06-20 02:54:12,800 | INFO     |   → 524/1243: ✅ 0 взято | 🗑️ 14 мусор
2026-06-20 02:54:12,800 | INFO     |   → 525/1243: ✅ 0 взято | 🗑️ 14 мусор
2026-06-20 02:54:12,800 | INFO     |   → 526/1243: ✅ 0 взято | 🗑️ 14 мусор
2026-06-20 02:54:12,800 | INFO     |   → 527/1243: ✅ 0 взято | 🗑️ 17 мусор
2026-06-20 02:54:12,800 | INFO     |   → 528/1243: ✅ 0 взято | 🗑️ 17 мусор
2026-06-20 02:54:12,800 | INFO     |   → 529/1243: ✅ 0 взято | 🗑️ 17 мусор
2026-06-20 02:54:12,800 | INFO     |   → 530/1243: ✅ 0 взято | 🗑️ 17 мусор
2026-06-20 02:54:12,800 | INFO     |   → 531/1243: ✅ 0 взято | 🗑️ 17 мусор
2026-06-20 02:54:12,800 | INFO     |   → 532/1243: ✅ 0 взято | 🗑️ 24 мусор
2026-06-20 02:54:12,800 | INFO     |   → 533/1243: ✅ 0 взято | 🗑️ 24 мусор
2026-06-20 02:54:12,801 | INFO     |   → 534/1243: ✅ 0 взято | 🗑️ 24 мусор
2026-06-20 02:54:12,801 | INFO     |   → 535/1243: ✅ 0 взято | 🗑️ 24 мусор
2026-06-20 02:54:12,801 | INFO     |   → 536/1243: ✅ 0 взято | 🗑️ 24 мусор
2026-06-20 02:54:12,801 | INFO     |   → 537/1243: ✅ 0 взято | 🗑️ 24 мусор
2026-06-20 02:54:12,801 | INFO     |   → 538/1243: ✅ 0 взято | 🗑️ 24 мусор
2026-06-20 02:54:12,801 | INFO     |   → 539/1243: ✅ 0 взято | 🗑️ 24 мусор
2026-06-20 02:54:12,801 | INFO     |   → 540/1243: ✅ 0 взято | 🗑️ 24 мусор
2026-06-20 02:54:12,801 | INFO     |   → 541/1243: ✅ 0 взято | 🗑️ 24 мусор
2026-06-20 02:54:12,801 | INFO     |   → 542/1243: ✅ 0 взято | 🗑️ 24 мусор
2026-06-20 02:54:12,801 | INFO     |   → 543/1243: ✅ 0 взято | 🗑️ 7 мусор
2026-06-20 02:54:12,801 | INFO     |   → 544/1243: ✅ 0 взято | 🗑️ 7 мусор
2026-06-20 02:54:12,801 | INFO     |   → 545/1243: ✅ 0 взято | 🗑️ 7 мусор
2026-06-20 02:54:12,801 | INFO     |   → 546/1243: ✅ 0 взято | 🗑️ 7 мусор
2026-06-20 02:54:12,801 | INFO     |   → 547/1243: ✅ 0 взято | 🗑️ 7 мусор
2026-06-20 02:54:12,801 | INFO     |   → 548/1243: ✅ 0 взято | 🗑️ 7 мусор
2026-06-20 02:54:12,801 | INFO     |   → 549/1243: ✅ 0 взято | 🗑️ 7 мусор
2026-06-20 02:54:12,801 | INFO     |   → 550/1243: ✅ 0 взято | 🗑️ 7 мусор
2026-06-20 02:54:12,801 | INFO     |   → 551/1243: ✅ 0 взято | 🗑️ 7 мусор
2026-06-20 02:54:12,801 | INFO     |   → 552/1243: ✅ 0 взято | 🗑️ 7 мусор
2026-06-20 02:54:12,801 | INFO     |   → 553/1243: ✅ 0 взято | 🗑️ 9 мусор
2026-06-20 02:54:12,801 | INFO     |   → 554/1243: ✅ 0 взято | 🗑️ 9 мусор
2026-06-20 02:54:12,801 | INFO     |   → 555/1243: ✅ 0 взято | 🗑️ 9 мусор
2026-06-20 02:54:12,801 | INFO     |   → 556/1243: ✅ 0 взято | 🗑️ 9 мусор
2026-06-20 02:54:12,801 | INFO     |   → 557/1243: ✅ 0 взято | 🗑️ 9 мусор
2026-06-20 02:54:12,801 | INFO     |   → 558/1243: ✅ 0 взято | 🗑️ 9 мусор
2026-06-20 02:54:12,801 | INFO     |   → 559/1243: ✅ 0 взято | 🗑️ 9 мусор
2026-06-20 02:54:12,801 | INFO     |   → 560/1243: ✅ 0 взято | 🗑️ 9 мусор
2026-06-20 02:54:12,801 | INFO     |   → 561/1243: ✅ 0 взято | 🗑️ 9 мусор
2026-06-20 02:54:12,801 | INFO     |   → 562/1243: ✅ 0 взято | 🗑️ 0 мусор
2026-06-20 02:54:12,801 | INFO     |   → 563/1243: ✅ 0 взято | 🗑️ 0 мусор
2026-06-20 02:54:12,801 | INFO     |   → 564/1243: ✅ 0 взято | 🗑️ 0 мусор
2026-06-20 02:54:12,801 | INFO     |   → 565/1243: ✅ 0 взято | 🗑️ 0 мусор
2026-06-20 02:54:12,801 | INFO     |   → 566/1243: ✅ 0 взято | 🗑️ 0 мусор
2026-06-20 02:54:12,801 | INFO     |   → 567/1243: ✅ 0 взято | 🗑️ 0 мусор
2026-06-20 02:54:12,801 | INFO     |   → 568/1243: ✅ 0 взято | 🗑️ 0 мусор
2026-06-20 02:54:12,801 | INFO     |   → 569/1243: ✅ 0 взято | 🗑️ 0 мусор
2026-06-20 02:54:12,801 | INFO     |   → 570/1243: ✅ 0 взято | 🗑️ 0 мусор
2026-06-20 02:54:12,801 | INFO     |   → 571/1243: ✅ 0 взято | 🗑️ 0 мусор
2026-06-20 02:54:12,801 | INFO     |   → 572/1243: ✅ 0 взято | 🗑️ 0 мусор
2026-06-20 02:54:12,801 | INFO     |   → 573/1243: ✅ 0 взято | 🗑️ 0 мусор
2026-06-20 02:54:12,801 | INFO     |   → 574/1243 ❌ HTTP 404 — https://raw.githubusercontent.com/10ium/MihomoSaz/main/Sublist/shatakvpn.yaml4_Sub.txt
2026-06-20 02:54:12,801 | INFO     |   → 575/1243: ✅ 0 взято | 🗑️ 0 мусор
2026-06-20 02:54:12,801 | INFO     |   → 576/1243: ✅ 0 взято | 🗑️ 0 мусор
2026-06-20 02:54:12,801 | INFO     |   → 577/1243: ✅ 167 взято | 🗑️ 672 мусор
2026-06-20 02:54:12,801 | INFO     |   → 578/1243: ✅ 0 взято | 🗑️ 0 мусор
2026-06-20 02:54:12,801 | INFO     |   → 579/1243: ✅ 0 взято | 🗑️ 0 мусор
2026-06-20 02:54:12,801 | INFO     |   → 580/1243: ✅ 11 взято | 🗑️ 399 мусор
2026-06-20 02:54:12,801 | INFO     |   → 581/1243: ✅ 0 взято | 🗑️ 0 мусор
2026-06-20 02:54:12,801 | INFO     |   → 582/1243 ❌ HTTP 404 — https://raw.githubusercontent.com/9Fork/openit/main/Clash.yaml
2026-06-20 02:54:12,801 | INFO     |   → 583/1243: ✅ 129 взято | 🗑️ 635 мусор
2026-06-20 02:54:12,802 | INFO     |   → 584/1243: ✅ 0 взято | 🗑️ 635 мусор
2026-06-20 02:54:12,802 | INFO     |   → 585/1243: ✅ 19 взято | 🗑️ 81 мусор
2026-06-20 02:54:12,802 | INFO     |   → 586/1243: ✅ 11 взято | 🗑️ 87 мусор
2026-06-20 02:54:12,802 | INFO     |   → 587/1243: ✅ 27 взято | 🗑️ 73 мусор
2026-06-20 02:54:12,802 | INFO     |   → 588/1243: ✅ 13 взято | 🗑️ 75 мусор
2026-06-20 02:54:12,802 | INFO     |   → 589/1243: ✅ 10 взято | 🗑️ 83 мусор
2026-06-20 02:54:12,802 | INFO     |   → 590/1243: ✅ 12 взято | 🗑️ 86 мусор
2026-06-20 02:54:12,802 | INFO     |   → 591/1243: ✅ 11 взято | 🗑️ 87 мусор
2026-06-20 02:54:12,802 | INFO     |   → 592/1243: ✅ 11 взято | 🗑️ 80 мусор
2026-06-20 02:54:12,802 | INFO     |   → 593/1243: ✅ 9 взято | 🗑️ 82 мусор
2026-06-20 02:54:12,802 | INFO     |   → 594/1243: ✅ 69 взято | 🗑️ 3 мусор
2026-06-20 02:54:12,802 | INFO     |   → 595/1243: ✅ 3 взято | 🗑️ 75 мусор
2026-06-20 02:54:12,802 | INFO     |   → 596/1243: ✅ 4 взято | 🗑️ 69 мусор
2026-06-20 02:54:12,802 | INFO     |   → 597/1243: ✅ 4 взято | 🗑️ 80 мусор
2026-06-20 02:54:12,802 | INFO     |   → 598/1243: ✅ 6 взято | 🗑️ 81 мусор
2026-06-20 02:54:12,802 | INFO     |   → 599/1243: ✅ 5 взято | 🗑️ 79 мусор
2026-06-20 02:54:12,802 | INFO     |   → 600/1243: ✅ 11 взято | 🗑️ 78 мусор
2026-06-20 02:54:12,802 | INFO     |   → 601/1243: ✅ 3 взято | 🗑️ 83 мусор
2026-06-20 02:54:12,802 | INFO     |   → 602/1243: ✅ 14 взято | 🗑️ 76 мусор
2026-06-20 02:54:12,802 | INFO     |   → 603/1243: ✅ 12 взято | 🗑️ 78 мусор
2026-06-20 02:54:12,802 | INFO     |   → 604/1243: ✅ 26 взято | 🗑️ 218 мусор
2026-06-20 02:54:12,802 | INFO     |   → 605/1243: ✅ 44 взято | 🗑️ 141 мусор
2026-06-20 02:54:12,802 | INFO     |   → 606/1243: ✅ 10 взято | 🗑️ 71 мусор
2026-06-20 02:54:12,802 | INFO     |   → 607/1243: ✅ 2 взято | 🗑️ 88 мусор
2026-06-20 02:54:12,802 | INFO     |   → 608/1243: ✅ 0 взято | 🗑️ 3 мусор
2026-06-20 02:54:12,802 | INFO     |   → 609/1243: ✅ 14 взято | 🗑️ 4 мусор
2026-06-20 02:54:12,802 | INFO     |   → 610/1243: ✅ 693 взято | 🗑️ 2241 мусор
2026-06-20 02:54:12,802 | INFO     |   → 611/1243 ❌ HTTP 404 — https://raw.githubusercontent.com/Alvin9999/pac2/master/clash/1/config.yaml
2026-06-20 02:54:12,802 | INFO     |   → 612/1243 ❌ HTTP 404 — https://raw.githubusercontent.com/AmirHDevo/temp2/7f15e7ddb311a6f8c5ab338bd1af0e1f2136a84b/configs.txt
2026-06-20 02:54:12,802 | INFO     |   → 613/1243: ✅ 24 взято | 🗑️ 416 мусор
2026-06-20 02:54:12,802 | INFO     |   → 614/1243: ✅ 9596 взято | 🗑️ 143192 мусор
2026-06-20 02:54:12,802 | INFO     |   → 615/1243: ✅ 5 взято | 🗑️ 47 мусор
2026-06-20 02:54:12,802 | INFO     |   → 616/1243: ✅ 0 взято | 🗑️ 50 мусор
2026-06-20 02:54:12,802 | INFO     |   → 617/1243: ✅ 21 взято | 🗑️ 107 мусор
2026-06-20 02:54:12,802 | INFO     |   → 618/1243: ✅ 78 взято | 🗑️ 347 мусор
2026-06-20 02:54:12,802 | INFO     |   → 619/1243: ✅ 0 взято | 🗑️ 1373 мусор
2026-06-20 02:54:12,802 | INFO     |   → 620/1243: ✅ 301 взято | 🗑️ 355 мусор
2026-06-20 02:54:12,802 | INFO     |   → 621/1243: ✅ 0 взято | 🗑️ 6 мусор
2026-06-20 02:54:12,802 | INFO     |   → 622/1243: ✅ 0 взято | 🗑️ 0 мусор
2026-06-20 02:54:12,802 | INFO     |   → 623/1243: ✅ 1 взято | 🗑️ 235 мусор
2026-06-20 02:54:12,802 | INFO     |   → 624/1243: ✅ 0 взято | 🗑️ 16 мусор
2026-06-20 02:54:12,802 | INFO     |   → 625/1243: ✅ 0 взято | 🗑️ 0 мусор
2026-06-20 02:54:12,802 | INFO     |   → 626/1243: ✅ 0 взято | 🗑️ 14 мусор
2026-06-20 02:54:12,802 | INFO     |   → 627/1243: ✅ 0 взято | 🗑️ 0 мусор
2026-06-20 02:54:12,802 | INFO     |   → 628/1243: ✅ 0 взято | 🗑️ 17 мусор
2026-06-20 02:54:12,802 | INFO     |   → 629/1243: ✅ 0 взято | 🗑️ 0 мусор
2026-06-20 02:54:12,802 | INFO     |   → 630/1243: ✅ 1 взято | 🗑️ 12 мусор
2026-06-20 02:54:12,802 | INFO     |   → 631/1243: ✅ 0 взято | 🗑️ 0 мусор
2026-06-20 02:54:12,802 | INFO     |   → 632/1243: ✅ 0 взято | 🗑️ 17 мусор
2026-06-20 02:54:12,802 | INFO     |   → 633/1243: ✅ 0 взято | 🗑️ 0 мусор
2026-06-20 02:54:12,802 | INFO     |   → 634/1243: ✅ 0 взято | 🗑️ 17 мусор
2026-06-20 02:54:12,802 | INFO     |   → 635/1243: ✅ 0 взято | 🗑️ 0 мусор
2026-06-20 02:54:12,802 | INFO     |   → 636/1243: ✅ 0 взято | 🗑️ 161 мусор
2026-06-20 02:54:12,802 | INFO     |   → 637/1243: ✅ 0 взято | 🗑️ 0 мусор
2026-06-20 02:54:12,802 | INFO     |   → 638/1243: ✅ 5 взято | 🗑️ 76 мусор
2026-06-20 02:54:12,802 | INFO     |   → 639/1243: ✅ 80 взято | 🗑️ 1110 мусор
2026-06-20 02:54:12,802 | INFO     |   → 640/1243: ✅ 5 взято | 🗑️ 13 мусор
2026-06-20 02:54:12,802 | INFO     |   → 641/1243 ❌ HTTP 404 — https://raw.githubusercontent.com/Epodonios/bulk-xray-v2ray-vless-vmess-...-configs/main/sub/Austria/config.txt
2026-06-20 02:54:12,802 | INFO     |   → 642/1243 ❌ HTTP 404 — https://raw.githubusercontent.com/Epodonios/bulk-xray-v2ray-vless-vmess-...-configs/main/sub/Canada/config.txt
2026-06-20 02:54:12,802 | INFO     |   → 643/1243 ❌ HTTP 404 — https://raw.githubusercontent.com/Epodonios/bulk-xray-v2ray-vless-vmess-...-configs/main/sub/Costa%20Rica/config.txt
2026-06-20 02:54:12,802 | INFO     |   → 644/1243 ❌ HTTP 404 — https://raw.githubusercontent.com/Epodonios/bulk-xray-v2ray-vless-vmess-...-configs/main/sub/France/config.txt
2026-06-20 02:54:12,802 | INFO     |   → 645/1243 ❌ HTTP 404 — https://raw.githubusercontent.com/Epodonios/bulk-xray-v2ray-vless-vmess-...-configs/main/sub/Germany/config.txt
2026-06-20 02:54:12,803 | INFO     |   → 646/1243 ❌ HTTP 404 — https://raw.githubusercontent.com/Epodonios/bulk-xray-v2ray-vless-vmess-...-configs/main/sub/Indonesia/config.txt
2026-06-20 02:54:12,803 | INFO     |   → 647/1243 ❌ HTTP 404 — https://raw.githubusercontent.com/Epodonios/bulk-xray-v2ray-vless-vmess-...-configs/main/sub/Ireland/config.txt
2026-06-20 02:54:12,803 | INFO     |   → 648/1243 ❌ HTTP 404 — https://raw.githubusercontent.com/Epodonios/bulk-xray-v2ray-vless-vmess-...-configs/main/sub/Republic%20of%20Lithuania/config.txt
2026-06-20 02:54:12,803 | INFO     |   → 649/1243 ❌ HTTP 404 — https://raw.githubusercontent.com/Epodonios/bulk-xray-v2ray-vless-vmess-...-configs/main/sub/South%20Africa/config.txt
2026-06-20 02:54:12,803 | INFO     |   → 650/1243 ❌ HTTP 404 — https://raw.githubusercontent.com/Epodonios/bulk-xray-v2ray-vless-vmess-...-configs/main/sub/Sweden/config.txt
2026-06-20 02:54:12,803 | INFO     |   → 651/1243 ❌ HTTP 404 — https://raw.githubusercontent.com/Epodonios/bulk-xray-v2ray-vless-vmess-...-configs/main/sub/Turkey/config.txt
2026-06-20 02:54:12,803 | INFO     |   → 652/1243 ❌ HTTP 404 — https://raw.githubusercontent.com/Epodonios/bulk-xray-v2ray-vless-vmess-...-configs/main/sub/United%20Arab%20Emirates/config.txt
2026-06-20 02:54:12,803 | INFO     |   → 653/1243 ❌ HTTP 404 — https://raw.githubusercontent.com/Epodonios/bulk-xray-v2ray-vless-vmess-...-configs/main/sub/United%20Kingdom/config.txt
2026-06-20 02:54:12,803 | INFO     |   → 654/1243 ❌ HTTP 404 — https://raw.githubusercontent.com/Epodonios/bulk-xray-v2ray-vless-vmess-...-configs/main/sub/United%20States/config.txt
2026-06-20 02:54:12,803 | INFO     |   → 655/1243: ✅ 717 взято | 🗑️ 6336 мусор
2026-06-20 02:54:12,803 | INFO     |   → 656/1243 ❌ HTTP 404 — https://raw.githubusercontent.com/Epodonios/v2ray-configs/main/Splitted-By-Protocol/mix.txt
2026-06-20 02:54:12,803 | INFO     |   → 657/1243: ✅ 15 взято | 🗑️ 638 мусор
2026-06-20 02:54:12,803 | INFO     |   → 658/1243: ✅ 0 взято | 🗑️ 0 мусор
2026-06-20 02:54:12,803 | INFO     |   → 659/1243: ✅ 22 взято | 🗑️ 718 мусор
2026-06-20 02:54:12,803 | INFO     |   → 660/1243: ✅ 92 взято | 🗑️ 4130 мусор
2026-06-20 02:54:12,803 | INFO     |   → 661/1243: ✅ 7 взято | 🗑️ 671 мусор
2026-06-20 02:54:12,803 | INFO     |   → 662/1243 ❌ HTTP 404 — https://raw.githubusercontent.com/Epodonios/v2ray-configs/raw/main/Splitted-By-Protocol/trojan.txt
2026-06-20 02:54:12,803 | INFO     |   → 663/1243 ❌ HTTP 404 — https://raw.githubusercontent.com/Epodonios/v2ray-configs/raw/main/Splitted-By-Protocol/vmess.txt
2026-06-20 02:54:12,803 | INFO     |   → 664/1243: ✅ 0 взято | 🗑️ 638 мусор
2026-06-20 02:54:12,803 | INFO     |   → 665/1243: ✅ 0 взято | 🗑️ 0 мусор
2026-06-20 02:54:12,803 | INFO     |   → 666/1243: ✅ 0 взято | 🗑️ 718 мусор
2026-06-20 02:54:12,803 | INFO     |   → 667/1243: ✅ 0 взято | 🗑️ 4130 мусор
2026-06-20 02:54:12,803 | INFO     |   → 668/1243: ✅ 0 взято | 🗑️ 671 мусор
2026-06-20 02:54:12,803 | INFO     |   → 669/1243 ❌ HTTP 404 — https://raw.githubusercontent.com/Fido6/FreeNodes/57221e59caddde55ffdda21d491ae952cd608049/nodes/halekj.txt
2026-06-20 02:54:12,803 | INFO     |   → 670/1243 ❌ HTTP 404 — https://raw.githubusercontent.com/Fido6/FreeNodes/57221e59caddde55ffdda21d491ae952cd608049/nodes/kkzui.txt
2026-06-20 02:54:12,803 | INFO     |   → 671/1243 ❌ HTTP 404 — https://raw.githubusercontent.com/Fido6/FreeNodes/57221e59caddde55ffdda21d491ae952cd608049/nodes/wenode.txt
2026-06-20 02:54:12,803 | INFO     |   → 672/1243: ✅ 0 взято | 🗑️ 0 мусор
2026-06-20 02:54:12,803 | INFO     |   → 673/1243: ✅ 0 взято | 🗑️ 0 мусор
2026-06-20 02:54:12,803 | INFO     |   → 674/1243: ✅ 14 взято | 🗑️ 250 мусор
2026-06-20 02:54:12,803 | INFO     |   → 675/1243: ✅ 0 взято | 🗑️ 4 мусор
2026-06-20 02:54:12,803 | INFO     |   → 676/1243: ✅ 1 взято | 🗑️ 17 мусор
2026-06-20 02:54:12,803 | INFO     |   → 677/1243: ✅ 4 взято | 🗑️ 11 мусор
2026-06-20 02:54:12,803 | INFO     |   → 678/1243: ✅ 0 взято | 🗑️ 0 мусор
2026-06-20 02:54:12,803 | INFO     |   → 679/1243: ✅ 0 взято | 🗑️ 137 мусор
2026-06-20 02:54:12,803 | INFO     |   → 680/1243: ✅ 0 взято | 🗑️ 32 мусор
2026-06-20 02:54:12,803 | INFO     |   → 681/1243: ✅ 2 взято | 🗑️ 19 мусор
2026-06-20 02:54:12,803 | INFO     |   → 682/1243: ✅ 0 взято | 🗑️ 43 мусор
2026-06-20 02:54:12,803 | INFO     |   → 683/1243: ✅ 0 взято | 🗑️ 43 мусор
2026-06-20 02:54:12,803 | INFO     |   → 684/1243 ❌ HTTP 404 — https://raw.githubusercontent.com/Iran-v2ray/v2ray/main/v2ray
2026-06-20 02:54:12,803 | INFO     |   → 685/1243: ✅ 0 взято | 🗑️ 1 мусор
2026-06-20 02:54:12,803 | INFO     |   → 686/1243: ✅ 0 взято | 🗑️ 1 мусор
2026-06-20 02:54:12,803 | INFO     |   → 687/1243: ✅ 0 взято | 🗑️ 28 мусор
2026-06-20 02:54:12,803 | INFO     |   → 688/1243: ✅ 14 взято | 🗑️ 282 мусор
2026-06-20 02:54:12,803 | INFO     |   → 689/1243: ✅ 0 взято | 🗑️ 94 мусор
2026-06-20 02:54:12,803 | INFO     |   → 690/1243: ✅ 0 взято | 🗑️ 0 мусор
2026-06-20 02:54:12,803 | INFO     |   → 691/1243: ✅ 0 взято | 🗑️ 0 мусор
2026-06-20 02:54:12,803 | INFO     |   → 692/1243 ❌ HTTP 404 — https://raw.githubusercontent.com/Kwinshadow/TelegramV2rayCollector/raw/refs/heads/main/sublinks/mix.txt
2026-06-20 02:54:12,803 | INFO     |   → 693/1243 ❌ HTTP 404 — https://raw.githubusercontent.com/LalatinaHub/Mineral/raw/refs/heads/master/result/nodes
2026-06-20 02:54:12,803 | INFO     |   → 694/1243 ❌ HTTP 404 — https://raw.githubusercontent.com/Leon406/SubCrawler/main/sub/share/all3
2026-06-20 02:54:12,803 | INFO     |   → 695/1243 ❌ HTTP 404 — https://raw.githubusercontent.com/Leon406/SubCrawler/main/sub/share/all4
2026-06-20 02:54:12,803 | INFO     |   → 696/1243: ✅ 4 взято | 🗑️ 335 мусор
2026-06-20 02:54:12,803 | INFO     |   → 697/1243: ✅ 0 взято | 🗑️ 33 мусор
2026-06-20 02:54:12,803 | INFO     |   → 698/1243: ✅ 0 взято | 🗑️ 6 мусор
2026-06-20 02:54:12,803 | INFO     |   → 699/1243: ✅ 0 взято | 🗑️ 147 мусор
2026-06-20 02:54:12,803 | INFO     |   → 700/1243 ❌ HTTP 404 — https://raw.githubusercontent.com/M-Mashreghi/free-config-collector/main/Splitted-By-Protocol/ssr.txt
2026-06-20 02:54:12,803 | INFO     |   → 701/1243: ✅ 139 взято | 🗑️ 114 мусор
2026-06-20 02:54:12,803 | INFO     |   → 702/1243: ✅ 126 взято | 🗑️ 137 мусор
2026-06-20 02:54:12,803 | INFO     |   → 703/1243: ✅ 0 взято | 🗑️ 12 мусор
2026-06-20 02:54:12,803 | INFO     |   → 704/1243: ✅ 0 взято | 🗑️ 1 мусор
2026-06-20 02:54:12,803 | INFO     |   → 705/1243: ✅ 54 взято | 🗑️ 240 мусор
2026-06-20 02:54:12,803 | INFO     |   → 706/1243: ✅ 0 взято | 🗑️ 240 мусор
2026-06-20 02:54:12,803 | INFO     |   → 707/1243 ❌ HTTP 404 — https://raw.githubusercontent.com/MatinGhanbari/v2ray-configs/main/subscriptions/filtered/subs/hy2.txt
2026-06-20 02:54:12,803 | INFO     |   → 708/1243: ✅ 28 взято | 🗑️ 1328 мусор
2026-06-20 02:54:12,804 | INFO     |   → 709/1243 ❌ HTTP 404 — https://raw.githubusercontent.com/MatinGhanbari/v2ray-configs/main/subscriptions/filtered/subs/ssr.txt
2026-06-20 02:54:12,804 | INFO     |   → 710/1243: ✅ 60 взято | 🗑️ 461 мусор
2026-06-20 02:54:12,804 | INFO     |   → 711/1243 ❌ HTTP 404 — https://raw.githubusercontent.com/MatinGhanbari/v2ray-configs/main/subscriptions/filtered/subs/tuic.txt
2026-06-20 02:54:12,804 | INFO     |   → 712/1243: ✅ 21 взято | 🗑️ 442 мусор
2026-06-20 02:54:12,804 | INFO     |   → 713/1243: ✅ 231 взято | 🗑️ 1385 мусор
2026-06-20 02:54:12,804 | INFO     |   → 714/1243: ✅ 0 взято | 🗑️ 2 мусор
2026-06-20 02:54:12,804 | INFO     |   → 715/1243: ✅ 199 взято | 🗑️ 1443 мусор
2026-06-20 02:54:12,804 | INFO     |   → 716/1243: ✅ 0 взято | 🗑️ 719 мусор
2026-06-20 02:54:12,804 | INFO     |   → 717/1243: ✅ 0 взято | 🗑️ 719 мусор
2026-06-20 02:54:12,804 | INFO     |   → 718/1243: ✅ 0 взято | 🗑️ 48 мусор
2026-06-20 02:54:12,804 | INFO     |   → 719/1243: ✅ 0 взято | 🗑️ 2 мусор
2026-06-20 02:54:12,804 | INFO     |   → 720/1243: ✅ 0 взято | 🗑️ 584 мусор
2026-06-20 02:54:12,804 | INFO     |   → 721/1243: ✅ 0 взято | 🗑️ 98 мусор
2026-06-20 02:54:12,804 | INFO     |   → 722/1243 ❌ HTTP 404 — https://raw.githubusercontent.com/MhdiTaheri/V2rayCollector/raw/refs/heads/main/sub/mix
2026-06-20 02:54:12,804 | INFO     |   → 723/1243: ✅ 53 взято | 🗑️ 267 мусор
2026-06-20 02:54:12,804 | INFO     |   → 724/1243 ❌ HTTP 404 — https://raw.githubusercontent.com/MhdiTaheri/V2rayCollector_Py/raw/refs/heads/main/sub/Mix/mix.txt
2026-06-20 02:54:12,804 | INFO     |   → 725/1243: ✅ 0 взято | 🗑️ 0 мусор
2026-06-20 02:54:12,804 | INFO     |   → 726/1243: ✅ 43 взято | 🗑️ 217 мусор
2026-06-20 02:54:12,804 | INFO     |   → 727/1243: ✅ 0 взято | 🗑️ 31 мусор
2026-06-20 02:54:12,804 | INFO     |   → 728/1243: ✅ 94 взято | 🗑️ 282 мусор
2026-06-20 02:54:12,804 | INFO     |   → 729/1243: ✅ 0 взято | 🗑️ 26 мусор
2026-06-20 02:54:12,804 | INFO     |   → 730/1243 ❌ HTTP 404 — https://raw.githubusercontent.com/MrMohebi/xray-proxy-grabber-telegram/master/collected-proxies/clash-meta/all.yaml
2026-06-20 02:54:12,804 | INFO     |   → 731/1243 ❌ HTTP 404 — https://raw.githubusercontent.com/MrMohebi/xray-proxy-grabber-telegram/master/collected-proxies/row-url/actives.txt
2026-06-20 02:54:12,804 | INFO     |   → 732/1243 ❌ HTTP 404 — https://raw.githubusercontent.com/MrMohebi/xray-proxy-grabber-telegram/master/collected-proxies/row-url/all.txt
2026-06-20 02:54:12,804 | INFO     |   → 733/1243: ✅ 0 взято | 🗑️ 13 мусор
2026-06-20 02:54:12,804 | INFO     |   → 734/1243: ✅ 0 взято | 🗑️ 13 мусор
2026-06-20 02:54:12,804 | INFO     |   → 735/1243: ✅ 5 взято | 🗑️ 15 мусор
2026-06-20 02:54:12,804 | INFO     |   → 736/1243: ✅ 0 взято | 🗑️ 30 мусор
2026-06-20 02:54:12,804 | INFO     |   → 737/1243: ✅ 0 взято | 🗑️ 15 мусор
2026-06-20 02:54:12,804 | INFO     |   → 738/1243: ✅ 66 взято | 🗑️ 123 мусор
2026-06-20 02:54:12,804 | INFO     |   → 739/1243: ✅ 133 взято | 🗑️ 65 мусор
2026-06-20 02:54:12,804 | INFO     |   → 740/1243: ✅ 0 взято | 🗑️ 0 мусор
2026-06-20 02:54:12,804 | INFO     |   → 741/1243 ❌ HTTP 404 — https://raw.githubusercontent.com/OpenCNLink/freevpn/3cfcff048bfdd1493ccffa52ecf30ce7f9fc6b28/src/list/vmess.txt
2026-06-20 02:54:12,804 | INFO     |   → 742/1243 ❌ HTTP 404 — https://raw.githubusercontent.com/Pawdro/Collection/main/sub
2026-06-20 02:54:12,804 | INFO     |   → 743/1243: ✅ 0 взято | 🗑️ 18 мусор
2026-06-20 02:54:12,804 | INFO     |   → 744/1243: ✅ 0 взято | 🗑️ 18 мусор
2026-06-20 02:54:12,804 | INFO     |   → 745/1243: ✅ 0 взято | 🗑️ 0 мусор
2026-06-20 02:54:12,804 | INFO     |   → 746/1243: ✅ 0 взято | 🗑️ 0 мусор
2026-06-20 02:54:12,804 | INFO     |   → 747/1243: ✅ 0 взято | 🗑️ 50 мусор
2026-06-20 02:54:12,804 | INFO     |   → 748/1243: ✅ 5 взято | 🗑️ 206 мусор
2026-06-20 02:54:12,804 | INFO     |   → 749/1243: ✅ 21 взято | 🗑️ 138 мусор
2026-06-20 02:54:12,804 | INFO     |   → 750/1243: ✅ 23 взято | 🗑️ 89 мусор
2026-06-20 02:54:12,804 | INFO     |   → 751/1243: ✅ 9 взято | 🗑️ 85 мусор
2026-06-20 02:54:12,804 | INFO     |   → 752/1243: ✅ 0 взято | 🗑️ 129 мусор
2026-06-20 02:54:12,804 | INFO     |   → 753/1243: ✅ 0 взято | 🗑️ 81 мусор
2026-06-20 02:54:12,804 | INFO     |   → 754/1243 ❌ HTTP 404 — https://raw.githubusercontent.com/STR97/STRUGOV/refs/heads/main/STR.BYPASS
2026-06-20 02:54:12,804 | INFO     |   → 755/1243: ✅ 4 взято | 🗑️ 34 мусор
2026-06-20 02:54:12,804 | INFO     |   → 756/1243: ✅ 11 взято | 🗑️ 16 мусор
2026-06-20 02:54:12,804 | INFO     |   → 757/1243: ✅ 0 взято | 🗑️ 16 мусор
2026-06-20 02:54:12,804 | INFO     |   → 758/1243: ✅ 0 взято | 🗑️ 27 мусор
2026-06-20 02:54:12,804 | INFO     |   → 759/1243: ✅ 140 взято | 🗑️ 1153 мусор
2026-06-20 02:54:12,804 | INFO     |   → 760/1243: ✅ 29 взято | 🗑️ 54 мусор
2026-06-20 02:54:12,804 | INFO     |   → 761/1243: ✅ 0 взято | 🗑️ 5 мусор
2026-06-20 02:54:12,804 | INFO     |   → 762/1243: ✅ 1 взято | 🗑️ 0 мусор
2026-06-20 02:54:12,804 | INFO     |   → 763/1243: ✅ 0 взято | 🗑️ 35 мусор
2026-06-20 02:54:12,804 | INFO     |   → 764/1243: ✅ 0 взято | 🗑️ 5 мусор
2026-06-20 02:54:12,804 | INFO     |   → 765/1243: ✅ 0 взято | 🗑️ 35 мусор
2026-06-20 02:54:12,804 | INFO     |   → 766/1243: ✅ 4 взято | 🗑️ 291 мусор
2026-06-20 02:54:12,804 | INFO     |   → 767/1243: ✅ 0 взято | 🗑️ 119 мусор
2026-06-20 02:54:12,804 | INFO     |   → 768/1243: ✅ 0 взято | 🗑️ 0 мусор
2026-06-20 02:54:12,804 | INFO     |   → 769/1243 ❌ HTTP 404 — https://raw.githubusercontent.com/V2RAYCONFIGSPOOL/V2RAY_SUB/main/V2RAY_SUB.txt
2026-06-20 02:54:12,804 | INFO     |   → 770/1243: ✅ 71 взято | 🗑️ 166 мусор
2026-06-20 02:54:12,805 | INFO     |   → 771/1243: ✅ 16 взято | 🗑️ 17 мусор
2026-06-20 02:54:12,805 | INFO     |   → 772/1243: ✅ 0 взято | 🗑️ 0 мусор
2026-06-20 02:54:12,805 | INFO     |   → 773/1243: ✅ 0 взято | 🗑️ 17 мусор
2026-06-20 02:54:12,805 | INFO     |   → 774/1243: ✅ 58 взято | 🗑️ 348 мусор
2026-06-20 02:54:12,805 | INFO     |   → 775/1243: ✅ 0 взято | 🗑️ 0 мусор
2026-06-20 02:54:12,805 | INFO     |   → 776/1243: ✅ 4 взято | 🗑️ 458 мусор
2026-06-20 02:54:12,805 | INFO     |   → 777/1243 ❌ HTTP 404 — https://raw.githubusercontent.com/ZYFXS/ZYFXS001/refs/heads/main/20c-youtube%40ZYFXS
2026-06-20 02:54:12,805 | INFO     |   → 778/1243 ❌ HTTP 404 — https://raw.githubusercontent.com/ZYFXS/ZYFXS001/refs/heads/main/20v-youtube%40ZYFXS
2026-06-20 02:54:12,805 | INFO     |   → 779/1243: ✅ 0 взято | 🗑️ 0 мусор
2026-06-20 02:54:12,805 | INFO     |   → 780/1243: ✅ 1 взято | 🗑️ 164 мусор
2026-06-20 02:54:12,805 | INFO     |   → 781/1243 ❌ HTTP 404 — https://raw.githubusercontent.com/ZYFXS/ZYFXS001/refs/heads/main/youtube%40ZYFXS---23c
2026-06-20 02:54:12,805 | INFO     |   → 782/1243 ❌ HTTP 404 — https://raw.githubusercontent.com/ZYFXS/ZYFXS001/refs/heads/main/youtube%40ZYFXS---23v
2026-06-20 02:54:12,805 | INFO     |   → 783/1243: ✅ 0 взято | 🗑️ 0 мусор
2026-06-20 02:54:12,805 | INFO     |   → 784/1243: ✅ 0 взято | 🗑️ 0 мусор
2026-06-20 02:54:12,805 | INFO     |   → 785/1243: ✅ 6 взято | 🗑️ 221 мусор
2026-06-20 02:54:12,805 | INFO     |   → 786/1243 ❌ HTTP 404 — https://raw.githubusercontent.com/ZYFXS/ZYFXS001/refs/heads/main/youtube%40ZYFXS-21c
2026-06-20 02:54:12,805 | INFO     |   → 787/1243 ❌ HTTP 404 — https://raw.githubusercontent.com/ZYFXS/ZYFXS001/refs/heads/main/youtube%40ZYFXS-21v
2026-06-20 02:54:12,805 | INFO     |   → 788/1243: ✅ 1 взято | 🗑️ 251 мусор
2026-06-20 02:54:12,805 | INFO     |   → 789/1243: ✅ 1 взято | 🗑️ 231 мусор
2026-06-20 02:54:12,805 | INFO     |   → 790/1243: ✅ 0 взято | 🗑️ 0 мусор
2026-06-20 02:54:12,805 | INFO     |   → 791/1243: ✅ 1 взято | 🗑️ 83 мусор
2026-06-20 02:54:12,805 | INFO     |   → 792/1243: ✅ 0 взято | 🗑️ 16 мусор
2026-06-20 02:54:12,805 | INFO     |   → 793/1243: ✅ 0 взято | 🗑️ 16 мусор
2026-06-20 02:54:12,805 | INFO     |   → 794/1243 ❌ HTTP 404 — https://raw.githubusercontent.com/aiboboxx/clashfree/main/clash.yml
2026-06-20 02:54:12,805 | INFO     |   → 795/1243 ❌ HTTP 404 — https://raw.githubusercontent.com/aiboboxx/v2rayfree/main/v2
2026-06-20 02:54:12,805 | INFO     |   → 796/1243 ❌ HTTP 404 — https://raw.githubusercontent.com/amirmohammad-mohammad-88/Sub-Reality-Azadi-config/Config/Azadi-Reality-Different
2026-06-20 02:54:12,805 | INFO     |   → 797/1243 ❌ HTTP 404 — https://raw.githubusercontent.com/amirmohammad-mohammad-88/Sub-Reality-Azadi-config/Config/Azadi-Reality-Different-Base64
2026-06-20 02:54:12,805 | INFO     |   → 798/1243: ✅ 1 взято | 🗑️ 17 мусор
2026-06-20 02:54:12,805 | INFO     |   → 799/1243: ✅ 0 взято | 🗑️ 0 мусор
2026-06-20 02:54:12,805 | INFO     |   → 800/1243: ✅ 4 взято | 🗑️ 114 мусор
2026-06-20 02:54:12,805 | INFO     |   → 801/1243: ✅ 26 взято | 🗑️ 77 мусор
2026-06-20 02:54:12,805 | INFO     |   → 802/1243 ❌ HTTP 404 — https://raw.githubusercontent.com/awesome-vpn/awesome-vpn/master/ss
2026-06-20 02:54:12,805 | INFO     |   → 803/1243 ❌ HTTP 404 — https://raw.githubusercontent.com/awesome-vpn/awesome-vpn/master/ssr
2026-06-20 02:54:12,805 | INFO     |   → 804/1243: ✅ 0 взято | 🗑️ 0 мусор
2026-06-20 02:54:12,805 | INFO     |   → 805/1243: ✅ 1 взято | 🗑️ 22 мусор
2026-06-20 02:54:12,805 | INFO     |   → 806/1243: ✅ 5 взято | 🗑️ 454 мусор
2026-06-20 02:54:12,805 | INFO     |   → 807/1243 ❌ HTTP 404 — https://raw.githubusercontent.com/barry-far/V2ray-Configs/ced94ddfff48276ec365b40227561f36b1b64bc8/Sub5.txt
2026-06-20 02:54:12,805 | INFO     |   → 808/1243 ❌ HTTP 404 — https://raw.githubusercontent.com/barry-far/V2ray-Configs/main/Splitted-By-Protocol/hysteria2.txt
2026-06-20 02:54:12,805 | INFO     |   → 809/1243 ❌ HTTP 404 — https://raw.githubusercontent.com/barry-far/V2ray-Configs/main/Splitted-By-Protocol/vless.txt
2026-06-20 02:54:12,805 | INFO     |   → 810/1243 ❌ HTTP 404 — https://raw.githubusercontent.com/barry-far/V2ray-Configs/main/Sub1.txt
2026-06-20 02:54:12,805 | INFO     |   → 811/1243 ❌ HTTP 404 — https://raw.githubusercontent.com/barry-far/V2ray-Configs/refs/heads/main/All_Configs_Sub.txt
2026-06-20 02:54:12,805 | INFO     |   → 812/1243: ✅ 0 взято | 🗑️ 0 мусор
2026-06-20 02:54:12,805 | INFO     |   → 813/1243 ❌ HTTP 404 — https://raw.githubusercontent.com/budamu/clashconfig/main/v2ray.txt
2026-06-20 02:54:12,805 | INFO     |   → 814/1243 ❌ HTTP 404 — https://raw.githubusercontent.com/budamu/clashconfig/main/v2ray2.txt
2026-06-20 02:54:12,805 | INFO     |   → 815/1243: ✅ 0 взято | 🗑️ 0 мусор
2026-06-20 02:54:12,805 | INFO     |   → 816/1243: ✅ 0 взято | 🗑️ 442 мусор
2026-06-20 02:54:12,805 | INFO     |   → 817/1243: ✅ 0 взято | 🗑️ 0 мусор
2026-06-20 02:54:12,805 | INFO     |   → 818/1243 ❌ HTTP 404 — https://raw.githubusercontent.com/chxxyz2004/zd/17fca23b73c46b5dd73e9be49b14d219b5e5f836/sub/2401/240110.txt
2026-06-20 02:54:12,805 | INFO     |   → 819/1243: ✅ 0 взято | 🗑️ 44 мусор
2026-06-20 02:54:12,805 | INFO     |   → 820/1243: ✅ 236 взято | 🗑️ 517 мусор
2026-06-20 02:54:12,805 | INFO     |   → 821/1243 ❌ HTTP 404 — https://raw.githubusercontent.com/cxr9912/cxr2022/main/free.yaml
2026-06-20 02:54:12,805 | INFO     |   → 822/1243 ❌ HTTP 404 — https://raw.githubusercontent.com/cxr9912/cxr2022/main/mix.yaml
2026-06-20 02:54:12,805 | INFO     |   → 823/1243 ❌ HTTP 404 — https://raw.githubusercontent.com/cxr9912/cxr2022/main/ss.yaml
2026-06-20 02:54:12,805 | INFO     |   → 824/1243 ❌ HTTP 404 — https://raw.githubusercontent.com/cxr9912/cxr2022/main/ssr.yaml
2026-06-20 02:54:12,805 | INFO     |   → 825/1243 ❌ HTTP 404 — https://raw.githubusercontent.com/cxr9912/cxr2022/main/vmess.yaml
2026-06-20 02:54:12,805 | INFO     |   → 826/1243 ❌ HTTP 404 — https://raw.githubusercontent.com/cxr9912/cxr2022/refs/heads/main/18cj.json
2026-06-20 02:54:12,805 | INFO     |   → 827/1243 ❌ HTTP 404 — https://raw.githubusercontent.com/cxr9912/cxr2022/refs/heads/main/aaaaaaaa.yaml
2026-06-20 02:54:12,805 | INFO     |   → 828/1243 ❌ HTTP 404 — https://raw.githubusercontent.com/cxr9912/cxr2022/refs/heads/main/free.yaml
2026-06-20 02:54:12,805 | INFO     |   → 829/1243 ❌ HTTP 404 — https://raw.githubusercontent.com/cxr9912/cxr2022/refs/heads/main/ss2088.txt
2026-06-20 02:54:12,805 | INFO     |   → 830/1243: ✅ 0 взято | 🗑️ 18 мусор
2026-06-20 02:54:12,805 | INFO     |   → 831/1243: ✅ 0 взято | 🗑️ 18 мусор
2026-06-20 02:54:12,805 | INFO     |   → 832/1243: ✅ 6 взято | 🗑️ 78 мусор
2026-06-20 02:54:12,806 | INFO     |   → 833/1243: ✅ 6 взято | 🗑️ 4 мусор
2026-06-20 02:54:12,806 | INFO     |   → 834/1243: ✅ 0 взято | 🗑️ 2 мусор
2026-06-20 02:54:12,806 | INFO     |   → 835/1243: ✅ 7 взято | 🗑️ 7 мусор
2026-06-20 02:54:12,806 | INFO     |   → 836/1243: ✅ 0 взято | 🗑️ 2 мусор
2026-06-20 02:54:12,806 | INFO     |   → 837/1243: ✅ 0 взято | 🗑️ 2 мусор
2026-06-20 02:54:12,806 | INFO     |   → 838/1243: ✅ 0 взято | 🗑️ 2 мусор
2026-06-20 02:54:12,806 | INFO     |   → 839/1243: ✅ 3 взято | 🗑️ 3 мусор
2026-06-20 02:54:12,806 | INFO     |   → 840/1243: ✅ 1 взято | 🗑️ 1 мусор
2026-06-20 02:54:12,806 | INFO     |   → 841/1243: ✅ 0 взято | 🗑️ 8 мусор
2026-06-20 02:54:12,806 | INFO     |   → 842/1243: ✅ 0 взято | 🗑️ 2 мусор
2026-06-20 02:54:12,806 | INFO     |   → 843/1243: ✅ 0 взято | 🗑️ 0 мусор
2026-06-20 02:54:12,806 | INFO     |   → 844/1243: ✅ 11840 взято | 🗑️ 214265 мусор
2026-06-20 02:54:12,806 | INFO     |   → 845/1243: ✅ 11 взято | 🗑️ 464 мусор
2026-06-20 02:54:12,806 | INFO     |   → 846/1243: ✅ 6 взято | 🗑️ 113 мусор
2026-06-20 02:54:12,806 | INFO     |   → 847/1243: ✅ 0 взято | 🗑️ 0 мусор
2026-06-20 02:54:12,806 | INFO     |   → 848/1243: ✅ 7 взято | 🗑️ 19 мусор
2026-06-20 02:54:12,806 | INFO     |   → 849/1243: ✅ 0 взято | 🗑️ 0 мусор
2026-06-20 02:54:12,806 | INFO     |   → 850/1243: ✅ 13 взято | 🗑️ 19 мусор
2026-06-20 02:54:12,806 | INFO     |   → 851/1243: ✅ 0 взято | 🗑️ 5 мусор
2026-06-20 02:54:12,806 | INFO     |   → 852/1243: ✅ 2 взято | 🗑️ 80 мусор
2026-06-20 02:54:12,806 | INFO     |   → 853/1243 ❌ HTTP 404 — https://raw.githubusercontent.com/free-nodes/v2rayfree/main/v2
2026-06-20 02:54:12,806 | INFO     |   → 854/1243 ❌ HTTP 404 — https://raw.githubusercontent.com/free-v2ray-config/trojan/main/trojan.txt
2026-06-20 02:54:12,806 | INFO     |   → 855/1243 ❌ HTTP 404 — https://raw.githubusercontent.com/free-v2ray-config/vless/main/vless.txt
2026-06-20 02:54:12,806 | INFO     |   → 856/1243 ❌ HTTP 404 — https://raw.githubusercontent.com/free-v2ray-config/vmess/main/vmess.txt
2026-06-20 02:54:12,806 | INFO     |   → 857/1243: ✅ 5 взято | 🗑️ 169 мусор
2026-06-20 02:54:12,806 | INFO     |   → 858/1243: ✅ 34 взято | 🗑️ 121 мусор
2026-06-20 02:54:12,806 | INFO     |   → 859/1243: ✅ 4 взято | 🗑️ 97 мусор
2026-06-20 02:54:12,806 | INFO     |   → 860/1243 ❌ HTTP 404 — https://raw.githubusercontent.com/free18/v2ray/main/Clash.yaml
2026-06-20 02:54:12,806 | INFO     |   → 861/1243: ✅ 0 взято | 🗑️ 0 мусор
2026-06-20 02:54:12,806 | INFO     |   → 862/1243: ✅ 0 взято | 🗑️ 15 мусор
2026-06-20 02:54:12,806 | INFO     |   → 863/1243: ✅ 0 взято | 🗑️ 0 мусор
2026-06-20 02:54:12,806 | INFO     |   → 864/1243: ✅ 0 взято | 🗑️ 8 мусор
2026-06-20 02:54:12,806 | INFO     |   → 865/1243: ✅ 0 взято | 🗑️ 8 мусор
2026-06-20 02:54:12,806 | INFO     |   → 866/1243: ✅ 0 взято | 🗑️ 8 мусор
2026-06-20 02:54:12,806 | INFO     |   → 867/1243: ✅ 0 взято | 🗑️ 8 мусор
2026-06-20 02:54:12,806 | INFO     |   → 868/1243 ❌ HTTP 404 — https://raw.githubusercontent.com/freev2rayconfig/V2RAY_SUB/3e6a7786a1601ee3723e8d043ae79e70dbdfd9a8/v2rayconfigs.txt
2026-06-20 02:54:12,806 | INFO     |   → 869/1243 ❌ HTTP 404 — https://raw.githubusercontent.com/freev2rayconfig/V2RAY_SUBSCRIPTION_LINK/main/v2rayconfigs.txt
2026-06-20 02:54:12,806 | INFO     |   → 870/1243 ❌ HTTP 404 — https://raw.githubusercontent.com/gfpcom/free-proxy-list/main/list/http.txt
2026-06-20 02:54:12,806 | INFO     |   → 871/1243 ❌ HTTP 404 — https://raw.githubusercontent.com/gfpcom/free-proxy-list/main/list/https.txt
2026-06-20 02:54:12,806 | INFO     |   → 872/1243 ❌ HTTP 404 — https://raw.githubusercontent.com/gfpcom/free-proxy-list/main/list/socks4.txt
2026-06-20 02:54:12,806 | INFO     |   → 873/1243 ❌ HTTP 404 — https://raw.githubusercontent.com/gfpcom/free-proxy-list/main/list/socks4a.txt
2026-06-20 02:54:12,806 | INFO     |   → 874/1243 ❌ HTTP 404 — https://raw.githubusercontent.com/gfpcom/free-proxy-list/main/list/socks5.txt
2026-06-20 02:54:12,806 | INFO     |   → 875/1243 ❌ HTTP 404 — https://raw.githubusercontent.com/gfpcom/free-proxy-list/main/list/socks5h.txt
2026-06-20 02:54:12,806 | INFO     |   → 876/1243 ❌ HTTP 404 — https://raw.githubusercontent.com/gfpcom/free-proxy-list/main/list/ss.txt
2026-06-20 02:54:12,806 | INFO     |   → 877/1243 ❌ HTTP 404 — https://raw.githubusercontent.com/gfpcom/free-proxy-list/main/list/ssr.txt
2026-06-20 02:54:12,806 | INFO     |   → 878/1243 ❌ HTTP 404 — https://raw.githubusercontent.com/gfpcom/free-proxy-list/main/list/trojan.txt
2026-06-20 02:54:12,806 | INFO     |   → 879/1243 ❌ HTTP 404 — https://raw.githubusercontent.com/gfpcom/free-proxy-list/main/list/vless.txt
2026-06-20 02:54:12,806 | INFO     |   → 880/1243 ❌ HTTP 404 — https://raw.githubusercontent.com/gfpcom/free-proxy-list/main/list/vmess.txt
2026-06-20 02:54:12,806 | INFO     |   → 881/1243: ✅ 0 взято | 🗑️ 17 мусор
2026-06-20 02:54:12,806 | INFO     |   → 882/1243: ✅ 0 взято | 🗑️ 0 мусор
2026-06-20 02:54:12,806 | INFO     |   → 883/1243: ✅ 4 взято | 🗑️ 63 мусор
2026-06-20 02:54:12,806 | INFO     |   → 884/1243 ❌ HTTP 404 — https://raw.githubusercontent.com/hameed-maleki/TVC/89a4522969c57dcc22458cae9898426e5c4f2679/lite/config.txt
2026-06-20 02:54:12,806 | INFO     |   → 885/1243: ✅ 5 взято | 🗑️ 132 мусор
2026-06-20 02:54:12,806 | INFO     |   → 886/1243: ✅ 0 взято | 🗑️ 56 мусор
2026-06-20 02:54:12,806 | INFO     |   → 887/1243 ❌ HTTP 404 — https://raw.githubusercontent.com/hkaa0/permalink/main/proxy/V2ray
2026-06-20 02:54:12,806 | INFO     |   → 888/1243 ❌ HTTP 404 — https://raw.githubusercontent.com/hkaa0/permalink/main/proxy/clash
2026-06-20 02:54:12,806 | INFO     |   → 889/1243 ❌ HTTP 404 — https://raw.githubusercontent.com/hkpc/Autoproxy/6cf946ddfc677a29062007e4b47d70674474baa7/sub/2401/240110.txt
2026-06-20 02:54:12,806 | INFO     |   → 890/1243 ❌ HTTP 404 — https://raw.githubusercontent.com/hkpc/V2ray-Configs/7d9aa0dabf947af180a7dd6302818ed37950531a/Sub1.txt
2026-06-20 02:54:12,806 | INFO     |   → 891/1243: ✅ 0 взято | 🗑️ 14 мусор
2026-06-20 02:54:12,806 | INFO     |   → 892/1243: ✅ 16 взято | 🗑️ 16 мусор
2026-06-20 02:54:12,806 | INFO     |   → 893/1243 ❌ HTTP 404 — https://raw.githubusercontent.com/iboxz/free-v2ray-collector/main/main
2026-06-20 02:54:12,806 | INFO     |   → 894/1243: ✅ 16 взято | 🗑️ 10 мусор
2026-06-20 02:54:12,806 | INFO     |   → 895/1243: ✅ 13 взято | 🗑️ 32 мусор
2026-06-20 02:54:12,807 | INFO     |   → 896/1243: ✅ 105 взято | 🗑️ 182 мусор
2026-06-20 02:54:12,807 | INFO     |   → 897/1243 ❌ HTTP 404 — https://raw.githubusercontent.com/igareck/vpn-configs-for-russia/refs/heads/main/Vless-Reality-White-Lists-Rus-Cable.txt
2026-06-20 02:54:12,807 | INFO     |   → 898/1243: ✅ 38 взято | 🗑️ 17 мусор
2026-06-20 02:54:12,807 | INFO     |   → 899/1243: ✅ 0 взято | 🗑️ 0 мусор
2026-06-20 02:54:12,807 | INFO     |   → 900/1243: ✅ 0 взято | 🗑️ 0 мусор
2026-06-20 02:54:12,807 | INFO     |   → 901/1243: ✅ 23 взято | 🗑️ 9 мусор
2026-06-20 02:54:12,807 | INFO     |   → 902/1243: ✅ 0 взято | 🗑️ 0 мусор
2026-06-20 02:54:12,807 | INFO     |   → 903/1243: ✅ 0 взято | 🗑️ 0 мусор
2026-06-20 02:54:12,807 | INFO     |   → 904/1243: ✅ 0 взято | 🗑️ 12 мусор
2026-06-20 02:54:12,807 | INFO     |   → 905/1243: ✅ 0 взято | 🗑️ 43 мусор
2026-06-20 02:54:12,807 | INFO     |   → 906/1243 ❌ HTTP 404 — https://raw.githubusercontent.com/jw853355718/clash_233/master/config.yml
2026-06-20 02:54:12,807 | INFO     |   → 907/1243: ✅ 0 взято | 🗑️ 210 мусор
2026-06-20 02:54:12,807 | INFO     |   → 908/1243: ✅ 0 взято | 🗑️ 0 мусор
2026-06-20 02:54:12,807 | INFO     |   → 909/1243: ✅ 0 взято | 🗑️ 0 мусор
2026-06-20 02:54:12,807 | INFO     |   → 910/1243 ❌ HTTP 404 — https://raw.githubusercontent.com/lcx12901/v2ray-/master/sspool.herokuapp.com/yzcloud.yaml
2026-06-20 02:54:12,807 | INFO     |   → 911/1243 ❌ HTTP 404 — https://raw.githubusercontent.com/lcx12901/v2ray-/master/sspool.herokuapp.com/yzcloud2.yaml
2026-06-20 02:54:12,807 | INFO     |   → 912/1243: ✅ 0 взято | 🗑️ 0 мусор
2026-06-20 02:54:12,807 | INFO     |   → 913/1243 ❌ HTTP 404 — https://raw.githubusercontent.com/learnhard-cn/free_proxy_ss/main/clash/config.yaml
2026-06-20 02:54:12,807 | INFO     |   → 914/1243: ✅ 0 взято | 🗑️ 8 мусор
2026-06-20 02:54:12,807 | INFO     |   → 915/1243: ✅ 0 взято | 🗑️ 4 мусор
2026-06-20 02:54:12,807 | INFO     |   → 916/1243: ✅ 0 взято | 🗑️ 0 мусор
2026-06-20 02:54:12,807 | INFO     |   → 917/1243: ✅ 0 взято | 🗑️ 4 мусор
2026-06-20 02:54:12,807 | INFO     |   → 918/1243: ✅ 0 взято | 🗑️ 149 мусор
2026-06-20 02:54:12,807 | INFO     |   → 919/1243: ✅ 0 взято | 🗑️ 421 мусор
2026-06-20 02:54:12,807 | INFO     |   → 920/1243 ❌ HTTP 404 — https://raw.githubusercontent.com/lisylva-lee/v2dyku/main/ssr
2026-06-20 02:54:12,807 | INFO     |   → 921/1243 ❌ HTTP 404 — https://raw.githubusercontent.com/lisylva-lee/v2dyku/main/v2dy
2026-06-20 02:54:12,807 | INFO     |   → 922/1243: ✅ 0 взято | 🗑️ 53 мусор
2026-06-20 02:54:12,807 | INFO     |   → 923/1243 ❌ HTTP 404 — https://raw.githubusercontent.com/luxl-1379/merge/77247d23def72b25226dfa741614e9b07a569c72/sub/sub_merge_base64.txt
2026-06-20 02:54:12,807 | INFO     |   → 924/1243: ✅ 146 взято | 🗑️ 343 мусор
2026-06-20 02:54:12,807 | INFO     |   → 925/1243: ✅ 0 взято | 🗑️ 125 мусор
2026-06-20 02:54:12,807 | INFO     |   → 926/1243: ✅ 639 взято | 🗑️ 3496 мусор
2026-06-20 02:54:12,807 | INFO     |   → 927/1243: ✅ 0 взято | 🗑️ 0 мусор
2026-06-20 02:54:12,807 | INFO     |   → 928/1243: ✅ 0 взято | 🗑️ 3496 мусор
2026-06-20 02:54:12,807 | INFO     |   → 929/1243: ✅ 59 взято | 🗑️ 331 мусор
2026-06-20 02:54:12,807 | INFO     |   → 930/1243 ❌ HTTP 404 — https://raw.githubusercontent.com/mermeroo/Clash-V2ray/main/v2ray
2026-06-20 02:54:12,807 | INFO     |   → 931/1243: ✅ 15 взято | 🗑️ 417 мусор
2026-06-20 02:54:12,807 | INFO     |   → 932/1243: ✅ 6 взято | 🗑️ 102 мусор
2026-06-20 02:54:12,807 | INFO     |   → 933/1243: ✅ 716 взято | 🗑️ 6258 мусор
2026-06-20 02:54:12,807 | INFO     |   → 934/1243: ✅ 8 взято | 🗑️ 853 мусор
2026-06-20 02:54:12,807 | INFO     |   → 935/1243: ✅ 32 взято | 🗑️ 69 мусор
2026-06-20 02:54:12,807 | INFO     |   → 936/1243 ❌ HTTP 404 — https://raw.githubusercontent.com/mermeroo/free-v2ray-collector/main/main/mix
2026-06-20 02:54:12,807 | INFO     |   → 937/1243 ❌ HTTP 404 — https://raw.githubusercontent.com/mermeroo/free-v2ray-collector/main/main/reality
2026-06-20 02:54:12,807 | INFO     |   → 938/1243 ❌ HTTP 404 — https://raw.githubusercontent.com/mermeroo/free-v2ray-collector/main/main/shadowsocks
2026-06-20 02:54:12,807 | INFO     |   → 939/1243 ❌ HTTP 404 — https://raw.githubusercontent.com/mermeroo/free-v2ray-collector/main/main/trojan
2026-06-20 02:54:12,807 | INFO     |   → 940/1243 ❌ HTTP 404 — https://raw.githubusercontent.com/mermeroo/free-v2ray-collector/main/main/vless
2026-06-20 02:54:12,807 | INFO     |   → 941/1243 ❌ HTTP 404 — https://raw.githubusercontent.com/mermeroo/free-v2ray-collector/main/main/vmess
2026-06-20 02:54:12,807 | INFO     |   → 942/1243 ❌ HTTP 404 — https://raw.githubusercontent.com/mfuu/v2ray/master/merge/merge.txt
2026-06-20 02:54:12,807 | INFO     |   → 943/1243: ✅ 0 взято | 🗑️ 188 мусор
2026-06-20 02:54:12,807 | INFO     |   → 944/1243: ✅ 0 взято | 🗑️ 188 мусор
2026-06-20 02:54:12,807 | INFO     |   → 945/1243: ✅ 581 взято | 🗑️ 14176 мусор
2026-06-20 02:54:12,807 | INFO     |   → 946/1243: ✅ 0 взято | 🗑️ 14176 мусор
2026-06-20 02:54:12,807 | INFO     |   → 947/1243: ✅ 0 взято | 🗑️ 2787 мусор
2026-06-20 02:54:12,807 | INFO     |   → 948/1243: ✅ 0 взято | 🗑️ 1795 мусор
2026-06-20 02:54:12,807 | INFO     |   → 949/1243: ✅ 0 взято | 🗑️ 5706 мусор
2026-06-20 02:54:12,807 | INFO     |   → 950/1243: ✅ 0 взято | 🗑️ 3888 мусор
2026-06-20 02:54:12,807 | INFO     |   → 951/1243 ❌ HTTP 404 — https://raw.githubusercontent.com/mianous/qiren/main/qiren.txt
2026-06-20 02:54:12,807 | INFO     |   → 952/1243 ❌ HTTP 404 — https://raw.githubusercontent.com/miladtahanian/V2RayCFGDumper/refs/heads/main/config.txt
2026-06-20 02:54:12,807 | INFO     |   → 953/1243 ❌ HTTP 404 — https://raw.githubusercontent.com/miladtahanian/multi-proxy-config-fetcher/refs/heads/main/configs/proxy_configs.txt
2026-06-20 02:54:12,807 | INFO     |   → 954/1243: ✅ 0 взято | 🗑️ 0 мусор
2026-06-20 02:54:12,807 | INFO     |   → 955/1243: ✅ 0 взято | 🗑️ 0 мусор
2026-06-20 02:54:12,807 | INFO     |   → 956/1243: ✅ 0 взято | 🗑️ 0 мусор
2026-06-20 02:54:12,807 | INFO     |   → 957/1243: ✅ 15 взято | 🗑️ 46 мусор
2026-06-20 02:54:12,807 | INFO     |   → 958/1243: ✅ 0 взято | 🗑️ 182 мусор
2026-06-20 02:54:12,808 | INFO     |   → 959/1243: ✅ 0 взято | 🗑️ 0 мусор
2026-06-20 02:54:12,808 | INFO     |   → 960/1243: ✅ 28 взято | 🗑️ 93 мусор
2026-06-20 02:54:12,808 | INFO     |   → 961/1243: ✅ 0 взято | 🗑️ 0 мусор
2026-06-20 02:54:12,808 | INFO     |   → 962/1243: ✅ 15 взято | 🗑️ 70 мусор
2026-06-20 02:54:12,808 | INFO     |   → 963/1243: ✅ 127 взято | 🗑️ 492 мусор
2026-06-20 02:54:12,808 | INFO     |   → 964/1243: ✅ 331 взято | 🗑️ 190 мусор
2026-06-20 02:54:12,808 | INFO     |   → 965/1243: ✅ 32 взято | 🗑️ 1205 мусор
2026-06-20 02:54:12,808 | INFO     |   → 966/1243 ❌ HTTP 404 — https://raw.githubusercontent.com/obscure1990/freeVM/master/snippets/nodes.yml
2026-06-20 02:54:12,808 | INFO     |   → 967/1243 ❌ HTTP 404 — https://raw.githubusercontent.com/op30mmd/things/909b38024ba14d69dc0f95c238f63bc6e930a00f/eut.txt
2026-06-20 02:54:12,808 | INFO     |   → 968/1243 ❌ HTTP 404 — https://raw.githubusercontent.com/openRunner/clash-freenode/main/v2ray.txt
2026-06-20 02:54:12,808 | INFO     |   → 969/1243 ❌ HTTP 404 — https://raw.githubusercontent.com/oslook/clash-freenode/main/clash.yaml
2026-06-20 02:54:12,808 | INFO     |   → 970/1243: ✅ 0 взято | 🗑️ 0 мусор
2026-06-20 02:54:12,808 | INFO     |   → 971/1243: ✅ 4 взято | 🗑️ 1 мусор
2026-06-20 02:54:12,808 | INFO     |   → 972/1243: ✅ 0 взято | 🗑️ 0 мусор
2026-06-20 02:54:12,808 | INFO     |   → 973/1243: ✅ 3 взято | 🗑️ 110 мусор
2026-06-20 02:54:12,808 | INFO     |   → 974/1243: ✅ 0 взято | 🗑️ 0 мусор
2026-06-20 02:54:12,808 | INFO     |   → 975/1243: ✅ 0 взято | 🗑️ 0 мусор
2026-06-20 02:54:12,808 | INFO     |   → 976/1243: ✅ 0 взято | 🗑️ 19 мусор
2026-06-20 02:54:12,808 | INFO     |   → 977/1243: ✅ 0 взято | 🗑️ 44 мусор
2026-06-20 02:54:12,808 | INFO     |   → 978/1243: ✅ 63 взято | 🗑️ 521 мусор
2026-06-20 02:54:12,808 | INFO     |   → 979/1243: ✅ 165 взято | 🗑️ 273 мусор
2026-06-20 02:54:12,808 | INFO     |   → 980/1243: ✅ 0 взято | 🗑️ 0 мусор
2026-06-20 02:54:12,808 | INFO     |   → 981/1243: ✅ 28 взято | 🗑️ 211 мусор
2026-06-20 02:54:12,808 | INFO     |   → 982/1243: ✅ 0 взято | 🗑️ 79 мусор
2026-06-20 02:54:12,808 | INFO     |   → 983/1243: ✅ 13 взято | 🗑️ 32 мусор
2026-06-20 02:54:12,808 | INFO     |   → 984/1243: ✅ 0 взято | 🗑️ 0 мусор
2026-06-20 02:54:12,808 | INFO     |   → 985/1243: ✅ 2 взято | 🗑️ 9 мусор
2026-06-20 02:54:12,808 | INFO     |   → 986/1243: ✅ 11 взято | 🗑️ 76 мусор
2026-06-20 02:54:12,808 | INFO     |   → 987/1243: ✅ 0 взято | 🗑️ 168 мусор
2026-06-20 02:54:12,808 | INFO     |   → 988/1243: ✅ 0 взято | 🗑️ 79 мусор
2026-06-20 02:54:12,808 | INFO     |   → 989/1243: ✅ 0 взято | 🗑️ 14 мусор
2026-06-20 02:54:12,808 | INFO     |   → 990/1243 ❌ HTTP 404 — https://raw.githubusercontent.com/ronghuaxueleng/get_v2/main/pub/changfengoss.yaml
2026-06-20 02:54:12,808 | INFO     |   → 991/1243: ✅ 0 взято | 🗑️ 0 мусор
2026-06-20 02:54:12,808 | INFO     |   → 992/1243: ✅ 69 взято | 🗑️ 56 мусор
2026-06-20 02:54:12,808 | INFO     |   → 993/1243: ✅ 0 взято | 🗑️ 56 мусор
2026-06-20 02:54:12,808 | INFO     |   → 994/1243 ❌ HTTP 404 — https://raw.githubusercontent.com/rxsweet/CM_Vmess/refs/heads/main/test.txt
2026-06-20 02:54:12,808 | INFO     |   → 995/1243 ❌ HTTP 404 — https://raw.githubusercontent.com/rxsweet/proxies/main/sub/free.yaml
2026-06-20 02:54:12,808 | INFO     |   → 996/1243 ❌ HTTP 404 — https://raw.githubusercontent.com/rxsweet/proxies/main/sub/rx.yaml
2026-06-20 02:54:12,808 | INFO     |   → 997/1243 ❌ HTTP 404 — https://raw.githubusercontent.com/rxsweet/proxies/main/sub/sources/dynamicAll.yaml
2026-06-20 02:54:12,808 | INFO     |   → 998/1243 ❌ HTTP 404 — https://raw.githubusercontent.com/rxsweet/proxies/main/sub/sources/miningAll.yaml
2026-06-20 02:54:12,808 | INFO     |   → 999/1243 ❌ HTTP 404 — https://raw.githubusercontent.com/rxsweet/proxies/main/sub/srx.yaml
2026-06-20 02:54:12,808 | INFO     |   → 1000/1243 ❌ HTTP 404 — https://raw.githubusercontent.com/sajad-sajadi/V2ray-Collector/raw/main/output/protocols/vmess.txt
2026-06-20 02:54:12,808 | INFO     |   → 1001/1243 ❌ HTTP 404 — https://raw.githubusercontent.com/sakha1370/OpenRay/raw/refs/heads/main/output/all_valid_proxies.txt
2026-06-20 02:54:12,808 | INFO     |   → 1002/1243: ✅ 53 взято | 🗑️ 399 мусор
2026-06-20 02:54:12,808 | INFO     |   → 1003/1243: ✅ 0 взято | 🗑️ 399 мусор
2026-06-20 02:54:12,808 | INFO     |   → 1004/1243 ❌ HTTP 404 — https://raw.githubusercontent.com/samjoeyang/subscribe/main/fly
2026-06-20 02:54:12,808 | INFO     |   → 1005/1243: ✅ 0 взято | 🗑️ 0 мусор
2026-06-20 02:54:12,808 | INFO     |   → 1006/1243 ❌ HTTP 404 — https://raw.githubusercontent.com/sarina-ad/v2ray/main/v2ray
2026-06-20 02:54:12,808 | INFO     |   → 1007/1243 ❌ HTTP 404 — https://raw.githubusercontent.com/satrom/V2SSR/master/SSR/Sub.txt
2026-06-20 02:54:12,808 | INFO     |   → 1008/1243 ❌ HTTP 404 — https://raw.githubusercontent.com/satrom/V2SSR/master/V2RAY/Sub.txt
2026-06-20 02:54:12,808 | INFO     |   → 1009/1243: ✅ 9940 взято | 🗑️ 188058 мусор
2026-06-20 02:54:12,808 | INFO     |   → 1010/1243: ✅ 0 взято | 🗑️ 0 мусор
2026-06-20 02:54:12,808 | INFO     |   → 1011/1243: ✅ 0 взято | 🗑️ 0 мусор
2026-06-20 02:54:12,808 | INFO     |   → 1012/1243: ✅ 3 взято | 🗑️ 49 мусор
2026-06-20 02:54:12,808 | INFO     |   → 1013/1243: ✅ 406 взято | 🗑️ 2363 мусор
2026-06-20 02:54:12,808 | INFO     |   → 1014/1243: ✅ 0 взято | 🗑️ 1165 мусор
2026-06-20 02:54:12,808 | INFO     |   → 1015/1243: ✅ 0 взято | 🗑️ 133 мусор
2026-06-20 02:54:12,808 | INFO     |   → 1016/1243: ✅ 0 взято | 🗑️ 1028 мусор
2026-06-20 02:54:12,808 | INFO     |   → 1017/1243: ✅ 0 взято | 🗑️ 37 мусор
2026-06-20 02:54:12,808 | INFO     |   → 1018/1243: ✅ 0 взято | 🗑️ 2363 мусор
2026-06-20 02:54:12,808 | INFO     |   → 1019/1243: ✅ 0 взято | 🗑️ 0 мусор
2026-06-20 02:54:12,808 | INFO     |   → 1020/1243 ❌ HTTP 404 — https://raw.githubusercontent.com/shirkerboy/scp/main/sub
2026-06-20 02:54:12,809 | INFO     |   → 1021/1243 ❌ HTTP 404 — https://raw.githubusercontent.com/snakem982/proxypool/main/nodelist.txt
2026-06-20 02:54:12,809 | INFO     |   → 1022/1243: ✅ 0 взято | 🗑️ 5 мусор
2026-06-20 02:54:12,809 | INFO     |   → 1023/1243 ❌ HTTP 404 — https://raw.githubusercontent.com/snakem982/proxypool/main/source/v2ray.txt
2026-06-20 02:54:12,809 | INFO     |   → 1024/1243 ❌ HTTP 404 — https://raw.githubusercontent.com/soroushmirzaei/telegram-configs-collector/main/channels/protocols/hysteria
2026-06-20 02:54:12,809 | INFO     |   → 1025/1243 ❌ HTTP 404 — https://raw.githubusercontent.com/soroushmirzaei/telegram-configs-collector/main/channels/protocols/juicity
2026-06-20 02:54:12,809 | INFO     |   → 1026/1243 ❌ HTTP 404 — https://raw.githubusercontent.com/soroushmirzaei/telegram-configs-collector/main/channels/protocols/reality
2026-06-20 02:54:12,809 | INFO     |   → 1027/1243 ❌ HTTP 404 — https://raw.githubusercontent.com/soroushmirzaei/telegram-configs-collector/main/channels/protocols/shadowsocks
2026-06-20 02:54:12,809 | INFO     |   → 1028/1243 ❌ HTTP 404 — https://raw.githubusercontent.com/soroushmirzaei/telegram-configs-collector/main/channels/protocols/trojan
2026-06-20 02:54:12,809 | INFO     |   → 1029/1243 ❌ HTTP 404 — https://raw.githubusercontent.com/soroushmirzaei/telegram-configs-collector/main/channels/protocols/tuic
2026-06-20 02:54:12,809 | INFO     |   → 1030/1243 ❌ HTTP 404 — https://raw.githubusercontent.com/soroushmirzaei/telegram-configs-collector/main/channels/protocols/vless
2026-06-20 02:54:12,809 | INFO     |   → 1031/1243 ❌ HTTP 404 — https://raw.githubusercontent.com/soroushmirzaei/telegram-configs-collector/main/channels/protocols/vmess
2026-06-20 02:54:12,809 | INFO     |   → 1032/1243 ❌ HTTP 404 — https://raw.githubusercontent.com/soroushmirzaei/telegram-configs-collector/main/countries/jp/mixed
2026-06-20 02:54:12,809 | INFO     |   → 1033/1243 ❌ HTTP 404 — https://raw.githubusercontent.com/soroushmirzaei/telegram-configs-collector/main/protocols/hysteria
2026-06-20 02:54:12,809 | INFO     |   → 1034/1243 ❌ HTTP 404 — https://raw.githubusercontent.com/soroushmirzaei/telegram-configs-collector/main/protocols/juicity
2026-06-20 02:54:12,809 | INFO     |   → 1035/1243 ❌ HTTP 404 — https://raw.githubusercontent.com/soroushmirzaei/telegram-configs-collector/main/protocols/reality
2026-06-20 02:54:12,809 | INFO     |   → 1036/1243 ❌ HTTP 404 — https://raw.githubusercontent.com/soroushmirzaei/telegram-configs-collector/main/protocols/shadowsocks
2026-06-20 02:54:12,809 | INFO     |   → 1037/1243 ❌ HTTP 404 — https://raw.githubusercontent.com/soroushmirzaei/telegram-configs-collector/main/protocols/trojan
2026-06-20 02:54:12,809 | INFO     |   → 1038/1243 ❌ HTTP 404 — https://raw.githubusercontent.com/soroushmirzaei/telegram-configs-collector/main/protocols/tuic
2026-06-20 02:54:12,809 | INFO     |   → 1039/1243 ❌ HTTP 404 — https://raw.githubusercontent.com/soroushmirzaei/telegram-configs-collector/main/protocols/vless
2026-06-20 02:54:12,809 | INFO     |   → 1040/1243 ❌ HTTP 404 — https://raw.githubusercontent.com/soroushmirzaei/telegram-configs-collector/main/protocols/vmess
2026-06-20 02:54:12,809 | INFO     |   → 1041/1243 ❌ HTTP 404 — https://raw.githubusercontent.com/soroushmirzaei/telegram-configs-collector/main/splitted/subscribe
2026-06-20 02:54:12,809 | INFO     |   → 1042/1243 ❌ HTTP 404 — https://raw.githubusercontent.com/ssrsub/ssr/master/Clash.yml
2026-06-20 02:54:12,809 | INFO     |   → 1043/1243 ❌ HTTP 404 — https://raw.githubusercontent.com/ssrsub/ssr/master/V2Ray
2026-06-20 02:54:12,809 | INFO     |   → 1044/1243 ❌ HTTP 404 — https://raw.githubusercontent.com/ssrsub/ssr/master/ss-sub
2026-06-20 02:54:12,809 | INFO     |   → 1045/1243 ❌ HTTP 404 — https://raw.githubusercontent.com/ssrsub/ssr/master/ssrsub
2026-06-20 02:54:12,809 | INFO     |   → 1046/1243 ❌ HTTP 404 — https://raw.githubusercontent.com/ssrsub/ssr/master/trojan
2026-06-20 02:54:12,809 | INFO     |   → 1047/1243: ✅ 0 взято | 🗑️ 0 мусор
2026-06-20 02:54:12,809 | INFO     |   → 1048/1243: ✅ 2 взято | 🗑️ 12 мусор
2026-06-20 02:54:12,809 | INFO     |   → 1049/1243: ✅ 0 взято | 🗑️ 13 мусор
2026-06-20 02:54:12,809 | INFO     |   → 1050/1243: ✅ 0 взято | 🗑️ 13 мусор
2026-06-20 02:54:12,809 | INFO     |   → 1051/1243 ❌ HTTP 404 — https://raw.githubusercontent.com/tbbatbb/Proxy/master/dist/clash.config.yaml
2026-06-20 02:54:12,809 | INFO     |   → 1052/1243: ✅ 2 взято | 🗑️ 35 мусор
2026-06-20 02:54:12,809 | INFO     |   → 1053/1243: ✅ 0 взято | 🗑️ 0 мусор
2026-06-20 02:54:12,809 | INFO     |   → 1054/1243: ✅ 5 взято | 🗑️ 111 мусор
2026-06-20 02:54:12,809 | INFO     |   → 1055/1243: ✅ 0 взято | 🗑️ 0 мусор
2026-06-20 02:54:12,809 | INFO     |   → 1056/1243: ✅ 0 взято | 🗑️ 148 мусор
2026-06-20 02:54:12,809 | INFO     |   → 1057/1243 ❌ HTTP 404 — https://raw.githubusercontent.com/v2clash/Autoproxy/a81f840ab2364124133572ec94e4b81fb0d4e58d/sub/2401/240104.txt
2026-06-20 02:54:12,809 | INFO     |   → 1058/1243 ❌ HTTP 404 — https://raw.githubusercontent.com/v2clash/V2ray-Configs/31f493c584d0c7b56350f4a34d80c53ad82bcc18/Sub9.txt
2026-06-20 02:54:12,809 | INFO     |   → 1059/1243: ✅ 0 взято | 🗑️ 0 мусор
2026-06-20 02:54:12,809 | INFO     |   → 1060/1243: ✅ 0 взято | 🗑️ 0 мусор
2026-06-20 02:54:12,809 | INFO     |   → 1061/1243: ✅ 0 взято | 🗑️ 0 мусор
2026-06-20 02:54:12,809 | INFO     |   → 1062/1243: ✅ 283 взято | 🗑️ 9640 мусор
2026-06-20 02:54:12,809 | INFO     |   → 1063/1243: ✅ 281 взято | 🗑️ 10086 мусор
2026-06-20 02:54:12,809 | INFO     |   → 1064/1243: ✅ 280 взято | 🗑️ 9675 мусор
2026-06-20 02:54:12,809 | INFO     |   → 1065/1243: ✅ 334 взято | 🗑️ 9823 мусор
2026-06-20 02:54:12,809 | INFO     |   → 1066/1243: ✅ 350 взято | 🗑️ 9639 мусор
2026-06-20 02:54:12,809 | INFO     |   → 1067/1243: ✅ 125 взято | 🗑️ 7919 мусор
2026-06-20 02:54:12,809 | INFO     |   → 1068/1243: ✅ 135 взято | 🗑️ 4836 мусор
2026-06-20 02:54:12,809 | INFO     |   → 1069/1243: ✅ 502 взято | 🗑️ 7659 мусор
2026-06-20 02:54:12,809 | INFO     |   → 1070/1243: ✅ 631 взято | 🗑️ 8081 мусор
2026-06-20 02:54:12,809 | INFO     |   → 1071/1243: ✅ 202 взято | 🗑️ 5131 мусор
2026-06-20 02:54:12,809 | INFO     |   → 1072/1243 ❌ HTTP 404 — https://raw.githubusercontent.com/vveg26/chromego_merge/main/sub/merged_proxies.yaml
2026-06-20 02:54:12,809 | INFO     |   → 1073/1243 ❌ HTTP 404 — https://raw.githubusercontent.com/vveg26/get_proxy/main/dist/clash.config.yaml
2026-06-20 02:54:12,809 | INFO     |   → 1074/1243: ✅ 0 взято | 🗑️ 10 мусор
2026-06-20 02:54:12,809 | INFO     |   → 1075/1243: ✅ 0 взято | 🗑️ 10 мусор
2026-06-20 02:54:12,809 | INFO     |   → 1076/1243: ✅ 0 взято | 🗑️ 4 мусор
2026-06-20 02:54:12,809 | INFO     |   → 1077/1243: ✅ 0 взято | 🗑️ 0 мусор
2026-06-20 02:54:12,809 | INFO     |   → 1078/1243: ✅ 0 взято | 🗑️ 4 мусор
2026-06-20 02:54:12,809 | INFO     |   → 1079/1243: ✅ 106 взято | 🗑️ 689 мусор
2026-06-20 02:54:12,809 | INFO     |   → 1080/1243: ✅ 48 взято | 🗑️ 841 мусор
2026-06-20 02:54:12,809 | INFO     |   → 1081/1243: ✅ 21 взято | 🗑️ 789 мусор
2026-06-20 02:54:12,810 | INFO     |   → 1082/1243: ✅ 24 взято | 🗑️ 774 мусор
2026-06-20 02:54:12,810 | INFO     |   → 1083/1243: ✅ 52 взято | 🗑️ 756 мусор
2026-06-20 02:54:12,810 | INFO     |   → 1084/1243: ✅ 191 взято | 🗑️ 745 мусор
2026-06-20 02:54:12,810 | INFO     |   → 1085/1243: ✅ 9 взято | 🗑️ 651 мусор
2026-06-20 02:54:12,810 | INFO     |   → 1086/1243: ✅ 185 взято | 🗑️ 388 мусор
2026-06-20 02:54:12,810 | INFO     |   → 1087/1243: ✅ 130 взято | 🗑️ 523 мусор
2026-06-20 02:54:12,810 | INFO     |   → 1088/1243: ✅ 67 взято | 🗑️ 533 мусор
2026-06-20 02:54:12,810 | INFO     |   → 1089/1243: ✅ 98 взято | 🗑️ 444 мусор
2026-06-20 02:54:12,810 | INFO     |   → 1090/1243: ✅ 102 взято | 🗑️ 670 мусор
2026-06-20 02:54:12,810 | INFO     |   → 1091/1243: ✅ 86 взято | 🗑️ 476 мусор
2026-06-20 02:54:12,810 | INFO     |   → 1092/1243: ✅ 95 взято | 🗑️ 657 мусор
2026-06-20 02:54:12,810 | INFO     |   → 1093/1243: ✅ 105 взято | 🗑️ 645 мусор
2026-06-20 02:54:12,810 | INFO     |   → 1094/1243: ✅ 115 взято | 🗑️ 985 мусор
2026-06-20 02:54:12,810 | INFO     |   → 1095/1243: ✅ 6 взято | 🗑️ 63 мусор
2026-06-20 02:54:12,810 | INFO     |   → 1096/1243: ✅ 7 взято | 🗑️ 62 мусор
2026-06-20 02:54:12,810 | INFO     |   → 1097/1243: ✅ 39 взято | 🗑️ 489 мусор
2026-06-20 02:54:12,810 | INFO     |   → 1098/1243: ✅ 0 взято | 🗑️ 0 мусор
2026-06-20 02:54:12,810 | INFO     |   → 1099/1243: ✅ 0 взято | 🗑️ 0 мусор
2026-06-20 02:54:12,810 | INFO     |   → 1100/1243: ✅ 0 взято | 🗑️ 0 мусор
2026-06-20 02:54:12,810 | INFO     |   → 1101/1243: ✅ 0 взято | 🗑️ 0 мусор
2026-06-20 02:54:12,810 | INFO     |   → 1102/1243: ✅ 0 взято | 🗑️ 0 мусор
2026-06-20 02:54:12,810 | INFO     |   → 1103/1243: ✅ 0 взято | 🗑️ 52 мусор
2026-06-20 02:54:12,810 | INFO     |   → 1104/1243: ✅ 5 взято | 🗑️ 10 мусор
2026-06-20 02:54:12,810 | INFO     |   → 1105/1243: ✅ 1 взято | 🗑️ 124 мусор
2026-06-20 02:54:12,810 | INFO     |   → 1106/1243: ✅ 181 взято | 🗑️ 156 мусор
2026-06-20 02:54:12,810 | INFO     |   → 1107/1243: ✅ 0 взято | 🗑️ 9 мусор
2026-06-20 02:54:12,810 | INFO     |   → 1108/1243: ✅ 24 взято | 🗑️ 874 мусор
2026-06-20 02:54:12,810 | INFO     |   → 1109/1243 ❌ HTTP 404 — https://raw.githubusercontent.com/xiaozhu2007/xiaozhu2007/61a755a044dbaeea678bc2d1e20f21a21c6d7170/docs/fxxk.txt
2026-06-20 02:54:12,810 | INFO     |   → 1110/1243: ✅ 1 взято | 🗑️ 159 мусор
2026-06-20 02:54:12,810 | INFO     |   → 1111/1243: ✅ 0 взято | 🗑️ 22 мусор
2026-06-20 02:54:12,810 | INFO     |   → 1112/1243: ✅ 0 взято | 🗑️ 0 мусор
2026-06-20 02:54:12,810 | INFO     |   → 1113/1243 ❌ HTTP 404 — https://raw.githubusercontent.com/yebekhe/TVC/0f745f92bf381e505f1245abbc7c145b19b11503/config.txt
2026-06-20 02:54:12,810 | INFO     |   → 1114/1243 ❌ HTTP 404 — https://raw.githubusercontent.com/yebekhe/TVC/9fac69239c69327fb7a61f5a8d79d107133889e1/lite/config.txt
2026-06-20 02:54:12,810 | INFO     |   → 1115/1243 ❌ HTTP 404 — https://raw.githubusercontent.com/yebekhe/TelegramV2rayCollector/main/sub/normal/donated
2026-06-20 02:54:12,810 | INFO     |   → 1116/1243 ❌ HTTP 404 — https://raw.githubusercontent.com/yebekhe/TelegramV2rayCollector/main/sub/normal/hysteria2
2026-06-20 02:54:12,810 | INFO     |   → 1117/1243 ❌ HTTP 404 — https://raw.githubusercontent.com/yebekhe/TelegramV2rayCollector/main/sub/normal/mix
2026-06-20 02:54:12,810 | INFO     |   → 1118/1243 ❌ HTTP 404 — https://raw.githubusercontent.com/yebekhe/TelegramV2rayCollector/main/sub/normal/reality
2026-06-20 02:54:12,810 | INFO     |   → 1119/1243 ❌ HTTP 404 — https://raw.githubusercontent.com/yebekhe/TelegramV2rayCollector/main/sub/normal/shadowsocks
2026-06-20 02:54:12,810 | INFO     |   → 1120/1243 ❌ HTTP 404 — https://raw.githubusercontent.com/yebekhe/TelegramV2rayCollector/main/sub/normal/trojan
2026-06-20 02:54:12,810 | INFO     |   → 1121/1243 ❌ HTTP 404 — https://raw.githubusercontent.com/yebekhe/TelegramV2rayCollector/main/sub/normal/tuic
2026-06-20 02:54:12,810 | INFO     |   → 1122/1243 ❌ HTTP 404 — https://raw.githubusercontent.com/yebekhe/TelegramV2rayCollector/main/sub/normal/vless
2026-06-20 02:54:12,810 | INFO     |   → 1123/1243 ❌ HTTP 404 — https://raw.githubusercontent.com/yebekhe/TelegramV2rayCollector/main/sub/normal/vmess
2026-06-20 02:54:12,810 | INFO     |   → 1124/1243 ❌ HTTP 404 — https://raw.githubusercontent.com/yebekhe/V2Hub/main/Split/Normal/shadowsocks
2026-06-20 02:54:12,810 | INFO     |   → 1125/1243 ❌ HTTP 404 — https://raw.githubusercontent.com/yebekhe/V2Hub/main/merged
2026-06-20 02:54:12,810 | INFO     |   → 1126/1243: ✅ 0 взято | 🗑️ 30 мусор
2026-06-20 02:54:12,810 | INFO     |   → 1127/1243: ✅ 1226 взято | 🗑️ 10237 мусор
2026-06-20 02:54:12,810 | INFO     |   → 1128/1243: ✅ 10 взято | 🗑️ 388 мусор
2026-06-20 02:54:12,810 | INFO     |   → 1129/1243: ✅ 13 взято | 🗑️ 385 мусор
2026-06-20 02:54:12,810 | INFO     |   → 1130/1243: ✅ 223 взято | 🗑️ 336 мусор
2026-06-20 02:54:12,810 | INFO     |   → 1131/1243: ✅ 115 взято | 🗑️ 1979 мусор
2026-06-20 02:54:12,810 | INFO     |   → 1132/1243: ✅ 3 взято | 🗑️ 564 мусор
2026-06-20 02:54:12,810 | INFO     |   → 1133/1243 ❌ HTTP 404 — https://raw.githubusercontent.com/yyyr-otz/tele-providers-collector/019cb3e07ee52fddbc7caa54fc670c6b9bae6539/sub/proxies.txt
2026-06-20 02:54:12,810 | INFO     |   → 1134/1243 ❌ HTTP 404 — https://raw.githubusercontent.com/yyyr-otz/tele-providers-collector/b7a74ee98bcf02c5a507d688a1bed3aa9f7f4ed1/script/raw/protocols/mixed.txt
2026-06-20 02:54:12,810 | INFO     |   → 1135/1243: ✅ 0 взято | 🗑️ 0 мусор
2026-06-20 02:54:12,810 | INFO     |   → 1136/1243: ✅ 0 взято | 🗑️ 0 мусор
2026-06-20 02:54:12,810 | INFO     |   → 1137/1243: ✅ 1 взято | 🗑️ 18 мусор
2026-06-20 02:54:12,810 | INFO     |   → 1138/1243: ✅ 32 взято | 🗑️ 1027 мусор
2026-06-20 02:54:12,810 | INFO     |   → 1139/1243: ✅ 0 взято | 🗑️ 5 мусор
2026-06-20 02:54:12,810 | INFO     |   → 1140/1243: ✅ 0 взято | 🗑️ 0 мусор
2026-06-20 02:54:12,810 | INFO     |   → 1141/1243 ⚠️ Ошибка: ('Connection aborted.', RemoteDisconnected('Remote end closed connection without response')) — https://sub.pmsub.me/clash.yaml
2026-06-20 02:54:12,810 | INFO     |   → 1142/1243: ✅ 0 взято | 🗑️ 1 мусор
2026-06-20 02:54:12,810 | INFO     |   → 1143/1243: ✅ 8 взято | 🗑️ 21 мусор
2026-06-20 02:54:12,810 | INFO     |   → 1144/1243: ✅ 0 взято | 🗑️ 0 мусор
2026-06-20 02:54:12,811 | INFO     |   → 1145/1243: ✅ 9 взято | 🗑️ 19 мусор
2026-06-20 02:54:12,811 | INFO     |   → 1146/1243: ✅ 0 взято | 🗑️ 0 мусор
2026-06-20 02:54:12,811 | INFO     |   → 1147/1243: ✅ 2 взято | 🗑️ 14 мусор
2026-06-20 02:54:12,811 | INFO     |   → 1148/1243: ✅ 4 взято | 🗑️ 22 мусор
2026-06-20 02:54:12,811 | INFO     |   → 1149/1243: ✅ 0 взято | 🗑️ 0 мусор
2026-06-20 02:54:12,811 | INFO     |   → 1150/1243: ✅ 0 взято | 🗑️ 0 мусор
2026-06-20 02:54:12,811 | INFO     |   → 1151/1243: ✅ 0 взято | 🗑️ 0 мусор
2026-06-20 02:54:12,811 | INFO     |   → 1152/1243: ✅ 2 взято | 🗑️ 16 мусор
2026-06-20 02:54:12,811 | INFO     |   → 1153/1243: ✅ 0 взято | 🗑️ 0 мусор
2026-06-20 02:54:12,811 | INFO     |   → 1154/1243: ✅ 4 взято | 🗑️ 7 мусор
2026-06-20 02:54:12,811 | INFO     |   → 1155/1243: ✅ 0 взято | 🗑️ 0 мусор
2026-06-20 02:54:12,811 | INFO     |   → 1156/1243: ✅ 6 взято | 🗑️ 14 мусор
2026-06-20 02:54:12,811 | INFO     |   → 1157/1243: ✅ 0 взято | 🗑️ 0 мусор
2026-06-20 02:54:12,811 | INFO     |   → 1158/1243: ✅ 2 взято | 🗑️ 13 мусор
2026-06-20 02:54:12,811 | INFO     |   → 1159/1243: ✅ 0 взято | 🗑️ 0 мусор
2026-06-20 02:54:12,811 | INFO     |   → 1160/1243: ✅ 0 взято | 🗑️ 0 мусор
2026-06-20 02:54:12,811 | INFO     |   → 1161/1243: ✅ 2 взято | 🗑️ 7 мусор
2026-06-20 02:54:12,811 | INFO     |   → 1162/1243: ✅ 1 взято | 🗑️ 14 мусор
2026-06-20 02:54:12,811 | INFO     |   → 1163/1243: ✅ 2 взято | 🗑️ 14 мусор
2026-06-20 02:54:12,811 | INFO     |   → 1164/1243: ✅ 0 взято | 🗑️ 0 мусор
2026-06-20 02:54:12,811 | INFO     |   → 1165/1243: ✅ 3 взято | 🗑️ 22 мусор
2026-06-20 02:54:12,811 | INFO     |   → 1166/1243: ✅ 0 взято | 🗑️ 0 мусор
2026-06-20 02:54:12,811 | INFO     |   → 1167/1243: ✅ 2 взято | 🗑️ 15 мусор
2026-06-20 02:54:12,811 | INFO     |   → 1168/1243: ✅ 3 взято | 🗑️ 12 мусор
2026-06-20 02:54:12,811 | INFO     |   → 1169/1243: ✅ 0 взято | 🗑️ 0 мусор
2026-06-20 02:54:12,811 | INFO     |   → 1170/1243: ✅ 0 взято | 🗑️ 0 мусор
2026-06-20 02:54:12,811 | INFO     |   → 1171/1243: ✅ 0 взято | 🗑️ 0 мусор
2026-06-20 02:54:12,811 | INFO     |   → 1172/1243: ✅ 4 взято | 🗑️ 11 мусор
2026-06-20 02:54:12,811 | INFO     |   → 1173/1243: ✅ 10 взято | 🗑️ 15 мусор
2026-06-20 02:54:12,811 | INFO     |   → 1174/1243: ✅ 0 взято | 🗑️ 0 мусор
2026-06-20 02:54:12,811 | INFO     |   → 1175/1243: ✅ 13 взято | 🗑️ 15 мусор
2026-06-20 02:54:12,811 | INFO     |   → 1176/1243: ✅ 0 взято | 🗑️ 0 мусор
2026-06-20 02:54:12,811 | INFO     |   → 1177/1243: ✅ 5 взято | 🗑️ 15 мусор
2026-06-20 02:54:12,811 | INFO     |   → 1178/1243: ✅ 0 взято | 🗑️ 0 мусор
2026-06-20 02:54:12,811 | INFO     |   → 1179/1243: ✅ 8 взято | 🗑️ 16 мусор
2026-06-20 02:54:12,811 | INFO     |   → 1180/1243: ✅ 0 взято | 🗑️ 0 мусор
2026-06-20 02:54:12,811 | INFO     |   → 1181/1243: ✅ 0 взято | 🗑️ 24 мусор
2026-06-20 02:54:12,811 | INFO     |   → 1182/1243: ✅ 0 взято | 🗑️ 0 мусор
2026-06-20 02:54:12,811 | INFO     |   → 1183/1243: ✅ 4 взято | 🗑️ 17 мусор
2026-06-20 02:54:12,811 | INFO     |   → 1184/1243: ✅ 0 взято | 🗑️ 0 мусор
2026-06-20 02:54:12,811 | INFO     |   → 1185/1243: ✅ 12 взято | 🗑️ 18 мусор
2026-06-20 02:54:12,811 | INFO     |   → 1186/1243: ✅ 0 взято | 🗑️ 0 мусор
2026-06-20 02:54:12,811 | INFO     |   → 1187/1243: ✅ 2 взято | 🗑️ 17 мусор
2026-06-20 02:54:12,811 | INFO     |   → 1188/1243: ✅ 0 взято | 🗑️ 0 мусор
2026-06-20 02:54:12,811 | INFO     |   → 1189/1243: ✅ 1 взято | 🗑️ 27 мусор
2026-06-20 02:54:12,811 | INFO     |   → 1190/1243: ✅ 0 взято | 🗑️ 0 мусор
2026-06-20 02:54:12,811 | INFO     |   → 1191/1243: ✅ 4 взято | 🗑️ 15 мусор
2026-06-20 02:54:12,811 | INFO     |   → 1192/1243: ✅ 0 взято | 🗑️ 0 мусор
2026-06-20 02:54:12,811 | INFO     |   → 1193/1243: ✅ 4 взято | 🗑️ 26 мусор
2026-06-20 02:54:12,811 | INFO     |   → 1194/1243: ✅ 0 взято | 🗑️ 0 мусор
2026-06-20 02:54:12,811 | INFO     |   → 1195/1243: ✅ 3 взято | 🗑️ 21 мусор
2026-06-20 02:54:12,811 | INFO     |   → 1196/1243: ✅ 0 взято | 🗑️ 0 мусор
2026-06-20 02:54:12,811 | INFO     |   → 1197/1243: ✅ 8 взято | 🗑️ 12 мусор
2026-06-20 02:54:12,811 | INFO     |   → 1198/1243: ✅ 0 взято | 🗑️ 0 мусор
2026-06-20 02:54:12,811 | INFO     |   → 1199/1243: ✅ 8 взято | 🗑️ 15 мусор
2026-06-20 02:54:12,811 | INFO     |   → 1200/1243: ✅ 0 взято | 🗑️ 0 мусор
2026-06-20 02:54:12,811 | INFO     |   → 1201/1243: ✅ 10 взято | 🗑️ 14 мусор
2026-06-20 02:54:12,811 | INFO     |   → 1202/1243: ✅ 0 взято | 🗑️ 0 мусор
2026-06-20 02:54:12,811 | INFO     |   → 1203/1243: ✅ 5 взято | 🗑️ 18 мусор
2026-06-20 02:54:12,811 | INFO     |   → 1204/1243: ✅ 0 взято | 🗑️ 0 мусор
2026-06-20 02:54:12,811 | INFO     |   → 1205/1243: ✅ 5 взято | 🗑️ 22 мусор
2026-06-20 02:54:12,811 | INFO     |   → 1206/1243: ✅ 0 взято | 🗑️ 0 мусор
2026-06-20 02:54:12,811 | INFO     |   → 1207/1243: ✅ 5 взято | 🗑️ 18 мусор
2026-06-20 02:54:12,811 | INFO     |   → 1208/1243: ✅ 0 взято | 🗑️ 0 мусор
2026-06-20 02:54:12,812 | INFO     |   → 1209/1243: ✅ 1 взято | 🗑️ 23 мусор
2026-06-20 02:54:12,812 | INFO     |   → 1210/1243: ✅ 0 взято | 🗑️ 0 мусор
2026-06-20 02:54:12,812 | INFO     |   → 1211/1243: ✅ 5 взято | 🗑️ 18 мусор
2026-06-20 02:54:12,812 | INFO     |   → 1212/1243: ✅ 0 взято | 🗑️ 0 мусор
2026-06-20 02:54:12,812 | INFO     |   → 1213/1243: ✅ 17 взято | 🗑️ 7 мусор
2026-06-20 02:54:12,812 | INFO     |   → 1214/1243: ✅ 0 взято | 🗑️ 0 мусор
2026-06-20 02:54:12,812 | INFO     |   → 1215/1243: ✅ 3 взято | 🗑️ 17 мусор
2026-06-20 02:54:12,812 | INFO     |   → 1216/1243: ✅ 0 взято | 🗑️ 0 мусор
2026-06-20 02:54:12,812 | INFO     |   → 1217/1243: ✅ 7 взято | 🗑️ 14 мусор
2026-06-20 02:54:12,812 | INFO     |   → 1218/1243: ✅ 0 взято | 🗑️ 0 мусор
2026-06-20 02:54:12,812 | INFO     |   → 1219/1243: ✅ 7 взято | 🗑️ 14 мусор
2026-06-20 02:54:12,812 | INFO     |   → 1220/1243: ✅ 0 взято | 🗑️ 0 мусор
2026-06-20 02:54:12,812 | INFO     |   → 1221/1243: ✅ 8 взято | 🗑️ 11 мусор
2026-06-20 02:54:12,812 | INFO     |   → 1222/1243: ✅ 0 взято | 🗑️ 0 мусор
2026-06-20 02:54:12,812 | INFO     |   → 1223/1243: ✅ 0 взято | 🗑️ 22 мусор
2026-06-20 02:54:12,812 | INFO     |   → 1224/1243: ✅ 0 взято | 🗑️ 0 мусор
2026-06-20 02:54:12,812 | INFO     |   → 1225/1243: ✅ 3 взято | 🗑️ 12 мусор
2026-06-20 02:54:12,812 | INFO     |   → 1226/1243: ✅ 0 взято | 🗑️ 0 мусор
2026-06-20 02:54:12,812 | INFO     |   → 1227/1243: ✅ 0 взято | 🗑️ 7 мусор
2026-06-20 02:54:12,812 | INFO     |   → 1228/1243: ✅ 0 взято | 🗑️ 0 мусор
2026-06-20 02:54:12,812 | INFO     |   → 1229/1243: ✅ 2 взято | 🗑️ 8 мусор
2026-06-20 02:54:12,812 | INFO     |   → 1230/1243: ✅ 0 взято | 🗑️ 0 мусор
2026-06-20 02:54:12,812 | INFO     |   → 1231/1243: ✅ 5 взято | 🗑️ 12 мусор
2026-06-20 02:54:12,812 | INFO     |   → 1232/1243: ✅ 0 взято | 🗑️ 0 мусор
2026-06-20 02:54:12,812 | INFO     |   → 1233/1243: ✅ 2 взято | 🗑️ 12 мусор
2026-06-20 02:54:12,812 | INFO     |   → 1234/1243: ✅ 0 взято | 🗑️ 0 мусор
2026-06-20 02:54:12,812 | INFO     |   → 1235/1243: ✅ 8 взято | 🗑️ 12 мусор
2026-06-20 02:54:12,812 | INFO     |   → 1236/1243: ✅ 0 взято | 🗑️ 0 мусор
2026-06-20 02:54:12,812 | INFO     |   → 1237/1243: ✅ 0 взято | 🗑️ 10 мусор
2026-06-20 02:54:12,812 | INFO     |   → 1238/1243: ✅ 0 взято | 🗑️ 0 мусор
2026-06-20 02:54:12,812 | INFO     |   → 1239/1243: ✅ 6 взято | 🗑️ 14 мусор
2026-06-20 02:54:12,812 | INFO     |   → 1240/1243: ✅ 0 взято | 🗑️ 0 мусор
2026-06-20 02:54:12,812 | INFO     |   → 1241/1243: ✅ 0 взято | 🗑️ 19 мусор
2026-06-20 02:54:12,812 | INFO     |   → 1242/1243: ✅ 0 взято | 🗑️ 0 мусор
2026-06-20 02:54:12,812 | INFO     |   → 1243/1243: ✅ 0 взято | 🗑️ 6 мусор
2026-06-20 02:54:12,812 | INFO     |   → ✅ ГОТОВО!
2026-06-20 02:54:12,812 | INFO     |   →    📥 Всего ключей после фильтра: 46894
2026-06-20 02:54:12,812 | INFO     |   →    🔗 Уникальных IP:PORT:SCHEME: 13102
2026-06-20 02:54:12,812 | INFO     |   →    🗑️ Выброшено мусора: 798500
2026-06-20 02:54:12,812 | INFO     |   → 📊 По протоколам:
2026-06-20 02:54:12,812 | INFO     |   →    vless: 5770
2026-06-20 02:54:12,812 | INFO     |   →    vmess: 3479
2026-06-20 02:54:12,812 | INFO     |   →    trojan: 1677
2026-06-20 02:54:12,812 | INFO     |   →    ss: 2005
2026-06-20 02:54:12,812 | INFO     |   →    hysteria: 13
2026-06-20 02:54:12,812 | INFO     |   →    hysteria2: 38
2026-06-20 02:54:12,812 | INFO     |   →    hy2: 67
2026-06-20 02:54:12,812 | INFO     |   →    tuic: 53
2026-06-20 02:54:12,812 | INFO     | ✅ mirror.py завершён успешно
2026-06-20 02:54:12,812 | INFO     | 
2026-06-20 02:54:12,812 | INFO     | 
2026-06-20 02:54:12,812 | INFO     | ──────────────────────────────────────────────────────────────────────
2026-06-20 02:54:12,812 | INFO     | 📌 ЭТАП: Фильтрация по реальному SNI
2026-06-20 02:54:12,812 | INFO     | ──────────────────────────────────────────────────────────────────────
2026-06-20 02:54:12,812 | INFO     | 🚀 Запуск filter_ru_sni.py (Фильтр по реальному SNI (CDN+RU))...
2026-06-20 02:54:12,978 | INFO     |   → hy2.txt: 67 → 21 (SNI-filtered)
2026-06-20 02:54:12,978 | INFO     |   →   hysteria.txt: 13 → 0 (SNI-filtered)
2026-06-20 02:54:12,978 | INFO     |   →   hysteria2.txt: 38 → 6 (SNI-filtered)
2026-06-20 02:54:12,978 | INFO     |   →   ss.txt: 2005 → 0 (SNI-filtered)
2026-06-20 02:54:12,978 | INFO     |   →   trojan.txt: 1677 → 16 (SNI-filtered)
2026-06-20 02:54:12,978 | INFO     |   →   tuic.txt: 53 → 0 (SNI-filtered)
2026-06-20 02:54:12,978 | INFO     |   →   vless.txt: 5770 → 948 (SNI-filtered)
2026-06-20 02:54:12,978 | INFO     |   →   vmess.txt: 3479 → 36 (SNI-filtered)
2026-06-20 02:54:12,978 | INFO     |   → ==================================================
2026-06-20 02:54:12,978 | INFO     |   →   Всего входных:  13102
2026-06-20 02:54:12,978 | INFO     |   →   Прошли фильтр:  1027
2026-06-20 02:54:12,978 | INFO     |   →   Отброшено:      12075
2026-06-20 02:54:12,978 | INFO     |   → ==================================================
2026-06-20 02:54:12,978 | INFO     |   → Готово → /home/runner/work/vpn-vless-configs-russia/vpn-vless-configs-russia/githubmirror/ru-sni
2026-06-20 02:54:12,978 | INFO     | ✅ filter_ru_sni.py завершён успешно
2026-06-20 02:54:12,978 | INFO     | 
2026-06-20 02:54:12,978 | INFO     | 
2026-06-20 02:54:12,978 | INFO     | ──────────────────────────────────────────────────────────────────────
2026-06-20 02:54:12,978 | INFO     | 📌 ЭТАП: Экспериментальный RU-SNI фильтр
2026-06-20 02:54:12,978 | INFO     | ──────────────────────────────────────────────────────────────────────
2026-06-20 02:54:12,978 | INFO     | 🚀 Запуск filter_ru_sni_local.py (Экспериментальный фильтр по RU-SNI (локальные домены))...
2026-06-20 02:54:13,091 | INFO     |   → hy2.txt: 67 → 0 (RU-SNI)
2026-06-20 02:54:13,091 | INFO     |   → hysteria.txt: 13 → 0 (RU-SNI)
2026-06-20 02:54:13,091 | INFO     |   → hysteria2.txt: 38 → 0 (RU-SNI)
2026-06-20 02:54:13,091 | INFO     |   → ss.txt: 2005 → 0 (RU-SNI)
2026-06-20 02:54:13,091 | INFO     |   → trojan.txt: 1677 → 0 (RU-SNI)
2026-06-20 02:54:13,091 | INFO     |   → tuic.txt: 53 → 0 (RU-SNI)
2026-06-20 02:54:13,091 | INFO     |   → vless.txt: 5770 → 179 (RU-SNI)
2026-06-20 02:54:13,091 | INFO     |   → vmess.txt: 3479 → 0 (RU-SNI)
2026-06-20 02:54:13,091 | INFO     |   → ==================================================
2026-06-20 02:54:13,091 | INFO     |   → Всего входных:  13102
2026-06-20 02:54:13,091 | INFO     |   → Прошли RU-SNI:  179
2026-06-20 02:54:13,091 | INFO     |   → Отброшено:      12923
2026-06-20 02:54:13,092 | INFO     |   → ==================================================
2026-06-20 02:54:13,092 | INFO     |   → Готово → /home/runner/work/vpn-vless-configs-russia/vpn-vless-configs-russia/githubmirror/ru-sni-local
2026-06-20 02:54:13,092 | INFO     | ✅ filter_ru_sni_local.py завершён успешно
2026-06-20 02:54:13,092 | INFO     | 
2026-06-20 02:54:13,092 | INFO     | 
2026-06-20 02:54:13,092 | INFO     | ──────────────────────────────────────────────────────────────────────
2026-06-20 02:54:13,092 | INFO     | 📌 ЭТАП: Сбор статистики
2026-06-20 02:54:13,092 | INFO     | ──────────────────────────────────────────────────────────────────────
2026-06-20 02:54:13,092 | INFO     | 📊 Сбор статистики...
2026-06-20 02:54:13,092 | INFO     |   📁 githubmirror/clean:
2026-06-20 02:54:13,092 | INFO     |     • hy2         :    67 конфигов
2026-06-20 02:54:13,092 | INFO     |     • hysteria    :    13 конфигов
2026-06-20 02:54:13,092 | INFO     |     • hysteria2   :    38 конфигов
2026-06-20 02:54:13,093 | INFO     |     • ss          :  2005 конфигов
2026-06-20 02:54:13,094 | INFO     |     • trojan      :  1677 конфигов
2026-06-20 02:54:13,094 | INFO     |     • tuic        :    53 конфигов
2026-06-20 02:54:13,098 | INFO     |     • vless       :  5770 конфигов
2026-06-20 02:54:13,099 | INFO     |     • vmess       :  3479 конфигов
2026-06-20 02:54:13,099 | INFO     |   📁 githubmirror/ru-sni:
2026-06-20 02:54:13,099 | INFO     |     • hy2         :    21 конфигов ( 31.3% от clean)
2026-06-20 02:54:13,100 | INFO     |     • hysteria    :     0 конфигов (  0.0% от clean)
2026-06-20 02:54:13,100 | INFO     |     • hysteria2   :     6 конфигов ( 15.8% от clean)
2026-06-20 02:54:13,100 | INFO     |     • ss          :     0 конфигов (  0.0% от clean)
2026-06-20 02:54:13,100 | INFO     |     • trojan      :    16 конфигов (  1.0% от clean)
2026-06-20 02:54:13,100 | INFO     |     • tuic        :     0 конфигов (  0.0% от clean)
2026-06-20 02:54:13,100 | INFO     |     • vless       :   948 конфигов ( 16.4% от clean)
2026-06-20 02:54:13,100 | INFO     |     • vmess       :    36 конфигов (  1.0% от clean)
2026-06-20 02:54:13,100 | INFO     | 
2026-06-20 02:54:13,100 | INFO     |   ──────────────────────────────────────────────────
2026-06-20 02:54:13,100 | INFO     |   📈 ИТОГО:
2026-06-20 02:54:13,100 | INFO     |     Clean (после geo-фильтра):    13102
2026-06-20 02:54:13,100 | INFO     |     RU-SNI (после SNI-фильтра):    1027
2026-06-20 02:54:13,101 | INFO     |     Прошло фильтр:                  7.8%
2026-06-20 02:54:13,101 | INFO     |   ──────────────────────────────────────────────────
2026-06-20 02:54:13,101 | INFO     | ✅ Статистика сохранена: /home/runner/work/vpn-vless-configs-russia/vpn-vless-configs-russia/stats.json
2026-06-20 02:54:13,101 | INFO     | 
2026-06-20 02:54:13,101 | INFO     | ======================================================================
2026-06-20 02:54:13,101 | INFO     | 📊 ИТОГОВЫЙ ОТЧЁТ
2026-06-20 02:54:13,101 | INFO     | ======================================================================
2026-06-20 02:54:13,101 | INFO     |   ✅ OK         | Загрузка и geo-фильтрация
2026-06-20 02:54:13,101 | INFO     |   ✅ OK         | Фильтрация по реальному SNI
2026-06-20 02:54:13,101 | INFO     |   ✅ OK         | Экспериментальный RU-SNI фильтр
2026-06-20 02:54:13,101 | INFO     |   ✅ OK         | Сбор статистики
2026-06-20 02:54:13,101 | INFO     | ──────────────────────────────────────────────────────────────────────
2026-06-20 02:54:13,101 | INFO     | ✅ ВСЕ ЭТАПЫ УСПЕШНЫ (4/4)
2026-06-20 02:54:13,101 | INFO     | ⏰ Время завершения: 2026-06-20 02:54:13
2026-06-20 02:54:13,101 | INFO     | ======================================================================
