2026-06-02 02:57:28,849 | INFO     | ======================================================================
2026-06-02 02:57:28,849 | INFO     | 🔍 VPN KEY CHECKER - Начало проверки
2026-06-02 02:57:28,849 | INFO     | ⏰ Время старта: 2026-06-02 02:57:28
2026-06-02 02:57:28,849 | INFO     | 📂 Рабочая директория: /home/runner/work/vpn-vless-configs-russia/vpn-vless-configs-russia
2026-06-02 02:57:28,849 | INFO     | ======================================================================
2026-06-02 02:57:28,849 | INFO     | 
2026-06-02 02:57:28,849 | INFO     | 🔍 Проверка наличия скриптов...
2026-06-02 02:57:28,849 | INFO     |   ✅ mirror.py
2026-06-02 02:57:28,849 | INFO     |   ✅ filter_ru_sni.py
2026-06-02 02:57:28,849 | INFO     |   ✅ filter_ru_sni_local.py
2026-06-02 02:57:28,849 | INFO     | 
2026-06-02 02:57:28,849 | INFO     | 
2026-06-02 02:57:28,849 | INFO     | ──────────────────────────────────────────────────────────────────────
2026-06-02 02:57:28,850 | INFO     | 📌 ЭТАП: Загрузка и geo-фильтрация
2026-06-02 02:57:28,850 | INFO     | ──────────────────────────────────────────────────────────────────────
2026-06-02 02:57:28,850 | INFO     | 🚀 Запуск mirror.py (Загрузка и фильтрация по РФ/СНГ/Европа)...
2026-06-02 03:01:02,131 | INFO     |   → 🚀 Старт: всего источников (старые + новые): 1087
2026-06-02 03:01:02,131 | INFO     |   → 1/1087: ✅ 13 взято | 🗑️ 242 мусор
2026-06-02 03:01:02,131 | INFO     |   → 2/1087: ✅ 0 взято | 🗑️ 0 мусор
2026-06-02 03:01:02,131 | INFO     |   → 3/1087 ❌ HTTP 404 — https://bitbucket.org/huwo1/proxy_nodes/raw/f31ca9ec67b84071515729ff45b011b6b09c10f2/clash.yaml
2026-06-02 03:01:02,131 | INFO     |   → 4/1087 ❌ HTTP 404 — https://cdn.jsdelivr.net/gh/cry0ice/genode@main/public/all.txt
2026-06-02 03:01:02,131 | INFO     |   → 5/1087 ❌ HTTP 404 — https://cdn.jsdelivr.net/gh/cry0ice/genode@main/public/ss.txt
2026-06-02 03:01:02,131 | INFO     |   → 6/1087 ❌ HTTP 404 — https://cdn.jsdelivr.net/gh/cry0ice/genode@main/public/ssr.txt
2026-06-02 03:01:02,131 | INFO     |   → 7/1087 ❌ HTTP 404 — https://cdn.jsdelivr.net/gh/cry0ice/genode@main/public/trojan.txt
2026-06-02 03:01:02,131 | INFO     |   → 8/1087 ❌ HTTP 404 — https://cdn.jsdelivr.net/gh/cry0ice/genode@main/public/vless.txt
2026-06-02 03:01:02,131 | INFO     |   → 9/1087 ❌ HTTP 404 — https://cdn.jsdelivr.net/gh/cry0ice/genode@main/public/vmess.txt
2026-06-02 03:01:02,131 | INFO     |   → 10/1087: ✅ 0 взято | 🗑️ 0 мусор
2026-06-02 03:01:02,131 | INFO     |   → 11/1087: ✅ 0 взято | 🗑️ 0 мусор
2026-06-02 03:01:02,131 | INFO     |   → 12/1087: ✅ 0 взято | 🗑️ 0 мусор
2026-06-02 03:01:02,131 | INFO     |   → 13/1087: ✅ 0 взято | 🗑️ 0 мусор
2026-06-02 03:01:02,131 | INFO     |   → 14/1087: ✅ 0 взято | 🗑️ 0 мусор
2026-06-02 03:01:02,131 | INFO     |   → 15/1087: ✅ 0 взято | 🗑️ 0 мусор
2026-06-02 03:01:02,132 | INFO     |   → 16/1087: ✅ 0 взято | 🗑️ 0 мусор
2026-06-02 03:01:02,132 | INFO     |   → 17/1087: ✅ 0 взято | 🗑️ 0 мусор
2026-06-02 03:01:02,132 | INFO     |   → 18/1087: ✅ 0 взято | 🗑️ 0 мусор
2026-06-02 03:01:02,132 | INFO     |   → 19/1087: ✅ 0 взято | 🗑️ 0 мусор
2026-06-02 03:01:02,132 | INFO     |   → 20/1087: ✅ 0 взято | 🗑️ 0 мусор
2026-06-02 03:01:02,132 | INFO     |   → 21/1087: ✅ 0 взято | 🗑️ 0 мусор
2026-06-02 03:01:02,132 | INFO     |   → 22/1087: ✅ 0 взято | 🗑️ 0 мусор
2026-06-02 03:01:02,132 | INFO     |   → 23/1087: ✅ 0 взято | 🗑️ 0 мусор
2026-06-02 03:01:02,132 | INFO     |   → 24/1087: ✅ 0 взято | 🗑️ 0 мусор
2026-06-02 03:01:02,132 | INFO     |   → 25/1087: ✅ 0 взято | 🗑️ 0 мусор
2026-06-02 03:01:02,132 | INFO     |   → 26/1087: ✅ 0 взято | 🗑️ 0 мусор
2026-06-02 03:01:02,132 | INFO     |   → 27/1087: ✅ 0 взято | 🗑️ 0 мусор
2026-06-02 03:01:02,132 | INFO     |   → 28/1087: ✅ 0 взято | 🗑️ 0 мусор
2026-06-02 03:01:02,132 | INFO     |   → 29/1087: ✅ 0 взято | 🗑️ 0 мусор
2026-06-02 03:01:02,132 | INFO     |   → 30/1087: ✅ 0 взято | 🗑️ 0 мусор
2026-06-02 03:01:02,132 | INFO     |   → 31/1087: ✅ 0 взято | 🗑️ 0 мусор
2026-06-02 03:01:02,132 | INFO     |   → 32/1087: ✅ 0 взято | 🗑️ 0 мусор
2026-06-02 03:01:02,132 | INFO     |   → 33/1087: ✅ 0 взято | 🗑️ 0 мусор
2026-06-02 03:01:02,132 | INFO     |   → 34/1087: ✅ 0 взято | 🗑️ 0 мусор
2026-06-02 03:01:02,132 | INFO     |   → 35/1087: ✅ 0 взято | 🗑️ 0 мусор
2026-06-02 03:01:02,132 | INFO     |   → 36/1087: ✅ 0 взято | 🗑️ 0 мусор
2026-06-02 03:01:02,133 | INFO     |   → 37/1087: ✅ 0 взято | 🗑️ 0 мусор
2026-06-02 03:01:02,133 | INFO     |   → 38/1087: ✅ 0 взято | 🗑️ 0 мусор
2026-06-02 03:01:02,133 | INFO     |   → 39/1087: ✅ 0 взято | 🗑️ 0 мусор
2026-06-02 03:01:02,133 | INFO     |   → 40/1087: ✅ 0 взято | 🗑️ 0 мусор
2026-06-02 03:01:02,133 | INFO     |   → 41/1087: ✅ 0 взято | 🗑️ 0 мусор
2026-06-02 03:01:02,133 | INFO     |   → 42/1087: ✅ 0 взято | 🗑️ 0 мусор
2026-06-02 03:01:02,133 | INFO     |   → 43/1087: ✅ 0 взято | 🗑️ 0 мусор
2026-06-02 03:01:02,133 | INFO     |   → 44/1087: ✅ 0 взято | 🗑️ 0 мусор
2026-06-02 03:01:02,133 | INFO     |   → 45/1087: ✅ 0 взято | 🗑️ 0 мусор
2026-06-02 03:01:02,133 | INFO     |   → 46/1087: ✅ 0 взято | 🗑️ 0 мусор
2026-06-02 03:01:02,133 | INFO     |   → 47/1087: ✅ 0 взято | 🗑️ 0 мусор
2026-06-02 03:01:02,133 | INFO     |   → 48/1087: ✅ 0 взято | 🗑️ 0 мусор
2026-06-02 03:01:02,133 | INFO     |   → 49/1087: ✅ 0 взято | 🗑️ 0 мусор
2026-06-02 03:01:02,133 | INFO     |   → 50/1087: ✅ 0 взято | 🗑️ 0 мусор
2026-06-02 03:01:02,133 | INFO     |   → 51/1087: ✅ 0 взято | 🗑️ 0 мусор
2026-06-02 03:01:02,133 | INFO     |   → 52/1087: ✅ 0 взято | 🗑️ 0 мусор
2026-06-02 03:01:02,133 | INFO     |   → 53/1087: ✅ 0 взято | 🗑️ 0 мусор
2026-06-02 03:01:02,133 | INFO     |   → 54/1087: ✅ 0 взято | 🗑️ 0 мусор
2026-06-02 03:01:02,133 | INFO     |   → 55/1087: ✅ 0 взято | 🗑️ 0 мусор
2026-06-02 03:01:02,133 | INFO     |   → 56/1087: ✅ 0 взято | 🗑️ 0 мусор
2026-06-02 03:01:02,133 | INFO     |   → 57/1087: ✅ 0 взято | 🗑️ 0 мусор
2026-06-02 03:01:02,133 | INFO     |   → 58/1087: ✅ 0 взято | 🗑️ 0 мусор
2026-06-02 03:01:02,133 | INFO     |   → 59/1087: ✅ 0 взято | 🗑️ 0 мусор
2026-06-02 03:01:02,133 | INFO     |   → 60/1087: ✅ 0 взято | 🗑️ 0 мусор
2026-06-02 03:01:02,134 | INFO     |   → 61/1087: ✅ 0 взято | 🗑️ 0 мусор
2026-06-02 03:01:02,134 | INFO     |   → 62/1087: ✅ 0 взято | 🗑️ 0 мусор
2026-06-02 03:01:02,134 | INFO     |   → 63/1087: ✅ 0 взято | 🗑️ 0 мусор
2026-06-02 03:01:02,134 | INFO     |   → 64/1087: ✅ 0 взято | 🗑️ 0 мусор
2026-06-02 03:01:02,134 | INFO     |   → 65/1087: ✅ 0 взято | 🗑️ 0 мусор
2026-06-02 03:01:02,134 | INFO     |   → 66/1087: ✅ 0 взято | 🗑️ 0 мусор
2026-06-02 03:01:02,134 | INFO     |   → 67/1087: ✅ 0 взято | 🗑️ 0 мусор
2026-06-02 03:01:02,134 | INFO     |   → 68/1087: ✅ 0 взято | 🗑️ 0 мусор
2026-06-02 03:01:02,134 | INFO     |   → 69/1087: ✅ 0 взято | 🗑️ 0 мусор
2026-06-02 03:01:02,134 | INFO     |   → 70/1087: ✅ 0 взято | 🗑️ 0 мусор
2026-06-02 03:01:02,134 | INFO     |   → 71/1087: ✅ 0 взято | 🗑️ 0 мусор
2026-06-02 03:01:02,134 | INFO     |   → 72/1087: ✅ 0 взято | 🗑️ 0 мусор
2026-06-02 03:01:02,134 | INFO     |   → 73/1087: ✅ 0 взято | 🗑️ 0 мусор
2026-06-02 03:01:02,134 | INFO     |   → 74/1087: ✅ 0 взято | 🗑️ 0 мусор
2026-06-02 03:01:02,134 | INFO     |   → 75/1087: ✅ 0 взято | 🗑️ 0 мусор
2026-06-02 03:01:02,134 | INFO     |   → 76/1087: ✅ 0 взято | 🗑️ 0 мусор
2026-06-02 03:01:02,134 | INFO     |   → 77/1087: ✅ 0 взято | 🗑️ 0 мусор
2026-06-02 03:01:02,134 | INFO     |   → 78/1087: ✅ 0 взято | 🗑️ 0 мусор
2026-06-02 03:01:02,134 | INFO     |   → 79/1087: ✅ 0 взято | 🗑️ 0 мусор
2026-06-02 03:01:02,134 | INFO     |   → 80/1087: ✅ 0 взято | 🗑️ 0 мусор
2026-06-02 03:01:02,134 | INFO     |   → 81/1087: ✅ 0 взято | 🗑️ 0 мусор
2026-06-02 03:01:02,134 | INFO     |   → 82/1087: ✅ 0 взято | 🗑️ 0 мусор
2026-06-02 03:01:02,135 | INFO     |   → 83/1087: ✅ 0 взято | 🗑️ 0 мусор
2026-06-02 03:01:02,135 | INFO     |   → 84/1087: ✅ 0 взято | 🗑️ 0 мусор
2026-06-02 03:01:02,135 | INFO     |   → 85/1087: ✅ 0 взято | 🗑️ 0 мусор
2026-06-02 03:01:02,135 | INFO     |   → 86/1087: ✅ 0 взято | 🗑️ 0 мусор
2026-06-02 03:01:02,135 | INFO     |   → 87/1087: ✅ 0 взято | 🗑️ 0 мусор
2026-06-02 03:01:02,135 | INFO     |   → 88/1087: ✅ 0 взято | 🗑️ 0 мусор
2026-06-02 03:01:02,135 | INFO     |   → 89/1087: ✅ 0 взято | 🗑️ 0 мусор
2026-06-02 03:01:02,135 | INFO     |   → 90/1087: ✅ 0 взято | 🗑️ 0 мусор
2026-06-02 03:01:02,135 | INFO     |   → 91/1087: ✅ 0 взято | 🗑️ 0 мусор
2026-06-02 03:01:02,135 | INFO     |   → 92/1087: ✅ 0 взято | 🗑️ 0 мусор
2026-06-02 03:01:02,135 | INFO     |   → 93/1087: ✅ 0 взято | 🗑️ 0 мусор
2026-06-02 03:01:02,135 | INFO     |   → 94/1087: ✅ 0 взято | 🗑️ 0 мусор
2026-06-02 03:01:02,135 | INFO     |   → 95/1087: ✅ 0 взято | 🗑️ 0 мусор
2026-06-02 03:01:02,135 | INFO     |   → 96/1087: ✅ 0 взято | 🗑️ 0 мусор
2026-06-02 03:01:02,135 | INFO     |   → 97/1087: ✅ 0 взято | 🗑️ 0 мусор
2026-06-02 03:01:02,135 | INFO     |   → 98/1087: ✅ 0 взято | 🗑️ 0 мусор
2026-06-02 03:01:02,135 | INFO     |   → 99/1087: ✅ 0 взято | 🗑️ 0 мусор
2026-06-02 03:01:02,135 | INFO     |   → 100/1087: ✅ 0 взято | 🗑️ 0 мусор
2026-06-02 03:01:02,135 | INFO     |   → 101/1087: ✅ 0 взято | 🗑️ 0 мусор
2026-06-02 03:01:02,135 | INFO     |   → 102/1087: ✅ 0 взято | 🗑️ 0 мусор
2026-06-02 03:01:02,136 | INFO     |   → 103/1087: ✅ 0 взято | 🗑️ 0 мусор
2026-06-02 03:01:02,136 | INFO     |   → 104/1087: ✅ 0 взято | 🗑️ 0 мусор
2026-06-02 03:01:02,136 | INFO     |   → 105/1087: ✅ 0 взято | 🗑️ 0 мусор
2026-06-02 03:01:02,136 | INFO     |   → 106/1087: ✅ 0 взято | 🗑️ 0 мусор
2026-06-02 03:01:02,136 | INFO     |   → 107/1087: ✅ 0 взято | 🗑️ 0 мусор
2026-06-02 03:01:02,136 | INFO     |   → 108/1087: ✅ 0 взято | 🗑️ 0 мусор
2026-06-02 03:01:02,136 | INFO     |   → 109/1087: ✅ 0 взято | 🗑️ 0 мусор
2026-06-02 03:01:02,136 | INFO     |   → 110/1087: ✅ 0 взято | 🗑️ 0 мусор
2026-06-02 03:01:02,136 | INFO     |   → 111/1087: ✅ 0 взято | 🗑️ 0 мусор
2026-06-02 03:01:02,136 | INFO     |   → 112/1087: ✅ 0 взято | 🗑️ 0 мусор
2026-06-02 03:01:02,136 | INFO     |   → 113/1087: ✅ 0 взято | 🗑️ 0 мусор
2026-06-02 03:01:02,136 | INFO     |   → 114/1087: ✅ 0 взято | 🗑️ 0 мусор
2026-06-02 03:01:02,136 | INFO     |   → 115/1087: ✅ 0 взято | 🗑️ 0 мусор
2026-06-02 03:01:02,136 | INFO     |   → 116/1087 ❌ HTTP 404 — https://freessrnode.github.io/uploads/2024/08/0-20240822.txt
2026-06-02 03:01:02,136 | INFO     |   → 117/1087 ❌ HTTP 404 — https://freessrnode.github.io/uploads/2024/08/1-20240822.txt
2026-06-02 03:01:02,136 | INFO     |   → 118/1087 ❌ HTTP 404 — https://freessrnode.github.io/uploads/2024/08/2-20240822.txt
2026-06-02 03:01:02,136 | INFO     |   → 119/1087 ❌ HTTP 404 — https://freessrnode.github.io/uploads/2024/08/3-20240822.txt
2026-06-02 03:01:02,136 | INFO     |   → 120/1087 ❌ HTTP 404 — https://freessrnode.github.io/uploads/2024/08/4-20240822.txt
2026-06-02 03:01:02,136 | INFO     |   → 121/1087 ⚠️ Ошибка: HTTPSConnectionPool(host='freevpnspy.githubrowcontent.com', port=443): Max retries exceeded with url: /2024/08/20240802_novless.yaml (Caused by NameResolutionError("HTTPSConnection(host='freevpnspy.githubrowcontent.com', port=443): Failed to resolve 'freevpnspy.githubrowcontent.com' ([Errno -2] Name or service not known)")) — https://freevpnspy.githubrowcontent.com/2024/08/20240802_novless.yaml
2026-06-02 03:01:02,136 | INFO     |   → 122/1087 ⚠️ Ошибка: HTTPSConnectionPool(host='freevpnspy.githubrowcontent.com', port=443): Max retries exceeded with url: /2024/08/20240802_vless.yaml (Caused by NameResolutionError("HTTPSConnection(host='freevpnspy.githubrowcontent.com', port=443): Failed to resolve 'freevpnspy.githubrowcontent.com' ([Errno -2] Name or service not known)")) — https://freevpnspy.githubrowcontent.com/2024/08/20240802_vless.yaml
2026-06-02 03:01:02,136 | INFO     |   → 123/1087: ✅ 0 взято | 🗑️ 0 мусор
2026-06-02 03:01:02,137 | INFO     |   → 124/1087: ✅ 14 взято | 🗑️ 292 мусор
2026-06-02 03:01:02,137 | INFO     |   → 125/1087: ✅ 14 взято | 🗑️ 218 мусор
2026-06-02 03:01:02,137 | INFO     |   → 126/1087: ✅ 7 взято | 🗑️ 148 мусор
2026-06-02 03:01:02,137 | INFO     |   → 127/1087: ✅ 0 взято | 🗑️ 0 мусор
2026-06-02 03:01:02,137 | INFO     |   → 128/1087: ✅ 0 взято | 🗑️ 0 мусор
2026-06-02 03:01:02,137 | INFO     |   → 129/1087: ✅ 0 взято | 🗑️ 0 мусор
2026-06-02 03:01:02,137 | INFO     |   → 130/1087: ✅ 0 взято | 🗑️ 0 мусор
2026-06-02 03:01:02,137 | INFO     |   → 131/1087: ✅ 5 взято | 🗑️ 211 мусор
2026-06-02 03:01:02,137 | INFO     |   → 132/1087: ✅ 0 взято | 🗑️ 0 мусор
2026-06-02 03:01:02,137 | INFO     |   → 133/1087: ✅ 0 взято | 🗑️ 0 мусор
2026-06-02 03:01:02,137 | INFO     |   → 134/1087: ✅ 1 взято | 🗑️ 226 мусор
2026-06-02 03:01:02,137 | INFO     |   → 135/1087: ✅ 0 взято | 🗑️ 0 мусор
2026-06-02 03:01:02,137 | INFO     |   → 136/1087: ✅ 0 взято | 🗑️ 0 мусор
2026-06-02 03:01:02,137 | INFO     |   → 137/1087: ✅ 0 взято | 🗑️ 300 мусор
2026-06-02 03:01:02,137 | INFO     |   → 138/1087: ✅ 1 взято | 🗑️ 142 мусор
2026-06-02 03:01:02,137 | INFO     |   → 139/1087: ✅ 0 взято | 🗑️ 0 мусор
2026-06-02 03:01:02,137 | INFO     |   → 140/1087: ✅ 1 взято | 🗑️ 104 мусор
2026-06-02 03:01:02,137 | INFO     |   → 141/1087: ✅ 0 взято | 🗑️ 193 мусор
2026-06-02 03:01:02,137 | INFO     |   → 142/1087: ✅ 0 взято | 🗑️ 0 мусор
2026-06-02 03:01:02,137 | INFO     |   → 143/1087: ✅ 0 взято | 🗑️ 0 мусор
2026-06-02 03:01:02,137 | INFO     |   → 144/1087: ✅ 7 взято | 🗑️ 125 мусор
2026-06-02 03:01:02,138 | INFO     |   → 145/1087: ✅ 0 взято | 🗑️ 296 мусор
2026-06-02 03:01:02,138 | INFO     |   → 146/1087: ✅ 2 взято | 🗑️ 105 мусор
2026-06-02 03:01:02,138 | INFO     |   → 147/1087: ✅ 3 взято | 🗑️ 268 мусор
2026-06-02 03:01:02,138 | INFO     |   → 148/1087: ✅ 0 взято | 🗑️ 248 мусор
2026-06-02 03:01:02,138 | INFO     |   → 149/1087: ✅ 0 взято | 🗑️ 0 мусор
2026-06-02 03:01:02,138 | INFO     |   → 150/1087: ✅ 1 взято | 🗑️ 139 мусор
2026-06-02 03:01:02,138 | INFO     |   → 151/1087: ✅ 0 взято | 🗑️ 0 мусор
2026-06-02 03:01:02,138 | INFO     |   → 152/1087: ✅ 0 взято | 🗑️ 198 мусор
2026-06-02 03:01:02,138 | INFO     |   → 153/1087: ✅ 0 взято | 🗑️ 0 мусор
2026-06-02 03:01:02,138 | INFO     |   → 154/1087: ✅ 0 взято | 🗑️ 0 мусор
2026-06-02 03:01:02,138 | INFO     |   → 155/1087 ❌ HTTP 404 — https://github.com/Epodonios/bulk-xray-v2ray-vless-vmess-...-configs/raw/main/sub/Albania/config.txt
2026-06-02 03:01:02,138 | INFO     |   → 156/1087 ❌ HTTP 404 — https://github.com/Epodonios/bulk-xray-v2ray-vless-vmess-...-configs/raw/main/sub/Cura%C3%A7ao/config.txt
2026-06-02 03:01:02,138 | INFO     |   → 157/1087 ❌ HTTP 404 — https://github.com/Epodonios/bulk-xray-v2ray-vless-vmess-...-configs/raw/main/sub/Finland/config.txt
2026-06-02 03:01:02,138 | INFO     |   → 158/1087 ❌ HTTP 404 — https://github.com/Epodonios/bulk-xray-v2ray-vless-vmess-...-configs/raw/main/sub/Iran/config.txt
2026-06-02 03:01:02,138 | INFO     |   → 159/1087 ❌ HTTP 404 — https://github.com/Epodonios/bulk-xray-v2ray-vless-vmess-...-configs/raw/main/sub/Netherlands/config.txt
2026-06-02 03:01:02,138 | INFO     |   → 160/1087 ❌ HTTP 404 — https://github.com/Epodonios/bulk-xray-v2ray-vless-vmess-...-configs/raw/main/sub/Norway/config.txt
2026-06-02 03:01:02,138 | INFO     |   → 161/1087 ❌ HTTP 404 — https://github.com/Epodonios/bulk-xray-v2ray-vless-vmess-...-configs/raw/main/sub/Russia/config.txt
2026-06-02 03:01:02,138 | INFO     |   → 162/1087: ✅ 13 взято | 🗑️ 70 мусор
2026-06-02 03:01:02,138 | INFO     |   → 163/1087: ✅ 0 взято | 🗑️ 4 мусор
2026-06-02 03:01:02,139 | INFO     |   → 164/1087: ✅ 0 взято | 🗑️ 7 мусор
2026-06-02 03:01:02,139 | INFO     |   → 165/1087: ✅ 0 взято | 🗑️ 51 мусор
2026-06-02 03:01:02,139 | INFO     |   → 166/1087: ✅ 0 взято | 🗑️ 8 мусор
2026-06-02 03:01:02,139 | INFO     |   → 167/1087: ✅ 0 взято | 🗑️ 0 мусор
2026-06-02 03:01:02,139 | INFO     |   → 168/1087: ✅ 17 взято | 🗑️ 119 мусор
2026-06-02 03:01:02,139 | INFO     |   → 169/1087 ❌ HTTP 404 — https://github.com/MrMohebi/xray-proxy-grabber-telegram/raw/master/collected-proxies/clash-meta/all.yaml
2026-06-02 03:01:02,139 | INFO     |   → 170/1087 ❌ HTTP 404 — https://github.com/MrMohebi/xray-proxy-grabber-telegram/raw/master/collected-proxies/row-url/all.txt
2026-06-02 03:01:02,139 | INFO     |   → 171/1087: ✅ 0 взято | 🗑️ 0 мусор
2026-06-02 03:01:02,139 | INFO     |   → 172/1087: ✅ 0 взято | 🗑️ 113 мусор
2026-06-02 03:01:02,139 | INFO     |   → 173/1087: ✅ 0 взято | 🗑️ 119 мусор
2026-06-02 03:01:02,139 | INFO     |   → 174/1087 ❌ HTTP 404 — https://github.com/abbasdvd3/abbasdvd10/73ec60de7a6c6aa6df4c14b511c1da60686891ca/ppo.txt
2026-06-02 03:01:02,139 | INFO     |   → 175/1087 ❌ HTTP 404 — https://github.com/acymz/AutoVPN/refs/heads/main/data/V2.txt
2026-06-02 03:01:02,139 | INFO     |   → 176/1087: ✅ 0 взято | 🗑️ 0 мусор
2026-06-02 03:01:02,139 | INFO     |   → 177/1087: ✅ 0 взято | 🗑️ 0 мусор
2026-06-02 03:01:02,139 | INFO     |   → 178/1087: ✅ 0 взято | 🗑️ 0 мусор
2026-06-02 03:01:02,139 | INFO     |   → 179/1087: ✅ 0 взято | 🗑️ 0 мусор
2026-06-02 03:01:02,139 | INFO     |   → 180/1087: ✅ 0 взято | 🗑️ 0 мусор
2026-06-02 03:01:02,139 | INFO     |   → 181/1087: ✅ 0 взято | 🗑️ 0 мусор
2026-06-02 03:01:02,139 | INFO     |   → 182/1087: ✅ 0 взято | 🗑️ 0 мусор
2026-06-02 03:01:02,139 | INFO     |   → 183/1087 ❌ HTTP 404 — https://github.com/mermeroo/V2RAY-FREE/raw/main/All_Configs_base64_Sub.txt
2026-06-02 03:01:02,139 | INFO     |   → 184/1087 ❌ HTTP 404 — https://github.com/mermeroo/V2RAY-FREE/raw/main/Base64/Sub1_base64.txt
2026-06-02 03:01:02,140 | INFO     |   → 185/1087 ❌ HTTP 404 — https://github.com/mermeroo/V2RAY-FREE/raw/main/Base64/Sub2_base64.txt
2026-06-02 03:01:02,140 | INFO     |   → 186/1087 ❌ HTTP 404 — https://github.com/mermeroo/V2RAY-FREE/raw/main/Base64/Sub3_base64.txt
2026-06-02 03:01:02,140 | INFO     |   → 187/1087 ❌ HTTP 404 — https://github.com/mermeroo/V2RAY-FREE/raw/main/Base64/Sub4_base64.txt
2026-06-02 03:01:02,140 | INFO     |   → 188/1087 ❌ HTTP 404 — https://github.com/mermeroo/V2RAY-FREE/raw/main/Base64/Sub5_base64.txt
2026-06-02 03:01:02,140 | INFO     |   → 189/1087 ❌ HTTP 404 — https://github.com/mermeroo/telegram-configs-collector/raw/main/protocols/hysteria
2026-06-02 03:01:02,140 | INFO     |   → 190/1087 ❌ HTTP 404 — https://github.com/mermeroo/telegram-configs-collector/raw/main/protocols/juicity
2026-06-02 03:01:02,140 | INFO     |   → 191/1087 ❌ HTTP 404 — https://github.com/mermeroo/telegram-configs-collector/raw/main/protocols/tuic
2026-06-02 03:01:02,140 | INFO     |   → 192/1087: ✅ 5 взято | 🗑️ 16 мусор
2026-06-02 03:01:02,140 | INFO     |   → 193/1087: ✅ 0 взято | 🗑️ 0 мусор
2026-06-02 03:01:02,140 | INFO     |   → 194/1087: ✅ 0 взято | 🗑️ 0 мусор
2026-06-02 03:01:02,140 | INFO     |   → 195/1087: ✅ 0 взято | 🗑️ 0 мусор
2026-06-02 03:01:02,140 | INFO     |   → 196/1087: ✅ 3 взято | 🗑️ 238 мусор
2026-06-02 03:01:02,140 | INFO     |   → 197/1087: ✅ 0 взято | 🗑️ 0 мусор
2026-06-02 03:01:02,140 | INFO     |   → 198/1087: ✅ 3 взято | 🗑️ 239 мусор
2026-06-02 03:01:02,140 | INFO     |   → 199/1087: ✅ 0 взято | 🗑️ 0 мусор
2026-06-02 03:01:02,140 | INFO     |   → 200/1087: ✅ 0 взято | 🗑️ 255 мусор
2026-06-02 03:01:02,140 | INFO     |   → 201/1087: ✅ 0 взято | 🗑️ 0 мусор
2026-06-02 03:01:02,140 | INFO     |   → 202/1087: ✅ 1 взято | 🗑️ 249 мусор
2026-06-02 03:01:02,140 | INFO     |   → 203/1087: ✅ 0 взято | 🗑️ 0 мусор
2026-06-02 03:01:02,140 | INFO     |   → 204/1087: ✅ 0 взято | 🗑️ 207 мусор
2026-06-02 03:01:02,140 | INFO     |   → 205/1087: ✅ 0 взято | 🗑️ 0 мусор
2026-06-02 03:01:02,140 | INFO     |   → 206/1087: ✅ 0 взято | 🗑️ 228 мусор
2026-06-02 03:01:02,141 | INFO     |   → 207/1087: ✅ 0 взято | 🗑️ 0 мусор
2026-06-02 03:01:02,141 | INFO     |   → 208/1087: ✅ 1 взято | 🗑️ 291 мусор
2026-06-02 03:01:02,141 | INFO     |   → 209/1087: ✅ 0 взято | 🗑️ 0 мусор
2026-06-02 03:01:02,141 | INFO     |   → 210/1087: ✅ 3 взято | 🗑️ 221 мусор
2026-06-02 03:01:02,141 | INFO     |   → 211/1087: ✅ 0 взято | 🗑️ 0 мусор
2026-06-02 03:01:02,141 | INFO     |   → 212/1087: ✅ 1 взято | 🗑️ 222 мусор
2026-06-02 03:01:02,141 | INFO     |   → 213/1087: ✅ 0 взято | 🗑️ 0 мусор
2026-06-02 03:01:02,141 | INFO     |   → 214/1087: ✅ 1 взято | 🗑️ 218 мусор
2026-06-02 03:01:02,141 | INFO     |   → 215/1087: ✅ 0 взято | 🗑️ 0 мусор
2026-06-02 03:01:02,141 | INFO     |   → 216/1087: ✅ 0 взято | 🗑️ 193 мусор
2026-06-02 03:01:02,141 | INFO     |   → 217/1087: ✅ 0 взято | 🗑️ 0 мусор
2026-06-02 03:01:02,141 | INFO     |   → 218/1087: ✅ 0 взято | 🗑️ 290 мусор
2026-06-02 03:01:02,141 | INFO     |   → 219/1087: ✅ 0 взято | 🗑️ 0 мусор
2026-06-02 03:01:02,141 | INFO     |   → 220/1087: ✅ 0 взято | 🗑️ 238 мусор
2026-06-02 03:01:02,141 | INFO     |   → 221/1087: ✅ 0 взято | 🗑️ 0 мусор
2026-06-02 03:01:02,141 | INFO     |   → 222/1087: ✅ 0 взято | 🗑️ 221 мусор
2026-06-02 03:01:02,141 | INFO     |   → 223/1087: ✅ 0 взято | 🗑️ 0 мусор
2026-06-02 03:01:02,141 | INFO     |   → 224/1087: ✅ 0 взято | 🗑️ 248 мусор
2026-06-02 03:01:02,141 | INFO     |   → 225/1087: ✅ 0 взято | 🗑️ 0 мусор
2026-06-02 03:01:02,141 | INFO     |   → 226/1087: ✅ 0 взято | 🗑️ 203 мусор
2026-06-02 03:01:02,141 | INFO     |   → 227/1087: ✅ 0 взято | 🗑️ 0 мусор
2026-06-02 03:01:02,141 | INFO     |   → 228/1087: ✅ 0 взято | 🗑️ 208 мусор
2026-06-02 03:01:02,142 | INFO     |   → 229/1087: ✅ 0 взято | 🗑️ 0 мусор
2026-06-02 03:01:02,142 | INFO     |   → 230/1087: ✅ 2 взято | 🗑️ 209 мусор
2026-06-02 03:01:02,142 | INFO     |   → 231/1087: ✅ 0 взято | 🗑️ 0 мусор
2026-06-02 03:01:02,142 | INFO     |   → 232/1087: ✅ 0 взято | 🗑️ 258 мусор
2026-06-02 03:01:02,142 | INFO     |   → 233/1087: ✅ 0 взято | 🗑️ 0 мусор
2026-06-02 03:01:02,142 | INFO     |   → 234/1087: ✅ 0 взято | 🗑️ 296 мусор
2026-06-02 03:01:02,142 | INFO     |   → 235/1087: ✅ 0 взято | 🗑️ 0 мусор
2026-06-02 03:01:02,142 | INFO     |   → 236/1087: ✅ 1 взято | 🗑️ 286 мусор
2026-06-02 03:01:02,142 | INFO     |   → 237/1087: ✅ 0 взято | 🗑️ 0 мусор
2026-06-02 03:01:02,142 | INFO     |   → 238/1087: ✅ 0 взято | 🗑️ 195 мусор
2026-06-02 03:01:02,142 | INFO     |   → 239/1087: ✅ 0 взято | 🗑️ 0 мусор
2026-06-02 03:01:02,142 | INFO     |   → 240/1087: ✅ 0 взято | 🗑️ 170 мусор
2026-06-02 03:01:02,142 | INFO     |   → 241/1087: ✅ 0 взято | 🗑️ 0 мусор
2026-06-02 03:01:02,142 | INFO     |   → 242/1087: ✅ 0 взято | 🗑️ 160 мусор
2026-06-02 03:01:02,142 | INFO     |   → 243/1087: ✅ 0 взято | 🗑️ 0 мусор
2026-06-02 03:01:02,142 | INFO     |   → 244/1087: ✅ 0 взято | 🗑️ 121 мусор
2026-06-02 03:01:02,142 | INFO     |   → 245/1087: ✅ 0 взято | 🗑️ 0 мусор
2026-06-02 03:01:02,142 | INFO     |   → 246/1087: ✅ 0 взято | 🗑️ 135 мусор
2026-06-02 03:01:02,142 | INFO     |   → 247/1087: ✅ 0 взято | 🗑️ 0 мусор
2026-06-02 03:01:02,142 | INFO     |   → 248/1087: ✅ 1 взято | 🗑️ 129 мусор
2026-06-02 03:01:02,142 | INFO     |   → 249/1087: ✅ 0 взято | 🗑️ 0 мусор
2026-06-02 03:01:02,142 | INFO     |   → 250/1087: ✅ 0 взято | 🗑️ 189 мусор
2026-06-02 03:01:02,143 | INFO     |   → 251/1087: ✅ 0 взято | 🗑️ 0 мусор
2026-06-02 03:01:02,143 | INFO     |   → 252/1087: ✅ 3 взято | 🗑️ 147 мусор
2026-06-02 03:01:02,143 | INFO     |   → 253/1087: ✅ 0 взято | 🗑️ 0 мусор
2026-06-02 03:01:02,143 | INFO     |   → 254/1087: ✅ 1 взято | 🗑️ 183 мусор
2026-06-02 03:01:02,143 | INFO     |   → 255/1087: ✅ 0 взято | 🗑️ 0 мусор
2026-06-02 03:01:02,143 | INFO     |   → 256/1087: ✅ 0 взято | 🗑️ 155 мусор
2026-06-02 03:01:02,143 | INFO     |   → 257/1087: ✅ 0 взято | 🗑️ 0 мусор
2026-06-02 03:01:02,143 | INFO     |   → 258/1087: ✅ 0 взято | 🗑️ 114 мусор
2026-06-02 03:01:02,143 | INFO     |   → 259/1087: ✅ 0 взято | 🗑️ 0 мусор
2026-06-02 03:01:02,143 | INFO     |   → 260/1087: ✅ 0 взято | 🗑️ 239 мусор
2026-06-02 03:01:02,143 | INFO     |   → 261/1087: ✅ 0 взято | 🗑️ 0 мусор
2026-06-02 03:01:02,143 | INFO     |   → 262/1087: ✅ 0 взято | 🗑️ 204 мусор
2026-06-02 03:01:02,143 | INFO     |   → 263/1087: ✅ 0 взято | 🗑️ 0 мусор
2026-06-02 03:01:02,143 | INFO     |   → 264/1087: ✅ 0 взято | 🗑️ 232 мусор
2026-06-02 03:01:02,143 | INFO     |   → 265/1087: ✅ 0 взято | 🗑️ 0 мусор
2026-06-02 03:01:02,143 | INFO     |   → 266/1087: ✅ 0 взято | 🗑️ 192 мусор
2026-06-02 03:01:02,143 | INFO     |   → 267/1087: ✅ 0 взято | 🗑️ 0 мусор
2026-06-02 03:01:02,143 | INFO     |   → 268/1087: ✅ 0 взято | 🗑️ 183 мусор
2026-06-02 03:01:02,143 | INFO     |   → 269/1087: ✅ 0 взято | 🗑️ 0 мусор
2026-06-02 03:01:02,143 | INFO     |   → 270/1087: ✅ 0 взято | 🗑️ 169 мусор
2026-06-02 03:01:02,143 | INFO     |   → 271/1087: ✅ 0 взято | 🗑️ 0 мусор
2026-06-02 03:01:02,143 | INFO     |   → 272/1087: ✅ 0 взято | 🗑️ 167 мусор
2026-06-02 03:01:02,143 | INFO     |   → 273/1087: ✅ 0 взято | 🗑️ 0 мусор
2026-06-02 03:01:02,143 | INFO     |   → 274/1087: ✅ 0 взято | 🗑️ 193 мусор
2026-06-02 03:01:02,143 | INFO     |   → 275/1087: ✅ 0 взято | 🗑️ 0 мусор
2026-06-02 03:01:02,143 | INFO     |   → 276/1087: ✅ 1 взято | 🗑️ 161 мусор
2026-06-02 03:01:02,143 | INFO     |   → 277/1087: ✅ 0 взято | 🗑️ 0 мусор
2026-06-02 03:01:02,143 | INFO     |   → 278/1087: ✅ 0 взято | 🗑️ 171 мусор
2026-06-02 03:01:02,143 | INFO     |   → 279/1087: ✅ 0 взято | 🗑️ 0 мусор
2026-06-02 03:01:02,143 | INFO     |   → 280/1087: ✅ 0 взято | 🗑️ 174 мусор
2026-06-02 03:01:02,143 | INFO     |   → 281/1087: ✅ 0 взято | 🗑️ 0 мусор
2026-06-02 03:01:02,143 | INFO     |   → 282/1087: ✅ 0 взято | 🗑️ 206 мусор
2026-06-02 03:01:02,143 | INFO     |   → 283/1087: ✅ 0 взято | 🗑️ 0 мусор
2026-06-02 03:01:02,143 | INFO     |   → 284/1087: ✅ 0 взято | 🗑️ 170 мусор
2026-06-02 03:01:02,143 | INFO     |   → 285/1087: ✅ 0 взято | 🗑️ 0 мусор
2026-06-02 03:01:02,143 | INFO     |   → 286/1087: ✅ 1 взято | 🗑️ 196 мусор
2026-06-02 03:01:02,143 | INFO     |   → 287/1087: ✅ 0 взято | 🗑️ 0 мусор
2026-06-02 03:01:02,143 | INFO     |   → 288/1087: ✅ 0 взято | 🗑️ 208 мусор
2026-06-02 03:01:02,143 | INFO     |   → 289/1087: ✅ 0 взято | 🗑️ 0 мусор
2026-06-02 03:01:02,143 | INFO     |   → 290/1087: ✅ 0 взято | 🗑️ 162 мусор
2026-06-02 03:01:02,143 | INFO     |   → 291/1087: ✅ 0 взято | 🗑️ 0 мусор
2026-06-02 03:01:02,143 | INFO     |   → 292/1087: ✅ 0 взято | 🗑️ 116 мусор
2026-06-02 03:01:02,143 | INFO     |   → 293/1087: ✅ 0 взято | 🗑️ 0 мусор
2026-06-02 03:01:02,144 | INFO     |   → 294/1087: ✅ 0 взято | 🗑️ 132 мусор
2026-06-02 03:01:02,144 | INFO     |   → 295/1087: ✅ 0 взято | 🗑️ 0 мусор
2026-06-02 03:01:02,144 | INFO     |   → 296/1087: ✅ 0 взято | 🗑️ 132 мусор
2026-06-02 03:01:02,144 | INFO     |   → 297/1087: ✅ 0 взято | 🗑️ 0 мусор
2026-06-02 03:01:02,144 | INFO     |   → 298/1087: ✅ 1 взято | 🗑️ 113 мусор
2026-06-02 03:01:02,144 | INFO     |   → 299/1087: ✅ 0 взято | 🗑️ 0 мусор
2026-06-02 03:01:02,144 | INFO     |   → 300/1087: ✅ 0 взято | 🗑️ 103 мусор
2026-06-02 03:01:02,144 | INFO     |   → 301/1087: ✅ 0 взято | 🗑️ 0 мусор
2026-06-02 03:01:02,144 | INFO     |   → 302/1087: ✅ 3 взято | 🗑️ 213 мусор
2026-06-02 03:01:02,144 | INFO     |   → 303/1087: ✅ 0 взято | 🗑️ 0 мусор
2026-06-02 03:01:02,144 | INFO     |   → 304/1087 ⚠️ Ошибка: HTTPSConnectionPool(host='ivuxy.tech', port=443): Max retries exceeded with url: /v.txt (Caused by NameResolutionError("HTTPSConnection(host='ivuxy.tech', port=443): Failed to resolve 'ivuxy.tech' ([Errno -2] Name or service not known)")) — https://ivuxy.tech/v.txt
2026-06-02 03:01:02,144 | INFO     |   → 305/1087 ⚠️ Ошибка: HTTPSConnectionPool(host='mirror.ghproxy.com', port=443): Max retries exceeded with url: /https://raw.githubusercontent.com/Barabama/FreeNodes/master/nodes/blues.txt (Caused by NameResolutionError("HTTPSConnection(host='mirror.ghproxy.com', port=443): Failed to resolve 'mirror.ghproxy.com' ([Errno -2] Name or service not known)")) — https://mirror.ghproxy.com/https://raw.githubusercontent.com/Barabama/FreeNodes/master/nodes/blues.txt
2026-06-02 03:01:02,144 | INFO     |   → 306/1087 ⚠️ Ошибка: HTTPSConnectionPool(host='mirror.ghproxy.com', port=443): Max retries exceeded with url: /https://raw.githubusercontent.com/Barabama/FreeNodes/master/nodes/halekj.txt (Caused by NameResolutionError("HTTPSConnection(host='mirror.ghproxy.com', port=443): Failed to resolve 'mirror.ghproxy.com' ([Errno -2] Name or service not known)")) — https://mirror.ghproxy.com/https://raw.githubusercontent.com/Barabama/FreeNodes/master/nodes/halekj.txt
2026-06-02 03:01:02,144 | INFO     |   → 307/1087 ⚠️ Ошибка: HTTPSConnectionPool(host='mirror.ghproxy.com', port=443): Max retries exceeded with url: /https://raw.githubusercontent.com/Barabama/FreeNodes/master/nodes/kkzui.txt (Caused by NameResolutionError("HTTPSConnection(host='mirror.ghproxy.com', port=443): Failed to resolve 'mirror.ghproxy.com' ([Errno -2] Name or service not known)")) — https://mirror.ghproxy.com/https://raw.githubusercontent.com/Barabama/FreeNodes/master/nodes/kkzui.txt
2026-06-02 03:01:02,144 | INFO     |   → 308/1087 ⚠️ Ошибка: HTTPSConnectionPool(host='mirror.ghproxy.com', port=443): Max retries exceeded with url: /https://raw.githubusercontent.com/Barabama/FreeNodes/master/nodes/merged.txt (Caused by NameResolutionError("HTTPSConnection(host='mirror.ghproxy.com', port=443): Failed to resolve 'mirror.ghproxy.com' ([Errno -2] Name or service not known)")) — https://mirror.ghproxy.com/https://raw.githubusercontent.com/Barabama/FreeNodes/master/nodes/merged.txt
2026-06-02 03:01:02,144 | INFO     |   → 309/1087 ⚠️ Ошибка: HTTPSConnectionPool(host='mirror.ghproxy.com', port=443): Max retries exceeded with url: /https://raw.githubusercontent.com/Barabama/FreeNodes/master/nodes/nodefree.txt (Caused by NameResolutionError("HTTPSConnection(host='mirror.ghproxy.com', port=443): Failed to resolve 'mirror.ghproxy.com' ([Errno -2] Name or service not known)")) — https://mirror.ghproxy.com/https://raw.githubusercontent.com/Barabama/FreeNodes/master/nodes/nodefree.txt
2026-06-02 03:01:02,144 | INFO     |   → 310/1087 ⚠️ Ошибка: HTTPSConnectionPool(host='mirror.ghproxy.com', port=443): Max retries exceeded with url: /https://raw.githubusercontent.com/Barabama/FreeNodes/master/nodes/openrunner.txt (Caused by NameResolutionError("HTTPSConnection(host='mirror.ghproxy.com', port=443): Failed to resolve 'mirror.ghproxy.com' ([Errno -2] Name or service not known)")) — https://mirror.ghproxy.com/https://raw.githubusercontent.com/Barabama/FreeNodes/master/nodes/openrunner.txt
2026-06-02 03:01:02,144 | INFO     |   → 311/1087 ⚠️ Ошибка: HTTPSConnectionPool(host='mirror.ghproxy.com', port=443): Max retries exceeded with url: /https://raw.githubusercontent.com/Barabama/FreeNodes/master/nodes/v2rayshare.txt (Caused by NameResolutionError("HTTPSConnection(host='mirror.ghproxy.com', port=443): Failed to resolve 'mirror.ghproxy.com' ([Errno -2] Name or service not known)")) — https://mirror.ghproxy.com/https://raw.githubusercontent.com/Barabama/FreeNodes/master/nodes/v2rayshare.txt
2026-06-02 03:01:02,144 | INFO     |   → 312/1087 ⚠️ Ошибка: HTTPSConnectionPool(host='mirror.ghproxy.com', port=443): Max retries exceeded with url: /https://raw.githubusercontent.com/Barabama/FreeNodes/master/nodes/wenode.txt (Caused by NameResolutionError("HTTPSConnection(host='mirror.ghproxy.com', port=443): Failed to resolve 'mirror.ghproxy.com' ([Errno -2] Name or service not known)")) — https://mirror.ghproxy.com/https://raw.githubusercontent.com/Barabama/FreeNodes/master/nodes/wenode.txt
2026-06-02 03:01:02,144 | INFO     |   → 313/1087 ⚠️ Ошибка: HTTPSConnectionPool(host='mirror.ghproxy.com', port=443): Max retries exceeded with url: /https://raw.githubusercontent.com/Barabama/FreeNodes/master/nodes/yudou66.txt (Caused by NameResolutionError("HTTPSConnection(host='mirror.ghproxy.com', port=443): Failed to resolve 'mirror.ghproxy.com' ([Errno -2] Name or service not known)")) — https://mirror.ghproxy.com/https://raw.githubusercontent.com/Barabama/FreeNodes/master/nodes/yudou66.txt
2026-06-02 03:01:02,144 | INFO     |   → 314/1087: ✅ 7 взято | 🗑️ 17 мусор
2026-06-02 03:01:02,144 | INFO     |   → 315/1087: ✅ 0 взято | 🗑️ 17 мусор
2026-06-02 03:01:02,144 | INFO     |   → 316/1087: ✅ 14 взято | 🗑️ 14 мусор
2026-06-02 03:01:02,144 | INFO     |   → 317/1087: ✅ 0 взято | 🗑️ 14 мусор
2026-06-02 03:01:02,144 | INFO     |   → 318/1087: ✅ 0 взято | 🗑️ 14 мусор
2026-06-02 03:01:02,144 | INFO     |   → 319/1087: ✅ 0 взято | 🗑️ 14 мусор
2026-06-02 03:01:02,144 | INFO     |   → 320/1087: ✅ 0 взято | 🗑️ 14 мусор
2026-06-02 03:01:02,144 | INFO     |   → 321/1087: ✅ 0 взято | 🗑️ 14 мусор
2026-06-02 03:01:02,144 | INFO     |   → 322/1087: ✅ 0 взято | 🗑️ 14 мусор
2026-06-02 03:01:02,144 | INFO     |   → 323/1087: ✅ 0 взято | 🗑️ 14 мусор
2026-06-02 03:01:02,144 | INFO     |   → 324/1087: ✅ 0 взято | 🗑️ 14 мусор
2026-06-02 03:01:02,144 | INFO     |   → 325/1087: ✅ 7 взято | 🗑️ 21 мусор
2026-06-02 03:01:02,144 | INFO     |   → 326/1087: ✅ 0 взято | 🗑️ 21 мусор
2026-06-02 03:01:02,144 | INFO     |   → 327/1087: ✅ 0 взято | 🗑️ 21 мусор
2026-06-02 03:01:02,144 | INFO     |   → 328/1087: ✅ 0 взято | 🗑️ 21 мусор
2026-06-02 03:01:02,144 | INFO     |   → 329/1087: ✅ 0 взято | 🗑️ 21 мусор
2026-06-02 03:01:02,145 | INFO     |   → 330/1087: ✅ 0 взято | 🗑️ 21 мусор
2026-06-02 03:01:02,145 | INFO     |   → 331/1087: ✅ 0 взято | 🗑️ 21 мусор
2026-06-02 03:01:02,145 | INFO     |   → 332/1087: ✅ 0 взято | 🗑️ 21 мусор
2026-06-02 03:01:02,145 | INFO     |   → 333/1087: ✅ 0 взято | 🗑️ 21 мусор
2026-06-02 03:01:02,145 | INFO     |   → 334/1087: ✅ 0 взято | 🗑️ 21 мусор
2026-06-02 03:01:02,145 | INFO     |   → 335/1087: ✅ 0 взято | 🗑️ 21 мусор
2026-06-02 03:01:02,145 | INFO     |   → 336/1087: ✅ 5 взято | 🗑️ 15 мусор
2026-06-02 03:01:02,145 | INFO     |   → 337/1087: ✅ 0 взято | 🗑️ 15 мусор
2026-06-02 03:01:02,145 | INFO     |   → 338/1087: ✅ 0 взято | 🗑️ 15 мусор
2026-06-02 03:01:02,145 | INFO     |   → 339/1087: ✅ 0 взято | 🗑️ 15 мусор
2026-06-02 03:01:02,145 | INFO     |   → 340/1087: ✅ 0 взято | 🗑️ 15 мусор
2026-06-02 03:01:02,145 | INFO     |   → 341/1087: ✅ 0 взято | 🗑️ 15 мусор
2026-06-02 03:01:02,145 | INFO     |   → 342/1087: ✅ 0 взято | 🗑️ 15 мусор
2026-06-02 03:01:02,145 | INFO     |   → 343/1087: ✅ 0 взято | 🗑️ 15 мусор
2026-06-02 03:01:02,145 | INFO     |   → 344/1087: ✅ 0 взято | 🗑️ 15 мусор
2026-06-02 03:01:02,145 | INFO     |   → 345/1087: ✅ 0 взято | 🗑️ 14 мусор
2026-06-02 03:01:02,145 | INFO     |   → 346/1087: ✅ 0 взято | 🗑️ 14 мусор
2026-06-02 03:01:02,145 | INFO     |   → 347/1087: ✅ 0 взято | 🗑️ 14 мусор
2026-06-02 03:01:02,145 | INFO     |   → 348/1087: ✅ 0 взято | 🗑️ 14 мусор
2026-06-02 03:01:02,145 | INFO     |   → 349/1087: ✅ 6 взято | 🗑️ 17 мусор
2026-06-02 03:01:02,146 | INFO     |   → 350/1087: ✅ 0 взято | 🗑️ 17 мусор
2026-06-02 03:01:02,146 | INFO     |   → 351/1087: ✅ 0 взято | 🗑️ 17 мусор
2026-06-02 03:01:02,146 | INFO     |   → 352/1087: ✅ 0 взято | 🗑️ 17 мусор
2026-06-02 03:01:02,146 | INFO     |   → 353/1087: ✅ 0 взято | 🗑️ 17 мусор
2026-06-02 03:01:02,146 | INFO     |   → 354/1087: ✅ 0 взято | 🗑️ 17 мусор
2026-06-02 03:01:02,146 | INFO     |   → 355/1087: ✅ 6 взято | 🗑️ 24 мусор
2026-06-02 03:01:02,146 | INFO     |   → 356/1087: ✅ 0 взято | 🗑️ 24 мусор
2026-06-02 03:01:02,146 | INFO     |   → 357/1087: ✅ 0 взято | 🗑️ 24 мусор
2026-06-02 03:01:02,146 | INFO     |   → 358/1087: ✅ 0 взято | 🗑️ 24 мусор
2026-06-02 03:01:02,146 | INFO     |   → 359/1087: ✅ 0 взято | 🗑️ 24 мусор
2026-06-02 03:01:02,146 | INFO     |   → 360/1087: ✅ 0 взято | 🗑️ 24 мусор
2026-06-02 03:01:02,146 | INFO     |   → 361/1087: ✅ 0 взято | 🗑️ 24 мусор
2026-06-02 03:01:02,146 | INFO     |   → 362/1087: ✅ 0 взято | 🗑️ 24 мусор
2026-06-02 03:01:02,146 | INFO     |   → 363/1087: ✅ 0 взято | 🗑️ 24 мусор
2026-06-02 03:01:02,146 | INFO     |   → 364/1087: ✅ 0 взято | 🗑️ 24 мусор
2026-06-02 03:01:02,146 | INFO     |   → 365/1087: ✅ 0 взято | 🗑️ 24 мусор
2026-06-02 03:01:02,146 | INFO     |   → 366/1087: ✅ 13 взято | 🗑️ 7 мусор
2026-06-02 03:01:02,146 | INFO     |   → 367/1087 ⚠️ Ошибка: HTTPSConnectionPool(host='nodefree.githubrowcontent.com', port=443): Max retries exceeded with url: /2024/07/20240705.yaml (Caused by NameResolutionError("HTTPSConnection(host='nodefree.githubrowcontent.com', port=443): Failed to resolve 'nodefree.githubrowcontent.com' ([Errno -2] Name or service not known)")) — https://nodefree.org/dy/2023/08/20230806.yaml
2026-06-02 03:01:02,146 | INFO     |   → 368/1087 ⚠️ Ошибка: HTTPSConnectionPool(host='nodefree.githubrowcontent.com', port=443): Max retries exceeded with url: /2024/07/20240705.txt (Caused by NameResolutionError("HTTPSConnection(host='nodefree.githubrowcontent.com', port=443): Failed to resolve 'nodefree.githubrowcontent.com' ([Errno -2] Name or service not known)")) — https://nodefree.org/dy/2023/12/20231221.txt
2026-06-02 03:01:02,146 | INFO     |   → 369/1087: ✅ 0 взято | 🗑️ 17 мусор
2026-06-02 03:01:02,146 | INFO     |   → 370/1087: ✅ 0 взято | 🗑️ 17 мусор
2026-06-02 03:01:02,146 | INFO     |   → 371/1087: ✅ 0 взято | 🗑️ 14 мусор
2026-06-02 03:01:02,146 | INFO     |   → 372/1087: ✅ 0 взято | 🗑️ 14 мусор
2026-06-02 03:01:02,146 | INFO     |   → 373/1087: ✅ 0 взято | 🗑️ 14 мусор
2026-06-02 03:01:02,146 | INFO     |   → 374/1087: ✅ 0 взято | 🗑️ 14 мусор
2026-06-02 03:01:02,146 | INFO     |   → 375/1087: ✅ 0 взято | 🗑️ 14 мусор
2026-06-02 03:01:02,146 | INFO     |   → 376/1087: ✅ 0 взято | 🗑️ 14 мусор
2026-06-02 03:01:02,146 | INFO     |   → 377/1087: ✅ 0 взято | 🗑️ 14 мусор
2026-06-02 03:01:02,146 | INFO     |   → 378/1087: ✅ 0 взято | 🗑️ 14 мусор
2026-06-02 03:01:02,147 | INFO     |   → 379/1087: ✅ 0 взято | 🗑️ 14 мусор
2026-06-02 03:01:02,147 | INFO     |   → 380/1087: ✅ 0 взято | 🗑️ 21 мусор
2026-06-02 03:01:02,147 | INFO     |   → 381/1087: ✅ 0 взято | 🗑️ 21 мусор
2026-06-02 03:01:02,147 | INFO     |   → 382/1087: ✅ 0 взято | 🗑️ 21 мусор
2026-06-02 03:01:02,147 | INFO     |   → 383/1087: ✅ 0 взято | 🗑️ 21 мусор
2026-06-02 03:01:02,147 | INFO     |   → 384/1087: ✅ 0 взято | 🗑️ 21 мусор
2026-06-02 03:01:02,147 | INFO     |   → 385/1087: ✅ 0 взято | 🗑️ 21 мусор
2026-06-02 03:01:02,147 | INFO     |   → 386/1087: ✅ 0 взято | 🗑️ 21 мусор
2026-06-02 03:01:02,147 | INFO     |   → 387/1087: ✅ 0 взято | 🗑️ 21 мусор
2026-06-02 03:01:02,147 | INFO     |   → 388/1087: ✅ 0 взято | 🗑️ 21 мусор
2026-06-02 03:01:02,147 | INFO     |   → 389/1087: ✅ 0 взято | 🗑️ 21 мусор
2026-06-02 03:01:02,147 | INFO     |   → 390/1087: ✅ 0 взято | 🗑️ 21 мусор
2026-06-02 03:01:02,147 | INFO     |   → 391/1087: ✅ 0 взято | 🗑️ 15 мусор
2026-06-02 03:01:02,147 | INFO     |   → 392/1087: ✅ 0 взято | 🗑️ 15 мусор
2026-06-02 03:01:02,147 | INFO     |   → 393/1087: ✅ 0 взято | 🗑️ 15 мусор
2026-06-02 03:01:02,147 | INFO     |   → 394/1087: ✅ 0 взято | 🗑️ 15 мусор
2026-06-02 03:01:02,147 | INFO     |   → 395/1087: ✅ 0 взято | 🗑️ 15 мусор
2026-06-02 03:01:02,147 | INFO     |   → 396/1087: ✅ 0 взято | 🗑️ 15 мусор
2026-06-02 03:01:02,147 | INFO     |   → 397/1087: ✅ 0 взято | 🗑️ 15 мусор
2026-06-02 03:01:02,147 | INFO     |   → 398/1087: ✅ 0 взято | 🗑️ 15 мусор
2026-06-02 03:01:02,147 | INFO     |   → 399/1087: ✅ 0 взято | 🗑️ 15 мусор
2026-06-02 03:01:02,147 | INFO     |   → 400/1087: ✅ 0 взято | 🗑️ 15 мусор
2026-06-02 03:01:02,147 | INFO     |   → 401/1087: ✅ 0 взято | 🗑️ 14 мусор
2026-06-02 03:01:02,147 | INFO     |   → 402/1087: ✅ 0 взято | 🗑️ 14 мусор
2026-06-02 03:01:02,147 | INFO     |   → 403/1087: ✅ 0 взято | 🗑️ 14 мусор
2026-06-02 03:01:02,147 | INFO     |   → 404/1087: ✅ 0 взято | 🗑️ 14 мусор
2026-06-02 03:01:02,147 | INFO     |   → 405/1087: ✅ 0 взято | 🗑️ 17 мусор
2026-06-02 03:01:02,147 | INFO     |   → 406/1087: ✅ 0 взято | 🗑️ 17 мусор
2026-06-02 03:01:02,147 | INFO     |   → 407/1087: ✅ 0 взято | 🗑️ 17 мусор
2026-06-02 03:01:02,147 | INFO     |   → 408/1087: ✅ 0 взято | 🗑️ 17 мусор
2026-06-02 03:01:02,147 | INFO     |   → 409/1087: ✅ 0 взято | 🗑️ 17 мусор
2026-06-02 03:01:02,147 | INFO     |   → 410/1087: ✅ 0 взято | 🗑️ 24 мусор
2026-06-02 03:01:02,147 | INFO     |   → 411/1087: ✅ 0 взято | 🗑️ 24 мусор
2026-06-02 03:01:02,147 | INFO     |   → 412/1087: ✅ 0 взято | 🗑️ 24 мусор
2026-06-02 03:01:02,147 | INFO     |   → 413/1087: ✅ 0 взято | 🗑️ 24 мусор
2026-06-02 03:01:02,147 | INFO     |   → 414/1087: ✅ 0 взято | 🗑️ 24 мусор
2026-06-02 03:01:02,147 | INFO     |   → 415/1087: ✅ 0 взято | 🗑️ 24 мусор
2026-06-02 03:01:02,147 | INFO     |   → 416/1087: ✅ 0 взято | 🗑️ 24 мусор
2026-06-02 03:01:02,147 | INFO     |   → 417/1087: ✅ 0 взято | 🗑️ 24 мусор
2026-06-02 03:01:02,147 | INFO     |   → 418/1087: ✅ 0 взято | 🗑️ 24 мусор
2026-06-02 03:01:02,147 | INFO     |   → 419/1087: ✅ 0 взято | 🗑️ 24 мусор
2026-06-02 03:01:02,148 | INFO     |   → 420/1087: ✅ 0 взято | 🗑️ 24 мусор
2026-06-02 03:01:02,148 | INFO     |   → 421/1087: ✅ 0 взято | 🗑️ 7 мусор
2026-06-02 03:01:02,148 | INFO     |   → 422/1087: ✅ 0 взято | 🗑️ 0 мусор
2026-06-02 03:01:02,148 | INFO     |   → 423/1087: ✅ 0 взято | 🗑️ 0 мусор
2026-06-02 03:01:02,148 | INFO     |   → 424/1087: ✅ 0 взято | 🗑️ 0 мусор
2026-06-02 03:01:02,148 | INFO     |   → 425/1087: ✅ 0 взято | 🗑️ 0 мусор
2026-06-02 03:01:02,148 | INFO     |   → 426/1087: ✅ 0 взято | 🗑️ 0 мусор
2026-06-02 03:01:02,148 | INFO     |   → 427/1087: ✅ 0 взято | 🗑️ 0 мусор
2026-06-02 03:01:02,148 | INFO     |   → 428/1087: ✅ 0 взято | 🗑️ 0 мусор
2026-06-02 03:01:02,148 | INFO     |   → 429/1087: ✅ 0 взято | 🗑️ 0 мусор
2026-06-02 03:01:02,148 | INFO     |   → 430/1087: ✅ 0 взято | 🗑️ 0 мусор
2026-06-02 03:01:02,148 | INFO     |   → 431/1087: ✅ 0 взято | 🗑️ 0 мусор
2026-06-02 03:01:02,148 | INFO     |   → 432/1087: ✅ 0 взято | 🗑️ 0 мусор
2026-06-02 03:01:02,148 | INFO     |   → 433/1087: ✅ 0 взято | 🗑️ 0 мусор
2026-06-02 03:01:02,148 | INFO     |   → 434/1087 ❌ HTTP 404 — https://raw.githubusercontent.com/10ium/MihomoSaz/main/Sublist/shatakvpn.yaml4_Sub.txt
2026-06-02 03:01:02,148 | INFO     |   → 435/1087: ✅ 0 взято | 🗑️ 0 мусор
2026-06-02 03:01:02,148 | INFO     |   → 436/1087: ✅ 0 взято | 🗑️ 0 мусор
2026-06-02 03:01:02,148 | INFO     |   → 437/1087: ✅ 167 взято | 🗑️ 672 мусор
2026-06-02 03:01:02,148 | INFO     |   → 438/1087: ✅ 0 взято | 🗑️ 0 мусор
2026-06-02 03:01:02,148 | INFO     |   → 439/1087: ✅ 0 взято | 🗑️ 0 мусор
2026-06-02 03:01:02,148 | INFO     |   → 440/1087: ✅ 11 взято | 🗑️ 399 мусор
2026-06-02 03:01:02,148 | INFO     |   → 441/1087: ✅ 0 взято | 🗑️ 0 мусор
2026-06-02 03:01:02,148 | INFO     |   → 442/1087 ❌ HTTP 404 — https://raw.githubusercontent.com/9Fork/openit/main/Clash.yaml
2026-06-02 03:01:02,148 | INFO     |   → 443/1087: ✅ 47 взято | 🗑️ 43 мусор
2026-06-02 03:01:02,148 | INFO     |   → 444/1087: ✅ 0 взято | 🗑️ 43 мусор
2026-06-02 03:01:02,148 | INFO     |   → 445/1087: ✅ 19 взято | 🗑️ 81 мусор
2026-06-02 03:01:02,148 | INFO     |   → 446/1087: ✅ 11 взято | 🗑️ 87 мусор
2026-06-02 03:01:02,148 | INFO     |   → 447/1087: ✅ 27 взято | 🗑️ 73 мусор
2026-06-02 03:01:02,148 | INFO     |   → 448/1087: ✅ 13 взято | 🗑️ 75 мусор
2026-06-02 03:01:02,148 | INFO     |   → 449/1087: ✅ 10 взято | 🗑️ 83 мусор
2026-06-02 03:01:02,148 | INFO     |   → 450/1087: ✅ 12 взято | 🗑️ 86 мусор
2026-06-02 03:01:02,148 | INFO     |   → 451/1087: ✅ 11 взято | 🗑️ 87 мусор
2026-06-02 03:01:02,148 | INFO     |   → 452/1087: ✅ 11 взято | 🗑️ 80 мусор
2026-06-02 03:01:02,148 | INFO     |   → 453/1087: ✅ 9 взято | 🗑️ 82 мусор
2026-06-02 03:01:02,148 | INFO     |   → 454/1087: ✅ 69 взято | 🗑️ 3 мусор
2026-06-02 03:01:02,148 | INFO     |   → 455/1087: ✅ 3 взято | 🗑️ 75 мусор
2026-06-02 03:01:02,148 | INFO     |   → 456/1087: ✅ 4 взято | 🗑️ 69 мусор
2026-06-02 03:01:02,148 | INFO     |   → 457/1087: ✅ 4 взято | 🗑️ 80 мусор
2026-06-02 03:01:02,149 | INFO     |   → 458/1087: ✅ 6 взято | 🗑️ 81 мусор
2026-06-02 03:01:02,149 | INFO     |   → 459/1087: ✅ 5 взято | 🗑️ 79 мусор
2026-06-02 03:01:02,149 | INFO     |   → 460/1087: ✅ 11 взято | 🗑️ 78 мусор
2026-06-02 03:01:02,149 | INFO     |   → 461/1087: ✅ 3 взято | 🗑️ 83 мусор
2026-06-02 03:01:02,149 | INFO     |   → 462/1087: ✅ 14 взято | 🗑️ 76 мусор
2026-06-02 03:01:02,149 | INFO     |   → 463/1087: ✅ 12 взято | 🗑️ 78 мусор
2026-06-02 03:01:02,149 | INFO     |   → 464/1087: ✅ 26 взято | 🗑️ 218 мусор
2026-06-02 03:01:02,149 | INFO     |   → 465/1087: ✅ 44 взято | 🗑️ 141 мусор
2026-06-02 03:01:02,149 | INFO     |   → 466/1087: ✅ 10 взято | 🗑️ 71 мусор
2026-06-02 03:01:02,149 | INFO     |   → 467/1087: ✅ 2 взято | 🗑️ 88 мусор
2026-06-02 03:01:02,149 | INFO     |   → 468/1087: ✅ 0 взято | 🗑️ 3 мусор
2026-06-02 03:01:02,149 | INFO     |   → 469/1087: ✅ 14 взято | 🗑️ 4 мусор
2026-06-02 03:01:02,149 | INFO     |   → 470/1087: ✅ 689 взято | 🗑️ 2354 мусор
2026-06-02 03:01:02,149 | INFO     |   → 471/1087 ❌ HTTP 404 — https://raw.githubusercontent.com/Alvin9999/pac2/master/clash/1/config.yaml
2026-06-02 03:01:02,149 | INFO     |   → 472/1087 ❌ HTTP 404 — https://raw.githubusercontent.com/AmirHDevo/temp2/7f15e7ddb311a6f8c5ab338bd1af0e1f2136a84b/configs.txt
2026-06-02 03:01:02,149 | INFO     |   → 473/1087: ✅ 30 взято | 🗑️ 38 мусор
2026-06-02 03:01:02,149 | INFO     |   → 474/1087: ✅ 4165 взято | 🗑️ 58548 мусор
2026-06-02 03:01:02,149 | INFO     |   → 475/1087: ✅ 5 взято | 🗑️ 47 мусор
2026-06-02 03:01:02,149 | INFO     |   → 476/1087: ✅ 0 взято | 🗑️ 36 мусор
2026-06-02 03:01:02,149 | INFO     |   → 477/1087: ✅ 21 взято | 🗑️ 107 мусор
2026-06-02 03:01:02,149 | INFO     |   → 478/1087: ✅ 78 взято | 🗑️ 347 мусор
2026-06-02 03:01:02,149 | INFO     |   → 479/1087: ✅ 0 взято | 🗑️ 1373 мусор
2026-06-02 03:01:02,149 | INFO     |   → 480/1087: ✅ 339 взято | 🗑️ 1542 мусор
2026-06-02 03:01:02,149 | INFO     |   → 481/1087: ✅ 0 взято | 🗑️ 6 мусор
2026-06-02 03:01:02,149 | INFO     |   → 482/1087: ✅ 0 взято | 🗑️ 0 мусор
2026-06-02 03:01:02,149 | INFO     |   → 483/1087: ✅ 1 взято | 🗑️ 235 мусор
2026-06-02 03:01:02,150 | INFO     |   → 484/1087: ✅ 0 взято | 🗑️ 16 мусор
2026-06-02 03:01:02,150 | INFO     |   → 485/1087: ✅ 0 взято | 🗑️ 0 мусор
2026-06-02 03:01:02,150 | INFO     |   → 486/1087: ✅ 0 взято | 🗑️ 14 мусор
2026-06-02 03:01:02,150 | INFO     |   → 487/1087: ✅ 0 взято | 🗑️ 0 мусор
2026-06-02 03:01:02,150 | INFO     |   → 488/1087: ✅ 0 взято | 🗑️ 17 мусор
2026-06-02 03:01:02,150 | INFO     |   → 489/1087: ✅ 0 взято | 🗑️ 0 мусор
2026-06-02 03:01:02,150 | INFO     |   → 490/1087: ✅ 1 взято | 🗑️ 12 мусор
2026-06-02 03:01:02,150 | INFO     |   → 491/1087: ✅ 0 взято | 🗑️ 0 мусор
2026-06-02 03:01:02,150 | INFO     |   → 492/1087: ✅ 0 взято | 🗑️ 17 мусор
2026-06-02 03:01:02,150 | INFO     |   → 493/1087: ✅ 0 взято | 🗑️ 0 мусор
2026-06-02 03:01:02,150 | INFO     |   → 494/1087: ✅ 0 взято | 🗑️ 17 мусор
2026-06-02 03:01:02,150 | INFO     |   → 495/1087: ✅ 0 взято | 🗑️ 0 мусор
2026-06-02 03:01:02,150 | INFO     |   → 496/1087: ✅ 0 взято | 🗑️ 161 мусор
2026-06-02 03:01:02,150 | INFO     |   → 497/1087: ✅ 0 взято | 🗑️ 0 мусор
2026-06-02 03:01:02,150 | INFO     |   → 498/1087: ✅ 5 взято | 🗑️ 76 мусор
2026-06-02 03:01:02,150 | INFO     |   → 499/1087: ✅ 80 взято | 🗑️ 1110 мусор
2026-06-02 03:01:02,150 | INFO     |   → 500/1087: ✅ 5 взято | 🗑️ 13 мусор
2026-06-02 03:01:02,150 | INFO     |   → 501/1087 ❌ HTTP 404 — https://raw.githubusercontent.com/Epodonios/bulk-xray-v2ray-vless-vmess-...-configs/main/sub/Austria/config.txt
2026-06-02 03:01:02,150 | INFO     |   → 502/1087 ❌ HTTP 404 — https://raw.githubusercontent.com/Epodonios/bulk-xray-v2ray-vless-vmess-...-configs/main/sub/Canada/config.txt
2026-06-02 03:01:02,150 | INFO     |   → 503/1087 ❌ HTTP 404 — https://raw.githubusercontent.com/Epodonios/bulk-xray-v2ray-vless-vmess-...-configs/main/sub/Costa%20Rica/config.txt
2026-06-02 03:01:02,150 | INFO     |   → 504/1087 ❌ HTTP 404 — https://raw.githubusercontent.com/Epodonios/bulk-xray-v2ray-vless-vmess-...-configs/main/sub/France/config.txt
2026-06-02 03:01:02,150 | INFO     |   → 505/1087 ❌ HTTP 404 — https://raw.githubusercontent.com/Epodonios/bulk-xray-v2ray-vless-vmess-...-configs/main/sub/Germany/config.txt
2026-06-02 03:01:02,150 | INFO     |   → 506/1087 ❌ HTTP 404 — https://raw.githubusercontent.com/Epodonios/bulk-xray-v2ray-vless-vmess-...-configs/main/sub/Indonesia/config.txt
2026-06-02 03:01:02,150 | INFO     |   → 507/1087 ❌ HTTP 404 — https://raw.githubusercontent.com/Epodonios/bulk-xray-v2ray-vless-vmess-...-configs/main/sub/Ireland/config.txt
2026-06-02 03:01:02,150 | INFO     |   → 508/1087 ❌ HTTP 404 — https://raw.githubusercontent.com/Epodonios/bulk-xray-v2ray-vless-vmess-...-configs/main/sub/Republic%20of%20Lithuania/config.txt
2026-06-02 03:01:02,150 | INFO     |   → 509/1087 ❌ HTTP 404 — https://raw.githubusercontent.com/Epodonios/bulk-xray-v2ray-vless-vmess-...-configs/main/sub/South%20Africa/config.txt
2026-06-02 03:01:02,150 | INFO     |   → 510/1087 ❌ HTTP 404 — https://raw.githubusercontent.com/Epodonios/bulk-xray-v2ray-vless-vmess-...-configs/main/sub/Sweden/config.txt
2026-06-02 03:01:02,150 | INFO     |   → 511/1087 ❌ HTTP 404 — https://raw.githubusercontent.com/Epodonios/bulk-xray-v2ray-vless-vmess-...-configs/main/sub/Turkey/config.txt
2026-06-02 03:01:02,150 | INFO     |   → 512/1087 ❌ HTTP 404 — https://raw.githubusercontent.com/Epodonios/bulk-xray-v2ray-vless-vmess-...-configs/main/sub/United%20Arab%20Emirates/config.txt
2026-06-02 03:01:02,150 | INFO     |   → 513/1087 ❌ HTTP 404 — https://raw.githubusercontent.com/Epodonios/bulk-xray-v2ray-vless-vmess-...-configs/main/sub/United%20Kingdom/config.txt
2026-06-02 03:01:02,150 | INFO     |   → 514/1087 ❌ HTTP 404 — https://raw.githubusercontent.com/Epodonios/bulk-xray-v2ray-vless-vmess-...-configs/main/sub/United%20States/config.txt
2026-06-02 03:01:02,150 | INFO     |   → 515/1087: ✅ 566 взято | 🗑️ 3293 мусор
2026-06-02 03:01:02,150 | INFO     |   → 516/1087 ❌ HTTP 404 — https://raw.githubusercontent.com/Epodonios/v2ray-configs/main/Splitted-By-Protocol/mix.txt
2026-06-02 03:01:02,150 | INFO     |   → 517/1087: ✅ 2 взято | 🗑️ 353 мусор
2026-06-02 03:01:02,150 | INFO     |   → 518/1087: ✅ 0 взято | 🗑️ 0 мусор
2026-06-02 03:01:02,150 | INFO     |   → 519/1087: ✅ 4 взято | 🗑️ 328 мусор
2026-06-02 03:01:02,150 | INFO     |   → 520/1087: ✅ 0 взято | 🗑️ 2172 мусор
2026-06-02 03:01:02,150 | INFO     |   → 521/1087: ✅ 3 взято | 🗑️ 475 мусор
2026-06-02 03:01:02,151 | INFO     |   → 522/1087 ❌ HTTP 404 — https://raw.githubusercontent.com/Epodonios/v2ray-configs/raw/main/Splitted-By-Protocol/trojan.txt
2026-06-02 03:01:02,151 | INFO     |   → 523/1087 ❌ HTTP 404 — https://raw.githubusercontent.com/Epodonios/v2ray-configs/raw/main/Splitted-By-Protocol/vmess.txt
2026-06-02 03:01:02,151 | INFO     |   → 524/1087: ✅ 0 взято | 🗑️ 353 мусор
2026-06-02 03:01:02,151 | INFO     |   → 525/1087: ✅ 0 взято | 🗑️ 0 мусор
2026-06-02 03:01:02,151 | INFO     |   → 526/1087: ✅ 0 взято | 🗑️ 328 мусор
2026-06-02 03:01:02,151 | INFO     |   → 527/1087: ✅ 0 взято | 🗑️ 2172 мусор
2026-06-02 03:01:02,151 | INFO     |   → 528/1087: ✅ 0 взято | 🗑️ 475 мусор
2026-06-02 03:01:02,151 | INFO     |   → 529/1087 ❌ HTTP 404 — https://raw.githubusercontent.com/Fido6/FreeNodes/57221e59caddde55ffdda21d491ae952cd608049/nodes/halekj.txt
2026-06-02 03:01:02,151 | INFO     |   → 530/1087 ❌ HTTP 404 — https://raw.githubusercontent.com/Fido6/FreeNodes/57221e59caddde55ffdda21d491ae952cd608049/nodes/kkzui.txt
2026-06-02 03:01:02,151 | INFO     |   → 531/1087 ❌ HTTP 404 — https://raw.githubusercontent.com/Fido6/FreeNodes/57221e59caddde55ffdda21d491ae952cd608049/nodes/wenode.txt
2026-06-02 03:01:02,151 | INFO     |   → 532/1087: ✅ 0 взято | 🗑️ 0 мусор
2026-06-02 03:01:02,151 | INFO     |   → 533/1087: ✅ 0 взято | 🗑️ 18 мусор
2026-06-02 03:01:02,151 | INFO     |   → 534/1087: ✅ 14 взято | 🗑️ 250 мусор
2026-06-02 03:01:02,151 | INFO     |   → 535/1087: ✅ 1 взято | 🗑️ 11 мусор
2026-06-02 03:01:02,151 | INFO     |   → 536/1087: ✅ 1 взято | 🗑️ 17 мусор
2026-06-02 03:01:02,152 | INFO     |   → 537/1087: ✅ 4 взято | 🗑️ 11 мусор
2026-06-02 03:01:02,152 | INFO     |   → 538/1087: ✅ 0 взято | 🗑️ 0 мусор
2026-06-02 03:01:02,152 | INFO     |   → 539/1087: ✅ 0 взято | 🗑️ 137 мусор
2026-06-02 03:01:02,152 | INFO     |   → 540/1087: ✅ 0 взято | 🗑️ 32 мусор
2026-06-02 03:01:02,152 | INFO     |   → 541/1087: ✅ 2 взято | 🗑️ 19 мусор
2026-06-02 03:01:02,152 | INFO     |   → 542/1087: ✅ 0 взято | 🗑️ 43 мусор
2026-06-02 03:01:02,152 | INFO     |   → 543/1087: ✅ 0 взято | 🗑️ 43 мусор
2026-06-02 03:01:02,152 | INFO     |   → 544/1087 ❌ HTTP 404 — https://raw.githubusercontent.com/Iran-v2ray/v2ray/main/v2ray
2026-06-02 03:01:02,152 | INFO     |   → 545/1087: ✅ 0 взято | 🗑️ 1 мусор
2026-06-02 03:01:02,152 | INFO     |   → 546/1087: ✅ 0 взято | 🗑️ 1 мусор
2026-06-02 03:01:02,152 | INFO     |   → 547/1087: ✅ 0 взято | 🗑️ 28 мусор
2026-06-02 03:01:02,152 | INFO     |   → 548/1087: ✅ 14 взято | 🗑️ 282 мусор
2026-06-02 03:01:02,152 | INFO     |   → 549/1087: ✅ 0 взято | 🗑️ 94 мусор
2026-06-02 03:01:02,152 | INFO     |   → 550/1087: ✅ 0 взято | 🗑️ 0 мусор
2026-06-02 03:01:02,152 | INFO     |   → 551/1087: ✅ 0 взято | 🗑️ 0 мусор
2026-06-02 03:01:02,152 | INFO     |   → 552/1087 ❌ HTTP 404 — https://raw.githubusercontent.com/Kwinshadow/TelegramV2rayCollector/raw/refs/heads/main/sublinks/mix.txt
2026-06-02 03:01:02,153 | INFO     |   → 553/1087 ❌ HTTP 404 — https://raw.githubusercontent.com/LalatinaHub/Mineral/raw/refs/heads/master/result/nodes
2026-06-02 03:01:02,153 | INFO     |   → 554/1087 ❌ HTTP 404 — https://raw.githubusercontent.com/Leon406/SubCrawler/main/sub/share/all3
2026-06-02 03:01:02,153 | INFO     |   → 555/1087 ❌ HTTP 404 — https://raw.githubusercontent.com/Leon406/SubCrawler/main/sub/share/all4
2026-06-02 03:01:02,153 | INFO     |   → 556/1087: ✅ 4 взято | 🗑️ 335 мусор
2026-06-02 03:01:02,153 | INFO     |   → 557/1087: ✅ 0 взято | 🗑️ 33 мусор
2026-06-02 03:01:02,153 | INFO     |   → 558/1087: ✅ 0 взято | 🗑️ 6 мусор
2026-06-02 03:01:02,153 | INFO     |   → 559/1087: ✅ 0 взято | 🗑️ 147 мусор
2026-06-02 03:01:02,153 | INFO     |   → 560/1087 ❌ HTTP 404 — https://raw.githubusercontent.com/M-Mashreghi/free-config-collector/main/Splitted-By-Protocol/ssr.txt
2026-06-02 03:01:02,153 | INFO     |   → 561/1087: ✅ 139 взято | 🗑️ 114 мусор
2026-06-02 03:01:02,153 | INFO     |   → 562/1087: ✅ 126 взято | 🗑️ 137 мусор
2026-06-02 03:01:02,153 | INFO     |   → 563/1087: ✅ 0 взято | 🗑️ 12 мусор
2026-06-02 03:01:02,153 | INFO     |   → 564/1087: ✅ 0 взято | 🗑️ 1 мусор
2026-06-02 03:01:02,153 | INFO     |   → 565/1087: ✅ 74 взято | 🗑️ 340 мусор
2026-06-02 03:01:02,153 | INFO     |   → 566/1087: ✅ 0 взято | 🗑️ 340 мусор
2026-06-02 03:01:02,153 | INFO     |   → 567/1087 ❌ HTTP 404 — https://raw.githubusercontent.com/MatinGhanbari/v2ray-configs/main/subscriptions/filtered/subs/hy2.txt
2026-06-02 03:01:02,153 | INFO     |   → 568/1087: ✅ 32 взято | 🗑️ 1463 мусор
2026-06-02 03:01:02,153 | INFO     |   → 569/1087 ❌ HTTP 404 — https://raw.githubusercontent.com/MatinGhanbari/v2ray-configs/main/subscriptions/filtered/subs/ssr.txt
2026-06-02 03:01:02,153 | INFO     |   → 570/1087: ✅ 73 взято | 🗑️ 537 мусор
2026-06-02 03:01:02,153 | INFO     |   → 571/1087 ❌ HTTP 404 — https://raw.githubusercontent.com/MatinGhanbari/v2ray-configs/main/subscriptions/filtered/subs/tuic.txt
2026-06-02 03:01:02,154 | INFO     |   → 572/1087: ✅ 6 взято | 🗑️ 67 мусор
2026-06-02 03:01:02,154 | INFO     |   → 573/1087: ✅ 265 взято | 🗑️ 1478 мусор
2026-06-02 03:01:02,154 | INFO     |   → 574/1087: ✅ 0 взято | 🗑️ 2 мусор
2026-06-02 03:01:02,154 | INFO     |   → 575/1087: ✅ 78 взято | 🗑️ 995 мусор
2026-06-02 03:01:02,154 | INFO     |   → 576/1087: ✅ 0 взято | 🗑️ 506 мусор
2026-06-02 03:01:02,154 | INFO     |   → 577/1087: ✅ 0 взято | 🗑️ 506 мусор
2026-06-02 03:01:02,154 | INFO     |   → 578/1087: ✅ 0 взято | 🗑️ 32 мусор
2026-06-02 03:01:02,154 | INFO     |   → 579/1087: ✅ 0 взято | 🗑️ 2 мусор
2026-06-02 03:01:02,154 | INFO     |   → 580/1087: ✅ 0 взято | 🗑️ 384 мусор
2026-06-02 03:01:02,154 | INFO     |   → 581/1087: ✅ 0 взято | 🗑️ 79 мусор
2026-06-02 03:01:02,154 | INFO     |   → 582/1087 ❌ HTTP 404 — https://raw.githubusercontent.com/MhdiTaheri/V2rayCollector/raw/refs/heads/main/sub/mix
2026-06-02 03:01:02,154 | INFO     |   → 583/1087: ✅ 53 взято | 🗑️ 267 мусор
2026-06-02 03:01:02,154 | INFO     |   → 584/1087 ❌ HTTP 404 — https://raw.githubusercontent.com/MhdiTaheri/V2rayCollector_Py/raw/refs/heads/main/sub/Mix/mix.txt
2026-06-02 03:01:02,154 | INFO     |   → 585/1087: ✅ 0 взято | 🗑️ 0 мусор
2026-06-02 03:01:02,154 | INFO     |   → 586/1087: ✅ 43 взято | 🗑️ 217 мусор
2026-06-02 03:01:02,154 | INFO     |   → 587/1087: ✅ 0 взято | 🗑️ 31 мусор
2026-06-02 03:01:02,154 | INFO     |   → 588/1087: ✅ 93 взято | 🗑️ 282 мусор
2026-06-02 03:01:02,154 | INFO     |   → 589/1087: ✅ 0 взято | 🗑️ 26 мусор
2026-06-02 03:01:02,154 | INFO     |   → 590/1087 ❌ HTTP 404 — https://raw.githubusercontent.com/MrMohebi/xray-proxy-grabber-telegram/master/collected-proxies/clash-meta/all.yaml
2026-06-02 03:01:02,154 | INFO     |   → 591/1087 ❌ HTTP 404 — https://raw.githubusercontent.com/MrMohebi/xray-proxy-grabber-telegram/master/collected-proxies/row-url/actives.txt
2026-06-02 03:01:02,154 | INFO     |   → 592/1087 ❌ HTTP 404 — https://raw.githubusercontent.com/MrMohebi/xray-proxy-grabber-telegram/master/collected-proxies/row-url/all.txt
2026-06-02 03:01:02,154 | INFO     |   → 593/1087: ✅ 0 взято | 🗑️ 13 мусор
2026-06-02 03:01:02,154 | INFO     |   → 594/1087: ✅ 0 взято | 🗑️ 13 мусор
2026-06-02 03:01:02,154 | INFO     |   → 595/1087: ✅ 5 взято | 🗑️ 15 мусор
2026-06-02 03:01:02,154 | INFO     |   → 596/1087: ✅ 0 взято | 🗑️ 30 мусор
2026-06-02 03:01:02,154 | INFO     |   → 597/1087: ✅ 0 взято | 🗑️ 15 мусор
2026-06-02 03:01:02,154 | INFO     |   → 598/1087: ✅ 66 взято | 🗑️ 123 мусор
2026-06-02 03:01:02,154 | INFO     |   → 599/1087: ✅ 175 взято | 🗑️ 582 мусор
2026-06-02 03:01:02,154 | INFO     |   → 600/1087: ✅ 0 взято | 🗑️ 0 мусор
2026-06-02 03:01:02,154 | INFO     |   → 601/1087 ❌ HTTP 404 — https://raw.githubusercontent.com/OpenCNLink/freevpn/3cfcff048bfdd1493ccffa52ecf30ce7f9fc6b28/src/list/vmess.txt
2026-06-02 03:01:02,154 | INFO     |   → 602/1087 ❌ HTTP 404 — https://raw.githubusercontent.com/Pawdro/Collection/main/sub
2026-06-02 03:01:02,154 | INFO     |   → 603/1087: ✅ 2 взято | 🗑️ 11 мусор
2026-06-02 03:01:02,154 | INFO     |   → 604/1087: ✅ 0 взято | 🗑️ 11 мусор
2026-06-02 03:01:02,154 | INFO     |   → 605/1087: ✅ 0 взято | 🗑️ 0 мусор
2026-06-02 03:01:02,154 | INFO     |   → 606/1087: ✅ 0 взято | 🗑️ 0 мусор
2026-06-02 03:01:02,154 | INFO     |   → 607/1087: ✅ 0 взято | 🗑️ 50 мусор
2026-06-02 03:01:02,154 | INFO     |   → 608/1087: ✅ 5 взято | 🗑️ 206 мусор
2026-06-02 03:01:02,154 | INFO     |   → 609/1087: ✅ 21 взято | 🗑️ 138 мусор
2026-06-02 03:01:02,155 | INFO     |   → 610/1087: ✅ 23 взято | 🗑️ 89 мусор
2026-06-02 03:01:02,155 | INFO     |   → 611/1087: ✅ 9 взято | 🗑️ 85 мусор
2026-06-02 03:01:02,155 | INFO     |   → 612/1087: ✅ 0 взято | 🗑️ 129 мусор
2026-06-02 03:01:02,155 | INFO     |   → 613/1087: ✅ 0 взято | 🗑️ 81 мусор
2026-06-02 03:01:02,155 | INFO     |   → 614/1087 ❌ HTTP 404 — https://raw.githubusercontent.com/STR97/STRUGOV/refs/heads/main/STR.BYPASS
2026-06-02 03:01:02,155 | INFO     |   → 615/1087: ✅ 4 взято | 🗑️ 34 мусор
2026-06-02 03:01:02,155 | INFO     |   → 616/1087: ✅ 11 взято | 🗑️ 16 мусор
2026-06-02 03:01:02,155 | INFO     |   → 617/1087: ✅ 0 взято | 🗑️ 16 мусор
2026-06-02 03:01:02,155 | INFO     |   → 618/1087: ✅ 0 взято | 🗑️ 27 мусор
2026-06-02 03:01:02,155 | INFO     |   → 619/1087: ✅ 140 взято | 🗑️ 1153 мусор
2026-06-02 03:01:02,155 | INFO     |   → 620/1087: ✅ 29 взято | 🗑️ 54 мусор
2026-06-02 03:01:02,155 | INFO     |   → 621/1087: ✅ 0 взято | 🗑️ 1 мусор
2026-06-02 03:01:02,155 | INFO     |   → 622/1087: ✅ 0 взято | 🗑️ 0 мусор
2026-06-02 03:01:02,155 | INFO     |   → 623/1087: ✅ 1 взято | 🗑️ 20 мусор
2026-06-02 03:01:02,155 | INFO     |   → 624/1087: ✅ 0 взято | 🗑️ 1 мусор
2026-06-02 03:01:02,155 | INFO     |   → 625/1087: ✅ 0 взято | 🗑️ 20 мусор
2026-06-02 03:01:02,156 | INFO     |   → 626/1087: ✅ 4 взято | 🗑️ 291 мусор
2026-06-02 03:01:02,156 | INFO     |   → 627/1087: ✅ 0 взято | 🗑️ 119 мусор
2026-06-02 03:01:02,156 | INFO     |   → 628/1087: ✅ 0 взято | 🗑️ 0 мусор
2026-06-02 03:01:02,156 | INFO     |   → 629/1087 ❌ HTTP 404 — https://raw.githubusercontent.com/V2RAYCONFIGSPOOL/V2RAY_SUB/main/V2RAY_SUB.txt
2026-06-02 03:01:02,156 | INFO     |   → 630/1087: ✅ 53 взято | 🗑️ 144 мусор
2026-06-02 03:01:02,156 | INFO     |   → 631/1087: ✅ 16 взято | 🗑️ 17 мусор
2026-06-02 03:01:02,156 | INFO     |   → 632/1087: ✅ 0 взято | 🗑️ 0 мусор
2026-06-02 03:01:02,156 | INFO     |   → 633/1087: ✅ 0 взято | 🗑️ 17 мусор
2026-06-02 03:01:02,156 | INFO     |   → 634/1087: ✅ 58 взято | 🗑️ 348 мусор
2026-06-02 03:01:02,156 | INFO     |   → 635/1087: ✅ 0 взято | 🗑️ 0 мусор
2026-06-02 03:01:02,156 | INFO     |   → 636/1087: ✅ 6 взято | 🗑️ 245 мусор
2026-06-02 03:01:02,156 | INFO     |   → 637/1087: ✅ 0 взято | 🗑️ 0 мусор
2026-06-02 03:01:02,156 | INFO     |   → 638/1087: ✅ 3 взято | 🗑️ 322 мусор
2026-06-02 03:01:02,156 | INFO     |   → 639/1087: ✅ 0 взято | 🗑️ 0 мусор
2026-06-02 03:01:02,156 | INFO     |   → 640/1087: ✅ 0 взято | 🗑️ 0 мусор
2026-06-02 03:01:02,156 | INFO     |   → 641/1087: ✅ 3 взято | 🗑️ 268 мусор
2026-06-02 03:01:02,157 | INFO     |   → 642/1087: ✅ 1 взято | 🗑️ 251 мусор
2026-06-02 03:01:02,157 | INFO     |   → 643/1087: ✅ 1 взято | 🗑️ 231 мусор
2026-06-02 03:01:02,157 | INFO     |   → 644/1087: ✅ 0 взято | 🗑️ 18 мусор
2026-06-02 03:01:02,157 | INFO     |   → 645/1087: ✅ 1 взято | 🗑️ 83 мусор
2026-06-02 03:01:02,157 | INFO     |   → 646/1087: ✅ 0 взято | 🗑️ 16 мусор
2026-06-02 03:01:02,157 | INFO     |   → 647/1087: ✅ 0 взято | 🗑️ 16 мусор
2026-06-02 03:01:02,157 | INFO     |   → 648/1087 ❌ HTTP 404 — https://raw.githubusercontent.com/aiboboxx/clashfree/main/clash.yml
2026-06-02 03:01:02,157 | INFO     |   → 649/1087 ❌ HTTP 404 — https://raw.githubusercontent.com/aiboboxx/v2rayfree/main/v2
2026-06-02 03:01:02,157 | INFO     |   → 650/1087 ❌ HTTP 404 — https://raw.githubusercontent.com/amirmohammad-mohammad-88/Sub-Reality-Azadi-config/Config/Azadi-Reality-Different
2026-06-02 03:01:02,157 | INFO     |   → 651/1087 ❌ HTTP 404 — https://raw.githubusercontent.com/amirmohammad-mohammad-88/Sub-Reality-Azadi-config/Config/Azadi-Reality-Different-Base64
2026-06-02 03:01:02,157 | INFO     |   → 652/1087: ✅ 1 взято | 🗑️ 17 мусор
2026-06-02 03:01:02,157 | INFO     |   → 653/1087: ✅ 0 взято | 🗑️ 0 мусор
2026-06-02 03:01:02,157 | INFO     |   → 654/1087: ✅ 4 взято | 🗑️ 114 мусор
2026-06-02 03:01:02,157 | INFO     |   → 655/1087: ✅ 23 взято | 🗑️ 69 мусор
2026-06-02 03:01:02,157 | INFO     |   → 656/1087 ❌ HTTP 404 — https://raw.githubusercontent.com/awesome-vpn/awesome-vpn/master/ss
2026-06-02 03:01:02,157 | INFO     |   → 657/1087 ❌ HTTP 404 — https://raw.githubusercontent.com/awesome-vpn/awesome-vpn/master/ssr
2026-06-02 03:01:02,157 | INFO     |   → 658/1087: ✅ 0 взято | 🗑️ 0 мусор
2026-06-02 03:01:02,158 | INFO     |   → 659/1087: ✅ 1 взято | 🗑️ 22 мусор
2026-06-02 03:01:02,158 | INFO     |   → 660/1087: ✅ 0 взято | 🗑️ 361 мусор
2026-06-02 03:01:02,158 | INFO     |   → 661/1087 ❌ HTTP 404 — https://raw.githubusercontent.com/barry-far/V2ray-Configs/ced94ddfff48276ec365b40227561f36b1b64bc8/Sub5.txt
2026-06-02 03:01:02,158 | INFO     |   → 662/1087 ❌ HTTP 404 — https://raw.githubusercontent.com/barry-far/V2ray-Configs/main/Splitted-By-Protocol/hysteria2.txt
2026-06-02 03:01:02,158 | INFO     |   → 663/1087 ❌ HTTP 404 — https://raw.githubusercontent.com/barry-far/V2ray-Configs/main/Splitted-By-Protocol/vless.txt
2026-06-02 03:01:02,158 | INFO     |   → 664/1087 ❌ HTTP 404 — https://raw.githubusercontent.com/barry-far/V2ray-Configs/main/Sub1.txt
2026-06-02 03:01:02,158 | INFO     |   → 665/1087 ❌ HTTP 404 — https://raw.githubusercontent.com/barry-far/V2ray-Configs/refs/heads/main/All_Configs_Sub.txt
2026-06-02 03:01:02,158 | INFO     |   → 666/1087: ✅ 0 взято | 🗑️ 0 мусор
2026-06-02 03:01:02,158 | INFO     |   → 667/1087 ❌ HTTP 404 — https://raw.githubusercontent.com/budamu/clashconfig/main/v2ray.txt
2026-06-02 03:01:02,158 | INFO     |   → 668/1087 ❌ HTTP 404 — https://raw.githubusercontent.com/budamu/clashconfig/main/v2ray2.txt
2026-06-02 03:01:02,158 | INFO     |   → 669/1087: ✅ 0 взято | 🗑️ 0 мусор
2026-06-02 03:01:02,158 | INFO     |   → 670/1087: ✅ 0 взято | 🗑️ 442 мусор
2026-06-02 03:01:02,158 | INFO     |   → 671/1087: ✅ 0 взято | 🗑️ 0 мусор
2026-06-02 03:01:02,158 | INFO     |   → 672/1087 ❌ HTTP 404 — https://raw.githubusercontent.com/chxxyz2004/zd/17fca23b73c46b5dd73e9be49b14d219b5e5f836/sub/2401/240110.txt
2026-06-02 03:01:02,158 | INFO     |   → 673/1087: ✅ 0 взято | 🗑️ 44 мусор
2026-06-02 03:01:02,158 | INFO     |   → 674/1087: ✅ 236 взято | 🗑️ 517 мусор
2026-06-02 03:01:02,159 | INFO     |   → 675/1087 ❌ HTTP 404 — https://raw.githubusercontent.com/cxr9912/cxr2022/main/free.yaml
2026-06-02 03:01:02,159 | INFO     |   → 676/1087 ❌ HTTP 404 — https://raw.githubusercontent.com/cxr9912/cxr2022/main/mix.yaml
2026-06-02 03:01:02,159 | INFO     |   → 677/1087 ❌ HTTP 404 — https://raw.githubusercontent.com/cxr9912/cxr2022/main/ss.yaml
2026-06-02 03:01:02,159 | INFO     |   → 678/1087 ❌ HTTP 404 — https://raw.githubusercontent.com/cxr9912/cxr2022/main/ssr.yaml
2026-06-02 03:01:02,159 | INFO     |   → 679/1087 ❌ HTTP 404 — https://raw.githubusercontent.com/cxr9912/cxr2022/main/vmess.yaml
2026-06-02 03:01:02,159 | INFO     |   → 680/1087 ❌ HTTP 404 — https://raw.githubusercontent.com/cxr9912/cxr2022/refs/heads/main/18cj.json
2026-06-02 03:01:02,159 | INFO     |   → 681/1087 ❌ HTTP 404 — https://raw.githubusercontent.com/cxr9912/cxr2022/refs/heads/main/aaaaaaaa.yaml
2026-06-02 03:01:02,159 | INFO     |   → 682/1087 ❌ HTTP 404 — https://raw.githubusercontent.com/cxr9912/cxr2022/refs/heads/main/free.yaml
2026-06-02 03:01:02,159 | INFO     |   → 683/1087 ❌ HTTP 404 — https://raw.githubusercontent.com/cxr9912/cxr2022/refs/heads/main/ss2088.txt
2026-06-02 03:01:02,159 | INFO     |   → 684/1087: ✅ 0 взято | 🗑️ 18 мусор
2026-06-02 03:01:02,159 | INFO     |   → 685/1087: ✅ 0 взято | 🗑️ 18 мусор
2026-06-02 03:01:02,159 | INFO     |   → 686/1087: ✅ 6 взято | 🗑️ 78 мусор
2026-06-02 03:01:02,159 | INFO     |   → 687/1087: ✅ 6 взято | 🗑️ 4 мусор
2026-06-02 03:01:02,159 | INFO     |   → 688/1087: ✅ 0 взято | 🗑️ 2 мусор
2026-06-02 03:01:02,159 | INFO     |   → 689/1087: ✅ 0 взято | 🗑️ 2 мусор
2026-06-02 03:01:02,159 | INFO     |   → 690/1087: ✅ 0 взято | 🗑️ 2 мусор
2026-06-02 03:01:02,160 | INFO     |   → 691/1087: ✅ 0 взято | 🗑️ 3 мусор
2026-06-02 03:01:02,160 | INFO     |   → 692/1087: ✅ 0 взято | 🗑️ 2 мусор
2026-06-02 03:01:02,160 | INFO     |   → 693/1087: ✅ 0 взято | 🗑️ 9 мусор
2026-06-02 03:01:02,160 | INFO     |   → 694/1087: ✅ 1 взято | 🗑️ 1 мусор
2026-06-02 03:01:02,160 | INFO     |   → 695/1087: ✅ 0 взято | 🗑️ 10 мусор
2026-06-02 03:01:02,160 | INFO     |   → 696/1087: ✅ 0 взято | 🗑️ 2 мусор
2026-06-02 03:01:02,160 | INFO     |   → 697/1087: ✅ 0 взято | 🗑️ 0 мусор
2026-06-02 03:01:02,160 | INFO     |   → 698/1087: ✅ 5906 взято | 🗑️ 119241 мусор
2026-06-02 03:01:02,160 | INFO     |   → 699/1087: ✅ 6 взято | 🗑️ 137 мусор
2026-06-02 03:01:02,160 | INFO     |   → 700/1087: ✅ 6 взято | 🗑️ 113 мусор
2026-06-02 03:01:02,160 | INFO     |   → 701/1087: ✅ 0 взято | 🗑️ 0 мусор
2026-06-02 03:01:02,160 | INFO     |   → 702/1087: ✅ 1 взято | 🗑️ 25 мусор
2026-06-02 03:01:02,160 | INFO     |   → 703/1087: ✅ 0 взято | 🗑️ 0 мусор
2026-06-02 03:01:02,160 | INFO     |   → 704/1087: ✅ 13 взято | 🗑️ 19 мусор
2026-06-02 03:01:02,160 | INFO     |   → 705/1087: ✅ 0 взято | 🗑️ 5 мусор
2026-06-02 03:01:02,160 | INFO     |   → 706/1087: ✅ 2 взято | 🗑️ 80 мусор
2026-06-02 03:01:02,161 | INFO     |   → 707/1087 ❌ HTTP 404 — https://raw.githubusercontent.com/free-nodes/v2rayfree/main/v2
2026-06-02 03:01:02,161 | INFO     |   → 708/1087 ❌ HTTP 404 — https://raw.githubusercontent.com/free-v2ray-config/trojan/main/trojan.txt
2026-06-02 03:01:02,161 | INFO     |   → 709/1087 ❌ HTTP 404 — https://raw.githubusercontent.com/free-v2ray-config/vless/main/vless.txt
2026-06-02 03:01:02,161 | INFO     |   → 710/1087 ❌ HTTP 404 — https://raw.githubusercontent.com/free-v2ray-config/vmess/main/vmess.txt
2026-06-02 03:01:02,161 | INFO     |   → 711/1087: ✅ 5 взято | 🗑️ 169 мусор
2026-06-02 03:01:02,161 | INFO     |   → 712/1087: ✅ 34 взято | 🗑️ 121 мусор
2026-06-02 03:01:02,161 | INFO     |   → 713/1087: ✅ 4 взято | 🗑️ 97 мусор
2026-06-02 03:01:02,161 | INFO     |   → 714/1087 ❌ HTTP 404 — https://raw.githubusercontent.com/free18/v2ray/main/Clash.yaml
2026-06-02 03:01:02,161 | INFO     |   → 715/1087: ✅ 0 взято | 🗑️ 0 мусор
2026-06-02 03:01:02,161 | INFO     |   → 716/1087: ✅ 0 взято | 🗑️ 15 мусор
2026-06-02 03:01:02,161 | INFO     |   → 717/1087: ✅ 0 взято | 🗑️ 0 мусор
2026-06-02 03:01:02,161 | INFO     |   → 718/1087: ✅ 0 взято | 🗑️ 8 мусор
2026-06-02 03:01:02,161 | INFO     |   → 719/1087: ✅ 0 взято | 🗑️ 8 мусор
2026-06-02 03:01:02,161 | INFO     |   → 720/1087: ✅ 0 взято | 🗑️ 8 мусор
2026-06-02 03:01:02,161 | INFO     |   → 721/1087: ✅ 0 взято | 🗑️ 8 мусор
2026-06-02 03:01:02,161 | INFO     |   → 722/1087 ❌ HTTP 404 — https://raw.githubusercontent.com/freev2rayconfig/V2RAY_SUB/3e6a7786a1601ee3723e8d043ae79e70dbdfd9a8/v2rayconfigs.txt
2026-06-02 03:01:02,162 | INFO     |   → 723/1087 ❌ HTTP 404 — https://raw.githubusercontent.com/freev2rayconfig/V2RAY_SUBSCRIPTION_LINK/main/v2rayconfigs.txt
2026-06-02 03:01:02,162 | INFO     |   → 724/1087 ❌ HTTP 404 — https://raw.githubusercontent.com/gfpcom/free-proxy-list/main/list/http.txt
2026-06-02 03:01:02,162 | INFO     |   → 725/1087 ❌ HTTP 404 — https://raw.githubusercontent.com/gfpcom/free-proxy-list/main/list/https.txt
2026-06-02 03:01:02,162 | INFO     |   → 726/1087 ❌ HTTP 404 — https://raw.githubusercontent.com/gfpcom/free-proxy-list/main/list/socks4.txt
2026-06-02 03:01:02,162 | INFO     |   → 727/1087 ❌ HTTP 404 — https://raw.githubusercontent.com/gfpcom/free-proxy-list/main/list/socks4a.txt
2026-06-02 03:01:02,162 | INFO     |   → 728/1087 ❌ HTTP 404 — https://raw.githubusercontent.com/gfpcom/free-proxy-list/main/list/socks5.txt
2026-06-02 03:01:02,162 | INFO     |   → 729/1087 ❌ HTTP 404 — https://raw.githubusercontent.com/gfpcom/free-proxy-list/main/list/socks5h.txt
2026-06-02 03:01:02,162 | INFO     |   → 730/1087 ❌ HTTP 404 — https://raw.githubusercontent.com/gfpcom/free-proxy-list/main/list/ss.txt
2026-06-02 03:01:02,162 | INFO     |   → 731/1087 ❌ HTTP 404 — https://raw.githubusercontent.com/gfpcom/free-proxy-list/main/list/ssr.txt
2026-06-02 03:01:02,162 | INFO     |   → 732/1087 ❌ HTTP 404 — https://raw.githubusercontent.com/gfpcom/free-proxy-list/main/list/trojan.txt
2026-06-02 03:01:02,162 | INFO     |   → 733/1087 ❌ HTTP 404 — https://raw.githubusercontent.com/gfpcom/free-proxy-list/main/list/vless.txt
2026-06-02 03:01:02,162 | INFO     |   → 734/1087 ❌ HTTP 404 — https://raw.githubusercontent.com/gfpcom/free-proxy-list/main/list/vmess.txt
2026-06-02 03:01:02,162 | INFO     |   → 735/1087: ✅ 0 взято | 🗑️ 17 мусор
2026-06-02 03:01:02,162 | INFO     |   → 736/1087: ✅ 0 взято | 🗑️ 0 мусор
2026-06-02 03:01:02,162 | INFO     |   → 737/1087: ✅ 4 взято | 🗑️ 63 мусор
2026-06-02 03:01:02,162 | INFO     |   → 738/1087 ❌ HTTP 404 — https://raw.githubusercontent.com/hameed-maleki/TVC/89a4522969c57dcc22458cae9898426e5c4f2679/lite/config.txt
2026-06-02 03:01:02,162 | INFO     |   → 739/1087: ✅ 5 взято | 🗑️ 132 мусор
2026-06-02 03:01:02,163 | INFO     |   → 740/1087: ✅ 0 взято | 🗑️ 56 мусор
2026-06-02 03:01:02,163 | INFO     |   → 741/1087 ❌ HTTP 404 — https://raw.githubusercontent.com/hkaa0/permalink/main/proxy/V2ray
2026-06-02 03:01:02,163 | INFO     |   → 742/1087 ❌ HTTP 404 — https://raw.githubusercontent.com/hkaa0/permalink/main/proxy/clash
2026-06-02 03:01:02,163 | INFO     |   → 743/1087 ❌ HTTP 404 — https://raw.githubusercontent.com/hkpc/Autoproxy/6cf946ddfc677a29062007e4b47d70674474baa7/sub/2401/240110.txt
2026-06-02 03:01:02,163 | INFO     |   → 744/1087 ❌ HTTP 404 — https://raw.githubusercontent.com/hkpc/V2ray-Configs/7d9aa0dabf947af180a7dd6302818ed37950531a/Sub1.txt
2026-06-02 03:01:02,163 | INFO     |   → 745/1087: ✅ 0 взято | 🗑️ 14 мусор
2026-06-02 03:01:02,163 | INFO     |   → 746/1087: ✅ 16 взято | 🗑️ 16 мусор
2026-06-02 03:01:02,163 | INFO     |   → 747/1087 ❌ HTTP 404 — https://raw.githubusercontent.com/iboxz/free-v2ray-collector/main/main
2026-06-02 03:01:02,163 | INFO     |   → 748/1087: ✅ 16 взято | 🗑️ 14 мусор
2026-06-02 03:01:02,163 | INFO     |   → 749/1087: ✅ 5 взято | 🗑️ 21 мусор
2026-06-02 03:01:02,163 | INFO     |   → 750/1087: ✅ 93 взято | 🗑️ 202 мусор
2026-06-02 03:01:02,163 | INFO     |   → 751/1087 ❌ HTTP 404 — https://raw.githubusercontent.com/igareck/vpn-configs-for-russia/refs/heads/main/Vless-Reality-White-Lists-Rus-Cable.txt
2026-06-02 03:01:02,163 | INFO     |   → 752/1087: ✅ 125 взято | 🗑️ 25 мусор
2026-06-02 03:01:02,163 | INFO     |   → 753/1087: ✅ 0 взято | 🗑️ 0 мусор
2026-06-02 03:01:02,163 | INFO     |   → 754/1087: ✅ 0 взято | 🗑️ 0 мусор
2026-06-02 03:01:02,163 | INFO     |   → 755/1087: ✅ 23 взято | 🗑️ 9 мусор
2026-06-02 03:01:02,164 | INFO     |   → 756/1087: ✅ 0 взято | 🗑️ 0 мусор
2026-06-02 03:01:02,164 | INFO     |   → 757/1087: ✅ 0 взято | 🗑️ 0 мусор
2026-06-02 03:01:02,164 | INFO     |   → 758/1087: ✅ 0 взято | 🗑️ 12 мусор
2026-06-02 03:01:02,164 | INFO     |   → 759/1087: ✅ 0 взято | 🗑️ 43 мусор
2026-06-02 03:01:02,164 | INFO     |   → 760/1087 ❌ HTTP 404 — https://raw.githubusercontent.com/jw853355718/clash_233/master/config.yml
2026-06-02 03:01:02,164 | INFO     |   → 761/1087: ✅ 0 взято | 🗑️ 210 мусор
2026-06-02 03:01:02,164 | INFO     |   → 762/1087: ✅ 0 взято | 🗑️ 0 мусор
2026-06-02 03:01:02,164 | INFO     |   → 763/1087: ✅ 0 взято | 🗑️ 0 мусор
2026-06-02 03:01:02,164 | INFO     |   → 764/1087 ❌ HTTP 404 — https://raw.githubusercontent.com/lcx12901/v2ray-/master/sspool.herokuapp.com/yzcloud.yaml
2026-06-02 03:01:02,164 | INFO     |   → 765/1087 ❌ HTTP 404 — https://raw.githubusercontent.com/lcx12901/v2ray-/master/sspool.herokuapp.com/yzcloud2.yaml
2026-06-02 03:01:02,164 | INFO     |   → 766/1087: ✅ 0 взято | 🗑️ 0 мусор
2026-06-02 03:01:02,164 | INFO     |   → 767/1087 ❌ HTTP 404 — https://raw.githubusercontent.com/learnhard-cn/free_proxy_ss/main/clash/config.yaml
2026-06-02 03:01:02,164 | INFO     |   → 768/1087: ✅ 0 взято | 🗑️ 8 мусор
2026-06-02 03:01:02,164 | INFO     |   → 769/1087: ✅ 0 взято | 🗑️ 4 мусор
2026-06-02 03:01:02,164 | INFO     |   → 770/1087: ✅ 0 взято | 🗑️ 0 мусор
2026-06-02 03:01:02,164 | INFO     |   → 771/1087: ✅ 0 взято | 🗑️ 4 мусор
2026-06-02 03:01:02,165 | INFO     |   → 772/1087: ✅ 0 взято | 🗑️ 149 мусор
2026-06-02 03:01:02,165 | INFO     |   → 773/1087: ✅ 0 взято | 🗑️ 421 мусор
2026-06-02 03:01:02,165 | INFO     |   → 774/1087 ❌ HTTP 404 — https://raw.githubusercontent.com/lisylva-lee/v2dyku/main/ssr
2026-06-02 03:01:02,165 | INFO     |   → 775/1087 ❌ HTTP 404 — https://raw.githubusercontent.com/lisylva-lee/v2dyku/main/v2dy
2026-06-02 03:01:02,165 | INFO     |   → 776/1087: ✅ 0 взято | 🗑️ 53 мусор
2026-06-02 03:01:02,165 | INFO     |   → 777/1087 ❌ HTTP 404 — https://raw.githubusercontent.com/luxl-1379/merge/77247d23def72b25226dfa741614e9b07a569c72/sub/sub_merge_base64.txt
2026-06-02 03:01:02,165 | INFO     |   → 778/1087: ✅ 146 взято | 🗑️ 343 мусор
2026-06-02 03:01:02,165 | INFO     |   → 779/1087: ✅ 0 взято | 🗑️ 131 мусор
2026-06-02 03:01:02,165 | INFO     |   → 780/1087: ✅ 743 взято | 🗑️ 3519 мусор
2026-06-02 03:01:02,165 | INFO     |   → 781/1087: ✅ 0 взято | 🗑️ 0 мусор
2026-06-02 03:01:02,165 | INFO     |   → 782/1087: ✅ 0 взято | 🗑️ 3519 мусор
2026-06-02 03:01:02,165 | INFO     |   → 783/1087: ✅ 20 взято | 🗑️ 370 мусор
2026-06-02 03:01:02,165 | INFO     |   → 784/1087 ❌ HTTP 404 — https://raw.githubusercontent.com/mermeroo/Clash-V2ray/main/v2ray
2026-06-02 03:01:02,165 | INFO     |   → 785/1087: ✅ 15 взято | 🗑️ 417 мусор
2026-06-02 03:01:02,165 | INFO     |   → 786/1087: ✅ 6 взято | 🗑️ 102 мусор
2026-06-02 03:01:02,165 | INFO     |   → 787/1087: ✅ 716 взято | 🗑️ 6258 мусор
2026-06-02 03:01:02,166 | INFO     |   → 788/1087: ✅ 8 взято | 🗑️ 853 мусор
2026-06-02 03:01:02,166 | INFO     |   → 789/1087: ✅ 32 взято | 🗑️ 69 мусор
2026-06-02 03:01:02,166 | INFO     |   → 790/1087 ❌ HTTP 404 — https://raw.githubusercontent.com/mermeroo/free-v2ray-collector/main/main/mix
2026-06-02 03:01:02,166 | INFO     |   → 791/1087 ❌ HTTP 404 — https://raw.githubusercontent.com/mermeroo/free-v2ray-collector/main/main/reality
2026-06-02 03:01:02,166 | INFO     |   → 792/1087 ❌ HTTP 404 — https://raw.githubusercontent.com/mermeroo/free-v2ray-collector/main/main/shadowsocks
2026-06-02 03:01:02,166 | INFO     |   → 793/1087 ❌ HTTP 404 — https://raw.githubusercontent.com/mermeroo/free-v2ray-collector/main/main/trojan
2026-06-02 03:01:02,166 | INFO     |   → 794/1087 ❌ HTTP 404 — https://raw.githubusercontent.com/mermeroo/free-v2ray-collector/main/main/vless
2026-06-02 03:01:02,166 | INFO     |   → 795/1087 ❌ HTTP 404 — https://raw.githubusercontent.com/mermeroo/free-v2ray-collector/main/main/vmess
2026-06-02 03:01:02,166 | INFO     |   → 796/1087 ❌ HTTP 404 — https://raw.githubusercontent.com/mfuu/v2ray/master/merge/merge.txt
2026-06-02 03:01:02,166 | INFO     |   → 797/1087: ✅ 0 взято | 🗑️ 52 мусор
2026-06-02 03:01:02,166 | INFO     |   → 798/1087: ✅ 0 взято | 🗑️ 52 мусор
2026-06-02 03:01:02,166 | INFO     |   → 799/1087: ✅ 666 взято | 🗑️ 14672 мусор
2026-06-02 03:01:02,166 | INFO     |   → 800/1087: ✅ 0 взято | 🗑️ 14672 мусор
2026-06-02 03:01:02,166 | INFO     |   → 801/1087: ✅ 0 взято | 🗑️ 2852 мусор
2026-06-02 03:01:02,166 | INFO     |   → 802/1087: ✅ 0 взято | 🗑️ 1938 мусор
2026-06-02 03:01:02,166 | INFO     |   → 803/1087: ✅ 0 взято | 🗑️ 5341 мусор
2026-06-02 03:01:02,166 | INFO     |   → 804/1087: ✅ 0 взято | 🗑️ 4541 мусор
2026-06-02 03:01:02,166 | INFO     |   → 805/1087 ❌ HTTP 404 — https://raw.githubusercontent.com/mianous/qiren/main/qiren.txt
2026-06-02 03:01:02,166 | INFO     |   → 806/1087 ❌ HTTP 404 — https://raw.githubusercontent.com/miladtahanian/V2RayCFGDumper/refs/heads/main/config.txt
2026-06-02 03:01:02,167 | INFO     |   → 807/1087 ❌ HTTP 404 — https://raw.githubusercontent.com/miladtahanian/multi-proxy-config-fetcher/refs/heads/main/configs/proxy_configs.txt
2026-06-02 03:01:02,167 | INFO     |   → 808/1087: ✅ 0 взято | 🗑️ 0 мусор
2026-06-02 03:01:02,167 | INFO     |   → 809/1087: ✅ 0 взято | 🗑️ 0 мусор
2026-06-02 03:01:02,167 | INFO     |   → 810/1087: ✅ 0 взято | 🗑️ 0 мусор
2026-06-02 03:01:02,167 | INFO     |   → 811/1087: ✅ 15 взято | 🗑️ 46 мусор
2026-06-02 03:01:02,167 | INFO     |   → 812/1087: ✅ 0 взято | 🗑️ 202 мусор
2026-06-02 03:01:02,167 | INFO     |   → 813/1087: ✅ 0 взято | 🗑️ 0 мусор
2026-06-02 03:01:02,167 | INFO     |   → 814/1087: ✅ 28 взято | 🗑️ 93 мусор
2026-06-02 03:01:02,167 | INFO     |   → 815/1087: ✅ 0 взято | 🗑️ 0 мусор
2026-06-02 03:01:02,167 | INFO     |   → 816/1087: ✅ 15 взято | 🗑️ 70 мусор
2026-06-02 03:01:02,167 | INFO     |   → 817/1087: ✅ 127 взято | 🗑️ 492 мусор
2026-06-02 03:01:02,167 | INFO     |   → 818/1087: ✅ 331 взято | 🗑️ 190 мусор
2026-06-02 03:01:02,167 | INFO     |   → 819/1087: ✅ 27 взято | 🗑️ 392 мусор
2026-06-02 03:01:02,167 | INFO     |   → 820/1087 ❌ HTTP 404 — https://raw.githubusercontent.com/obscure1990/freeVM/master/snippets/nodes.yml
2026-06-02 03:01:02,167 | INFO     |   → 821/1087 ❌ HTTP 404 — https://raw.githubusercontent.com/op30mmd/things/909b38024ba14d69dc0f95c238f63bc6e930a00f/eut.txt
2026-06-02 03:01:02,167 | INFO     |   → 822/1087 ❌ HTTP 404 — https://raw.githubusercontent.com/openRunner/clash-freenode/main/v2ray.txt
2026-06-02 03:01:02,167 | INFO     |   → 823/1087 ❌ HTTP 404 — https://raw.githubusercontent.com/oslook/clash-freenode/main/clash.yaml
2026-06-02 03:01:02,167 | INFO     |   → 824/1087: ✅ 0 взято | 🗑️ 0 мусор
2026-06-02 03:01:02,167 | INFO     |   → 825/1087: ✅ 4 взято | 🗑️ 1 мусор
2026-06-02 03:01:02,167 | INFO     |   → 826/1087: ✅ 0 взято | 🗑️ 0 мусор
2026-06-02 03:01:02,167 | INFO     |   → 827/1087: ✅ 26 взято | 🗑️ 64 мусор
2026-06-02 03:01:02,167 | INFO     |   → 828/1087: ✅ 0 взято | 🗑️ 0 мусор
2026-06-02 03:01:02,167 | INFO     |   → 829/1087: ✅ 0 взято | 🗑️ 0 мусор
2026-06-02 03:01:02,167 | INFO     |   → 830/1087: ✅ 0 взято | 🗑️ 19 мусор
2026-06-02 03:01:02,167 | INFO     |   → 831/1087: ✅ 0 взято | 🗑️ 44 мусор
2026-06-02 03:01:02,167 | INFO     |   → 832/1087: ✅ 63 взято | 🗑️ 521 мусор
2026-06-02 03:01:02,167 | INFO     |   → 833/1087: ✅ 165 взято | 🗑️ 273 мусор
2026-06-02 03:01:02,167 | INFO     |   → 834/1087: ✅ 0 взято | 🗑️ 0 мусор
2026-06-02 03:01:02,167 | INFO     |   → 835/1087: ✅ 28 взято | 🗑️ 211 мусор
2026-06-02 03:01:02,167 | INFO     |   → 836/1087: ✅ 0 взято | 🗑️ 79 мусор
2026-06-02 03:01:02,167 | INFO     |   → 837/1087: ✅ 13 взято | 🗑️ 32 мусор
2026-06-02 03:01:02,167 | INFO     |   → 838/1087: ✅ 0 взято | 🗑️ 0 мусор
2026-06-02 03:01:02,167 | INFO     |   → 839/1087: ✅ 2 взято | 🗑️ 9 мусор
2026-06-02 03:01:02,167 | INFO     |   → 840/1087: ✅ 11 взято | 🗑️ 76 мусор
2026-06-02 03:01:02,167 | INFO     |   → 841/1087: ✅ 0 взято | 🗑️ 168 мусор
2026-06-02 03:01:02,167 | INFO     |   → 842/1087: ✅ 0 взято | 🗑️ 79 мусор
2026-06-02 03:01:02,167 | INFO     |   → 843/1087: ✅ 0 взято | 🗑️ 15 мусор
2026-06-02 03:01:02,167 | INFO     |   → 844/1087 ❌ HTTP 404 — https://raw.githubusercontent.com/ronghuaxueleng/get_v2/main/pub/changfengoss.yaml
2026-06-02 03:01:02,168 | INFO     |   → 845/1087: ✅ 0 взято | 🗑️ 0 мусор
2026-06-02 03:01:02,168 | INFO     |   → 846/1087: ✅ 69 взято | 🗑️ 81 мусор
2026-06-02 03:01:02,168 | INFO     |   → 847/1087: ✅ 0 взято | 🗑️ 81 мусор
2026-06-02 03:01:02,168 | INFO     |   → 848/1087 ❌ HTTP 404 — https://raw.githubusercontent.com/rxsweet/CM_Vmess/refs/heads/main/test.txt
2026-06-02 03:01:02,168 | INFO     |   → 849/1087 ❌ HTTP 404 — https://raw.githubusercontent.com/rxsweet/proxies/main/sub/free.yaml
2026-06-02 03:01:02,168 | INFO     |   → 850/1087 ❌ HTTP 404 — https://raw.githubusercontent.com/rxsweet/proxies/main/sub/rx.yaml
2026-06-02 03:01:02,168 | INFO     |   → 851/1087 ❌ HTTP 404 — https://raw.githubusercontent.com/rxsweet/proxies/main/sub/sources/dynamicAll.yaml
2026-06-02 03:01:02,168 | INFO     |   → 852/1087 ❌ HTTP 404 — https://raw.githubusercontent.com/rxsweet/proxies/main/sub/sources/miningAll.yaml
2026-06-02 03:01:02,168 | INFO     |   → 853/1087 ❌ HTTP 404 — https://raw.githubusercontent.com/rxsweet/proxies/main/sub/srx.yaml
2026-06-02 03:01:02,168 | INFO     |   → 854/1087 ❌ HTTP 404 — https://raw.githubusercontent.com/sajad-sajadi/V2ray-Collector/raw/main/output/protocols/vmess.txt
2026-06-02 03:01:02,168 | INFO     |   → 855/1087 ❌ HTTP 404 — https://raw.githubusercontent.com/sakha1370/OpenRay/raw/refs/heads/main/output/all_valid_proxies.txt
2026-06-02 03:01:02,168 | INFO     |   → 856/1087: ✅ 53 взято | 🗑️ 399 мусор
2026-06-02 03:01:02,168 | INFO     |   → 857/1087: ✅ 0 взято | 🗑️ 399 мусор
2026-06-02 03:01:02,168 | INFO     |   → 858/1087 ❌ HTTP 404 — https://raw.githubusercontent.com/samjoeyang/subscribe/main/fly
2026-06-02 03:01:02,168 | INFO     |   → 859/1087: ✅ 0 взято | 🗑️ 0 мусор
2026-06-02 03:01:02,168 | INFO     |   → 860/1087 ❌ HTTP 404 — https://raw.githubusercontent.com/sarina-ad/v2ray/main/v2ray
2026-06-02 03:01:02,168 | INFO     |   → 861/1087 ❌ HTTP 404 — https://raw.githubusercontent.com/satrom/V2SSR/master/SSR/Sub.txt
2026-06-02 03:01:02,168 | INFO     |   → 862/1087 ❌ HTTP 404 — https://raw.githubusercontent.com/satrom/V2SSR/master/V2RAY/Sub.txt
2026-06-02 03:01:02,168 | INFO     |   → 863/1087: ✅ 4827 взято | 🗑️ 97817 мусор
2026-06-02 03:01:02,168 | INFO     |   → 864/1087: ✅ 0 взято | 🗑️ 0 мусор
2026-06-02 03:01:02,168 | INFO     |   → 865/1087: ✅ 0 взято | 🗑️ 0 мусор
2026-06-02 03:01:02,168 | INFO     |   → 866/1087: ✅ 3 взято | 🗑️ 49 мусор
2026-06-02 03:01:02,168 | INFO     |   → 867/1087: ✅ 246 взято | 🗑️ 1548 мусор
2026-06-02 03:01:02,168 | INFO     |   → 868/1087: ✅ 0 взято | 🗑️ 783 мусор
2026-06-02 03:01:02,168 | INFO     |   → 869/1087: ✅ 0 взято | 🗑️ 81 мусор
2026-06-02 03:01:02,168 | INFO     |   → 870/1087: ✅ 0 взято | 🗑️ 659 мусор
2026-06-02 03:01:02,168 | INFO     |   → 871/1087: ✅ 0 взято | 🗑️ 25 мусор
2026-06-02 03:01:02,168 | INFO     |   → 872/1087: ✅ 0 взято | 🗑️ 1548 мусор
2026-06-02 03:01:02,168 | INFO     |   → 873/1087: ✅ 0 взято | 🗑️ 0 мусор
2026-06-02 03:01:02,168 | INFO     |   → 874/1087 ❌ HTTP 404 — https://raw.githubusercontent.com/shirkerboy/scp/main/sub
2026-06-02 03:01:02,168 | INFO     |   → 875/1087 ❌ HTTP 404 — https://raw.githubusercontent.com/snakem982/proxypool/main/nodelist.txt
2026-06-02 03:01:02,168 | INFO     |   → 876/1087: ✅ 6 взято | 🗑️ 12 мусор
2026-06-02 03:01:02,168 | INFO     |   → 877/1087 ❌ HTTP 404 — https://raw.githubusercontent.com/snakem982/proxypool/main/source/v2ray.txt
2026-06-02 03:01:02,168 | INFO     |   → 878/1087 ❌ HTTP 404 — https://raw.githubusercontent.com/soroushmirzaei/telegram-configs-collector/main/channels/protocols/hysteria
2026-06-02 03:01:02,168 | INFO     |   → 879/1087 ❌ HTTP 404 — https://raw.githubusercontent.com/soroushmirzaei/telegram-configs-collector/main/channels/protocols/juicity
2026-06-02 03:01:02,168 | INFO     |   → 880/1087 ❌ HTTP 404 — https://raw.githubusercontent.com/soroushmirzaei/telegram-configs-collector/main/channels/protocols/reality
2026-06-02 03:01:02,168 | INFO     |   → 881/1087 ❌ HTTP 404 — https://raw.githubusercontent.com/soroushmirzaei/telegram-configs-collector/main/channels/protocols/shadowsocks
2026-06-02 03:01:02,168 | INFO     |   → 882/1087 ❌ HTTP 404 — https://raw.githubusercontent.com/soroushmirzaei/telegram-configs-collector/main/channels/protocols/trojan
2026-06-02 03:01:02,168 | INFO     |   → 883/1087 ❌ HTTP 404 — https://raw.githubusercontent.com/soroushmirzaei/telegram-configs-collector/main/channels/protocols/tuic
2026-06-02 03:01:02,168 | INFO     |   → 884/1087 ❌ HTTP 404 — https://raw.githubusercontent.com/soroushmirzaei/telegram-configs-collector/main/channels/protocols/vless
2026-06-02 03:01:02,168 | INFO     |   → 885/1087 ❌ HTTP 404 — https://raw.githubusercontent.com/soroushmirzaei/telegram-configs-collector/main/channels/protocols/vmess
2026-06-02 03:01:02,168 | INFO     |   → 886/1087 ❌ HTTP 404 — https://raw.githubusercontent.com/soroushmirzaei/telegram-configs-collector/main/countries/jp/mixed
2026-06-02 03:01:02,169 | INFO     |   → 887/1087 ❌ HTTP 404 — https://raw.githubusercontent.com/soroushmirzaei/telegram-configs-collector/main/protocols/hysteria
2026-06-02 03:01:02,169 | INFO     |   → 888/1087 ❌ HTTP 404 — https://raw.githubusercontent.com/soroushmirzaei/telegram-configs-collector/main/protocols/juicity
2026-06-02 03:01:02,169 | INFO     |   → 889/1087 ❌ HTTP 404 — https://raw.githubusercontent.com/soroushmirzaei/telegram-configs-collector/main/protocols/reality
2026-06-02 03:01:02,169 | INFO     |   → 890/1087 ❌ HTTP 404 — https://raw.githubusercontent.com/soroushmirzaei/telegram-configs-collector/main/protocols/shadowsocks
2026-06-02 03:01:02,169 | INFO     |   → 891/1087 ❌ HTTP 404 — https://raw.githubusercontent.com/soroushmirzaei/telegram-configs-collector/main/protocols/trojan
2026-06-02 03:01:02,169 | INFO     |   → 892/1087 ❌ HTTP 404 — https://raw.githubusercontent.com/soroushmirzaei/telegram-configs-collector/main/protocols/tuic
2026-06-02 03:01:02,169 | INFO     |   → 893/1087 ❌ HTTP 404 — https://raw.githubusercontent.com/soroushmirzaei/telegram-configs-collector/main/protocols/vless
2026-06-02 03:01:02,169 | INFO     |   → 894/1087 ❌ HTTP 404 — https://raw.githubusercontent.com/soroushmirzaei/telegram-configs-collector/main/protocols/vmess
2026-06-02 03:01:02,169 | INFO     |   → 895/1087 ❌ HTTP 404 — https://raw.githubusercontent.com/soroushmirzaei/telegram-configs-collector/main/splitted/subscribe
2026-06-02 03:01:02,169 | INFO     |   → 896/1087 ❌ HTTP 404 — https://raw.githubusercontent.com/ssrsub/ssr/master/Clash.yml
2026-06-02 03:01:02,169 | INFO     |   → 897/1087 ❌ HTTP 404 — https://raw.githubusercontent.com/ssrsub/ssr/master/V2Ray
2026-06-02 03:01:02,169 | INFO     |   → 898/1087 ❌ HTTP 404 — https://raw.githubusercontent.com/ssrsub/ssr/master/ss-sub
2026-06-02 03:01:02,169 | INFO     |   → 899/1087 ❌ HTTP 404 — https://raw.githubusercontent.com/ssrsub/ssr/master/ssrsub
2026-06-02 03:01:02,169 | INFO     |   → 900/1087 ❌ HTTP 404 — https://raw.githubusercontent.com/ssrsub/ssr/master/trojan
2026-06-02 03:01:02,169 | INFO     |   → 901/1087: ✅ 0 взято | 🗑️ 0 мусор
2026-06-02 03:01:02,169 | INFO     |   → 902/1087: ✅ 2 взято | 🗑️ 12 мусор
2026-06-02 03:01:02,169 | INFO     |   → 903/1087: ✅ 0 взято | 🗑️ 13 мусор
2026-06-02 03:01:02,169 | INFO     |   → 904/1087: ✅ 0 взято | 🗑️ 13 мусор
2026-06-02 03:01:02,169 | INFO     |   → 905/1087 ❌ HTTP 404 — https://raw.githubusercontent.com/tbbatbb/Proxy/master/dist/clash.config.yaml
2026-06-02 03:01:02,169 | INFO     |   → 906/1087: ✅ 2 взято | 🗑️ 35 мусор
2026-06-02 03:01:02,169 | INFO     |   → 907/1087: ✅ 0 взято | 🗑️ 0 мусор
2026-06-02 03:01:02,169 | INFO     |   → 908/1087: ✅ 5 взято | 🗑️ 111 мусор
2026-06-02 03:01:02,169 | INFO     |   → 909/1087: ✅ 0 взято | 🗑️ 0 мусор
2026-06-02 03:01:02,169 | INFO     |   → 910/1087: ✅ 0 взято | 🗑️ 58 мусор
2026-06-02 03:01:02,169 | INFO     |   → 911/1087 ❌ HTTP 404 — https://raw.githubusercontent.com/v2clash/Autoproxy/a81f840ab2364124133572ec94e4b81fb0d4e58d/sub/2401/240104.txt
2026-06-02 03:01:02,169 | INFO     |   → 912/1087 ❌ HTTP 404 — https://raw.githubusercontent.com/v2clash/V2ray-Configs/31f493c584d0c7b56350f4a34d80c53ad82bcc18/Sub9.txt
2026-06-02 03:01:02,169 | INFO     |   → 913/1087: ✅ 0 взято | 🗑️ 0 мусор
2026-06-02 03:01:02,169 | INFO     |   → 914/1087: ✅ 0 взято | 🗑️ 0 мусор
2026-06-02 03:01:02,169 | INFO     |   → 915/1087: ✅ 0 взято | 🗑️ 0 мусор
2026-06-02 03:01:02,169 | INFO     |   → 916/1087: ✅ 283 взято | 🗑️ 9640 мусор
2026-06-02 03:01:02,169 | INFO     |   → 917/1087: ✅ 281 взято | 🗑️ 10086 мусор
2026-06-02 03:01:02,169 | INFO     |   → 918/1087: ✅ 280 взято | 🗑️ 9675 мусор
2026-06-02 03:01:02,169 | INFO     |   → 919/1087: ✅ 334 взято | 🗑️ 9823 мусор
2026-06-02 03:01:02,169 | INFO     |   → 920/1087: ✅ 350 взято | 🗑️ 9639 мусор
2026-06-02 03:01:02,169 | INFO     |   → 921/1087: ✅ 125 взято | 🗑️ 7919 мусор
2026-06-02 03:01:02,169 | INFO     |   → 922/1087: ✅ 135 взято | 🗑️ 4836 мусор
2026-06-02 03:01:02,169 | INFO     |   → 923/1087: ✅ 502 взято | 🗑️ 7659 мусор
2026-06-02 03:01:02,170 | INFO     |   → 924/1087: ✅ 631 взято | 🗑️ 8081 мусор
2026-06-02 03:01:02,170 | INFO     |   → 925/1087: ✅ 202 взято | 🗑️ 5131 мусор
2026-06-02 03:01:02,170 | INFO     |   → 926/1087 ❌ HTTP 404 — https://raw.githubusercontent.com/vveg26/chromego_merge/main/sub/merged_proxies.yaml
2026-06-02 03:01:02,170 | INFO     |   → 927/1087 ❌ HTTP 404 — https://raw.githubusercontent.com/vveg26/get_proxy/main/dist/clash.config.yaml
2026-06-02 03:01:02,170 | INFO     |   → 928/1087: ✅ 0 взято | 🗑️ 10 мусор
2026-06-02 03:01:02,170 | INFO     |   → 929/1087: ✅ 0 взято | 🗑️ 10 мусор
2026-06-02 03:01:02,170 | INFO     |   → 930/1087: ✅ 0 взято | 🗑️ 4 мусор
2026-06-02 03:01:02,170 | INFO     |   → 931/1087: ✅ 0 взято | 🗑️ 0 мусор
2026-06-02 03:01:02,170 | INFO     |   → 932/1087: ✅ 0 взято | 🗑️ 4 мусор
2026-06-02 03:01:02,170 | INFO     |   → 933/1087: ✅ 106 взято | 🗑️ 689 мусор
2026-06-02 03:01:02,170 | INFO     |   → 934/1087: ✅ 48 взято | 🗑️ 841 мусор
2026-06-02 03:01:02,170 | INFO     |   → 935/1087: ✅ 21 взято | 🗑️ 789 мусор
2026-06-02 03:01:02,170 | INFO     |   → 936/1087: ✅ 24 взято | 🗑️ 774 мусор
2026-06-02 03:01:02,170 | INFO     |   → 937/1087: ✅ 52 взято | 🗑️ 756 мусор
2026-06-02 03:01:02,170 | INFO     |   → 938/1087: ✅ 191 взято | 🗑️ 745 мусор
2026-06-02 03:01:02,170 | INFO     |   → 939/1087: ✅ 9 взято | 🗑️ 651 мусор
2026-06-02 03:01:02,170 | INFO     |   → 940/1087: ✅ 185 взято | 🗑️ 388 мусор
2026-06-02 03:01:02,170 | INFO     |   → 941/1087: ✅ 130 взято | 🗑️ 523 мусор
2026-06-02 03:01:02,170 | INFO     |   → 942/1087: ✅ 67 взято | 🗑️ 533 мусор
2026-06-02 03:01:02,170 | INFO     |   → 943/1087: ✅ 98 взято | 🗑️ 444 мусор
2026-06-02 03:01:02,170 | INFO     |   → 944/1087: ✅ 102 взято | 🗑️ 670 мусор
2026-06-02 03:01:02,170 | INFO     |   → 945/1087: ✅ 86 взято | 🗑️ 476 мусор
2026-06-02 03:01:02,170 | INFO     |   → 946/1087: ✅ 95 взято | 🗑️ 657 мусор
2026-06-02 03:01:02,170 | INFO     |   → 947/1087: ✅ 105 взято | 🗑️ 645 мусор
2026-06-02 03:01:02,170 | INFO     |   → 948/1087: ✅ 115 взято | 🗑️ 985 мусор
2026-06-02 03:01:02,170 | INFO     |   → 949/1087: ✅ 6 взято | 🗑️ 63 мусор
2026-06-02 03:01:02,170 | INFO     |   → 950/1087: ✅ 7 взято | 🗑️ 62 мусор
2026-06-02 03:01:02,170 | INFO     |   → 951/1087: ✅ 39 взято | 🗑️ 489 мусор
2026-06-02 03:01:02,170 | INFO     |   → 952/1087: ✅ 0 взято | 🗑️ 0 мусор
2026-06-02 03:01:02,170 | INFO     |   → 953/1087: ✅ 0 взято | 🗑️ 0 мусор
2026-06-02 03:01:02,170 | INFO     |   → 954/1087: ✅ 0 взято | 🗑️ 0 мусор
2026-06-02 03:01:02,170 | INFO     |   → 955/1087: ✅ 0 взято | 🗑️ 0 мусор
2026-06-02 03:01:02,170 | INFO     |   → 956/1087: ✅ 0 взято | 🗑️ 0 мусор
2026-06-02 03:01:02,170 | INFO     |   → 957/1087: ✅ 0 взято | 🗑️ 52 мусор
2026-06-02 03:01:02,170 | INFO     |   → 958/1087: ✅ 5 взято | 🗑️ 10 мусор
2026-06-02 03:01:02,170 | INFO     |   → 959/1087: ✅ 1 взято | 🗑️ 124 мусор
2026-06-02 03:01:02,170 | INFO     |   → 960/1087: ✅ 183 взято | 🗑️ 141 мусор
2026-06-02 03:01:02,170 | INFO     |   → 961/1087: ✅ 0 взято | 🗑️ 9 мусор
2026-06-02 03:01:02,170 | INFO     |   → 962/1087: ✅ 67 взято | 🗑️ 2081 мусор
2026-06-02 03:01:02,171 | INFO     |   → 963/1087 ❌ HTTP 404 — https://raw.githubusercontent.com/xiaozhu2007/xiaozhu2007/61a755a044dbaeea678bc2d1e20f21a21c6d7170/docs/fxxk.txt
2026-06-02 03:01:02,171 | INFO     |   → 964/1087: ✅ 1 взято | 🗑️ 159 мусор
2026-06-02 03:01:02,171 | INFO     |   → 965/1087: ✅ 0 взято | 🗑️ 22 мусор
2026-06-02 03:01:02,171 | INFO     |   → 966/1087: ✅ 0 взято | 🗑️ 0 мусор
2026-06-02 03:01:02,171 | INFO     |   → 967/1087 ❌ HTTP 404 — https://raw.githubusercontent.com/yebekhe/TVC/0f745f92bf381e505f1245abbc7c145b19b11503/config.txt
2026-06-02 03:01:02,171 | INFO     |   → 968/1087 ❌ HTTP 404 — https://raw.githubusercontent.com/yebekhe/TVC/9fac69239c69327fb7a61f5a8d79d107133889e1/lite/config.txt
2026-06-02 03:01:02,171 | INFO     |   → 969/1087 ❌ HTTP 404 — https://raw.githubusercontent.com/yebekhe/TelegramV2rayCollector/main/sub/normal/donated
2026-06-02 03:01:02,171 | INFO     |   → 970/1087 ❌ HTTP 404 — https://raw.githubusercontent.com/yebekhe/TelegramV2rayCollector/main/sub/normal/hysteria2
2026-06-02 03:01:02,171 | INFO     |   → 971/1087 ❌ HTTP 404 — https://raw.githubusercontent.com/yebekhe/TelegramV2rayCollector/main/sub/normal/mix
2026-06-02 03:01:02,171 | INFO     |   → 972/1087 ❌ HTTP 404 — https://raw.githubusercontent.com/yebekhe/TelegramV2rayCollector/main/sub/normal/reality
2026-06-02 03:01:02,171 | INFO     |   → 973/1087 ❌ HTTP 404 — https://raw.githubusercontent.com/yebekhe/TelegramV2rayCollector/main/sub/normal/shadowsocks
2026-06-02 03:01:02,171 | INFO     |   → 974/1087 ❌ HTTP 404 — https://raw.githubusercontent.com/yebekhe/TelegramV2rayCollector/main/sub/normal/trojan
2026-06-02 03:01:02,171 | INFO     |   → 975/1087 ❌ HTTP 404 — https://raw.githubusercontent.com/yebekhe/TelegramV2rayCollector/main/sub/normal/tuic
2026-06-02 03:01:02,171 | INFO     |   → 976/1087 ❌ HTTP 404 — https://raw.githubusercontent.com/yebekhe/TelegramV2rayCollector/main/sub/normal/vless
2026-06-02 03:01:02,171 | INFO     |   → 977/1087 ❌ HTTP 404 — https://raw.githubusercontent.com/yebekhe/TelegramV2rayCollector/main/sub/normal/vmess
2026-06-02 03:01:02,171 | INFO     |   → 978/1087 ❌ HTTP 404 — https://raw.githubusercontent.com/yebekhe/V2Hub/main/Split/Normal/shadowsocks
2026-06-02 03:01:02,171 | INFO     |   → 979/1087 ❌ HTTP 404 — https://raw.githubusercontent.com/yebekhe/V2Hub/main/merged
2026-06-02 03:01:02,171 | INFO     |   → 980/1087: ✅ 0 взято | 🗑️ 30 мусор
2026-06-02 03:01:02,171 | INFO     |   → 981/1087: ✅ 969 взято | 🗑️ 8177 мусор
2026-06-02 03:01:02,171 | INFO     |   → 982/1087: ✅ 8 взято | 🗑️ 370 мусор
2026-06-02 03:01:02,171 | INFO     |   → 983/1087: ✅ 13 взято | 🗑️ 338 мусор
2026-06-02 03:01:02,171 | INFO     |   → 984/1087: ✅ 250 взято | 🗑️ 318 мусор
2026-06-02 03:01:02,171 | INFO     |   → 985/1087: ✅ 131 взято | 🗑️ 1458 мусор
2026-06-02 03:01:02,171 | INFO     |   → 986/1087: ✅ 1 взято | 🗑️ 394 мусор
2026-06-02 03:01:02,172 | INFO     |   → 987/1087 ❌ HTTP 404 — https://raw.githubusercontent.com/yyyr-otz/tele-providers-collector/019cb3e07ee52fddbc7caa54fc670c6b9bae6539/sub/proxies.txt
2026-06-02 03:01:02,172 | INFO     |   → 988/1087 ❌ HTTP 404 — https://raw.githubusercontent.com/yyyr-otz/tele-providers-collector/b7a74ee98bcf02c5a507d688a1bed3aa9f7f4ed1/script/raw/protocols/mixed.txt
2026-06-02 03:01:02,172 | INFO     |   → 989/1087: ✅ 0 взято | 🗑️ 0 мусор
2026-06-02 03:01:02,172 | INFO     |   → 990/1087: ✅ 0 взято | 🗑️ 0 мусор
2026-06-02 03:01:02,172 | INFO     |   → 991/1087: ✅ 1 взято | 🗑️ 18 мусор
2026-06-02 03:01:02,172 | INFO     |   → 992/1087: ✅ 0 взято | 🗑️ 23 мусор
2026-06-02 03:01:02,172 | INFO     |   → 993/1087: ✅ 0 взято | 🗑️ 5 мусор
2026-06-02 03:01:02,172 | INFO     |   → 994/1087: ✅ 0 взято | 🗑️ 0 мусор
2026-06-02 03:01:02,172 | INFO     |   → 995/1087 ⚠️ Ошибка: ('Connection aborted.', RemoteDisconnected('Remote end closed connection without response')) — https://sub.pmsub.me/clash.yaml
2026-06-02 03:01:02,172 | INFO     |   → 996/1087: ✅ 0 взято | 🗑️ 1 мусор
2026-06-02 03:01:02,172 | INFO     |   → 997/1087: ✅ 8 взято | 🗑️ 21 мусор
2026-06-02 03:01:02,172 | INFO     |   → 998/1087: ✅ 0 взято | 🗑️ 0 мусор
2026-06-02 03:01:02,172 | INFO     |   → 999/1087: ✅ 9 взято | 🗑️ 19 мусор
2026-06-02 03:01:02,172 | INFO     |   → 1000/1087: ✅ 0 взято | 🗑️ 0 мусор
2026-06-02 03:01:02,172 | INFO     |   → 1001/1087: ✅ 2 взято | 🗑️ 14 мусор
2026-06-02 03:01:02,172 | INFO     |   → 1002/1087: ✅ 4 взято | 🗑️ 22 мусор
2026-06-02 03:01:02,172 | INFO     |   → 1003/1087: ✅ 0 взято | 🗑️ 0 мусор
2026-06-02 03:01:02,172 | INFO     |   → 1004/1087: ✅ 0 взято | 🗑️ 0 мусор
2026-06-02 03:01:02,172 | INFO     |   → 1005/1087: ✅ 0 взято | 🗑️ 0 мусор
2026-06-02 03:01:02,172 | INFO     |   → 1006/1087: ✅ 2 взято | 🗑️ 16 мусор
2026-06-02 03:01:02,172 | INFO     |   → 1007/1087: ✅ 0 взято | 🗑️ 0 мусор
2026-06-02 03:01:02,172 | INFO     |   → 1008/1087: ✅ 4 взято | 🗑️ 7 мусор
2026-06-02 03:01:02,172 | INFO     |   → 1009/1087: ✅ 0 взято | 🗑️ 0 мусор
2026-06-02 03:01:02,173 | INFO     |   → 1010/1087: ✅ 6 взято | 🗑️ 14 мусор
2026-06-02 03:01:02,173 | INFO     |   → 1011/1087: ✅ 0 взято | 🗑️ 0 мусор
2026-06-02 03:01:02,173 | INFO     |   → 1012/1087: ✅ 2 взято | 🗑️ 13 мусор
2026-06-02 03:01:02,173 | INFO     |   → 1013/1087: ✅ 0 взято | 🗑️ 0 мусор
2026-06-02 03:01:02,173 | INFO     |   → 1014/1087: ✅ 0 взято | 🗑️ 0 мусор
2026-06-02 03:01:02,173 | INFO     |   → 1015/1087: ✅ 2 взято | 🗑️ 7 мусор
2026-06-02 03:01:02,173 | INFO     |   → 1016/1087: ✅ 1 взято | 🗑️ 14 мусор
2026-06-02 03:01:02,173 | INFO     |   → 1017/1087: ✅ 2 взято | 🗑️ 14 мусор
2026-06-02 03:01:02,173 | INFO     |   → 1018/1087: ✅ 0 взято | 🗑️ 0 мусор
2026-06-02 03:01:02,173 | INFO     |   → 1019/1087: ✅ 3 взято | 🗑️ 22 мусор
2026-06-02 03:01:02,173 | INFO     |   → 1020/1087: ✅ 0 взято | 🗑️ 0 мусор
2026-06-02 03:01:02,173 | INFO     |   → 1021/1087: ✅ 2 взято | 🗑️ 15 мусор
2026-06-02 03:01:02,173 | INFO     |   → 1022/1087: ✅ 3 взято | 🗑️ 12 мусор
2026-06-02 03:01:02,173 | INFO     |   → 1023/1087: ✅ 0 взято | 🗑️ 0 мусор
2026-06-02 03:01:02,173 | INFO     |   → 1024/1087: ✅ 0 взято | 🗑️ 0 мусор
2026-06-02 03:01:02,173 | INFO     |   → 1025/1087: ✅ 0 взято | 🗑️ 0 мусор
2026-06-02 03:01:02,173 | INFO     |   → 1026/1087: ✅ 4 взято | 🗑️ 11 мусор
2026-06-02 03:01:02,173 | INFO     |   → 1027/1087: ✅ 10 взято | 🗑️ 15 мусор
2026-06-02 03:01:02,173 | INFO     |   → 1028/1087: ✅ 0 взято | 🗑️ 0 мусор
2026-06-02 03:01:02,173 | INFO     |   → 1029/1087: ✅ 13 взято | 🗑️ 15 мусор
2026-06-02 03:01:02,173 | INFO     |   → 1030/1087: ✅ 0 взято | 🗑️ 0 мусор
2026-06-02 03:01:02,173 | INFO     |   → 1031/1087: ✅ 5 взято | 🗑️ 15 мусор
2026-06-02 03:01:02,173 | INFO     |   → 1032/1087: ✅ 0 взято | 🗑️ 0 мусор
2026-06-02 03:01:02,173 | INFO     |   → 1033/1087: ✅ 8 взято | 🗑️ 16 мусор
2026-06-02 03:01:02,173 | INFO     |   → 1034/1087: ✅ 0 взято | 🗑️ 0 мусор
2026-06-02 03:01:02,173 | INFO     |   → 1035/1087: ✅ 0 взято | 🗑️ 24 мусор
2026-06-02 03:01:02,173 | INFO     |   → 1036/1087: ✅ 0 взято | 🗑️ 0 мусор
2026-06-02 03:01:02,173 | INFO     |   → 1037/1087: ✅ 4 взято | 🗑️ 17 мусор
2026-06-02 03:01:02,173 | INFO     |   → 1038/1087: ✅ 0 взято | 🗑️ 0 мусор
2026-06-02 03:01:02,173 | INFO     |   → 1039/1087: ✅ 12 взято | 🗑️ 18 мусор
2026-06-02 03:01:02,173 | INFO     |   → 1040/1087: ✅ 0 взято | 🗑️ 0 мусор
2026-06-02 03:01:02,173 | INFO     |   → 1041/1087: ✅ 2 взято | 🗑️ 17 мусор
2026-06-02 03:01:02,173 | INFO     |   → 1042/1087: ✅ 0 взято | 🗑️ 0 мусор
2026-06-02 03:01:02,173 | INFO     |   → 1043/1087: ✅ 1 взято | 🗑️ 27 мусор
2026-06-02 03:01:02,173 | INFO     |   → 1044/1087: ✅ 0 взято | 🗑️ 0 мусор
2026-06-02 03:01:02,173 | INFO     |   → 1045/1087: ✅ 4 взято | 🗑️ 15 мусор
2026-06-02 03:01:02,173 | INFO     |   → 1046/1087: ✅ 0 взято | 🗑️ 0 мусор
2026-06-02 03:01:02,173 | INFO     |   → 1047/1087: ✅ 4 взято | 🗑️ 26 мусор
2026-06-02 03:01:02,173 | INFO     |   → 1048/1087: ✅ 0 взято | 🗑️ 0 мусор
2026-06-02 03:01:02,174 | INFO     |   → 1049/1087: ✅ 3 взято | 🗑️ 21 мусор
2026-06-02 03:01:02,174 | INFO     |   → 1050/1087: ✅ 0 взято | 🗑️ 0 мусор
2026-06-02 03:01:02,174 | INFO     |   → 1051/1087: ✅ 8 взято | 🗑️ 12 мусор
2026-06-02 03:01:02,174 | INFO     |   → 1052/1087: ✅ 0 взято | 🗑️ 0 мусор
2026-06-02 03:01:02,174 | INFO     |   → 1053/1087: ✅ 8 взято | 🗑️ 15 мусор
2026-06-02 03:01:02,174 | INFO     |   → 1054/1087: ✅ 0 взято | 🗑️ 0 мусор
2026-06-02 03:01:02,174 | INFO     |   → 1055/1087: ✅ 10 взято | 🗑️ 14 мусор
2026-06-02 03:01:02,174 | INFO     |   → 1056/1087: ✅ 0 взято | 🗑️ 0 мусор
2026-06-02 03:01:02,174 | INFO     |   → 1057/1087: ✅ 5 взято | 🗑️ 18 мусор
2026-06-02 03:01:02,174 | INFO     |   → 1058/1087: ✅ 0 взято | 🗑️ 0 мусор
2026-06-02 03:01:02,174 | INFO     |   → 1059/1087: ✅ 5 взято | 🗑️ 22 мусор
2026-06-02 03:01:02,174 | INFO     |   → 1060/1087: ✅ 0 взято | 🗑️ 0 мусор
2026-06-02 03:01:02,174 | INFO     |   → 1061/1087: ✅ 5 взято | 🗑️ 18 мусор
2026-06-02 03:01:02,174 | INFO     |   → 1062/1087: ✅ 0 взято | 🗑️ 0 мусор
2026-06-02 03:01:02,174 | INFO     |   → 1063/1087: ✅ 1 взято | 🗑️ 23 мусор
2026-06-02 03:01:02,174 | INFO     |   → 1064/1087: ✅ 0 взято | 🗑️ 0 мусор
2026-06-02 03:01:02,174 | INFO     |   → 1065/1087: ✅ 6 взято | 🗑️ 18 мусор
2026-06-02 03:01:02,175 | INFO     |   → 1066/1087: ✅ 0 взято | 🗑️ 0 мусор
2026-06-02 03:01:02,175 | INFO     |   → 1067/1087: ✅ 17 взято | 🗑️ 7 мусор
2026-06-02 03:01:02,175 | INFO     |   → 1068/1087: ✅ 0 взято | 🗑️ 0 мусор
2026-06-02 03:01:02,175 | INFO     |   → 1069/1087: ✅ 4 взято | 🗑️ 17 мусор
2026-06-02 03:01:02,175 | INFO     |   → 1070/1087: ✅ 0 взято | 🗑️ 0 мусор
2026-06-02 03:01:02,175 | INFO     |   → 1071/1087: ✅ 7 взято | 🗑️ 14 мусор
2026-06-02 03:01:02,175 | INFO     |   → 1072/1087: ✅ 0 взято | 🗑️ 0 мусор
2026-06-02 03:01:02,175 | INFO     |   → 1073/1087: ✅ 7 взято | 🗑️ 14 мусор
2026-06-02 03:01:02,175 | INFO     |   → 1074/1087: ✅ 0 взято | 🗑️ 0 мусор
2026-06-02 03:01:02,175 | INFO     |   → 1075/1087: ✅ 9 взято | 🗑️ 11 мусор
2026-06-02 03:01:02,175 | INFO     |   → 1076/1087: ✅ 0 взято | 🗑️ 0 мусор
2026-06-02 03:01:02,175 | INFO     |   → 1077/1087: ✅ 0 взято | 🗑️ 22 мусор
2026-06-02 03:01:02,175 | INFO     |   → 1078/1087: ✅ 0 взято | 🗑️ 0 мусор
2026-06-02 03:01:02,175 | INFO     |   → 1079/1087: ✅ 3 взято | 🗑️ 12 мусор
2026-06-02 03:01:02,175 | INFO     |   → 1080/1087: ✅ 0 взято | 🗑️ 0 мусор
2026-06-02 03:01:02,175 | INFO     |   → 1081/1087: ✅ 0 взято | 🗑️ 7 мусор
2026-06-02 03:01:02,175 | INFO     |   → 1082/1087: ✅ 0 взято | 🗑️ 0 мусор
2026-06-02 03:01:02,175 | INFO     |   → 1083/1087: ✅ 3 взято | 🗑️ 8 мусор
2026-06-02 03:01:02,176 | INFO     |   → 1084/1087: ✅ 0 взято | 🗑️ 0 мусор
2026-06-02 03:01:02,176 | INFO     |   → 1085/1087: ✅ 6 взято | 🗑️ 12 мусор
2026-06-02 03:01:02,176 | INFO     |   → 1086/1087: ✅ 0 взято | 🗑️ 0 мусор
2026-06-02 03:01:02,176 | INFO     |   → 1087/1087: ✅ 1 взято | 🗑️ 24 мусор
2026-06-02 03:01:02,176 | INFO     |   → ✅ ГОТОВО!
2026-06-02 03:01:02,176 | INFO     |   →    📥 Всего ключей после фильтра: 29843
2026-06-02 03:01:02,176 | INFO     |   →    🔗 Уникальных IP:PORT:SCHEME: 11565
2026-06-02 03:01:02,176 | INFO     |   →    🗑️ Выброшено мусора: 508147
2026-06-02 03:01:02,176 | INFO     |   → 📊 По протоколам:
2026-06-02 03:01:02,176 | INFO     |   →    vless: 4508
2026-06-02 03:01:02,176 | INFO     |   →    vmess: 3500
2026-06-02 03:01:02,176 | INFO     |   →    trojan: 1423
2026-06-02 03:01:02,176 | INFO     |   →    ss: 1968
2026-06-02 03:01:02,176 | INFO     |   →    hysteria: 13
2026-06-02 03:01:02,176 | INFO     |   →    hysteria2: 40
2026-06-02 03:01:02,176 | INFO     |   →    hy2: 61
2026-06-02 03:01:02,176 | INFO     |   →    tuic: 52
2026-06-02 03:01:02,176 | INFO     | ✅ mirror.py завершён успешно
2026-06-02 03:01:02,177 | INFO     | 
2026-06-02 03:01:02,177 | INFO     | 
2026-06-02 03:01:02,177 | INFO     | ──────────────────────────────────────────────────────────────────────
2026-06-02 03:01:02,177 | INFO     | 📌 ЭТАП: Фильтрация по реальному SNI
2026-06-02 03:01:02,177 | INFO     | ──────────────────────────────────────────────────────────────────────
2026-06-02 03:01:02,177 | INFO     | 🚀 Запуск filter_ru_sni.py (Фильтр по реальному SNI (CDN+RU))...
2026-06-02 03:01:02,461 | INFO     |   → hy2.txt: 61 → 19 (SNI-filtered)
2026-06-02 03:01:02,461 | INFO     |   →   hysteria.txt: 13 → 0 (SNI-filtered)
2026-06-02 03:01:02,461 | INFO     |   →   hysteria2.txt: 40 → 5 (SNI-filtered)
2026-06-02 03:01:02,461 | INFO     |   →   ss.txt: 1968 → 4 (SNI-filtered)
2026-06-02 03:01:02,461 | INFO     |   →   trojan.txt: 1423 → 5 (SNI-filtered)
2026-06-02 03:01:02,461 | INFO     |   →   tuic.txt: 52 → 0 (SNI-filtered)
2026-06-02 03:01:02,461 | INFO     |   →   vless.txt: 4508 → 699 (SNI-filtered)
2026-06-02 03:01:02,461 | INFO     |   →   vmess.txt: 3500 → 38 (SNI-filtered)
2026-06-02 03:01:02,461 | INFO     |   → ==================================================
2026-06-02 03:01:02,461 | INFO     |   →   Всего входных:  11565
2026-06-02 03:01:02,461 | INFO     |   →   Прошли фильтр:  770
2026-06-02 03:01:02,461 | INFO     |   →   Отброшено:      10795
2026-06-02 03:01:02,461 | INFO     |   → ==================================================
2026-06-02 03:01:02,461 | INFO     |   → Готово → /home/runner/work/vpn-vless-configs-russia/vpn-vless-configs-russia/githubmirror/ru-sni
2026-06-02 03:01:02,462 | INFO     | ✅ filter_ru_sni.py завершён успешно
2026-06-02 03:01:02,462 | INFO     | 
2026-06-02 03:01:02,462 | INFO     | 
2026-06-02 03:01:02,462 | INFO     | ──────────────────────────────────────────────────────────────────────
2026-06-02 03:01:02,462 | INFO     | 📌 ЭТАП: Экспериментальный RU-SNI фильтр
2026-06-02 03:01:02,462 | INFO     | ──────────────────────────────────────────────────────────────────────
2026-06-02 03:01:02,462 | INFO     | 🚀 Запуск filter_ru_sni_local.py (Экспериментальный фильтр по RU-SNI (локальные домены))...
2026-06-02 03:01:02,653 | INFO     |   → hy2.txt: 61 → 0 (RU-SNI)
2026-06-02 03:01:02,653 | INFO     |   → hysteria.txt: 13 → 0 (RU-SNI)
2026-06-02 03:01:02,653 | INFO     |   → hysteria2.txt: 40 → 0 (RU-SNI)
2026-06-02 03:01:02,653 | INFO     |   → ss.txt: 1968 → 1 (RU-SNI)
2026-06-02 03:01:02,653 | INFO     |   → trojan.txt: 1423 → 0 (RU-SNI)
2026-06-02 03:01:02,653 | INFO     |   → tuic.txt: 52 → 0 (RU-SNI)
2026-06-02 03:01:02,653 | INFO     |   → vless.txt: 4508 → 197 (RU-SNI)
2026-06-02 03:01:02,653 | INFO     |   → vmess.txt: 3500 → 0 (RU-SNI)
2026-06-02 03:01:02,653 | INFO     |   → ==================================================
2026-06-02 03:01:02,653 | INFO     |   → Всего входных:  11565
2026-06-02 03:01:02,653 | INFO     |   → Прошли RU-SNI:  198
2026-06-02 03:01:02,653 | INFO     |   → Отброшено:      11367
2026-06-02 03:01:02,653 | INFO     |   → ==================================================
2026-06-02 03:01:02,653 | INFO     |   → Готово → /home/runner/work/vpn-vless-configs-russia/vpn-vless-configs-russia/githubmirror/ru-sni-local
2026-06-02 03:01:02,653 | INFO     | ✅ filter_ru_sni_local.py завершён успешно
2026-06-02 03:01:02,653 | INFO     | 
2026-06-02 03:01:02,653 | INFO     | 
2026-06-02 03:01:02,653 | INFO     | ──────────────────────────────────────────────────────────────────────
2026-06-02 03:01:02,653 | INFO     | 📌 ЭТАП: Сбор статистики
2026-06-02 03:01:02,653 | INFO     | ──────────────────────────────────────────────────────────────────────
2026-06-02 03:01:02,653 | INFO     | 📊 Сбор статистики...
2026-06-02 03:01:02,654 | INFO     |   📁 githubmirror/clean:
2026-06-02 03:01:02,654 | INFO     |     • hy2         :    61 конфигов
2026-06-02 03:01:02,654 | INFO     |     • hysteria    :    13 конфигов
2026-06-02 03:01:02,654 | INFO     |     • hysteria2   :    40 конфигов
2026-06-02 03:01:02,656 | INFO     |     • ss          :  1968 конфигов
2026-06-02 03:01:02,657 | INFO     |     • trojan      :  1423 конфигов
2026-06-02 03:01:02,657 | INFO     |     • tuic        :    52 конфигов
2026-06-02 03:01:02,662 | INFO     |     • vless       :  4508 конфигов
2026-06-02 03:01:02,664 | INFO     |     • vmess       :  3500 конфигов
2026-06-02 03:01:02,664 | INFO     |   📁 githubmirror/ru-sni:
2026-06-02 03:01:02,665 | INFO     |     • hy2         :    19 конфигов ( 31.1% от clean)
2026-06-02 03:01:02,665 | INFO     |     • hysteria    :     0 конфигов (  0.0% от clean)
2026-06-02 03:01:02,665 | INFO     |     • hysteria2   :     5 конфигов ( 12.5% от clean)
2026-06-02 03:01:02,665 | INFO     |     • ss          :     4 конфигов (  0.2% от clean)
2026-06-02 03:01:02,665 | INFO     |     • trojan      :     5 конфигов (  0.4% от clean)
2026-06-02 03:01:02,665 | INFO     |     • tuic        :     0 конфигов (  0.0% от clean)
2026-06-02 03:01:02,666 | INFO     |     • vless       :   699 конфигов ( 15.5% от clean)
2026-06-02 03:01:02,666 | INFO     |     • vmess       :    38 конфигов (  1.1% от clean)
2026-06-02 03:01:02,666 | INFO     | 
2026-06-02 03:01:02,666 | INFO     |   ──────────────────────────────────────────────────
2026-06-02 03:01:02,666 | INFO     |   📈 ИТОГО:
2026-06-02 03:01:02,666 | INFO     |     Clean (после geo-фильтра):    11565
2026-06-02 03:01:02,666 | INFO     |     RU-SNI (после SNI-фильтра):     770
2026-06-02 03:01:02,666 | INFO     |     Прошло фильтр:                  6.7%
2026-06-02 03:01:02,666 | INFO     |   ──────────────────────────────────────────────────
2026-06-02 03:01:02,667 | INFO     | ✅ Статистика сохранена: /home/runner/work/vpn-vless-configs-russia/vpn-vless-configs-russia/stats.json
2026-06-02 03:01:02,667 | INFO     | 
2026-06-02 03:01:02,667 | INFO     | ======================================================================
2026-06-02 03:01:02,667 | INFO     | 📊 ИТОГОВЫЙ ОТЧЁТ
2026-06-02 03:01:02,667 | INFO     | ======================================================================
2026-06-02 03:01:02,667 | INFO     |   ✅ OK         | Загрузка и geo-фильтрация
2026-06-02 03:01:02,667 | INFO     |   ✅ OK         | Фильтрация по реальному SNI
2026-06-02 03:01:02,667 | INFO     |   ✅ OK         | Экспериментальный RU-SNI фильтр
2026-06-02 03:01:02,667 | INFO     |   ✅ OK         | Сбор статистики
2026-06-02 03:01:02,667 | INFO     | ──────────────────────────────────────────────────────────────────────
2026-06-02 03:01:02,667 | INFO     | ✅ ВСЕ ЭТАПЫ УСПЕШНЫ (4/4)
2026-06-02 03:01:02,667 | INFO     | ⏰ Время завершения: 2026-06-02 03:01:02
2026-06-02 03:01:02,667 | INFO     | ======================================================================
