2026-06-12 02:56:50,695 | INFO     | ======================================================================
2026-06-12 02:56:50,695 | INFO     | 🔍 VPN KEY CHECKER - Начало проверки
2026-06-12 02:56:50,696 | INFO     | ⏰ Время старта: 2026-06-12 02:56:50
2026-06-12 02:56:50,696 | INFO     | 📂 Рабочая директория: /home/runner/work/vpn-vless-configs-russia/vpn-vless-configs-russia
2026-06-12 02:56:50,696 | INFO     | ======================================================================
2026-06-12 02:56:50,696 | INFO     | 
2026-06-12 02:56:50,696 | INFO     | 🔍 Проверка наличия скриптов...
2026-06-12 02:56:50,696 | INFO     |   ✅ mirror.py
2026-06-12 02:56:50,696 | INFO     |   ✅ filter_ru_sni.py
2026-06-12 02:56:50,696 | INFO     |   ✅ filter_ru_sni_local.py
2026-06-12 02:56:50,696 | INFO     | 
2026-06-12 02:56:50,696 | INFO     | 
2026-06-12 02:56:50,696 | INFO     | ──────────────────────────────────────────────────────────────────────
2026-06-12 02:56:50,696 | INFO     | 📌 ЭТАП: Загрузка и geo-фильтрация
2026-06-12 02:56:50,696 | INFO     | ──────────────────────────────────────────────────────────────────────
2026-06-12 02:56:50,696 | INFO     | 🚀 Запуск mirror.py (Загрузка и фильтрация по РФ/СНГ/Европа)...
2026-06-12 03:02:24,378 | INFO     |   → 🚀 Старт: всего источников (старые + новые): 1177
2026-06-12 03:02:24,378 | INFO     |   → 1/1177: ✅ 13 взято | 🗑️ 242 мусор
2026-06-12 03:02:24,378 | INFO     |   → 2/1177: ✅ 0 взято | 🗑️ 0 мусор
2026-06-12 03:02:24,378 | INFO     |   → 3/1177 ❌ HTTP 404 — https://bitbucket.org/huwo1/proxy_nodes/raw/f31ca9ec67b84071515729ff45b011b6b09c10f2/clash.yaml
2026-06-12 03:02:24,378 | INFO     |   → 4/1177 ❌ HTTP 404 — https://cdn.jsdelivr.net/gh/cry0ice/genode@main/public/all.txt
2026-06-12 03:02:24,378 | INFO     |   → 5/1177 ❌ HTTP 404 — https://cdn.jsdelivr.net/gh/cry0ice/genode@main/public/ss.txt
2026-06-12 03:02:24,378 | INFO     |   → 6/1177 ❌ HTTP 404 — https://cdn.jsdelivr.net/gh/cry0ice/genode@main/public/ssr.txt
2026-06-12 03:02:24,378 | INFO     |   → 7/1177 ❌ HTTP 404 — https://cdn.jsdelivr.net/gh/cry0ice/genode@main/public/trojan.txt
2026-06-12 03:02:24,378 | INFO     |   → 8/1177 ❌ HTTP 404 — https://cdn.jsdelivr.net/gh/cry0ice/genode@main/public/vless.txt
2026-06-12 03:02:24,378 | INFO     |   → 9/1177 ❌ HTTP 404 — https://cdn.jsdelivr.net/gh/cry0ice/genode@main/public/vmess.txt
2026-06-12 03:02:24,378 | INFO     |   → 10/1177: ✅ 0 взято | 🗑️ 0 мусор
2026-06-12 03:02:24,378 | INFO     |   → 11/1177: ✅ 0 взято | 🗑️ 0 мусор
2026-06-12 03:02:24,378 | INFO     |   → 12/1177: ✅ 0 взято | 🗑️ 0 мусор
2026-06-12 03:02:24,378 | INFO     |   → 13/1177: ✅ 0 взято | 🗑️ 0 мусор
2026-06-12 03:02:24,378 | INFO     |   → 14/1177: ✅ 0 взято | 🗑️ 0 мусор
2026-06-12 03:02:24,378 | INFO     |   → 15/1177: ✅ 0 взято | 🗑️ 0 мусор
2026-06-12 03:02:24,379 | INFO     |   → 16/1177: ✅ 0 взято | 🗑️ 0 мусор
2026-06-12 03:02:24,379 | INFO     |   → 17/1177: ✅ 0 взято | 🗑️ 0 мусор
2026-06-12 03:02:24,379 | INFO     |   → 18/1177: ✅ 0 взято | 🗑️ 0 мусор
2026-06-12 03:02:24,379 | INFO     |   → 19/1177: ✅ 0 взято | 🗑️ 0 мусор
2026-06-12 03:02:24,379 | INFO     |   → 20/1177: ✅ 0 взято | 🗑️ 0 мусор
2026-06-12 03:02:24,379 | INFO     |   → 21/1177: ✅ 0 взято | 🗑️ 0 мусор
2026-06-12 03:02:24,379 | INFO     |   → 22/1177: ✅ 0 взято | 🗑️ 0 мусор
2026-06-12 03:02:24,379 | INFO     |   → 23/1177: ✅ 0 взято | 🗑️ 0 мусор
2026-06-12 03:02:24,379 | INFO     |   → 24/1177: ✅ 0 взято | 🗑️ 0 мусор
2026-06-12 03:02:24,379 | INFO     |   → 25/1177: ✅ 0 взято | 🗑️ 0 мусор
2026-06-12 03:02:24,379 | INFO     |   → 26/1177: ✅ 0 взято | 🗑️ 0 мусор
2026-06-12 03:02:24,379 | INFO     |   → 27/1177: ✅ 0 взято | 🗑️ 0 мусор
2026-06-12 03:02:24,379 | INFO     |   → 28/1177: ✅ 0 взято | 🗑️ 0 мусор
2026-06-12 03:02:24,379 | INFO     |   → 29/1177: ✅ 0 взято | 🗑️ 0 мусор
2026-06-12 03:02:24,379 | INFO     |   → 30/1177: ✅ 0 взято | 🗑️ 0 мусор
2026-06-12 03:02:24,379 | INFO     |   → 31/1177: ✅ 0 взято | 🗑️ 0 мусор
2026-06-12 03:02:24,379 | INFO     |   → 32/1177: ✅ 0 взято | 🗑️ 0 мусор
2026-06-12 03:02:24,379 | INFO     |   → 33/1177: ✅ 0 взято | 🗑️ 0 мусор
2026-06-12 03:02:24,379 | INFO     |   → 34/1177: ✅ 0 взято | 🗑️ 0 мусор
2026-06-12 03:02:24,380 | INFO     |   → 35/1177: ✅ 0 взято | 🗑️ 0 мусор
2026-06-12 03:02:24,380 | INFO     |   → 36/1177: ✅ 0 взято | 🗑️ 0 мусор
2026-06-12 03:02:24,380 | INFO     |   → 37/1177: ✅ 0 взято | 🗑️ 0 мусор
2026-06-12 03:02:24,380 | INFO     |   → 38/1177: ✅ 0 взято | 🗑️ 0 мусор
2026-06-12 03:02:24,380 | INFO     |   → 39/1177: ✅ 0 взято | 🗑️ 0 мусор
2026-06-12 03:02:24,380 | INFO     |   → 40/1177: ✅ 0 взято | 🗑️ 0 мусор
2026-06-12 03:02:24,380 | INFO     |   → 41/1177: ✅ 0 взято | 🗑️ 0 мусор
2026-06-12 03:02:24,380 | INFO     |   → 42/1177: ✅ 0 взято | 🗑️ 0 мусор
2026-06-12 03:02:24,380 | INFO     |   → 43/1177: ✅ 0 взято | 🗑️ 0 мусор
2026-06-12 03:02:24,380 | INFO     |   → 44/1177: ✅ 0 взято | 🗑️ 0 мусор
2026-06-12 03:02:24,380 | INFO     |   → 45/1177: ✅ 0 взято | 🗑️ 0 мусор
2026-06-12 03:02:24,380 | INFO     |   → 46/1177: ✅ 0 взято | 🗑️ 0 мусор
2026-06-12 03:02:24,380 | INFO     |   → 47/1177: ✅ 0 взято | 🗑️ 0 мусор
2026-06-12 03:02:24,380 | INFO     |   → 48/1177: ✅ 0 взято | 🗑️ 0 мусор
2026-06-12 03:02:24,380 | INFO     |   → 49/1177: ✅ 0 взято | 🗑️ 0 мусор
2026-06-12 03:02:24,380 | INFO     |   → 50/1177: ✅ 0 взято | 🗑️ 0 мусор
2026-06-12 03:02:24,380 | INFO     |   → 51/1177: ✅ 0 взято | 🗑️ 0 мусор
2026-06-12 03:02:24,380 | INFO     |   → 52/1177: ✅ 0 взято | 🗑️ 0 мусор
2026-06-12 03:02:24,380 | INFO     |   → 53/1177: ✅ 0 взято | 🗑️ 0 мусор
2026-06-12 03:02:24,380 | INFO     |   → 54/1177: ✅ 0 взято | 🗑️ 0 мусор
2026-06-12 03:02:24,380 | INFO     |   → 55/1177: ✅ 0 взято | 🗑️ 0 мусор
2026-06-12 03:02:24,380 | INFO     |   → 56/1177: ✅ 0 взято | 🗑️ 0 мусор
2026-06-12 03:02:24,380 | INFO     |   → 57/1177: ✅ 0 взято | 🗑️ 0 мусор
2026-06-12 03:02:24,380 | INFO     |   → 58/1177: ✅ 0 взято | 🗑️ 0 мусор
2026-06-12 03:02:24,380 | INFO     |   → 59/1177: ✅ 0 взято | 🗑️ 0 мусор
2026-06-12 03:02:24,380 | INFO     |   → 60/1177: ✅ 0 взято | 🗑️ 0 мусор
2026-06-12 03:02:24,380 | INFO     |   → 61/1177: ✅ 0 взято | 🗑️ 0 мусор
2026-06-12 03:02:24,380 | INFO     |   → 62/1177: ✅ 0 взято | 🗑️ 0 мусор
2026-06-12 03:02:24,380 | INFO     |   → 63/1177: ✅ 0 взято | 🗑️ 0 мусор
2026-06-12 03:02:24,380 | INFO     |   → 64/1177: ✅ 0 взято | 🗑️ 0 мусор
2026-06-12 03:02:24,380 | INFO     |   → 65/1177: ✅ 0 взято | 🗑️ 0 мусор
2026-06-12 03:02:24,380 | INFO     |   → 66/1177: ✅ 0 взято | 🗑️ 0 мусор
2026-06-12 03:02:24,380 | INFO     |   → 67/1177: ✅ 0 взято | 🗑️ 0 мусор
2026-06-12 03:02:24,380 | INFO     |   → 68/1177: ✅ 0 взято | 🗑️ 0 мусор
2026-06-12 03:02:24,380 | INFO     |   → 69/1177: ✅ 0 взято | 🗑️ 0 мусор
2026-06-12 03:02:24,380 | INFO     |   → 70/1177: ✅ 0 взято | 🗑️ 0 мусор
2026-06-12 03:02:24,380 | INFO     |   → 71/1177: ✅ 0 взято | 🗑️ 0 мусор
2026-06-12 03:02:24,381 | INFO     |   → 72/1177: ✅ 0 взято | 🗑️ 0 мусор
2026-06-12 03:02:24,381 | INFO     |   → 73/1177: ✅ 0 взято | 🗑️ 0 мусор
2026-06-12 03:02:24,381 | INFO     |   → 74/1177: ✅ 0 взято | 🗑️ 0 мусор
2026-06-12 03:02:24,381 | INFO     |   → 75/1177: ✅ 0 взято | 🗑️ 0 мусор
2026-06-12 03:02:24,381 | INFO     |   → 76/1177: ✅ 0 взято | 🗑️ 0 мусор
2026-06-12 03:02:24,381 | INFO     |   → 77/1177: ✅ 0 взято | 🗑️ 0 мусор
2026-06-12 03:02:24,381 | INFO     |   → 78/1177: ✅ 0 взято | 🗑️ 0 мусор
2026-06-12 03:02:24,381 | INFO     |   → 79/1177: ✅ 0 взято | 🗑️ 0 мусор
2026-06-12 03:02:24,381 | INFO     |   → 80/1177: ✅ 0 взято | 🗑️ 0 мусор
2026-06-12 03:02:24,381 | INFO     |   → 81/1177: ✅ 0 взято | 🗑️ 0 мусор
2026-06-12 03:02:24,381 | INFO     |   → 82/1177: ✅ 0 взято | 🗑️ 0 мусор
2026-06-12 03:02:24,381 | INFO     |   → 83/1177: ✅ 0 взято | 🗑️ 0 мусор
2026-06-12 03:02:24,381 | INFO     |   → 84/1177: ✅ 0 взято | 🗑️ 0 мусор
2026-06-12 03:02:24,381 | INFO     |   → 85/1177: ✅ 0 взято | 🗑️ 0 мусор
2026-06-12 03:02:24,381 | INFO     |   → 86/1177: ✅ 0 взято | 🗑️ 0 мусор
2026-06-12 03:02:24,381 | INFO     |   → 87/1177: ✅ 0 взято | 🗑️ 0 мусор
2026-06-12 03:02:24,381 | INFO     |   → 88/1177: ✅ 0 взято | 🗑️ 0 мусор
2026-06-12 03:02:24,381 | INFO     |   → 89/1177: ✅ 0 взято | 🗑️ 0 мусор
2026-06-12 03:02:24,381 | INFO     |   → 90/1177: ✅ 0 взято | 🗑️ 0 мусор
2026-06-12 03:02:24,381 | INFO     |   → 91/1177: ✅ 0 взято | 🗑️ 0 мусор
2026-06-12 03:02:24,381 | INFO     |   → 92/1177: ✅ 0 взято | 🗑️ 0 мусор
2026-06-12 03:02:24,381 | INFO     |   → 93/1177: ✅ 0 взято | 🗑️ 0 мусор
2026-06-12 03:02:24,381 | INFO     |   → 94/1177: ✅ 0 взято | 🗑️ 0 мусор
2026-06-12 03:02:24,381 | INFO     |   → 95/1177: ✅ 0 взято | 🗑️ 0 мусор
2026-06-12 03:02:24,381 | INFO     |   → 96/1177: ✅ 0 взято | 🗑️ 0 мусор
2026-06-12 03:02:24,381 | INFO     |   → 97/1177: ✅ 0 взято | 🗑️ 0 мусор
2026-06-12 03:02:24,381 | INFO     |   → 98/1177: ✅ 0 взято | 🗑️ 0 мусор
2026-06-12 03:02:24,381 | INFO     |   → 99/1177: ✅ 0 взято | 🗑️ 0 мусор
2026-06-12 03:02:24,381 | INFO     |   → 100/1177: ✅ 0 взято | 🗑️ 0 мусор
2026-06-12 03:02:24,381 | INFO     |   → 101/1177: ✅ 0 взято | 🗑️ 0 мусор
2026-06-12 03:02:24,381 | INFO     |   → 102/1177: ✅ 0 взято | 🗑️ 0 мусор
2026-06-12 03:02:24,382 | INFO     |   → 103/1177: ✅ 0 взято | 🗑️ 0 мусор
2026-06-12 03:02:24,382 | INFO     |   → 104/1177: ✅ 0 взято | 🗑️ 0 мусор
2026-06-12 03:02:24,382 | INFO     |   → 105/1177: ✅ 0 взято | 🗑️ 0 мусор
2026-06-12 03:02:24,382 | INFO     |   → 106/1177: ✅ 0 взято | 🗑️ 0 мусор
2026-06-12 03:02:24,382 | INFO     |   → 107/1177: ✅ 0 взято | 🗑️ 0 мусор
2026-06-12 03:02:24,382 | INFO     |   → 108/1177: ✅ 0 взято | 🗑️ 0 мусор
2026-06-12 03:02:24,382 | INFO     |   → 109/1177: ✅ 0 взято | 🗑️ 0 мусор
2026-06-12 03:02:24,382 | INFO     |   → 110/1177: ✅ 0 взято | 🗑️ 0 мусор
2026-06-12 03:02:24,382 | INFO     |   → 111/1177: ✅ 0 взято | 🗑️ 0 мусор
2026-06-12 03:02:24,382 | INFO     |   → 112/1177: ✅ 0 взято | 🗑️ 0 мусор
2026-06-12 03:02:24,382 | INFO     |   → 113/1177: ✅ 0 взято | 🗑️ 0 мусор
2026-06-12 03:02:24,382 | INFO     |   → 114/1177: ✅ 0 взято | 🗑️ 0 мусор
2026-06-12 03:02:24,382 | INFO     |   → 115/1177: ✅ 0 взято | 🗑️ 0 мусор
2026-06-12 03:02:24,382 | INFO     |   → 116/1177: ✅ 0 взято | 🗑️ 0 мусор
2026-06-12 03:02:24,382 | INFO     |   → 117/1177: ✅ 0 взято | 🗑️ 0 мусор
2026-06-12 03:02:24,382 | INFO     |   → 118/1177: ✅ 0 взято | 🗑️ 0 мусор
2026-06-12 03:02:24,382 | INFO     |   → 119/1177: ✅ 0 взято | 🗑️ 0 мусор
2026-06-12 03:02:24,382 | INFO     |   → 120/1177: ✅ 0 взято | 🗑️ 0 мусор
2026-06-12 03:02:24,383 | INFO     |   → 121/1177: ✅ 0 взято | 🗑️ 0 мусор
2026-06-12 03:02:24,383 | INFO     |   → 122/1177: ✅ 0 взято | 🗑️ 0 мусор
2026-06-12 03:02:24,383 | INFO     |   → 123/1177: ✅ 0 взято | 🗑️ 0 мусор
2026-06-12 03:02:24,383 | INFO     |   → 124/1177: ✅ 0 взято | 🗑️ 0 мусор
2026-06-12 03:02:24,383 | INFO     |   → 125/1177: ✅ 0 взято | 🗑️ 0 мусор
2026-06-12 03:02:24,383 | INFO     |   → 126/1177: ✅ 0 взято | 🗑️ 0 мусор
2026-06-12 03:02:24,383 | INFO     |   → 127/1177: ✅ 0 взято | 🗑️ 0 мусор
2026-06-12 03:02:24,383 | INFO     |   → 128/1177: ✅ 0 взято | 🗑️ 0 мусор
2026-06-12 03:02:24,383 | INFO     |   → 129/1177: ✅ 0 взято | 🗑️ 0 мусор
2026-06-12 03:02:24,383 | INFO     |   → 130/1177: ✅ 0 взято | 🗑️ 0 мусор
2026-06-12 03:02:24,383 | INFO     |   → 131/1177: ✅ 0 взято | 🗑️ 0 мусор
2026-06-12 03:02:24,383 | INFO     |   → 132/1177: ✅ 0 взято | 🗑️ 0 мусор
2026-06-12 03:02:24,383 | INFO     |   → 133/1177: ✅ 0 взято | 🗑️ 0 мусор
2026-06-12 03:02:24,383 | INFO     |   → 134/1177: ✅ 0 взято | 🗑️ 0 мусор
2026-06-12 03:02:24,383 | INFO     |   → 135/1177: ✅ 0 взято | 🗑️ 0 мусор
2026-06-12 03:02:24,383 | INFO     |   → 136/1177 ❌ HTTP 404 — https://freessrnode.github.io/uploads/2024/08/0-20240822.txt
2026-06-12 03:02:24,383 | INFO     |   → 137/1177 ❌ HTTP 404 — https://freessrnode.github.io/uploads/2024/08/1-20240822.txt
2026-06-12 03:02:24,383 | INFO     |   → 138/1177 ❌ HTTP 404 — https://freessrnode.github.io/uploads/2024/08/2-20240822.txt
2026-06-12 03:02:24,384 | INFO     |   → 139/1177 ❌ HTTP 404 — https://freessrnode.github.io/uploads/2024/08/3-20240822.txt
2026-06-12 03:02:24,384 | INFO     |   → 140/1177 ❌ HTTP 404 — https://freessrnode.github.io/uploads/2024/08/4-20240822.txt
2026-06-12 03:02:24,384 | INFO     |   → 141/1177 ⚠️ Ошибка: HTTPSConnectionPool(host='freevpnspy.githubrowcontent.com', port=443): Max retries exceeded with url: /2024/08/20240802_novless.yaml (Caused by NameResolutionError("HTTPSConnection(host='freevpnspy.githubrowcontent.com', port=443): Failed to resolve 'freevpnspy.githubrowcontent.com' ([Errno -2] Name or service not known)")) — https://freevpnspy.githubrowcontent.com/2024/08/20240802_novless.yaml
2026-06-12 03:02:24,384 | INFO     |   → 142/1177 ⚠️ Ошибка: HTTPSConnectionPool(host='freevpnspy.githubrowcontent.com', port=443): Max retries exceeded with url: /2024/08/20240802_vless.yaml (Caused by NameResolutionError("HTTPSConnection(host='freevpnspy.githubrowcontent.com', port=443): Failed to resolve 'freevpnspy.githubrowcontent.com' ([Errno -2] Name or service not known)")) — https://freevpnspy.githubrowcontent.com/2024/08/20240802_vless.yaml
2026-06-12 03:02:24,384 | INFO     |   → 143/1177: ✅ 0 взято | 🗑️ 0 мусор
2026-06-12 03:02:24,384 | INFO     |   → 144/1177: ✅ 14 взято | 🗑️ 292 мусор
2026-06-12 03:02:24,384 | INFO     |   → 145/1177: ✅ 14 взято | 🗑️ 218 мусор
2026-06-12 03:02:24,384 | INFO     |   → 146/1177: ✅ 7 взято | 🗑️ 148 мусор
2026-06-12 03:02:24,384 | INFO     |   → 147/1177: ✅ 10 взято | 🗑️ 232 мусор
2026-06-12 03:02:24,384 | INFO     |   → 148/1177: ✅ 4 взято | 🗑️ 151 мусор
2026-06-12 03:02:24,384 | INFO     |   → 149/1177: ✅ 0 взято | 🗑️ 0 мусор
2026-06-12 03:02:24,384 | INFO     |   → 150/1177: ✅ 0 взято | 🗑️ 0 мусор
2026-06-12 03:02:24,384 | INFO     |   → 151/1177: ✅ 0 взято | 🗑️ 0 мусор
2026-06-12 03:02:24,384 | INFO     |   → 152/1177: ✅ 7 взято | 🗑️ 113 мусор
2026-06-12 03:02:24,384 | INFO     |   → 153/1177: ✅ 0 взято | 🗑️ 0 мусор
2026-06-12 03:02:24,384 | INFO     |   → 154/1177: ✅ 0 взято | 🗑️ 0 мусор
2026-06-12 03:02:24,384 | INFO     |   → 155/1177: ✅ 0 взято | 🗑️ 0 мусор
2026-06-12 03:02:24,384 | INFO     |   → 156/1177: ✅ 5 взято | 🗑️ 211 мусор
2026-06-12 03:02:24,384 | INFO     |   → 157/1177: ✅ 0 взято | 🗑️ 0 мусор
2026-06-12 03:02:24,385 | INFO     |   → 158/1177: ✅ 0 взято | 🗑️ 0 мусор
2026-06-12 03:02:24,385 | INFO     |   → 159/1177: ✅ 1 взято | 🗑️ 226 мусор
2026-06-12 03:02:24,385 | INFO     |   → 160/1177: ✅ 3 взято | 🗑️ 152 мусор
2026-06-12 03:02:24,385 | INFO     |   → 161/1177: ✅ 0 взято | 🗑️ 0 мусор
2026-06-12 03:02:24,385 | INFO     |   → 162/1177: ✅ 0 взято | 🗑️ 0 мусор
2026-06-12 03:02:24,385 | INFO     |   → 163/1177: ✅ 0 взято | 🗑️ 0 мусор
2026-06-12 03:02:24,385 | INFO     |   → 164/1177: ✅ 0 взято | 🗑️ 300 мусор
2026-06-12 03:02:24,385 | INFO     |   → 165/1177: ✅ 0 взято | 🗑️ 0 мусор
2026-06-12 03:02:24,385 | INFO     |   → 166/1177: ✅ 0 взято | 🗑️ 142 мусор
2026-06-12 03:02:24,385 | INFO     |   → 167/1177: ✅ 2 взято | 🗑️ 124 мусор
2026-06-12 03:02:24,385 | INFO     |   → 168/1177: ✅ 0 взято | 🗑️ 0 мусор
2026-06-12 03:02:24,385 | INFO     |   → 169/1177: ✅ 1 взято | 🗑️ 104 мусор
2026-06-12 03:02:24,385 | INFO     |   → 170/1177: ✅ 0 взято | 🗑️ 193 мусор
2026-06-12 03:02:24,385 | INFO     |   → 171/1177: ✅ 2 взято | 🗑️ 115 мусор
2026-06-12 03:02:24,385 | INFO     |   → 172/1177: ✅ 7 взято | 🗑️ 179 мусор
2026-06-12 03:02:24,385 | INFO     |   → 173/1177: ✅ 0 взято | 🗑️ 0 мусор
2026-06-12 03:02:24,385 | INFO     |   → 174/1177: ✅ 0 взято | 🗑️ 0 мусор
2026-06-12 03:02:24,385 | INFO     |   → 175/1177: ✅ 0 взято | 🗑️ 125 мусор
2026-06-12 03:02:24,385 | INFO     |   → 176/1177: ✅ 0 взято | 🗑️ 296 мусор
2026-06-12 03:02:24,385 | INFO     |   → 177/1177: ✅ 1 взято | 🗑️ 279 мусор
2026-06-12 03:02:24,385 | INFO     |   → 178/1177: ✅ 0 взято | 🗑️ 130 мусор
2026-06-12 03:02:24,385 | INFO     |   → 179/1177: ✅ 2 взято | 🗑️ 105 мусор
2026-06-12 03:02:24,385 | INFO     |   → 180/1177: ✅ 0 взято | 🗑️ 0 мусор
2026-06-12 03:02:24,385 | INFO     |   → 181/1177: ✅ 3 взято | 🗑️ 268 мусор
2026-06-12 03:02:24,385 | INFO     |   → 182/1177: ✅ 0 взято | 🗑️ 248 мусор
2026-06-12 03:02:24,385 | INFO     |   → 183/1177: ✅ 0 взято | 🗑️ 0 мусор
2026-06-12 03:02:24,385 | INFO     |   → 184/1177: ✅ 1 взято | 🗑️ 139 мусор
2026-06-12 03:02:24,385 | INFO     |   → 185/1177: ✅ 1 взято | 🗑️ 109 мусор
2026-06-12 03:02:24,385 | INFO     |   → 186/1177: ✅ 0 взято | 🗑️ 0 мусор
2026-06-12 03:02:24,385 | INFO     |   → 187/1177: ✅ 0 взято | 🗑️ 0 мусор
2026-06-12 03:02:24,385 | INFO     |   → 188/1177: ✅ 0 взято | 🗑️ 0 мусор
2026-06-12 03:02:24,385 | INFO     |   → 189/1177: ✅ 0 взято | 🗑️ 0 мусор
2026-06-12 03:02:24,385 | INFO     |   → 190/1177: ✅ 0 взято | 🗑️ 198 мусор
2026-06-12 03:02:24,386 | INFO     |   → 191/1177: ✅ 0 взято | 🗑️ 0 мусор
2026-06-12 03:02:24,386 | INFO     |   → 192/1177: ✅ 0 взято | 🗑️ 0 мусор
2026-06-12 03:02:24,386 | INFO     |   → 193/1177: ✅ 0 взято | 🗑️ 0 мусор
2026-06-12 03:02:24,386 | INFO     |   → 194/1177: ✅ 0 взято | 🗑️ 0 мусор
2026-06-12 03:02:24,386 | INFO     |   → 195/1177 ❌ HTTP 404 — https://github.com/Epodonios/bulk-xray-v2ray-vless-vmess-...-configs/raw/main/sub/Albania/config.txt
2026-06-12 03:02:24,386 | INFO     |   → 196/1177 ❌ HTTP 404 — https://github.com/Epodonios/bulk-xray-v2ray-vless-vmess-...-configs/raw/main/sub/Cura%C3%A7ao/config.txt
2026-06-12 03:02:24,386 | INFO     |   → 197/1177 ❌ HTTP 404 — https://github.com/Epodonios/bulk-xray-v2ray-vless-vmess-...-configs/raw/main/sub/Finland/config.txt
2026-06-12 03:02:24,386 | INFO     |   → 198/1177 ❌ HTTP 404 — https://github.com/Epodonios/bulk-xray-v2ray-vless-vmess-...-configs/raw/main/sub/Iran/config.txt
2026-06-12 03:02:24,386 | INFO     |   → 199/1177 ❌ HTTP 404 — https://github.com/Epodonios/bulk-xray-v2ray-vless-vmess-...-configs/raw/main/sub/Netherlands/config.txt
2026-06-12 03:02:24,386 | INFO     |   → 200/1177 ❌ HTTP 404 — https://github.com/Epodonios/bulk-xray-v2ray-vless-vmess-...-configs/raw/main/sub/Norway/config.txt
2026-06-12 03:02:24,386 | INFO     |   → 201/1177 ❌ HTTP 404 — https://github.com/Epodonios/bulk-xray-v2ray-vless-vmess-...-configs/raw/main/sub/Russia/config.txt
2026-06-12 03:02:24,386 | INFO     |   → 202/1177: ✅ 13 взято | 🗑️ 70 мусор
2026-06-12 03:02:24,386 | INFO     |   → 203/1177: ✅ 0 взято | 🗑️ 4 мусор
2026-06-12 03:02:24,386 | INFO     |   → 204/1177: ✅ 0 взято | 🗑️ 7 мусор
2026-06-12 03:02:24,386 | INFO     |   → 205/1177: ✅ 0 взято | 🗑️ 51 мусор
2026-06-12 03:02:24,386 | INFO     |   → 206/1177: ✅ 0 взято | 🗑️ 8 мусор
2026-06-12 03:02:24,386 | INFO     |   → 207/1177: ✅ 0 взято | 🗑️ 0 мусор
2026-06-12 03:02:24,386 | INFO     |   → 208/1177: ✅ 17 взято | 🗑️ 119 мусор
2026-06-12 03:02:24,386 | INFO     |   → 209/1177 ❌ HTTP 404 — https://github.com/MrMohebi/xray-proxy-grabber-telegram/raw/master/collected-proxies/clash-meta/all.yaml
2026-06-12 03:02:24,386 | INFO     |   → 210/1177 ❌ HTTP 404 — https://github.com/MrMohebi/xray-proxy-grabber-telegram/raw/master/collected-proxies/row-url/all.txt
2026-06-12 03:02:24,386 | INFO     |   → 211/1177: ✅ 0 взято | 🗑️ 0 мусор
2026-06-12 03:02:24,386 | INFO     |   → 212/1177: ✅ 0 взято | 🗑️ 113 мусор
2026-06-12 03:02:24,386 | INFO     |   → 213/1177: ✅ 0 взято | 🗑️ 119 мусор
2026-06-12 03:02:24,386 | INFO     |   → 214/1177 ❌ HTTP 404 — https://github.com/abbasdvd3/abbasdvd10/73ec60de7a6c6aa6df4c14b511c1da60686891ca/ppo.txt
2026-06-12 03:02:24,386 | INFO     |   → 215/1177 ❌ HTTP 404 — https://github.com/acymz/AutoVPN/refs/heads/main/data/V2.txt
2026-06-12 03:02:24,386 | INFO     |   → 216/1177: ✅ 0 взято | 🗑️ 0 мусор
2026-06-12 03:02:24,386 | INFO     |   → 217/1177: ✅ 0 взято | 🗑️ 0 мусор
2026-06-12 03:02:24,386 | INFO     |   → 218/1177: ✅ 0 взято | 🗑️ 0 мусор
2026-06-12 03:02:24,386 | INFO     |   → 219/1177: ✅ 0 взято | 🗑️ 0 мусор
2026-06-12 03:02:24,386 | INFO     |   → 220/1177: ✅ 0 взято | 🗑️ 0 мусор
2026-06-12 03:02:24,386 | INFO     |   → 221/1177: ✅ 0 взято | 🗑️ 0 мусор
2026-06-12 03:02:24,386 | INFO     |   → 222/1177: ✅ 0 взято | 🗑️ 0 мусор
2026-06-12 03:02:24,386 | INFO     |   → 223/1177 ❌ HTTP 404 — https://github.com/mermeroo/V2RAY-FREE/raw/main/All_Configs_base64_Sub.txt
2026-06-12 03:02:24,386 | INFO     |   → 224/1177 ❌ HTTP 404 — https://github.com/mermeroo/V2RAY-FREE/raw/main/Base64/Sub1_base64.txt
2026-06-12 03:02:24,386 | INFO     |   → 225/1177 ❌ HTTP 404 — https://github.com/mermeroo/V2RAY-FREE/raw/main/Base64/Sub2_base64.txt
2026-06-12 03:02:24,386 | INFO     |   → 226/1177 ❌ HTTP 404 — https://github.com/mermeroo/V2RAY-FREE/raw/main/Base64/Sub3_base64.txt
2026-06-12 03:02:24,386 | INFO     |   → 227/1177 ❌ HTTP 404 — https://github.com/mermeroo/V2RAY-FREE/raw/main/Base64/Sub4_base64.txt
2026-06-12 03:02:24,386 | INFO     |   → 228/1177 ❌ HTTP 404 — https://github.com/mermeroo/V2RAY-FREE/raw/main/Base64/Sub5_base64.txt
2026-06-12 03:02:24,386 | INFO     |   → 229/1177 ❌ HTTP 404 — https://github.com/mermeroo/telegram-configs-collector/raw/main/protocols/hysteria
2026-06-12 03:02:24,386 | INFO     |   → 230/1177 ❌ HTTP 404 — https://github.com/mermeroo/telegram-configs-collector/raw/main/protocols/juicity
2026-06-12 03:02:24,386 | INFO     |   → 231/1177 ❌ HTTP 404 — https://github.com/mermeroo/telegram-configs-collector/raw/main/protocols/tuic
2026-06-12 03:02:24,386 | INFO     |   → 232/1177: ✅ 5 взято | 🗑️ 16 мусор
2026-06-12 03:02:24,386 | INFO     |   → 233/1177: ✅ 0 взято | 🗑️ 0 мусор
2026-06-12 03:02:24,386 | INFO     |   → 234/1177: ✅ 0 взято | 🗑️ 0 мусор
2026-06-12 03:02:24,386 | INFO     |   → 235/1177: ✅ 0 взято | 🗑️ 0 мусор
2026-06-12 03:02:24,387 | INFO     |   → 236/1177: ✅ 3 взято | 🗑️ 238 мусор
2026-06-12 03:02:24,387 | INFO     |   → 237/1177: ✅ 0 взято | 🗑️ 0 мусор
2026-06-12 03:02:24,387 | INFO     |   → 238/1177: ✅ 3 взято | 🗑️ 239 мусор
2026-06-12 03:02:24,387 | INFO     |   → 239/1177: ✅ 0 взято | 🗑️ 0 мусор
2026-06-12 03:02:24,387 | INFO     |   → 240/1177: ✅ 0 взято | 🗑️ 255 мусор
2026-06-12 03:02:24,387 | INFO     |   → 241/1177: ✅ 0 взято | 🗑️ 0 мусор
2026-06-12 03:02:24,387 | INFO     |   → 242/1177: ✅ 1 взято | 🗑️ 249 мусор
2026-06-12 03:02:24,387 | INFO     |   → 243/1177: ✅ 0 взято | 🗑️ 0 мусор
2026-06-12 03:02:24,387 | INFO     |   → 244/1177: ✅ 0 взято | 🗑️ 207 мусор
2026-06-12 03:02:24,387 | INFO     |   → 245/1177: ✅ 0 взято | 🗑️ 0 мусор
2026-06-12 03:02:24,387 | INFO     |   → 246/1177: ✅ 0 взято | 🗑️ 228 мусор
2026-06-12 03:02:24,387 | INFO     |   → 247/1177: ✅ 0 взято | 🗑️ 0 мусор
2026-06-12 03:02:24,387 | INFO     |   → 248/1177: ✅ 1 взято | 🗑️ 291 мусор
2026-06-12 03:02:24,387 | INFO     |   → 249/1177: ✅ 0 взято | 🗑️ 0 мусор
2026-06-12 03:02:24,387 | INFO     |   → 250/1177: ✅ 3 взято | 🗑️ 221 мусор
2026-06-12 03:02:24,387 | INFO     |   → 251/1177: ✅ 0 взято | 🗑️ 0 мусор
2026-06-12 03:02:24,387 | INFO     |   → 252/1177: ✅ 1 взято | 🗑️ 222 мусор
2026-06-12 03:02:24,387 | INFO     |   → 253/1177: ✅ 0 взято | 🗑️ 0 мусор
2026-06-12 03:02:24,387 | INFO     |   → 254/1177: ✅ 1 взято | 🗑️ 218 мусор
2026-06-12 03:02:24,387 | INFO     |   → 255/1177: ✅ 0 взято | 🗑️ 0 мусор
2026-06-12 03:02:24,387 | INFO     |   → 256/1177: ✅ 0 взято | 🗑️ 193 мусор
2026-06-12 03:02:24,387 | INFO     |   → 257/1177: ✅ 0 взято | 🗑️ 0 мусор
2026-06-12 03:02:24,387 | INFO     |   → 258/1177: ✅ 0 взято | 🗑️ 290 мусор
2026-06-12 03:02:24,387 | INFO     |   → 259/1177: ✅ 0 взято | 🗑️ 0 мусор
2026-06-12 03:02:24,387 | INFO     |   → 260/1177: ✅ 0 взято | 🗑️ 238 мусор
2026-06-12 03:02:24,387 | INFO     |   → 261/1177: ✅ 0 взято | 🗑️ 0 мусор
2026-06-12 03:02:24,387 | INFO     |   → 262/1177: ✅ 0 взято | 🗑️ 221 мусор
2026-06-12 03:02:24,387 | INFO     |   → 263/1177: ✅ 0 взято | 🗑️ 0 мусор
2026-06-12 03:02:24,387 | INFO     |   → 264/1177: ✅ 0 взято | 🗑️ 248 мусор
2026-06-12 03:02:24,387 | INFO     |   → 265/1177: ✅ 0 взято | 🗑️ 0 мусор
2026-06-12 03:02:24,387 | INFO     |   → 266/1177: ✅ 0 взято | 🗑️ 203 мусор
2026-06-12 03:02:24,387 | INFO     |   → 267/1177: ✅ 0 взято | 🗑️ 0 мусор
2026-06-12 03:02:24,387 | INFO     |   → 268/1177: ✅ 0 взято | 🗑️ 208 мусор
2026-06-12 03:02:24,387 | INFO     |   → 269/1177: ✅ 0 взято | 🗑️ 0 мусор
2026-06-12 03:02:24,387 | INFO     |   → 270/1177: ✅ 2 взято | 🗑️ 209 мусор
2026-06-12 03:02:24,387 | INFO     |   → 271/1177: ✅ 0 взято | 🗑️ 0 мусор
2026-06-12 03:02:24,387 | INFO     |   → 272/1177: ✅ 0 взято | 🗑️ 258 мусор
2026-06-12 03:02:24,387 | INFO     |   → 273/1177: ✅ 0 взято | 🗑️ 0 мусор
2026-06-12 03:02:24,387 | INFO     |   → 274/1177: ✅ 0 взято | 🗑️ 296 мусор
2026-06-12 03:02:24,387 | INFO     |   → 275/1177: ✅ 0 взято | 🗑️ 0 мусор
2026-06-12 03:02:24,387 | INFO     |   → 276/1177: ✅ 1 взято | 🗑️ 286 мусор
2026-06-12 03:02:24,387 | INFO     |   → 277/1177: ✅ 0 взято | 🗑️ 0 мусор
2026-06-12 03:02:24,387 | INFO     |   → 278/1177: ✅ 0 взято | 🗑️ 195 мусор
2026-06-12 03:02:24,387 | INFO     |   → 279/1177: ✅ 0 взято | 🗑️ 0 мусор
2026-06-12 03:02:24,387 | INFO     |   → 280/1177: ✅ 0 взято | 🗑️ 170 мусор
2026-06-12 03:02:24,387 | INFO     |   → 281/1177: ✅ 0 взято | 🗑️ 0 мусор
2026-06-12 03:02:24,387 | INFO     |   → 282/1177: ✅ 0 взято | 🗑️ 160 мусор
2026-06-12 03:02:24,388 | INFO     |   → 283/1177: ✅ 0 взято | 🗑️ 0 мусор
2026-06-12 03:02:24,388 | INFO     |   → 284/1177: ✅ 0 взято | 🗑️ 121 мусор
2026-06-12 03:02:24,388 | INFO     |   → 285/1177: ✅ 0 взято | 🗑️ 0 мусор
2026-06-12 03:02:24,388 | INFO     |   → 286/1177: ✅ 0 взято | 🗑️ 135 мусор
2026-06-12 03:02:24,388 | INFO     |   → 287/1177: ✅ 0 взято | 🗑️ 0 мусор
2026-06-12 03:02:24,388 | INFO     |   → 288/1177: ✅ 1 взято | 🗑️ 129 мусор
2026-06-12 03:02:24,388 | INFO     |   → 289/1177: ✅ 0 взято | 🗑️ 0 мусор
2026-06-12 03:02:24,388 | INFO     |   → 290/1177: ✅ 0 взято | 🗑️ 189 мусор
2026-06-12 03:02:24,388 | INFO     |   → 291/1177: ✅ 0 взято | 🗑️ 0 мусор
2026-06-12 03:02:24,388 | INFO     |   → 292/1177: ✅ 3 взято | 🗑️ 147 мусор
2026-06-12 03:02:24,388 | INFO     |   → 293/1177: ✅ 0 взято | 🗑️ 0 мусор
2026-06-12 03:02:24,388 | INFO     |   → 294/1177: ✅ 1 взято | 🗑️ 183 мусор
2026-06-12 03:02:24,388 | INFO     |   → 295/1177: ✅ 0 взято | 🗑️ 0 мусор
2026-06-12 03:02:24,388 | INFO     |   → 296/1177: ✅ 0 взято | 🗑️ 155 мусор
2026-06-12 03:02:24,388 | INFO     |   → 297/1177: ✅ 0 взято | 🗑️ 0 мусор
2026-06-12 03:02:24,388 | INFO     |   → 298/1177: ✅ 0 взято | 🗑️ 114 мусор
2026-06-12 03:02:24,388 | INFO     |   → 299/1177: ✅ 0 взято | 🗑️ 0 мусор
2026-06-12 03:02:24,388 | INFO     |   → 300/1177: ✅ 0 взято | 🗑️ 239 мусор
2026-06-12 03:02:24,388 | INFO     |   → 301/1177: ✅ 0 взято | 🗑️ 0 мусор
2026-06-12 03:02:24,389 | INFO     |   → 302/1177: ✅ 0 взято | 🗑️ 204 мусор
2026-06-12 03:02:24,389 | INFO     |   → 303/1177: ✅ 0 взято | 🗑️ 0 мусор
2026-06-12 03:02:24,389 | INFO     |   → 304/1177: ✅ 0 взято | 🗑️ 232 мусор
2026-06-12 03:02:24,389 | INFO     |   → 305/1177: ✅ 0 взято | 🗑️ 0 мусор
2026-06-12 03:02:24,389 | INFO     |   → 306/1177: ✅ 0 взято | 🗑️ 192 мусор
2026-06-12 03:02:24,389 | INFO     |   → 307/1177: ✅ 0 взято | 🗑️ 0 мусор
2026-06-12 03:02:24,389 | INFO     |   → 308/1177: ✅ 0 взято | 🗑️ 183 мусор
2026-06-12 03:02:24,389 | INFO     |   → 309/1177: ✅ 0 взято | 🗑️ 0 мусор
2026-06-12 03:02:24,389 | INFO     |   → 310/1177: ✅ 0 взято | 🗑️ 169 мусор
2026-06-12 03:02:24,389 | INFO     |   → 311/1177: ✅ 0 взято | 🗑️ 0 мусор
2026-06-12 03:02:24,389 | INFO     |   → 312/1177: ✅ 0 взято | 🗑️ 167 мусор
2026-06-12 03:02:24,389 | INFO     |   → 313/1177: ✅ 0 взято | 🗑️ 0 мусор
2026-06-12 03:02:24,389 | INFO     |   → 314/1177: ✅ 0 взято | 🗑️ 193 мусор
2026-06-12 03:02:24,389 | INFO     |   → 315/1177: ✅ 0 взято | 🗑️ 0 мусор
2026-06-12 03:02:24,389 | INFO     |   → 316/1177: ✅ 1 взято | 🗑️ 161 мусор
2026-06-12 03:02:24,389 | INFO     |   → 317/1177: ✅ 0 взято | 🗑️ 0 мусор
2026-06-12 03:02:24,389 | INFO     |   → 318/1177: ✅ 0 взято | 🗑️ 171 мусор
2026-06-12 03:02:24,389 | INFO     |   → 319/1177: ✅ 0 взято | 🗑️ 0 мусор
2026-06-12 03:02:24,389 | INFO     |   → 320/1177: ✅ 0 взято | 🗑️ 174 мусор
2026-06-12 03:02:24,389 | INFO     |   → 321/1177: ✅ 0 взято | 🗑️ 0 мусор
2026-06-12 03:02:24,389 | INFO     |   → 322/1177: ✅ 0 взято | 🗑️ 206 мусор
2026-06-12 03:02:24,389 | INFO     |   → 323/1177: ✅ 0 взято | 🗑️ 0 мусор
2026-06-12 03:02:24,389 | INFO     |   → 324/1177: ✅ 0 взято | 🗑️ 170 мусор
2026-06-12 03:02:24,389 | INFO     |   → 325/1177: ✅ 0 взято | 🗑️ 0 мусор
2026-06-12 03:02:24,389 | INFO     |   → 326/1177: ✅ 1 взято | 🗑️ 196 мусор
2026-06-12 03:02:24,389 | INFO     |   → 327/1177: ✅ 0 взято | 🗑️ 0 мусор
2026-06-12 03:02:24,389 | INFO     |   → 328/1177: ✅ 0 взято | 🗑️ 208 мусор
2026-06-12 03:02:24,389 | INFO     |   → 329/1177: ✅ 0 взято | 🗑️ 0 мусор
2026-06-12 03:02:24,389 | INFO     |   → 330/1177: ✅ 0 взято | 🗑️ 162 мусор
2026-06-12 03:02:24,389 | INFO     |   → 331/1177: ✅ 0 взято | 🗑️ 0 мусор
2026-06-12 03:02:24,389 | INFO     |   → 332/1177: ✅ 0 взято | 🗑️ 116 мусор
2026-06-12 03:02:24,389 | INFO     |   → 333/1177: ✅ 0 взято | 🗑️ 0 мусор
2026-06-12 03:02:24,389 | INFO     |   → 334/1177: ✅ 0 взято | 🗑️ 132 мусор
2026-06-12 03:02:24,389 | INFO     |   → 335/1177: ✅ 0 взято | 🗑️ 0 мусор
2026-06-12 03:02:24,389 | INFO     |   → 336/1177: ✅ 0 взято | 🗑️ 132 мусор
2026-06-12 03:02:24,389 | INFO     |   → 337/1177: ✅ 0 взято | 🗑️ 0 мусор
2026-06-12 03:02:24,389 | INFO     |   → 338/1177: ✅ 1 взято | 🗑️ 113 мусор
2026-06-12 03:02:24,389 | INFO     |   → 339/1177: ✅ 0 взято | 🗑️ 0 мусор
2026-06-12 03:02:24,389 | INFO     |   → 340/1177: ✅ 0 взято | 🗑️ 103 мусор
2026-06-12 03:02:24,389 | INFO     |   → 341/1177: ✅ 0 взято | 🗑️ 0 мусор
2026-06-12 03:02:24,389 | INFO     |   → 342/1177: ✅ 3 взято | 🗑️ 213 мусор
2026-06-12 03:02:24,390 | INFO     |   → 343/1177: ✅ 0 взято | 🗑️ 0 мусор
2026-06-12 03:02:24,390 | INFO     |   → 344/1177: ✅ 1 взято | 🗑️ 130 мусор
2026-06-12 03:02:24,390 | INFO     |   → 345/1177: ✅ 0 взято | 🗑️ 0 мусор
2026-06-12 03:02:24,390 | INFO     |   → 346/1177: ✅ 0 взято | 🗑️ 135 мусор
2026-06-12 03:02:24,390 | INFO     |   → 347/1177: ✅ 0 взято | 🗑️ 0 мусор
2026-06-12 03:02:24,390 | INFO     |   → 348/1177: ✅ 0 взято | 🗑️ 145 мусор
2026-06-12 03:02:24,390 | INFO     |   → 349/1177: ✅ 0 взято | 🗑️ 0 мусор
2026-06-12 03:02:24,390 | INFO     |   → 350/1177: ✅ 0 взято | 🗑️ 157 мусор
2026-06-12 03:02:24,390 | INFO     |   → 351/1177: ✅ 0 взято | 🗑️ 0 мусор
2026-06-12 03:02:24,390 | INFO     |   → 352/1177: ✅ 0 взято | 🗑️ 131 мусор
2026-06-12 03:02:24,390 | INFO     |   → 353/1177: ✅ 0 взято | 🗑️ 0 мусор
2026-06-12 03:02:24,390 | INFO     |   → 354/1177: ✅ 1 взято | 🗑️ 124 мусор
2026-06-12 03:02:24,390 | INFO     |   → 355/1177: ✅ 0 взято | 🗑️ 0 мусор
2026-06-12 03:02:24,390 | INFO     |   → 356/1177: ✅ 2 взято | 🗑️ 189 мусор
2026-06-12 03:02:24,390 | INFO     |   → 357/1177: ✅ 0 взято | 🗑️ 0 мусор
2026-06-12 03:02:24,390 | INFO     |   → 358/1177: ✅ 1 взято | 🗑️ 279 мусор
2026-06-12 03:02:24,390 | INFO     |   → 359/1177: ✅ 0 взято | 🗑️ 0 мусор
2026-06-12 03:02:24,390 | INFO     |   → 360/1177: ✅ 0 взято | 🗑️ 270 мусор
2026-06-12 03:02:24,390 | INFO     |   → 361/1177: ✅ 0 взято | 🗑️ 0 мусор
2026-06-12 03:02:24,390 | INFO     |   → 362/1177: ✅ 0 взято | 🗑️ 161 мусор
2026-06-12 03:02:24,390 | INFO     |   → 363/1177: ✅ 0 взято | 🗑️ 0 мусор
2026-06-12 03:02:24,390 | INFO     |   → 364/1177 ⚠️ Ошибка: HTTPSConnectionPool(host='ivuxy.tech', port=443): Max retries exceeded with url: /v.txt (Caused by NameResolutionError("HTTPSConnection(host='ivuxy.tech', port=443): Failed to resolve 'ivuxy.tech' ([Errno -2] Name or service not known)")) — https://ivuxy.tech/v.txt
2026-06-12 03:02:24,390 | INFO     |   → 365/1177 ⚠️ Ошибка: HTTPSConnectionPool(host='mirror.ghproxy.com', port=443): Max retries exceeded with url: /https://raw.githubusercontent.com/Barabama/FreeNodes/master/nodes/blues.txt (Caused by NameResolutionError("HTTPSConnection(host='mirror.ghproxy.com', port=443): Failed to resolve 'mirror.ghproxy.com' ([Errno -2] Name or service not known)")) — https://mirror.ghproxy.com/https://raw.githubusercontent.com/Barabama/FreeNodes/master/nodes/blues.txt
2026-06-12 03:02:24,390 | INFO     |   → 366/1177 ⚠️ Ошибка: HTTPSConnectionPool(host='mirror.ghproxy.com', port=443): Max retries exceeded with url: /https://raw.githubusercontent.com/Barabama/FreeNodes/master/nodes/halekj.txt (Caused by NameResolutionError("HTTPSConnection(host='mirror.ghproxy.com', port=443): Failed to resolve 'mirror.ghproxy.com' ([Errno -2] Name or service not known)")) — https://mirror.ghproxy.com/https://raw.githubusercontent.com/Barabama/FreeNodes/master/nodes/halekj.txt
2026-06-12 03:02:24,390 | INFO     |   → 367/1177 ⚠️ Ошибка: HTTPSConnectionPool(host='mirror.ghproxy.com', port=443): Max retries exceeded with url: /https://raw.githubusercontent.com/Barabama/FreeNodes/master/nodes/kkzui.txt (Caused by NameResolutionError("HTTPSConnection(host='mirror.ghproxy.com', port=443): Failed to resolve 'mirror.ghproxy.com' ([Errno -2] Name or service not known)")) — https://mirror.ghproxy.com/https://raw.githubusercontent.com/Barabama/FreeNodes/master/nodes/kkzui.txt
2026-06-12 03:02:24,390 | INFO     |   → 368/1177 ⚠️ Ошибка: HTTPSConnectionPool(host='mirror.ghproxy.com', port=443): Max retries exceeded with url: /https://raw.githubusercontent.com/Barabama/FreeNodes/master/nodes/merged.txt (Caused by NameResolutionError("HTTPSConnection(host='mirror.ghproxy.com', port=443): Failed to resolve 'mirror.ghproxy.com' ([Errno -2] Name or service not known)")) — https://mirror.ghproxy.com/https://raw.githubusercontent.com/Barabama/FreeNodes/master/nodes/merged.txt
2026-06-12 03:02:24,390 | INFO     |   → 369/1177 ⚠️ Ошибка: HTTPSConnectionPool(host='mirror.ghproxy.com', port=443): Max retries exceeded with url: /https://raw.githubusercontent.com/Barabama/FreeNodes/master/nodes/nodefree.txt (Caused by NameResolutionError("HTTPSConnection(host='mirror.ghproxy.com', port=443): Failed to resolve 'mirror.ghproxy.com' ([Errno -2] Name or service not known)")) — https://mirror.ghproxy.com/https://raw.githubusercontent.com/Barabama/FreeNodes/master/nodes/nodefree.txt
2026-06-12 03:02:24,390 | INFO     |   → 370/1177 ⚠️ Ошибка: HTTPSConnectionPool(host='mirror.ghproxy.com', port=443): Max retries exceeded with url: /https://raw.githubusercontent.com/Barabama/FreeNodes/master/nodes/openrunner.txt (Caused by NameResolutionError("HTTPSConnection(host='mirror.ghproxy.com', port=443): Failed to resolve 'mirror.ghproxy.com' ([Errno -2] Name or service not known)")) — https://mirror.ghproxy.com/https://raw.githubusercontent.com/Barabama/FreeNodes/master/nodes/openrunner.txt
2026-06-12 03:02:24,390 | INFO     |   → 371/1177 ⚠️ Ошибка: HTTPSConnectionPool(host='mirror.ghproxy.com', port=443): Max retries exceeded with url: /https://raw.githubusercontent.com/Barabama/FreeNodes/master/nodes/v2rayshare.txt (Caused by NameResolutionError("HTTPSConnection(host='mirror.ghproxy.com', port=443): Failed to resolve 'mirror.ghproxy.com' ([Errno -2] Name or service not known)")) — https://mirror.ghproxy.com/https://raw.githubusercontent.com/Barabama/FreeNodes/master/nodes/v2rayshare.txt
2026-06-12 03:02:24,390 | INFO     |   → 372/1177 ⚠️ Ошибка: HTTPSConnectionPool(host='mirror.ghproxy.com', port=443): Max retries exceeded with url: /https://raw.githubusercontent.com/Barabama/FreeNodes/master/nodes/wenode.txt (Caused by NameResolutionError("HTTPSConnection(host='mirror.ghproxy.com', port=443): Failed to resolve 'mirror.ghproxy.com' ([Errno -2] Name or service not known)")) — https://mirror.ghproxy.com/https://raw.githubusercontent.com/Barabama/FreeNodes/master/nodes/wenode.txt
2026-06-12 03:02:24,390 | INFO     |   → 373/1177 ⚠️ Ошибка: HTTPSConnectionPool(host='mirror.ghproxy.com', port=443): Max retries exceeded with url: /https://raw.githubusercontent.com/Barabama/FreeNodes/master/nodes/yudou66.txt (Caused by NameResolutionError("HTTPSConnection(host='mirror.ghproxy.com', port=443): Failed to resolve 'mirror.ghproxy.com' ([Errno -2] Name or service not known)")) — https://mirror.ghproxy.com/https://raw.githubusercontent.com/Barabama/FreeNodes/master/nodes/yudou66.txt
2026-06-12 03:02:24,390 | INFO     |   → 374/1177: ✅ 7 взято | 🗑️ 17 мусор
2026-06-12 03:02:24,390 | INFO     |   → 375/1177: ✅ 0 взято | 🗑️ 17 мусор
2026-06-12 03:02:24,390 | INFO     |   → 376/1177: ✅ 14 взято | 🗑️ 14 мусор
2026-06-12 03:02:24,390 | INFO     |   → 377/1177: ✅ 0 взято | 🗑️ 14 мусор
2026-06-12 03:02:24,390 | INFO     |   → 378/1177: ✅ 0 взято | 🗑️ 14 мусор
2026-06-12 03:02:24,390 | INFO     |   → 379/1177: ✅ 0 взято | 🗑️ 14 мусор
2026-06-12 03:02:24,390 | INFO     |   → 380/1177: ✅ 0 взято | 🗑️ 14 мусор
2026-06-12 03:02:24,390 | INFO     |   → 381/1177: ✅ 0 взято | 🗑️ 14 мусор
2026-06-12 03:02:24,390 | INFO     |   → 382/1177: ✅ 0 взято | 🗑️ 14 мусор
2026-06-12 03:02:24,390 | INFO     |   → 383/1177: ✅ 0 взято | 🗑️ 14 мусор
2026-06-12 03:02:24,390 | INFO     |   → 384/1177: ✅ 0 взято | 🗑️ 14 мусор
2026-06-12 03:02:24,390 | INFO     |   → 385/1177: ✅ 7 взято | 🗑️ 21 мусор
2026-06-12 03:02:24,390 | INFO     |   → 386/1177: ✅ 0 взято | 🗑️ 21 мусор
2026-06-12 03:02:24,390 | INFO     |   → 387/1177: ✅ 0 взято | 🗑️ 21 мусор
2026-06-12 03:02:24,391 | INFO     |   → 388/1177: ✅ 0 взято | 🗑️ 21 мусор
2026-06-12 03:02:24,391 | INFO     |   → 389/1177: ✅ 0 взято | 🗑️ 21 мусор
2026-06-12 03:02:24,391 | INFO     |   → 390/1177: ✅ 0 взято | 🗑️ 21 мусор
2026-06-12 03:02:24,391 | INFO     |   → 391/1177: ✅ 0 взято | 🗑️ 21 мусор
2026-06-12 03:02:24,391 | INFO     |   → 392/1177: ✅ 0 взято | 🗑️ 21 мусор
2026-06-12 03:02:24,391 | INFO     |   → 393/1177: ✅ 0 взято | 🗑️ 21 мусор
2026-06-12 03:02:24,391 | INFO     |   → 394/1177: ✅ 0 взято | 🗑️ 21 мусор
2026-06-12 03:02:24,391 | INFO     |   → 395/1177: ✅ 0 взято | 🗑️ 21 мусор
2026-06-12 03:02:24,391 | INFO     |   → 396/1177: ✅ 5 взято | 🗑️ 15 мусор
2026-06-12 03:02:24,391 | INFO     |   → 397/1177: ✅ 0 взято | 🗑️ 15 мусор
2026-06-12 03:02:24,391 | INFO     |   → 398/1177: ✅ 0 взято | 🗑️ 15 мусор
2026-06-12 03:02:24,391 | INFO     |   → 399/1177: ✅ 0 взято | 🗑️ 15 мусор
2026-06-12 03:02:24,391 | INFO     |   → 400/1177: ✅ 0 взято | 🗑️ 15 мусор
2026-06-12 03:02:24,391 | INFO     |   → 401/1177: ✅ 0 взято | 🗑️ 15 мусор
2026-06-12 03:02:24,391 | INFO     |   → 402/1177: ✅ 0 взято | 🗑️ 15 мусор
2026-06-12 03:02:24,391 | INFO     |   → 403/1177: ✅ 0 взято | 🗑️ 15 мусор
2026-06-12 03:02:24,391 | INFO     |   → 404/1177: ✅ 0 взято | 🗑️ 15 мусор
2026-06-12 03:02:24,391 | INFO     |   → 405/1177: ✅ 0 взято | 🗑️ 14 мусор
2026-06-12 03:02:24,391 | INFO     |   → 406/1177: ✅ 0 взято | 🗑️ 14 мусор
2026-06-12 03:02:24,391 | INFO     |   → 407/1177: ✅ 0 взято | 🗑️ 14 мусор
2026-06-12 03:02:24,391 | INFO     |   → 408/1177: ✅ 0 взято | 🗑️ 14 мусор
2026-06-12 03:02:24,391 | INFO     |   → 409/1177: ✅ 6 взято | 🗑️ 17 мусор
2026-06-12 03:02:24,391 | INFO     |   → 410/1177: ✅ 0 взято | 🗑️ 17 мусор
2026-06-12 03:02:24,391 | INFO     |   → 411/1177: ✅ 0 взято | 🗑️ 17 мусор
2026-06-12 03:02:24,391 | INFO     |   → 412/1177: ✅ 0 взято | 🗑️ 17 мусор
2026-06-12 03:02:24,391 | INFO     |   → 413/1177: ✅ 0 взято | 🗑️ 17 мусор
2026-06-12 03:02:24,391 | INFO     |   → 414/1177: ✅ 0 взято | 🗑️ 17 мусор
2026-06-12 03:02:24,391 | INFO     |   → 415/1177: ✅ 6 взято | 🗑️ 24 мусор
2026-06-12 03:02:24,391 | INFO     |   → 416/1177: ✅ 0 взято | 🗑️ 24 мусор
2026-06-12 03:02:24,391 | INFO     |   → 417/1177: ✅ 0 взято | 🗑️ 24 мусор
2026-06-12 03:02:24,391 | INFO     |   → 418/1177: ✅ 0 взято | 🗑️ 24 мусор
2026-06-12 03:02:24,391 | INFO     |   → 419/1177: ✅ 0 взято | 🗑️ 24 мусор
2026-06-12 03:02:24,391 | INFO     |   → 420/1177: ✅ 0 взято | 🗑️ 24 мусор
2026-06-12 03:02:24,391 | INFO     |   → 421/1177: ✅ 0 взято | 🗑️ 24 мусор
2026-06-12 03:02:24,392 | INFO     |   → 422/1177: ✅ 0 взято | 🗑️ 24 мусор
2026-06-12 03:02:24,392 | INFO     |   → 423/1177: ✅ 0 взято | 🗑️ 24 мусор
2026-06-12 03:02:24,392 | INFO     |   → 424/1177: ✅ 0 взято | 🗑️ 24 мусор
2026-06-12 03:02:24,392 | INFO     |   → 425/1177: ✅ 0 взято | 🗑️ 24 мусор
2026-06-12 03:02:24,392 | INFO     |   → 426/1177: ✅ 13 взято | 🗑️ 7 мусор
2026-06-12 03:02:24,392 | INFO     |   → 427/1177: ✅ 0 взято | 🗑️ 7 мусор
2026-06-12 03:02:24,392 | INFO     |   → 428/1177: ✅ 0 взято | 🗑️ 7 мусор
2026-06-12 03:02:24,392 | INFO     |   → 429/1177: ✅ 0 взято | 🗑️ 7 мусор
2026-06-12 03:02:24,392 | INFO     |   → 430/1177: ✅ 0 взято | 🗑️ 7 мусор
2026-06-12 03:02:24,392 | INFO     |   → 431/1177: ✅ 0 взято | 🗑️ 7 мусор
2026-06-12 03:02:24,392 | INFO     |   → 432/1177: ✅ 0 взято | 🗑️ 7 мусор
2026-06-12 03:02:24,392 | INFO     |   → 433/1177: ✅ 0 взято | 🗑️ 7 мусор
2026-06-12 03:02:24,392 | INFO     |   → 434/1177: ✅ 0 взято | 🗑️ 7 мусор
2026-06-12 03:02:24,392 | INFO     |   → 435/1177: ✅ 0 взято | 🗑️ 7 мусор
2026-06-12 03:02:24,392 | INFO     |   → 436/1177: ✅ 5 взято | 🗑️ 9 мусор
2026-06-12 03:02:24,392 | INFO     |   → 437/1177 ⚠️ Ошибка: HTTPSConnectionPool(host='nodefree.githubrowcontent.com', port=443): Max retries exceeded with url: /2024/07/20240705.yaml (Caused by NameResolutionError("HTTPSConnection(host='nodefree.githubrowcontent.com', port=443): Failed to resolve 'nodefree.githubrowcontent.com' ([Errno -2] Name or service not known)")) — https://nodefree.org/dy/2023/08/20230806.yaml
2026-06-12 03:02:24,392 | INFO     |   → 438/1177 ⚠️ Ошибка: HTTPSConnectionPool(host='nodefree.githubrowcontent.com', port=443): Max retries exceeded with url: /2024/07/20240705.txt (Caused by NameResolutionError("HTTPSConnection(host='nodefree.githubrowcontent.com', port=443): Failed to resolve 'nodefree.githubrowcontent.com' ([Errno -2] Name or service not known)")) — https://nodefree.org/dy/2023/12/20231221.txt
2026-06-12 03:02:24,392 | INFO     |   → 439/1177: ✅ 0 взято | 🗑️ 17 мусор
2026-06-12 03:02:24,392 | INFO     |   → 440/1177: ✅ 0 взято | 🗑️ 17 мусор
2026-06-12 03:02:24,392 | INFO     |   → 441/1177: ✅ 0 взято | 🗑️ 14 мусор
2026-06-12 03:02:24,392 | INFO     |   → 442/1177: ✅ 0 взято | 🗑️ 14 мусор
2026-06-12 03:02:24,392 | INFO     |   → 443/1177: ✅ 0 взято | 🗑️ 14 мусор
2026-06-12 03:02:24,392 | INFO     |   → 444/1177: ✅ 0 взято | 🗑️ 14 мусор
2026-06-12 03:02:24,392 | INFO     |   → 445/1177: ✅ 0 взято | 🗑️ 14 мусор
2026-06-12 03:02:24,392 | INFO     |   → 446/1177: ✅ 0 взято | 🗑️ 14 мусор
2026-06-12 03:02:24,392 | INFO     |   → 447/1177: ✅ 0 взято | 🗑️ 14 мусор
2026-06-12 03:02:24,392 | INFO     |   → 448/1177: ✅ 0 взято | 🗑️ 14 мусор
2026-06-12 03:02:24,392 | INFO     |   → 449/1177: ✅ 0 взято | 🗑️ 14 мусор
2026-06-12 03:02:24,392 | INFO     |   → 450/1177: ✅ 0 взято | 🗑️ 21 мусор
2026-06-12 03:02:24,392 | INFO     |   → 451/1177: ✅ 0 взято | 🗑️ 21 мусор
2026-06-12 03:02:24,392 | INFO     |   → 452/1177: ✅ 0 взято | 🗑️ 21 мусор
2026-06-12 03:02:24,392 | INFO     |   → 453/1177: ✅ 0 взято | 🗑️ 21 мусор
2026-06-12 03:02:24,392 | INFO     |   → 454/1177: ✅ 0 взято | 🗑️ 21 мусор
2026-06-12 03:02:24,392 | INFO     |   → 455/1177: ✅ 0 взято | 🗑️ 21 мусор
2026-06-12 03:02:24,392 | INFO     |   → 456/1177: ✅ 0 взято | 🗑️ 21 мусор
2026-06-12 03:02:24,392 | INFO     |   → 457/1177: ✅ 0 взято | 🗑️ 21 мусор
2026-06-12 03:02:24,392 | INFO     |   → 458/1177: ✅ 0 взято | 🗑️ 21 мусор
2026-06-12 03:02:24,392 | INFO     |   → 459/1177: ✅ 0 взято | 🗑️ 21 мусор
2026-06-12 03:02:24,392 | INFO     |   → 460/1177: ✅ 0 взято | 🗑️ 21 мусор
2026-06-12 03:02:24,392 | INFO     |   → 461/1177: ✅ 0 взято | 🗑️ 15 мусор
2026-06-12 03:02:24,392 | INFO     |   → 462/1177: ✅ 0 взято | 🗑️ 15 мусор
2026-06-12 03:02:24,392 | INFO     |   → 463/1177: ✅ 0 взято | 🗑️ 15 мусор
2026-06-12 03:02:24,392 | INFO     |   → 464/1177: ✅ 0 взято | 🗑️ 15 мусор
2026-06-12 03:02:24,392 | INFO     |   → 465/1177: ✅ 0 взято | 🗑️ 15 мусор
2026-06-12 03:02:24,392 | INFO     |   → 466/1177: ✅ 0 взято | 🗑️ 15 мусор
2026-06-12 03:02:24,393 | INFO     |   → 467/1177: ✅ 0 взято | 🗑️ 15 мусор
2026-06-12 03:02:24,393 | INFO     |   → 468/1177: ✅ 0 взято | 🗑️ 15 мусор
2026-06-12 03:02:24,393 | INFO     |   → 469/1177: ✅ 0 взято | 🗑️ 15 мусор
2026-06-12 03:02:24,393 | INFO     |   → 470/1177: ✅ 0 взято | 🗑️ 15 мусор
2026-06-12 03:02:24,393 | INFO     |   → 471/1177: ✅ 0 взято | 🗑️ 14 мусор
2026-06-12 03:02:24,393 | INFO     |   → 472/1177: ✅ 0 взято | 🗑️ 14 мусор
2026-06-12 03:02:24,393 | INFO     |   → 473/1177: ✅ 0 взято | 🗑️ 14 мусор
2026-06-12 03:02:24,393 | INFO     |   → 474/1177: ✅ 0 взято | 🗑️ 14 мусор
2026-06-12 03:02:24,393 | INFO     |   → 475/1177: ✅ 0 взято | 🗑️ 17 мусор
2026-06-12 03:02:24,393 | INFO     |   → 476/1177: ✅ 0 взято | 🗑️ 17 мусор
2026-06-12 03:02:24,393 | INFO     |   → 477/1177: ✅ 0 взято | 🗑️ 17 мусор
2026-06-12 03:02:24,393 | INFO     |   → 478/1177: ✅ 0 взято | 🗑️ 17 мусор
2026-06-12 03:02:24,393 | INFO     |   → 479/1177: ✅ 0 взято | 🗑️ 17 мусор
2026-06-12 03:02:24,393 | INFO     |   → 480/1177: ✅ 0 взято | 🗑️ 24 мусор
2026-06-12 03:02:24,393 | INFO     |   → 481/1177: ✅ 0 взято | 🗑️ 24 мусор
2026-06-12 03:02:24,393 | INFO     |   → 482/1177: ✅ 0 взято | 🗑️ 24 мусор
2026-06-12 03:02:24,393 | INFO     |   → 483/1177: ✅ 0 взято | 🗑️ 24 мусор
2026-06-12 03:02:24,393 | INFO     |   → 484/1177: ✅ 0 взято | 🗑️ 24 мусор
2026-06-12 03:02:24,393 | INFO     |   → 485/1177: ✅ 0 взято | 🗑️ 24 мусор
2026-06-12 03:02:24,393 | INFO     |   → 486/1177: ✅ 0 взято | 🗑️ 24 мусор
2026-06-12 03:02:24,393 | INFO     |   → 487/1177: ✅ 0 взято | 🗑️ 24 мусор
2026-06-12 03:02:24,393 | INFO     |   → 488/1177: ✅ 0 взято | 🗑️ 24 мусор
2026-06-12 03:02:24,393 | INFO     |   → 489/1177: ✅ 0 взято | 🗑️ 24 мусор
2026-06-12 03:02:24,393 | INFO     |   → 490/1177: ✅ 0 взято | 🗑️ 24 мусор
2026-06-12 03:02:24,393 | INFO     |   → 491/1177: ✅ 0 взято | 🗑️ 7 мусор
2026-06-12 03:02:24,393 | INFO     |   → 492/1177: ✅ 0 взято | 🗑️ 7 мусор
2026-06-12 03:02:24,393 | INFO     |   → 493/1177: ✅ 0 взято | 🗑️ 7 мусор
2026-06-12 03:02:24,393 | INFO     |   → 494/1177: ✅ 0 взято | 🗑️ 7 мусор
2026-06-12 03:02:24,393 | INFO     |   → 495/1177: ✅ 0 взято | 🗑️ 7 мусор
2026-06-12 03:02:24,393 | INFO     |   → 496/1177: ✅ 0 взято | 🗑️ 7 мусор
2026-06-12 03:02:24,393 | INFO     |   → 497/1177: ✅ 0 взято | 🗑️ 7 мусор
2026-06-12 03:02:24,393 | INFO     |   → 498/1177: ✅ 0 взято | 🗑️ 7 мусор
2026-06-12 03:02:24,393 | INFO     |   → 499/1177: ✅ 0 взято | 🗑️ 7 мусор
2026-06-12 03:02:24,393 | INFO     |   → 500/1177: ✅ 0 взято | 🗑️ 7 мусор
2026-06-12 03:02:24,393 | INFO     |   → 501/1177: ✅ 0 взято | 🗑️ 9 мусор
2026-06-12 03:02:24,393 | INFO     |   → 502/1177: ✅ 0 взято | 🗑️ 0 мусор
2026-06-12 03:02:24,393 | INFO     |   → 503/1177: ✅ 0 взято | 🗑️ 0 мусор
2026-06-12 03:02:24,393 | INFO     |   → 504/1177: ✅ 0 взято | 🗑️ 0 мусор
2026-06-12 03:02:24,393 | INFO     |   → 505/1177: ✅ 0 взято | 🗑️ 0 мусор
2026-06-12 03:02:24,393 | INFO     |   → 506/1177: ✅ 0 взято | 🗑️ 0 мусор
2026-06-12 03:02:24,393 | INFO     |   → 507/1177: ✅ 0 взято | 🗑️ 0 мусор
2026-06-12 03:02:24,393 | INFO     |   → 508/1177: ✅ 0 взято | 🗑️ 0 мусор
2026-06-12 03:02:24,393 | INFO     |   → 509/1177: ✅ 0 взято | 🗑️ 0 мусор
2026-06-12 03:02:24,393 | INFO     |   → 510/1177: ✅ 0 взято | 🗑️ 0 мусор
2026-06-12 03:02:24,393 | INFO     |   → 511/1177: ✅ 0 взято | 🗑️ 0 мусор
2026-06-12 03:02:24,393 | INFO     |   → 512/1177: ✅ 0 взято | 🗑️ 0 мусор
2026-06-12 03:02:24,394 | INFO     |   → 513/1177: ✅ 0 взято | 🗑️ 0 мусор
2026-06-12 03:02:24,394 | INFO     |   → 514/1177 ❌ HTTP 404 — https://raw.githubusercontent.com/10ium/MihomoSaz/main/Sublist/shatakvpn.yaml4_Sub.txt
2026-06-12 03:02:24,394 | INFO     |   → 515/1177: ✅ 0 взято | 🗑️ 0 мусор
2026-06-12 03:02:24,394 | INFO     |   → 516/1177: ✅ 0 взято | 🗑️ 0 мусор
2026-06-12 03:02:24,394 | INFO     |   → 517/1177: ✅ 167 взято | 🗑️ 672 мусор
2026-06-12 03:02:24,394 | INFO     |   → 518/1177: ✅ 0 взято | 🗑️ 0 мусор
2026-06-12 03:02:24,394 | INFO     |   → 519/1177: ✅ 0 взято | 🗑️ 0 мусор
2026-06-12 03:02:24,394 | INFO     |   → 520/1177: ✅ 11 взято | 🗑️ 399 мусор
2026-06-12 03:02:24,394 | INFO     |   → 521/1177: ✅ 0 взято | 🗑️ 0 мусор
2026-06-12 03:02:24,394 | INFO     |   → 522/1177 ❌ HTTP 404 — https://raw.githubusercontent.com/9Fork/openit/main/Clash.yaml
2026-06-12 03:02:24,394 | INFO     |   → 523/1177: ✅ 45 взято | 🗑️ 35 мусор
2026-06-12 03:02:24,394 | INFO     |   → 524/1177: ✅ 0 взято | 🗑️ 35 мусор
2026-06-12 03:02:24,394 | INFO     |   → 525/1177: ✅ 19 взято | 🗑️ 81 мусор
2026-06-12 03:02:24,394 | INFO     |   → 526/1177: ✅ 11 взято | 🗑️ 87 мусор
2026-06-12 03:02:24,394 | INFO     |   → 527/1177: ✅ 27 взято | 🗑️ 73 мусор
2026-06-12 03:02:24,394 | INFO     |   → 528/1177: ✅ 13 взято | 🗑️ 75 мусор
2026-06-12 03:02:24,394 | INFO     |   → 529/1177: ✅ 10 взято | 🗑️ 83 мусор
2026-06-12 03:02:24,394 | INFO     |   → 530/1177: ✅ 12 взято | 🗑️ 86 мусор
2026-06-12 03:02:24,394 | INFO     |   → 531/1177: ✅ 11 взято | 🗑️ 87 мусор
2026-06-12 03:02:24,394 | INFO     |   → 532/1177: ✅ 11 взято | 🗑️ 80 мусор
2026-06-12 03:02:24,394 | INFO     |   → 533/1177: ✅ 9 взято | 🗑️ 82 мусор
2026-06-12 03:02:24,394 | INFO     |   → 534/1177: ✅ 69 взято | 🗑️ 3 мусор
2026-06-12 03:02:24,394 | INFO     |   → 535/1177: ✅ 3 взято | 🗑️ 75 мусор
2026-06-12 03:02:24,394 | INFO     |   → 536/1177: ✅ 4 взято | 🗑️ 69 мусор
2026-06-12 03:02:24,394 | INFO     |   → 537/1177: ✅ 4 взято | 🗑️ 80 мусор
2026-06-12 03:02:24,394 | INFO     |   → 538/1177: ✅ 6 взято | 🗑️ 81 мусор
2026-06-12 03:02:24,394 | INFO     |   → 539/1177: ✅ 5 взято | 🗑️ 79 мусор
2026-06-12 03:02:24,394 | INFO     |   → 540/1177: ✅ 11 взято | 🗑️ 78 мусор
2026-06-12 03:02:24,394 | INFO     |   → 541/1177: ✅ 3 взято | 🗑️ 83 мусор
2026-06-12 03:02:24,395 | INFO     |   → 542/1177: ✅ 14 взято | 🗑️ 76 мусор
2026-06-12 03:02:24,395 | INFO     |   → 543/1177: ✅ 12 взято | 🗑️ 78 мусор
2026-06-12 03:02:24,395 | INFO     |   → 544/1177: ✅ 26 взято | 🗑️ 218 мусор
2026-06-12 03:02:24,395 | INFO     |   → 545/1177: ✅ 44 взято | 🗑️ 141 мусор
2026-06-12 03:02:24,395 | INFO     |   → 546/1177: ✅ 10 взято | 🗑️ 71 мусор
2026-06-12 03:02:24,395 | INFO     |   → 547/1177: ✅ 2 взято | 🗑️ 88 мусор
2026-06-12 03:02:24,395 | INFO     |   → 548/1177: ✅ 0 взято | 🗑️ 3 мусор
2026-06-12 03:02:24,395 | INFO     |   → 549/1177: ✅ 14 взято | 🗑️ 4 мусор
2026-06-12 03:02:24,395 | INFO     |   → 550/1177: ✅ 705 взято | 🗑️ 2486 мусор
2026-06-12 03:02:24,395 | INFO     |   → 551/1177 ❌ HTTP 404 — https://raw.githubusercontent.com/Alvin9999/pac2/master/clash/1/config.yaml
2026-06-12 03:02:24,395 | INFO     |   → 552/1177 ❌ HTTP 404 — https://raw.githubusercontent.com/AmirHDevo/temp2/7f15e7ddb311a6f8c5ab338bd1af0e1f2136a84b/configs.txt
2026-06-12 03:02:24,395 | INFO     |   → 553/1177: ✅ 13 взято | 🗑️ 293 мусор
2026-06-12 03:02:24,395 | INFO     |   → 554/1177: ✅ 8199 взято | 🗑️ 113310 мусор
2026-06-12 03:02:24,395 | INFO     |   → 555/1177: ✅ 5 взято | 🗑️ 47 мусор
2026-06-12 03:02:24,395 | INFO     |   → 556/1177: ✅ 0 взято | 🗑️ 48 мусор
2026-06-12 03:02:24,395 | INFO     |   → 557/1177: ✅ 21 взято | 🗑️ 107 мусор
2026-06-12 03:02:24,395 | INFO     |   → 558/1177: ✅ 78 взято | 🗑️ 347 мусор
2026-06-12 03:02:24,395 | INFO     |   → 559/1177: ✅ 0 взято | 🗑️ 1373 мусор
2026-06-12 03:02:24,396 | INFO     |   → 560/1177: ✅ 339 взято | 🗑️ 1542 мусор
2026-06-12 03:02:24,396 | INFO     |   → 561/1177: ✅ 0 взято | 🗑️ 6 мусор
2026-06-12 03:02:24,396 | INFO     |   → 562/1177: ✅ 0 взято | 🗑️ 0 мусор
2026-06-12 03:02:24,396 | INFO     |   → 563/1177: ✅ 1 взято | 🗑️ 235 мусор
2026-06-12 03:02:24,396 | INFO     |   → 564/1177: ✅ 0 взято | 🗑️ 16 мусор
2026-06-12 03:02:24,396 | INFO     |   → 565/1177: ✅ 0 взято | 🗑️ 0 мусор
2026-06-12 03:02:24,396 | INFO     |   → 566/1177: ✅ 0 взято | 🗑️ 14 мусор
2026-06-12 03:02:24,396 | INFO     |   → 567/1177: ✅ 0 взято | 🗑️ 0 мусор
2026-06-12 03:02:24,396 | INFO     |   → 568/1177: ✅ 0 взято | 🗑️ 17 мусор
2026-06-12 03:02:24,396 | INFO     |   → 569/1177: ✅ 0 взято | 🗑️ 0 мусор
2026-06-12 03:02:24,396 | INFO     |   → 570/1177: ✅ 1 взято | 🗑️ 12 мусор
2026-06-12 03:02:24,396 | INFO     |   → 571/1177: ✅ 0 взято | 🗑️ 0 мусор
2026-06-12 03:02:24,396 | INFO     |   → 572/1177: ✅ 0 взято | 🗑️ 17 мусор
2026-06-12 03:02:24,396 | INFO     |   → 573/1177: ✅ 0 взято | 🗑️ 0 мусор
2026-06-12 03:02:24,396 | INFO     |   → 574/1177: ✅ 0 взято | 🗑️ 17 мусор
2026-06-12 03:02:24,396 | INFO     |   → 575/1177: ✅ 0 взято | 🗑️ 0 мусор
2026-06-12 03:02:24,396 | INFO     |   → 576/1177: ✅ 0 взято | 🗑️ 161 мусор
2026-06-12 03:02:24,396 | INFO     |   → 577/1177: ✅ 0 взято | 🗑️ 0 мусор
2026-06-12 03:02:24,396 | INFO     |   → 578/1177: ✅ 5 взято | 🗑️ 76 мусор
2026-06-12 03:02:24,396 | INFO     |   → 579/1177: ✅ 80 взято | 🗑️ 1110 мусор
2026-06-12 03:02:24,396 | INFO     |   → 580/1177: ✅ 5 взято | 🗑️ 13 мусор
2026-06-12 03:02:24,396 | INFO     |   → 581/1177 ❌ HTTP 404 — https://raw.githubusercontent.com/Epodonios/bulk-xray-v2ray-vless-vmess-...-configs/main/sub/Austria/config.txt
2026-06-12 03:02:24,396 | INFO     |   → 582/1177 ❌ HTTP 404 — https://raw.githubusercontent.com/Epodonios/bulk-xray-v2ray-vless-vmess-...-configs/main/sub/Canada/config.txt
2026-06-12 03:02:24,396 | INFO     |   → 583/1177 ❌ HTTP 404 — https://raw.githubusercontent.com/Epodonios/bulk-xray-v2ray-vless-vmess-...-configs/main/sub/Costa%20Rica/config.txt
2026-06-12 03:02:24,396 | INFO     |   → 584/1177 ❌ HTTP 404 — https://raw.githubusercontent.com/Epodonios/bulk-xray-v2ray-vless-vmess-...-configs/main/sub/France/config.txt
2026-06-12 03:02:24,396 | INFO     |   → 585/1177 ❌ HTTP 404 — https://raw.githubusercontent.com/Epodonios/bulk-xray-v2ray-vless-vmess-...-configs/main/sub/Germany/config.txt
2026-06-12 03:02:24,396 | INFO     |   → 586/1177 ❌ HTTP 404 — https://raw.githubusercontent.com/Epodonios/bulk-xray-v2ray-vless-vmess-...-configs/main/sub/Indonesia/config.txt
2026-06-12 03:02:24,396 | INFO     |   → 587/1177 ❌ HTTP 404 — https://raw.githubusercontent.com/Epodonios/bulk-xray-v2ray-vless-vmess-...-configs/main/sub/Ireland/config.txt
2026-06-12 03:02:24,396 | INFO     |   → 588/1177 ❌ HTTP 404 — https://raw.githubusercontent.com/Epodonios/bulk-xray-v2ray-vless-vmess-...-configs/main/sub/Republic%20of%20Lithuania/config.txt
2026-06-12 03:02:24,396 | INFO     |   → 589/1177 ❌ HTTP 404 — https://raw.githubusercontent.com/Epodonios/bulk-xray-v2ray-vless-vmess-...-configs/main/sub/South%20Africa/config.txt
2026-06-12 03:02:24,396 | INFO     |   → 590/1177 ❌ HTTP 404 — https://raw.githubusercontent.com/Epodonios/bulk-xray-v2ray-vless-vmess-...-configs/main/sub/Sweden/config.txt
2026-06-12 03:02:24,397 | INFO     |   → 591/1177 ❌ HTTP 404 — https://raw.githubusercontent.com/Epodonios/bulk-xray-v2ray-vless-vmess-...-configs/main/sub/Turkey/config.txt
2026-06-12 03:02:24,397 | INFO     |   → 592/1177 ❌ HTTP 404 — https://raw.githubusercontent.com/Epodonios/bulk-xray-v2ray-vless-vmess-...-configs/main/sub/United%20Arab%20Emirates/config.txt
2026-06-12 03:02:24,397 | INFO     |   → 593/1177 ❌ HTTP 404 — https://raw.githubusercontent.com/Epodonios/bulk-xray-v2ray-vless-vmess-...-configs/main/sub/United%20Kingdom/config.txt
2026-06-12 03:02:24,397 | INFO     |   → 594/1177 ❌ HTTP 404 — https://raw.githubusercontent.com/Epodonios/bulk-xray-v2ray-vless-vmess-...-configs/main/sub/United%20States/config.txt
2026-06-12 03:02:24,397 | INFO     |   → 595/1177: ✅ 755 взято | 🗑️ 4912 мусор
2026-06-12 03:02:24,397 | INFO     |   → 596/1177 ❌ HTTP 404 — https://raw.githubusercontent.com/Epodonios/v2ray-configs/main/Splitted-By-Protocol/mix.txt
2026-06-12 03:02:24,397 | INFO     |   → 597/1177: ✅ 1 взято | 🗑️ 500 мусор
2026-06-12 03:02:24,397 | INFO     |   → 598/1177: ✅ 0 взято | 🗑️ 0 мусор
2026-06-12 03:02:24,397 | INFO     |   → 599/1177: ✅ 3 взято | 🗑️ 545 мусор
2026-06-12 03:02:24,397 | INFO     |   → 600/1177: ✅ 0 взято | 🗑️ 3218 мусор
2026-06-12 03:02:24,397 | INFO     |   → 601/1177: ✅ 0 взято | 🗑️ 501 мусор
2026-06-12 03:02:24,397 | INFO     |   → 602/1177 ❌ HTTP 404 — https://raw.githubusercontent.com/Epodonios/v2ray-configs/raw/main/Splitted-By-Protocol/trojan.txt
2026-06-12 03:02:24,397 | INFO     |   → 603/1177 ❌ HTTP 404 — https://raw.githubusercontent.com/Epodonios/v2ray-configs/raw/main/Splitted-By-Protocol/vmess.txt
2026-06-12 03:02:24,397 | INFO     |   → 604/1177: ✅ 0 взято | 🗑️ 500 мусор
2026-06-12 03:02:24,397 | INFO     |   → 605/1177: ✅ 0 взято | 🗑️ 0 мусор
2026-06-12 03:02:24,397 | INFO     |   → 606/1177: ✅ 0 взято | 🗑️ 545 мусор
2026-06-12 03:02:24,397 | INFO     |   → 607/1177: ✅ 0 взято | 🗑️ 3218 мусор
2026-06-12 03:02:24,397 | INFO     |   → 608/1177: ✅ 0 взято | 🗑️ 501 мусор
2026-06-12 03:02:24,397 | INFO     |   → 609/1177 ❌ HTTP 404 — https://raw.githubusercontent.com/Fido6/FreeNodes/57221e59caddde55ffdda21d491ae952cd608049/nodes/halekj.txt
2026-06-12 03:02:24,397 | INFO     |   → 610/1177 ❌ HTTP 404 — https://raw.githubusercontent.com/Fido6/FreeNodes/57221e59caddde55ffdda21d491ae952cd608049/nodes/kkzui.txt
2026-06-12 03:02:24,397 | INFO     |   → 611/1177 ❌ HTTP 404 — https://raw.githubusercontent.com/Fido6/FreeNodes/57221e59caddde55ffdda21d491ae952cd608049/nodes/wenode.txt
2026-06-12 03:02:24,397 | INFO     |   → 612/1177: ✅ 0 взято | 🗑️ 0 мусор
2026-06-12 03:02:24,397 | INFO     |   → 613/1177: ✅ 0 взято | 🗑️ 0 мусор
2026-06-12 03:02:24,397 | INFO     |   → 614/1177: ✅ 14 взято | 🗑️ 250 мусор
2026-06-12 03:02:24,397 | INFO     |   → 615/1177: ✅ 2 взято | 🗑️ 9 мусор
2026-06-12 03:02:24,397 | INFO     |   → 616/1177: ✅ 1 взято | 🗑️ 17 мусор
2026-06-12 03:02:24,397 | INFO     |   → 617/1177: ✅ 4 взято | 🗑️ 11 мусор
2026-06-12 03:02:24,397 | INFO     |   → 618/1177: ✅ 0 взято | 🗑️ 0 мусор
2026-06-12 03:02:24,397 | INFO     |   → 619/1177: ✅ 0 взято | 🗑️ 137 мусор
2026-06-12 03:02:24,398 | INFO     |   → 620/1177: ✅ 0 взято | 🗑️ 32 мусор
2026-06-12 03:02:24,398 | INFO     |   → 621/1177: ✅ 2 взято | 🗑️ 19 мусор
2026-06-12 03:02:24,398 | INFO     |   → 622/1177: ✅ 0 взято | 🗑️ 43 мусор
2026-06-12 03:02:24,398 | INFO     |   → 623/1177: ✅ 0 взято | 🗑️ 43 мусор
2026-06-12 03:02:24,398 | INFO     |   → 624/1177 ❌ HTTP 404 — https://raw.githubusercontent.com/Iran-v2ray/v2ray/main/v2ray
2026-06-12 03:02:24,398 | INFO     |   → 625/1177: ✅ 0 взято | 🗑️ 1 мусор
2026-06-12 03:02:24,398 | INFO     |   → 626/1177: ✅ 0 взято | 🗑️ 1 мусор
2026-06-12 03:02:24,398 | INFO     |   → 627/1177: ✅ 0 взято | 🗑️ 28 мусор
2026-06-12 03:02:24,398 | INFO     |   → 628/1177: ✅ 14 взято | 🗑️ 282 мусор
2026-06-12 03:02:24,398 | INFO     |   → 629/1177: ✅ 0 взято | 🗑️ 94 мусор
2026-06-12 03:02:24,398 | INFO     |   → 630/1177: ✅ 0 взято | 🗑️ 0 мусор
2026-06-12 03:02:24,398 | INFO     |   → 631/1177: ✅ 0 взято | 🗑️ 0 мусор
2026-06-12 03:02:24,398 | INFO     |   → 632/1177 ❌ HTTP 404 — https://raw.githubusercontent.com/Kwinshadow/TelegramV2rayCollector/raw/refs/heads/main/sublinks/mix.txt
2026-06-12 03:02:24,398 | INFO     |   → 633/1177 ❌ HTTP 404 — https://raw.githubusercontent.com/LalatinaHub/Mineral/raw/refs/heads/master/result/nodes
2026-06-12 03:02:24,398 | INFO     |   → 634/1177 ❌ HTTP 404 — https://raw.githubusercontent.com/Leon406/SubCrawler/main/sub/share/all3
2026-06-12 03:02:24,398 | INFO     |   → 635/1177 ❌ HTTP 404 — https://raw.githubusercontent.com/Leon406/SubCrawler/main/sub/share/all4
2026-06-12 03:02:24,398 | INFO     |   → 636/1177: ✅ 4 взято | 🗑️ 335 мусор
2026-06-12 03:02:24,398 | INFO     |   → 637/1177: ✅ 0 взято | 🗑️ 33 мусор
2026-06-12 03:02:24,398 | INFO     |   → 638/1177: ✅ 0 взято | 🗑️ 6 мусор
2026-06-12 03:02:24,398 | INFO     |   → 639/1177: ✅ 0 взято | 🗑️ 147 мусор
2026-06-12 03:02:24,398 | INFO     |   → 640/1177 ❌ HTTP 404 — https://raw.githubusercontent.com/M-Mashreghi/free-config-collector/main/Splitted-By-Protocol/ssr.txt
2026-06-12 03:02:24,399 | INFO     |   → 641/1177: ✅ 139 взято | 🗑️ 114 мусор
2026-06-12 03:02:24,399 | INFO     |   → 642/1177: ✅ 126 взято | 🗑️ 137 мусор
2026-06-12 03:02:24,399 | INFO     |   → 643/1177: ✅ 0 взято | 🗑️ 12 мусор
2026-06-12 03:02:24,399 | INFO     |   → 644/1177: ✅ 0 взято | 🗑️ 1 мусор
2026-06-12 03:02:24,399 | INFO     |   → 645/1177: ✅ 353 взято | 🗑️ 38 мусор
2026-06-12 03:02:24,399 | INFO     |   → 646/1177: ✅ 0 взято | 🗑️ 38 мусор
2026-06-12 03:02:24,399 | INFO     |   → 647/1177 ❌ HTTP 404 — https://raw.githubusercontent.com/MatinGhanbari/v2ray-configs/main/subscriptions/filtered/subs/hy2.txt
2026-06-12 03:02:24,399 | INFO     |   → 648/1177: ✅ 32 взято | 🗑️ 1555 мусор
2026-06-12 03:02:24,399 | INFO     |   → 649/1177 ❌ HTTP 404 — https://raw.githubusercontent.com/MatinGhanbari/v2ray-configs/main/subscriptions/filtered/subs/ssr.txt
2026-06-12 03:02:24,399 | INFO     |   → 650/1177: ✅ 63 взято | 🗑️ 545 мусор
2026-06-12 03:02:24,399 | INFO     |   → 651/1177 ❌ HTTP 404 — https://raw.githubusercontent.com/MatinGhanbari/v2ray-configs/main/subscriptions/filtered/subs/tuic.txt
2026-06-12 03:02:24,399 | INFO     |   → 652/1177: ✅ 5 взято | 🗑️ 54 мусор
2026-06-12 03:02:24,399 | INFO     |   → 653/1177: ✅ 251 взято | 🗑️ 1449 мусор
2026-06-12 03:02:24,399 | INFO     |   → 654/1177: ✅ 0 взято | 🗑️ 2 мусор
2026-06-12 03:02:24,399 | INFO     |   → 655/1177: ✅ 218 взято | 🗑️ 1670 мусор
2026-06-12 03:02:24,399 | INFO     |   → 656/1177: ✅ 0 взято | 🗑️ 807 мусор
2026-06-12 03:02:24,399 | INFO     |   → 657/1177: ✅ 0 взято | 🗑️ 807 мусор
2026-06-12 03:02:24,399 | INFO     |   → 658/1177: ✅ 0 взято | 🗑️ 128 мусор
2026-06-12 03:02:24,399 | INFO     |   → 659/1177: ✅ 0 взято | 🗑️ 2 мусор
2026-06-12 03:02:24,399 | INFO     |   → 660/1177: ✅ 0 взято | 🗑️ 649 мусор
2026-06-12 03:02:24,399 | INFO     |   → 661/1177: ✅ 0 взято | 🗑️ 92 мусор
2026-06-12 03:02:24,400 | INFO     |   → 662/1177 ❌ HTTP 404 — https://raw.githubusercontent.com/MhdiTaheri/V2rayCollector/raw/refs/heads/main/sub/mix
2026-06-12 03:02:24,400 | INFO     |   → 663/1177: ✅ 53 взято | 🗑️ 267 мусор
2026-06-12 03:02:24,400 | INFO     |   → 664/1177 ❌ HTTP 404 — https://raw.githubusercontent.com/MhdiTaheri/V2rayCollector_Py/raw/refs/heads/main/sub/Mix/mix.txt
2026-06-12 03:02:24,400 | INFO     |   → 665/1177: ✅ 0 взято | 🗑️ 0 мусор
2026-06-12 03:02:24,400 | INFO     |   → 666/1177: ✅ 43 взято | 🗑️ 217 мусор
2026-06-12 03:02:24,400 | INFO     |   → 667/1177: ✅ 0 взято | 🗑️ 31 мусор
2026-06-12 03:02:24,400 | INFO     |   → 668/1177: ✅ 93 взято | 🗑️ 282 мусор
2026-06-12 03:02:24,400 | INFO     |   → 669/1177: ✅ 0 взято | 🗑️ 26 мусор
2026-06-12 03:02:24,400 | INFO     |   → 670/1177 ❌ HTTP 404 — https://raw.githubusercontent.com/MrMohebi/xray-proxy-grabber-telegram/master/collected-proxies/clash-meta/all.yaml
2026-06-12 03:02:24,400 | INFO     |   → 671/1177 ❌ HTTP 404 — https://raw.githubusercontent.com/MrMohebi/xray-proxy-grabber-telegram/master/collected-proxies/row-url/actives.txt
2026-06-12 03:02:24,400 | INFO     |   → 672/1177 ❌ HTTP 404 — https://raw.githubusercontent.com/MrMohebi/xray-proxy-grabber-telegram/master/collected-proxies/row-url/all.txt
2026-06-12 03:02:24,400 | INFO     |   → 673/1177: ✅ 0 взято | 🗑️ 13 мусор
2026-06-12 03:02:24,400 | INFO     |   → 674/1177: ✅ 0 взято | 🗑️ 13 мусор
2026-06-12 03:02:24,400 | INFO     |   → 675/1177: ✅ 5 взято | 🗑️ 15 мусор
2026-06-12 03:02:24,400 | INFO     |   → 676/1177: ✅ 0 взято | 🗑️ 30 мусор
2026-06-12 03:02:24,400 | INFO     |   → 677/1177: ✅ 0 взято | 🗑️ 15 мусор
2026-06-12 03:02:24,400 | INFO     |   → 678/1177: ✅ 66 взято | 🗑️ 123 мусор
2026-06-12 03:02:24,400 | INFO     |   → 679/1177: ✅ 133 взято | 🗑️ 65 мусор
2026-06-12 03:02:24,400 | INFO     |   → 680/1177: ✅ 0 взято | 🗑️ 0 мусор
2026-06-12 03:02:24,400 | INFO     |   → 681/1177 ❌ HTTP 404 — https://raw.githubusercontent.com/OpenCNLink/freevpn/3cfcff048bfdd1493ccffa52ecf30ce7f9fc6b28/src/list/vmess.txt
2026-06-12 03:02:24,400 | INFO     |   → 682/1177 ❌ HTTP 404 — https://raw.githubusercontent.com/Pawdro/Collection/main/sub
2026-06-12 03:02:24,401 | INFO     |   → 683/1177: ✅ 0 взято | 🗑️ 9 мусор
2026-06-12 03:02:24,401 | INFO     |   → 684/1177: ✅ 0 взято | 🗑️ 9 мусор
2026-06-12 03:02:24,401 | INFO     |   → 685/1177: ✅ 0 взято | 🗑️ 0 мусор
2026-06-12 03:02:24,401 | INFO     |   → 686/1177: ✅ 0 взято | 🗑️ 0 мусор
2026-06-12 03:02:24,401 | INFO     |   → 687/1177: ✅ 0 взято | 🗑️ 50 мусор
2026-06-12 03:02:24,401 | INFO     |   → 688/1177: ✅ 5 взято | 🗑️ 206 мусор
2026-06-12 03:02:24,401 | INFO     |   → 689/1177: ✅ 21 взято | 🗑️ 138 мусор
2026-06-12 03:02:24,401 | INFO     |   → 690/1177: ✅ 23 взято | 🗑️ 89 мусор
2026-06-12 03:02:24,401 | INFO     |   → 691/1177: ✅ 9 взято | 🗑️ 85 мусор
2026-06-12 03:02:24,401 | INFO     |   → 692/1177: ✅ 0 взято | 🗑️ 129 мусор
2026-06-12 03:02:24,401 | INFO     |   → 693/1177: ✅ 0 взято | 🗑️ 81 мусор
2026-06-12 03:02:24,401 | INFO     |   → 694/1177 ❌ HTTP 404 — https://raw.githubusercontent.com/STR97/STRUGOV/refs/heads/main/STR.BYPASS
2026-06-12 03:02:24,401 | INFO     |   → 695/1177: ✅ 4 взято | 🗑️ 34 мусор
2026-06-12 03:02:24,401 | INFO     |   → 696/1177: ✅ 11 взято | 🗑️ 16 мусор
2026-06-12 03:02:24,401 | INFO     |   → 697/1177: ✅ 0 взято | 🗑️ 16 мусор
2026-06-12 03:02:24,401 | INFO     |   → 698/1177: ✅ 0 взято | 🗑️ 27 мусор
2026-06-12 03:02:24,401 | INFO     |   → 699/1177: ✅ 140 взято | 🗑️ 1153 мусор
2026-06-12 03:02:24,401 | INFO     |   → 700/1177: ✅ 29 взято | 🗑️ 54 мусор
2026-06-12 03:02:24,401 | INFO     |   → 701/1177: ✅ 0 взято | 🗑️ 5 мусор
2026-06-12 03:02:24,401 | INFO     |   → 702/1177: ✅ 1 взято | 🗑️ 0 мусор
2026-06-12 03:02:24,401 | INFO     |   → 703/1177: ✅ 0 взято | 🗑️ 33 мусор
2026-06-12 03:02:24,402 | INFO     |   → 704/1177: ✅ 0 взято | 🗑️ 5 мусор
2026-06-12 03:02:24,402 | INFO     |   → 705/1177: ✅ 0 взято | 🗑️ 33 мусор
2026-06-12 03:02:24,402 | INFO     |   → 706/1177: ✅ 4 взято | 🗑️ 291 мусор
2026-06-12 03:02:24,402 | INFO     |   → 707/1177: ✅ 0 взято | 🗑️ 119 мусор
2026-06-12 03:02:24,402 | INFO     |   → 708/1177: ✅ 0 взято | 🗑️ 0 мусор
2026-06-12 03:02:24,402 | INFO     |   → 709/1177 ❌ HTTP 404 — https://raw.githubusercontent.com/V2RAYCONFIGSPOOL/V2RAY_SUB/main/V2RAY_SUB.txt
2026-06-12 03:02:24,402 | INFO     |   → 710/1177: ✅ 64 взято | 🗑️ 114 мусор
2026-06-12 03:02:24,402 | INFO     |   → 711/1177: ✅ 16 взято | 🗑️ 17 мусор
2026-06-12 03:02:24,402 | INFO     |   → 712/1177: ✅ 0 взято | 🗑️ 0 мусор
2026-06-12 03:02:24,402 | INFO     |   → 713/1177: ✅ 0 взято | 🗑️ 17 мусор
2026-06-12 03:02:24,402 | INFO     |   → 714/1177: ✅ 58 взято | 🗑️ 348 мусор
2026-06-12 03:02:24,402 | INFO     |   → 715/1177: ✅ 0 взято | 🗑️ 0 мусор
2026-06-12 03:02:24,402 | INFO     |   → 716/1177: ✅ 6 взято | 🗑️ 245 мусор
2026-06-12 03:02:24,402 | INFO     |   → 717/1177: ✅ 0 взято | 🗑️ 0 мусор
2026-06-12 03:02:24,402 | INFO     |   → 718/1177: ✅ 3 взято | 🗑️ 322 мусор
2026-06-12 03:02:24,402 | INFO     |   → 719/1177: ✅ 0 взято | 🗑️ 0 мусор
2026-06-12 03:02:24,402 | INFO     |   → 720/1177: ✅ 0 взято | 🗑️ 0 мусор
2026-06-12 03:02:24,402 | INFO     |   → 721/1177: ✅ 3 взято | 🗑️ 268 мусор
2026-06-12 03:02:24,402 | INFO     |   → 722/1177: ✅ 1 взято | 🗑️ 251 мусор
2026-06-12 03:02:24,402 | INFO     |   → 723/1177: ✅ 1 взято | 🗑️ 231 мусор
2026-06-12 03:02:24,403 | INFO     |   → 724/1177: ✅ 0 взято | 🗑️ 0 мусор
2026-06-12 03:02:24,403 | INFO     |   → 725/1177: ✅ 1 взято | 🗑️ 83 мусор
2026-06-12 03:02:24,403 | INFO     |   → 726/1177: ✅ 0 взято | 🗑️ 16 мусор
2026-06-12 03:02:24,403 | INFO     |   → 727/1177: ✅ 0 взято | 🗑️ 16 мусор
2026-06-12 03:02:24,403 | INFO     |   → 728/1177 ❌ HTTP 404 — https://raw.githubusercontent.com/aiboboxx/clashfree/main/clash.yml
2026-06-12 03:02:24,403 | INFO     |   → 729/1177 ❌ HTTP 404 — https://raw.githubusercontent.com/aiboboxx/v2rayfree/main/v2
2026-06-12 03:02:24,403 | INFO     |   → 730/1177 ❌ HTTP 404 — https://raw.githubusercontent.com/amirmohammad-mohammad-88/Sub-Reality-Azadi-config/Config/Azadi-Reality-Different
2026-06-12 03:02:24,403 | INFO     |   → 731/1177 ❌ HTTP 404 — https://raw.githubusercontent.com/amirmohammad-mohammad-88/Sub-Reality-Azadi-config/Config/Azadi-Reality-Different-Base64
2026-06-12 03:02:24,403 | INFO     |   → 732/1177: ✅ 1 взято | 🗑️ 17 мусор
2026-06-12 03:02:24,403 | INFO     |   → 733/1177: ✅ 0 взято | 🗑️ 0 мусор
2026-06-12 03:02:24,403 | INFO     |   → 734/1177: ✅ 4 взято | 🗑️ 114 мусор
2026-06-12 03:02:24,403 | INFO     |   → 735/1177: ✅ 22 взято | 🗑️ 49 мусор
2026-06-12 03:02:24,403 | INFO     |   → 736/1177 ❌ HTTP 404 — https://raw.githubusercontent.com/awesome-vpn/awesome-vpn/master/ss
2026-06-12 03:02:24,403 | INFO     |   → 737/1177 ❌ HTTP 404 — https://raw.githubusercontent.com/awesome-vpn/awesome-vpn/master/ssr
2026-06-12 03:02:24,403 | INFO     |   → 738/1177: ✅ 0 взято | 🗑️ 0 мусор
2026-06-12 03:02:24,403 | INFO     |   → 739/1177: ✅ 1 взято | 🗑️ 22 мусор
2026-06-12 03:02:24,403 | INFO     |   → 740/1177: ✅ 0 взято | 🗑️ 428 мусор
2026-06-12 03:02:24,403 | INFO     |   → 741/1177 ❌ HTTP 404 — https://raw.githubusercontent.com/barry-far/V2ray-Configs/ced94ddfff48276ec365b40227561f36b1b64bc8/Sub5.txt
2026-06-12 03:02:24,403 | INFO     |   → 742/1177 ❌ HTTP 404 — https://raw.githubusercontent.com/barry-far/V2ray-Configs/main/Splitted-By-Protocol/hysteria2.txt
2026-06-12 03:02:24,403 | INFO     |   → 743/1177 ❌ HTTP 404 — https://raw.githubusercontent.com/barry-far/V2ray-Configs/main/Splitted-By-Protocol/vless.txt
2026-06-12 03:02:24,404 | INFO     |   → 744/1177 ❌ HTTP 404 — https://raw.githubusercontent.com/barry-far/V2ray-Configs/main/Sub1.txt
2026-06-12 03:02:24,404 | INFO     |   → 745/1177 ❌ HTTP 404 — https://raw.githubusercontent.com/barry-far/V2ray-Configs/refs/heads/main/All_Configs_Sub.txt
2026-06-12 03:02:24,404 | INFO     |   → 746/1177: ✅ 0 взято | 🗑️ 0 мусор
2026-06-12 03:02:24,404 | INFO     |   → 747/1177 ❌ HTTP 404 — https://raw.githubusercontent.com/budamu/clashconfig/main/v2ray.txt
2026-06-12 03:02:24,404 | INFO     |   → 748/1177 ❌ HTTP 404 — https://raw.githubusercontent.com/budamu/clashconfig/main/v2ray2.txt
2026-06-12 03:02:24,404 | INFO     |   → 749/1177: ✅ 0 взято | 🗑️ 0 мусор
2026-06-12 03:02:24,404 | INFO     |   → 750/1177: ✅ 0 взято | 🗑️ 442 мусор
2026-06-12 03:02:24,404 | INFO     |   → 751/1177: ✅ 0 взято | 🗑️ 0 мусор
2026-06-12 03:02:24,404 | INFO     |   → 752/1177 ❌ HTTP 404 — https://raw.githubusercontent.com/chxxyz2004/zd/17fca23b73c46b5dd73e9be49b14d219b5e5f836/sub/2401/240110.txt
2026-06-12 03:02:24,404 | INFO     |   → 753/1177: ✅ 0 взято | 🗑️ 44 мусор
2026-06-12 03:02:24,404 | INFO     |   → 754/1177: ✅ 236 взято | 🗑️ 517 мусор
2026-06-12 03:02:24,404 | INFO     |   → 755/1177 ❌ HTTP 404 — https://raw.githubusercontent.com/cxr9912/cxr2022/main/free.yaml
2026-06-12 03:02:24,404 | INFO     |   → 756/1177 ❌ HTTP 404 — https://raw.githubusercontent.com/cxr9912/cxr2022/main/mix.yaml
2026-06-12 03:02:24,404 | INFO     |   → 757/1177 ❌ HTTP 404 — https://raw.githubusercontent.com/cxr9912/cxr2022/main/ss.yaml
2026-06-12 03:02:24,404 | INFO     |   → 758/1177 ❌ HTTP 404 — https://raw.githubusercontent.com/cxr9912/cxr2022/main/ssr.yaml
2026-06-12 03:02:24,404 | INFO     |   → 759/1177 ❌ HTTP 404 — https://raw.githubusercontent.com/cxr9912/cxr2022/main/vmess.yaml
2026-06-12 03:02:24,404 | INFO     |   → 760/1177 ❌ HTTP 404 — https://raw.githubusercontent.com/cxr9912/cxr2022/refs/heads/main/18cj.json
2026-06-12 03:02:24,404 | INFO     |   → 761/1177 ❌ HTTP 404 — https://raw.githubusercontent.com/cxr9912/cxr2022/refs/heads/main/aaaaaaaa.yaml
2026-06-12 03:02:24,404 | INFO     |   → 762/1177 ❌ HTTP 404 — https://raw.githubusercontent.com/cxr9912/cxr2022/refs/heads/main/free.yaml
2026-06-12 03:02:24,404 | INFO     |   → 763/1177 ❌ HTTP 404 — https://raw.githubusercontent.com/cxr9912/cxr2022/refs/heads/main/ss2088.txt
2026-06-12 03:02:24,404 | INFO     |   → 764/1177: ✅ 0 взято | 🗑️ 18 мусор
2026-06-12 03:02:24,404 | INFO     |   → 765/1177: ✅ 0 взято | 🗑️ 18 мусор
2026-06-12 03:02:24,405 | INFO     |   → 766/1177: ✅ 6 взято | 🗑️ 78 мусор
2026-06-12 03:02:24,405 | INFO     |   → 767/1177: ✅ 6 взято | 🗑️ 4 мусор
2026-06-12 03:02:24,405 | INFO     |   → 768/1177: ✅ 0 взято | 🗑️ 2 мусор
2026-06-12 03:02:24,405 | INFO     |   → 769/1177: ✅ 0 взято | 🗑️ 2 мусор
2026-06-12 03:02:24,405 | INFO     |   → 770/1177: ✅ 15 взято | 🗑️ 6 мусор
2026-06-12 03:02:24,405 | INFO     |   → 771/1177: ✅ 0 взято | 🗑️ 2 мусор
2026-06-12 03:02:24,405 | INFO     |   → 772/1177: ✅ 0 взято | 🗑️ 2 мусор
2026-06-12 03:02:24,405 | INFO     |   → 773/1177: ✅ 0 взято | 🗑️ 2 мусор
2026-06-12 03:02:24,405 | INFO     |   → 774/1177: ✅ 1 взято | 🗑️ 1 мусор
2026-06-12 03:02:24,405 | INFO     |   → 775/1177: ✅ 0 взято | 🗑️ 6 мусор
2026-06-12 03:02:24,405 | INFO     |   → 776/1177: ✅ 0 взято | 🗑️ 2 мусор
2026-06-12 03:02:24,405 | INFO     |   → 777/1177: ✅ 0 взято | 🗑️ 0 мусор
2026-06-12 03:02:24,405 | INFO     |   → 778/1177: ✅ 9592 взято | 🗑️ 174479 мусор
2026-06-12 03:02:24,405 | INFO     |   → 779/1177: ✅ 8 взято | 🗑️ 122 мусор
2026-06-12 03:02:24,405 | INFO     |   → 780/1177: ✅ 6 взято | 🗑️ 113 мусор
2026-06-12 03:02:24,405 | INFO     |   → 781/1177: ✅ 0 взято | 🗑️ 0 мусор
2026-06-12 03:02:24,405 | INFO     |   → 782/1177: ✅ 7 взято | 🗑️ 19 мусор
2026-06-12 03:02:24,405 | INFO     |   → 783/1177: ✅ 0 взято | 🗑️ 0 мусор
2026-06-12 03:02:24,405 | INFO     |   → 784/1177: ✅ 13 взято | 🗑️ 19 мусор
2026-06-12 03:02:24,405 | INFO     |   → 785/1177: ✅ 0 взято | 🗑️ 5 мусор
2026-06-12 03:02:24,405 | INFO     |   → 786/1177: ✅ 2 взято | 🗑️ 80 мусор
2026-06-12 03:02:24,406 | INFO     |   → 787/1177 ❌ HTTP 404 — https://raw.githubusercontent.com/free-nodes/v2rayfree/main/v2
2026-06-12 03:02:24,406 | INFO     |   → 788/1177 ❌ HTTP 404 — https://raw.githubusercontent.com/free-v2ray-config/trojan/main/trojan.txt
2026-06-12 03:02:24,406 | INFO     |   → 789/1177 ❌ HTTP 404 — https://raw.githubusercontent.com/free-v2ray-config/vless/main/vless.txt
2026-06-12 03:02:24,406 | INFO     |   → 790/1177 ❌ HTTP 404 — https://raw.githubusercontent.com/free-v2ray-config/vmess/main/vmess.txt
2026-06-12 03:02:24,406 | INFO     |   → 791/1177: ✅ 5 взято | 🗑️ 169 мусор
2026-06-12 03:02:24,406 | INFO     |   → 792/1177: ✅ 34 взято | 🗑️ 121 мусор
2026-06-12 03:02:24,406 | INFO     |   → 793/1177: ✅ 4 взято | 🗑️ 97 мусор
2026-06-12 03:02:24,406 | INFO     |   → 794/1177 ❌ HTTP 404 — https://raw.githubusercontent.com/free18/v2ray/main/Clash.yaml
2026-06-12 03:02:24,406 | INFO     |   → 795/1177: ✅ 0 взято | 🗑️ 0 мусор
2026-06-12 03:02:24,406 | INFO     |   → 796/1177: ✅ 0 взято | 🗑️ 15 мусор
2026-06-12 03:02:24,406 | INFO     |   → 797/1177: ✅ 0 взято | 🗑️ 0 мусор
2026-06-12 03:02:24,406 | INFO     |   → 798/1177: ✅ 0 взято | 🗑️ 8 мусор
2026-06-12 03:02:24,406 | INFO     |   → 799/1177: ✅ 0 взято | 🗑️ 8 мусор
2026-06-12 03:02:24,406 | INFO     |   → 800/1177: ✅ 0 взято | 🗑️ 8 мусор
2026-06-12 03:02:24,406 | INFO     |   → 801/1177: ✅ 0 взято | 🗑️ 8 мусор
2026-06-12 03:02:24,406 | INFO     |   → 802/1177 ❌ HTTP 404 — https://raw.githubusercontent.com/freev2rayconfig/V2RAY_SUB/3e6a7786a1601ee3723e8d043ae79e70dbdfd9a8/v2rayconfigs.txt
2026-06-12 03:02:24,406 | INFO     |   → 803/1177 ❌ HTTP 404 — https://raw.githubusercontent.com/freev2rayconfig/V2RAY_SUBSCRIPTION_LINK/main/v2rayconfigs.txt
2026-06-12 03:02:24,406 | INFO     |   → 804/1177 ❌ HTTP 404 — https://raw.githubusercontent.com/gfpcom/free-proxy-list/main/list/http.txt
2026-06-12 03:02:24,406 | INFO     |   → 805/1177 ❌ HTTP 404 — https://raw.githubusercontent.com/gfpcom/free-proxy-list/main/list/https.txt
2026-06-12 03:02:24,406 | INFO     |   → 806/1177 ❌ HTTP 404 — https://raw.githubusercontent.com/gfpcom/free-proxy-list/main/list/socks4.txt
2026-06-12 03:02:24,406 | INFO     |   → 807/1177 ❌ HTTP 404 — https://raw.githubusercontent.com/gfpcom/free-proxy-list/main/list/socks4a.txt
2026-06-12 03:02:24,407 | INFO     |   → 808/1177 ❌ HTTP 404 — https://raw.githubusercontent.com/gfpcom/free-proxy-list/main/list/socks5.txt
2026-06-12 03:02:24,407 | INFO     |   → 809/1177 ❌ HTTP 404 — https://raw.githubusercontent.com/gfpcom/free-proxy-list/main/list/socks5h.txt
2026-06-12 03:02:24,407 | INFO     |   → 810/1177 ❌ HTTP 404 — https://raw.githubusercontent.com/gfpcom/free-proxy-list/main/list/ss.txt
2026-06-12 03:02:24,407 | INFO     |   → 811/1177 ❌ HTTP 404 — https://raw.githubusercontent.com/gfpcom/free-proxy-list/main/list/ssr.txt
2026-06-12 03:02:24,407 | INFO     |   → 812/1177 ❌ HTTP 404 — https://raw.githubusercontent.com/gfpcom/free-proxy-list/main/list/trojan.txt
2026-06-12 03:02:24,407 | INFO     |   → 813/1177 ❌ HTTP 404 — https://raw.githubusercontent.com/gfpcom/free-proxy-list/main/list/vless.txt
2026-06-12 03:02:24,407 | INFO     |   → 814/1177 ❌ HTTP 404 — https://raw.githubusercontent.com/gfpcom/free-proxy-list/main/list/vmess.txt
2026-06-12 03:02:24,407 | INFO     |   → 815/1177: ✅ 0 взято | 🗑️ 17 мусор
2026-06-12 03:02:24,407 | INFO     |   → 816/1177: ✅ 0 взято | 🗑️ 0 мусор
2026-06-12 03:02:24,407 | INFO     |   → 817/1177: ✅ 4 взято | 🗑️ 63 мусор
2026-06-12 03:02:24,407 | INFO     |   → 818/1177 ❌ HTTP 404 — https://raw.githubusercontent.com/hameed-maleki/TVC/89a4522969c57dcc22458cae9898426e5c4f2679/lite/config.txt
2026-06-12 03:02:24,407 | INFO     |   → 819/1177: ✅ 5 взято | 🗑️ 132 мусор
2026-06-12 03:02:24,407 | INFO     |   → 820/1177: ✅ 0 взято | 🗑️ 56 мусор
2026-06-12 03:02:24,407 | INFO     |   → 821/1177 ❌ HTTP 404 — https://raw.githubusercontent.com/hkaa0/permalink/main/proxy/V2ray
2026-06-12 03:02:24,407 | INFO     |   → 822/1177 ❌ HTTP 404 — https://raw.githubusercontent.com/hkaa0/permalink/main/proxy/clash
2026-06-12 03:02:24,407 | INFO     |   → 823/1177 ❌ HTTP 404 — https://raw.githubusercontent.com/hkpc/Autoproxy/6cf946ddfc677a29062007e4b47d70674474baa7/sub/2401/240110.txt
2026-06-12 03:02:24,407 | INFO     |   → 824/1177 ❌ HTTP 404 — https://raw.githubusercontent.com/hkpc/V2ray-Configs/7d9aa0dabf947af180a7dd6302818ed37950531a/Sub1.txt
2026-06-12 03:02:24,407 | INFO     |   → 825/1177: ✅ 0 взято | 🗑️ 14 мусор
2026-06-12 03:02:24,407 | INFO     |   → 826/1177: ✅ 16 взято | 🗑️ 16 мусор
2026-06-12 03:02:24,407 | INFO     |   → 827/1177 ❌ HTTP 404 — https://raw.githubusercontent.com/iboxz/free-v2ray-collector/main/main
2026-06-12 03:02:24,407 | INFO     |   → 828/1177: ✅ 14 взято | 🗑️ 19 мусор
2026-06-12 03:02:24,407 | INFO     |   → 829/1177: ✅ 14 взято | 🗑️ 16 мусор
2026-06-12 03:02:24,408 | INFO     |   → 830/1177: ✅ 102 взято | 🗑️ 199 мусор
2026-06-12 03:02:24,408 | INFO     |   → 831/1177 ❌ HTTP 404 — https://raw.githubusercontent.com/igareck/vpn-configs-for-russia/refs/heads/main/Vless-Reality-White-Lists-Rus-Cable.txt
2026-06-12 03:02:24,408 | INFO     |   → 832/1177: ✅ 124 взято | 🗑️ 26 мусор
2026-06-12 03:02:24,408 | INFO     |   → 833/1177: ✅ 0 взято | 🗑️ 0 мусор
2026-06-12 03:02:24,408 | INFO     |   → 834/1177: ✅ 0 взято | 🗑️ 0 мусор
2026-06-12 03:02:24,408 | INFO     |   → 835/1177: ✅ 23 взято | 🗑️ 9 мусор
2026-06-12 03:02:24,408 | INFO     |   → 836/1177: ✅ 0 взято | 🗑️ 0 мусор
2026-06-12 03:02:24,408 | INFO     |   → 837/1177: ✅ 0 взято | 🗑️ 0 мусор
2026-06-12 03:02:24,408 | INFO     |   → 838/1177: ✅ 0 взято | 🗑️ 12 мусор
2026-06-12 03:02:24,408 | INFO     |   → 839/1177: ✅ 0 взято | 🗑️ 43 мусор
2026-06-12 03:02:24,408 | INFO     |   → 840/1177 ❌ HTTP 404 — https://raw.githubusercontent.com/jw853355718/clash_233/master/config.yml
2026-06-12 03:02:24,408 | INFO     |   → 841/1177: ✅ 0 взято | 🗑️ 210 мусор
2026-06-12 03:02:24,408 | INFO     |   → 842/1177: ✅ 0 взято | 🗑️ 0 мусор
2026-06-12 03:02:24,408 | INFO     |   → 843/1177: ✅ 0 взято | 🗑️ 0 мусор
2026-06-12 03:02:24,408 | INFO     |   → 844/1177 ❌ HTTP 404 — https://raw.githubusercontent.com/lcx12901/v2ray-/master/sspool.herokuapp.com/yzcloud.yaml
2026-06-12 03:02:24,408 | INFO     |   → 845/1177 ❌ HTTP 404 — https://raw.githubusercontent.com/lcx12901/v2ray-/master/sspool.herokuapp.com/yzcloud2.yaml
2026-06-12 03:02:24,408 | INFO     |   → 846/1177: ✅ 0 взято | 🗑️ 0 мусор
2026-06-12 03:02:24,408 | INFO     |   → 847/1177 ❌ HTTP 404 — https://raw.githubusercontent.com/learnhard-cn/free_proxy_ss/main/clash/config.yaml
2026-06-12 03:02:24,408 | INFO     |   → 848/1177: ✅ 0 взято | 🗑️ 8 мусор
2026-06-12 03:02:24,408 | INFO     |   → 849/1177: ✅ 0 взято | 🗑️ 4 мусор
2026-06-12 03:02:24,408 | INFO     |   → 850/1177: ✅ 0 взято | 🗑️ 0 мусор
2026-06-12 03:02:24,409 | INFO     |   → 851/1177: ✅ 0 взято | 🗑️ 4 мусор
2026-06-12 03:02:24,409 | INFO     |   → 852/1177: ✅ 0 взято | 🗑️ 149 мусор
2026-06-12 03:02:24,409 | INFO     |   → 853/1177: ✅ 0 взято | 🗑️ 421 мусор
2026-06-12 03:02:24,409 | INFO     |   → 854/1177 ❌ HTTP 404 — https://raw.githubusercontent.com/lisylva-lee/v2dyku/main/ssr
2026-06-12 03:02:24,409 | INFO     |   → 855/1177 ❌ HTTP 404 — https://raw.githubusercontent.com/lisylva-lee/v2dyku/main/v2dy
2026-06-12 03:02:24,409 | INFO     |   → 856/1177: ✅ 0 взято | 🗑️ 53 мусор
2026-06-12 03:02:24,409 | INFO     |   → 857/1177 ❌ HTTP 404 — https://raw.githubusercontent.com/luxl-1379/merge/77247d23def72b25226dfa741614e9b07a569c72/sub/sub_merge_base64.txt
2026-06-12 03:02:24,409 | INFO     |   → 858/1177: ✅ 146 взято | 🗑️ 343 мусор
2026-06-12 03:02:24,409 | INFO     |   → 859/1177: ✅ 0 взято | 🗑️ 118 мусор
2026-06-12 03:02:24,409 | INFO     |   → 860/1177: ✅ 623 взято | 🗑️ 3531 мусор
2026-06-12 03:02:24,409 | INFO     |   → 861/1177: ✅ 0 взято | 🗑️ 0 мусор
2026-06-12 03:02:24,409 | INFO     |   → 862/1177: ✅ 0 взято | 🗑️ 3531 мусор
2026-06-12 03:02:24,409 | INFO     |   → 863/1177: ✅ 59 взято | 🗑️ 331 мусор
2026-06-12 03:02:24,409 | INFO     |   → 864/1177 ❌ HTTP 404 — https://raw.githubusercontent.com/mermeroo/Clash-V2ray/main/v2ray
2026-06-12 03:02:24,409 | INFO     |   → 865/1177: ✅ 15 взято | 🗑️ 417 мусор
2026-06-12 03:02:24,409 | INFO     |   → 866/1177: ✅ 6 взято | 🗑️ 102 мусор
2026-06-12 03:02:24,409 | INFO     |   → 867/1177: ✅ 716 взято | 🗑️ 6258 мусор
2026-06-12 03:02:24,409 | INFO     |   → 868/1177: ✅ 8 взято | 🗑️ 853 мусор
2026-06-12 03:02:24,409 | INFO     |   → 869/1177: ✅ 32 взято | 🗑️ 69 мусор
2026-06-12 03:02:24,409 | INFO     |   → 870/1177 ❌ HTTP 404 — https://raw.githubusercontent.com/mermeroo/free-v2ray-collector/main/main/mix
2026-06-12 03:02:24,409 | INFO     |   → 871/1177 ❌ HTTP 404 — https://raw.githubusercontent.com/mermeroo/free-v2ray-collector/main/main/reality
2026-06-12 03:02:24,410 | INFO     |   → 872/1177 ❌ HTTP 404 — https://raw.githubusercontent.com/mermeroo/free-v2ray-collector/main/main/shadowsocks
2026-06-12 03:02:24,410 | INFO     |   → 873/1177 ❌ HTTP 404 — https://raw.githubusercontent.com/mermeroo/free-v2ray-collector/main/main/trojan
2026-06-12 03:02:24,410 | INFO     |   → 874/1177 ❌ HTTP 404 — https://raw.githubusercontent.com/mermeroo/free-v2ray-collector/main/main/vless
2026-06-12 03:02:24,410 | INFO     |   → 875/1177 ❌ HTTP 404 — https://raw.githubusercontent.com/mermeroo/free-v2ray-collector/main/main/vmess
2026-06-12 03:02:24,410 | INFO     |   → 876/1177 ❌ HTTP 404 — https://raw.githubusercontent.com/mfuu/v2ray/master/merge/merge.txt
2026-06-12 03:02:24,410 | INFO     |   → 877/1177: ✅ 0 взято | 🗑️ 368 мусор
2026-06-12 03:02:24,410 | INFO     |   → 878/1177: ✅ 0 взято | 🗑️ 368 мусор
2026-06-12 03:02:24,410 | INFO     |   → 879/1177: ✅ 543 взято | 🗑️ 13308 мусор
2026-06-12 03:02:24,410 | INFO     |   → 880/1177: ✅ 0 взято | 🗑️ 13308 мусор
2026-06-12 03:02:24,410 | INFO     |   → 881/1177: ✅ 0 взято | 🗑️ 2801 мусор
2026-06-12 03:02:24,410 | INFO     |   → 882/1177: ✅ 0 взято | 🗑️ 1713 мусор
2026-06-12 03:02:24,410 | INFO     |   → 883/1177: ✅ 0 взято | 🗑️ 4925 мусор
2026-06-12 03:02:24,410 | INFO     |   → 884/1177: ✅ 0 взято | 🗑️ 3869 мусор
2026-06-12 03:02:24,410 | INFO     |   → 885/1177 ❌ HTTP 404 — https://raw.githubusercontent.com/mianous/qiren/main/qiren.txt
2026-06-12 03:02:24,410 | INFO     |   → 886/1177 ❌ HTTP 404 — https://raw.githubusercontent.com/miladtahanian/V2RayCFGDumper/refs/heads/main/config.txt
2026-06-12 03:02:24,410 | INFO     |   → 887/1177 ❌ HTTP 404 — https://raw.githubusercontent.com/miladtahanian/multi-proxy-config-fetcher/refs/heads/main/configs/proxy_configs.txt
2026-06-12 03:02:24,410 | INFO     |   → 888/1177: ✅ 0 взято | 🗑️ 0 мусор
2026-06-12 03:02:24,410 | INFO     |   → 889/1177: ✅ 0 взято | 🗑️ 0 мусор
2026-06-12 03:02:24,410 | INFO     |   → 890/1177: ✅ 0 взято | 🗑️ 0 мусор
2026-06-12 03:02:24,410 | INFO     |   → 891/1177: ✅ 15 взято | 🗑️ 46 мусор
2026-06-12 03:02:24,410 | INFO     |   → 892/1177: ✅ 0 взято | 🗑️ 199 мусор
2026-06-12 03:02:24,411 | INFO     |   → 893/1177: ✅ 0 взято | 🗑️ 0 мусор
2026-06-12 03:02:24,411 | INFO     |   → 894/1177: ✅ 28 взято | 🗑️ 93 мусор
2026-06-12 03:02:24,411 | INFO     |   → 895/1177: ✅ 0 взято | 🗑️ 0 мусор
2026-06-12 03:02:24,411 | INFO     |   → 896/1177: ✅ 15 взято | 🗑️ 70 мусор
2026-06-12 03:02:24,411 | INFO     |   → 897/1177: ✅ 127 взято | 🗑️ 492 мусор
2026-06-12 03:02:24,411 | INFO     |   → 898/1177: ✅ 331 взято | 🗑️ 190 мусор
2026-06-12 03:02:24,411 | INFO     |   → 899/1177: ✅ 27 взято | 🗑️ 707 мусор
2026-06-12 03:02:24,411 | INFO     |   → 900/1177 ❌ HTTP 404 — https://raw.githubusercontent.com/obscure1990/freeVM/master/snippets/nodes.yml
2026-06-12 03:02:24,411 | INFO     |   → 901/1177 ❌ HTTP 404 — https://raw.githubusercontent.com/op30mmd/things/909b38024ba14d69dc0f95c238f63bc6e930a00f/eut.txt
2026-06-12 03:02:24,411 | INFO     |   → 902/1177 ❌ HTTP 404 — https://raw.githubusercontent.com/openRunner/clash-freenode/main/v2ray.txt
2026-06-12 03:02:24,411 | INFO     |   → 903/1177 ❌ HTTP 404 — https://raw.githubusercontent.com/oslook/clash-freenode/main/clash.yaml
2026-06-12 03:02:24,411 | INFO     |   → 904/1177: ✅ 0 взято | 🗑️ 0 мусор
2026-06-12 03:02:24,411 | INFO     |   → 905/1177: ✅ 4 взято | 🗑️ 1 мусор
2026-06-12 03:02:24,411 | INFO     |   → 906/1177: ✅ 0 взято | 🗑️ 0 мусор
2026-06-12 03:02:24,411 | INFO     |   → 907/1177: ✅ 21 взято | 🗑️ 76 мусор
2026-06-12 03:02:24,411 | INFO     |   → 908/1177: ✅ 0 взято | 🗑️ 0 мусор
2026-06-12 03:02:24,411 | INFO     |   → 909/1177: ✅ 0 взято | 🗑️ 0 мусор
2026-06-12 03:02:24,411 | INFO     |   → 910/1177: ✅ 0 взято | 🗑️ 19 мусор
2026-06-12 03:02:24,411 | INFO     |   → 911/1177: ✅ 0 взято | 🗑️ 44 мусор
2026-06-12 03:02:24,411 | INFO     |   → 912/1177: ✅ 63 взято | 🗑️ 521 мусор
2026-06-12 03:02:24,411 | INFO     |   → 913/1177: ✅ 165 взято | 🗑️ 273 мусор
2026-06-12 03:02:24,411 | INFO     |   → 914/1177: ✅ 0 взято | 🗑️ 0 мусор
2026-06-12 03:02:24,412 | INFO     |   → 915/1177: ✅ 28 взято | 🗑️ 211 мусор
2026-06-12 03:02:24,412 | INFO     |   → 916/1177: ✅ 0 взято | 🗑️ 79 мусор
2026-06-12 03:02:24,412 | INFO     |   → 917/1177: ✅ 13 взято | 🗑️ 32 мусор
2026-06-12 03:02:24,412 | INFO     |   → 918/1177: ✅ 0 взято | 🗑️ 0 мусор
2026-06-12 03:02:24,412 | INFO     |   → 919/1177: ✅ 2 взято | 🗑️ 9 мусор
2026-06-12 03:02:24,412 | INFO     |   → 920/1177: ✅ 11 взято | 🗑️ 76 мусор
2026-06-12 03:02:24,412 | INFO     |   → 921/1177: ✅ 0 взято | 🗑️ 168 мусор
2026-06-12 03:02:24,412 | INFO     |   → 922/1177: ✅ 0 взято | 🗑️ 79 мусор
2026-06-12 03:02:24,412 | INFO     |   → 923/1177: ✅ 0 взято | 🗑️ 15 мусор
2026-06-12 03:02:24,412 | INFO     |   → 924/1177 ❌ HTTP 404 — https://raw.githubusercontent.com/ronghuaxueleng/get_v2/main/pub/changfengoss.yaml
2026-06-12 03:02:24,412 | INFO     |   → 925/1177: ✅ 0 взято | 🗑️ 0 мусор
2026-06-12 03:02:24,412 | INFO     |   → 926/1177: ✅ 88 взято | 🗑️ 50 мусор
2026-06-12 03:02:24,412 | INFO     |   → 927/1177: ✅ 0 взято | 🗑️ 50 мусор
2026-06-12 03:02:24,412 | INFO     |   → 928/1177 ❌ HTTP 404 — https://raw.githubusercontent.com/rxsweet/CM_Vmess/refs/heads/main/test.txt
2026-06-12 03:02:24,412 | INFO     |   → 929/1177 ❌ HTTP 404 — https://raw.githubusercontent.com/rxsweet/proxies/main/sub/free.yaml
2026-06-12 03:02:24,412 | INFO     |   → 930/1177 ❌ HTTP 404 — https://raw.githubusercontent.com/rxsweet/proxies/main/sub/rx.yaml
2026-06-12 03:02:24,412 | INFO     |   → 931/1177 ❌ HTTP 404 — https://raw.githubusercontent.com/rxsweet/proxies/main/sub/sources/dynamicAll.yaml
2026-06-12 03:02:24,412 | INFO     |   → 932/1177 ❌ HTTP 404 — https://raw.githubusercontent.com/rxsweet/proxies/main/sub/sources/miningAll.yaml
2026-06-12 03:02:24,412 | INFO     |   → 933/1177 ❌ HTTP 404 — https://raw.githubusercontent.com/rxsweet/proxies/main/sub/srx.yaml
2026-06-12 03:02:24,413 | INFO     |   → 934/1177 ❌ HTTP 404 — https://raw.githubusercontent.com/sajad-sajadi/V2ray-Collector/raw/main/output/protocols/vmess.txt
2026-06-12 03:02:24,413 | INFO     |   → 935/1177 ❌ HTTP 404 — https://raw.githubusercontent.com/sakha1370/OpenRay/raw/refs/heads/main/output/all_valid_proxies.txt
2026-06-12 03:02:24,413 | INFO     |   → 936/1177: ✅ 53 взято | 🗑️ 399 мусор
2026-06-12 03:02:24,413 | INFO     |   → 937/1177: ✅ 0 взято | 🗑️ 399 мусор
2026-06-12 03:02:24,413 | INFO     |   → 938/1177 ❌ HTTP 404 — https://raw.githubusercontent.com/samjoeyang/subscribe/main/fly
2026-06-12 03:02:24,413 | INFO     |   → 939/1177: ✅ 0 взято | 🗑️ 0 мусор
2026-06-12 03:02:24,413 | INFO     |   → 940/1177 ❌ HTTP 404 — https://raw.githubusercontent.com/sarina-ad/v2ray/main/v2ray
2026-06-12 03:02:24,413 | INFO     |   → 941/1177 ❌ HTTP 404 — https://raw.githubusercontent.com/satrom/V2SSR/master/SSR/Sub.txt
2026-06-12 03:02:24,413 | INFO     |   → 942/1177 ❌ HTTP 404 — https://raw.githubusercontent.com/satrom/V2SSR/master/V2RAY/Sub.txt
2026-06-12 03:02:24,413 | INFO     |   → 943/1177: ✅ 8452 взято | 🗑️ 150931 мусор
2026-06-12 03:02:24,413 | INFO     |   → 944/1177: ✅ 0 взято | 🗑️ 0 мусор
2026-06-12 03:02:24,413 | INFO     |   → 945/1177: ✅ 0 взято | 🗑️ 0 мусор
2026-06-12 03:02:24,413 | INFO     |   → 946/1177: ✅ 3 взято | 🗑️ 49 мусор
2026-06-12 03:02:24,413 | INFO     |   → 947/1177: ✅ 267 взято | 🗑️ 2055 мусор
2026-06-12 03:02:24,413 | INFO     |   → 948/1177: ✅ 0 взято | 🗑️ 1032 мусор
2026-06-12 03:02:24,413 | INFO     |   → 949/1177: ✅ 0 взято | 🗑️ 81 мусор
2026-06-12 03:02:24,414 | INFO     |   → 950/1177: ✅ 0 взято | 🗑️ 915 мусор
2026-06-12 03:02:24,414 | INFO     |   → 951/1177: ✅ 0 взято | 🗑️ 27 мусор
2026-06-12 03:02:24,414 | INFO     |   → 952/1177: ✅ 0 взято | 🗑️ 2055 мусор
2026-06-12 03:02:24,414 | INFO     |   → 953/1177: ✅ 0 взято | 🗑️ 0 мусор
2026-06-12 03:02:24,414 | INFO     |   → 954/1177 ❌ HTTP 404 — https://raw.githubusercontent.com/shirkerboy/scp/main/sub
2026-06-12 03:02:24,414 | INFO     |   → 955/1177 ❌ HTTP 404 — https://raw.githubusercontent.com/snakem982/proxypool/main/nodelist.txt
2026-06-12 03:02:24,414 | INFO     |   → 956/1177: ✅ 1 взято | 🗑️ 0 мусор
2026-06-12 03:02:24,414 | INFO     |   → 957/1177 ❌ HTTP 404 — https://raw.githubusercontent.com/snakem982/proxypool/main/source/v2ray.txt
2026-06-12 03:02:24,414 | INFO     |   → 958/1177 ❌ HTTP 404 — https://raw.githubusercontent.com/soroushmirzaei/telegram-configs-collector/main/channels/protocols/hysteria
2026-06-12 03:02:24,414 | INFO     |   → 959/1177 ❌ HTTP 404 — https://raw.githubusercontent.com/soroushmirzaei/telegram-configs-collector/main/channels/protocols/juicity
2026-06-12 03:02:24,414 | INFO     |   → 960/1177 ❌ HTTP 404 — https://raw.githubusercontent.com/soroushmirzaei/telegram-configs-collector/main/channels/protocols/reality
2026-06-12 03:02:24,414 | INFO     |   → 961/1177 ❌ HTTP 404 — https://raw.githubusercontent.com/soroushmirzaei/telegram-configs-collector/main/channels/protocols/shadowsocks
2026-06-12 03:02:24,414 | INFO     |   → 962/1177 ❌ HTTP 404 — https://raw.githubusercontent.com/soroushmirzaei/telegram-configs-collector/main/channels/protocols/trojan
2026-06-12 03:02:24,414 | INFO     |   → 963/1177 ❌ HTTP 404 — https://raw.githubusercontent.com/soroushmirzaei/telegram-configs-collector/main/channels/protocols/tuic
2026-06-12 03:02:24,414 | INFO     |   → 964/1177 ❌ HTTP 404 — https://raw.githubusercontent.com/soroushmirzaei/telegram-configs-collector/main/channels/protocols/vless
2026-06-12 03:02:24,414 | INFO     |   → 965/1177 ❌ HTTP 404 — https://raw.githubusercontent.com/soroushmirzaei/telegram-configs-collector/main/channels/protocols/vmess
2026-06-12 03:02:24,414 | INFO     |   → 966/1177 ❌ HTTP 404 — https://raw.githubusercontent.com/soroushmirzaei/telegram-configs-collector/main/countries/jp/mixed
2026-06-12 03:02:24,415 | INFO     |   → 967/1177 ❌ HTTP 404 — https://raw.githubusercontent.com/soroushmirzaei/telegram-configs-collector/main/protocols/hysteria
2026-06-12 03:02:24,415 | INFO     |   → 968/1177 ❌ HTTP 404 — https://raw.githubusercontent.com/soroushmirzaei/telegram-configs-collector/main/protocols/juicity
2026-06-12 03:02:24,415 | INFO     |   → 969/1177 ❌ HTTP 404 — https://raw.githubusercontent.com/soroushmirzaei/telegram-configs-collector/main/protocols/reality
2026-06-12 03:02:24,415 | INFO     |   → 970/1177 ❌ HTTP 404 — https://raw.githubusercontent.com/soroushmirzaei/telegram-configs-collector/main/protocols/shadowsocks
2026-06-12 03:02:24,415 | INFO     |   → 971/1177 ❌ HTTP 404 — https://raw.githubusercontent.com/soroushmirzaei/telegram-configs-collector/main/protocols/trojan
2026-06-12 03:02:24,415 | INFO     |   → 972/1177 ❌ HTTP 404 — https://raw.githubusercontent.com/soroushmirzaei/telegram-configs-collector/main/protocols/tuic
2026-06-12 03:02:24,415 | INFO     |   → 973/1177 ❌ HTTP 404 — https://raw.githubusercontent.com/soroushmirzaei/telegram-configs-collector/main/protocols/vless
2026-06-12 03:02:24,415 | INFO     |   → 974/1177 ❌ HTTP 404 — https://raw.githubusercontent.com/soroushmirzaei/telegram-configs-collector/main/protocols/vmess
2026-06-12 03:02:24,415 | INFO     |   → 975/1177 ❌ HTTP 404 — https://raw.githubusercontent.com/soroushmirzaei/telegram-configs-collector/main/splitted/subscribe
2026-06-12 03:02:24,415 | INFO     |   → 976/1177 ❌ HTTP 404 — https://raw.githubusercontent.com/ssrsub/ssr/master/Clash.yml
2026-06-12 03:02:24,415 | INFO     |   → 977/1177 ❌ HTTP 404 — https://raw.githubusercontent.com/ssrsub/ssr/master/V2Ray
2026-06-12 03:02:24,415 | INFO     |   → 978/1177 ❌ HTTP 404 — https://raw.githubusercontent.com/ssrsub/ssr/master/ss-sub
2026-06-12 03:02:24,415 | INFO     |   → 979/1177 ❌ HTTP 404 — https://raw.githubusercontent.com/ssrsub/ssr/master/ssrsub
2026-06-12 03:02:24,415 | INFO     |   → 980/1177 ❌ HTTP 404 — https://raw.githubusercontent.com/ssrsub/ssr/master/trojan
2026-06-12 03:02:24,415 | INFO     |   → 981/1177: ✅ 0 взято | 🗑️ 0 мусор
2026-06-12 03:02:24,415 | INFO     |   → 982/1177: ✅ 2 взято | 🗑️ 12 мусор
2026-06-12 03:02:24,416 | INFO     |   → 983/1177: ✅ 0 взято | 🗑️ 13 мусор
2026-06-12 03:02:24,416 | INFO     |   → 984/1177: ✅ 0 взято | 🗑️ 13 мусор
2026-06-12 03:02:24,416 | INFO     |   → 985/1177 ❌ HTTP 404 — https://raw.githubusercontent.com/tbbatbb/Proxy/master/dist/clash.config.yaml
2026-06-12 03:02:24,416 | INFO     |   → 986/1177: ✅ 2 взято | 🗑️ 35 мусор
2026-06-12 03:02:24,416 | INFO     |   → 987/1177: ✅ 0 взято | 🗑️ 0 мусор
2026-06-12 03:02:24,416 | INFO     |   → 988/1177: ✅ 5 взято | 🗑️ 111 мусор
2026-06-12 03:02:24,416 | INFO     |   → 989/1177: ✅ 0 взято | 🗑️ 0 мусор
2026-06-12 03:02:24,416 | INFO     |   → 990/1177: ✅ 0 взято | 🗑️ 78 мусор
2026-06-12 03:02:24,416 | INFO     |   → 991/1177 ❌ HTTP 404 — https://raw.githubusercontent.com/v2clash/Autoproxy/a81f840ab2364124133572ec94e4b81fb0d4e58d/sub/2401/240104.txt
2026-06-12 03:02:24,416 | INFO     |   → 992/1177 ❌ HTTP 404 — https://raw.githubusercontent.com/v2clash/V2ray-Configs/31f493c584d0c7b56350f4a34d80c53ad82bcc18/Sub9.txt
2026-06-12 03:02:24,416 | INFO     |   → 993/1177: ✅ 0 взято | 🗑️ 0 мусор
2026-06-12 03:02:24,416 | INFO     |   → 994/1177: ✅ 0 взято | 🗑️ 0 мусор
2026-06-12 03:02:24,416 | INFO     |   → 995/1177: ✅ 0 взято | 🗑️ 0 мусор
2026-06-12 03:02:24,416 | INFO     |   → 996/1177: ✅ 283 взято | 🗑️ 9640 мусор
2026-06-12 03:02:24,416 | INFO     |   → 997/1177: ✅ 281 взято | 🗑️ 10086 мусор
2026-06-12 03:02:24,416 | INFO     |   → 998/1177: ✅ 280 взято | 🗑️ 9675 мусор
2026-06-12 03:02:24,416 | INFO     |   → 999/1177: ✅ 334 взято | 🗑️ 9823 мусор
2026-06-12 03:02:24,417 | INFO     |   → 1000/1177: ✅ 350 взято | 🗑️ 9639 мусор
2026-06-12 03:02:24,417 | INFO     |   → 1001/1177: ✅ 125 взято | 🗑️ 7919 мусор
2026-06-12 03:02:24,417 | INFO     |   → 1002/1177: ✅ 135 взято | 🗑️ 4836 мусор
2026-06-12 03:02:24,417 | INFO     |   → 1003/1177: ✅ 502 взято | 🗑️ 7659 мусор
2026-06-12 03:02:24,417 | INFO     |   → 1004/1177: ✅ 631 взято | 🗑️ 8081 мусор
2026-06-12 03:02:24,417 | INFO     |   → 1005/1177: ✅ 202 взято | 🗑️ 5131 мусор
2026-06-12 03:02:24,417 | INFO     |   → 1006/1177 ❌ HTTP 404 — https://raw.githubusercontent.com/vveg26/chromego_merge/main/sub/merged_proxies.yaml
2026-06-12 03:02:24,417 | INFO     |   → 1007/1177 ❌ HTTP 404 — https://raw.githubusercontent.com/vveg26/get_proxy/main/dist/clash.config.yaml
2026-06-12 03:02:24,417 | INFO     |   → 1008/1177: ✅ 0 взято | 🗑️ 10 мусор
2026-06-12 03:02:24,417 | INFO     |   → 1009/1177: ✅ 0 взято | 🗑️ 10 мусор
2026-06-12 03:02:24,417 | INFO     |   → 1010/1177: ✅ 0 взято | 🗑️ 4 мусор
2026-06-12 03:02:24,417 | INFO     |   → 1011/1177: ✅ 0 взято | 🗑️ 0 мусор
2026-06-12 03:02:24,417 | INFO     |   → 1012/1177: ✅ 0 взято | 🗑️ 4 мусор
2026-06-12 03:02:24,417 | INFO     |   → 1013/1177: ✅ 106 взято | 🗑️ 689 мусор
2026-06-12 03:02:24,417 | INFO     |   → 1014/1177: ✅ 48 взято | 🗑️ 841 мусор
2026-06-12 03:02:24,417 | INFO     |   → 1015/1177: ✅ 21 взято | 🗑️ 789 мусор
2026-06-12 03:02:24,418 | INFO     |   → 1016/1177: ✅ 24 взято | 🗑️ 774 мусор
2026-06-12 03:02:24,418 | INFO     |   → 1017/1177: ✅ 52 взято | 🗑️ 756 мусор
2026-06-12 03:02:24,418 | INFO     |   → 1018/1177: ✅ 191 взято | 🗑️ 745 мусор
2026-06-12 03:02:24,418 | INFO     |   → 1019/1177: ✅ 9 взято | 🗑️ 651 мусор
2026-06-12 03:02:24,418 | INFO     |   → 1020/1177: ✅ 185 взято | 🗑️ 388 мусор
2026-06-12 03:02:24,418 | INFO     |   → 1021/1177: ✅ 130 взято | 🗑️ 523 мусор
2026-06-12 03:02:24,418 | INFO     |   → 1022/1177: ✅ 67 взято | 🗑️ 533 мусор
2026-06-12 03:02:24,418 | INFO     |   → 1023/1177: ✅ 98 взято | 🗑️ 444 мусор
2026-06-12 03:02:24,418 | INFO     |   → 1024/1177: ✅ 102 взято | 🗑️ 670 мусор
2026-06-12 03:02:24,418 | INFO     |   → 1025/1177: ✅ 86 взято | 🗑️ 476 мусор
2026-06-12 03:02:24,418 | INFO     |   → 1026/1177: ✅ 95 взято | 🗑️ 657 мусор
2026-06-12 03:02:24,418 | INFO     |   → 1027/1177: ✅ 105 взято | 🗑️ 645 мусор
2026-06-12 03:02:24,418 | INFO     |   → 1028/1177: ✅ 115 взято | 🗑️ 985 мусор
2026-06-12 03:02:24,418 | INFO     |   → 1029/1177: ✅ 6 взято | 🗑️ 63 мусор
2026-06-12 03:02:24,418 | INFO     |   → 1030/1177: ✅ 7 взято | 🗑️ 62 мусор
2026-06-12 03:02:24,419 | INFO     |   → 1031/1177: ✅ 39 взято | 🗑️ 489 мусор
2026-06-12 03:02:24,419 | INFO     |   → 1032/1177: ✅ 0 взято | 🗑️ 0 мусор
2026-06-12 03:02:24,419 | INFO     |   → 1033/1177: ✅ 0 взято | 🗑️ 0 мусор
2026-06-12 03:02:24,419 | INFO     |   → 1034/1177: ✅ 0 взято | 🗑️ 0 мусор
2026-06-12 03:02:24,419 | INFO     |   → 1035/1177: ✅ 0 взято | 🗑️ 0 мусор
2026-06-12 03:02:24,419 | INFO     |   → 1036/1177: ✅ 0 взято | 🗑️ 0 мусор
2026-06-12 03:02:24,419 | INFO     |   → 1037/1177: ✅ 0 взято | 🗑️ 52 мусор
2026-06-12 03:02:24,419 | INFO     |   → 1038/1177: ✅ 5 взято | 🗑️ 10 мусор
2026-06-12 03:02:24,419 | INFO     |   → 1039/1177: ✅ 1 взято | 🗑️ 124 мусор
2026-06-12 03:02:24,419 | INFO     |   → 1040/1177: ✅ 203 взято | 🗑️ 135 мусор
2026-06-12 03:02:24,419 | INFO     |   → 1041/1177: ✅ 0 взято | 🗑️ 9 мусор
2026-06-12 03:02:24,419 | INFO     |   → 1042/1177: ✅ 10 взято | 🗑️ 753 мусор
2026-06-12 03:02:24,419 | INFO     |   → 1043/1177 ❌ HTTP 404 — https://raw.githubusercontent.com/xiaozhu2007/xiaozhu2007/61a755a044dbaeea678bc2d1e20f21a21c6d7170/docs/fxxk.txt
2026-06-12 03:02:24,419 | INFO     |   → 1044/1177: ✅ 1 взято | 🗑️ 159 мусор
2026-06-12 03:02:24,419 | INFO     |   → 1045/1177: ✅ 0 взято | 🗑️ 22 мусор
2026-06-12 03:02:24,419 | INFO     |   → 1046/1177: ✅ 0 взято | 🗑️ 0 мусор
2026-06-12 03:02:24,420 | INFO     |   → 1047/1177 ❌ HTTP 404 — https://raw.githubusercontent.com/yebekhe/TVC/0f745f92bf381e505f1245abbc7c145b19b11503/config.txt
2026-06-12 03:02:24,420 | INFO     |   → 1048/1177 ❌ HTTP 404 — https://raw.githubusercontent.com/yebekhe/TVC/9fac69239c69327fb7a61f5a8d79d107133889e1/lite/config.txt
2026-06-12 03:02:24,420 | INFO     |   → 1049/1177 ❌ HTTP 404 — https://raw.githubusercontent.com/yebekhe/TelegramV2rayCollector/main/sub/normal/donated
2026-06-12 03:02:24,420 | INFO     |   → 1050/1177 ❌ HTTP 404 — https://raw.githubusercontent.com/yebekhe/TelegramV2rayCollector/main/sub/normal/hysteria2
2026-06-12 03:02:24,420 | INFO     |   → 1051/1177 ❌ HTTP 404 — https://raw.githubusercontent.com/yebekhe/TelegramV2rayCollector/main/sub/normal/mix
2026-06-12 03:02:24,420 | INFO     |   → 1052/1177 ❌ HTTP 404 — https://raw.githubusercontent.com/yebekhe/TelegramV2rayCollector/main/sub/normal/reality
2026-06-12 03:02:24,420 | INFO     |   → 1053/1177 ❌ HTTP 404 — https://raw.githubusercontent.com/yebekhe/TelegramV2rayCollector/main/sub/normal/shadowsocks
2026-06-12 03:02:24,420 | INFO     |   → 1054/1177 ❌ HTTP 404 — https://raw.githubusercontent.com/yebekhe/TelegramV2rayCollector/main/sub/normal/trojan
2026-06-12 03:02:24,420 | INFO     |   → 1055/1177 ❌ HTTP 404 — https://raw.githubusercontent.com/yebekhe/TelegramV2rayCollector/main/sub/normal/tuic
2026-06-12 03:02:24,420 | INFO     |   → 1056/1177 ❌ HTTP 404 — https://raw.githubusercontent.com/yebekhe/TelegramV2rayCollector/main/sub/normal/vless
2026-06-12 03:02:24,420 | INFO     |   → 1057/1177 ❌ HTTP 404 — https://raw.githubusercontent.com/yebekhe/TelegramV2rayCollector/main/sub/normal/vmess
2026-06-12 03:02:24,420 | INFO     |   → 1058/1177 ❌ HTTP 404 — https://raw.githubusercontent.com/yebekhe/V2Hub/main/Split/Normal/shadowsocks
2026-06-12 03:02:24,420 | INFO     |   → 1059/1177 ❌ HTTP 404 — https://raw.githubusercontent.com/yebekhe/V2Hub/main/merged
2026-06-12 03:02:24,420 | INFO     |   → 1060/1177: ✅ 0 взято | 🗑️ 30 мусор
2026-06-12 03:02:24,420 | INFO     |   → 1061/1177: ✅ 1118 взято | 🗑️ 10453 мусор
2026-06-12 03:02:24,420 | INFO     |   → 1062/1177: ✅ 19 взято | 🗑️ 713 мусор
2026-06-12 03:02:24,421 | INFO     |   → 1063/1177: ✅ 17 взято | 🗑️ 351 мусор
2026-06-12 03:02:24,421 | INFO     |   → 1064/1177: ✅ 222 взято | 🗑️ 360 мусор
2026-06-12 03:02:24,421 | INFO     |   → 1065/1177: ✅ 113 взято | 🗑️ 1754 мусор
2026-06-12 03:02:24,421 | INFO     |   → 1066/1177: ✅ 1 взято | 🗑️ 570 мусор
2026-06-12 03:02:24,421 | INFO     |   → 1067/1177 ❌ HTTP 404 — https://raw.githubusercontent.com/yyyr-otz/tele-providers-collector/019cb3e07ee52fddbc7caa54fc670c6b9bae6539/sub/proxies.txt
2026-06-12 03:02:24,421 | INFO     |   → 1068/1177 ❌ HTTP 404 — https://raw.githubusercontent.com/yyyr-otz/tele-providers-collector/b7a74ee98bcf02c5a507d688a1bed3aa9f7f4ed1/script/raw/protocols/mixed.txt
2026-06-12 03:02:24,421 | INFO     |   → 1069/1177: ✅ 0 взято | 🗑️ 0 мусор
2026-06-12 03:02:24,421 | INFO     |   → 1070/1177: ✅ 0 взято | 🗑️ 0 мусор
2026-06-12 03:02:24,421 | INFO     |   → 1071/1177: ✅ 1 взято | 🗑️ 18 мусор
2026-06-12 03:02:24,421 | INFO     |   → 1072/1177: ✅ 0 взято | 🗑️ 28 мусор
2026-06-12 03:02:24,421 | INFO     |   → 1073/1177: ✅ 0 взято | 🗑️ 5 мусор
2026-06-12 03:02:24,421 | INFO     |   → 1074/1177: ✅ 0 взято | 🗑️ 0 мусор
2026-06-12 03:02:24,421 | INFO     |   → 1075/1177 ⚠️ Ошибка: ('Connection aborted.', RemoteDisconnected('Remote end closed connection without response')) — https://sub.pmsub.me/clash.yaml
2026-06-12 03:02:24,421 | INFO     |   → 1076/1177: ✅ 0 взято | 🗑️ 1 мусор
2026-06-12 03:02:24,421 | INFO     |   → 1077/1177: ✅ 8 взято | 🗑️ 21 мусор
2026-06-12 03:02:24,421 | INFO     |   → 1078/1177: ✅ 0 взято | 🗑️ 0 мусор
2026-06-12 03:02:24,422 | INFO     |   → 1079/1177: ✅ 9 взято | 🗑️ 19 мусор
2026-06-12 03:02:24,422 | INFO     |   → 1080/1177: ✅ 0 взято | 🗑️ 0 мусор
2026-06-12 03:02:24,422 | INFO     |   → 1081/1177: ✅ 2 взято | 🗑️ 14 мусор
2026-06-12 03:02:24,422 | INFO     |   → 1082/1177: ✅ 4 взято | 🗑️ 22 мусор
2026-06-12 03:02:24,422 | INFO     |   → 1083/1177: ✅ 0 взято | 🗑️ 0 мусор
2026-06-12 03:02:24,422 | INFO     |   → 1084/1177: ✅ 0 взято | 🗑️ 0 мусор
2026-06-12 03:02:24,422 | INFO     |   → 1085/1177: ✅ 0 взято | 🗑️ 0 мусор
2026-06-12 03:02:24,422 | INFO     |   → 1086/1177: ✅ 2 взято | 🗑️ 16 мусор
2026-06-12 03:02:24,422 | INFO     |   → 1087/1177: ✅ 0 взято | 🗑️ 0 мусор
2026-06-12 03:02:24,422 | INFO     |   → 1088/1177: ✅ 4 взято | 🗑️ 7 мусор
2026-06-12 03:02:24,422 | INFO     |   → 1089/1177: ✅ 0 взято | 🗑️ 0 мусор
2026-06-12 03:02:24,422 | INFO     |   → 1090/1177: ✅ 6 взято | 🗑️ 14 мусор
2026-06-12 03:02:24,422 | INFO     |   → 1091/1177: ✅ 0 взято | 🗑️ 0 мусор
2026-06-12 03:02:24,422 | INFO     |   → 1092/1177: ✅ 2 взято | 🗑️ 13 мусор
2026-06-12 03:02:24,422 | INFO     |   → 1093/1177: ✅ 0 взято | 🗑️ 0 мусор
2026-06-12 03:02:24,422 | INFO     |   → 1094/1177: ✅ 0 взято | 🗑️ 0 мусор
2026-06-12 03:02:24,422 | INFO     |   → 1095/1177: ✅ 2 взято | 🗑️ 7 мусор
2026-06-12 03:02:24,423 | INFO     |   → 1096/1177: ✅ 1 взято | 🗑️ 14 мусор
2026-06-12 03:02:24,423 | INFO     |   → 1097/1177: ✅ 2 взято | 🗑️ 14 мусор
2026-06-12 03:02:24,423 | INFO     |   → 1098/1177: ✅ 0 взято | 🗑️ 0 мусор
2026-06-12 03:02:24,423 | INFO     |   → 1099/1177: ✅ 3 взято | 🗑️ 22 мусор
2026-06-12 03:02:24,423 | INFO     |   → 1100/1177: ✅ 0 взято | 🗑️ 0 мусор
2026-06-12 03:02:24,423 | INFO     |   → 1101/1177: ✅ 2 взято | 🗑️ 15 мусор
2026-06-12 03:02:24,423 | INFO     |   → 1102/1177: ✅ 3 взято | 🗑️ 12 мусор
2026-06-12 03:02:24,423 | INFO     |   → 1103/1177: ✅ 0 взято | 🗑️ 0 мусор
2026-06-12 03:02:24,423 | INFO     |   → 1104/1177: ✅ 0 взято | 🗑️ 0 мусор
2026-06-12 03:02:24,423 | INFO     |   → 1105/1177: ✅ 0 взято | 🗑️ 0 мусор
2026-06-12 03:02:24,423 | INFO     |   → 1106/1177: ✅ 4 взято | 🗑️ 11 мусор
2026-06-12 03:02:24,423 | INFO     |   → 1107/1177: ✅ 10 взято | 🗑️ 15 мусор
2026-06-12 03:02:24,423 | INFO     |   → 1108/1177: ✅ 0 взято | 🗑️ 0 мусор
2026-06-12 03:02:24,423 | INFO     |   → 1109/1177: ✅ 13 взято | 🗑️ 15 мусор
2026-06-12 03:02:24,423 | INFO     |   → 1110/1177: ✅ 0 взято | 🗑️ 0 мусор
2026-06-12 03:02:24,423 | INFO     |   → 1111/1177: ✅ 5 взято | 🗑️ 15 мусор
2026-06-12 03:02:24,424 | INFO     |   → 1112/1177: ✅ 0 взято | 🗑️ 0 мусор
2026-06-12 03:02:24,424 | INFO     |   → 1113/1177: ✅ 8 взято | 🗑️ 16 мусор
2026-06-12 03:02:24,424 | INFO     |   → 1114/1177: ✅ 0 взято | 🗑️ 0 мусор
2026-06-12 03:02:24,424 | INFO     |   → 1115/1177: ✅ 0 взято | 🗑️ 24 мусор
2026-06-12 03:02:24,424 | INFO     |   → 1116/1177: ✅ 0 взято | 🗑️ 0 мусор
2026-06-12 03:02:24,424 | INFO     |   → 1117/1177: ✅ 4 взято | 🗑️ 17 мусор
2026-06-12 03:02:24,424 | INFO     |   → 1118/1177: ✅ 0 взято | 🗑️ 0 мусор
2026-06-12 03:02:24,424 | INFO     |   → 1119/1177: ✅ 12 взято | 🗑️ 18 мусор
2026-06-12 03:02:24,424 | INFO     |   → 1120/1177: ✅ 0 взято | 🗑️ 0 мусор
2026-06-12 03:02:24,424 | INFO     |   → 1121/1177: ✅ 2 взято | 🗑️ 17 мусор
2026-06-12 03:02:24,424 | INFO     |   → 1122/1177: ✅ 0 взято | 🗑️ 0 мусор
2026-06-12 03:02:24,424 | INFO     |   → 1123/1177: ✅ 1 взято | 🗑️ 27 мусор
2026-06-12 03:02:24,424 | INFO     |   → 1124/1177: ✅ 0 взято | 🗑️ 0 мусор
2026-06-12 03:02:24,424 | INFO     |   → 1125/1177: ✅ 4 взято | 🗑️ 15 мусор
2026-06-12 03:02:24,424 | INFO     |   → 1126/1177: ✅ 0 взято | 🗑️ 0 мусор
2026-06-12 03:02:24,424 | INFO     |   → 1127/1177: ✅ 4 взято | 🗑️ 26 мусор
2026-06-12 03:02:24,425 | INFO     |   → 1128/1177: ✅ 0 взято | 🗑️ 0 мусор
2026-06-12 03:02:24,425 | INFO     |   → 1129/1177: ✅ 3 взято | 🗑️ 21 мусор
2026-06-12 03:02:24,425 | INFO     |   → 1130/1177: ✅ 0 взято | 🗑️ 0 мусор
2026-06-12 03:02:24,425 | INFO     |   → 1131/1177: ✅ 8 взято | 🗑️ 12 мусор
2026-06-12 03:02:24,425 | INFO     |   → 1132/1177: ✅ 0 взято | 🗑️ 0 мусор
2026-06-12 03:02:24,425 | INFO     |   → 1133/1177: ✅ 8 взято | 🗑️ 15 мусор
2026-06-12 03:02:24,425 | INFO     |   → 1134/1177: ✅ 0 взято | 🗑️ 0 мусор
2026-06-12 03:02:24,425 | INFO     |   → 1135/1177: ✅ 10 взято | 🗑️ 14 мусор
2026-06-12 03:02:24,425 | INFO     |   → 1136/1177: ✅ 0 взято | 🗑️ 0 мусор
2026-06-12 03:02:24,425 | INFO     |   → 1137/1177: ✅ 5 взято | 🗑️ 18 мусор
2026-06-12 03:02:24,425 | INFO     |   → 1138/1177: ✅ 0 взято | 🗑️ 0 мусор
2026-06-12 03:02:24,425 | INFO     |   → 1139/1177: ✅ 5 взято | 🗑️ 22 мусор
2026-06-12 03:02:24,425 | INFO     |   → 1140/1177: ✅ 0 взято | 🗑️ 0 мусор
2026-06-12 03:02:24,425 | INFO     |   → 1141/1177: ✅ 5 взято | 🗑️ 18 мусор
2026-06-12 03:02:24,425 | INFO     |   → 1142/1177: ✅ 0 взято | 🗑️ 0 мусор
2026-06-12 03:02:24,425 | INFO     |   → 1143/1177: ✅ 1 взято | 🗑️ 23 мусор
2026-06-12 03:02:24,426 | INFO     |   → 1144/1177: ✅ 0 взято | 🗑️ 0 мусор
2026-06-12 03:02:24,426 | INFO     |   → 1145/1177: ✅ 5 взято | 🗑️ 18 мусор
2026-06-12 03:02:24,426 | INFO     |   → 1146/1177: ✅ 0 взято | 🗑️ 0 мусор
2026-06-12 03:02:24,426 | INFO     |   → 1147/1177: ✅ 17 взято | 🗑️ 7 мусор
2026-06-12 03:02:24,426 | INFO     |   → 1148/1177: ✅ 0 взято | 🗑️ 0 мусор
2026-06-12 03:02:24,426 | INFO     |   → 1149/1177: ✅ 3 взято | 🗑️ 17 мусор
2026-06-12 03:02:24,426 | INFO     |   → 1150/1177: ✅ 0 взято | 🗑️ 0 мусор
2026-06-12 03:02:24,426 | INFO     |   → 1151/1177: ✅ 7 взято | 🗑️ 14 мусор
2026-06-12 03:02:24,426 | INFO     |   → 1152/1177: ✅ 0 взято | 🗑️ 0 мусор
2026-06-12 03:02:24,426 | INFO     |   → 1153/1177: ✅ 7 взято | 🗑️ 14 мусор
2026-06-12 03:02:24,426 | INFO     |   → 1154/1177: ✅ 0 взято | 🗑️ 0 мусор
2026-06-12 03:02:24,426 | INFO     |   → 1155/1177: ✅ 8 взято | 🗑️ 11 мусор
2026-06-12 03:02:24,426 | INFO     |   → 1156/1177: ✅ 0 взято | 🗑️ 0 мусор
2026-06-12 03:02:24,426 | INFO     |   → 1157/1177: ✅ 0 взято | 🗑️ 22 мусор
2026-06-12 03:02:24,426 | INFO     |   → 1158/1177: ✅ 0 взято | 🗑️ 0 мусор
2026-06-12 03:02:24,426 | INFO     |   → 1159/1177: ✅ 3 взято | 🗑️ 12 мусор
2026-06-12 03:02:24,427 | INFO     |   → 1160/1177: ✅ 0 взято | 🗑️ 0 мусор
2026-06-12 03:02:24,427 | INFO     |   → 1161/1177: ✅ 0 взято | 🗑️ 7 мусор
2026-06-12 03:02:24,427 | INFO     |   → 1162/1177: ✅ 0 взято | 🗑️ 0 мусор
2026-06-12 03:02:24,427 | INFO     |   → 1163/1177: ✅ 2 взято | 🗑️ 8 мусор
2026-06-12 03:02:24,427 | INFO     |   → 1164/1177: ✅ 0 взято | 🗑️ 0 мусор
2026-06-12 03:02:24,427 | INFO     |   → 1165/1177: ✅ 5 взято | 🗑️ 12 мусор
2026-06-12 03:02:24,427 | INFO     |   → 1166/1177: ✅ 0 взято | 🗑️ 0 мусор
2026-06-12 03:02:24,427 | INFO     |   → 1167/1177: ✅ 2 взято | 🗑️ 12 мусор
2026-06-12 03:02:24,427 | INFO     |   → 1168/1177: ✅ 0 взято | 🗑️ 0 мусор
2026-06-12 03:02:24,427 | INFO     |   → 1169/1177: ✅ 8 взято | 🗑️ 12 мусор
2026-06-12 03:02:24,427 | INFO     |   → 1170/1177: ✅ 0 взято | 🗑️ 0 мусор
2026-06-12 03:02:24,427 | INFO     |   → 1171/1177: ✅ 0 взято | 🗑️ 10 мусор
2026-06-12 03:02:24,427 | INFO     |   → 1172/1177: ✅ 0 взято | 🗑️ 0 мусор
2026-06-12 03:02:24,427 | INFO     |   → 1173/1177: ✅ 6 взято | 🗑️ 14 мусор
2026-06-12 03:02:24,427 | INFO     |   → 1174/1177: ✅ 0 взято | 🗑️ 0 мусор
2026-06-12 03:02:24,427 | INFO     |   → 1175/1177: ✅ 0 взято | 🗑️ 19 мусор
2026-06-12 03:02:24,427 | INFO     |   → 1176/1177: ✅ 0 взято | 🗑️ 0 мусор
2026-06-12 03:02:24,427 | INFO     |   → 1177/1177: ✅ 0 взято | 🗑️ 2 мусор
2026-06-12 03:02:24,428 | INFO     |   → ✅ ГОТОВО!
2026-06-12 03:02:24,428 | INFO     |   →    📥 Всего ключей после фильтра: 41724
2026-06-12 03:02:24,428 | INFO     |   →    🔗 Уникальных IP:PORT:SCHEME: 12416
2026-06-12 03:02:24,428 | INFO     |   →    🗑️ Выброшено мусора: 680315
2026-06-12 03:02:24,428 | INFO     |   → 📊 По протоколам:
2026-06-12 03:02:24,428 | INFO     |   →    vless: 5323
2026-06-12 03:02:24,428 | INFO     |   →    vmess: 3445
2026-06-12 03:02:24,428 | INFO     |   →    trojan: 1511
2026-06-12 03:02:24,428 | INFO     |   →    ss: 1975
2026-06-12 03:02:24,428 | INFO     |   →    hysteria: 13
2026-06-12 03:02:24,428 | INFO     |   →    hysteria2: 30
2026-06-12 03:02:24,428 | INFO     |   →    hy2: 66
2026-06-12 03:02:24,428 | INFO     |   →    tuic: 53
2026-06-12 03:02:24,428 | INFO     | ✅ mirror.py завершён успешно
2026-06-12 03:02:24,428 | INFO     | 
2026-06-12 03:02:24,429 | INFO     | 
2026-06-12 03:02:24,429 | INFO     | ──────────────────────────────────────────────────────────────────────
2026-06-12 03:02:24,429 | INFO     | 📌 ЭТАП: Фильтрация по реальному SNI
2026-06-12 03:02:24,429 | INFO     | ──────────────────────────────────────────────────────────────────────
2026-06-12 03:02:24,429 | INFO     | 🚀 Запуск filter_ru_sni.py (Фильтр по реальному SNI (CDN+RU))...
2026-06-12 03:02:24,736 | INFO     |   → hy2.txt: 66 → 20 (SNI-filtered)
2026-06-12 03:02:24,736 | INFO     |   →   hysteria.txt: 13 → 0 (SNI-filtered)
2026-06-12 03:02:24,736 | INFO     |   →   hysteria2.txt: 30 → 6 (SNI-filtered)
2026-06-12 03:02:24,736 | INFO     |   →   ss.txt: 1975 → 0 (SNI-filtered)
2026-06-12 03:02:24,736 | INFO     |   →   trojan.txt: 1511 → 11 (SNI-filtered)
2026-06-12 03:02:24,737 | INFO     |   →   tuic.txt: 53 → 0 (SNI-filtered)
2026-06-12 03:02:24,737 | INFO     |   →   vless.txt: 5323 → 847 (SNI-filtered)
2026-06-12 03:02:24,737 | INFO     |   →   vmess.txt: 3445 → 38 (SNI-filtered)
2026-06-12 03:02:24,737 | INFO     |   → ==================================================
2026-06-12 03:02:24,737 | INFO     |   →   Всего входных:  12416
2026-06-12 03:02:24,737 | INFO     |   →   Прошли фильтр:  922
2026-06-12 03:02:24,737 | INFO     |   →   Отброшено:      11494
2026-06-12 03:02:24,737 | INFO     |   → ==================================================
2026-06-12 03:02:24,737 | INFO     |   → Готово → /home/runner/work/vpn-vless-configs-russia/vpn-vless-configs-russia/githubmirror/ru-sni
2026-06-12 03:02:24,737 | INFO     | ✅ filter_ru_sni.py завершён успешно
2026-06-12 03:02:24,737 | INFO     | 
2026-06-12 03:02:24,737 | INFO     | 
2026-06-12 03:02:24,737 | INFO     | ──────────────────────────────────────────────────────────────────────
2026-06-12 03:02:24,737 | INFO     | 📌 ЭТАП: Экспериментальный RU-SNI фильтр
2026-06-12 03:02:24,737 | INFO     | ──────────────────────────────────────────────────────────────────────
2026-06-12 03:02:24,737 | INFO     | 🚀 Запуск filter_ru_sni_local.py (Экспериментальный фильтр по RU-SNI (локальные домены))...
2026-06-12 03:02:24,943 | INFO     |   → hy2.txt: 66 → 0 (RU-SNI)
2026-06-12 03:02:24,943 | INFO     |   → hysteria.txt: 13 → 0 (RU-SNI)
2026-06-12 03:02:24,943 | INFO     |   → hysteria2.txt: 30 → 0 (RU-SNI)
2026-06-12 03:02:24,943 | INFO     |   → ss.txt: 1975 → 0 (RU-SNI)
2026-06-12 03:02:24,943 | INFO     |   → trojan.txt: 1511 → 0 (RU-SNI)
2026-06-12 03:02:24,943 | INFO     |   → tuic.txt: 53 → 0 (RU-SNI)
2026-06-12 03:02:24,943 | INFO     |   → vless.txt: 5323 → 210 (RU-SNI)
2026-06-12 03:02:24,943 | INFO     |   → vmess.txt: 3445 → 0 (RU-SNI)
2026-06-12 03:02:24,943 | INFO     |   → ==================================================
2026-06-12 03:02:24,944 | INFO     |   → Всего входных:  12416
2026-06-12 03:02:24,944 | INFO     |   → Прошли RU-SNI:  210
2026-06-12 03:02:24,944 | INFO     |   → Отброшено:      12206
2026-06-12 03:02:24,944 | INFO     |   → ==================================================
2026-06-12 03:02:24,944 | INFO     |   → Готово → /home/runner/work/vpn-vless-configs-russia/vpn-vless-configs-russia/githubmirror/ru-sni-local
2026-06-12 03:02:24,944 | INFO     | ✅ filter_ru_sni_local.py завершён успешно
2026-06-12 03:02:24,944 | INFO     | 
2026-06-12 03:02:24,944 | INFO     | 
2026-06-12 03:02:24,944 | INFO     | ──────────────────────────────────────────────────────────────────────
2026-06-12 03:02:24,944 | INFO     | 📌 ЭТАП: Сбор статистики
2026-06-12 03:02:24,944 | INFO     | ──────────────────────────────────────────────────────────────────────
2026-06-12 03:02:24,944 | INFO     | 📊 Сбор статистики...
2026-06-12 03:02:24,944 | INFO     |   📁 githubmirror/clean:
2026-06-12 03:02:24,945 | INFO     |     • hy2         :    66 конфигов
2026-06-12 03:02:24,945 | INFO     |     • hysteria    :    13 конфигов
2026-06-12 03:02:24,945 | INFO     |     • hysteria2   :    30 конфигов
2026-06-12 03:02:24,946 | INFO     |     • ss          :  1975 конфигов
2026-06-12 03:02:24,948 | INFO     |     • trojan      :  1511 конфигов
2026-06-12 03:02:24,948 | INFO     |     • tuic        :    53 конфигов
2026-06-12 03:02:24,953 | INFO     |     • vless       :  5323 конфигов
2026-06-12 03:02:24,956 | INFO     |     • vmess       :  3445 конфигов
2026-06-12 03:02:24,956 | INFO     |   📁 githubmirror/ru-sni:
2026-06-12 03:02:24,956 | INFO     |     • hy2         :    20 конфигов ( 30.3% от clean)
2026-06-12 03:02:24,956 | INFO     |     • hysteria    :     0 конфигов (  0.0% от clean)
2026-06-12 03:02:24,957 | INFO     |     • hysteria2   :     6 конфигов ( 20.0% от clean)
2026-06-12 03:02:24,957 | INFO     |     • ss          :     0 конфигов (  0.0% от clean)
2026-06-12 03:02:24,957 | INFO     |     • trojan      :    11 конфигов (  0.7% от clean)
2026-06-12 03:02:24,957 | INFO     |     • tuic        :     0 конфигов (  0.0% от clean)
2026-06-12 03:02:24,958 | INFO     |     • vless       :   847 конфигов ( 15.9% от clean)
2026-06-12 03:02:24,958 | INFO     |     • vmess       :    38 конфигов (  1.1% от clean)
2026-06-12 03:02:24,958 | INFO     | 
2026-06-12 03:02:24,958 | INFO     |   ──────────────────────────────────────────────────
2026-06-12 03:02:24,958 | INFO     |   📈 ИТОГО:
2026-06-12 03:02:24,958 | INFO     |     Clean (после geo-фильтра):    12416
2026-06-12 03:02:24,958 | INFO     |     RU-SNI (после SNI-фильтра):     922
2026-06-12 03:02:24,958 | INFO     |     Прошло фильтр:                  7.4%
2026-06-12 03:02:24,958 | INFO     |   ──────────────────────────────────────────────────
2026-06-12 03:02:24,959 | INFO     | ✅ Статистика сохранена: /home/runner/work/vpn-vless-configs-russia/vpn-vless-configs-russia/stats.json
2026-06-12 03:02:24,959 | INFO     | 
2026-06-12 03:02:24,959 | INFO     | ======================================================================
2026-06-12 03:02:24,959 | INFO     | 📊 ИТОГОВЫЙ ОТЧЁТ
2026-06-12 03:02:24,959 | INFO     | ======================================================================
2026-06-12 03:02:24,959 | INFO     |   ✅ OK         | Загрузка и geo-фильтрация
2026-06-12 03:02:24,959 | INFO     |   ✅ OK         | Фильтрация по реальному SNI
2026-06-12 03:02:24,959 | INFO     |   ✅ OK         | Экспериментальный RU-SNI фильтр
2026-06-12 03:02:24,959 | INFO     |   ✅ OK         | Сбор статистики
2026-06-12 03:02:24,959 | INFO     | ──────────────────────────────────────────────────────────────────────
2026-06-12 03:02:24,959 | INFO     | ✅ ВСЕ ЭТАПЫ УСПЕШНЫ (4/4)
2026-06-12 03:02:24,960 | INFO     | ⏰ Время завершения: 2026-06-12 03:02:24
2026-06-12 03:02:24,960 | INFO     | ======================================================================
