2026-05-27 09:39:44,969 | INFO     | ======================================================================
2026-05-27 09:39:44,969 | INFO     | 🔍 VPN KEY CHECKER - Начало проверки
2026-05-27 09:39:44,969 | INFO     | ⏰ Время старта: 2026-05-27 09:39:44
2026-05-27 09:39:44,969 | INFO     | 📂 Рабочая директория: /home/runner/work/vpn-vless-configs-russia/vpn-vless-configs-russia
2026-05-27 09:39:44,969 | INFO     | ======================================================================
2026-05-27 09:39:44,969 | INFO     | 
2026-05-27 09:39:44,969 | INFO     | 🔍 Проверка наличия скриптов...
2026-05-27 09:39:44,969 | INFO     |   ✅ mirror.py
2026-05-27 09:39:44,969 | INFO     |   ✅ filter_ru_sni.py
2026-05-27 09:39:44,969 | INFO     |   ✅ filter_ru_sni_local.py
2026-05-27 09:39:44,969 | INFO     | 
2026-05-27 09:39:44,969 | INFO     | 
2026-05-27 09:39:44,969 | INFO     | ──────────────────────────────────────────────────────────────────────
2026-05-27 09:39:44,969 | INFO     | 📌 ЭТАП: Загрузка и geo-фильтрация
2026-05-27 09:39:44,970 | INFO     | ──────────────────────────────────────────────────────────────────────
2026-05-27 09:39:44,970 | INFO     | 🚀 Запуск mirror.py (Загрузка и фильтрация по РФ/СНГ/Европа)...
2026-05-27 09:44:02,882 | INFO     |   → 🚀 Старт: всего источников (старые + новые): 1023
2026-05-27 09:44:02,882 | INFO     |   → 1/1023: ✅ 13 взято | 🗑️ 242 мусор
2026-05-27 09:44:02,882 | INFO     |   → 2/1023: ✅ 0 взято | 🗑️ 0 мусор
2026-05-27 09:44:02,882 | INFO     |   → 3/1023 ❌ HTTP 404 — https://bitbucket.org/huwo1/proxy_nodes/raw/f31ca9ec67b84071515729ff45b011b6b09c10f2/clash.yaml
2026-05-27 09:44:02,882 | INFO     |   → 4/1023 ❌ HTTP 404 — https://cdn.jsdelivr.net/gh/cry0ice/genode@main/public/all.txt
2026-05-27 09:44:02,882 | INFO     |   → 5/1023 ❌ HTTP 404 — https://cdn.jsdelivr.net/gh/cry0ice/genode@main/public/ss.txt
2026-05-27 09:44:02,882 | INFO     |   → 6/1023 ❌ HTTP 404 — https://cdn.jsdelivr.net/gh/cry0ice/genode@main/public/ssr.txt
2026-05-27 09:44:02,882 | INFO     |   → 7/1023 ❌ HTTP 404 — https://cdn.jsdelivr.net/gh/cry0ice/genode@main/public/trojan.txt
2026-05-27 09:44:02,882 | INFO     |   → 8/1023 ❌ HTTP 404 — https://cdn.jsdelivr.net/gh/cry0ice/genode@main/public/vless.txt
2026-05-27 09:44:02,882 | INFO     |   → 9/1023 ❌ HTTP 404 — https://cdn.jsdelivr.net/gh/cry0ice/genode@main/public/vmess.txt
2026-05-27 09:44:02,882 | INFO     |   → 10/1023: ✅ 0 взято | 🗑️ 0 мусор
2026-05-27 09:44:02,882 | INFO     |   → 11/1023: ✅ 0 взято | 🗑️ 0 мусор
2026-05-27 09:44:02,882 | INFO     |   → 12/1023: ✅ 0 взято | 🗑️ 0 мусор
2026-05-27 09:44:02,883 | INFO     |   → 13/1023: ✅ 0 взято | 🗑️ 0 мусор
2026-05-27 09:44:02,883 | INFO     |   → 14/1023: ✅ 0 взято | 🗑️ 0 мусор
2026-05-27 09:44:02,883 | INFO     |   → 15/1023: ✅ 0 взято | 🗑️ 0 мусор
2026-05-27 09:44:02,883 | INFO     |   → 16/1023: ✅ 0 взято | 🗑️ 0 мусор
2026-05-27 09:44:02,883 | INFO     |   → 17/1023: ✅ 0 взято | 🗑️ 0 мусор
2026-05-27 09:44:02,883 | INFO     |   → 18/1023: ✅ 0 взято | 🗑️ 0 мусор
2026-05-27 09:44:02,883 | INFO     |   → 19/1023: ✅ 0 взято | 🗑️ 0 мусор
2026-05-27 09:44:02,883 | INFO     |   → 20/1023: ✅ 0 взято | 🗑️ 0 мусор
2026-05-27 09:44:02,883 | INFO     |   → 21/1023: ✅ 0 взято | 🗑️ 0 мусор
2026-05-27 09:44:02,883 | INFO     |   → 22/1023: ✅ 0 взято | 🗑️ 0 мусор
2026-05-27 09:44:02,883 | INFO     |   → 23/1023: ✅ 0 взято | 🗑️ 0 мусор
2026-05-27 09:44:02,883 | INFO     |   → 24/1023: ✅ 0 взято | 🗑️ 0 мусор
2026-05-27 09:44:02,883 | INFO     |   → 25/1023: ✅ 0 взято | 🗑️ 0 мусор
2026-05-27 09:44:02,883 | INFO     |   → 26/1023: ✅ 0 взято | 🗑️ 0 мусор
2026-05-27 09:44:02,883 | INFO     |   → 27/1023: ✅ 0 взято | 🗑️ 0 мусор
2026-05-27 09:44:02,883 | INFO     |   → 28/1023: ✅ 0 взято | 🗑️ 0 мусор
2026-05-27 09:44:02,883 | INFO     |   → 29/1023: ✅ 0 взято | 🗑️ 0 мусор
2026-05-27 09:44:02,883 | INFO     |   → 30/1023: ✅ 0 взято | 🗑️ 0 мусор
2026-05-27 09:44:02,883 | INFO     |   → 31/1023: ✅ 0 взято | 🗑️ 0 мусор
2026-05-27 09:44:02,883 | INFO     |   → 32/1023: ✅ 0 взято | 🗑️ 0 мусор
2026-05-27 09:44:02,883 | INFO     |   → 33/1023: ✅ 0 взято | 🗑️ 0 мусор
2026-05-27 09:44:02,883 | INFO     |   → 34/1023: ✅ 0 взято | 🗑️ 0 мусор
2026-05-27 09:44:02,883 | INFO     |   → 35/1023: ✅ 0 взято | 🗑️ 0 мусор
2026-05-27 09:44:02,883 | INFO     |   → 36/1023: ✅ 0 взято | 🗑️ 0 мусор
2026-05-27 09:44:02,883 | INFO     |   → 37/1023: ✅ 0 взято | 🗑️ 0 мусор
2026-05-27 09:44:02,883 | INFO     |   → 38/1023: ✅ 0 взято | 🗑️ 0 мусор
2026-05-27 09:44:02,883 | INFO     |   → 39/1023: ✅ 0 взято | 🗑️ 0 мусор
2026-05-27 09:44:02,883 | INFO     |   → 40/1023: ✅ 0 взято | 🗑️ 0 мусор
2026-05-27 09:44:02,884 | INFO     |   → 41/1023: ✅ 0 взято | 🗑️ 0 мусор
2026-05-27 09:44:02,884 | INFO     |   → 42/1023: ✅ 0 взято | 🗑️ 0 мусор
2026-05-27 09:44:02,884 | INFO     |   → 43/1023: ✅ 0 взято | 🗑️ 0 мусор
2026-05-27 09:44:02,884 | INFO     |   → 44/1023: ✅ 0 взято | 🗑️ 0 мусор
2026-05-27 09:44:02,884 | INFO     |   → 45/1023: ✅ 0 взято | 🗑️ 0 мусор
2026-05-27 09:44:02,884 | INFO     |   → 46/1023: ✅ 0 взято | 🗑️ 0 мусор
2026-05-27 09:44:02,884 | INFO     |   → 47/1023: ✅ 0 взято | 🗑️ 0 мусор
2026-05-27 09:44:02,884 | INFO     |   → 48/1023: ✅ 0 взято | 🗑️ 0 мусор
2026-05-27 09:44:02,884 | INFO     |   → 49/1023: ✅ 0 взято | 🗑️ 0 мусор
2026-05-27 09:44:02,884 | INFO     |   → 50/1023: ✅ 0 взято | 🗑️ 0 мусор
2026-05-27 09:44:02,884 | INFO     |   → 51/1023: ✅ 0 взято | 🗑️ 0 мусор
2026-05-27 09:44:02,884 | INFO     |   → 52/1023: ✅ 0 взято | 🗑️ 0 мусор
2026-05-27 09:44:02,884 | INFO     |   → 53/1023: ✅ 0 взято | 🗑️ 0 мусор
2026-05-27 09:44:02,884 | INFO     |   → 54/1023: ✅ 0 взято | 🗑️ 0 мусор
2026-05-27 09:44:02,884 | INFO     |   → 55/1023: ✅ 0 взято | 🗑️ 0 мусор
2026-05-27 09:44:02,884 | INFO     |   → 56/1023: ✅ 0 взято | 🗑️ 0 мусор
2026-05-27 09:44:02,884 | INFO     |   → 57/1023: ✅ 0 взято | 🗑️ 0 мусор
2026-05-27 09:44:02,884 | INFO     |   → 58/1023: ✅ 0 взято | 🗑️ 0 мусор
2026-05-27 09:44:02,884 | INFO     |   → 59/1023: ✅ 0 взято | 🗑️ 0 мусор
2026-05-27 09:44:02,884 | INFO     |   → 60/1023: ✅ 0 взято | 🗑️ 0 мусор
2026-05-27 09:44:02,884 | INFO     |   → 61/1023: ✅ 0 взято | 🗑️ 0 мусор
2026-05-27 09:44:02,884 | INFO     |   → 62/1023: ✅ 0 взято | 🗑️ 0 мусор
2026-05-27 09:44:02,884 | INFO     |   → 63/1023: ✅ 0 взято | 🗑️ 0 мусор
2026-05-27 09:44:02,884 | INFO     |   → 64/1023: ✅ 0 взято | 🗑️ 0 мусор
2026-05-27 09:44:02,884 | INFO     |   → 65/1023: ✅ 0 взято | 🗑️ 0 мусор
2026-05-27 09:44:02,884 | INFO     |   → 66/1023: ✅ 0 взято | 🗑️ 0 мусор
2026-05-27 09:44:02,884 | INFO     |   → 67/1023: ✅ 0 взято | 🗑️ 0 мусор
2026-05-27 09:44:02,884 | INFO     |   → 68/1023: ✅ 0 взято | 🗑️ 0 мусор
2026-05-27 09:44:02,884 | INFO     |   → 69/1023: ✅ 0 взято | 🗑️ 0 мусор
2026-05-27 09:44:02,885 | INFO     |   → 70/1023: ✅ 0 взято | 🗑️ 0 мусор
2026-05-27 09:44:02,885 | INFO     |   → 71/1023: ✅ 0 взято | 🗑️ 0 мусор
2026-05-27 09:44:02,885 | INFO     |   → 72/1023: ✅ 0 взято | 🗑️ 0 мусор
2026-05-27 09:44:02,885 | INFO     |   → 73/1023: ✅ 0 взято | 🗑️ 0 мусор
2026-05-27 09:44:02,885 | INFO     |   → 74/1023: ✅ 0 взято | 🗑️ 0 мусор
2026-05-27 09:44:02,885 | INFO     |   → 75/1023: ✅ 0 взято | 🗑️ 0 мусор
2026-05-27 09:44:02,885 | INFO     |   → 76/1023: ✅ 0 взято | 🗑️ 0 мусор
2026-05-27 09:44:02,885 | INFO     |   → 77/1023: ✅ 0 взято | 🗑️ 0 мусор
2026-05-27 09:44:02,885 | INFO     |   → 78/1023: ✅ 0 взято | 🗑️ 0 мусор
2026-05-27 09:44:02,885 | INFO     |   → 79/1023: ✅ 0 взято | 🗑️ 0 мусор
2026-05-27 09:44:02,885 | INFO     |   → 80/1023: ✅ 0 взято | 🗑️ 0 мусор
2026-05-27 09:44:02,885 | INFO     |   → 81/1023: ✅ 0 взято | 🗑️ 0 мусор
2026-05-27 09:44:02,885 | INFO     |   → 82/1023: ✅ 0 взято | 🗑️ 0 мусор
2026-05-27 09:44:02,885 | INFO     |   → 83/1023: ✅ 0 взято | 🗑️ 0 мусор
2026-05-27 09:44:02,885 | INFO     |   → 84/1023: ✅ 0 взято | 🗑️ 0 мусор
2026-05-27 09:44:02,885 | INFO     |   → 85/1023: ✅ 0 взято | 🗑️ 0 мусор
2026-05-27 09:44:02,885 | INFO     |   → 86/1023: ✅ 0 взято | 🗑️ 0 мусор
2026-05-27 09:44:02,885 | INFO     |   → 87/1023: ✅ 0 взято | 🗑️ 0 мусор
2026-05-27 09:44:02,885 | INFO     |   → 88/1023: ✅ 0 взято | 🗑️ 0 мусор
2026-05-27 09:44:02,885 | INFO     |   → 89/1023: ✅ 0 взято | 🗑️ 0 мусор
2026-05-27 09:44:02,885 | INFO     |   → 90/1023: ✅ 0 взято | 🗑️ 0 мусор
2026-05-27 09:44:02,885 | INFO     |   → 91/1023: ✅ 0 взято | 🗑️ 0 мусор
2026-05-27 09:44:02,885 | INFO     |   → 92/1023: ✅ 0 взято | 🗑️ 0 мусор
2026-05-27 09:44:02,885 | INFO     |   → 93/1023: ✅ 0 взято | 🗑️ 0 мусор
2026-05-27 09:44:02,885 | INFO     |   → 94/1023: ✅ 0 взято | 🗑️ 0 мусор
2026-05-27 09:44:02,885 | INFO     |   → 95/1023: ✅ 0 взято | 🗑️ 0 мусор
2026-05-27 09:44:02,885 | INFO     |   → 96/1023: ✅ 0 взято | 🗑️ 0 мусор
2026-05-27 09:44:02,885 | INFO     |   → 97/1023: ✅ 0 взято | 🗑️ 0 мусор
2026-05-27 09:44:02,885 | INFO     |   → 98/1023: ✅ 0 взято | 🗑️ 0 мусор
2026-05-27 09:44:02,885 | INFO     |   → 99/1023: ✅ 0 взято | 🗑️ 0 мусор
2026-05-27 09:44:02,885 | INFO     |   → 100/1023: ✅ 0 взято | 🗑️ 0 мусор
2026-05-27 09:44:02,886 | INFO     |   → 101/1023: ✅ 0 взято | 🗑️ 0 мусор
2026-05-27 09:44:02,886 | INFO     |   → 102/1023: ✅ 0 взято | 🗑️ 0 мусор
2026-05-27 09:44:02,886 | INFO     |   → 103/1023: ✅ 0 взято | 🗑️ 0 мусор
2026-05-27 09:44:02,886 | INFO     |   → 104/1023 ❌ HTTP 404 — https://freessrnode.github.io/uploads/2024/08/0-20240822.txt
2026-05-27 09:44:02,886 | INFO     |   → 105/1023 ❌ HTTP 404 — https://freessrnode.github.io/uploads/2024/08/1-20240822.txt
2026-05-27 09:44:02,886 | INFO     |   → 106/1023 ❌ HTTP 404 — https://freessrnode.github.io/uploads/2024/08/2-20240822.txt
2026-05-27 09:44:02,886 | INFO     |   → 107/1023 ❌ HTTP 404 — https://freessrnode.github.io/uploads/2024/08/3-20240822.txt
2026-05-27 09:44:02,886 | INFO     |   → 108/1023 ❌ HTTP 404 — https://freessrnode.github.io/uploads/2024/08/4-20240822.txt
2026-05-27 09:44:02,886 | INFO     |   → 109/1023 ⚠️ Ошибка: HTTPSConnectionPool(host='freevpnspy.githubrowcontent.com', port=443): Max retries exceeded with url: /2024/08/20240802_novless.yaml (Caused by NameResolutionError("HTTPSConnection(host='freevpnspy.githubrowcontent.com', port=443): Failed to resolve 'freevpnspy.githubrowcontent.com' ([Errno -2] Name or service not known)")) — https://freevpnspy.githubrowcontent.com/2024/08/20240802_novless.yaml
2026-05-27 09:44:02,886 | INFO     |   → 110/1023 ⚠️ Ошибка: HTTPSConnectionPool(host='freevpnspy.githubrowcontent.com', port=443): Max retries exceeded with url: /2024/08/20240802_vless.yaml (Caused by NameResolutionError("HTTPSConnection(host='freevpnspy.githubrowcontent.com', port=443): Failed to resolve 'freevpnspy.githubrowcontent.com' ([Errno -2] Name or service not known)")) — https://freevpnspy.githubrowcontent.com/2024/08/20240802_vless.yaml
2026-05-27 09:44:02,886 | INFO     |   → 111/1023: ✅ 0 взято | 🗑️ 0 мусор
2026-05-27 09:44:02,886 | INFO     |   → 112/1023: ✅ 14 взято | 🗑️ 292 мусор
2026-05-27 09:44:02,886 | INFO     |   → 113/1023: ✅ 14 взято | 🗑️ 218 мусор
2026-05-27 09:44:02,886 | INFO     |   → 114/1023: ✅ 0 взято | 🗑️ 0 мусор
2026-05-27 09:44:02,886 | INFO     |   → 115/1023: ✅ 0 взято | 🗑️ 0 мусор
2026-05-27 09:44:02,886 | INFO     |   → 116/1023: ✅ 0 взято | 🗑️ 0 мусор
2026-05-27 09:44:02,886 | INFO     |   → 117/1023: ✅ 0 взято | 🗑️ 0 мусор
2026-05-27 09:44:02,886 | INFO     |   → 118/1023: ✅ 5 взято | 🗑️ 211 мусор
2026-05-27 09:44:02,886 | INFO     |   → 119/1023: ✅ 0 взято | 🗑️ 0 мусор
2026-05-27 09:44:02,886 | INFO     |   → 120/1023: ✅ 1 взято | 🗑️ 226 мусор
2026-05-27 09:44:02,886 | INFO     |   → 121/1023: ✅ 0 взято | 🗑️ 0 мусор
2026-05-27 09:44:02,886 | INFO     |   → 122/1023: ✅ 0 взято | 🗑️ 300 мусор
2026-05-27 09:44:02,886 | INFO     |   → 123/1023: ✅ 1 взято | 🗑️ 104 мусор
2026-05-27 09:44:02,886 | INFO     |   → 124/1023: ✅ 0 взято | 🗑️ 193 мусор
2026-05-27 09:44:02,886 | INFO     |   → 125/1023: ✅ 0 взято | 🗑️ 0 мусор
2026-05-27 09:44:02,886 | INFO     |   → 126/1023: ✅ 0 взято | 🗑️ 296 мусор
2026-05-27 09:44:02,886 | INFO     |   → 127/1023: ✅ 3 взято | 🗑️ 268 мусор
2026-05-27 09:44:02,886 | INFO     |   → 128/1023: ✅ 0 взято | 🗑️ 248 мусор
2026-05-27 09:44:02,886 | INFO     |   → 129/1023: ✅ 0 взято | 🗑️ 0 мусор
2026-05-27 09:44:02,886 | INFO     |   → 130/1023: ✅ 0 взято | 🗑️ 198 мусор
2026-05-27 09:44:02,886 | INFO     |   → 131/1023: ✅ 0 взято | 🗑️ 0 мусор
2026-05-27 09:44:02,887 | INFO     |   → 132/1023: ✅ 0 взято | 🗑️ 0 мусор
2026-05-27 09:44:02,887 | INFO     |   → 133/1023 ❌ HTTP 404 — https://github.com/Epodonios/bulk-xray-v2ray-vless-vmess-...-configs/raw/main/sub/Albania/config.txt
2026-05-27 09:44:02,887 | INFO     |   → 134/1023 ❌ HTTP 404 — https://github.com/Epodonios/bulk-xray-v2ray-vless-vmess-...-configs/raw/main/sub/Cura%C3%A7ao/config.txt
2026-05-27 09:44:02,887 | INFO     |   → 135/1023 ❌ HTTP 404 — https://github.com/Epodonios/bulk-xray-v2ray-vless-vmess-...-configs/raw/main/sub/Finland/config.txt
2026-05-27 09:44:02,887 | INFO     |   → 136/1023 ❌ HTTP 404 — https://github.com/Epodonios/bulk-xray-v2ray-vless-vmess-...-configs/raw/main/sub/Iran/config.txt
2026-05-27 09:44:02,887 | INFO     |   → 137/1023 ❌ HTTP 404 — https://github.com/Epodonios/bulk-xray-v2ray-vless-vmess-...-configs/raw/main/sub/Netherlands/config.txt
2026-05-27 09:44:02,887 | INFO     |   → 138/1023 ❌ HTTP 404 — https://github.com/Epodonios/bulk-xray-v2ray-vless-vmess-...-configs/raw/main/sub/Norway/config.txt
2026-05-27 09:44:02,887 | INFO     |   → 139/1023 ❌ HTTP 404 — https://github.com/Epodonios/bulk-xray-v2ray-vless-vmess-...-configs/raw/main/sub/Russia/config.txt
2026-05-27 09:44:02,887 | INFO     |   → 140/1023: ✅ 13 взято | 🗑️ 70 мусор
2026-05-27 09:44:02,887 | INFO     |   → 141/1023: ✅ 0 взято | 🗑️ 4 мусор
2026-05-27 09:44:02,887 | INFO     |   → 142/1023: ✅ 0 взято | 🗑️ 7 мусор
2026-05-27 09:44:02,887 | INFO     |   → 143/1023: ✅ 0 взято | 🗑️ 51 мусор
2026-05-27 09:44:02,887 | INFO     |   → 144/1023: ✅ 0 взято | 🗑️ 8 мусор
2026-05-27 09:44:02,887 | INFO     |   → 145/1023: ✅ 0 взято | 🗑️ 0 мусор
2026-05-27 09:44:02,887 | INFO     |   → 146/1023: ✅ 17 взято | 🗑️ 119 мусор
2026-05-27 09:44:02,887 | INFO     |   → 147/1023 ❌ HTTP 404 — https://github.com/MrMohebi/xray-proxy-grabber-telegram/raw/master/collected-proxies/clash-meta/all.yaml
2026-05-27 09:44:02,887 | INFO     |   → 148/1023 ❌ HTTP 404 — https://github.com/MrMohebi/xray-proxy-grabber-telegram/raw/master/collected-proxies/row-url/all.txt
2026-05-27 09:44:02,887 | INFO     |   → 149/1023: ✅ 0 взято | 🗑️ 0 мусор
2026-05-27 09:44:02,887 | INFO     |   → 150/1023: ✅ 0 взято | 🗑️ 113 мусор
2026-05-27 09:44:02,887 | INFO     |   → 151/1023: ✅ 0 взято | 🗑️ 119 мусор
2026-05-27 09:44:02,887 | INFO     |   → 152/1023 ❌ HTTP 404 — https://github.com/abbasdvd3/abbasdvd10/73ec60de7a6c6aa6df4c14b511c1da60686891ca/ppo.txt
2026-05-27 09:44:02,887 | INFO     |   → 153/1023 ❌ HTTP 404 — https://github.com/acymz/AutoVPN/refs/heads/main/data/V2.txt
2026-05-27 09:44:02,887 | INFO     |   → 154/1023: ✅ 0 взято | 🗑️ 0 мусор
2026-05-27 09:44:02,887 | INFO     |   → 155/1023: ✅ 0 взято | 🗑️ 0 мусор
2026-05-27 09:44:02,887 | INFO     |   → 156/1023: ✅ 0 взято | 🗑️ 0 мусор
2026-05-27 09:44:02,887 | INFO     |   → 157/1023: ✅ 0 взято | 🗑️ 0 мусор
2026-05-27 09:44:02,887 | INFO     |   → 158/1023: ✅ 0 взято | 🗑️ 0 мусор
2026-05-27 09:44:02,887 | INFO     |   → 159/1023: ✅ 0 взято | 🗑️ 0 мусор
2026-05-27 09:44:02,887 | INFO     |   → 160/1023: ✅ 0 взято | 🗑️ 0 мусор
2026-05-27 09:44:02,888 | INFO     |   → 161/1023 ❌ HTTP 404 — https://github.com/mermeroo/V2RAY-FREE/raw/main/All_Configs_base64_Sub.txt
2026-05-27 09:44:02,888 | INFO     |   → 162/1023 ❌ HTTP 404 — https://github.com/mermeroo/V2RAY-FREE/raw/main/Base64/Sub1_base64.txt
2026-05-27 09:44:02,888 | INFO     |   → 163/1023 ❌ HTTP 404 — https://github.com/mermeroo/V2RAY-FREE/raw/main/Base64/Sub2_base64.txt
2026-05-27 09:44:02,888 | INFO     |   → 164/1023 ❌ HTTP 404 — https://github.com/mermeroo/V2RAY-FREE/raw/main/Base64/Sub3_base64.txt
2026-05-27 09:44:02,888 | INFO     |   → 165/1023 ❌ HTTP 404 — https://github.com/mermeroo/V2RAY-FREE/raw/main/Base64/Sub4_base64.txt
2026-05-27 09:44:02,888 | INFO     |   → 166/1023 ❌ HTTP 404 — https://github.com/mermeroo/V2RAY-FREE/raw/main/Base64/Sub5_base64.txt
2026-05-27 09:44:02,888 | INFO     |   → 167/1023 ❌ HTTP 404 — https://github.com/mermeroo/telegram-configs-collector/raw/main/protocols/hysteria
2026-05-27 09:44:02,888 | INFO     |   → 168/1023 ❌ HTTP 404 — https://github.com/mermeroo/telegram-configs-collector/raw/main/protocols/juicity
2026-05-27 09:44:02,888 | INFO     |   → 169/1023 ❌ HTTP 404 — https://github.com/mermeroo/telegram-configs-collector/raw/main/protocols/tuic
2026-05-27 09:44:02,888 | INFO     |   → 170/1023: ✅ 5 взято | 🗑️ 16 мусор
2026-05-27 09:44:02,888 | INFO     |   → 171/1023: ✅ 0 взято | 🗑️ 0 мусор
2026-05-27 09:44:02,888 | INFO     |   → 172/1023: ✅ 0 взято | 🗑️ 0 мусор
2026-05-27 09:44:02,888 | INFO     |   → 173/1023: ✅ 0 взято | 🗑️ 0 мусор
2026-05-27 09:44:02,888 | INFO     |   → 174/1023: ✅ 3 взято | 🗑️ 238 мусор
2026-05-27 09:44:02,888 | INFO     |   → 175/1023: ✅ 0 взято | 🗑️ 0 мусор
2026-05-27 09:44:02,888 | INFO     |   → 176/1023: ✅ 3 взято | 🗑️ 239 мусор
2026-05-27 09:44:02,888 | INFO     |   → 177/1023: ✅ 0 взято | 🗑️ 0 мусор
2026-05-27 09:44:02,888 | INFO     |   → 178/1023: ✅ 0 взято | 🗑️ 255 мусор
2026-05-27 09:44:02,888 | INFO     |   → 179/1023: ✅ 0 взято | 🗑️ 0 мусор
2026-05-27 09:44:02,888 | INFO     |   → 180/1023: ✅ 1 взято | 🗑️ 249 мусор
2026-05-27 09:44:02,888 | INFO     |   → 181/1023: ✅ 0 взято | 🗑️ 0 мусор
2026-05-27 09:44:02,888 | INFO     |   → 182/1023: ✅ 0 взято | 🗑️ 207 мусор
2026-05-27 09:44:02,888 | INFO     |   → 183/1023: ✅ 0 взято | 🗑️ 0 мусор
2026-05-27 09:44:02,888 | INFO     |   → 184/1023: ✅ 0 взято | 🗑️ 228 мусор
2026-05-27 09:44:02,888 | INFO     |   → 185/1023: ✅ 0 взято | 🗑️ 0 мусор
2026-05-27 09:44:02,888 | INFO     |   → 186/1023: ✅ 1 взято | 🗑️ 291 мусор
2026-05-27 09:44:02,888 | INFO     |   → 187/1023: ✅ 0 взято | 🗑️ 0 мусор
2026-05-27 09:44:02,888 | INFO     |   → 188/1023: ✅ 3 взято | 🗑️ 221 мусор
2026-05-27 09:44:02,888 | INFO     |   → 189/1023: ✅ 0 взято | 🗑️ 0 мусор
2026-05-27 09:44:02,888 | INFO     |   → 190/1023: ✅ 1 взято | 🗑️ 222 мусор
2026-05-27 09:44:02,889 | INFO     |   → 191/1023: ✅ 0 взято | 🗑️ 0 мусор
2026-05-27 09:44:02,889 | INFO     |   → 192/1023: ✅ 1 взято | 🗑️ 218 мусор
2026-05-27 09:44:02,889 | INFO     |   → 193/1023: ✅ 0 взято | 🗑️ 0 мусор
2026-05-27 09:44:02,889 | INFO     |   → 194/1023: ✅ 0 взято | 🗑️ 193 мусор
2026-05-27 09:44:02,889 | INFO     |   → 195/1023: ✅ 0 взято | 🗑️ 0 мусор
2026-05-27 09:44:02,889 | INFO     |   → 196/1023: ✅ 0 взято | 🗑️ 290 мусор
2026-05-27 09:44:02,889 | INFO     |   → 197/1023: ✅ 0 взято | 🗑️ 0 мусор
2026-05-27 09:44:02,889 | INFO     |   → 198/1023: ✅ 0 взято | 🗑️ 238 мусор
2026-05-27 09:44:02,889 | INFO     |   → 199/1023: ✅ 0 взято | 🗑️ 0 мусор
2026-05-27 09:44:02,889 | INFO     |   → 200/1023: ✅ 0 взято | 🗑️ 221 мусор
2026-05-27 09:44:02,889 | INFO     |   → 201/1023: ✅ 0 взято | 🗑️ 0 мусор
2026-05-27 09:44:02,889 | INFO     |   → 202/1023: ✅ 0 взято | 🗑️ 248 мусор
2026-05-27 09:44:02,889 | INFO     |   → 203/1023: ✅ 0 взято | 🗑️ 0 мусор
2026-05-27 09:44:02,889 | INFO     |   → 204/1023: ✅ 0 взято | 🗑️ 203 мусор
2026-05-27 09:44:02,889 | INFO     |   → 205/1023: ✅ 0 взято | 🗑️ 0 мусор
2026-05-27 09:44:02,889 | INFO     |   → 206/1023: ✅ 0 взято | 🗑️ 208 мусор
2026-05-27 09:44:02,889 | INFO     |   → 207/1023: ✅ 0 взято | 🗑️ 0 мусор
2026-05-27 09:44:02,889 | INFO     |   → 208/1023: ✅ 2 взято | 🗑️ 209 мусор
2026-05-27 09:44:02,889 | INFO     |   → 209/1023: ✅ 0 взято | 🗑️ 0 мусор
2026-05-27 09:44:02,889 | INFO     |   → 210/1023: ✅ 0 взято | 🗑️ 258 мусор
2026-05-27 09:44:02,889 | INFO     |   → 211/1023: ✅ 0 взято | 🗑️ 0 мусор
2026-05-27 09:44:02,889 | INFO     |   → 212/1023: ✅ 0 взято | 🗑️ 296 мусор
2026-05-27 09:44:02,889 | INFO     |   → 213/1023: ✅ 0 взято | 🗑️ 0 мусор
2026-05-27 09:44:02,889 | INFO     |   → 214/1023: ✅ 1 взято | 🗑️ 286 мусор
2026-05-27 09:44:02,889 | INFO     |   → 215/1023: ✅ 0 взято | 🗑️ 0 мусор
2026-05-27 09:44:02,889 | INFO     |   → 216/1023: ✅ 0 взято | 🗑️ 195 мусор
2026-05-27 09:44:02,889 | INFO     |   → 217/1023: ✅ 0 взято | 🗑️ 0 мусор
2026-05-27 09:44:02,889 | INFO     |   → 218/1023: ✅ 0 взято | 🗑️ 170 мусор
2026-05-27 09:44:02,889 | INFO     |   → 219/1023: ✅ 0 взято | 🗑️ 0 мусор
2026-05-27 09:44:02,889 | INFO     |   → 220/1023: ✅ 0 взято | 🗑️ 160 мусор
2026-05-27 09:44:02,890 | INFO     |   → 221/1023: ✅ 0 взято | 🗑️ 0 мусор
2026-05-27 09:44:02,890 | INFO     |   → 222/1023: ✅ 0 взято | 🗑️ 121 мусор
2026-05-27 09:44:02,890 | INFO     |   → 223/1023: ✅ 0 взято | 🗑️ 0 мусор
2026-05-27 09:44:02,890 | INFO     |   → 224/1023: ✅ 0 взято | 🗑️ 135 мусор
2026-05-27 09:44:02,890 | INFO     |   → 225/1023: ✅ 0 взято | 🗑️ 0 мусор
2026-05-27 09:44:02,890 | INFO     |   → 226/1023: ✅ 1 взято | 🗑️ 129 мусор
2026-05-27 09:44:02,890 | INFO     |   → 227/1023: ✅ 0 взято | 🗑️ 0 мусор
2026-05-27 09:44:02,890 | INFO     |   → 228/1023: ✅ 0 взято | 🗑️ 189 мусор
2026-05-27 09:44:02,890 | INFO     |   → 229/1023: ✅ 0 взято | 🗑️ 0 мусор
2026-05-27 09:44:02,890 | INFO     |   → 230/1023: ✅ 3 взято | 🗑️ 147 мусор
2026-05-27 09:44:02,890 | INFO     |   → 231/1023: ✅ 0 взято | 🗑️ 0 мусор
2026-05-27 09:44:02,890 | INFO     |   → 232/1023: ✅ 1 взято | 🗑️ 183 мусор
2026-05-27 09:44:02,890 | INFO     |   → 233/1023: ✅ 0 взято | 🗑️ 0 мусор
2026-05-27 09:44:02,890 | INFO     |   → 234/1023: ✅ 0 взято | 🗑️ 155 мусор
2026-05-27 09:44:02,890 | INFO     |   → 235/1023: ✅ 0 взято | 🗑️ 0 мусор
2026-05-27 09:44:02,890 | INFO     |   → 236/1023: ✅ 0 взято | 🗑️ 114 мусор
2026-05-27 09:44:02,890 | INFO     |   → 237/1023: ✅ 0 взято | 🗑️ 0 мусор
2026-05-27 09:44:02,890 | INFO     |   → 238/1023: ✅ 0 взято | 🗑️ 239 мусор
2026-05-27 09:44:02,890 | INFO     |   → 239/1023: ✅ 0 взято | 🗑️ 0 мусор
2026-05-27 09:44:02,890 | INFO     |   → 240/1023: ✅ 0 взято | 🗑️ 204 мусор
2026-05-27 09:44:02,890 | INFO     |   → 241/1023: ✅ 0 взято | 🗑️ 0 мусор
2026-05-27 09:44:02,890 | INFO     |   → 242/1023: ✅ 0 взято | 🗑️ 232 мусор
2026-05-27 09:44:02,890 | INFO     |   → 243/1023: ✅ 0 взято | 🗑️ 0 мусор
2026-05-27 09:44:02,890 | INFO     |   → 244/1023: ✅ 0 взято | 🗑️ 192 мусор
2026-05-27 09:44:02,890 | INFO     |   → 245/1023: ✅ 0 взято | 🗑️ 0 мусор
2026-05-27 09:44:02,890 | INFO     |   → 246/1023: ✅ 0 взято | 🗑️ 183 мусор
2026-05-27 09:44:02,890 | INFO     |   → 247/1023: ✅ 0 взято | 🗑️ 0 мусор
2026-05-27 09:44:02,890 | INFO     |   → 248/1023: ✅ 0 взято | 🗑️ 169 мусор
2026-05-27 09:44:02,890 | INFO     |   → 249/1023: ✅ 0 взято | 🗑️ 0 мусор
2026-05-27 09:44:02,890 | INFO     |   → 250/1023: ✅ 0 взято | 🗑️ 167 мусор
2026-05-27 09:44:02,890 | INFO     |   → 251/1023: ✅ 0 взято | 🗑️ 0 мусор
2026-05-27 09:44:02,890 | INFO     |   → 252/1023: ✅ 0 взято | 🗑️ 193 мусор
2026-05-27 09:44:02,891 | INFO     |   → 253/1023: ✅ 0 взято | 🗑️ 0 мусор
2026-05-27 09:44:02,891 | INFO     |   → 254/1023: ✅ 1 взято | 🗑️ 161 мусор
2026-05-27 09:44:02,891 | INFO     |   → 255/1023: ✅ 0 взято | 🗑️ 0 мусор
2026-05-27 09:44:02,891 | INFO     |   → 256/1023: ✅ 0 взято | 🗑️ 171 мусор
2026-05-27 09:44:02,891 | INFO     |   → 257/1023: ✅ 0 взято | 🗑️ 0 мусор
2026-05-27 09:44:02,891 | INFO     |   → 258/1023: ✅ 0 взято | 🗑️ 174 мусор
2026-05-27 09:44:02,891 | INFO     |   → 259/1023: ✅ 0 взято | 🗑️ 0 мусор
2026-05-27 09:44:02,891 | INFO     |   → 260/1023: ✅ 0 взято | 🗑️ 206 мусор
2026-05-27 09:44:02,891 | INFO     |   → 261/1023: ✅ 0 взято | 🗑️ 0 мусор
2026-05-27 09:44:02,891 | INFO     |   → 262/1023: ✅ 0 взято | 🗑️ 170 мусор
2026-05-27 09:44:02,891 | INFO     |   → 263/1023: ✅ 0 взято | 🗑️ 0 мусор
2026-05-27 09:44:02,891 | INFO     |   → 264/1023: ✅ 1 взято | 🗑️ 196 мусор
2026-05-27 09:44:02,891 | INFO     |   → 265/1023: ✅ 0 взято | 🗑️ 0 мусор
2026-05-27 09:44:02,891 | INFO     |   → 266/1023: ✅ 0 взято | 🗑️ 208 мусор
2026-05-27 09:44:02,891 | INFO     |   → 267/1023: ✅ 0 взято | 🗑️ 0 мусор
2026-05-27 09:44:02,891 | INFO     |   → 268/1023: ✅ 0 взято | 🗑️ 162 мусор
2026-05-27 09:44:02,891 | INFO     |   → 269/1023: ✅ 0 взято | 🗑️ 0 мусор
2026-05-27 09:44:02,891 | INFO     |   → 270/1023: ✅ 0 взято | 🗑️ 116 мусор
2026-05-27 09:44:02,891 | INFO     |   → 271/1023: ✅ 0 взято | 🗑️ 0 мусор
2026-05-27 09:44:02,891 | INFO     |   → 272/1023 ⚠️ Ошибка: HTTPSConnectionPool(host='ivuxy.tech', port=443): Max retries exceeded with url: /v.txt (Caused by NameResolutionError("HTTPSConnection(host='ivuxy.tech', port=443): Failed to resolve 'ivuxy.tech' ([Errno -2] Name or service not known)")) — https://ivuxy.tech/v.txt
2026-05-27 09:44:02,891 | INFO     |   → 273/1023 ⚠️ Ошибка: HTTPSConnectionPool(host='mirror.ghproxy.com', port=443): Max retries exceeded with url: /https://raw.githubusercontent.com/Barabama/FreeNodes/master/nodes/blues.txt (Caused by NameResolutionError("HTTPSConnection(host='mirror.ghproxy.com', port=443): Failed to resolve 'mirror.ghproxy.com' ([Errno -2] Name or service not known)")) — https://mirror.ghproxy.com/https://raw.githubusercontent.com/Barabama/FreeNodes/master/nodes/blues.txt
2026-05-27 09:44:02,891 | INFO     |   → 274/1023 ⚠️ Ошибка: HTTPSConnectionPool(host='mirror.ghproxy.com', port=443): Max retries exceeded with url: /https://raw.githubusercontent.com/Barabama/FreeNodes/master/nodes/halekj.txt (Caused by NameResolutionError("HTTPSConnection(host='mirror.ghproxy.com', port=443): Failed to resolve 'mirror.ghproxy.com' ([Errno -2] Name or service not known)")) — https://mirror.ghproxy.com/https://raw.githubusercontent.com/Barabama/FreeNodes/master/nodes/halekj.txt
2026-05-27 09:44:02,891 | INFO     |   → 275/1023 ⚠️ Ошибка: HTTPSConnectionPool(host='mirror.ghproxy.com', port=443): Max retries exceeded with url: /https://raw.githubusercontent.com/Barabama/FreeNodes/master/nodes/kkzui.txt (Caused by NameResolutionError("HTTPSConnection(host='mirror.ghproxy.com', port=443): Failed to resolve 'mirror.ghproxy.com' ([Errno -2] Name or service not known)")) — https://mirror.ghproxy.com/https://raw.githubusercontent.com/Barabama/FreeNodes/master/nodes/kkzui.txt
2026-05-27 09:44:02,892 | INFO     |   → 276/1023 ⚠️ Ошибка: HTTPSConnectionPool(host='mirror.ghproxy.com', port=443): Max retries exceeded with url: /https://raw.githubusercontent.com/Barabama/FreeNodes/master/nodes/merged.txt (Caused by NameResolutionError("HTTPSConnection(host='mirror.ghproxy.com', port=443): Failed to resolve 'mirror.ghproxy.com' ([Errno -2] Name or service not known)")) — https://mirror.ghproxy.com/https://raw.githubusercontent.com/Barabama/FreeNodes/master/nodes/merged.txt
2026-05-27 09:44:02,892 | INFO     |   → 277/1023 ⚠️ Ошибка: HTTPSConnectionPool(host='mirror.ghproxy.com', port=443): Max retries exceeded with url: /https://raw.githubusercontent.com/Barabama/FreeNodes/master/nodes/nodefree.txt (Caused by NameResolutionError("HTTPSConnection(host='mirror.ghproxy.com', port=443): Failed to resolve 'mirror.ghproxy.com' ([Errno -2] Name or service not known)")) — https://mirror.ghproxy.com/https://raw.githubusercontent.com/Barabama/FreeNodes/master/nodes/nodefree.txt
2026-05-27 09:44:02,892 | INFO     |   → 278/1023 ⚠️ Ошибка: HTTPSConnectionPool(host='mirror.ghproxy.com', port=443): Max retries exceeded with url: /https://raw.githubusercontent.com/Barabama/FreeNodes/master/nodes/openrunner.txt (Caused by NameResolutionError("HTTPSConnection(host='mirror.ghproxy.com', port=443): Failed to resolve 'mirror.ghproxy.com' ([Errno -2] Name or service not known)")) — https://mirror.ghproxy.com/https://raw.githubusercontent.com/Barabama/FreeNodes/master/nodes/openrunner.txt
2026-05-27 09:44:02,892 | INFO     |   → 279/1023 ⚠️ Ошибка: HTTPSConnectionPool(host='mirror.ghproxy.com', port=443): Max retries exceeded with url: /https://raw.githubusercontent.com/Barabama/FreeNodes/master/nodes/v2rayshare.txt (Caused by NameResolutionError("HTTPSConnection(host='mirror.ghproxy.com', port=443): Failed to resolve 'mirror.ghproxy.com' ([Errno -2] Name or service not known)")) — https://mirror.ghproxy.com/https://raw.githubusercontent.com/Barabama/FreeNodes/master/nodes/v2rayshare.txt
2026-05-27 09:44:02,892 | INFO     |   → 280/1023 ⚠️ Ошибка: HTTPSConnectionPool(host='mirror.ghproxy.com', port=443): Max retries exceeded with url: /https://raw.githubusercontent.com/Barabama/FreeNodes/master/nodes/wenode.txt (Caused by NameResolutionError("HTTPSConnection(host='mirror.ghproxy.com', port=443): Failed to resolve 'mirror.ghproxy.com' ([Errno -2] Name or service not known)")) — https://mirror.ghproxy.com/https://raw.githubusercontent.com/Barabama/FreeNodes/master/nodes/wenode.txt
2026-05-27 09:44:02,892 | INFO     |   → 281/1023 ⚠️ Ошибка: HTTPSConnectionPool(host='mirror.ghproxy.com', port=443): Max retries exceeded with url: /https://raw.githubusercontent.com/Barabama/FreeNodes/master/nodes/yudou66.txt (Caused by NameResolutionError("HTTPSConnection(host='mirror.ghproxy.com', port=443): Failed to resolve 'mirror.ghproxy.com' ([Errno -2] Name or service not known)")) — https://mirror.ghproxy.com/https://raw.githubusercontent.com/Barabama/FreeNodes/master/nodes/yudou66.txt
2026-05-27 09:44:02,892 | INFO     |   → 282/1023: ✅ 7 взято | 🗑️ 17 мусор
2026-05-27 09:44:02,892 | INFO     |   → 283/1023: ✅ 0 взято | 🗑️ 17 мусор
2026-05-27 09:44:02,892 | INFO     |   → 284/1023: ✅ 14 взято | 🗑️ 14 мусор
2026-05-27 09:44:02,892 | INFO     |   → 285/1023: ✅ 0 взято | 🗑️ 14 мусор
2026-05-27 09:44:02,892 | INFO     |   → 286/1023: ✅ 0 взято | 🗑️ 14 мусор
2026-05-27 09:44:02,892 | INFO     |   → 287/1023: ✅ 0 взято | 🗑️ 14 мусор
2026-05-27 09:44:02,892 | INFO     |   → 288/1023: ✅ 0 взято | 🗑️ 14 мусор
2026-05-27 09:44:02,892 | INFO     |   → 289/1023: ✅ 0 взято | 🗑️ 14 мусор
2026-05-27 09:44:02,892 | INFO     |   → 290/1023: ✅ 0 взято | 🗑️ 14 мусор
2026-05-27 09:44:02,892 | INFO     |   → 291/1023: ✅ 0 взято | 🗑️ 14 мусор
2026-05-27 09:44:02,892 | INFO     |   → 292/1023: ✅ 0 взято | 🗑️ 14 мусор
2026-05-27 09:44:02,892 | INFO     |   → 293/1023: ✅ 7 взято | 🗑️ 21 мусор
2026-05-27 09:44:02,892 | INFO     |   → 294/1023: ✅ 0 взято | 🗑️ 21 мусор
2026-05-27 09:44:02,892 | INFO     |   → 295/1023: ✅ 0 взято | 🗑️ 21 мусор
2026-05-27 09:44:02,892 | INFO     |   → 296/1023: ✅ 0 взято | 🗑️ 21 мусор
2026-05-27 09:44:02,892 | INFO     |   → 297/1023: ✅ 0 взято | 🗑️ 21 мусор
2026-05-27 09:44:02,892 | INFO     |   → 298/1023: ✅ 0 взято | 🗑️ 21 мусор
2026-05-27 09:44:02,892 | INFO     |   → 299/1023: ✅ 0 взято | 🗑️ 21 мусор
2026-05-27 09:44:02,892 | INFO     |   → 300/1023: ✅ 0 взято | 🗑️ 21 мусор
2026-05-27 09:44:02,892 | INFO     |   → 301/1023: ✅ 0 взято | 🗑️ 21 мусор
2026-05-27 09:44:02,893 | INFO     |   → 302/1023: ✅ 0 взято | 🗑️ 21 мусор
2026-05-27 09:44:02,893 | INFO     |   → 303/1023: ✅ 0 взято | 🗑️ 21 мусор
2026-05-27 09:44:02,893 | INFO     |   → 304/1023: ✅ 5 взято | 🗑️ 15 мусор
2026-05-27 09:44:02,893 | INFO     |   → 305/1023: ✅ 0 взято | 🗑️ 15 мусор
2026-05-27 09:44:02,893 | INFO     |   → 306/1023: ✅ 0 взято | 🗑️ 15 мусор
2026-05-27 09:44:02,893 | INFO     |   → 307/1023: ✅ 0 взято | 🗑️ 15 мусор
2026-05-27 09:44:02,893 | INFO     |   → 308/1023: ✅ 0 взято | 🗑️ 15 мусор
2026-05-27 09:44:02,893 | INFO     |   → 309/1023: ✅ 0 взято | 🗑️ 15 мусор
2026-05-27 09:44:02,893 | INFO     |   → 310/1023: ✅ 0 взято | 🗑️ 15 мусор
2026-05-27 09:44:02,893 | INFO     |   → 311/1023: ✅ 0 взято | 🗑️ 15 мусор
2026-05-27 09:44:02,893 | INFO     |   → 312/1023: ✅ 0 взято | 🗑️ 15 мусор
2026-05-27 09:44:02,893 | INFO     |   → 313/1023: ✅ 0 взято | 🗑️ 14 мусор
2026-05-27 09:44:02,893 | INFO     |   → 314/1023: ✅ 0 взято | 🗑️ 14 мусор
2026-05-27 09:44:02,893 | INFO     |   → 315/1023: ✅ 0 взято | 🗑️ 14 мусор
2026-05-27 09:44:02,893 | INFO     |   → 316/1023: ✅ 0 взято | 🗑️ 14 мусор
2026-05-27 09:44:02,893 | INFO     |   → 317/1023: ✅ 6 взято | 🗑️ 17 мусор
2026-05-27 09:44:02,893 | INFO     |   → 318/1023: ✅ 0 взято | 🗑️ 17 мусор
2026-05-27 09:44:02,893 | INFO     |   → 319/1023: ✅ 0 взято | 🗑️ 17 мусор
2026-05-27 09:44:02,893 | INFO     |   → 320/1023: ✅ 0 взято | 🗑️ 17 мусор
2026-05-27 09:44:02,893 | INFO     |   → 321/1023: ✅ 0 взято | 🗑️ 17 мусор
2026-05-27 09:44:02,893 | INFO     |   → 322/1023: ✅ 0 взято | 🗑️ 17 мусор
2026-05-27 09:44:02,893 | INFO     |   → 323/1023: ✅ 6 взято | 🗑️ 24 мусор
2026-05-27 09:44:02,893 | INFO     |   → 324/1023: ✅ 0 взято | 🗑️ 24 мусор
2026-05-27 09:44:02,893 | INFO     |   → 325/1023: ✅ 0 взято | 🗑️ 24 мусор
2026-05-27 09:44:02,893 | INFO     |   → 326/1023: ✅ 0 взято | 🗑️ 24 мусор
2026-05-27 09:44:02,893 | INFO     |   → 327/1023: ✅ 0 взято | 🗑️ 24 мусор
2026-05-27 09:44:02,893 | INFO     |   → 328/1023: ✅ 0 взято | 🗑️ 24 мусор
2026-05-27 09:44:02,893 | INFO     |   → 329/1023: ✅ 0 взято | 🗑️ 24 мусор
2026-05-27 09:44:02,893 | INFO     |   → 330/1023 ⚠️ Ошибка: HTTPSConnectionPool(host='nodefree.githubrowcontent.com', port=443): Max retries exceeded with url: /2024/07/20240705.yaml (Caused by NameResolutionError("HTTPSConnection(host='nodefree.githubrowcontent.com', port=443): Failed to resolve 'nodefree.githubrowcontent.com' ([Errno -2] Name or service not known)")) — https://nodefree.org/dy/2023/08/20230806.yaml
2026-05-27 09:44:02,894 | INFO     |   → 331/1023 ⚠️ Ошибка: HTTPSConnectionPool(host='nodefree.githubrowcontent.com', port=443): Max retries exceeded with url: /2024/07/20240705.txt (Caused by NameResolutionError("HTTPSConnection(host='nodefree.githubrowcontent.com', port=443): Failed to resolve 'nodefree.githubrowcontent.com' ([Errno -2] Name or service not known)")) — https://nodefree.org/dy/2023/12/20231221.txt
2026-05-27 09:44:02,894 | INFO     |   → 332/1023: ✅ 0 взято | 🗑️ 17 мусор
2026-05-27 09:44:02,894 | INFO     |   → 333/1023: ✅ 0 взято | 🗑️ 17 мусор
2026-05-27 09:44:02,894 | INFO     |   → 334/1023: ✅ 0 взято | 🗑️ 14 мусор
2026-05-27 09:44:02,894 | INFO     |   → 335/1023: ✅ 0 взято | 🗑️ 14 мусор
2026-05-27 09:44:02,894 | INFO     |   → 336/1023: ✅ 0 взято | 🗑️ 14 мусор
2026-05-27 09:44:02,894 | INFO     |   → 337/1023: ✅ 0 взято | 🗑️ 14 мусор
2026-05-27 09:44:02,894 | INFO     |   → 338/1023: ✅ 0 взято | 🗑️ 14 мусор
2026-05-27 09:44:02,894 | INFO     |   → 339/1023: ✅ 0 взято | 🗑️ 14 мусор
2026-05-27 09:44:02,894 | INFO     |   → 340/1023: ✅ 0 взято | 🗑️ 14 мусор
2026-05-27 09:44:02,894 | INFO     |   → 341/1023: ✅ 0 взято | 🗑️ 14 мусор
2026-05-27 09:44:02,894 | INFO     |   → 342/1023: ✅ 0 взято | 🗑️ 14 мусор
2026-05-27 09:44:02,894 | INFO     |   → 343/1023: ✅ 0 взято | 🗑️ 21 мусор
2026-05-27 09:44:02,894 | INFO     |   → 344/1023: ✅ 0 взято | 🗑️ 21 мусор
2026-05-27 09:44:02,894 | INFO     |   → 345/1023: ✅ 0 взято | 🗑️ 21 мусор
2026-05-27 09:44:02,894 | INFO     |   → 346/1023: ✅ 0 взято | 🗑️ 21 мусор
2026-05-27 09:44:02,894 | INFO     |   → 347/1023: ✅ 0 взято | 🗑️ 21 мусор
2026-05-27 09:44:02,894 | INFO     |   → 348/1023: ✅ 0 взято | 🗑️ 21 мусор
2026-05-27 09:44:02,894 | INFO     |   → 349/1023: ✅ 0 взято | 🗑️ 21 мусор
2026-05-27 09:44:02,894 | INFO     |   → 350/1023: ✅ 0 взято | 🗑️ 21 мусор
2026-05-27 09:44:02,894 | INFO     |   → 351/1023: ✅ 0 взято | 🗑️ 21 мусор
2026-05-27 09:44:02,894 | INFO     |   → 352/1023: ✅ 0 взято | 🗑️ 21 мусор
2026-05-27 09:44:02,894 | INFO     |   → 353/1023: ✅ 0 взято | 🗑️ 21 мусор
2026-05-27 09:44:02,894 | INFO     |   → 354/1023: ✅ 0 взято | 🗑️ 15 мусор
2026-05-27 09:44:02,894 | INFO     |   → 355/1023: ✅ 0 взято | 🗑️ 15 мусор
2026-05-27 09:44:02,894 | INFO     |   → 356/1023: ✅ 0 взято | 🗑️ 15 мусор
2026-05-27 09:44:02,894 | INFO     |   → 357/1023: ✅ 0 взято | 🗑️ 15 мусор
2026-05-27 09:44:02,894 | INFO     |   → 358/1023: ✅ 0 взято | 🗑️ 15 мусор
2026-05-27 09:44:02,894 | INFO     |   → 359/1023: ✅ 0 взято | 🗑️ 15 мусор
2026-05-27 09:44:02,895 | INFO     |   → 360/1023: ✅ 0 взято | 🗑️ 15 мусор
2026-05-27 09:44:02,895 | INFO     |   → 361/1023: ✅ 0 взято | 🗑️ 15 мусор
2026-05-27 09:44:02,895 | INFO     |   → 362/1023: ✅ 0 взято | 🗑️ 15 мусор
2026-05-27 09:44:02,895 | INFO     |   → 363/1023: ✅ 0 взято | 🗑️ 15 мусор
2026-05-27 09:44:02,895 | INFO     |   → 364/1023: ✅ 0 взято | 🗑️ 14 мусор
2026-05-27 09:44:02,895 | INFO     |   → 365/1023: ✅ 0 взято | 🗑️ 14 мусор
2026-05-27 09:44:02,895 | INFO     |   → 366/1023: ✅ 0 взято | 🗑️ 14 мусор
2026-05-27 09:44:02,895 | INFO     |   → 367/1023: ✅ 0 взято | 🗑️ 14 мусор
2026-05-27 09:44:02,895 | INFO     |   → 368/1023: ✅ 0 взято | 🗑️ 17 мусор
2026-05-27 09:44:02,895 | INFO     |   → 369/1023: ✅ 0 взято | 🗑️ 17 мусор
2026-05-27 09:44:02,895 | INFO     |   → 370/1023: ✅ 0 взято | 🗑️ 17 мусор
2026-05-27 09:44:02,895 | INFO     |   → 371/1023: ✅ 0 взято | 🗑️ 17 мусор
2026-05-27 09:44:02,895 | INFO     |   → 372/1023: ✅ 0 взято | 🗑️ 17 мусор
2026-05-27 09:44:02,895 | INFO     |   → 373/1023: ✅ 0 взято | 🗑️ 24 мусор
2026-05-27 09:44:02,895 | INFO     |   → 374/1023: ✅ 0 взято | 🗑️ 24 мусор
2026-05-27 09:44:02,895 | INFO     |   → 375/1023: ✅ 0 взято | 🗑️ 24 мусор
2026-05-27 09:44:02,895 | INFO     |   → 376/1023: ✅ 0 взято | 🗑️ 24 мусор
2026-05-27 09:44:02,895 | INFO     |   → 377/1023: ✅ 0 взято | 🗑️ 24 мусор
2026-05-27 09:44:02,895 | INFO     |   → 378/1023: ✅ 0 взято | 🗑️ 24 мусор
2026-05-27 09:44:02,895 | INFO     |   → 379/1023: ✅ 0 взято | 🗑️ 24 мусор
2026-05-27 09:44:02,895 | INFO     |   → 380/1023: ✅ 0 взято | 🗑️ 0 мусор
2026-05-27 09:44:02,895 | INFO     |   → 381/1023: ✅ 0 взято | 🗑️ 0 мусор
2026-05-27 09:44:02,895 | INFO     |   → 382/1023: ✅ 0 взято | 🗑️ 0 мусор
2026-05-27 09:44:02,895 | INFO     |   → 383/1023: ✅ 0 взято | 🗑️ 0 мусор
2026-05-27 09:44:02,895 | INFO     |   → 384/1023: ✅ 0 взято | 🗑️ 0 мусор
2026-05-27 09:44:02,895 | INFO     |   → 385/1023: ✅ 0 взято | 🗑️ 0 мусор
2026-05-27 09:44:02,895 | INFO     |   → 386/1023: ✅ 0 взято | 🗑️ 0 мусор
2026-05-27 09:44:02,895 | INFO     |   → 387/1023: ✅ 0 взято | 🗑️ 0 мусор
2026-05-27 09:44:02,896 | INFO     |   → 388/1023: ✅ 0 взято | 🗑️ 0 мусор
2026-05-27 09:44:02,896 | INFO     |   → 389/1023: ✅ 0 взято | 🗑️ 0 мусор
2026-05-27 09:44:02,896 | INFO     |   → 390/1023: ✅ 0 взято | 🗑️ 0 мусор
2026-05-27 09:44:02,896 | INFO     |   → 391/1023: ✅ 0 взято | 🗑️ 0 мусор
2026-05-27 09:44:02,896 | INFO     |   → 392/1023 ❌ HTTP 404 — https://raw.githubusercontent.com/10ium/MihomoSaz/main/Sublist/shatakvpn.yaml4_Sub.txt
2026-05-27 09:44:02,896 | INFO     |   → 393/1023: ✅ 0 взято | 🗑️ 0 мусор
2026-05-27 09:44:02,896 | INFO     |   → 394/1023: ✅ 0 взято | 🗑️ 0 мусор
2026-05-27 09:44:02,896 | INFO     |   → 395/1023: ✅ 12 взято | 🗑️ 38 мусор
2026-05-27 09:44:02,896 | INFO     |   → 396/1023: ✅ 0 взято | 🗑️ 0 мусор
2026-05-27 09:44:02,896 | INFO     |   → 397/1023: ✅ 0 взято | 🗑️ 0 мусор
2026-05-27 09:44:02,896 | INFO     |   → 398/1023: ✅ 11 взято | 🗑️ 399 мусор
2026-05-27 09:44:02,896 | INFO     |   → 399/1023: ✅ 0 взято | 🗑️ 0 мусор
2026-05-27 09:44:02,896 | INFO     |   → 400/1023 ❌ HTTP 404 — https://raw.githubusercontent.com/9Fork/openit/main/Clash.yaml
2026-05-27 09:44:02,896 | INFO     |   → 401/1023: ✅ 100 взято | 🗑️ 381 мусор
2026-05-27 09:44:02,896 | INFO     |   → 402/1023: ✅ 0 взято | 🗑️ 381 мусор
2026-05-27 09:44:02,896 | INFO     |   → 403/1023: ✅ 19 взято | 🗑️ 81 мусор
2026-05-27 09:44:02,896 | INFO     |   → 404/1023: ✅ 11 взято | 🗑️ 87 мусор
2026-05-27 09:44:02,896 | INFO     |   → 405/1023: ✅ 27 взято | 🗑️ 73 мусор
2026-05-27 09:44:02,896 | INFO     |   → 406/1023: ✅ 13 взято | 🗑️ 75 мусор
2026-05-27 09:44:02,896 | INFO     |   → 407/1023: ✅ 10 взято | 🗑️ 83 мусор
2026-05-27 09:44:02,896 | INFO     |   → 408/1023: ✅ 12 взято | 🗑️ 86 мусор
2026-05-27 09:44:02,896 | INFO     |   → 409/1023: ✅ 11 взято | 🗑️ 87 мусор
2026-05-27 09:44:02,896 | INFO     |   → 410/1023: ✅ 11 взято | 🗑️ 80 мусор
2026-05-27 09:44:02,896 | INFO     |   → 411/1023: ✅ 9 взято | 🗑️ 82 мусор
2026-05-27 09:44:02,896 | INFO     |   → 412/1023: ✅ 69 взято | 🗑️ 3 мусор
2026-05-27 09:44:02,896 | INFO     |   → 413/1023: ✅ 3 взято | 🗑️ 75 мусор
2026-05-27 09:44:02,896 | INFO     |   → 414/1023: ✅ 4 взято | 🗑️ 69 мусор
2026-05-27 09:44:02,896 | INFO     |   → 415/1023: ✅ 4 взято | 🗑️ 80 мусор
2026-05-27 09:44:02,896 | INFO     |   → 416/1023: ✅ 6 взято | 🗑️ 81 мусор
2026-05-27 09:44:02,897 | INFO     |   → 417/1023: ✅ 5 взято | 🗑️ 79 мусор
2026-05-27 09:44:02,897 | INFO     |   → 418/1023: ✅ 11 взято | 🗑️ 78 мусор
2026-05-27 09:44:02,897 | INFO     |   → 419/1023: ✅ 3 взято | 🗑️ 83 мусор
2026-05-27 09:44:02,897 | INFO     |   → 420/1023: ✅ 14 взято | 🗑️ 76 мусор
2026-05-27 09:44:02,897 | INFO     |   → 421/1023: ✅ 12 взято | 🗑️ 78 мусор
2026-05-27 09:44:02,897 | INFO     |   → 422/1023: ✅ 26 взято | 🗑️ 218 мусор
2026-05-27 09:44:02,897 | INFO     |   → 423/1023: ✅ 44 взято | 🗑️ 141 мусор
2026-05-27 09:44:02,897 | INFO     |   → 424/1023: ✅ 10 взято | 🗑️ 71 мусор
2026-05-27 09:44:02,897 | INFO     |   → 425/1023: ✅ 2 взято | 🗑️ 88 мусор
2026-05-27 09:44:02,897 | INFO     |   → 426/1023: ✅ 0 взято | 🗑️ 3 мусор
2026-05-27 09:44:02,897 | INFO     |   → 427/1023: ✅ 14 взято | 🗑️ 4 мусор
2026-05-27 09:44:02,897 | INFO     |   → 428/1023: ✅ 599 взято | 🗑️ 2465 мусор
2026-05-27 09:44:02,897 | INFO     |   → 429/1023 ❌ HTTP 404 — https://raw.githubusercontent.com/Alvin9999/pac2/master/clash/1/config.yaml
2026-05-27 09:44:02,897 | INFO     |   → 430/1023 ❌ HTTP 404 — https://raw.githubusercontent.com/AmirHDevo/temp2/7f15e7ddb311a6f8c5ab338bd1af0e1f2136a84b/configs.txt
2026-05-27 09:44:02,897 | INFO     |   → 431/1023: ✅ 0 взято | 🗑️ 221 мусор
2026-05-27 09:44:02,897 | INFO     |   → 432/1023: ✅ 2544 взято | 🗑️ 43717 мусор
2026-05-27 09:44:02,897 | INFO     |   → 433/1023: ✅ 5 взято | 🗑️ 47 мусор
2026-05-27 09:44:02,897 | INFO     |   → 434/1023: ✅ 2 взято | 🗑️ 48 мусор
2026-05-27 09:44:02,897 | INFO     |   → 435/1023: ✅ 21 взято | 🗑️ 107 мусор
2026-05-27 09:44:02,897 | INFO     |   → 436/1023: ✅ 78 взято | 🗑️ 347 мусор
2026-05-27 09:44:02,897 | INFO     |   → 437/1023: ✅ 0 взято | 🗑️ 1373 мусор
2026-05-27 09:44:02,897 | INFO     |   → 438/1023: ✅ 339 взято | 🗑️ 1542 мусор
2026-05-27 09:44:02,897 | INFO     |   → 439/1023: ✅ 0 взято | 🗑️ 6 мусор
2026-05-27 09:44:02,897 | INFO     |   → 440/1023: ✅ 0 взято | 🗑️ 0 мусор
2026-05-27 09:44:02,897 | INFO     |   → 441/1023: ✅ 1 взято | 🗑️ 235 мусор
2026-05-27 09:44:02,897 | INFO     |   → 442/1023: ✅ 0 взято | 🗑️ 16 мусор
2026-05-27 09:44:02,897 | INFO     |   → 443/1023: ✅ 0 взято | 🗑️ 0 мусор
2026-05-27 09:44:02,897 | INFO     |   → 444/1023: ✅ 0 взято | 🗑️ 14 мусор
2026-05-27 09:44:02,897 | INFO     |   → 445/1023: ✅ 0 взято | 🗑️ 0 мусор
2026-05-27 09:44:02,898 | INFO     |   → 446/1023: ✅ 0 взято | 🗑️ 17 мусор
2026-05-27 09:44:02,898 | INFO     |   → 447/1023: ✅ 0 взято | 🗑️ 0 мусор
2026-05-27 09:44:02,898 | INFO     |   → 448/1023: ✅ 1 взято | 🗑️ 12 мусор
2026-05-27 09:44:02,898 | INFO     |   → 449/1023: ✅ 0 взято | 🗑️ 0 мусор
2026-05-27 09:44:02,898 | INFO     |   → 450/1023: ✅ 0 взято | 🗑️ 17 мусор
2026-05-27 09:44:02,898 | INFO     |   → 451/1023: ✅ 0 взято | 🗑️ 0 мусор
2026-05-27 09:44:02,898 | INFO     |   → 452/1023: ✅ 0 взято | 🗑️ 17 мусор
2026-05-27 09:44:02,898 | INFO     |   → 453/1023: ✅ 0 взято | 🗑️ 0 мусор
2026-05-27 09:44:02,898 | INFO     |   → 454/1023: ✅ 0 взято | 🗑️ 161 мусор
2026-05-27 09:44:02,898 | INFO     |   → 455/1023: ✅ 0 взято | 🗑️ 0 мусор
2026-05-27 09:44:02,898 | INFO     |   → 456/1023: ✅ 5 взято | 🗑️ 76 мусор
2026-05-27 09:44:02,898 | INFO     |   → 457/1023: ✅ 80 взято | 🗑️ 1110 мусор
2026-05-27 09:44:02,898 | INFO     |   → 458/1023: ✅ 5 взято | 🗑️ 13 мусор
2026-05-27 09:44:02,898 | INFO     |   → 459/1023 ❌ HTTP 404 — https://raw.githubusercontent.com/Epodonios/bulk-xray-v2ray-vless-vmess-...-configs/main/sub/Austria/config.txt
2026-05-27 09:44:02,898 | INFO     |   → 460/1023 ❌ HTTP 404 — https://raw.githubusercontent.com/Epodonios/bulk-xray-v2ray-vless-vmess-...-configs/main/sub/Canada/config.txt
2026-05-27 09:44:02,898 | INFO     |   → 461/1023 ❌ HTTP 404 — https://raw.githubusercontent.com/Epodonios/bulk-xray-v2ray-vless-vmess-...-configs/main/sub/Costa%20Rica/config.txt
2026-05-27 09:44:02,898 | INFO     |   → 462/1023 ❌ HTTP 404 — https://raw.githubusercontent.com/Epodonios/bulk-xray-v2ray-vless-vmess-...-configs/main/sub/France/config.txt
2026-05-27 09:44:02,898 | INFO     |   → 463/1023 ❌ HTTP 404 — https://raw.githubusercontent.com/Epodonios/bulk-xray-v2ray-vless-vmess-...-configs/main/sub/Germany/config.txt
2026-05-27 09:44:02,898 | INFO     |   → 464/1023 ❌ HTTP 404 — https://raw.githubusercontent.com/Epodonios/bulk-xray-v2ray-vless-vmess-...-configs/main/sub/Indonesia/config.txt
2026-05-27 09:44:02,898 | INFO     |   → 465/1023 ❌ HTTP 404 — https://raw.githubusercontent.com/Epodonios/bulk-xray-v2ray-vless-vmess-...-configs/main/sub/Ireland/config.txt
2026-05-27 09:44:02,898 | INFO     |   → 466/1023 ❌ HTTP 404 — https://raw.githubusercontent.com/Epodonios/bulk-xray-v2ray-vless-vmess-...-configs/main/sub/Republic%20of%20Lithuania/config.txt
2026-05-27 09:44:02,898 | INFO     |   → 467/1023 ❌ HTTP 404 — https://raw.githubusercontent.com/Epodonios/bulk-xray-v2ray-vless-vmess-...-configs/main/sub/South%20Africa/config.txt
2026-05-27 09:44:02,898 | INFO     |   → 468/1023 ❌ HTTP 404 — https://raw.githubusercontent.com/Epodonios/bulk-xray-v2ray-vless-vmess-...-configs/main/sub/Sweden/config.txt
2026-05-27 09:44:02,898 | INFO     |   → 469/1023 ❌ HTTP 404 — https://raw.githubusercontent.com/Epodonios/bulk-xray-v2ray-vless-vmess-...-configs/main/sub/Turkey/config.txt
2026-05-27 09:44:02,898 | INFO     |   → 470/1023 ❌ HTTP 404 — https://raw.githubusercontent.com/Epodonios/bulk-xray-v2ray-vless-vmess-...-configs/main/sub/United%20Arab%20Emirates/config.txt
2026-05-27 09:44:02,898 | INFO     |   → 471/1023 ❌ HTTP 404 — https://raw.githubusercontent.com/Epodonios/bulk-xray-v2ray-vless-vmess-...-configs/main/sub/United%20Kingdom/config.txt
2026-05-27 09:44:02,898 | INFO     |   → 472/1023 ❌ HTTP 404 — https://raw.githubusercontent.com/Epodonios/bulk-xray-v2ray-vless-vmess-...-configs/main/sub/United%20States/config.txt
2026-05-27 09:44:02,898 | INFO     |   → 473/1023: ✅ 380 взято | 🗑️ 3911 мусор
2026-05-27 09:44:02,898 | INFO     |   → 474/1023 ❌ HTTP 404 — https://raw.githubusercontent.com/Epodonios/v2ray-configs/main/Splitted-By-Protocol/mix.txt
2026-05-27 09:44:02,899 | INFO     |   → 475/1023: ✅ 88 взято | 🗑️ 363 мусор
2026-05-27 09:44:02,899 | INFO     |   → 476/1023: ✅ 0 взято | 🗑️ 0 мусор
2026-05-27 09:44:02,899 | INFO     |   → 477/1023: ✅ 7 взято | 🗑️ 318 мусор
2026-05-27 09:44:02,899 | INFO     |   → 478/1023: ✅ 63 взято | 🗑️ 2761 мусор
2026-05-27 09:44:02,899 | INFO     |   → 479/1023: ✅ 11 взято | 🗑️ 603 мусор
2026-05-27 09:44:02,899 | INFO     |   → 480/1023 ❌ HTTP 404 — https://raw.githubusercontent.com/Epodonios/v2ray-configs/raw/main/Splitted-By-Protocol/trojan.txt
2026-05-27 09:44:02,899 | INFO     |   → 481/1023 ❌ HTTP 404 — https://raw.githubusercontent.com/Epodonios/v2ray-configs/raw/main/Splitted-By-Protocol/vmess.txt
2026-05-27 09:44:02,899 | INFO     |   → 482/1023: ✅ 0 взято | 🗑️ 363 мусор
2026-05-27 09:44:02,899 | INFO     |   → 483/1023: ✅ 0 взято | 🗑️ 0 мусор
2026-05-27 09:44:02,899 | INFO     |   → 484/1023: ✅ 0 взято | 🗑️ 318 мусор
2026-05-27 09:44:02,899 | INFO     |   → 485/1023: ✅ 0 взято | 🗑️ 2761 мусор
2026-05-27 09:44:02,899 | INFO     |   → 486/1023: ✅ 0 взято | 🗑️ 603 мусор
2026-05-27 09:44:02,899 | INFO     |   → 487/1023 ❌ HTTP 404 — https://raw.githubusercontent.com/Fido6/FreeNodes/57221e59caddde55ffdda21d491ae952cd608049/nodes/halekj.txt
2026-05-27 09:44:02,899 | INFO     |   → 488/1023 ❌ HTTP 404 — https://raw.githubusercontent.com/Fido6/FreeNodes/57221e59caddde55ffdda21d491ae952cd608049/nodes/kkzui.txt
2026-05-27 09:44:02,899 | INFO     |   → 489/1023 ❌ HTTP 404 — https://raw.githubusercontent.com/Fido6/FreeNodes/57221e59caddde55ffdda21d491ae952cd608049/nodes/wenode.txt
2026-05-27 09:44:02,899 | INFO     |   → 490/1023: ✅ 0 взято | 🗑️ 0 мусор
2026-05-27 09:44:02,899 | INFO     |   → 491/1023: ✅ 0 взято | 🗑️ 18 мусор
2026-05-27 09:44:02,899 | INFO     |   → 492/1023: ✅ 14 взято | 🗑️ 250 мусор
2026-05-27 09:44:02,899 | INFO     |   → 493/1023: ✅ 1 взято | 🗑️ 6 мусор
2026-05-27 09:44:02,899 | INFO     |   → 494/1023: ✅ 1 взято | 🗑️ 17 мусор
2026-05-27 09:44:02,899 | INFO     |   → 495/1023: ✅ 4 взято | 🗑️ 11 мусор
2026-05-27 09:44:02,899 | INFO     |   → 496/1023: ✅ 0 взято | 🗑️ 0 мусор
2026-05-27 09:44:02,899 | INFO     |   → 497/1023: ✅ 0 взято | 🗑️ 137 мусор
2026-05-27 09:44:02,899 | INFO     |   → 498/1023: ✅ 0 взято | 🗑️ 32 мусор
2026-05-27 09:44:02,899 | INFO     |   → 499/1023: ✅ 2 взято | 🗑️ 19 мусор
2026-05-27 09:44:02,899 | INFO     |   → 500/1023: ✅ 0 взято | 🗑️ 43 мусор
2026-05-27 09:44:02,899 | INFO     |   → 501/1023: ✅ 0 взято | 🗑️ 43 мусор
2026-05-27 09:44:02,899 | INFO     |   → 502/1023 ❌ HTTP 404 — https://raw.githubusercontent.com/Iran-v2ray/v2ray/main/v2ray
2026-05-27 09:44:02,899 | INFO     |   → 503/1023: ✅ 0 взято | 🗑️ 1 мусор
2026-05-27 09:44:02,900 | INFO     |   → 504/1023: ✅ 0 взято | 🗑️ 1 мусор
2026-05-27 09:44:02,900 | INFO     |   → 505/1023: ✅ 0 взято | 🗑️ 28 мусор
2026-05-27 09:44:02,900 | INFO     |   → 506/1023: ✅ 14 взято | 🗑️ 282 мусор
2026-05-27 09:44:02,900 | INFO     |   → 507/1023: ✅ 0 взято | 🗑️ 94 мусор
2026-05-27 09:44:02,900 | INFO     |   → 508/1023: ✅ 0 взято | 🗑️ 0 мусор
2026-05-27 09:44:02,900 | INFO     |   → 509/1023: ✅ 0 взято | 🗑️ 0 мусор
2026-05-27 09:44:02,900 | INFO     |   → 510/1023 ❌ HTTP 404 — https://raw.githubusercontent.com/Kwinshadow/TelegramV2rayCollector/raw/refs/heads/main/sublinks/mix.txt
2026-05-27 09:44:02,900 | INFO     |   → 511/1023 ❌ HTTP 404 — https://raw.githubusercontent.com/LalatinaHub/Mineral/raw/refs/heads/master/result/nodes
2026-05-27 09:44:02,900 | INFO     |   → 512/1023 ❌ HTTP 404 — https://raw.githubusercontent.com/Leon406/SubCrawler/main/sub/share/all3
2026-05-27 09:44:02,900 | INFO     |   → 513/1023 ❌ HTTP 404 — https://raw.githubusercontent.com/Leon406/SubCrawler/main/sub/share/all4
2026-05-27 09:44:02,900 | INFO     |   → 514/1023: ✅ 4 взято | 🗑️ 335 мусор
2026-05-27 09:44:02,900 | INFO     |   → 515/1023: ✅ 0 взято | 🗑️ 33 мусор
2026-05-27 09:44:02,900 | INFO     |   → 516/1023: ✅ 0 взято | 🗑️ 6 мусор
2026-05-27 09:44:02,900 | INFO     |   → 517/1023: ✅ 0 взято | 🗑️ 147 мусор
2026-05-27 09:44:02,900 | INFO     |   → 518/1023 ❌ HTTP 404 — https://raw.githubusercontent.com/M-Mashreghi/free-config-collector/main/Splitted-By-Protocol/ssr.txt
2026-05-27 09:44:02,900 | INFO     |   → 519/1023: ✅ 139 взято | 🗑️ 114 мусор
2026-05-27 09:44:02,900 | INFO     |   → 520/1023: ✅ 126 взято | 🗑️ 137 мусор
2026-05-27 09:44:02,900 | INFO     |   → 521/1023: ✅ 0 взято | 🗑️ 12 мусор
2026-05-27 09:44:02,900 | INFO     |   → 522/1023: ✅ 0 взято | 🗑️ 1 мусор
2026-05-27 09:44:02,900 | INFO     |   → 523/1023: ✅ 19 взято | 🗑️ 115 мусор
2026-05-27 09:44:02,900 | INFO     |   → 524/1023: ✅ 0 взято | 🗑️ 115 мусор
2026-05-27 09:44:02,900 | INFO     |   → 525/1023 ❌ HTTP 404 — https://raw.githubusercontent.com/MatinGhanbari/v2ray-configs/main/subscriptions/filtered/subs/hy2.txt
2026-05-27 09:44:02,900 | INFO     |   → 526/1023: ✅ 21 взято | 🗑️ 1513 мусор
2026-05-27 09:44:02,900 | INFO     |   → 527/1023 ❌ HTTP 404 — https://raw.githubusercontent.com/MatinGhanbari/v2ray-configs/main/subscriptions/filtered/subs/ssr.txt
2026-05-27 09:44:02,900 | INFO     |   → 528/1023: ✅ 50 взято | 🗑️ 569 мусор
2026-05-27 09:44:02,900 | INFO     |   → 529/1023 ❌ HTTP 404 — https://raw.githubusercontent.com/MatinGhanbari/v2ray-configs/main/subscriptions/filtered/subs/tuic.txt
2026-05-27 09:44:02,900 | INFO     |   → 530/1023: ✅ 18 взято | 🗑️ 242 мусор
2026-05-27 09:44:02,900 | INFO     |   → 531/1023: ✅ 222 взято | 🗑️ 1299 мусор
2026-05-27 09:44:02,900 | INFO     |   → 532/1023: ✅ 0 взято | 🗑️ 2 мусор
2026-05-27 09:44:02,900 | INFO     |   → 533/1023: ✅ 101 взято | 🗑️ 1257 мусор
2026-05-27 09:44:02,900 | INFO     |   → 534/1023: ✅ 0 взято | 🗑️ 608 мусор
2026-05-27 09:44:02,900 | INFO     |   → 535/1023: ✅ 0 взято | 🗑️ 608 мусор
2026-05-27 09:44:02,900 | INFO     |   → 536/1023: ✅ 0 взято | 🗑️ 78 мусор
2026-05-27 09:44:02,900 | INFO     |   → 537/1023: ✅ 0 взято | 🗑️ 2 мусор
2026-05-27 09:44:02,900 | INFO     |   → 538/1023: ✅ 0 взято | 🗑️ 494 мусор
2026-05-27 09:44:02,900 | INFO     |   → 539/1023: ✅ 0 взято | 🗑️ 83 мусор
2026-05-27 09:44:02,900 | INFO     |   → 540/1023 ❌ HTTP 404 — https://raw.githubusercontent.com/MhdiTaheri/V2rayCollector/raw/refs/heads/main/sub/mix
2026-05-27 09:44:02,900 | INFO     |   → 541/1023: ✅ 53 взято | 🗑️ 267 мусор
2026-05-27 09:44:02,900 | INFO     |   → 542/1023 ❌ HTTP 404 — https://raw.githubusercontent.com/MhdiTaheri/V2rayCollector_Py/raw/refs/heads/main/sub/Mix/mix.txt
2026-05-27 09:44:02,900 | INFO     |   → 543/1023: ✅ 0 взято | 🗑️ 0 мусор
2026-05-27 09:44:02,900 | INFO     |   → 544/1023: ✅ 43 взято | 🗑️ 217 мусор
2026-05-27 09:44:02,900 | INFO     |   → 545/1023: ✅ 0 взято | 🗑️ 31 мусор
2026-05-27 09:44:02,900 | INFO     |   → 546/1023: ✅ 93 взято | 🗑️ 282 мусор
2026-05-27 09:44:02,900 | INFO     |   → 547/1023: ✅ 0 взято | 🗑️ 26 мусор
2026-05-27 09:44:02,900 | INFO     |   → 548/1023 ❌ HTTP 404 — https://raw.githubusercontent.com/MrMohebi/xray-proxy-grabber-telegram/master/collected-proxies/clash-meta/all.yaml
2026-05-27 09:44:02,900 | INFO     |   → 549/1023 ❌ HTTP 404 — https://raw.githubusercontent.com/MrMohebi/xray-proxy-grabber-telegram/master/collected-proxies/row-url/actives.txt
2026-05-27 09:44:02,900 | INFO     |   → 550/1023 ❌ HTTP 404 — https://raw.githubusercontent.com/MrMohebi/xray-proxy-grabber-telegram/master/collected-proxies/row-url/all.txt
2026-05-27 09:44:02,900 | INFO     |   → 551/1023: ✅ 0 взято | 🗑️ 13 мусор
2026-05-27 09:44:02,900 | INFO     |   → 552/1023: ✅ 0 взято | 🗑️ 13 мусор
2026-05-27 09:44:02,900 | INFO     |   → 553/1023: ✅ 5 взято | 🗑️ 15 мусор
2026-05-27 09:44:02,900 | INFO     |   → 554/1023: ✅ 0 взято | 🗑️ 30 мусор
2026-05-27 09:44:02,901 | INFO     |   → 555/1023: ✅ 0 взято | 🗑️ 15 мусор
2026-05-27 09:44:02,901 | INFO     |   → 556/1023: ✅ 66 взято | 🗑️ 123 мусор
2026-05-27 09:44:02,901 | INFO     |   → 557/1023: ✅ 175 взято | 🗑️ 582 мусор
2026-05-27 09:44:02,901 | INFO     |   → 558/1023: ✅ 0 взято | 🗑️ 0 мусор
2026-05-27 09:44:02,901 | INFO     |   → 559/1023 ❌ HTTP 404 — https://raw.githubusercontent.com/OpenCNLink/freevpn/3cfcff048bfdd1493ccffa52ecf30ce7f9fc6b28/src/list/vmess.txt
2026-05-27 09:44:02,901 | INFO     |   → 560/1023 ❌ HTTP 404 — https://raw.githubusercontent.com/Pawdro/Collection/main/sub
2026-05-27 09:44:02,901 | INFO     |   → 561/1023: ✅ 0 взято | 🗑️ 19 мусор
2026-05-27 09:44:02,901 | INFO     |   → 562/1023: ✅ 0 взято | 🗑️ 19 мусор
2026-05-27 09:44:02,901 | INFO     |   → 563/1023: ✅ 0 взято | 🗑️ 0 мусор
2026-05-27 09:44:02,901 | INFO     |   → 564/1023: ✅ 0 взято | 🗑️ 0 мусор
2026-05-27 09:44:02,901 | INFO     |   → 565/1023: ✅ 0 взято | 🗑️ 50 мусор
2026-05-27 09:44:02,901 | INFO     |   → 566/1023: ✅ 5 взято | 🗑️ 206 мусор
2026-05-27 09:44:02,901 | INFO     |   → 567/1023: ✅ 21 взято | 🗑️ 138 мусор
2026-05-27 09:44:02,901 | INFO     |   → 568/1023: ✅ 23 взято | 🗑️ 89 мусор
2026-05-27 09:44:02,901 | INFO     |   → 569/1023: ✅ 9 взято | 🗑️ 85 мусор
2026-05-27 09:44:02,901 | INFO     |   → 570/1023: ✅ 0 взято | 🗑️ 129 мусор
2026-05-27 09:44:02,901 | INFO     |   → 571/1023: ✅ 0 взято | 🗑️ 81 мусор
2026-05-27 09:44:02,901 | INFO     |   → 572/1023 ❌ HTTP 404 — https://raw.githubusercontent.com/STR97/STRUGOV/refs/heads/main/STR.BYPASS
2026-05-27 09:44:02,901 | INFO     |   → 573/1023: ✅ 4 взято | 🗑️ 34 мусор
2026-05-27 09:44:02,901 | INFO     |   → 574/1023: ✅ 11 взято | 🗑️ 16 мусор
2026-05-27 09:44:02,901 | INFO     |   → 575/1023: ✅ 0 взято | 🗑️ 16 мусор
2026-05-27 09:44:02,901 | INFO     |   → 576/1023: ✅ 0 взято | 🗑️ 27 мусор
2026-05-27 09:44:02,901 | INFO     |   → 577/1023: ✅ 140 взято | 🗑️ 1153 мусор
2026-05-27 09:44:02,901 | INFO     |   → 578/1023: ✅ 29 взято | 🗑️ 54 мусор
2026-05-27 09:44:02,901 | INFO     |   → 579/1023: ✅ 0 взято | 🗑️ 0 мусор
2026-05-27 09:44:02,901 | INFO     |   → 580/1023: ✅ 0 взято | 🗑️ 0 мусор
2026-05-27 09:44:02,901 | INFO     |   → 581/1023: ✅ 0 взято | 🗑️ 5 мусор
2026-05-27 09:44:02,901 | INFO     |   → 582/1023: ✅ 0 взято | 🗑️ 0 мусор
2026-05-27 09:44:02,901 | INFO     |   → 583/1023: ✅ 0 взято | 🗑️ 5 мусор
2026-05-27 09:44:02,901 | INFO     |   → 584/1023: ✅ 4 взято | 🗑️ 291 мусор
2026-05-27 09:44:02,901 | INFO     |   → 585/1023: ✅ 0 взято | 🗑️ 119 мусор
2026-05-27 09:44:02,901 | INFO     |   → 586/1023: ✅ 0 взято | 🗑️ 0 мусор
2026-05-27 09:44:02,901 | INFO     |   → 587/1023 ❌ HTTP 404 — https://raw.githubusercontent.com/V2RAYCONFIGSPOOL/V2RAY_SUB/main/V2RAY_SUB.txt
2026-05-27 09:44:02,901 | INFO     |   → 588/1023: ✅ 12 взято | 🗑️ 145 мусор
2026-05-27 09:44:02,901 | INFO     |   → 589/1023: ✅ 16 взято | 🗑️ 17 мусор
2026-05-27 09:44:02,901 | INFO     |   → 590/1023: ✅ 0 взято | 🗑️ 0 мусор
2026-05-27 09:44:02,901 | INFO     |   → 591/1023: ✅ 0 взято | 🗑️ 17 мусор
2026-05-27 09:44:02,901 | INFO     |   → 592/1023: ✅ 58 взято | 🗑️ 348 мусор
2026-05-27 09:44:02,901 | INFO     |   → 593/1023: ✅ 0 взято | 🗑️ 0 мусор
2026-05-27 09:44:02,901 | INFO     |   → 594/1023: ✅ 6 взято | 🗑️ 245 мусор
2026-05-27 09:44:02,901 | INFO     |   → 595/1023: ✅ 0 взято | 🗑️ 0 мусор
2026-05-27 09:44:02,901 | INFO     |   → 596/1023: ✅ 3 взято | 🗑️ 322 мусор
2026-05-27 09:44:02,901 | INFO     |   → 597/1023: ✅ 0 взято | 🗑️ 0 мусор
2026-05-27 09:44:02,901 | INFO     |   → 598/1023: ✅ 0 взято | 🗑️ 0 мусор
2026-05-27 09:44:02,901 | INFO     |   → 599/1023: ✅ 3 взято | 🗑️ 268 мусор
2026-05-27 09:44:02,901 | INFO     |   → 600/1023: ✅ 1 взято | 🗑️ 251 мусор
2026-05-27 09:44:02,901 | INFO     |   → 601/1023: ✅ 1 взято | 🗑️ 231 мусор
2026-05-27 09:44:02,901 | INFO     |   → 602/1023: ✅ 0 взято | 🗑️ 18 мусор
2026-05-27 09:44:02,901 | INFO     |   → 603/1023: ✅ 1 взято | 🗑️ 83 мусор
2026-05-27 09:44:02,901 | INFO     |   → 604/1023: ✅ 0 взято | 🗑️ 16 мусор
2026-05-27 09:44:02,901 | INFO     |   → 605/1023: ✅ 0 взято | 🗑️ 16 мусор
2026-05-27 09:44:02,901 | INFO     |   → 606/1023 ❌ HTTP 404 — https://raw.githubusercontent.com/aiboboxx/clashfree/main/clash.yml
2026-05-27 09:44:02,901 | INFO     |   → 607/1023 ❌ HTTP 404 — https://raw.githubusercontent.com/aiboboxx/v2rayfree/main/v2
2026-05-27 09:44:02,901 | INFO     |   → 608/1023 ❌ HTTP 404 — https://raw.githubusercontent.com/amirmohammad-mohammad-88/Sub-Reality-Azadi-config/Config/Azadi-Reality-Different
2026-05-27 09:44:02,902 | INFO     |   → 609/1023 ❌ HTTP 404 — https://raw.githubusercontent.com/amirmohammad-mohammad-88/Sub-Reality-Azadi-config/Config/Azadi-Reality-Different-Base64
2026-05-27 09:44:02,902 | INFO     |   → 610/1023: ✅ 1 взято | 🗑️ 17 мусор
2026-05-27 09:44:02,902 | INFO     |   → 611/1023: ✅ 0 взято | 🗑️ 0 мусор
2026-05-27 09:44:02,902 | INFO     |   → 612/1023: ✅ 4 взято | 🗑️ 114 мусор
2026-05-27 09:44:02,902 | INFO     |   → 613/1023: ✅ 18 взято | 🗑️ 56 мусор
2026-05-27 09:44:02,902 | INFO     |   → 614/1023 ❌ HTTP 404 — https://raw.githubusercontent.com/awesome-vpn/awesome-vpn/master/ss
2026-05-27 09:44:02,902 | INFO     |   → 615/1023 ❌ HTTP 404 — https://raw.githubusercontent.com/awesome-vpn/awesome-vpn/master/ssr
2026-05-27 09:44:02,902 | INFO     |   → 616/1023: ✅ 0 взято | 🗑️ 0 мусор
2026-05-27 09:44:02,902 | INFO     |   → 617/1023: ✅ 1 взято | 🗑️ 22 мусор
2026-05-27 09:44:02,902 | INFO     |   → 618/1023: ✅ 0 взято | 🗑️ 359 мусор
2026-05-27 09:44:02,902 | INFO     |   → 619/1023 ❌ HTTP 404 — https://raw.githubusercontent.com/barry-far/V2ray-Configs/ced94ddfff48276ec365b40227561f36b1b64bc8/Sub5.txt
2026-05-27 09:44:02,902 | INFO     |   → 620/1023 ❌ HTTP 404 — https://raw.githubusercontent.com/barry-far/V2ray-Configs/main/Splitted-By-Protocol/hysteria2.txt
2026-05-27 09:44:02,902 | INFO     |   → 621/1023 ❌ HTTP 404 — https://raw.githubusercontent.com/barry-far/V2ray-Configs/main/Splitted-By-Protocol/vless.txt
2026-05-27 09:44:02,902 | INFO     |   → 622/1023 ❌ HTTP 404 — https://raw.githubusercontent.com/barry-far/V2ray-Configs/main/Sub1.txt
2026-05-27 09:44:02,902 | INFO     |   → 623/1023 ❌ HTTP 404 — https://raw.githubusercontent.com/barry-far/V2ray-Configs/refs/heads/main/All_Configs_Sub.txt
2026-05-27 09:44:02,902 | INFO     |   → 624/1023: ✅ 0 взято | 🗑️ 0 мусор
2026-05-27 09:44:02,902 | INFO     |   → 625/1023 ❌ HTTP 404 — https://raw.githubusercontent.com/budamu/clashconfig/main/v2ray.txt
2026-05-27 09:44:02,902 | INFO     |   → 626/1023 ❌ HTTP 404 — https://raw.githubusercontent.com/budamu/clashconfig/main/v2ray2.txt
2026-05-27 09:44:02,902 | INFO     |   → 627/1023: ✅ 0 взято | 🗑️ 0 мусор
2026-05-27 09:44:02,902 | INFO     |   → 628/1023: ✅ 0 взято | 🗑️ 442 мусор
2026-05-27 09:44:02,902 | INFO     |   → 629/1023: ✅ 0 взято | 🗑️ 0 мусор
2026-05-27 09:44:02,902 | INFO     |   → 630/1023 ❌ HTTP 404 — https://raw.githubusercontent.com/chxxyz2004/zd/17fca23b73c46b5dd73e9be49b14d219b5e5f836/sub/2401/240110.txt
2026-05-27 09:44:02,902 | INFO     |   → 631/1023: ✅ 0 взято | 🗑️ 44 мусор
2026-05-27 09:44:02,902 | INFO     |   → 632/1023: ✅ 236 взято | 🗑️ 517 мусор
2026-05-27 09:44:02,902 | INFO     |   → 633/1023 ❌ HTTP 404 — https://raw.githubusercontent.com/cxr9912/cxr2022/main/free.yaml
2026-05-27 09:44:02,902 | INFO     |   → 634/1023 ❌ HTTP 404 — https://raw.githubusercontent.com/cxr9912/cxr2022/main/mix.yaml
2026-05-27 09:44:02,902 | INFO     |   → 635/1023 ❌ HTTP 404 — https://raw.githubusercontent.com/cxr9912/cxr2022/main/ss.yaml
2026-05-27 09:44:02,902 | INFO     |   → 636/1023 ❌ HTTP 404 — https://raw.githubusercontent.com/cxr9912/cxr2022/main/ssr.yaml
2026-05-27 09:44:02,902 | INFO     |   → 637/1023 ❌ HTTP 404 — https://raw.githubusercontent.com/cxr9912/cxr2022/main/vmess.yaml
2026-05-27 09:44:02,902 | INFO     |   → 638/1023 ❌ HTTP 404 — https://raw.githubusercontent.com/cxr9912/cxr2022/refs/heads/main/18cj.json
2026-05-27 09:44:02,902 | INFO     |   → 639/1023 ❌ HTTP 404 — https://raw.githubusercontent.com/cxr9912/cxr2022/refs/heads/main/aaaaaaaa.yaml
2026-05-27 09:44:02,902 | INFO     |   → 640/1023 ❌ HTTP 404 — https://raw.githubusercontent.com/cxr9912/cxr2022/refs/heads/main/free.yaml
2026-05-27 09:44:02,902 | INFO     |   → 641/1023 ❌ HTTP 404 — https://raw.githubusercontent.com/cxr9912/cxr2022/refs/heads/main/ss2088.txt
2026-05-27 09:44:02,902 | INFO     |   → 642/1023: ✅ 0 взято | 🗑️ 18 мусор
2026-05-27 09:44:02,902 | INFO     |   → 643/1023: ✅ 0 взято | 🗑️ 18 мусор
2026-05-27 09:44:02,902 | INFO     |   → 644/1023: ✅ 6 взято | 🗑️ 78 мусор
2026-05-27 09:44:02,902 | INFO     |   → 645/1023: ✅ 6 взято | 🗑️ 4 мусор
2026-05-27 09:44:02,902 | INFO     |   → 646/1023: ✅ 0 взято | 🗑️ 2 мусор
2026-05-27 09:44:02,902 | INFO     |   → 647/1023: ✅ 0 взято | 🗑️ 2 мусор
2026-05-27 09:44:02,902 | INFO     |   → 648/1023: ✅ 0 взято | 🗑️ 2 мусор
2026-05-27 09:44:02,902 | INFO     |   → 649/1023: ✅ 0 взято | 🗑️ 3 мусор
2026-05-27 09:44:02,902 | INFO     |   → 650/1023: ✅ 0 взято | 🗑️ 2 мусор
2026-05-27 09:44:02,902 | INFO     |   → 651/1023: ✅ 0 взято | 🗑️ 9 мусор
2026-05-27 09:44:02,902 | INFO     |   → 652/1023: ✅ 1 взято | 🗑️ 1 мусор
2026-05-27 09:44:02,902 | INFO     |   → 653/1023: ✅ 0 взято | 🗑️ 10 мусор
2026-05-27 09:44:02,902 | INFO     |   → 654/1023: ✅ 0 взято | 🗑️ 2 мусор
2026-05-27 09:44:02,902 | INFO     |   → 655/1023: ✅ 0 взято | 🗑️ 0 мусор
2026-05-27 09:44:02,902 | INFO     |   → 656/1023: ✅ 3892 взято | 🗑️ 91937 мусор
2026-05-27 09:44:02,902 | INFO     |   → 657/1023: ✅ 82 взято | 🗑️ 1269 мусор
2026-05-27 09:44:02,902 | INFO     |   → 658/1023: ✅ 6 взято | 🗑️ 113 мусор
2026-05-27 09:44:02,902 | INFO     |   → 659/1023: ✅ 0 взято | 🗑️ 0 мусор
2026-05-27 09:44:02,902 | INFO     |   → 660/1023: ✅ 1 взято | 🗑️ 25 мусор
2026-05-27 09:44:02,902 | INFO     |   → 661/1023: ✅ 0 взято | 🗑️ 0 мусор
2026-05-27 09:44:02,902 | INFO     |   → 662/1023: ✅ 13 взято | 🗑️ 19 мусор
2026-05-27 09:44:02,903 | INFO     |   → 663/1023: ✅ 0 взято | 🗑️ 5 мусор
2026-05-27 09:44:02,903 | INFO     |   → 664/1023: ✅ 2 взято | 🗑️ 80 мусор
2026-05-27 09:44:02,903 | INFO     |   → 665/1023 ❌ HTTP 404 — https://raw.githubusercontent.com/free-nodes/v2rayfree/main/v2
2026-05-27 09:44:02,903 | INFO     |   → 666/1023 ❌ HTTP 404 — https://raw.githubusercontent.com/free-v2ray-config/trojan/main/trojan.txt
2026-05-27 09:44:02,903 | INFO     |   → 667/1023 ❌ HTTP 404 — https://raw.githubusercontent.com/free-v2ray-config/vless/main/vless.txt
2026-05-27 09:44:02,903 | INFO     |   → 668/1023 ❌ HTTP 404 — https://raw.githubusercontent.com/free-v2ray-config/vmess/main/vmess.txt
2026-05-27 09:44:02,903 | INFO     |   → 669/1023: ✅ 5 взято | 🗑️ 169 мусор
2026-05-27 09:44:02,903 | INFO     |   → 670/1023: ✅ 34 взято | 🗑️ 121 мусор
2026-05-27 09:44:02,903 | INFO     |   → 671/1023: ✅ 4 взято | 🗑️ 97 мусор
2026-05-27 09:44:02,903 | INFO     |   → 672/1023 ❌ HTTP 404 — https://raw.githubusercontent.com/free18/v2ray/main/Clash.yaml
2026-05-27 09:44:02,903 | INFO     |   → 673/1023: ✅ 0 взято | 🗑️ 0 мусор
2026-05-27 09:44:02,903 | INFO     |   → 674/1023: ✅ 0 взято | 🗑️ 15 мусор
2026-05-27 09:44:02,903 | INFO     |   → 675/1023: ✅ 0 взято | 🗑️ 0 мусор
2026-05-27 09:44:02,903 | INFO     |   → 676/1023: ✅ 0 взято | 🗑️ 8 мусор
2026-05-27 09:44:02,903 | INFO     |   → 677/1023: ✅ 0 взято | 🗑️ 8 мусор
2026-05-27 09:44:02,903 | INFO     |   → 678/1023: ✅ 0 взято | 🗑️ 8 мусор
2026-05-27 09:44:02,903 | INFO     |   → 679/1023: ✅ 0 взято | 🗑️ 8 мусор
2026-05-27 09:44:02,903 | INFO     |   → 680/1023 ❌ HTTP 404 — https://raw.githubusercontent.com/freev2rayconfig/V2RAY_SUB/3e6a7786a1601ee3723e8d043ae79e70dbdfd9a8/v2rayconfigs.txt
2026-05-27 09:44:02,903 | INFO     |   → 681/1023 ❌ HTTP 404 — https://raw.githubusercontent.com/freev2rayconfig/V2RAY_SUBSCRIPTION_LINK/main/v2rayconfigs.txt
2026-05-27 09:44:02,903 | INFO     |   → 682/1023 ❌ HTTP 404 — https://raw.githubusercontent.com/gfpcom/free-proxy-list/main/list/http.txt
2026-05-27 09:44:02,903 | INFO     |   → 683/1023 ❌ HTTP 404 — https://raw.githubusercontent.com/gfpcom/free-proxy-list/main/list/https.txt
2026-05-27 09:44:02,903 | INFO     |   → 684/1023 ❌ HTTP 404 — https://raw.githubusercontent.com/gfpcom/free-proxy-list/main/list/socks4.txt
2026-05-27 09:44:02,903 | INFO     |   → 685/1023 ❌ HTTP 404 — https://raw.githubusercontent.com/gfpcom/free-proxy-list/main/list/socks4a.txt
2026-05-27 09:44:02,903 | INFO     |   → 686/1023 ❌ HTTP 404 — https://raw.githubusercontent.com/gfpcom/free-proxy-list/main/list/socks5.txt
2026-05-27 09:44:02,903 | INFO     |   → 687/1023 ❌ HTTP 404 — https://raw.githubusercontent.com/gfpcom/free-proxy-list/main/list/socks5h.txt
2026-05-27 09:44:02,903 | INFO     |   → 688/1023 ❌ HTTP 404 — https://raw.githubusercontent.com/gfpcom/free-proxy-list/main/list/ss.txt
2026-05-27 09:44:02,903 | INFO     |   → 689/1023 ❌ HTTP 404 — https://raw.githubusercontent.com/gfpcom/free-proxy-list/main/list/ssr.txt
2026-05-27 09:44:02,903 | INFO     |   → 690/1023 ❌ HTTP 404 — https://raw.githubusercontent.com/gfpcom/free-proxy-list/main/list/trojan.txt
2026-05-27 09:44:02,903 | INFO     |   → 691/1023 ❌ HTTP 404 — https://raw.githubusercontent.com/gfpcom/free-proxy-list/main/list/vless.txt
2026-05-27 09:44:02,903 | INFO     |   → 692/1023 ❌ HTTP 404 — https://raw.githubusercontent.com/gfpcom/free-proxy-list/main/list/vmess.txt
2026-05-27 09:44:02,903 | INFO     |   → 693/1023: ✅ 0 взято | 🗑️ 17 мусор
2026-05-27 09:44:02,903 | INFO     |   → 694/1023: ✅ 0 взято | 🗑️ 0 мусор
2026-05-27 09:44:02,903 | INFO     |   → 695/1023: ✅ 4 взято | 🗑️ 63 мусор
2026-05-27 09:44:02,903 | INFO     |   → 696/1023 ❌ HTTP 404 — https://raw.githubusercontent.com/hameed-maleki/TVC/89a4522969c57dcc22458cae9898426e5c4f2679/lite/config.txt
2026-05-27 09:44:02,903 | INFO     |   → 697/1023: ✅ 5 взято | 🗑️ 132 мусор
2026-05-27 09:44:02,903 | INFO     |   → 698/1023: ✅ 0 взято | 🗑️ 56 мусор
2026-05-27 09:44:02,903 | INFO     |   → 699/1023 ❌ HTTP 404 — https://raw.githubusercontent.com/hkaa0/permalink/main/proxy/V2ray
2026-05-27 09:44:02,903 | INFO     |   → 700/1023 ❌ HTTP 404 — https://raw.githubusercontent.com/hkaa0/permalink/main/proxy/clash
2026-05-27 09:44:02,903 | INFO     |   → 701/1023 ❌ HTTP 404 — https://raw.githubusercontent.com/hkpc/Autoproxy/6cf946ddfc677a29062007e4b47d70674474baa7/sub/2401/240110.txt
2026-05-27 09:44:02,903 | INFO     |   → 702/1023 ❌ HTTP 404 — https://raw.githubusercontent.com/hkpc/V2ray-Configs/7d9aa0dabf947af180a7dd6302818ed37950531a/Sub1.txt
2026-05-27 09:44:02,903 | INFO     |   → 703/1023: ✅ 0 взято | 🗑️ 14 мусор
2026-05-27 09:44:02,903 | INFO     |   → 704/1023: ✅ 16 взято | 🗑️ 16 мусор
2026-05-27 09:44:02,903 | INFO     |   → 705/1023 ❌ HTTP 404 — https://raw.githubusercontent.com/iboxz/free-v2ray-collector/main/main
2026-05-27 09:44:02,903 | INFO     |   → 706/1023: ✅ 12 взято | 🗑️ 20 мусор
2026-05-27 09:44:02,903 | INFO     |   → 707/1023: ✅ 8 взято | 🗑️ 16 мусор
2026-05-27 09:44:02,903 | INFO     |   → 708/1023: ✅ 80 взято | 🗑️ 244 мусор
2026-05-27 09:44:02,903 | INFO     |   → 709/1023 ❌ HTTP 404 — https://raw.githubusercontent.com/igareck/vpn-configs-for-russia/refs/heads/main/Vless-Reality-White-Lists-Rus-Cable.txt
2026-05-27 09:44:02,903 | INFO     |   → 710/1023: ✅ 21 взято | 🗑️ 0 мусор
2026-05-27 09:44:02,903 | INFO     |   → 711/1023: ✅ 0 взято | 🗑️ 0 мусор
2026-05-27 09:44:02,903 | INFO     |   → 712/1023: ✅ 0 взято | 🗑️ 0 мусор
2026-05-27 09:44:02,903 | INFO     |   → 713/1023: ✅ 23 взято | 🗑️ 9 мусор
2026-05-27 09:44:02,903 | INFO     |   → 714/1023: ✅ 0 взято | 🗑️ 0 мусор
2026-05-27 09:44:02,903 | INFO     |   → 715/1023: ✅ 0 взято | 🗑️ 0 мусор
2026-05-27 09:44:02,903 | INFO     |   → 716/1023: ✅ 0 взято | 🗑️ 12 мусор
2026-05-27 09:44:02,904 | INFO     |   → 717/1023: ✅ 0 взято | 🗑️ 43 мусор
2026-05-27 09:44:02,904 | INFO     |   → 718/1023 ❌ HTTP 404 — https://raw.githubusercontent.com/jw853355718/clash_233/master/config.yml
2026-05-27 09:44:02,904 | INFO     |   → 719/1023: ✅ 0 взято | 🗑️ 210 мусор
2026-05-27 09:44:02,904 | INFO     |   → 720/1023: ✅ 0 взято | 🗑️ 0 мусор
2026-05-27 09:44:02,904 | INFO     |   → 721/1023: ✅ 0 взято | 🗑️ 0 мусор
2026-05-27 09:44:02,904 | INFO     |   → 722/1023 ❌ HTTP 404 — https://raw.githubusercontent.com/lcx12901/v2ray-/master/sspool.herokuapp.com/yzcloud.yaml
2026-05-27 09:44:02,904 | INFO     |   → 723/1023 ❌ HTTP 404 — https://raw.githubusercontent.com/lcx12901/v2ray-/master/sspool.herokuapp.com/yzcloud2.yaml
2026-05-27 09:44:02,904 | INFO     |   → 724/1023: ✅ 0 взято | 🗑️ 0 мусор
2026-05-27 09:44:02,904 | INFO     |   → 725/1023 ❌ HTTP 404 — https://raw.githubusercontent.com/learnhard-cn/free_proxy_ss/main/clash/config.yaml
2026-05-27 09:44:02,904 | INFO     |   → 726/1023: ✅ 0 взято | 🗑️ 8 мусор
2026-05-27 09:44:02,904 | INFO     |   → 727/1023: ✅ 0 взято | 🗑️ 4 мусор
2026-05-27 09:44:02,904 | INFO     |   → 728/1023: ✅ 0 взято | 🗑️ 0 мусор
2026-05-27 09:44:02,904 | INFO     |   → 729/1023: ✅ 0 взято | 🗑️ 4 мусор
2026-05-27 09:44:02,904 | INFO     |   → 730/1023: ✅ 0 взято | 🗑️ 149 мусор
2026-05-27 09:44:02,904 | INFO     |   → 731/1023: ✅ 0 взято | 🗑️ 421 мусор
2026-05-27 09:44:02,904 | INFO     |   → 732/1023 ❌ HTTP 404 — https://raw.githubusercontent.com/lisylva-lee/v2dyku/main/ssr
2026-05-27 09:44:02,904 | INFO     |   → 733/1023 ❌ HTTP 404 — https://raw.githubusercontent.com/lisylva-lee/v2dyku/main/v2dy
2026-05-27 09:44:02,904 | INFO     |   → 734/1023: ✅ 0 взято | 🗑️ 53 мусор
2026-05-27 09:44:02,904 | INFO     |   → 735/1023 ❌ HTTP 404 — https://raw.githubusercontent.com/luxl-1379/merge/77247d23def72b25226dfa741614e9b07a569c72/sub/sub_merge_base64.txt
2026-05-27 09:44:02,904 | INFO     |   → 736/1023: ✅ 146 взято | 🗑️ 343 мусор
2026-05-27 09:44:02,904 | INFO     |   → 737/1023: ✅ 0 взято | 🗑️ 130 мусор
2026-05-27 09:44:02,904 | INFO     |   → 738/1023: ✅ 1001 взято | 🗑️ 3899 мусор
2026-05-27 09:44:02,904 | INFO     |   → 739/1023: ✅ 0 взято | 🗑️ 0 мусор
2026-05-27 09:44:02,904 | INFO     |   → 740/1023: ✅ 0 взято | 🗑️ 3899 мусор
2026-05-27 09:44:02,904 | INFO     |   → 741/1023: ✅ 20 взято | 🗑️ 370 мусор
2026-05-27 09:44:02,904 | INFO     |   → 742/1023 ❌ HTTP 404 — https://raw.githubusercontent.com/mermeroo/Clash-V2ray/main/v2ray
2026-05-27 09:44:02,904 | INFO     |   → 743/1023: ✅ 15 взято | 🗑️ 417 мусор
2026-05-27 09:44:02,904 | INFO     |   → 744/1023: ✅ 6 взято | 🗑️ 102 мусор
2026-05-27 09:44:02,904 | INFO     |   → 745/1023: ✅ 716 взято | 🗑️ 6258 мусор
2026-05-27 09:44:02,904 | INFO     |   → 746/1023: ✅ 8 взято | 🗑️ 853 мусор
2026-05-27 09:44:02,904 | INFO     |   → 747/1023: ✅ 32 взято | 🗑️ 69 мусор
2026-05-27 09:44:02,904 | INFO     |   → 748/1023 ❌ HTTP 404 — https://raw.githubusercontent.com/mermeroo/free-v2ray-collector/main/main/mix
2026-05-27 09:44:02,904 | INFO     |   → 749/1023 ❌ HTTP 404 — https://raw.githubusercontent.com/mermeroo/free-v2ray-collector/main/main/reality
2026-05-27 09:44:02,904 | INFO     |   → 750/1023 ❌ HTTP 404 — https://raw.githubusercontent.com/mermeroo/free-v2ray-collector/main/main/shadowsocks
2026-05-27 09:44:02,904 | INFO     |   → 751/1023 ❌ HTTP 404 — https://raw.githubusercontent.com/mermeroo/free-v2ray-collector/main/main/trojan
2026-05-27 09:44:02,904 | INFO     |   → 752/1023 ❌ HTTP 404 — https://raw.githubusercontent.com/mermeroo/free-v2ray-collector/main/main/vless
2026-05-27 09:44:02,904 | INFO     |   → 753/1023 ❌ HTTP 404 — https://raw.githubusercontent.com/mermeroo/free-v2ray-collector/main/main/vmess
2026-05-27 09:44:02,904 | INFO     |   → 754/1023 ❌ HTTP 404 — https://raw.githubusercontent.com/mfuu/v2ray/master/merge/merge.txt
2026-05-27 09:44:02,904 | INFO     |   → 755/1023: ✅ 0 взято | 🗑️ 53 мусор
2026-05-27 09:44:02,904 | INFO     |   → 756/1023: ✅ 0 взято | 🗑️ 53 мусор
2026-05-27 09:44:02,904 | INFO     |   → 757/1023: ✅ 565 взято | 🗑️ 15100 мусор
2026-05-27 09:44:02,904 | INFO     |   → 758/1023: ✅ 0 взято | 🗑️ 15100 мусор
2026-05-27 09:44:02,904 | INFO     |   → 759/1023: ✅ 0 взято | 🗑️ 3087 мусор
2026-05-27 09:44:02,904 | INFO     |   → 760/1023: ✅ 0 взято | 🗑️ 1769 мусор
2026-05-27 09:44:02,904 | INFO     |   → 761/1023: ✅ 0 взято | 🗑️ 5682 мусор
2026-05-27 09:44:02,904 | INFO     |   → 762/1023: ✅ 0 взято | 🗑️ 4562 мусор
2026-05-27 09:44:02,904 | INFO     |   → 763/1023 ❌ HTTP 404 — https://raw.githubusercontent.com/mianous/qiren/main/qiren.txt
2026-05-27 09:44:02,904 | INFO     |   → 764/1023 ❌ HTTP 404 — https://raw.githubusercontent.com/miladtahanian/V2RayCFGDumper/refs/heads/main/config.txt
2026-05-27 09:44:02,904 | INFO     |   → 765/1023 ❌ HTTP 404 — https://raw.githubusercontent.com/miladtahanian/multi-proxy-config-fetcher/refs/heads/main/configs/proxy_configs.txt
2026-05-27 09:44:02,904 | INFO     |   → 766/1023: ✅ 0 взято | 🗑️ 0 мусор
2026-05-27 09:44:02,904 | INFO     |   → 767/1023: ✅ 0 взято | 🗑️ 0 мусор
2026-05-27 09:44:02,904 | INFO     |   → 768/1023: ✅ 0 взято | 🗑️ 0 мусор
2026-05-27 09:44:02,904 | INFO     |   → 769/1023: ✅ 15 взято | 🗑️ 46 мусор
2026-05-27 09:44:02,904 | INFO     |   → 770/1023: ✅ 0 взято | 🗑️ 244 мусор
2026-05-27 09:44:02,905 | INFO     |   → 771/1023: ✅ 0 взято | 🗑️ 0 мусор
2026-05-27 09:44:02,905 | INFO     |   → 772/1023: ✅ 28 взято | 🗑️ 93 мусор
2026-05-27 09:44:02,905 | INFO     |   → 773/1023: ✅ 0 взято | 🗑️ 0 мусор
2026-05-27 09:44:02,905 | INFO     |   → 774/1023: ✅ 15 взято | 🗑️ 70 мусор
2026-05-27 09:44:02,905 | INFO     |   → 775/1023: ✅ 127 взято | 🗑️ 492 мусор
2026-05-27 09:44:02,905 | INFO     |   → 776/1023: ✅ 331 взято | 🗑️ 190 мусор
2026-05-27 09:44:02,905 | INFO     |   → 777/1023: ✅ 27 взято | 🗑️ 937 мусор
2026-05-27 09:44:02,905 | INFO     |   → 778/1023 ❌ HTTP 404 — https://raw.githubusercontent.com/obscure1990/freeVM/master/snippets/nodes.yml
2026-05-27 09:44:02,905 | INFO     |   → 779/1023 ❌ HTTP 404 — https://raw.githubusercontent.com/op30mmd/things/909b38024ba14d69dc0f95c238f63bc6e930a00f/eut.txt
2026-05-27 09:44:02,905 | INFO     |   → 780/1023 ❌ HTTP 404 — https://raw.githubusercontent.com/openRunner/clash-freenode/main/v2ray.txt
2026-05-27 09:44:02,905 | INFO     |   → 781/1023 ❌ HTTP 404 — https://raw.githubusercontent.com/oslook/clash-freenode/main/clash.yaml
2026-05-27 09:44:02,905 | INFO     |   → 782/1023: ✅ 0 взято | 🗑️ 0 мусор
2026-05-27 09:44:02,905 | INFO     |   → 783/1023: ✅ 4 взято | 🗑️ 1 мусор
2026-05-27 09:44:02,905 | INFO     |   → 784/1023: ✅ 0 взято | 🗑️ 0 мусор
2026-05-27 09:44:02,905 | INFO     |   → 785/1023: ✅ 40 взято | 🗑️ 145 мусор
2026-05-27 09:44:02,905 | INFO     |   → 786/1023: ✅ 0 взято | 🗑️ 0 мусор
2026-05-27 09:44:02,905 | INFO     |   → 787/1023: ✅ 0 взято | 🗑️ 0 мусор
2026-05-27 09:44:02,905 | INFO     |   → 788/1023: ✅ 0 взято | 🗑️ 19 мусор
2026-05-27 09:44:02,905 | INFO     |   → 789/1023: ✅ 0 взято | 🗑️ 44 мусор
2026-05-27 09:44:02,905 | INFO     |   → 790/1023: ✅ 63 взято | 🗑️ 521 мусор
2026-05-27 09:44:02,905 | INFO     |   → 791/1023: ✅ 165 взято | 🗑️ 273 мусор
2026-05-27 09:44:02,905 | INFO     |   → 792/1023: ✅ 0 взято | 🗑️ 0 мусор
2026-05-27 09:44:02,905 | INFO     |   → 793/1023: ✅ 28 взято | 🗑️ 211 мусор
2026-05-27 09:44:02,905 | INFO     |   → 794/1023: ✅ 0 взято | 🗑️ 79 мусор
2026-05-27 09:44:02,905 | INFO     |   → 795/1023: ✅ 13 взято | 🗑️ 32 мусор
2026-05-27 09:44:02,905 | INFO     |   → 796/1023: ✅ 0 взято | 🗑️ 0 мусор
2026-05-27 09:44:02,905 | INFO     |   → 797/1023: ✅ 2 взято | 🗑️ 9 мусор
2026-05-27 09:44:02,905 | INFO     |   → 798/1023: ✅ 11 взято | 🗑️ 76 мусор
2026-05-27 09:44:02,905 | INFO     |   → 799/1023: ✅ 0 взято | 🗑️ 168 мусор
2026-05-27 09:44:02,905 | INFO     |   → 800/1023: ✅ 0 взято | 🗑️ 79 мусор
2026-05-27 09:44:02,905 | INFO     |   → 801/1023: ✅ 0 взято | 🗑️ 16 мусор
2026-05-27 09:44:02,905 | INFO     |   → 802/1023 ❌ HTTP 404 — https://raw.githubusercontent.com/ronghuaxueleng/get_v2/main/pub/changfengoss.yaml
2026-05-27 09:44:02,905 | INFO     |   → 803/1023: ✅ 0 взято | 🗑️ 0 мусор
2026-05-27 09:44:02,905 | INFO     |   → 804/1023: ✅ 43 взято | 🗑️ 106 мусор
2026-05-27 09:44:02,905 | INFO     |   → 805/1023: ✅ 0 взято | 🗑️ 106 мусор
2026-05-27 09:44:02,905 | INFO     |   → 806/1023 ❌ HTTP 404 — https://raw.githubusercontent.com/rxsweet/CM_Vmess/refs/heads/main/test.txt
2026-05-27 09:44:02,905 | INFO     |   → 807/1023 ❌ HTTP 404 — https://raw.githubusercontent.com/rxsweet/proxies/main/sub/free.yaml
2026-05-27 09:44:02,905 | INFO     |   → 808/1023 ❌ HTTP 404 — https://raw.githubusercontent.com/rxsweet/proxies/main/sub/rx.yaml
2026-05-27 09:44:02,905 | INFO     |   → 809/1023 ❌ HTTP 404 — https://raw.githubusercontent.com/rxsweet/proxies/main/sub/sources/dynamicAll.yaml
2026-05-27 09:44:02,905 | INFO     |   → 810/1023 ❌ HTTP 404 — https://raw.githubusercontent.com/rxsweet/proxies/main/sub/sources/miningAll.yaml
2026-05-27 09:44:02,905 | INFO     |   → 811/1023 ❌ HTTP 404 — https://raw.githubusercontent.com/rxsweet/proxies/main/sub/srx.yaml
2026-05-27 09:44:02,905 | INFO     |   → 812/1023 ❌ HTTP 404 — https://raw.githubusercontent.com/sajad-sajadi/V2ray-Collector/raw/main/output/protocols/vmess.txt
2026-05-27 09:44:02,906 | INFO     |   → 813/1023 ❌ HTTP 404 — https://raw.githubusercontent.com/sakha1370/OpenRay/raw/refs/heads/main/output/all_valid_proxies.txt
2026-05-27 09:44:02,906 | INFO     |   → 814/1023: ✅ 53 взято | 🗑️ 399 мусор
2026-05-27 09:44:02,906 | INFO     |   → 815/1023: ✅ 0 взято | 🗑️ 399 мусор
2026-05-27 09:44:02,906 | INFO     |   → 816/1023 ❌ HTTP 404 — https://raw.githubusercontent.com/samjoeyang/subscribe/main/fly
2026-05-27 09:44:02,906 | INFO     |   → 817/1023: ✅ 0 взято | 🗑️ 0 мусор
2026-05-27 09:44:02,906 | INFO     |   → 818/1023 ❌ HTTP 404 — https://raw.githubusercontent.com/sarina-ad/v2ray/main/v2ray
2026-05-27 09:44:02,906 | INFO     |   → 819/1023 ❌ HTTP 404 — https://raw.githubusercontent.com/satrom/V2SSR/master/SSR/Sub.txt
2026-05-27 09:44:02,906 | INFO     |   → 820/1023 ❌ HTTP 404 — https://raw.githubusercontent.com/satrom/V2SSR/master/V2RAY/Sub.txt
2026-05-27 09:44:02,906 | INFO     |   → 821/1023: ✅ 2985 взято | 🗑️ 72730 мусор
2026-05-27 09:44:02,906 | INFO     |   → 822/1023: ✅ 0 взято | 🗑️ 0 мусор
2026-05-27 09:44:02,906 | INFO     |   → 823/1023: ✅ 0 взято | 🗑️ 0 мусор
2026-05-27 09:44:02,906 | INFO     |   → 824/1023: ✅ 3 взято | 🗑️ 49 мусор
2026-05-27 09:44:02,906 | INFO     |   → 825/1023: ✅ 170 взято | 🗑️ 1177 мусор
2026-05-27 09:44:02,906 | INFO     |   → 826/1023: ✅ 0 взято | 🗑️ 575 мусор
2026-05-27 09:44:02,906 | INFO     |   → 827/1023: ✅ 0 взято | 🗑️ 74 мусор
2026-05-27 09:44:02,906 | INFO     |   → 828/1023: ✅ 0 взято | 🗑️ 506 мусор
2026-05-27 09:44:02,906 | INFO     |   → 829/1023: ✅ 0 взято | 🗑️ 22 мусор
2026-05-27 09:44:02,906 | INFO     |   → 830/1023: ✅ 0 взято | 🗑️ 1177 мусор
2026-05-27 09:44:02,906 | INFO     |   → 831/1023: ✅ 0 взято | 🗑️ 0 мусор
2026-05-27 09:44:02,906 | INFO     |   → 832/1023 ❌ HTTP 404 — https://raw.githubusercontent.com/shirkerboy/scp/main/sub
2026-05-27 09:44:02,906 | INFO     |   → 833/1023 ❌ HTTP 404 — https://raw.githubusercontent.com/snakem982/proxypool/main/nodelist.txt
2026-05-27 09:44:02,906 | INFO     |   → 834/1023: ✅ 0 взято | 🗑️ 3 мусор
2026-05-27 09:44:02,906 | INFO     |   → 835/1023 ❌ HTTP 404 — https://raw.githubusercontent.com/snakem982/proxypool/main/source/v2ray.txt
2026-05-27 09:44:02,906 | INFO     |   → 836/1023 ❌ HTTP 404 — https://raw.githubusercontent.com/soroushmirzaei/telegram-configs-collector/main/channels/protocols/hysteria
2026-05-27 09:44:02,906 | INFO     |   → 837/1023 ❌ HTTP 404 — https://raw.githubusercontent.com/soroushmirzaei/telegram-configs-collector/main/channels/protocols/juicity
2026-05-27 09:44:02,906 | INFO     |   → 838/1023 ❌ HTTP 404 — https://raw.githubusercontent.com/soroushmirzaei/telegram-configs-collector/main/channels/protocols/reality
2026-05-27 09:44:02,906 | INFO     |   → 839/1023 ❌ HTTP 404 — https://raw.githubusercontent.com/soroushmirzaei/telegram-configs-collector/main/channels/protocols/shadowsocks
2026-05-27 09:44:02,906 | INFO     |   → 840/1023 ❌ HTTP 404 — https://raw.githubusercontent.com/soroushmirzaei/telegram-configs-collector/main/channels/protocols/trojan
2026-05-27 09:44:02,906 | INFO     |   → 841/1023 ❌ HTTP 404 — https://raw.githubusercontent.com/soroushmirzaei/telegram-configs-collector/main/channels/protocols/tuic
2026-05-27 09:44:02,907 | INFO     |   → 842/1023 ❌ HTTP 404 — https://raw.githubusercontent.com/soroushmirzaei/telegram-configs-collector/main/channels/protocols/vless
2026-05-27 09:44:02,907 | INFO     |   → 843/1023 ❌ HTTP 404 — https://raw.githubusercontent.com/soroushmirzaei/telegram-configs-collector/main/channels/protocols/vmess
2026-05-27 09:44:02,907 | INFO     |   → 844/1023 ❌ HTTP 404 — https://raw.githubusercontent.com/soroushmirzaei/telegram-configs-collector/main/countries/jp/mixed
2026-05-27 09:44:02,907 | INFO     |   → 845/1023 ❌ HTTP 404 — https://raw.githubusercontent.com/soroushmirzaei/telegram-configs-collector/main/protocols/hysteria
2026-05-27 09:44:02,907 | INFO     |   → 846/1023 ❌ HTTP 404 — https://raw.githubusercontent.com/soroushmirzaei/telegram-configs-collector/main/protocols/juicity
2026-05-27 09:44:02,907 | INFO     |   → 847/1023 ❌ HTTP 404 — https://raw.githubusercontent.com/soroushmirzaei/telegram-configs-collector/main/protocols/reality
2026-05-27 09:44:02,907 | INFO     |   → 848/1023 ❌ HTTP 404 — https://raw.githubusercontent.com/soroushmirzaei/telegram-configs-collector/main/protocols/shadowsocks
2026-05-27 09:44:02,907 | INFO     |   → 849/1023 ❌ HTTP 404 — https://raw.githubusercontent.com/soroushmirzaei/telegram-configs-collector/main/protocols/trojan
2026-05-27 09:44:02,907 | INFO     |   → 850/1023 ❌ HTTP 404 — https://raw.githubusercontent.com/soroushmirzaei/telegram-configs-collector/main/protocols/tuic
2026-05-27 09:44:02,907 | INFO     |   → 851/1023 ❌ HTTP 404 — https://raw.githubusercontent.com/soroushmirzaei/telegram-configs-collector/main/protocols/vless
2026-05-27 09:44:02,907 | INFO     |   → 852/1023 ❌ HTTP 404 — https://raw.githubusercontent.com/soroushmirzaei/telegram-configs-collector/main/protocols/vmess
2026-05-27 09:44:02,907 | INFO     |   → 853/1023 ❌ HTTP 404 — https://raw.githubusercontent.com/soroushmirzaei/telegram-configs-collector/main/splitted/subscribe
2026-05-27 09:44:02,907 | INFO     |   → 854/1023 ❌ HTTP 404 — https://raw.githubusercontent.com/ssrsub/ssr/master/Clash.yml
2026-05-27 09:44:02,907 | INFO     |   → 855/1023 ❌ HTTP 404 — https://raw.githubusercontent.com/ssrsub/ssr/master/V2Ray
2026-05-27 09:44:02,907 | INFO     |   → 856/1023 ❌ HTTP 404 — https://raw.githubusercontent.com/ssrsub/ssr/master/ss-sub
2026-05-27 09:44:02,907 | INFO     |   → 857/1023 ❌ HTTP 404 — https://raw.githubusercontent.com/ssrsub/ssr/master/ssrsub
2026-05-27 09:44:02,907 | INFO     |   → 858/1023 ❌ HTTP 404 — https://raw.githubusercontent.com/ssrsub/ssr/master/trojan
2026-05-27 09:44:02,907 | INFO     |   → 859/1023: ✅ 0 взято | 🗑️ 0 мусор
2026-05-27 09:44:02,907 | INFO     |   → 860/1023: ✅ 2 взято | 🗑️ 12 мусор
2026-05-27 09:44:02,907 | INFO     |   → 861/1023: ✅ 0 взято | 🗑️ 13 мусор
2026-05-27 09:44:02,907 | INFO     |   → 862/1023: ✅ 0 взято | 🗑️ 13 мусор
2026-05-27 09:44:02,907 | INFO     |   → 863/1023 ❌ HTTP 404 — https://raw.githubusercontent.com/tbbatbb/Proxy/master/dist/clash.config.yaml
2026-05-27 09:44:02,907 | INFO     |   → 864/1023: ✅ 2 взято | 🗑️ 35 мусор
2026-05-27 09:44:02,907 | INFO     |   → 865/1023: ✅ 0 взято | 🗑️ 0 мусор
2026-05-27 09:44:02,907 | INFO     |   → 866/1023: ✅ 5 взято | 🗑️ 111 мусор
2026-05-27 09:44:02,907 | INFO     |   → 867/1023: ✅ 0 взято | 🗑️ 0 мусор
2026-05-27 09:44:02,907 | INFO     |   → 868/1023: ✅ 0 взято | 🗑️ 82 мусор
2026-05-27 09:44:02,907 | INFO     |   → 869/1023 ❌ HTTP 404 — https://raw.githubusercontent.com/v2clash/Autoproxy/a81f840ab2364124133572ec94e4b81fb0d4e58d/sub/2401/240104.txt
2026-05-27 09:44:02,907 | INFO     |   → 870/1023 ❌ HTTP 404 — https://raw.githubusercontent.com/v2clash/V2ray-Configs/31f493c584d0c7b56350f4a34d80c53ad82bcc18/Sub9.txt
2026-05-27 09:44:02,907 | INFO     |   → 871/1023: ✅ 0 взято | 🗑️ 0 мусор
2026-05-27 09:44:02,907 | INFO     |   → 872/1023: ✅ 0 взято | 🗑️ 0 мусор
2026-05-27 09:44:02,908 | INFO     |   → 873/1023: ✅ 0 взято | 🗑️ 0 мусор
2026-05-27 09:44:02,908 | INFO     |   → 874/1023: ✅ 283 взято | 🗑️ 9640 мусор
2026-05-27 09:44:02,908 | INFO     |   → 875/1023: ✅ 281 взято | 🗑️ 10086 мусор
2026-05-27 09:44:02,908 | INFO     |   → 876/1023: ✅ 280 взято | 🗑️ 9675 мусор
2026-05-27 09:44:02,908 | INFO     |   → 877/1023: ✅ 334 взято | 🗑️ 9823 мусор
2026-05-27 09:44:02,908 | INFO     |   → 878/1023: ✅ 350 взято | 🗑️ 9639 мусор
2026-05-27 09:44:02,908 | INFO     |   → 879/1023: ✅ 125 взято | 🗑️ 7919 мусор
2026-05-27 09:44:02,908 | INFO     |   → 880/1023: ✅ 135 взято | 🗑️ 4836 мусор
2026-05-27 09:44:02,908 | INFO     |   → 881/1023: ✅ 502 взято | 🗑️ 7659 мусор
2026-05-27 09:44:02,908 | INFO     |   → 882/1023: ✅ 631 взято | 🗑️ 8081 мусор
2026-05-27 09:44:02,908 | INFO     |   → 883/1023: ✅ 202 взято | 🗑️ 5131 мусор
2026-05-27 09:44:02,908 | INFO     |   → 884/1023 ❌ HTTP 404 — https://raw.githubusercontent.com/vveg26/chromego_merge/main/sub/merged_proxies.yaml
2026-05-27 09:44:02,908 | INFO     |   → 885/1023 ❌ HTTP 404 — https://raw.githubusercontent.com/vveg26/get_proxy/main/dist/clash.config.yaml
2026-05-27 09:44:02,908 | INFO     |   → 886/1023: ✅ 0 взято | 🗑️ 10 мусор
2026-05-27 09:44:02,908 | INFO     |   → 887/1023: ✅ 0 взято | 🗑️ 10 мусор
2026-05-27 09:44:02,908 | INFO     |   → 888/1023: ✅ 0 взято | 🗑️ 4 мусор
2026-05-27 09:44:02,908 | INFO     |   → 889/1023: ✅ 0 взято | 🗑️ 0 мусор
2026-05-27 09:44:02,908 | INFO     |   → 890/1023: ✅ 0 взято | 🗑️ 4 мусор
2026-05-27 09:44:02,908 | INFO     |   → 891/1023: ✅ 106 взято | 🗑️ 689 мусор
2026-05-27 09:44:02,908 | INFO     |   → 892/1023: ✅ 48 взято | 🗑️ 841 мусор
2026-05-27 09:44:02,908 | INFO     |   → 893/1023: ✅ 21 взято | 🗑️ 789 мусор
2026-05-27 09:44:02,908 | INFO     |   → 894/1023: ✅ 24 взято | 🗑️ 774 мусор
2026-05-27 09:44:02,908 | INFO     |   → 895/1023: ✅ 52 взято | 🗑️ 756 мусор
2026-05-27 09:44:02,908 | INFO     |   → 896/1023: ✅ 191 взято | 🗑️ 745 мусор
2026-05-27 09:44:02,908 | INFO     |   → 897/1023: ✅ 9 взято | 🗑️ 651 мусор
2026-05-27 09:44:02,908 | INFO     |   → 898/1023: ✅ 185 взято | 🗑️ 388 мусор
2026-05-27 09:44:02,908 | INFO     |   → 899/1023: ✅ 130 взято | 🗑️ 523 мусор
2026-05-27 09:44:02,908 | INFO     |   → 900/1023: ✅ 67 взято | 🗑️ 533 мусор
2026-05-27 09:44:02,908 | INFO     |   → 901/1023: ✅ 98 взято | 🗑️ 444 мусор
2026-05-27 09:44:02,908 | INFO     |   → 902/1023: ✅ 102 взято | 🗑️ 670 мусор
2026-05-27 09:44:02,909 | INFO     |   → 903/1023: ✅ 86 взято | 🗑️ 476 мусор
2026-05-27 09:44:02,909 | INFO     |   → 904/1023: ✅ 95 взято | 🗑️ 657 мусор
2026-05-27 09:44:02,909 | INFO     |   → 905/1023: ✅ 105 взято | 🗑️ 645 мусор
2026-05-27 09:44:02,909 | INFO     |   → 906/1023: ✅ 115 взято | 🗑️ 985 мусор
2026-05-27 09:44:02,909 | INFO     |   → 907/1023: ✅ 6 взято | 🗑️ 63 мусор
2026-05-27 09:44:02,909 | INFO     |   → 908/1023: ✅ 7 взято | 🗑️ 62 мусор
2026-05-27 09:44:02,909 | INFO     |   → 909/1023: ✅ 39 взято | 🗑️ 489 мусор
2026-05-27 09:44:02,909 | INFO     |   → 910/1023: ✅ 0 взято | 🗑️ 0 мусор
2026-05-27 09:44:02,909 | INFO     |   → 911/1023: ✅ 0 взято | 🗑️ 0 мусор
2026-05-27 09:44:02,909 | INFO     |   → 912/1023: ✅ 0 взято | 🗑️ 0 мусор
2026-05-27 09:44:02,909 | INFO     |   → 913/1023: ✅ 0 взято | 🗑️ 0 мусор
2026-05-27 09:44:02,909 | INFO     |   → 914/1023: ✅ 0 взято | 🗑️ 0 мусор
2026-05-27 09:44:02,909 | INFO     |   → 915/1023: ✅ 0 взято | 🗑️ 52 мусор
2026-05-27 09:44:02,909 | INFO     |   → 916/1023: ✅ 5 взято | 🗑️ 10 мусор
2026-05-27 09:44:02,909 | INFO     |   → 917/1023: ✅ 1 взято | 🗑️ 124 мусор
2026-05-27 09:44:02,909 | INFO     |   → 918/1023: ✅ 113 взято | 🗑️ 89 мусор
2026-05-27 09:44:02,909 | INFO     |   → 919/1023: ✅ 0 взято | 🗑️ 9 мусор
2026-05-27 09:44:02,909 | INFO     |   → 920/1023: ✅ 63 взято | 🗑️ 1579 мусор
2026-05-27 09:44:02,909 | INFO     |   → 921/1023 ❌ HTTP 404 — https://raw.githubusercontent.com/xiaozhu2007/xiaozhu2007/61a755a044dbaeea678bc2d1e20f21a21c6d7170/docs/fxxk.txt
2026-05-27 09:44:02,909 | INFO     |   → 922/1023: ✅ 1 взято | 🗑️ 159 мусор
2026-05-27 09:44:02,909 | INFO     |   → 923/1023: ✅ 0 взято | 🗑️ 22 мусор
2026-05-27 09:44:02,909 | INFO     |   → 924/1023: ✅ 0 взято | 🗑️ 0 мусор
2026-05-27 09:44:02,909 | INFO     |   → 925/1023 ❌ HTTP 404 — https://raw.githubusercontent.com/yebekhe/TVC/0f745f92bf381e505f1245abbc7c145b19b11503/config.txt
2026-05-27 09:44:02,909 | INFO     |   → 926/1023 ❌ HTTP 404 — https://raw.githubusercontent.com/yebekhe/TVC/9fac69239c69327fb7a61f5a8d79d107133889e1/lite/config.txt
2026-05-27 09:44:02,909 | INFO     |   → 927/1023 ❌ HTTP 404 — https://raw.githubusercontent.com/yebekhe/TelegramV2rayCollector/main/sub/normal/donated
2026-05-27 09:44:02,909 | INFO     |   → 928/1023 ❌ HTTP 404 — https://raw.githubusercontent.com/yebekhe/TelegramV2rayCollector/main/sub/normal/hysteria2
2026-05-27 09:44:02,909 | INFO     |   → 929/1023 ❌ HTTP 404 — https://raw.githubusercontent.com/yebekhe/TelegramV2rayCollector/main/sub/normal/mix
2026-05-27 09:44:02,909 | INFO     |   → 930/1023 ❌ HTTP 404 — https://raw.githubusercontent.com/yebekhe/TelegramV2rayCollector/main/sub/normal/reality
2026-05-27 09:44:02,909 | INFO     |   → 931/1023 ❌ HTTP 404 — https://raw.githubusercontent.com/yebekhe/TelegramV2rayCollector/main/sub/normal/shadowsocks
2026-05-27 09:44:02,909 | INFO     |   → 932/1023 ❌ HTTP 404 — https://raw.githubusercontent.com/yebekhe/TelegramV2rayCollector/main/sub/normal/trojan
2026-05-27 09:44:02,909 | INFO     |   → 933/1023 ❌ HTTP 404 — https://raw.githubusercontent.com/yebekhe/TelegramV2rayCollector/main/sub/normal/tuic
2026-05-27 09:44:02,909 | INFO     |   → 934/1023 ❌ HTTP 404 — https://raw.githubusercontent.com/yebekhe/TelegramV2rayCollector/main/sub/normal/vless
2026-05-27 09:44:02,910 | INFO     |   → 935/1023 ❌ HTTP 404 — https://raw.githubusercontent.com/yebekhe/TelegramV2rayCollector/main/sub/normal/vmess
2026-05-27 09:44:02,910 | INFO     |   → 936/1023 ❌ HTTP 404 — https://raw.githubusercontent.com/yebekhe/V2Hub/main/Split/Normal/shadowsocks
2026-05-27 09:44:02,910 | INFO     |   → 937/1023 ❌ HTTP 404 — https://raw.githubusercontent.com/yebekhe/V2Hub/main/merged
2026-05-27 09:44:02,910 | INFO     |   → 938/1023: ✅ 0 взято | 🗑️ 30 мусор
2026-05-27 09:44:02,910 | INFO     |   → 939/1023: ✅ 948 взято | 🗑️ 8470 мусор
2026-05-27 09:44:02,910 | INFO     |   → 940/1023: ✅ 12 взято | 🗑️ 633 мусор
2026-05-27 09:44:02,910 | INFO     |   → 941/1023: ✅ 8 взято | 🗑️ 287 мусор
2026-05-27 09:44:02,910 | INFO     |   → 942/1023: ✅ 305 взято | 🗑️ 322 мусор
2026-05-27 09:44:02,910 | INFO     |   → 943/1023: ✅ 116 взято | 🗑️ 1452 мусор
2026-05-27 09:44:02,910 | INFO     |   → 944/1023: ✅ 2 взято | 🗑️ 401 мусор
2026-05-27 09:44:02,910 | INFO     |   → 945/1023 ❌ HTTP 404 — https://raw.githubusercontent.com/yyyr-otz/tele-providers-collector/019cb3e07ee52fddbc7caa54fc670c6b9bae6539/sub/proxies.txt
2026-05-27 09:44:02,910 | INFO     |   → 946/1023 ❌ HTTP 404 — https://raw.githubusercontent.com/yyyr-otz/tele-providers-collector/b7a74ee98bcf02c5a507d688a1bed3aa9f7f4ed1/script/raw/protocols/mixed.txt
2026-05-27 09:44:02,910 | INFO     |   → 947/1023: ✅ 0 взято | 🗑️ 0 мусор
2026-05-27 09:44:02,910 | INFO     |   → 948/1023: ✅ 0 взято | 🗑️ 0 мусор
2026-05-27 09:44:02,910 | INFO     |   → 949/1023: ✅ 1 взято | 🗑️ 18 мусор
2026-05-27 09:44:02,910 | INFO     |   → 950/1023: ✅ 0 взято | 🗑️ 6 мусор
2026-05-27 09:44:02,910 | INFO     |   → 951/1023: ✅ 0 взято | 🗑️ 5 мусор
2026-05-27 09:44:02,910 | INFO     |   → 952/1023: ✅ 0 взято | 🗑️ 0 мусор
2026-05-27 09:44:02,910 | INFO     |   → 953/1023 ⚠️ Ошибка: ('Connection aborted.', RemoteDisconnected('Remote end closed connection without response')) — https://sub.pmsub.me/clash.yaml
2026-05-27 09:44:02,910 | INFO     |   → 954/1023: ✅ 0 взято | 🗑️ 1 мусор
2026-05-27 09:44:02,910 | INFO     |   → 955/1023: ✅ 8 взято | 🗑️ 21 мусор
2026-05-27 09:44:02,910 | INFO     |   → 956/1023: ✅ 0 взято | 🗑️ 0 мусор
2026-05-27 09:44:02,910 | INFO     |   → 957/1023: ✅ 9 взято | 🗑️ 19 мусор
2026-05-27 09:44:02,910 | INFO     |   → 958/1023: ✅ 0 взято | 🗑️ 0 мусор
2026-05-27 09:44:02,910 | INFO     |   → 959/1023: ✅ 2 взято | 🗑️ 14 мусор
2026-05-27 09:44:02,910 | INFO     |   → 960/1023: ✅ 4 взято | 🗑️ 22 мусор
2026-05-27 09:44:02,910 | INFO     |   → 961/1023: ✅ 0 взято | 🗑️ 0 мусор
2026-05-27 09:44:02,910 | INFO     |   → 962/1023: ✅ 0 взято | 🗑️ 0 мусор
2026-05-27 09:44:02,910 | INFO     |   → 963/1023: ✅ 0 взято | 🗑️ 0 мусор
2026-05-27 09:44:02,910 | INFO     |   → 964/1023: ✅ 2 взято | 🗑️ 16 мусор
2026-05-27 09:44:02,911 | INFO     |   → 965/1023: ✅ 0 взято | 🗑️ 0 мусор
2026-05-27 09:44:02,911 | INFO     |   → 966/1023: ✅ 4 взято | 🗑️ 7 мусор
2026-05-27 09:44:02,911 | INFO     |   → 967/1023: ✅ 0 взято | 🗑️ 0 мусор
2026-05-27 09:44:02,911 | INFO     |   → 968/1023: ✅ 6 взято | 🗑️ 14 мусор
2026-05-27 09:44:02,911 | INFO     |   → 969/1023: ✅ 0 взято | 🗑️ 0 мусор
2026-05-27 09:44:02,911 | INFO     |   → 970/1023: ✅ 2 взято | 🗑️ 13 мусор
2026-05-27 09:44:02,911 | INFO     |   → 971/1023: ✅ 0 взято | 🗑️ 0 мусор
2026-05-27 09:44:02,911 | INFO     |   → 972/1023: ✅ 0 взято | 🗑️ 0 мусор
2026-05-27 09:44:02,911 | INFO     |   → 973/1023: ✅ 2 взято | 🗑️ 7 мусор
2026-05-27 09:44:02,911 | INFO     |   → 974/1023: ✅ 1 взято | 🗑️ 14 мусор
2026-05-27 09:44:02,911 | INFO     |   → 975/1023: ✅ 2 взято | 🗑️ 14 мусор
2026-05-27 09:44:02,911 | INFO     |   → 976/1023: ✅ 0 взято | 🗑️ 0 мусор
2026-05-27 09:44:02,911 | INFO     |   → 977/1023: ✅ 3 взято | 🗑️ 22 мусор
2026-05-27 09:44:02,911 | INFO     |   → 978/1023: ✅ 0 взято | 🗑️ 0 мусор
2026-05-27 09:44:02,911 | INFO     |   → 979/1023: ✅ 2 взято | 🗑️ 15 мусор
2026-05-27 09:44:02,911 | INFO     |   → 980/1023: ✅ 3 взято | 🗑️ 12 мусор
2026-05-27 09:44:02,911 | INFO     |   → 981/1023: ✅ 0 взято | 🗑️ 0 мусор
2026-05-27 09:44:02,911 | INFO     |   → 982/1023: ✅ 0 взято | 🗑️ 0 мусор
2026-05-27 09:44:02,911 | INFO     |   → 983/1023: ✅ 0 взято | 🗑️ 0 мусор
2026-05-27 09:44:02,911 | INFO     |   → 984/1023: ✅ 4 взято | 🗑️ 11 мусор
2026-05-27 09:44:02,911 | INFO     |   → 985/1023: ✅ 10 взято | 🗑️ 15 мусор
2026-05-27 09:44:02,911 | INFO     |   → 986/1023: ✅ 0 взято | 🗑️ 0 мусор
2026-05-27 09:44:02,911 | INFO     |   → 987/1023: ✅ 13 взято | 🗑️ 15 мусор
2026-05-27 09:44:02,911 | INFO     |   → 988/1023: ✅ 0 взято | 🗑️ 0 мусор
2026-05-27 09:44:02,911 | INFO     |   → 989/1023: ✅ 5 взято | 🗑️ 15 мусор
2026-05-27 09:44:02,911 | INFO     |   → 990/1023: ✅ 0 взято | 🗑️ 0 мусор
2026-05-27 09:44:02,911 | INFO     |   → 991/1023: ✅ 8 взято | 🗑️ 16 мусор
2026-05-27 09:44:02,911 | INFO     |   → 992/1023: ✅ 0 взято | 🗑️ 0 мусор
2026-05-27 09:44:02,911 | INFO     |   → 993/1023: ✅ 0 взято | 🗑️ 24 мусор
2026-05-27 09:44:02,911 | INFO     |   → 994/1023: ✅ 0 взято | 🗑️ 0 мусор
2026-05-27 09:44:02,911 | INFO     |   → 995/1023: ✅ 4 взято | 🗑️ 17 мусор
2026-05-27 09:44:02,912 | INFO     |   → 996/1023: ✅ 0 взято | 🗑️ 0 мусор
2026-05-27 09:44:02,912 | INFO     |   → 997/1023: ✅ 12 взято | 🗑️ 18 мусор
2026-05-27 09:44:02,912 | INFO     |   → 998/1023: ✅ 0 взято | 🗑️ 0 мусор
2026-05-27 09:44:02,912 | INFO     |   → 999/1023: ✅ 2 взято | 🗑️ 17 мусор
2026-05-27 09:44:02,912 | INFO     |   → 1000/1023: ✅ 0 взято | 🗑️ 0 мусор
2026-05-27 09:44:02,912 | INFO     |   → 1001/1023: ✅ 1 взято | 🗑️ 27 мусор
2026-05-27 09:44:02,912 | INFO     |   → 1002/1023: ✅ 0 взято | 🗑️ 0 мусор
2026-05-27 09:44:02,912 | INFO     |   → 1003/1023: ✅ 4 взято | 🗑️ 15 мусор
2026-05-27 09:44:02,912 | INFO     |   → 1004/1023: ✅ 0 взято | 🗑️ 0 мусор
2026-05-27 09:44:02,912 | INFO     |   → 1005/1023: ✅ 4 взято | 🗑️ 26 мусор
2026-05-27 09:44:02,912 | INFO     |   → 1006/1023: ✅ 0 взято | 🗑️ 0 мусор
2026-05-27 09:44:02,912 | INFO     |   → 1007/1023: ✅ 3 взято | 🗑️ 21 мусор
2026-05-27 09:44:02,912 | INFO     |   → 1008/1023: ✅ 0 взято | 🗑️ 0 мусор
2026-05-27 09:44:02,912 | INFO     |   → 1009/1023: ✅ 8 взято | 🗑️ 12 мусор
2026-05-27 09:44:02,912 | INFO     |   → 1010/1023: ✅ 0 взято | 🗑️ 0 мусор
2026-05-27 09:44:02,912 | INFO     |   → 1011/1023: ✅ 8 взято | 🗑️ 15 мусор
2026-05-27 09:44:02,912 | INFO     |   → 1012/1023: ✅ 0 взято | 🗑️ 0 мусор
2026-05-27 09:44:02,912 | INFO     |   → 1013/1023: ✅ 10 взято | 🗑️ 14 мусор
2026-05-27 09:44:02,912 | INFO     |   → 1014/1023: ✅ 0 взято | 🗑️ 0 мусор
2026-05-27 09:44:02,912 | INFO     |   → 1015/1023: ✅ 5 взято | 🗑️ 18 мусор
2026-05-27 09:44:02,912 | INFO     |   → 1016/1023: ✅ 0 взято | 🗑️ 0 мусор
2026-05-27 09:44:02,912 | INFO     |   → 1017/1023: ✅ 5 взято | 🗑️ 22 мусор
2026-05-27 09:44:02,912 | INFO     |   → 1018/1023: ✅ 0 взято | 🗑️ 0 мусор
2026-05-27 09:44:02,912 | INFO     |   → 1019/1023: ✅ 5 взято | 🗑️ 18 мусор
2026-05-27 09:44:02,912 | INFO     |   → 1020/1023: ✅ 0 взято | 🗑️ 0 мусор
2026-05-27 09:44:02,912 | INFO     |   → 1021/1023: ✅ 1 взято | 🗑️ 23 мусор
2026-05-27 09:44:02,912 | INFO     |   → 1022/1023: ✅ 0 взято | 🗑️ 0 мусор
2026-05-27 09:44:02,912 | INFO     |   → 1023/1023: ✅ 0 взято | 🗑️ 23 мусор
2026-05-27 09:44:02,912 | INFO     |   → ✅ ГОТОВО!
2026-05-27 09:44:02,913 | INFO     |   →    📥 Всего ключей после фильтра: 23842
2026-05-27 09:44:02,913 | INFO     |   →    🔗 Уникальных IP:PORT:SCHEME: 11223
2026-05-27 09:44:02,913 | INFO     |   →    🗑️ Выброшено мусора: 444598
2026-05-27 09:44:02,913 | INFO     |   → 📊 По протоколам:
2026-05-27 09:44:02,913 | INFO     |   →    vless: 4113
2026-05-27 09:44:02,913 | INFO     |   →    vmess: 3696
2026-05-27 09:44:02,913 | INFO     |   →    trojan: 1359
2026-05-27 09:44:02,913 | INFO     |   →    ss: 1901
2026-05-27 09:44:02,913 | INFO     |   →    hysteria: 13
2026-05-27 09:44:02,913 | INFO     |   →    hysteria2: 30
2026-05-27 09:44:02,913 | INFO     |   →    hy2: 59
2026-05-27 09:44:02,913 | INFO     |   →    tuic: 52
2026-05-27 09:44:02,913 | INFO     | ✅ mirror.py завершён успешно
2026-05-27 09:44:02,913 | INFO     | 
2026-05-27 09:44:02,913 | INFO     | 
2026-05-27 09:44:02,913 | INFO     | ──────────────────────────────────────────────────────────────────────
2026-05-27 09:44:02,913 | INFO     | 📌 ЭТАП: Фильтрация по реальному SNI
2026-05-27 09:44:02,913 | INFO     | ──────────────────────────────────────────────────────────────────────
2026-05-27 09:44:02,913 | INFO     | 🚀 Запуск filter_ru_sni.py (Фильтр по реальному SNI (CDN+RU))...
2026-05-27 09:44:03,166 | INFO     |   → hy2.txt: 59 → 19 (SNI-filtered)
2026-05-27 09:44:03,166 | INFO     |   →   hysteria.txt: 13 → 0 (SNI-filtered)
2026-05-27 09:44:03,166 | INFO     |   →   hysteria2.txt: 30 → 5 (SNI-filtered)
2026-05-27 09:44:03,166 | INFO     |   →   ss.txt: 1901 → 0 (SNI-filtered)
2026-05-27 09:44:03,166 | INFO     |   →   trojan.txt: 1359 → 8 (SNI-filtered)
2026-05-27 09:44:03,166 | INFO     |   →   tuic.txt: 52 → 0 (SNI-filtered)
2026-05-27 09:44:03,166 | INFO     |   →   vless.txt: 4113 → 560 (SNI-filtered)
2026-05-27 09:44:03,166 | INFO     |   →   vmess.txt: 3696 → 39 (SNI-filtered)
2026-05-27 09:44:03,166 | INFO     |   → ==================================================
2026-05-27 09:44:03,166 | INFO     |   →   Всего входных:  11223
2026-05-27 09:44:03,166 | INFO     |   →   Прошли фильтр:  631
2026-05-27 09:44:03,166 | INFO     |   →   Отброшено:      10592
2026-05-27 09:44:03,166 | INFO     |   → ==================================================
2026-05-27 09:44:03,166 | INFO     |   → Готово → /home/runner/work/vpn-vless-configs-russia/vpn-vless-configs-russia/githubmirror/ru-sni
2026-05-27 09:44:03,166 | INFO     | ✅ filter_ru_sni.py завершён успешно
2026-05-27 09:44:03,166 | INFO     | 
2026-05-27 09:44:03,166 | INFO     | 
2026-05-27 09:44:03,167 | INFO     | ──────────────────────────────────────────────────────────────────────
2026-05-27 09:44:03,167 | INFO     | 📌 ЭТАП: Экспериментальный RU-SNI фильтр
2026-05-27 09:44:03,167 | INFO     | ──────────────────────────────────────────────────────────────────────
2026-05-27 09:44:03,167 | INFO     | 🚀 Запуск filter_ru_sni_local.py (Экспериментальный фильтр по RU-SNI (локальные домены))...
2026-05-27 09:44:03,338 | INFO     |   → hy2.txt: 59 → 0 (RU-SNI)
2026-05-27 09:44:03,338 | INFO     |   → hysteria.txt: 13 → 0 (RU-SNI)
2026-05-27 09:44:03,338 | INFO     |   → hysteria2.txt: 30 → 0 (RU-SNI)
2026-05-27 09:44:03,338 | INFO     |   → ss.txt: 1901 → 0 (RU-SNI)
2026-05-27 09:44:03,338 | INFO     |   → trojan.txt: 1359 → 1 (RU-SNI)
2026-05-27 09:44:03,338 | INFO     |   → tuic.txt: 52 → 0 (RU-SNI)
2026-05-27 09:44:03,338 | INFO     |   → vless.txt: 4113 → 161 (RU-SNI)
2026-05-27 09:44:03,338 | INFO     |   → vmess.txt: 3696 → 0 (RU-SNI)
2026-05-27 09:44:03,339 | INFO     |   → ==================================================
2026-05-27 09:44:03,339 | INFO     |   → Всего входных:  11223
2026-05-27 09:44:03,339 | INFO     |   → Прошли RU-SNI:  162
2026-05-27 09:44:03,339 | INFO     |   → Отброшено:      11061
2026-05-27 09:44:03,339 | INFO     |   → ==================================================
2026-05-27 09:44:03,339 | INFO     |   → Готово → /home/runner/work/vpn-vless-configs-russia/vpn-vless-configs-russia/githubmirror/ru-sni-local
2026-05-27 09:44:03,339 | INFO     | ✅ filter_ru_sni_local.py завершён успешно
2026-05-27 09:44:03,339 | INFO     | 
2026-05-27 09:44:03,339 | INFO     | 
2026-05-27 09:44:03,339 | INFO     | ──────────────────────────────────────────────────────────────────────
2026-05-27 09:44:03,339 | INFO     | 📌 ЭТАП: Сбор статистики
2026-05-27 09:44:03,339 | INFO     | ──────────────────────────────────────────────────────────────────────
2026-05-27 09:44:03,339 | INFO     | 📊 Сбор статистики...
2026-05-27 09:44:03,339 | INFO     |   📁 githubmirror/clean:
2026-05-27 09:44:03,339 | INFO     |     • hy2         :    59 конфигов
2026-05-27 09:44:03,340 | INFO     |     • hysteria    :    13 конфигов
2026-05-27 09:44:03,340 | INFO     |     • hysteria2   :    30 конфигов
2026-05-27 09:44:03,341 | INFO     |     • ss          :  1901 конфигов
2026-05-27 09:44:03,342 | INFO     |     • trojan      :  1359 конфигов
2026-05-27 09:44:03,343 | INFO     |     • tuic        :    52 конфигов
2026-05-27 09:44:03,347 | INFO     |     • vless       :  4113 конфигов
2026-05-27 09:44:03,350 | INFO     |     • vmess       :  3696 конфигов
2026-05-27 09:44:03,350 | INFO     |   📁 githubmirror/ru-sni:
2026-05-27 09:44:03,350 | INFO     |     • hy2         :    19 конфигов ( 32.2% от clean)
2026-05-27 09:44:03,350 | INFO     |     • hysteria    :     0 конфигов (  0.0% от clean)
2026-05-27 09:44:03,350 | INFO     |     • hysteria2   :     5 конфигов ( 16.7% от clean)
2026-05-27 09:44:03,350 | INFO     |     • ss          :     0 конфигов (  0.0% от clean)
2026-05-27 09:44:03,351 | INFO     |     • trojan      :     8 конфигов (  0.6% от clean)
2026-05-27 09:44:03,351 | INFO     |     • tuic        :     0 конфигов (  0.0% от clean)
2026-05-27 09:44:03,351 | INFO     |     • vless       :   560 конфигов ( 13.6% от clean)
2026-05-27 09:44:03,351 | INFO     |     • vmess       :    39 конфигов (  1.1% от clean)
2026-05-27 09:44:03,351 | INFO     | 
2026-05-27 09:44:03,351 | INFO     |   ──────────────────────────────────────────────────
2026-05-27 09:44:03,352 | INFO     |   📈 ИТОГО:
2026-05-27 09:44:03,352 | INFO     |     Clean (после geo-фильтра):    11223
2026-05-27 09:44:03,352 | INFO     |     RU-SNI (после SNI-фильтра):     631
2026-05-27 09:44:03,352 | INFO     |     Прошло фильтр:                  5.6%
2026-05-27 09:44:03,352 | INFO     |   ──────────────────────────────────────────────────
2026-05-27 09:44:03,352 | INFO     | ✅ Статистика сохранена: /home/runner/work/vpn-vless-configs-russia/vpn-vless-configs-russia/stats.json
2026-05-27 09:44:03,352 | INFO     | 
2026-05-27 09:44:03,352 | INFO     | ======================================================================
2026-05-27 09:44:03,352 | INFO     | 📊 ИТОГОВЫЙ ОТЧЁТ
2026-05-27 09:44:03,352 | INFO     | ======================================================================
2026-05-27 09:44:03,352 | INFO     |   ✅ OK         | Загрузка и geo-фильтрация
2026-05-27 09:44:03,352 | INFO     |   ✅ OK         | Фильтрация по реальному SNI
2026-05-27 09:44:03,352 | INFO     |   ✅ OK         | Экспериментальный RU-SNI фильтр
2026-05-27 09:44:03,352 | INFO     |   ✅ OK         | Сбор статистики
2026-05-27 09:44:03,352 | INFO     | ──────────────────────────────────────────────────────────────────────
2026-05-27 09:44:03,352 | INFO     | ✅ ВСЕ ЭТАПЫ УСПЕШНЫ (4/4)
2026-05-27 09:44:03,353 | INFO     | ⏰ Время завершения: 2026-05-27 09:44:03
2026-05-27 09:44:03,353 | INFO     | ======================================================================
