2026-06-14 03:01:35,703 | INFO     | ======================================================================
2026-06-14 03:01:35,703 | INFO     | 🔍 VPN KEY CHECKER - Начало проверки
2026-06-14 03:01:35,703 | INFO     | ⏰ Время старта: 2026-06-14 03:01:35
2026-06-14 03:01:35,703 | INFO     | 📂 Рабочая директория: /home/runner/work/vpn-vless-configs-russia/vpn-vless-configs-russia
2026-06-14 03:01:35,703 | INFO     | ======================================================================
2026-06-14 03:01:35,703 | INFO     | 
2026-06-14 03:01:35,703 | INFO     | 🔍 Проверка наличия скриптов...
2026-06-14 03:01:35,703 | INFO     |   ✅ mirror.py
2026-06-14 03:01:35,704 | INFO     |   ✅ filter_ru_sni.py
2026-06-14 03:01:35,704 | INFO     |   ✅ filter_ru_sni_local.py
2026-06-14 03:01:35,704 | INFO     | 
2026-06-14 03:01:35,704 | INFO     | 
2026-06-14 03:01:35,704 | INFO     | ──────────────────────────────────────────────────────────────────────
2026-06-14 03:01:35,704 | INFO     | 📌 ЭТАП: Загрузка и geo-фильтрация
2026-06-14 03:01:35,704 | INFO     | ──────────────────────────────────────────────────────────────────────
2026-06-14 03:01:35,704 | INFO     | 🚀 Запуск mirror.py (Загрузка и фильтрация по РФ/СНГ/Европа)...
2026-06-14 03:08:04,378 | INFO     |   → 🚀 Старт: всего источников (старые + новые): 1189
2026-06-14 03:08:04,378 | INFO     |   → 1/1189: ✅ 13 взято | 🗑️ 242 мусор
2026-06-14 03:08:04,378 | INFO     |   → 2/1189: ✅ 0 взято | 🗑️ 0 мусор
2026-06-14 03:08:04,378 | INFO     |   → 3/1189 ❌ HTTP 404 — https://bitbucket.org/huwo1/proxy_nodes/raw/f31ca9ec67b84071515729ff45b011b6b09c10f2/clash.yaml
2026-06-14 03:08:04,378 | INFO     |   → 4/1189 ❌ HTTP 404 — https://cdn.jsdelivr.net/gh/cry0ice/genode@main/public/all.txt
2026-06-14 03:08:04,378 | INFO     |   → 5/1189 ❌ HTTP 404 — https://cdn.jsdelivr.net/gh/cry0ice/genode@main/public/ss.txt
2026-06-14 03:08:04,378 | INFO     |   → 6/1189 ❌ HTTP 404 — https://cdn.jsdelivr.net/gh/cry0ice/genode@main/public/ssr.txt
2026-06-14 03:08:04,378 | INFO     |   → 7/1189 ❌ HTTP 404 — https://cdn.jsdelivr.net/gh/cry0ice/genode@main/public/trojan.txt
2026-06-14 03:08:04,378 | INFO     |   → 8/1189 ❌ HTTP 404 — https://cdn.jsdelivr.net/gh/cry0ice/genode@main/public/vless.txt
2026-06-14 03:08:04,378 | INFO     |   → 9/1189 ❌ HTTP 404 — https://cdn.jsdelivr.net/gh/cry0ice/genode@main/public/vmess.txt
2026-06-14 03:08:04,378 | INFO     |   → 10/1189: ✅ 0 взято | 🗑️ 0 мусор
2026-06-14 03:08:04,378 | INFO     |   → 11/1189: ✅ 0 взято | 🗑️ 0 мусор
2026-06-14 03:08:04,378 | INFO     |   → 12/1189: ✅ 0 взято | 🗑️ 0 мусор
2026-06-14 03:08:04,378 | INFO     |   → 13/1189: ✅ 0 взято | 🗑️ 0 мусор
2026-06-14 03:08:04,379 | INFO     |   → 14/1189: ✅ 0 взято | 🗑️ 0 мусор
2026-06-14 03:08:04,379 | INFO     |   → 15/1189: ✅ 0 взято | 🗑️ 0 мусор
2026-06-14 03:08:04,379 | INFO     |   → 16/1189: ✅ 0 взято | 🗑️ 0 мусор
2026-06-14 03:08:04,379 | INFO     |   → 17/1189: ✅ 0 взято | 🗑️ 0 мусор
2026-06-14 03:08:04,379 | INFO     |   → 18/1189: ✅ 0 взято | 🗑️ 0 мусор
2026-06-14 03:08:04,379 | INFO     |   → 19/1189: ✅ 0 взято | 🗑️ 0 мусор
2026-06-14 03:08:04,379 | INFO     |   → 20/1189: ✅ 0 взято | 🗑️ 0 мусор
2026-06-14 03:08:04,379 | INFO     |   → 21/1189: ✅ 0 взято | 🗑️ 0 мусор
2026-06-14 03:08:04,379 | INFO     |   → 22/1189: ✅ 0 взято | 🗑️ 0 мусор
2026-06-14 03:08:04,379 | INFO     |   → 23/1189: ✅ 0 взято | 🗑️ 0 мусор
2026-06-14 03:08:04,379 | INFO     |   → 24/1189: ✅ 0 взято | 🗑️ 0 мусор
2026-06-14 03:08:04,379 | INFO     |   → 25/1189: ✅ 0 взято | 🗑️ 0 мусор
2026-06-14 03:08:04,379 | INFO     |   → 26/1189: ✅ 0 взято | 🗑️ 0 мусор
2026-06-14 03:08:04,379 | INFO     |   → 27/1189: ✅ 0 взято | 🗑️ 0 мусор
2026-06-14 03:08:04,379 | INFO     |   → 28/1189: ✅ 0 взято | 🗑️ 0 мусор
2026-06-14 03:08:04,379 | INFO     |   → 29/1189: ✅ 0 взято | 🗑️ 0 мусор
2026-06-14 03:08:04,379 | INFO     |   → 30/1189: ✅ 0 взято | 🗑️ 0 мусор
2026-06-14 03:08:04,379 | INFO     |   → 31/1189: ✅ 0 взято | 🗑️ 0 мусор
2026-06-14 03:08:04,379 | INFO     |   → 32/1189: ✅ 0 взято | 🗑️ 0 мусор
2026-06-14 03:08:04,379 | INFO     |   → 33/1189: ✅ 0 взято | 🗑️ 0 мусор
2026-06-14 03:08:04,379 | INFO     |   → 34/1189: ✅ 0 взято | 🗑️ 0 мусор
2026-06-14 03:08:04,379 | INFO     |   → 35/1189: ✅ 0 взято | 🗑️ 0 мусор
2026-06-14 03:08:04,380 | INFO     |   → 36/1189: ✅ 0 взято | 🗑️ 0 мусор
2026-06-14 03:08:04,380 | INFO     |   → 37/1189: ✅ 0 взято | 🗑️ 0 мусор
2026-06-14 03:08:04,380 | INFO     |   → 38/1189: ✅ 0 взято | 🗑️ 0 мусор
2026-06-14 03:08:04,380 | INFO     |   → 39/1189: ✅ 0 взято | 🗑️ 0 мусор
2026-06-14 03:08:04,380 | INFO     |   → 40/1189: ✅ 0 взято | 🗑️ 0 мусор
2026-06-14 03:08:04,380 | INFO     |   → 41/1189: ✅ 0 взято | 🗑️ 0 мусор
2026-06-14 03:08:04,380 | INFO     |   → 42/1189: ✅ 0 взято | 🗑️ 0 мусор
2026-06-14 03:08:04,380 | INFO     |   → 43/1189: ✅ 0 взято | 🗑️ 0 мусор
2026-06-14 03:08:04,380 | INFO     |   → 44/1189: ✅ 0 взято | 🗑️ 0 мусор
2026-06-14 03:08:04,380 | INFO     |   → 45/1189: ✅ 0 взято | 🗑️ 0 мусор
2026-06-14 03:08:04,380 | INFO     |   → 46/1189: ✅ 0 взято | 🗑️ 0 мусор
2026-06-14 03:08:04,380 | INFO     |   → 47/1189: ✅ 0 взято | 🗑️ 0 мусор
2026-06-14 03:08:04,380 | INFO     |   → 48/1189: ✅ 0 взято | 🗑️ 0 мусор
2026-06-14 03:08:04,380 | INFO     |   → 49/1189: ✅ 0 взято | 🗑️ 0 мусор
2026-06-14 03:08:04,380 | INFO     |   → 50/1189: ✅ 0 взято | 🗑️ 0 мусор
2026-06-14 03:08:04,380 | INFO     |   → 51/1189: ✅ 0 взято | 🗑️ 0 мусор
2026-06-14 03:08:04,380 | INFO     |   → 52/1189: ✅ 0 взято | 🗑️ 0 мусор
2026-06-14 03:08:04,380 | INFO     |   → 53/1189: ✅ 0 взято | 🗑️ 0 мусор
2026-06-14 03:08:04,380 | INFO     |   → 54/1189: ✅ 0 взято | 🗑️ 0 мусор
2026-06-14 03:08:04,380 | INFO     |   → 55/1189: ✅ 0 взято | 🗑️ 0 мусор
2026-06-14 03:08:04,380 | INFO     |   → 56/1189: ✅ 0 взято | 🗑️ 0 мусор
2026-06-14 03:08:04,381 | INFO     |   → 57/1189: ✅ 0 взято | 🗑️ 0 мусор
2026-06-14 03:08:04,381 | INFO     |   → 58/1189: ✅ 0 взято | 🗑️ 0 мусор
2026-06-14 03:08:04,381 | INFO     |   → 59/1189: ✅ 0 взято | 🗑️ 0 мусор
2026-06-14 03:08:04,381 | INFO     |   → 60/1189: ✅ 0 взято | 🗑️ 0 мусор
2026-06-14 03:08:04,381 | INFO     |   → 61/1189: ✅ 0 взято | 🗑️ 0 мусор
2026-06-14 03:08:04,381 | INFO     |   → 62/1189: ✅ 0 взято | 🗑️ 0 мусор
2026-06-14 03:08:04,381 | INFO     |   → 63/1189: ✅ 0 взято | 🗑️ 0 мусор
2026-06-14 03:08:04,381 | INFO     |   → 64/1189: ✅ 0 взято | 🗑️ 0 мусор
2026-06-14 03:08:04,381 | INFO     |   → 65/1189: ✅ 0 взято | 🗑️ 0 мусор
2026-06-14 03:08:04,381 | INFO     |   → 66/1189: ✅ 0 взято | 🗑️ 0 мусор
2026-06-14 03:08:04,381 | INFO     |   → 67/1189: ✅ 0 взято | 🗑️ 0 мусор
2026-06-14 03:08:04,381 | INFO     |   → 68/1189: ✅ 0 взято | 🗑️ 0 мусор
2026-06-14 03:08:04,381 | INFO     |   → 69/1189: ✅ 0 взято | 🗑️ 0 мусор
2026-06-14 03:08:04,381 | INFO     |   → 70/1189: ✅ 0 взято | 🗑️ 0 мусор
2026-06-14 03:08:04,381 | INFO     |   → 71/1189: ✅ 0 взято | 🗑️ 0 мусор
2026-06-14 03:08:04,381 | INFO     |   → 72/1189: ✅ 0 взято | 🗑️ 0 мусор
2026-06-14 03:08:04,381 | INFO     |   → 73/1189: ✅ 0 взято | 🗑️ 0 мусор
2026-06-14 03:08:04,381 | INFO     |   → 74/1189: ✅ 0 взято | 🗑️ 0 мусор
2026-06-14 03:08:04,381 | INFO     |   → 75/1189: ✅ 0 взято | 🗑️ 0 мусор
2026-06-14 03:08:04,381 | INFO     |   → 76/1189: ✅ 0 взято | 🗑️ 0 мусор
2026-06-14 03:08:04,381 | INFO     |   → 77/1189: ✅ 0 взято | 🗑️ 0 мусор
2026-06-14 03:08:04,381 | INFO     |   → 78/1189: ✅ 0 взято | 🗑️ 0 мусор
2026-06-14 03:08:04,381 | INFO     |   → 79/1189: ✅ 0 взято | 🗑️ 0 мусор
2026-06-14 03:08:04,381 | INFO     |   → 80/1189: ✅ 0 взято | 🗑️ 0 мусор
2026-06-14 03:08:04,381 | INFO     |   → 81/1189: ✅ 0 взято | 🗑️ 0 мусор
2026-06-14 03:08:04,381 | INFO     |   → 82/1189: ✅ 0 взято | 🗑️ 0 мусор
2026-06-14 03:08:04,381 | INFO     |   → 83/1189: ✅ 0 взято | 🗑️ 0 мусор
2026-06-14 03:08:04,381 | INFO     |   → 84/1189: ✅ 0 взято | 🗑️ 0 мусор
2026-06-14 03:08:04,381 | INFO     |   → 85/1189: ✅ 0 взято | 🗑️ 0 мусор
2026-06-14 03:08:04,381 | INFO     |   → 86/1189: ✅ 0 взято | 🗑️ 0 мусор
2026-06-14 03:08:04,381 | INFO     |   → 87/1189: ✅ 0 взято | 🗑️ 0 мусор
2026-06-14 03:08:04,382 | INFO     |   → 88/1189: ✅ 0 взято | 🗑️ 0 мусор
2026-06-14 03:08:04,382 | INFO     |   → 89/1189: ✅ 0 взято | 🗑️ 0 мусор
2026-06-14 03:08:04,382 | INFO     |   → 90/1189: ✅ 0 взято | 🗑️ 0 мусор
2026-06-14 03:08:04,382 | INFO     |   → 91/1189: ✅ 0 взято | 🗑️ 0 мусор
2026-06-14 03:08:04,382 | INFO     |   → 92/1189: ✅ 0 взято | 🗑️ 0 мусор
2026-06-14 03:08:04,382 | INFO     |   → 93/1189: ✅ 0 взято | 🗑️ 0 мусор
2026-06-14 03:08:04,382 | INFO     |   → 94/1189: ✅ 0 взято | 🗑️ 0 мусор
2026-06-14 03:08:04,382 | INFO     |   → 95/1189: ✅ 0 взято | 🗑️ 0 мусор
2026-06-14 03:08:04,382 | INFO     |   → 96/1189: ✅ 0 взято | 🗑️ 0 мусор
2026-06-14 03:08:04,382 | INFO     |   → 97/1189: ✅ 0 взято | 🗑️ 0 мусор
2026-06-14 03:08:04,382 | INFO     |   → 98/1189: ✅ 0 взято | 🗑️ 0 мусор
2026-06-14 03:08:04,382 | INFO     |   → 99/1189: ✅ 0 взято | 🗑️ 0 мусор
2026-06-14 03:08:04,382 | INFO     |   → 100/1189: ✅ 0 взято | 🗑️ 0 мусор
2026-06-14 03:08:04,382 | INFO     |   → 101/1189: ✅ 0 взято | 🗑️ 0 мусор
2026-06-14 03:08:04,382 | INFO     |   → 102/1189: ✅ 0 взято | 🗑️ 0 мусор
2026-06-14 03:08:04,382 | INFO     |   → 103/1189: ✅ 0 взято | 🗑️ 0 мусор
2026-06-14 03:08:04,382 | INFO     |   → 104/1189: ✅ 0 взято | 🗑️ 0 мусор
2026-06-14 03:08:04,382 | INFO     |   → 105/1189: ✅ 0 взято | 🗑️ 0 мусор
2026-06-14 03:08:04,382 | INFO     |   → 106/1189: ✅ 0 взято | 🗑️ 0 мусор
2026-06-14 03:08:04,382 | INFO     |   → 107/1189: ✅ 0 взято | 🗑️ 0 мусор
2026-06-14 03:08:04,382 | INFO     |   → 108/1189: ✅ 0 взято | 🗑️ 0 мусор
2026-06-14 03:08:04,382 | INFO     |   → 109/1189: ✅ 0 взято | 🗑️ 0 мусор
2026-06-14 03:08:04,382 | INFO     |   → 110/1189: ✅ 0 взято | 🗑️ 0 мусор
2026-06-14 03:08:04,382 | INFO     |   → 111/1189: ✅ 0 взято | 🗑️ 0 мусор
2026-06-14 03:08:04,382 | INFO     |   → 112/1189: ✅ 0 взято | 🗑️ 0 мусор
2026-06-14 03:08:04,382 | INFO     |   → 113/1189: ✅ 0 взято | 🗑️ 0 мусор
2026-06-14 03:08:04,382 | INFO     |   → 114/1189: ✅ 0 взято | 🗑️ 0 мусор
2026-06-14 03:08:04,382 | INFO     |   → 115/1189: ✅ 0 взято | 🗑️ 0 мусор
2026-06-14 03:08:04,382 | INFO     |   → 116/1189: ✅ 0 взято | 🗑️ 0 мусор
2026-06-14 03:08:04,382 | INFO     |   → 117/1189: ✅ 0 взято | 🗑️ 0 мусор
2026-06-14 03:08:04,382 | INFO     |   → 118/1189: ✅ 0 взято | 🗑️ 0 мусор
2026-06-14 03:08:04,382 | INFO     |   → 119/1189: ✅ 0 взято | 🗑️ 0 мусор
2026-06-14 03:08:04,382 | INFO     |   → 120/1189: ✅ 0 взято | 🗑️ 0 мусор
2026-06-14 03:08:04,382 | INFO     |   → 121/1189: ✅ 0 взято | 🗑️ 0 мусор
2026-06-14 03:08:04,383 | INFO     |   → 122/1189: ✅ 0 взято | 🗑️ 0 мусор
2026-06-14 03:08:04,383 | INFO     |   → 123/1189: ✅ 0 взято | 🗑️ 0 мусор
2026-06-14 03:08:04,383 | INFO     |   → 124/1189: ✅ 0 взято | 🗑️ 0 мусор
2026-06-14 03:08:04,383 | INFO     |   → 125/1189: ✅ 0 взято | 🗑️ 0 мусор
2026-06-14 03:08:04,383 | INFO     |   → 126/1189: ✅ 0 взято | 🗑️ 0 мусор
2026-06-14 03:08:04,383 | INFO     |   → 127/1189: ✅ 0 взято | 🗑️ 0 мусор
2026-06-14 03:08:04,383 | INFO     |   → 128/1189: ✅ 0 взято | 🗑️ 0 мусор
2026-06-14 03:08:04,383 | INFO     |   → 129/1189: ✅ 0 взято | 🗑️ 0 мусор
2026-06-14 03:08:04,383 | INFO     |   → 130/1189: ✅ 0 взято | 🗑️ 0 мусор
2026-06-14 03:08:04,383 | INFO     |   → 131/1189: ✅ 0 взято | 🗑️ 0 мусор
2026-06-14 03:08:04,383 | INFO     |   → 132/1189: ✅ 0 взято | 🗑️ 0 мусор
2026-06-14 03:08:04,383 | INFO     |   → 133/1189: ✅ 0 взято | 🗑️ 0 мусор
2026-06-14 03:08:04,383 | INFO     |   → 134/1189: ✅ 0 взято | 🗑️ 0 мусор
2026-06-14 03:08:04,383 | INFO     |   → 135/1189: ✅ 0 взято | 🗑️ 0 мусор
2026-06-14 03:08:04,383 | INFO     |   → 136/1189: ✅ 0 взято | 🗑️ 0 мусор
2026-06-14 03:08:04,383 | INFO     |   → 137/1189: ✅ 0 взято | 🗑️ 0 мусор
2026-06-14 03:08:04,383 | INFO     |   → 138/1189: ✅ 0 взято | 🗑️ 0 мусор
2026-06-14 03:08:04,383 | INFO     |   → 139/1189: ✅ 0 взято | 🗑️ 0 мусор
2026-06-14 03:08:04,383 | INFO     |   → 140/1189 ❌ HTTP 404 — https://freessrnode.github.io/uploads/2024/08/0-20240822.txt
2026-06-14 03:08:04,383 | INFO     |   → 141/1189 ❌ HTTP 404 — https://freessrnode.github.io/uploads/2024/08/1-20240822.txt
2026-06-14 03:08:04,383 | INFO     |   → 142/1189 ❌ HTTP 404 — https://freessrnode.github.io/uploads/2024/08/2-20240822.txt
2026-06-14 03:08:04,383 | INFO     |   → 143/1189 ❌ HTTP 404 — https://freessrnode.github.io/uploads/2024/08/3-20240822.txt
2026-06-14 03:08:04,383 | INFO     |   → 144/1189 ❌ HTTP 404 — https://freessrnode.github.io/uploads/2024/08/4-20240822.txt
2026-06-14 03:08:04,383 | INFO     |   → 145/1189 ⚠️ Ошибка: HTTPSConnectionPool(host='freevpnspy.githubrowcontent.com', port=443): Max retries exceeded with url: /2024/08/20240802_novless.yaml (Caused by NameResolutionError("HTTPSConnection(host='freevpnspy.githubrowcontent.com', port=443): Failed to resolve 'freevpnspy.githubrowcontent.com' ([Errno -2] Name or service not known)")) — https://freevpnspy.githubrowcontent.com/2024/08/20240802_novless.yaml
2026-06-14 03:08:04,383 | INFO     |   → 146/1189 ⚠️ Ошибка: HTTPSConnectionPool(host='freevpnspy.githubrowcontent.com', port=443): Max retries exceeded with url: /2024/08/20240802_vless.yaml (Caused by NameResolutionError("HTTPSConnection(host='freevpnspy.githubrowcontent.com', port=443): Failed to resolve 'freevpnspy.githubrowcontent.com' ([Errno -2] Name or service not known)")) — https://freevpnspy.githubrowcontent.com/2024/08/20240802_vless.yaml
2026-06-14 03:08:04,383 | INFO     |   → 147/1189: ✅ 0 взято | 🗑️ 0 мусор
2026-06-14 03:08:04,383 | INFO     |   → 148/1189: ✅ 14 взято | 🗑️ 292 мусор
2026-06-14 03:08:04,383 | INFO     |   → 149/1189: ✅ 14 взято | 🗑️ 218 мусор
2026-06-14 03:08:04,383 | INFO     |   → 150/1189: ✅ 7 взято | 🗑️ 148 мусор
2026-06-14 03:08:04,383 | INFO     |   → 151/1189: ✅ 10 взято | 🗑️ 232 мусор
2026-06-14 03:08:04,383 | INFO     |   → 152/1189: ✅ 4 взято | 🗑️ 151 мусор
2026-06-14 03:08:04,383 | INFO     |   → 153/1189: ✅ 0 взято | 🗑️ 0 мусор
2026-06-14 03:08:04,383 | INFO     |   → 154/1189: ✅ 0 взято | 🗑️ 0 мусор
2026-06-14 03:08:04,383 | INFO     |   → 155/1189: ✅ 0 взято | 🗑️ 0 мусор
2026-06-14 03:08:04,383 | INFO     |   → 156/1189: ✅ 7 взято | 🗑️ 113 мусор
2026-06-14 03:08:04,384 | INFO     |   → 157/1189: ✅ 0 взято | 🗑️ 0 мусор
2026-06-14 03:08:04,384 | INFO     |   → 158/1189: ✅ 0 взято | 🗑️ 0 мусор
2026-06-14 03:08:04,384 | INFO     |   → 159/1189: ✅ 0 взято | 🗑️ 0 мусор
2026-06-14 03:08:04,384 | INFO     |   → 160/1189: ✅ 5 взято | 🗑️ 211 мусор
2026-06-14 03:08:04,384 | INFO     |   → 161/1189: ✅ 0 взято | 🗑️ 0 мусор
2026-06-14 03:08:04,384 | INFO     |   → 162/1189: ✅ 0 взято | 🗑️ 0 мусор
2026-06-14 03:08:04,384 | INFO     |   → 163/1189: ✅ 1 взято | 🗑️ 226 мусор
2026-06-14 03:08:04,384 | INFO     |   → 164/1189: ✅ 3 взято | 🗑️ 152 мусор
2026-06-14 03:08:04,384 | INFO     |   → 165/1189: ✅ 0 взято | 🗑️ 0 мусор
2026-06-14 03:08:04,384 | INFO     |   → 166/1189: ✅ 0 взято | 🗑️ 0 мусор
2026-06-14 03:08:04,384 | INFO     |   → 167/1189: ✅ 0 взято | 🗑️ 0 мусор
2026-06-14 03:08:04,384 | INFO     |   → 168/1189: ✅ 0 взято | 🗑️ 300 мусор
2026-06-14 03:08:04,384 | INFO     |   → 169/1189: ✅ 0 взято | 🗑️ 0 мусор
2026-06-14 03:08:04,384 | INFO     |   → 170/1189: ✅ 0 взято | 🗑️ 142 мусор
2026-06-14 03:08:04,384 | INFO     |   → 171/1189: ✅ 2 взято | 🗑️ 124 мусор
2026-06-14 03:08:04,384 | INFO     |   → 172/1189: ✅ 0 взято | 🗑️ 0 мусор
2026-06-14 03:08:04,384 | INFO     |   → 173/1189: ✅ 1 взято | 🗑️ 104 мусор
2026-06-14 03:08:04,384 | INFO     |   → 174/1189: ✅ 0 взято | 🗑️ 193 мусор
2026-06-14 03:08:04,384 | INFO     |   → 175/1189: ✅ 2 взято | 🗑️ 115 мусор
2026-06-14 03:08:04,384 | INFO     |   → 176/1189: ✅ 7 взято | 🗑️ 179 мусор
2026-06-14 03:08:04,384 | INFO     |   → 177/1189: ✅ 0 взято | 🗑️ 0 мусор
2026-06-14 03:08:04,384 | INFO     |   → 178/1189: ✅ 0 взято | 🗑️ 0 мусор
2026-06-14 03:08:04,384 | INFO     |   → 179/1189: ✅ 0 взято | 🗑️ 125 мусор
2026-06-14 03:08:04,384 | INFO     |   → 180/1189: ✅ 0 взято | 🗑️ 296 мусор
2026-06-14 03:08:04,384 | INFO     |   → 181/1189: ✅ 1 взято | 🗑️ 279 мусор
2026-06-14 03:08:04,384 | INFO     |   → 182/1189: ✅ 0 взято | 🗑️ 130 мусор
2026-06-14 03:08:04,384 | INFO     |   → 183/1189: ✅ 2 взято | 🗑️ 105 мусор
2026-06-14 03:08:04,384 | INFO     |   → 184/1189: ✅ 0 взято | 🗑️ 0 мусор
2026-06-14 03:08:04,384 | INFO     |   → 185/1189: ✅ 3 взято | 🗑️ 268 мусор
2026-06-14 03:08:04,384 | INFO     |   → 186/1189: ✅ 0 взято | 🗑️ 248 мусор
2026-06-14 03:08:04,384 | INFO     |   → 187/1189: ✅ 0 взято | 🗑️ 0 мусор
2026-06-14 03:08:04,384 | INFO     |   → 188/1189: ✅ 1 взято | 🗑️ 139 мусор
2026-06-14 03:08:04,384 | INFO     |   → 189/1189: ✅ 1 взято | 🗑️ 109 мусор
2026-06-14 03:08:04,384 | INFO     |   → 190/1189: ✅ 0 взято | 🗑️ 0 мусор
2026-06-14 03:08:04,385 | INFO     |   → 191/1189: ✅ 0 взято | 🗑️ 0 мусор
2026-06-14 03:08:04,385 | INFO     |   → 192/1189: ✅ 0 взято | 🗑️ 0 мусор
2026-06-14 03:08:04,385 | INFO     |   → 193/1189: ✅ 0 взято | 🗑️ 0 мусор
2026-06-14 03:08:04,385 | INFO     |   → 194/1189: ✅ 0 взято | 🗑️ 198 мусор
2026-06-14 03:08:04,385 | INFO     |   → 195/1189: ✅ 0 взято | 🗑️ 0 мусор
2026-06-14 03:08:04,385 | INFO     |   → 196/1189: ✅ 0 взято | 🗑️ 0 мусор
2026-06-14 03:08:04,385 | INFO     |   → 197/1189: ✅ 0 взято | 🗑️ 0 мусор
2026-06-14 03:08:04,385 | INFO     |   → 198/1189: ✅ 0 взято | 🗑️ 0 мусор
2026-06-14 03:08:04,385 | INFO     |   → 199/1189 ❌ HTTP 404 — https://github.com/Epodonios/bulk-xray-v2ray-vless-vmess-...-configs/raw/main/sub/Albania/config.txt
2026-06-14 03:08:04,385 | INFO     |   → 200/1189 ❌ HTTP 404 — https://github.com/Epodonios/bulk-xray-v2ray-vless-vmess-...-configs/raw/main/sub/Cura%C3%A7ao/config.txt
2026-06-14 03:08:04,385 | INFO     |   → 201/1189 ❌ HTTP 404 — https://github.com/Epodonios/bulk-xray-v2ray-vless-vmess-...-configs/raw/main/sub/Finland/config.txt
2026-06-14 03:08:04,385 | INFO     |   → 202/1189 ❌ HTTP 404 — https://github.com/Epodonios/bulk-xray-v2ray-vless-vmess-...-configs/raw/main/sub/Iran/config.txt
2026-06-14 03:08:04,385 | INFO     |   → 203/1189 ❌ HTTP 404 — https://github.com/Epodonios/bulk-xray-v2ray-vless-vmess-...-configs/raw/main/sub/Netherlands/config.txt
2026-06-14 03:08:04,385 | INFO     |   → 204/1189 ❌ HTTP 404 — https://github.com/Epodonios/bulk-xray-v2ray-vless-vmess-...-configs/raw/main/sub/Norway/config.txt
2026-06-14 03:08:04,385 | INFO     |   → 205/1189 ❌ HTTP 404 — https://github.com/Epodonios/bulk-xray-v2ray-vless-vmess-...-configs/raw/main/sub/Russia/config.txt
2026-06-14 03:08:04,385 | INFO     |   → 206/1189: ✅ 13 взято | 🗑️ 70 мусор
2026-06-14 03:08:04,385 | INFO     |   → 207/1189: ✅ 0 взято | 🗑️ 4 мусор
2026-06-14 03:08:04,385 | INFO     |   → 208/1189: ✅ 0 взято | 🗑️ 7 мусор
2026-06-14 03:08:04,385 | INFO     |   → 209/1189: ✅ 0 взято | 🗑️ 51 мусор
2026-06-14 03:08:04,385 | INFO     |   → 210/1189: ✅ 0 взято | 🗑️ 8 мусор
2026-06-14 03:08:04,385 | INFO     |   → 211/1189: ✅ 0 взято | 🗑️ 0 мусор
2026-06-14 03:08:04,385 | INFO     |   → 212/1189: ✅ 17 взято | 🗑️ 119 мусор
2026-06-14 03:08:04,385 | INFO     |   → 213/1189 ❌ HTTP 404 — https://github.com/MrMohebi/xray-proxy-grabber-telegram/raw/master/collected-proxies/clash-meta/all.yaml
2026-06-14 03:08:04,385 | INFO     |   → 214/1189 ❌ HTTP 404 — https://github.com/MrMohebi/xray-proxy-grabber-telegram/raw/master/collected-proxies/row-url/all.txt
2026-06-14 03:08:04,385 | INFO     |   → 215/1189: ✅ 0 взято | 🗑️ 0 мусор
2026-06-14 03:08:04,385 | INFO     |   → 216/1189: ✅ 0 взято | 🗑️ 113 мусор
2026-06-14 03:08:04,385 | INFO     |   → 217/1189: ✅ 0 взято | 🗑️ 119 мусор
2026-06-14 03:08:04,385 | INFO     |   → 218/1189 ❌ HTTP 404 — https://github.com/abbasdvd3/abbasdvd10/73ec60de7a6c6aa6df4c14b511c1da60686891ca/ppo.txt
2026-06-14 03:08:04,385 | INFO     |   → 219/1189 ❌ HTTP 404 — https://github.com/acymz/AutoVPN/refs/heads/main/data/V2.txt
2026-06-14 03:08:04,385 | INFO     |   → 220/1189: ✅ 0 взято | 🗑️ 0 мусор
2026-06-14 03:08:04,385 | INFO     |   → 221/1189: ✅ 0 взято | 🗑️ 0 мусор
2026-06-14 03:08:04,385 | INFO     |   → 222/1189: ✅ 0 взято | 🗑️ 0 мусор
2026-06-14 03:08:04,385 | INFO     |   → 223/1189: ✅ 0 взято | 🗑️ 0 мусор
2026-06-14 03:08:04,385 | INFO     |   → 224/1189: ✅ 0 взято | 🗑️ 0 мусор
2026-06-14 03:08:04,385 | INFO     |   → 225/1189: ✅ 0 взято | 🗑️ 0 мусор
2026-06-14 03:08:04,386 | INFO     |   → 226/1189: ✅ 0 взято | 🗑️ 0 мусор
2026-06-14 03:08:04,386 | INFO     |   → 227/1189 ❌ HTTP 404 — https://github.com/mermeroo/V2RAY-FREE/raw/main/All_Configs_base64_Sub.txt
2026-06-14 03:08:04,386 | INFO     |   → 228/1189 ❌ HTTP 404 — https://github.com/mermeroo/V2RAY-FREE/raw/main/Base64/Sub1_base64.txt
2026-06-14 03:08:04,386 | INFO     |   → 229/1189 ❌ HTTP 404 — https://github.com/mermeroo/V2RAY-FREE/raw/main/Base64/Sub2_base64.txt
2026-06-14 03:08:04,386 | INFO     |   → 230/1189 ❌ HTTP 404 — https://github.com/mermeroo/V2RAY-FREE/raw/main/Base64/Sub3_base64.txt
2026-06-14 03:08:04,386 | INFO     |   → 231/1189 ❌ HTTP 404 — https://github.com/mermeroo/V2RAY-FREE/raw/main/Base64/Sub4_base64.txt
2026-06-14 03:08:04,386 | INFO     |   → 232/1189 ❌ HTTP 404 — https://github.com/mermeroo/V2RAY-FREE/raw/main/Base64/Sub5_base64.txt
2026-06-14 03:08:04,386 | INFO     |   → 233/1189 ❌ HTTP 404 — https://github.com/mermeroo/telegram-configs-collector/raw/main/protocols/hysteria
2026-06-14 03:08:04,386 | INFO     |   → 234/1189 ❌ HTTP 404 — https://github.com/mermeroo/telegram-configs-collector/raw/main/protocols/juicity
2026-06-14 03:08:04,386 | INFO     |   → 235/1189 ❌ HTTP 404 — https://github.com/mermeroo/telegram-configs-collector/raw/main/protocols/tuic
2026-06-14 03:08:04,386 | INFO     |   → 236/1189: ✅ 5 взято | 🗑️ 16 мусор
2026-06-14 03:08:04,386 | INFO     |   → 237/1189: ✅ 0 взято | 🗑️ 0 мусор
2026-06-14 03:08:04,386 | INFO     |   → 238/1189: ✅ 0 взято | 🗑️ 0 мусор
2026-06-14 03:08:04,386 | INFO     |   → 239/1189: ✅ 0 взято | 🗑️ 0 мусор
2026-06-14 03:08:04,386 | INFO     |   → 240/1189: ✅ 3 взято | 🗑️ 238 мусор
2026-06-14 03:08:04,386 | INFO     |   → 241/1189: ✅ 0 взято | 🗑️ 0 мусор
2026-06-14 03:08:04,386 | INFO     |   → 242/1189: ✅ 3 взято | 🗑️ 239 мусор
2026-06-14 03:08:04,386 | INFO     |   → 243/1189: ✅ 0 взято | 🗑️ 0 мусор
2026-06-14 03:08:04,386 | INFO     |   → 244/1189: ✅ 0 взято | 🗑️ 255 мусор
2026-06-14 03:08:04,386 | INFO     |   → 245/1189: ✅ 0 взято | 🗑️ 0 мусор
2026-06-14 03:08:04,386 | INFO     |   → 246/1189: ✅ 1 взято | 🗑️ 249 мусор
2026-06-14 03:08:04,386 | INFO     |   → 247/1189: ✅ 0 взято | 🗑️ 0 мусор
2026-06-14 03:08:04,386 | INFO     |   → 248/1189: ✅ 0 взято | 🗑️ 207 мусор
2026-06-14 03:08:04,386 | INFO     |   → 249/1189: ✅ 0 взято | 🗑️ 0 мусор
2026-06-14 03:08:04,386 | INFO     |   → 250/1189: ✅ 0 взято | 🗑️ 228 мусор
2026-06-14 03:08:04,386 | INFO     |   → 251/1189: ✅ 0 взято | 🗑️ 0 мусор
2026-06-14 03:08:04,386 | INFO     |   → 252/1189: ✅ 1 взято | 🗑️ 291 мусор
2026-06-14 03:08:04,387 | INFO     |   → 253/1189: ✅ 0 взято | 🗑️ 0 мусор
2026-06-14 03:08:04,387 | INFO     |   → 254/1189: ✅ 3 взято | 🗑️ 221 мусор
2026-06-14 03:08:04,387 | INFO     |   → 255/1189: ✅ 0 взято | 🗑️ 0 мусор
2026-06-14 03:08:04,387 | INFO     |   → 256/1189: ✅ 1 взято | 🗑️ 222 мусор
2026-06-14 03:08:04,387 | INFO     |   → 257/1189: ✅ 0 взято | 🗑️ 0 мусор
2026-06-14 03:08:04,387 | INFO     |   → 258/1189: ✅ 1 взято | 🗑️ 218 мусор
2026-06-14 03:08:04,387 | INFO     |   → 259/1189: ✅ 0 взято | 🗑️ 0 мусор
2026-06-14 03:08:04,387 | INFO     |   → 260/1189: ✅ 0 взято | 🗑️ 193 мусор
2026-06-14 03:08:04,387 | INFO     |   → 261/1189: ✅ 0 взято | 🗑️ 0 мусор
2026-06-14 03:08:04,387 | INFO     |   → 262/1189: ✅ 0 взято | 🗑️ 290 мусор
2026-06-14 03:08:04,387 | INFO     |   → 263/1189: ✅ 0 взято | 🗑️ 0 мусор
2026-06-14 03:08:04,387 | INFO     |   → 264/1189: ✅ 0 взято | 🗑️ 238 мусор
2026-06-14 03:08:04,387 | INFO     |   → 265/1189: ✅ 0 взято | 🗑️ 0 мусор
2026-06-14 03:08:04,387 | INFO     |   → 266/1189: ✅ 0 взято | 🗑️ 221 мусор
2026-06-14 03:08:04,387 | INFO     |   → 267/1189: ✅ 0 взято | 🗑️ 0 мусор
2026-06-14 03:08:04,387 | INFO     |   → 268/1189: ✅ 0 взято | 🗑️ 248 мусор
2026-06-14 03:08:04,387 | INFO     |   → 269/1189: ✅ 0 взято | 🗑️ 0 мусор
2026-06-14 03:08:04,387 | INFO     |   → 270/1189: ✅ 0 взято | 🗑️ 203 мусор
2026-06-14 03:08:04,387 | INFO     |   → 271/1189: ✅ 0 взято | 🗑️ 0 мусор
2026-06-14 03:08:04,387 | INFO     |   → 272/1189: ✅ 0 взято | 🗑️ 208 мусор
2026-06-14 03:08:04,387 | INFO     |   → 273/1189: ✅ 0 взято | 🗑️ 0 мусор
2026-06-14 03:08:04,387 | INFO     |   → 274/1189: ✅ 2 взято | 🗑️ 209 мусор
2026-06-14 03:08:04,387 | INFO     |   → 275/1189: ✅ 0 взято | 🗑️ 0 мусор
2026-06-14 03:08:04,387 | INFO     |   → 276/1189: ✅ 0 взято | 🗑️ 258 мусор
2026-06-14 03:08:04,387 | INFO     |   → 277/1189: ✅ 0 взято | 🗑️ 0 мусор
2026-06-14 03:08:04,387 | INFO     |   → 278/1189: ✅ 0 взято | 🗑️ 296 мусор
2026-06-14 03:08:04,388 | INFO     |   → 279/1189: ✅ 0 взято | 🗑️ 0 мусор
2026-06-14 03:08:04,388 | INFO     |   → 280/1189: ✅ 1 взято | 🗑️ 286 мусор
2026-06-14 03:08:04,388 | INFO     |   → 281/1189: ✅ 0 взято | 🗑️ 0 мусор
2026-06-14 03:08:04,388 | INFO     |   → 282/1189: ✅ 0 взято | 🗑️ 195 мусор
2026-06-14 03:08:04,388 | INFO     |   → 283/1189: ✅ 0 взято | 🗑️ 0 мусор
2026-06-14 03:08:04,388 | INFO     |   → 284/1189: ✅ 0 взято | 🗑️ 170 мусор
2026-06-14 03:08:04,388 | INFO     |   → 285/1189: ✅ 0 взято | 🗑️ 0 мусор
2026-06-14 03:08:04,388 | INFO     |   → 286/1189: ✅ 0 взято | 🗑️ 160 мусор
2026-06-14 03:08:04,388 | INFO     |   → 287/1189: ✅ 0 взято | 🗑️ 0 мусор
2026-06-14 03:08:04,388 | INFO     |   → 288/1189: ✅ 0 взято | 🗑️ 121 мусор
2026-06-14 03:08:04,388 | INFO     |   → 289/1189: ✅ 0 взято | 🗑️ 0 мусор
2026-06-14 03:08:04,388 | INFO     |   → 290/1189: ✅ 0 взято | 🗑️ 135 мусор
2026-06-14 03:08:04,388 | INFO     |   → 291/1189: ✅ 0 взято | 🗑️ 0 мусор
2026-06-14 03:08:04,388 | INFO     |   → 292/1189: ✅ 1 взято | 🗑️ 129 мусор
2026-06-14 03:08:04,388 | INFO     |   → 293/1189: ✅ 0 взято | 🗑️ 0 мусор
2026-06-14 03:08:04,388 | INFO     |   → 294/1189: ✅ 0 взято | 🗑️ 189 мусор
2026-06-14 03:08:04,388 | INFO     |   → 295/1189: ✅ 0 взято | 🗑️ 0 мусор
2026-06-14 03:08:04,388 | INFO     |   → 296/1189: ✅ 3 взято | 🗑️ 147 мусор
2026-06-14 03:08:04,388 | INFO     |   → 297/1189: ✅ 0 взято | 🗑️ 0 мусор
2026-06-14 03:08:04,388 | INFO     |   → 298/1189: ✅ 1 взято | 🗑️ 183 мусор
2026-06-14 03:08:04,388 | INFO     |   → 299/1189: ✅ 0 взято | 🗑️ 0 мусор
2026-06-14 03:08:04,388 | INFO     |   → 300/1189: ✅ 0 взято | 🗑️ 155 мусор
2026-06-14 03:08:04,388 | INFO     |   → 301/1189: ✅ 0 взято | 🗑️ 0 мусор
2026-06-14 03:08:04,388 | INFO     |   → 302/1189: ✅ 0 взято | 🗑️ 114 мусор
2026-06-14 03:08:04,388 | INFO     |   → 303/1189: ✅ 0 взято | 🗑️ 0 мусор
2026-06-14 03:08:04,389 | INFO     |   → 304/1189: ✅ 0 взято | 🗑️ 239 мусор
2026-06-14 03:08:04,389 | INFO     |   → 305/1189: ✅ 0 взято | 🗑️ 0 мусор
2026-06-14 03:08:04,389 | INFO     |   → 306/1189: ✅ 0 взято | 🗑️ 204 мусор
2026-06-14 03:08:04,389 | INFO     |   → 307/1189: ✅ 0 взято | 🗑️ 0 мусор
2026-06-14 03:08:04,389 | INFO     |   → 308/1189: ✅ 0 взято | 🗑️ 232 мусор
2026-06-14 03:08:04,389 | INFO     |   → 309/1189: ✅ 0 взято | 🗑️ 0 мусор
2026-06-14 03:08:04,389 | INFO     |   → 310/1189: ✅ 0 взято | 🗑️ 192 мусор
2026-06-14 03:08:04,389 | INFO     |   → 311/1189: ✅ 0 взято | 🗑️ 0 мусор
2026-06-14 03:08:04,389 | INFO     |   → 312/1189: ✅ 0 взято | 🗑️ 183 мусор
2026-06-14 03:08:04,389 | INFO     |   → 313/1189: ✅ 0 взято | 🗑️ 0 мусор
2026-06-14 03:08:04,389 | INFO     |   → 314/1189: ✅ 0 взято | 🗑️ 169 мусор
2026-06-14 03:08:04,389 | INFO     |   → 315/1189: ✅ 0 взято | 🗑️ 0 мусор
2026-06-14 03:08:04,389 | INFO     |   → 316/1189: ✅ 0 взято | 🗑️ 167 мусор
2026-06-14 03:08:04,389 | INFO     |   → 317/1189: ✅ 0 взято | 🗑️ 0 мусор
2026-06-14 03:08:04,389 | INFO     |   → 318/1189: ✅ 0 взято | 🗑️ 193 мусор
2026-06-14 03:08:04,389 | INFO     |   → 319/1189: ✅ 0 взято | 🗑️ 0 мусор
2026-06-14 03:08:04,389 | INFO     |   → 320/1189: ✅ 1 взято | 🗑️ 161 мусор
2026-06-14 03:08:04,389 | INFO     |   → 321/1189: ✅ 0 взято | 🗑️ 0 мусор
2026-06-14 03:08:04,389 | INFO     |   → 322/1189: ✅ 0 взято | 🗑️ 171 мусор
2026-06-14 03:08:04,389 | INFO     |   → 323/1189: ✅ 0 взято | 🗑️ 0 мусор
2026-06-14 03:08:04,389 | INFO     |   → 324/1189: ✅ 0 взято | 🗑️ 174 мусор
2026-06-14 03:08:04,389 | INFO     |   → 325/1189: ✅ 0 взято | 🗑️ 0 мусор
2026-06-14 03:08:04,389 | INFO     |   → 326/1189: ✅ 0 взято | 🗑️ 206 мусор
2026-06-14 03:08:04,389 | INFO     |   → 327/1189: ✅ 0 взято | 🗑️ 0 мусор
2026-06-14 03:08:04,390 | INFO     |   → 328/1189: ✅ 0 взято | 🗑️ 170 мусор
2026-06-14 03:08:04,390 | INFO     |   → 329/1189: ✅ 0 взято | 🗑️ 0 мусор
2026-06-14 03:08:04,390 | INFO     |   → 330/1189: ✅ 1 взято | 🗑️ 196 мусор
2026-06-14 03:08:04,390 | INFO     |   → 331/1189: ✅ 0 взято | 🗑️ 0 мусор
2026-06-14 03:08:04,390 | INFO     |   → 332/1189: ✅ 0 взято | 🗑️ 208 мусор
2026-06-14 03:08:04,390 | INFO     |   → 333/1189: ✅ 0 взято | 🗑️ 0 мусор
2026-06-14 03:08:04,390 | INFO     |   → 334/1189: ✅ 0 взято | 🗑️ 162 мусор
2026-06-14 03:08:04,390 | INFO     |   → 335/1189: ✅ 0 взято | 🗑️ 0 мусор
2026-06-14 03:08:04,390 | INFO     |   → 336/1189: ✅ 0 взято | 🗑️ 116 мусор
2026-06-14 03:08:04,390 | INFO     |   → 337/1189: ✅ 0 взято | 🗑️ 0 мусор
2026-06-14 03:08:04,390 | INFO     |   → 338/1189: ✅ 0 взято | 🗑️ 132 мусор
2026-06-14 03:08:04,390 | INFO     |   → 339/1189: ✅ 0 взято | 🗑️ 0 мусор
2026-06-14 03:08:04,390 | INFO     |   → 340/1189: ✅ 0 взято | 🗑️ 132 мусор
2026-06-14 03:08:04,390 | INFO     |   → 341/1189: ✅ 0 взято | 🗑️ 0 мусор
2026-06-14 03:08:04,390 | INFO     |   → 342/1189: ✅ 1 взято | 🗑️ 113 мусор
2026-06-14 03:08:04,390 | INFO     |   → 343/1189: ✅ 0 взято | 🗑️ 0 мусор
2026-06-14 03:08:04,390 | INFO     |   → 344/1189: ✅ 0 взято | 🗑️ 103 мусор
2026-06-14 03:08:04,390 | INFO     |   → 345/1189: ✅ 0 взято | 🗑️ 0 мусор
2026-06-14 03:08:04,390 | INFO     |   → 346/1189: ✅ 3 взято | 🗑️ 213 мусор
2026-06-14 03:08:04,390 | INFO     |   → 347/1189: ✅ 0 взято | 🗑️ 0 мусор
2026-06-14 03:08:04,390 | INFO     |   → 348/1189: ✅ 1 взято | 🗑️ 130 мусор
2026-06-14 03:08:04,390 | INFO     |   → 349/1189: ✅ 0 взято | 🗑️ 0 мусор
2026-06-14 03:08:04,390 | INFO     |   → 350/1189: ✅ 0 взято | 🗑️ 135 мусор
2026-06-14 03:08:04,390 | INFO     |   → 351/1189: ✅ 0 взято | 🗑️ 0 мусор
2026-06-14 03:08:04,390 | INFO     |   → 352/1189: ✅ 0 взято | 🗑️ 145 мусор
2026-06-14 03:08:04,391 | INFO     |   → 353/1189: ✅ 0 взято | 🗑️ 0 мусор
2026-06-14 03:08:04,391 | INFO     |   → 354/1189: ✅ 0 взято | 🗑️ 157 мусор
2026-06-14 03:08:04,391 | INFO     |   → 355/1189: ✅ 0 взято | 🗑️ 0 мусор
2026-06-14 03:08:04,391 | INFO     |   → 356/1189: ✅ 0 взято | 🗑️ 131 мусор
2026-06-14 03:08:04,391 | INFO     |   → 357/1189: ✅ 0 взято | 🗑️ 0 мусор
2026-06-14 03:08:04,391 | INFO     |   → 358/1189: ✅ 1 взято | 🗑️ 124 мусор
2026-06-14 03:08:04,391 | INFO     |   → 359/1189: ✅ 0 взято | 🗑️ 0 мусор
2026-06-14 03:08:04,391 | INFO     |   → 360/1189: ✅ 2 взято | 🗑️ 189 мусор
2026-06-14 03:08:04,391 | INFO     |   → 361/1189: ✅ 0 взято | 🗑️ 0 мусор
2026-06-14 03:08:04,391 | INFO     |   → 362/1189: ✅ 1 взято | 🗑️ 279 мусор
2026-06-14 03:08:04,391 | INFO     |   → 363/1189: ✅ 0 взято | 🗑️ 0 мусор
2026-06-14 03:08:04,391 | INFO     |   → 364/1189: ✅ 0 взято | 🗑️ 270 мусор
2026-06-14 03:08:04,391 | INFO     |   → 365/1189: ✅ 0 взято | 🗑️ 0 мусор
2026-06-14 03:08:04,391 | INFO     |   → 366/1189: ✅ 0 взято | 🗑️ 161 мусор
2026-06-14 03:08:04,391 | INFO     |   → 367/1189: ✅ 0 взято | 🗑️ 0 мусор
2026-06-14 03:08:04,391 | INFO     |   → 368/1189: ✅ 3 взято | 🗑️ 117 мусор
2026-06-14 03:08:04,391 | INFO     |   → 369/1189: ✅ 0 взято | 🗑️ 0 мусор
2026-06-14 03:08:04,391 | INFO     |   → 370/1189: ✅ 0 взято | 🗑️ 100 мусор
2026-06-14 03:08:04,391 | INFO     |   → 371/1189: ✅ 0 взято | 🗑️ 0 мусор
2026-06-14 03:08:04,391 | INFO     |   → 372/1189 ⚠️ Ошибка: HTTPSConnectionPool(host='ivuxy.tech', port=443): Max retries exceeded with url: /v.txt (Caused by NameResolutionError("HTTPSConnection(host='ivuxy.tech', port=443): Failed to resolve 'ivuxy.tech' ([Errno -2] Name or service not known)")) — https://ivuxy.tech/v.txt
2026-06-14 03:08:04,391 | INFO     |   → 373/1189 ⚠️ Ошибка: HTTPSConnectionPool(host='mirror.ghproxy.com', port=443): Max retries exceeded with url: /https://raw.githubusercontent.com/Barabama/FreeNodes/master/nodes/blues.txt (Caused by NameResolutionError("HTTPSConnection(host='mirror.ghproxy.com', port=443): Failed to resolve 'mirror.ghproxy.com' ([Errno -2] Name or service not known)")) — https://mirror.ghproxy.com/https://raw.githubusercontent.com/Barabama/FreeNodes/master/nodes/blues.txt
2026-06-14 03:08:04,391 | INFO     |   → 374/1189 ⚠️ Ошибка: HTTPSConnectionPool(host='mirror.ghproxy.com', port=443): Max retries exceeded with url: /https://raw.githubusercontent.com/Barabama/FreeNodes/master/nodes/halekj.txt (Caused by NameResolutionError("HTTPSConnection(host='mirror.ghproxy.com', port=443): Failed to resolve 'mirror.ghproxy.com' ([Errno -2] Name or service not known)")) — https://mirror.ghproxy.com/https://raw.githubusercontent.com/Barabama/FreeNodes/master/nodes/halekj.txt
2026-06-14 03:08:04,391 | INFO     |   → 375/1189 ⚠️ Ошибка: HTTPSConnectionPool(host='mirror.ghproxy.com', port=443): Max retries exceeded with url: /https://raw.githubusercontent.com/Barabama/FreeNodes/master/nodes/kkzui.txt (Caused by NameResolutionError("HTTPSConnection(host='mirror.ghproxy.com', port=443): Failed to resolve 'mirror.ghproxy.com' ([Errno -2] Name or service not known)")) — https://mirror.ghproxy.com/https://raw.githubusercontent.com/Barabama/FreeNodes/master/nodes/kkzui.txt
2026-06-14 03:08:04,391 | INFO     |   → 376/1189 ⚠️ Ошибка: HTTPSConnectionPool(host='mirror.ghproxy.com', port=443): Max retries exceeded with url: /https://raw.githubusercontent.com/Barabama/FreeNodes/master/nodes/merged.txt (Caused by NameResolutionError("HTTPSConnection(host='mirror.ghproxy.com', port=443): Failed to resolve 'mirror.ghproxy.com' ([Errno -2] Name or service not known)")) — https://mirror.ghproxy.com/https://raw.githubusercontent.com/Barabama/FreeNodes/master/nodes/merged.txt
2026-06-14 03:08:04,391 | INFO     |   → 377/1189 ⚠️ Ошибка: HTTPSConnectionPool(host='mirror.ghproxy.com', port=443): Max retries exceeded with url: /https://raw.githubusercontent.com/Barabama/FreeNodes/master/nodes/nodefree.txt (Caused by NameResolutionError("HTTPSConnection(host='mirror.ghproxy.com', port=443): Failed to resolve 'mirror.ghproxy.com' ([Errno -2] Name or service not known)")) — https://mirror.ghproxy.com/https://raw.githubusercontent.com/Barabama/FreeNodes/master/nodes/nodefree.txt
2026-06-14 03:08:04,392 | INFO     |   → 378/1189 ⚠️ Ошибка: HTTPSConnectionPool(host='mirror.ghproxy.com', port=443): Max retries exceeded with url: /https://raw.githubusercontent.com/Barabama/FreeNodes/master/nodes/openrunner.txt (Caused by NameResolutionError("HTTPSConnection(host='mirror.ghproxy.com', port=443): Failed to resolve 'mirror.ghproxy.com' ([Errno -2] Name or service not known)")) — https://mirror.ghproxy.com/https://raw.githubusercontent.com/Barabama/FreeNodes/master/nodes/openrunner.txt
2026-06-14 03:08:04,392 | INFO     |   → 379/1189 ⚠️ Ошибка: HTTPSConnectionPool(host='mirror.ghproxy.com', port=443): Max retries exceeded with url: /https://raw.githubusercontent.com/Barabama/FreeNodes/master/nodes/v2rayshare.txt (Caused by NameResolutionError("HTTPSConnection(host='mirror.ghproxy.com', port=443): Failed to resolve 'mirror.ghproxy.com' ([Errno -2] Name or service not known)")) — https://mirror.ghproxy.com/https://raw.githubusercontent.com/Barabama/FreeNodes/master/nodes/v2rayshare.txt
2026-06-14 03:08:04,392 | INFO     |   → 380/1189 ⚠️ Ошибка: HTTPSConnectionPool(host='mirror.ghproxy.com', port=443): Max retries exceeded with url: /https://raw.githubusercontent.com/Barabama/FreeNodes/master/nodes/wenode.txt (Caused by NameResolutionError("HTTPSConnection(host='mirror.ghproxy.com', port=443): Failed to resolve 'mirror.ghproxy.com' ([Errno -2] Name or service not known)")) — https://mirror.ghproxy.com/https://raw.githubusercontent.com/Barabama/FreeNodes/master/nodes/wenode.txt
2026-06-14 03:08:04,392 | INFO     |   → 381/1189 ⚠️ Ошибка: HTTPSConnectionPool(host='mirror.ghproxy.com', port=443): Max retries exceeded with url: /https://raw.githubusercontent.com/Barabama/FreeNodes/master/nodes/yudou66.txt (Caused by NameResolutionError("HTTPSConnection(host='mirror.ghproxy.com', port=443): Failed to resolve 'mirror.ghproxy.com' ([Errno -2] Name or service not known)")) — https://mirror.ghproxy.com/https://raw.githubusercontent.com/Barabama/FreeNodes/master/nodes/yudou66.txt
2026-06-14 03:08:04,392 | INFO     |   → 382/1189: ✅ 7 взято | 🗑️ 17 мусор
2026-06-14 03:08:04,392 | INFO     |   → 383/1189: ✅ 0 взято | 🗑️ 17 мусор
2026-06-14 03:08:04,392 | INFO     |   → 384/1189: ✅ 14 взято | 🗑️ 14 мусор
2026-06-14 03:08:04,392 | INFO     |   → 385/1189: ✅ 0 взято | 🗑️ 14 мусор
2026-06-14 03:08:04,392 | INFO     |   → 386/1189: ✅ 0 взято | 🗑️ 14 мусор
2026-06-14 03:08:04,392 | INFO     |   → 387/1189: ✅ 0 взято | 🗑️ 14 мусор
2026-06-14 03:08:04,392 | INFO     |   → 388/1189: ✅ 0 взято | 🗑️ 14 мусор
2026-06-14 03:08:04,392 | INFO     |   → 389/1189: ✅ 0 взято | 🗑️ 14 мусор
2026-06-14 03:08:04,392 | INFO     |   → 390/1189: ✅ 0 взято | 🗑️ 14 мусор
2026-06-14 03:08:04,392 | INFO     |   → 391/1189: ✅ 0 взято | 🗑️ 14 мусор
2026-06-14 03:08:04,392 | INFO     |   → 392/1189: ✅ 0 взято | 🗑️ 14 мусор
2026-06-14 03:08:04,392 | INFO     |   → 393/1189: ✅ 7 взято | 🗑️ 21 мусор
2026-06-14 03:08:04,392 | INFO     |   → 394/1189: ✅ 0 взято | 🗑️ 21 мусор
2026-06-14 03:08:04,392 | INFO     |   → 395/1189: ✅ 0 взято | 🗑️ 21 мусор
2026-06-14 03:08:04,392 | INFO     |   → 396/1189: ✅ 0 взято | 🗑️ 21 мусор
2026-06-14 03:08:04,392 | INFO     |   → 397/1189: ✅ 0 взято | 🗑️ 21 мусор
2026-06-14 03:08:04,392 | INFO     |   → 398/1189: ✅ 0 взято | 🗑️ 21 мусор
2026-06-14 03:08:04,392 | INFO     |   → 399/1189: ✅ 0 взято | 🗑️ 21 мусор
2026-06-14 03:08:04,392 | INFO     |   → 400/1189: ✅ 0 взято | 🗑️ 21 мусор
2026-06-14 03:08:04,392 | INFO     |   → 401/1189: ✅ 0 взято | 🗑️ 21 мусор
2026-06-14 03:08:04,392 | INFO     |   → 402/1189: ✅ 0 взято | 🗑️ 21 мусор
2026-06-14 03:08:04,393 | INFO     |   → 403/1189: ✅ 0 взято | 🗑️ 21 мусор
2026-06-14 03:08:04,393 | INFO     |   → 404/1189: ✅ 5 взято | 🗑️ 15 мусор
2026-06-14 03:08:04,393 | INFO     |   → 405/1189: ✅ 0 взято | 🗑️ 15 мусор
2026-06-14 03:08:04,393 | INFO     |   → 406/1189: ✅ 0 взято | 🗑️ 15 мусор
2026-06-14 03:08:04,393 | INFO     |   → 407/1189: ✅ 0 взято | 🗑️ 15 мусор
2026-06-14 03:08:04,393 | INFO     |   → 408/1189: ✅ 0 взято | 🗑️ 15 мусор
2026-06-14 03:08:04,393 | INFO     |   → 409/1189: ✅ 0 взято | 🗑️ 15 мусор
2026-06-14 03:08:04,393 | INFO     |   → 410/1189: ✅ 0 взято | 🗑️ 15 мусор
2026-06-14 03:08:04,393 | INFO     |   → 411/1189: ✅ 0 взято | 🗑️ 15 мусор
2026-06-14 03:08:04,393 | INFO     |   → 412/1189: ✅ 0 взято | 🗑️ 15 мусор
2026-06-14 03:08:04,393 | INFO     |   → 413/1189: ✅ 0 взято | 🗑️ 14 мусор
2026-06-14 03:08:04,393 | INFO     |   → 414/1189: ✅ 0 взято | 🗑️ 14 мусор
2026-06-14 03:08:04,393 | INFO     |   → 415/1189: ✅ 0 взято | 🗑️ 14 мусор
2026-06-14 03:08:04,393 | INFO     |   → 416/1189: ✅ 0 взято | 🗑️ 14 мусор
2026-06-14 03:08:04,393 | INFO     |   → 417/1189: ✅ 6 взято | 🗑️ 17 мусор
2026-06-14 03:08:04,393 | INFO     |   → 418/1189: ✅ 0 взято | 🗑️ 17 мусор
2026-06-14 03:08:04,393 | INFO     |   → 419/1189: ✅ 0 взято | 🗑️ 17 мусор
2026-06-14 03:08:04,393 | INFO     |   → 420/1189: ✅ 0 взято | 🗑️ 17 мусор
2026-06-14 03:08:04,393 | INFO     |   → 421/1189: ✅ 0 взято | 🗑️ 17 мусор
2026-06-14 03:08:04,393 | INFO     |   → 422/1189: ✅ 0 взято | 🗑️ 17 мусор
2026-06-14 03:08:04,393 | INFO     |   → 423/1189: ✅ 6 взято | 🗑️ 24 мусор
2026-06-14 03:08:04,393 | INFO     |   → 424/1189: ✅ 0 взято | 🗑️ 24 мусор
2026-06-14 03:08:04,393 | INFO     |   → 425/1189: ✅ 0 взято | 🗑️ 24 мусор
2026-06-14 03:08:04,393 | INFO     |   → 426/1189: ✅ 0 взято | 🗑️ 24 мусор
2026-06-14 03:08:04,393 | INFO     |   → 427/1189: ✅ 0 взято | 🗑️ 24 мусор
2026-06-14 03:08:04,393 | INFO     |   → 428/1189: ✅ 0 взято | 🗑️ 24 мусор
2026-06-14 03:08:04,394 | INFO     |   → 429/1189: ✅ 0 взято | 🗑️ 24 мусор
2026-06-14 03:08:04,394 | INFO     |   → 430/1189: ✅ 0 взято | 🗑️ 24 мусор
2026-06-14 03:08:04,394 | INFO     |   → 431/1189: ✅ 0 взято | 🗑️ 24 мусор
2026-06-14 03:08:04,394 | INFO     |   → 432/1189: ✅ 0 взято | 🗑️ 24 мусор
2026-06-14 03:08:04,394 | INFO     |   → 433/1189: ✅ 0 взято | 🗑️ 24 мусор
2026-06-14 03:08:04,394 | INFO     |   → 434/1189: ✅ 13 взято | 🗑️ 7 мусор
2026-06-14 03:08:04,394 | INFO     |   → 435/1189: ✅ 0 взято | 🗑️ 7 мусор
2026-06-14 03:08:04,394 | INFO     |   → 436/1189: ✅ 0 взято | 🗑️ 7 мусор
2026-06-14 03:08:04,394 | INFO     |   → 437/1189: ✅ 0 взято | 🗑️ 7 мусор
2026-06-14 03:08:04,394 | INFO     |   → 438/1189: ✅ 0 взято | 🗑️ 7 мусор
2026-06-14 03:08:04,394 | INFO     |   → 439/1189: ✅ 0 взято | 🗑️ 7 мусор
2026-06-14 03:08:04,394 | INFO     |   → 440/1189: ✅ 0 взято | 🗑️ 7 мусор
2026-06-14 03:08:04,394 | INFO     |   → 441/1189: ✅ 0 взято | 🗑️ 7 мусор
2026-06-14 03:08:04,394 | INFO     |   → 442/1189: ✅ 0 взято | 🗑️ 7 мусор
2026-06-14 03:08:04,394 | INFO     |   → 443/1189: ✅ 0 взято | 🗑️ 7 мусор
2026-06-14 03:08:04,394 | INFO     |   → 444/1189: ✅ 5 взято | 🗑️ 9 мусор
2026-06-14 03:08:04,394 | INFO     |   → 445/1189: ✅ 0 взято | 🗑️ 9 мусор
2026-06-14 03:08:04,394 | INFO     |   → 446/1189: ✅ 0 взято | 🗑️ 9 мусор
2026-06-14 03:08:04,394 | INFO     |   → 447/1189 ❌ HTTP 403 — https://nodefree.org/dy/2023/08/20230806.yaml
2026-06-14 03:08:04,394 | INFO     |   → 448/1189 ❌ HTTP 403 — https://nodefree.org/dy/2023/12/20231221.txt
2026-06-14 03:08:04,394 | INFO     |   → 449/1189: ✅ 0 взято | 🗑️ 17 мусор
2026-06-14 03:08:04,394 | INFO     |   → 450/1189: ✅ 0 взято | 🗑️ 17 мусор
2026-06-14 03:08:04,394 | INFO     |   → 451/1189: ✅ 0 взято | 🗑️ 14 мусор
2026-06-14 03:08:04,394 | INFO     |   → 452/1189: ✅ 0 взято | 🗑️ 14 мусор
2026-06-14 03:08:04,394 | INFO     |   → 453/1189: ✅ 0 взято | 🗑️ 14 мусор
2026-06-14 03:08:04,394 | INFO     |   → 454/1189: ✅ 0 взято | 🗑️ 14 мусор
2026-06-14 03:08:04,395 | INFO     |   → 455/1189: ✅ 0 взято | 🗑️ 14 мусор
2026-06-14 03:08:04,395 | INFO     |   → 456/1189: ✅ 0 взято | 🗑️ 14 мусор
2026-06-14 03:08:04,395 | INFO     |   → 457/1189: ✅ 0 взято | 🗑️ 14 мусор
2026-06-14 03:08:04,395 | INFO     |   → 458/1189: ✅ 0 взято | 🗑️ 14 мусор
2026-06-14 03:08:04,395 | INFO     |   → 459/1189: ✅ 0 взято | 🗑️ 14 мусор
2026-06-14 03:08:04,395 | INFO     |   → 460/1189: ✅ 0 взято | 🗑️ 21 мусор
2026-06-14 03:08:04,395 | INFO     |   → 461/1189: ✅ 0 взято | 🗑️ 21 мусор
2026-06-14 03:08:04,395 | INFO     |   → 462/1189: ✅ 0 взято | 🗑️ 21 мусор
2026-06-14 03:08:04,395 | INFO     |   → 463/1189: ✅ 0 взято | 🗑️ 21 мусор
2026-06-14 03:08:04,395 | INFO     |   → 464/1189: ✅ 0 взято | 🗑️ 21 мусор
2026-06-14 03:08:04,395 | INFO     |   → 465/1189: ✅ 0 взято | 🗑️ 21 мусор
2026-06-14 03:08:04,395 | INFO     |   → 466/1189: ✅ 0 взято | 🗑️ 21 мусор
2026-06-14 03:08:04,395 | INFO     |   → 467/1189: ✅ 0 взято | 🗑️ 21 мусор
2026-06-14 03:08:04,395 | INFO     |   → 468/1189: ✅ 0 взято | 🗑️ 21 мусор
2026-06-14 03:08:04,395 | INFO     |   → 469/1189: ✅ 0 взято | 🗑️ 21 мусор
2026-06-14 03:08:04,395 | INFO     |   → 470/1189: ✅ 0 взято | 🗑️ 21 мусор
2026-06-14 03:08:04,395 | INFO     |   → 471/1189: ✅ 0 взято | 🗑️ 15 мусор
2026-06-14 03:08:04,395 | INFO     |   → 472/1189: ✅ 0 взято | 🗑️ 15 мусор
2026-06-14 03:08:04,395 | INFO     |   → 473/1189: ✅ 0 взято | 🗑️ 15 мусор
2026-06-14 03:08:04,395 | INFO     |   → 474/1189: ✅ 0 взято | 🗑️ 15 мусор
2026-06-14 03:08:04,395 | INFO     |   → 475/1189: ✅ 0 взято | 🗑️ 15 мусор
2026-06-14 03:08:04,395 | INFO     |   → 476/1189: ✅ 0 взято | 🗑️ 15 мусор
2026-06-14 03:08:04,395 | INFO     |   → 477/1189: ✅ 0 взято | 🗑️ 15 мусор
2026-06-14 03:08:04,396 | INFO     |   → 478/1189: ✅ 0 взято | 🗑️ 15 мусор
2026-06-14 03:08:04,396 | INFO     |   → 479/1189: ✅ 0 взято | 🗑️ 15 мусор
2026-06-14 03:08:04,396 | INFO     |   → 480/1189: ✅ 0 взято | 🗑️ 15 мусор
2026-06-14 03:08:04,396 | INFO     |   → 481/1189: ✅ 0 взято | 🗑️ 14 мусор
2026-06-14 03:08:04,396 | INFO     |   → 482/1189: ✅ 0 взято | 🗑️ 14 мусор
2026-06-14 03:08:04,396 | INFO     |   → 483/1189: ✅ 0 взято | 🗑️ 14 мусор
2026-06-14 03:08:04,396 | INFO     |   → 484/1189: ✅ 0 взято | 🗑️ 14 мусор
2026-06-14 03:08:04,396 | INFO     |   → 485/1189: ✅ 0 взято | 🗑️ 17 мусор
2026-06-14 03:08:04,396 | INFO     |   → 486/1189: ✅ 0 взято | 🗑️ 17 мусор
2026-06-14 03:08:04,396 | INFO     |   → 487/1189: ✅ 0 взято | 🗑️ 17 мусор
2026-06-14 03:08:04,396 | INFO     |   → 488/1189: ✅ 0 взято | 🗑️ 17 мусор
2026-06-14 03:08:04,396 | INFO     |   → 489/1189: ✅ 0 взято | 🗑️ 17 мусор
2026-06-14 03:08:04,396 | INFO     |   → 490/1189: ✅ 0 взято | 🗑️ 24 мусор
2026-06-14 03:08:04,396 | INFO     |   → 491/1189: ✅ 0 взято | 🗑️ 24 мусор
2026-06-14 03:08:04,396 | INFO     |   → 492/1189: ✅ 0 взято | 🗑️ 24 мусор
2026-06-14 03:08:04,396 | INFO     |   → 493/1189: ✅ 0 взято | 🗑️ 24 мусор
2026-06-14 03:08:04,396 | INFO     |   → 494/1189: ✅ 0 взято | 🗑️ 24 мусор
2026-06-14 03:08:04,396 | INFO     |   → 495/1189: ✅ 0 взято | 🗑️ 24 мусор
2026-06-14 03:08:04,396 | INFO     |   → 496/1189: ✅ 0 взято | 🗑️ 24 мусор
2026-06-14 03:08:04,396 | INFO     |   → 497/1189: ✅ 0 взято | 🗑️ 24 мусор
2026-06-14 03:08:04,396 | INFO     |   → 498/1189: ✅ 0 взято | 🗑️ 24 мусор
2026-06-14 03:08:04,396 | INFO     |   → 499/1189: ✅ 0 взято | 🗑️ 24 мусор
2026-06-14 03:08:04,396 | INFO     |   → 500/1189: ✅ 0 взято | 🗑️ 24 мусор
2026-06-14 03:08:04,397 | INFO     |   → 501/1189: ✅ 0 взято | 🗑️ 7 мусор
2026-06-14 03:08:04,397 | INFO     |   → 502/1189: ✅ 0 взято | 🗑️ 7 мусор
2026-06-14 03:08:04,397 | INFO     |   → 503/1189: ✅ 0 взято | 🗑️ 7 мусор
2026-06-14 03:08:04,397 | INFO     |   → 504/1189: ✅ 0 взято | 🗑️ 7 мусор
2026-06-14 03:08:04,397 | INFO     |   → 505/1189: ✅ 0 взято | 🗑️ 7 мусор
2026-06-14 03:08:04,397 | INFO     |   → 506/1189: ✅ 0 взято | 🗑️ 7 мусор
2026-06-14 03:08:04,397 | INFO     |   → 507/1189: ✅ 0 взято | 🗑️ 7 мусор
2026-06-14 03:08:04,397 | INFO     |   → 508/1189: ✅ 0 взято | 🗑️ 7 мусор
2026-06-14 03:08:04,397 | INFO     |   → 509/1189: ✅ 0 взято | 🗑️ 7 мусор
2026-06-14 03:08:04,397 | INFO     |   → 510/1189: ✅ 0 взято | 🗑️ 7 мусор
2026-06-14 03:08:04,397 | INFO     |   → 511/1189: ✅ 0 взято | 🗑️ 9 мусор
2026-06-14 03:08:04,397 | INFO     |   → 512/1189: ✅ 0 взято | 🗑️ 9 мусор
2026-06-14 03:08:04,397 | INFO     |   → 513/1189: ✅ 0 взято | 🗑️ 9 мусор
2026-06-14 03:08:04,397 | INFO     |   → 514/1189: ✅ 0 взято | 🗑️ 0 мусор
2026-06-14 03:08:04,397 | INFO     |   → 515/1189: ✅ 0 взято | 🗑️ 0 мусор
2026-06-14 03:08:04,397 | INFO     |   → 516/1189: ✅ 0 взято | 🗑️ 0 мусор
2026-06-14 03:08:04,397 | INFO     |   → 517/1189: ✅ 0 взято | 🗑️ 0 мусор
2026-06-14 03:08:04,397 | INFO     |   → 518/1189: ✅ 0 взято | 🗑️ 0 мусор
2026-06-14 03:08:04,397 | INFO     |   → 519/1189: ✅ 0 взято | 🗑️ 0 мусор
2026-06-14 03:08:04,397 | INFO     |   → 520/1189: ✅ 0 взято | 🗑️ 0 мусор
2026-06-14 03:08:04,397 | INFO     |   → 521/1189: ✅ 0 взято | 🗑️ 0 мусор
2026-06-14 03:08:04,397 | INFO     |   → 522/1189: ✅ 0 взято | 🗑️ 0 мусор
2026-06-14 03:08:04,397 | INFO     |   → 523/1189: ✅ 0 взято | 🗑️ 0 мусор
2026-06-14 03:08:04,397 | INFO     |   → 524/1189: ✅ 0 взято | 🗑️ 0 мусор
2026-06-14 03:08:04,397 | INFO     |   → 525/1189: ✅ 0 взято | 🗑️ 0 мусор
2026-06-14 03:08:04,398 | INFO     |   → 526/1189 ❌ HTTP 404 — https://raw.githubusercontent.com/10ium/MihomoSaz/main/Sublist/shatakvpn.yaml4_Sub.txt
2026-06-14 03:08:04,398 | INFO     |   → 527/1189: ✅ 0 взято | 🗑️ 0 мусор
2026-06-14 03:08:04,398 | INFO     |   → 528/1189: ✅ 0 взято | 🗑️ 0 мусор
2026-06-14 03:08:04,398 | INFO     |   → 529/1189: ✅ 167 взято | 🗑️ 672 мусор
2026-06-14 03:08:04,398 | INFO     |   → 530/1189: ✅ 0 взято | 🗑️ 0 мусор
2026-06-14 03:08:04,398 | INFO     |   → 531/1189: ✅ 0 взято | 🗑️ 0 мусор
2026-06-14 03:08:04,398 | INFO     |   → 532/1189: ✅ 11 взято | 🗑️ 399 мусор
2026-06-14 03:08:04,398 | INFO     |   → 533/1189: ✅ 0 взято | 🗑️ 0 мусор
2026-06-14 03:08:04,398 | INFO     |   → 534/1189 ❌ HTTP 404 — https://raw.githubusercontent.com/9Fork/openit/main/Clash.yaml
2026-06-14 03:08:04,398 | INFO     |   → 535/1189: ✅ 47 взято | 🗑️ 43 мусор
2026-06-14 03:08:04,398 | INFO     |   → 536/1189: ✅ 0 взято | 🗑️ 43 мусор
2026-06-14 03:08:04,398 | INFO     |   → 537/1189: ✅ 19 взято | 🗑️ 81 мусор
2026-06-14 03:08:04,398 | INFO     |   → 538/1189: ✅ 11 взято | 🗑️ 87 мусор
2026-06-14 03:08:04,398 | INFO     |   → 539/1189: ✅ 27 взято | 🗑️ 73 мусор
2026-06-14 03:08:04,398 | INFO     |   → 540/1189: ✅ 13 взято | 🗑️ 75 мусор
2026-06-14 03:08:04,398 | INFO     |   → 541/1189: ✅ 10 взято | 🗑️ 83 мусор
2026-06-14 03:08:04,398 | INFO     |   → 542/1189: ✅ 12 взято | 🗑️ 86 мусор
2026-06-14 03:08:04,398 | INFO     |   → 543/1189: ✅ 11 взято | 🗑️ 87 мусор
2026-06-14 03:08:04,398 | INFO     |   → 544/1189: ✅ 11 взято | 🗑️ 80 мусор
2026-06-14 03:08:04,398 | INFO     |   → 545/1189: ✅ 9 взято | 🗑️ 82 мусор
2026-06-14 03:08:04,398 | INFO     |   → 546/1189: ✅ 69 взято | 🗑️ 3 мусор
2026-06-14 03:08:04,398 | INFO     |   → 547/1189: ✅ 3 взято | 🗑️ 75 мусор
2026-06-14 03:08:04,398 | INFO     |   → 548/1189: ✅ 4 взято | 🗑️ 69 мусор
2026-06-14 03:08:04,398 | INFO     |   → 549/1189: ✅ 4 взято | 🗑️ 80 мусор
2026-06-14 03:08:04,398 | INFO     |   → 550/1189: ✅ 6 взято | 🗑️ 81 мусор
2026-06-14 03:08:04,398 | INFO     |   → 551/1189: ✅ 5 взято | 🗑️ 79 мусор
2026-06-14 03:08:04,399 | INFO     |   → 552/1189: ✅ 11 взято | 🗑️ 78 мусор
2026-06-14 03:08:04,399 | INFO     |   → 553/1189: ✅ 3 взято | 🗑️ 83 мусор
2026-06-14 03:08:04,399 | INFO     |   → 554/1189: ✅ 14 взято | 🗑️ 76 мусор
2026-06-14 03:08:04,399 | INFO     |   → 555/1189: ✅ 12 взято | 🗑️ 78 мусор
2026-06-14 03:08:04,399 | INFO     |   → 556/1189: ✅ 26 взято | 🗑️ 218 мусор
2026-06-14 03:08:04,399 | INFO     |   → 557/1189: ✅ 44 взято | 🗑️ 141 мусор
2026-06-14 03:08:04,399 | INFO     |   → 558/1189: ✅ 10 взято | 🗑️ 71 мусор
2026-06-14 03:08:04,399 | INFO     |   → 559/1189: ✅ 2 взято | 🗑️ 88 мусор
2026-06-14 03:08:04,399 | INFO     |   → 560/1189: ✅ 0 взято | 🗑️ 3 мусор
2026-06-14 03:08:04,399 | INFO     |   → 561/1189: ✅ 14 взято | 🗑️ 4 мусор
2026-06-14 03:08:04,399 | INFO     |   → 562/1189: ✅ 719 взято | 🗑️ 2509 мусор
2026-06-14 03:08:04,399 | INFO     |   → 563/1189 ❌ HTTP 404 — https://raw.githubusercontent.com/Alvin9999/pac2/master/clash/1/config.yaml
2026-06-14 03:08:04,399 | INFO     |   → 564/1189 ❌ HTTP 404 — https://raw.githubusercontent.com/AmirHDevo/temp2/7f15e7ddb311a6f8c5ab338bd1af0e1f2136a84b/configs.txt
2026-06-14 03:08:04,399 | INFO     |   → 565/1189: ✅ 18 взято | 🗑️ 269 мусор
2026-06-14 03:08:04,399 | INFO     |   → 566/1189: ✅ 8610 взято | 🗑️ 120230 мусор
2026-06-14 03:08:04,399 | INFO     |   → 567/1189: ✅ 5 взято | 🗑️ 47 мусор
2026-06-14 03:08:04,399 | INFO     |   → 568/1189: ✅ 0 взято | 🗑️ 43 мусор
2026-06-14 03:08:04,399 | INFO     |   → 569/1189: ✅ 21 взято | 🗑️ 107 мусор
2026-06-14 03:08:04,399 | INFO     |   → 570/1189: ✅ 78 взято | 🗑️ 347 мусор
2026-06-14 03:08:04,399 | INFO     |   → 571/1189: ✅ 0 взято | 🗑️ 1373 мусор
2026-06-14 03:08:04,399 | INFO     |   → 572/1189: ✅ 339 взято | 🗑️ 1542 мусор
2026-06-14 03:08:04,399 | INFO     |   → 573/1189: ✅ 0 взято | 🗑️ 6 мусор
2026-06-14 03:08:04,399 | INFO     |   → 574/1189: ✅ 0 взято | 🗑️ 0 мусор
2026-06-14 03:08:04,399 | INFO     |   → 575/1189: ✅ 1 взято | 🗑️ 235 мусор
2026-06-14 03:08:04,399 | INFO     |   → 576/1189: ✅ 0 взято | 🗑️ 16 мусор
2026-06-14 03:08:04,400 | INFO     |   → 577/1189: ✅ 0 взято | 🗑️ 0 мусор
2026-06-14 03:08:04,400 | INFO     |   → 578/1189: ✅ 0 взято | 🗑️ 14 мусор
2026-06-14 03:08:04,400 | INFO     |   → 579/1189: ✅ 0 взято | 🗑️ 0 мусор
2026-06-14 03:08:04,400 | INFO     |   → 580/1189: ✅ 0 взято | 🗑️ 17 мусор
2026-06-14 03:08:04,400 | INFO     |   → 581/1189: ✅ 0 взято | 🗑️ 0 мусор
2026-06-14 03:08:04,400 | INFO     |   → 582/1189: ✅ 1 взято | 🗑️ 12 мусор
2026-06-14 03:08:04,400 | INFO     |   → 583/1189: ✅ 0 взято | 🗑️ 0 мусор
2026-06-14 03:08:04,400 | INFO     |   → 584/1189: ✅ 0 взято | 🗑️ 17 мусор
2026-06-14 03:08:04,400 | INFO     |   → 585/1189: ✅ 0 взято | 🗑️ 0 мусор
2026-06-14 03:08:04,400 | INFO     |   → 586/1189: ✅ 0 взято | 🗑️ 17 мусор
2026-06-14 03:08:04,400 | INFO     |   → 587/1189: ✅ 0 взято | 🗑️ 0 мусор
2026-06-14 03:08:04,400 | INFO     |   → 588/1189: ✅ 0 взято | 🗑️ 161 мусор
2026-06-14 03:08:04,400 | INFO     |   → 589/1189: ✅ 0 взято | 🗑️ 0 мусор
2026-06-14 03:08:04,400 | INFO     |   → 590/1189: ✅ 5 взято | 🗑️ 76 мусор
2026-06-14 03:08:04,400 | INFO     |   → 591/1189: ✅ 80 взято | 🗑️ 1110 мусор
2026-06-14 03:08:04,400 | INFO     |   → 592/1189: ✅ 5 взято | 🗑️ 13 мусор
2026-06-14 03:08:04,400 | INFO     |   → 593/1189 ❌ HTTP 404 — https://raw.githubusercontent.com/Epodonios/bulk-xray-v2ray-vless-vmess-...-configs/main/sub/Austria/config.txt
2026-06-14 03:08:04,400 | INFO     |   → 594/1189 ❌ HTTP 404 — https://raw.githubusercontent.com/Epodonios/bulk-xray-v2ray-vless-vmess-...-configs/main/sub/Canada/config.txt
2026-06-14 03:08:04,400 | INFO     |   → 595/1189 ❌ HTTP 404 — https://raw.githubusercontent.com/Epodonios/bulk-xray-v2ray-vless-vmess-...-configs/main/sub/Costa%20Rica/config.txt
2026-06-14 03:08:04,400 | INFO     |   → 596/1189 ❌ HTTP 404 — https://raw.githubusercontent.com/Epodonios/bulk-xray-v2ray-vless-vmess-...-configs/main/sub/France/config.txt
2026-06-14 03:08:04,400 | INFO     |   → 597/1189 ❌ HTTP 404 — https://raw.githubusercontent.com/Epodonios/bulk-xray-v2ray-vless-vmess-...-configs/main/sub/Germany/config.txt
2026-06-14 03:08:04,400 | INFO     |   → 598/1189 ❌ HTTP 404 — https://raw.githubusercontent.com/Epodonios/bulk-xray-v2ray-vless-vmess-...-configs/main/sub/Indonesia/config.txt
2026-06-14 03:08:04,400 | INFO     |   → 599/1189 ❌ HTTP 404 — https://raw.githubusercontent.com/Epodonios/bulk-xray-v2ray-vless-vmess-...-configs/main/sub/Ireland/config.txt
2026-06-14 03:08:04,400 | INFO     |   → 600/1189 ❌ HTTP 404 — https://raw.githubusercontent.com/Epodonios/bulk-xray-v2ray-vless-vmess-...-configs/main/sub/Republic%20of%20Lithuania/config.txt
2026-06-14 03:08:04,400 | INFO     |   → 601/1189 ❌ HTTP 404 — https://raw.githubusercontent.com/Epodonios/bulk-xray-v2ray-vless-vmess-...-configs/main/sub/South%20Africa/config.txt
2026-06-14 03:08:04,400 | INFO     |   → 602/1189 ❌ HTTP 404 — https://raw.githubusercontent.com/Epodonios/bulk-xray-v2ray-vless-vmess-...-configs/main/sub/Sweden/config.txt
2026-06-14 03:08:04,401 | INFO     |   → 603/1189 ❌ HTTP 404 — https://raw.githubusercontent.com/Epodonios/bulk-xray-v2ray-vless-vmess-...-configs/main/sub/Turkey/config.txt
2026-06-14 03:08:04,401 | INFO     |   → 604/1189 ❌ HTTP 404 — https://raw.githubusercontent.com/Epodonios/bulk-xray-v2ray-vless-vmess-...-configs/main/sub/United%20Arab%20Emirates/config.txt
2026-06-14 03:08:04,401 | INFO     |   → 605/1189 ❌ HTTP 404 — https://raw.githubusercontent.com/Epodonios/bulk-xray-v2ray-vless-vmess-...-configs/main/sub/United%20Kingdom/config.txt
2026-06-14 03:08:04,401 | INFO     |   → 606/1189 ❌ HTTP 404 — https://raw.githubusercontent.com/Epodonios/bulk-xray-v2ray-vless-vmess-...-configs/main/sub/United%20States/config.txt
2026-06-14 03:08:04,401 | INFO     |   → 607/1189: ✅ 719 взято | 🗑️ 4879 мусор
2026-06-14 03:08:04,401 | INFO     |   → 608/1189 ❌ HTTP 404 — https://raw.githubusercontent.com/Epodonios/v2ray-configs/main/Splitted-By-Protocol/mix.txt
2026-06-14 03:08:04,401 | INFO     |   → 609/1189: ✅ 7 взято | 🗑️ 533 мусор
2026-06-14 03:08:04,401 | INFO     |   → 610/1189: ✅ 0 взято | 🗑️ 0 мусор
2026-06-14 03:08:04,401 | INFO     |   → 611/1189: ✅ 11 взято | 🗑️ 472 мусор
2026-06-14 03:08:04,401 | INFO     |   → 612/1189: ✅ 73 взято | 🗑️ 3301 мусор
2026-06-14 03:08:04,401 | INFO     |   → 613/1189: ✅ 3 взято | 🗑️ 559 мусор
2026-06-14 03:08:04,401 | INFO     |   → 614/1189 ❌ HTTP 404 — https://raw.githubusercontent.com/Epodonios/v2ray-configs/raw/main/Splitted-By-Protocol/trojan.txt
2026-06-14 03:08:04,401 | INFO     |   → 615/1189 ❌ HTTP 404 — https://raw.githubusercontent.com/Epodonios/v2ray-configs/raw/main/Splitted-By-Protocol/vmess.txt
2026-06-14 03:08:04,401 | INFO     |   → 616/1189: ✅ 0 взято | 🗑️ 533 мусор
2026-06-14 03:08:04,401 | INFO     |   → 617/1189: ✅ 0 взято | 🗑️ 0 мусор
2026-06-14 03:08:04,401 | INFO     |   → 618/1189: ✅ 0 взято | 🗑️ 472 мусор
2026-06-14 03:08:04,401 | INFO     |   → 619/1189: ✅ 0 взято | 🗑️ 3301 мусор
2026-06-14 03:08:04,401 | INFO     |   → 620/1189: ✅ 0 взято | 🗑️ 559 мусор
2026-06-14 03:08:04,401 | INFO     |   → 621/1189 ❌ HTTP 404 — https://raw.githubusercontent.com/Fido6/FreeNodes/57221e59caddde55ffdda21d491ae952cd608049/nodes/halekj.txt
2026-06-14 03:08:04,401 | INFO     |   → 622/1189 ❌ HTTP 404 — https://raw.githubusercontent.com/Fido6/FreeNodes/57221e59caddde55ffdda21d491ae952cd608049/nodes/kkzui.txt
2026-06-14 03:08:04,401 | INFO     |   → 623/1189 ❌ HTTP 404 — https://raw.githubusercontent.com/Fido6/FreeNodes/57221e59caddde55ffdda21d491ae952cd608049/nodes/wenode.txt
2026-06-14 03:08:04,401 | INFO     |   → 624/1189: ✅ 0 взято | 🗑️ 0 мусор
2026-06-14 03:08:04,401 | INFO     |   → 625/1189: ✅ 0 взято | 🗑️ 0 мусор
2026-06-14 03:08:04,401 | INFO     |   → 626/1189: ✅ 14 взято | 🗑️ 250 мусор
2026-06-14 03:08:04,401 | INFO     |   → 627/1189: ✅ 5 взято | 🗑️ 9 мусор
2026-06-14 03:08:04,401 | INFO     |   → 628/1189: ✅ 1 взято | 🗑️ 17 мусор
2026-06-14 03:08:04,402 | INFO     |   → 629/1189: ✅ 4 взято | 🗑️ 11 мусор
2026-06-14 03:08:04,402 | INFO     |   → 630/1189: ✅ 0 взято | 🗑️ 0 мусор
2026-06-14 03:08:04,402 | INFO     |   → 631/1189: ✅ 0 взято | 🗑️ 137 мусор
2026-06-14 03:08:04,402 | INFO     |   → 632/1189: ✅ 0 взято | 🗑️ 32 мусор
2026-06-14 03:08:04,402 | INFO     |   → 633/1189: ✅ 2 взято | 🗑️ 19 мусор
2026-06-14 03:08:04,402 | INFO     |   → 634/1189: ✅ 0 взято | 🗑️ 43 мусор
2026-06-14 03:08:04,402 | INFO     |   → 635/1189: ✅ 0 взято | 🗑️ 43 мусор
2026-06-14 03:08:04,402 | INFO     |   → 636/1189 ❌ HTTP 404 — https://raw.githubusercontent.com/Iran-v2ray/v2ray/main/v2ray
2026-06-14 03:08:04,402 | INFO     |   → 637/1189: ✅ 0 взято | 🗑️ 1 мусор
2026-06-14 03:08:04,402 | INFO     |   → 638/1189: ✅ 0 взято | 🗑️ 1 мусор
2026-06-14 03:08:04,402 | INFO     |   → 639/1189: ✅ 0 взято | 🗑️ 28 мусор
2026-06-14 03:08:04,402 | INFO     |   → 640/1189: ✅ 14 взято | 🗑️ 282 мусор
2026-06-14 03:08:04,402 | INFO     |   → 641/1189: ✅ 0 взято | 🗑️ 94 мусор
2026-06-14 03:08:04,402 | INFO     |   → 642/1189: ✅ 0 взято | 🗑️ 0 мусор
2026-06-14 03:08:04,402 | INFO     |   → 643/1189: ✅ 0 взято | 🗑️ 0 мусор
2026-06-14 03:08:04,402 | INFO     |   → 644/1189 ❌ HTTP 404 — https://raw.githubusercontent.com/Kwinshadow/TelegramV2rayCollector/raw/refs/heads/main/sublinks/mix.txt
2026-06-14 03:08:04,402 | INFO     |   → 645/1189 ❌ HTTP 404 — https://raw.githubusercontent.com/LalatinaHub/Mineral/raw/refs/heads/master/result/nodes
2026-06-14 03:08:04,402 | INFO     |   → 646/1189 ❌ HTTP 404 — https://raw.githubusercontent.com/Leon406/SubCrawler/main/sub/share/all3
2026-06-14 03:08:04,402 | INFO     |   → 647/1189 ❌ HTTP 404 — https://raw.githubusercontent.com/Leon406/SubCrawler/main/sub/share/all4
2026-06-14 03:08:04,402 | INFO     |   → 648/1189: ✅ 4 взято | 🗑️ 335 мусор
2026-06-14 03:08:04,402 | INFO     |   → 649/1189: ✅ 0 взято | 🗑️ 33 мусор
2026-06-14 03:08:04,402 | INFO     |   → 650/1189: ✅ 0 взято | 🗑️ 6 мусор
2026-06-14 03:08:04,402 | INFO     |   → 651/1189: ✅ 0 взято | 🗑️ 147 мусор
2026-06-14 03:08:04,402 | INFO     |   → 652/1189 ❌ HTTP 404 — https://raw.githubusercontent.com/M-Mashreghi/free-config-collector/main/Splitted-By-Protocol/ssr.txt
2026-06-14 03:08:04,402 | INFO     |   → 653/1189: ✅ 139 взято | 🗑️ 114 мусор
2026-06-14 03:08:04,402 | INFO     |   → 654/1189: ✅ 126 взято | 🗑️ 137 мусор
2026-06-14 03:08:04,403 | INFO     |   → 655/1189: ✅ 0 взято | 🗑️ 12 мусор
2026-06-14 03:08:04,403 | INFO     |   → 656/1189: ✅ 0 взято | 🗑️ 1 мусор
2026-06-14 03:08:04,403 | INFO     |   → 657/1189: ✅ 42 взято | 🗑️ 83 мусор
2026-06-14 03:08:04,403 | INFO     |   → 658/1189: ✅ 0 взято | 🗑️ 83 мусор
2026-06-14 03:08:04,403 | INFO     |   → 659/1189 ❌ HTTP 404 — https://raw.githubusercontent.com/MatinGhanbari/v2ray-configs/main/subscriptions/filtered/subs/hy2.txt
2026-06-14 03:08:04,403 | INFO     |   → 660/1189: ✅ 30 взято | 🗑️ 1535 мусор
2026-06-14 03:08:04,403 | INFO     |   → 661/1189 ❌ HTTP 404 — https://raw.githubusercontent.com/MatinGhanbari/v2ray-configs/main/subscriptions/filtered/subs/ssr.txt
2026-06-14 03:08:04,403 | INFO     |   → 662/1189: ✅ 63 взято | 🗑️ 490 мусор
2026-06-14 03:08:04,403 | INFO     |   → 663/1189 ❌ HTTP 404 — https://raw.githubusercontent.com/MatinGhanbari/v2ray-configs/main/subscriptions/filtered/subs/tuic.txt
2026-06-14 03:08:04,403 | INFO     |   → 664/1189: ✅ 5 взято | 🗑️ 60 мусор
2026-06-14 03:08:04,403 | INFO     |   → 665/1189: ✅ 245 взято | 🗑️ 1528 мусор
2026-06-14 03:08:04,403 | INFO     |   → 666/1189: ✅ 0 взято | 🗑️ 2 мусор
2026-06-14 03:08:04,403 | INFO     |   → 667/1189: ✅ 219 взято | 🗑️ 1179 мусор
2026-06-14 03:08:04,403 | INFO     |   → 668/1189: ✅ 0 взято | 🗑️ 585 мусор
2026-06-14 03:08:04,403 | INFO     |   → 669/1189: ✅ 0 взято | 🗑️ 585 мусор
2026-06-14 03:08:04,403 | INFO     |   → 670/1189: ✅ 0 взято | 🗑️ 69 мусор
2026-06-14 03:08:04,403 | INFO     |   → 671/1189: ✅ 0 взято | 🗑️ 2 мусор
2026-06-14 03:08:04,403 | INFO     |   → 672/1189: ✅ 0 взято | 🗑️ 442 мусор
2026-06-14 03:08:04,403 | INFO     |   → 673/1189: ✅ 0 взято | 🗑️ 89 мусор
2026-06-14 03:08:04,403 | INFO     |   → 674/1189 ❌ HTTP 404 — https://raw.githubusercontent.com/MhdiTaheri/V2rayCollector/raw/refs/heads/main/sub/mix
2026-06-14 03:08:04,403 | INFO     |   → 675/1189: ✅ 53 взято | 🗑️ 267 мусор
2026-06-14 03:08:04,403 | INFO     |   → 676/1189 ❌ HTTP 404 — https://raw.githubusercontent.com/MhdiTaheri/V2rayCollector_Py/raw/refs/heads/main/sub/Mix/mix.txt
2026-06-14 03:08:04,403 | INFO     |   → 677/1189: ✅ 0 взято | 🗑️ 0 мусор
2026-06-14 03:08:04,403 | INFO     |   → 678/1189: ✅ 43 взято | 🗑️ 217 мусор
2026-06-14 03:08:04,403 | INFO     |   → 679/1189: ✅ 0 взято | 🗑️ 31 мусор
2026-06-14 03:08:04,403 | INFO     |   → 680/1189: ✅ 93 взято | 🗑️ 282 мусор
2026-06-14 03:08:04,404 | INFO     |   → 681/1189: ✅ 0 взято | 🗑️ 26 мусор
2026-06-14 03:08:04,404 | INFO     |   → 682/1189 ❌ HTTP 404 — https://raw.githubusercontent.com/MrMohebi/xray-proxy-grabber-telegram/master/collected-proxies/clash-meta/all.yaml
2026-06-14 03:08:04,404 | INFO     |   → 683/1189 ❌ HTTP 404 — https://raw.githubusercontent.com/MrMohebi/xray-proxy-grabber-telegram/master/collected-proxies/row-url/actives.txt
2026-06-14 03:08:04,404 | INFO     |   → 684/1189 ❌ HTTP 404 — https://raw.githubusercontent.com/MrMohebi/xray-proxy-grabber-telegram/master/collected-proxies/row-url/all.txt
2026-06-14 03:08:04,404 | INFO     |   → 685/1189: ✅ 0 взято | 🗑️ 13 мусор
2026-06-14 03:08:04,404 | INFO     |   → 686/1189: ✅ 0 взято | 🗑️ 13 мусор
2026-06-14 03:08:04,404 | INFO     |   → 687/1189: ✅ 5 взято | 🗑️ 15 мусор
2026-06-14 03:08:04,404 | INFO     |   → 688/1189: ✅ 0 взято | 🗑️ 30 мусор
2026-06-14 03:08:04,404 | INFO     |   → 689/1189: ✅ 0 взято | 🗑️ 15 мусор
2026-06-14 03:08:04,404 | INFO     |   → 690/1189: ✅ 66 взято | 🗑️ 123 мусор
2026-06-14 03:08:04,404 | INFO     |   → 691/1189: ✅ 133 взято | 🗑️ 65 мусор
2026-06-14 03:08:04,404 | INFO     |   → 692/1189: ✅ 0 взято | 🗑️ 0 мусор
2026-06-14 03:08:04,404 | INFO     |   → 693/1189 ❌ HTTP 404 — https://raw.githubusercontent.com/OpenCNLink/freevpn/3cfcff048bfdd1493ccffa52ecf30ce7f9fc6b28/src/list/vmess.txt
2026-06-14 03:08:04,404 | INFO     |   → 694/1189 ❌ HTTP 404 — https://raw.githubusercontent.com/Pawdro/Collection/main/sub
2026-06-14 03:08:04,404 | INFO     |   → 695/1189: ✅ 0 взято | 🗑️ 13 мусор
2026-06-14 03:08:04,404 | INFO     |   → 696/1189: ✅ 0 взято | 🗑️ 13 мусор
2026-06-14 03:08:04,404 | INFO     |   → 697/1189: ✅ 0 взято | 🗑️ 0 мусор
2026-06-14 03:08:04,404 | INFO     |   → 698/1189: ✅ 0 взято | 🗑️ 0 мусор
2026-06-14 03:08:04,404 | INFO     |   → 699/1189: ✅ 0 взято | 🗑️ 50 мусор
2026-06-14 03:08:04,404 | INFO     |   → 700/1189: ✅ 5 взято | 🗑️ 206 мусор
2026-06-14 03:08:04,404 | INFO     |   → 701/1189: ✅ 21 взято | 🗑️ 138 мусор
2026-06-14 03:08:04,404 | INFO     |   → 702/1189: ✅ 23 взято | 🗑️ 89 мусор
2026-06-14 03:08:04,404 | INFO     |   → 703/1189: ✅ 9 взято | 🗑️ 85 мусор
2026-06-14 03:08:04,404 | INFO     |   → 704/1189: ✅ 0 взято | 🗑️ 129 мусор
2026-06-14 03:08:04,404 | INFO     |   → 705/1189: ✅ 0 взято | 🗑️ 81 мусор
2026-06-14 03:08:04,404 | INFO     |   → 706/1189 ❌ HTTP 404 — https://raw.githubusercontent.com/STR97/STRUGOV/refs/heads/main/STR.BYPASS
2026-06-14 03:08:04,405 | INFO     |   → 707/1189: ✅ 4 взято | 🗑️ 34 мусор
2026-06-14 03:08:04,405 | INFO     |   → 708/1189: ✅ 11 взято | 🗑️ 16 мусор
2026-06-14 03:08:04,405 | INFO     |   → 709/1189: ✅ 0 взято | 🗑️ 16 мусор
2026-06-14 03:08:04,405 | INFO     |   → 710/1189: ✅ 0 взято | 🗑️ 27 мусор
2026-06-14 03:08:04,405 | INFO     |   → 711/1189: ✅ 140 взято | 🗑️ 1153 мусор
2026-06-14 03:08:04,405 | INFO     |   → 712/1189: ✅ 29 взято | 🗑️ 54 мусор
2026-06-14 03:08:04,405 | INFO     |   → 713/1189: ✅ 0 взято | 🗑️ 5 мусор
2026-06-14 03:08:04,405 | INFO     |   → 714/1189: ✅ 1 взято | 🗑️ 0 мусор
2026-06-14 03:08:04,405 | INFO     |   → 715/1189: ✅ 0 взято | 🗑️ 16 мусор
2026-06-14 03:08:04,405 | INFO     |   → 716/1189: ✅ 0 взято | 🗑️ 5 мусор
2026-06-14 03:08:04,405 | INFO     |   → 717/1189: ✅ 0 взято | 🗑️ 16 мусор
2026-06-14 03:08:04,405 | INFO     |   → 718/1189: ✅ 4 взято | 🗑️ 291 мусор
2026-06-14 03:08:04,405 | INFO     |   → 719/1189: ✅ 0 взято | 🗑️ 119 мусор
2026-06-14 03:08:04,405 | INFO     |   → 720/1189: ✅ 0 взято | 🗑️ 0 мусор
2026-06-14 03:08:04,405 | INFO     |   → 721/1189 ❌ HTTP 404 — https://raw.githubusercontent.com/V2RAYCONFIGSPOOL/V2RAY_SUB/main/V2RAY_SUB.txt
2026-06-14 03:08:04,405 | INFO     |   → 722/1189: ✅ 83 взято | 🗑️ 130 мусор
2026-06-14 03:08:04,405 | INFO     |   → 723/1189: ✅ 16 взято | 🗑️ 17 мусор
2026-06-14 03:08:04,405 | INFO     |   → 724/1189: ✅ 0 взято | 🗑️ 0 мусор
2026-06-14 03:08:04,405 | INFO     |   → 725/1189: ✅ 0 взято | 🗑️ 17 мусор
2026-06-14 03:08:04,405 | INFO     |   → 726/1189: ✅ 58 взято | 🗑️ 348 мусор
2026-06-14 03:08:04,405 | INFO     |   → 727/1189: ✅ 0 взято | 🗑️ 0 мусор
2026-06-14 03:08:04,405 | INFO     |   → 728/1189: ✅ 6 взято | 🗑️ 245 мусор
2026-06-14 03:08:04,405 | INFO     |   → 729/1189: ✅ 0 взято | 🗑️ 0 мусор
2026-06-14 03:08:04,405 | INFO     |   → 730/1189: ✅ 3 взято | 🗑️ 322 мусор
2026-06-14 03:08:04,405 | INFO     |   → 731/1189: ✅ 0 взято | 🗑️ 0 мусор
2026-06-14 03:08:04,405 | INFO     |   → 732/1189: ✅ 0 взято | 🗑️ 0 мусор
2026-06-14 03:08:04,406 | INFO     |   → 733/1189: ✅ 3 взято | 🗑️ 268 мусор
2026-06-14 03:08:04,406 | INFO     |   → 734/1189: ✅ 1 взято | 🗑️ 251 мусор
2026-06-14 03:08:04,406 | INFO     |   → 735/1189: ✅ 1 взято | 🗑️ 231 мусор
2026-06-14 03:08:04,406 | INFO     |   → 736/1189: ✅ 0 взято | 🗑️ 0 мусор
2026-06-14 03:08:04,406 | INFO     |   → 737/1189: ✅ 1 взято | 🗑️ 83 мусор
2026-06-14 03:08:04,406 | INFO     |   → 738/1189: ✅ 0 взято | 🗑️ 16 мусор
2026-06-14 03:08:04,406 | INFO     |   → 739/1189: ✅ 0 взято | 🗑️ 16 мусор
2026-06-14 03:08:04,406 | INFO     |   → 740/1189 ❌ HTTP 404 — https://raw.githubusercontent.com/aiboboxx/clashfree/main/clash.yml
2026-06-14 03:08:04,406 | INFO     |   → 741/1189 ❌ HTTP 404 — https://raw.githubusercontent.com/aiboboxx/v2rayfree/main/v2
2026-06-14 03:08:04,406 | INFO     |   → 742/1189 ❌ HTTP 404 — https://raw.githubusercontent.com/amirmohammad-mohammad-88/Sub-Reality-Azadi-config/Config/Azadi-Reality-Different
2026-06-14 03:08:04,406 | INFO     |   → 743/1189 ❌ HTTP 404 — https://raw.githubusercontent.com/amirmohammad-mohammad-88/Sub-Reality-Azadi-config/Config/Azadi-Reality-Different-Base64
2026-06-14 03:08:04,406 | INFO     |   → 744/1189: ✅ 1 взято | 🗑️ 17 мусор
2026-06-14 03:08:04,406 | INFO     |   → 745/1189: ✅ 0 взято | 🗑️ 0 мусор
2026-06-14 03:08:04,406 | INFO     |   → 746/1189: ✅ 4 взято | 🗑️ 114 мусор
2026-06-14 03:08:04,406 | INFO     |   → 747/1189: ✅ 25 взято | 🗑️ 50 мусор
2026-06-14 03:08:04,406 | INFO     |   → 748/1189 ❌ HTTP 404 — https://raw.githubusercontent.com/awesome-vpn/awesome-vpn/master/ss
2026-06-14 03:08:04,406 | INFO     |   → 749/1189 ❌ HTTP 404 — https://raw.githubusercontent.com/awesome-vpn/awesome-vpn/master/ssr
2026-06-14 03:08:04,406 | INFO     |   → 750/1189: ✅ 0 взято | 🗑️ 0 мусор
2026-06-14 03:08:04,406 | INFO     |   → 751/1189: ✅ 1 взято | 🗑️ 22 мусор
2026-06-14 03:08:04,406 | INFO     |   → 752/1189: ✅ 0 взято | 🗑️ 433 мусор
2026-06-14 03:08:04,406 | INFO     |   → 753/1189 ❌ HTTP 404 — https://raw.githubusercontent.com/barry-far/V2ray-Configs/ced94ddfff48276ec365b40227561f36b1b64bc8/Sub5.txt
2026-06-14 03:08:04,406 | INFO     |   → 754/1189 ❌ HTTP 404 — https://raw.githubusercontent.com/barry-far/V2ray-Configs/main/Splitted-By-Protocol/hysteria2.txt
2026-06-14 03:08:04,406 | INFO     |   → 755/1189 ❌ HTTP 404 — https://raw.githubusercontent.com/barry-far/V2ray-Configs/main/Splitted-By-Protocol/vless.txt
2026-06-14 03:08:04,406 | INFO     |   → 756/1189 ❌ HTTP 404 — https://raw.githubusercontent.com/barry-far/V2ray-Configs/main/Sub1.txt
2026-06-14 03:08:04,406 | INFO     |   → 757/1189 ❌ HTTP 404 — https://raw.githubusercontent.com/barry-far/V2ray-Configs/refs/heads/main/All_Configs_Sub.txt
2026-06-14 03:08:04,407 | INFO     |   → 758/1189: ✅ 0 взято | 🗑️ 0 мусор
2026-06-14 03:08:04,407 | INFO     |   → 759/1189 ❌ HTTP 404 — https://raw.githubusercontent.com/budamu/clashconfig/main/v2ray.txt
2026-06-14 03:08:04,407 | INFO     |   → 760/1189 ❌ HTTP 404 — https://raw.githubusercontent.com/budamu/clashconfig/main/v2ray2.txt
2026-06-14 03:08:04,407 | INFO     |   → 761/1189: ✅ 0 взято | 🗑️ 0 мусор
2026-06-14 03:08:04,407 | INFO     |   → 762/1189: ✅ 0 взято | 🗑️ 442 мусор
2026-06-14 03:08:04,407 | INFO     |   → 763/1189: ✅ 0 взято | 🗑️ 0 мусор
2026-06-14 03:08:04,407 | INFO     |   → 764/1189 ❌ HTTP 404 — https://raw.githubusercontent.com/chxxyz2004/zd/17fca23b73c46b5dd73e9be49b14d219b5e5f836/sub/2401/240110.txt
2026-06-14 03:08:04,407 | INFO     |   → 765/1189: ✅ 0 взято | 🗑️ 44 мусор
2026-06-14 03:08:04,407 | INFO     |   → 766/1189: ✅ 236 взято | 🗑️ 517 мусор
2026-06-14 03:08:04,407 | INFO     |   → 767/1189 ❌ HTTP 404 — https://raw.githubusercontent.com/cxr9912/cxr2022/main/free.yaml
2026-06-14 03:08:04,407 | INFO     |   → 768/1189 ❌ HTTP 404 — https://raw.githubusercontent.com/cxr9912/cxr2022/main/mix.yaml
2026-06-14 03:08:04,407 | INFO     |   → 769/1189 ❌ HTTP 404 — https://raw.githubusercontent.com/cxr9912/cxr2022/main/ss.yaml
2026-06-14 03:08:04,407 | INFO     |   → 770/1189 ❌ HTTP 404 — https://raw.githubusercontent.com/cxr9912/cxr2022/main/ssr.yaml
2026-06-14 03:08:04,407 | INFO     |   → 771/1189 ❌ HTTP 404 — https://raw.githubusercontent.com/cxr9912/cxr2022/main/vmess.yaml
2026-06-14 03:08:04,407 | INFO     |   → 772/1189 ❌ HTTP 404 — https://raw.githubusercontent.com/cxr9912/cxr2022/refs/heads/main/18cj.json
2026-06-14 03:08:04,407 | INFO     |   → 773/1189 ❌ HTTP 404 — https://raw.githubusercontent.com/cxr9912/cxr2022/refs/heads/main/aaaaaaaa.yaml
2026-06-14 03:08:04,407 | INFO     |   → 774/1189 ❌ HTTP 404 — https://raw.githubusercontent.com/cxr9912/cxr2022/refs/heads/main/free.yaml
2026-06-14 03:08:04,407 | INFO     |   → 775/1189 ❌ HTTP 404 — https://raw.githubusercontent.com/cxr9912/cxr2022/refs/heads/main/ss2088.txt
2026-06-14 03:08:04,407 | INFO     |   → 776/1189: ✅ 0 взято | 🗑️ 18 мусор
2026-06-14 03:08:04,407 | INFO     |   → 777/1189: ✅ 0 взято | 🗑️ 18 мусор
2026-06-14 03:08:04,407 | INFO     |   → 778/1189: ✅ 6 взято | 🗑️ 78 мусор
2026-06-14 03:08:04,407 | INFO     |   → 779/1189: ✅ 6 взято | 🗑️ 4 мусор
2026-06-14 03:08:04,407 | INFO     |   → 780/1189: ✅ 0 взято | 🗑️ 2 мусор
2026-06-14 03:08:04,407 | INFO     |   → 781/1189: ✅ 0 взято | 🗑️ 2 мусор
2026-06-14 03:08:04,407 | INFO     |   → 782/1189: ✅ 14 взято | 🗑️ 5 мусор
2026-06-14 03:08:04,407 | INFO     |   → 783/1189: ✅ 0 взято | 🗑️ 2 мусор
2026-06-14 03:08:04,408 | INFO     |   → 784/1189: ✅ 0 взято | 🗑️ 2 мусор
2026-06-14 03:08:04,408 | INFO     |   → 785/1189: ✅ 0 взято | 🗑️ 2 мусор
2026-06-14 03:08:04,408 | INFO     |   → 786/1189: ✅ 1 взято | 🗑️ 1 мусор
2026-06-14 03:08:04,408 | INFO     |   → 787/1189: ✅ 0 взято | 🗑️ 5 мусор
2026-06-14 03:08:04,408 | INFO     |   → 788/1189: ✅ 0 взято | 🗑️ 2 мусор
2026-06-14 03:08:04,408 | INFO     |   → 789/1189: ✅ 0 взято | 🗑️ 0 мусор
2026-06-14 03:08:04,408 | INFO     |   → 790/1189: ✅ 10102 взято | 🗑️ 184039 мусор
2026-06-14 03:08:04,408 | INFO     |   → 791/1189: ✅ 9 взято | 🗑️ 133 мусор
2026-06-14 03:08:04,408 | INFO     |   → 792/1189: ✅ 6 взято | 🗑️ 113 мусор
2026-06-14 03:08:04,408 | INFO     |   → 793/1189: ✅ 0 взято | 🗑️ 0 мусор
2026-06-14 03:08:04,408 | INFO     |   → 794/1189: ✅ 7 взято | 🗑️ 19 мусор
2026-06-14 03:08:04,408 | INFO     |   → 795/1189: ✅ 0 взято | 🗑️ 0 мусор
2026-06-14 03:08:04,408 | INFO     |   → 796/1189: ✅ 13 взято | 🗑️ 19 мусор
2026-06-14 03:08:04,408 | INFO     |   → 797/1189: ✅ 0 взято | 🗑️ 5 мусор
2026-06-14 03:08:04,408 | INFO     |   → 798/1189: ✅ 2 взято | 🗑️ 80 мусор
2026-06-14 03:08:04,408 | INFO     |   → 799/1189 ❌ HTTP 404 — https://raw.githubusercontent.com/free-nodes/v2rayfree/main/v2
2026-06-14 03:08:04,408 | INFO     |   → 800/1189 ❌ HTTP 404 — https://raw.githubusercontent.com/free-v2ray-config/trojan/main/trojan.txt
2026-06-14 03:08:04,408 | INFO     |   → 801/1189 ❌ HTTP 404 — https://raw.githubusercontent.com/free-v2ray-config/vless/main/vless.txt
2026-06-14 03:08:04,408 | INFO     |   → 802/1189 ❌ HTTP 404 — https://raw.githubusercontent.com/free-v2ray-config/vmess/main/vmess.txt
2026-06-14 03:08:04,408 | INFO     |   → 803/1189: ✅ 5 взято | 🗑️ 169 мусор
2026-06-14 03:08:04,408 | INFO     |   → 804/1189: ✅ 34 взято | 🗑️ 121 мусор
2026-06-14 03:08:04,408 | INFO     |   → 805/1189: ✅ 4 взято | 🗑️ 97 мусор
2026-06-14 03:08:04,408 | INFO     |   → 806/1189 ❌ HTTP 404 — https://raw.githubusercontent.com/free18/v2ray/main/Clash.yaml
2026-06-14 03:08:04,408 | INFO     |   → 807/1189: ✅ 0 взято | 🗑️ 0 мусор
2026-06-14 03:08:04,408 | INFO     |   → 808/1189: ✅ 0 взято | 🗑️ 15 мусор
2026-06-14 03:08:04,408 | INFO     |   → 809/1189: ✅ 0 взято | 🗑️ 0 мусор
2026-06-14 03:08:04,409 | INFO     |   → 810/1189: ✅ 0 взято | 🗑️ 8 мусор
2026-06-14 03:08:04,409 | INFO     |   → 811/1189: ✅ 0 взято | 🗑️ 8 мусор
2026-06-14 03:08:04,409 | INFO     |   → 812/1189: ✅ 0 взято | 🗑️ 8 мусор
2026-06-14 03:08:04,409 | INFO     |   → 813/1189: ✅ 0 взято | 🗑️ 8 мусор
2026-06-14 03:08:04,409 | INFO     |   → 814/1189 ❌ HTTP 404 — https://raw.githubusercontent.com/freev2rayconfig/V2RAY_SUB/3e6a7786a1601ee3723e8d043ae79e70dbdfd9a8/v2rayconfigs.txt
2026-06-14 03:08:04,409 | INFO     |   → 815/1189 ❌ HTTP 404 — https://raw.githubusercontent.com/freev2rayconfig/V2RAY_SUBSCRIPTION_LINK/main/v2rayconfigs.txt
2026-06-14 03:08:04,409 | INFO     |   → 816/1189 ❌ HTTP 404 — https://raw.githubusercontent.com/gfpcom/free-proxy-list/main/list/http.txt
2026-06-14 03:08:04,409 | INFO     |   → 817/1189 ❌ HTTP 404 — https://raw.githubusercontent.com/gfpcom/free-proxy-list/main/list/https.txt
2026-06-14 03:08:04,409 | INFO     |   → 818/1189 ❌ HTTP 404 — https://raw.githubusercontent.com/gfpcom/free-proxy-list/main/list/socks4.txt
2026-06-14 03:08:04,409 | INFO     |   → 819/1189 ❌ HTTP 404 — https://raw.githubusercontent.com/gfpcom/free-proxy-list/main/list/socks4a.txt
2026-06-14 03:08:04,409 | INFO     |   → 820/1189 ❌ HTTP 404 — https://raw.githubusercontent.com/gfpcom/free-proxy-list/main/list/socks5.txt
2026-06-14 03:08:04,409 | INFO     |   → 821/1189 ❌ HTTP 404 — https://raw.githubusercontent.com/gfpcom/free-proxy-list/main/list/socks5h.txt
2026-06-14 03:08:04,409 | INFO     |   → 822/1189 ❌ HTTP 404 — https://raw.githubusercontent.com/gfpcom/free-proxy-list/main/list/ss.txt
2026-06-14 03:08:04,409 | INFO     |   → 823/1189 ❌ HTTP 404 — https://raw.githubusercontent.com/gfpcom/free-proxy-list/main/list/ssr.txt
2026-06-14 03:08:04,409 | INFO     |   → 824/1189 ❌ HTTP 404 — https://raw.githubusercontent.com/gfpcom/free-proxy-list/main/list/trojan.txt
2026-06-14 03:08:04,409 | INFO     |   → 825/1189 ❌ HTTP 404 — https://raw.githubusercontent.com/gfpcom/free-proxy-list/main/list/vless.txt
2026-06-14 03:08:04,409 | INFO     |   → 826/1189 ❌ HTTP 404 — https://raw.githubusercontent.com/gfpcom/free-proxy-list/main/list/vmess.txt
2026-06-14 03:08:04,409 | INFO     |   → 827/1189: ✅ 0 взято | 🗑️ 17 мусор
2026-06-14 03:08:04,409 | INFO     |   → 828/1189: ✅ 0 взято | 🗑️ 0 мусор
2026-06-14 03:08:04,409 | INFO     |   → 829/1189: ✅ 4 взято | 🗑️ 63 мусор
2026-06-14 03:08:04,409 | INFO     |   → 830/1189 ❌ HTTP 404 — https://raw.githubusercontent.com/hameed-maleki/TVC/89a4522969c57dcc22458cae9898426e5c4f2679/lite/config.txt
2026-06-14 03:08:04,409 | INFO     |   → 831/1189: ✅ 5 взято | 🗑️ 132 мусор
2026-06-14 03:08:04,409 | INFO     |   → 832/1189: ✅ 0 взято | 🗑️ 56 мусор
2026-06-14 03:08:04,409 | INFO     |   → 833/1189 ❌ HTTP 404 — https://raw.githubusercontent.com/hkaa0/permalink/main/proxy/V2ray
2026-06-14 03:08:04,409 | INFO     |   → 834/1189 ❌ HTTP 404 — https://raw.githubusercontent.com/hkaa0/permalink/main/proxy/clash
2026-06-14 03:08:04,409 | INFO     |   → 835/1189 ❌ HTTP 404 — https://raw.githubusercontent.com/hkpc/Autoproxy/6cf946ddfc677a29062007e4b47d70674474baa7/sub/2401/240110.txt
2026-06-14 03:08:04,410 | INFO     |   → 836/1189 ❌ HTTP 404 — https://raw.githubusercontent.com/hkpc/V2ray-Configs/7d9aa0dabf947af180a7dd6302818ed37950531a/Sub1.txt
2026-06-14 03:08:04,410 | INFO     |   → 837/1189: ✅ 0 взято | 🗑️ 14 мусор
2026-06-14 03:08:04,410 | INFO     |   → 838/1189: ✅ 16 взято | 🗑️ 16 мусор
2026-06-14 03:08:04,410 | INFO     |   → 839/1189 ❌ HTTP 404 — https://raw.githubusercontent.com/iboxz/free-v2ray-collector/main/main
2026-06-14 03:08:04,410 | INFO     |   → 840/1189: ✅ 16 взято | 🗑️ 15 мусор
2026-06-14 03:08:04,410 | INFO     |   → 841/1189: ✅ 9 взято | 🗑️ 21 мусор
2026-06-14 03:08:04,410 | INFO     |   → 842/1189: ✅ 100 взято | 🗑️ 189 мусор
2026-06-14 03:08:04,410 | INFO     |   → 843/1189 ❌ HTTP 404 — https://raw.githubusercontent.com/igareck/vpn-configs-for-russia/refs/heads/main/Vless-Reality-White-Lists-Rus-Cable.txt
2026-06-14 03:08:04,410 | INFO     |   → 844/1189: ✅ 121 взято | 🗑️ 29 мусор
2026-06-14 03:08:04,410 | INFO     |   → 845/1189: ✅ 0 взято | 🗑️ 0 мусор
2026-06-14 03:08:04,410 | INFO     |   → 846/1189: ✅ 0 взято | 🗑️ 0 мусор
2026-06-14 03:08:04,410 | INFO     |   → 847/1189: ✅ 23 взято | 🗑️ 9 мусор
2026-06-14 03:08:04,410 | INFO     |   → 848/1189: ✅ 0 взято | 🗑️ 0 мусор
2026-06-14 03:08:04,410 | INFO     |   → 849/1189: ✅ 0 взято | 🗑️ 0 мусор
2026-06-14 03:08:04,410 | INFO     |   → 850/1189: ✅ 0 взято | 🗑️ 12 мусор
2026-06-14 03:08:04,410 | INFO     |   → 851/1189: ✅ 0 взято | 🗑️ 43 мусор
2026-06-14 03:08:04,410 | INFO     |   → 852/1189 ❌ HTTP 404 — https://raw.githubusercontent.com/jw853355718/clash_233/master/config.yml
2026-06-14 03:08:04,410 | INFO     |   → 853/1189: ✅ 0 взято | 🗑️ 210 мусор
2026-06-14 03:08:04,410 | INFO     |   → 854/1189: ✅ 0 взято | 🗑️ 0 мусор
2026-06-14 03:08:04,410 | INFO     |   → 855/1189: ✅ 0 взято | 🗑️ 0 мусор
2026-06-14 03:08:04,410 | INFO     |   → 856/1189 ❌ HTTP 404 — https://raw.githubusercontent.com/lcx12901/v2ray-/master/sspool.herokuapp.com/yzcloud.yaml
2026-06-14 03:08:04,410 | INFO     |   → 857/1189 ❌ HTTP 404 — https://raw.githubusercontent.com/lcx12901/v2ray-/master/sspool.herokuapp.com/yzcloud2.yaml
2026-06-14 03:08:04,410 | INFO     |   → 858/1189: ✅ 0 взято | 🗑️ 0 мусор
2026-06-14 03:08:04,410 | INFO     |   → 859/1189 ❌ HTTP 404 — https://raw.githubusercontent.com/learnhard-cn/free_proxy_ss/main/clash/config.yaml
2026-06-14 03:08:04,410 | INFO     |   → 860/1189: ✅ 0 взято | 🗑️ 8 мусор
2026-06-14 03:08:04,411 | INFO     |   → 861/1189: ✅ 0 взято | 🗑️ 4 мусор
2026-06-14 03:08:04,411 | INFO     |   → 862/1189: ✅ 0 взято | 🗑️ 0 мусор
2026-06-14 03:08:04,411 | INFO     |   → 863/1189: ✅ 0 взято | 🗑️ 4 мусор
2026-06-14 03:08:04,411 | INFO     |   → 864/1189: ✅ 0 взято | 🗑️ 149 мусор
2026-06-14 03:08:04,411 | INFO     |   → 865/1189: ✅ 0 взято | 🗑️ 421 мусор
2026-06-14 03:08:04,411 | INFO     |   → 866/1189 ❌ HTTP 404 — https://raw.githubusercontent.com/lisylva-lee/v2dyku/main/ssr
2026-06-14 03:08:04,411 | INFO     |   → 867/1189 ❌ HTTP 404 — https://raw.githubusercontent.com/lisylva-lee/v2dyku/main/v2dy
2026-06-14 03:08:04,411 | INFO     |   → 868/1189: ✅ 0 взято | 🗑️ 53 мусор
2026-06-14 03:08:04,411 | INFO     |   → 869/1189 ❌ HTTP 404 — https://raw.githubusercontent.com/luxl-1379/merge/77247d23def72b25226dfa741614e9b07a569c72/sub/sub_merge_base64.txt
2026-06-14 03:08:04,411 | INFO     |   → 870/1189: ✅ 146 взято | 🗑️ 343 мусор
2026-06-14 03:08:04,411 | INFO     |   → 871/1189: ✅ 0 взято | 🗑️ 126 мусор
2026-06-14 03:08:04,411 | INFO     |   → 872/1189: ✅ 647 взято | 🗑️ 3550 мусор
2026-06-14 03:08:04,411 | INFO     |   → 873/1189: ✅ 0 взято | 🗑️ 0 мусор
2026-06-14 03:08:04,411 | INFO     |   → 874/1189: ✅ 0 взято | 🗑️ 3550 мусор
2026-06-14 03:08:04,411 | INFO     |   → 875/1189: ✅ 59 взято | 🗑️ 331 мусор
2026-06-14 03:08:04,411 | INFO     |   → 876/1189 ❌ HTTP 404 — https://raw.githubusercontent.com/mermeroo/Clash-V2ray/main/v2ray
2026-06-14 03:08:04,411 | INFO     |   → 877/1189: ✅ 15 взято | 🗑️ 417 мусор
2026-06-14 03:08:04,411 | INFO     |   → 878/1189: ✅ 6 взято | 🗑️ 102 мусор
2026-06-14 03:08:04,411 | INFO     |   → 879/1189: ✅ 716 взято | 🗑️ 6258 мусор
2026-06-14 03:08:04,411 | INFO     |   → 880/1189: ✅ 8 взято | 🗑️ 853 мусор
2026-06-14 03:08:04,411 | INFO     |   → 881/1189: ✅ 32 взято | 🗑️ 69 мусор
2026-06-14 03:08:04,411 | INFO     |   → 882/1189 ❌ HTTP 404 — https://raw.githubusercontent.com/mermeroo/free-v2ray-collector/main/main/mix
2026-06-14 03:08:04,411 | INFO     |   → 883/1189 ❌ HTTP 404 — https://raw.githubusercontent.com/mermeroo/free-v2ray-collector/main/main/reality
2026-06-14 03:08:04,411 | INFO     |   → 884/1189 ❌ HTTP 404 — https://raw.githubusercontent.com/mermeroo/free-v2ray-collector/main/main/shadowsocks
2026-06-14 03:08:04,411 | INFO     |   → 885/1189 ❌ HTTP 404 — https://raw.githubusercontent.com/mermeroo/free-v2ray-collector/main/main/trojan
2026-06-14 03:08:04,411 | INFO     |   → 886/1189 ❌ HTTP 404 — https://raw.githubusercontent.com/mermeroo/free-v2ray-collector/main/main/vless
2026-06-14 03:08:04,412 | INFO     |   → 887/1189 ❌ HTTP 404 — https://raw.githubusercontent.com/mermeroo/free-v2ray-collector/main/main/vmess
2026-06-14 03:08:04,412 | INFO     |   → 888/1189 ❌ HTTP 404 — https://raw.githubusercontent.com/mfuu/v2ray/master/merge/merge.txt
2026-06-14 03:08:04,412 | INFO     |   → 889/1189: ✅ 0 взято | 🗑️ 231 мусор
2026-06-14 03:08:04,412 | INFO     |   → 890/1189: ✅ 0 взято | 🗑️ 231 мусор
2026-06-14 03:08:04,412 | INFO     |   → 891/1189: ✅ 536 взято | 🗑️ 13083 мусор
2026-06-14 03:08:04,412 | INFO     |   → 892/1189: ✅ 0 взято | 🗑️ 13083 мусор
2026-06-14 03:08:04,412 | INFO     |   → 893/1189: ✅ 0 взято | 🗑️ 2845 мусор
2026-06-14 03:08:04,412 | INFO     |   → 894/1189: ✅ 0 взято | 🗑️ 1628 мусор
2026-06-14 03:08:04,412 | INFO     |   → 895/1189: ✅ 0 взято | 🗑️ 4763 мусор
2026-06-14 03:08:04,412 | INFO     |   → 896/1189: ✅ 0 взято | 🗑️ 3847 мусор
2026-06-14 03:08:04,412 | INFO     |   → 897/1189 ❌ HTTP 404 — https://raw.githubusercontent.com/mianous/qiren/main/qiren.txt
2026-06-14 03:08:04,412 | INFO     |   → 898/1189 ❌ HTTP 404 — https://raw.githubusercontent.com/miladtahanian/V2RayCFGDumper/refs/heads/main/config.txt
2026-06-14 03:08:04,412 | INFO     |   → 899/1189 ❌ HTTP 404 — https://raw.githubusercontent.com/miladtahanian/multi-proxy-config-fetcher/refs/heads/main/configs/proxy_configs.txt
2026-06-14 03:08:04,412 | INFO     |   → 900/1189: ✅ 0 взято | 🗑️ 0 мусор
2026-06-14 03:08:04,412 | INFO     |   → 901/1189: ✅ 0 взято | 🗑️ 0 мусор
2026-06-14 03:08:04,412 | INFO     |   → 902/1189: ✅ 0 взято | 🗑️ 0 мусор
2026-06-14 03:08:04,412 | INFO     |   → 903/1189: ✅ 15 взято | 🗑️ 46 мусор
2026-06-14 03:08:04,412 | INFO     |   → 904/1189: ✅ 0 взято | 🗑️ 189 мусор
2026-06-14 03:08:04,412 | INFO     |   → 905/1189: ✅ 0 взято | 🗑️ 0 мусор
2026-06-14 03:08:04,412 | INFO     |   → 906/1189: ✅ 28 взято | 🗑️ 93 мусор
2026-06-14 03:08:04,412 | INFO     |   → 907/1189: ✅ 0 взято | 🗑️ 0 мусор
2026-06-14 03:08:04,412 | INFO     |   → 908/1189: ✅ 15 взято | 🗑️ 70 мусор
2026-06-14 03:08:04,412 | INFO     |   → 909/1189: ✅ 127 взято | 🗑️ 492 мусор
2026-06-14 03:08:04,412 | INFO     |   → 910/1189: ✅ 331 взято | 🗑️ 190 мусор
2026-06-14 03:08:04,412 | INFO     |   → 911/1189: ✅ 27 взято | 🗑️ 561 мусор
2026-06-14 03:08:04,412 | INFO     |   → 912/1189 ❌ HTTP 404 — https://raw.githubusercontent.com/obscure1990/freeVM/master/snippets/nodes.yml
2026-06-14 03:08:04,413 | INFO     |   → 913/1189 ❌ HTTP 404 — https://raw.githubusercontent.com/op30mmd/things/909b38024ba14d69dc0f95c238f63bc6e930a00f/eut.txt
2026-06-14 03:08:04,413 | INFO     |   → 914/1189 ❌ HTTP 404 — https://raw.githubusercontent.com/openRunner/clash-freenode/main/v2ray.txt
2026-06-14 03:08:04,413 | INFO     |   → 915/1189 ❌ HTTP 404 — https://raw.githubusercontent.com/oslook/clash-freenode/main/clash.yaml
2026-06-14 03:08:04,413 | INFO     |   → 916/1189: ✅ 0 взято | 🗑️ 0 мусор
2026-06-14 03:08:04,413 | INFO     |   → 917/1189: ✅ 4 взято | 🗑️ 1 мусор
2026-06-14 03:08:04,413 | INFO     |   → 918/1189: ✅ 0 взято | 🗑️ 0 мусор
2026-06-14 03:08:04,413 | INFO     |   → 919/1189: ✅ 3 взято | 🗑️ 58 мусор
2026-06-14 03:08:04,413 | INFO     |   → 920/1189: ✅ 0 взято | 🗑️ 0 мусор
2026-06-14 03:08:04,413 | INFO     |   → 921/1189: ✅ 0 взято | 🗑️ 0 мусор
2026-06-14 03:08:04,413 | INFO     |   → 922/1189: ✅ 0 взято | 🗑️ 19 мусор
2026-06-14 03:08:04,413 | INFO     |   → 923/1189: ✅ 0 взято | 🗑️ 44 мусор
2026-06-14 03:08:04,413 | INFO     |   → 924/1189: ✅ 63 взято | 🗑️ 521 мусор
2026-06-14 03:08:04,413 | INFO     |   → 925/1189: ✅ 165 взято | 🗑️ 273 мусор
2026-06-14 03:08:04,413 | INFO     |   → 926/1189: ✅ 0 взято | 🗑️ 0 мусор
2026-06-14 03:08:04,413 | INFO     |   → 927/1189: ✅ 28 взято | 🗑️ 211 мусор
2026-06-14 03:08:04,413 | INFO     |   → 928/1189: ✅ 0 взято | 🗑️ 79 мусор
2026-06-14 03:08:04,413 | INFO     |   → 929/1189: ✅ 13 взято | 🗑️ 32 мусор
2026-06-14 03:08:04,413 | INFO     |   → 930/1189: ✅ 0 взято | 🗑️ 0 мусор
2026-06-14 03:08:04,413 | INFO     |   → 931/1189: ✅ 2 взято | 🗑️ 9 мусор
2026-06-14 03:08:04,413 | INFO     |   → 932/1189: ✅ 11 взято | 🗑️ 76 мусор
2026-06-14 03:08:04,413 | INFO     |   → 933/1189: ✅ 0 взято | 🗑️ 168 мусор
2026-06-14 03:08:04,413 | INFO     |   → 934/1189: ✅ 0 взято | 🗑️ 79 мусор
2026-06-14 03:08:04,413 | INFO     |   → 935/1189: ✅ 0 взято | 🗑️ 15 мусор
2026-06-14 03:08:04,413 | INFO     |   → 936/1189 ❌ HTTP 404 — https://raw.githubusercontent.com/ronghuaxueleng/get_v2/main/pub/changfengoss.yaml
2026-06-14 03:08:04,413 | INFO     |   → 937/1189: ✅ 0 взято | 🗑️ 0 мусор
2026-06-14 03:08:04,413 | INFO     |   → 938/1189: ✅ 94 взято | 🗑️ 48 мусор
2026-06-14 03:08:04,414 | INFO     |   → 939/1189: ✅ 0 взято | 🗑️ 48 мусор
2026-06-14 03:08:04,414 | INFO     |   → 940/1189 ❌ HTTP 404 — https://raw.githubusercontent.com/rxsweet/CM_Vmess/refs/heads/main/test.txt
2026-06-14 03:08:04,414 | INFO     |   → 941/1189 ❌ HTTP 404 — https://raw.githubusercontent.com/rxsweet/proxies/main/sub/free.yaml
2026-06-14 03:08:04,414 | INFO     |   → 942/1189 ❌ HTTP 404 — https://raw.githubusercontent.com/rxsweet/proxies/main/sub/rx.yaml
2026-06-14 03:08:04,414 | INFO     |   → 943/1189 ❌ HTTP 404 — https://raw.githubusercontent.com/rxsweet/proxies/main/sub/sources/dynamicAll.yaml
2026-06-14 03:08:04,414 | INFO     |   → 944/1189 ❌ HTTP 404 — https://raw.githubusercontent.com/rxsweet/proxies/main/sub/sources/miningAll.yaml
2026-06-14 03:08:04,414 | INFO     |   → 945/1189 ❌ HTTP 404 — https://raw.githubusercontent.com/rxsweet/proxies/main/sub/srx.yaml
2026-06-14 03:08:04,414 | INFO     |   → 946/1189 ❌ HTTP 404 — https://raw.githubusercontent.com/sajad-sajadi/V2ray-Collector/raw/main/output/protocols/vmess.txt
2026-06-14 03:08:04,414 | INFO     |   → 947/1189 ❌ HTTP 404 — https://raw.githubusercontent.com/sakha1370/OpenRay/raw/refs/heads/main/output/all_valid_proxies.txt
2026-06-14 03:08:04,414 | INFO     |   → 948/1189: ✅ 53 взято | 🗑️ 399 мусор
2026-06-14 03:08:04,414 | INFO     |   → 949/1189: ✅ 0 взято | 🗑️ 399 мусор
2026-06-14 03:08:04,414 | INFO     |   → 950/1189 ❌ HTTP 404 — https://raw.githubusercontent.com/samjoeyang/subscribe/main/fly
2026-06-14 03:08:04,414 | INFO     |   → 951/1189: ✅ 0 взято | 🗑️ 0 мусор
2026-06-14 03:08:04,414 | INFO     |   → 952/1189 ❌ HTTP 404 — https://raw.githubusercontent.com/sarina-ad/v2ray/main/v2ray
2026-06-14 03:08:04,414 | INFO     |   → 953/1189 ❌ HTTP 404 — https://raw.githubusercontent.com/satrom/V2SSR/master/SSR/Sub.txt
2026-06-14 03:08:04,414 | INFO     |   → 954/1189 ❌ HTTP 404 — https://raw.githubusercontent.com/satrom/V2SSR/master/V2RAY/Sub.txt
2026-06-14 03:08:04,414 | INFO     |   → 955/1189: ✅ 8589 взято | 🗑️ 159623 мусор
2026-06-14 03:08:04,414 | INFO     |   → 956/1189: ✅ 0 взято | 🗑️ 0 мусор
2026-06-14 03:08:04,414 | INFO     |   → 957/1189: ✅ 0 взято | 🗑️ 0 мусор
2026-06-14 03:08:04,414 | INFO     |   → 958/1189: ✅ 3 взято | 🗑️ 49 мусор
2026-06-14 03:08:04,414 | INFO     |   → 959/1189: ✅ 290 взято | 🗑️ 2055 мусор
2026-06-14 03:08:04,414 | INFO     |   → 960/1189: ✅ 0 взято | 🗑️ 1032 мусор
2026-06-14 03:08:04,414 | INFO     |   → 961/1189: ✅ 0 взято | 🗑️ 81 мусор
2026-06-14 03:08:04,414 | INFO     |   → 962/1189: ✅ 0 взято | 🗑️ 915 мусор
2026-06-14 03:08:04,414 | INFO     |   → 963/1189: ✅ 0 взято | 🗑️ 27 мусор
2026-06-14 03:08:04,414 | INFO     |   → 964/1189: ✅ 0 взято | 🗑️ 2055 мусор
2026-06-14 03:08:04,415 | INFO     |   → 965/1189: ✅ 0 взято | 🗑️ 0 мусор
2026-06-14 03:08:04,415 | INFO     |   → 966/1189 ❌ HTTP 404 — https://raw.githubusercontent.com/shirkerboy/scp/main/sub
2026-06-14 03:08:04,415 | INFO     |   → 967/1189 ❌ HTTP 404 — https://raw.githubusercontent.com/snakem982/proxypool/main/nodelist.txt
2026-06-14 03:08:04,415 | INFO     |   → 968/1189: ✅ 0 взято | 🗑️ 1 мусор
2026-06-14 03:08:04,415 | INFO     |   → 969/1189 ❌ HTTP 404 — https://raw.githubusercontent.com/snakem982/proxypool/main/source/v2ray.txt
2026-06-14 03:08:04,415 | INFO     |   → 970/1189 ❌ HTTP 404 — https://raw.githubusercontent.com/soroushmirzaei/telegram-configs-collector/main/channels/protocols/hysteria
2026-06-14 03:08:04,415 | INFO     |   → 971/1189 ❌ HTTP 404 — https://raw.githubusercontent.com/soroushmirzaei/telegram-configs-collector/main/channels/protocols/juicity
2026-06-14 03:08:04,415 | INFO     |   → 972/1189 ❌ HTTP 404 — https://raw.githubusercontent.com/soroushmirzaei/telegram-configs-collector/main/channels/protocols/reality
2026-06-14 03:08:04,415 | INFO     |   → 973/1189 ❌ HTTP 404 — https://raw.githubusercontent.com/soroushmirzaei/telegram-configs-collector/main/channels/protocols/shadowsocks
2026-06-14 03:08:04,415 | INFO     |   → 974/1189 ❌ HTTP 404 — https://raw.githubusercontent.com/soroushmirzaei/telegram-configs-collector/main/channels/protocols/trojan
2026-06-14 03:08:04,415 | INFO     |   → 975/1189 ❌ HTTP 404 — https://raw.githubusercontent.com/soroushmirzaei/telegram-configs-collector/main/channels/protocols/tuic
2026-06-14 03:08:04,415 | INFO     |   → 976/1189 ❌ HTTP 404 — https://raw.githubusercontent.com/soroushmirzaei/telegram-configs-collector/main/channels/protocols/vless
2026-06-14 03:08:04,415 | INFO     |   → 977/1189 ❌ HTTP 404 — https://raw.githubusercontent.com/soroushmirzaei/telegram-configs-collector/main/channels/protocols/vmess
2026-06-14 03:08:04,415 | INFO     |   → 978/1189 ❌ HTTP 404 — https://raw.githubusercontent.com/soroushmirzaei/telegram-configs-collector/main/countries/jp/mixed
2026-06-14 03:08:04,415 | INFO     |   → 979/1189 ❌ HTTP 404 — https://raw.githubusercontent.com/soroushmirzaei/telegram-configs-collector/main/protocols/hysteria
2026-06-14 03:08:04,415 | INFO     |   → 980/1189 ❌ HTTP 404 — https://raw.githubusercontent.com/soroushmirzaei/telegram-configs-collector/main/protocols/juicity
2026-06-14 03:08:04,415 | INFO     |   → 981/1189 ❌ HTTP 404 — https://raw.githubusercontent.com/soroushmirzaei/telegram-configs-collector/main/protocols/reality
2026-06-14 03:08:04,415 | INFO     |   → 982/1189 ❌ HTTP 404 — https://raw.githubusercontent.com/soroushmirzaei/telegram-configs-collector/main/protocols/shadowsocks
2026-06-14 03:08:04,415 | INFO     |   → 983/1189 ❌ HTTP 404 — https://raw.githubusercontent.com/soroushmirzaei/telegram-configs-collector/main/protocols/trojan
2026-06-14 03:08:04,415 | INFO     |   → 984/1189 ❌ HTTP 404 — https://raw.githubusercontent.com/soroushmirzaei/telegram-configs-collector/main/protocols/tuic
2026-06-14 03:08:04,415 | INFO     |   → 985/1189 ❌ HTTP 404 — https://raw.githubusercontent.com/soroushmirzaei/telegram-configs-collector/main/protocols/vless
2026-06-14 03:08:04,415 | INFO     |   → 986/1189 ❌ HTTP 404 — https://raw.githubusercontent.com/soroushmirzaei/telegram-configs-collector/main/protocols/vmess
2026-06-14 03:08:04,415 | INFO     |   → 987/1189 ❌ HTTP 404 — https://raw.githubusercontent.com/soroushmirzaei/telegram-configs-collector/main/splitted/subscribe
2026-06-14 03:08:04,415 | INFO     |   → 988/1189 ❌ HTTP 404 — https://raw.githubusercontent.com/ssrsub/ssr/master/Clash.yml
2026-06-14 03:08:04,415 | INFO     |   → 989/1189 ❌ HTTP 404 — https://raw.githubusercontent.com/ssrsub/ssr/master/V2Ray
2026-06-14 03:08:04,415 | INFO     |   → 990/1189 ❌ HTTP 404 — https://raw.githubusercontent.com/ssrsub/ssr/master/ss-sub
2026-06-14 03:08:04,415 | INFO     |   → 991/1189 ❌ HTTP 404 — https://raw.githubusercontent.com/ssrsub/ssr/master/ssrsub
2026-06-14 03:08:04,416 | INFO     |   → 992/1189 ❌ HTTP 404 — https://raw.githubusercontent.com/ssrsub/ssr/master/trojan
2026-06-14 03:08:04,416 | INFO     |   → 993/1189: ✅ 0 взято | 🗑️ 0 мусор
2026-06-14 03:08:04,416 | INFO     |   → 994/1189: ✅ 2 взято | 🗑️ 12 мусор
2026-06-14 03:08:04,416 | INFO     |   → 995/1189: ✅ 0 взято | 🗑️ 13 мусор
2026-06-14 03:08:04,416 | INFO     |   → 996/1189: ✅ 0 взято | 🗑️ 13 мусор
2026-06-14 03:08:04,416 | INFO     |   → 997/1189 ❌ HTTP 404 — https://raw.githubusercontent.com/tbbatbb/Proxy/master/dist/clash.config.yaml
2026-06-14 03:08:04,416 | INFO     |   → 998/1189: ✅ 2 взято | 🗑️ 35 мусор
2026-06-14 03:08:04,416 | INFO     |   → 999/1189: ✅ 0 взято | 🗑️ 0 мусор
2026-06-14 03:08:04,416 | INFO     |   → 1000/1189: ✅ 5 взято | 🗑️ 111 мусор
2026-06-14 03:08:04,416 | INFO     |   → 1001/1189: ✅ 0 взято | 🗑️ 0 мусор
2026-06-14 03:08:04,416 | INFO     |   → 1002/1189: ✅ 0 взято | 🗑️ 53 мусор
2026-06-14 03:08:04,416 | INFO     |   → 1003/1189 ❌ HTTP 404 — https://raw.githubusercontent.com/v2clash/Autoproxy/a81f840ab2364124133572ec94e4b81fb0d4e58d/sub/2401/240104.txt
2026-06-14 03:08:04,416 | INFO     |   → 1004/1189 ❌ HTTP 404 — https://raw.githubusercontent.com/v2clash/V2ray-Configs/31f493c584d0c7b56350f4a34d80c53ad82bcc18/Sub9.txt
2026-06-14 03:08:04,416 | INFO     |   → 1005/1189: ✅ 0 взято | 🗑️ 0 мусор
2026-06-14 03:08:04,416 | INFO     |   → 1006/1189: ✅ 0 взято | 🗑️ 0 мусор
2026-06-14 03:08:04,416 | INFO     |   → 1007/1189: ✅ 0 взято | 🗑️ 0 мусор
2026-06-14 03:08:04,416 | INFO     |   → 1008/1189: ✅ 283 взято | 🗑️ 9640 мусор
2026-06-14 03:08:04,416 | INFO     |   → 1009/1189: ✅ 281 взято | 🗑️ 10086 мусор
2026-06-14 03:08:04,416 | INFO     |   → 1010/1189: ✅ 280 взято | 🗑️ 9675 мусор
2026-06-14 03:08:04,416 | INFO     |   → 1011/1189: ✅ 334 взято | 🗑️ 9823 мусор
2026-06-14 03:08:04,416 | INFO     |   → 1012/1189: ✅ 350 взято | 🗑️ 9639 мусор
2026-06-14 03:08:04,416 | INFO     |   → 1013/1189: ✅ 125 взято | 🗑️ 7919 мусор
2026-06-14 03:08:04,416 | INFO     |   → 1014/1189: ✅ 135 взято | 🗑️ 4836 мусор
2026-06-14 03:08:04,416 | INFO     |   → 1015/1189: ✅ 502 взято | 🗑️ 7659 мусор
2026-06-14 03:08:04,416 | INFO     |   → 1016/1189: ✅ 631 взято | 🗑️ 8081 мусор
2026-06-14 03:08:04,416 | INFO     |   → 1017/1189: ✅ 202 взято | 🗑️ 5131 мусор
2026-06-14 03:08:04,416 | INFO     |   → 1018/1189 ❌ HTTP 404 — https://raw.githubusercontent.com/vveg26/chromego_merge/main/sub/merged_proxies.yaml
2026-06-14 03:08:04,417 | INFO     |   → 1019/1189 ❌ HTTP 404 — https://raw.githubusercontent.com/vveg26/get_proxy/main/dist/clash.config.yaml
2026-06-14 03:08:04,417 | INFO     |   → 1020/1189: ✅ 0 взято | 🗑️ 10 мусор
2026-06-14 03:08:04,417 | INFO     |   → 1021/1189: ✅ 0 взято | 🗑️ 10 мусор
2026-06-14 03:08:04,417 | INFO     |   → 1022/1189: ✅ 0 взято | 🗑️ 4 мусор
2026-06-14 03:08:04,417 | INFO     |   → 1023/1189: ✅ 0 взято | 🗑️ 0 мусор
2026-06-14 03:08:04,417 | INFO     |   → 1024/1189: ✅ 0 взято | 🗑️ 4 мусор
2026-06-14 03:08:04,417 | INFO     |   → 1025/1189: ✅ 106 взято | 🗑️ 689 мусор
2026-06-14 03:08:04,417 | INFO     |   → 1026/1189: ✅ 48 взято | 🗑️ 841 мусор
2026-06-14 03:08:04,417 | INFO     |   → 1027/1189: ✅ 21 взято | 🗑️ 789 мусор
2026-06-14 03:08:04,417 | INFO     |   → 1028/1189: ✅ 24 взято | 🗑️ 774 мусор
2026-06-14 03:08:04,417 | INFO     |   → 1029/1189: ✅ 52 взято | 🗑️ 756 мусор
2026-06-14 03:08:04,417 | INFO     |   → 1030/1189: ✅ 191 взято | 🗑️ 745 мусор
2026-06-14 03:08:04,417 | INFO     |   → 1031/1189: ✅ 9 взято | 🗑️ 651 мусор
2026-06-14 03:08:04,417 | INFO     |   → 1032/1189: ✅ 185 взято | 🗑️ 388 мусор
2026-06-14 03:08:04,417 | INFO     |   → 1033/1189: ✅ 130 взято | 🗑️ 523 мусор
2026-06-14 03:08:04,417 | INFO     |   → 1034/1189: ✅ 67 взято | 🗑️ 533 мусор
2026-06-14 03:08:04,417 | INFO     |   → 1035/1189: ✅ 98 взято | 🗑️ 444 мусор
2026-06-14 03:08:04,417 | INFO     |   → 1036/1189: ✅ 102 взято | 🗑️ 670 мусор
2026-06-14 03:08:04,417 | INFO     |   → 1037/1189: ✅ 86 взято | 🗑️ 476 мусор
2026-06-14 03:08:04,417 | INFO     |   → 1038/1189: ✅ 95 взято | 🗑️ 657 мусор
2026-06-14 03:08:04,417 | INFO     |   → 1039/1189: ✅ 105 взято | 🗑️ 645 мусор
2026-06-14 03:08:04,417 | INFO     |   → 1040/1189: ✅ 115 взято | 🗑️ 985 мусор
2026-06-14 03:08:04,417 | INFO     |   → 1041/1189: ✅ 6 взято | 🗑️ 63 мусор
2026-06-14 03:08:04,417 | INFO     |   → 1042/1189: ✅ 7 взято | 🗑️ 62 мусор
2026-06-14 03:08:04,417 | INFO     |   → 1043/1189: ✅ 39 взято | 🗑️ 489 мусор
2026-06-14 03:08:04,417 | INFO     |   → 1044/1189: ✅ 0 взято | 🗑️ 0 мусор
2026-06-14 03:08:04,417 | INFO     |   → 1045/1189: ✅ 0 взято | 🗑️ 0 мусор
2026-06-14 03:08:04,417 | INFO     |   → 1046/1189: ✅ 0 взято | 🗑️ 0 мусор
2026-06-14 03:08:04,418 | INFO     |   → 1047/1189: ✅ 0 взято | 🗑️ 0 мусор
2026-06-14 03:08:04,418 | INFO     |   → 1048/1189: ✅ 0 взято | 🗑️ 0 мусор
2026-06-14 03:08:04,418 | INFO     |   → 1049/1189: ✅ 0 взято | 🗑️ 52 мусор
2026-06-14 03:08:04,418 | INFO     |   → 1050/1189: ✅ 5 взято | 🗑️ 10 мусор
2026-06-14 03:08:04,418 | INFO     |   → 1051/1189: ✅ 1 взято | 🗑️ 124 мусор
2026-06-14 03:08:04,418 | INFO     |   → 1052/1189: ✅ 177 взято | 🗑️ 162 мусор
2026-06-14 03:08:04,418 | INFO     |   → 1053/1189: ✅ 0 взято | 🗑️ 9 мусор
2026-06-14 03:08:04,418 | INFO     |   → 1054/1189: ✅ 8 взято | 🗑️ 650 мусор
2026-06-14 03:08:04,418 | INFO     |   → 1055/1189 ❌ HTTP 404 — https://raw.githubusercontent.com/xiaozhu2007/xiaozhu2007/61a755a044dbaeea678bc2d1e20f21a21c6d7170/docs/fxxk.txt
2026-06-14 03:08:04,418 | INFO     |   → 1056/1189: ✅ 1 взято | 🗑️ 159 мусор
2026-06-14 03:08:04,418 | INFO     |   → 1057/1189: ✅ 0 взято | 🗑️ 22 мусор
2026-06-14 03:08:04,418 | INFO     |   → 1058/1189: ✅ 0 взято | 🗑️ 0 мусор
2026-06-14 03:08:04,418 | INFO     |   → 1059/1189 ❌ HTTP 404 — https://raw.githubusercontent.com/yebekhe/TVC/0f745f92bf381e505f1245abbc7c145b19b11503/config.txt
2026-06-14 03:08:04,418 | INFO     |   → 1060/1189 ❌ HTTP 404 — https://raw.githubusercontent.com/yebekhe/TVC/9fac69239c69327fb7a61f5a8d79d107133889e1/lite/config.txt
2026-06-14 03:08:04,418 | INFO     |   → 1061/1189 ❌ HTTP 404 — https://raw.githubusercontent.com/yebekhe/TelegramV2rayCollector/main/sub/normal/donated
2026-06-14 03:08:04,418 | INFO     |   → 1062/1189 ❌ HTTP 404 — https://raw.githubusercontent.com/yebekhe/TelegramV2rayCollector/main/sub/normal/hysteria2
2026-06-14 03:08:04,418 | INFO     |   → 1063/1189 ❌ HTTP 404 — https://raw.githubusercontent.com/yebekhe/TelegramV2rayCollector/main/sub/normal/mix
2026-06-14 03:08:04,418 | INFO     |   → 1064/1189 ❌ HTTP 404 — https://raw.githubusercontent.com/yebekhe/TelegramV2rayCollector/main/sub/normal/reality
2026-06-14 03:08:04,418 | INFO     |   → 1065/1189 ❌ HTTP 404 — https://raw.githubusercontent.com/yebekhe/TelegramV2rayCollector/main/sub/normal/shadowsocks
2026-06-14 03:08:04,418 | INFO     |   → 1066/1189 ❌ HTTP 404 — https://raw.githubusercontent.com/yebekhe/TelegramV2rayCollector/main/sub/normal/trojan
2026-06-14 03:08:04,418 | INFO     |   → 1067/1189 ❌ HTTP 404 — https://raw.githubusercontent.com/yebekhe/TelegramV2rayCollector/main/sub/normal/tuic
2026-06-14 03:08:04,418 | INFO     |   → 1068/1189 ❌ HTTP 404 — https://raw.githubusercontent.com/yebekhe/TelegramV2rayCollector/main/sub/normal/vless
2026-06-14 03:08:04,418 | INFO     |   → 1069/1189 ❌ HTTP 404 — https://raw.githubusercontent.com/yebekhe/TelegramV2rayCollector/main/sub/normal/vmess
2026-06-14 03:08:04,418 | INFO     |   → 1070/1189 ❌ HTTP 404 — https://raw.githubusercontent.com/yebekhe/V2Hub/main/Split/Normal/shadowsocks
2026-06-14 03:08:04,418 | INFO     |   → 1071/1189 ❌ HTTP 404 — https://raw.githubusercontent.com/yebekhe/V2Hub/main/merged
2026-06-14 03:08:04,418 | INFO     |   → 1072/1189: ✅ 0 взято | 🗑️ 30 мусор
2026-06-14 03:08:04,418 | INFO     |   → 1073/1189: ✅ 1136 взято | 🗑️ 9614 мусор
2026-06-14 03:08:04,419 | INFO     |   → 1074/1189: ✅ 6 взято | 🗑️ 383 мусор
2026-06-14 03:08:04,419 | INFO     |   → 1075/1189: ✅ 14 взято | 🗑️ 392 мусор
2026-06-14 03:08:04,419 | INFO     |   → 1076/1189: ✅ 221 взято | 🗑️ 404 мусор
2026-06-14 03:08:04,419 | INFO     |   → 1077/1189: ✅ 108 взято | 🗑️ 1806 мусор
2026-06-14 03:08:04,419 | INFO     |   → 1078/1189: ✅ 3 взято | 🗑️ 586 мусор
2026-06-14 03:08:04,419 | INFO     |   → 1079/1189 ❌ HTTP 404 — https://raw.githubusercontent.com/yyyr-otz/tele-providers-collector/019cb3e07ee52fddbc7caa54fc670c6b9bae6539/sub/proxies.txt
2026-06-14 03:08:04,419 | INFO     |   → 1080/1189 ❌ HTTP 404 — https://raw.githubusercontent.com/yyyr-otz/tele-providers-collector/b7a74ee98bcf02c5a507d688a1bed3aa9f7f4ed1/script/raw/protocols/mixed.txt
2026-06-14 03:08:04,419 | INFO     |   → 1081/1189: ✅ 0 взято | 🗑️ 0 мусор
2026-06-14 03:08:04,419 | INFO     |   → 1082/1189: ✅ 0 взято | 🗑️ 0 мусор
2026-06-14 03:08:04,419 | INFO     |   → 1083/1189: ✅ 1 взято | 🗑️ 18 мусор
2026-06-14 03:08:04,419 | INFO     |   → 1084/1189: ✅ 31 взято | 🗑️ 995 мусор
2026-06-14 03:08:04,419 | INFO     |   → 1085/1189: ✅ 0 взято | 🗑️ 5 мусор
2026-06-14 03:08:04,419 | INFO     |   → 1086/1189: ✅ 0 взято | 🗑️ 0 мусор
2026-06-14 03:08:04,419 | INFO     |   → 1087/1189 ⚠️ Ошибка: ('Connection aborted.', RemoteDisconnected('Remote end closed connection without response')) — https://sub.pmsub.me/clash.yaml
2026-06-14 03:08:04,419 | INFO     |   → 1088/1189: ✅ 0 взято | 🗑️ 1 мусор
2026-06-14 03:08:04,419 | INFO     |   → 1089/1189: ✅ 8 взято | 🗑️ 21 мусор
2026-06-14 03:08:04,419 | INFO     |   → 1090/1189: ✅ 0 взято | 🗑️ 0 мусор
2026-06-14 03:08:04,419 | INFO     |   → 1091/1189: ✅ 9 взято | 🗑️ 19 мусор
2026-06-14 03:08:04,419 | INFO     |   → 1092/1189: ✅ 0 взято | 🗑️ 0 мусор
2026-06-14 03:08:04,419 | INFO     |   → 1093/1189: ✅ 2 взято | 🗑️ 14 мусор
2026-06-14 03:08:04,419 | INFO     |   → 1094/1189: ✅ 4 взято | 🗑️ 22 мусор
2026-06-14 03:08:04,419 | INFO     |   → 1095/1189: ✅ 0 взято | 🗑️ 0 мусор
2026-06-14 03:08:04,419 | INFO     |   → 1096/1189: ✅ 0 взято | 🗑️ 0 мусор
2026-06-14 03:08:04,420 | INFO     |   → 1097/1189: ✅ 0 взято | 🗑️ 0 мусор
2026-06-14 03:08:04,420 | INFO     |   → 1098/1189: ✅ 2 взято | 🗑️ 16 мусор
2026-06-14 03:08:04,420 | INFO     |   → 1099/1189: ✅ 0 взято | 🗑️ 0 мусор
2026-06-14 03:08:04,420 | INFO     |   → 1100/1189: ✅ 4 взято | 🗑️ 7 мусор
2026-06-14 03:08:04,420 | INFO     |   → 1101/1189: ✅ 0 взято | 🗑️ 0 мусор
2026-06-14 03:08:04,420 | INFO     |   → 1102/1189: ✅ 6 взято | 🗑️ 14 мусор
2026-06-14 03:08:04,420 | INFO     |   → 1103/1189: ✅ 0 взято | 🗑️ 0 мусор
2026-06-14 03:08:04,420 | INFO     |   → 1104/1189: ✅ 2 взято | 🗑️ 13 мусор
2026-06-14 03:08:04,420 | INFO     |   → 1105/1189: ✅ 0 взято | 🗑️ 0 мусор
2026-06-14 03:08:04,420 | INFO     |   → 1106/1189: ✅ 0 взято | 🗑️ 0 мусор
2026-06-14 03:08:04,420 | INFO     |   → 1107/1189: ✅ 2 взято | 🗑️ 7 мусор
2026-06-14 03:08:04,420 | INFO     |   → 1108/1189: ✅ 1 взято | 🗑️ 14 мусор
2026-06-14 03:08:04,420 | INFO     |   → 1109/1189: ✅ 2 взято | 🗑️ 14 мусор
2026-06-14 03:08:04,420 | INFO     |   → 1110/1189: ✅ 0 взято | 🗑️ 0 мусор
2026-06-14 03:08:04,420 | INFO     |   → 1111/1189: ✅ 3 взято | 🗑️ 22 мусор
2026-06-14 03:08:04,420 | INFO     |   → 1112/1189: ✅ 0 взято | 🗑️ 0 мусор
2026-06-14 03:08:04,420 | INFO     |   → 1113/1189: ✅ 2 взято | 🗑️ 15 мусор
2026-06-14 03:08:04,420 | INFO     |   → 1114/1189: ✅ 3 взято | 🗑️ 12 мусор
2026-06-14 03:08:04,420 | INFO     |   → 1115/1189: ✅ 0 взято | 🗑️ 0 мусор
2026-06-14 03:08:04,420 | INFO     |   → 1116/1189: ✅ 0 взято | 🗑️ 0 мусор
2026-06-14 03:08:04,420 | INFO     |   → 1117/1189: ✅ 0 взято | 🗑️ 0 мусор
2026-06-14 03:08:04,420 | INFO     |   → 1118/1189: ✅ 4 взято | 🗑️ 11 мусор
2026-06-14 03:08:04,420 | INFO     |   → 1119/1189: ✅ 10 взято | 🗑️ 15 мусор
2026-06-14 03:08:04,420 | INFO     |   → 1120/1189: ✅ 0 взято | 🗑️ 0 мусор
2026-06-14 03:08:04,420 | INFO     |   → 1121/1189: ✅ 13 взято | 🗑️ 15 мусор
2026-06-14 03:08:04,420 | INFO     |   → 1122/1189: ✅ 0 взято | 🗑️ 0 мусор
2026-06-14 03:08:04,420 | INFO     |   → 1123/1189: ✅ 5 взято | 🗑️ 15 мусор
2026-06-14 03:08:04,421 | INFO     |   → 1124/1189: ✅ 0 взято | 🗑️ 0 мусор
2026-06-14 03:08:04,421 | INFO     |   → 1125/1189: ✅ 8 взято | 🗑️ 16 мусор
2026-06-14 03:08:04,421 | INFO     |   → 1126/1189: ✅ 0 взято | 🗑️ 0 мусор
2026-06-14 03:08:04,421 | INFO     |   → 1127/1189: ✅ 0 взято | 🗑️ 24 мусор
2026-06-14 03:08:04,421 | INFO     |   → 1128/1189: ✅ 0 взято | 🗑️ 0 мусор
2026-06-14 03:08:04,421 | INFO     |   → 1129/1189: ✅ 4 взято | 🗑️ 17 мусор
2026-06-14 03:08:04,421 | INFO     |   → 1130/1189: ✅ 0 взято | 🗑️ 0 мусор
2026-06-14 03:08:04,421 | INFO     |   → 1131/1189: ✅ 12 взято | 🗑️ 18 мусор
2026-06-14 03:08:04,421 | INFO     |   → 1132/1189: ✅ 0 взято | 🗑️ 0 мусор
2026-06-14 03:08:04,421 | INFO     |   → 1133/1189: ✅ 2 взято | 🗑️ 17 мусор
2026-06-14 03:08:04,421 | INFO     |   → 1134/1189: ✅ 0 взято | 🗑️ 0 мусор
2026-06-14 03:08:04,421 | INFO     |   → 1135/1189: ✅ 1 взято | 🗑️ 27 мусор
2026-06-14 03:08:04,421 | INFO     |   → 1136/1189: ✅ 0 взято | 🗑️ 0 мусор
2026-06-14 03:08:04,421 | INFO     |   → 1137/1189: ✅ 4 взято | 🗑️ 15 мусор
2026-06-14 03:08:04,421 | INFO     |   → 1138/1189: ✅ 0 взято | 🗑️ 0 мусор
2026-06-14 03:08:04,421 | INFO     |   → 1139/1189: ✅ 4 взято | 🗑️ 26 мусор
2026-06-14 03:08:04,421 | INFO     |   → 1140/1189: ✅ 0 взято | 🗑️ 0 мусор
2026-06-14 03:08:04,421 | INFO     |   → 1141/1189: ✅ 3 взято | 🗑️ 21 мусор
2026-06-14 03:08:04,421 | INFO     |   → 1142/1189: ✅ 0 взято | 🗑️ 0 мусор
2026-06-14 03:08:04,421 | INFO     |   → 1143/1189: ✅ 8 взято | 🗑️ 12 мусор
2026-06-14 03:08:04,421 | INFO     |   → 1144/1189: ✅ 0 взято | 🗑️ 0 мусор
2026-06-14 03:08:04,421 | INFO     |   → 1145/1189: ✅ 8 взято | 🗑️ 15 мусор
2026-06-14 03:08:04,421 | INFO     |   → 1146/1189: ✅ 0 взято | 🗑️ 0 мусор
2026-06-14 03:08:04,421 | INFO     |   → 1147/1189: ✅ 10 взято | 🗑️ 14 мусор
2026-06-14 03:08:04,421 | INFO     |   → 1148/1189: ✅ 0 взято | 🗑️ 0 мусор
2026-06-14 03:08:04,422 | INFO     |   → 1149/1189: ✅ 5 взято | 🗑️ 18 мусор
2026-06-14 03:08:04,422 | INFO     |   → 1150/1189: ✅ 0 взято | 🗑️ 0 мусор
2026-06-14 03:08:04,422 | INFO     |   → 1151/1189: ✅ 5 взято | 🗑️ 22 мусор
2026-06-14 03:08:04,422 | INFO     |   → 1152/1189: ✅ 0 взято | 🗑️ 0 мусор
2026-06-14 03:08:04,422 | INFO     |   → 1153/1189: ✅ 5 взято | 🗑️ 18 мусор
2026-06-14 03:08:04,422 | INFO     |   → 1154/1189: ✅ 0 взято | 🗑️ 0 мусор
2026-06-14 03:08:04,422 | INFO     |   → 1155/1189: ✅ 1 взято | 🗑️ 23 мусор
2026-06-14 03:08:04,422 | INFO     |   → 1156/1189: ✅ 0 взято | 🗑️ 0 мусор
2026-06-14 03:08:04,422 | INFO     |   → 1157/1189: ✅ 5 взято | 🗑️ 18 мусор
2026-06-14 03:08:04,422 | INFO     |   → 1158/1189: ✅ 0 взято | 🗑️ 0 мусор
2026-06-14 03:08:04,422 | INFO     |   → 1159/1189: ✅ 17 взято | 🗑️ 7 мусор
2026-06-14 03:08:04,422 | INFO     |   → 1160/1189: ✅ 0 взято | 🗑️ 0 мусор
2026-06-14 03:08:04,422 | INFO     |   → 1161/1189: ✅ 3 взято | 🗑️ 17 мусор
2026-06-14 03:08:04,422 | INFO     |   → 1162/1189: ✅ 0 взято | 🗑️ 0 мусор
2026-06-14 03:08:04,422 | INFO     |   → 1163/1189: ✅ 7 взято | 🗑️ 14 мусор
2026-06-14 03:08:04,422 | INFO     |   → 1164/1189: ✅ 0 взято | 🗑️ 0 мусор
2026-06-14 03:08:04,422 | INFO     |   → 1165/1189: ✅ 7 взято | 🗑️ 14 мусор
2026-06-14 03:08:04,422 | INFO     |   → 1166/1189: ✅ 0 взято | 🗑️ 0 мусор
2026-06-14 03:08:04,422 | INFO     |   → 1167/1189: ✅ 8 взято | 🗑️ 11 мусор
2026-06-14 03:08:04,422 | INFO     |   → 1168/1189: ✅ 0 взято | 🗑️ 0 мусор
2026-06-14 03:08:04,422 | INFO     |   → 1169/1189: ✅ 0 взято | 🗑️ 22 мусор
2026-06-14 03:08:04,422 | INFO     |   → 1170/1189: ✅ 0 взято | 🗑️ 0 мусор
2026-06-14 03:08:04,422 | INFO     |   → 1171/1189: ✅ 3 взято | 🗑️ 12 мусор
2026-06-14 03:08:04,422 | INFO     |   → 1172/1189: ✅ 0 взято | 🗑️ 0 мусор
2026-06-14 03:08:04,422 | INFO     |   → 1173/1189: ✅ 0 взято | 🗑️ 7 мусор
2026-06-14 03:08:04,422 | INFO     |   → 1174/1189: ✅ 0 взято | 🗑️ 0 мусор
2026-06-14 03:08:04,423 | INFO     |   → 1175/1189: ✅ 2 взято | 🗑️ 8 мусор
2026-06-14 03:08:04,423 | INFO     |   → 1176/1189: ✅ 0 взято | 🗑️ 0 мусор
2026-06-14 03:08:04,423 | INFO     |   → 1177/1189: ✅ 5 взято | 🗑️ 12 мусор
2026-06-14 03:08:04,423 | INFO     |   → 1178/1189: ✅ 0 взято | 🗑️ 0 мусор
2026-06-14 03:08:04,423 | INFO     |   → 1179/1189: ✅ 2 взято | 🗑️ 12 мусор
2026-06-14 03:08:04,423 | INFO     |   → 1180/1189: ✅ 0 взято | 🗑️ 0 мусор
2026-06-14 03:08:04,423 | INFO     |   → 1181/1189: ✅ 8 взято | 🗑️ 12 мусор
2026-06-14 03:08:04,423 | INFO     |   → 1182/1189: ✅ 0 взято | 🗑️ 0 мусор
2026-06-14 03:08:04,423 | INFO     |   → 1183/1189: ✅ 0 взято | 🗑️ 10 мусор
2026-06-14 03:08:04,423 | INFO     |   → 1184/1189: ✅ 0 взято | 🗑️ 0 мусор
2026-06-14 03:08:04,423 | INFO     |   → 1185/1189: ✅ 6 взято | 🗑️ 14 мусор
2026-06-14 03:08:04,423 | INFO     |   → 1186/1189: ✅ 0 взято | 🗑️ 0 мусор
2026-06-14 03:08:04,423 | INFO     |   → 1187/1189: ✅ 0 взято | 🗑️ 19 мусор
2026-06-14 03:08:04,423 | INFO     |   → 1188/1189: ✅ 0 взято | 🗑️ 0 мусор
2026-06-14 03:08:04,423 | INFO     |   → 1189/1189: ✅ 0 взято | 🗑️ 1 мусор
2026-06-14 03:08:04,423 | INFO     |   → ✅ ГОТОВО!
2026-06-14 03:08:04,423 | INFO     |   →    📥 Всего ключей после фильтра: 42587
2026-06-14 03:08:04,423 | INFO     |   →    🔗 Уникальных IP:PORT:SCHEME: 12622
2026-06-14 03:08:04,423 | INFO     |   →    🗑️ Выброшено мусора: 703583
2026-06-14 03:08:04,423 | INFO     |   → 📊 По протоколам:
2026-06-14 03:08:04,423 | INFO     |   →    vless: 5423
2026-06-14 03:08:04,423 | INFO     |   →    vmess: 3486
2026-06-14 03:08:04,423 | INFO     |   →    trojan: 1543
2026-06-14 03:08:04,423 | INFO     |   →    ss: 2004
2026-06-14 03:08:04,423 | INFO     |   →    hysteria: 13
2026-06-14 03:08:04,423 | INFO     |   →    hysteria2: 34
2026-06-14 03:08:04,424 | INFO     |   →    hy2: 66
2026-06-14 03:08:04,424 | INFO     |   →    tuic: 53
2026-06-14 03:08:04,424 | INFO     | ✅ mirror.py завершён успешно
2026-06-14 03:08:04,424 | INFO     | 
2026-06-14 03:08:04,424 | INFO     | 
2026-06-14 03:08:04,424 | INFO     | ──────────────────────────────────────────────────────────────────────
2026-06-14 03:08:04,424 | INFO     | 📌 ЭТАП: Фильтрация по реальному SNI
2026-06-14 03:08:04,424 | INFO     | ──────────────────────────────────────────────────────────────────────
2026-06-14 03:08:04,424 | INFO     | 🚀 Запуск filter_ru_sni.py (Фильтр по реальному SNI (CDN+RU))...
2026-06-14 03:08:04,717 | INFO     |   → hy2.txt: 66 → 20 (SNI-filtered)
2026-06-14 03:08:04,717 | INFO     |   →   hysteria.txt: 13 → 0 (SNI-filtered)
2026-06-14 03:08:04,717 | INFO     |   →   hysteria2.txt: 34 → 6 (SNI-filtered)
2026-06-14 03:08:04,717 | INFO     |   →   ss.txt: 2004 → 1 (SNI-filtered)
2026-06-14 03:08:04,717 | INFO     |   →   trojan.txt: 1543 → 12 (SNI-filtered)
2026-06-14 03:08:04,717 | INFO     |   →   tuic.txt: 53 → 0 (SNI-filtered)
2026-06-14 03:08:04,717 | INFO     |   →   vless.txt: 5423 → 878 (SNI-filtered)
2026-06-14 03:08:04,717 | INFO     |   →   vmess.txt: 3486 → 38 (SNI-filtered)
2026-06-14 03:08:04,717 | INFO     |   → ==================================================
2026-06-14 03:08:04,717 | INFO     |   →   Всего входных:  12622
2026-06-14 03:08:04,717 | INFO     |   →   Прошли фильтр:  955
2026-06-14 03:08:04,717 | INFO     |   →   Отброшено:      11667
2026-06-14 03:08:04,717 | INFO     |   → ==================================================
2026-06-14 03:08:04,717 | INFO     |   → Готово → /home/runner/work/vpn-vless-configs-russia/vpn-vless-configs-russia/githubmirror/ru-sni
2026-06-14 03:08:04,717 | INFO     | ✅ filter_ru_sni.py завершён успешно
2026-06-14 03:08:04,717 | INFO     | 
2026-06-14 03:08:04,717 | INFO     | 
2026-06-14 03:08:04,717 | INFO     | ──────────────────────────────────────────────────────────────────────
2026-06-14 03:08:04,717 | INFO     | 📌 ЭТАП: Экспериментальный RU-SNI фильтр
2026-06-14 03:08:04,717 | INFO     | ──────────────────────────────────────────────────────────────────────
2026-06-14 03:08:04,717 | INFO     | 🚀 Запуск filter_ru_sni_local.py (Экспериментальный фильтр по RU-SNI (локальные домены))...
2026-06-14 03:08:04,914 | INFO     |   → hy2.txt: 66 → 0 (RU-SNI)
2026-06-14 03:08:04,914 | INFO     |   → hysteria.txt: 13 → 0 (RU-SNI)
2026-06-14 03:08:04,914 | INFO     |   → hysteria2.txt: 34 → 0 (RU-SNI)
2026-06-14 03:08:04,914 | INFO     |   → ss.txt: 2004 → 0 (RU-SNI)
2026-06-14 03:08:04,914 | INFO     |   → trojan.txt: 1543 → 0 (RU-SNI)
2026-06-14 03:08:04,914 | INFO     |   → tuic.txt: 53 → 0 (RU-SNI)
2026-06-14 03:08:04,915 | INFO     |   → vless.txt: 5423 → 209 (RU-SNI)
2026-06-14 03:08:04,915 | INFO     |   → vmess.txt: 3486 → 0 (RU-SNI)
2026-06-14 03:08:04,915 | INFO     |   → ==================================================
2026-06-14 03:08:04,915 | INFO     |   → Всего входных:  12622
2026-06-14 03:08:04,915 | INFO     |   → Прошли RU-SNI:  209
2026-06-14 03:08:04,915 | INFO     |   → Отброшено:      12413
2026-06-14 03:08:04,915 | INFO     |   → ==================================================
2026-06-14 03:08:04,915 | INFO     |   → Готово → /home/runner/work/vpn-vless-configs-russia/vpn-vless-configs-russia/githubmirror/ru-sni-local
2026-06-14 03:08:04,915 | INFO     | ✅ filter_ru_sni_local.py завершён успешно
2026-06-14 03:08:04,915 | INFO     | 
2026-06-14 03:08:04,915 | INFO     | 
2026-06-14 03:08:04,915 | INFO     | ──────────────────────────────────────────────────────────────────────
2026-06-14 03:08:04,915 | INFO     | 📌 ЭТАП: Сбор статистики
2026-06-14 03:08:04,915 | INFO     | ──────────────────────────────────────────────────────────────────────
2026-06-14 03:08:04,915 | INFO     | 📊 Сбор статистики...
2026-06-14 03:08:04,915 | INFO     |   📁 githubmirror/clean:
2026-06-14 03:08:04,916 | INFO     |     • hy2         :    66 конфигов
2026-06-14 03:08:04,916 | INFO     |     • hysteria    :    13 конфигов
2026-06-14 03:08:04,916 | INFO     |     • hysteria2   :    34 конфигов
2026-06-14 03:08:04,917 | INFO     |     • ss          :  2004 конфигов
2026-06-14 03:08:04,919 | INFO     |     • trojan      :  1543 конфигов
2026-06-14 03:08:04,919 | INFO     |     • tuic        :    53 конфигов
2026-06-14 03:08:04,925 | INFO     |     • vless       :  5423 конфигов
2026-06-14 03:08:04,928 | INFO     |     • vmess       :  3486 конфигов
2026-06-14 03:08:04,928 | INFO     |   📁 githubmirror/ru-sni:
2026-06-14 03:08:04,928 | INFO     |     • hy2         :    20 конфигов ( 30.3% от clean)
2026-06-14 03:08:04,928 | INFO     |     • hysteria    :     0 конфигов (  0.0% от clean)
2026-06-14 03:08:04,928 | INFO     |     • hysteria2   :     6 конфигов ( 17.6% от clean)
2026-06-14 03:08:04,929 | INFO     |     • ss          :     1 конфигов (  0.0% от clean)
2026-06-14 03:08:04,929 | INFO     |     • trojan      :    12 конфигов (  0.8% от clean)
2026-06-14 03:08:04,929 | INFO     |     • tuic        :     0 конфигов (  0.0% от clean)
2026-06-14 03:08:04,930 | INFO     |     • vless       :   878 конфигов ( 16.2% от clean)
2026-06-14 03:08:04,930 | INFO     |     • vmess       :    38 конфигов (  1.1% от clean)
2026-06-14 03:08:04,930 | INFO     | 
2026-06-14 03:08:04,930 | INFO     |   ──────────────────────────────────────────────────
2026-06-14 03:08:04,930 | INFO     |   📈 ИТОГО:
2026-06-14 03:08:04,930 | INFO     |     Clean (после geo-фильтра):    12622
2026-06-14 03:08:04,930 | INFO     |     RU-SNI (после SNI-фильтра):     955
2026-06-14 03:08:04,930 | INFO     |     Прошло фильтр:                  7.6%
2026-06-14 03:08:04,930 | INFO     |   ──────────────────────────────────────────────────
2026-06-14 03:08:04,930 | INFO     | ✅ Статистика сохранена: /home/runner/work/vpn-vless-configs-russia/vpn-vless-configs-russia/stats.json
2026-06-14 03:08:04,930 | INFO     | 
2026-06-14 03:08:04,931 | INFO     | ======================================================================
2026-06-14 03:08:04,931 | INFO     | 📊 ИТОГОВЫЙ ОТЧЁТ
2026-06-14 03:08:04,931 | INFO     | ======================================================================
2026-06-14 03:08:04,931 | INFO     |   ✅ OK         | Загрузка и geo-фильтрация
2026-06-14 03:08:04,931 | INFO     |   ✅ OK         | Фильтрация по реальному SNI
2026-06-14 03:08:04,931 | INFO     |   ✅ OK         | Экспериментальный RU-SNI фильтр
2026-06-14 03:08:04,931 | INFO     |   ✅ OK         | Сбор статистики
2026-06-14 03:08:04,931 | INFO     | ──────────────────────────────────────────────────────────────────────
2026-06-14 03:08:04,931 | INFO     | ✅ ВСЕ ЭТАПЫ УСПЕШНЫ (4/4)
2026-06-14 03:08:04,931 | INFO     | ⏰ Время завершения: 2026-06-14 03:08:04
2026-06-14 03:08:04,931 | INFO     | ======================================================================
