2026-06-04 14:49:37,776 | INFO     | ======================================================================
2026-06-04 14:49:37,776 | INFO     | 🔍 VPN KEY CHECKER - Начало проверки
2026-06-04 14:49:37,776 | INFO     | ⏰ Время старта: 2026-06-04 14:49:37
2026-06-04 14:49:37,777 | INFO     | 📂 Рабочая директория: /home/runner/work/vpn-vless-configs-russia/vpn-vless-configs-russia
2026-06-04 14:49:37,777 | INFO     | ======================================================================
2026-06-04 14:49:37,777 | INFO     | 
2026-06-04 14:49:37,777 | INFO     | 🔍 Проверка наличия скриптов...
2026-06-04 14:49:37,777 | INFO     |   ✅ mirror.py
2026-06-04 14:49:37,777 | INFO     |   ✅ filter_ru_sni.py
2026-06-04 14:49:37,777 | INFO     |   ✅ filter_ru_sni_local.py
2026-06-04 14:49:37,777 | INFO     | 
2026-06-04 14:49:37,777 | INFO     | 
2026-06-04 14:49:37,777 | INFO     | ──────────────────────────────────────────────────────────────────────
2026-06-04 14:49:37,777 | INFO     | 📌 ЭТАП: Загрузка и geo-фильтрация
2026-06-04 14:49:37,777 | INFO     | ──────────────────────────────────────────────────────────────────────
2026-06-04 14:49:37,777 | INFO     | 🚀 Запуск mirror.py (Загрузка и фильтрация по РФ/СНГ/Европа)...
2026-06-04 14:54:50,133 | INFO     |   → 🚀 Старт: всего источников (старые + новые): 1119
2026-06-04 14:54:50,133 | INFO     |   → 1/1119: ✅ 13 взято | 🗑️ 242 мусор
2026-06-04 14:54:50,133 | INFO     |   → 2/1119: ✅ 0 взято | 🗑️ 0 мусор
2026-06-04 14:54:50,133 | INFO     |   → 3/1119 ❌ HTTP 404 — https://bitbucket.org/huwo1/proxy_nodes/raw/f31ca9ec67b84071515729ff45b011b6b09c10f2/clash.yaml
2026-06-04 14:54:50,133 | INFO     |   → 4/1119 ❌ HTTP 404 — https://cdn.jsdelivr.net/gh/cry0ice/genode@main/public/all.txt
2026-06-04 14:54:50,133 | INFO     |   → 5/1119 ❌ HTTP 404 — https://cdn.jsdelivr.net/gh/cry0ice/genode@main/public/ss.txt
2026-06-04 14:54:50,133 | INFO     |   → 6/1119 ❌ HTTP 404 — https://cdn.jsdelivr.net/gh/cry0ice/genode@main/public/ssr.txt
2026-06-04 14:54:50,133 | INFO     |   → 7/1119 ❌ HTTP 404 — https://cdn.jsdelivr.net/gh/cry0ice/genode@main/public/trojan.txt
2026-06-04 14:54:50,133 | INFO     |   → 8/1119 ❌ HTTP 404 — https://cdn.jsdelivr.net/gh/cry0ice/genode@main/public/vless.txt
2026-06-04 14:54:50,133 | INFO     |   → 9/1119 ❌ HTTP 404 — https://cdn.jsdelivr.net/gh/cry0ice/genode@main/public/vmess.txt
2026-06-04 14:54:50,133 | INFO     |   → 10/1119: ✅ 0 взято | 🗑️ 0 мусор
2026-06-04 14:54:50,133 | INFO     |   → 11/1119: ✅ 0 взято | 🗑️ 0 мусор
2026-06-04 14:54:50,133 | INFO     |   → 12/1119: ✅ 0 взято | 🗑️ 0 мусор
2026-06-04 14:54:50,133 | INFO     |   → 13/1119: ✅ 0 взято | 🗑️ 0 мусор
2026-06-04 14:54:50,133 | INFO     |   → 14/1119: ✅ 0 взято | 🗑️ 0 мусор
2026-06-04 14:54:50,133 | INFO     |   → 15/1119: ✅ 0 взято | 🗑️ 0 мусор
2026-06-04 14:54:50,133 | INFO     |   → 16/1119: ✅ 0 взято | 🗑️ 0 мусор
2026-06-04 14:54:50,133 | INFO     |   → 17/1119: ✅ 0 взято | 🗑️ 0 мусор
2026-06-04 14:54:50,133 | INFO     |   → 18/1119: ✅ 0 взято | 🗑️ 0 мусор
2026-06-04 14:54:50,133 | INFO     |   → 19/1119: ✅ 0 взято | 🗑️ 0 мусор
2026-06-04 14:54:50,133 | INFO     |   → 20/1119: ✅ 0 взято | 🗑️ 0 мусор
2026-06-04 14:54:50,133 | INFO     |   → 21/1119: ✅ 0 взято | 🗑️ 0 мусор
2026-06-04 14:54:50,133 | INFO     |   → 22/1119: ✅ 0 взято | 🗑️ 0 мусор
2026-06-04 14:54:50,133 | INFO     |   → 23/1119: ✅ 0 взято | 🗑️ 0 мусор
2026-06-04 14:54:50,133 | INFO     |   → 24/1119: ✅ 0 взято | 🗑️ 0 мусор
2026-06-04 14:54:50,133 | INFO     |   → 25/1119: ✅ 0 взято | 🗑️ 0 мусор
2026-06-04 14:54:50,133 | INFO     |   → 26/1119: ✅ 0 взято | 🗑️ 0 мусор
2026-06-04 14:54:50,133 | INFO     |   → 27/1119: ✅ 0 взято | 🗑️ 0 мусор
2026-06-04 14:54:50,133 | INFO     |   → 28/1119: ✅ 0 взято | 🗑️ 0 мусор
2026-06-04 14:54:50,133 | INFO     |   → 29/1119: ✅ 0 взято | 🗑️ 0 мусор
2026-06-04 14:54:50,133 | INFO     |   → 30/1119: ✅ 0 взято | 🗑️ 0 мусор
2026-06-04 14:54:50,134 | INFO     |   → 31/1119: ✅ 0 взято | 🗑️ 0 мусор
2026-06-04 14:54:50,134 | INFO     |   → 32/1119: ✅ 0 взято | 🗑️ 0 мусор
2026-06-04 14:54:50,134 | INFO     |   → 33/1119: ✅ 0 взято | 🗑️ 0 мусор
2026-06-04 14:54:50,134 | INFO     |   → 34/1119: ✅ 0 взято | 🗑️ 0 мусор
2026-06-04 14:54:50,134 | INFO     |   → 35/1119: ✅ 0 взято | 🗑️ 0 мусор
2026-06-04 14:54:50,134 | INFO     |   → 36/1119: ✅ 0 взято | 🗑️ 0 мусор
2026-06-04 14:54:50,134 | INFO     |   → 37/1119: ✅ 0 взято | 🗑️ 0 мусор
2026-06-04 14:54:50,134 | INFO     |   → 38/1119: ✅ 0 взято | 🗑️ 0 мусор
2026-06-04 14:54:50,134 | INFO     |   → 39/1119: ✅ 0 взято | 🗑️ 0 мусор
2026-06-04 14:54:50,134 | INFO     |   → 40/1119: ✅ 0 взято | 🗑️ 0 мусор
2026-06-04 14:54:50,134 | INFO     |   → 41/1119: ✅ 0 взято | 🗑️ 0 мусор
2026-06-04 14:54:50,134 | INFO     |   → 42/1119: ✅ 0 взято | 🗑️ 0 мусор
2026-06-04 14:54:50,134 | INFO     |   → 43/1119: ✅ 0 взято | 🗑️ 0 мусор
2026-06-04 14:54:50,134 | INFO     |   → 44/1119: ✅ 0 взято | 🗑️ 0 мусор
2026-06-04 14:54:50,134 | INFO     |   → 45/1119: ✅ 0 взято | 🗑️ 0 мусор
2026-06-04 14:54:50,134 | INFO     |   → 46/1119: ✅ 0 взято | 🗑️ 0 мусор
2026-06-04 14:54:50,134 | INFO     |   → 47/1119: ✅ 0 взято | 🗑️ 0 мусор
2026-06-04 14:54:50,134 | INFO     |   → 48/1119: ✅ 0 взято | 🗑️ 0 мусор
2026-06-04 14:54:50,134 | INFO     |   → 49/1119: ✅ 0 взято | 🗑️ 0 мусор
2026-06-04 14:54:50,134 | INFO     |   → 50/1119: ✅ 0 взято | 🗑️ 0 мусор
2026-06-04 14:54:50,134 | INFO     |   → 51/1119: ✅ 0 взято | 🗑️ 0 мусор
2026-06-04 14:54:50,134 | INFO     |   → 52/1119: ✅ 0 взято | 🗑️ 0 мусор
2026-06-04 14:54:50,134 | INFO     |   → 53/1119: ✅ 0 взято | 🗑️ 0 мусор
2026-06-04 14:54:50,134 | INFO     |   → 54/1119: ✅ 0 взято | 🗑️ 0 мусор
2026-06-04 14:54:50,134 | INFO     |   → 55/1119: ✅ 0 взято | 🗑️ 0 мусор
2026-06-04 14:54:50,134 | INFO     |   → 56/1119: ✅ 0 взято | 🗑️ 0 мусор
2026-06-04 14:54:50,134 | INFO     |   → 57/1119: ✅ 0 взято | 🗑️ 0 мусор
2026-06-04 14:54:50,134 | INFO     |   → 58/1119: ✅ 0 взято | 🗑️ 0 мусор
2026-06-04 14:54:50,134 | INFO     |   → 59/1119: ✅ 0 взято | 🗑️ 0 мусор
2026-06-04 14:54:50,134 | INFO     |   → 60/1119: ✅ 0 взято | 🗑️ 0 мусор
2026-06-04 14:54:50,134 | INFO     |   → 61/1119: ✅ 0 взято | 🗑️ 0 мусор
2026-06-04 14:54:50,134 | INFO     |   → 62/1119: ✅ 0 взято | 🗑️ 0 мусор
2026-06-04 14:54:50,134 | INFO     |   → 63/1119: ✅ 0 взято | 🗑️ 0 мусор
2026-06-04 14:54:50,134 | INFO     |   → 64/1119: ✅ 0 взято | 🗑️ 0 мусор
2026-06-04 14:54:50,134 | INFO     |   → 65/1119: ✅ 0 взято | 🗑️ 0 мусор
2026-06-04 14:54:50,134 | INFO     |   → 66/1119: ✅ 0 взято | 🗑️ 0 мусор
2026-06-04 14:54:50,134 | INFO     |   → 67/1119: ✅ 0 взято | 🗑️ 0 мусор
2026-06-04 14:54:50,134 | INFO     |   → 68/1119: ✅ 0 взято | 🗑️ 0 мусор
2026-06-04 14:54:50,134 | INFO     |   → 69/1119: ✅ 0 взято | 🗑️ 0 мусор
2026-06-04 14:54:50,134 | INFO     |   → 70/1119: ✅ 0 взято | 🗑️ 0 мусор
2026-06-04 14:54:50,134 | INFO     |   → 71/1119: ✅ 0 взято | 🗑️ 0 мусор
2026-06-04 14:54:50,134 | INFO     |   → 72/1119: ✅ 0 взято | 🗑️ 0 мусор
2026-06-04 14:54:50,134 | INFO     |   → 73/1119: ✅ 0 взято | 🗑️ 0 мусор
2026-06-04 14:54:50,135 | INFO     |   → 74/1119: ✅ 0 взято | 🗑️ 0 мусор
2026-06-04 14:54:50,135 | INFO     |   → 75/1119: ✅ 0 взято | 🗑️ 0 мусор
2026-06-04 14:54:50,135 | INFO     |   → 76/1119: ✅ 0 взято | 🗑️ 0 мусор
2026-06-04 14:54:50,135 | INFO     |   → 77/1119: ✅ 0 взято | 🗑️ 0 мусор
2026-06-04 14:54:50,135 | INFO     |   → 78/1119: ✅ 0 взято | 🗑️ 0 мусор
2026-06-04 14:54:50,135 | INFO     |   → 79/1119: ✅ 0 взято | 🗑️ 0 мусор
2026-06-04 14:54:50,135 | INFO     |   → 80/1119: ✅ 0 взято | 🗑️ 0 мусор
2026-06-04 14:54:50,135 | INFO     |   → 81/1119: ✅ 0 взято | 🗑️ 0 мусор
2026-06-04 14:54:50,135 | INFO     |   → 82/1119: ✅ 0 взято | 🗑️ 0 мусор
2026-06-04 14:54:50,135 | INFO     |   → 83/1119: ✅ 0 взято | 🗑️ 0 мусор
2026-06-04 14:54:50,135 | INFO     |   → 84/1119: ✅ 0 взято | 🗑️ 0 мусор
2026-06-04 14:54:50,135 | INFO     |   → 85/1119: ✅ 0 взято | 🗑️ 0 мусор
2026-06-04 14:54:50,135 | INFO     |   → 86/1119: ✅ 0 взято | 🗑️ 0 мусор
2026-06-04 14:54:50,135 | INFO     |   → 87/1119: ✅ 0 взято | 🗑️ 0 мусор
2026-06-04 14:54:50,135 | INFO     |   → 88/1119: ✅ 0 взято | 🗑️ 0 мусор
2026-06-04 14:54:50,135 | INFO     |   → 89/1119: ✅ 0 взято | 🗑️ 0 мусор
2026-06-04 14:54:50,135 | INFO     |   → 90/1119: ✅ 0 взято | 🗑️ 0 мусор
2026-06-04 14:54:50,135 | INFO     |   → 91/1119: ✅ 0 взято | 🗑️ 0 мусор
2026-06-04 14:54:50,135 | INFO     |   → 92/1119: ✅ 0 взято | 🗑️ 0 мусор
2026-06-04 14:54:50,135 | INFO     |   → 93/1119: ✅ 0 взято | 🗑️ 0 мусор
2026-06-04 14:54:50,135 | INFO     |   → 94/1119: ✅ 0 взято | 🗑️ 0 мусор
2026-06-04 14:54:50,135 | INFO     |   → 95/1119: ✅ 0 взято | 🗑️ 0 мусор
2026-06-04 14:54:50,135 | INFO     |   → 96/1119: ✅ 0 взято | 🗑️ 0 мусор
2026-06-04 14:54:50,135 | INFO     |   → 97/1119: ✅ 0 взято | 🗑️ 0 мусор
2026-06-04 14:54:50,135 | INFO     |   → 98/1119: ✅ 0 взято | 🗑️ 0 мусор
2026-06-04 14:54:50,135 | INFO     |   → 99/1119: ✅ 0 взято | 🗑️ 0 мусор
2026-06-04 14:54:50,135 | INFO     |   → 100/1119: ✅ 0 взято | 🗑️ 0 мусор
2026-06-04 14:54:50,135 | INFO     |   → 101/1119: ✅ 0 взято | 🗑️ 0 мусор
2026-06-04 14:54:50,135 | INFO     |   → 102/1119: ✅ 0 взято | 🗑️ 0 мусор
2026-06-04 14:54:50,135 | INFO     |   → 103/1119: ✅ 0 взято | 🗑️ 0 мусор
2026-06-04 14:54:50,135 | INFO     |   → 104/1119: ✅ 0 взято | 🗑️ 0 мусор
2026-06-04 14:54:50,135 | INFO     |   → 105/1119: ✅ 0 взято | 🗑️ 0 мусор
2026-06-04 14:54:50,135 | INFO     |   → 106/1119: ✅ 0 взято | 🗑️ 0 мусор
2026-06-04 14:54:50,135 | INFO     |   → 107/1119: ✅ 0 взято | 🗑️ 0 мусор
2026-06-04 14:54:50,135 | INFO     |   → 108/1119: ✅ 0 взято | 🗑️ 0 мусор
2026-06-04 14:54:50,135 | INFO     |   → 109/1119: ✅ 0 взято | 🗑️ 0 мусор
2026-06-04 14:54:50,135 | INFO     |   → 110/1119: ✅ 0 взято | 🗑️ 0 мусор
2026-06-04 14:54:50,135 | INFO     |   → 111/1119: ✅ 0 взято | 🗑️ 0 мусор
2026-06-04 14:54:50,135 | INFO     |   → 112/1119: ✅ 0 взято | 🗑️ 0 мусор
2026-06-04 14:54:50,135 | INFO     |   → 113/1119: ✅ 0 взято | 🗑️ 0 мусор
2026-06-04 14:54:50,135 | INFO     |   → 114/1119: ✅ 0 взято | 🗑️ 0 мусор
2026-06-04 14:54:50,135 | INFO     |   → 115/1119: ✅ 0 взято | 🗑️ 0 мусор
2026-06-04 14:54:50,135 | INFO     |   → 116/1119: ✅ 0 взято | 🗑️ 0 мусор
2026-06-04 14:54:50,135 | INFO     |   → 117/1119: ✅ 0 взято | 🗑️ 0 мусор
2026-06-04 14:54:50,135 | INFO     |   → 118/1119: ✅ 0 взято | 🗑️ 0 мусор
2026-06-04 14:54:50,135 | INFO     |   → 119/1119: ✅ 0 взято | 🗑️ 0 мусор
2026-06-04 14:54:50,135 | INFO     |   → 120/1119 ❌ HTTP 404 — https://freessrnode.github.io/uploads/2024/08/0-20240822.txt
2026-06-04 14:54:50,135 | INFO     |   → 121/1119 ❌ HTTP 404 — https://freessrnode.github.io/uploads/2024/08/1-20240822.txt
2026-06-04 14:54:50,136 | INFO     |   → 122/1119 ❌ HTTP 404 — https://freessrnode.github.io/uploads/2024/08/2-20240822.txt
2026-06-04 14:54:50,136 | INFO     |   → 123/1119 ❌ HTTP 404 — https://freessrnode.github.io/uploads/2024/08/3-20240822.txt
2026-06-04 14:54:50,136 | INFO     |   → 124/1119 ❌ HTTP 404 — https://freessrnode.github.io/uploads/2024/08/4-20240822.txt
2026-06-04 14:54:50,136 | INFO     |   → 125/1119 ⚠️ Ошибка: HTTPSConnectionPool(host='freevpnspy.githubrowcontent.com', port=443): Max retries exceeded with url: /2024/08/20240802_novless.yaml (Caused by NameResolutionError("HTTPSConnection(host='freevpnspy.githubrowcontent.com', port=443): Failed to resolve 'freevpnspy.githubrowcontent.com' ([Errno -2] Name or service not known)")) — https://freevpnspy.githubrowcontent.com/2024/08/20240802_novless.yaml
2026-06-04 14:54:50,136 | INFO     |   → 126/1119 ⚠️ Ошибка: HTTPSConnectionPool(host='freevpnspy.githubrowcontent.com', port=443): Max retries exceeded with url: /2024/08/20240802_vless.yaml (Caused by NameResolutionError("HTTPSConnection(host='freevpnspy.githubrowcontent.com', port=443): Failed to resolve 'freevpnspy.githubrowcontent.com' ([Errno -2] Name or service not known)")) — https://freevpnspy.githubrowcontent.com/2024/08/20240802_vless.yaml
2026-06-04 14:54:50,136 | INFO     |   → 127/1119: ✅ 0 взято | 🗑️ 0 мусор
2026-06-04 14:54:50,136 | INFO     |   → 128/1119: ✅ 14 взято | 🗑️ 292 мусор
2026-06-04 14:54:50,136 | INFO     |   → 129/1119: ✅ 14 взято | 🗑️ 218 мусор
2026-06-04 14:54:50,136 | INFO     |   → 130/1119: ✅ 7 взято | 🗑️ 148 мусор
2026-06-04 14:54:50,136 | INFO     |   → 131/1119: ✅ 9 взято | 🗑️ 151 мусор
2026-06-04 14:54:50,136 | INFO     |   → 132/1119: ✅ 0 взято | 🗑️ 0 мусор
2026-06-04 14:54:50,136 | INFO     |   → 133/1119: ✅ 0 взято | 🗑️ 0 мусор
2026-06-04 14:54:50,136 | INFO     |   → 134/1119: ✅ 0 взято | 🗑️ 0 мусор
2026-06-04 14:54:50,136 | INFO     |   → 135/1119: ✅ 0 взято | 🗑️ 0 мусор
2026-06-04 14:54:50,136 | INFO     |   → 136/1119: ✅ 5 взято | 🗑️ 211 мусор
2026-06-04 14:54:50,136 | INFO     |   → 137/1119: ✅ 0 взято | 🗑️ 0 мусор
2026-06-04 14:54:50,136 | INFO     |   → 138/1119: ✅ 0 взято | 🗑️ 0 мусор
2026-06-04 14:54:50,136 | INFO     |   → 139/1119: ✅ 1 взято | 🗑️ 226 мусор
2026-06-04 14:54:50,136 | INFO     |   → 140/1119: ✅ 3 взято | 🗑️ 152 мусор
2026-06-04 14:54:50,136 | INFO     |   → 141/1119: ✅ 0 взято | 🗑️ 0 мусор
2026-06-04 14:54:50,136 | INFO     |   → 142/1119: ✅ 0 взято | 🗑️ 0 мусор
2026-06-04 14:54:50,136 | INFO     |   → 143/1119: ✅ 0 взято | 🗑️ 300 мусор
2026-06-04 14:54:50,136 | INFO     |   → 144/1119: ✅ 0 взято | 🗑️ 142 мусор
2026-06-04 14:54:50,136 | INFO     |   → 145/1119: ✅ 0 взято | 🗑️ 0 мусор
2026-06-04 14:54:50,136 | INFO     |   → 146/1119: ✅ 1 взято | 🗑️ 104 мусор
2026-06-04 14:54:50,136 | INFO     |   → 147/1119: ✅ 0 взято | 🗑️ 193 мусор
2026-06-04 14:54:50,136 | INFO     |   → 148/1119: ✅ 0 взято | 🗑️ 0 мусор
2026-06-04 14:54:50,136 | INFO     |   → 149/1119: ✅ 0 взято | 🗑️ 0 мусор
2026-06-04 14:54:50,136 | INFO     |   → 150/1119: ✅ 0 взято | 🗑️ 125 мусор
2026-06-04 14:54:50,136 | INFO     |   → 151/1119: ✅ 0 взято | 🗑️ 296 мусор
2026-06-04 14:54:50,137 | INFO     |   → 152/1119: ✅ 0 взято | 🗑️ 130 мусор
2026-06-04 14:54:50,137 | INFO     |   → 153/1119: ✅ 2 взято | 🗑️ 105 мусор
2026-06-04 14:54:50,137 | INFO     |   → 154/1119: ✅ 0 взято | 🗑️ 0 мусор
2026-06-04 14:54:50,137 | INFO     |   → 155/1119: ✅ 3 взято | 🗑️ 268 мусор
2026-06-04 14:54:50,137 | INFO     |   → 156/1119: ✅ 0 взято | 🗑️ 248 мусор
2026-06-04 14:54:50,137 | INFO     |   → 157/1119: ✅ 0 взято | 🗑️ 0 мусор
2026-06-04 14:54:50,137 | INFO     |   → 158/1119: ✅ 1 взято | 🗑️ 139 мусор
2026-06-04 14:54:50,137 | INFO     |   → 159/1119: ✅ 0 взято | 🗑️ 0 мусор
2026-06-04 14:54:50,137 | INFO     |   → 160/1119: ✅ 0 взято | 🗑️ 0 мусор
2026-06-04 14:54:50,137 | INFO     |   → 161/1119: ✅ 0 взято | 🗑️ 0 мусор
2026-06-04 14:54:50,137 | INFO     |   → 162/1119: ✅ 0 взято | 🗑️ 198 мусор
2026-06-04 14:54:50,137 | INFO     |   → 163/1119: ✅ 0 взято | 🗑️ 0 мусор
2026-06-04 14:54:50,137 | INFO     |   → 164/1119: ✅ 0 взято | 🗑️ 0 мусор
2026-06-04 14:54:50,137 | INFO     |   → 165/1119 ❌ HTTP 404 — https://github.com/Epodonios/bulk-xray-v2ray-vless-vmess-...-configs/raw/main/sub/Albania/config.txt
2026-06-04 14:54:50,137 | INFO     |   → 166/1119 ❌ HTTP 404 — https://github.com/Epodonios/bulk-xray-v2ray-vless-vmess-...-configs/raw/main/sub/Cura%C3%A7ao/config.txt
2026-06-04 14:54:50,137 | INFO     |   → 167/1119 ❌ HTTP 404 — https://github.com/Epodonios/bulk-xray-v2ray-vless-vmess-...-configs/raw/main/sub/Finland/config.txt
2026-06-04 14:54:50,138 | INFO     |   → 168/1119 ❌ HTTP 404 — https://github.com/Epodonios/bulk-xray-v2ray-vless-vmess-...-configs/raw/main/sub/Iran/config.txt
2026-06-04 14:54:50,138 | INFO     |   → 169/1119 ❌ HTTP 404 — https://github.com/Epodonios/bulk-xray-v2ray-vless-vmess-...-configs/raw/main/sub/Netherlands/config.txt
2026-06-04 14:54:50,138 | INFO     |   → 170/1119 ❌ HTTP 404 — https://github.com/Epodonios/bulk-xray-v2ray-vless-vmess-...-configs/raw/main/sub/Norway/config.txt
2026-06-04 14:54:50,138 | INFO     |   → 171/1119 ❌ HTTP 404 — https://github.com/Epodonios/bulk-xray-v2ray-vless-vmess-...-configs/raw/main/sub/Russia/config.txt
2026-06-04 14:54:50,138 | INFO     |   → 172/1119: ✅ 13 взято | 🗑️ 70 мусор
2026-06-04 14:54:50,138 | INFO     |   → 173/1119: ✅ 0 взято | 🗑️ 4 мусор
2026-06-04 14:54:50,138 | INFO     |   → 174/1119: ✅ 0 взято | 🗑️ 7 мусор
2026-06-04 14:54:50,138 | INFO     |   → 175/1119: ✅ 0 взято | 🗑️ 51 мусор
2026-06-04 14:54:50,138 | INFO     |   → 176/1119: ✅ 0 взято | 🗑️ 8 мусор
2026-06-04 14:54:50,138 | INFO     |   → 177/1119: ✅ 0 взято | 🗑️ 0 мусор
2026-06-04 14:54:50,138 | INFO     |   → 178/1119: ✅ 17 взято | 🗑️ 119 мусор
2026-06-04 14:54:50,138 | INFO     |   → 179/1119 ❌ HTTP 404 — https://github.com/MrMohebi/xray-proxy-grabber-telegram/raw/master/collected-proxies/clash-meta/all.yaml
2026-06-04 14:54:50,138 | INFO     |   → 180/1119 ❌ HTTP 404 — https://github.com/MrMohebi/xray-proxy-grabber-telegram/raw/master/collected-proxies/row-url/all.txt
2026-06-04 14:54:50,138 | INFO     |   → 181/1119: ✅ 0 взято | 🗑️ 0 мусор
2026-06-04 14:54:50,138 | INFO     |   → 182/1119: ✅ 0 взято | 🗑️ 113 мусор
2026-06-04 14:54:50,138 | INFO     |   → 183/1119: ✅ 0 взято | 🗑️ 119 мусор
2026-06-04 14:54:50,138 | INFO     |   → 184/1119 ❌ HTTP 404 — https://github.com/abbasdvd3/abbasdvd10/73ec60de7a6c6aa6df4c14b511c1da60686891ca/ppo.txt
2026-06-04 14:54:50,138 | INFO     |   → 185/1119 ❌ HTTP 404 — https://github.com/acymz/AutoVPN/refs/heads/main/data/V2.txt
2026-06-04 14:54:50,138 | INFO     |   → 186/1119: ✅ 0 взято | 🗑️ 0 мусор
2026-06-04 14:54:50,139 | INFO     |   → 187/1119: ✅ 0 взято | 🗑️ 0 мусор
2026-06-04 14:54:50,139 | INFO     |   → 188/1119: ✅ 0 взято | 🗑️ 0 мусор
2026-06-04 14:54:50,139 | INFO     |   → 189/1119: ✅ 0 взято | 🗑️ 0 мусор
2026-06-04 14:54:50,139 | INFO     |   → 190/1119: ✅ 0 взято | 🗑️ 0 мусор
2026-06-04 14:54:50,139 | INFO     |   → 191/1119: ✅ 0 взято | 🗑️ 0 мусор
2026-06-04 14:54:50,139 | INFO     |   → 192/1119: ✅ 0 взято | 🗑️ 0 мусор
2026-06-04 14:54:50,139 | INFO     |   → 193/1119 ❌ HTTP 404 — https://github.com/mermeroo/V2RAY-FREE/raw/main/All_Configs_base64_Sub.txt
2026-06-04 14:54:50,139 | INFO     |   → 194/1119 ❌ HTTP 404 — https://github.com/mermeroo/V2RAY-FREE/raw/main/Base64/Sub1_base64.txt
2026-06-04 14:54:50,139 | INFO     |   → 195/1119 ❌ HTTP 404 — https://github.com/mermeroo/V2RAY-FREE/raw/main/Base64/Sub2_base64.txt
2026-06-04 14:54:50,139 | INFO     |   → 196/1119 ❌ HTTP 404 — https://github.com/mermeroo/V2RAY-FREE/raw/main/Base64/Sub3_base64.txt
2026-06-04 14:54:50,139 | INFO     |   → 197/1119 ❌ HTTP 404 — https://github.com/mermeroo/V2RAY-FREE/raw/main/Base64/Sub4_base64.txt
2026-06-04 14:54:50,139 | INFO     |   → 198/1119 ❌ HTTP 404 — https://github.com/mermeroo/V2RAY-FREE/raw/main/Base64/Sub5_base64.txt
2026-06-04 14:54:50,139 | INFO     |   → 199/1119 ❌ HTTP 404 — https://github.com/mermeroo/telegram-configs-collector/raw/main/protocols/hysteria
2026-06-04 14:54:50,139 | INFO     |   → 200/1119 ❌ HTTP 404 — https://github.com/mermeroo/telegram-configs-collector/raw/main/protocols/juicity
2026-06-04 14:54:50,139 | INFO     |   → 201/1119 ❌ HTTP 404 — https://github.com/mermeroo/telegram-configs-collector/raw/main/protocols/tuic
2026-06-04 14:54:50,139 | INFO     |   → 202/1119: ✅ 5 взято | 🗑️ 16 мусор
2026-06-04 14:54:50,139 | INFO     |   → 203/1119: ✅ 0 взято | 🗑️ 0 мусор
2026-06-04 14:54:50,139 | INFO     |   → 204/1119: ✅ 0 взято | 🗑️ 0 мусор
2026-06-04 14:54:50,139 | INFO     |   → 205/1119: ✅ 0 взято | 🗑️ 0 мусор
2026-06-04 14:54:50,139 | INFO     |   → 206/1119: ✅ 3 взято | 🗑️ 238 мусор
2026-06-04 14:54:50,140 | INFO     |   → 207/1119: ✅ 0 взято | 🗑️ 0 мусор
2026-06-04 14:54:50,140 | INFO     |   → 208/1119: ✅ 3 взято | 🗑️ 239 мусор
2026-06-04 14:54:50,140 | INFO     |   → 209/1119: ✅ 0 взято | 🗑️ 0 мусор
2026-06-04 14:54:50,140 | INFO     |   → 210/1119: ✅ 0 взято | 🗑️ 255 мусор
2026-06-04 14:54:50,140 | INFO     |   → 211/1119: ✅ 0 взято | 🗑️ 0 мусор
2026-06-04 14:54:50,140 | INFO     |   → 212/1119: ✅ 1 взято | 🗑️ 249 мусор
2026-06-04 14:54:50,140 | INFO     |   → 213/1119: ✅ 0 взято | 🗑️ 0 мусор
2026-06-04 14:54:50,140 | INFO     |   → 214/1119: ✅ 0 взято | 🗑️ 207 мусор
2026-06-04 14:54:50,140 | INFO     |   → 215/1119: ✅ 0 взято | 🗑️ 0 мусор
2026-06-04 14:54:50,140 | INFO     |   → 216/1119: ✅ 0 взято | 🗑️ 228 мусор
2026-06-04 14:54:50,140 | INFO     |   → 217/1119: ✅ 0 взято | 🗑️ 0 мусор
2026-06-04 14:54:50,140 | INFO     |   → 218/1119: ✅ 1 взято | 🗑️ 291 мусор
2026-06-04 14:54:50,140 | INFO     |   → 219/1119: ✅ 0 взято | 🗑️ 0 мусор
2026-06-04 14:54:50,140 | INFO     |   → 220/1119: ✅ 3 взято | 🗑️ 221 мусор
2026-06-04 14:54:50,140 | INFO     |   → 221/1119: ✅ 0 взято | 🗑️ 0 мусор
2026-06-04 14:54:50,140 | INFO     |   → 222/1119: ✅ 1 взято | 🗑️ 222 мусор
2026-06-04 14:54:50,140 | INFO     |   → 223/1119: ✅ 0 взято | 🗑️ 0 мусор
2026-06-04 14:54:50,140 | INFO     |   → 224/1119: ✅ 1 взято | 🗑️ 218 мусор
2026-06-04 14:54:50,140 | INFO     |   → 225/1119: ✅ 0 взято | 🗑️ 0 мусор
2026-06-04 14:54:50,140 | INFO     |   → 226/1119: ✅ 0 взято | 🗑️ 193 мусор
2026-06-04 14:54:50,140 | INFO     |   → 227/1119: ✅ 0 взято | 🗑️ 0 мусор
2026-06-04 14:54:50,141 | INFO     |   → 228/1119: ✅ 0 взято | 🗑️ 290 мусор
2026-06-04 14:54:50,141 | INFO     |   → 229/1119: ✅ 0 взято | 🗑️ 0 мусор
2026-06-04 14:54:50,141 | INFO     |   → 230/1119: ✅ 0 взято | 🗑️ 238 мусор
2026-06-04 14:54:50,141 | INFO     |   → 231/1119: ✅ 0 взято | 🗑️ 0 мусор
2026-06-04 14:54:50,141 | INFO     |   → 232/1119: ✅ 0 взято | 🗑️ 221 мусор
2026-06-04 14:54:50,141 | INFO     |   → 233/1119: ✅ 0 взято | 🗑️ 0 мусор
2026-06-04 14:54:50,141 | INFO     |   → 234/1119: ✅ 0 взято | 🗑️ 248 мусор
2026-06-04 14:54:50,141 | INFO     |   → 235/1119: ✅ 0 взято | 🗑️ 0 мусор
2026-06-04 14:54:50,141 | INFO     |   → 236/1119: ✅ 0 взято | 🗑️ 203 мусор
2026-06-04 14:54:50,141 | INFO     |   → 237/1119: ✅ 0 взято | 🗑️ 0 мусор
2026-06-04 14:54:50,141 | INFO     |   → 238/1119: ✅ 0 взято | 🗑️ 208 мусор
2026-06-04 14:54:50,141 | INFO     |   → 239/1119: ✅ 0 взято | 🗑️ 0 мусор
2026-06-04 14:54:50,141 | INFO     |   → 240/1119: ✅ 2 взято | 🗑️ 209 мусор
2026-06-04 14:54:50,141 | INFO     |   → 241/1119: ✅ 0 взято | 🗑️ 0 мусор
2026-06-04 14:54:50,141 | INFO     |   → 242/1119: ✅ 0 взято | 🗑️ 258 мусор
2026-06-04 14:54:50,141 | INFO     |   → 243/1119: ✅ 0 взято | 🗑️ 0 мусор
2026-06-04 14:54:50,141 | INFO     |   → 244/1119: ✅ 0 взято | 🗑️ 296 мусор
2026-06-04 14:54:50,141 | INFO     |   → 245/1119: ✅ 0 взято | 🗑️ 0 мусор
2026-06-04 14:54:50,141 | INFO     |   → 246/1119: ✅ 1 взято | 🗑️ 286 мусор
2026-06-04 14:54:50,142 | INFO     |   → 247/1119: ✅ 0 взято | 🗑️ 0 мусор
2026-06-04 14:54:50,142 | INFO     |   → 248/1119: ✅ 0 взято | 🗑️ 195 мусор
2026-06-04 14:54:50,142 | INFO     |   → 249/1119: ✅ 0 взято | 🗑️ 0 мусор
2026-06-04 14:54:50,142 | INFO     |   → 250/1119: ✅ 0 взято | 🗑️ 170 мусор
2026-06-04 14:54:50,142 | INFO     |   → 251/1119: ✅ 0 взято | 🗑️ 0 мусор
2026-06-04 14:54:50,142 | INFO     |   → 252/1119: ✅ 0 взято | 🗑️ 160 мусор
2026-06-04 14:54:50,142 | INFO     |   → 253/1119: ✅ 0 взято | 🗑️ 0 мусор
2026-06-04 14:54:50,142 | INFO     |   → 254/1119: ✅ 0 взято | 🗑️ 121 мусор
2026-06-04 14:54:50,142 | INFO     |   → 255/1119: ✅ 0 взято | 🗑️ 0 мусор
2026-06-04 14:54:50,142 | INFO     |   → 256/1119: ✅ 0 взято | 🗑️ 135 мусор
2026-06-04 14:54:50,142 | INFO     |   → 257/1119: ✅ 0 взято | 🗑️ 0 мусор
2026-06-04 14:54:50,142 | INFO     |   → 258/1119: ✅ 1 взято | 🗑️ 129 мусор
2026-06-04 14:54:50,142 | INFO     |   → 259/1119: ✅ 0 взято | 🗑️ 0 мусор
2026-06-04 14:54:50,142 | INFO     |   → 260/1119: ✅ 0 взято | 🗑️ 189 мусор
2026-06-04 14:54:50,142 | INFO     |   → 261/1119: ✅ 0 взято | 🗑️ 0 мусор
2026-06-04 14:54:50,142 | INFO     |   → 262/1119: ✅ 3 взято | 🗑️ 147 мусор
2026-06-04 14:54:50,142 | INFO     |   → 263/1119: ✅ 0 взято | 🗑️ 0 мусор
2026-06-04 14:54:50,142 | INFO     |   → 264/1119: ✅ 1 взято | 🗑️ 183 мусор
2026-06-04 14:54:50,142 | INFO     |   → 265/1119: ✅ 0 взято | 🗑️ 0 мусор
2026-06-04 14:54:50,142 | INFO     |   → 266/1119: ✅ 0 взято | 🗑️ 155 мусор
2026-06-04 14:54:50,143 | INFO     |   → 267/1119: ✅ 0 взято | 🗑️ 0 мусор
2026-06-04 14:54:50,143 | INFO     |   → 268/1119: ✅ 0 взято | 🗑️ 114 мусор
2026-06-04 14:54:50,143 | INFO     |   → 269/1119: ✅ 0 взято | 🗑️ 0 мусор
2026-06-04 14:54:50,143 | INFO     |   → 270/1119: ✅ 0 взято | 🗑️ 239 мусор
2026-06-04 14:54:50,143 | INFO     |   → 271/1119: ✅ 0 взято | 🗑️ 0 мусор
2026-06-04 14:54:50,143 | INFO     |   → 272/1119: ✅ 0 взято | 🗑️ 204 мусор
2026-06-04 14:54:50,143 | INFO     |   → 273/1119: ✅ 0 взято | 🗑️ 0 мусор
2026-06-04 14:54:50,143 | INFO     |   → 274/1119: ✅ 0 взято | 🗑️ 232 мусор
2026-06-04 14:54:50,143 | INFO     |   → 275/1119: ✅ 0 взято | 🗑️ 0 мусор
2026-06-04 14:54:50,143 | INFO     |   → 276/1119: ✅ 0 взято | 🗑️ 192 мусор
2026-06-04 14:54:50,143 | INFO     |   → 277/1119: ✅ 0 взято | 🗑️ 0 мусор
2026-06-04 14:54:50,143 | INFO     |   → 278/1119: ✅ 0 взято | 🗑️ 183 мусор
2026-06-04 14:54:50,143 | INFO     |   → 279/1119: ✅ 0 взято | 🗑️ 0 мусор
2026-06-04 14:54:50,143 | INFO     |   → 280/1119: ✅ 0 взято | 🗑️ 169 мусор
2026-06-04 14:54:50,143 | INFO     |   → 281/1119: ✅ 0 взято | 🗑️ 0 мусор
2026-06-04 14:54:50,143 | INFO     |   → 282/1119: ✅ 0 взято | 🗑️ 167 мусор
2026-06-04 14:54:50,143 | INFO     |   → 283/1119: ✅ 0 взято | 🗑️ 0 мусор
2026-06-04 14:54:50,143 | INFO     |   → 284/1119: ✅ 0 взято | 🗑️ 193 мусор
2026-06-04 14:54:50,143 | INFO     |   → 285/1119: ✅ 0 взято | 🗑️ 0 мусор
2026-06-04 14:54:50,143 | INFO     |   → 286/1119: ✅ 1 взято | 🗑️ 161 мусор
2026-06-04 14:54:50,144 | INFO     |   → 287/1119: ✅ 0 взято | 🗑️ 0 мусор
2026-06-04 14:54:50,144 | INFO     |   → 288/1119: ✅ 0 взято | 🗑️ 171 мусор
2026-06-04 14:54:50,144 | INFO     |   → 289/1119: ✅ 0 взято | 🗑️ 0 мусор
2026-06-04 14:54:50,144 | INFO     |   → 290/1119: ✅ 0 взято | 🗑️ 174 мусор
2026-06-04 14:54:50,144 | INFO     |   → 291/1119: ✅ 0 взято | 🗑️ 0 мусор
2026-06-04 14:54:50,144 | INFO     |   → 292/1119: ✅ 0 взято | 🗑️ 206 мусор
2026-06-04 14:54:50,144 | INFO     |   → 293/1119: ✅ 0 взято | 🗑️ 0 мусор
2026-06-04 14:54:50,144 | INFO     |   → 294/1119: ✅ 0 взято | 🗑️ 170 мусор
2026-06-04 14:54:50,144 | INFO     |   → 295/1119: ✅ 0 взято | 🗑️ 0 мусор
2026-06-04 14:54:50,144 | INFO     |   → 296/1119: ✅ 1 взято | 🗑️ 196 мусор
2026-06-04 14:54:50,144 | INFO     |   → 297/1119: ✅ 0 взято | 🗑️ 0 мусор
2026-06-04 14:54:50,144 | INFO     |   → 298/1119: ✅ 0 взято | 🗑️ 208 мусор
2026-06-04 14:54:50,144 | INFO     |   → 299/1119: ✅ 0 взято | 🗑️ 0 мусор
2026-06-04 14:54:50,144 | INFO     |   → 300/1119: ✅ 0 взято | 🗑️ 162 мусор
2026-06-04 14:54:50,144 | INFO     |   → 301/1119: ✅ 0 взято | 🗑️ 0 мусор
2026-06-04 14:54:50,144 | INFO     |   → 302/1119: ✅ 0 взято | 🗑️ 116 мусор
2026-06-04 14:54:50,144 | INFO     |   → 303/1119: ✅ 0 взято | 🗑️ 0 мусор
2026-06-04 14:54:50,144 | INFO     |   → 304/1119: ✅ 0 взято | 🗑️ 132 мусор
2026-06-04 14:54:50,144 | INFO     |   → 305/1119: ✅ 0 взято | 🗑️ 0 мусор
2026-06-04 14:54:50,144 | INFO     |   → 306/1119: ✅ 0 взято | 🗑️ 132 мусор
2026-06-04 14:54:50,145 | INFO     |   → 307/1119: ✅ 0 взято | 🗑️ 0 мусор
2026-06-04 14:54:50,145 | INFO     |   → 308/1119: ✅ 1 взято | 🗑️ 113 мусор
2026-06-04 14:54:50,145 | INFO     |   → 309/1119: ✅ 0 взято | 🗑️ 0 мусор
2026-06-04 14:54:50,145 | INFO     |   → 310/1119: ✅ 0 взято | 🗑️ 103 мусор
2026-06-04 14:54:50,145 | INFO     |   → 311/1119: ✅ 0 взято | 🗑️ 0 мусор
2026-06-04 14:54:50,145 | INFO     |   → 312/1119: ✅ 3 взято | 🗑️ 213 мусор
2026-06-04 14:54:50,145 | INFO     |   → 313/1119: ✅ 0 взято | 🗑️ 0 мусор
2026-06-04 14:54:50,145 | INFO     |   → 314/1119: ✅ 1 взято | 🗑️ 130 мусор
2026-06-04 14:54:50,145 | INFO     |   → 315/1119: ✅ 0 взято | 🗑️ 0 мусор
2026-06-04 14:54:50,145 | INFO     |   → 316/1119: ✅ 0 взято | 🗑️ 135 мусор
2026-06-04 14:54:50,145 | INFO     |   → 317/1119: ✅ 0 взято | 🗑️ 0 мусор
2026-06-04 14:54:50,145 | INFO     |   → 318/1119: ✅ 0 взято | 🗑️ 145 мусор
2026-06-04 14:54:50,145 | INFO     |   → 319/1119: ✅ 0 взято | 🗑️ 0 мусор
2026-06-04 14:54:50,145 | INFO     |   → 320/1119 ⚠️ Ошибка: HTTPSConnectionPool(host='ivuxy.tech', port=443): Max retries exceeded with url: /v.txt (Caused by NameResolutionError("HTTPSConnection(host='ivuxy.tech', port=443): Failed to resolve 'ivuxy.tech' ([Errno -2] Name or service not known)")) — https://ivuxy.tech/v.txt
2026-06-04 14:54:50,145 | INFO     |   → 321/1119 ⚠️ Ошибка: HTTPSConnectionPool(host='mirror.ghproxy.com', port=443): Max retries exceeded with url: /https://raw.githubusercontent.com/Barabama/FreeNodes/master/nodes/blues.txt (Caused by NameResolutionError("HTTPSConnection(host='mirror.ghproxy.com', port=443): Failed to resolve 'mirror.ghproxy.com' ([Errno -2] Name or service not known)")) — https://mirror.ghproxy.com/https://raw.githubusercontent.com/Barabama/FreeNodes/master/nodes/blues.txt
2026-06-04 14:54:50,145 | INFO     |   → 322/1119 ⚠️ Ошибка: HTTPSConnectionPool(host='mirror.ghproxy.com', port=443): Max retries exceeded with url: /https://raw.githubusercontent.com/Barabama/FreeNodes/master/nodes/halekj.txt (Caused by NameResolutionError("HTTPSConnection(host='mirror.ghproxy.com', port=443): Failed to resolve 'mirror.ghproxy.com' ([Errno -2] Name or service not known)")) — https://mirror.ghproxy.com/https://raw.githubusercontent.com/Barabama/FreeNodes/master/nodes/halekj.txt
2026-06-04 14:54:50,145 | INFO     |   → 323/1119 ⚠️ Ошибка: HTTPSConnectionPool(host='mirror.ghproxy.com', port=443): Max retries exceeded with url: /https://raw.githubusercontent.com/Barabama/FreeNodes/master/nodes/kkzui.txt (Caused by NameResolutionError("HTTPSConnection(host='mirror.ghproxy.com', port=443): Failed to resolve 'mirror.ghproxy.com' ([Errno -2] Name or service not known)")) — https://mirror.ghproxy.com/https://raw.githubusercontent.com/Barabama/FreeNodes/master/nodes/kkzui.txt
2026-06-04 14:54:50,145 | INFO     |   → 324/1119 ⚠️ Ошибка: HTTPSConnectionPool(host='mirror.ghproxy.com', port=443): Max retries exceeded with url: /https://raw.githubusercontent.com/Barabama/FreeNodes/master/nodes/merged.txt (Caused by NameResolutionError("HTTPSConnection(host='mirror.ghproxy.com', port=443): Failed to resolve 'mirror.ghproxy.com' ([Errno -2] Name or service not known)")) — https://mirror.ghproxy.com/https://raw.githubusercontent.com/Barabama/FreeNodes/master/nodes/merged.txt
2026-06-04 14:54:50,145 | INFO     |   → 325/1119 ⚠️ Ошибка: HTTPSConnectionPool(host='mirror.ghproxy.com', port=443): Max retries exceeded with url: /https://raw.githubusercontent.com/Barabama/FreeNodes/master/nodes/nodefree.txt (Caused by NameResolutionError("HTTPSConnection(host='mirror.ghproxy.com', port=443): Failed to resolve 'mirror.ghproxy.com' ([Errno -2] Name or service not known)")) — https://mirror.ghproxy.com/https://raw.githubusercontent.com/Barabama/FreeNodes/master/nodes/nodefree.txt
2026-06-04 14:54:50,145 | INFO     |   → 326/1119 ⚠️ Ошибка: HTTPSConnectionPool(host='mirror.ghproxy.com', port=443): Max retries exceeded with url: /https://raw.githubusercontent.com/Barabama/FreeNodes/master/nodes/openrunner.txt (Caused by NameResolutionError("HTTPSConnection(host='mirror.ghproxy.com', port=443): Failed to resolve 'mirror.ghproxy.com' ([Errno -2] Name or service not known)")) — https://mirror.ghproxy.com/https://raw.githubusercontent.com/Barabama/FreeNodes/master/nodes/openrunner.txt
2026-06-04 14:54:50,146 | INFO     |   → 327/1119 ⚠️ Ошибка: HTTPSConnectionPool(host='mirror.ghproxy.com', port=443): Max retries exceeded with url: /https://raw.githubusercontent.com/Barabama/FreeNodes/master/nodes/v2rayshare.txt (Caused by NameResolutionError("HTTPSConnection(host='mirror.ghproxy.com', port=443): Failed to resolve 'mirror.ghproxy.com' ([Errno -2] Name or service not known)")) — https://mirror.ghproxy.com/https://raw.githubusercontent.com/Barabama/FreeNodes/master/nodes/v2rayshare.txt
2026-06-04 14:54:50,146 | INFO     |   → 328/1119 ⚠️ Ошибка: HTTPSConnectionPool(host='mirror.ghproxy.com', port=443): Max retries exceeded with url: /https://raw.githubusercontent.com/Barabama/FreeNodes/master/nodes/wenode.txt (Caused by NameResolutionError("HTTPSConnection(host='mirror.ghproxy.com', port=443): Failed to resolve 'mirror.ghproxy.com' ([Errno -2] Name or service not known)")) — https://mirror.ghproxy.com/https://raw.githubusercontent.com/Barabama/FreeNodes/master/nodes/wenode.txt
2026-06-04 14:54:50,146 | INFO     |   → 329/1119 ⚠️ Ошибка: HTTPSConnectionPool(host='mirror.ghproxy.com', port=443): Max retries exceeded with url: /https://raw.githubusercontent.com/Barabama/FreeNodes/master/nodes/yudou66.txt (Caused by NameResolutionError("HTTPSConnection(host='mirror.ghproxy.com', port=443): Failed to resolve 'mirror.ghproxy.com' ([Errno -2] Name or service not known)")) — https://mirror.ghproxy.com/https://raw.githubusercontent.com/Barabama/FreeNodes/master/nodes/yudou66.txt
2026-06-04 14:54:50,146 | INFO     |   → 330/1119: ✅ 7 взято | 🗑️ 17 мусор
2026-06-04 14:54:50,146 | INFO     |   → 331/1119: ✅ 0 взято | 🗑️ 17 мусор
2026-06-04 14:54:50,146 | INFO     |   → 332/1119: ✅ 14 взято | 🗑️ 14 мусор
2026-06-04 14:54:50,146 | INFO     |   → 333/1119: ✅ 0 взято | 🗑️ 14 мусор
2026-06-04 14:54:50,146 | INFO     |   → 334/1119: ✅ 0 взято | 🗑️ 14 мусор
2026-06-04 14:54:50,146 | INFO     |   → 335/1119: ✅ 0 взято | 🗑️ 14 мусор
2026-06-04 14:54:50,146 | INFO     |   → 336/1119: ✅ 0 взято | 🗑️ 14 мусор
2026-06-04 14:54:50,146 | INFO     |   → 337/1119: ✅ 0 взято | 🗑️ 14 мусор
2026-06-04 14:54:50,146 | INFO     |   → 338/1119: ✅ 0 взято | 🗑️ 14 мусор
2026-06-04 14:54:50,146 | INFO     |   → 339/1119: ✅ 0 взято | 🗑️ 14 мусор
2026-06-04 14:54:50,146 | INFO     |   → 340/1119: ✅ 0 взято | 🗑️ 14 мусор
2026-06-04 14:54:50,146 | INFO     |   → 341/1119: ✅ 7 взято | 🗑️ 21 мусор
2026-06-04 14:54:50,146 | INFO     |   → 342/1119: ✅ 0 взято | 🗑️ 21 мусор
2026-06-04 14:54:50,146 | INFO     |   → 343/1119: ✅ 0 взято | 🗑️ 21 мусор
2026-06-04 14:54:50,146 | INFO     |   → 344/1119: ✅ 0 взято | 🗑️ 21 мусор
2026-06-04 14:54:50,146 | INFO     |   → 345/1119: ✅ 0 взято | 🗑️ 21 мусор
2026-06-04 14:54:50,146 | INFO     |   → 346/1119: ✅ 0 взято | 🗑️ 21 мусор
2026-06-04 14:54:50,146 | INFO     |   → 347/1119: ✅ 0 взято | 🗑️ 21 мусор
2026-06-04 14:54:50,146 | INFO     |   → 348/1119: ✅ 0 взято | 🗑️ 21 мусор
2026-06-04 14:54:50,146 | INFO     |   → 349/1119: ✅ 0 взято | 🗑️ 21 мусор
2026-06-04 14:54:50,147 | INFO     |   → 350/1119: ✅ 0 взято | 🗑️ 21 мусор
2026-06-04 14:54:50,147 | INFO     |   → 351/1119: ✅ 0 взято | 🗑️ 21 мусор
2026-06-04 14:54:50,147 | INFO     |   → 352/1119: ✅ 5 взято | 🗑️ 15 мусор
2026-06-04 14:54:50,147 | INFO     |   → 353/1119: ✅ 0 взято | 🗑️ 15 мусор
2026-06-04 14:54:50,147 | INFO     |   → 354/1119: ✅ 0 взято | 🗑️ 15 мусор
2026-06-04 14:54:50,147 | INFO     |   → 355/1119: ✅ 0 взято | 🗑️ 15 мусор
2026-06-04 14:54:50,147 | INFO     |   → 356/1119: ✅ 0 взято | 🗑️ 15 мусор
2026-06-04 14:54:50,147 | INFO     |   → 357/1119: ✅ 0 взято | 🗑️ 15 мусор
2026-06-04 14:54:50,147 | INFO     |   → 358/1119: ✅ 0 взято | 🗑️ 15 мусор
2026-06-04 14:54:50,147 | INFO     |   → 359/1119: ✅ 0 взято | 🗑️ 15 мусор
2026-06-04 14:54:50,147 | INFO     |   → 360/1119: ✅ 0 взято | 🗑️ 15 мусор
2026-06-04 14:54:50,147 | INFO     |   → 361/1119: ✅ 0 взято | 🗑️ 14 мусор
2026-06-04 14:54:50,147 | INFO     |   → 362/1119: ✅ 0 взято | 🗑️ 14 мусор
2026-06-04 14:54:50,147 | INFO     |   → 363/1119: ✅ 0 взято | 🗑️ 14 мусор
2026-06-04 14:54:50,147 | INFO     |   → 364/1119: ✅ 0 взято | 🗑️ 14 мусор
2026-06-04 14:54:50,147 | INFO     |   → 365/1119: ✅ 6 взято | 🗑️ 17 мусор
2026-06-04 14:54:50,147 | INFO     |   → 366/1119: ✅ 0 взято | 🗑️ 17 мусор
2026-06-04 14:54:50,147 | INFO     |   → 367/1119: ✅ 0 взято | 🗑️ 17 мусор
2026-06-04 14:54:50,147 | INFO     |   → 368/1119: ✅ 0 взято | 🗑️ 17 мусор
2026-06-04 14:54:50,147 | INFO     |   → 369/1119: ✅ 0 взято | 🗑️ 17 мусор
2026-06-04 14:54:50,147 | INFO     |   → 370/1119: ✅ 0 взято | 🗑️ 17 мусор
2026-06-04 14:54:50,147 | INFO     |   → 371/1119: ✅ 6 взято | 🗑️ 24 мусор
2026-06-04 14:54:50,147 | INFO     |   → 372/1119: ✅ 0 взято | 🗑️ 24 мусор
2026-06-04 14:54:50,147 | INFO     |   → 373/1119: ✅ 0 взято | 🗑️ 24 мусор
2026-06-04 14:54:50,148 | INFO     |   → 374/1119: ✅ 0 взято | 🗑️ 24 мусор
2026-06-04 14:54:50,148 | INFO     |   → 375/1119: ✅ 0 взято | 🗑️ 24 мусор
2026-06-04 14:54:50,148 | INFO     |   → 376/1119: ✅ 0 взято | 🗑️ 24 мусор
2026-06-04 14:54:50,148 | INFO     |   → 377/1119: ✅ 0 взято | 🗑️ 24 мусор
2026-06-04 14:54:50,148 | INFO     |   → 378/1119: ✅ 0 взято | 🗑️ 24 мусор
2026-06-04 14:54:50,148 | INFO     |   → 379/1119: ✅ 0 взято | 🗑️ 24 мусор
2026-06-04 14:54:50,148 | INFO     |   → 380/1119: ✅ 0 взято | 🗑️ 24 мусор
2026-06-04 14:54:50,148 | INFO     |   → 381/1119: ✅ 0 взято | 🗑️ 24 мусор
2026-06-04 14:54:50,148 | INFO     |   → 382/1119: ✅ 13 взято | 🗑️ 7 мусор
2026-06-04 14:54:50,148 | INFO     |   → 383/1119: ✅ 0 взято | 🗑️ 7 мусор
2026-06-04 14:54:50,148 | INFO     |   → 384/1119: ✅ 0 взято | 🗑️ 7 мусор
2026-06-04 14:54:50,148 | INFO     |   → 385/1119: ✅ 0 взято | 🗑️ 7 мусор
2026-06-04 14:54:50,148 | INFO     |   → 386/1119 ⚠️ Ошибка: HTTPSConnectionPool(host='nodefree.githubrowcontent.com', port=443): Max retries exceeded with url: /2024/07/20240705.yaml (Caused by NameResolutionError("HTTPSConnection(host='nodefree.githubrowcontent.com', port=443): Failed to resolve 'nodefree.githubrowcontent.com' ([Errno -2] Name or service not known)")) — https://nodefree.org/dy/2023/08/20230806.yaml
2026-06-04 14:54:50,148 | INFO     |   → 387/1119 ⚠️ Ошибка: HTTPSConnectionPool(host='nodefree.githubrowcontent.com', port=443): Max retries exceeded with url: /2024/07/20240705.txt (Caused by NameResolutionError("HTTPSConnection(host='nodefree.githubrowcontent.com', port=443): Failed to resolve 'nodefree.githubrowcontent.com' ([Errno -2] Name or service not known)")) — https://nodefree.org/dy/2023/12/20231221.txt
2026-06-04 14:54:50,148 | INFO     |   → 388/1119: ✅ 0 взято | 🗑️ 17 мусор
2026-06-04 14:54:50,148 | INFO     |   → 389/1119: ✅ 0 взято | 🗑️ 17 мусор
2026-06-04 14:54:50,148 | INFO     |   → 390/1119: ✅ 0 взято | 🗑️ 14 мусор
2026-06-04 14:54:50,148 | INFO     |   → 391/1119: ✅ 0 взято | 🗑️ 14 мусор
2026-06-04 14:54:50,148 | INFO     |   → 392/1119: ✅ 0 взято | 🗑️ 14 мусор
2026-06-04 14:54:50,148 | INFO     |   → 393/1119: ✅ 0 взято | 🗑️ 14 мусор
2026-06-04 14:54:50,148 | INFO     |   → 394/1119: ✅ 0 взято | 🗑️ 14 мусор
2026-06-04 14:54:50,148 | INFO     |   → 395/1119: ✅ 0 взято | 🗑️ 14 мусор
2026-06-04 14:54:50,148 | INFO     |   → 396/1119: ✅ 0 взято | 🗑️ 14 мусор
2026-06-04 14:54:50,149 | INFO     |   → 397/1119: ✅ 0 взято | 🗑️ 14 мусор
2026-06-04 14:54:50,149 | INFO     |   → 398/1119: ✅ 0 взято | 🗑️ 14 мусор
2026-06-04 14:54:50,149 | INFO     |   → 399/1119: ✅ 0 взято | 🗑️ 21 мусор
2026-06-04 14:54:50,149 | INFO     |   → 400/1119: ✅ 0 взято | 🗑️ 21 мусор
2026-06-04 14:54:50,149 | INFO     |   → 401/1119: ✅ 0 взято | 🗑️ 21 мусор
2026-06-04 14:54:50,149 | INFO     |   → 402/1119: ✅ 0 взято | 🗑️ 21 мусор
2026-06-04 14:54:50,149 | INFO     |   → 403/1119: ✅ 0 взято | 🗑️ 21 мусор
2026-06-04 14:54:50,149 | INFO     |   → 404/1119: ✅ 0 взято | 🗑️ 21 мусор
2026-06-04 14:54:50,149 | INFO     |   → 405/1119: ✅ 0 взято | 🗑️ 21 мусор
2026-06-04 14:54:50,149 | INFO     |   → 406/1119: ✅ 0 взято | 🗑️ 21 мусор
2026-06-04 14:54:50,149 | INFO     |   → 407/1119: ✅ 0 взято | 🗑️ 21 мусор
2026-06-04 14:54:50,149 | INFO     |   → 408/1119: ✅ 0 взято | 🗑️ 21 мусор
2026-06-04 14:54:50,149 | INFO     |   → 409/1119: ✅ 0 взято | 🗑️ 21 мусор
2026-06-04 14:54:50,149 | INFO     |   → 410/1119: ✅ 0 взято | 🗑️ 15 мусор
2026-06-04 14:54:50,149 | INFO     |   → 411/1119: ✅ 0 взято | 🗑️ 15 мусор
2026-06-04 14:54:50,149 | INFO     |   → 412/1119: ✅ 0 взято | 🗑️ 15 мусор
2026-06-04 14:54:50,149 | INFO     |   → 413/1119: ✅ 0 взято | 🗑️ 15 мусор
2026-06-04 14:54:50,149 | INFO     |   → 414/1119: ✅ 0 взято | 🗑️ 15 мусор
2026-06-04 14:54:50,149 | INFO     |   → 415/1119: ✅ 0 взято | 🗑️ 15 мусор
2026-06-04 14:54:50,149 | INFO     |   → 416/1119: ✅ 0 взято | 🗑️ 15 мусор
2026-06-04 14:54:50,149 | INFO     |   → 417/1119: ✅ 0 взято | 🗑️ 15 мусор
2026-06-04 14:54:50,149 | INFO     |   → 418/1119: ✅ 0 взято | 🗑️ 15 мусор
2026-06-04 14:54:50,149 | INFO     |   → 419/1119: ✅ 0 взято | 🗑️ 15 мусор
2026-06-04 14:54:50,149 | INFO     |   → 420/1119: ✅ 0 взято | 🗑️ 14 мусор
2026-06-04 14:54:50,149 | INFO     |   → 421/1119: ✅ 0 взято | 🗑️ 14 мусор
2026-06-04 14:54:50,149 | INFO     |   → 422/1119: ✅ 0 взято | 🗑️ 14 мусор
2026-06-04 14:54:50,150 | INFO     |   → 423/1119: ✅ 0 взято | 🗑️ 14 мусор
2026-06-04 14:54:50,150 | INFO     |   → 424/1119: ✅ 0 взято | 🗑️ 17 мусор
2026-06-04 14:54:50,150 | INFO     |   → 425/1119: ✅ 0 взято | 🗑️ 17 мусор
2026-06-04 14:54:50,150 | INFO     |   → 426/1119: ✅ 0 взято | 🗑️ 17 мусор
2026-06-04 14:54:50,150 | INFO     |   → 427/1119: ✅ 0 взято | 🗑️ 17 мусор
2026-06-04 14:54:50,150 | INFO     |   → 428/1119: ✅ 0 взято | 🗑️ 17 мусор
2026-06-04 14:54:50,150 | INFO     |   → 429/1119: ✅ 0 взято | 🗑️ 24 мусор
2026-06-04 14:54:50,150 | INFO     |   → 430/1119: ✅ 0 взято | 🗑️ 24 мусор
2026-06-04 14:54:50,150 | INFO     |   → 431/1119: ✅ 0 взято | 🗑️ 24 мусор
2026-06-04 14:54:50,150 | INFO     |   → 432/1119: ✅ 0 взято | 🗑️ 24 мусор
2026-06-04 14:54:50,150 | INFO     |   → 433/1119: ✅ 0 взято | 🗑️ 24 мусор
2026-06-04 14:54:50,150 | INFO     |   → 434/1119: ✅ 0 взято | 🗑️ 24 мусор
2026-06-04 14:54:50,150 | INFO     |   → 435/1119: ✅ 0 взято | 🗑️ 24 мусор
2026-06-04 14:54:50,150 | INFO     |   → 436/1119: ✅ 0 взято | 🗑️ 24 мусор
2026-06-04 14:54:50,150 | INFO     |   → 437/1119: ✅ 0 взято | 🗑️ 24 мусор
2026-06-04 14:54:50,150 | INFO     |   → 438/1119: ✅ 0 взято | 🗑️ 24 мусор
2026-06-04 14:54:50,150 | INFO     |   → 439/1119: ✅ 0 взято | 🗑️ 24 мусор
2026-06-04 14:54:50,150 | INFO     |   → 440/1119: ✅ 0 взято | 🗑️ 7 мусор
2026-06-04 14:54:50,150 | INFO     |   → 441/1119: ✅ 0 взято | 🗑️ 7 мусор
2026-06-04 14:54:50,150 | INFO     |   → 442/1119: ✅ 0 взято | 🗑️ 7 мусор
2026-06-04 14:54:50,150 | INFO     |   → 443/1119: ✅ 0 взято | 🗑️ 7 мусор
2026-06-04 14:54:50,150 | INFO     |   → 444/1119: ✅ 0 взято | 🗑️ 0 мусор
2026-06-04 14:54:50,150 | INFO     |   → 445/1119: ✅ 0 взято | 🗑️ 0 мусор
2026-06-04 14:54:50,150 | INFO     |   → 446/1119: ✅ 0 взято | 🗑️ 0 мусор
2026-06-04 14:54:50,150 | INFO     |   → 447/1119: ✅ 0 взято | 🗑️ 0 мусор
2026-06-04 14:54:50,150 | INFO     |   → 448/1119: ✅ 0 взято | 🗑️ 0 мусор
2026-06-04 14:54:50,150 | INFO     |   → 449/1119: ✅ 0 взято | 🗑️ 0 мусор
2026-06-04 14:54:50,150 | INFO     |   → 450/1119: ✅ 0 взято | 🗑️ 0 мусор
2026-06-04 14:54:50,150 | INFO     |   → 451/1119: ✅ 0 взято | 🗑️ 0 мусор
2026-06-04 14:54:50,150 | INFO     |   → 452/1119: ✅ 0 взято | 🗑️ 0 мусор
2026-06-04 14:54:50,150 | INFO     |   → 453/1119: ✅ 0 взято | 🗑️ 0 мусор
2026-06-04 14:54:50,150 | INFO     |   → 454/1119: ✅ 0 взято | 🗑️ 0 мусор
2026-06-04 14:54:50,150 | INFO     |   → 455/1119: ✅ 0 взято | 🗑️ 0 мусор
2026-06-04 14:54:50,150 | INFO     |   → 456/1119 ❌ HTTP 404 — https://raw.githubusercontent.com/10ium/MihomoSaz/main/Sublist/shatakvpn.yaml4_Sub.txt
2026-06-04 14:54:50,150 | INFO     |   → 457/1119: ✅ 0 взято | 🗑️ 0 мусор
2026-06-04 14:54:50,150 | INFO     |   → 458/1119: ✅ 0 взято | 🗑️ 0 мусор
2026-06-04 14:54:50,150 | INFO     |   → 459/1119: ✅ 167 взято | 🗑️ 672 мусор
2026-06-04 14:54:50,150 | INFO     |   → 460/1119: ✅ 0 взято | 🗑️ 0 мусор
2026-06-04 14:54:50,150 | INFO     |   → 461/1119: ✅ 0 взято | 🗑️ 0 мусор
2026-06-04 14:54:50,151 | INFO     |   → 462/1119: ✅ 11 взято | 🗑️ 399 мусор
2026-06-04 14:54:50,151 | INFO     |   → 463/1119: ✅ 0 взято | 🗑️ 0 мусор
2026-06-04 14:54:50,151 | INFO     |   → 464/1119 ❌ HTTP 404 — https://raw.githubusercontent.com/9Fork/openit/main/Clash.yaml
2026-06-04 14:54:50,151 | INFO     |   → 465/1119: ✅ 50 взято | 🗑️ 75 мусор
2026-06-04 14:54:50,151 | INFO     |   → 466/1119: ✅ 0 взято | 🗑️ 75 мусор
2026-06-04 14:54:50,151 | INFO     |   → 467/1119: ✅ 19 взято | 🗑️ 81 мусор
2026-06-04 14:54:50,151 | INFO     |   → 468/1119: ✅ 11 взято | 🗑️ 87 мусор
2026-06-04 14:54:50,151 | INFO     |   → 469/1119: ✅ 27 взято | 🗑️ 73 мусор
2026-06-04 14:54:50,151 | INFO     |   → 470/1119: ✅ 13 взято | 🗑️ 75 мусор
2026-06-04 14:54:50,151 | INFO     |   → 471/1119: ✅ 10 взято | 🗑️ 83 мусор
2026-06-04 14:54:50,151 | INFO     |   → 472/1119: ✅ 12 взято | 🗑️ 86 мусор
2026-06-04 14:54:50,151 | INFO     |   → 473/1119: ✅ 11 взято | 🗑️ 87 мусор
2026-06-04 14:54:50,151 | INFO     |   → 474/1119: ✅ 11 взято | 🗑️ 80 мусор
2026-06-04 14:54:50,151 | INFO     |   → 475/1119: ✅ 9 взято | 🗑️ 82 мусор
2026-06-04 14:54:50,151 | INFO     |   → 476/1119: ✅ 69 взято | 🗑️ 3 мусор
2026-06-04 14:54:50,151 | INFO     |   → 477/1119: ✅ 3 взято | 🗑️ 75 мусор
2026-06-04 14:54:50,151 | INFO     |   → 478/1119: ✅ 4 взято | 🗑️ 69 мусор
2026-06-04 14:54:50,151 | INFO     |   → 479/1119: ✅ 4 взято | 🗑️ 80 мусор
2026-06-04 14:54:50,151 | INFO     |   → 480/1119: ✅ 6 взято | 🗑️ 81 мусор
2026-06-04 14:54:50,151 | INFO     |   → 481/1119: ✅ 5 взято | 🗑️ 79 мусор
2026-06-04 14:54:50,151 | INFO     |   → 482/1119: ✅ 11 взято | 🗑️ 78 мусор
2026-06-04 14:54:50,151 | INFO     |   → 483/1119: ✅ 3 взято | 🗑️ 83 мусор
2026-06-04 14:54:50,151 | INFO     |   → 484/1119: ✅ 14 взято | 🗑️ 76 мусор
2026-06-04 14:54:50,151 | INFO     |   → 485/1119: ✅ 12 взято | 🗑️ 78 мусор
2026-06-04 14:54:50,151 | INFO     |   → 486/1119: ✅ 26 взято | 🗑️ 218 мусор
2026-06-04 14:54:50,151 | INFO     |   → 487/1119: ✅ 44 взято | 🗑️ 141 мусор
2026-06-04 14:54:50,151 | INFO     |   → 488/1119: ✅ 10 взято | 🗑️ 71 мусор
2026-06-04 14:54:50,151 | INFO     |   → 489/1119: ✅ 2 взято | 🗑️ 88 мусор
2026-06-04 14:54:50,151 | INFO     |   → 490/1119: ✅ 0 взято | 🗑️ 3 мусор
2026-06-04 14:54:50,151 | INFO     |   → 491/1119: ✅ 14 взято | 🗑️ 4 мусор
2026-06-04 14:54:50,151 | INFO     |   → 492/1119: ✅ 673 взято | 🗑️ 2372 мусор
2026-06-04 14:54:50,151 | INFO     |   → 493/1119 ❌ HTTP 404 — https://raw.githubusercontent.com/Alvin9999/pac2/master/clash/1/config.yaml
2026-06-04 14:54:50,151 | INFO     |   → 494/1119 ❌ HTTP 404 — https://raw.githubusercontent.com/AmirHDevo/temp2/7f15e7ddb311a6f8c5ab338bd1af0e1f2136a84b/configs.txt
2026-06-04 14:54:50,151 | INFO     |   → 495/1119: ✅ 2 взято | 🗑️ 53 мусор
2026-06-04 14:54:50,151 | INFO     |   → 496/1119: ✅ 4705 взято | 🗑️ 66439 мусор
2026-06-04 14:54:50,151 | INFO     |   → 497/1119: ✅ 5 взято | 🗑️ 47 мусор
2026-06-04 14:54:50,151 | INFO     |   → 498/1119: ✅ 0 взято | 🗑️ 50 мусор
2026-06-04 14:54:50,151 | INFO     |   → 499/1119: ✅ 21 взято | 🗑️ 107 мусор
2026-06-04 14:54:50,151 | INFO     |   → 500/1119: ✅ 78 взято | 🗑️ 347 мусор
2026-06-04 14:54:50,151 | INFO     |   → 501/1119: ✅ 0 взято | 🗑️ 1373 мусор
2026-06-04 14:54:50,151 | INFO     |   → 502/1119: ✅ 339 взято | 🗑️ 1542 мусор
2026-06-04 14:54:50,151 | INFO     |   → 503/1119: ✅ 0 взято | 🗑️ 6 мусор
2026-06-04 14:54:50,151 | INFO     |   → 504/1119: ✅ 0 взято | 🗑️ 0 мусор
2026-06-04 14:54:50,151 | INFO     |   → 505/1119: ✅ 1 взято | 🗑️ 235 мусор
2026-06-04 14:54:50,152 | INFO     |   → 506/1119: ✅ 0 взято | 🗑️ 16 мусор
2026-06-04 14:54:50,152 | INFO     |   → 507/1119: ✅ 0 взято | 🗑️ 0 мусор
2026-06-04 14:54:50,152 | INFO     |   → 508/1119: ✅ 0 взято | 🗑️ 14 мусор
2026-06-04 14:54:50,152 | INFO     |   → 509/1119: ✅ 0 взято | 🗑️ 0 мусор
2026-06-04 14:54:50,152 | INFO     |   → 510/1119: ✅ 0 взято | 🗑️ 17 мусор
2026-06-04 14:54:50,152 | INFO     |   → 511/1119: ✅ 0 взято | 🗑️ 0 мусор
2026-06-04 14:54:50,152 | INFO     |   → 512/1119: ✅ 1 взято | 🗑️ 12 мусор
2026-06-04 14:54:50,152 | INFO     |   → 513/1119: ✅ 0 взято | 🗑️ 0 мусор
2026-06-04 14:54:50,152 | INFO     |   → 514/1119: ✅ 0 взято | 🗑️ 17 мусор
2026-06-04 14:54:50,152 | INFO     |   → 515/1119: ✅ 0 взято | 🗑️ 0 мусор
2026-06-04 14:54:50,152 | INFO     |   → 516/1119: ✅ 0 взято | 🗑️ 17 мусор
2026-06-04 14:54:50,152 | INFO     |   → 517/1119: ✅ 0 взято | 🗑️ 0 мусор
2026-06-04 14:54:50,152 | INFO     |   → 518/1119: ✅ 0 взято | 🗑️ 161 мусор
2026-06-04 14:54:50,152 | INFO     |   → 519/1119: ✅ 0 взято | 🗑️ 0 мусор
2026-06-04 14:54:50,152 | INFO     |   → 520/1119: ✅ 5 взято | 🗑️ 76 мусор
2026-06-04 14:54:50,152 | INFO     |   → 521/1119: ✅ 80 взято | 🗑️ 1110 мусор
2026-06-04 14:54:50,152 | INFO     |   → 522/1119: ✅ 5 взято | 🗑️ 13 мусор
2026-06-04 14:54:50,152 | INFO     |   → 523/1119 ❌ HTTP 404 — https://raw.githubusercontent.com/Epodonios/bulk-xray-v2ray-vless-vmess-...-configs/main/sub/Austria/config.txt
2026-06-04 14:54:50,152 | INFO     |   → 524/1119 ❌ HTTP 404 — https://raw.githubusercontent.com/Epodonios/bulk-xray-v2ray-vless-vmess-...-configs/main/sub/Canada/config.txt
2026-06-04 14:54:50,152 | INFO     |   → 525/1119 ❌ HTTP 404 — https://raw.githubusercontent.com/Epodonios/bulk-xray-v2ray-vless-vmess-...-configs/main/sub/Costa%20Rica/config.txt
2026-06-04 14:54:50,152 | INFO     |   → 526/1119 ❌ HTTP 404 — https://raw.githubusercontent.com/Epodonios/bulk-xray-v2ray-vless-vmess-...-configs/main/sub/France/config.txt
2026-06-04 14:54:50,152 | INFO     |   → 527/1119 ❌ HTTP 404 — https://raw.githubusercontent.com/Epodonios/bulk-xray-v2ray-vless-vmess-...-configs/main/sub/Germany/config.txt
2026-06-04 14:54:50,152 | INFO     |   → 528/1119 ❌ HTTP 404 — https://raw.githubusercontent.com/Epodonios/bulk-xray-v2ray-vless-vmess-...-configs/main/sub/Indonesia/config.txt
2026-06-04 14:54:50,152 | INFO     |   → 529/1119 ❌ HTTP 404 — https://raw.githubusercontent.com/Epodonios/bulk-xray-v2ray-vless-vmess-...-configs/main/sub/Ireland/config.txt
2026-06-04 14:54:50,152 | INFO     |   → 530/1119 ❌ HTTP 404 — https://raw.githubusercontent.com/Epodonios/bulk-xray-v2ray-vless-vmess-...-configs/main/sub/Republic%20of%20Lithuania/config.txt
2026-06-04 14:54:50,152 | INFO     |   → 531/1119 ❌ HTTP 404 — https://raw.githubusercontent.com/Epodonios/bulk-xray-v2ray-vless-vmess-...-configs/main/sub/South%20Africa/config.txt
2026-06-04 14:54:50,152 | INFO     |   → 532/1119 ❌ HTTP 404 — https://raw.githubusercontent.com/Epodonios/bulk-xray-v2ray-vless-vmess-...-configs/main/sub/Sweden/config.txt
2026-06-04 14:54:50,152 | INFO     |   → 533/1119 ❌ HTTP 404 — https://raw.githubusercontent.com/Epodonios/bulk-xray-v2ray-vless-vmess-...-configs/main/sub/Turkey/config.txt
2026-06-04 14:54:50,152 | INFO     |   → 534/1119 ❌ HTTP 404 — https://raw.githubusercontent.com/Epodonios/bulk-xray-v2ray-vless-vmess-...-configs/main/sub/United%20Arab%20Emirates/config.txt
2026-06-04 14:54:50,152 | INFO     |   → 535/1119 ❌ HTTP 404 — https://raw.githubusercontent.com/Epodonios/bulk-xray-v2ray-vless-vmess-...-configs/main/sub/United%20Kingdom/config.txt
2026-06-04 14:54:50,153 | INFO     |   → 536/1119 ❌ HTTP 404 — https://raw.githubusercontent.com/Epodonios/bulk-xray-v2ray-vless-vmess-...-configs/main/sub/United%20States/config.txt
2026-06-04 14:54:50,153 | INFO     |   → 537/1119: ✅ 558 взято | 🗑️ 3837 мусор
2026-06-04 14:54:50,153 | INFO     |   → 538/1119 ❌ HTTP 404 — https://raw.githubusercontent.com/Epodonios/v2ray-configs/main/Splitted-By-Protocol/mix.txt
2026-06-04 14:54:50,153 | INFO     |   → 539/1119: ✅ 32 взято | 🗑️ 355 мусор
2026-06-04 14:54:50,153 | INFO     |   → 540/1119: ✅ 0 взято | 🗑️ 0 мусор
2026-06-04 14:54:50,153 | INFO     |   → 541/1119: ✅ 20 взято | 🗑️ 444 мусор
2026-06-04 14:54:50,153 | INFO     |   → 542/1119: ✅ 126 взято | 🗑️ 2492 мусор
2026-06-04 14:54:50,153 | INFO     |   → 543/1119: ✅ 0 взято | 🗑️ 435 мусор
2026-06-04 14:54:50,153 | INFO     |   → 544/1119 ❌ HTTP 404 — https://raw.githubusercontent.com/Epodonios/v2ray-configs/raw/main/Splitted-By-Protocol/trojan.txt
2026-06-04 14:54:50,153 | INFO     |   → 545/1119 ❌ HTTP 404 — https://raw.githubusercontent.com/Epodonios/v2ray-configs/raw/main/Splitted-By-Protocol/vmess.txt
2026-06-04 14:54:50,153 | INFO     |   → 546/1119: ✅ 0 взято | 🗑️ 355 мусор
2026-06-04 14:54:50,153 | INFO     |   → 547/1119: ✅ 0 взято | 🗑️ 0 мусор
2026-06-04 14:54:50,153 | INFO     |   → 548/1119: ✅ 0 взято | 🗑️ 444 мусор
2026-06-04 14:54:50,153 | INFO     |   → 549/1119: ✅ 0 взято | 🗑️ 2492 мусор
2026-06-04 14:54:50,153 | INFO     |   → 550/1119: ✅ 0 взято | 🗑️ 435 мусор
2026-06-04 14:54:50,154 | INFO     |   → 551/1119 ❌ HTTP 404 — https://raw.githubusercontent.com/Fido6/FreeNodes/57221e59caddde55ffdda21d491ae952cd608049/nodes/halekj.txt
2026-06-04 14:54:50,154 | INFO     |   → 552/1119 ❌ HTTP 404 — https://raw.githubusercontent.com/Fido6/FreeNodes/57221e59caddde55ffdda21d491ae952cd608049/nodes/kkzui.txt
2026-06-04 14:54:50,154 | INFO     |   → 553/1119 ❌ HTTP 404 — https://raw.githubusercontent.com/Fido6/FreeNodes/57221e59caddde55ffdda21d491ae952cd608049/nodes/wenode.txt
2026-06-04 14:54:50,154 | INFO     |   → 554/1119: ✅ 0 взято | 🗑️ 0 мусор
2026-06-04 14:54:50,154 | INFO     |   → 555/1119: ✅ 0 взято | 🗑️ 0 мусор
2026-06-04 14:54:50,154 | INFO     |   → 556/1119: ✅ 14 взято | 🗑️ 250 мусор
2026-06-04 14:54:50,154 | INFO     |   → 557/1119: ✅ 2 взято | 🗑️ 19 мусор
2026-06-04 14:54:50,154 | INFO     |   → 558/1119: ✅ 1 взято | 🗑️ 17 мусор
2026-06-04 14:54:50,154 | INFO     |   → 559/1119: ✅ 4 взято | 🗑️ 11 мусор
2026-06-04 14:54:50,154 | INFO     |   → 560/1119: ✅ 0 взято | 🗑️ 0 мусор
2026-06-04 14:54:50,154 | INFO     |   → 561/1119: ✅ 0 взято | 🗑️ 137 мусор
2026-06-04 14:54:50,154 | INFO     |   → 562/1119: ✅ 0 взято | 🗑️ 32 мусор
2026-06-04 14:54:50,154 | INFO     |   → 563/1119: ✅ 2 взято | 🗑️ 19 мусор
2026-06-04 14:54:50,154 | INFO     |   → 564/1119: ✅ 0 взято | 🗑️ 43 мусор
2026-06-04 14:54:50,154 | INFO     |   → 565/1119: ✅ 0 взято | 🗑️ 43 мусор
2026-06-04 14:54:50,154 | INFO     |   → 566/1119 ❌ HTTP 404 — https://raw.githubusercontent.com/Iran-v2ray/v2ray/main/v2ray
2026-06-04 14:54:50,154 | INFO     |   → 567/1119: ✅ 0 взято | 🗑️ 1 мусор
2026-06-04 14:54:50,155 | INFO     |   → 568/1119: ✅ 0 взято | 🗑️ 1 мусор
2026-06-04 14:54:50,155 | INFO     |   → 569/1119: ✅ 0 взято | 🗑️ 28 мусор
2026-06-04 14:54:50,155 | INFO     |   → 570/1119: ✅ 14 взято | 🗑️ 282 мусор
2026-06-04 14:54:50,155 | INFO     |   → 571/1119: ✅ 0 взято | 🗑️ 94 мусор
2026-06-04 14:54:50,155 | INFO     |   → 572/1119: ✅ 0 взято | 🗑️ 0 мусор
2026-06-04 14:54:50,155 | INFO     |   → 573/1119: ✅ 0 взято | 🗑️ 0 мусор
2026-06-04 14:54:50,155 | INFO     |   → 574/1119 ❌ HTTP 404 — https://raw.githubusercontent.com/Kwinshadow/TelegramV2rayCollector/raw/refs/heads/main/sublinks/mix.txt
2026-06-04 14:54:50,155 | INFO     |   → 575/1119 ❌ HTTP 404 — https://raw.githubusercontent.com/LalatinaHub/Mineral/raw/refs/heads/master/result/nodes
2026-06-04 14:54:50,155 | INFO     |   → 576/1119 ❌ HTTP 404 — https://raw.githubusercontent.com/Leon406/SubCrawler/main/sub/share/all3
2026-06-04 14:54:50,155 | INFO     |   → 577/1119 ❌ HTTP 404 — https://raw.githubusercontent.com/Leon406/SubCrawler/main/sub/share/all4
2026-06-04 14:54:50,155 | INFO     |   → 578/1119: ✅ 4 взято | 🗑️ 335 мусор
2026-06-04 14:54:50,155 | INFO     |   → 579/1119: ✅ 0 взято | 🗑️ 33 мусор
2026-06-04 14:54:50,155 | INFO     |   → 580/1119: ✅ 0 взято | 🗑️ 6 мусор
2026-06-04 14:54:50,155 | INFO     |   → 581/1119: ✅ 0 взято | 🗑️ 147 мусор
2026-06-04 14:54:50,155 | INFO     |   → 582/1119 ❌ HTTP 404 — https://raw.githubusercontent.com/M-Mashreghi/free-config-collector/main/Splitted-By-Protocol/ssr.txt
2026-06-04 14:54:50,155 | INFO     |   → 583/1119: ✅ 139 взято | 🗑️ 114 мусор
2026-06-04 14:54:50,155 | INFO     |   → 584/1119: ✅ 126 взято | 🗑️ 137 мусор
2026-06-04 14:54:50,156 | INFO     |   → 585/1119: ✅ 0 взято | 🗑️ 12 мусор
2026-06-04 14:54:50,156 | INFO     |   → 586/1119: ✅ 0 взято | 🗑️ 1 мусор
2026-06-04 14:54:50,156 | INFO     |   → 587/1119: ✅ 84 взято | 🗑️ 126 мусор
2026-06-04 14:54:50,156 | INFO     |   → 588/1119: ✅ 0 взято | 🗑️ 126 мусор
2026-06-04 14:54:50,156 | INFO     |   → 589/1119 ❌ HTTP 404 — https://raw.githubusercontent.com/MatinGhanbari/v2ray-configs/main/subscriptions/filtered/subs/hy2.txt
2026-06-04 14:54:50,156 | INFO     |   → 590/1119: ✅ 30 взято | 🗑️ 1427 мусор
2026-06-04 14:54:50,156 | INFO     |   → 591/1119 ❌ HTTP 404 — https://raw.githubusercontent.com/MatinGhanbari/v2ray-configs/main/subscriptions/filtered/subs/ssr.txt
2026-06-04 14:54:50,156 | INFO     |   → 592/1119: ✅ 68 взято | 🗑️ 572 мусор
2026-06-04 14:54:50,156 | INFO     |   → 593/1119 ❌ HTTP 404 — https://raw.githubusercontent.com/MatinGhanbari/v2ray-configs/main/subscriptions/filtered/subs/tuic.txt
2026-06-04 14:54:50,156 | INFO     |   → 594/1119: ✅ 5 взято | 🗑️ 63 мусор
2026-06-04 14:54:50,156 | INFO     |   → 595/1119: ✅ 252 взято | 🗑️ 1538 мусор
2026-06-04 14:54:50,156 | INFO     |   → 596/1119: ✅ 0 взято | 🗑️ 2 мусор
2026-06-04 14:54:50,156 | INFO     |   → 597/1119: ✅ 135 взято | 🗑️ 1132 мусор
2026-06-04 14:54:50,156 | INFO     |   → 598/1119: ✅ 0 взято | 🗑️ 576 мусор
2026-06-04 14:54:50,156 | INFO     |   → 599/1119: ✅ 0 взято | 🗑️ 576 мусор
2026-06-04 14:54:50,156 | INFO     |   → 600/1119: ✅ 0 взято | 🗑️ 42 мусор
2026-06-04 14:54:50,156 | INFO     |   → 601/1119: ✅ 0 взято | 🗑️ 2 мусор
2026-06-04 14:54:50,156 | INFO     |   → 602/1119: ✅ 0 взято | 🗑️ 442 мусор
2026-06-04 14:54:50,156 | INFO     |   → 603/1119: ✅ 0 взято | 🗑️ 78 мусор
2026-06-04 14:54:50,156 | INFO     |   → 604/1119 ❌ HTTP 404 — https://raw.githubusercontent.com/MhdiTaheri/V2rayCollector/raw/refs/heads/main/sub/mix
2026-06-04 14:54:50,156 | INFO     |   → 605/1119: ✅ 53 взято | 🗑️ 267 мусор
2026-06-04 14:54:50,156 | INFO     |   → 606/1119 ❌ HTTP 404 — https://raw.githubusercontent.com/MhdiTaheri/V2rayCollector_Py/raw/refs/heads/main/sub/Mix/mix.txt
2026-06-04 14:54:50,156 | INFO     |   → 607/1119: ✅ 0 взято | 🗑️ 0 мусор
2026-06-04 14:54:50,156 | INFO     |   → 608/1119: ✅ 43 взято | 🗑️ 217 мусор
2026-06-04 14:54:50,156 | INFO     |   → 609/1119: ✅ 0 взято | 🗑️ 31 мусор
2026-06-04 14:54:50,156 | INFO     |   → 610/1119: ✅ 93 взято | 🗑️ 282 мусор
2026-06-04 14:54:50,156 | INFO     |   → 611/1119: ✅ 0 взято | 🗑️ 26 мусор
2026-06-04 14:54:50,156 | INFO     |   → 612/1119 ❌ HTTP 404 — https://raw.githubusercontent.com/MrMohebi/xray-proxy-grabber-telegram/master/collected-proxies/clash-meta/all.yaml
2026-06-04 14:54:50,157 | INFO     |   → 613/1119 ❌ HTTP 404 — https://raw.githubusercontent.com/MrMohebi/xray-proxy-grabber-telegram/master/collected-proxies/row-url/actives.txt
2026-06-04 14:54:50,157 | INFO     |   → 614/1119 ❌ HTTP 404 — https://raw.githubusercontent.com/MrMohebi/xray-proxy-grabber-telegram/master/collected-proxies/row-url/all.txt
2026-06-04 14:54:50,157 | INFO     |   → 615/1119: ✅ 0 взято | 🗑️ 13 мусор
2026-06-04 14:54:50,157 | INFO     |   → 616/1119: ✅ 0 взято | 🗑️ 13 мусор
2026-06-04 14:54:50,157 | INFO     |   → 617/1119: ✅ 5 взято | 🗑️ 15 мусор
2026-06-04 14:54:50,157 | INFO     |   → 618/1119: ✅ 0 взято | 🗑️ 30 мусор
2026-06-04 14:54:50,157 | INFO     |   → 619/1119: ✅ 0 взято | 🗑️ 15 мусор
2026-06-04 14:54:50,157 | INFO     |   → 620/1119: ✅ 66 взято | 🗑️ 123 мусор
2026-06-04 14:54:50,157 | INFO     |   → 621/1119: ✅ 50 взято | 🗑️ 30 мусор
2026-06-04 14:54:50,157 | INFO     |   → 622/1119: ✅ 0 взято | 🗑️ 0 мусор
2026-06-04 14:54:50,157 | INFO     |   → 623/1119 ❌ HTTP 404 — https://raw.githubusercontent.com/OpenCNLink/freevpn/3cfcff048bfdd1493ccffa52ecf30ce7f9fc6b28/src/list/vmess.txt
2026-06-04 14:54:50,157 | INFO     |   → 624/1119 ❌ HTTP 404 — https://raw.githubusercontent.com/Pawdro/Collection/main/sub
2026-06-04 14:54:50,157 | INFO     |   → 625/1119: ✅ 1 взято | 🗑️ 10 мусор
2026-06-04 14:54:50,157 | INFO     |   → 626/1119: ✅ 0 взято | 🗑️ 10 мусор
2026-06-04 14:54:50,157 | INFO     |   → 627/1119: ✅ 0 взято | 🗑️ 0 мусор
2026-06-04 14:54:50,157 | INFO     |   → 628/1119: ✅ 0 взято | 🗑️ 0 мусор
2026-06-04 14:54:50,157 | INFO     |   → 629/1119: ✅ 0 взято | 🗑️ 50 мусор
2026-06-04 14:54:50,157 | INFO     |   → 630/1119: ✅ 5 взято | 🗑️ 206 мусор
2026-06-04 14:54:50,157 | INFO     |   → 631/1119: ✅ 21 взято | 🗑️ 138 мусор
2026-06-04 14:54:50,157 | INFO     |   → 632/1119: ✅ 23 взято | 🗑️ 89 мусор
2026-06-04 14:54:50,157 | INFO     |   → 633/1119: ✅ 9 взято | 🗑️ 85 мусор
2026-06-04 14:54:50,157 | INFO     |   → 634/1119: ✅ 0 взято | 🗑️ 129 мусор
2026-06-04 14:54:50,157 | INFO     |   → 635/1119: ✅ 0 взято | 🗑️ 81 мусор
2026-06-04 14:54:50,157 | INFO     |   → 636/1119 ❌ HTTP 404 — https://raw.githubusercontent.com/STR97/STRUGOV/refs/heads/main/STR.BYPASS
2026-06-04 14:54:50,157 | INFO     |   → 637/1119: ✅ 4 взято | 🗑️ 34 мусор
2026-06-04 14:54:50,157 | INFO     |   → 638/1119: ✅ 11 взято | 🗑️ 16 мусор
2026-06-04 14:54:50,157 | INFO     |   → 639/1119: ✅ 0 взято | 🗑️ 16 мусор
2026-06-04 14:54:50,157 | INFO     |   → 640/1119: ✅ 0 взято | 🗑️ 27 мусор
2026-06-04 14:54:50,157 | INFO     |   → 641/1119: ✅ 140 взято | 🗑️ 1153 мусор
2026-06-04 14:54:50,157 | INFO     |   → 642/1119: ✅ 29 взято | 🗑️ 54 мусор
2026-06-04 14:54:50,157 | INFO     |   → 643/1119: ✅ 0 взято | 🗑️ 0 мусор
2026-06-04 14:54:50,157 | INFO     |   → 644/1119: ✅ 0 взято | 🗑️ 0 мусор
2026-06-04 14:54:50,157 | INFO     |   → 645/1119: ✅ 6 взято | 🗑️ 38 мусор
2026-06-04 14:54:50,157 | INFO     |   → 646/1119: ✅ 0 взято | 🗑️ 0 мусор
2026-06-04 14:54:50,157 | INFO     |   → 647/1119: ✅ 0 взято | 🗑️ 38 мусор
2026-06-04 14:54:50,157 | INFO     |   → 648/1119: ✅ 4 взято | 🗑️ 291 мусор
2026-06-04 14:54:50,157 | INFO     |   → 649/1119: ✅ 0 взято | 🗑️ 119 мусор
2026-06-04 14:54:50,157 | INFO     |   → 650/1119: ✅ 0 взято | 🗑️ 0 мусор
2026-06-04 14:54:50,157 | INFO     |   → 651/1119 ❌ HTTP 404 — https://raw.githubusercontent.com/V2RAYCONFIGSPOOL/V2RAY_SUB/main/V2RAY_SUB.txt
2026-06-04 14:54:50,157 | INFO     |   → 652/1119: ✅ 36 взято | 🗑️ 203 мусор
2026-06-04 14:54:50,157 | INFO     |   → 653/1119: ✅ 16 взято | 🗑️ 17 мусор
2026-06-04 14:54:50,157 | INFO     |   → 654/1119: ✅ 0 взято | 🗑️ 0 мусор
2026-06-04 14:54:50,157 | INFO     |   → 655/1119: ✅ 0 взято | 🗑️ 17 мусор
2026-06-04 14:54:50,158 | INFO     |   → 656/1119: ✅ 58 взято | 🗑️ 348 мусор
2026-06-04 14:54:50,158 | INFO     |   → 657/1119: ✅ 0 взято | 🗑️ 0 мусор
2026-06-04 14:54:50,158 | INFO     |   → 658/1119: ✅ 6 взято | 🗑️ 245 мусор
2026-06-04 14:54:50,158 | INFO     |   → 659/1119: ✅ 0 взято | 🗑️ 0 мусор
2026-06-04 14:54:50,158 | INFO     |   → 660/1119: ✅ 3 взято | 🗑️ 322 мусор
2026-06-04 14:54:50,158 | INFO     |   → 661/1119: ✅ 0 взято | 🗑️ 0 мусор
2026-06-04 14:54:50,158 | INFO     |   → 662/1119: ✅ 0 взято | 🗑️ 0 мусор
2026-06-04 14:54:50,158 | INFO     |   → 663/1119: ✅ 3 взято | 🗑️ 268 мусор
2026-06-04 14:54:50,158 | INFO     |   → 664/1119: ✅ 1 взято | 🗑️ 251 мусор
2026-06-04 14:54:50,158 | INFO     |   → 665/1119: ✅ 1 взято | 🗑️ 231 мусор
2026-06-04 14:54:50,158 | INFO     |   → 666/1119: ✅ 0 взято | 🗑️ 0 мусор
2026-06-04 14:54:50,158 | INFO     |   → 667/1119: ✅ 1 взято | 🗑️ 83 мусор
2026-06-04 14:54:50,158 | INFO     |   → 668/1119: ✅ 0 взято | 🗑️ 16 мусор
2026-06-04 14:54:50,158 | INFO     |   → 669/1119: ✅ 0 взято | 🗑️ 16 мусор
2026-06-04 14:54:50,158 | INFO     |   → 670/1119 ❌ HTTP 404 — https://raw.githubusercontent.com/aiboboxx/clashfree/main/clash.yml
2026-06-04 14:54:50,158 | INFO     |   → 671/1119 ❌ HTTP 404 — https://raw.githubusercontent.com/aiboboxx/v2rayfree/main/v2
2026-06-04 14:54:50,158 | INFO     |   → 672/1119 ❌ HTTP 404 — https://raw.githubusercontent.com/amirmohammad-mohammad-88/Sub-Reality-Azadi-config/Config/Azadi-Reality-Different
2026-06-04 14:54:50,158 | INFO     |   → 673/1119 ❌ HTTP 404 — https://raw.githubusercontent.com/amirmohammad-mohammad-88/Sub-Reality-Azadi-config/Config/Azadi-Reality-Different-Base64
2026-06-04 14:54:50,158 | INFO     |   → 674/1119: ✅ 1 взято | 🗑️ 17 мусор
2026-06-04 14:54:50,158 | INFO     |   → 675/1119: ✅ 0 взято | 🗑️ 0 мусор
2026-06-04 14:54:50,158 | INFO     |   → 676/1119: ✅ 4 взято | 🗑️ 114 мусор
2026-06-04 14:54:50,159 | INFO     |   → 677/1119: ✅ 25 взято | 🗑️ 60 мусор
2026-06-04 14:54:50,159 | INFO     |   → 678/1119 ❌ HTTP 404 — https://raw.githubusercontent.com/awesome-vpn/awesome-vpn/master/ss
2026-06-04 14:54:50,159 | INFO     |   → 679/1119 ❌ HTTP 404 — https://raw.githubusercontent.com/awesome-vpn/awesome-vpn/master/ssr
2026-06-04 14:54:50,159 | INFO     |   → 680/1119: ✅ 0 взято | 🗑️ 0 мусор
2026-06-04 14:54:50,159 | INFO     |   → 681/1119: ✅ 1 взято | 🗑️ 22 мусор
2026-06-04 14:54:50,159 | INFO     |   → 682/1119: ✅ 0 взято | 🗑️ 425 мусор
2026-06-04 14:54:50,159 | INFO     |   → 683/1119 ❌ HTTP 404 — https://raw.githubusercontent.com/barry-far/V2ray-Configs/ced94ddfff48276ec365b40227561f36b1b64bc8/Sub5.txt
2026-06-04 14:54:50,159 | INFO     |   → 684/1119 ❌ HTTP 404 — https://raw.githubusercontent.com/barry-far/V2ray-Configs/main/Splitted-By-Protocol/hysteria2.txt
2026-06-04 14:54:50,159 | INFO     |   → 685/1119 ❌ HTTP 404 — https://raw.githubusercontent.com/barry-far/V2ray-Configs/main/Splitted-By-Protocol/vless.txt
2026-06-04 14:54:50,159 | INFO     |   → 686/1119 ❌ HTTP 404 — https://raw.githubusercontent.com/barry-far/V2ray-Configs/main/Sub1.txt
2026-06-04 14:54:50,159 | INFO     |   → 687/1119 ❌ HTTP 404 — https://raw.githubusercontent.com/barry-far/V2ray-Configs/refs/heads/main/All_Configs_Sub.txt
2026-06-04 14:54:50,159 | INFO     |   → 688/1119: ✅ 0 взято | 🗑️ 0 мусор
2026-06-04 14:54:50,159 | INFO     |   → 689/1119 ❌ HTTP 404 — https://raw.githubusercontent.com/budamu/clashconfig/main/v2ray.txt
2026-06-04 14:54:50,159 | INFO     |   → 690/1119 ❌ HTTP 404 — https://raw.githubusercontent.com/budamu/clashconfig/main/v2ray2.txt
2026-06-04 14:54:50,159 | INFO     |   → 691/1119: ✅ 0 взято | 🗑️ 0 мусор
2026-06-04 14:54:50,159 | INFO     |   → 692/1119: ✅ 0 взято | 🗑️ 442 мусор
2026-06-04 14:54:50,159 | INFO     |   → 693/1119: ✅ 0 взято | 🗑️ 0 мусор
2026-06-04 14:54:50,159 | INFO     |   → 694/1119 ❌ HTTP 404 — https://raw.githubusercontent.com/chxxyz2004/zd/17fca23b73c46b5dd73e9be49b14d219b5e5f836/sub/2401/240110.txt
2026-06-04 14:54:50,159 | INFO     |   → 695/1119: ✅ 0 взято | 🗑️ 44 мусор
2026-06-04 14:54:50,159 | INFO     |   → 696/1119: ✅ 236 взято | 🗑️ 517 мусор
2026-06-04 14:54:50,159 | INFO     |   → 697/1119 ❌ HTTP 404 — https://raw.githubusercontent.com/cxr9912/cxr2022/main/free.yaml
2026-06-04 14:54:50,159 | INFO     |   → 698/1119 ❌ HTTP 404 — https://raw.githubusercontent.com/cxr9912/cxr2022/main/mix.yaml
2026-06-04 14:54:50,159 | INFO     |   → 699/1119 ❌ HTTP 404 — https://raw.githubusercontent.com/cxr9912/cxr2022/main/ss.yaml
2026-06-04 14:54:50,160 | INFO     |   → 700/1119 ❌ HTTP 404 — https://raw.githubusercontent.com/cxr9912/cxr2022/main/ssr.yaml
2026-06-04 14:54:50,160 | INFO     |   → 701/1119 ❌ HTTP 404 — https://raw.githubusercontent.com/cxr9912/cxr2022/main/vmess.yaml
2026-06-04 14:54:50,160 | INFO     |   → 702/1119 ❌ HTTP 404 — https://raw.githubusercontent.com/cxr9912/cxr2022/refs/heads/main/18cj.json
2026-06-04 14:54:50,160 | INFO     |   → 703/1119 ❌ HTTP 404 — https://raw.githubusercontent.com/cxr9912/cxr2022/refs/heads/main/aaaaaaaa.yaml
2026-06-04 14:54:50,160 | INFO     |   → 704/1119 ❌ HTTP 404 — https://raw.githubusercontent.com/cxr9912/cxr2022/refs/heads/main/free.yaml
2026-06-04 14:54:50,160 | INFO     |   → 705/1119 ❌ HTTP 404 — https://raw.githubusercontent.com/cxr9912/cxr2022/refs/heads/main/ss2088.txt
2026-06-04 14:54:50,160 | INFO     |   → 706/1119: ✅ 0 взято | 🗑️ 18 мусор
2026-06-04 14:54:50,160 | INFO     |   → 707/1119: ✅ 0 взято | 🗑️ 18 мусор
2026-06-04 14:54:50,160 | INFO     |   → 708/1119: ✅ 6 взято | 🗑️ 78 мусор
2026-06-04 14:54:50,160 | INFO     |   → 709/1119: ✅ 6 взято | 🗑️ 4 мусор
2026-06-04 14:54:50,160 | INFO     |   → 710/1119: ✅ 0 взято | 🗑️ 2 мусор
2026-06-04 14:54:50,160 | INFO     |   → 711/1119: ✅ 0 взято | 🗑️ 2 мусор
2026-06-04 14:54:50,160 | INFO     |   → 712/1119: ✅ 0 взято | 🗑️ 2 мусор
2026-06-04 14:54:50,160 | INFO     |   → 713/1119: ✅ 0 взято | 🗑️ 3 мусор
2026-06-04 14:54:50,160 | INFO     |   → 714/1119: ✅ 0 взято | 🗑️ 2 мусор
2026-06-04 14:54:50,160 | INFO     |   → 715/1119: ✅ 0 взято | 🗑️ 9 мусор
2026-06-04 14:54:50,160 | INFO     |   → 716/1119: ✅ 1 взято | 🗑️ 1 мусор
2026-06-04 14:54:50,160 | INFO     |   → 717/1119: ✅ 0 взято | 🗑️ 10 мусор
2026-06-04 14:54:50,160 | INFO     |   → 718/1119: ✅ 0 взято | 🗑️ 2 мусор
2026-06-04 14:54:50,160 | INFO     |   → 719/1119: ✅ 0 взято | 🗑️ 0 мусор
2026-06-04 14:54:50,160 | INFO     |   → 720/1119: ✅ 6746 взято | 🗑️ 132664 мусор
2026-06-04 14:54:50,160 | INFO     |   → 721/1119: ✅ 6 взято | 🗑️ 139 мусор
2026-06-04 14:54:50,160 | INFO     |   → 722/1119: ✅ 6 взято | 🗑️ 113 мусор
2026-06-04 14:54:50,160 | INFO     |   → 723/1119: ✅ 0 взято | 🗑️ 0 мусор
2026-06-04 14:54:50,161 | INFO     |   → 724/1119: ✅ 7 взято | 🗑️ 19 мусор
2026-06-04 14:54:50,161 | INFO     |   → 725/1119: ✅ 0 взято | 🗑️ 0 мусор
2026-06-04 14:54:50,161 | INFO     |   → 726/1119: ✅ 13 взято | 🗑️ 19 мусор
2026-06-04 14:54:50,161 | INFO     |   → 727/1119: ✅ 0 взято | 🗑️ 5 мусор
2026-06-04 14:54:50,161 | INFO     |   → 728/1119: ✅ 2 взято | 🗑️ 80 мусор
2026-06-04 14:54:50,161 | INFO     |   → 729/1119 ❌ HTTP 404 — https://raw.githubusercontent.com/free-nodes/v2rayfree/main/v2
2026-06-04 14:54:50,161 | INFO     |   → 730/1119 ❌ HTTP 404 — https://raw.githubusercontent.com/free-v2ray-config/trojan/main/trojan.txt
2026-06-04 14:54:50,161 | INFO     |   → 731/1119 ❌ HTTP 404 — https://raw.githubusercontent.com/free-v2ray-config/vless/main/vless.txt
2026-06-04 14:54:50,161 | INFO     |   → 732/1119 ❌ HTTP 404 — https://raw.githubusercontent.com/free-v2ray-config/vmess/main/vmess.txt
2026-06-04 14:54:50,161 | INFO     |   → 733/1119: ✅ 5 взято | 🗑️ 169 мусор
2026-06-04 14:54:50,161 | INFO     |   → 734/1119: ✅ 34 взято | 🗑️ 121 мусор
2026-06-04 14:54:50,161 | INFO     |   → 735/1119: ✅ 4 взято | 🗑️ 97 мусор
2026-06-04 14:54:50,161 | INFO     |   → 736/1119 ❌ HTTP 404 — https://raw.githubusercontent.com/free18/v2ray/main/Clash.yaml
2026-06-04 14:54:50,161 | INFO     |   → 737/1119: ✅ 0 взято | 🗑️ 0 мусор
2026-06-04 14:54:50,161 | INFO     |   → 738/1119: ✅ 0 взято | 🗑️ 15 мусор
2026-06-04 14:54:50,161 | INFO     |   → 739/1119: ✅ 0 взято | 🗑️ 0 мусор
2026-06-04 14:54:50,161 | INFO     |   → 740/1119: ✅ 0 взято | 🗑️ 8 мусор
2026-06-04 14:54:50,161 | INFO     |   → 741/1119: ✅ 0 взято | 🗑️ 8 мусор
2026-06-04 14:54:50,161 | INFO     |   → 742/1119: ✅ 0 взято | 🗑️ 8 мусор
2026-06-04 14:54:50,161 | INFO     |   → 743/1119: ✅ 0 взято | 🗑️ 8 мусор
2026-06-04 14:54:50,161 | INFO     |   → 744/1119 ❌ HTTP 404 — https://raw.githubusercontent.com/freev2rayconfig/V2RAY_SUB/3e6a7786a1601ee3723e8d043ae79e70dbdfd9a8/v2rayconfigs.txt
2026-06-04 14:54:50,161 | INFO     |   → 745/1119 ❌ HTTP 404 — https://raw.githubusercontent.com/freev2rayconfig/V2RAY_SUBSCRIPTION_LINK/main/v2rayconfigs.txt
2026-06-04 14:54:50,162 | INFO     |   → 746/1119 ❌ HTTP 404 — https://raw.githubusercontent.com/gfpcom/free-proxy-list/main/list/http.txt
2026-06-04 14:54:50,162 | INFO     |   → 747/1119 ❌ HTTP 404 — https://raw.githubusercontent.com/gfpcom/free-proxy-list/main/list/https.txt
2026-06-04 14:54:50,162 | INFO     |   → 748/1119 ❌ HTTP 404 — https://raw.githubusercontent.com/gfpcom/free-proxy-list/main/list/socks4.txt
2026-06-04 14:54:50,162 | INFO     |   → 749/1119 ❌ HTTP 404 — https://raw.githubusercontent.com/gfpcom/free-proxy-list/main/list/socks4a.txt
2026-06-04 14:54:50,162 | INFO     |   → 750/1119 ❌ HTTP 404 — https://raw.githubusercontent.com/gfpcom/free-proxy-list/main/list/socks5.txt
2026-06-04 14:54:50,162 | INFO     |   → 751/1119 ❌ HTTP 404 — https://raw.githubusercontent.com/gfpcom/free-proxy-list/main/list/socks5h.txt
2026-06-04 14:54:50,162 | INFO     |   → 752/1119 ❌ HTTP 404 — https://raw.githubusercontent.com/gfpcom/free-proxy-list/main/list/ss.txt
2026-06-04 14:54:50,162 | INFO     |   → 753/1119 ❌ HTTP 404 — https://raw.githubusercontent.com/gfpcom/free-proxy-list/main/list/ssr.txt
2026-06-04 14:54:50,162 | INFO     |   → 754/1119 ❌ HTTP 404 — https://raw.githubusercontent.com/gfpcom/free-proxy-list/main/list/trojan.txt
2026-06-04 14:54:50,162 | INFO     |   → 755/1119 ❌ HTTP 404 — https://raw.githubusercontent.com/gfpcom/free-proxy-list/main/list/vless.txt
2026-06-04 14:54:50,162 | INFO     |   → 756/1119 ❌ HTTP 404 — https://raw.githubusercontent.com/gfpcom/free-proxy-list/main/list/vmess.txt
2026-06-04 14:54:50,162 | INFO     |   → 757/1119: ✅ 0 взято | 🗑️ 17 мусор
2026-06-04 14:54:50,162 | INFO     |   → 758/1119: ✅ 0 взято | 🗑️ 0 мусор
2026-06-04 14:54:50,162 | INFO     |   → 759/1119: ✅ 4 взято | 🗑️ 63 мусор
2026-06-04 14:54:50,162 | INFO     |   → 760/1119 ❌ HTTP 404 — https://raw.githubusercontent.com/hameed-maleki/TVC/89a4522969c57dcc22458cae9898426e5c4f2679/lite/config.txt
2026-06-04 14:54:50,162 | INFO     |   → 761/1119: ✅ 5 взято | 🗑️ 132 мусор
2026-06-04 14:54:50,162 | INFO     |   → 762/1119: ✅ 0 взято | 🗑️ 56 мусор
2026-06-04 14:54:50,162 | INFO     |   → 763/1119 ❌ HTTP 404 — https://raw.githubusercontent.com/hkaa0/permalink/main/proxy/V2ray
2026-06-04 14:54:50,162 | INFO     |   → 764/1119 ❌ HTTP 404 — https://raw.githubusercontent.com/hkaa0/permalink/main/proxy/clash
2026-06-04 14:54:50,162 | INFO     |   → 765/1119 ❌ HTTP 404 — https://raw.githubusercontent.com/hkpc/Autoproxy/6cf946ddfc677a29062007e4b47d70674474baa7/sub/2401/240110.txt
2026-06-04 14:54:50,162 | INFO     |   → 766/1119 ❌ HTTP 404 — https://raw.githubusercontent.com/hkpc/V2ray-Configs/7d9aa0dabf947af180a7dd6302818ed37950531a/Sub1.txt
2026-06-04 14:54:50,163 | INFO     |   → 767/1119: ✅ 0 взято | 🗑️ 14 мусор
2026-06-04 14:54:50,163 | INFO     |   → 768/1119: ✅ 16 взято | 🗑️ 16 мусор
2026-06-04 14:54:50,163 | INFO     |   → 769/1119 ❌ HTTP 404 — https://raw.githubusercontent.com/iboxz/free-v2ray-collector/main/main
2026-06-04 14:54:50,163 | INFO     |   → 770/1119: ✅ 3 взято | 🗑️ 35 мусор
2026-06-04 14:54:50,163 | INFO     |   → 771/1119: ✅ 9 взято | 🗑️ 30 мусор
2026-06-04 14:54:50,163 | INFO     |   → 772/1119: ✅ 92 взято | 🗑️ 206 мусор
2026-06-04 14:54:50,163 | INFO     |   → 773/1119 ❌ HTTP 404 — https://raw.githubusercontent.com/igareck/vpn-configs-for-russia/refs/heads/main/Vless-Reality-White-Lists-Rus-Cable.txt
2026-06-04 14:54:50,163 | INFO     |   → 774/1119: ✅ 24 взято | 🗑️ 20 мусор
2026-06-04 14:54:50,163 | INFO     |   → 775/1119: ✅ 0 взято | 🗑️ 0 мусор
2026-06-04 14:54:50,163 | INFO     |   → 776/1119: ✅ 0 взято | 🗑️ 0 мусор
2026-06-04 14:54:50,163 | INFO     |   → 777/1119: ✅ 23 взято | 🗑️ 9 мусор
2026-06-04 14:54:50,163 | INFO     |   → 778/1119: ✅ 0 взято | 🗑️ 0 мусор
2026-06-04 14:54:50,163 | INFO     |   → 779/1119: ✅ 0 взято | 🗑️ 0 мусор
2026-06-04 14:54:50,163 | INFO     |   → 780/1119: ✅ 0 взято | 🗑️ 12 мусор
2026-06-04 14:54:50,163 | INFO     |   → 781/1119: ✅ 0 взято | 🗑️ 43 мусор
2026-06-04 14:54:50,163 | INFO     |   → 782/1119 ❌ HTTP 404 — https://raw.githubusercontent.com/jw853355718/clash_233/master/config.yml
2026-06-04 14:54:50,163 | INFO     |   → 783/1119: ✅ 0 взято | 🗑️ 210 мусор
2026-06-04 14:54:50,163 | INFO     |   → 784/1119: ✅ 0 взято | 🗑️ 0 мусор
2026-06-04 14:54:50,163 | INFO     |   → 785/1119: ✅ 0 взято | 🗑️ 0 мусор
2026-06-04 14:54:50,164 | INFO     |   → 786/1119 ❌ HTTP 404 — https://raw.githubusercontent.com/lcx12901/v2ray-/master/sspool.herokuapp.com/yzcloud.yaml
2026-06-04 14:54:50,164 | INFO     |   → 787/1119 ❌ HTTP 404 — https://raw.githubusercontent.com/lcx12901/v2ray-/master/sspool.herokuapp.com/yzcloud2.yaml
2026-06-04 14:54:50,164 | INFO     |   → 788/1119: ✅ 0 взято | 🗑️ 0 мусор
2026-06-04 14:54:50,164 | INFO     |   → 789/1119 ❌ HTTP 404 — https://raw.githubusercontent.com/learnhard-cn/free_proxy_ss/main/clash/config.yaml
2026-06-04 14:54:50,164 | INFO     |   → 790/1119: ✅ 0 взято | 🗑️ 8 мусор
2026-06-04 14:54:50,164 | INFO     |   → 791/1119: ✅ 0 взято | 🗑️ 4 мусор
2026-06-04 14:54:50,164 | INFO     |   → 792/1119: ✅ 0 взято | 🗑️ 0 мусор
2026-06-04 14:54:50,164 | INFO     |   → 793/1119: ✅ 0 взято | 🗑️ 4 мусор
2026-06-04 14:54:50,164 | INFO     |   → 794/1119: ✅ 0 взято | 🗑️ 149 мусор
2026-06-04 14:54:50,164 | INFO     |   → 795/1119: ✅ 0 взято | 🗑️ 421 мусор
2026-06-04 14:54:50,164 | INFO     |   → 796/1119 ❌ HTTP 404 — https://raw.githubusercontent.com/lisylva-lee/v2dyku/main/ssr
2026-06-04 14:54:50,164 | INFO     |   → 797/1119 ❌ HTTP 404 — https://raw.githubusercontent.com/lisylva-lee/v2dyku/main/v2dy
2026-06-04 14:54:50,164 | INFO     |   → 798/1119: ✅ 0 взято | 🗑️ 53 мусор
2026-06-04 14:54:50,164 | INFO     |   → 799/1119 ❌ HTTP 404 — https://raw.githubusercontent.com/luxl-1379/merge/77247d23def72b25226dfa741614e9b07a569c72/sub/sub_merge_base64.txt
2026-06-04 14:54:50,164 | INFO     |   → 800/1119: ✅ 146 взято | 🗑️ 343 мусор
2026-06-04 14:54:50,164 | INFO     |   → 801/1119: ✅ 0 взято | 🗑️ 126 мусор
2026-06-04 14:54:50,164 | INFO     |   → 802/1119: ✅ 743 взято | 🗑️ 3499 мусор
2026-06-04 14:54:50,164 | INFO     |   → 803/1119: ✅ 0 взято | 🗑️ 0 мусор
2026-06-04 14:54:50,164 | INFO     |   → 804/1119: ✅ 0 взято | 🗑️ 3499 мусор
2026-06-04 14:54:50,165 | INFO     |   → 805/1119: ✅ 20 взято | 🗑️ 370 мусор
2026-06-04 14:54:50,165 | INFO     |   → 806/1119 ❌ HTTP 404 — https://raw.githubusercontent.com/mermeroo/Clash-V2ray/main/v2ray
2026-06-04 14:54:50,165 | INFO     |   → 807/1119: ✅ 15 взято | 🗑️ 417 мусор
2026-06-04 14:54:50,165 | INFO     |   → 808/1119: ✅ 6 взято | 🗑️ 102 мусор
2026-06-04 14:54:50,165 | INFO     |   → 809/1119: ✅ 716 взято | 🗑️ 6258 мусор
2026-06-04 14:54:50,165 | INFO     |   → 810/1119: ✅ 8 взято | 🗑️ 853 мусор
2026-06-04 14:54:50,165 | INFO     |   → 811/1119: ✅ 32 взято | 🗑️ 69 мусор
2026-06-04 14:54:50,165 | INFO     |   → 812/1119 ❌ HTTP 404 — https://raw.githubusercontent.com/mermeroo/free-v2ray-collector/main/main/mix
2026-06-04 14:54:50,165 | INFO     |   → 813/1119 ❌ HTTP 404 — https://raw.githubusercontent.com/mermeroo/free-v2ray-collector/main/main/reality
2026-06-04 14:54:50,165 | INFO     |   → 814/1119 ❌ HTTP 404 — https://raw.githubusercontent.com/mermeroo/free-v2ray-collector/main/main/shadowsocks
2026-06-04 14:54:50,165 | INFO     |   → 815/1119 ❌ HTTP 404 — https://raw.githubusercontent.com/mermeroo/free-v2ray-collector/main/main/trojan
2026-06-04 14:54:50,165 | INFO     |   → 816/1119 ❌ HTTP 404 — https://raw.githubusercontent.com/mermeroo/free-v2ray-collector/main/main/vless
2026-06-04 14:54:50,165 | INFO     |   → 817/1119 ❌ HTTP 404 — https://raw.githubusercontent.com/mermeroo/free-v2ray-collector/main/main/vmess
2026-06-04 14:54:50,165 | INFO     |   → 818/1119 ❌ HTTP 404 — https://raw.githubusercontent.com/mfuu/v2ray/master/merge/merge.txt
2026-06-04 14:54:50,165 | INFO     |   → 819/1119: ✅ 0 взято | 🗑️ 71 мусор
2026-06-04 14:54:50,165 | INFO     |   → 820/1119: ✅ 0 взято | 🗑️ 71 мусор
2026-06-04 14:54:50,165 | INFO     |   → 821/1119: ✅ 534 взято | 🗑️ 13325 мусор
2026-06-04 14:54:50,165 | INFO     |   → 822/1119: ✅ 0 взято | 🗑️ 13325 мусор
2026-06-04 14:54:50,165 | INFO     |   → 823/1119: ✅ 0 взято | 🗑️ 2765 мусор
2026-06-04 14:54:50,165 | INFO     |   → 824/1119: ✅ 0 взято | 🗑️ 1808 мусор
2026-06-04 14:54:50,166 | INFO     |   → 825/1119: ✅ 0 взято | 🗑️ 4725 мусор
2026-06-04 14:54:50,166 | INFO     |   → 826/1119: ✅ 0 взято | 🗑️ 4027 мусор
2026-06-04 14:54:50,166 | INFO     |   → 827/1119 ❌ HTTP 404 — https://raw.githubusercontent.com/mianous/qiren/main/qiren.txt
2026-06-04 14:54:50,166 | INFO     |   → 828/1119 ❌ HTTP 404 — https://raw.githubusercontent.com/miladtahanian/V2RayCFGDumper/refs/heads/main/config.txt
2026-06-04 14:54:50,166 | INFO     |   → 829/1119 ❌ HTTP 404 — https://raw.githubusercontent.com/miladtahanian/multi-proxy-config-fetcher/refs/heads/main/configs/proxy_configs.txt
2026-06-04 14:54:50,166 | INFO     |   → 830/1119: ✅ 0 взято | 🗑️ 0 мусор
2026-06-04 14:54:50,166 | INFO     |   → 831/1119: ✅ 0 взято | 🗑️ 0 мусор
2026-06-04 14:54:50,166 | INFO     |   → 832/1119: ✅ 0 взято | 🗑️ 0 мусор
2026-06-04 14:54:50,166 | INFO     |   → 833/1119: ✅ 15 взято | 🗑️ 46 мусор
2026-06-04 14:54:50,166 | INFO     |   → 834/1119: ✅ 0 взято | 🗑️ 206 мусор
2026-06-04 14:54:50,166 | INFO     |   → 835/1119: ✅ 0 взято | 🗑️ 0 мусор
2026-06-04 14:54:50,166 | INFO     |   → 836/1119: ✅ 28 взято | 🗑️ 93 мусор
2026-06-04 14:54:50,166 | INFO     |   → 837/1119: ✅ 0 взято | 🗑️ 0 мусор
2026-06-04 14:54:50,166 | INFO     |   → 838/1119: ✅ 15 взято | 🗑️ 70 мусор
2026-06-04 14:54:50,166 | INFO     |   → 839/1119: ✅ 127 взято | 🗑️ 492 мусор
2026-06-04 14:54:50,166 | INFO     |   → 840/1119: ✅ 331 взято | 🗑️ 190 мусор
2026-06-04 14:54:50,166 | INFO     |   → 841/1119: ✅ 27 взято | 🗑️ 443 мусор
2026-06-04 14:54:50,166 | INFO     |   → 842/1119 ❌ HTTP 404 — https://raw.githubusercontent.com/obscure1990/freeVM/master/snippets/nodes.yml
2026-06-04 14:54:50,167 | INFO     |   → 843/1119 ❌ HTTP 404 — https://raw.githubusercontent.com/op30mmd/things/909b38024ba14d69dc0f95c238f63bc6e930a00f/eut.txt
2026-06-04 14:54:50,167 | INFO     |   → 844/1119 ❌ HTTP 404 — https://raw.githubusercontent.com/openRunner/clash-freenode/main/v2ray.txt
2026-06-04 14:54:50,167 | INFO     |   → 845/1119 ❌ HTTP 404 — https://raw.githubusercontent.com/oslook/clash-freenode/main/clash.yaml
2026-06-04 14:54:50,167 | INFO     |   → 846/1119: ✅ 0 взято | 🗑️ 0 мусор
2026-06-04 14:54:50,167 | INFO     |   → 847/1119: ✅ 4 взято | 🗑️ 1 мусор
2026-06-04 14:54:50,167 | INFO     |   → 848/1119: ✅ 0 взято | 🗑️ 0 мусор
2026-06-04 14:54:50,167 | INFO     |   → 849/1119: ✅ 0 взято | 🗑️ 3 мусор
2026-06-04 14:54:50,167 | INFO     |   → 850/1119: ✅ 0 взято | 🗑️ 0 мусор
2026-06-04 14:54:50,167 | INFO     |   → 851/1119: ✅ 0 взято | 🗑️ 0 мусор
2026-06-04 14:54:50,167 | INFO     |   → 852/1119: ✅ 0 взято | 🗑️ 19 мусор
2026-06-04 14:54:50,167 | INFO     |   → 853/1119: ✅ 0 взято | 🗑️ 44 мусор
2026-06-04 14:54:50,167 | INFO     |   → 854/1119: ✅ 63 взято | 🗑️ 521 мусор
2026-06-04 14:54:50,167 | INFO     |   → 855/1119: ✅ 165 взято | 🗑️ 273 мусор
2026-06-04 14:54:50,167 | INFO     |   → 856/1119: ✅ 0 взято | 🗑️ 0 мусор
2026-06-04 14:54:50,167 | INFO     |   → 857/1119: ✅ 28 взято | 🗑️ 211 мусор
2026-06-04 14:54:50,167 | INFO     |   → 858/1119: ✅ 0 взято | 🗑️ 79 мусор
2026-06-04 14:54:50,167 | INFO     |   → 859/1119: ✅ 13 взято | 🗑️ 32 мусор
2026-06-04 14:54:50,167 | INFO     |   → 860/1119: ✅ 0 взято | 🗑️ 0 мусор
2026-06-04 14:54:50,167 | INFO     |   → 861/1119: ✅ 2 взято | 🗑️ 9 мусор
2026-06-04 14:54:50,167 | INFO     |   → 862/1119: ✅ 11 взято | 🗑️ 76 мусор
2026-06-04 14:54:50,168 | INFO     |   → 863/1119: ✅ 0 взято | 🗑️ 168 мусор
2026-06-04 14:54:50,168 | INFO     |   → 864/1119: ✅ 0 взято | 🗑️ 79 мусор
2026-06-04 14:54:50,168 | INFO     |   → 865/1119: ✅ 0 взято | 🗑️ 15 мусор
2026-06-04 14:54:50,168 | INFO     |   → 866/1119 ❌ HTTP 404 — https://raw.githubusercontent.com/ronghuaxueleng/get_v2/main/pub/changfengoss.yaml
2026-06-04 14:54:50,168 | INFO     |   → 867/1119: ✅ 0 взято | 🗑️ 0 мусор
2026-06-04 14:54:50,168 | INFO     |   → 868/1119: ✅ 68 взято | 🗑️ 82 мусор
2026-06-04 14:54:50,168 | INFO     |   → 869/1119: ✅ 0 взято | 🗑️ 82 мусор
2026-06-04 14:54:50,168 | INFO     |   → 870/1119 ❌ HTTP 404 — https://raw.githubusercontent.com/rxsweet/CM_Vmess/refs/heads/main/test.txt
2026-06-04 14:54:50,168 | INFO     |   → 871/1119 ❌ HTTP 404 — https://raw.githubusercontent.com/rxsweet/proxies/main/sub/free.yaml
2026-06-04 14:54:50,168 | INFO     |   → 872/1119 ❌ HTTP 404 — https://raw.githubusercontent.com/rxsweet/proxies/main/sub/rx.yaml
2026-06-04 14:54:50,168 | INFO     |   → 873/1119 ❌ HTTP 404 — https://raw.githubusercontent.com/rxsweet/proxies/main/sub/sources/dynamicAll.yaml
2026-06-04 14:54:50,168 | INFO     |   → 874/1119 ❌ HTTP 404 — https://raw.githubusercontent.com/rxsweet/proxies/main/sub/sources/miningAll.yaml
2026-06-04 14:54:50,168 | INFO     |   → 875/1119 ❌ HTTP 404 — https://raw.githubusercontent.com/rxsweet/proxies/main/sub/srx.yaml
2026-06-04 14:54:50,168 | INFO     |   → 876/1119 ❌ HTTP 404 — https://raw.githubusercontent.com/sajad-sajadi/V2ray-Collector/raw/main/output/protocols/vmess.txt
2026-06-04 14:54:50,168 | INFO     |   → 877/1119 ❌ HTTP 404 — https://raw.githubusercontent.com/sakha1370/OpenRay/raw/refs/heads/main/output/all_valid_proxies.txt
2026-06-04 14:54:50,168 | INFO     |   → 878/1119: ✅ 53 взято | 🗑️ 399 мусор
2026-06-04 14:54:50,168 | INFO     |   → 879/1119: ✅ 0 взято | 🗑️ 399 мусор
2026-06-04 14:54:50,168 | INFO     |   → 880/1119 ❌ HTTP 404 — https://raw.githubusercontent.com/samjoeyang/subscribe/main/fly
2026-06-04 14:54:50,168 | INFO     |   → 881/1119: ✅ 0 взято | 🗑️ 0 мусор
2026-06-04 14:54:50,169 | INFO     |   → 882/1119 ❌ HTTP 404 — https://raw.githubusercontent.com/sarina-ad/v2ray/main/v2ray
2026-06-04 14:54:50,169 | INFO     |   → 883/1119 ❌ HTTP 404 — https://raw.githubusercontent.com/satrom/V2SSR/master/SSR/Sub.txt
2026-06-04 14:54:50,169 | INFO     |   → 884/1119 ❌ HTTP 404 — https://raw.githubusercontent.com/satrom/V2SSR/master/V2RAY/Sub.txt
2026-06-04 14:54:50,169 | INFO     |   → 885/1119: ✅ 5553 взято | 🗑️ 107517 мусор
2026-06-04 14:54:50,169 | INFO     |   → 886/1119: ✅ 0 взято | 🗑️ 0 мусор
2026-06-04 14:54:50,169 | INFO     |   → 887/1119: ✅ 0 взято | 🗑️ 0 мусор
2026-06-04 14:54:50,169 | INFO     |   → 888/1119: ✅ 3 взято | 🗑️ 49 мусор
2026-06-04 14:54:50,169 | INFO     |   → 889/1119: ✅ 254 взято | 🗑️ 1548 мусор
2026-06-04 14:54:50,169 | INFO     |   → 890/1119: ✅ 0 взято | 🗑️ 783 мусор
2026-06-04 14:54:50,169 | INFO     |   → 891/1119: ✅ 0 взято | 🗑️ 81 мусор
2026-06-04 14:54:50,169 | INFO     |   → 892/1119: ✅ 0 взято | 🗑️ 659 мусор
2026-06-04 14:54:50,169 | INFO     |   → 893/1119: ✅ 0 взято | 🗑️ 25 мусор
2026-06-04 14:54:50,169 | INFO     |   → 894/1119: ✅ 0 взято | 🗑️ 1548 мусор
2026-06-04 14:54:50,169 | INFO     |   → 895/1119: ✅ 0 взято | 🗑️ 0 мусор
2026-06-04 14:54:50,169 | INFO     |   → 896/1119 ❌ HTTP 404 — https://raw.githubusercontent.com/shirkerboy/scp/main/sub
2026-06-04 14:54:50,169 | INFO     |   → 897/1119 ❌ HTTP 404 — https://raw.githubusercontent.com/snakem982/proxypool/main/nodelist.txt
2026-06-04 14:54:50,169 | INFO     |   → 898/1119: ✅ 0 взято | 🗑️ 1 мусор
2026-06-04 14:54:50,169 | INFO     |   → 899/1119 ❌ HTTP 404 — https://raw.githubusercontent.com/snakem982/proxypool/main/source/v2ray.txt
2026-06-04 14:54:50,169 | INFO     |   → 900/1119 ❌ HTTP 404 — https://raw.githubusercontent.com/soroushmirzaei/telegram-configs-collector/main/channels/protocols/hysteria
2026-06-04 14:54:50,170 | INFO     |   → 901/1119 ❌ HTTP 404 — https://raw.githubusercontent.com/soroushmirzaei/telegram-configs-collector/main/channels/protocols/juicity
2026-06-04 14:54:50,170 | INFO     |   → 902/1119 ❌ HTTP 404 — https://raw.githubusercontent.com/soroushmirzaei/telegram-configs-collector/main/channels/protocols/reality
2026-06-04 14:54:50,170 | INFO     |   → 903/1119 ❌ HTTP 404 — https://raw.githubusercontent.com/soroushmirzaei/telegram-configs-collector/main/channels/protocols/shadowsocks
2026-06-04 14:54:50,170 | INFO     |   → 904/1119 ❌ HTTP 404 — https://raw.githubusercontent.com/soroushmirzaei/telegram-configs-collector/main/channels/protocols/trojan
2026-06-04 14:54:50,170 | INFO     |   → 905/1119 ❌ HTTP 404 — https://raw.githubusercontent.com/soroushmirzaei/telegram-configs-collector/main/channels/protocols/tuic
2026-06-04 14:54:50,170 | INFO     |   → 906/1119 ❌ HTTP 404 — https://raw.githubusercontent.com/soroushmirzaei/telegram-configs-collector/main/channels/protocols/vless
2026-06-04 14:54:50,170 | INFO     |   → 907/1119 ❌ HTTP 404 — https://raw.githubusercontent.com/soroushmirzaei/telegram-configs-collector/main/channels/protocols/vmess
2026-06-04 14:54:50,170 | INFO     |   → 908/1119 ❌ HTTP 404 — https://raw.githubusercontent.com/soroushmirzaei/telegram-configs-collector/main/countries/jp/mixed
2026-06-04 14:54:50,170 | INFO     |   → 909/1119 ❌ HTTP 404 — https://raw.githubusercontent.com/soroushmirzaei/telegram-configs-collector/main/protocols/hysteria
2026-06-04 14:54:50,170 | INFO     |   → 910/1119 ❌ HTTP 404 — https://raw.githubusercontent.com/soroushmirzaei/telegram-configs-collector/main/protocols/juicity
2026-06-04 14:54:50,170 | INFO     |   → 911/1119 ❌ HTTP 404 — https://raw.githubusercontent.com/soroushmirzaei/telegram-configs-collector/main/protocols/reality
2026-06-04 14:54:50,170 | INFO     |   → 912/1119 ❌ HTTP 404 — https://raw.githubusercontent.com/soroushmirzaei/telegram-configs-collector/main/protocols/shadowsocks
2026-06-04 14:54:50,170 | INFO     |   → 913/1119 ❌ HTTP 404 — https://raw.githubusercontent.com/soroushmirzaei/telegram-configs-collector/main/protocols/trojan
2026-06-04 14:54:50,170 | INFO     |   → 914/1119 ❌ HTTP 404 — https://raw.githubusercontent.com/soroushmirzaei/telegram-configs-collector/main/protocols/tuic
2026-06-04 14:54:50,170 | INFO     |   → 915/1119 ❌ HTTP 404 — https://raw.githubusercontent.com/soroushmirzaei/telegram-configs-collector/main/protocols/vless
2026-06-04 14:54:50,170 | INFO     |   → 916/1119 ❌ HTTP 404 — https://raw.githubusercontent.com/soroushmirzaei/telegram-configs-collector/main/protocols/vmess
2026-06-04 14:54:50,170 | INFO     |   → 917/1119 ❌ HTTP 404 — https://raw.githubusercontent.com/soroushmirzaei/telegram-configs-collector/main/splitted/subscribe
2026-06-04 14:54:50,170 | INFO     |   → 918/1119 ❌ HTTP 404 — https://raw.githubusercontent.com/ssrsub/ssr/master/Clash.yml
2026-06-04 14:54:50,170 | INFO     |   → 919/1119 ❌ HTTP 404 — https://raw.githubusercontent.com/ssrsub/ssr/master/V2Ray
2026-06-04 14:54:50,171 | INFO     |   → 920/1119 ❌ HTTP 404 — https://raw.githubusercontent.com/ssrsub/ssr/master/ss-sub
2026-06-04 14:54:50,171 | INFO     |   → 921/1119 ❌ HTTP 404 — https://raw.githubusercontent.com/ssrsub/ssr/master/ssrsub
2026-06-04 14:54:50,171 | INFO     |   → 922/1119 ❌ HTTP 404 — https://raw.githubusercontent.com/ssrsub/ssr/master/trojan
2026-06-04 14:54:50,171 | INFO     |   → 923/1119: ✅ 0 взято | 🗑️ 0 мусор
2026-06-04 14:54:50,171 | INFO     |   → 924/1119: ✅ 2 взято | 🗑️ 12 мусор
2026-06-04 14:54:50,171 | INFO     |   → 925/1119: ✅ 0 взято | 🗑️ 13 мусор
2026-06-04 14:54:50,171 | INFO     |   → 926/1119: ✅ 0 взято | 🗑️ 13 мусор
2026-06-04 14:54:50,171 | INFO     |   → 927/1119 ❌ HTTP 404 — https://raw.githubusercontent.com/tbbatbb/Proxy/master/dist/clash.config.yaml
2026-06-04 14:54:50,171 | INFO     |   → 928/1119: ✅ 2 взято | 🗑️ 35 мусор
2026-06-04 14:54:50,171 | INFO     |   → 929/1119: ✅ 0 взято | 🗑️ 0 мусор
2026-06-04 14:54:50,171 | INFO     |   → 930/1119: ✅ 5 взято | 🗑️ 111 мусор
2026-06-04 14:54:50,171 | INFO     |   → 931/1119: ✅ 0 взято | 🗑️ 0 мусор
2026-06-04 14:54:50,171 | INFO     |   → 932/1119: ✅ 0 взято | 🗑️ 63 мусор
2026-06-04 14:54:50,171 | INFO     |   → 933/1119 ❌ HTTP 404 — https://raw.githubusercontent.com/v2clash/Autoproxy/a81f840ab2364124133572ec94e4b81fb0d4e58d/sub/2401/240104.txt
2026-06-04 14:54:50,171 | INFO     |   → 934/1119 ❌ HTTP 404 — https://raw.githubusercontent.com/v2clash/V2ray-Configs/31f493c584d0c7b56350f4a34d80c53ad82bcc18/Sub9.txt
2026-06-04 14:54:50,171 | INFO     |   → 935/1119: ✅ 0 взято | 🗑️ 0 мусор
2026-06-04 14:54:50,171 | INFO     |   → 936/1119: ✅ 0 взято | 🗑️ 0 мусор
2026-06-04 14:54:50,171 | INFO     |   → 937/1119: ✅ 0 взято | 🗑️ 0 мусор
2026-06-04 14:54:50,171 | INFO     |   → 938/1119: ✅ 283 взято | 🗑️ 9640 мусор
2026-06-04 14:54:50,171 | INFO     |   → 939/1119: ✅ 281 взято | 🗑️ 10086 мусор
2026-06-04 14:54:50,172 | INFO     |   → 940/1119: ✅ 280 взято | 🗑️ 9675 мусор
2026-06-04 14:54:50,172 | INFO     |   → 941/1119: ✅ 334 взято | 🗑️ 9823 мусор
2026-06-04 14:54:50,172 | INFO     |   → 942/1119: ✅ 350 взято | 🗑️ 9639 мусор
2026-06-04 14:54:50,172 | INFO     |   → 943/1119: ✅ 125 взято | 🗑️ 7919 мусор
2026-06-04 14:54:50,172 | INFO     |   → 944/1119: ✅ 135 взято | 🗑️ 4836 мусор
2026-06-04 14:54:50,172 | INFO     |   → 945/1119: ✅ 502 взято | 🗑️ 7659 мусор
2026-06-04 14:54:50,172 | INFO     |   → 946/1119: ✅ 631 взято | 🗑️ 8081 мусор
2026-06-04 14:54:50,172 | INFO     |   → 947/1119: ✅ 202 взято | 🗑️ 5131 мусор
2026-06-04 14:54:50,172 | INFO     |   → 948/1119 ❌ HTTP 404 — https://raw.githubusercontent.com/vveg26/chromego_merge/main/sub/merged_proxies.yaml
2026-06-04 14:54:50,172 | INFO     |   → 949/1119 ❌ HTTP 404 — https://raw.githubusercontent.com/vveg26/get_proxy/main/dist/clash.config.yaml
2026-06-04 14:54:50,172 | INFO     |   → 950/1119: ✅ 0 взято | 🗑️ 10 мусор
2026-06-04 14:54:50,172 | INFO     |   → 951/1119: ✅ 0 взято | 🗑️ 10 мусор
2026-06-04 14:54:50,172 | INFO     |   → 952/1119: ✅ 0 взято | 🗑️ 4 мусор
2026-06-04 14:54:50,172 | INFO     |   → 953/1119: ✅ 0 взято | 🗑️ 0 мусор
2026-06-04 14:54:50,172 | INFO     |   → 954/1119: ✅ 0 взято | 🗑️ 4 мусор
2026-06-04 14:54:50,172 | INFO     |   → 955/1119: ✅ 106 взято | 🗑️ 689 мусор
2026-06-04 14:54:50,172 | INFO     |   → 956/1119: ✅ 48 взято | 🗑️ 841 мусор
2026-06-04 14:54:50,172 | INFO     |   → 957/1119: ✅ 21 взято | 🗑️ 789 мусор
2026-06-04 14:54:50,172 | INFO     |   → 958/1119: ✅ 24 взято | 🗑️ 774 мусор
2026-06-04 14:54:50,173 | INFO     |   → 959/1119: ✅ 52 взято | 🗑️ 756 мусор
2026-06-04 14:54:50,173 | INFO     |   → 960/1119: ✅ 191 взято | 🗑️ 745 мусор
2026-06-04 14:54:50,173 | INFO     |   → 961/1119: ✅ 9 взято | 🗑️ 651 мусор
2026-06-04 14:54:50,173 | INFO     |   → 962/1119: ✅ 185 взято | 🗑️ 388 мусор
2026-06-04 14:54:50,173 | INFO     |   → 963/1119: ✅ 130 взято | 🗑️ 523 мусор
2026-06-04 14:54:50,173 | INFO     |   → 964/1119: ✅ 67 взято | 🗑️ 533 мусор
2026-06-04 14:54:50,173 | INFO     |   → 965/1119: ✅ 98 взято | 🗑️ 444 мусор
2026-06-04 14:54:50,173 | INFO     |   → 966/1119: ✅ 102 взято | 🗑️ 670 мусор
2026-06-04 14:54:50,173 | INFO     |   → 967/1119: ✅ 86 взято | 🗑️ 476 мусор
2026-06-04 14:54:50,173 | INFO     |   → 968/1119: ✅ 95 взято | 🗑️ 657 мусор
2026-06-04 14:54:50,173 | INFO     |   → 969/1119: ✅ 105 взято | 🗑️ 645 мусор
2026-06-04 14:54:50,173 | INFO     |   → 970/1119: ✅ 115 взято | 🗑️ 985 мусор
2026-06-04 14:54:50,173 | INFO     |   → 971/1119: ✅ 6 взято | 🗑️ 63 мусор
2026-06-04 14:54:50,173 | INFO     |   → 972/1119: ✅ 7 взято | 🗑️ 62 мусор
2026-06-04 14:54:50,173 | INFO     |   → 973/1119: ✅ 39 взято | 🗑️ 489 мусор
2026-06-04 14:54:50,173 | INFO     |   → 974/1119: ✅ 0 взято | 🗑️ 0 мусор
2026-06-04 14:54:50,173 | INFO     |   → 975/1119: ✅ 0 взято | 🗑️ 0 мусор
2026-06-04 14:54:50,173 | INFO     |   → 976/1119: ✅ 0 взято | 🗑️ 0 мусор
2026-06-04 14:54:50,173 | INFO     |   → 977/1119: ✅ 0 взято | 🗑️ 0 мусор
2026-06-04 14:54:50,174 | INFO     |   → 978/1119: ✅ 0 взято | 🗑️ 0 мусор
2026-06-04 14:54:50,174 | INFO     |   → 979/1119: ✅ 0 взято | 🗑️ 52 мусор
2026-06-04 14:54:50,174 | INFO     |   → 980/1119: ✅ 5 взято | 🗑️ 10 мусор
2026-06-04 14:54:50,174 | INFO     |   → 981/1119: ✅ 1 взято | 🗑️ 124 мусор
2026-06-04 14:54:50,174 | INFO     |   → 982/1119: ✅ 158 взято | 🗑️ 167 мусор
2026-06-04 14:54:50,174 | INFO     |   → 983/1119: ✅ 0 взято | 🗑️ 9 мусор
2026-06-04 14:54:50,174 | INFO     |   → 984/1119: ✅ 12 взято | 🗑️ 589 мусор
2026-06-04 14:54:50,174 | INFO     |   → 985/1119 ❌ HTTP 404 — https://raw.githubusercontent.com/xiaozhu2007/xiaozhu2007/61a755a044dbaeea678bc2d1e20f21a21c6d7170/docs/fxxk.txt
2026-06-04 14:54:50,174 | INFO     |   → 986/1119: ✅ 1 взято | 🗑️ 159 мусор
2026-06-04 14:54:50,174 | INFO     |   → 987/1119: ✅ 0 взято | 🗑️ 22 мусор
2026-06-04 14:54:50,174 | INFO     |   → 988/1119: ✅ 0 взято | 🗑️ 0 мусор
2026-06-04 14:54:50,174 | INFO     |   → 989/1119 ❌ HTTP 404 — https://raw.githubusercontent.com/yebekhe/TVC/0f745f92bf381e505f1245abbc7c145b19b11503/config.txt
2026-06-04 14:54:50,174 | INFO     |   → 990/1119 ❌ HTTP 404 — https://raw.githubusercontent.com/yebekhe/TVC/9fac69239c69327fb7a61f5a8d79d107133889e1/lite/config.txt
2026-06-04 14:54:50,174 | INFO     |   → 991/1119 ❌ HTTP 404 — https://raw.githubusercontent.com/yebekhe/TelegramV2rayCollector/main/sub/normal/donated
2026-06-04 14:54:50,174 | INFO     |   → 992/1119 ❌ HTTP 404 — https://raw.githubusercontent.com/yebekhe/TelegramV2rayCollector/main/sub/normal/hysteria2
2026-06-04 14:54:50,174 | INFO     |   → 993/1119 ❌ HTTP 404 — https://raw.githubusercontent.com/yebekhe/TelegramV2rayCollector/main/sub/normal/mix
2026-06-04 14:54:50,174 | INFO     |   → 994/1119 ❌ HTTP 404 — https://raw.githubusercontent.com/yebekhe/TelegramV2rayCollector/main/sub/normal/reality
2026-06-04 14:54:50,174 | INFO     |   → 995/1119 ❌ HTTP 404 — https://raw.githubusercontent.com/yebekhe/TelegramV2rayCollector/main/sub/normal/shadowsocks
2026-06-04 14:54:50,174 | INFO     |   → 996/1119 ❌ HTTP 404 — https://raw.githubusercontent.com/yebekhe/TelegramV2rayCollector/main/sub/normal/trojan
2026-06-04 14:54:50,175 | INFO     |   → 997/1119 ❌ HTTP 404 — https://raw.githubusercontent.com/yebekhe/TelegramV2rayCollector/main/sub/normal/tuic
2026-06-04 14:54:50,175 | INFO     |   → 998/1119 ❌ HTTP 404 — https://raw.githubusercontent.com/yebekhe/TelegramV2rayCollector/main/sub/normal/vless
2026-06-04 14:54:50,175 | INFO     |   → 999/1119 ❌ HTTP 404 — https://raw.githubusercontent.com/yebekhe/TelegramV2rayCollector/main/sub/normal/vmess
2026-06-04 14:54:50,175 | INFO     |   → 1000/1119 ❌ HTTP 404 — https://raw.githubusercontent.com/yebekhe/V2Hub/main/Split/Normal/shadowsocks
2026-06-04 14:54:50,175 | INFO     |   → 1001/1119 ❌ HTTP 404 — https://raw.githubusercontent.com/yebekhe/V2Hub/main/merged
2026-06-04 14:54:50,175 | INFO     |   → 1002/1119: ✅ 0 взято | 🗑️ 30 мусор
2026-06-04 14:54:50,175 | INFO     |   → 1003/1119: ✅ 1005 взято | 🗑️ 8582 мусор
2026-06-04 14:54:50,175 | INFO     |   → 1004/1119: ✅ 7 взято | 🗑️ 385 мусор
2026-06-04 14:54:50,175 | INFO     |   → 1005/1119: ✅ 12 взято | 🗑️ 317 мусор
2026-06-04 14:54:50,175 | INFO     |   → 1006/1119: ✅ 219 взято | 🗑️ 322 мусор
2026-06-04 14:54:50,175 | INFO     |   → 1007/1119: ✅ 110 взято | 🗑️ 1462 мусор
2026-06-04 14:54:50,175 | INFO     |   → 1008/1119: ✅ 1 взято | 🗑️ 391 мусор
2026-06-04 14:54:50,175 | INFO     |   → 1009/1119 ❌ HTTP 404 — https://raw.githubusercontent.com/yyyr-otz/tele-providers-collector/019cb3e07ee52fddbc7caa54fc670c6b9bae6539/sub/proxies.txt
2026-06-04 14:54:50,175 | INFO     |   → 1010/1119 ❌ HTTP 404 — https://raw.githubusercontent.com/yyyr-otz/tele-providers-collector/b7a74ee98bcf02c5a507d688a1bed3aa9f7f4ed1/script/raw/protocols/mixed.txt
2026-06-04 14:54:50,175 | INFO     |   → 1011/1119: ✅ 0 взято | 🗑️ 0 мусор
2026-06-04 14:54:50,175 | INFO     |   → 1012/1119: ✅ 0 взято | 🗑️ 0 мусор
2026-06-04 14:54:50,175 | INFO     |   → 1013/1119: ✅ 1 взято | 🗑️ 18 мусор
2026-06-04 14:54:50,175 | INFO     |   → 1014/1119: ✅ 0 взято | 🗑️ 16 мусор
2026-06-04 14:54:50,175 | INFO     |   → 1015/1119: ✅ 0 взято | 🗑️ 5 мусор
2026-06-04 14:54:50,176 | INFO     |   → 1016/1119: ✅ 0 взято | 🗑️ 0 мусор
2026-06-04 14:54:50,176 | INFO     |   → 1017/1119 ⚠️ Ошибка: ('Connection aborted.', RemoteDisconnected('Remote end closed connection without response')) — https://sub.pmsub.me/clash.yaml
2026-06-04 14:54:50,176 | INFO     |   → 1018/1119: ✅ 0 взято | 🗑️ 1 мусор
2026-06-04 14:54:50,176 | INFO     |   → 1019/1119: ✅ 8 взято | 🗑️ 21 мусор
2026-06-04 14:54:50,176 | INFO     |   → 1020/1119: ✅ 0 взято | 🗑️ 0 мусор
2026-06-04 14:54:50,176 | INFO     |   → 1021/1119: ✅ 9 взято | 🗑️ 19 мусор
2026-06-04 14:54:50,176 | INFO     |   → 1022/1119: ✅ 0 взято | 🗑️ 0 мусор
2026-06-04 14:54:50,176 | INFO     |   → 1023/1119: ✅ 2 взято | 🗑️ 14 мусор
2026-06-04 14:54:50,176 | INFO     |   → 1024/1119: ✅ 4 взято | 🗑️ 22 мусор
2026-06-04 14:54:50,176 | INFO     |   → 1025/1119: ✅ 0 взято | 🗑️ 0 мусор
2026-06-04 14:54:50,176 | INFO     |   → 1026/1119: ✅ 0 взято | 🗑️ 0 мусор
2026-06-04 14:54:50,176 | INFO     |   → 1027/1119: ✅ 0 взято | 🗑️ 0 мусор
2026-06-04 14:54:50,176 | INFO     |   → 1028/1119: ✅ 2 взято | 🗑️ 16 мусор
2026-06-04 14:54:50,176 | INFO     |   → 1029/1119: ✅ 0 взято | 🗑️ 0 мусор
2026-06-04 14:54:50,176 | INFO     |   → 1030/1119: ✅ 4 взято | 🗑️ 7 мусор
2026-06-04 14:54:50,176 | INFO     |   → 1031/1119: ✅ 0 взято | 🗑️ 0 мусор
2026-06-04 14:54:50,176 | INFO     |   → 1032/1119: ✅ 6 взято | 🗑️ 14 мусор
2026-06-04 14:54:50,176 | INFO     |   → 1033/1119: ✅ 0 взято | 🗑️ 0 мусор
2026-06-04 14:54:50,176 | INFO     |   → 1034/1119: ✅ 2 взято | 🗑️ 13 мусор
2026-06-04 14:54:50,177 | INFO     |   → 1035/1119: ✅ 0 взято | 🗑️ 0 мусор
2026-06-04 14:54:50,177 | INFO     |   → 1036/1119: ✅ 0 взято | 🗑️ 0 мусор
2026-06-04 14:54:50,177 | INFO     |   → 1037/1119: ✅ 2 взято | 🗑️ 7 мусор
2026-06-04 14:54:50,177 | INFO     |   → 1038/1119: ✅ 1 взято | 🗑️ 14 мусор
2026-06-04 14:54:50,177 | INFO     |   → 1039/1119: ✅ 2 взято | 🗑️ 14 мусор
2026-06-04 14:54:50,177 | INFO     |   → 1040/1119: ✅ 0 взято | 🗑️ 0 мусор
2026-06-04 14:54:50,177 | INFO     |   → 1041/1119: ✅ 3 взято | 🗑️ 22 мусор
2026-06-04 14:54:50,177 | INFO     |   → 1042/1119: ✅ 0 взято | 🗑️ 0 мусор
2026-06-04 14:54:50,177 | INFO     |   → 1043/1119: ✅ 2 взято | 🗑️ 15 мусор
2026-06-04 14:54:50,177 | INFO     |   → 1044/1119: ✅ 3 взято | 🗑️ 12 мусор
2026-06-04 14:54:50,177 | INFO     |   → 1045/1119: ✅ 0 взято | 🗑️ 0 мусор
2026-06-04 14:54:50,177 | INFO     |   → 1046/1119: ✅ 0 взято | 🗑️ 0 мусор
2026-06-04 14:54:50,177 | INFO     |   → 1047/1119: ✅ 0 взято | 🗑️ 0 мусор
2026-06-04 14:54:50,177 | INFO     |   → 1048/1119: ✅ 4 взято | 🗑️ 11 мусор
2026-06-04 14:54:50,177 | INFO     |   → 1049/1119: ✅ 10 взято | 🗑️ 15 мусор
2026-06-04 14:54:50,177 | INFO     |   → 1050/1119: ✅ 0 взято | 🗑️ 0 мусор
2026-06-04 14:54:50,177 | INFO     |   → 1051/1119: ✅ 13 взято | 🗑️ 15 мусор
2026-06-04 14:54:50,177 | INFO     |   → 1052/1119: ✅ 0 взято | 🗑️ 0 мусор
2026-06-04 14:54:50,177 | INFO     |   → 1053/1119: ✅ 5 взято | 🗑️ 15 мусор
2026-06-04 14:54:50,177 | INFO     |   → 1054/1119: ✅ 0 взято | 🗑️ 0 мусор
2026-06-04 14:54:50,178 | INFO     |   → 1055/1119: ✅ 8 взято | 🗑️ 16 мусор
2026-06-04 14:54:50,178 | INFO     |   → 1056/1119: ✅ 0 взято | 🗑️ 0 мусор
2026-06-04 14:54:50,178 | INFO     |   → 1057/1119: ✅ 0 взято | 🗑️ 24 мусор
2026-06-04 14:54:50,178 | INFO     |   → 1058/1119: ✅ 0 взято | 🗑️ 0 мусор
2026-06-04 14:54:50,178 | INFO     |   → 1059/1119: ✅ 4 взято | 🗑️ 17 мусор
2026-06-04 14:54:50,178 | INFO     |   → 1060/1119: ✅ 0 взято | 🗑️ 0 мусор
2026-06-04 14:54:50,178 | INFO     |   → 1061/1119: ✅ 12 взято | 🗑️ 18 мусор
2026-06-04 14:54:50,178 | INFO     |   → 1062/1119: ✅ 0 взято | 🗑️ 0 мусор
2026-06-04 14:54:50,178 | INFO     |   → 1063/1119: ✅ 2 взято | 🗑️ 17 мусор
2026-06-04 14:54:50,178 | INFO     |   → 1064/1119: ✅ 0 взято | 🗑️ 0 мусор
2026-06-04 14:54:50,178 | INFO     |   → 1065/1119: ✅ 1 взято | 🗑️ 27 мусор
2026-06-04 14:54:50,178 | INFO     |   → 1066/1119: ✅ 0 взято | 🗑️ 0 мусор
2026-06-04 14:54:50,178 | INFO     |   → 1067/1119: ✅ 4 взято | 🗑️ 15 мусор
2026-06-04 14:54:50,178 | INFO     |   → 1068/1119: ✅ 0 взято | 🗑️ 0 мусор
2026-06-04 14:54:50,178 | INFO     |   → 1069/1119: ✅ 4 взято | 🗑️ 26 мусор
2026-06-04 14:54:50,178 | INFO     |   → 1070/1119: ✅ 0 взято | 🗑️ 0 мусор
2026-06-04 14:54:50,178 | INFO     |   → 1071/1119: ✅ 3 взято | 🗑️ 21 мусор
2026-06-04 14:54:50,178 | INFO     |   → 1072/1119: ✅ 0 взято | 🗑️ 0 мусор
2026-06-04 14:54:50,178 | INFO     |   → 1073/1119: ✅ 8 взято | 🗑️ 12 мусор
2026-06-04 14:54:50,179 | INFO     |   → 1074/1119: ✅ 0 взято | 🗑️ 0 мусор
2026-06-04 14:54:50,179 | INFO     |   → 1075/1119: ✅ 8 взято | 🗑️ 15 мусор
2026-06-04 14:54:50,179 | INFO     |   → 1076/1119: ✅ 0 взято | 🗑️ 0 мусор
2026-06-04 14:54:50,179 | INFO     |   → 1077/1119: ✅ 10 взято | 🗑️ 14 мусор
2026-06-04 14:54:50,179 | INFO     |   → 1078/1119: ✅ 0 взято | 🗑️ 0 мусор
2026-06-04 14:54:50,179 | INFO     |   → 1079/1119: ✅ 5 взято | 🗑️ 18 мусор
2026-06-04 14:54:50,179 | INFO     |   → 1080/1119: ✅ 0 взято | 🗑️ 0 мусор
2026-06-04 14:54:50,179 | INFO     |   → 1081/1119: ✅ 5 взято | 🗑️ 22 мусор
2026-06-04 14:54:50,179 | INFO     |   → 1082/1119: ✅ 0 взято | 🗑️ 0 мусор
2026-06-04 14:54:50,179 | INFO     |   → 1083/1119: ✅ 5 взято | 🗑️ 18 мусор
2026-06-04 14:54:50,179 | INFO     |   → 1084/1119: ✅ 0 взято | 🗑️ 0 мусор
2026-06-04 14:54:50,179 | INFO     |   → 1085/1119: ✅ 1 взято | 🗑️ 23 мусор
2026-06-04 14:54:50,179 | INFO     |   → 1086/1119: ✅ 0 взято | 🗑️ 0 мусор
2026-06-04 14:54:50,179 | INFO     |   → 1087/1119: ✅ 6 взято | 🗑️ 18 мусор
2026-06-04 14:54:50,179 | INFO     |   → 1088/1119: ✅ 0 взято | 🗑️ 0 мусор
2026-06-04 14:54:50,179 | INFO     |   → 1089/1119: ✅ 17 взято | 🗑️ 7 мусор
2026-06-04 14:54:50,179 | INFO     |   → 1090/1119: ✅ 0 взято | 🗑️ 0 мусор
2026-06-04 14:54:50,179 | INFO     |   → 1091/1119: ✅ 4 взято | 🗑️ 17 мусор
2026-06-04 14:54:50,179 | INFO     |   → 1092/1119: ✅ 0 взято | 🗑️ 0 мусор
2026-06-04 14:54:50,180 | INFO     |   → 1093/1119: ✅ 7 взято | 🗑️ 14 мусор
2026-06-04 14:54:50,180 | INFO     |   → 1094/1119: ✅ 0 взято | 🗑️ 0 мусор
2026-06-04 14:54:50,180 | INFO     |   → 1095/1119: ✅ 7 взято | 🗑️ 14 мусор
2026-06-04 14:54:50,180 | INFO     |   → 1096/1119: ✅ 0 взято | 🗑️ 0 мусор
2026-06-04 14:54:50,180 | INFO     |   → 1097/1119: ✅ 9 взято | 🗑️ 11 мусор
2026-06-04 14:54:50,180 | INFO     |   → 1098/1119: ✅ 0 взято | 🗑️ 0 мусор
2026-06-04 14:54:50,180 | INFO     |   → 1099/1119: ✅ 0 взято | 🗑️ 22 мусор
2026-06-04 14:54:50,180 | INFO     |   → 1100/1119: ✅ 0 взято | 🗑️ 0 мусор
2026-06-04 14:54:50,180 | INFO     |   → 1101/1119: ✅ 3 взято | 🗑️ 12 мусор
2026-06-04 14:54:50,180 | INFO     |   → 1102/1119: ✅ 0 взято | 🗑️ 0 мусор
2026-06-04 14:54:50,180 | INFO     |   → 1103/1119: ✅ 0 взято | 🗑️ 7 мусор
2026-06-04 14:54:50,180 | INFO     |   → 1104/1119: ✅ 0 взято | 🗑️ 0 мусор
2026-06-04 14:54:50,180 | INFO     |   → 1105/1119: ✅ 2 взято | 🗑️ 8 мусор
2026-06-04 14:54:50,180 | INFO     |   → 1106/1119: ✅ 0 взято | 🗑️ 0 мусор
2026-06-04 14:54:50,180 | INFO     |   → 1107/1119: ✅ 5 взято | 🗑️ 12 мусор
2026-06-04 14:54:50,180 | INFO     |   → 1108/1119: ✅ 0 взято | 🗑️ 0 мусор
2026-06-04 14:54:50,180 | INFO     |   → 1109/1119: ✅ 2 взято | 🗑️ 12 мусор
2026-06-04 14:54:50,180 | INFO     |   → 1110/1119: ✅ 0 взято | 🗑️ 0 мусор
2026-06-04 14:54:50,180 | INFO     |   → 1111/1119: ✅ 8 взято | 🗑️ 12 мусор
2026-06-04 14:54:50,180 | INFO     |   → 1112/1119: ✅ 0 взято | 🗑️ 0 мусор
2026-06-04 14:54:50,181 | INFO     |   → 1113/1119: ✅ 0 взято | 🗑️ 10 мусор
2026-06-04 14:54:50,181 | INFO     |   → 1114/1119: ✅ 0 взято | 🗑️ 0 мусор
2026-06-04 14:54:50,181 | INFO     |   → 1115/1119: ✅ 6 взято | 🗑️ 14 мусор
2026-06-04 14:54:50,181 | INFO     |   → 1116/1119: ✅ 0 взято | 🗑️ 0 мусор
2026-06-04 14:54:50,181 | INFO     |   → 1117/1119: ✅ 0 взято | 🗑️ 19 мусор
2026-06-04 14:54:50,181 | INFO     |   → 1118/1119: ✅ 0 взято | 🗑️ 0 мусор
2026-06-04 14:54:50,181 | INFO     |   → 1119/1119: ✅ 0 взято | 🗑️ 7 мусор
2026-06-04 14:54:50,181 | INFO     |   → ✅ ГОТОВО!
2026-06-04 14:54:50,181 | INFO     |   →    📥 Всего ключей после фильтра: 31638
2026-06-04 14:54:50,181 | INFO     |   →    🔗 Уникальных IP:PORT:SCHEME: 11592
2026-06-04 14:54:50,181 | INFO     |   →    🗑️ Выброшено мусора: 535982
2026-06-04 14:54:50,181 | INFO     |   → 📊 По протоколам:
2026-06-04 14:54:50,181 | INFO     |   →    vless: 4630
2026-06-04 14:54:50,181 | INFO     |   →    vmess: 3459
2026-06-04 14:54:50,181 | INFO     |   →    trojan: 1473
2026-06-04 14:54:50,181 | INFO     |   →    ss: 1871
2026-06-04 14:54:50,181 | INFO     |   →    hysteria: 13
2026-06-04 14:54:50,181 | INFO     |   →    hysteria2: 28
2026-06-04 14:54:50,181 | INFO     |   →    hy2: 66
2026-06-04 14:54:50,182 | INFO     |   →    tuic: 52
2026-06-04 14:54:50,182 | INFO     | ✅ mirror.py завершён успешно
2026-06-04 14:54:50,182 | INFO     | 
2026-06-04 14:54:50,182 | INFO     | 
2026-06-04 14:54:50,182 | INFO     | ──────────────────────────────────────────────────────────────────────
2026-06-04 14:54:50,182 | INFO     | 📌 ЭТАП: Фильтрация по реальному SNI
2026-06-04 14:54:50,182 | INFO     | ──────────────────────────────────────────────────────────────────────
2026-06-04 14:54:50,182 | INFO     | 🚀 Запуск filter_ru_sni.py (Фильтр по реальному SNI (CDN+RU))...
2026-06-04 14:54:50,467 | INFO     |   → hy2.txt: 66 → 19 (SNI-filtered)
2026-06-04 14:54:50,467 | INFO     |   →   hysteria.txt: 13 → 0 (SNI-filtered)
2026-06-04 14:54:50,467 | INFO     |   →   hysteria2.txt: 28 → 3 (SNI-filtered)
2026-06-04 14:54:50,467 | INFO     |   →   ss.txt: 1871 → 0 (SNI-filtered)
2026-06-04 14:54:50,467 | INFO     |   →   trojan.txt: 1473 → 5 (SNI-filtered)
2026-06-04 14:54:50,467 | INFO     |   →   tuic.txt: 52 → 0 (SNI-filtered)
2026-06-04 14:54:50,467 | INFO     |   →   vless.txt: 4630 → 715 (SNI-filtered)
2026-06-04 14:54:50,467 | INFO     |   →   vmess.txt: 3459 → 37 (SNI-filtered)
2026-06-04 14:54:50,467 | INFO     |   → ==================================================
2026-06-04 14:54:50,467 | INFO     |   →   Всего входных:  11592
2026-06-04 14:54:50,467 | INFO     |   →   Прошли фильтр:  779
2026-06-04 14:54:50,467 | INFO     |   →   Отброшено:      10813
2026-06-04 14:54:50,467 | INFO     |   → ==================================================
2026-06-04 14:54:50,467 | INFO     |   → Готово → /home/runner/work/vpn-vless-configs-russia/vpn-vless-configs-russia/githubmirror/ru-sni
2026-06-04 14:54:50,467 | INFO     | ✅ filter_ru_sni.py завершён успешно
2026-06-04 14:54:50,468 | INFO     | 
2026-06-04 14:54:50,468 | INFO     | 
2026-06-04 14:54:50,468 | INFO     | ──────────────────────────────────────────────────────────────────────
2026-06-04 14:54:50,468 | INFO     | 📌 ЭТАП: Экспериментальный RU-SNI фильтр
2026-06-04 14:54:50,468 | INFO     | ──────────────────────────────────────────────────────────────────────
2026-06-04 14:54:50,468 | INFO     | 🚀 Запуск filter_ru_sni_local.py (Экспериментальный фильтр по RU-SNI (локальные домены))...
2026-06-04 14:54:50,656 | INFO     |   → hy2.txt: 66 → 0 (RU-SNI)
2026-06-04 14:54:50,656 | INFO     |   → hysteria.txt: 13 → 0 (RU-SNI)
2026-06-04 14:54:50,656 | INFO     |   → hysteria2.txt: 28 → 0 (RU-SNI)
2026-06-04 14:54:50,656 | INFO     |   → ss.txt: 1871 → 0 (RU-SNI)
2026-06-04 14:54:50,656 | INFO     |   → trojan.txt: 1473 → 0 (RU-SNI)
2026-06-04 14:54:50,656 | INFO     |   → tuic.txt: 52 → 0 (RU-SNI)
2026-06-04 14:54:50,656 | INFO     |   → vless.txt: 4630 → 200 (RU-SNI)
2026-06-04 14:54:50,657 | INFO     |   → vmess.txt: 3459 → 0 (RU-SNI)
2026-06-04 14:54:50,657 | INFO     |   → ==================================================
2026-06-04 14:54:50,657 | INFO     |   → Всего входных:  11592
2026-06-04 14:54:50,657 | INFO     |   → Прошли RU-SNI:  200
2026-06-04 14:54:50,657 | INFO     |   → Отброшено:      11392
2026-06-04 14:54:50,657 | INFO     |   → ==================================================
2026-06-04 14:54:50,657 | INFO     |   → Готово → /home/runner/work/vpn-vless-configs-russia/vpn-vless-configs-russia/githubmirror/ru-sni-local
2026-06-04 14:54:50,657 | INFO     | ✅ filter_ru_sni_local.py завершён успешно
2026-06-04 14:54:50,657 | INFO     | 
2026-06-04 14:54:50,657 | INFO     | 
2026-06-04 14:54:50,657 | INFO     | ──────────────────────────────────────────────────────────────────────
2026-06-04 14:54:50,657 | INFO     | 📌 ЭТАП: Сбор статистики
2026-06-04 14:54:50,657 | INFO     | ──────────────────────────────────────────────────────────────────────
2026-06-04 14:54:50,657 | INFO     | 📊 Сбор статистики...
2026-06-04 14:54:50,657 | INFO     |   📁 githubmirror/clean:
2026-06-04 14:54:50,658 | INFO     |     • hy2         :    66 конфигов
2026-06-04 14:54:50,658 | INFO     |     • hysteria    :    13 конфигов
2026-06-04 14:54:50,658 | INFO     |     • hysteria2   :    28 конфигов
2026-06-04 14:54:50,659 | INFO     |     • ss          :  1871 конфигов
2026-06-04 14:54:50,661 | INFO     |     • trojan      :  1473 конфигов
2026-06-04 14:54:50,661 | INFO     |     • tuic        :    52 конфигов
2026-06-04 14:54:50,666 | INFO     |     • vless       :  4630 конфигов
2026-06-04 14:54:50,668 | INFO     |     • vmess       :  3459 конфигов
2026-06-04 14:54:50,668 | INFO     |   📁 githubmirror/ru-sni:
2026-06-04 14:54:50,668 | INFO     |     • hy2         :    19 конфигов ( 28.8% от clean)
2026-06-04 14:54:50,669 | INFO     |     • hysteria    :     0 конфигов (  0.0% от clean)
2026-06-04 14:54:50,669 | INFO     |     • hysteria2   :     3 конфигов ( 10.7% от clean)
2026-06-04 14:54:50,669 | INFO     |     • ss          :     0 конфигов (  0.0% от clean)
2026-06-04 14:54:50,669 | INFO     |     • trojan      :     5 конфигов (  0.3% от clean)
2026-06-04 14:54:50,669 | INFO     |     • tuic        :     0 конфигов (  0.0% от clean)
2026-06-04 14:54:50,670 | INFO     |     • vless       :   715 конфигов ( 15.4% от clean)
2026-06-04 14:54:50,670 | INFO     |     • vmess       :    37 конфигов (  1.1% от clean)
2026-06-04 14:54:50,670 | INFO     | 
2026-06-04 14:54:50,670 | INFO     |   ──────────────────────────────────────────────────
2026-06-04 14:54:50,670 | INFO     |   📈 ИТОГО:
2026-06-04 14:54:50,670 | INFO     |     Clean (после geo-фильтра):    11592
2026-06-04 14:54:50,670 | INFO     |     RU-SNI (после SNI-фильтра):     779
2026-06-04 14:54:50,670 | INFO     |     Прошло фильтр:                  6.7%
2026-06-04 14:54:50,670 | INFO     |   ──────────────────────────────────────────────────
2026-06-04 14:54:50,671 | INFO     | ✅ Статистика сохранена: /home/runner/work/vpn-vless-configs-russia/vpn-vless-configs-russia/stats.json
2026-06-04 14:54:50,671 | INFO     | 
2026-06-04 14:54:50,671 | INFO     | ======================================================================
2026-06-04 14:54:50,671 | INFO     | 📊 ИТОГОВЫЙ ОТЧЁТ
2026-06-04 14:54:50,671 | INFO     | ======================================================================
2026-06-04 14:54:50,671 | INFO     |   ✅ OK         | Загрузка и geo-фильтрация
2026-06-04 14:54:50,671 | INFO     |   ✅ OK         | Фильтрация по реальному SNI
2026-06-04 14:54:50,671 | INFO     |   ✅ OK         | Экспериментальный RU-SNI фильтр
2026-06-04 14:54:50,671 | INFO     |   ✅ OK         | Сбор статистики
2026-06-04 14:54:50,671 | INFO     | ──────────────────────────────────────────────────────────────────────
2026-06-04 14:54:50,671 | INFO     | ✅ ВСЕ ЭТАПЫ УСПЕШНЫ (4/4)
2026-06-04 14:54:50,671 | INFO     | ⏰ Время завершения: 2026-06-04 14:54:50
2026-06-04 14:54:50,671 | INFO     | ======================================================================
