2026-06-27 19:16:54,174 | INFO     | ======================================================================
2026-06-27 19:16:54,174 | INFO     | 🔍 VPN KEY CHECKER - Начало проверки
2026-06-27 19:16:54,174 | INFO     | ⏰ Время старта: 2026-06-27 19:16:54
2026-06-27 19:16:54,174 | INFO     | 📂 Рабочая директория: /home/runner/work/vpn-vless-configs-russia/vpn-vless-configs-russia
2026-06-27 19:16:54,174 | INFO     | ======================================================================
2026-06-27 19:16:54,174 | INFO     | 
2026-06-27 19:16:54,174 | INFO     | 🔍 Проверка наличия скриптов...
2026-06-27 19:16:54,174 | INFO     |   ✅ mirror.py
2026-06-27 19:16:54,174 | INFO     |   ✅ filter_ru_sni.py
2026-06-27 19:16:54,174 | INFO     |   ✅ filter_ru_sni_local.py
2026-06-27 19:16:54,174 | INFO     | 
2026-06-27 19:16:54,174 | INFO     | 
2026-06-27 19:16:54,174 | INFO     | ──────────────────────────────────────────────────────────────────────
2026-06-27 19:16:54,174 | INFO     | 📌 ЭТАП: Загрузка и geo-фильтрация
2026-06-27 19:16:54,175 | INFO     | ──────────────────────────────────────────────────────────────────────
2026-06-27 19:16:54,175 | INFO     | 🚀 Запуск mirror.py (Загрузка и фильтрация по РФ/СНГ/Европа)...
2026-06-27 19:23:51,051 | INFO     |   → 🚀 Старт: всего источников (старые + новые): 1305
2026-06-27 19:23:51,051 | INFO     |   → 1/1305: ✅ 4 взято | 🗑️ 147 мусор
2026-06-27 19:23:51,051 | INFO     |   → 2/1305: ✅ 0 взято | 🗑️ 0 мусор
2026-06-27 19:23:51,051 | INFO     |   → 3/1305 ❌ HTTP 404 — https://bitbucket.org/huwo1/proxy_nodes/raw/f31ca9ec67b84071515729ff45b011b6b09c10f2/clash.yaml
2026-06-27 19:23:51,051 | INFO     |   → 4/1305 ⚠️ Ошибка: HTTPSConnectionPool(host='cdn.jsdelivr.net', port=443): Read timed out. (read timeout=15) — https://cdn.jsdelivr.net/gh/cry0ice/genode@main/public/all.txt
2026-06-27 19:23:51,051 | INFO     |   → 5/1305 ❌ HTTP 404 — https://cdn.jsdelivr.net/gh/cry0ice/genode@main/public/ss.txt
2026-06-27 19:23:51,051 | INFO     |   → 6/1305 ⚠️ Ошибка: HTTPSConnectionPool(host='cdn.jsdelivr.net', port=443): Read timed out. (read timeout=15) — https://cdn.jsdelivr.net/gh/cry0ice/genode@main/public/ssr.txt
2026-06-27 19:23:51,051 | INFO     |   → 7/1305 ❌ HTTP 404 — https://cdn.jsdelivr.net/gh/cry0ice/genode@main/public/trojan.txt
2026-06-27 19:23:51,051 | INFO     |   → 8/1305 ❌ HTTP 404 — https://cdn.jsdelivr.net/gh/cry0ice/genode@main/public/vless.txt
2026-06-27 19:23:51,051 | INFO     |   → 9/1305 ❌ HTTP 404 — https://cdn.jsdelivr.net/gh/cry0ice/genode@main/public/vmess.txt
2026-06-27 19:23:51,051 | INFO     |   → 10/1305: ✅ 0 взято | 🗑️ 0 мусор
2026-06-27 19:23:51,051 | INFO     |   → 11/1305: ✅ 0 взято | 🗑️ 0 мусор
2026-06-27 19:23:51,051 | INFO     |   → 12/1305: ✅ 0 взято | 🗑️ 0 мусор
2026-06-27 19:23:51,051 | INFO     |   → 13/1305: ✅ 0 взято | 🗑️ 0 мусор
2026-06-27 19:23:51,051 | INFO     |   → 14/1305: ✅ 0 взято | 🗑️ 0 мусор
2026-06-27 19:23:51,051 | INFO     |   → 15/1305: ✅ 0 взято | 🗑️ 0 мусор
2026-06-27 19:23:51,052 | INFO     |   → 16/1305: ✅ 0 взято | 🗑️ 0 мусор
2026-06-27 19:23:51,052 | INFO     |   → 17/1305: ✅ 0 взято | 🗑️ 0 мусор
2026-06-27 19:23:51,052 | INFO     |   → 18/1305: ✅ 0 взято | 🗑️ 0 мусор
2026-06-27 19:23:51,052 | INFO     |   → 19/1305: ✅ 0 взято | 🗑️ 0 мусор
2026-06-27 19:23:51,052 | INFO     |   → 20/1305: ✅ 0 взято | 🗑️ 0 мусор
2026-06-27 19:23:51,052 | INFO     |   → 21/1305: ✅ 0 взято | 🗑️ 0 мусор
2026-06-27 19:23:51,052 | INFO     |   → 22/1305: ✅ 0 взято | 🗑️ 0 мусор
2026-06-27 19:23:51,052 | INFO     |   → 23/1305: ✅ 0 взято | 🗑️ 0 мусор
2026-06-27 19:23:51,052 | INFO     |   → 24/1305: ✅ 0 взято | 🗑️ 0 мусор
2026-06-27 19:23:51,052 | INFO     |   → 25/1305: ✅ 0 взято | 🗑️ 0 мусор
2026-06-27 19:23:51,052 | INFO     |   → 26/1305: ✅ 0 взято | 🗑️ 0 мусор
2026-06-27 19:23:51,052 | INFO     |   → 27/1305: ✅ 0 взято | 🗑️ 0 мусор
2026-06-27 19:23:51,052 | INFO     |   → 28/1305: ✅ 0 взято | 🗑️ 0 мусор
2026-06-27 19:23:51,052 | INFO     |   → 29/1305: ✅ 0 взято | 🗑️ 0 мусор
2026-06-27 19:23:51,052 | INFO     |   → 30/1305: ✅ 0 взято | 🗑️ 0 мусор
2026-06-27 19:23:51,052 | INFO     |   → 31/1305: ✅ 0 взято | 🗑️ 0 мусор
2026-06-27 19:23:51,052 | INFO     |   → 32/1305: ✅ 0 взято | 🗑️ 0 мусор
2026-06-27 19:23:51,052 | INFO     |   → 33/1305: ✅ 0 взято | 🗑️ 0 мусор
2026-06-27 19:23:51,052 | INFO     |   → 34/1305: ✅ 0 взято | 🗑️ 0 мусор
2026-06-27 19:23:51,052 | INFO     |   → 35/1305: ✅ 0 взято | 🗑️ 0 мусор
2026-06-27 19:23:51,052 | INFO     |   → 36/1305: ✅ 0 взято | 🗑️ 0 мусор
2026-06-27 19:23:51,052 | INFO     |   → 37/1305: ✅ 0 взято | 🗑️ 0 мусор
2026-06-27 19:23:51,052 | INFO     |   → 38/1305: ✅ 0 взято | 🗑️ 0 мусор
2026-06-27 19:23:51,052 | INFO     |   → 39/1305: ✅ 0 взято | 🗑️ 0 мусор
2026-06-27 19:23:51,052 | INFO     |   → 40/1305: ✅ 0 взято | 🗑️ 0 мусор
2026-06-27 19:23:51,052 | INFO     |   → 41/1305: ✅ 0 взято | 🗑️ 0 мусор
2026-06-27 19:23:51,052 | INFO     |   → 42/1305: ✅ 0 взято | 🗑️ 0 мусор
2026-06-27 19:23:51,053 | INFO     |   → 43/1305: ✅ 0 взято | 🗑️ 0 мусор
2026-06-27 19:23:51,053 | INFO     |   → 44/1305: ✅ 0 взято | 🗑️ 0 мусор
2026-06-27 19:23:51,053 | INFO     |   → 45/1305: ✅ 0 взято | 🗑️ 0 мусор
2026-06-27 19:23:51,053 | INFO     |   → 46/1305: ✅ 0 взято | 🗑️ 0 мусор
2026-06-27 19:23:51,053 | INFO     |   → 47/1305: ✅ 0 взято | 🗑️ 0 мусор
2026-06-27 19:23:51,053 | INFO     |   → 48/1305: ✅ 0 взято | 🗑️ 0 мусор
2026-06-27 19:23:51,053 | INFO     |   → 49/1305: ✅ 0 взято | 🗑️ 0 мусор
2026-06-27 19:23:51,053 | INFO     |   → 50/1305: ✅ 0 взято | 🗑️ 0 мусор
2026-06-27 19:23:51,053 | INFO     |   → 51/1305: ✅ 0 взято | 🗑️ 0 мусор
2026-06-27 19:23:51,053 | INFO     |   → 52/1305: ✅ 0 взято | 🗑️ 0 мусор
2026-06-27 19:23:51,053 | INFO     |   → 53/1305: ✅ 0 взято | 🗑️ 0 мусор
2026-06-27 19:23:51,053 | INFO     |   → 54/1305: ✅ 0 взято | 🗑️ 0 мусор
2026-06-27 19:23:51,053 | INFO     |   → 55/1305: ✅ 0 взято | 🗑️ 0 мусор
2026-06-27 19:23:51,053 | INFO     |   → 56/1305: ✅ 0 взято | 🗑️ 0 мусор
2026-06-27 19:23:51,053 | INFO     |   → 57/1305: ✅ 0 взято | 🗑️ 0 мусор
2026-06-27 19:23:51,053 | INFO     |   → 58/1305: ✅ 0 взято | 🗑️ 0 мусор
2026-06-27 19:23:51,053 | INFO     |   → 59/1305: ✅ 0 взято | 🗑️ 0 мусор
2026-06-27 19:23:51,053 | INFO     |   → 60/1305: ✅ 0 взято | 🗑️ 0 мусор
2026-06-27 19:23:51,053 | INFO     |   → 61/1305: ✅ 0 взято | 🗑️ 0 мусор
2026-06-27 19:23:51,053 | INFO     |   → 62/1305: ✅ 0 взято | 🗑️ 0 мусор
2026-06-27 19:23:51,053 | INFO     |   → 63/1305: ✅ 0 взято | 🗑️ 0 мусор
2026-06-27 19:23:51,053 | INFO     |   → 64/1305: ✅ 0 взято | 🗑️ 0 мусор
2026-06-27 19:23:51,053 | INFO     |   → 65/1305: ✅ 0 взято | 🗑️ 0 мусор
2026-06-27 19:23:51,053 | INFO     |   → 66/1305: ✅ 0 взято | 🗑️ 0 мусор
2026-06-27 19:23:51,054 | INFO     |   → 67/1305: ✅ 0 взято | 🗑️ 0 мусор
2026-06-27 19:23:51,054 | INFO     |   → 68/1305: ✅ 0 взято | 🗑️ 0 мусор
2026-06-27 19:23:51,054 | INFO     |   → 69/1305: ✅ 0 взято | 🗑️ 0 мусор
2026-06-27 19:23:51,054 | INFO     |   → 70/1305: ✅ 0 взято | 🗑️ 0 мусор
2026-06-27 19:23:51,054 | INFO     |   → 71/1305: ✅ 0 взято | 🗑️ 0 мусор
2026-06-27 19:23:51,054 | INFO     |   → 72/1305: ✅ 0 взято | 🗑️ 0 мусор
2026-06-27 19:23:51,054 | INFO     |   → 73/1305: ✅ 0 взято | 🗑️ 0 мусор
2026-06-27 19:23:51,054 | INFO     |   → 74/1305: ✅ 0 взято | 🗑️ 0 мусор
2026-06-27 19:23:51,054 | INFO     |   → 75/1305: ✅ 0 взято | 🗑️ 0 мусор
2026-06-27 19:23:51,054 | INFO     |   → 76/1305: ✅ 0 взято | 🗑️ 0 мусор
2026-06-27 19:23:51,054 | INFO     |   → 77/1305: ✅ 0 взято | 🗑️ 0 мусор
2026-06-27 19:23:51,054 | INFO     |   → 78/1305: ✅ 0 взято | 🗑️ 0 мусор
2026-06-27 19:23:51,054 | INFO     |   → 79/1305: ✅ 0 взято | 🗑️ 0 мусор
2026-06-27 19:23:51,054 | INFO     |   → 80/1305: ✅ 0 взято | 🗑️ 0 мусор
2026-06-27 19:23:51,054 | INFO     |   → 81/1305: ✅ 0 взято | 🗑️ 0 мусор
2026-06-27 19:23:51,054 | INFO     |   → 82/1305: ✅ 0 взято | 🗑️ 0 мусор
2026-06-27 19:23:51,054 | INFO     |   → 83/1305: ✅ 0 взято | 🗑️ 0 мусор
2026-06-27 19:23:51,054 | INFO     |   → 84/1305: ✅ 0 взято | 🗑️ 0 мусор
2026-06-27 19:23:51,054 | INFO     |   → 85/1305: ✅ 0 взято | 🗑️ 0 мусор
2026-06-27 19:23:51,054 | INFO     |   → 86/1305: ✅ 0 взято | 🗑️ 0 мусор
2026-06-27 19:23:51,054 | INFO     |   → 87/1305: ✅ 0 взято | 🗑️ 0 мусор
2026-06-27 19:23:51,054 | INFO     |   → 88/1305: ✅ 0 взято | 🗑️ 0 мусор
2026-06-27 19:23:51,054 | INFO     |   → 89/1305: ✅ 0 взято | 🗑️ 0 мусор
2026-06-27 19:23:51,054 | INFO     |   → 90/1305: ✅ 0 взято | 🗑️ 0 мусор
2026-06-27 19:23:51,054 | INFO     |   → 91/1305: ✅ 0 взято | 🗑️ 0 мусор
2026-06-27 19:23:51,054 | INFO     |   → 92/1305: ✅ 0 взято | 🗑️ 0 мусор
2026-06-27 19:23:51,054 | INFO     |   → 93/1305: ✅ 0 взято | 🗑️ 0 мусор
2026-06-27 19:23:51,055 | INFO     |   → 94/1305: ✅ 0 взято | 🗑️ 0 мусор
2026-06-27 19:23:51,055 | INFO     |   → 95/1305: ✅ 0 взято | 🗑️ 0 мусор
2026-06-27 19:23:51,055 | INFO     |   → 96/1305: ✅ 0 взято | 🗑️ 0 мусор
2026-06-27 19:23:51,055 | INFO     |   → 97/1305: ✅ 0 взято | 🗑️ 0 мусор
2026-06-27 19:23:51,055 | INFO     |   → 98/1305: ✅ 0 взято | 🗑️ 0 мусор
2026-06-27 19:23:51,055 | INFO     |   → 99/1305: ✅ 0 взято | 🗑️ 0 мусор
2026-06-27 19:23:51,055 | INFO     |   → 100/1305: ✅ 0 взято | 🗑️ 0 мусор
2026-06-27 19:23:51,055 | INFO     |   → 101/1305: ✅ 0 взято | 🗑️ 0 мусор
2026-06-27 19:23:51,055 | INFO     |   → 102/1305: ✅ 0 взято | 🗑️ 0 мусор
2026-06-27 19:23:51,055 | INFO     |   → 103/1305: ✅ 0 взято | 🗑️ 0 мусор
2026-06-27 19:23:51,055 | INFO     |   → 104/1305: ✅ 0 взято | 🗑️ 0 мусор
2026-06-27 19:23:51,055 | INFO     |   → 105/1305: ✅ 0 взято | 🗑️ 0 мусор
2026-06-27 19:23:51,055 | INFO     |   → 106/1305: ✅ 0 взято | 🗑️ 0 мусор
2026-06-27 19:23:51,055 | INFO     |   → 107/1305: ✅ 0 взято | 🗑️ 0 мусор
2026-06-27 19:23:51,055 | INFO     |   → 108/1305: ✅ 0 взято | 🗑️ 0 мусор
2026-06-27 19:23:51,055 | INFO     |   → 109/1305: ✅ 0 взято | 🗑️ 0 мусор
2026-06-27 19:23:51,055 | INFO     |   → 110/1305: ✅ 0 взято | 🗑️ 0 мусор
2026-06-27 19:23:51,055 | INFO     |   → 111/1305: ✅ 0 взято | 🗑️ 0 мусор
2026-06-27 19:23:51,055 | INFO     |   → 112/1305: ✅ 0 взято | 🗑️ 0 мусор
2026-06-27 19:23:51,055 | INFO     |   → 113/1305: ✅ 0 взято | 🗑️ 0 мусор
2026-06-27 19:23:51,055 | INFO     |   → 114/1305: ✅ 0 взято | 🗑️ 0 мусор
2026-06-27 19:23:51,055 | INFO     |   → 115/1305: ✅ 0 взято | 🗑️ 0 мусор
2026-06-27 19:23:51,055 | INFO     |   → 116/1305: ✅ 0 взято | 🗑️ 0 мусор
2026-06-27 19:23:51,055 | INFO     |   → 117/1305: ✅ 0 взято | 🗑️ 0 мусор
2026-06-27 19:23:51,055 | INFO     |   → 118/1305: ✅ 0 взято | 🗑️ 0 мусор
2026-06-27 19:23:51,055 | INFO     |   → 119/1305: ✅ 0 взято | 🗑️ 0 мусор
2026-06-27 19:23:51,056 | INFO     |   → 120/1305: ✅ 0 взято | 🗑️ 0 мусор
2026-06-27 19:23:51,056 | INFO     |   → 121/1305: ✅ 0 взято | 🗑️ 0 мусор
2026-06-27 19:23:51,056 | INFO     |   → 122/1305: ✅ 0 взято | 🗑️ 0 мусор
2026-06-27 19:23:51,056 | INFO     |   → 123/1305: ✅ 0 взято | 🗑️ 0 мусор
2026-06-27 19:23:51,056 | INFO     |   → 124/1305: ✅ 0 взято | 🗑️ 0 мусор
2026-06-27 19:23:51,056 | INFO     |   → 125/1305: ✅ 0 взято | 🗑️ 0 мусор
2026-06-27 19:23:51,056 | INFO     |   → 126/1305: ✅ 0 взято | 🗑️ 0 мусор
2026-06-27 19:23:51,056 | INFO     |   → 127/1305: ✅ 0 взято | 🗑️ 0 мусор
2026-06-27 19:23:51,056 | INFO     |   → 128/1305: ✅ 0 взято | 🗑️ 0 мусор
2026-06-27 19:23:51,056 | INFO     |   → 129/1305: ✅ 0 взято | 🗑️ 0 мусор
2026-06-27 19:23:51,056 | INFO     |   → 130/1305: ✅ 0 взято | 🗑️ 0 мусор
2026-06-27 19:23:51,056 | INFO     |   → 131/1305: ✅ 0 взято | 🗑️ 0 мусор
2026-06-27 19:23:51,056 | INFO     |   → 132/1305: ✅ 0 взято | 🗑️ 0 мусор
2026-06-27 19:23:51,056 | INFO     |   → 133/1305: ✅ 0 взято | 🗑️ 0 мусор
2026-06-27 19:23:51,056 | INFO     |   → 134/1305: ✅ 0 взято | 🗑️ 0 мусор
2026-06-27 19:23:51,056 | INFO     |   → 135/1305: ✅ 0 взято | 🗑️ 0 мусор
2026-06-27 19:23:51,056 | INFO     |   → 136/1305: ✅ 0 взято | 🗑️ 0 мусор
2026-06-27 19:23:51,056 | INFO     |   → 137/1305: ✅ 0 взято | 🗑️ 0 мусор
2026-06-27 19:23:51,056 | INFO     |   → 138/1305: ✅ 0 взято | 🗑️ 0 мусор
2026-06-27 19:23:51,056 | INFO     |   → 139/1305: ✅ 0 взято | 🗑️ 0 мусор
2026-06-27 19:23:51,056 | INFO     |   → 140/1305: ✅ 0 взято | 🗑️ 0 мусор
2026-06-27 19:23:51,056 | INFO     |   → 141/1305: ✅ 0 взято | 🗑️ 0 мусор
2026-06-27 19:23:51,056 | INFO     |   → 142/1305: ✅ 0 взято | 🗑️ 0 мусор
2026-06-27 19:23:51,056 | INFO     |   → 143/1305: ✅ 0 взято | 🗑️ 0 мусор
2026-06-27 19:23:51,056 | INFO     |   → 144/1305: ✅ 0 взято | 🗑️ 0 мусор
2026-06-27 19:23:51,056 | INFO     |   → 145/1305: ✅ 0 взято | 🗑️ 0 мусор
2026-06-27 19:23:51,057 | INFO     |   → 146/1305: ✅ 0 взято | 🗑️ 0 мусор
2026-06-27 19:23:51,057 | INFO     |   → 147/1305: ✅ 0 взято | 🗑️ 0 мусор
2026-06-27 19:23:51,057 | INFO     |   → 148/1305: ✅ 0 взято | 🗑️ 0 мусор
2026-06-27 19:23:51,057 | INFO     |   → 149/1305: ✅ 0 взято | 🗑️ 0 мусор
2026-06-27 19:23:51,057 | INFO     |   → 150/1305: ✅ 0 взято | 🗑️ 0 мусор
2026-06-27 19:23:51,057 | INFO     |   → 151/1305: ✅ 0 взято | 🗑️ 0 мусор
2026-06-27 19:23:51,057 | INFO     |   → 152/1305: ✅ 0 взято | 🗑️ 0 мусор
2026-06-27 19:23:51,057 | INFO     |   → 153/1305: ✅ 0 взято | 🗑️ 0 мусор
2026-06-27 19:23:51,057 | INFO     |   → 154/1305: ✅ 0 взято | 🗑️ 0 мусор
2026-06-27 19:23:51,057 | INFO     |   → 155/1305: ✅ 0 взято | 🗑️ 0 мусор
2026-06-27 19:23:51,057 | INFO     |   → 156/1305: ✅ 0 взято | 🗑️ 0 мусор
2026-06-27 19:23:51,057 | INFO     |   → 157/1305: ✅ 0 взято | 🗑️ 0 мусор
2026-06-27 19:23:51,057 | INFO     |   → 158/1305: ✅ 0 взято | 🗑️ 0 мусор
2026-06-27 19:23:51,057 | INFO     |   → 159/1305: ✅ 0 взято | 🗑️ 0 мусор
2026-06-27 19:23:51,057 | INFO     |   → 160/1305: ✅ 0 взято | 🗑️ 0 мусор
2026-06-27 19:23:51,057 | INFO     |   → 161/1305: ✅ 0 взято | 🗑️ 0 мусор
2026-06-27 19:23:51,057 | INFO     |   → 162/1305: ✅ 0 взято | 🗑️ 0 мусор
2026-06-27 19:23:51,057 | INFO     |   → 163/1305: ✅ 0 взято | 🗑️ 0 мусор
2026-06-27 19:23:51,057 | INFO     |   → 164/1305: ✅ 0 взято | 🗑️ 0 мусор
2026-06-27 19:23:51,057 | INFO     |   → 165/1305: ✅ 0 взято | 🗑️ 0 мусор
2026-06-27 19:23:51,057 | INFO     |   → 166/1305 ❌ HTTP 404 — https://freessrnode.github.io/uploads/2024/08/0-20240822.txt
2026-06-27 19:23:51,057 | INFO     |   → 167/1305 ❌ HTTP 404 — https://freessrnode.github.io/uploads/2024/08/1-20240822.txt
2026-06-27 19:23:51,057 | INFO     |   → 168/1305 ❌ HTTP 404 — https://freessrnode.github.io/uploads/2024/08/2-20240822.txt
2026-06-27 19:23:51,057 | INFO     |   → 169/1305 ❌ HTTP 404 — https://freessrnode.github.io/uploads/2024/08/3-20240822.txt
2026-06-27 19:23:51,057 | INFO     |   → 170/1305 ❌ HTTP 404 — https://freessrnode.github.io/uploads/2024/08/4-20240822.txt
2026-06-27 19:23:51,057 | INFO     |   → 171/1305 ⚠️ Ошибка: HTTPSConnectionPool(host='freevpnspy.githubrowcontent.com', port=443): Max retries exceeded with url: /2024/08/20240802_novless.yaml (Caused by NameResolutionError("HTTPSConnection(host='freevpnspy.githubrowcontent.com', port=443): Failed to resolve 'freevpnspy.githubrowcontent.com' ([Errno -2] Name or service not known)")) — https://freevpnspy.githubrowcontent.com/2024/08/20240802_novless.yaml
2026-06-27 19:23:51,057 | INFO     |   → 172/1305 ⚠️ Ошибка: HTTPSConnectionPool(host='freevpnspy.githubrowcontent.com', port=443): Max retries exceeded with url: /2024/08/20240802_vless.yaml (Caused by NameResolutionError("HTTPSConnection(host='freevpnspy.githubrowcontent.com', port=443): Failed to resolve 'freevpnspy.githubrowcontent.com' ([Errno -2] Name or service not known)")) — https://freevpnspy.githubrowcontent.com/2024/08/20240802_vless.yaml
2026-06-27 19:23:51,058 | INFO     |   → 173/1305: ✅ 0 взято | 🗑️ 0 мусор
2026-06-27 19:23:51,058 | INFO     |   → 174/1305: ✅ 0 взято | 🗑️ 0 мусор
2026-06-27 19:23:51,058 | INFO     |   → 175/1305: ✅ 5 взято | 🗑️ 133 мусор
2026-06-27 19:23:51,058 | INFO     |   → 176/1305: ✅ 5 взято | 🗑️ 166 мусор
2026-06-27 19:23:51,058 | INFO     |   → 177/1305: ✅ 14 взято | 🗑️ 292 мусор
2026-06-27 19:23:51,058 | INFO     |   → 178/1305: ✅ 0 взято | 🗑️ 115 мусор
2026-06-27 19:23:51,058 | INFO     |   → 179/1305: ✅ 14 взято | 🗑️ 218 мусор
2026-06-27 19:23:51,058 | INFO     |   → 180/1305: ✅ 7 взято | 🗑️ 148 мусор
2026-06-27 19:23:51,058 | INFO     |   → 181/1305: ✅ 0 взято | 🗑️ 0 мусор
2026-06-27 19:23:51,058 | INFO     |   → 182/1305: ✅ 10 взято | 🗑️ 232 мусор
2026-06-27 19:23:51,058 | INFO     |   → 183/1305: ✅ 4 взято | 🗑️ 151 мусор
2026-06-27 19:23:51,058 | INFO     |   → 184/1305: ✅ 0 взято | 🗑️ 0 мусор
2026-06-27 19:23:51,058 | INFO     |   → 185/1305: ✅ 0 взято | 🗑️ 0 мусор
2026-06-27 19:23:51,058 | INFO     |   → 186/1305: ✅ 0 взято | 🗑️ 0 мусор
2026-06-27 19:23:51,058 | INFO     |   → 187/1305: ✅ 1 взято | 🗑️ 226 мусор
2026-06-27 19:23:51,058 | INFO     |   → 188/1305: ✅ 0 взято | 🗑️ 0 мусор
2026-06-27 19:23:51,058 | INFO     |   → 189/1305: ✅ 0 взято | 🗑️ 0 мусор
2026-06-27 19:23:51,058 | INFO     |   → 190/1305: ✅ 0 взято | 🗑️ 0 мусор
2026-06-27 19:23:51,058 | INFO     |   → 191/1305: ✅ 7 взято | 🗑️ 113 мусор
2026-06-27 19:23:51,058 | INFO     |   → 192/1305: ✅ 0 взято | 🗑️ 0 мусор
2026-06-27 19:23:51,058 | INFO     |   → 193/1305: ✅ 0 взято | 🗑️ 0 мусор
2026-06-27 19:23:51,058 | INFO     |   → 194/1305: ✅ 0 взято | 🗑️ 0 мусор
2026-06-27 19:23:51,058 | INFO     |   → 195/1305: ✅ 1 взято | 🗑️ 169 мусор
2026-06-27 19:23:51,058 | INFO     |   → 196/1305: ✅ 0 взято | 🗑️ 0 мусор
2026-06-27 19:23:51,058 | INFO     |   → 197/1305: ✅ 5 взято | 🗑️ 211 мусор
2026-06-27 19:23:51,058 | INFO     |   → 198/1305: ✅ 0 взято | 🗑️ 0 мусор
2026-06-27 19:23:51,059 | INFO     |   → 199/1305: ✅ 1 взято | 🗑️ 213 мусор
2026-06-27 19:23:51,059 | INFO     |   → 200/1305: ✅ 0 взято | 🗑️ 0 мусор
2026-06-27 19:23:51,059 | INFO     |   → 201/1305: ✅ 0 взято | 🗑️ 0 мусор
2026-06-27 19:23:51,059 | INFO     |   → 202/1305: ✅ 0 взято | 🗑️ 0 мусор
2026-06-27 19:23:51,059 | INFO     |   → 203/1305: ✅ 1 взято | 🗑️ 226 мусор
2026-06-27 19:23:51,059 | INFO     |   → 204/1305: ✅ 3 взято | 🗑️ 152 мусор
2026-06-27 19:23:51,059 | INFO     |   → 205/1305: ✅ 0 взято | 🗑️ 0 мусор
2026-06-27 19:23:51,059 | INFO     |   → 206/1305: ✅ 0 взято | 🗑️ 0 мусор
2026-06-27 19:23:51,059 | INFO     |   → 207/1305: ✅ 3 взято | 🗑️ 99 мусор
2026-06-27 19:23:51,059 | INFO     |   → 208/1305: ✅ 0 взято | 🗑️ 0 мусор
2026-06-27 19:23:51,059 | INFO     |   → 209/1305: ✅ 0 взято | 🗑️ 300 мусор
2026-06-27 19:23:51,059 | INFO     |   → 210/1305: ✅ 0 взято | 🗑️ 0 мусор
2026-06-27 19:23:51,059 | INFO     |   → 211/1305: ✅ 0 взято | 🗑️ 0 мусор
2026-06-27 19:23:51,059 | INFO     |   → 212/1305: ✅ 0 взято | 🗑️ 142 мусор
2026-06-27 19:23:51,059 | INFO     |   → 213/1305: ✅ 2 взято | 🗑️ 124 мусор
2026-06-27 19:23:51,059 | INFO     |   → 214/1305: ✅ 0 взято | 🗑️ 0 мусор
2026-06-27 19:23:51,059 | INFO     |   → 215/1305: ✅ 0 взято | 🗑️ 0 мусор
2026-06-27 19:23:51,059 | INFO     |   → 216/1305: ✅ 1 взято | 🗑️ 104 мусор
2026-06-27 19:23:51,059 | INFO     |   → 217/1305: ✅ 1 взято | 🗑️ 96 мусор
2026-06-27 19:23:51,059 | INFO     |   → 218/1305: ✅ 0 взято | 🗑️ 193 мусор
2026-06-27 19:23:51,059 | INFO     |   → 219/1305: ✅ 2 взято | 🗑️ 115 мусор
2026-06-27 19:23:51,059 | INFO     |   → 220/1305: ✅ 7 взято | 🗑️ 179 мусор
2026-06-27 19:23:51,059 | INFO     |   → 221/1305: ✅ 0 взято | 🗑️ 0 мусор
2026-06-27 19:23:51,059 | INFO     |   → 222/1305: ✅ 0 взято | 🗑️ 0 мусор
2026-06-27 19:23:51,059 | INFO     |   → 223/1305: ✅ 0 взято | 🗑️ 125 мусор
2026-06-27 19:23:51,059 | INFO     |   → 224/1305: ✅ 11 взято | 🗑️ 225 мусор
2026-06-27 19:23:51,059 | INFO     |   → 225/1305: ✅ 0 взято | 🗑️ 296 мусор
2026-06-27 19:23:51,060 | INFO     |   → 226/1305: ✅ 1 взято | 🗑️ 141 мусор
2026-06-27 19:23:51,060 | INFO     |   → 227/1305: ✅ 1 взято | 🗑️ 279 мусор
2026-06-27 19:23:51,060 | INFO     |   → 228/1305: ✅ 0 взято | 🗑️ 96 мусор
2026-06-27 19:23:51,060 | INFO     |   → 229/1305: ✅ 0 взято | 🗑️ 130 мусор
2026-06-27 19:23:51,060 | INFO     |   → 230/1305: ✅ 0 взято | 🗑️ 263 мусор
2026-06-27 19:23:51,060 | INFO     |   → 231/1305: ✅ 2 взято | 🗑️ 105 мусор
2026-06-27 19:23:51,060 | INFO     |   → 232/1305: ✅ 0 взято | 🗑️ 0 мусор
2026-06-27 19:23:51,060 | INFO     |   → 233/1305: ✅ 3 взято | 🗑️ 268 мусор
2026-06-27 19:23:51,060 | INFO     |   → 234/1305: ✅ 0 взято | 🗑️ 248 мусор
2026-06-27 19:23:51,060 | INFO     |   → 235/1305: ✅ 0 взято | 🗑️ 0 мусор
2026-06-27 19:23:51,060 | INFO     |   → 236/1305: ✅ 1 взято | 🗑️ 139 мусор
2026-06-27 19:23:51,060 | INFO     |   → 237/1305: ✅ 1 взято | 🗑️ 109 мусор
2026-06-27 19:23:51,060 | INFO     |   → 238/1305: ✅ 0 взято | 🗑️ 0 мусор
2026-06-27 19:23:51,060 | INFO     |   → 239/1305: ✅ 0 взято | 🗑️ 0 мусор
2026-06-27 19:23:51,060 | INFO     |   → 240/1305: ✅ 0 взято | 🗑️ 0 мусор
2026-06-27 19:23:51,060 | INFO     |   → 241/1305: ✅ 0 взято | 🗑️ 0 мусор
2026-06-27 19:23:51,060 | INFO     |   → 242/1305: ✅ 0 взято | 🗑️ 137 мусор
2026-06-27 19:23:51,060 | INFO     |   → 243/1305: ✅ 0 взято | 🗑️ 0 мусор
2026-06-27 19:23:51,060 | INFO     |   → 244/1305: ✅ 0 взято | 🗑️ 0 мусор
2026-06-27 19:23:51,060 | INFO     |   → 245/1305: ✅ 0 взято | 🗑️ 198 мусор
2026-06-27 19:23:51,060 | INFO     |   → 246/1305: ✅ 0 взято | 🗑️ 0 мусор
2026-06-27 19:23:51,060 | INFO     |   → 247/1305: ✅ 0 взято | 🗑️ 0 мусор
2026-06-27 19:23:51,060 | INFO     |   → 248/1305: ✅ 0 взято | 🗑️ 0 мусор
2026-06-27 19:23:51,060 | INFO     |   → 249/1305: ✅ 0 взято | 🗑️ 112 мусор
2026-06-27 19:23:51,060 | INFO     |   → 250/1305: ✅ 0 взято | 🗑️ 0 мусор
2026-06-27 19:23:51,060 | INFO     |   → 251/1305: ✅ 0 взято | 🗑️ 0 мусор
2026-06-27 19:23:51,061 | INFO     |   → 252/1305: ✅ 0 взято | 🗑️ 0 мусор
2026-06-27 19:23:51,061 | INFO     |   → 253/1305 ❌ HTTP 404 — https://github.com/Epodonios/bulk-xray-v2ray-vless-vmess-...-configs/raw/main/sub/Albania/config.txt
2026-06-27 19:23:51,061 | INFO     |   → 254/1305 ❌ HTTP 404 — https://github.com/Epodonios/bulk-xray-v2ray-vless-vmess-...-configs/raw/main/sub/Cura%C3%A7ao/config.txt
2026-06-27 19:23:51,061 | INFO     |   → 255/1305 ❌ HTTP 404 — https://github.com/Epodonios/bulk-xray-v2ray-vless-vmess-...-configs/raw/main/sub/Finland/config.txt
2026-06-27 19:23:51,061 | INFO     |   → 256/1305 ❌ HTTP 404 — https://github.com/Epodonios/bulk-xray-v2ray-vless-vmess-...-configs/raw/main/sub/Iran/config.txt
2026-06-27 19:23:51,061 | INFO     |   → 257/1305 ❌ HTTP 404 — https://github.com/Epodonios/bulk-xray-v2ray-vless-vmess-...-configs/raw/main/sub/Netherlands/config.txt
2026-06-27 19:23:51,061 | INFO     |   → 258/1305 ❌ HTTP 404 — https://github.com/Epodonios/bulk-xray-v2ray-vless-vmess-...-configs/raw/main/sub/Norway/config.txt
2026-06-27 19:23:51,061 | INFO     |   → 259/1305 ❌ HTTP 404 — https://github.com/Epodonios/bulk-xray-v2ray-vless-vmess-...-configs/raw/main/sub/Russia/config.txt
2026-06-27 19:23:51,061 | INFO     |   → 260/1305: ✅ 13 взято | 🗑️ 70 мусор
2026-06-27 19:23:51,061 | INFO     |   → 261/1305: ✅ 0 взято | 🗑️ 4 мусор
2026-06-27 19:23:51,061 | INFO     |   → 262/1305: ✅ 0 взято | 🗑️ 7 мусор
2026-06-27 19:23:51,061 | INFO     |   → 263/1305: ✅ 0 взято | 🗑️ 51 мусор
2026-06-27 19:23:51,061 | INFO     |   → 264/1305: ✅ 0 взято | 🗑️ 8 мусор
2026-06-27 19:23:51,061 | INFO     |   → 265/1305: ✅ 0 взято | 🗑️ 0 мусор
2026-06-27 19:23:51,061 | INFO     |   → 266/1305: ✅ 17 взято | 🗑️ 119 мусор
2026-06-27 19:23:51,061 | INFO     |   → 267/1305 ❌ HTTP 404 — https://github.com/MrMohebi/xray-proxy-grabber-telegram/raw/master/collected-proxies/clash-meta/all.yaml
2026-06-27 19:23:51,061 | INFO     |   → 268/1305 ❌ HTTP 404 — https://github.com/MrMohebi/xray-proxy-grabber-telegram/raw/master/collected-proxies/row-url/all.txt
2026-06-27 19:23:51,061 | INFO     |   → 269/1305: ✅ 0 взято | 🗑️ 0 мусор
2026-06-27 19:23:51,061 | INFO     |   → 270/1305: ✅ 0 взято | 🗑️ 113 мусор
2026-06-27 19:23:51,061 | INFO     |   → 271/1305: ✅ 0 взято | 🗑️ 119 мусор
2026-06-27 19:23:51,061 | INFO     |   → 272/1305 ❌ HTTP 404 — https://github.com/abbasdvd3/abbasdvd10/73ec60de7a6c6aa6df4c14b511c1da60686891ca/ppo.txt
2026-06-27 19:23:51,061 | INFO     |   → 273/1305 ❌ HTTP 404 — https://github.com/acymz/AutoVPN/refs/heads/main/data/V2.txt
2026-06-27 19:23:51,061 | INFO     |   → 274/1305: ✅ 0 взято | 🗑️ 0 мусор
2026-06-27 19:23:51,061 | INFO     |   → 275/1305: ✅ 0 взято | 🗑️ 0 мусор
2026-06-27 19:23:51,061 | INFO     |   → 276/1305: ✅ 0 взято | 🗑️ 0 мусор
2026-06-27 19:23:51,061 | INFO     |   → 277/1305: ✅ 0 взято | 🗑️ 0 мусор
2026-06-27 19:23:51,061 | INFO     |   → 278/1305: ✅ 0 взято | 🗑️ 0 мусор
2026-06-27 19:23:51,061 | INFO     |   → 279/1305: ✅ 0 взято | 🗑️ 0 мусор
2026-06-27 19:23:51,062 | INFO     |   → 280/1305: ✅ 0 взято | 🗑️ 0 мусор
2026-06-27 19:23:51,062 | INFO     |   → 281/1305 ❌ HTTP 404 — https://github.com/mermeroo/V2RAY-FREE/raw/main/All_Configs_base64_Sub.txt
2026-06-27 19:23:51,062 | INFO     |   → 282/1305 ❌ HTTP 404 — https://github.com/mermeroo/V2RAY-FREE/raw/main/Base64/Sub1_base64.txt
2026-06-27 19:23:51,062 | INFO     |   → 283/1305 ❌ HTTP 404 — https://github.com/mermeroo/V2RAY-FREE/raw/main/Base64/Sub2_base64.txt
2026-06-27 19:23:51,062 | INFO     |   → 284/1305 ❌ HTTP 404 — https://github.com/mermeroo/V2RAY-FREE/raw/main/Base64/Sub3_base64.txt
2026-06-27 19:23:51,062 | INFO     |   → 285/1305 ❌ HTTP 404 — https://github.com/mermeroo/V2RAY-FREE/raw/main/Base64/Sub4_base64.txt
2026-06-27 19:23:51,062 | INFO     |   → 286/1305 ❌ HTTP 404 — https://github.com/mermeroo/V2RAY-FREE/raw/main/Base64/Sub5_base64.txt
2026-06-27 19:23:51,062 | INFO     |   → 287/1305 ❌ HTTP 404 — https://github.com/mermeroo/telegram-configs-collector/raw/main/protocols/hysteria
2026-06-27 19:23:51,062 | INFO     |   → 288/1305 ❌ HTTP 404 — https://github.com/mermeroo/telegram-configs-collector/raw/main/protocols/juicity
2026-06-27 19:23:51,062 | INFO     |   → 289/1305 ❌ HTTP 404 — https://github.com/mermeroo/telegram-configs-collector/raw/main/protocols/tuic
2026-06-27 19:23:51,062 | INFO     |   → 290/1305: ✅ 5 взято | 🗑️ 16 мусор
2026-06-27 19:23:51,062 | INFO     |   → 291/1305: ✅ 0 взято | 🗑️ 0 мусор
2026-06-27 19:23:51,062 | INFO     |   → 292/1305: ✅ 0 взято | 🗑️ 0 мусор
2026-06-27 19:23:51,062 | INFO     |   → 293/1305: ✅ 0 взято | 🗑️ 0 мусор
2026-06-27 19:23:51,062 | INFO     |   → 294/1305: ✅ 10 взято | 🗑️ 238 мусор
2026-06-27 19:23:51,062 | INFO     |   → 295/1305: ✅ 0 взято | 🗑️ 0 мусор
2026-06-27 19:23:51,062 | INFO     |   → 296/1305: ✅ 5 взято | 🗑️ 239 мусор
2026-06-27 19:23:51,062 | INFO     |   → 297/1305: ✅ 0 взято | 🗑️ 0 мусор
2026-06-27 19:23:51,062 | INFO     |   → 298/1305: ✅ 0 взято | 🗑️ 255 мусор
2026-06-27 19:23:51,062 | INFO     |   → 299/1305: ✅ 0 взято | 🗑️ 0 мусор
2026-06-27 19:23:51,062 | INFO     |   → 300/1305: ✅ 1 взято | 🗑️ 249 мусор
2026-06-27 19:23:51,062 | INFO     |   → 301/1305: ✅ 0 взято | 🗑️ 0 мусор
2026-06-27 19:23:51,062 | INFO     |   → 302/1305: ✅ 0 взято | 🗑️ 207 мусор
2026-06-27 19:23:51,062 | INFO     |   → 303/1305: ✅ 0 взято | 🗑️ 0 мусор
2026-06-27 19:23:51,062 | INFO     |   → 304/1305: ✅ 0 взято | 🗑️ 228 мусор
2026-06-27 19:23:51,062 | INFO     |   → 305/1305: ✅ 0 взято | 🗑️ 0 мусор
2026-06-27 19:23:51,062 | INFO     |   → 306/1305: ✅ 1 взято | 🗑️ 291 мусор
2026-06-27 19:23:51,062 | INFO     |   → 307/1305: ✅ 0 взято | 🗑️ 0 мусор
2026-06-27 19:23:51,063 | INFO     |   → 308/1305: ✅ 3 взято | 🗑️ 221 мусор
2026-06-27 19:23:51,063 | INFO     |   → 309/1305: ✅ 0 взято | 🗑️ 0 мусор
2026-06-27 19:23:51,063 | INFO     |   → 310/1305: ✅ 1 взято | 🗑️ 222 мусор
2026-06-27 19:23:51,063 | INFO     |   → 311/1305: ✅ 0 взято | 🗑️ 0 мусор
2026-06-27 19:23:51,063 | INFO     |   → 312/1305: ✅ 1 взято | 🗑️ 218 мусор
2026-06-27 19:23:51,063 | INFO     |   → 313/1305: ✅ 0 взято | 🗑️ 0 мусор
2026-06-27 19:23:51,063 | INFO     |   → 314/1305: ✅ 0 взято | 🗑️ 193 мусор
2026-06-27 19:23:51,063 | INFO     |   → 315/1305: ✅ 0 взято | 🗑️ 0 мусор
2026-06-27 19:23:51,063 | INFO     |   → 316/1305: ✅ 0 взято | 🗑️ 290 мусор
2026-06-27 19:23:51,063 | INFO     |   → 317/1305: ✅ 0 взято | 🗑️ 0 мусор
2026-06-27 19:23:51,063 | INFO     |   → 318/1305: ✅ 0 взято | 🗑️ 238 мусор
2026-06-27 19:23:51,063 | INFO     |   → 319/1305: ✅ 0 взято | 🗑️ 0 мусор
2026-06-27 19:23:51,063 | INFO     |   → 320/1305: ✅ 1 взято | 🗑️ 221 мусор
2026-06-27 19:23:51,063 | INFO     |   → 321/1305: ✅ 0 взято | 🗑️ 0 мусор
2026-06-27 19:23:51,063 | INFO     |   → 322/1305: ✅ 0 взято | 🗑️ 248 мусор
2026-06-27 19:23:51,063 | INFO     |   → 323/1305: ✅ 0 взято | 🗑️ 0 мусор
2026-06-27 19:23:51,063 | INFO     |   → 324/1305: ✅ 0 взято | 🗑️ 203 мусор
2026-06-27 19:23:51,063 | INFO     |   → 325/1305: ✅ 0 взято | 🗑️ 0 мусор
2026-06-27 19:23:51,063 | INFO     |   → 326/1305: ✅ 0 взято | 🗑️ 208 мусор
2026-06-27 19:23:51,063 | INFO     |   → 327/1305: ✅ 0 взято | 🗑️ 0 мусор
2026-06-27 19:23:51,063 | INFO     |   → 328/1305: ✅ 2 взято | 🗑️ 209 мусор
2026-06-27 19:23:51,063 | INFO     |   → 329/1305: ✅ 0 взято | 🗑️ 0 мусор
2026-06-27 19:23:51,063 | INFO     |   → 330/1305: ✅ 0 взято | 🗑️ 258 мусор
2026-06-27 19:23:51,063 | INFO     |   → 331/1305: ✅ 0 взято | 🗑️ 0 мусор
2026-06-27 19:23:51,063 | INFO     |   → 332/1305: ✅ 0 взято | 🗑️ 296 мусор
2026-06-27 19:23:51,063 | INFO     |   → 333/1305: ✅ 0 взято | 🗑️ 0 мусор
2026-06-27 19:23:51,063 | INFO     |   → 334/1305: ✅ 1 взято | 🗑️ 286 мусор
2026-06-27 19:23:51,063 | INFO     |   → 335/1305: ✅ 0 взято | 🗑️ 0 мусор
2026-06-27 19:23:51,063 | INFO     |   → 336/1305: ✅ 0 взято | 🗑️ 195 мусор
2026-06-27 19:23:51,063 | INFO     |   → 337/1305: ✅ 0 взято | 🗑️ 0 мусор
2026-06-27 19:23:51,064 | INFO     |   → 338/1305: ✅ 0 взято | 🗑️ 170 мусор
2026-06-27 19:23:51,064 | INFO     |   → 339/1305: ✅ 0 взято | 🗑️ 0 мусор
2026-06-27 19:23:51,064 | INFO     |   → 340/1305: ✅ 0 взято | 🗑️ 160 мусор
2026-06-27 19:23:51,064 | INFO     |   → 341/1305: ✅ 0 взято | 🗑️ 0 мусор
2026-06-27 19:23:51,064 | INFO     |   → 342/1305: ✅ 0 взято | 🗑️ 121 мусор
2026-06-27 19:23:51,064 | INFO     |   → 343/1305: ✅ 0 взято | 🗑️ 0 мусор
2026-06-27 19:23:51,064 | INFO     |   → 344/1305: ✅ 0 взято | 🗑️ 135 мусор
2026-06-27 19:23:51,064 | INFO     |   → 345/1305: ✅ 0 взято | 🗑️ 0 мусор
2026-06-27 19:23:51,064 | INFO     |   → 346/1305: ✅ 1 взято | 🗑️ 129 мусор
2026-06-27 19:23:51,064 | INFO     |   → 347/1305: ✅ 0 взято | 🗑️ 0 мусор
2026-06-27 19:23:51,064 | INFO     |   → 348/1305: ✅ 0 взято | 🗑️ 189 мусор
2026-06-27 19:23:51,064 | INFO     |   → 349/1305: ✅ 0 взято | 🗑️ 0 мусор
2026-06-27 19:23:51,064 | INFO     |   → 350/1305: ✅ 3 взято | 🗑️ 147 мусор
2026-06-27 19:23:51,064 | INFO     |   → 351/1305: ✅ 0 взято | 🗑️ 0 мусор
2026-06-27 19:23:51,064 | INFO     |   → 352/1305: ✅ 1 взято | 🗑️ 183 мусор
2026-06-27 19:23:51,064 | INFO     |   → 353/1305: ✅ 0 взято | 🗑️ 0 мусор
2026-06-27 19:23:51,064 | INFO     |   → 354/1305: ✅ 0 взято | 🗑️ 155 мусор
2026-06-27 19:23:51,064 | INFO     |   → 355/1305: ✅ 0 взято | 🗑️ 0 мусор
2026-06-27 19:23:51,064 | INFO     |   → 356/1305: ✅ 0 взято | 🗑️ 114 мусор
2026-06-27 19:23:51,065 | INFO     |   → 357/1305: ✅ 0 взято | 🗑️ 0 мусор
2026-06-27 19:23:51,065 | INFO     |   → 358/1305: ✅ 0 взято | 🗑️ 239 мусор
2026-06-27 19:23:51,065 | INFO     |   → 359/1305: ✅ 0 взято | 🗑️ 0 мусор
2026-06-27 19:23:51,065 | INFO     |   → 360/1305: ✅ 0 взято | 🗑️ 204 мусор
2026-06-27 19:23:51,065 | INFO     |   → 361/1305: ✅ 0 взято | 🗑️ 0 мусор
2026-06-27 19:23:51,065 | INFO     |   → 362/1305: ✅ 0 взято | 🗑️ 232 мусор
2026-06-27 19:23:51,065 | INFO     |   → 363/1305: ✅ 0 взято | 🗑️ 0 мусор
2026-06-27 19:23:51,065 | INFO     |   → 364/1305: ✅ 0 взято | 🗑️ 192 мусор
2026-06-27 19:23:51,065 | INFO     |   → 365/1305: ✅ 0 взято | 🗑️ 0 мусор
2026-06-27 19:23:51,065 | INFO     |   → 366/1305: ✅ 0 взято | 🗑️ 183 мусор
2026-06-27 19:23:51,065 | INFO     |   → 367/1305: ✅ 0 взято | 🗑️ 0 мусор
2026-06-27 19:23:51,065 | INFO     |   → 368/1305: ✅ 0 взято | 🗑️ 169 мусор
2026-06-27 19:23:51,065 | INFO     |   → 369/1305: ✅ 0 взято | 🗑️ 0 мусор
2026-06-27 19:23:51,065 | INFO     |   → 370/1305: ✅ 0 взято | 🗑️ 167 мусор
2026-06-27 19:23:51,065 | INFO     |   → 371/1305: ✅ 0 взято | 🗑️ 0 мусор
2026-06-27 19:23:51,065 | INFO     |   → 372/1305: ✅ 0 взято | 🗑️ 193 мусор
2026-06-27 19:23:51,065 | INFO     |   → 373/1305: ✅ 0 взято | 🗑️ 0 мусор
2026-06-27 19:23:51,065 | INFO     |   → 374/1305: ✅ 1 взято | 🗑️ 161 мусор
2026-06-27 19:23:51,065 | INFO     |   → 375/1305: ✅ 0 взято | 🗑️ 0 мусор
2026-06-27 19:23:51,065 | INFO     |   → 376/1305: ✅ 0 взято | 🗑️ 171 мусор
2026-06-27 19:23:51,065 | INFO     |   → 377/1305: ✅ 0 взято | 🗑️ 0 мусор
2026-06-27 19:23:51,065 | INFO     |   → 378/1305: ✅ 0 взято | 🗑️ 174 мусор
2026-06-27 19:23:51,065 | INFO     |   → 379/1305: ✅ 0 взято | 🗑️ 0 мусор
2026-06-27 19:23:51,065 | INFO     |   → 380/1305: ✅ 0 взято | 🗑️ 206 мусор
2026-06-27 19:23:51,065 | INFO     |   → 381/1305: ✅ 0 взято | 🗑️ 0 мусор
2026-06-27 19:23:51,065 | INFO     |   → 382/1305: ✅ 0 взято | 🗑️ 170 мусор
2026-06-27 19:23:51,065 | INFO     |   → 383/1305: ✅ 0 взято | 🗑️ 0 мусор
2026-06-27 19:23:51,065 | INFO     |   → 384/1305: ✅ 1 взято | 🗑️ 196 мусор
2026-06-27 19:23:51,066 | INFO     |   → 385/1305: ✅ 0 взято | 🗑️ 0 мусор
2026-06-27 19:23:51,066 | INFO     |   → 386/1305: ✅ 0 взято | 🗑️ 208 мусор
2026-06-27 19:23:51,066 | INFO     |   → 387/1305: ✅ 0 взято | 🗑️ 0 мусор
2026-06-27 19:23:51,066 | INFO     |   → 388/1305: ✅ 0 взято | 🗑️ 162 мусор
2026-06-27 19:23:51,066 | INFO     |   → 389/1305: ✅ 0 взято | 🗑️ 0 мусор
2026-06-27 19:23:51,066 | INFO     |   → 390/1305: ✅ 0 взято | 🗑️ 116 мусор
2026-06-27 19:23:51,066 | INFO     |   → 391/1305: ✅ 0 взято | 🗑️ 0 мусор
2026-06-27 19:23:51,066 | INFO     |   → 392/1305: ✅ 0 взято | 🗑️ 132 мусор
2026-06-27 19:23:51,066 | INFO     |   → 393/1305: ✅ 0 взято | 🗑️ 0 мусор
2026-06-27 19:23:51,066 | INFO     |   → 394/1305: ✅ 0 взято | 🗑️ 132 мусор
2026-06-27 19:23:51,066 | INFO     |   → 395/1305: ✅ 0 взято | 🗑️ 0 мусор
2026-06-27 19:23:51,066 | INFO     |   → 396/1305: ✅ 1 взято | 🗑️ 113 мусор
2026-06-27 19:23:51,066 | INFO     |   → 397/1305: ✅ 0 взято | 🗑️ 0 мусор
2026-06-27 19:23:51,066 | INFO     |   → 398/1305: ✅ 0 взято | 🗑️ 103 мусор
2026-06-27 19:23:51,066 | INFO     |   → 399/1305: ✅ 0 взято | 🗑️ 0 мусор
2026-06-27 19:23:51,066 | INFO     |   → 400/1305: ✅ 3 взято | 🗑️ 213 мусор
2026-06-27 19:23:51,066 | INFO     |   → 401/1305: ✅ 0 взято | 🗑️ 0 мусор
2026-06-27 19:23:51,066 | INFO     |   → 402/1305: ✅ 1 взято | 🗑️ 130 мусор
2026-06-27 19:23:51,066 | INFO     |   → 403/1305: ✅ 0 взято | 🗑️ 0 мусор
2026-06-27 19:23:51,066 | INFO     |   → 404/1305: ✅ 0 взято | 🗑️ 135 мусор
2026-06-27 19:23:51,066 | INFO     |   → 405/1305: ✅ 0 взято | 🗑️ 0 мусор
2026-06-27 19:23:51,066 | INFO     |   → 406/1305: ✅ 0 взято | 🗑️ 145 мусор
2026-06-27 19:23:51,066 | INFO     |   → 407/1305: ✅ 0 взято | 🗑️ 0 мусор
2026-06-27 19:23:51,066 | INFO     |   → 408/1305: ✅ 0 взято | 🗑️ 157 мусор
2026-06-27 19:23:51,066 | INFO     |   → 409/1305: ✅ 0 взято | 🗑️ 0 мусор
2026-06-27 19:23:51,066 | INFO     |   → 410/1305: ✅ 0 взято | 🗑️ 131 мусор
2026-06-27 19:23:51,066 | INFO     |   → 411/1305: ✅ 0 взято | 🗑️ 0 мусор
2026-06-27 19:23:51,066 | INFO     |   → 412/1305: ✅ 1 взято | 🗑️ 124 мусор
2026-06-27 19:23:51,066 | INFO     |   → 413/1305: ✅ 0 взято | 🗑️ 0 мусор
2026-06-27 19:23:51,066 | INFO     |   → 414/1305: ✅ 2 взято | 🗑️ 189 мусор
2026-06-27 19:23:51,067 | INFO     |   → 415/1305: ✅ 0 взято | 🗑️ 0 мусор
2026-06-27 19:23:51,067 | INFO     |   → 416/1305: ✅ 1 взято | 🗑️ 279 мусор
2026-06-27 19:23:51,067 | INFO     |   → 417/1305: ✅ 0 взято | 🗑️ 0 мусор
2026-06-27 19:23:51,067 | INFO     |   → 418/1305: ✅ 0 взято | 🗑️ 270 мусор
2026-06-27 19:23:51,067 | INFO     |   → 419/1305: ✅ 0 взято | 🗑️ 0 мусор
2026-06-27 19:23:51,067 | INFO     |   → 420/1305: ✅ 0 взято | 🗑️ 161 мусор
2026-06-27 19:23:51,067 | INFO     |   → 421/1305: ✅ 0 взято | 🗑️ 0 мусор
2026-06-27 19:23:51,067 | INFO     |   → 422/1305: ✅ 3 взято | 🗑️ 117 мусор
2026-06-27 19:23:51,067 | INFO     |   → 423/1305: ✅ 0 взято | 🗑️ 0 мусор
2026-06-27 19:23:51,067 | INFO     |   → 424/1305: ✅ 0 взято | 🗑️ 100 мусор
2026-06-27 19:23:51,067 | INFO     |   → 425/1305: ✅ 0 взято | 🗑️ 0 мусор
2026-06-27 19:23:51,067 | INFO     |   → 426/1305: ✅ 1 взято | 🗑️ 171 мусор
2026-06-27 19:23:51,067 | INFO     |   → 427/1305: ✅ 0 взято | 🗑️ 0 мусор
2026-06-27 19:23:51,067 | INFO     |   → 428/1305: ✅ 0 взято | 🗑️ 202 мусор
2026-06-27 19:23:51,067 | INFO     |   → 429/1305: ✅ 0 взято | 🗑️ 0 мусор
2026-06-27 19:23:51,067 | INFO     |   → 430/1305: ✅ 0 взято | 🗑️ 138 мусор
2026-06-27 19:23:51,067 | INFO     |   → 431/1305: ✅ 0 взято | 🗑️ 0 мусор
2026-06-27 19:23:51,067 | INFO     |   → 432/1305: ✅ 0 взято | 🗑️ 236 мусор
2026-06-27 19:23:51,067 | INFO     |   → 433/1305: ✅ 0 взято | 🗑️ 0 мусор
2026-06-27 19:23:51,067 | INFO     |   → 434/1305: ✅ 0 взято | 🗑️ 192 мусор
2026-06-27 19:23:51,067 | INFO     |   → 435/1305: ✅ 0 взято | 🗑️ 0 мусор
2026-06-27 19:23:51,067 | INFO     |   → 436/1305: ✅ 1 взято | 🗑️ 174 мусор
2026-06-27 19:23:51,067 | INFO     |   → 437/1305: ✅ 0 взято | 🗑️ 0 мусор
2026-06-27 19:23:51,067 | INFO     |   → 438/1305: ✅ 0 взято | 🗑️ 149 мусор
2026-06-27 19:23:51,067 | INFO     |   → 439/1305: ✅ 0 взято | 🗑️ 0 мусор
2026-06-27 19:23:51,067 | INFO     |   → 440/1305: ✅ 0 взято | 🗑️ 147 мусор
2026-06-27 19:23:51,068 | INFO     |   → 441/1305: ✅ 0 взято | 🗑️ 0 мусор
2026-06-27 19:23:51,068 | INFO     |   → 442/1305: ✅ 2 взято | 🗑️ 196 мусор
2026-06-27 19:23:51,068 | INFO     |   → 443/1305: ✅ 0 взято | 🗑️ 0 мусор
2026-06-27 19:23:51,068 | INFO     |   → 444/1305: ✅ 2 взято | 🗑️ 277 мусор
2026-06-27 19:23:51,068 | INFO     |   → 445/1305: ✅ 0 взято | 🗑️ 0 мусор
2026-06-27 19:23:51,068 | INFO     |   → 446/1305: ✅ 0 взято | 🗑️ 211 мусор
2026-06-27 19:23:51,068 | INFO     |   → 447/1305: ✅ 0 взято | 🗑️ 0 мусор
2026-06-27 19:23:51,068 | INFO     |   → 448/1305: ✅ 1 взято | 🗑️ 229 мусор
2026-06-27 19:23:51,068 | INFO     |   → 449/1305: ✅ 0 взято | 🗑️ 0 мусор
2026-06-27 19:23:51,068 | INFO     |   → 450/1305: ✅ 1 взято | 🗑️ 131 мусор
2026-06-27 19:23:51,068 | INFO     |   → 451/1305: ✅ 0 взято | 🗑️ 0 мусор
2026-06-27 19:23:51,068 | INFO     |   → 452/1305: ✅ 3 взято | 🗑️ 257 мусор
2026-06-27 19:23:51,068 | INFO     |   → 453/1305: ✅ 0 взято | 🗑️ 0 мусор
2026-06-27 19:23:51,068 | INFO     |   → 454/1305 ⚠️ Ошибка: HTTPSConnectionPool(host='ivuxy.tech', port=443): Max retries exceeded with url: /v.txt (Caused by NameResolutionError("HTTPSConnection(host='ivuxy.tech', port=443): Failed to resolve 'ivuxy.tech' ([Errno -2] Name or service not known)")) — https://ivuxy.tech/v.txt
2026-06-27 19:23:51,068 | INFO     |   → 455/1305 ⚠️ Ошибка: HTTPSConnectionPool(host='mirror.ghproxy.com', port=443): Max retries exceeded with url: /https://raw.githubusercontent.com/Barabama/FreeNodes/master/nodes/blues.txt (Caused by NameResolutionError("HTTPSConnection(host='mirror.ghproxy.com', port=443): Failed to resolve 'mirror.ghproxy.com' ([Errno -2] Name or service not known)")) — https://mirror.ghproxy.com/https://raw.githubusercontent.com/Barabama/FreeNodes/master/nodes/blues.txt
2026-06-27 19:23:51,068 | INFO     |   → 456/1305 ⚠️ Ошибка: HTTPSConnectionPool(host='mirror.ghproxy.com', port=443): Max retries exceeded with url: /https://raw.githubusercontent.com/Barabama/FreeNodes/master/nodes/halekj.txt (Caused by NameResolutionError("HTTPSConnection(host='mirror.ghproxy.com', port=443): Failed to resolve 'mirror.ghproxy.com' ([Errno -2] Name or service not known)")) — https://mirror.ghproxy.com/https://raw.githubusercontent.com/Barabama/FreeNodes/master/nodes/halekj.txt
2026-06-27 19:23:51,068 | INFO     |   → 457/1305 ⚠️ Ошибка: HTTPSConnectionPool(host='mirror.ghproxy.com', port=443): Max retries exceeded with url: /https://raw.githubusercontent.com/Barabama/FreeNodes/master/nodes/kkzui.txt (Caused by NameResolutionError("HTTPSConnection(host='mirror.ghproxy.com', port=443): Failed to resolve 'mirror.ghproxy.com' ([Errno -2] Name or service not known)")) — https://mirror.ghproxy.com/https://raw.githubusercontent.com/Barabama/FreeNodes/master/nodes/kkzui.txt
2026-06-27 19:23:51,068 | INFO     |   → 458/1305 ⚠️ Ошибка: HTTPSConnectionPool(host='mirror.ghproxy.com', port=443): Max retries exceeded with url: /https://raw.githubusercontent.com/Barabama/FreeNodes/master/nodes/merged.txt (Caused by NameResolutionError("HTTPSConnection(host='mirror.ghproxy.com', port=443): Failed to resolve 'mirror.ghproxy.com' ([Errno -2] Name or service not known)")) — https://mirror.ghproxy.com/https://raw.githubusercontent.com/Barabama/FreeNodes/master/nodes/merged.txt
2026-06-27 19:23:51,068 | INFO     |   → 459/1305 ⚠️ Ошибка: HTTPSConnectionPool(host='mirror.ghproxy.com', port=443): Max retries exceeded with url: /https://raw.githubusercontent.com/Barabama/FreeNodes/master/nodes/nodefree.txt (Caused by NameResolutionError("HTTPSConnection(host='mirror.ghproxy.com', port=443): Failed to resolve 'mirror.ghproxy.com' ([Errno -2] Name or service not known)")) — https://mirror.ghproxy.com/https://raw.githubusercontent.com/Barabama/FreeNodes/master/nodes/nodefree.txt
2026-06-27 19:23:51,068 | INFO     |   → 460/1305 ⚠️ Ошибка: HTTPSConnectionPool(host='mirror.ghproxy.com', port=443): Max retries exceeded with url: /https://raw.githubusercontent.com/Barabama/FreeNodes/master/nodes/openrunner.txt (Caused by NameResolutionError("HTTPSConnection(host='mirror.ghproxy.com', port=443): Failed to resolve 'mirror.ghproxy.com' ([Errno -2] Name or service not known)")) — https://mirror.ghproxy.com/https://raw.githubusercontent.com/Barabama/FreeNodes/master/nodes/openrunner.txt
2026-06-27 19:23:51,068 | INFO     |   → 461/1305 ⚠️ Ошибка: HTTPSConnectionPool(host='mirror.ghproxy.com', port=443): Max retries exceeded with url: /https://raw.githubusercontent.com/Barabama/FreeNodes/master/nodes/v2rayshare.txt (Caused by NameResolutionError("HTTPSConnection(host='mirror.ghproxy.com', port=443): Failed to resolve 'mirror.ghproxy.com' ([Errno -2] Name or service not known)")) — https://mirror.ghproxy.com/https://raw.githubusercontent.com/Barabama/FreeNodes/master/nodes/v2rayshare.txt
2026-06-27 19:23:51,068 | INFO     |   → 462/1305 ⚠️ Ошибка: HTTPSConnectionPool(host='mirror.ghproxy.com', port=443): Max retries exceeded with url: /https://raw.githubusercontent.com/Barabama/FreeNodes/master/nodes/wenode.txt (Caused by NameResolutionError("HTTPSConnection(host='mirror.ghproxy.com', port=443): Failed to resolve 'mirror.ghproxy.com' ([Errno -2] Name or service not known)")) — https://mirror.ghproxy.com/https://raw.githubusercontent.com/Barabama/FreeNodes/master/nodes/wenode.txt
2026-06-27 19:23:51,068 | INFO     |   → 463/1305 ⚠️ Ошибка: HTTPSConnectionPool(host='mirror.ghproxy.com', port=443): Max retries exceeded with url: /https://raw.githubusercontent.com/Barabama/FreeNodes/master/nodes/yudou66.txt (Caused by NameResolutionError("HTTPSConnection(host='mirror.ghproxy.com', port=443): Failed to resolve 'mirror.ghproxy.com' ([Errno -2] Name or service not known)")) — https://mirror.ghproxy.com/https://raw.githubusercontent.com/Barabama/FreeNodes/master/nodes/yudou66.txt
2026-06-27 19:23:51,068 | INFO     |   → 464/1305: ✅ 7 взято | 🗑️ 17 мусор
2026-06-27 19:23:51,068 | INFO     |   → 465/1305: ✅ 0 взято | 🗑️ 17 мусор
2026-06-27 19:23:51,068 | INFO     |   → 466/1305: ✅ 14 взято | 🗑️ 14 мусор
2026-06-27 19:23:51,069 | INFO     |   → 467/1305: ✅ 0 взято | 🗑️ 14 мусор
2026-06-27 19:23:51,069 | INFO     |   → 468/1305: ✅ 0 взято | 🗑️ 14 мусор
2026-06-27 19:23:51,069 | INFO     |   → 469/1305: ✅ 0 взято | 🗑️ 14 мусор
2026-06-27 19:23:51,069 | INFO     |   → 470/1305: ✅ 0 взято | 🗑️ 14 мусор
2026-06-27 19:23:51,069 | INFO     |   → 471/1305: ✅ 0 взято | 🗑️ 14 мусор
2026-06-27 19:23:51,069 | INFO     |   → 472/1305: ✅ 0 взято | 🗑️ 14 мусор
2026-06-27 19:23:51,069 | INFO     |   → 473/1305: ✅ 0 взято | 🗑️ 14 мусор
2026-06-27 19:23:51,069 | INFO     |   → 474/1305: ✅ 0 взято | 🗑️ 14 мусор
2026-06-27 19:23:51,069 | INFO     |   → 475/1305: ✅ 7 взято | 🗑️ 21 мусор
2026-06-27 19:23:51,069 | INFO     |   → 476/1305: ✅ 0 взято | 🗑️ 21 мусор
2026-06-27 19:23:51,069 | INFO     |   → 477/1305: ✅ 0 взято | 🗑️ 21 мусор
2026-06-27 19:23:51,069 | INFO     |   → 478/1305: ✅ 0 взято | 🗑️ 21 мусор
2026-06-27 19:23:51,069 | INFO     |   → 479/1305: ✅ 0 взято | 🗑️ 21 мусор
2026-06-27 19:23:51,069 | INFO     |   → 480/1305: ✅ 0 взято | 🗑️ 21 мусор
2026-06-27 19:23:51,069 | INFO     |   → 481/1305: ✅ 0 взято | 🗑️ 21 мусор
2026-06-27 19:23:51,069 | INFO     |   → 482/1305: ✅ 0 взято | 🗑️ 21 мусор
2026-06-27 19:23:51,069 | INFO     |   → 483/1305: ✅ 0 взято | 🗑️ 21 мусор
2026-06-27 19:23:51,069 | INFO     |   → 484/1305: ✅ 0 взято | 🗑️ 21 мусор
2026-06-27 19:23:51,069 | INFO     |   → 485/1305: ✅ 0 взято | 🗑️ 21 мусор
2026-06-27 19:23:51,069 | INFO     |   → 486/1305: ✅ 5 взято | 🗑️ 15 мусор
2026-06-27 19:23:51,069 | INFO     |   → 487/1305: ✅ 0 взято | 🗑️ 15 мусор
2026-06-27 19:23:51,069 | INFO     |   → 488/1305: ✅ 0 взято | 🗑️ 15 мусор
2026-06-27 19:23:51,069 | INFO     |   → 489/1305: ✅ 0 взято | 🗑️ 15 мусор
2026-06-27 19:23:51,069 | INFO     |   → 490/1305: ✅ 0 взято | 🗑️ 15 мусор
2026-06-27 19:23:51,069 | INFO     |   → 491/1305: ✅ 0 взято | 🗑️ 15 мусор
2026-06-27 19:23:51,069 | INFO     |   → 492/1305: ✅ 0 взято | 🗑️ 15 мусор
2026-06-27 19:23:51,069 | INFO     |   → 493/1305: ✅ 0 взято | 🗑️ 15 мусор
2026-06-27 19:23:51,069 | INFO     |   → 494/1305: ✅ 0 взято | 🗑️ 15 мусор
2026-06-27 19:23:51,069 | INFO     |   → 495/1305: ✅ 0 взято | 🗑️ 14 мусор
2026-06-27 19:23:51,069 | INFO     |   → 496/1305: ✅ 0 взято | 🗑️ 14 мусор
2026-06-27 19:23:51,069 | INFO     |   → 497/1305: ✅ 0 взято | 🗑️ 14 мусор
2026-06-27 19:23:51,070 | INFO     |   → 498/1305: ✅ 0 взято | 🗑️ 14 мусор
2026-06-27 19:23:51,070 | INFO     |   → 499/1305: ✅ 6 взято | 🗑️ 17 мусор
2026-06-27 19:23:51,070 | INFO     |   → 500/1305: ✅ 0 взято | 🗑️ 17 мусор
2026-06-27 19:23:51,070 | INFO     |   → 501/1305: ✅ 0 взято | 🗑️ 17 мусор
2026-06-27 19:23:51,070 | INFO     |   → 502/1305: ✅ 0 взято | 🗑️ 17 мусор
2026-06-27 19:23:51,070 | INFO     |   → 503/1305: ✅ 0 взято | 🗑️ 17 мусор
2026-06-27 19:23:51,070 | INFO     |   → 504/1305: ✅ 0 взято | 🗑️ 17 мусор
2026-06-27 19:23:51,070 | INFO     |   → 505/1305: ✅ 6 взято | 🗑️ 24 мусор
2026-06-27 19:23:51,070 | INFO     |   → 506/1305: ✅ 0 взято | 🗑️ 24 мусор
2026-06-27 19:23:51,070 | INFO     |   → 507/1305: ✅ 0 взято | 🗑️ 24 мусор
2026-06-27 19:23:51,070 | INFO     |   → 508/1305: ✅ 0 взято | 🗑️ 24 мусор
2026-06-27 19:23:51,070 | INFO     |   → 509/1305: ✅ 0 взято | 🗑️ 24 мусор
2026-06-27 19:23:51,070 | INFO     |   → 510/1305: ✅ 0 взято | 🗑️ 24 мусор
2026-06-27 19:23:51,070 | INFO     |   → 511/1305: ✅ 0 взято | 🗑️ 24 мусор
2026-06-27 19:23:51,070 | INFO     |   → 512/1305: ✅ 0 взято | 🗑️ 24 мусор
2026-06-27 19:23:51,070 | INFO     |   → 513/1305: ✅ 0 взято | 🗑️ 24 мусор
2026-06-27 19:23:51,070 | INFO     |   → 514/1305: ✅ 0 взято | 🗑️ 24 мусор
2026-06-27 19:23:51,070 | INFO     |   → 515/1305: ✅ 0 взято | 🗑️ 24 мусор
2026-06-27 19:23:51,070 | INFO     |   → 516/1305: ✅ 13 взято | 🗑️ 7 мусор
2026-06-27 19:23:51,070 | INFO     |   → 517/1305: ✅ 0 взято | 🗑️ 7 мусор
2026-06-27 19:23:51,070 | INFO     |   → 518/1305: ✅ 0 взято | 🗑️ 7 мусор
2026-06-27 19:23:51,070 | INFO     |   → 519/1305: ✅ 0 взято | 🗑️ 7 мусор
2026-06-27 19:23:51,070 | INFO     |   → 520/1305: ✅ 0 взято | 🗑️ 7 мусор
2026-06-27 19:23:51,070 | INFO     |   → 521/1305: ✅ 0 взято | 🗑️ 7 мусор
2026-06-27 19:23:51,070 | INFO     |   → 522/1305: ✅ 0 взято | 🗑️ 7 мусор
2026-06-27 19:23:51,070 | INFO     |   → 523/1305: ✅ 0 взято | 🗑️ 7 мусор
2026-06-27 19:23:51,071 | INFO     |   → 524/1305: ✅ 0 взято | 🗑️ 7 мусор
2026-06-27 19:23:51,071 | INFO     |   → 525/1305: ✅ 0 взято | 🗑️ 7 мусор
2026-06-27 19:23:51,071 | INFO     |   → 526/1305: ✅ 5 взято | 🗑️ 9 мусор
2026-06-27 19:23:51,071 | INFO     |   → 527/1305: ✅ 0 взято | 🗑️ 9 мусор
2026-06-27 19:23:51,071 | INFO     |   → 528/1305: ✅ 0 взято | 🗑️ 9 мусор
2026-06-27 19:23:51,071 | INFO     |   → 529/1305: ✅ 0 взято | 🗑️ 9 мусор
2026-06-27 19:23:51,071 | INFO     |   → 530/1305: ✅ 0 взято | 🗑️ 9 мусор
2026-06-27 19:23:51,071 | INFO     |   → 531/1305: ✅ 0 взято | 🗑️ 9 мусор
2026-06-27 19:23:51,071 | INFO     |   → 532/1305: ✅ 0 взято | 🗑️ 9 мусор
2026-06-27 19:23:51,071 | INFO     |   → 533/1305: ✅ 0 взято | 🗑️ 9 мусор
2026-06-27 19:23:51,071 | INFO     |   → 534/1305: ✅ 0 взято | 🗑️ 9 мусор
2026-06-27 19:23:51,071 | INFO     |   → 535/1305: ✅ 0 взято | 🗑️ 9 мусор
2026-06-27 19:23:51,071 | INFO     |   → 536/1305: ✅ 13 взято | 🗑️ 10 мусор
2026-06-27 19:23:51,071 | INFO     |   → 537/1305: ✅ 0 взято | 🗑️ 10 мусор
2026-06-27 19:23:51,071 | INFO     |   → 538/1305: ✅ 0 взято | 🗑️ 10 мусор
2026-06-27 19:23:51,071 | INFO     |   → 539/1305: ✅ 0 взято | 🗑️ 10 мусор
2026-06-27 19:23:51,071 | INFO     |   → 540/1305: ✅ 0 взято | 🗑️ 10 мусор
2026-06-27 19:23:51,071 | INFO     |   → 541/1305: ✅ 0 взято | 🗑️ 10 мусор
2026-06-27 19:23:51,071 | INFO     |   → 542/1305: ✅ 0 взято | 🗑️ 10 мусор
2026-06-27 19:23:51,071 | INFO     |   → 543/1305 ❌ HTTP 403 — https://nodefree.org/dy/2023/08/20230806.yaml
2026-06-27 19:23:51,071 | INFO     |   → 544/1305 ❌ HTTP 403 — https://nodefree.org/dy/2023/12/20231221.txt
2026-06-27 19:23:51,071 | INFO     |   → 545/1305: ✅ 0 взято | 🗑️ 17 мусор
2026-06-27 19:23:51,071 | INFO     |   → 546/1305: ✅ 0 взято | 🗑️ 17 мусор
2026-06-27 19:23:51,071 | INFO     |   → 547/1305: ✅ 0 взято | 🗑️ 14 мусор
2026-06-27 19:23:51,071 | INFO     |   → 548/1305: ✅ 0 взято | 🗑️ 14 мусор
2026-06-27 19:23:51,071 | INFO     |   → 549/1305: ✅ 0 взято | 🗑️ 14 мусор
2026-06-27 19:23:51,071 | INFO     |   → 550/1305: ✅ 0 взято | 🗑️ 14 мусор
2026-06-27 19:23:51,072 | INFO     |   → 551/1305: ✅ 0 взято | 🗑️ 14 мусор
2026-06-27 19:23:51,072 | INFO     |   → 552/1305: ✅ 0 взято | 🗑️ 14 мусор
2026-06-27 19:23:51,072 | INFO     |   → 553/1305: ✅ 0 взято | 🗑️ 14 мусор
2026-06-27 19:23:51,072 | INFO     |   → 554/1305: ✅ 0 взято | 🗑️ 14 мусор
2026-06-27 19:23:51,072 | INFO     |   → 555/1305: ✅ 0 взято | 🗑️ 14 мусор
2026-06-27 19:23:51,072 | INFO     |   → 556/1305: ✅ 0 взято | 🗑️ 21 мусор
2026-06-27 19:23:51,072 | INFO     |   → 557/1305: ✅ 0 взято | 🗑️ 21 мусор
2026-06-27 19:23:51,072 | INFO     |   → 558/1305: ✅ 0 взято | 🗑️ 21 мусор
2026-06-27 19:23:51,072 | INFO     |   → 559/1305: ✅ 0 взято | 🗑️ 21 мусор
2026-06-27 19:23:51,072 | INFO     |   → 560/1305: ✅ 0 взято | 🗑️ 21 мусор
2026-06-27 19:23:51,072 | INFO     |   → 561/1305: ✅ 0 взято | 🗑️ 21 мусор
2026-06-27 19:23:51,072 | INFO     |   → 562/1305: ✅ 0 взято | 🗑️ 21 мусор
2026-06-27 19:23:51,072 | INFO     |   → 563/1305: ✅ 0 взято | 🗑️ 21 мусор
2026-06-27 19:23:51,072 | INFO     |   → 564/1305: ✅ 0 взято | 🗑️ 21 мусор
2026-06-27 19:23:51,072 | INFO     |   → 565/1305: ✅ 0 взято | 🗑️ 21 мусор
2026-06-27 19:23:51,072 | INFO     |   → 566/1305: ✅ 0 взято | 🗑️ 21 мусор
2026-06-27 19:23:51,072 | INFO     |   → 567/1305: ✅ 0 взято | 🗑️ 15 мусор
2026-06-27 19:23:51,072 | INFO     |   → 568/1305: ✅ 0 взято | 🗑️ 15 мусор
2026-06-27 19:23:51,072 | INFO     |   → 569/1305: ✅ 0 взято | 🗑️ 15 мусор
2026-06-27 19:23:51,072 | INFO     |   → 570/1305: ✅ 0 взято | 🗑️ 15 мусор
2026-06-27 19:23:51,072 | INFO     |   → 571/1305: ✅ 0 взято | 🗑️ 15 мусор
2026-06-27 19:23:51,072 | INFO     |   → 572/1305: ✅ 0 взято | 🗑️ 15 мусор
2026-06-27 19:23:51,072 | INFO     |   → 573/1305: ✅ 0 взято | 🗑️ 15 мусор
2026-06-27 19:23:51,072 | INFO     |   → 574/1305: ✅ 0 взято | 🗑️ 15 мусор
2026-06-27 19:23:51,072 | INFO     |   → 575/1305: ✅ 0 взято | 🗑️ 15 мусор
2026-06-27 19:23:51,072 | INFO     |   → 576/1305: ✅ 0 взято | 🗑️ 15 мусор
2026-06-27 19:23:51,072 | INFO     |   → 577/1305: ✅ 0 взято | 🗑️ 14 мусор
2026-06-27 19:23:51,073 | INFO     |   → 578/1305: ✅ 0 взято | 🗑️ 14 мусор
2026-06-27 19:23:51,073 | INFO     |   → 579/1305: ✅ 0 взято | 🗑️ 14 мусор
2026-06-27 19:23:51,073 | INFO     |   → 580/1305: ✅ 0 взято | 🗑️ 14 мусор
2026-06-27 19:23:51,073 | INFO     |   → 581/1305: ✅ 0 взято | 🗑️ 17 мусор
2026-06-27 19:23:51,073 | INFO     |   → 582/1305: ✅ 0 взято | 🗑️ 17 мусор
2026-06-27 19:23:51,073 | INFO     |   → 583/1305: ✅ 0 взято | 🗑️ 17 мусор
2026-06-27 19:23:51,073 | INFO     |   → 584/1305: ✅ 0 взято | 🗑️ 17 мусор
2026-06-27 19:23:51,073 | INFO     |   → 585/1305: ✅ 0 взято | 🗑️ 17 мусор
2026-06-27 19:23:51,073 | INFO     |   → 586/1305: ✅ 0 взято | 🗑️ 24 мусор
2026-06-27 19:23:51,073 | INFO     |   → 587/1305: ✅ 0 взято | 🗑️ 24 мусор
2026-06-27 19:23:51,073 | INFO     |   → 588/1305: ✅ 0 взято | 🗑️ 24 мусор
2026-06-27 19:23:51,073 | INFO     |   → 589/1305: ✅ 0 взято | 🗑️ 24 мусор
2026-06-27 19:23:51,073 | INFO     |   → 590/1305: ✅ 0 взято | 🗑️ 24 мусор
2026-06-27 19:23:51,073 | INFO     |   → 591/1305: ✅ 0 взято | 🗑️ 24 мусор
2026-06-27 19:23:51,073 | INFO     |   → 592/1305: ✅ 0 взято | 🗑️ 24 мусор
2026-06-27 19:23:51,073 | INFO     |   → 593/1305: ✅ 0 взято | 🗑️ 24 мусор
2026-06-27 19:23:51,073 | INFO     |   → 594/1305: ✅ 0 взято | 🗑️ 24 мусор
2026-06-27 19:23:51,073 | INFO     |   → 595/1305: ✅ 0 взято | 🗑️ 24 мусор
2026-06-27 19:23:51,073 | INFO     |   → 596/1305: ✅ 0 взято | 🗑️ 24 мусор
2026-06-27 19:23:51,073 | INFO     |   → 597/1305: ✅ 0 взято | 🗑️ 7 мусор
2026-06-27 19:23:51,073 | INFO     |   → 598/1305: ✅ 0 взято | 🗑️ 7 мусор
2026-06-27 19:23:51,073 | INFO     |   → 599/1305: ✅ 0 взято | 🗑️ 7 мусор
2026-06-27 19:23:51,073 | INFO     |   → 600/1305: ✅ 0 взято | 🗑️ 7 мусор
2026-06-27 19:23:51,073 | INFO     |   → 601/1305: ✅ 0 взято | 🗑️ 7 мусор
2026-06-27 19:23:51,073 | INFO     |   → 602/1305: ✅ 0 взято | 🗑️ 7 мусор
2026-06-27 19:23:51,073 | INFO     |   → 603/1305: ✅ 0 взято | 🗑️ 7 мусор
2026-06-27 19:23:51,073 | INFO     |   → 604/1305: ✅ 0 взято | 🗑️ 7 мусор
2026-06-27 19:23:51,073 | INFO     |   → 605/1305: ✅ 0 взято | 🗑️ 7 мусор
2026-06-27 19:23:51,074 | INFO     |   → 606/1305: ✅ 0 взято | 🗑️ 7 мусор
2026-06-27 19:23:51,074 | INFO     |   → 607/1305: ✅ 0 взято | 🗑️ 9 мусор
2026-06-27 19:23:51,074 | INFO     |   → 608/1305: ✅ 0 взято | 🗑️ 9 мусор
2026-06-27 19:23:51,074 | INFO     |   → 609/1305: ✅ 0 взято | 🗑️ 9 мусор
2026-06-27 19:23:51,074 | INFO     |   → 610/1305: ✅ 0 взято | 🗑️ 9 мусор
2026-06-27 19:23:51,074 | INFO     |   → 611/1305: ✅ 0 взято | 🗑️ 9 мусор
2026-06-27 19:23:51,074 | INFO     |   → 612/1305: ✅ 0 взято | 🗑️ 9 мусор
2026-06-27 19:23:51,074 | INFO     |   → 613/1305: ✅ 0 взято | 🗑️ 9 мусор
2026-06-27 19:23:51,074 | INFO     |   → 614/1305: ✅ 0 взято | 🗑️ 9 мусор
2026-06-27 19:23:51,074 | INFO     |   → 615/1305: ✅ 0 взято | 🗑️ 9 мусор
2026-06-27 19:23:51,074 | INFO     |   → 616/1305: ✅ 0 взято | 🗑️ 9 мусор
2026-06-27 19:23:51,074 | INFO     |   → 617/1305: ✅ 0 взято | 🗑️ 10 мусор
2026-06-27 19:23:51,074 | INFO     |   → 618/1305: ✅ 0 взято | 🗑️ 10 мусор
2026-06-27 19:23:51,074 | INFO     |   → 619/1305: ✅ 0 взято | 🗑️ 10 мусор
2026-06-27 19:23:51,074 | INFO     |   → 620/1305: ✅ 0 взято | 🗑️ 10 мусор
2026-06-27 19:23:51,074 | INFO     |   → 621/1305: ✅ 0 взято | 🗑️ 10 мусор
2026-06-27 19:23:51,074 | INFO     |   → 622/1305: ✅ 0 взято | 🗑️ 10 мусор
2026-06-27 19:23:51,074 | INFO     |   → 623/1305: ✅ 0 взято | 🗑️ 10 мусор
2026-06-27 19:23:51,074 | INFO     |   → 624/1305: ✅ 0 взято | 🗑️ 0 мусор
2026-06-27 19:23:51,074 | INFO     |   → 625/1305: ✅ 0 взято | 🗑️ 0 мусор
2026-06-27 19:23:51,074 | INFO     |   → 626/1305: ✅ 0 взято | 🗑️ 0 мусор
2026-06-27 19:23:51,074 | INFO     |   → 627/1305: ✅ 0 взято | 🗑️ 0 мусор
2026-06-27 19:23:51,074 | INFO     |   → 628/1305: ✅ 0 взято | 🗑️ 0 мусор
2026-06-27 19:23:51,074 | INFO     |   → 629/1305: ✅ 0 взято | 🗑️ 0 мусор
2026-06-27 19:23:51,074 | INFO     |   → 630/1305: ✅ 0 взято | 🗑️ 0 мусор
2026-06-27 19:23:51,074 | INFO     |   → 631/1305: ✅ 0 взято | 🗑️ 0 мусор
2026-06-27 19:23:51,074 | INFO     |   → 632/1305: ✅ 0 взято | 🗑️ 0 мусор
2026-06-27 19:23:51,075 | INFO     |   → 633/1305: ✅ 0 взято | 🗑️ 0 мусор
2026-06-27 19:23:51,075 | INFO     |   → 634/1305: ✅ 0 взято | 🗑️ 0 мусор
2026-06-27 19:23:51,075 | INFO     |   → 635/1305: ✅ 0 взято | 🗑️ 0 мусор
2026-06-27 19:23:51,075 | INFO     |   → 636/1305 ❌ HTTP 404 — https://raw.githubusercontent.com/10ium/MihomoSaz/main/Sublist/shatakvpn.yaml4_Sub.txt
2026-06-27 19:23:51,075 | INFO     |   → 637/1305: ✅ 0 взято | 🗑️ 0 мусор
2026-06-27 19:23:51,075 | INFO     |   → 638/1305: ✅ 0 взято | 🗑️ 0 мусор
2026-06-27 19:23:51,075 | INFO     |   → 639/1305: ✅ 167 взято | 🗑️ 672 мусор
2026-06-27 19:23:51,075 | INFO     |   → 640/1305: ✅ 0 взято | 🗑️ 0 мусор
2026-06-27 19:23:51,075 | INFO     |   → 641/1305: ✅ 0 взято | 🗑️ 0 мусор
2026-06-27 19:23:51,075 | INFO     |   → 642/1305: ✅ 11 взято | 🗑️ 399 мусор
2026-06-27 19:23:51,075 | INFO     |   → 643/1305: ✅ 0 взято | 🗑️ 0 мусор
2026-06-27 19:23:51,075 | INFO     |   → 644/1305 ❌ HTTP 404 — https://raw.githubusercontent.com/9Fork/openit/main/Clash.yaml
2026-06-27 19:23:51,075 | INFO     |   → 645/1305: ✅ 160 взято | 🗑️ 616 мусор
2026-06-27 19:23:51,075 | INFO     |   → 646/1305: ✅ 0 взято | 🗑️ 616 мусор
2026-06-27 19:23:51,075 | INFO     |   → 647/1305: ✅ 19 взято | 🗑️ 81 мусор
2026-06-27 19:23:51,075 | INFO     |   → 648/1305: ✅ 11 взято | 🗑️ 87 мусор
2026-06-27 19:23:51,075 | INFO     |   → 649/1305: ✅ 27 взято | 🗑️ 73 мусор
2026-06-27 19:23:51,075 | INFO     |   → 650/1305: ✅ 13 взято | 🗑️ 75 мусор
2026-06-27 19:23:51,075 | INFO     |   → 651/1305: ✅ 10 взято | 🗑️ 83 мусор
2026-06-27 19:23:51,075 | INFO     |   → 652/1305: ✅ 12 взято | 🗑️ 86 мусор
2026-06-27 19:23:51,075 | INFO     |   → 653/1305: ✅ 11 взято | 🗑️ 87 мусор
2026-06-27 19:23:51,075 | INFO     |   → 654/1305: ✅ 11 взято | 🗑️ 80 мусор
2026-06-27 19:23:51,075 | INFO     |   → 655/1305: ✅ 9 взято | 🗑️ 82 мусор
2026-06-27 19:23:51,075 | INFO     |   → 656/1305: ✅ 69 взято | 🗑️ 3 мусор
2026-06-27 19:23:51,075 | INFO     |   → 657/1305: ✅ 3 взято | 🗑️ 75 мусор
2026-06-27 19:23:51,075 | INFO     |   → 658/1305: ✅ 4 взято | 🗑️ 69 мусор
2026-06-27 19:23:51,075 | INFO     |   → 659/1305: ✅ 4 взято | 🗑️ 80 мусор
2026-06-27 19:23:51,076 | INFO     |   → 660/1305: ✅ 6 взято | 🗑️ 81 мусор
2026-06-27 19:23:51,076 | INFO     |   → 661/1305: ✅ 5 взято | 🗑️ 79 мусор
2026-06-27 19:23:51,076 | INFO     |   → 662/1305: ✅ 11 взято | 🗑️ 78 мусор
2026-06-27 19:23:51,076 | INFO     |   → 663/1305: ✅ 3 взято | 🗑️ 83 мусор
2026-06-27 19:23:51,076 | INFO     |   → 664/1305: ✅ 14 взято | 🗑️ 76 мусор
2026-06-27 19:23:51,076 | INFO     |   → 665/1305: ✅ 12 взято | 🗑️ 78 мусор
2026-06-27 19:23:51,076 | INFO     |   → 666/1305: ✅ 26 взято | 🗑️ 218 мусор
2026-06-27 19:23:51,076 | INFO     |   → 667/1305: ✅ 44 взято | 🗑️ 141 мусор
2026-06-27 19:23:51,076 | INFO     |   → 668/1305: ✅ 10 взято | 🗑️ 71 мусор
2026-06-27 19:23:51,076 | INFO     |   → 669/1305: ✅ 2 взято | 🗑️ 88 мусор
2026-06-27 19:23:51,076 | INFO     |   → 670/1305: ✅ 0 взято | 🗑️ 3 мусор
2026-06-27 19:23:51,076 | INFO     |   → 671/1305: ✅ 14 взято | 🗑️ 4 мусор
2026-06-27 19:23:51,076 | INFO     |   → 672/1305: ✅ 690 взято | 🗑️ 2188 мусор
2026-06-27 19:23:51,076 | INFO     |   → 673/1305 ❌ HTTP 404 — https://raw.githubusercontent.com/Alvin9999/pac2/master/clash/1/config.yaml
2026-06-27 19:23:51,076 | INFO     |   → 674/1305 ❌ HTTP 404 — https://raw.githubusercontent.com/AmirHDevo/temp2/7f15e7ddb311a6f8c5ab338bd1af0e1f2136a84b/configs.txt
2026-06-27 19:23:51,076 | INFO     |   → 675/1305: ✅ 47 взято | 🗑️ 484 мусор
2026-06-27 19:23:51,076 | INFO     |   → 676/1305: ✅ 11054 взято | 🗑️ 170710 мусор
2026-06-27 19:23:51,076 | INFO     |   → 677/1305: ✅ 5 взято | 🗑️ 47 мусор
2026-06-27 19:23:51,076 | INFO     |   → 678/1305: ✅ 0 взято | 🗑️ 64 мусор
2026-06-27 19:23:51,076 | INFO     |   → 679/1305: ✅ 21 взято | 🗑️ 107 мусор
2026-06-27 19:23:51,076 | INFO     |   → 680/1305: ✅ 78 взято | 🗑️ 347 мусор
2026-06-27 19:23:51,076 | INFO     |   → 681/1305: ✅ 0 взято | 🗑️ 1373 мусор
2026-06-27 19:23:51,076 | INFO     |   → 682/1305: ✅ 323 взято | 🗑️ 391 мусор
2026-06-27 19:23:51,076 | INFO     |   → 683/1305: ✅ 0 взято | 🗑️ 6 мусор
2026-06-27 19:23:51,076 | INFO     |   → 684/1305: ✅ 0 взято | 🗑️ 0 мусор
2026-06-27 19:23:51,076 | INFO     |   → 685/1305: ✅ 1 взято | 🗑️ 235 мусор
2026-06-27 19:23:51,076 | INFO     |   → 686/1305: ✅ 0 взято | 🗑️ 16 мусор
2026-06-27 19:23:51,076 | INFO     |   → 687/1305: ✅ 0 взято | 🗑️ 0 мусор
2026-06-27 19:23:51,077 | INFO     |   → 688/1305: ✅ 0 взято | 🗑️ 14 мусор
2026-06-27 19:23:51,077 | INFO     |   → 689/1305: ✅ 0 взято | 🗑️ 0 мусор
2026-06-27 19:23:51,077 | INFO     |   → 690/1305: ✅ 0 взято | 🗑️ 17 мусор
2026-06-27 19:23:51,077 | INFO     |   → 691/1305: ✅ 0 взято | 🗑️ 0 мусор
2026-06-27 19:23:51,077 | INFO     |   → 692/1305: ✅ 1 взято | 🗑️ 12 мусор
2026-06-27 19:23:51,077 | INFO     |   → 693/1305: ✅ 0 взято | 🗑️ 0 мусор
2026-06-27 19:23:51,077 | INFO     |   → 694/1305: ✅ 0 взято | 🗑️ 17 мусор
2026-06-27 19:23:51,077 | INFO     |   → 695/1305: ✅ 0 взято | 🗑️ 0 мусор
2026-06-27 19:23:51,077 | INFO     |   → 696/1305: ✅ 0 взято | 🗑️ 17 мусор
2026-06-27 19:23:51,077 | INFO     |   → 697/1305: ✅ 0 взято | 🗑️ 0 мусор
2026-06-27 19:23:51,077 | INFO     |   → 698/1305: ✅ 0 взято | 🗑️ 161 мусор
2026-06-27 19:23:51,077 | INFO     |   → 699/1305: ✅ 0 взято | 🗑️ 0 мусор
2026-06-27 19:23:51,077 | INFO     |   → 700/1305: ✅ 5 взято | 🗑️ 76 мусор
2026-06-27 19:23:51,077 | INFO     |   → 701/1305: ✅ 80 взято | 🗑️ 1110 мусор
2026-06-27 19:23:51,077 | INFO     |   → 702/1305: ✅ 5 взято | 🗑️ 13 мусор
2026-06-27 19:23:51,077 | INFO     |   → 703/1305 ❌ HTTP 404 — https://raw.githubusercontent.com/Epodonios/bulk-xray-v2ray-vless-vmess-...-configs/main/sub/Austria/config.txt
2026-06-27 19:23:51,077 | INFO     |   → 704/1305 ❌ HTTP 404 — https://raw.githubusercontent.com/Epodonios/bulk-xray-v2ray-vless-vmess-...-configs/main/sub/Canada/config.txt
2026-06-27 19:23:51,077 | INFO     |   → 705/1305 ❌ HTTP 404 — https://raw.githubusercontent.com/Epodonios/bulk-xray-v2ray-vless-vmess-...-configs/main/sub/Costa%20Rica/config.txt
2026-06-27 19:23:51,077 | INFO     |   → 706/1305 ❌ HTTP 404 — https://raw.githubusercontent.com/Epodonios/bulk-xray-v2ray-vless-vmess-...-configs/main/sub/France/config.txt
2026-06-27 19:23:51,077 | INFO     |   → 707/1305 ❌ HTTP 404 — https://raw.githubusercontent.com/Epodonios/bulk-xray-v2ray-vless-vmess-...-configs/main/sub/Germany/config.txt
2026-06-27 19:23:51,077 | INFO     |   → 708/1305 ❌ HTTP 404 — https://raw.githubusercontent.com/Epodonios/bulk-xray-v2ray-vless-vmess-...-configs/main/sub/Indonesia/config.txt
2026-06-27 19:23:51,077 | INFO     |   → 709/1305 ❌ HTTP 404 — https://raw.githubusercontent.com/Epodonios/bulk-xray-v2ray-vless-vmess-...-configs/main/sub/Ireland/config.txt
2026-06-27 19:23:51,077 | INFO     |   → 710/1305 ❌ HTTP 404 — https://raw.githubusercontent.com/Epodonios/bulk-xray-v2ray-vless-vmess-...-configs/main/sub/Republic%20of%20Lithuania/config.txt
2026-06-27 19:23:51,077 | INFO     |   → 711/1305 ❌ HTTP 404 — https://raw.githubusercontent.com/Epodonios/bulk-xray-v2ray-vless-vmess-...-configs/main/sub/South%20Africa/config.txt
2026-06-27 19:23:51,077 | INFO     |   → 712/1305 ❌ HTTP 404 — https://raw.githubusercontent.com/Epodonios/bulk-xray-v2ray-vless-vmess-...-configs/main/sub/Sweden/config.txt
2026-06-27 19:23:51,077 | INFO     |   → 713/1305 ❌ HTTP 404 — https://raw.githubusercontent.com/Epodonios/bulk-xray-v2ray-vless-vmess-...-configs/main/sub/Turkey/config.txt
2026-06-27 19:23:51,078 | INFO     |   → 714/1305 ❌ HTTP 404 — https://raw.githubusercontent.com/Epodonios/bulk-xray-v2ray-vless-vmess-...-configs/main/sub/United%20Arab%20Emirates/config.txt
2026-06-27 19:23:51,078 | INFO     |   → 715/1305 ❌ HTTP 404 — https://raw.githubusercontent.com/Epodonios/bulk-xray-v2ray-vless-vmess-...-configs/main/sub/United%20Kingdom/config.txt
2026-06-27 19:23:51,078 | INFO     |   → 716/1305 ❌ HTTP 404 — https://raw.githubusercontent.com/Epodonios/bulk-xray-v2ray-vless-vmess-...-configs/main/sub/United%20States/config.txt
2026-06-27 19:23:51,078 | INFO     |   → 717/1305: ✅ 724 взято | 🗑️ 6603 мусор
2026-06-27 19:23:51,078 | INFO     |   → 718/1305 ❌ HTTP 404 — https://raw.githubusercontent.com/Epodonios/v2ray-configs/main/Splitted-By-Protocol/mix.txt
2026-06-27 19:23:51,078 | INFO     |   → 719/1305: ✅ 1 взято | 🗑️ 472 мусор
2026-06-27 19:23:51,078 | INFO     |   → 720/1305: ✅ 0 взято | 🗑️ 0 мусор
2026-06-27 19:23:51,078 | INFO     |   → 721/1305: ✅ 0 взято | 🗑️ 1101 мусор
2026-06-27 19:23:51,078 | INFO     |   → 722/1305: ✅ 16 взято | 🗑️ 4340 мусор
2026-06-27 19:23:51,078 | INFO     |   → 723/1305: ✅ 9 взято | 🗑️ 667 мусор
2026-06-27 19:23:51,078 | INFO     |   → 724/1305 ❌ HTTP 404 — https://raw.githubusercontent.com/Epodonios/v2ray-configs/raw/main/Splitted-By-Protocol/trojan.txt
2026-06-27 19:23:51,078 | INFO     |   → 725/1305 ❌ HTTP 404 — https://raw.githubusercontent.com/Epodonios/v2ray-configs/raw/main/Splitted-By-Protocol/vmess.txt
2026-06-27 19:23:51,078 | INFO     |   → 726/1305: ✅ 0 взято | 🗑️ 472 мусор
2026-06-27 19:23:51,078 | INFO     |   → 727/1305: ✅ 0 взято | 🗑️ 0 мусор
2026-06-27 19:23:51,078 | INFO     |   → 728/1305: ✅ 0 взято | 🗑️ 1101 мусор
2026-06-27 19:23:51,078 | INFO     |   → 729/1305: ✅ 0 взято | 🗑️ 4340 мусор
2026-06-27 19:23:51,078 | INFO     |   → 730/1305: ✅ 0 взято | 🗑️ 667 мусор
2026-06-27 19:23:51,078 | INFO     |   → 731/1305 ❌ HTTP 404 — https://raw.githubusercontent.com/Fido6/FreeNodes/57221e59caddde55ffdda21d491ae952cd608049/nodes/halekj.txt
2026-06-27 19:23:51,078 | INFO     |   → 732/1305 ❌ HTTP 404 — https://raw.githubusercontent.com/Fido6/FreeNodes/57221e59caddde55ffdda21d491ae952cd608049/nodes/kkzui.txt
2026-06-27 19:23:51,078 | INFO     |   → 733/1305 ❌ HTTP 404 — https://raw.githubusercontent.com/Fido6/FreeNodes/57221e59caddde55ffdda21d491ae952cd608049/nodes/wenode.txt
2026-06-27 19:23:51,078 | INFO     |   → 734/1305: ✅ 0 взято | 🗑️ 0 мусор
2026-06-27 19:23:51,078 | INFO     |   → 735/1305: ✅ 0 взято | 🗑️ 0 мусор
2026-06-27 19:23:51,078 | INFO     |   → 736/1305: ✅ 14 взято | 🗑️ 250 мусор
2026-06-27 19:23:51,078 | INFO     |   → 737/1305: ✅ 2 взято | 🗑️ 17 мусор
2026-06-27 19:23:51,078 | INFO     |   → 738/1305: ✅ 1 взято | 🗑️ 17 мусор
2026-06-27 19:23:51,078 | INFO     |   → 739/1305: ✅ 4 взято | 🗑️ 11 мусор
2026-06-27 19:23:51,079 | INFO     |   → 740/1305: ✅ 0 взято | 🗑️ 0 мусор
2026-06-27 19:23:51,079 | INFO     |   → 741/1305: ✅ 0 взято | 🗑️ 137 мусор
2026-06-27 19:23:51,079 | INFO     |   → 742/1305: ✅ 0 взято | 🗑️ 32 мусор
2026-06-27 19:23:51,079 | INFO     |   → 743/1305: ✅ 2 взято | 🗑️ 19 мусор
2026-06-27 19:23:51,079 | INFO     |   → 744/1305: ✅ 0 взято | 🗑️ 43 мусор
2026-06-27 19:23:51,079 | INFO     |   → 745/1305: ✅ 0 взято | 🗑️ 43 мусор
2026-06-27 19:23:51,079 | INFO     |   → 746/1305 ❌ HTTP 404 — https://raw.githubusercontent.com/Iran-v2ray/v2ray/main/v2ray
2026-06-27 19:23:51,079 | INFO     |   → 747/1305: ✅ 0 взято | 🗑️ 1 мусор
2026-06-27 19:23:51,079 | INFO     |   → 748/1305: ✅ 0 взято | 🗑️ 1 мусор
2026-06-27 19:23:51,079 | INFO     |   → 749/1305: ✅ 0 взято | 🗑️ 28 мусор
2026-06-27 19:23:51,079 | INFO     |   → 750/1305: ✅ 14 взято | 🗑️ 282 мусор
2026-06-27 19:23:51,079 | INFO     |   → 751/1305: ✅ 0 взято | 🗑️ 94 мусор
2026-06-27 19:23:51,079 | INFO     |   → 752/1305: ✅ 0 взято | 🗑️ 0 мусор
2026-06-27 19:23:51,079 | INFO     |   → 753/1305: ✅ 0 взято | 🗑️ 0 мусор
2026-06-27 19:23:51,079 | INFO     |   → 754/1305 ❌ HTTP 404 — https://raw.githubusercontent.com/Kwinshadow/TelegramV2rayCollector/raw/refs/heads/main/sublinks/mix.txt
2026-06-27 19:23:51,079 | INFO     |   → 755/1305 ❌ HTTP 404 — https://raw.githubusercontent.com/LalatinaHub/Mineral/raw/refs/heads/master/result/nodes
2026-06-27 19:23:51,079 | INFO     |   → 756/1305 ❌ HTTP 404 — https://raw.githubusercontent.com/Leon406/SubCrawler/main/sub/share/all3
2026-06-27 19:23:51,079 | INFO     |   → 757/1305 ❌ HTTP 404 — https://raw.githubusercontent.com/Leon406/SubCrawler/main/sub/share/all4
2026-06-27 19:23:51,079 | INFO     |   → 758/1305: ✅ 4 взято | 🗑️ 335 мусор
2026-06-27 19:23:51,079 | INFO     |   → 759/1305: ✅ 0 взято | 🗑️ 33 мусор
2026-06-27 19:23:51,079 | INFO     |   → 760/1305: ✅ 0 взято | 🗑️ 6 мусор
2026-06-27 19:23:51,079 | INFO     |   → 761/1305: ✅ 0 взято | 🗑️ 147 мусор
2026-06-27 19:23:51,079 | INFO     |   → 762/1305 ❌ HTTP 404 — https://raw.githubusercontent.com/M-Mashreghi/free-config-collector/main/Splitted-By-Protocol/ssr.txt
2026-06-27 19:23:51,079 | INFO     |   → 763/1305: ✅ 139 взято | 🗑️ 114 мусор
2026-06-27 19:23:51,079 | INFO     |   → 764/1305: ✅ 126 взято | 🗑️ 137 мусор
2026-06-27 19:23:51,079 | INFO     |   → 765/1305: ✅ 0 взято | 🗑️ 12 мусор
2026-06-27 19:23:51,079 | INFO     |   → 766/1305: ✅ 0 взято | 🗑️ 1 мусор
2026-06-27 19:23:51,080 | INFO     |   → 767/1305: ✅ 42 взято | 🗑️ 28 мусор
2026-06-27 19:23:51,080 | INFO     |   → 768/1305: ✅ 0 взято | 🗑️ 28 мусор
2026-06-27 19:23:51,080 | INFO     |   → 769/1305 ❌ HTTP 404 — https://raw.githubusercontent.com/MatinGhanbari/v2ray-configs/main/subscriptions/filtered/subs/hy2.txt
2026-06-27 19:23:51,080 | INFO     |   → 770/1305: ✅ 27 взято | 🗑️ 1182 мусор
2026-06-27 19:23:51,080 | INFO     |   → 771/1305 ❌ HTTP 404 — https://raw.githubusercontent.com/MatinGhanbari/v2ray-configs/main/subscriptions/filtered/subs/ssr.txt
2026-06-27 19:23:51,080 | INFO     |   → 772/1305: ✅ 55 взято | 🗑️ 533 мусор
2026-06-27 19:23:51,080 | INFO     |   → 773/1305 ❌ HTTP 404 — https://raw.githubusercontent.com/MatinGhanbari/v2ray-configs/main/subscriptions/filtered/subs/tuic.txt
2026-06-27 19:23:51,080 | INFO     |   → 774/1305: ✅ 21 взято | 🗑️ 396 мусор
2026-06-27 19:23:51,080 | INFO     |   → 775/1305: ✅ 249 взято | 🗑️ 1488 мусор
2026-06-27 19:23:51,080 | INFO     |   → 776/1305: ✅ 0 взято | 🗑️ 2 мусор
2026-06-27 19:23:51,080 | INFO     |   → 777/1305: ✅ 229 взято | 🗑️ 1721 мусор
2026-06-27 19:23:51,080 | INFO     |   → 778/1305: ✅ 0 взято | 🗑️ 817 мусор
2026-06-27 19:23:51,080 | INFO     |   → 779/1305: ✅ 0 взято | 🗑️ 817 мусор
2026-06-27 19:23:51,080 | INFO     |   → 780/1305: ✅ 0 взято | 🗑️ 134 мусор
2026-06-27 19:23:51,080 | INFO     |   → 781/1305: ✅ 0 взято | 🗑️ 2 мусор
2026-06-27 19:23:51,080 | INFO     |   → 782/1305: ✅ 0 взято | 🗑️ 694 мусор
2026-06-27 19:23:51,080 | INFO     |   → 783/1305: ✅ 0 взято | 🗑️ 82 мусор
2026-06-27 19:23:51,080 | INFO     |   → 784/1305 ❌ HTTP 404 — https://raw.githubusercontent.com/MhdiTaheri/V2rayCollector/raw/refs/heads/main/sub/mix
2026-06-27 19:23:51,080 | INFO     |   → 785/1305: ✅ 53 взято | 🗑️ 267 мусор
2026-06-27 19:23:51,080 | INFO     |   → 786/1305 ❌ HTTP 404 — https://raw.githubusercontent.com/MhdiTaheri/V2rayCollector_Py/raw/refs/heads/main/sub/Mix/mix.txt
2026-06-27 19:23:51,080 | INFO     |   → 787/1305: ✅ 0 взято | 🗑️ 0 мусор
2026-06-27 19:23:51,080 | INFO     |   → 788/1305: ✅ 43 взято | 🗑️ 217 мусор
2026-06-27 19:23:51,080 | INFO     |   → 789/1305: ✅ 0 взято | 🗑️ 31 мусор
2026-06-27 19:23:51,080 | INFO     |   → 790/1305: ✅ 94 взято | 🗑️ 282 мусор
2026-06-27 19:23:51,080 | INFO     |   → 791/1305: ✅ 0 взято | 🗑️ 26 мусор
2026-06-27 19:23:51,080 | INFO     |   → 792/1305 ❌ HTTP 404 — https://raw.githubusercontent.com/MrMohebi/xray-proxy-grabber-telegram/master/collected-proxies/clash-meta/all.yaml
2026-06-27 19:23:51,080 | INFO     |   → 793/1305 ❌ HTTP 404 — https://raw.githubusercontent.com/MrMohebi/xray-proxy-grabber-telegram/master/collected-proxies/row-url/actives.txt
2026-06-27 19:23:51,081 | INFO     |   → 794/1305 ❌ HTTP 404 — https://raw.githubusercontent.com/MrMohebi/xray-proxy-grabber-telegram/master/collected-proxies/row-url/all.txt
2026-06-27 19:23:51,081 | INFO     |   → 795/1305: ✅ 0 взято | 🗑️ 13 мусор
2026-06-27 19:23:51,081 | INFO     |   → 796/1305: ✅ 0 взято | 🗑️ 13 мусор
2026-06-27 19:23:51,081 | INFO     |   → 797/1305: ✅ 5 взято | 🗑️ 15 мусор
2026-06-27 19:23:51,081 | INFO     |   → 798/1305: ✅ 0 взято | 🗑️ 30 мусор
2026-06-27 19:23:51,081 | INFO     |   → 799/1305: ✅ 0 взято | 🗑️ 15 мусор
2026-06-27 19:23:51,081 | INFO     |   → 800/1305: ✅ 66 взято | 🗑️ 123 мусор
2026-06-27 19:23:51,081 | INFO     |   → 801/1305: ✅ 133 взято | 🗑️ 65 мусор
2026-06-27 19:23:51,081 | INFO     |   → 802/1305: ✅ 0 взято | 🗑️ 0 мусор
2026-06-27 19:23:51,081 | INFO     |   → 803/1305 ❌ HTTP 404 — https://raw.githubusercontent.com/OpenCNLink/freevpn/3cfcff048bfdd1493ccffa52ecf30ce7f9fc6b28/src/list/vmess.txt
2026-06-27 19:23:51,081 | INFO     |   → 804/1305 ❌ HTTP 404 — https://raw.githubusercontent.com/Pawdro/Collection/main/sub
2026-06-27 19:23:51,081 | INFO     |   → 805/1305: ✅ 1 взято | 🗑️ 12 мусор
2026-06-27 19:23:51,081 | INFO     |   → 806/1305: ✅ 0 взято | 🗑️ 12 мусор
2026-06-27 19:23:51,081 | INFO     |   → 807/1305: ✅ 0 взято | 🗑️ 0 мусор
2026-06-27 19:23:51,081 | INFO     |   → 808/1305: ✅ 0 взято | 🗑️ 0 мусор
2026-06-27 19:23:51,081 | INFO     |   → 809/1305: ✅ 0 взято | 🗑️ 50 мусор
2026-06-27 19:23:51,081 | INFO     |   → 810/1305: ✅ 5 взято | 🗑️ 206 мусор
2026-06-27 19:23:51,081 | INFO     |   → 811/1305: ✅ 21 взято | 🗑️ 138 мусор
2026-06-27 19:23:51,081 | INFO     |   → 812/1305: ✅ 23 взято | 🗑️ 89 мусор
2026-06-27 19:23:51,081 | INFO     |   → 813/1305: ✅ 9 взято | 🗑️ 85 мусор
2026-06-27 19:23:51,081 | INFO     |   → 814/1305: ✅ 0 взято | 🗑️ 129 мусор
2026-06-27 19:23:51,081 | INFO     |   → 815/1305: ✅ 0 взято | 🗑️ 81 мусор
2026-06-27 19:23:51,081 | INFO     |   → 816/1305 ❌ HTTP 404 — https://raw.githubusercontent.com/STR97/STRUGOV/refs/heads/main/STR.BYPASS
2026-06-27 19:23:51,081 | INFO     |   → 817/1305: ✅ 4 взято | 🗑️ 34 мусор
2026-06-27 19:23:51,081 | INFO     |   → 818/1305: ✅ 11 взято | 🗑️ 16 мусор
2026-06-27 19:23:51,081 | INFO     |   → 819/1305: ✅ 0 взято | 🗑️ 16 мусор
2026-06-27 19:23:51,082 | INFO     |   → 820/1305: ✅ 0 взято | 🗑️ 27 мусор
2026-06-27 19:23:51,082 | INFO     |   → 821/1305: ✅ 140 взято | 🗑️ 1153 мусор
2026-06-27 19:23:51,082 | INFO     |   → 822/1305: ✅ 29 взято | 🗑️ 54 мусор
2026-06-27 19:23:51,082 | INFO     |   → 823/1305: ✅ 3 взято | 🗑️ 15 мусор
2026-06-27 19:23:51,082 | INFO     |   → 824/1305: ✅ 1 взято | 🗑️ 0 мусор
2026-06-27 19:23:51,082 | INFO     |   → 825/1305: ✅ 0 взято | 🗑️ 13 мусор
2026-06-27 19:23:51,082 | INFO     |   → 826/1305: ✅ 0 взято | 🗑️ 15 мусор
2026-06-27 19:23:51,082 | INFO     |   → 827/1305: ✅ 0 взято | 🗑️ 13 мусор
2026-06-27 19:23:51,082 | INFO     |   → 828/1305: ✅ 4 взято | 🗑️ 291 мусор
2026-06-27 19:23:51,082 | INFO     |   → 829/1305: ✅ 0 взято | 🗑️ 119 мусор
2026-06-27 19:23:51,082 | INFO     |   → 830/1305: ✅ 0 взято | 🗑️ 0 мусор
2026-06-27 19:23:51,082 | INFO     |   → 831/1305 ❌ HTTP 404 — https://raw.githubusercontent.com/V2RAYCONFIGSPOOL/V2RAY_SUB/main/V2RAY_SUB.txt
2026-06-27 19:23:51,082 | INFO     |   → 832/1305: ✅ 81 взято | 🗑️ 132 мусор
2026-06-27 19:23:51,082 | INFO     |   → 833/1305: ✅ 88 взято | 🗑️ 44 мусор
2026-06-27 19:23:51,082 | INFO     |   → 834/1305: ✅ 0 взято | 🗑️ 0 мусор
2026-06-27 19:23:51,082 | INFO     |   → 835/1305: ✅ 0 взято | 🗑️ 44 мусор
2026-06-27 19:23:51,082 | INFO     |   → 836/1305: ✅ 58 взято | 🗑️ 348 мусор
2026-06-27 19:23:51,082 | INFO     |   → 837/1305: ✅ 0 взято | 🗑️ 0 мусор
2026-06-27 19:23:51,082 | INFO     |   → 838/1305: ✅ 4 взято | 🗑️ 458 мусор
2026-06-27 19:23:51,082 | INFO     |   → 839/1305 ❌ HTTP 404 — https://raw.githubusercontent.com/ZYFXS/ZYFXS001/refs/heads/main/20c-youtube%40ZYFXS
2026-06-27 19:23:51,082 | INFO     |   → 840/1305 ❌ HTTP 404 — https://raw.githubusercontent.com/ZYFXS/ZYFXS001/refs/heads/main/20v-youtube%40ZYFXS
2026-06-27 19:23:51,082 | INFO     |   → 841/1305: ✅ 0 взято | 🗑️ 0 мусор
2026-06-27 19:23:51,082 | INFO     |   → 842/1305: ✅ 1 взято | 🗑️ 164 мусор
2026-06-27 19:23:51,082 | INFO     |   → 843/1305 ❌ HTTP 404 — https://raw.githubusercontent.com/ZYFXS/ZYFXS001/refs/heads/main/youtube%40ZYFXS---23c
2026-06-27 19:23:51,082 | INFO     |   → 844/1305 ❌ HTTP 404 — https://raw.githubusercontent.com/ZYFXS/ZYFXS001/refs/heads/main/youtube%40ZYFXS---23v
2026-06-27 19:23:51,082 | INFO     |   → 845/1305: ✅ 0 взято | 🗑️ 0 мусор
2026-06-27 19:23:51,082 | INFO     |   → 846/1305: ✅ 0 взято | 🗑️ 0 мусор
2026-06-27 19:23:51,083 | INFO     |   → 847/1305: ✅ 6 взято | 🗑️ 221 мусор
2026-06-27 19:23:51,083 | INFO     |   → 848/1305 ❌ HTTP 404 — https://raw.githubusercontent.com/ZYFXS/ZYFXS001/refs/heads/main/youtube%40ZYFXS-21c
2026-06-27 19:23:51,083 | INFO     |   → 849/1305 ❌ HTTP 404 — https://raw.githubusercontent.com/ZYFXS/ZYFXS001/refs/heads/main/youtube%40ZYFXS-21v
2026-06-27 19:23:51,083 | INFO     |   → 850/1305: ✅ 1 взято | 🗑️ 251 мусор
2026-06-27 19:23:51,083 | INFO     |   → 851/1305: ✅ 1 взято | 🗑️ 231 мусор
2026-06-27 19:23:51,083 | INFO     |   → 852/1305: ✅ 0 взято | 🗑️ 0 мусор
2026-06-27 19:23:51,083 | INFO     |   → 853/1305: ✅ 1 взято | 🗑️ 83 мусор
2026-06-27 19:23:51,083 | INFO     |   → 854/1305: ✅ 0 взято | 🗑️ 16 мусор
2026-06-27 19:23:51,083 | INFO     |   → 855/1305: ✅ 0 взято | 🗑️ 16 мусор
2026-06-27 19:23:51,083 | INFO     |   → 856/1305 ❌ HTTP 404 — https://raw.githubusercontent.com/aiboboxx/clashfree/main/clash.yml
2026-06-27 19:23:51,083 | INFO     |   → 857/1305 ❌ HTTP 404 — https://raw.githubusercontent.com/aiboboxx/v2rayfree/main/v2
2026-06-27 19:23:51,083 | INFO     |   → 858/1305 ❌ HTTP 404 — https://raw.githubusercontent.com/amirmohammad-mohammad-88/Sub-Reality-Azadi-config/Config/Azadi-Reality-Different
2026-06-27 19:23:51,083 | INFO     |   → 859/1305 ❌ HTTP 404 — https://raw.githubusercontent.com/amirmohammad-mohammad-88/Sub-Reality-Azadi-config/Config/Azadi-Reality-Different-Base64
2026-06-27 19:23:51,083 | INFO     |   → 860/1305: ✅ 1 взято | 🗑️ 17 мусор
2026-06-27 19:23:51,083 | INFO     |   → 861/1305: ✅ 0 взято | 🗑️ 0 мусор
2026-06-27 19:23:51,083 | INFO     |   → 862/1305: ✅ 4 взято | 🗑️ 114 мусор
2026-06-27 19:23:51,083 | INFO     |   → 863/1305: ✅ 28 взято | 🗑️ 81 мусор
2026-06-27 19:23:51,083 | INFO     |   → 864/1305 ❌ HTTP 404 — https://raw.githubusercontent.com/awesome-vpn/awesome-vpn/master/ss
2026-06-27 19:23:51,083 | INFO     |   → 865/1305 ❌ HTTP 404 — https://raw.githubusercontent.com/awesome-vpn/awesome-vpn/master/ssr
2026-06-27 19:23:51,083 | INFO     |   → 866/1305: ✅ 0 взято | 🗑️ 0 мусор
2026-06-27 19:23:51,083 | INFO     |   → 867/1305: ✅ 1 взято | 🗑️ 22 мусор
2026-06-27 19:23:51,083 | INFO     |   → 868/1305: ✅ 13 взято | 🗑️ 435 мусор
2026-06-27 19:23:51,083 | INFO     |   → 869/1305 ❌ HTTP 404 — https://raw.githubusercontent.com/barry-far/V2ray-Configs/ced94ddfff48276ec365b40227561f36b1b64bc8/Sub5.txt
2026-06-27 19:23:51,083 | INFO     |   → 870/1305 ❌ HTTP 404 — https://raw.githubusercontent.com/barry-far/V2ray-Configs/main/Splitted-By-Protocol/hysteria2.txt
2026-06-27 19:23:51,083 | INFO     |   → 871/1305 ❌ HTTP 404 — https://raw.githubusercontent.com/barry-far/V2ray-Configs/main/Splitted-By-Protocol/vless.txt
2026-06-27 19:23:51,083 | INFO     |   → 872/1305 ❌ HTTP 404 — https://raw.githubusercontent.com/barry-far/V2ray-Configs/main/Sub1.txt
2026-06-27 19:23:51,084 | INFO     |   → 873/1305 ❌ HTTP 404 — https://raw.githubusercontent.com/barry-far/V2ray-Configs/refs/heads/main/All_Configs_Sub.txt
2026-06-27 19:23:51,084 | INFO     |   → 874/1305: ✅ 0 взято | 🗑️ 0 мусор
2026-06-27 19:23:51,084 | INFO     |   → 875/1305 ❌ HTTP 404 — https://raw.githubusercontent.com/budamu/clashconfig/main/v2ray.txt
2026-06-27 19:23:51,084 | INFO     |   → 876/1305 ❌ HTTP 404 — https://raw.githubusercontent.com/budamu/clashconfig/main/v2ray2.txt
2026-06-27 19:23:51,084 | INFO     |   → 877/1305: ✅ 0 взято | 🗑️ 0 мусор
2026-06-27 19:23:51,084 | INFO     |   → 878/1305: ✅ 0 взято | 🗑️ 442 мусор
2026-06-27 19:23:51,084 | INFO     |   → 879/1305: ✅ 0 взято | 🗑️ 0 мусор
2026-06-27 19:23:51,084 | INFO     |   → 880/1305 ❌ HTTP 404 — https://raw.githubusercontent.com/chxxyz2004/zd/17fca23b73c46b5dd73e9be49b14d219b5e5f836/sub/2401/240110.txt
2026-06-27 19:23:51,084 | INFO     |   → 881/1305: ✅ 0 взято | 🗑️ 44 мусор
2026-06-27 19:23:51,084 | INFO     |   → 882/1305: ✅ 236 взято | 🗑️ 517 мусор
2026-06-27 19:23:51,084 | INFO     |   → 883/1305 ❌ HTTP 404 — https://raw.githubusercontent.com/cxr9912/cxr2022/main/free.yaml
2026-06-27 19:23:51,084 | INFO     |   → 884/1305 ❌ HTTP 404 — https://raw.githubusercontent.com/cxr9912/cxr2022/main/mix.yaml
2026-06-27 19:23:51,084 | INFO     |   → 885/1305 ❌ HTTP 404 — https://raw.githubusercontent.com/cxr9912/cxr2022/main/ss.yaml
2026-06-27 19:23:51,084 | INFO     |   → 886/1305 ❌ HTTP 404 — https://raw.githubusercontent.com/cxr9912/cxr2022/main/ssr.yaml
2026-06-27 19:23:51,084 | INFO     |   → 887/1305 ❌ HTTP 404 — https://raw.githubusercontent.com/cxr9912/cxr2022/main/vmess.yaml
2026-06-27 19:23:51,084 | INFO     |   → 888/1305 ❌ HTTP 404 — https://raw.githubusercontent.com/cxr9912/cxr2022/refs/heads/main/18cj.json
2026-06-27 19:23:51,084 | INFO     |   → 889/1305 ❌ HTTP 404 — https://raw.githubusercontent.com/cxr9912/cxr2022/refs/heads/main/aaaaaaaa.yaml
2026-06-27 19:23:51,084 | INFO     |   → 890/1305 ❌ HTTP 404 — https://raw.githubusercontent.com/cxr9912/cxr2022/refs/heads/main/free.yaml
2026-06-27 19:23:51,084 | INFO     |   → 891/1305 ❌ HTTP 404 — https://raw.githubusercontent.com/cxr9912/cxr2022/refs/heads/main/ss2088.txt
2026-06-27 19:23:51,084 | INFO     |   → 892/1305: ✅ 0 взято | 🗑️ 18 мусор
2026-06-27 19:23:51,084 | INFO     |   → 893/1305: ✅ 0 взято | 🗑️ 18 мусор
2026-06-27 19:23:51,084 | INFO     |   → 894/1305: ✅ 6 взято | 🗑️ 78 мусор
2026-06-27 19:23:51,084 | INFO     |   → 895/1305: ✅ 6 взято | 🗑️ 4 мусор
2026-06-27 19:23:51,084 | INFO     |   → 896/1305: ✅ 0 взято | 🗑️ 2 мусор
2026-06-27 19:23:51,084 | INFO     |   → 897/1305: ✅ 5 взято | 🗑️ 5 мусор
2026-06-27 19:23:51,084 | INFO     |   → 898/1305: ✅ 0 взято | 🗑️ 4 мусор
2026-06-27 19:23:51,084 | INFO     |   → 899/1305: ✅ 5 взято | 🗑️ 8 мусор
2026-06-27 19:23:51,084 | INFO     |   → 900/1305: ✅ 0 взято | 🗑️ 2 мусор
2026-06-27 19:23:51,084 | INFO     |   → 901/1305: ✅ 12 взято | 🗑️ 16 мусор
2026-06-27 19:23:51,085 | INFO     |   → 902/1305: ✅ 1 взято | 🗑️ 1 мусор
2026-06-27 19:23:51,085 | INFO     |   → 903/1305: ✅ 0 взято | 🗑️ 27 мусор
2026-06-27 19:23:51,085 | INFO     |   → 904/1305: ✅ 0 взято | 🗑️ 2 мусор
2026-06-27 19:23:51,085 | INFO     |   → 905/1305: ✅ 0 взято | 🗑️ 0 мусор
2026-06-27 19:23:51,085 | INFO     |   → 906/1305: ✅ 14291 взято | 🗑️ 252663 мусор
2026-06-27 19:23:51,085 | INFO     |   → 907/1305: ✅ 29 взято | 🗑️ 616 мусор
2026-06-27 19:23:51,085 | INFO     |   → 908/1305: ✅ 6 взято | 🗑️ 113 мусор
2026-06-27 19:23:51,085 | INFO     |   → 909/1305: ✅ 0 взято | 🗑️ 0 мусор
2026-06-27 19:23:51,085 | INFO     |   → 910/1305: ✅ 7 взято | 🗑️ 16 мусор
2026-06-27 19:23:51,085 | INFO     |   → 911/1305: ✅ 0 взято | 🗑️ 0 мусор
2026-06-27 19:23:51,085 | INFO     |   → 912/1305: ✅ 13 взято | 🗑️ 19 мусор
2026-06-27 19:23:51,085 | INFO     |   → 913/1305: ✅ 0 взято | 🗑️ 5 мусор
2026-06-27 19:23:51,085 | INFO     |   → 914/1305: ✅ 2 взято | 🗑️ 80 мусор
2026-06-27 19:23:51,085 | INFO     |   → 915/1305 ❌ HTTP 404 — https://raw.githubusercontent.com/free-nodes/v2rayfree/main/v2
2026-06-27 19:23:51,085 | INFO     |   → 916/1305 ❌ HTTP 404 — https://raw.githubusercontent.com/free-v2ray-config/trojan/main/trojan.txt
2026-06-27 19:23:51,085 | INFO     |   → 917/1305 ❌ HTTP 404 — https://raw.githubusercontent.com/free-v2ray-config/vless/main/vless.txt
2026-06-27 19:23:51,085 | INFO     |   → 918/1305 ❌ HTTP 404 — https://raw.githubusercontent.com/free-v2ray-config/vmess/main/vmess.txt
2026-06-27 19:23:51,085 | INFO     |   → 919/1305: ✅ 5 взято | 🗑️ 169 мусор
2026-06-27 19:23:51,085 | INFO     |   → 920/1305: ✅ 34 взято | 🗑️ 121 мусор
2026-06-27 19:23:51,085 | INFO     |   → 921/1305: ✅ 4 взято | 🗑️ 97 мусор
2026-06-27 19:23:51,085 | INFO     |   → 922/1305 ❌ HTTP 404 — https://raw.githubusercontent.com/free18/v2ray/main/Clash.yaml
2026-06-27 19:23:51,085 | INFO     |   → 923/1305: ✅ 0 взято | 🗑️ 0 мусор
2026-06-27 19:23:51,085 | INFO     |   → 924/1305: ✅ 0 взято | 🗑️ 15 мусор
2026-06-27 19:23:51,085 | INFO     |   → 925/1305: ✅ 0 взято | 🗑️ 0 мусор
2026-06-27 19:23:51,085 | INFO     |   → 926/1305: ✅ 0 взято | 🗑️ 8 мусор
2026-06-27 19:23:51,085 | INFO     |   → 927/1305: ✅ 0 взято | 🗑️ 8 мусор
2026-06-27 19:23:51,085 | INFO     |   → 928/1305: ✅ 0 взято | 🗑️ 8 мусор
2026-06-27 19:23:51,085 | INFO     |   → 929/1305: ✅ 0 взято | 🗑️ 8 мусор
2026-06-27 19:23:51,086 | INFO     |   → 930/1305 ❌ HTTP 404 — https://raw.githubusercontent.com/freev2rayconfig/V2RAY_SUB/3e6a7786a1601ee3723e8d043ae79e70dbdfd9a8/v2rayconfigs.txt
2026-06-27 19:23:51,086 | INFO     |   → 931/1305 ❌ HTTP 404 — https://raw.githubusercontent.com/freev2rayconfig/V2RAY_SUBSCRIPTION_LINK/main/v2rayconfigs.txt
2026-06-27 19:23:51,086 | INFO     |   → 932/1305 ❌ HTTP 404 — https://raw.githubusercontent.com/gfpcom/free-proxy-list/main/list/http.txt
2026-06-27 19:23:51,086 | INFO     |   → 933/1305 ❌ HTTP 404 — https://raw.githubusercontent.com/gfpcom/free-proxy-list/main/list/https.txt
2026-06-27 19:23:51,086 | INFO     |   → 934/1305 ❌ HTTP 404 — https://raw.githubusercontent.com/gfpcom/free-proxy-list/main/list/socks4.txt
2026-06-27 19:23:51,086 | INFO     |   → 935/1305 ❌ HTTP 404 — https://raw.githubusercontent.com/gfpcom/free-proxy-list/main/list/socks4a.txt
2026-06-27 19:23:51,086 | INFO     |   → 936/1305 ❌ HTTP 404 — https://raw.githubusercontent.com/gfpcom/free-proxy-list/main/list/socks5.txt
2026-06-27 19:23:51,086 | INFO     |   → 937/1305 ❌ HTTP 404 — https://raw.githubusercontent.com/gfpcom/free-proxy-list/main/list/socks5h.txt
2026-06-27 19:23:51,086 | INFO     |   → 938/1305 ❌ HTTP 404 — https://raw.githubusercontent.com/gfpcom/free-proxy-list/main/list/ss.txt
2026-06-27 19:23:51,086 | INFO     |   → 939/1305 ❌ HTTP 404 — https://raw.githubusercontent.com/gfpcom/free-proxy-list/main/list/ssr.txt
2026-06-27 19:23:51,086 | INFO     |   → 940/1305 ❌ HTTP 404 — https://raw.githubusercontent.com/gfpcom/free-proxy-list/main/list/trojan.txt
2026-06-27 19:23:51,086 | INFO     |   → 941/1305 ❌ HTTP 404 — https://raw.githubusercontent.com/gfpcom/free-proxy-list/main/list/vless.txt
2026-06-27 19:23:51,086 | INFO     |   → 942/1305 ❌ HTTP 404 — https://raw.githubusercontent.com/gfpcom/free-proxy-list/main/list/vmess.txt
2026-06-27 19:23:51,086 | INFO     |   → 943/1305: ✅ 0 взято | 🗑️ 17 мусор
2026-06-27 19:23:51,086 | INFO     |   → 944/1305: ✅ 0 взято | 🗑️ 0 мусор
2026-06-27 19:23:51,086 | INFO     |   → 945/1305: ✅ 4 взято | 🗑️ 63 мусор
2026-06-27 19:23:51,086 | INFO     |   → 946/1305 ❌ HTTP 404 — https://raw.githubusercontent.com/hameed-maleki/TVC/89a4522969c57dcc22458cae9898426e5c4f2679/lite/config.txt
2026-06-27 19:23:51,086 | INFO     |   → 947/1305: ✅ 5 взято | 🗑️ 132 мусор
2026-06-27 19:23:51,086 | INFO     |   → 948/1305: ✅ 0 взято | 🗑️ 56 мусор
2026-06-27 19:23:51,086 | INFO     |   → 949/1305 ❌ HTTP 404 — https://raw.githubusercontent.com/hkaa0/permalink/main/proxy/V2ray
2026-06-27 19:23:51,086 | INFO     |   → 950/1305 ❌ HTTP 404 — https://raw.githubusercontent.com/hkaa0/permalink/main/proxy/clash
2026-06-27 19:23:51,086 | INFO     |   → 951/1305 ❌ HTTP 404 — https://raw.githubusercontent.com/hkpc/Autoproxy/6cf946ddfc677a29062007e4b47d70674474baa7/sub/2401/240110.txt
2026-06-27 19:23:51,086 | INFO     |   → 952/1305 ❌ HTTP 404 — https://raw.githubusercontent.com/hkpc/V2ray-Configs/7d9aa0dabf947af180a7dd6302818ed37950531a/Sub1.txt
2026-06-27 19:23:51,086 | INFO     |   → 953/1305: ✅ 0 взято | 🗑️ 14 мусор
2026-06-27 19:23:51,086 | INFO     |   → 954/1305: ✅ 16 взято | 🗑️ 16 мусор
2026-06-27 19:23:51,086 | INFO     |   → 955/1305 ❌ HTTP 404 — https://raw.githubusercontent.com/iboxz/free-v2ray-collector/main/main
2026-06-27 19:23:51,087 | INFO     |   → 956/1305: ✅ 17 взято | 🗑️ 15 мусор
2026-06-27 19:23:51,087 | INFO     |   → 957/1305: ✅ 15 взято | 🗑️ 54 мусор
2026-06-27 19:23:51,087 | INFO     |   → 958/1305: ✅ 116 взято | 🗑️ 173 мусор
2026-06-27 19:23:51,087 | INFO     |   → 959/1305 ❌ HTTP 404 — https://raw.githubusercontent.com/igareck/vpn-configs-for-russia/refs/heads/main/Vless-Reality-White-Lists-Rus-Cable.txt
2026-06-27 19:23:51,087 | INFO     |   → 960/1305: ✅ 133 взято | 🗑️ 14 мусор
2026-06-27 19:23:51,087 | INFO     |   → 961/1305: ✅ 0 взято | 🗑️ 0 мусор
2026-06-27 19:23:51,087 | INFO     |   → 962/1305: ✅ 0 взято | 🗑️ 0 мусор
2026-06-27 19:23:51,087 | INFO     |   → 963/1305: ✅ 23 взято | 🗑️ 9 мусор
2026-06-27 19:23:51,087 | INFO     |   → 964/1305: ✅ 0 взято | 🗑️ 0 мусор
2026-06-27 19:23:51,087 | INFO     |   → 965/1305: ✅ 0 взято | 🗑️ 0 мусор
2026-06-27 19:23:51,087 | INFO     |   → 966/1305: ✅ 0 взято | 🗑️ 12 мусор
2026-06-27 19:23:51,087 | INFO     |   → 967/1305: ✅ 0 взято | 🗑️ 43 мусор
2026-06-27 19:23:51,087 | INFO     |   → 968/1305 ❌ HTTP 404 — https://raw.githubusercontent.com/jw853355718/clash_233/master/config.yml
2026-06-27 19:23:51,087 | INFO     |   → 969/1305: ✅ 0 взято | 🗑️ 210 мусор
2026-06-27 19:23:51,087 | INFO     |   → 970/1305: ✅ 0 взято | 🗑️ 0 мусор
2026-06-27 19:23:51,087 | INFO     |   → 971/1305: ✅ 0 взято | 🗑️ 0 мусор
2026-06-27 19:23:51,087 | INFO     |   → 972/1305 ❌ HTTP 404 — https://raw.githubusercontent.com/lcx12901/v2ray-/master/sspool.herokuapp.com/yzcloud.yaml
2026-06-27 19:23:51,087 | INFO     |   → 973/1305 ❌ HTTP 404 — https://raw.githubusercontent.com/lcx12901/v2ray-/master/sspool.herokuapp.com/yzcloud2.yaml
2026-06-27 19:23:51,087 | INFO     |   → 974/1305: ✅ 0 взято | 🗑️ 0 мусор
2026-06-27 19:23:51,087 | INFO     |   → 975/1305 ❌ HTTP 404 — https://raw.githubusercontent.com/learnhard-cn/free_proxy_ss/main/clash/config.yaml
2026-06-27 19:23:51,087 | INFO     |   → 976/1305: ✅ 0 взято | 🗑️ 8 мусор
2026-06-27 19:23:51,087 | INFO     |   → 977/1305: ✅ 0 взято | 🗑️ 4 мусор
2026-06-27 19:23:51,087 | INFO     |   → 978/1305: ✅ 0 взято | 🗑️ 0 мусор
2026-06-27 19:23:51,087 | INFO     |   → 979/1305: ✅ 0 взято | 🗑️ 4 мусор
2026-06-27 19:23:51,087 | INFO     |   → 980/1305: ✅ 0 взято | 🗑️ 149 мусор
2026-06-27 19:23:51,088 | INFO     |   → 981/1305: ✅ 0 взято | 🗑️ 421 мусор
2026-06-27 19:23:51,088 | INFO     |   → 982/1305 ❌ HTTP 404 — https://raw.githubusercontent.com/lisylva-lee/v2dyku/main/ssr
2026-06-27 19:23:51,088 | INFO     |   → 983/1305 ❌ HTTP 404 — https://raw.githubusercontent.com/lisylva-lee/v2dyku/main/v2dy
2026-06-27 19:23:51,088 | INFO     |   → 984/1305: ✅ 0 взято | 🗑️ 53 мусор
2026-06-27 19:23:51,088 | INFO     |   → 985/1305 ❌ HTTP 404 — https://raw.githubusercontent.com/luxl-1379/merge/77247d23def72b25226dfa741614e9b07a569c72/sub/sub_merge_base64.txt
2026-06-27 19:23:51,088 | INFO     |   → 986/1305: ✅ 146 взято | 🗑️ 343 мусор
2026-06-27 19:23:51,088 | INFO     |   → 987/1305: ✅ 0 взято | 🗑️ 127 мусор
2026-06-27 19:23:51,088 | INFO     |   → 988/1305: ✅ 723 взято | 🗑️ 4151 мусор
2026-06-27 19:23:51,088 | INFO     |   → 989/1305: ✅ 0 взято | 🗑️ 0 мусор
2026-06-27 19:23:51,088 | INFO     |   → 990/1305: ✅ 0 взято | 🗑️ 4151 мусор
2026-06-27 19:23:51,088 | INFO     |   → 991/1305: ✅ 59 взято | 🗑️ 331 мусор
2026-06-27 19:23:51,088 | INFO     |   → 992/1305 ❌ HTTP 404 — https://raw.githubusercontent.com/mermeroo/Clash-V2ray/main/v2ray
2026-06-27 19:23:51,088 | INFO     |   → 993/1305: ✅ 15 взято | 🗑️ 417 мусор
2026-06-27 19:23:51,088 | INFO     |   → 994/1305: ✅ 6 взято | 🗑️ 102 мусор
2026-06-27 19:23:51,088 | INFO     |   → 995/1305: ✅ 716 взято | 🗑️ 6258 мусор
2026-06-27 19:23:51,088 | INFO     |   → 996/1305: ✅ 8 взято | 🗑️ 853 мусор
2026-06-27 19:23:51,088 | INFO     |   → 997/1305: ✅ 32 взято | 🗑️ 69 мусор
2026-06-27 19:23:51,088 | INFO     |   → 998/1305 ❌ HTTP 404 — https://raw.githubusercontent.com/mermeroo/free-v2ray-collector/main/main/mix
2026-06-27 19:23:51,088 | INFO     |   → 999/1305 ❌ HTTP 404 — https://raw.githubusercontent.com/mermeroo/free-v2ray-collector/main/main/reality
2026-06-27 19:23:51,088 | INFO     |   → 1000/1305 ❌ HTTP 404 — https://raw.githubusercontent.com/mermeroo/free-v2ray-collector/main/main/shadowsocks
2026-06-27 19:23:51,088 | INFO     |   → 1001/1305 ❌ HTTP 404 — https://raw.githubusercontent.com/mermeroo/free-v2ray-collector/main/main/trojan
2026-06-27 19:23:51,088 | INFO     |   → 1002/1305 ❌ HTTP 404 — https://raw.githubusercontent.com/mermeroo/free-v2ray-collector/main/main/vless
2026-06-27 19:23:51,088 | INFO     |   → 1003/1305 ❌ HTTP 404 — https://raw.githubusercontent.com/mermeroo/free-v2ray-collector/main/main/vmess
2026-06-27 19:23:51,088 | INFO     |   → 1004/1305 ❌ HTTP 404 — https://raw.githubusercontent.com/mfuu/v2ray/master/merge/merge.txt
2026-06-27 19:23:51,088 | INFO     |   → 1005/1305: ✅ 0 взято | 🗑️ 220 мусор
2026-06-27 19:23:51,088 | INFO     |   → 1006/1305: ✅ 0 взято | 🗑️ 220 мусор
2026-06-27 19:23:51,088 | INFO     |   → 1007/1305: ✅ 646 взято | 🗑️ 15621 мусор
2026-06-27 19:23:51,089 | INFO     |   → 1008/1305: ✅ 0 взято | 🗑️ 15621 мусор
2026-06-27 19:23:51,089 | INFO     |   → 1009/1305: ✅ 0 взято | 🗑️ 2839 мусор
2026-06-27 19:23:51,089 | INFO     |   → 1010/1305: ✅ 0 взято | 🗑️ 2167 мусор
2026-06-27 19:23:51,089 | INFO     |   → 1011/1305: ✅ 0 взято | 🗑️ 6036 мусор
2026-06-27 19:23:51,089 | INFO     |   → 1012/1305: ✅ 0 взято | 🗑️ 4579 мусор
2026-06-27 19:23:51,089 | INFO     |   → 1013/1305 ❌ HTTP 404 — https://raw.githubusercontent.com/mianous/qiren/main/qiren.txt
2026-06-27 19:23:51,089 | INFO     |   → 1014/1305 ❌ HTTP 404 — https://raw.githubusercontent.com/miladtahanian/V2RayCFGDumper/refs/heads/main/config.txt
2026-06-27 19:23:51,089 | INFO     |   → 1015/1305 ❌ HTTP 404 — https://raw.githubusercontent.com/miladtahanian/multi-proxy-config-fetcher/refs/heads/main/configs/proxy_configs.txt
2026-06-27 19:23:51,089 | INFO     |   → 1016/1305: ✅ 0 взято | 🗑️ 0 мусор
2026-06-27 19:23:51,089 | INFO     |   → 1017/1305: ✅ 0 взято | 🗑️ 0 мусор
2026-06-27 19:23:51,089 | INFO     |   → 1018/1305: ✅ 0 взято | 🗑️ 0 мусор
2026-06-27 19:23:51,089 | INFO     |   → 1019/1305: ✅ 15 взято | 🗑️ 46 мусор
2026-06-27 19:23:51,089 | INFO     |   → 1020/1305: ✅ 0 взято | 🗑️ 173 мусор
2026-06-27 19:23:51,089 | INFO     |   → 1021/1305: ✅ 0 взято | 🗑️ 0 мусор
2026-06-27 19:23:51,089 | INFO     |   → 1022/1305: ✅ 28 взято | 🗑️ 93 мусор
2026-06-27 19:23:51,089 | INFO     |   → 1023/1305: ✅ 0 взято | 🗑️ 0 мусор
2026-06-27 19:23:51,089 | INFO     |   → 1024/1305: ✅ 15 взято | 🗑️ 70 мусор
2026-06-27 19:23:51,089 | INFO     |   → 1025/1305: ✅ 127 взято | 🗑️ 492 мусор
2026-06-27 19:23:51,089 | INFO     |   → 1026/1305: ✅ 331 взято | 🗑️ 190 мусор
2026-06-27 19:23:51,089 | INFO     |   → 1027/1305: ✅ 27 взято | 🗑️ 1254 мусор
2026-06-27 19:23:51,089 | INFO     |   → 1028/1305 ❌ HTTP 404 — https://raw.githubusercontent.com/obscure1990/freeVM/master/snippets/nodes.yml
2026-06-27 19:23:51,089 | INFO     |   → 1029/1305 ❌ HTTP 404 — https://raw.githubusercontent.com/op30mmd/things/909b38024ba14d69dc0f95c238f63bc6e930a00f/eut.txt
2026-06-27 19:23:51,089 | INFO     |   → 1030/1305 ❌ HTTP 404 — https://raw.githubusercontent.com/openRunner/clash-freenode/main/v2ray.txt
2026-06-27 19:23:51,089 | INFO     |   → 1031/1305 ❌ HTTP 404 — https://raw.githubusercontent.com/oslook/clash-freenode/main/clash.yaml
2026-06-27 19:23:51,089 | INFO     |   → 1032/1305: ✅ 0 взято | 🗑️ 0 мусор
2026-06-27 19:23:51,089 | INFO     |   → 1033/1305: ✅ 4 взято | 🗑️ 1 мусор
2026-06-27 19:23:51,090 | INFO     |   → 1034/1305: ✅ 0 взято | 🗑️ 0 мусор
2026-06-27 19:23:51,090 | INFO     |   → 1035/1305: ✅ 4 взято | 🗑️ 64 мусор
2026-06-27 19:23:51,090 | INFO     |   → 1036/1305: ✅ 0 взято | 🗑️ 0 мусор
2026-06-27 19:23:51,090 | INFO     |   → 1037/1305: ✅ 0 взято | 🗑️ 0 мусор
2026-06-27 19:23:51,090 | INFO     |   → 1038/1305: ✅ 0 взято | 🗑️ 19 мусор
2026-06-27 19:23:51,090 | INFO     |   → 1039/1305: ✅ 0 взято | 🗑️ 44 мусор
2026-06-27 19:23:51,090 | INFO     |   → 1040/1305: ✅ 63 взято | 🗑️ 521 мусор
2026-06-27 19:23:51,090 | INFO     |   → 1041/1305: ✅ 165 взято | 🗑️ 273 мусор
2026-06-27 19:23:51,090 | INFO     |   → 1042/1305: ✅ 0 взято | 🗑️ 0 мусор
2026-06-27 19:23:51,090 | INFO     |   → 1043/1305: ✅ 28 взято | 🗑️ 211 мусор
2026-06-27 19:23:51,090 | INFO     |   → 1044/1305: ✅ 0 взято | 🗑️ 79 мусор
2026-06-27 19:23:51,090 | INFO     |   → 1045/1305: ✅ 13 взято | 🗑️ 32 мусор
2026-06-27 19:23:51,090 | INFO     |   → 1046/1305: ✅ 0 взято | 🗑️ 0 мусор
2026-06-27 19:23:51,090 | INFO     |   → 1047/1305: ✅ 2 взято | 🗑️ 9 мусор
2026-06-27 19:23:51,090 | INFO     |   → 1048/1305: ✅ 11 взято | 🗑️ 76 мусор
2026-06-27 19:23:51,090 | INFO     |   → 1049/1305: ✅ 0 взято | 🗑️ 168 мусор
2026-06-27 19:23:51,090 | INFO     |   → 1050/1305: ✅ 0 взято | 🗑️ 79 мусор
2026-06-27 19:23:51,090 | INFO     |   → 1051/1305: ✅ 0 взято | 🗑️ 14 мусор
2026-06-27 19:23:51,090 | INFO     |   → 1052/1305 ❌ HTTP 404 — https://raw.githubusercontent.com/ronghuaxueleng/get_v2/main/pub/changfengoss.yaml
2026-06-27 19:23:51,090 | INFO     |   → 1053/1305: ✅ 0 взято | 🗑️ 0 мусор
2026-06-27 19:23:51,090 | INFO     |   → 1054/1305: ✅ 91 взято | 🗑️ 47 мусор
2026-06-27 19:23:51,090 | INFO     |   → 1055/1305: ✅ 0 взято | 🗑️ 47 мусор
2026-06-27 19:23:51,090 | INFO     |   → 1056/1305 ❌ HTTP 404 — https://raw.githubusercontent.com/rxsweet/CM_Vmess/refs/heads/main/test.txt
2026-06-27 19:23:51,090 | INFO     |   → 1057/1305 ❌ HTTP 404 — https://raw.githubusercontent.com/rxsweet/proxies/main/sub/free.yaml
2026-06-27 19:23:51,090 | INFO     |   → 1058/1305 ❌ HTTP 404 — https://raw.githubusercontent.com/rxsweet/proxies/main/sub/rx.yaml
2026-06-27 19:23:51,090 | INFO     |   → 1059/1305 ❌ HTTP 404 — https://raw.githubusercontent.com/rxsweet/proxies/main/sub/sources/dynamicAll.yaml
2026-06-27 19:23:51,090 | INFO     |   → 1060/1305 ❌ HTTP 404 — https://raw.githubusercontent.com/rxsweet/proxies/main/sub/sources/miningAll.yaml
2026-06-27 19:23:51,091 | INFO     |   → 1061/1305 ❌ HTTP 404 — https://raw.githubusercontent.com/rxsweet/proxies/main/sub/srx.yaml
2026-06-27 19:23:51,091 | INFO     |   → 1062/1305 ❌ HTTP 404 — https://raw.githubusercontent.com/sajad-sajadi/V2ray-Collector/raw/main/output/protocols/vmess.txt
2026-06-27 19:23:51,091 | INFO     |   → 1063/1305 ❌ HTTP 404 — https://raw.githubusercontent.com/sakha1370/OpenRay/raw/refs/heads/main/output/all_valid_proxies.txt
2026-06-27 19:23:51,091 | INFO     |   → 1064/1305: ✅ 53 взято | 🗑️ 399 мусор
2026-06-27 19:23:51,091 | INFO     |   → 1065/1305: ✅ 0 взято | 🗑️ 399 мусор
2026-06-27 19:23:51,091 | INFO     |   → 1066/1305 ❌ HTTP 404 — https://raw.githubusercontent.com/samjoeyang/subscribe/main/fly
2026-06-27 19:23:51,091 | INFO     |   → 1067/1305: ✅ 0 взято | 🗑️ 0 мусор
2026-06-27 19:23:51,091 | INFO     |   → 1068/1305 ❌ HTTP 404 — https://raw.githubusercontent.com/sarina-ad/v2ray/main/v2ray
2026-06-27 19:23:51,091 | INFO     |   → 1069/1305 ❌ HTTP 404 — https://raw.githubusercontent.com/satrom/V2SSR/master/SSR/Sub.txt
2026-06-27 19:23:51,091 | INFO     |   → 1070/1305 ❌ HTTP 404 — https://raw.githubusercontent.com/satrom/V2SSR/master/V2RAY/Sub.txt
2026-06-27 19:23:51,091 | INFO     |   → 1071/1305: ✅ 12684 взято | 🗑️ 224673 мусор
2026-06-27 19:23:51,091 | INFO     |   → 1072/1305: ✅ 0 взято | 🗑️ 0 мусор
2026-06-27 19:23:51,091 | INFO     |   → 1073/1305: ✅ 0 взято | 🗑️ 0 мусор
2026-06-27 19:23:51,091 | INFO     |   → 1074/1305: ✅ 3 взято | 🗑️ 49 мусор
2026-06-27 19:23:51,091 | INFO     |   → 1075/1305: ✅ 383 взято | 🗑️ 2407 мусор
2026-06-27 19:23:51,091 | INFO     |   → 1076/1305: ✅ 0 взято | 🗑️ 1180 мусор
2026-06-27 19:23:51,091 | INFO     |   → 1077/1305: ✅ 0 взято | 🗑️ 130 мусор
2026-06-27 19:23:51,091 | INFO     |   → 1078/1305: ✅ 0 взято | 🗑️ 1070 мусор
2026-06-27 19:23:51,091 | INFO     |   → 1079/1305: ✅ 0 взято | 🗑️ 27 мусор
2026-06-27 19:23:51,091 | INFO     |   → 1080/1305: ✅ 0 взято | 🗑️ 2407 мусор
2026-06-27 19:23:51,091 | INFO     |   → 1081/1305: ✅ 0 взято | 🗑️ 0 мусор
2026-06-27 19:23:51,091 | INFO     |   → 1082/1305 ❌ HTTP 404 — https://raw.githubusercontent.com/shirkerboy/scp/main/sub
2026-06-27 19:23:51,091 | INFO     |   → 1083/1305 ❌ HTTP 404 — https://raw.githubusercontent.com/snakem982/proxypool/main/nodelist.txt
2026-06-27 19:23:51,091 | INFO     |   → 1084/1305: ✅ 0 взято | 🗑️ 3 мусор
2026-06-27 19:23:51,091 | INFO     |   → 1085/1305 ❌ HTTP 404 — https://raw.githubusercontent.com/snakem982/proxypool/main/source/v2ray.txt
2026-06-27 19:23:51,091 | INFO     |   → 1086/1305 ❌ HTTP 404 — https://raw.githubusercontent.com/soroushmirzaei/telegram-configs-collector/main/channels/protocols/hysteria
2026-06-27 19:23:51,092 | INFO     |   → 1087/1305 ❌ HTTP 404 — https://raw.githubusercontent.com/soroushmirzaei/telegram-configs-collector/main/channels/protocols/juicity
2026-06-27 19:23:51,092 | INFO     |   → 1088/1305 ❌ HTTP 404 — https://raw.githubusercontent.com/soroushmirzaei/telegram-configs-collector/main/channels/protocols/reality
2026-06-27 19:23:51,092 | INFO     |   → 1089/1305 ❌ HTTP 404 — https://raw.githubusercontent.com/soroushmirzaei/telegram-configs-collector/main/channels/protocols/shadowsocks
2026-06-27 19:23:51,092 | INFO     |   → 1090/1305 ❌ HTTP 404 — https://raw.githubusercontent.com/soroushmirzaei/telegram-configs-collector/main/channels/protocols/trojan
2026-06-27 19:23:51,092 | INFO     |   → 1091/1305 ❌ HTTP 404 — https://raw.githubusercontent.com/soroushmirzaei/telegram-configs-collector/main/channels/protocols/tuic
2026-06-27 19:23:51,092 | INFO     |   → 1092/1305 ❌ HTTP 404 — https://raw.githubusercontent.com/soroushmirzaei/telegram-configs-collector/main/channels/protocols/vless
2026-06-27 19:23:51,092 | INFO     |   → 1093/1305 ❌ HTTP 404 — https://raw.githubusercontent.com/soroushmirzaei/telegram-configs-collector/main/channels/protocols/vmess
2026-06-27 19:23:51,092 | INFO     |   → 1094/1305 ❌ HTTP 404 — https://raw.githubusercontent.com/soroushmirzaei/telegram-configs-collector/main/countries/jp/mixed
2026-06-27 19:23:51,092 | INFO     |   → 1095/1305 ❌ HTTP 404 — https://raw.githubusercontent.com/soroushmirzaei/telegram-configs-collector/main/protocols/hysteria
2026-06-27 19:23:51,092 | INFO     |   → 1096/1305 ❌ HTTP 404 — https://raw.githubusercontent.com/soroushmirzaei/telegram-configs-collector/main/protocols/juicity
2026-06-27 19:23:51,092 | INFO     |   → 1097/1305 ❌ HTTP 404 — https://raw.githubusercontent.com/soroushmirzaei/telegram-configs-collector/main/protocols/reality
2026-06-27 19:23:51,092 | INFO     |   → 1098/1305 ❌ HTTP 404 — https://raw.githubusercontent.com/soroushmirzaei/telegram-configs-collector/main/protocols/shadowsocks
2026-06-27 19:23:51,092 | INFO     |   → 1099/1305 ❌ HTTP 404 — https://raw.githubusercontent.com/soroushmirzaei/telegram-configs-collector/main/protocols/trojan
2026-06-27 19:23:51,092 | INFO     |   → 1100/1305 ❌ HTTP 404 — https://raw.githubusercontent.com/soroushmirzaei/telegram-configs-collector/main/protocols/tuic
2026-06-27 19:23:51,092 | INFO     |   → 1101/1305 ❌ HTTP 404 — https://raw.githubusercontent.com/soroushmirzaei/telegram-configs-collector/main/protocols/vless
2026-06-27 19:23:51,092 | INFO     |   → 1102/1305 ❌ HTTP 404 — https://raw.githubusercontent.com/soroushmirzaei/telegram-configs-collector/main/protocols/vmess
2026-06-27 19:23:51,092 | INFO     |   → 1103/1305 ❌ HTTP 404 — https://raw.githubusercontent.com/soroushmirzaei/telegram-configs-collector/main/splitted/subscribe
2026-06-27 19:23:51,092 | INFO     |   → 1104/1305 ❌ HTTP 404 — https://raw.githubusercontent.com/ssrsub/ssr/master/Clash.yml
2026-06-27 19:23:51,092 | INFO     |   → 1105/1305 ❌ HTTP 404 — https://raw.githubusercontent.com/ssrsub/ssr/master/V2Ray
2026-06-27 19:23:51,092 | INFO     |   → 1106/1305 ❌ HTTP 404 — https://raw.githubusercontent.com/ssrsub/ssr/master/ss-sub
2026-06-27 19:23:51,092 | INFO     |   → 1107/1305 ❌ HTTP 404 — https://raw.githubusercontent.com/ssrsub/ssr/master/ssrsub
2026-06-27 19:23:51,092 | INFO     |   → 1108/1305 ❌ HTTP 404 — https://raw.githubusercontent.com/ssrsub/ssr/master/trojan
2026-06-27 19:23:51,092 | INFO     |   → 1109/1305: ✅ 0 взято | 🗑️ 0 мусор
2026-06-27 19:23:51,092 | INFO     |   → 1110/1305: ✅ 2 взято | 🗑️ 12 мусор
2026-06-27 19:23:51,092 | INFO     |   → 1111/1305: ✅ 0 взято | 🗑️ 13 мусор
2026-06-27 19:23:51,092 | INFO     |   → 1112/1305: ✅ 0 взято | 🗑️ 13 мусор
2026-06-27 19:23:51,092 | INFO     |   → 1113/1305 ❌ HTTP 404 — https://raw.githubusercontent.com/tbbatbb/Proxy/master/dist/clash.config.yaml
2026-06-27 19:23:51,093 | INFO     |   → 1114/1305: ✅ 2 взято | 🗑️ 35 мусор
2026-06-27 19:23:51,093 | INFO     |   → 1115/1305: ✅ 0 взято | 🗑️ 0 мусор
2026-06-27 19:23:51,093 | INFO     |   → 1116/1305: ✅ 5 взято | 🗑️ 111 мусор
2026-06-27 19:23:51,093 | INFO     |   → 1117/1305: ✅ 0 взято | 🗑️ 0 мусор
2026-06-27 19:23:51,093 | INFO     |   → 1118/1305: ✅ 0 взято | 🗑️ 175 мусор
2026-06-27 19:23:51,093 | INFO     |   → 1119/1305 ❌ HTTP 404 — https://raw.githubusercontent.com/v2clash/Autoproxy/a81f840ab2364124133572ec94e4b81fb0d4e58d/sub/2401/240104.txt
2026-06-27 19:23:51,093 | INFO     |   → 1120/1305 ❌ HTTP 404 — https://raw.githubusercontent.com/v2clash/V2ray-Configs/31f493c584d0c7b56350f4a34d80c53ad82bcc18/Sub9.txt
2026-06-27 19:23:51,093 | INFO     |   → 1121/1305: ✅ 0 взято | 🗑️ 0 мусор
2026-06-27 19:23:51,093 | INFO     |   → 1122/1305: ✅ 0 взято | 🗑️ 0 мусор
2026-06-27 19:23:51,093 | INFO     |   → 1123/1305: ✅ 0 взято | 🗑️ 0 мусор
2026-06-27 19:23:51,093 | INFO     |   → 1124/1305: ✅ 283 взято | 🗑️ 9640 мусор
2026-06-27 19:23:51,093 | INFO     |   → 1125/1305: ✅ 281 взято | 🗑️ 10086 мусор
2026-06-27 19:23:51,093 | INFO     |   → 1126/1305: ✅ 280 взято | 🗑️ 9675 мусор
2026-06-27 19:23:51,093 | INFO     |   → 1127/1305: ✅ 334 взято | 🗑️ 9823 мусор
2026-06-27 19:23:51,093 | INFO     |   → 1128/1305: ✅ 350 взято | 🗑️ 9639 мусор
2026-06-27 19:23:51,093 | INFO     |   → 1129/1305: ✅ 125 взято | 🗑️ 7919 мусор
2026-06-27 19:23:51,093 | INFO     |   → 1130/1305: ✅ 135 взято | 🗑️ 4836 мусор
2026-06-27 19:23:51,093 | INFO     |   → 1131/1305: ✅ 502 взято | 🗑️ 7659 мусор
2026-06-27 19:23:51,093 | INFO     |   → 1132/1305: ✅ 631 взято | 🗑️ 8081 мусор
2026-06-27 19:23:51,093 | INFO     |   → 1133/1305: ✅ 202 взято | 🗑️ 5131 мусор
2026-06-27 19:23:51,093 | INFO     |   → 1134/1305 ❌ HTTP 404 — https://raw.githubusercontent.com/vveg26/chromego_merge/main/sub/merged_proxies.yaml
2026-06-27 19:23:51,093 | INFO     |   → 1135/1305 ❌ HTTP 404 — https://raw.githubusercontent.com/vveg26/get_proxy/main/dist/clash.config.yaml
2026-06-27 19:23:51,093 | INFO     |   → 1136/1305: ✅ 0 взято | 🗑️ 10 мусор
2026-06-27 19:23:51,093 | INFO     |   → 1137/1305: ✅ 0 взято | 🗑️ 10 мусор
2026-06-27 19:23:51,093 | INFO     |   → 1138/1305: ✅ 0 взято | 🗑️ 4 мусор
2026-06-27 19:23:51,093 | INFO     |   → 1139/1305: ✅ 0 взято | 🗑️ 0 мусор
2026-06-27 19:23:51,093 | INFO     |   → 1140/1305: ✅ 0 взято | 🗑️ 4 мусор
2026-06-27 19:23:51,094 | INFO     |   → 1141/1305: ✅ 106 взято | 🗑️ 689 мусор
2026-06-27 19:23:51,094 | INFO     |   → 1142/1305: ✅ 48 взято | 🗑️ 841 мусор
2026-06-27 19:23:51,094 | INFO     |   → 1143/1305: ✅ 21 взято | 🗑️ 789 мусор
2026-06-27 19:23:51,094 | INFO     |   → 1144/1305: ✅ 24 взято | 🗑️ 774 мусор
2026-06-27 19:23:51,094 | INFO     |   → 1145/1305: ✅ 52 взято | 🗑️ 756 мусор
2026-06-27 19:23:51,094 | INFO     |   → 1146/1305: ✅ 191 взято | 🗑️ 745 мусор
2026-06-27 19:23:51,094 | INFO     |   → 1147/1305: ✅ 9 взято | 🗑️ 651 мусор
2026-06-27 19:23:51,094 | INFO     |   → 1148/1305: ✅ 185 взято | 🗑️ 388 мусор
2026-06-27 19:23:51,094 | INFO     |   → 1149/1305: ✅ 130 взято | 🗑️ 523 мусор
2026-06-27 19:23:51,094 | INFO     |   → 1150/1305: ✅ 67 взято | 🗑️ 533 мусор
2026-06-27 19:23:51,094 | INFO     |   → 1151/1305: ✅ 98 взято | 🗑️ 444 мусор
2026-06-27 19:23:51,094 | INFO     |   → 1152/1305: ✅ 102 взято | 🗑️ 670 мусор
2026-06-27 19:23:51,094 | INFO     |   → 1153/1305: ✅ 86 взято | 🗑️ 476 мусор
2026-06-27 19:23:51,094 | INFO     |   → 1154/1305: ✅ 95 взято | 🗑️ 657 мусор
2026-06-27 19:23:51,094 | INFO     |   → 1155/1305: ✅ 105 взято | 🗑️ 645 мусор
2026-06-27 19:23:51,094 | INFO     |   → 1156/1305: ✅ 115 взято | 🗑️ 985 мусор
2026-06-27 19:23:51,094 | INFO     |   → 1157/1305: ✅ 6 взято | 🗑️ 63 мусор
2026-06-27 19:23:51,094 | INFO     |   → 1158/1305: ✅ 7 взято | 🗑️ 62 мусор
2026-06-27 19:23:51,094 | INFO     |   → 1159/1305: ✅ 39 взято | 🗑️ 489 мусор
2026-06-27 19:23:51,094 | INFO     |   → 1160/1305: ✅ 0 взято | 🗑️ 0 мусор
2026-06-27 19:23:51,094 | INFO     |   → 1161/1305: ✅ 0 взято | 🗑️ 0 мусор
2026-06-27 19:23:51,094 | INFO     |   → 1162/1305: ✅ 0 взято | 🗑️ 0 мусор
2026-06-27 19:23:51,094 | INFO     |   → 1163/1305: ✅ 0 взято | 🗑️ 0 мусор
2026-06-27 19:23:51,094 | INFO     |   → 1164/1305: ✅ 0 взято | 🗑️ 0 мусор
2026-06-27 19:23:51,094 | INFO     |   → 1165/1305: ✅ 0 взято | 🗑️ 52 мусор
2026-06-27 19:23:51,094 | INFO     |   → 1166/1305: ✅ 5 взято | 🗑️ 10 мусор
2026-06-27 19:23:51,094 | INFO     |   → 1167/1305: ✅ 1 взято | 🗑️ 124 мусор
2026-06-27 19:23:51,095 | INFO     |   → 1168/1305: ✅ 198 взято | 🗑️ 159 мусор
2026-06-27 19:23:51,095 | INFO     |   → 1169/1305: ✅ 0 взято | 🗑️ 9 мусор
2026-06-27 19:23:51,095 | INFO     |   → 1170/1305: ✅ 9 взято | 🗑️ 1023 мусор
2026-06-27 19:23:51,095 | INFO     |   → 1171/1305 ❌ HTTP 404 — https://raw.githubusercontent.com/xiaozhu2007/xiaozhu2007/61a755a044dbaeea678bc2d1e20f21a21c6d7170/docs/fxxk.txt
2026-06-27 19:23:51,095 | INFO     |   → 1172/1305: ✅ 1 взято | 🗑️ 159 мусор
2026-06-27 19:23:51,095 | INFO     |   → 1173/1305: ✅ 0 взято | 🗑️ 22 мусор
2026-06-27 19:23:51,095 | INFO     |   → 1174/1305: ✅ 0 взято | 🗑️ 0 мусор
2026-06-27 19:23:51,095 | INFO     |   → 1175/1305 ❌ HTTP 404 — https://raw.githubusercontent.com/yebekhe/TVC/0f745f92bf381e505f1245abbc7c145b19b11503/config.txt
2026-06-27 19:23:51,095 | INFO     |   → 1176/1305 ❌ HTTP 404 — https://raw.githubusercontent.com/yebekhe/TVC/9fac69239c69327fb7a61f5a8d79d107133889e1/lite/config.txt
2026-06-27 19:23:51,095 | INFO     |   → 1177/1305 ❌ HTTP 404 — https://raw.githubusercontent.com/yebekhe/TelegramV2rayCollector/main/sub/normal/donated
2026-06-27 19:23:51,095 | INFO     |   → 1178/1305 ❌ HTTP 404 — https://raw.githubusercontent.com/yebekhe/TelegramV2rayCollector/main/sub/normal/hysteria2
2026-06-27 19:23:51,095 | INFO     |   → 1179/1305 ❌ HTTP 404 — https://raw.githubusercontent.com/yebekhe/TelegramV2rayCollector/main/sub/normal/mix
2026-06-27 19:23:51,095 | INFO     |   → 1180/1305 ❌ HTTP 404 — https://raw.githubusercontent.com/yebekhe/TelegramV2rayCollector/main/sub/normal/reality
2026-06-27 19:23:51,095 | INFO     |   → 1181/1305 ❌ HTTP 404 — https://raw.githubusercontent.com/yebekhe/TelegramV2rayCollector/main/sub/normal/shadowsocks
2026-06-27 19:23:51,095 | INFO     |   → 1182/1305 ❌ HTTP 404 — https://raw.githubusercontent.com/yebekhe/TelegramV2rayCollector/main/sub/normal/trojan
2026-06-27 19:23:51,095 | INFO     |   → 1183/1305 ❌ HTTP 404 — https://raw.githubusercontent.com/yebekhe/TelegramV2rayCollector/main/sub/normal/tuic
2026-06-27 19:23:51,095 | INFO     |   → 1184/1305 ❌ HTTP 404 — https://raw.githubusercontent.com/yebekhe/TelegramV2rayCollector/main/sub/normal/vless
2026-06-27 19:23:51,095 | INFO     |   → 1185/1305 ❌ HTTP 404 — https://raw.githubusercontent.com/yebekhe/TelegramV2rayCollector/main/sub/normal/vmess
2026-06-27 19:23:51,095 | INFO     |   → 1186/1305 ❌ HTTP 404 — https://raw.githubusercontent.com/yebekhe/V2Hub/main/Split/Normal/shadowsocks
2026-06-27 19:23:51,095 | INFO     |   → 1187/1305 ❌ HTTP 404 — https://raw.githubusercontent.com/yebekhe/V2Hub/main/merged
2026-06-27 19:23:51,095 | INFO     |   → 1188/1305: ✅ 0 взято | 🗑️ 30 мусор
2026-06-27 19:23:51,095 | INFO     |   → 1189/1305: ✅ 1269 взято | 🗑️ 10829 мусор
2026-06-27 19:23:51,095 | INFO     |   → 1190/1305: ✅ 6 взято | 🗑️ 436 мусор
2026-06-27 19:23:51,095 | INFO     |   → 1191/1305: ✅ 13 взято | 🗑️ 412 мусор
2026-06-27 19:23:51,095 | INFO     |   → 1192/1305: ✅ 217 взято | 🗑️ 496 мусор
2026-06-27 19:23:51,095 | INFO     |   → 1193/1305: ✅ 0 взято | 🗑️ 1979 мусор
2026-06-27 19:23:51,095 | INFO     |   → 1194/1305: ✅ 3 взято | 🗑️ 561 мусор
2026-06-27 19:23:51,095 | INFO     |   → 1195/1305 ❌ HTTP 404 — https://raw.githubusercontent.com/yyyr-otz/tele-providers-collector/019cb3e07ee52fddbc7caa54fc670c6b9bae6539/sub/proxies.txt
2026-06-27 19:23:51,095 | INFO     |   → 1196/1305 ❌ HTTP 404 — https://raw.githubusercontent.com/yyyr-otz/tele-providers-collector/b7a74ee98bcf02c5a507d688a1bed3aa9f7f4ed1/script/raw/protocols/mixed.txt
2026-06-27 19:23:51,096 | INFO     |   → 1197/1305: ✅ 0 взято | 🗑️ 0 мусор
2026-06-27 19:23:51,096 | INFO     |   → 1198/1305: ✅ 0 взято | 🗑️ 0 мусор
2026-06-27 19:23:51,096 | INFO     |   → 1199/1305: ✅ 1 взято | 🗑️ 18 мусор
2026-06-27 19:23:51,096 | INFO     |   → 1200/1305: ✅ 36 взято | 🗑️ 1210 мусор
2026-06-27 19:23:51,096 | INFO     |   → 1201/1305: ✅ 0 взято | 🗑️ 5 мусор
2026-06-27 19:23:51,096 | INFO     |   → 1202/1305: ✅ 0 взято | 🗑️ 0 мусор
2026-06-27 19:23:51,096 | INFO     |   → 1203/1305 ⚠️ Ошибка: ('Connection aborted.', RemoteDisconnected('Remote end closed connection without response')) — https://sub.pmsub.me/clash.yaml
2026-06-27 19:23:51,096 | INFO     |   → 1204/1305: ✅ 0 взято | 🗑️ 1 мусор
2026-06-27 19:23:51,096 | INFO     |   → 1205/1305: ✅ 8 взято | 🗑️ 21 мусор
2026-06-27 19:23:51,096 | INFO     |   → 1206/1305: ✅ 0 взято | 🗑️ 0 мусор
2026-06-27 19:23:51,096 | INFO     |   → 1207/1305: ✅ 9 взято | 🗑️ 19 мусор
2026-06-27 19:23:51,096 | INFO     |   → 1208/1305: ✅ 0 взято | 🗑️ 0 мусор
2026-06-27 19:23:51,096 | INFO     |   → 1209/1305: ✅ 2 взято | 🗑️ 14 мусор
2026-06-27 19:23:51,096 | INFO     |   → 1210/1305: ✅ 4 взято | 🗑️ 22 мусор
2026-06-27 19:23:51,096 | INFO     |   → 1211/1305: ✅ 0 взято | 🗑️ 0 мусор
2026-06-27 19:23:51,096 | INFO     |   → 1212/1305: ✅ 0 взято | 🗑️ 0 мусор
2026-06-27 19:23:51,096 | INFO     |   → 1213/1305: ✅ 0 взято | 🗑️ 0 мусор
2026-06-27 19:23:51,096 | INFO     |   → 1214/1305: ✅ 2 взято | 🗑️ 16 мусор
2026-06-27 19:23:51,096 | INFO     |   → 1215/1305: ✅ 0 взято | 🗑️ 0 мусор
2026-06-27 19:23:51,096 | INFO     |   → 1216/1305: ✅ 4 взято | 🗑️ 7 мусор
2026-06-27 19:23:51,096 | INFO     |   → 1217/1305: ✅ 0 взято | 🗑️ 0 мусор
2026-06-27 19:23:51,096 | INFO     |   → 1218/1305: ✅ 6 взято | 🗑️ 14 мусор
2026-06-27 19:23:51,096 | INFO     |   → 1219/1305: ✅ 0 взято | 🗑️ 0 мусор
2026-06-27 19:23:51,096 | INFO     |   → 1220/1305: ✅ 2 взято | 🗑️ 13 мусор
2026-06-27 19:23:51,096 | INFO     |   → 1221/1305: ✅ 0 взято | 🗑️ 0 мусор
2026-06-27 19:23:51,096 | INFO     |   → 1222/1305: ✅ 0 взято | 🗑️ 0 мусор
2026-06-27 19:23:51,096 | INFO     |   → 1223/1305: ✅ 2 взято | 🗑️ 7 мусор
2026-06-27 19:23:51,096 | INFO     |   → 1224/1305: ✅ 1 взято | 🗑️ 14 мусор
2026-06-27 19:23:51,097 | INFO     |   → 1225/1305: ✅ 2 взято | 🗑️ 14 мусор
2026-06-27 19:23:51,097 | INFO     |   → 1226/1305: ✅ 0 взято | 🗑️ 0 мусор
2026-06-27 19:23:51,097 | INFO     |   → 1227/1305: ✅ 3 взято | 🗑️ 22 мусор
2026-06-27 19:23:51,097 | INFO     |   → 1228/1305: ✅ 0 взято | 🗑️ 0 мусор
2026-06-27 19:23:51,097 | INFO     |   → 1229/1305: ✅ 2 взято | 🗑️ 15 мусор
2026-06-27 19:23:51,097 | INFO     |   → 1230/1305: ✅ 3 взято | 🗑️ 12 мусор
2026-06-27 19:23:51,097 | INFO     |   → 1231/1305: ✅ 0 взято | 🗑️ 0 мусор
2026-06-27 19:23:51,097 | INFO     |   → 1232/1305: ✅ 0 взято | 🗑️ 0 мусор
2026-06-27 19:23:51,097 | INFO     |   → 1233/1305: ✅ 0 взято | 🗑️ 0 мусор
2026-06-27 19:23:51,097 | INFO     |   → 1234/1305: ✅ 4 взято | 🗑️ 11 мусор
2026-06-27 19:23:51,097 | INFO     |   → 1235/1305: ✅ 10 взято | 🗑️ 15 мусор
2026-06-27 19:23:51,097 | INFO     |   → 1236/1305: ✅ 0 взято | 🗑️ 0 мусор
2026-06-27 19:23:51,097 | INFO     |   → 1237/1305: ✅ 13 взято | 🗑️ 15 мусор
2026-06-27 19:23:51,097 | INFO     |   → 1238/1305: ✅ 0 взято | 🗑️ 0 мусор
2026-06-27 19:23:51,097 | INFO     |   → 1239/1305: ✅ 5 взято | 🗑️ 15 мусор
2026-06-27 19:23:51,097 | INFO     |   → 1240/1305: ✅ 0 взято | 🗑️ 0 мусор
2026-06-27 19:23:51,097 | INFO     |   → 1241/1305: ✅ 8 взято | 🗑️ 16 мусор
2026-06-27 19:23:51,097 | INFO     |   → 1242/1305: ✅ 0 взято | 🗑️ 0 мусор
2026-06-27 19:23:51,097 | INFO     |   → 1243/1305: ✅ 0 взято | 🗑️ 24 мусор
2026-06-27 19:23:51,097 | INFO     |   → 1244/1305: ✅ 0 взято | 🗑️ 0 мусор
2026-06-27 19:23:51,097 | INFO     |   → 1245/1305: ✅ 4 взято | 🗑️ 17 мусор
2026-06-27 19:23:51,097 | INFO     |   → 1246/1305: ✅ 0 взято | 🗑️ 0 мусор
2026-06-27 19:23:51,097 | INFO     |   → 1247/1305: ✅ 12 взято | 🗑️ 18 мусор
2026-06-27 19:23:51,097 | INFO     |   → 1248/1305: ✅ 0 взято | 🗑️ 0 мусор
2026-06-27 19:23:51,097 | INFO     |   → 1249/1305: ✅ 2 взято | 🗑️ 17 мусор
2026-06-27 19:23:51,097 | INFO     |   → 1250/1305: ✅ 0 взято | 🗑️ 0 мусор
2026-06-27 19:23:51,097 | INFO     |   → 1251/1305: ✅ 1 взято | 🗑️ 27 мусор
2026-06-27 19:23:51,097 | INFO     |   → 1252/1305: ✅ 0 взято | 🗑️ 0 мусор
2026-06-27 19:23:51,097 | INFO     |   → 1253/1305: ✅ 4 взято | 🗑️ 15 мусор
2026-06-27 19:23:51,098 | INFO     |   → 1254/1305: ✅ 0 взято | 🗑️ 0 мусор
2026-06-27 19:23:51,098 | INFO     |   → 1255/1305: ✅ 4 взято | 🗑️ 26 мусор
2026-06-27 19:23:51,098 | INFO     |   → 1256/1305: ✅ 0 взято | 🗑️ 0 мусор
2026-06-27 19:23:51,098 | INFO     |   → 1257/1305: ✅ 3 взято | 🗑️ 21 мусор
2026-06-27 19:23:51,098 | INFO     |   → 1258/1305: ✅ 0 взято | 🗑️ 0 мусор
2026-06-27 19:23:51,098 | INFO     |   → 1259/1305: ✅ 8 взято | 🗑️ 12 мусор
2026-06-27 19:23:51,098 | INFO     |   → 1260/1305: ✅ 0 взято | 🗑️ 0 мусор
2026-06-27 19:23:51,098 | INFO     |   → 1261/1305: ✅ 8 взято | 🗑️ 15 мусор
2026-06-27 19:23:51,098 | INFO     |   → 1262/1305: ✅ 0 взято | 🗑️ 0 мусор
2026-06-27 19:23:51,098 | INFO     |   → 1263/1305: ✅ 10 взято | 🗑️ 14 мусор
2026-06-27 19:23:51,098 | INFO     |   → 1264/1305: ✅ 0 взято | 🗑️ 0 мусор
2026-06-27 19:23:51,098 | INFO     |   → 1265/1305: ✅ 5 взято | 🗑️ 18 мусор
2026-06-27 19:23:51,098 | INFO     |   → 1266/1305: ✅ 0 взято | 🗑️ 0 мусор
2026-06-27 19:23:51,098 | INFO     |   → 1267/1305: ✅ 5 взято | 🗑️ 22 мусор
2026-06-27 19:23:51,098 | INFO     |   → 1268/1305: ✅ 0 взято | 🗑️ 0 мусор
2026-06-27 19:23:51,098 | INFO     |   → 1269/1305: ✅ 5 взято | 🗑️ 18 мусор
2026-06-27 19:23:51,098 | INFO     |   → 1270/1305: ✅ 0 взято | 🗑️ 0 мусор
2026-06-27 19:23:51,098 | INFO     |   → 1271/1305: ✅ 1 взято | 🗑️ 23 мусор
2026-06-27 19:23:51,098 | INFO     |   → 1272/1305: ✅ 0 взято | 🗑️ 0 мусор
2026-06-27 19:23:51,098 | INFO     |   → 1273/1305: ✅ 5 взято | 🗑️ 18 мусор
2026-06-27 19:23:51,098 | INFO     |   → 1274/1305: ✅ 0 взято | 🗑️ 0 мусор
2026-06-27 19:23:51,098 | INFO     |   → 1275/1305: ✅ 17 взято | 🗑️ 7 мусор
2026-06-27 19:23:51,098 | INFO     |   → 1276/1305: ✅ 0 взято | 🗑️ 0 мусор
2026-06-27 19:23:51,098 | INFO     |   → 1277/1305: ✅ 3 взято | 🗑️ 17 мусор
2026-06-27 19:23:51,098 | INFO     |   → 1278/1305: ✅ 0 взято | 🗑️ 0 мусор
2026-06-27 19:23:51,098 | INFO     |   → 1279/1305: ✅ 7 взято | 🗑️ 14 мусор
2026-06-27 19:23:51,098 | INFO     |   → 1280/1305: ✅ 0 взято | 🗑️ 0 мусор
2026-06-27 19:23:51,098 | INFO     |   → 1281/1305: ✅ 7 взято | 🗑️ 14 мусор
2026-06-27 19:23:51,099 | INFO     |   → 1282/1305: ✅ 0 взято | 🗑️ 0 мусор
2026-06-27 19:23:51,099 | INFO     |   → 1283/1305: ✅ 8 взято | 🗑️ 11 мусор
2026-06-27 19:23:51,099 | INFO     |   → 1284/1305: ✅ 0 взято | 🗑️ 0 мусор
2026-06-27 19:23:51,099 | INFO     |   → 1285/1305: ✅ 0 взято | 🗑️ 22 мусор
2026-06-27 19:23:51,099 | INFO     |   → 1286/1305: ✅ 0 взято | 🗑️ 0 мусор
2026-06-27 19:23:51,099 | INFO     |   → 1287/1305: ✅ 3 взято | 🗑️ 12 мусор
2026-06-27 19:23:51,099 | INFO     |   → 1288/1305: ✅ 0 взято | 🗑️ 0 мусор
2026-06-27 19:23:51,099 | INFO     |   → 1289/1305: ✅ 0 взято | 🗑️ 7 мусор
2026-06-27 19:23:51,099 | INFO     |   → 1290/1305: ✅ 0 взято | 🗑️ 0 мусор
2026-06-27 19:23:51,099 | INFO     |   → 1291/1305: ✅ 3 взято | 🗑️ 8 мусор
2026-06-27 19:23:51,099 | INFO     |   → 1292/1305: ✅ 0 взято | 🗑️ 0 мусор
2026-06-27 19:23:51,099 | INFO     |   → 1293/1305: ✅ 6 взято | 🗑️ 12 мусор
2026-06-27 19:23:51,099 | INFO     |   → 1294/1305: ✅ 0 взято | 🗑️ 0 мусор
2026-06-27 19:23:51,099 | INFO     |   → 1295/1305: ✅ 2 взято | 🗑️ 12 мусор
2026-06-27 19:23:51,099 | INFO     |   → 1296/1305: ✅ 0 взято | 🗑️ 0 мусор
2026-06-27 19:23:51,099 | INFO     |   → 1297/1305: ✅ 8 взято | 🗑️ 12 мусор
2026-06-27 19:23:51,099 | INFO     |   → 1298/1305: ✅ 0 взято | 🗑️ 0 мусор
2026-06-27 19:23:51,099 | INFO     |   → 1299/1305: ✅ 0 взято | 🗑️ 10 мусор
2026-06-27 19:23:51,099 | INFO     |   → 1300/1305: ✅ 0 взято | 🗑️ 0 мусор
2026-06-27 19:23:51,099 | INFO     |   → 1301/1305: ✅ 7 взято | 🗑️ 14 мусор
2026-06-27 19:23:51,099 | INFO     |   → 1302/1305: ✅ 0 взято | 🗑️ 0 мусор
2026-06-27 19:23:51,099 | INFO     |   → 1303/1305: ✅ 4 взято | 🗑️ 19 мусор
2026-06-27 19:23:51,099 | INFO     |   → 1304/1305: ✅ 0 взято | 🗑️ 0 мусор
2026-06-27 19:23:51,099 | INFO     |   → 1305/1305: ✅ 0 взято | 🗑️ 18 мусор
2026-06-27 19:23:51,099 | INFO     |   → ✅ ГОТОВО!
2026-06-27 19:23:51,099 | INFO     |   →    📥 Всего ключей после фильтра: 53903
2026-06-27 19:23:51,099 | INFO     |   →    🔗 Уникальных IP:PORT:SCHEME: 13757
2026-06-27 19:23:51,099 | INFO     |   →    🗑️ Выброшено мусора: 912493
2026-06-27 19:23:51,099 | INFO     |   → 📊 По протоколам:
2026-06-27 19:23:51,100 | INFO     |   →    vless: 6105
2026-06-27 19:23:51,100 | INFO     |   →    vmess: 3590
2026-06-27 19:23:51,100 | INFO     |   →    trojan: 1851
2026-06-27 19:23:51,100 | INFO     |   →    ss: 2043
2026-06-27 19:23:51,100 | INFO     |   →    hysteria: 13
2026-06-27 19:23:51,100 | INFO     |   →    hysteria2: 34
2026-06-27 19:23:51,100 | INFO     |   →    hy2: 68
2026-06-27 19:23:51,100 | INFO     |   →    tuic: 53
2026-06-27 19:23:51,100 | INFO     | ✅ mirror.py завершён успешно
2026-06-27 19:23:51,100 | INFO     | 
2026-06-27 19:23:51,100 | INFO     | 
2026-06-27 19:23:51,100 | INFO     | ──────────────────────────────────────────────────────────────────────
2026-06-27 19:23:51,100 | INFO     | 📌 ЭТАП: Фильтрация по реальному SNI
2026-06-27 19:23:51,100 | INFO     | ──────────────────────────────────────────────────────────────────────
2026-06-27 19:23:51,100 | INFO     | 🚀 Запуск filter_ru_sni.py (Фильтр по реальному SNI (CDN+RU))...
2026-06-27 19:23:51,396 | INFO     |   → hy2.txt: 68 → 21 (SNI-filtered)
2026-06-27 19:23:51,396 | INFO     |   →   hysteria.txt: 13 → 0 (SNI-filtered)
2026-06-27 19:23:51,396 | INFO     |   →   hysteria2.txt: 34 → 6 (SNI-filtered)
2026-06-27 19:23:51,396 | INFO     |   →   ss.txt: 2043 → 4 (SNI-filtered)
2026-06-27 19:23:51,396 | INFO     |   →   trojan.txt: 1851 → 21 (SNI-filtered)
2026-06-27 19:23:51,397 | INFO     |   →   tuic.txt: 53 → 0 (SNI-filtered)
2026-06-27 19:23:51,397 | INFO     |   →   vless.txt: 6105 → 1050 (SNI-filtered)
2026-06-27 19:23:51,397 | INFO     |   →   vmess.txt: 3590 → 38 (SNI-filtered)
2026-06-27 19:23:51,397 | INFO     |   → ==================================================
2026-06-27 19:23:51,397 | INFO     |   →   Всего входных:  13757
2026-06-27 19:23:51,397 | INFO     |   →   Прошли фильтр:  1140
2026-06-27 19:23:51,397 | INFO     |   →   Отброшено:      12617
2026-06-27 19:23:51,397 | INFO     |   → ==================================================
2026-06-27 19:23:51,397 | INFO     |   → Готово → /home/runner/work/vpn-vless-configs-russia/vpn-vless-configs-russia/githubmirror/ru-sni
2026-06-27 19:23:51,397 | INFO     | ✅ filter_ru_sni.py завершён успешно
2026-06-27 19:23:51,397 | INFO     | 
2026-06-27 19:23:51,397 | INFO     | 
2026-06-27 19:23:51,397 | INFO     | ──────────────────────────────────────────────────────────────────────
2026-06-27 19:23:51,397 | INFO     | 📌 ЭТАП: Экспериментальный RU-SNI фильтр
2026-06-27 19:23:51,397 | INFO     | ──────────────────────────────────────────────────────────────────────
2026-06-27 19:23:51,397 | INFO     | 🚀 Запуск filter_ru_sni_local.py (Экспериментальный фильтр по RU-SNI (локальные домены))...
2026-06-27 19:23:51,594 | INFO     |   → hy2.txt: 68 → 0 (RU-SNI)
2026-06-27 19:23:51,595 | INFO     |   → hysteria.txt: 13 → 0 (RU-SNI)
2026-06-27 19:23:51,595 | INFO     |   → hysteria2.txt: 34 → 0 (RU-SNI)
2026-06-27 19:23:51,595 | INFO     |   → ss.txt: 2043 → 0 (RU-SNI)
2026-06-27 19:23:51,595 | INFO     |   → trojan.txt: 1851 → 1 (RU-SNI)
2026-06-27 19:23:51,595 | INFO     |   → tuic.txt: 53 → 0 (RU-SNI)
2026-06-27 19:23:51,595 | INFO     |   → vless.txt: 6105 → 179 (RU-SNI)
2026-06-27 19:23:51,595 | INFO     |   → vmess.txt: 3590 → 0 (RU-SNI)
2026-06-27 19:23:51,595 | INFO     |   → ==================================================
2026-06-27 19:23:51,595 | INFO     |   → Всего входных:  13757
2026-06-27 19:23:51,595 | INFO     |   → Прошли RU-SNI:  180
2026-06-27 19:23:51,595 | INFO     |   → Отброшено:      13577
2026-06-27 19:23:51,595 | INFO     |   → ==================================================
2026-06-27 19:23:51,595 | INFO     |   → Готово → /home/runner/work/vpn-vless-configs-russia/vpn-vless-configs-russia/githubmirror/ru-sni-local
2026-06-27 19:23:51,595 | INFO     | ✅ filter_ru_sni_local.py завершён успешно
2026-06-27 19:23:51,595 | INFO     | 
2026-06-27 19:23:51,595 | INFO     | 
2026-06-27 19:23:51,595 | INFO     | ──────────────────────────────────────────────────────────────────────
2026-06-27 19:23:51,595 | INFO     | 📌 ЭТАП: Сбор статистики
2026-06-27 19:23:51,595 | INFO     | ──────────────────────────────────────────────────────────────────────
2026-06-27 19:23:51,595 | INFO     | 📊 Сбор статистики...
2026-06-27 19:23:51,596 | INFO     |   📁 githubmirror/clean:
2026-06-27 19:23:51,596 | INFO     |     • hy2         :    68 конфигов
2026-06-27 19:23:51,596 | INFO     |     • hysteria    :    13 конфигов
2026-06-27 19:23:51,596 | INFO     |     • hysteria2   :    34 конфигов
2026-06-27 19:23:51,598 | INFO     |     • ss          :  2043 конфигов
2026-06-27 19:23:51,600 | INFO     |     • trojan      :  1851 конфигов
2026-06-27 19:23:51,600 | INFO     |     • tuic        :    53 конфигов
2026-06-27 19:23:51,606 | INFO     |     • vless       :  6105 конфигов
2026-06-27 19:23:51,608 | INFO     |     • vmess       :  3590 конфигов
2026-06-27 19:23:51,608 | INFO     |   📁 githubmirror/ru-sni:
2026-06-27 19:23:51,609 | INFO     |     • hy2         :    21 конфигов ( 30.9% от clean)
2026-06-27 19:23:51,609 | INFO     |     • hysteria    :     0 конфигов (  0.0% от clean)
2026-06-27 19:23:51,609 | INFO     |     • hysteria2   :     6 конфигов ( 17.6% от clean)
2026-06-27 19:23:51,609 | INFO     |     • ss          :     4 конфигов (  0.2% от clean)
2026-06-27 19:23:51,609 | INFO     |     • trojan      :    21 конфигов (  1.1% от clean)
2026-06-27 19:23:51,609 | INFO     |     • tuic        :     0 конфигов (  0.0% от clean)
2026-06-27 19:23:51,611 | INFO     |     • vless       :  1050 конфигов ( 17.2% от clean)
2026-06-27 19:23:51,611 | INFO     |     • vmess       :    38 конфигов (  1.1% от clean)
2026-06-27 19:23:51,611 | INFO     | 
2026-06-27 19:23:51,611 | INFO     |   ──────────────────────────────────────────────────
2026-06-27 19:23:51,611 | INFO     |   📈 ИТОГО:
2026-06-27 19:23:51,611 | INFO     |     Clean (после geo-фильтра):    13757
2026-06-27 19:23:51,611 | INFO     |     RU-SNI (после SNI-фильтра):    1140
2026-06-27 19:23:51,611 | INFO     |     Прошло фильтр:                  8.3%
2026-06-27 19:23:51,611 | INFO     |   ──────────────────────────────────────────────────
2026-06-27 19:23:51,611 | INFO     | ✅ Статистика сохранена: /home/runner/work/vpn-vless-configs-russia/vpn-vless-configs-russia/stats.json
2026-06-27 19:23:51,611 | INFO     | 
2026-06-27 19:23:51,611 | INFO     | ======================================================================
2026-06-27 19:23:51,612 | INFO     | 📊 ИТОГОВЫЙ ОТЧЁТ
2026-06-27 19:23:51,612 | INFO     | ======================================================================
2026-06-27 19:23:51,612 | INFO     |   ✅ OK         | Загрузка и geo-фильтрация
2026-06-27 19:23:51,612 | INFO     |   ✅ OK         | Фильтрация по реальному SNI
2026-06-27 19:23:51,612 | INFO     |   ✅ OK         | Экспериментальный RU-SNI фильтр
2026-06-27 19:23:51,612 | INFO     |   ✅ OK         | Сбор статистики
2026-06-27 19:23:51,612 | INFO     | ──────────────────────────────────────────────────────────────────────
2026-06-27 19:23:51,612 | INFO     | ✅ ВСЕ ЭТАПЫ УСПЕШНЫ (4/4)
2026-06-27 19:23:51,612 | INFO     | ⏰ Время завершения: 2026-06-27 19:23:51
2026-06-27 19:23:51,612 | INFO     | ======================================================================
