2026-06-05 19:53:15,250 | INFO     | ======================================================================
2026-06-05 19:53:15,250 | INFO     | 🔍 VPN KEY CHECKER - Начало проверки
2026-06-05 19:53:15,250 | INFO     | ⏰ Время старта: 2026-06-05 19:53:15
2026-06-05 19:53:15,250 | INFO     | 📂 Рабочая директория: /home/runner/work/vpn-vless-configs-russia/vpn-vless-configs-russia
2026-06-05 19:53:15,250 | INFO     | ======================================================================
2026-06-05 19:53:15,250 | INFO     | 
2026-06-05 19:53:15,251 | INFO     | 🔍 Проверка наличия скриптов...
2026-06-05 19:53:15,251 | INFO     |   ✅ mirror.py
2026-06-05 19:53:15,251 | INFO     |   ✅ filter_ru_sni.py
2026-06-05 19:53:15,251 | INFO     |   ✅ filter_ru_sni_local.py
2026-06-05 19:53:15,251 | INFO     | 
2026-06-05 19:53:15,251 | INFO     | 
2026-06-05 19:53:15,251 | INFO     | ──────────────────────────────────────────────────────────────────────
2026-06-05 19:53:15,251 | INFO     | 📌 ЭТАП: Загрузка и geo-фильтрация
2026-06-05 19:53:15,251 | INFO     | ──────────────────────────────────────────────────────────────────────
2026-06-05 19:53:15,251 | INFO     | 🚀 Запуск mirror.py (Загрузка и фильтрация по РФ/СНГ/Европа)...
2026-06-05 19:58:33,502 | INFO     |   → 🚀 Старт: всего источников (старые + новые): 1127
2026-06-05 19:58:33,502 | INFO     |   → 1/1127: ✅ 13 взято | 🗑️ 242 мусор
2026-06-05 19:58:33,502 | INFO     |   → 2/1127: ✅ 0 взято | 🗑️ 0 мусор
2026-06-05 19:58:33,502 | INFO     |   → 3/1127 ❌ HTTP 404 — https://bitbucket.org/huwo1/proxy_nodes/raw/f31ca9ec67b84071515729ff45b011b6b09c10f2/clash.yaml
2026-06-05 19:58:33,502 | INFO     |   → 4/1127 ❌ HTTP 404 — https://cdn.jsdelivr.net/gh/cry0ice/genode@main/public/all.txt
2026-06-05 19:58:33,502 | INFO     |   → 5/1127 ❌ HTTP 404 — https://cdn.jsdelivr.net/gh/cry0ice/genode@main/public/ss.txt
2026-06-05 19:58:33,502 | INFO     |   → 6/1127 ❌ HTTP 404 — https://cdn.jsdelivr.net/gh/cry0ice/genode@main/public/ssr.txt
2026-06-05 19:58:33,502 | INFO     |   → 7/1127 ❌ HTTP 404 — https://cdn.jsdelivr.net/gh/cry0ice/genode@main/public/trojan.txt
2026-06-05 19:58:33,502 | INFO     |   → 8/1127 ❌ HTTP 404 — https://cdn.jsdelivr.net/gh/cry0ice/genode@main/public/vless.txt
2026-06-05 19:58:33,502 | INFO     |   → 9/1127 ❌ HTTP 404 — https://cdn.jsdelivr.net/gh/cry0ice/genode@main/public/vmess.txt
2026-06-05 19:58:33,502 | INFO     |   → 10/1127: ✅ 0 взято | 🗑️ 0 мусор
2026-06-05 19:58:33,502 | INFO     |   → 11/1127: ✅ 0 взято | 🗑️ 0 мусор
2026-06-05 19:58:33,502 | INFO     |   → 12/1127: ✅ 0 взято | 🗑️ 0 мусор
2026-06-05 19:58:33,502 | INFO     |   → 13/1127: ✅ 0 взято | 🗑️ 0 мусор
2026-06-05 19:58:33,502 | INFO     |   → 14/1127: ✅ 0 взято | 🗑️ 0 мусор
2026-06-05 19:58:33,502 | INFO     |   → 15/1127: ✅ 0 взято | 🗑️ 0 мусор
2026-06-05 19:58:33,503 | INFO     |   → 16/1127: ✅ 0 взято | 🗑️ 0 мусор
2026-06-05 19:58:33,503 | INFO     |   → 17/1127: ✅ 0 взято | 🗑️ 0 мусор
2026-06-05 19:58:33,503 | INFO     |   → 18/1127: ✅ 0 взято | 🗑️ 0 мусор
2026-06-05 19:58:33,503 | INFO     |   → 19/1127: ✅ 0 взято | 🗑️ 0 мусор
2026-06-05 19:58:33,503 | INFO     |   → 20/1127: ✅ 0 взято | 🗑️ 0 мусор
2026-06-05 19:58:33,503 | INFO     |   → 21/1127: ✅ 0 взято | 🗑️ 0 мусор
2026-06-05 19:58:33,503 | INFO     |   → 22/1127: ✅ 0 взято | 🗑️ 0 мусор
2026-06-05 19:58:33,503 | INFO     |   → 23/1127: ✅ 0 взято | 🗑️ 0 мусор
2026-06-05 19:58:33,503 | INFO     |   → 24/1127: ✅ 0 взято | 🗑️ 0 мусор
2026-06-05 19:58:33,503 | INFO     |   → 25/1127: ✅ 0 взято | 🗑️ 0 мусор
2026-06-05 19:58:33,503 | INFO     |   → 26/1127: ✅ 0 взято | 🗑️ 0 мусор
2026-06-05 19:58:33,503 | INFO     |   → 27/1127: ✅ 0 взято | 🗑️ 0 мусор
2026-06-05 19:58:33,503 | INFO     |   → 28/1127: ✅ 0 взято | 🗑️ 0 мусор
2026-06-05 19:58:33,503 | INFO     |   → 29/1127: ✅ 0 взято | 🗑️ 0 мусор
2026-06-05 19:58:33,503 | INFO     |   → 30/1127: ✅ 0 взято | 🗑️ 0 мусор
2026-06-05 19:58:33,503 | INFO     |   → 31/1127: ✅ 0 взято | 🗑️ 0 мусор
2026-06-05 19:58:33,503 | INFO     |   → 32/1127: ✅ 0 взято | 🗑️ 0 мусор
2026-06-05 19:58:33,503 | INFO     |   → 33/1127: ✅ 0 взято | 🗑️ 0 мусор
2026-06-05 19:58:33,503 | INFO     |   → 34/1127: ✅ 0 взято | 🗑️ 0 мусор
2026-06-05 19:58:33,503 | INFO     |   → 35/1127: ✅ 0 взято | 🗑️ 0 мусор
2026-06-05 19:58:33,503 | INFO     |   → 36/1127: ✅ 0 взято | 🗑️ 0 мусор
2026-06-05 19:58:33,503 | INFO     |   → 37/1127: ✅ 0 взято | 🗑️ 0 мусор
2026-06-05 19:58:33,503 | INFO     |   → 38/1127: ✅ 0 взято | 🗑️ 0 мусор
2026-06-05 19:58:33,503 | INFO     |   → 39/1127: ✅ 0 взято | 🗑️ 0 мусор
2026-06-05 19:58:33,503 | INFO     |   → 40/1127: ✅ 0 взято | 🗑️ 0 мусор
2026-06-05 19:58:33,503 | INFO     |   → 41/1127: ✅ 0 взято | 🗑️ 0 мусор
2026-06-05 19:58:33,503 | INFO     |   → 42/1127: ✅ 0 взято | 🗑️ 0 мусор
2026-06-05 19:58:33,503 | INFO     |   → 43/1127: ✅ 0 взято | 🗑️ 0 мусор
2026-06-05 19:58:33,503 | INFO     |   → 44/1127: ✅ 0 взято | 🗑️ 0 мусор
2026-06-05 19:58:33,503 | INFO     |   → 45/1127: ✅ 0 взято | 🗑️ 0 мусор
2026-06-05 19:58:33,503 | INFO     |   → 46/1127: ✅ 0 взято | 🗑️ 0 мусор
2026-06-05 19:58:33,504 | INFO     |   → 47/1127: ✅ 0 взято | 🗑️ 0 мусор
2026-06-05 19:58:33,504 | INFO     |   → 48/1127: ✅ 0 взято | 🗑️ 0 мусор
2026-06-05 19:58:33,504 | INFO     |   → 49/1127: ✅ 0 взято | 🗑️ 0 мусор
2026-06-05 19:58:33,504 | INFO     |   → 50/1127: ✅ 0 взято | 🗑️ 0 мусор
2026-06-05 19:58:33,504 | INFO     |   → 51/1127: ✅ 0 взято | 🗑️ 0 мусор
2026-06-05 19:58:33,504 | INFO     |   → 52/1127: ✅ 0 взято | 🗑️ 0 мусор
2026-06-05 19:58:33,504 | INFO     |   → 53/1127: ✅ 0 взято | 🗑️ 0 мусор
2026-06-05 19:58:33,504 | INFO     |   → 54/1127: ✅ 0 взято | 🗑️ 0 мусор
2026-06-05 19:58:33,504 | INFO     |   → 55/1127: ✅ 0 взято | 🗑️ 0 мусор
2026-06-05 19:58:33,504 | INFO     |   → 56/1127: ✅ 0 взято | 🗑️ 0 мусор
2026-06-05 19:58:33,504 | INFO     |   → 57/1127: ✅ 0 взято | 🗑️ 0 мусор
2026-06-05 19:58:33,504 | INFO     |   → 58/1127: ✅ 0 взято | 🗑️ 0 мусор
2026-06-05 19:58:33,504 | INFO     |   → 59/1127: ✅ 0 взято | 🗑️ 0 мусор
2026-06-05 19:58:33,504 | INFO     |   → 60/1127: ✅ 0 взято | 🗑️ 0 мусор
2026-06-05 19:58:33,504 | INFO     |   → 61/1127: ✅ 0 взято | 🗑️ 0 мусор
2026-06-05 19:58:33,504 | INFO     |   → 62/1127: ✅ 0 взято | 🗑️ 0 мусор
2026-06-05 19:58:33,504 | INFO     |   → 63/1127: ✅ 0 взято | 🗑️ 0 мусор
2026-06-05 19:58:33,504 | INFO     |   → 64/1127: ✅ 0 взято | 🗑️ 0 мусор
2026-06-05 19:58:33,504 | INFO     |   → 65/1127: ✅ 0 взято | 🗑️ 0 мусор
2026-06-05 19:58:33,504 | INFO     |   → 66/1127: ✅ 0 взято | 🗑️ 0 мусор
2026-06-05 19:58:33,504 | INFO     |   → 67/1127: ✅ 0 взято | 🗑️ 0 мусор
2026-06-05 19:58:33,504 | INFO     |   → 68/1127: ✅ 0 взято | 🗑️ 0 мусор
2026-06-05 19:58:33,504 | INFO     |   → 69/1127: ✅ 0 взято | 🗑️ 0 мусор
2026-06-05 19:58:33,504 | INFO     |   → 70/1127: ✅ 0 взято | 🗑️ 0 мусор
2026-06-05 19:58:33,504 | INFO     |   → 71/1127: ✅ 0 взято | 🗑️ 0 мусор
2026-06-05 19:58:33,504 | INFO     |   → 72/1127: ✅ 0 взято | 🗑️ 0 мусор
2026-06-05 19:58:33,504 | INFO     |   → 73/1127: ✅ 0 взято | 🗑️ 0 мусор
2026-06-05 19:58:33,504 | INFO     |   → 74/1127: ✅ 0 взято | 🗑️ 0 мусор
2026-06-05 19:58:33,504 | INFO     |   → 75/1127: ✅ 0 взято | 🗑️ 0 мусор
2026-06-05 19:58:33,504 | INFO     |   → 76/1127: ✅ 0 взято | 🗑️ 0 мусор
2026-06-05 19:58:33,504 | INFO     |   → 77/1127: ✅ 0 взято | 🗑️ 0 мусор
2026-06-05 19:58:33,504 | INFO     |   → 78/1127: ✅ 0 взято | 🗑️ 0 мусор
2026-06-05 19:58:33,504 | INFO     |   → 79/1127: ✅ 0 взято | 🗑️ 0 мусор
2026-06-05 19:58:33,504 | INFO     |   → 80/1127: ✅ 0 взято | 🗑️ 0 мусор
2026-06-05 19:58:33,504 | INFO     |   → 81/1127: ✅ 0 взято | 🗑️ 0 мусор
2026-06-05 19:58:33,504 | INFO     |   → 82/1127: ✅ 0 взято | 🗑️ 0 мусор
2026-06-05 19:58:33,504 | INFO     |   → 83/1127: ✅ 0 взято | 🗑️ 0 мусор
2026-06-05 19:58:33,504 | INFO     |   → 84/1127: ✅ 0 взято | 🗑️ 0 мусор
2026-06-05 19:58:33,504 | INFO     |   → 85/1127: ✅ 0 взято | 🗑️ 0 мусор
2026-06-05 19:58:33,504 | INFO     |   → 86/1127: ✅ 0 взято | 🗑️ 0 мусор
2026-06-05 19:58:33,504 | INFO     |   → 87/1127: ✅ 0 взято | 🗑️ 0 мусор
2026-06-05 19:58:33,505 | INFO     |   → 88/1127: ✅ 0 взято | 🗑️ 0 мусор
2026-06-05 19:58:33,505 | INFO     |   → 89/1127: ✅ 0 взято | 🗑️ 0 мусор
2026-06-05 19:58:33,505 | INFO     |   → 90/1127: ✅ 0 взято | 🗑️ 0 мусор
2026-06-05 19:58:33,505 | INFO     |   → 91/1127: ✅ 0 взято | 🗑️ 0 мусор
2026-06-05 19:58:33,505 | INFO     |   → 92/1127: ✅ 0 взято | 🗑️ 0 мусор
2026-06-05 19:58:33,505 | INFO     |   → 93/1127: ✅ 0 взято | 🗑️ 0 мусор
2026-06-05 19:58:33,505 | INFO     |   → 94/1127: ✅ 0 взято | 🗑️ 0 мусор
2026-06-05 19:58:33,505 | INFO     |   → 95/1127: ✅ 0 взято | 🗑️ 0 мусор
2026-06-05 19:58:33,505 | INFO     |   → 96/1127: ✅ 0 взято | 🗑️ 0 мусор
2026-06-05 19:58:33,505 | INFO     |   → 97/1127: ✅ 0 взято | 🗑️ 0 мусор
2026-06-05 19:58:33,505 | INFO     |   → 98/1127: ✅ 0 взято | 🗑️ 0 мусор
2026-06-05 19:58:33,505 | INFO     |   → 99/1127: ✅ 0 взято | 🗑️ 0 мусор
2026-06-05 19:58:33,505 | INFO     |   → 100/1127: ✅ 0 взято | 🗑️ 0 мусор
2026-06-05 19:58:33,505 | INFO     |   → 101/1127: ✅ 0 взято | 🗑️ 0 мусор
2026-06-05 19:58:33,505 | INFO     |   → 102/1127: ✅ 0 взято | 🗑️ 0 мусор
2026-06-05 19:58:33,505 | INFO     |   → 103/1127: ✅ 0 взято | 🗑️ 0 мусор
2026-06-05 19:58:33,505 | INFO     |   → 104/1127: ✅ 0 взято | 🗑️ 0 мусор
2026-06-05 19:58:33,505 | INFO     |   → 105/1127: ✅ 0 взято | 🗑️ 0 мусор
2026-06-05 19:58:33,505 | INFO     |   → 106/1127: ✅ 0 взято | 🗑️ 0 мусор
2026-06-05 19:58:33,505 | INFO     |   → 107/1127: ✅ 0 взято | 🗑️ 0 мусор
2026-06-05 19:58:33,505 | INFO     |   → 108/1127: ✅ 0 взято | 🗑️ 0 мусор
2026-06-05 19:58:33,505 | INFO     |   → 109/1127: ✅ 0 взято | 🗑️ 0 мусор
2026-06-05 19:58:33,505 | INFO     |   → 110/1127: ✅ 0 взято | 🗑️ 0 мусор
2026-06-05 19:58:33,505 | INFO     |   → 111/1127: ✅ 0 взято | 🗑️ 0 мусор
2026-06-05 19:58:33,505 | INFO     |   → 112/1127: ✅ 0 взято | 🗑️ 0 мусор
2026-06-05 19:58:33,505 | INFO     |   → 113/1127: ✅ 0 взято | 🗑️ 0 мусор
2026-06-05 19:58:33,505 | INFO     |   → 114/1127: ✅ 0 взято | 🗑️ 0 мусор
2026-06-05 19:58:33,505 | INFO     |   → 115/1127: ✅ 0 взято | 🗑️ 0 мусор
2026-06-05 19:58:33,505 | INFO     |   → 116/1127: ✅ 0 взято | 🗑️ 0 мусор
2026-06-05 19:58:33,505 | INFO     |   → 117/1127: ✅ 0 взято | 🗑️ 0 мусор
2026-06-05 19:58:33,505 | INFO     |   → 118/1127: ✅ 0 взято | 🗑️ 0 мусор
2026-06-05 19:58:33,505 | INFO     |   → 119/1127: ✅ 0 взято | 🗑️ 0 мусор
2026-06-05 19:58:33,506 | INFO     |   → 120/1127: ✅ 0 взято | 🗑️ 0 мусор
2026-06-05 19:58:33,506 | INFO     |   → 121/1127: ✅ 0 взято | 🗑️ 0 мусор
2026-06-05 19:58:33,506 | INFO     |   → 122/1127 ❌ HTTP 404 — https://freessrnode.github.io/uploads/2024/08/0-20240822.txt
2026-06-05 19:58:33,506 | INFO     |   → 123/1127 ❌ HTTP 404 — https://freessrnode.github.io/uploads/2024/08/1-20240822.txt
2026-06-05 19:58:33,506 | INFO     |   → 124/1127 ❌ HTTP 404 — https://freessrnode.github.io/uploads/2024/08/2-20240822.txt
2026-06-05 19:58:33,506 | INFO     |   → 125/1127 ❌ HTTP 404 — https://freessrnode.github.io/uploads/2024/08/3-20240822.txt
2026-06-05 19:58:33,506 | INFO     |   → 126/1127 ❌ HTTP 404 — https://freessrnode.github.io/uploads/2024/08/4-20240822.txt
2026-06-05 19:58:33,506 | INFO     |   → 127/1127 ⚠️ Ошибка: HTTPSConnectionPool(host='freevpnspy.githubrowcontent.com', port=443): Max retries exceeded with url: /2024/08/20240802_novless.yaml (Caused by NameResolutionError("HTTPSConnection(host='freevpnspy.githubrowcontent.com', port=443): Failed to resolve 'freevpnspy.githubrowcontent.com' ([Errno -2] Name or service not known)")) — https://freevpnspy.githubrowcontent.com/2024/08/20240802_novless.yaml
2026-06-05 19:58:33,506 | INFO     |   → 128/1127 ⚠️ Ошибка: HTTPSConnectionPool(host='freevpnspy.githubrowcontent.com', port=443): Max retries exceeded with url: /2024/08/20240802_vless.yaml (Caused by NameResolutionError("HTTPSConnection(host='freevpnspy.githubrowcontent.com', port=443): Failed to resolve 'freevpnspy.githubrowcontent.com' ([Errno -2] Name or service not known)")) — https://freevpnspy.githubrowcontent.com/2024/08/20240802_vless.yaml
2026-06-05 19:58:33,506 | INFO     |   → 129/1127: ✅ 0 взято | 🗑️ 0 мусор
2026-06-05 19:58:33,506 | INFO     |   → 130/1127: ✅ 14 взято | 🗑️ 292 мусор
2026-06-05 19:58:33,506 | INFO     |   → 131/1127: ✅ 14 взято | 🗑️ 218 мусор
2026-06-05 19:58:33,506 | INFO     |   → 132/1127: ✅ 7 взято | 🗑️ 148 мусор
2026-06-05 19:58:33,506 | INFO     |   → 133/1127: ✅ 9 взято | 🗑️ 151 мусор
2026-06-05 19:58:33,506 | INFO     |   → 134/1127: ✅ 0 взято | 🗑️ 0 мусор
2026-06-05 19:58:33,506 | INFO     |   → 135/1127: ✅ 0 взято | 🗑️ 0 мусор
2026-06-05 19:58:33,506 | INFO     |   → 136/1127: ✅ 0 взято | 🗑️ 0 мусор
2026-06-05 19:58:33,506 | INFO     |   → 137/1127: ✅ 0 взято | 🗑️ 0 мусор
2026-06-05 19:58:33,506 | INFO     |   → 138/1127: ✅ 0 взято | 🗑️ 0 мусор
2026-06-05 19:58:33,506 | INFO     |   → 139/1127: ✅ 5 взято | 🗑️ 211 мусор
2026-06-05 19:58:33,506 | INFO     |   → 140/1127: ✅ 0 взято | 🗑️ 0 мусор
2026-06-05 19:58:33,506 | INFO     |   → 141/1127: ✅ 0 взято | 🗑️ 0 мусор
2026-06-05 19:58:33,506 | INFO     |   → 142/1127: ✅ 1 взято | 🗑️ 226 мусор
2026-06-05 19:58:33,506 | INFO     |   → 143/1127: ✅ 3 взято | 🗑️ 152 мусор
2026-06-05 19:58:33,506 | INFO     |   → 144/1127: ✅ 0 взято | 🗑️ 0 мусор
2026-06-05 19:58:33,506 | INFO     |   → 145/1127: ✅ 0 взято | 🗑️ 0 мусор
2026-06-05 19:58:33,506 | INFO     |   → 146/1127: ✅ 0 взято | 🗑️ 300 мусор
2026-06-05 19:58:33,506 | INFO     |   → 147/1127: ✅ 0 взято | 🗑️ 142 мусор
2026-06-05 19:58:33,506 | INFO     |   → 148/1127: ✅ 0 взято | 🗑️ 0 мусор
2026-06-05 19:58:33,506 | INFO     |   → 149/1127: ✅ 1 взято | 🗑️ 104 мусор
2026-06-05 19:58:33,506 | INFO     |   → 150/1127: ✅ 0 взято | 🗑️ 193 мусор
2026-06-05 19:58:33,506 | INFO     |   → 151/1127: ✅ 2 взято | 🗑️ 115 мусор
2026-06-05 19:58:33,507 | INFO     |   → 152/1127: ✅ 0 взято | 🗑️ 0 мусор
2026-06-05 19:58:33,507 | INFO     |   → 153/1127: ✅ 0 взято | 🗑️ 0 мусор
2026-06-05 19:58:33,507 | INFO     |   → 154/1127: ✅ 0 взято | 🗑️ 125 мусор
2026-06-05 19:58:33,507 | INFO     |   → 155/1127: ✅ 0 взято | 🗑️ 296 мусор
2026-06-05 19:58:33,507 | INFO     |   → 156/1127: ✅ 0 взято | 🗑️ 130 мусор
2026-06-05 19:58:33,507 | INFO     |   → 157/1127: ✅ 2 взято | 🗑️ 105 мусор
2026-06-05 19:58:33,507 | INFO     |   → 158/1127: ✅ 0 взято | 🗑️ 0 мусор
2026-06-05 19:58:33,507 | INFO     |   → 159/1127: ✅ 3 взято | 🗑️ 268 мусор
2026-06-05 19:58:33,507 | INFO     |   → 160/1127: ✅ 0 взято | 🗑️ 248 мусор
2026-06-05 19:58:33,507 | INFO     |   → 161/1127: ✅ 0 взято | 🗑️ 0 мусор
2026-06-05 19:58:33,507 | INFO     |   → 162/1127: ✅ 1 взято | 🗑️ 139 мусор
2026-06-05 19:58:33,507 | INFO     |   → 163/1127: ✅ 0 взято | 🗑️ 0 мусор
2026-06-05 19:58:33,507 | INFO     |   → 164/1127: ✅ 0 взято | 🗑️ 0 мусор
2026-06-05 19:58:33,507 | INFO     |   → 165/1127: ✅ 0 взято | 🗑️ 0 мусор
2026-06-05 19:58:33,507 | INFO     |   → 166/1127: ✅ 0 взято | 🗑️ 198 мусор
2026-06-05 19:58:33,507 | INFO     |   → 167/1127: ✅ 0 взято | 🗑️ 0 мусор
2026-06-05 19:58:33,507 | INFO     |   → 168/1127: ✅ 0 взято | 🗑️ 0 мусор
2026-06-05 19:58:33,507 | INFO     |   → 169/1127 ❌ HTTP 404 — https://github.com/Epodonios/bulk-xray-v2ray-vless-vmess-...-configs/raw/main/sub/Albania/config.txt
2026-06-05 19:58:33,507 | INFO     |   → 170/1127 ❌ HTTP 404 — https://github.com/Epodonios/bulk-xray-v2ray-vless-vmess-...-configs/raw/main/sub/Cura%C3%A7ao/config.txt
2026-06-05 19:58:33,507 | INFO     |   → 171/1127 ❌ HTTP 404 — https://github.com/Epodonios/bulk-xray-v2ray-vless-vmess-...-configs/raw/main/sub/Finland/config.txt
2026-06-05 19:58:33,507 | INFO     |   → 172/1127 ❌ HTTP 404 — https://github.com/Epodonios/bulk-xray-v2ray-vless-vmess-...-configs/raw/main/sub/Iran/config.txt
2026-06-05 19:58:33,507 | INFO     |   → 173/1127 ❌ HTTP 404 — https://github.com/Epodonios/bulk-xray-v2ray-vless-vmess-...-configs/raw/main/sub/Netherlands/config.txt
2026-06-05 19:58:33,507 | INFO     |   → 174/1127 ❌ HTTP 404 — https://github.com/Epodonios/bulk-xray-v2ray-vless-vmess-...-configs/raw/main/sub/Norway/config.txt
2026-06-05 19:58:33,507 | INFO     |   → 175/1127 ❌ HTTP 404 — https://github.com/Epodonios/bulk-xray-v2ray-vless-vmess-...-configs/raw/main/sub/Russia/config.txt
2026-06-05 19:58:33,507 | INFO     |   → 176/1127: ✅ 13 взято | 🗑️ 70 мусор
2026-06-05 19:58:33,507 | INFO     |   → 177/1127: ✅ 0 взято | 🗑️ 4 мусор
2026-06-05 19:58:33,507 | INFO     |   → 178/1127: ✅ 0 взято | 🗑️ 7 мусор
2026-06-05 19:58:33,507 | INFO     |   → 179/1127: ✅ 0 взято | 🗑️ 51 мусор
2026-06-05 19:58:33,507 | INFO     |   → 180/1127: ✅ 0 взято | 🗑️ 8 мусор
2026-06-05 19:58:33,507 | INFO     |   → 181/1127: ✅ 0 взято | 🗑️ 0 мусор
2026-06-05 19:58:33,507 | INFO     |   → 182/1127: ✅ 17 взято | 🗑️ 119 мусор
2026-06-05 19:58:33,508 | INFO     |   → 183/1127 ❌ HTTP 404 — https://github.com/MrMohebi/xray-proxy-grabber-telegram/raw/master/collected-proxies/clash-meta/all.yaml
2026-06-05 19:58:33,508 | INFO     |   → 184/1127 ❌ HTTP 404 — https://github.com/MrMohebi/xray-proxy-grabber-telegram/raw/master/collected-proxies/row-url/all.txt
2026-06-05 19:58:33,508 | INFO     |   → 185/1127: ✅ 0 взято | 🗑️ 0 мусор
2026-06-05 19:58:33,508 | INFO     |   → 186/1127: ✅ 0 взято | 🗑️ 113 мусор
2026-06-05 19:58:33,508 | INFO     |   → 187/1127: ✅ 0 взято | 🗑️ 119 мусор
2026-06-05 19:58:33,508 | INFO     |   → 188/1127 ❌ HTTP 404 — https://github.com/abbasdvd3/abbasdvd10/73ec60de7a6c6aa6df4c14b511c1da60686891ca/ppo.txt
2026-06-05 19:58:33,508 | INFO     |   → 189/1127 ❌ HTTP 404 — https://github.com/acymz/AutoVPN/refs/heads/main/data/V2.txt
2026-06-05 19:58:33,508 | INFO     |   → 190/1127: ✅ 0 взято | 🗑️ 0 мусор
2026-06-05 19:58:33,508 | INFO     |   → 191/1127: ✅ 0 взято | 🗑️ 0 мусор
2026-06-05 19:58:33,508 | INFO     |   → 192/1127: ✅ 0 взято | 🗑️ 0 мусор
2026-06-05 19:58:33,508 | INFO     |   → 193/1127: ✅ 0 взято | 🗑️ 0 мусор
2026-06-05 19:58:33,508 | INFO     |   → 194/1127: ✅ 0 взято | 🗑️ 0 мусор
2026-06-05 19:58:33,508 | INFO     |   → 195/1127: ✅ 0 взято | 🗑️ 0 мусор
2026-06-05 19:58:33,508 | INFO     |   → 196/1127: ✅ 0 взято | 🗑️ 0 мусор
2026-06-05 19:58:33,508 | INFO     |   → 197/1127 ❌ HTTP 404 — https://github.com/mermeroo/V2RAY-FREE/raw/main/All_Configs_base64_Sub.txt
2026-06-05 19:58:33,508 | INFO     |   → 198/1127 ❌ HTTP 404 — https://github.com/mermeroo/V2RAY-FREE/raw/main/Base64/Sub1_base64.txt
2026-06-05 19:58:33,508 | INFO     |   → 199/1127 ❌ HTTP 404 — https://github.com/mermeroo/V2RAY-FREE/raw/main/Base64/Sub2_base64.txt
2026-06-05 19:58:33,508 | INFO     |   → 200/1127 ❌ HTTP 404 — https://github.com/mermeroo/V2RAY-FREE/raw/main/Base64/Sub3_base64.txt
2026-06-05 19:58:33,508 | INFO     |   → 201/1127 ❌ HTTP 404 — https://github.com/mermeroo/V2RAY-FREE/raw/main/Base64/Sub4_base64.txt
2026-06-05 19:58:33,508 | INFO     |   → 202/1127 ❌ HTTP 404 — https://github.com/mermeroo/V2RAY-FREE/raw/main/Base64/Sub5_base64.txt
2026-06-05 19:58:33,508 | INFO     |   → 203/1127 ❌ HTTP 404 — https://github.com/mermeroo/telegram-configs-collector/raw/main/protocols/hysteria
2026-06-05 19:58:33,508 | INFO     |   → 204/1127 ❌ HTTP 404 — https://github.com/mermeroo/telegram-configs-collector/raw/main/protocols/juicity
2026-06-05 19:58:33,509 | INFO     |   → 205/1127 ❌ HTTP 404 — https://github.com/mermeroo/telegram-configs-collector/raw/main/protocols/tuic
2026-06-05 19:58:33,509 | INFO     |   → 206/1127: ✅ 5 взято | 🗑️ 16 мусор
2026-06-05 19:58:33,509 | INFO     |   → 207/1127: ✅ 0 взято | 🗑️ 0 мусор
2026-06-05 19:58:33,509 | INFO     |   → 208/1127: ✅ 0 взято | 🗑️ 0 мусор
2026-06-05 19:58:33,509 | INFO     |   → 209/1127: ✅ 0 взято | 🗑️ 0 мусор
2026-06-05 19:58:33,509 | INFO     |   → 210/1127: ✅ 3 взято | 🗑️ 238 мусор
2026-06-05 19:58:33,509 | INFO     |   → 211/1127: ✅ 0 взято | 🗑️ 0 мусор
2026-06-05 19:58:33,509 | INFO     |   → 212/1127: ✅ 3 взято | 🗑️ 239 мусор
2026-06-05 19:58:33,509 | INFO     |   → 213/1127: ✅ 0 взято | 🗑️ 0 мусор
2026-06-05 19:58:33,509 | INFO     |   → 214/1127: ✅ 0 взято | 🗑️ 255 мусор
2026-06-05 19:58:33,509 | INFO     |   → 215/1127: ✅ 0 взято | 🗑️ 0 мусор
2026-06-05 19:58:33,509 | INFO     |   → 216/1127: ✅ 1 взято | 🗑️ 249 мусор
2026-06-05 19:58:33,509 | INFO     |   → 217/1127: ✅ 0 взято | 🗑️ 0 мусор
2026-06-05 19:58:33,509 | INFO     |   → 218/1127: ✅ 0 взято | 🗑️ 207 мусор
2026-06-05 19:58:33,509 | INFO     |   → 219/1127: ✅ 0 взято | 🗑️ 0 мусор
2026-06-05 19:58:33,509 | INFO     |   → 220/1127: ✅ 0 взято | 🗑️ 228 мусор
2026-06-05 19:58:33,509 | INFO     |   → 221/1127: ✅ 0 взято | 🗑️ 0 мусор
2026-06-05 19:58:33,509 | INFO     |   → 222/1127: ✅ 1 взято | 🗑️ 291 мусор
2026-06-05 19:58:33,509 | INFO     |   → 223/1127: ✅ 0 взято | 🗑️ 0 мусор
2026-06-05 19:58:33,509 | INFO     |   → 224/1127: ✅ 3 взято | 🗑️ 221 мусор
2026-06-05 19:58:33,509 | INFO     |   → 225/1127: ✅ 0 взято | 🗑️ 0 мусор
2026-06-05 19:58:33,509 | INFO     |   → 226/1127: ✅ 1 взято | 🗑️ 222 мусор
2026-06-05 19:58:33,510 | INFO     |   → 227/1127: ✅ 0 взято | 🗑️ 0 мусор
2026-06-05 19:58:33,510 | INFO     |   → 228/1127: ✅ 1 взято | 🗑️ 218 мусор
2026-06-05 19:58:33,510 | INFO     |   → 229/1127: ✅ 0 взято | 🗑️ 0 мусор
2026-06-05 19:58:33,510 | INFO     |   → 230/1127: ✅ 0 взято | 🗑️ 193 мусор
2026-06-05 19:58:33,510 | INFO     |   → 231/1127: ✅ 0 взято | 🗑️ 0 мусор
2026-06-05 19:58:33,510 | INFO     |   → 232/1127: ✅ 0 взято | 🗑️ 290 мусор
2026-06-05 19:58:33,510 | INFO     |   → 233/1127: ✅ 0 взято | 🗑️ 0 мусор
2026-06-05 19:58:33,510 | INFO     |   → 234/1127: ✅ 0 взято | 🗑️ 238 мусор
2026-06-05 19:58:33,510 | INFO     |   → 235/1127: ✅ 0 взято | 🗑️ 0 мусор
2026-06-05 19:58:33,510 | INFO     |   → 236/1127: ✅ 0 взято | 🗑️ 221 мусор
2026-06-05 19:58:33,510 | INFO     |   → 237/1127: ✅ 0 взято | 🗑️ 0 мусор
2026-06-05 19:58:33,510 | INFO     |   → 238/1127: ✅ 0 взято | 🗑️ 248 мусор
2026-06-05 19:58:33,510 | INFO     |   → 239/1127: ✅ 0 взято | 🗑️ 0 мусор
2026-06-05 19:58:33,510 | INFO     |   → 240/1127: ✅ 0 взято | 🗑️ 203 мусор
2026-06-05 19:58:33,510 | INFO     |   → 241/1127: ✅ 0 взято | 🗑️ 0 мусор
2026-06-05 19:58:33,510 | INFO     |   → 242/1127: ✅ 0 взято | 🗑️ 208 мусор
2026-06-05 19:58:33,510 | INFO     |   → 243/1127: ✅ 0 взято | 🗑️ 0 мусор
2026-06-05 19:58:33,510 | INFO     |   → 244/1127: ✅ 2 взято | 🗑️ 209 мусор
2026-06-05 19:58:33,510 | INFO     |   → 245/1127: ✅ 0 взято | 🗑️ 0 мусор
2026-06-05 19:58:33,510 | INFO     |   → 246/1127: ✅ 0 взято | 🗑️ 258 мусор
2026-06-05 19:58:33,510 | INFO     |   → 247/1127: ✅ 0 взято | 🗑️ 0 мусор
2026-06-05 19:58:33,510 | INFO     |   → 248/1127: ✅ 0 взято | 🗑️ 296 мусор
2026-06-05 19:58:33,511 | INFO     |   → 249/1127: ✅ 0 взято | 🗑️ 0 мусор
2026-06-05 19:58:33,511 | INFO     |   → 250/1127: ✅ 1 взято | 🗑️ 286 мусор
2026-06-05 19:58:33,511 | INFO     |   → 251/1127: ✅ 0 взято | 🗑️ 0 мусор
2026-06-05 19:58:33,511 | INFO     |   → 252/1127: ✅ 0 взято | 🗑️ 195 мусор
2026-06-05 19:58:33,511 | INFO     |   → 253/1127: ✅ 0 взято | 🗑️ 0 мусор
2026-06-05 19:58:33,511 | INFO     |   → 254/1127: ✅ 0 взято | 🗑️ 170 мусор
2026-06-05 19:58:33,511 | INFO     |   → 255/1127: ✅ 0 взято | 🗑️ 0 мусор
2026-06-05 19:58:33,511 | INFO     |   → 256/1127: ✅ 0 взято | 🗑️ 160 мусор
2026-06-05 19:58:33,511 | INFO     |   → 257/1127: ✅ 0 взято | 🗑️ 0 мусор
2026-06-05 19:58:33,511 | INFO     |   → 258/1127: ✅ 0 взято | 🗑️ 121 мусор
2026-06-05 19:58:33,511 | INFO     |   → 259/1127: ✅ 0 взято | 🗑️ 0 мусор
2026-06-05 19:58:33,511 | INFO     |   → 260/1127: ✅ 0 взято | 🗑️ 135 мусор
2026-06-05 19:58:33,511 | INFO     |   → 261/1127: ✅ 0 взято | 🗑️ 0 мусор
2026-06-05 19:58:33,511 | INFO     |   → 262/1127: ✅ 1 взято | 🗑️ 129 мусор
2026-06-05 19:58:33,511 | INFO     |   → 263/1127: ✅ 0 взято | 🗑️ 0 мусор
2026-06-05 19:58:33,511 | INFO     |   → 264/1127: ✅ 0 взято | 🗑️ 189 мусор
2026-06-05 19:58:33,511 | INFO     |   → 265/1127: ✅ 0 взято | 🗑️ 0 мусор
2026-06-05 19:58:33,511 | INFO     |   → 266/1127: ✅ 3 взято | 🗑️ 147 мусор
2026-06-05 19:58:33,511 | INFO     |   → 267/1127: ✅ 0 взято | 🗑️ 0 мусор
2026-06-05 19:58:33,511 | INFO     |   → 268/1127: ✅ 1 взято | 🗑️ 183 мусор
2026-06-05 19:58:33,511 | INFO     |   → 269/1127: ✅ 0 взято | 🗑️ 0 мусор
2026-06-05 19:58:33,512 | INFO     |   → 270/1127: ✅ 0 взято | 🗑️ 155 мусор
2026-06-05 19:58:33,512 | INFO     |   → 271/1127: ✅ 0 взято | 🗑️ 0 мусор
2026-06-05 19:58:33,512 | INFO     |   → 272/1127: ✅ 0 взято | 🗑️ 114 мусор
2026-06-05 19:58:33,512 | INFO     |   → 273/1127: ✅ 0 взято | 🗑️ 0 мусор
2026-06-05 19:58:33,512 | INFO     |   → 274/1127: ✅ 0 взято | 🗑️ 239 мусор
2026-06-05 19:58:33,512 | INFO     |   → 275/1127: ✅ 0 взято | 🗑️ 0 мусор
2026-06-05 19:58:33,512 | INFO     |   → 276/1127: ✅ 0 взято | 🗑️ 204 мусор
2026-06-05 19:58:33,512 | INFO     |   → 277/1127: ✅ 0 взято | 🗑️ 0 мусор
2026-06-05 19:58:33,512 | INFO     |   → 278/1127: ✅ 0 взято | 🗑️ 232 мусор
2026-06-05 19:58:33,512 | INFO     |   → 279/1127: ✅ 0 взято | 🗑️ 0 мусор
2026-06-05 19:58:33,512 | INFO     |   → 280/1127: ✅ 0 взято | 🗑️ 192 мусор
2026-06-05 19:58:33,512 | INFO     |   → 281/1127: ✅ 0 взято | 🗑️ 0 мусор
2026-06-05 19:58:33,512 | INFO     |   → 282/1127: ✅ 0 взято | 🗑️ 183 мусор
2026-06-05 19:58:33,512 | INFO     |   → 283/1127: ✅ 0 взято | 🗑️ 0 мусор
2026-06-05 19:58:33,512 | INFO     |   → 284/1127: ✅ 0 взято | 🗑️ 169 мусор
2026-06-05 19:58:33,512 | INFO     |   → 285/1127: ✅ 0 взято | 🗑️ 0 мусор
2026-06-05 19:58:33,512 | INFO     |   → 286/1127: ✅ 0 взято | 🗑️ 167 мусор
2026-06-05 19:58:33,512 | INFO     |   → 287/1127: ✅ 0 взято | 🗑️ 0 мусор
2026-06-05 19:58:33,512 | INFO     |   → 288/1127: ✅ 0 взято | 🗑️ 193 мусор
2026-06-05 19:58:33,512 | INFO     |   → 289/1127: ✅ 0 взято | 🗑️ 0 мусор
2026-06-05 19:58:33,512 | INFO     |   → 290/1127: ✅ 1 взято | 🗑️ 161 мусор
2026-06-05 19:58:33,512 | INFO     |   → 291/1127: ✅ 0 взято | 🗑️ 0 мусор
2026-06-05 19:58:33,512 | INFO     |   → 292/1127: ✅ 0 взято | 🗑️ 171 мусор
2026-06-05 19:58:33,513 | INFO     |   → 293/1127: ✅ 0 взято | 🗑️ 0 мусор
2026-06-05 19:58:33,513 | INFO     |   → 294/1127: ✅ 0 взято | 🗑️ 174 мусор
2026-06-05 19:58:33,513 | INFO     |   → 295/1127: ✅ 0 взято | 🗑️ 0 мусор
2026-06-05 19:58:33,513 | INFO     |   → 296/1127: ✅ 0 взято | 🗑️ 206 мусор
2026-06-05 19:58:33,513 | INFO     |   → 297/1127: ✅ 0 взято | 🗑️ 0 мусор
2026-06-05 19:58:33,513 | INFO     |   → 298/1127: ✅ 0 взято | 🗑️ 170 мусор
2026-06-05 19:58:33,513 | INFO     |   → 299/1127: ✅ 0 взято | 🗑️ 0 мусор
2026-06-05 19:58:33,513 | INFO     |   → 300/1127: ✅ 1 взято | 🗑️ 196 мусор
2026-06-05 19:58:33,513 | INFO     |   → 301/1127: ✅ 0 взято | 🗑️ 0 мусор
2026-06-05 19:58:33,513 | INFO     |   → 302/1127: ✅ 0 взято | 🗑️ 208 мусор
2026-06-05 19:58:33,513 | INFO     |   → 303/1127: ✅ 0 взято | 🗑️ 0 мусор
2026-06-05 19:58:33,513 | INFO     |   → 304/1127: ✅ 0 взято | 🗑️ 162 мусор
2026-06-05 19:58:33,513 | INFO     |   → 305/1127: ✅ 0 взято | 🗑️ 0 мусор
2026-06-05 19:58:33,513 | INFO     |   → 306/1127: ✅ 0 взято | 🗑️ 116 мусор
2026-06-05 19:58:33,513 | INFO     |   → 307/1127: ✅ 0 взято | 🗑️ 0 мусор
2026-06-05 19:58:33,513 | INFO     |   → 308/1127: ✅ 0 взято | 🗑️ 132 мусор
2026-06-05 19:58:33,513 | INFO     |   → 309/1127: ✅ 0 взято | 🗑️ 0 мусор
2026-06-05 19:58:33,513 | INFO     |   → 310/1127: ✅ 0 взято | 🗑️ 132 мусор
2026-06-05 19:58:33,513 | INFO     |   → 311/1127: ✅ 0 взято | 🗑️ 0 мусор
2026-06-05 19:58:33,513 | INFO     |   → 312/1127: ✅ 1 взято | 🗑️ 113 мусор
2026-06-05 19:58:33,514 | INFO     |   → 313/1127: ✅ 0 взято | 🗑️ 0 мусор
2026-06-05 19:58:33,514 | INFO     |   → 314/1127: ✅ 0 взято | 🗑️ 103 мусор
2026-06-05 19:58:33,514 | INFO     |   → 315/1127: ✅ 0 взято | 🗑️ 0 мусор
2026-06-05 19:58:33,514 | INFO     |   → 316/1127: ✅ 3 взято | 🗑️ 213 мусор
2026-06-05 19:58:33,514 | INFO     |   → 317/1127: ✅ 0 взято | 🗑️ 0 мусор
2026-06-05 19:58:33,514 | INFO     |   → 318/1127: ✅ 1 взято | 🗑️ 130 мусор
2026-06-05 19:58:33,514 | INFO     |   → 319/1127: ✅ 0 взято | 🗑️ 0 мусор
2026-06-05 19:58:33,514 | INFO     |   → 320/1127: ✅ 0 взято | 🗑️ 135 мусор
2026-06-05 19:58:33,514 | INFO     |   → 321/1127: ✅ 0 взято | 🗑️ 0 мусор
2026-06-05 19:58:33,514 | INFO     |   → 322/1127: ✅ 0 взято | 🗑️ 145 мусор
2026-06-05 19:58:33,514 | INFO     |   → 323/1127: ✅ 0 взято | 🗑️ 0 мусор
2026-06-05 19:58:33,514 | INFO     |   → 324/1127: ✅ 0 взято | 🗑️ 157 мусор
2026-06-05 19:58:33,514 | INFO     |   → 325/1127: ✅ 0 взято | 🗑️ 0 мусор
2026-06-05 19:58:33,514 | INFO     |   → 326/1127 ⚠️ Ошибка: HTTPSConnectionPool(host='ivuxy.tech', port=443): Max retries exceeded with url: /v.txt (Caused by NameResolutionError("HTTPSConnection(host='ivuxy.tech', port=443): Failed to resolve 'ivuxy.tech' ([Errno -2] Name or service not known)")) — https://ivuxy.tech/v.txt
2026-06-05 19:58:33,514 | INFO     |   → 327/1127 ⚠️ Ошибка: HTTPSConnectionPool(host='mirror.ghproxy.com', port=443): Max retries exceeded with url: /https://raw.githubusercontent.com/Barabama/FreeNodes/master/nodes/blues.txt (Caused by NameResolutionError("HTTPSConnection(host='mirror.ghproxy.com', port=443): Failed to resolve 'mirror.ghproxy.com' ([Errno -2] Name or service not known)")) — https://mirror.ghproxy.com/https://raw.githubusercontent.com/Barabama/FreeNodes/master/nodes/blues.txt
2026-06-05 19:58:33,514 | INFO     |   → 328/1127 ⚠️ Ошибка: HTTPSConnectionPool(host='mirror.ghproxy.com', port=443): Max retries exceeded with url: /https://raw.githubusercontent.com/Barabama/FreeNodes/master/nodes/halekj.txt (Caused by NameResolutionError("HTTPSConnection(host='mirror.ghproxy.com', port=443): Failed to resolve 'mirror.ghproxy.com' ([Errno -2] Name or service not known)")) — https://mirror.ghproxy.com/https://raw.githubusercontent.com/Barabama/FreeNodes/master/nodes/halekj.txt
2026-06-05 19:58:33,514 | INFO     |   → 329/1127 ⚠️ Ошибка: HTTPSConnectionPool(host='mirror.ghproxy.com', port=443): Max retries exceeded with url: /https://raw.githubusercontent.com/Barabama/FreeNodes/master/nodes/kkzui.txt (Caused by NameResolutionError("HTTPSConnection(host='mirror.ghproxy.com', port=443): Failed to resolve 'mirror.ghproxy.com' ([Errno -2] Name or service not known)")) — https://mirror.ghproxy.com/https://raw.githubusercontent.com/Barabama/FreeNodes/master/nodes/kkzui.txt
2026-06-05 19:58:33,514 | INFO     |   → 330/1127 ⚠️ Ошибка: HTTPSConnectionPool(host='mirror.ghproxy.com', port=443): Max retries exceeded with url: /https://raw.githubusercontent.com/Barabama/FreeNodes/master/nodes/merged.txt (Caused by NameResolutionError("HTTPSConnection(host='mirror.ghproxy.com', port=443): Failed to resolve 'mirror.ghproxy.com' ([Errno -2] Name or service not known)")) — https://mirror.ghproxy.com/https://raw.githubusercontent.com/Barabama/FreeNodes/master/nodes/merged.txt
2026-06-05 19:58:33,515 | INFO     |   → 331/1127 ⚠️ Ошибка: HTTPSConnectionPool(host='mirror.ghproxy.com', port=443): Max retries exceeded with url: /https://raw.githubusercontent.com/Barabama/FreeNodes/master/nodes/nodefree.txt (Caused by NameResolutionError("HTTPSConnection(host='mirror.ghproxy.com', port=443): Failed to resolve 'mirror.ghproxy.com' ([Errno -2] Name or service not known)")) — https://mirror.ghproxy.com/https://raw.githubusercontent.com/Barabama/FreeNodes/master/nodes/nodefree.txt
2026-06-05 19:58:33,515 | INFO     |   → 332/1127 ⚠️ Ошибка: HTTPSConnectionPool(host='mirror.ghproxy.com', port=443): Max retries exceeded with url: /https://raw.githubusercontent.com/Barabama/FreeNodes/master/nodes/openrunner.txt (Caused by NameResolutionError("HTTPSConnection(host='mirror.ghproxy.com', port=443): Failed to resolve 'mirror.ghproxy.com' ([Errno -2] Name or service not known)")) — https://mirror.ghproxy.com/https://raw.githubusercontent.com/Barabama/FreeNodes/master/nodes/openrunner.txt
2026-06-05 19:58:33,515 | INFO     |   → 333/1127 ⚠️ Ошибка: HTTPSConnectionPool(host='mirror.ghproxy.com', port=443): Max retries exceeded with url: /https://raw.githubusercontent.com/Barabama/FreeNodes/master/nodes/v2rayshare.txt (Caused by NameResolutionError("HTTPSConnection(host='mirror.ghproxy.com', port=443): Failed to resolve 'mirror.ghproxy.com' ([Errno -2] Name or service not known)")) — https://mirror.ghproxy.com/https://raw.githubusercontent.com/Barabama/FreeNodes/master/nodes/v2rayshare.txt
2026-06-05 19:58:33,515 | INFO     |   → 334/1127 ⚠️ Ошибка: HTTPSConnectionPool(host='mirror.ghproxy.com', port=443): Max retries exceeded with url: /https://raw.githubusercontent.com/Barabama/FreeNodes/master/nodes/wenode.txt (Caused by NameResolutionError("HTTPSConnection(host='mirror.ghproxy.com', port=443): Failed to resolve 'mirror.ghproxy.com' ([Errno -2] Name or service not known)")) — https://mirror.ghproxy.com/https://raw.githubusercontent.com/Barabama/FreeNodes/master/nodes/wenode.txt
2026-06-05 19:58:33,515 | INFO     |   → 335/1127 ⚠️ Ошибка: HTTPSConnectionPool(host='mirror.ghproxy.com', port=443): Max retries exceeded with url: /https://raw.githubusercontent.com/Barabama/FreeNodes/master/nodes/yudou66.txt (Caused by NameResolutionError("HTTPSConnection(host='mirror.ghproxy.com', port=443): Failed to resolve 'mirror.ghproxy.com' ([Errno -2] Name or service not known)")) — https://mirror.ghproxy.com/https://raw.githubusercontent.com/Barabama/FreeNodes/master/nodes/yudou66.txt
2026-06-05 19:58:33,515 | INFO     |   → 336/1127: ✅ 7 взято | 🗑️ 17 мусор
2026-06-05 19:58:33,515 | INFO     |   → 337/1127: ✅ 0 взято | 🗑️ 17 мусор
2026-06-05 19:58:33,515 | INFO     |   → 338/1127: ✅ 14 взято | 🗑️ 14 мусор
2026-06-05 19:58:33,515 | INFO     |   → 339/1127: ✅ 0 взято | 🗑️ 14 мусор
2026-06-05 19:58:33,515 | INFO     |   → 340/1127: ✅ 0 взято | 🗑️ 14 мусор
2026-06-05 19:58:33,515 | INFO     |   → 341/1127: ✅ 0 взято | 🗑️ 14 мусор
2026-06-05 19:58:33,515 | INFO     |   → 342/1127: ✅ 0 взято | 🗑️ 14 мусор
2026-06-05 19:58:33,515 | INFO     |   → 343/1127: ✅ 0 взято | 🗑️ 14 мусор
2026-06-05 19:58:33,515 | INFO     |   → 344/1127: ✅ 0 взято | 🗑️ 14 мусор
2026-06-05 19:58:33,515 | INFO     |   → 345/1127: ✅ 0 взято | 🗑️ 14 мусор
2026-06-05 19:58:33,515 | INFO     |   → 346/1127: ✅ 0 взято | 🗑️ 14 мусор
2026-06-05 19:58:33,515 | INFO     |   → 347/1127: ✅ 7 взято | 🗑️ 21 мусор
2026-06-05 19:58:33,515 | INFO     |   → 348/1127: ✅ 0 взято | 🗑️ 21 мусор
2026-06-05 19:58:33,516 | INFO     |   → 349/1127: ✅ 0 взято | 🗑️ 21 мусор
2026-06-05 19:58:33,516 | INFO     |   → 350/1127: ✅ 0 взято | 🗑️ 21 мусор
2026-06-05 19:58:33,516 | INFO     |   → 351/1127: ✅ 0 взято | 🗑️ 21 мусор
2026-06-05 19:58:33,516 | INFO     |   → 352/1127: ✅ 0 взято | 🗑️ 21 мусор
2026-06-05 19:58:33,516 | INFO     |   → 353/1127: ✅ 0 взято | 🗑️ 21 мусор
2026-06-05 19:58:33,516 | INFO     |   → 354/1127: ✅ 0 взято | 🗑️ 21 мусор
2026-06-05 19:58:33,516 | INFO     |   → 355/1127: ✅ 0 взято | 🗑️ 21 мусор
2026-06-05 19:58:33,516 | INFO     |   → 356/1127: ✅ 0 взято | 🗑️ 21 мусор
2026-06-05 19:58:33,516 | INFO     |   → 357/1127: ✅ 0 взято | 🗑️ 21 мусор
2026-06-05 19:58:33,516 | INFO     |   → 358/1127: ✅ 5 взято | 🗑️ 15 мусор
2026-06-05 19:58:33,516 | INFO     |   → 359/1127: ✅ 0 взято | 🗑️ 15 мусор
2026-06-05 19:58:33,516 | INFO     |   → 360/1127: ✅ 0 взято | 🗑️ 15 мусор
2026-06-05 19:58:33,516 | INFO     |   → 361/1127: ✅ 0 взято | 🗑️ 15 мусор
2026-06-05 19:58:33,516 | INFO     |   → 362/1127: ✅ 0 взято | 🗑️ 15 мусор
2026-06-05 19:58:33,516 | INFO     |   → 363/1127: ✅ 0 взято | 🗑️ 15 мусор
2026-06-05 19:58:33,516 | INFO     |   → 364/1127: ✅ 0 взято | 🗑️ 15 мусор
2026-06-05 19:58:33,516 | INFO     |   → 365/1127: ✅ 0 взято | 🗑️ 15 мусор
2026-06-05 19:58:33,516 | INFO     |   → 366/1127: ✅ 0 взято | 🗑️ 15 мусор
2026-06-05 19:58:33,516 | INFO     |   → 367/1127: ✅ 0 взято | 🗑️ 14 мусор
2026-06-05 19:58:33,517 | INFO     |   → 368/1127: ✅ 0 взято | 🗑️ 14 мусор
2026-06-05 19:58:33,517 | INFO     |   → 369/1127: ✅ 0 взято | 🗑️ 14 мусор
2026-06-05 19:58:33,517 | INFO     |   → 370/1127: ✅ 0 взято | 🗑️ 14 мусор
2026-06-05 19:58:33,517 | INFO     |   → 371/1127: ✅ 6 взято | 🗑️ 17 мусор
2026-06-05 19:58:33,517 | INFO     |   → 372/1127: ✅ 0 взято | 🗑️ 17 мусор
2026-06-05 19:58:33,517 | INFO     |   → 373/1127: ✅ 0 взято | 🗑️ 17 мусор
2026-06-05 19:58:33,517 | INFO     |   → 374/1127: ✅ 0 взято | 🗑️ 17 мусор
2026-06-05 19:58:33,517 | INFO     |   → 375/1127: ✅ 0 взято | 🗑️ 17 мусор
2026-06-05 19:58:33,517 | INFO     |   → 376/1127: ✅ 0 взято | 🗑️ 17 мусор
2026-06-05 19:58:33,517 | INFO     |   → 377/1127: ✅ 6 взято | 🗑️ 24 мусор
2026-06-05 19:58:33,517 | INFO     |   → 378/1127: ✅ 0 взято | 🗑️ 24 мусор
2026-06-05 19:58:33,517 | INFO     |   → 379/1127: ✅ 0 взято | 🗑️ 24 мусор
2026-06-05 19:58:33,517 | INFO     |   → 380/1127: ✅ 0 взято | 🗑️ 24 мусор
2026-06-05 19:58:33,517 | INFO     |   → 381/1127: ✅ 0 взято | 🗑️ 24 мусор
2026-06-05 19:58:33,517 | INFO     |   → 382/1127: ✅ 0 взято | 🗑️ 24 мусор
2026-06-05 19:58:33,517 | INFO     |   → 383/1127: ✅ 0 взято | 🗑️ 24 мусор
2026-06-05 19:58:33,517 | INFO     |   → 384/1127: ✅ 0 взято | 🗑️ 24 мусор
2026-06-05 19:58:33,517 | INFO     |   → 385/1127: ✅ 0 взято | 🗑️ 24 мусор
2026-06-05 19:58:33,517 | INFO     |   → 386/1127: ✅ 0 взято | 🗑️ 24 мусор
2026-06-05 19:58:33,517 | INFO     |   → 387/1127: ✅ 0 взято | 🗑️ 24 мусор
2026-06-05 19:58:33,517 | INFO     |   → 388/1127: ✅ 13 взято | 🗑️ 7 мусор
2026-06-05 19:58:33,518 | INFO     |   → 389/1127: ✅ 0 взято | 🗑️ 7 мусор
2026-06-05 19:58:33,518 | INFO     |   → 390/1127: ✅ 0 взято | 🗑️ 7 мусор
2026-06-05 19:58:33,518 | INFO     |   → 391/1127: ✅ 0 взято | 🗑️ 7 мусор
2026-06-05 19:58:33,518 | INFO     |   → 392/1127: ✅ 0 взято | 🗑️ 7 мусор
2026-06-05 19:58:33,518 | INFO     |   → 393/1127 ⚠️ Ошибка: HTTPSConnectionPool(host='nodefree.githubrowcontent.com', port=443): Max retries exceeded with url: /2024/07/20240705.yaml (Caused by NameResolutionError("HTTPSConnection(host='nodefree.githubrowcontent.com', port=443): Failed to resolve 'nodefree.githubrowcontent.com' ([Errno -2] Name or service not known)")) — https://nodefree.org/dy/2023/08/20230806.yaml
2026-06-05 19:58:33,518 | INFO     |   → 394/1127 ⚠️ Ошибка: HTTPSConnectionPool(host='nodefree.githubrowcontent.com', port=443): Max retries exceeded with url: /2024/07/20240705.txt (Caused by NameResolutionError("HTTPSConnection(host='nodefree.githubrowcontent.com', port=443): Failed to resolve 'nodefree.githubrowcontent.com' ([Errno -2] Name or service not known)")) — https://nodefree.org/dy/2023/12/20231221.txt
2026-06-05 19:58:33,518 | INFO     |   → 395/1127: ✅ 0 взято | 🗑️ 17 мусор
2026-06-05 19:58:33,518 | INFO     |   → 396/1127: ✅ 0 взято | 🗑️ 17 мусор
2026-06-05 19:58:33,518 | INFO     |   → 397/1127: ✅ 0 взято | 🗑️ 14 мусор
2026-06-05 19:58:33,518 | INFO     |   → 398/1127: ✅ 0 взято | 🗑️ 14 мусор
2026-06-05 19:58:33,518 | INFO     |   → 399/1127: ✅ 0 взято | 🗑️ 14 мусор
2026-06-05 19:58:33,518 | INFO     |   → 400/1127: ✅ 0 взято | 🗑️ 14 мусор
2026-06-05 19:58:33,518 | INFO     |   → 401/1127: ✅ 0 взято | 🗑️ 14 мусор
2026-06-05 19:58:33,518 | INFO     |   → 402/1127: ✅ 0 взято | 🗑️ 14 мусор
2026-06-05 19:58:33,518 | INFO     |   → 403/1127: ✅ 0 взято | 🗑️ 14 мусор
2026-06-05 19:58:33,518 | INFO     |   → 404/1127: ✅ 0 взято | 🗑️ 14 мусор
2026-06-05 19:58:33,518 | INFO     |   → 405/1127: ✅ 0 взято | 🗑️ 14 мусор
2026-06-05 19:58:33,518 | INFO     |   → 406/1127: ✅ 0 взято | 🗑️ 21 мусор
2026-06-05 19:58:33,518 | INFO     |   → 407/1127: ✅ 0 взято | 🗑️ 21 мусор
2026-06-05 19:58:33,518 | INFO     |   → 408/1127: ✅ 0 взято | 🗑️ 21 мусор
2026-06-05 19:58:33,519 | INFO     |   → 409/1127: ✅ 0 взято | 🗑️ 21 мусор
2026-06-05 19:58:33,519 | INFO     |   → 410/1127: ✅ 0 взято | 🗑️ 21 мусор
2026-06-05 19:58:33,519 | INFO     |   → 411/1127: ✅ 0 взято | 🗑️ 21 мусор
2026-06-05 19:58:33,519 | INFO     |   → 412/1127: ✅ 0 взято | 🗑️ 21 мусор
2026-06-05 19:58:33,519 | INFO     |   → 413/1127: ✅ 0 взято | 🗑️ 21 мусор
2026-06-05 19:58:33,519 | INFO     |   → 414/1127: ✅ 0 взято | 🗑️ 21 мусор
2026-06-05 19:58:33,519 | INFO     |   → 415/1127: ✅ 0 взято | 🗑️ 21 мусор
2026-06-05 19:58:33,519 | INFO     |   → 416/1127: ✅ 0 взято | 🗑️ 21 мусор
2026-06-05 19:58:33,519 | INFO     |   → 417/1127: ✅ 0 взято | 🗑️ 15 мусор
2026-06-05 19:58:33,519 | INFO     |   → 418/1127: ✅ 0 взято | 🗑️ 15 мусор
2026-06-05 19:58:33,519 | INFO     |   → 419/1127: ✅ 0 взято | 🗑️ 15 мусор
2026-06-05 19:58:33,519 | INFO     |   → 420/1127: ✅ 0 взято | 🗑️ 15 мусор
2026-06-05 19:58:33,519 | INFO     |   → 421/1127: ✅ 0 взято | 🗑️ 15 мусор
2026-06-05 19:58:33,519 | INFO     |   → 422/1127: ✅ 0 взято | 🗑️ 15 мусор
2026-06-05 19:58:33,519 | INFO     |   → 423/1127: ✅ 0 взято | 🗑️ 15 мусор
2026-06-05 19:58:33,519 | INFO     |   → 424/1127: ✅ 0 взято | 🗑️ 15 мусор
2026-06-05 19:58:33,519 | INFO     |   → 425/1127: ✅ 0 взято | 🗑️ 15 мусор
2026-06-05 19:58:33,519 | INFO     |   → 426/1127: ✅ 0 взято | 🗑️ 15 мусор
2026-06-05 19:58:33,519 | INFO     |   → 427/1127: ✅ 0 взято | 🗑️ 14 мусор
2026-06-05 19:58:33,519 | INFO     |   → 428/1127: ✅ 0 взято | 🗑️ 14 мусор
2026-06-05 19:58:33,520 | INFO     |   → 429/1127: ✅ 0 взято | 🗑️ 14 мусор
2026-06-05 19:58:33,520 | INFO     |   → 430/1127: ✅ 0 взято | 🗑️ 14 мусор
2026-06-05 19:58:33,520 | INFO     |   → 431/1127: ✅ 0 взято | 🗑️ 17 мусор
2026-06-05 19:58:33,520 | INFO     |   → 432/1127: ✅ 0 взято | 🗑️ 17 мусор
2026-06-05 19:58:33,520 | INFO     |   → 433/1127: ✅ 0 взято | 🗑️ 17 мусор
2026-06-05 19:58:33,520 | INFO     |   → 434/1127: ✅ 0 взято | 🗑️ 17 мусор
2026-06-05 19:58:33,520 | INFO     |   → 435/1127: ✅ 0 взято | 🗑️ 17 мусор
2026-06-05 19:58:33,520 | INFO     |   → 436/1127: ✅ 0 взято | 🗑️ 24 мусор
2026-06-05 19:58:33,520 | INFO     |   → 437/1127: ✅ 0 взято | 🗑️ 24 мусор
2026-06-05 19:58:33,520 | INFO     |   → 438/1127: ✅ 0 взято | 🗑️ 24 мусор
2026-06-05 19:58:33,520 | INFO     |   → 439/1127: ✅ 0 взято | 🗑️ 24 мусор
2026-06-05 19:58:33,520 | INFO     |   → 440/1127: ✅ 0 взято | 🗑️ 24 мусор
2026-06-05 19:58:33,520 | INFO     |   → 441/1127: ✅ 0 взято | 🗑️ 24 мусор
2026-06-05 19:58:33,520 | INFO     |   → 442/1127: ✅ 0 взято | 🗑️ 24 мусор
2026-06-05 19:58:33,520 | INFO     |   → 443/1127: ✅ 0 взято | 🗑️ 24 мусор
2026-06-05 19:58:33,520 | INFO     |   → 444/1127: ✅ 0 взято | 🗑️ 24 мусор
2026-06-05 19:58:33,520 | INFO     |   → 445/1127: ✅ 0 взято | 🗑️ 24 мусор
2026-06-05 19:58:33,520 | INFO     |   → 446/1127: ✅ 0 взято | 🗑️ 24 мусор
2026-06-05 19:58:33,520 | INFO     |   → 447/1127: ✅ 0 взято | 🗑️ 7 мусор
2026-06-05 19:58:33,520 | INFO     |   → 448/1127: ✅ 0 взято | 🗑️ 7 мусор
2026-06-05 19:58:33,520 | INFO     |   → 449/1127: ✅ 0 взято | 🗑️ 7 мусор
2026-06-05 19:58:33,520 | INFO     |   → 450/1127: ✅ 0 взято | 🗑️ 7 мусор
2026-06-05 19:58:33,520 | INFO     |   → 451/1127: ✅ 0 взято | 🗑️ 7 мусор
2026-06-05 19:58:33,520 | INFO     |   → 452/1127: ✅ 0 взято | 🗑️ 0 мусор
2026-06-05 19:58:33,520 | INFO     |   → 453/1127: ✅ 0 взято | 🗑️ 0 мусор
2026-06-05 19:58:33,520 | INFO     |   → 454/1127: ✅ 0 взято | 🗑️ 0 мусор
2026-06-05 19:58:33,520 | INFO     |   → 455/1127: ✅ 0 взято | 🗑️ 0 мусор
2026-06-05 19:58:33,520 | INFO     |   → 456/1127: ✅ 0 взято | 🗑️ 0 мусор
2026-06-05 19:58:33,520 | INFO     |   → 457/1127: ✅ 0 взято | 🗑️ 0 мусор
2026-06-05 19:58:33,520 | INFO     |   → 458/1127: ✅ 0 взято | 🗑️ 0 мусор
2026-06-05 19:58:33,520 | INFO     |   → 459/1127: ✅ 0 взято | 🗑️ 0 мусор
2026-06-05 19:58:33,520 | INFO     |   → 460/1127: ✅ 0 взято | 🗑️ 0 мусор
2026-06-05 19:58:33,520 | INFO     |   → 461/1127: ✅ 0 взято | 🗑️ 0 мусор
2026-06-05 19:58:33,520 | INFO     |   → 462/1127: ✅ 0 взято | 🗑️ 0 мусор
2026-06-05 19:58:33,520 | INFO     |   → 463/1127: ✅ 0 взято | 🗑️ 0 мусор
2026-06-05 19:58:33,520 | INFO     |   → 464/1127 ❌ HTTP 404 — https://raw.githubusercontent.com/10ium/MihomoSaz/main/Sublist/shatakvpn.yaml4_Sub.txt
2026-06-05 19:58:33,520 | INFO     |   → 465/1127: ✅ 0 взято | 🗑️ 0 мусор
2026-06-05 19:58:33,520 | INFO     |   → 466/1127: ✅ 0 взято | 🗑️ 0 мусор
2026-06-05 19:58:33,520 | INFO     |   → 467/1127: ✅ 167 взято | 🗑️ 672 мусор
2026-06-05 19:58:33,520 | INFO     |   → 468/1127: ✅ 0 взято | 🗑️ 0 мусор
2026-06-05 19:58:33,520 | INFO     |   → 469/1127: ✅ 0 взято | 🗑️ 0 мусор
2026-06-05 19:58:33,520 | INFO     |   → 470/1127: ✅ 11 взято | 🗑️ 399 мусор
2026-06-05 19:58:33,520 | INFO     |   → 471/1127: ✅ 0 взято | 🗑️ 0 мусор
2026-06-05 19:58:33,520 | INFO     |   → 472/1127 ❌ HTTP 404 — https://raw.githubusercontent.com/9Fork/openit/main/Clash.yaml
2026-06-05 19:58:33,521 | INFO     |   → 473/1127: ✅ 50 взято | 🗑️ 74 мусор
2026-06-05 19:58:33,521 | INFO     |   → 474/1127: ✅ 0 взято | 🗑️ 74 мусор
2026-06-05 19:58:33,521 | INFO     |   → 475/1127: ✅ 19 взято | 🗑️ 81 мусор
2026-06-05 19:58:33,521 | INFO     |   → 476/1127: ✅ 11 взято | 🗑️ 87 мусор
2026-06-05 19:58:33,521 | INFO     |   → 477/1127: ✅ 27 взято | 🗑️ 73 мусор
2026-06-05 19:58:33,521 | INFO     |   → 478/1127: ✅ 13 взято | 🗑️ 75 мусор
2026-06-05 19:58:33,521 | INFO     |   → 479/1127: ✅ 10 взято | 🗑️ 83 мусор
2026-06-05 19:58:33,521 | INFO     |   → 480/1127: ✅ 12 взято | 🗑️ 86 мусор
2026-06-05 19:58:33,521 | INFO     |   → 481/1127: ✅ 11 взято | 🗑️ 87 мусор
2026-06-05 19:58:33,521 | INFO     |   → 482/1127: ✅ 11 взято | 🗑️ 80 мусор
2026-06-05 19:58:33,521 | INFO     |   → 483/1127: ✅ 9 взято | 🗑️ 82 мусор
2026-06-05 19:58:33,521 | INFO     |   → 484/1127: ✅ 69 взято | 🗑️ 3 мусор
2026-06-05 19:58:33,521 | INFO     |   → 485/1127: ✅ 3 взято | 🗑️ 75 мусор
2026-06-05 19:58:33,521 | INFO     |   → 486/1127: ✅ 4 взято | 🗑️ 69 мусор
2026-06-05 19:58:33,521 | INFO     |   → 487/1127: ✅ 4 взято | 🗑️ 80 мусор
2026-06-05 19:58:33,521 | INFO     |   → 488/1127: ✅ 6 взято | 🗑️ 81 мусор
2026-06-05 19:58:33,521 | INFO     |   → 489/1127: ✅ 5 взято | 🗑️ 79 мусор
2026-06-05 19:58:33,521 | INFO     |   → 490/1127: ✅ 11 взято | 🗑️ 78 мусор
2026-06-05 19:58:33,521 | INFO     |   → 491/1127: ✅ 3 взято | 🗑️ 83 мусор
2026-06-05 19:58:33,521 | INFO     |   → 492/1127: ✅ 14 взято | 🗑️ 76 мусор
2026-06-05 19:58:33,521 | INFO     |   → 493/1127: ✅ 12 взято | 🗑️ 78 мусор
2026-06-05 19:58:33,521 | INFO     |   → 494/1127: ✅ 26 взято | 🗑️ 218 мусор
2026-06-05 19:58:33,521 | INFO     |   → 495/1127: ✅ 44 взято | 🗑️ 141 мусор
2026-06-05 19:58:33,521 | INFO     |   → 496/1127: ✅ 10 взято | 🗑️ 71 мусор
2026-06-05 19:58:33,521 | INFO     |   → 497/1127: ✅ 2 взято | 🗑️ 88 мусор
2026-06-05 19:58:33,522 | INFO     |   → 498/1127: ✅ 0 взято | 🗑️ 3 мусор
2026-06-05 19:58:33,522 | INFO     |   → 499/1127: ✅ 14 взято | 🗑️ 4 мусор
2026-06-05 19:58:33,522 | INFO     |   → 500/1127: ✅ 689 взято | 🗑️ 2372 мусор
2026-06-05 19:58:33,522 | INFO     |   → 501/1127 ❌ HTTP 404 — https://raw.githubusercontent.com/Alvin9999/pac2/master/clash/1/config.yaml
2026-06-05 19:58:33,522 | INFO     |   → 502/1127 ❌ HTTP 404 — https://raw.githubusercontent.com/AmirHDevo/temp2/7f15e7ddb311a6f8c5ab338bd1af0e1f2136a84b/configs.txt
2026-06-05 19:58:33,522 | INFO     |   → 503/1127: ✅ 49 взято | 🗑️ 57 мусор
2026-06-05 19:58:33,522 | INFO     |   → 504/1127: ✅ 4595 взято | 🗑️ 68651 мусор
2026-06-05 19:58:33,522 | INFO     |   → 505/1127: ✅ 5 взято | 🗑️ 47 мусор
2026-06-05 19:58:33,522 | INFO     |   → 506/1127: ✅ 0 взято | 🗑️ 50 мусор
2026-06-05 19:58:33,522 | INFO     |   → 507/1127: ✅ 21 взято | 🗑️ 107 мусор
2026-06-05 19:58:33,522 | INFO     |   → 508/1127: ✅ 78 взято | 🗑️ 347 мусор
2026-06-05 19:58:33,522 | INFO     |   → 509/1127: ✅ 0 взято | 🗑️ 1373 мусор
2026-06-05 19:58:33,522 | INFO     |   → 510/1127: ✅ 339 взято | 🗑️ 1542 мусор
2026-06-05 19:58:33,522 | INFO     |   → 511/1127: ✅ 0 взято | 🗑️ 6 мусор
2026-06-05 19:58:33,522 | INFO     |   → 512/1127: ✅ 0 взято | 🗑️ 0 мусор
2026-06-05 19:58:33,522 | INFO     |   → 513/1127: ✅ 1 взято | 🗑️ 235 мусор
2026-06-05 19:58:33,522 | INFO     |   → 514/1127: ✅ 0 взято | 🗑️ 16 мусор
2026-06-05 19:58:33,523 | INFO     |   → 515/1127: ✅ 0 взято | 🗑️ 0 мусор
2026-06-05 19:58:33,523 | INFO     |   → 516/1127: ✅ 0 взято | 🗑️ 14 мусор
2026-06-05 19:58:33,523 | INFO     |   → 517/1127: ✅ 0 взято | 🗑️ 0 мусор
2026-06-05 19:58:33,523 | INFO     |   → 518/1127: ✅ 0 взято | 🗑️ 17 мусор
2026-06-05 19:58:33,523 | INFO     |   → 519/1127: ✅ 0 взято | 🗑️ 0 мусор
2026-06-05 19:58:33,523 | INFO     |   → 520/1127: ✅ 1 взято | 🗑️ 12 мусор
2026-06-05 19:58:33,523 | INFO     |   → 521/1127: ✅ 0 взято | 🗑️ 0 мусор
2026-06-05 19:58:33,523 | INFO     |   → 522/1127: ✅ 0 взято | 🗑️ 17 мусор
2026-06-05 19:58:33,523 | INFO     |   → 523/1127: ✅ 0 взято | 🗑️ 0 мусор
2026-06-05 19:58:33,523 | INFO     |   → 524/1127: ✅ 0 взято | 🗑️ 17 мусор
2026-06-05 19:58:33,523 | INFO     |   → 525/1127: ✅ 0 взято | 🗑️ 0 мусор
2026-06-05 19:58:33,523 | INFO     |   → 526/1127: ✅ 0 взято | 🗑️ 161 мусор
2026-06-05 19:58:33,523 | INFO     |   → 527/1127: ✅ 0 взято | 🗑️ 0 мусор
2026-06-05 19:58:33,523 | INFO     |   → 528/1127: ✅ 5 взято | 🗑️ 76 мусор
2026-06-05 19:58:33,523 | INFO     |   → 529/1127: ✅ 80 взято | 🗑️ 1110 мусор
2026-06-05 19:58:33,523 | INFO     |   → 530/1127: ✅ 5 взято | 🗑️ 13 мусор
2026-06-05 19:58:33,524 | INFO     |   → 531/1127 ❌ HTTP 404 — https://raw.githubusercontent.com/Epodonios/bulk-xray-v2ray-vless-vmess-...-configs/main/sub/Austria/config.txt
2026-06-05 19:58:33,524 | INFO     |   → 532/1127 ❌ HTTP 404 — https://raw.githubusercontent.com/Epodonios/bulk-xray-v2ray-vless-vmess-...-configs/main/sub/Canada/config.txt
2026-06-05 19:58:33,524 | INFO     |   → 533/1127 ❌ HTTP 404 — https://raw.githubusercontent.com/Epodonios/bulk-xray-v2ray-vless-vmess-...-configs/main/sub/Costa%20Rica/config.txt
2026-06-05 19:58:33,524 | INFO     |   → 534/1127 ❌ HTTP 404 — https://raw.githubusercontent.com/Epodonios/bulk-xray-v2ray-vless-vmess-...-configs/main/sub/France/config.txt
2026-06-05 19:58:33,524 | INFO     |   → 535/1127 ❌ HTTP 404 — https://raw.githubusercontent.com/Epodonios/bulk-xray-v2ray-vless-vmess-...-configs/main/sub/Germany/config.txt
2026-06-05 19:58:33,524 | INFO     |   → 536/1127 ❌ HTTP 404 — https://raw.githubusercontent.com/Epodonios/bulk-xray-v2ray-vless-vmess-...-configs/main/sub/Indonesia/config.txt
2026-06-05 19:58:33,524 | INFO     |   → 537/1127 ❌ HTTP 404 — https://raw.githubusercontent.com/Epodonios/bulk-xray-v2ray-vless-vmess-...-configs/main/sub/Ireland/config.txt
2026-06-05 19:58:33,524 | INFO     |   → 538/1127 ❌ HTTP 404 — https://raw.githubusercontent.com/Epodonios/bulk-xray-v2ray-vless-vmess-...-configs/main/sub/Republic%20of%20Lithuania/config.txt
2026-06-05 19:58:33,524 | INFO     |   → 539/1127 ❌ HTTP 404 — https://raw.githubusercontent.com/Epodonios/bulk-xray-v2ray-vless-vmess-...-configs/main/sub/South%20Africa/config.txt
2026-06-05 19:58:33,524 | INFO     |   → 540/1127 ❌ HTTP 404 — https://raw.githubusercontent.com/Epodonios/bulk-xray-v2ray-vless-vmess-...-configs/main/sub/Sweden/config.txt
2026-06-05 19:58:33,524 | INFO     |   → 541/1127 ❌ HTTP 404 — https://raw.githubusercontent.com/Epodonios/bulk-xray-v2ray-vless-vmess-...-configs/main/sub/Turkey/config.txt
2026-06-05 19:58:33,524 | INFO     |   → 542/1127 ❌ HTTP 404 — https://raw.githubusercontent.com/Epodonios/bulk-xray-v2ray-vless-vmess-...-configs/main/sub/United%20Arab%20Emirates/config.txt
2026-06-05 19:58:33,524 | INFO     |   → 543/1127 ❌ HTTP 404 — https://raw.githubusercontent.com/Epodonios/bulk-xray-v2ray-vless-vmess-...-configs/main/sub/United%20Kingdom/config.txt
2026-06-05 19:58:33,524 | INFO     |   → 544/1127 ❌ HTTP 404 — https://raw.githubusercontent.com/Epodonios/bulk-xray-v2ray-vless-vmess-...-configs/main/sub/United%20States/config.txt
2026-06-05 19:58:33,524 | INFO     |   → 545/1127: ✅ 816 взято | 🗑️ 4794 мусор
2026-06-05 19:58:33,524 | INFO     |   → 546/1127 ❌ HTTP 404 — https://raw.githubusercontent.com/Epodonios/v2ray-configs/main/Splitted-By-Protocol/mix.txt
2026-06-05 19:58:33,524 | INFO     |   → 547/1127: ✅ 30 взято | 🗑️ 468 мусор
2026-06-05 19:58:33,525 | INFO     |   → 548/1127: ✅ 0 взято | 🗑️ 0 мусор
2026-06-05 19:58:33,525 | INFO     |   → 549/1127: ✅ 42 взято | 🗑️ 678 мусор
2026-06-05 19:58:33,525 | INFO     |   → 550/1127: ✅ 121 взято | 🗑️ 3388 мусор
2026-06-05 19:58:33,525 | INFO     |   → 551/1127: ✅ 9 взято | 🗑️ 527 мусор
2026-06-05 19:58:33,525 | INFO     |   → 552/1127 ❌ HTTP 404 — https://raw.githubusercontent.com/Epodonios/v2ray-configs/raw/main/Splitted-By-Protocol/trojan.txt
2026-06-05 19:58:33,525 | INFO     |   → 553/1127 ❌ HTTP 404 — https://raw.githubusercontent.com/Epodonios/v2ray-configs/raw/main/Splitted-By-Protocol/vmess.txt
2026-06-05 19:58:33,525 | INFO     |   → 554/1127: ✅ 0 взято | 🗑️ 468 мусор
2026-06-05 19:58:33,525 | INFO     |   → 555/1127: ✅ 0 взято | 🗑️ 0 мусор
2026-06-05 19:58:33,525 | INFO     |   → 556/1127: ✅ 0 взято | 🗑️ 678 мусор
2026-06-05 19:58:33,525 | INFO     |   → 557/1127: ✅ 0 взято | 🗑️ 3388 мусор
2026-06-05 19:58:33,525 | INFO     |   → 558/1127: ✅ 0 взято | 🗑️ 527 мусор
2026-06-05 19:58:33,525 | INFO     |   → 559/1127 ❌ HTTP 404 — https://raw.githubusercontent.com/Fido6/FreeNodes/57221e59caddde55ffdda21d491ae952cd608049/nodes/halekj.txt
2026-06-05 19:58:33,525 | INFO     |   → 560/1127 ❌ HTTP 404 — https://raw.githubusercontent.com/Fido6/FreeNodes/57221e59caddde55ffdda21d491ae952cd608049/nodes/kkzui.txt
2026-06-05 19:58:33,525 | INFO     |   → 561/1127 ❌ HTTP 404 — https://raw.githubusercontent.com/Fido6/FreeNodes/57221e59caddde55ffdda21d491ae952cd608049/nodes/wenode.txt
2026-06-05 19:58:33,525 | INFO     |   → 562/1127: ✅ 0 взято | 🗑️ 0 мусор
2026-06-05 19:58:33,525 | INFO     |   → 563/1127: ✅ 0 взято | 🗑️ 0 мусор
2026-06-05 19:58:33,525 | INFO     |   → 564/1127: ✅ 14 взято | 🗑️ 250 мусор
2026-06-05 19:58:33,525 | INFO     |   → 565/1127: ✅ 4 взято | 🗑️ 13 мусор
2026-06-05 19:58:33,526 | INFO     |   → 566/1127: ✅ 1 взято | 🗑️ 17 мусор
2026-06-05 19:58:33,526 | INFO     |   → 567/1127: ✅ 4 взято | 🗑️ 11 мусор
2026-06-05 19:58:33,526 | INFO     |   → 568/1127: ✅ 0 взято | 🗑️ 0 мусор
2026-06-05 19:58:33,526 | INFO     |   → 569/1127: ✅ 0 взято | 🗑️ 137 мусор
2026-06-05 19:58:33,526 | INFO     |   → 570/1127: ✅ 0 взято | 🗑️ 32 мусор
2026-06-05 19:58:33,526 | INFO     |   → 571/1127: ✅ 2 взято | 🗑️ 19 мусор
2026-06-05 19:58:33,526 | INFO     |   → 572/1127: ✅ 0 взято | 🗑️ 43 мусор
2026-06-05 19:58:33,526 | INFO     |   → 573/1127: ✅ 0 взято | 🗑️ 43 мусор
2026-06-05 19:58:33,526 | INFO     |   → 574/1127 ❌ HTTP 404 — https://raw.githubusercontent.com/Iran-v2ray/v2ray/main/v2ray
2026-06-05 19:58:33,526 | INFO     |   → 575/1127: ✅ 0 взято | 🗑️ 1 мусор
2026-06-05 19:58:33,526 | INFO     |   → 576/1127: ✅ 0 взято | 🗑️ 1 мусор
2026-06-05 19:58:33,526 | INFO     |   → 577/1127: ✅ 0 взято | 🗑️ 28 мусор
2026-06-05 19:58:33,526 | INFO     |   → 578/1127: ✅ 14 взято | 🗑️ 282 мусор
2026-06-05 19:58:33,526 | INFO     |   → 579/1127: ✅ 0 взято | 🗑️ 94 мусор
2026-06-05 19:58:33,526 | INFO     |   → 580/1127: ✅ 0 взято | 🗑️ 0 мусор
2026-06-05 19:58:33,526 | INFO     |   → 581/1127: ✅ 0 взято | 🗑️ 0 мусор
2026-06-05 19:58:33,526 | INFO     |   → 582/1127 ❌ HTTP 404 — https://raw.githubusercontent.com/Kwinshadow/TelegramV2rayCollector/raw/refs/heads/main/sublinks/mix.txt
2026-06-05 19:58:33,527 | INFO     |   → 583/1127 ❌ HTTP 404 — https://raw.githubusercontent.com/LalatinaHub/Mineral/raw/refs/heads/master/result/nodes
2026-06-05 19:58:33,527 | INFO     |   → 584/1127 ❌ HTTP 404 — https://raw.githubusercontent.com/Leon406/SubCrawler/main/sub/share/all3
2026-06-05 19:58:33,527 | INFO     |   → 585/1127 ❌ HTTP 404 — https://raw.githubusercontent.com/Leon406/SubCrawler/main/sub/share/all4
2026-06-05 19:58:33,527 | INFO     |   → 586/1127: ✅ 4 взято | 🗑️ 335 мусор
2026-06-05 19:58:33,527 | INFO     |   → 587/1127: ✅ 0 взято | 🗑️ 33 мусор
2026-06-05 19:58:33,527 | INFO     |   → 588/1127: ✅ 0 взято | 🗑️ 6 мусор
2026-06-05 19:58:33,527 | INFO     |   → 589/1127: ✅ 0 взято | 🗑️ 147 мусор
2026-06-05 19:58:33,527 | INFO     |   → 590/1127 ❌ HTTP 404 — https://raw.githubusercontent.com/M-Mashreghi/free-config-collector/main/Splitted-By-Protocol/ssr.txt
2026-06-05 19:58:33,527 | INFO     |   → 591/1127: ✅ 139 взято | 🗑️ 114 мусор
2026-06-05 19:58:33,527 | INFO     |   → 592/1127: ✅ 126 взято | 🗑️ 137 мусор
2026-06-05 19:58:33,527 | INFO     |   → 593/1127: ✅ 0 взято | 🗑️ 12 мусор
2026-06-05 19:58:33,527 | INFO     |   → 594/1127: ✅ 0 взято | 🗑️ 1 мусор
2026-06-05 19:58:33,527 | INFO     |   → 595/1127: ✅ 65 взято | 🗑️ 296 мусор
2026-06-05 19:58:33,527 | INFO     |   → 596/1127: ✅ 0 взято | 🗑️ 296 мусор
2026-06-05 19:58:33,527 | INFO     |   → 597/1127 ❌ HTTP 404 — https://raw.githubusercontent.com/MatinGhanbari/v2ray-configs/main/subscriptions/filtered/subs/hy2.txt
2026-06-05 19:58:33,527 | INFO     |   → 598/1127: ✅ 25 взято | 🗑️ 1436 мусор
2026-06-05 19:58:33,527 | INFO     |   → 599/1127 ❌ HTTP 404 — https://raw.githubusercontent.com/MatinGhanbari/v2ray-configs/main/subscriptions/filtered/subs/ssr.txt
2026-06-05 19:58:33,528 | INFO     |   → 600/1127: ✅ 61 взято | 🗑️ 592 мусор
2026-06-05 19:58:33,528 | INFO     |   → 601/1127 ❌ HTTP 404 — https://raw.githubusercontent.com/MatinGhanbari/v2ray-configs/main/subscriptions/filtered/subs/tuic.txt
2026-06-05 19:58:33,528 | INFO     |   → 602/1127: ✅ 2 взято | 🗑️ 67 мусор
2026-06-05 19:58:33,528 | INFO     |   → 603/1127: ✅ 242 взято | 🗑️ 1521 мусор
2026-06-05 19:58:33,528 | INFO     |   → 604/1127: ✅ 0 взято | 🗑️ 2 мусор
2026-06-05 19:58:33,528 | INFO     |   → 605/1127: ✅ 111 взято | 🗑️ 1178 мусор
2026-06-05 19:58:33,528 | INFO     |   → 606/1127: ✅ 0 взято | 🗑️ 604 мусор
2026-06-05 19:58:33,528 | INFO     |   → 607/1127: ✅ 0 взято | 🗑️ 604 мусор
2026-06-05 19:58:33,528 | INFO     |   → 608/1127: ✅ 0 взято | 🗑️ 47 мусор
2026-06-05 19:58:33,528 | INFO     |   → 609/1127: ✅ 0 взято | 🗑️ 2 мусор
2026-06-05 19:58:33,528 | INFO     |   → 610/1127: ✅ 0 взято | 🗑️ 456 мусор
2026-06-05 19:58:33,528 | INFO     |   → 611/1127: ✅ 0 взято | 🗑️ 77 мусор
2026-06-05 19:58:33,528 | INFO     |   → 612/1127 ❌ HTTP 404 — https://raw.githubusercontent.com/MhdiTaheri/V2rayCollector/raw/refs/heads/main/sub/mix
2026-06-05 19:58:33,528 | INFO     |   → 613/1127: ✅ 53 взято | 🗑️ 267 мусор
2026-06-05 19:58:33,528 | INFO     |   → 614/1127 ❌ HTTP 404 — https://raw.githubusercontent.com/MhdiTaheri/V2rayCollector_Py/raw/refs/heads/main/sub/Mix/mix.txt
2026-06-05 19:58:33,528 | INFO     |   → 615/1127: ✅ 0 взято | 🗑️ 0 мусор
2026-06-05 19:58:33,528 | INFO     |   → 616/1127: ✅ 43 взято | 🗑️ 217 мусор
2026-06-05 19:58:33,529 | INFO     |   → 617/1127: ✅ 0 взято | 🗑️ 31 мусор
2026-06-05 19:58:33,529 | INFO     |   → 618/1127: ✅ 93 взято | 🗑️ 282 мусор
2026-06-05 19:58:33,529 | INFO     |   → 619/1127: ✅ 0 взято | 🗑️ 26 мусор
2026-06-05 19:58:33,529 | INFO     |   → 620/1127 ❌ HTTP 404 — https://raw.githubusercontent.com/MrMohebi/xray-proxy-grabber-telegram/master/collected-proxies/clash-meta/all.yaml
2026-06-05 19:58:33,529 | INFO     |   → 621/1127 ❌ HTTP 404 — https://raw.githubusercontent.com/MrMohebi/xray-proxy-grabber-telegram/master/collected-proxies/row-url/actives.txt
2026-06-05 19:58:33,529 | INFO     |   → 622/1127 ❌ HTTP 404 — https://raw.githubusercontent.com/MrMohebi/xray-proxy-grabber-telegram/master/collected-proxies/row-url/all.txt
2026-06-05 19:58:33,529 | INFO     |   → 623/1127: ✅ 0 взято | 🗑️ 13 мусор
2026-06-05 19:58:33,529 | INFO     |   → 624/1127: ✅ 0 взято | 🗑️ 13 мусор
2026-06-05 19:58:33,529 | INFO     |   → 625/1127: ✅ 5 взято | 🗑️ 15 мусор
2026-06-05 19:58:33,529 | INFO     |   → 626/1127: ✅ 0 взято | 🗑️ 30 мусор
2026-06-05 19:58:33,529 | INFO     |   → 627/1127: ✅ 0 взято | 🗑️ 15 мусор
2026-06-05 19:58:33,529 | INFO     |   → 628/1127: ✅ 66 взято | 🗑️ 123 мусор
2026-06-05 19:58:33,529 | INFO     |   → 629/1127: ✅ 50 взято | 🗑️ 30 мусор
2026-06-05 19:58:33,529 | INFO     |   → 630/1127: ✅ 0 взято | 🗑️ 0 мусор
2026-06-05 19:58:33,529 | INFO     |   → 631/1127 ❌ HTTP 404 — https://raw.githubusercontent.com/OpenCNLink/freevpn/3cfcff048bfdd1493ccffa52ecf30ce7f9fc6b28/src/list/vmess.txt
2026-06-05 19:58:33,529 | INFO     |   → 632/1127 ❌ HTTP 404 — https://raw.githubusercontent.com/Pawdro/Collection/main/sub
2026-06-05 19:58:33,530 | INFO     |   → 633/1127: ✅ 1 взято | 🗑️ 9 мусор
2026-06-05 19:58:33,530 | INFO     |   → 634/1127: ✅ 0 взято | 🗑️ 9 мусор
2026-06-05 19:58:33,530 | INFO     |   → 635/1127: ✅ 0 взято | 🗑️ 0 мусор
2026-06-05 19:58:33,530 | INFO     |   → 636/1127: ✅ 0 взято | 🗑️ 0 мусор
2026-06-05 19:58:33,530 | INFO     |   → 637/1127: ✅ 0 взято | 🗑️ 50 мусор
2026-06-05 19:58:33,530 | INFO     |   → 638/1127: ✅ 5 взято | 🗑️ 206 мусор
2026-06-05 19:58:33,530 | INFO     |   → 639/1127: ✅ 21 взято | 🗑️ 138 мусор
2026-06-05 19:58:33,530 | INFO     |   → 640/1127: ✅ 23 взято | 🗑️ 89 мусор
2026-06-05 19:58:33,530 | INFO     |   → 641/1127: ✅ 9 взято | 🗑️ 85 мусор
2026-06-05 19:58:33,530 | INFO     |   → 642/1127: ✅ 0 взято | 🗑️ 129 мусор
2026-06-05 19:58:33,530 | INFO     |   → 643/1127: ✅ 0 взято | 🗑️ 81 мусор
2026-06-05 19:58:33,530 | INFO     |   → 644/1127 ❌ HTTP 404 — https://raw.githubusercontent.com/STR97/STRUGOV/refs/heads/main/STR.BYPASS
2026-06-05 19:58:33,530 | INFO     |   → 645/1127: ✅ 4 взято | 🗑️ 34 мусор
2026-06-05 19:58:33,530 | INFO     |   → 646/1127: ✅ 11 взято | 🗑️ 16 мусор
2026-06-05 19:58:33,530 | INFO     |   → 647/1127: ✅ 0 взято | 🗑️ 16 мусор
2026-06-05 19:58:33,530 | INFO     |   → 648/1127: ✅ 0 взято | 🗑️ 27 мусор
2026-06-05 19:58:33,531 | INFO     |   → 649/1127: ✅ 140 взято | 🗑️ 1153 мусор
2026-06-05 19:58:33,531 | INFO     |   → 650/1127: ✅ 29 взято | 🗑️ 54 мусор
2026-06-05 19:58:33,531 | INFO     |   → 651/1127: ✅ 0 взято | 🗑️ 0 мусор
2026-06-05 19:58:33,531 | INFO     |   → 652/1127: ✅ 0 взято | 🗑️ 0 мусор
2026-06-05 19:58:33,531 | INFO     |   → 653/1127: ✅ 0 взято | 🗑️ 26 мусор
2026-06-05 19:58:33,531 | INFO     |   → 654/1127: ✅ 0 взято | 🗑️ 0 мусор
2026-06-05 19:58:33,531 | INFO     |   → 655/1127: ✅ 0 взято | 🗑️ 26 мусор
2026-06-05 19:58:33,531 | INFO     |   → 656/1127: ✅ 4 взято | 🗑️ 291 мусор
2026-06-05 19:58:33,531 | INFO     |   → 657/1127: ✅ 0 взято | 🗑️ 119 мусор
2026-06-05 19:58:33,531 | INFO     |   → 658/1127: ✅ 0 взято | 🗑️ 0 мусор
2026-06-05 19:58:33,531 | INFO     |   → 659/1127 ❌ HTTP 404 — https://raw.githubusercontent.com/V2RAYCONFIGSPOOL/V2RAY_SUB/main/V2RAY_SUB.txt
2026-06-05 19:58:33,531 | INFO     |   → 660/1127: ✅ 53 взято | 🗑️ 267 мусор
2026-06-05 19:58:33,531 | INFO     |   → 661/1127: ✅ 16 взято | 🗑️ 17 мусор
2026-06-05 19:58:33,531 | INFO     |   → 662/1127: ✅ 0 взято | 🗑️ 0 мусор
2026-06-05 19:58:33,531 | INFO     |   → 663/1127: ✅ 0 взято | 🗑️ 17 мусор
2026-06-05 19:58:33,531 | INFO     |   → 664/1127: ✅ 58 взято | 🗑️ 348 мусор
2026-06-05 19:58:33,532 | INFO     |   → 665/1127: ✅ 0 взято | 🗑️ 0 мусор
2026-06-05 19:58:33,532 | INFO     |   → 666/1127: ✅ 6 взято | 🗑️ 245 мусор
2026-06-05 19:58:33,532 | INFO     |   → 667/1127: ✅ 0 взято | 🗑️ 0 мусор
2026-06-05 19:58:33,532 | INFO     |   → 668/1127: ✅ 3 взято | 🗑️ 322 мусор
2026-06-05 19:58:33,532 | INFO     |   → 669/1127: ✅ 0 взято | 🗑️ 0 мусор
2026-06-05 19:58:33,532 | INFO     |   → 670/1127: ✅ 0 взято | 🗑️ 0 мусор
2026-06-05 19:58:33,532 | INFO     |   → 671/1127: ✅ 3 взято | 🗑️ 268 мусор
2026-06-05 19:58:33,532 | INFO     |   → 672/1127: ✅ 1 взято | 🗑️ 251 мусор
2026-06-05 19:58:33,532 | INFO     |   → 673/1127: ✅ 1 взято | 🗑️ 231 мусор
2026-06-05 19:58:33,532 | INFO     |   → 674/1127: ✅ 0 взято | 🗑️ 0 мусор
2026-06-05 19:58:33,532 | INFO     |   → 675/1127: ✅ 1 взято | 🗑️ 83 мусор
2026-06-05 19:58:33,532 | INFO     |   → 676/1127: ✅ 0 взято | 🗑️ 16 мусор
2026-06-05 19:58:33,532 | INFO     |   → 677/1127: ✅ 0 взято | 🗑️ 16 мусор
2026-06-05 19:58:33,532 | INFO     |   → 678/1127 ❌ HTTP 404 — https://raw.githubusercontent.com/aiboboxx/clashfree/main/clash.yml
2026-06-05 19:58:33,532 | INFO     |   → 679/1127 ❌ HTTP 404 — https://raw.githubusercontent.com/aiboboxx/v2rayfree/main/v2
2026-06-05 19:58:33,532 | INFO     |   → 680/1127 ❌ HTTP 404 — https://raw.githubusercontent.com/amirmohammad-mohammad-88/Sub-Reality-Azadi-config/Config/Azadi-Reality-Different
2026-06-05 19:58:33,533 | INFO     |   → 681/1127 ❌ HTTP 404 — https://raw.githubusercontent.com/amirmohammad-mohammad-88/Sub-Reality-Azadi-config/Config/Azadi-Reality-Different-Base64
2026-06-05 19:58:33,533 | INFO     |   → 682/1127: ✅ 1 взято | 🗑️ 17 мусор
2026-06-05 19:58:33,533 | INFO     |   → 683/1127: ✅ 0 взято | 🗑️ 0 мусор
2026-06-05 19:58:33,533 | INFO     |   → 684/1127: ✅ 4 взято | 🗑️ 114 мусор
2026-06-05 19:58:33,533 | INFO     |   → 685/1127: ✅ 24 взято | 🗑️ 71 мусор
2026-06-05 19:58:33,533 | INFO     |   → 686/1127 ❌ HTTP 404 — https://raw.githubusercontent.com/awesome-vpn/awesome-vpn/master/ss
2026-06-05 19:58:33,533 | INFO     |   → 687/1127 ❌ HTTP 404 — https://raw.githubusercontent.com/awesome-vpn/awesome-vpn/master/ssr
2026-06-05 19:58:33,533 | INFO     |   → 688/1127: ✅ 0 взято | 🗑️ 0 мусор
2026-06-05 19:58:33,533 | INFO     |   → 689/1127: ✅ 1 взято | 🗑️ 22 мусор
2026-06-05 19:58:33,533 | INFO     |   → 690/1127: ✅ 0 взято | 🗑️ 411 мусор
2026-06-05 19:58:33,533 | INFO     |   → 691/1127 ❌ HTTP 404 — https://raw.githubusercontent.com/barry-far/V2ray-Configs/ced94ddfff48276ec365b40227561f36b1b64bc8/Sub5.txt
2026-06-05 19:58:33,533 | INFO     |   → 692/1127 ❌ HTTP 404 — https://raw.githubusercontent.com/barry-far/V2ray-Configs/main/Splitted-By-Protocol/hysteria2.txt
2026-06-05 19:58:33,533 | INFO     |   → 693/1127 ❌ HTTP 404 — https://raw.githubusercontent.com/barry-far/V2ray-Configs/main/Splitted-By-Protocol/vless.txt
2026-06-05 19:58:33,533 | INFO     |   → 694/1127 ❌ HTTP 404 — https://raw.githubusercontent.com/barry-far/V2ray-Configs/main/Sub1.txt
2026-06-05 19:58:33,533 | INFO     |   → 695/1127 ❌ HTTP 404 — https://raw.githubusercontent.com/barry-far/V2ray-Configs/refs/heads/main/All_Configs_Sub.txt
2026-06-05 19:58:33,533 | INFO     |   → 696/1127: ✅ 0 взято | 🗑️ 0 мусор
2026-06-05 19:58:33,534 | INFO     |   → 697/1127 ❌ HTTP 404 — https://raw.githubusercontent.com/budamu/clashconfig/main/v2ray.txt
2026-06-05 19:58:33,534 | INFO     |   → 698/1127 ❌ HTTP 404 — https://raw.githubusercontent.com/budamu/clashconfig/main/v2ray2.txt
2026-06-05 19:58:33,534 | INFO     |   → 699/1127: ✅ 0 взято | 🗑️ 0 мусор
2026-06-05 19:58:33,534 | INFO     |   → 700/1127: ✅ 0 взято | 🗑️ 442 мусор
2026-06-05 19:58:33,534 | INFO     |   → 701/1127: ✅ 0 взято | 🗑️ 0 мусор
2026-06-05 19:58:33,534 | INFO     |   → 702/1127 ❌ HTTP 404 — https://raw.githubusercontent.com/chxxyz2004/zd/17fca23b73c46b5dd73e9be49b14d219b5e5f836/sub/2401/240110.txt
2026-06-05 19:58:33,534 | INFO     |   → 703/1127: ✅ 0 взято | 🗑️ 44 мусор
2026-06-05 19:58:33,534 | INFO     |   → 704/1127: ✅ 236 взято | 🗑️ 517 мусор
2026-06-05 19:58:33,534 | INFO     |   → 705/1127 ❌ HTTP 404 — https://raw.githubusercontent.com/cxr9912/cxr2022/main/free.yaml
2026-06-05 19:58:33,534 | INFO     |   → 706/1127 ❌ HTTP 404 — https://raw.githubusercontent.com/cxr9912/cxr2022/main/mix.yaml
2026-06-05 19:58:33,534 | INFO     |   → 707/1127 ❌ HTTP 404 — https://raw.githubusercontent.com/cxr9912/cxr2022/main/ss.yaml
2026-06-05 19:58:33,534 | INFO     |   → 708/1127 ❌ HTTP 404 — https://raw.githubusercontent.com/cxr9912/cxr2022/main/ssr.yaml
2026-06-05 19:58:33,534 | INFO     |   → 709/1127 ❌ HTTP 404 — https://raw.githubusercontent.com/cxr9912/cxr2022/main/vmess.yaml
2026-06-05 19:58:33,534 | INFO     |   → 710/1127 ❌ HTTP 404 — https://raw.githubusercontent.com/cxr9912/cxr2022/refs/heads/main/18cj.json
2026-06-05 19:58:33,534 | INFO     |   → 711/1127 ❌ HTTP 404 — https://raw.githubusercontent.com/cxr9912/cxr2022/refs/heads/main/aaaaaaaa.yaml
2026-06-05 19:58:33,534 | INFO     |   → 712/1127 ❌ HTTP 404 — https://raw.githubusercontent.com/cxr9912/cxr2022/refs/heads/main/free.yaml
2026-06-05 19:58:33,535 | INFO     |   → 713/1127 ❌ HTTP 404 — https://raw.githubusercontent.com/cxr9912/cxr2022/refs/heads/main/ss2088.txt
2026-06-05 19:58:33,535 | INFO     |   → 714/1127: ✅ 0 взято | 🗑️ 18 мусор
2026-06-05 19:58:33,535 | INFO     |   → 715/1127: ✅ 0 взято | 🗑️ 18 мусор
2026-06-05 19:58:33,535 | INFO     |   → 716/1127: ✅ 6 взято | 🗑️ 78 мусор
2026-06-05 19:58:33,535 | INFO     |   → 717/1127: ✅ 6 взято | 🗑️ 4 мусор
2026-06-05 19:58:33,535 | INFO     |   → 718/1127: ✅ 0 взято | 🗑️ 2 мусор
2026-06-05 19:58:33,535 | INFO     |   → 719/1127: ✅ 0 взято | 🗑️ 2 мусор
2026-06-05 19:58:33,535 | INFO     |   → 720/1127: ✅ 0 взято | 🗑️ 2 мусор
2026-06-05 19:58:33,535 | INFO     |   → 721/1127: ✅ 0 взято | 🗑️ 3 мусор
2026-06-05 19:58:33,535 | INFO     |   → 722/1127: ✅ 0 взято | 🗑️ 2 мусор
2026-06-05 19:58:33,535 | INFO     |   → 723/1127: ✅ 0 взято | 🗑️ 9 мусор
2026-06-05 19:58:33,535 | INFO     |   → 724/1127: ✅ 1 взято | 🗑️ 1 мусор
2026-06-05 19:58:33,535 | INFO     |   → 725/1127: ✅ 0 взято | 🗑️ 10 мусор
2026-06-05 19:58:33,535 | INFO     |   → 726/1127: ✅ 0 взято | 🗑️ 2 мусор
2026-06-05 19:58:33,535 | INFO     |   → 727/1127: ✅ 0 взято | 🗑️ 0 мусор
2026-06-05 19:58:33,535 | INFO     |   → 728/1127: ✅ 7217 взято | 🗑️ 139856 мусор
2026-06-05 19:58:33,536 | INFO     |   → 729/1127: ✅ 2 взято | 🗑️ 131 мусор
2026-06-05 19:58:33,536 | INFO     |   → 730/1127: ✅ 6 взято | 🗑️ 113 мусор
2026-06-05 19:58:33,536 | INFO     |   → 731/1127: ✅ 0 взято | 🗑️ 0 мусор
2026-06-05 19:58:33,536 | INFO     |   → 732/1127: ✅ 7 взято | 🗑️ 19 мусор
2026-06-05 19:58:33,536 | INFO     |   → 733/1127: ✅ 0 взято | 🗑️ 0 мусор
2026-06-05 19:58:33,536 | INFO     |   → 734/1127: ✅ 13 взято | 🗑️ 19 мусор
2026-06-05 19:58:33,536 | INFO     |   → 735/1127: ✅ 0 взято | 🗑️ 5 мусор
2026-06-05 19:58:33,536 | INFO     |   → 736/1127: ✅ 2 взято | 🗑️ 80 мусор
2026-06-05 19:58:33,536 | INFO     |   → 737/1127 ❌ HTTP 404 — https://raw.githubusercontent.com/free-nodes/v2rayfree/main/v2
2026-06-05 19:58:33,536 | INFO     |   → 738/1127 ❌ HTTP 404 — https://raw.githubusercontent.com/free-v2ray-config/trojan/main/trojan.txt
2026-06-05 19:58:33,536 | INFO     |   → 739/1127 ❌ HTTP 404 — https://raw.githubusercontent.com/free-v2ray-config/vless/main/vless.txt
2026-06-05 19:58:33,536 | INFO     |   → 740/1127 ❌ HTTP 404 — https://raw.githubusercontent.com/free-v2ray-config/vmess/main/vmess.txt
2026-06-05 19:58:33,536 | INFO     |   → 741/1127: ✅ 5 взято | 🗑️ 169 мусор
2026-06-05 19:58:33,536 | INFO     |   → 742/1127: ✅ 34 взято | 🗑️ 121 мусор
2026-06-05 19:58:33,536 | INFO     |   → 743/1127: ✅ 4 взято | 🗑️ 97 мусор
2026-06-05 19:58:33,536 | INFO     |   → 744/1127 ❌ HTTP 404 — https://raw.githubusercontent.com/free18/v2ray/main/Clash.yaml
2026-06-05 19:58:33,536 | INFO     |   → 745/1127: ✅ 0 взято | 🗑️ 0 мусор
2026-06-05 19:58:33,537 | INFO     |   → 746/1127: ✅ 0 взято | 🗑️ 15 мусор
2026-06-05 19:58:33,537 | INFO     |   → 747/1127: ✅ 0 взято | 🗑️ 0 мусор
2026-06-05 19:58:33,537 | INFO     |   → 748/1127: ✅ 0 взято | 🗑️ 8 мусор
2026-06-05 19:58:33,537 | INFO     |   → 749/1127: ✅ 0 взято | 🗑️ 8 мусор
2026-06-05 19:58:33,537 | INFO     |   → 750/1127: ✅ 0 взято | 🗑️ 8 мусор
2026-06-05 19:58:33,537 | INFO     |   → 751/1127: ✅ 0 взято | 🗑️ 8 мусор
2026-06-05 19:58:33,537 | INFO     |   → 752/1127 ❌ HTTP 404 — https://raw.githubusercontent.com/freev2rayconfig/V2RAY_SUB/3e6a7786a1601ee3723e8d043ae79e70dbdfd9a8/v2rayconfigs.txt
2026-06-05 19:58:33,537 | INFO     |   → 753/1127 ❌ HTTP 404 — https://raw.githubusercontent.com/freev2rayconfig/V2RAY_SUBSCRIPTION_LINK/main/v2rayconfigs.txt
2026-06-05 19:58:33,537 | INFO     |   → 754/1127 ❌ HTTP 404 — https://raw.githubusercontent.com/gfpcom/free-proxy-list/main/list/http.txt
2026-06-05 19:58:33,537 | INFO     |   → 755/1127 ❌ HTTP 404 — https://raw.githubusercontent.com/gfpcom/free-proxy-list/main/list/https.txt
2026-06-05 19:58:33,537 | INFO     |   → 756/1127 ❌ HTTP 404 — https://raw.githubusercontent.com/gfpcom/free-proxy-list/main/list/socks4.txt
2026-06-05 19:58:33,537 | INFO     |   → 757/1127 ❌ HTTP 404 — https://raw.githubusercontent.com/gfpcom/free-proxy-list/main/list/socks4a.txt
2026-06-05 19:58:33,537 | INFO     |   → 758/1127 ❌ HTTP 404 — https://raw.githubusercontent.com/gfpcom/free-proxy-list/main/list/socks5.txt
2026-06-05 19:58:33,537 | INFO     |   → 759/1127 ❌ HTTP 404 — https://raw.githubusercontent.com/gfpcom/free-proxy-list/main/list/socks5h.txt
2026-06-05 19:58:33,537 | INFO     |   → 760/1127 ❌ HTTP 404 — https://raw.githubusercontent.com/gfpcom/free-proxy-list/main/list/ss.txt
2026-06-05 19:58:33,537 | INFO     |   → 761/1127 ❌ HTTP 404 — https://raw.githubusercontent.com/gfpcom/free-proxy-list/main/list/ssr.txt
2026-06-05 19:58:33,537 | INFO     |   → 762/1127 ❌ HTTP 404 — https://raw.githubusercontent.com/gfpcom/free-proxy-list/main/list/trojan.txt
2026-06-05 19:58:33,538 | INFO     |   → 763/1127 ❌ HTTP 404 — https://raw.githubusercontent.com/gfpcom/free-proxy-list/main/list/vless.txt
2026-06-05 19:58:33,538 | INFO     |   → 764/1127 ❌ HTTP 404 — https://raw.githubusercontent.com/gfpcom/free-proxy-list/main/list/vmess.txt
2026-06-05 19:58:33,538 | INFO     |   → 765/1127: ✅ 0 взято | 🗑️ 17 мусор
2026-06-05 19:58:33,538 | INFO     |   → 766/1127: ✅ 0 взято | 🗑️ 0 мусор
2026-06-05 19:58:33,538 | INFO     |   → 767/1127: ✅ 4 взято | 🗑️ 63 мусор
2026-06-05 19:58:33,538 | INFO     |   → 768/1127 ❌ HTTP 404 — https://raw.githubusercontent.com/hameed-maleki/TVC/89a4522969c57dcc22458cae9898426e5c4f2679/lite/config.txt
2026-06-05 19:58:33,538 | INFO     |   → 769/1127: ✅ 5 взято | 🗑️ 132 мусор
2026-06-05 19:58:33,538 | INFO     |   → 770/1127: ✅ 0 взято | 🗑️ 56 мусор
2026-06-05 19:58:33,538 | INFO     |   → 771/1127 ❌ HTTP 404 — https://raw.githubusercontent.com/hkaa0/permalink/main/proxy/V2ray
2026-06-05 19:58:33,538 | INFO     |   → 772/1127 ❌ HTTP 404 — https://raw.githubusercontent.com/hkaa0/permalink/main/proxy/clash
2026-06-05 19:58:33,538 | INFO     |   → 773/1127 ❌ HTTP 404 — https://raw.githubusercontent.com/hkpc/Autoproxy/6cf946ddfc677a29062007e4b47d70674474baa7/sub/2401/240110.txt
2026-06-05 19:58:33,538 | INFO     |   → 774/1127 ❌ HTTP 404 — https://raw.githubusercontent.com/hkpc/V2ray-Configs/7d9aa0dabf947af180a7dd6302818ed37950531a/Sub1.txt
2026-06-05 19:58:33,538 | INFO     |   → 775/1127: ✅ 0 взято | 🗑️ 14 мусор
2026-06-05 19:58:33,538 | INFO     |   → 776/1127: ✅ 16 взято | 🗑️ 16 мусор
2026-06-05 19:58:33,538 | INFO     |   → 777/1127 ❌ HTTP 404 — https://raw.githubusercontent.com/iboxz/free-v2ray-collector/main/main
2026-06-05 19:58:33,538 | INFO     |   → 778/1127: ✅ 20 взято | 🗑️ 14 мусор
2026-06-05 19:58:33,539 | INFO     |   → 779/1127: ✅ 15 взято | 🗑️ 26 мусор
2026-06-05 19:58:33,539 | INFO     |   → 780/1127: ✅ 98 взято | 🗑️ 194 мусор
2026-06-05 19:58:33,539 | INFO     |   → 781/1127 ❌ HTTP 404 — https://raw.githubusercontent.com/igareck/vpn-configs-for-russia/refs/heads/main/Vless-Reality-White-Lists-Rus-Cable.txt
2026-06-05 19:58:33,539 | INFO     |   → 782/1127: ✅ 16 взято | 🗑️ 1 мусор
2026-06-05 19:58:33,539 | INFO     |   → 783/1127: ✅ 0 взято | 🗑️ 0 мусор
2026-06-05 19:58:33,539 | INFO     |   → 784/1127: ✅ 0 взято | 🗑️ 0 мусор
2026-06-05 19:58:33,539 | INFO     |   → 785/1127: ✅ 23 взято | 🗑️ 9 мусор
2026-06-05 19:58:33,539 | INFO     |   → 786/1127: ✅ 0 взято | 🗑️ 0 мусор
2026-06-05 19:58:33,539 | INFO     |   → 787/1127: ✅ 0 взято | 🗑️ 0 мусор
2026-06-05 19:58:33,539 | INFO     |   → 788/1127: ✅ 0 взято | 🗑️ 12 мусор
2026-06-05 19:58:33,539 | INFO     |   → 789/1127: ✅ 0 взято | 🗑️ 43 мусор
2026-06-05 19:58:33,539 | INFO     |   → 790/1127 ❌ HTTP 404 — https://raw.githubusercontent.com/jw853355718/clash_233/master/config.yml
2026-06-05 19:58:33,539 | INFO     |   → 791/1127: ✅ 0 взято | 🗑️ 210 мусор
2026-06-05 19:58:33,539 | INFO     |   → 792/1127: ✅ 0 взято | 🗑️ 0 мусор
2026-06-05 19:58:33,539 | INFO     |   → 793/1127: ✅ 0 взято | 🗑️ 0 мусор
2026-06-05 19:58:33,539 | INFO     |   → 794/1127 ❌ HTTP 404 — https://raw.githubusercontent.com/lcx12901/v2ray-/master/sspool.herokuapp.com/yzcloud.yaml
2026-06-05 19:58:33,539 | INFO     |   → 795/1127 ❌ HTTP 404 — https://raw.githubusercontent.com/lcx12901/v2ray-/master/sspool.herokuapp.com/yzcloud2.yaml
2026-06-05 19:58:33,540 | INFO     |   → 796/1127: ✅ 0 взято | 🗑️ 0 мусор
2026-06-05 19:58:33,540 | INFO     |   → 797/1127 ❌ HTTP 404 — https://raw.githubusercontent.com/learnhard-cn/free_proxy_ss/main/clash/config.yaml
2026-06-05 19:58:33,540 | INFO     |   → 798/1127: ✅ 0 взято | 🗑️ 8 мусор
2026-06-05 19:58:33,540 | INFO     |   → 799/1127: ✅ 0 взято | 🗑️ 4 мусор
2026-06-05 19:58:33,540 | INFO     |   → 800/1127: ✅ 0 взято | 🗑️ 0 мусор
2026-06-05 19:58:33,540 | INFO     |   → 801/1127: ✅ 0 взято | 🗑️ 4 мусор
2026-06-05 19:58:33,540 | INFO     |   → 802/1127: ✅ 0 взято | 🗑️ 149 мусор
2026-06-05 19:58:33,540 | INFO     |   → 803/1127: ✅ 0 взято | 🗑️ 421 мусор
2026-06-05 19:58:33,540 | INFO     |   → 804/1127 ❌ HTTP 404 — https://raw.githubusercontent.com/lisylva-lee/v2dyku/main/ssr
2026-06-05 19:58:33,540 | INFO     |   → 805/1127 ❌ HTTP 404 — https://raw.githubusercontent.com/lisylva-lee/v2dyku/main/v2dy
2026-06-05 19:58:33,540 | INFO     |   → 806/1127: ✅ 0 взято | 🗑️ 53 мусор
2026-06-05 19:58:33,540 | INFO     |   → 807/1127 ❌ HTTP 404 — https://raw.githubusercontent.com/luxl-1379/merge/77247d23def72b25226dfa741614e9b07a569c72/sub/sub_merge_base64.txt
2026-06-05 19:58:33,540 | INFO     |   → 808/1127: ✅ 146 взято | 🗑️ 343 мусор
2026-06-05 19:58:33,540 | INFO     |   → 809/1127: ✅ 0 взято | 🗑️ 121 мусор
2026-06-05 19:58:33,540 | INFO     |   → 810/1127: ✅ 753 взято | 🗑️ 3513 мусор
2026-06-05 19:58:33,540 | INFO     |   → 811/1127: ✅ 0 взято | 🗑️ 0 мусор
2026-06-05 19:58:33,541 | INFO     |   → 812/1127: ✅ 0 взято | 🗑️ 3513 мусор
2026-06-05 19:58:33,541 | INFO     |   → 813/1127: ✅ 20 взято | 🗑️ 370 мусор
2026-06-05 19:58:33,541 | INFO     |   → 814/1127 ❌ HTTP 404 — https://raw.githubusercontent.com/mermeroo/Clash-V2ray/main/v2ray
2026-06-05 19:58:33,541 | INFO     |   → 815/1127: ✅ 15 взято | 🗑️ 417 мусор
2026-06-05 19:58:33,541 | INFO     |   → 816/1127: ✅ 6 взято | 🗑️ 102 мусор
2026-06-05 19:58:33,541 | INFO     |   → 817/1127: ✅ 716 взято | 🗑️ 6258 мусор
2026-06-05 19:58:33,541 | INFO     |   → 818/1127: ✅ 8 взято | 🗑️ 853 мусор
2026-06-05 19:58:33,541 | INFO     |   → 819/1127: ✅ 32 взято | 🗑️ 69 мусор
2026-06-05 19:58:33,541 | INFO     |   → 820/1127 ❌ HTTP 404 — https://raw.githubusercontent.com/mermeroo/free-v2ray-collector/main/main/mix
2026-06-05 19:58:33,541 | INFO     |   → 821/1127 ❌ HTTP 404 — https://raw.githubusercontent.com/mermeroo/free-v2ray-collector/main/main/reality
2026-06-05 19:58:33,541 | INFO     |   → 822/1127 ❌ HTTP 404 — https://raw.githubusercontent.com/mermeroo/free-v2ray-collector/main/main/shadowsocks
2026-06-05 19:58:33,541 | INFO     |   → 823/1127 ❌ HTTP 404 — https://raw.githubusercontent.com/mermeroo/free-v2ray-collector/main/main/trojan
2026-06-05 19:58:33,541 | INFO     |   → 824/1127 ❌ HTTP 404 — https://raw.githubusercontent.com/mermeroo/free-v2ray-collector/main/main/vless
2026-06-05 19:58:33,541 | INFO     |   → 825/1127 ❌ HTTP 404 — https://raw.githubusercontent.com/mermeroo/free-v2ray-collector/main/main/vmess
2026-06-05 19:58:33,541 | INFO     |   → 826/1127 ❌ HTTP 404 — https://raw.githubusercontent.com/mfuu/v2ray/master/merge/merge.txt
2026-06-05 19:58:33,541 | INFO     |   → 827/1127: ✅ 0 взято | 🗑️ 230 мусор
2026-06-05 19:58:33,541 | INFO     |   → 828/1127: ✅ 0 взято | 🗑️ 230 мусор
2026-06-05 19:58:33,542 | INFO     |   → 829/1127: ✅ 516 взято | 🗑️ 13183 мусор
2026-06-05 19:58:33,542 | INFO     |   → 830/1127: ✅ 0 взято | 🗑️ 13183 мусор
2026-06-05 19:58:33,542 | INFO     |   → 831/1127: ✅ 0 взято | 🗑️ 2788 мусор
2026-06-05 19:58:33,542 | INFO     |   → 832/1127: ✅ 0 взято | 🗑️ 1774 мусор
2026-06-05 19:58:33,542 | INFO     |   → 833/1127: ✅ 0 взято | 🗑️ 4490 мусор
2026-06-05 19:58:33,542 | INFO     |   → 834/1127: ✅ 0 взято | 🗑️ 4131 мусор
2026-06-05 19:58:33,542 | INFO     |   → 835/1127 ❌ HTTP 404 — https://raw.githubusercontent.com/mianous/qiren/main/qiren.txt
2026-06-05 19:58:33,542 | INFO     |   → 836/1127 ❌ HTTP 404 — https://raw.githubusercontent.com/miladtahanian/V2RayCFGDumper/refs/heads/main/config.txt
2026-06-05 19:58:33,542 | INFO     |   → 837/1127 ❌ HTTP 404 — https://raw.githubusercontent.com/miladtahanian/multi-proxy-config-fetcher/refs/heads/main/configs/proxy_configs.txt
2026-06-05 19:58:33,542 | INFO     |   → 838/1127: ✅ 0 взято | 🗑️ 0 мусор
2026-06-05 19:58:33,542 | INFO     |   → 839/1127: ✅ 0 взято | 🗑️ 0 мусор
2026-06-05 19:58:33,542 | INFO     |   → 840/1127: ✅ 0 взято | 🗑️ 0 мусор
2026-06-05 19:58:33,542 | INFO     |   → 841/1127: ✅ 15 взято | 🗑️ 46 мусор
2026-06-05 19:58:33,542 | INFO     |   → 842/1127: ✅ 0 взято | 🗑️ 194 мусор
2026-06-05 19:58:33,542 | INFO     |   → 843/1127: ✅ 0 взято | 🗑️ 0 мусор
2026-06-05 19:58:33,542 | INFO     |   → 844/1127: ✅ 28 взято | 🗑️ 93 мусор
2026-06-05 19:58:33,543 | INFO     |   → 845/1127: ✅ 0 взято | 🗑️ 0 мусор
2026-06-05 19:58:33,543 | INFO     |   → 846/1127: ✅ 15 взято | 🗑️ 70 мусор
2026-06-05 19:58:33,543 | INFO     |   → 847/1127: ✅ 127 взято | 🗑️ 492 мусор
2026-06-05 19:58:33,543 | INFO     |   → 848/1127: ✅ 331 взято | 🗑️ 190 мусор
2026-06-05 19:58:33,543 | INFO     |   → 849/1127: ✅ 27 взято | 🗑️ 606 мусор
2026-06-05 19:58:33,543 | INFO     |   → 850/1127 ❌ HTTP 404 — https://raw.githubusercontent.com/obscure1990/freeVM/master/snippets/nodes.yml
2026-06-05 19:58:33,543 | INFO     |   → 851/1127 ❌ HTTP 404 — https://raw.githubusercontent.com/op30mmd/things/909b38024ba14d69dc0f95c238f63bc6e930a00f/eut.txt
2026-06-05 19:58:33,543 | INFO     |   → 852/1127 ❌ HTTP 404 — https://raw.githubusercontent.com/openRunner/clash-freenode/main/v2ray.txt
2026-06-05 19:58:33,543 | INFO     |   → 853/1127 ❌ HTTP 404 — https://raw.githubusercontent.com/oslook/clash-freenode/main/clash.yaml
2026-06-05 19:58:33,543 | INFO     |   → 854/1127: ✅ 0 взято | 🗑️ 0 мусор
2026-06-05 19:58:33,543 | INFO     |   → 855/1127: ✅ 4 взято | 🗑️ 1 мусор
2026-06-05 19:58:33,543 | INFO     |   → 856/1127: ✅ 0 взято | 🗑️ 0 мусор
2026-06-05 19:58:33,543 | INFO     |   → 857/1127: ✅ 15 взято | 🗑️ 54 мусор
2026-06-05 19:58:33,543 | INFO     |   → 858/1127: ✅ 0 взято | 🗑️ 0 мусор
2026-06-05 19:58:33,543 | INFO     |   → 859/1127: ✅ 0 взято | 🗑️ 0 мусор
2026-06-05 19:58:33,543 | INFO     |   → 860/1127: ✅ 0 взято | 🗑️ 19 мусор
2026-06-05 19:58:33,543 | INFO     |   → 861/1127: ✅ 0 взято | 🗑️ 44 мусор
2026-06-05 19:58:33,543 | INFO     |   → 862/1127: ✅ 63 взято | 🗑️ 521 мусор
2026-06-05 19:58:33,543 | INFO     |   → 863/1127: ✅ 165 взято | 🗑️ 273 мусор
2026-06-05 19:58:33,543 | INFO     |   → 864/1127: ✅ 0 взято | 🗑️ 0 мусор
2026-06-05 19:58:33,543 | INFO     |   → 865/1127: ✅ 28 взято | 🗑️ 211 мусор
2026-06-05 19:58:33,543 | INFO     |   → 866/1127: ✅ 0 взято | 🗑️ 79 мусор
2026-06-05 19:58:33,543 | INFO     |   → 867/1127: ✅ 13 взято | 🗑️ 32 мусор
2026-06-05 19:58:33,543 | INFO     |   → 868/1127: ✅ 0 взято | 🗑️ 0 мусор
2026-06-05 19:58:33,543 | INFO     |   → 869/1127: ✅ 2 взято | 🗑️ 9 мусор
2026-06-05 19:58:33,543 | INFO     |   → 870/1127: ✅ 11 взято | 🗑️ 76 мусор
2026-06-05 19:58:33,544 | INFO     |   → 871/1127: ✅ 0 взято | 🗑️ 168 мусор
2026-06-05 19:58:33,544 | INFO     |   → 872/1127: ✅ 0 взято | 🗑️ 79 мусор
2026-06-05 19:58:33,544 | INFO     |   → 873/1127: ✅ 0 взято | 🗑️ 15 мусор
2026-06-05 19:58:33,544 | INFO     |   → 874/1127 ❌ HTTP 404 — https://raw.githubusercontent.com/ronghuaxueleng/get_v2/main/pub/changfengoss.yaml
2026-06-05 19:58:33,544 | INFO     |   → 875/1127: ✅ 0 взято | 🗑️ 0 мусор
2026-06-05 19:58:33,544 | INFO     |   → 876/1127: ✅ 70 взято | 🗑️ 79 мусор
2026-06-05 19:58:33,544 | INFO     |   → 877/1127: ✅ 0 взято | 🗑️ 79 мусор
2026-06-05 19:58:33,544 | INFO     |   → 878/1127 ❌ HTTP 404 — https://raw.githubusercontent.com/rxsweet/CM_Vmess/refs/heads/main/test.txt
2026-06-05 19:58:33,544 | INFO     |   → 879/1127 ❌ HTTP 404 — https://raw.githubusercontent.com/rxsweet/proxies/main/sub/free.yaml
2026-06-05 19:58:33,544 | INFO     |   → 880/1127 ❌ HTTP 404 — https://raw.githubusercontent.com/rxsweet/proxies/main/sub/rx.yaml
2026-06-05 19:58:33,544 | INFO     |   → 881/1127 ❌ HTTP 404 — https://raw.githubusercontent.com/rxsweet/proxies/main/sub/sources/dynamicAll.yaml
2026-06-05 19:58:33,544 | INFO     |   → 882/1127 ❌ HTTP 404 — https://raw.githubusercontent.com/rxsweet/proxies/main/sub/sources/miningAll.yaml
2026-06-05 19:58:33,544 | INFO     |   → 883/1127 ❌ HTTP 404 — https://raw.githubusercontent.com/rxsweet/proxies/main/sub/srx.yaml
2026-06-05 19:58:33,544 | INFO     |   → 884/1127 ❌ HTTP 404 — https://raw.githubusercontent.com/sajad-sajadi/V2ray-Collector/raw/main/output/protocols/vmess.txt
2026-06-05 19:58:33,544 | INFO     |   → 885/1127 ❌ HTTP 404 — https://raw.githubusercontent.com/sakha1370/OpenRay/raw/refs/heads/main/output/all_valid_proxies.txt
2026-06-05 19:58:33,544 | INFO     |   → 886/1127: ✅ 53 взято | 🗑️ 399 мусор
2026-06-05 19:58:33,544 | INFO     |   → 887/1127: ✅ 0 взято | 🗑️ 399 мусор
2026-06-05 19:58:33,544 | INFO     |   → 888/1127 ❌ HTTP 404 — https://raw.githubusercontent.com/samjoeyang/subscribe/main/fly
2026-06-05 19:58:33,544 | INFO     |   → 889/1127: ✅ 0 взято | 🗑️ 0 мусор
2026-06-05 19:58:33,544 | INFO     |   → 890/1127 ❌ HTTP 404 — https://raw.githubusercontent.com/sarina-ad/v2ray/main/v2ray
2026-06-05 19:58:33,544 | INFO     |   → 891/1127 ❌ HTTP 404 — https://raw.githubusercontent.com/satrom/V2SSR/master/SSR/Sub.txt
2026-06-05 19:58:33,544 | INFO     |   → 892/1127 ❌ HTTP 404 — https://raw.githubusercontent.com/satrom/V2SSR/master/V2RAY/Sub.txt
2026-06-05 19:58:33,544 | INFO     |   → 893/1127: ✅ 6140 взято | 🗑️ 116622 мусор
2026-06-05 19:58:33,544 | INFO     |   → 894/1127: ✅ 0 взято | 🗑️ 0 мусор
2026-06-05 19:58:33,544 | INFO     |   → 895/1127: ✅ 0 взято | 🗑️ 0 мусор
2026-06-05 19:58:33,544 | INFO     |   → 896/1127: ✅ 3 взято | 🗑️ 49 мусор
2026-06-05 19:58:33,544 | INFO     |   → 897/1127: ✅ 254 взято | 🗑️ 1548 мусор
2026-06-05 19:58:33,544 | INFO     |   → 898/1127: ✅ 0 взято | 🗑️ 783 мусор
2026-06-05 19:58:33,545 | INFO     |   → 899/1127: ✅ 0 взято | 🗑️ 81 мусор
2026-06-05 19:58:33,545 | INFO     |   → 900/1127: ✅ 0 взято | 🗑️ 659 мусор
2026-06-05 19:58:33,545 | INFO     |   → 901/1127: ✅ 0 взято | 🗑️ 25 мусор
2026-06-05 19:58:33,545 | INFO     |   → 902/1127: ✅ 0 взято | 🗑️ 1548 мусор
2026-06-05 19:58:33,545 | INFO     |   → 903/1127: ✅ 0 взято | 🗑️ 0 мусор
2026-06-05 19:58:33,545 | INFO     |   → 904/1127 ❌ HTTP 404 — https://raw.githubusercontent.com/shirkerboy/scp/main/sub
2026-06-05 19:58:33,545 | INFO     |   → 905/1127 ❌ HTTP 404 — https://raw.githubusercontent.com/snakem982/proxypool/main/nodelist.txt
2026-06-05 19:58:33,545 | INFO     |   → 906/1127: ✅ 0 взято | 🗑️ 2 мусор
2026-06-05 19:58:33,545 | INFO     |   → 907/1127 ❌ HTTP 404 — https://raw.githubusercontent.com/snakem982/proxypool/main/source/v2ray.txt
2026-06-05 19:58:33,545 | INFO     |   → 908/1127 ❌ HTTP 404 — https://raw.githubusercontent.com/soroushmirzaei/telegram-configs-collector/main/channels/protocols/hysteria
2026-06-05 19:58:33,545 | INFO     |   → 909/1127 ❌ HTTP 404 — https://raw.githubusercontent.com/soroushmirzaei/telegram-configs-collector/main/channels/protocols/juicity
2026-06-05 19:58:33,545 | INFO     |   → 910/1127 ❌ HTTP 404 — https://raw.githubusercontent.com/soroushmirzaei/telegram-configs-collector/main/channels/protocols/reality
2026-06-05 19:58:33,545 | INFO     |   → 911/1127 ❌ HTTP 404 — https://raw.githubusercontent.com/soroushmirzaei/telegram-configs-collector/main/channels/protocols/shadowsocks
2026-06-05 19:58:33,545 | INFO     |   → 912/1127 ❌ HTTP 404 — https://raw.githubusercontent.com/soroushmirzaei/telegram-configs-collector/main/channels/protocols/trojan
2026-06-05 19:58:33,545 | INFO     |   → 913/1127 ❌ HTTP 404 — https://raw.githubusercontent.com/soroushmirzaei/telegram-configs-collector/main/channels/protocols/tuic
2026-06-05 19:58:33,545 | INFO     |   → 914/1127 ❌ HTTP 404 — https://raw.githubusercontent.com/soroushmirzaei/telegram-configs-collector/main/channels/protocols/vless
2026-06-05 19:58:33,545 | INFO     |   → 915/1127 ❌ HTTP 404 — https://raw.githubusercontent.com/soroushmirzaei/telegram-configs-collector/main/channels/protocols/vmess
2026-06-05 19:58:33,545 | INFO     |   → 916/1127 ❌ HTTP 404 — https://raw.githubusercontent.com/soroushmirzaei/telegram-configs-collector/main/countries/jp/mixed
2026-06-05 19:58:33,545 | INFO     |   → 917/1127 ❌ HTTP 404 — https://raw.githubusercontent.com/soroushmirzaei/telegram-configs-collector/main/protocols/hysteria
2026-06-05 19:58:33,545 | INFO     |   → 918/1127 ❌ HTTP 404 — https://raw.githubusercontent.com/soroushmirzaei/telegram-configs-collector/main/protocols/juicity
2026-06-05 19:58:33,545 | INFO     |   → 919/1127 ❌ HTTP 404 — https://raw.githubusercontent.com/soroushmirzaei/telegram-configs-collector/main/protocols/reality
2026-06-05 19:58:33,545 | INFO     |   → 920/1127 ❌ HTTP 404 — https://raw.githubusercontent.com/soroushmirzaei/telegram-configs-collector/main/protocols/shadowsocks
2026-06-05 19:58:33,545 | INFO     |   → 921/1127 ❌ HTTP 404 — https://raw.githubusercontent.com/soroushmirzaei/telegram-configs-collector/main/protocols/trojan
2026-06-05 19:58:33,545 | INFO     |   → 922/1127 ❌ HTTP 404 — https://raw.githubusercontent.com/soroushmirzaei/telegram-configs-collector/main/protocols/tuic
2026-06-05 19:58:33,545 | INFO     |   → 923/1127 ❌ HTTP 404 — https://raw.githubusercontent.com/soroushmirzaei/telegram-configs-collector/main/protocols/vless
2026-06-05 19:58:33,545 | INFO     |   → 924/1127 ❌ HTTP 404 — https://raw.githubusercontent.com/soroushmirzaei/telegram-configs-collector/main/protocols/vmess
2026-06-05 19:58:33,545 | INFO     |   → 925/1127 ❌ HTTP 404 — https://raw.githubusercontent.com/soroushmirzaei/telegram-configs-collector/main/splitted/subscribe
2026-06-05 19:58:33,545 | INFO     |   → 926/1127 ❌ HTTP 404 — https://raw.githubusercontent.com/ssrsub/ssr/master/Clash.yml
2026-06-05 19:58:33,545 | INFO     |   → 927/1127 ❌ HTTP 404 — https://raw.githubusercontent.com/ssrsub/ssr/master/V2Ray
2026-06-05 19:58:33,545 | INFO     |   → 928/1127 ❌ HTTP 404 — https://raw.githubusercontent.com/ssrsub/ssr/master/ss-sub
2026-06-05 19:58:33,545 | INFO     |   → 929/1127 ❌ HTTP 404 — https://raw.githubusercontent.com/ssrsub/ssr/master/ssrsub
2026-06-05 19:58:33,545 | INFO     |   → 930/1127 ❌ HTTP 404 — https://raw.githubusercontent.com/ssrsub/ssr/master/trojan
2026-06-05 19:58:33,545 | INFO     |   → 931/1127: ✅ 0 взято | 🗑️ 0 мусор
2026-06-05 19:58:33,545 | INFO     |   → 932/1127: ✅ 2 взято | 🗑️ 12 мусор
2026-06-05 19:58:33,545 | INFO     |   → 933/1127: ✅ 0 взято | 🗑️ 13 мусор
2026-06-05 19:58:33,545 | INFO     |   → 934/1127: ✅ 0 взято | 🗑️ 13 мусор
2026-06-05 19:58:33,545 | INFO     |   → 935/1127 ❌ HTTP 404 — https://raw.githubusercontent.com/tbbatbb/Proxy/master/dist/clash.config.yaml
2026-06-05 19:58:33,545 | INFO     |   → 936/1127: ✅ 2 взято | 🗑️ 35 мусор
2026-06-05 19:58:33,545 | INFO     |   → 937/1127: ✅ 0 взято | 🗑️ 0 мусор
2026-06-05 19:58:33,546 | INFO     |   → 938/1127: ✅ 5 взято | 🗑️ 111 мусор
2026-06-05 19:58:33,546 | INFO     |   → 939/1127: ✅ 0 взято | 🗑️ 0 мусор
2026-06-05 19:58:33,546 | INFO     |   → 940/1127: ✅ 0 взято | 🗑️ 73 мусор
2026-06-05 19:58:33,546 | INFO     |   → 941/1127 ❌ HTTP 404 — https://raw.githubusercontent.com/v2clash/Autoproxy/a81f840ab2364124133572ec94e4b81fb0d4e58d/sub/2401/240104.txt
2026-06-05 19:58:33,546 | INFO     |   → 942/1127 ❌ HTTP 404 — https://raw.githubusercontent.com/v2clash/V2ray-Configs/31f493c584d0c7b56350f4a34d80c53ad82bcc18/Sub9.txt
2026-06-05 19:58:33,546 | INFO     |   → 943/1127: ✅ 0 взято | 🗑️ 0 мусор
2026-06-05 19:58:33,546 | INFO     |   → 944/1127: ✅ 0 взято | 🗑️ 0 мусор
2026-06-05 19:58:33,546 | INFO     |   → 945/1127: ✅ 0 взято | 🗑️ 0 мусор
2026-06-05 19:58:33,546 | INFO     |   → 946/1127: ✅ 283 взято | 🗑️ 9640 мусор
2026-06-05 19:58:33,546 | INFO     |   → 947/1127: ✅ 281 взято | 🗑️ 10086 мусор
2026-06-05 19:58:33,546 | INFO     |   → 948/1127: ✅ 280 взято | 🗑️ 9675 мусор
2026-06-05 19:58:33,546 | INFO     |   → 949/1127: ✅ 334 взято | 🗑️ 9823 мусор
2026-06-05 19:58:33,546 | INFO     |   → 950/1127: ✅ 350 взято | 🗑️ 9639 мусор
2026-06-05 19:58:33,546 | INFO     |   → 951/1127: ✅ 125 взято | 🗑️ 7919 мусор
2026-06-05 19:58:33,546 | INFO     |   → 952/1127: ✅ 135 взято | 🗑️ 4836 мусор
2026-06-05 19:58:33,546 | INFO     |   → 953/1127: ✅ 502 взято | 🗑️ 7659 мусор
2026-06-05 19:58:33,546 | INFO     |   → 954/1127: ✅ 631 взято | 🗑️ 8081 мусор
2026-06-05 19:58:33,546 | INFO     |   → 955/1127: ✅ 202 взято | 🗑️ 5131 мусор
2026-06-05 19:58:33,546 | INFO     |   → 956/1127 ❌ HTTP 404 — https://raw.githubusercontent.com/vveg26/chromego_merge/main/sub/merged_proxies.yaml
2026-06-05 19:58:33,546 | INFO     |   → 957/1127 ❌ HTTP 404 — https://raw.githubusercontent.com/vveg26/get_proxy/main/dist/clash.config.yaml
2026-06-05 19:58:33,546 | INFO     |   → 958/1127: ✅ 0 взято | 🗑️ 10 мусор
2026-06-05 19:58:33,546 | INFO     |   → 959/1127: ✅ 0 взято | 🗑️ 10 мусор
2026-06-05 19:58:33,546 | INFO     |   → 960/1127: ✅ 0 взято | 🗑️ 4 мусор
2026-06-05 19:58:33,546 | INFO     |   → 961/1127: ✅ 0 взято | 🗑️ 0 мусор
2026-06-05 19:58:33,546 | INFO     |   → 962/1127: ✅ 0 взято | 🗑️ 4 мусор
2026-06-05 19:58:33,546 | INFO     |   → 963/1127: ✅ 106 взято | 🗑️ 689 мусор
2026-06-05 19:58:33,546 | INFO     |   → 964/1127: ✅ 48 взято | 🗑️ 841 мусор
2026-06-05 19:58:33,546 | INFO     |   → 965/1127: ✅ 21 взято | 🗑️ 789 мусор
2026-06-05 19:58:33,546 | INFO     |   → 966/1127: ✅ 24 взято | 🗑️ 774 мусор
2026-06-05 19:58:33,546 | INFO     |   → 967/1127: ✅ 52 взято | 🗑️ 756 мусор
2026-06-05 19:58:33,546 | INFO     |   → 968/1127: ✅ 191 взято | 🗑️ 745 мусор
2026-06-05 19:58:33,546 | INFO     |   → 969/1127: ✅ 9 взято | 🗑️ 651 мусор
2026-06-05 19:58:33,546 | INFO     |   → 970/1127: ✅ 185 взято | 🗑️ 388 мусор
2026-06-05 19:58:33,546 | INFO     |   → 971/1127: ✅ 130 взято | 🗑️ 523 мусор
2026-06-05 19:58:33,546 | INFO     |   → 972/1127: ✅ 67 взято | 🗑️ 533 мусор
2026-06-05 19:58:33,546 | INFO     |   → 973/1127: ✅ 98 взято | 🗑️ 444 мусор
2026-06-05 19:58:33,546 | INFO     |   → 974/1127: ✅ 102 взято | 🗑️ 670 мусор
2026-06-05 19:58:33,546 | INFO     |   → 975/1127: ✅ 86 взято | 🗑️ 476 мусор
2026-06-05 19:58:33,546 | INFO     |   → 976/1127: ✅ 95 взято | 🗑️ 657 мусор
2026-06-05 19:58:33,546 | INFO     |   → 977/1127: ✅ 105 взято | 🗑️ 645 мусор
2026-06-05 19:58:33,546 | INFO     |   → 978/1127: ✅ 115 взято | 🗑️ 985 мусор
2026-06-05 19:58:33,546 | INFO     |   → 979/1127: ✅ 6 взято | 🗑️ 63 мусор
2026-06-05 19:58:33,546 | INFO     |   → 980/1127: ✅ 7 взято | 🗑️ 62 мусор
2026-06-05 19:58:33,546 | INFO     |   → 981/1127: ✅ 39 взято | 🗑️ 489 мусор
2026-06-05 19:58:33,546 | INFO     |   → 982/1127: ✅ 0 взято | 🗑️ 0 мусор
2026-06-05 19:58:33,547 | INFO     |   → 983/1127: ✅ 0 взято | 🗑️ 0 мусор
2026-06-05 19:58:33,547 | INFO     |   → 984/1127: ✅ 0 взято | 🗑️ 0 мусор
2026-06-05 19:58:33,547 | INFO     |   → 985/1127: ✅ 0 взято | 🗑️ 0 мусор
2026-06-05 19:58:33,547 | INFO     |   → 986/1127: ✅ 0 взято | 🗑️ 0 мусор
2026-06-05 19:58:33,547 | INFO     |   → 987/1127: ✅ 0 взято | 🗑️ 52 мусор
2026-06-05 19:58:33,547 | INFO     |   → 988/1127: ✅ 5 взято | 🗑️ 10 мусор
2026-06-05 19:58:33,547 | INFO     |   → 989/1127: ✅ 1 взято | 🗑️ 124 мусор
2026-06-05 19:58:33,547 | INFO     |   → 990/1127: ✅ 171 взято | 🗑️ 138 мусор
2026-06-05 19:58:33,547 | INFO     |   → 991/1127: ✅ 0 взято | 🗑️ 9 мусор
2026-06-05 19:58:33,547 | INFO     |   → 992/1127: ✅ 8 взято | 🗑️ 576 мусор
2026-06-05 19:58:33,547 | INFO     |   → 993/1127 ❌ HTTP 404 — https://raw.githubusercontent.com/xiaozhu2007/xiaozhu2007/61a755a044dbaeea678bc2d1e20f21a21c6d7170/docs/fxxk.txt
2026-06-05 19:58:33,547 | INFO     |   → 994/1127: ✅ 1 взято | 🗑️ 159 мусор
2026-06-05 19:58:33,547 | INFO     |   → 995/1127: ✅ 0 взято | 🗑️ 22 мусор
2026-06-05 19:58:33,547 | INFO     |   → 996/1127: ✅ 0 взято | 🗑️ 0 мусор
2026-06-05 19:58:33,547 | INFO     |   → 997/1127 ❌ HTTP 404 — https://raw.githubusercontent.com/yebekhe/TVC/0f745f92bf381e505f1245abbc7c145b19b11503/config.txt
2026-06-05 19:58:33,547 | INFO     |   → 998/1127 ❌ HTTP 404 — https://raw.githubusercontent.com/yebekhe/TVC/9fac69239c69327fb7a61f5a8d79d107133889e1/lite/config.txt
2026-06-05 19:58:33,547 | INFO     |   → 999/1127 ❌ HTTP 404 — https://raw.githubusercontent.com/yebekhe/TelegramV2rayCollector/main/sub/normal/donated
2026-06-05 19:58:33,547 | INFO     |   → 1000/1127 ❌ HTTP 404 — https://raw.githubusercontent.com/yebekhe/TelegramV2rayCollector/main/sub/normal/hysteria2
2026-06-05 19:58:33,547 | INFO     |   → 1001/1127 ❌ HTTP 404 — https://raw.githubusercontent.com/yebekhe/TelegramV2rayCollector/main/sub/normal/mix
2026-06-05 19:58:33,547 | INFO     |   → 1002/1127 ❌ HTTP 404 — https://raw.githubusercontent.com/yebekhe/TelegramV2rayCollector/main/sub/normal/reality
2026-06-05 19:58:33,547 | INFO     |   → 1003/1127 ❌ HTTP 404 — https://raw.githubusercontent.com/yebekhe/TelegramV2rayCollector/main/sub/normal/shadowsocks
2026-06-05 19:58:33,547 | INFO     |   → 1004/1127 ❌ HTTP 404 — https://raw.githubusercontent.com/yebekhe/TelegramV2rayCollector/main/sub/normal/trojan
2026-06-05 19:58:33,547 | INFO     |   → 1005/1127 ❌ HTTP 404 — https://raw.githubusercontent.com/yebekhe/TelegramV2rayCollector/main/sub/normal/tuic
2026-06-05 19:58:33,547 | INFO     |   → 1006/1127 ❌ HTTP 404 — https://raw.githubusercontent.com/yebekhe/TelegramV2rayCollector/main/sub/normal/vless
2026-06-05 19:58:33,547 | INFO     |   → 1007/1127 ❌ HTTP 404 — https://raw.githubusercontent.com/yebekhe/TelegramV2rayCollector/main/sub/normal/vmess
2026-06-05 19:58:33,547 | INFO     |   → 1008/1127 ❌ HTTP 404 — https://raw.githubusercontent.com/yebekhe/V2Hub/main/Split/Normal/shadowsocks
2026-06-05 19:58:33,547 | INFO     |   → 1009/1127 ❌ HTTP 404 — https://raw.githubusercontent.com/yebekhe/V2Hub/main/merged
2026-06-05 19:58:33,547 | INFO     |   → 1010/1127: ✅ 0 взято | 🗑️ 30 мусор
2026-06-05 19:58:33,547 | INFO     |   → 1011/1127: ✅ 1005 взято | 🗑️ 8887 мусор
2026-06-05 19:58:33,547 | INFO     |   → 1012/1127: ✅ 6 взято | 🗑️ 379 мусор
2026-06-05 19:58:33,547 | INFO     |   → 1013/1127: ✅ 12 взято | 🗑️ 320 мусор
2026-06-05 19:58:33,548 | INFO     |   → 1014/1127: ✅ 213 взято | 🗑️ 333 мусор
2026-06-05 19:58:33,548 | INFO     |   → 1015/1127: ✅ 0 взято | 🗑️ 1555 мусор
2026-06-05 19:58:33,548 | INFO     |   → 1016/1127: ✅ 1 взято | 🗑️ 413 мусор
2026-06-05 19:58:33,548 | INFO     |   → 1017/1127 ❌ HTTP 404 — https://raw.githubusercontent.com/yyyr-otz/tele-providers-collector/019cb3e07ee52fddbc7caa54fc670c6b9bae6539/sub/proxies.txt
2026-06-05 19:58:33,548 | INFO     |   → 1018/1127 ❌ HTTP 404 — https://raw.githubusercontent.com/yyyr-otz/tele-providers-collector/b7a74ee98bcf02c5a507d688a1bed3aa9f7f4ed1/script/raw/protocols/mixed.txt
2026-06-05 19:58:33,548 | INFO     |   → 1019/1127: ✅ 0 взято | 🗑️ 0 мусор
2026-06-05 19:58:33,548 | INFO     |   → 1020/1127: ✅ 0 взято | 🗑️ 0 мусор
2026-06-05 19:58:33,548 | INFO     |   → 1021/1127: ✅ 1 взято | 🗑️ 18 мусор
2026-06-05 19:58:33,548 | INFO     |   → 1022/1127: ✅ 0 взято | 🗑️ 16 мусор
2026-06-05 19:58:33,548 | INFO     |   → 1023/1127: ✅ 0 взято | 🗑️ 5 мусор
2026-06-05 19:58:33,548 | INFO     |   → 1024/1127: ✅ 0 взято | 🗑️ 0 мусор
2026-06-05 19:58:33,548 | INFO     |   → 1025/1127 ⚠️ Ошибка: ('Connection aborted.', RemoteDisconnected('Remote end closed connection without response')) — https://sub.pmsub.me/clash.yaml
2026-06-05 19:58:33,548 | INFO     |   → 1026/1127: ✅ 0 взято | 🗑️ 1 мусор
2026-06-05 19:58:33,548 | INFO     |   → 1027/1127: ✅ 8 взято | 🗑️ 21 мусор
2026-06-05 19:58:33,548 | INFO     |   → 1028/1127: ✅ 0 взято | 🗑️ 0 мусор
2026-06-05 19:58:33,548 | INFO     |   → 1029/1127: ✅ 9 взято | 🗑️ 19 мусор
2026-06-05 19:58:33,548 | INFO     |   → 1030/1127: ✅ 0 взято | 🗑️ 0 мусор
2026-06-05 19:58:33,548 | INFO     |   → 1031/1127: ✅ 2 взято | 🗑️ 14 мусор
2026-06-05 19:58:33,548 | INFO     |   → 1032/1127: ✅ 4 взято | 🗑️ 22 мусор
2026-06-05 19:58:33,548 | INFO     |   → 1033/1127: ✅ 0 взято | 🗑️ 0 мусор
2026-06-05 19:58:33,548 | INFO     |   → 1034/1127: ✅ 0 взято | 🗑️ 0 мусор
2026-06-05 19:58:33,548 | INFO     |   → 1035/1127: ✅ 0 взято | 🗑️ 0 мусор
2026-06-05 19:58:33,548 | INFO     |   → 1036/1127: ✅ 2 взято | 🗑️ 16 мусор
2026-06-05 19:58:33,548 | INFO     |   → 1037/1127: ✅ 0 взято | 🗑️ 0 мусор
2026-06-05 19:58:33,548 | INFO     |   → 1038/1127: ✅ 4 взято | 🗑️ 7 мусор
2026-06-05 19:58:33,548 | INFO     |   → 1039/1127: ✅ 0 взято | 🗑️ 0 мусор
2026-06-05 19:58:33,548 | INFO     |   → 1040/1127: ✅ 6 взято | 🗑️ 14 мусор
2026-06-05 19:58:33,548 | INFO     |   → 1041/1127: ✅ 0 взято | 🗑️ 0 мусор
2026-06-05 19:58:33,549 | INFO     |   → 1042/1127: ✅ 2 взято | 🗑️ 13 мусор
2026-06-05 19:58:33,549 | INFO     |   → 1043/1127: ✅ 0 взято | 🗑️ 0 мусор
2026-06-05 19:58:33,549 | INFO     |   → 1044/1127: ✅ 0 взято | 🗑️ 0 мусор
2026-06-05 19:58:33,549 | INFO     |   → 1045/1127: ✅ 2 взято | 🗑️ 7 мусор
2026-06-05 19:58:33,549 | INFO     |   → 1046/1127: ✅ 1 взято | 🗑️ 14 мусор
2026-06-05 19:58:33,549 | INFO     |   → 1047/1127: ✅ 2 взято | 🗑️ 14 мусор
2026-06-05 19:58:33,549 | INFO     |   → 1048/1127: ✅ 0 взято | 🗑️ 0 мусор
2026-06-05 19:58:33,549 | INFO     |   → 1049/1127: ✅ 3 взято | 🗑️ 22 мусор
2026-06-05 19:58:33,549 | INFO     |   → 1050/1127: ✅ 0 взято | 🗑️ 0 мусор
2026-06-05 19:58:33,549 | INFO     |   → 1051/1127: ✅ 2 взято | 🗑️ 15 мусор
2026-06-05 19:58:33,549 | INFO     |   → 1052/1127: ✅ 3 взято | 🗑️ 12 мусор
2026-06-05 19:58:33,549 | INFO     |   → 1053/1127: ✅ 0 взято | 🗑️ 0 мусор
2026-06-05 19:58:33,549 | INFO     |   → 1054/1127: ✅ 0 взято | 🗑️ 0 мусор
2026-06-05 19:58:33,549 | INFO     |   → 1055/1127: ✅ 0 взято | 🗑️ 0 мусор
2026-06-05 19:58:33,549 | INFO     |   → 1056/1127: ✅ 4 взято | 🗑️ 11 мусор
2026-06-05 19:58:33,549 | INFO     |   → 1057/1127: ✅ 10 взято | 🗑️ 15 мусор
2026-06-05 19:58:33,549 | INFO     |   → 1058/1127: ✅ 0 взято | 🗑️ 0 мусор
2026-06-05 19:58:33,549 | INFO     |   → 1059/1127: ✅ 13 взято | 🗑️ 15 мусор
2026-06-05 19:58:33,549 | INFO     |   → 1060/1127: ✅ 0 взято | 🗑️ 0 мусор
2026-06-05 19:58:33,549 | INFO     |   → 1061/1127: ✅ 5 взято | 🗑️ 15 мусор
2026-06-05 19:58:33,549 | INFO     |   → 1062/1127: ✅ 0 взято | 🗑️ 0 мусор
2026-06-05 19:58:33,549 | INFO     |   → 1063/1127: ✅ 8 взято | 🗑️ 16 мусор
2026-06-05 19:58:33,549 | INFO     |   → 1064/1127: ✅ 0 взято | 🗑️ 0 мусор
2026-06-05 19:58:33,549 | INFO     |   → 1065/1127: ✅ 0 взято | 🗑️ 24 мусор
2026-06-05 19:58:33,549 | INFO     |   → 1066/1127: ✅ 0 взято | 🗑️ 0 мусор
2026-06-05 19:58:33,549 | INFO     |   → 1067/1127: ✅ 4 взято | 🗑️ 17 мусор
2026-06-05 19:58:33,549 | INFO     |   → 1068/1127: ✅ 0 взято | 🗑️ 0 мусор
2026-06-05 19:58:33,549 | INFO     |   → 1069/1127: ✅ 12 взято | 🗑️ 18 мусор
2026-06-05 19:58:33,549 | INFO     |   → 1070/1127: ✅ 0 взято | 🗑️ 0 мусор
2026-06-05 19:58:33,549 | INFO     |   → 1071/1127: ✅ 2 взято | 🗑️ 17 мусор
2026-06-05 19:58:33,549 | INFO     |   → 1072/1127: ✅ 0 взято | 🗑️ 0 мусор
2026-06-05 19:58:33,550 | INFO     |   → 1073/1127: ✅ 1 взято | 🗑️ 27 мусор
2026-06-05 19:58:33,550 | INFO     |   → 1074/1127: ✅ 0 взято | 🗑️ 0 мусор
2026-06-05 19:58:33,550 | INFO     |   → 1075/1127: ✅ 4 взято | 🗑️ 15 мусор
2026-06-05 19:58:33,550 | INFO     |   → 1076/1127: ✅ 0 взято | 🗑️ 0 мусор
2026-06-05 19:58:33,550 | INFO     |   → 1077/1127: ✅ 4 взято | 🗑️ 26 мусор
2026-06-05 19:58:33,550 | INFO     |   → 1078/1127: ✅ 0 взято | 🗑️ 0 мусор
2026-06-05 19:58:33,550 | INFO     |   → 1079/1127: ✅ 3 взято | 🗑️ 21 мусор
2026-06-05 19:58:33,550 | INFO     |   → 1080/1127: ✅ 0 взято | 🗑️ 0 мусор
2026-06-05 19:58:33,550 | INFO     |   → 1081/1127: ✅ 8 взято | 🗑️ 12 мусор
2026-06-05 19:58:33,550 | INFO     |   → 1082/1127: ✅ 0 взято | 🗑️ 0 мусор
2026-06-05 19:58:33,550 | INFO     |   → 1083/1127: ✅ 8 взято | 🗑️ 15 мусор
2026-06-05 19:58:33,550 | INFO     |   → 1084/1127: ✅ 0 взято | 🗑️ 0 мусор
2026-06-05 19:58:33,550 | INFO     |   → 1085/1127: ✅ 10 взято | 🗑️ 14 мусор
2026-06-05 19:58:33,550 | INFO     |   → 1086/1127: ✅ 0 взято | 🗑️ 0 мусор
2026-06-05 19:58:33,550 | INFO     |   → 1087/1127: ✅ 5 взято | 🗑️ 18 мусор
2026-06-05 19:58:33,550 | INFO     |   → 1088/1127: ✅ 0 взято | 🗑️ 0 мусор
2026-06-05 19:58:33,551 | INFO     |   → 1089/1127: ✅ 5 взято | 🗑️ 22 мусор
2026-06-05 19:58:33,551 | INFO     |   → 1090/1127: ✅ 0 взято | 🗑️ 0 мусор
2026-06-05 19:58:33,551 | INFO     |   → 1091/1127: ✅ 5 взято | 🗑️ 18 мусор
2026-06-05 19:58:33,551 | INFO     |   → 1092/1127: ✅ 0 взято | 🗑️ 0 мусор
2026-06-05 19:58:33,551 | INFO     |   → 1093/1127: ✅ 1 взято | 🗑️ 23 мусор
2026-06-05 19:58:33,551 | INFO     |   → 1094/1127: ✅ 0 взято | 🗑️ 0 мусор
2026-06-05 19:58:33,551 | INFO     |   → 1095/1127: ✅ 6 взято | 🗑️ 18 мусор
2026-06-05 19:58:33,551 | INFO     |   → 1096/1127: ✅ 0 взято | 🗑️ 0 мусор
2026-06-05 19:58:33,551 | INFO     |   → 1097/1127: ✅ 17 взято | 🗑️ 7 мусор
2026-06-05 19:58:33,551 | INFO     |   → 1098/1127: ✅ 0 взято | 🗑️ 0 мусор
2026-06-05 19:58:33,551 | INFO     |   → 1099/1127: ✅ 4 взято | 🗑️ 17 мусор
2026-06-05 19:58:33,551 | INFO     |   → 1100/1127: ✅ 0 взято | 🗑️ 0 мусор
2026-06-05 19:58:33,551 | INFO     |   → 1101/1127: ✅ 7 взято | 🗑️ 14 мусор
2026-06-05 19:58:33,551 | INFO     |   → 1102/1127: ✅ 0 взято | 🗑️ 0 мусор
2026-06-05 19:58:33,551 | INFO     |   → 1103/1127: ✅ 7 взято | 🗑️ 14 мусор
2026-06-05 19:58:33,551 | INFO     |   → 1104/1127: ✅ 0 взято | 🗑️ 0 мусор
2026-06-05 19:58:33,552 | INFO     |   → 1105/1127: ✅ 9 взято | 🗑️ 11 мусор
2026-06-05 19:58:33,552 | INFO     |   → 1106/1127: ✅ 0 взято | 🗑️ 0 мусор
2026-06-05 19:58:33,552 | INFO     |   → 1107/1127: ✅ 0 взято | 🗑️ 22 мусор
2026-06-05 19:58:33,552 | INFO     |   → 1108/1127: ✅ 0 взято | 🗑️ 0 мусор
2026-06-05 19:58:33,552 | INFO     |   → 1109/1127: ✅ 3 взято | 🗑️ 12 мусор
2026-06-05 19:58:33,552 | INFO     |   → 1110/1127: ✅ 0 взято | 🗑️ 0 мусор
2026-06-05 19:58:33,552 | INFO     |   → 1111/1127: ✅ 0 взято | 🗑️ 7 мусор
2026-06-05 19:58:33,552 | INFO     |   → 1112/1127: ✅ 0 взято | 🗑️ 0 мусор
2026-06-05 19:58:33,552 | INFO     |   → 1113/1127: ✅ 2 взято | 🗑️ 8 мусор
2026-06-05 19:58:33,552 | INFO     |   → 1114/1127: ✅ 0 взято | 🗑️ 0 мусор
2026-06-05 19:58:33,552 | INFO     |   → 1115/1127: ✅ 5 взято | 🗑️ 12 мусор
2026-06-05 19:58:33,552 | INFO     |   → 1116/1127: ✅ 0 взято | 🗑️ 0 мусор
2026-06-05 19:58:33,552 | INFO     |   → 1117/1127: ✅ 2 взято | 🗑️ 12 мусор
2026-06-05 19:58:33,552 | INFO     |   → 1118/1127: ✅ 0 взято | 🗑️ 0 мусор
2026-06-05 19:58:33,552 | INFO     |   → 1119/1127: ✅ 8 взято | 🗑️ 12 мусор
2026-06-05 19:58:33,552 | INFO     |   → 1120/1127: ✅ 0 взято | 🗑️ 0 мусор
2026-06-05 19:58:33,552 | INFO     |   → 1121/1127: ✅ 0 взято | 🗑️ 10 мусор
2026-06-05 19:58:33,552 | INFO     |   → 1122/1127: ✅ 0 взято | 🗑️ 0 мусор
2026-06-05 19:58:33,552 | INFO     |   → 1123/1127: ✅ 6 взято | 🗑️ 14 мусор
2026-06-05 19:58:33,552 | INFO     |   → 1124/1127: ✅ 0 взято | 🗑️ 0 мусор
2026-06-05 19:58:33,552 | INFO     |   → 1125/1127: ✅ 0 взято | 🗑️ 19 мусор
2026-06-05 19:58:33,552 | INFO     |   → 1126/1127: ✅ 0 взято | 🗑️ 0 мусор
2026-06-05 19:58:33,552 | INFO     |   → 1127/1127: ✅ 0 взято | 🗑️ 5 мусор
2026-06-05 19:58:33,552 | INFO     |   → ✅ ГОТОВО!
2026-06-05 19:58:33,552 | INFO     |   →    📥 Всего ключей после фильтра: 32795
2026-06-05 19:58:33,552 | INFO     |   →    🔗 Уникальных IP:PORT:SCHEME: 11657
2026-06-05 19:58:33,552 | INFO     |   →    🗑️ Выброшено мусора: 559353
2026-06-05 19:58:33,552 | INFO     |   → 📊 По протоколам:
2026-06-05 19:58:33,553 | INFO     |   →    vless: 4622
2026-06-05 19:58:33,553 | INFO     |   →    vmess: 3485
2026-06-05 19:58:33,553 | INFO     |   →    trojan: 1506
2026-06-05 19:58:33,553 | INFO     |   →    ss: 1864
2026-06-05 19:58:33,553 | INFO     |   →    hysteria: 13
2026-06-05 19:58:33,553 | INFO     |   →    hysteria2: 49
2026-06-05 19:58:33,553 | INFO     |   →    hy2: 66
2026-06-05 19:58:33,553 | INFO     |   →    tuic: 52
2026-06-05 19:58:33,553 | INFO     | ✅ mirror.py завершён успешно
2026-06-05 19:58:33,553 | INFO     | 
2026-06-05 19:58:33,553 | INFO     | 
2026-06-05 19:58:33,553 | INFO     | ──────────────────────────────────────────────────────────────────────
2026-06-05 19:58:33,553 | INFO     | 📌 ЭТАП: Фильтрация по реальному SNI
2026-06-05 19:58:33,553 | INFO     | ──────────────────────────────────────────────────────────────────────
2026-06-05 19:58:33,553 | INFO     | 🚀 Запуск filter_ru_sni.py (Фильтр по реальному SNI (CDN+RU))...
2026-06-05 19:58:33,838 | INFO     |   → hy2.txt: 66 → 19 (SNI-filtered)
2026-06-05 19:58:33,838 | INFO     |   →   hysteria.txt: 13 → 0 (SNI-filtered)
2026-06-05 19:58:33,838 | INFO     |   →   hysteria2.txt: 49 → 4 (SNI-filtered)
2026-06-05 19:58:33,838 | INFO     |   →   ss.txt: 1864 → 1 (SNI-filtered)
2026-06-05 19:58:33,838 | INFO     |   →   trojan.txt: 1506 → 6 (SNI-filtered)
2026-06-05 19:58:33,838 | INFO     |   →   tuic.txt: 52 → 0 (SNI-filtered)
2026-06-05 19:58:33,838 | INFO     |   →   vless.txt: 4622 → 743 (SNI-filtered)
2026-06-05 19:58:33,838 | INFO     |   →   vmess.txt: 3485 → 37 (SNI-filtered)
2026-06-05 19:58:33,838 | INFO     |   → ==================================================
2026-06-05 19:58:33,838 | INFO     |   →   Всего входных:  11657
2026-06-05 19:58:33,838 | INFO     |   →   Прошли фильтр:  810
2026-06-05 19:58:33,838 | INFO     |   →   Отброшено:      10847
2026-06-05 19:58:33,838 | INFO     |   → ==================================================
2026-06-05 19:58:33,838 | INFO     |   → Готово → /home/runner/work/vpn-vless-configs-russia/vpn-vless-configs-russia/githubmirror/ru-sni
2026-06-05 19:58:33,838 | INFO     | ✅ filter_ru_sni.py завершён успешно
2026-06-05 19:58:33,838 | INFO     | 
2026-06-05 19:58:33,838 | INFO     | 
2026-06-05 19:58:33,838 | INFO     | ──────────────────────────────────────────────────────────────────────
2026-06-05 19:58:33,838 | INFO     | 📌 ЭТАП: Экспериментальный RU-SNI фильтр
2026-06-05 19:58:33,839 | INFO     | ──────────────────────────────────────────────────────────────────────
2026-06-05 19:58:33,839 | INFO     | 🚀 Запуск filter_ru_sni_local.py (Экспериментальный фильтр по RU-SNI (локальные домены))...
2026-06-05 19:58:34,030 | INFO     |   → hy2.txt: 66 → 0 (RU-SNI)
2026-06-05 19:58:34,030 | INFO     |   → hysteria.txt: 13 → 0 (RU-SNI)
2026-06-05 19:58:34,030 | INFO     |   → hysteria2.txt: 49 → 0 (RU-SNI)
2026-06-05 19:58:34,031 | INFO     |   → ss.txt: 1864 → 0 (RU-SNI)
2026-06-05 19:58:34,031 | INFO     |   → trojan.txt: 1506 → 0 (RU-SNI)
2026-06-05 19:58:34,031 | INFO     |   → tuic.txt: 52 → 0 (RU-SNI)
2026-06-05 19:58:34,031 | INFO     |   → vless.txt: 4622 → 197 (RU-SNI)
2026-06-05 19:58:34,031 | INFO     |   → vmess.txt: 3485 → 0 (RU-SNI)
2026-06-05 19:58:34,031 | INFO     |   → ==================================================
2026-06-05 19:58:34,031 | INFO     |   → Всего входных:  11657
2026-06-05 19:58:34,031 | INFO     |   → Прошли RU-SNI:  197
2026-06-05 19:58:34,031 | INFO     |   → Отброшено:      11460
2026-06-05 19:58:34,031 | INFO     |   → ==================================================
2026-06-05 19:58:34,031 | INFO     |   → Готово → /home/runner/work/vpn-vless-configs-russia/vpn-vless-configs-russia/githubmirror/ru-sni-local
2026-06-05 19:58:34,031 | INFO     | ✅ filter_ru_sni_local.py завершён успешно
2026-06-05 19:58:34,031 | INFO     | 
2026-06-05 19:58:34,031 | INFO     | 
2026-06-05 19:58:34,031 | INFO     | ──────────────────────────────────────────────────────────────────────
2026-06-05 19:58:34,031 | INFO     | 📌 ЭТАП: Сбор статистики
2026-06-05 19:58:34,031 | INFO     | ──────────────────────────────────────────────────────────────────────
2026-06-05 19:58:34,031 | INFO     | 📊 Сбор статистики...
2026-06-05 19:58:34,031 | INFO     |   📁 githubmirror/clean:
2026-06-05 19:58:34,032 | INFO     |     • hy2         :    66 конфигов
2026-06-05 19:58:34,032 | INFO     |     • hysteria    :    13 конфигов
2026-06-05 19:58:34,032 | INFO     |     • hysteria2   :    49 конфигов
2026-06-05 19:58:34,034 | INFO     |     • ss          :  1864 конфигов
2026-06-05 19:58:34,036 | INFO     |     • trojan      :  1506 конфигов
2026-06-05 19:58:34,036 | INFO     |     • tuic        :    52 конфигов
2026-06-05 19:58:34,041 | INFO     |     • vless       :  4622 конфигов
2026-06-05 19:58:34,043 | INFO     |     • vmess       :  3485 конфигов
2026-06-05 19:58:34,043 | INFO     |   📁 githubmirror/ru-sni:
2026-06-05 19:58:34,044 | INFO     |     • hy2         :    19 конфигов ( 28.8% от clean)
2026-06-05 19:58:34,044 | INFO     |     • hysteria    :     0 конфигов (  0.0% от clean)
2026-06-05 19:58:34,044 | INFO     |     • hysteria2   :     4 конфигов (  8.2% от clean)
2026-06-05 19:58:34,044 | INFO     |     • ss          :     1 конфигов (  0.1% от clean)
2026-06-05 19:58:34,044 | INFO     |     • trojan      :     6 конфигов (  0.4% от clean)
2026-06-05 19:58:34,044 | INFO     |     • tuic        :     0 конфигов (  0.0% от clean)
2026-06-05 19:58:34,045 | INFO     |     • vless       :   743 конфигов ( 16.1% от clean)
2026-06-05 19:58:34,045 | INFO     |     • vmess       :    37 конфигов (  1.1% от clean)
2026-06-05 19:58:34,045 | INFO     | 
2026-06-05 19:58:34,045 | INFO     |   ──────────────────────────────────────────────────
2026-06-05 19:58:34,045 | INFO     |   📈 ИТОГО:
2026-06-05 19:58:34,045 | INFO     |     Clean (после geo-фильтра):    11657
2026-06-05 19:58:34,045 | INFO     |     RU-SNI (после SNI-фильтра):     810
2026-06-05 19:58:34,046 | INFO     |     Прошло фильтр:                  7.0%
2026-06-05 19:58:34,046 | INFO     |   ──────────────────────────────────────────────────
2026-06-05 19:58:34,046 | INFO     | ✅ Статистика сохранена: /home/runner/work/vpn-vless-configs-russia/vpn-vless-configs-russia/stats.json
2026-06-05 19:58:34,046 | INFO     | 
2026-06-05 19:58:34,046 | INFO     | ======================================================================
2026-06-05 19:58:34,046 | INFO     | 📊 ИТОГОВЫЙ ОТЧЁТ
2026-06-05 19:58:34,046 | INFO     | ======================================================================
2026-06-05 19:58:34,046 | INFO     |   ✅ OK         | Загрузка и geo-фильтрация
2026-06-05 19:58:34,046 | INFO     |   ✅ OK         | Фильтрация по реальному SNI
2026-06-05 19:58:34,046 | INFO     |   ✅ OK         | Экспериментальный RU-SNI фильтр
2026-06-05 19:58:34,046 | INFO     |   ✅ OK         | Сбор статистики
2026-06-05 19:58:34,047 | INFO     | ──────────────────────────────────────────────────────────────────────
2026-06-05 19:58:34,047 | INFO     | ✅ ВСЕ ЭТАПЫ УСПЕШНЫ (4/4)
2026-06-05 19:58:34,047 | INFO     | ⏰ Время завершения: 2026-06-05 19:58:34
2026-06-05 19:58:34,047 | INFO     | ======================================================================
