2026-07-01 09:43:07,831 | INFO     | ======================================================================
2026-07-01 09:43:07,832 | INFO     | 🔍 VPN KEY CHECKER - Начало проверки
2026-07-01 09:43:07,832 | INFO     | ⏰ Время старта: 2026-07-01 09:43:07
2026-07-01 09:43:07,832 | INFO     | 📂 Рабочая директория: /home/runner/work/vpn-vless-configs-russia/vpn-vless-configs-russia
2026-07-01 09:43:07,832 | INFO     | ======================================================================
2026-07-01 09:43:07,832 | INFO     | 
2026-07-01 09:43:07,832 | INFO     | 🔍 Проверка наличия скриптов...
2026-07-01 09:43:07,832 | INFO     |   ✅ mirror.py
2026-07-01 09:43:07,832 | INFO     |   ✅ filter_ru_sni.py
2026-07-01 09:43:07,832 | INFO     |   ✅ filter_ru_sni_local.py
2026-07-01 09:43:07,832 | INFO     | 
2026-07-01 09:43:07,832 | INFO     | 
2026-07-01 09:43:07,832 | INFO     | ──────────────────────────────────────────────────────────────────────
2026-07-01 09:43:07,832 | INFO     | 📌 ЭТАП: Загрузка и geo-фильтрация
2026-07-01 09:43:07,832 | INFO     | ──────────────────────────────────────────────────────────────────────
2026-07-01 09:43:07,832 | INFO     | 🚀 Запуск mirror.py (Загрузка и фильтрация по РФ/СНГ/Европа)...
2026-07-01 09:49:23,351 | INFO     |   → 🚀 Старт: всего источников (старые + новые): 1336
2026-07-01 09:49:23,351 | INFO     |   → 1/1336: ✅ 4 взято | 🗑️ 147 мусор
2026-07-01 09:49:23,351 | INFO     |   → 2/1336: ✅ 0 взято | 🗑️ 0 мусор
2026-07-01 09:49:23,351 | INFO     |   → 3/1336 ❌ HTTP 404 — https://bitbucket.org/huwo1/proxy_nodes/raw/f31ca9ec67b84071515729ff45b011b6b09c10f2/clash.yaml
2026-07-01 09:49:23,351 | INFO     |   → 4/1336 ❌ HTTP 404 — https://cdn.jsdelivr.net/gh/cry0ice/genode@main/public/all.txt
2026-07-01 09:49:23,351 | INFO     |   → 5/1336 ❌ HTTP 404 — https://cdn.jsdelivr.net/gh/cry0ice/genode@main/public/ss.txt
2026-07-01 09:49:23,351 | INFO     |   → 6/1336 ❌ HTTP 404 — https://cdn.jsdelivr.net/gh/cry0ice/genode@main/public/ssr.txt
2026-07-01 09:49:23,351 | INFO     |   → 7/1336 ❌ HTTP 404 — https://cdn.jsdelivr.net/gh/cry0ice/genode@main/public/trojan.txt
2026-07-01 09:49:23,351 | INFO     |   → 8/1336 ❌ HTTP 404 — https://cdn.jsdelivr.net/gh/cry0ice/genode@main/public/vless.txt
2026-07-01 09:49:23,351 | INFO     |   → 9/1336 ❌ HTTP 404 — https://cdn.jsdelivr.net/gh/cry0ice/genode@main/public/vmess.txt
2026-07-01 09:49:23,351 | INFO     |   → 10/1336: ✅ 0 взято | 🗑️ 0 мусор
2026-07-01 09:49:23,351 | INFO     |   → 11/1336: ✅ 0 взято | 🗑️ 0 мусор
2026-07-01 09:49:23,351 | INFO     |   → 12/1336: ✅ 0 взято | 🗑️ 0 мусор
2026-07-01 09:49:23,351 | INFO     |   → 13/1336: ✅ 0 взято | 🗑️ 0 мусор
2026-07-01 09:49:23,351 | INFO     |   → 14/1336: ✅ 0 взято | 🗑️ 0 мусор
2026-07-01 09:49:23,351 | INFO     |   → 15/1336: ✅ 0 взято | 🗑️ 0 мусор
2026-07-01 09:49:23,351 | INFO     |   → 16/1336: ✅ 0 взято | 🗑️ 0 мусор
2026-07-01 09:49:23,351 | INFO     |   → 17/1336: ✅ 0 взято | 🗑️ 0 мусор
2026-07-01 09:49:23,352 | INFO     |   → 18/1336: ✅ 0 взято | 🗑️ 0 мусор
2026-07-01 09:49:23,352 | INFO     |   → 19/1336: ✅ 0 взято | 🗑️ 0 мусор
2026-07-01 09:49:23,352 | INFO     |   → 20/1336: ✅ 0 взято | 🗑️ 0 мусор
2026-07-01 09:49:23,352 | INFO     |   → 21/1336: ✅ 0 взято | 🗑️ 0 мусор
2026-07-01 09:49:23,352 | INFO     |   → 22/1336: ✅ 0 взято | 🗑️ 0 мусор
2026-07-01 09:49:23,352 | INFO     |   → 23/1336: ✅ 0 взято | 🗑️ 0 мусор
2026-07-01 09:49:23,352 | INFO     |   → 24/1336: ✅ 0 взято | 🗑️ 0 мусор
2026-07-01 09:49:23,352 | INFO     |   → 25/1336: ✅ 0 взято | 🗑️ 0 мусор
2026-07-01 09:49:23,352 | INFO     |   → 26/1336: ✅ 0 взято | 🗑️ 0 мусор
2026-07-01 09:49:23,352 | INFO     |   → 27/1336: ✅ 0 взято | 🗑️ 0 мусор
2026-07-01 09:49:23,352 | INFO     |   → 28/1336: ✅ 0 взято | 🗑️ 0 мусор
2026-07-01 09:49:23,352 | INFO     |   → 29/1336: ✅ 0 взято | 🗑️ 0 мусор
2026-07-01 09:49:23,352 | INFO     |   → 30/1336: ✅ 0 взято | 🗑️ 0 мусор
2026-07-01 09:49:23,352 | INFO     |   → 31/1336: ✅ 0 взято | 🗑️ 0 мусор
2026-07-01 09:49:23,352 | INFO     |   → 32/1336: ✅ 0 взято | 🗑️ 0 мусор
2026-07-01 09:49:23,352 | INFO     |   → 33/1336: ✅ 0 взято | 🗑️ 0 мусор
2026-07-01 09:49:23,352 | INFO     |   → 34/1336: ✅ 0 взято | 🗑️ 0 мусор
2026-07-01 09:49:23,352 | INFO     |   → 35/1336: ✅ 0 взято | 🗑️ 0 мусор
2026-07-01 09:49:23,352 | INFO     |   → 36/1336: ✅ 0 взято | 🗑️ 0 мусор
2026-07-01 09:49:23,352 | INFO     |   → 37/1336: ✅ 0 взято | 🗑️ 0 мусор
2026-07-01 09:49:23,353 | INFO     |   → 38/1336: ✅ 0 взято | 🗑️ 0 мусор
2026-07-01 09:49:23,353 | INFO     |   → 39/1336: ✅ 0 взято | 🗑️ 0 мусор
2026-07-01 09:49:23,353 | INFO     |   → 40/1336: ✅ 0 взято | 🗑️ 0 мусор
2026-07-01 09:49:23,353 | INFO     |   → 41/1336: ✅ 0 взято | 🗑️ 0 мусор
2026-07-01 09:49:23,353 | INFO     |   → 42/1336: ✅ 0 взято | 🗑️ 0 мусор
2026-07-01 09:49:23,353 | INFO     |   → 43/1336: ✅ 0 взято | 🗑️ 0 мусор
2026-07-01 09:49:23,353 | INFO     |   → 44/1336: ✅ 0 взято | 🗑️ 0 мусор
2026-07-01 09:49:23,353 | INFO     |   → 45/1336: ✅ 0 взято | 🗑️ 0 мусор
2026-07-01 09:49:23,353 | INFO     |   → 46/1336: ✅ 0 взято | 🗑️ 0 мусор
2026-07-01 09:49:23,353 | INFO     |   → 47/1336: ✅ 0 взято | 🗑️ 0 мусор
2026-07-01 09:49:23,353 | INFO     |   → 48/1336: ✅ 0 взято | 🗑️ 0 мусор
2026-07-01 09:49:23,353 | INFO     |   → 49/1336: ✅ 0 взято | 🗑️ 0 мусор
2026-07-01 09:49:23,353 | INFO     |   → 50/1336: ✅ 0 взято | 🗑️ 0 мусор
2026-07-01 09:49:23,353 | INFO     |   → 51/1336: ✅ 0 взято | 🗑️ 0 мусор
2026-07-01 09:49:23,353 | INFO     |   → 52/1336: ✅ 0 взято | 🗑️ 0 мусор
2026-07-01 09:49:23,353 | INFO     |   → 53/1336: ✅ 0 взято | 🗑️ 0 мусор
2026-07-01 09:49:23,353 | INFO     |   → 54/1336: ✅ 0 взято | 🗑️ 0 мусор
2026-07-01 09:49:23,353 | INFO     |   → 55/1336: ✅ 0 взято | 🗑️ 0 мусор
2026-07-01 09:49:23,353 | INFO     |   → 56/1336: ✅ 0 взято | 🗑️ 0 мусор
2026-07-01 09:49:23,353 | INFO     |   → 57/1336: ✅ 0 взято | 🗑️ 0 мусор
2026-07-01 09:49:23,353 | INFO     |   → 58/1336: ✅ 0 взято | 🗑️ 0 мусор
2026-07-01 09:49:23,353 | INFO     |   → 59/1336: ✅ 0 взято | 🗑️ 0 мусор
2026-07-01 09:49:23,353 | INFO     |   → 60/1336: ✅ 0 взято | 🗑️ 0 мусор
2026-07-01 09:49:23,353 | INFO     |   → 61/1336: ✅ 0 взято | 🗑️ 0 мусор
2026-07-01 09:49:23,353 | INFO     |   → 62/1336: ✅ 0 взято | 🗑️ 0 мусор
2026-07-01 09:49:23,353 | INFO     |   → 63/1336: ✅ 0 взято | 🗑️ 0 мусор
2026-07-01 09:49:23,353 | INFO     |   → 64/1336: ✅ 0 взято | 🗑️ 0 мусор
2026-07-01 09:49:23,353 | INFO     |   → 65/1336: ✅ 0 взято | 🗑️ 0 мусор
2026-07-01 09:49:23,353 | INFO     |   → 66/1336: ✅ 0 взято | 🗑️ 0 мусор
2026-07-01 09:49:23,353 | INFO     |   → 67/1336: ✅ 0 взято | 🗑️ 0 мусор
2026-07-01 09:49:23,354 | INFO     |   → 68/1336: ✅ 0 взято | 🗑️ 0 мусор
2026-07-01 09:49:23,354 | INFO     |   → 69/1336: ✅ 0 взято | 🗑️ 0 мусор
2026-07-01 09:49:23,354 | INFO     |   → 70/1336: ✅ 0 взято | 🗑️ 0 мусор
2026-07-01 09:49:23,354 | INFO     |   → 71/1336: ✅ 0 взято | 🗑️ 0 мусор
2026-07-01 09:49:23,354 | INFO     |   → 72/1336: ✅ 0 взято | 🗑️ 0 мусор
2026-07-01 09:49:23,354 | INFO     |   → 73/1336: ✅ 0 взято | 🗑️ 0 мусор
2026-07-01 09:49:23,354 | INFO     |   → 74/1336: ✅ 0 взято | 🗑️ 0 мусор
2026-07-01 09:49:23,354 | INFO     |   → 75/1336: ✅ 0 взято | 🗑️ 0 мусор
2026-07-01 09:49:23,354 | INFO     |   → 76/1336: ✅ 0 взято | 🗑️ 0 мусор
2026-07-01 09:49:23,354 | INFO     |   → 77/1336: ✅ 0 взято | 🗑️ 0 мусор
2026-07-01 09:49:23,354 | INFO     |   → 78/1336: ✅ 0 взято | 🗑️ 0 мусор
2026-07-01 09:49:23,354 | INFO     |   → 79/1336: ✅ 0 взято | 🗑️ 0 мусор
2026-07-01 09:49:23,354 | INFO     |   → 80/1336: ✅ 0 взято | 🗑️ 0 мусор
2026-07-01 09:49:23,354 | INFO     |   → 81/1336: ✅ 0 взято | 🗑️ 0 мусор
2026-07-01 09:49:23,354 | INFO     |   → 82/1336: ✅ 0 взято | 🗑️ 0 мусор
2026-07-01 09:49:23,354 | INFO     |   → 83/1336: ✅ 0 взято | 🗑️ 0 мусор
2026-07-01 09:49:23,354 | INFO     |   → 84/1336: ✅ 0 взято | 🗑️ 0 мусор
2026-07-01 09:49:23,354 | INFO     |   → 85/1336: ✅ 0 взято | 🗑️ 0 мусор
2026-07-01 09:49:23,354 | INFO     |   → 86/1336: ✅ 0 взято | 🗑️ 0 мусор
2026-07-01 09:49:23,354 | INFO     |   → 87/1336: ✅ 0 взято | 🗑️ 0 мусор
2026-07-01 09:49:23,354 | INFO     |   → 88/1336: ✅ 0 взято | 🗑️ 0 мусор
2026-07-01 09:49:23,354 | INFO     |   → 89/1336: ✅ 0 взято | 🗑️ 0 мусор
2026-07-01 09:49:23,354 | INFO     |   → 90/1336: ✅ 0 взято | 🗑️ 0 мусор
2026-07-01 09:49:23,354 | INFO     |   → 91/1336: ✅ 0 взято | 🗑️ 0 мусор
2026-07-01 09:49:23,354 | INFO     |   → 92/1336: ✅ 0 взято | 🗑️ 0 мусор
2026-07-01 09:49:23,355 | INFO     |   → 93/1336: ✅ 0 взято | 🗑️ 0 мусор
2026-07-01 09:49:23,355 | INFO     |   → 94/1336: ✅ 0 взято | 🗑️ 0 мусор
2026-07-01 09:49:23,355 | INFO     |   → 95/1336: ✅ 0 взято | 🗑️ 0 мусор
2026-07-01 09:49:23,355 | INFO     |   → 96/1336: ✅ 0 взято | 🗑️ 0 мусор
2026-07-01 09:49:23,355 | INFO     |   → 97/1336: ✅ 0 взято | 🗑️ 0 мусор
2026-07-01 09:49:23,355 | INFO     |   → 98/1336: ✅ 0 взято | 🗑️ 0 мусор
2026-07-01 09:49:23,355 | INFO     |   → 99/1336: ✅ 0 взято | 🗑️ 0 мусор
2026-07-01 09:49:23,355 | INFO     |   → 100/1336: ✅ 0 взято | 🗑️ 0 мусор
2026-07-01 09:49:23,355 | INFO     |   → 101/1336: ✅ 0 взято | 🗑️ 0 мусор
2026-07-01 09:49:23,355 | INFO     |   → 102/1336: ✅ 0 взято | 🗑️ 0 мусор
2026-07-01 09:49:23,355 | INFO     |   → 103/1336: ✅ 0 взято | 🗑️ 0 мусор
2026-07-01 09:49:23,355 | INFO     |   → 104/1336: ✅ 0 взято | 🗑️ 0 мусор
2026-07-01 09:49:23,355 | INFO     |   → 105/1336: ✅ 0 взято | 🗑️ 0 мусор
2026-07-01 09:49:23,355 | INFO     |   → 106/1336: ✅ 0 взято | 🗑️ 0 мусор
2026-07-01 09:49:23,355 | INFO     |   → 107/1336: ✅ 0 взято | 🗑️ 0 мусор
2026-07-01 09:49:23,355 | INFO     |   → 108/1336: ✅ 0 взято | 🗑️ 0 мусор
2026-07-01 09:49:23,355 | INFO     |   → 109/1336: ✅ 0 взято | 🗑️ 0 мусор
2026-07-01 09:49:23,355 | INFO     |   → 110/1336: ✅ 0 взято | 🗑️ 0 мусор
2026-07-01 09:49:23,355 | INFO     |   → 111/1336: ✅ 0 взято | 🗑️ 0 мусор
2026-07-01 09:49:23,356 | INFO     |   → 112/1336: ✅ 0 взято | 🗑️ 0 мусор
2026-07-01 09:49:23,356 | INFO     |   → 113/1336: ✅ 0 взято | 🗑️ 0 мусор
2026-07-01 09:49:23,356 | INFO     |   → 114/1336: ✅ 0 взято | 🗑️ 0 мусор
2026-07-01 09:49:23,356 | INFO     |   → 115/1336: ✅ 0 взято | 🗑️ 0 мусор
2026-07-01 09:49:23,356 | INFO     |   → 116/1336: ✅ 0 взято | 🗑️ 0 мусор
2026-07-01 09:49:23,356 | INFO     |   → 117/1336: ✅ 0 взято | 🗑️ 0 мусор
2026-07-01 09:49:23,356 | INFO     |   → 118/1336: ✅ 0 взято | 🗑️ 0 мусор
2026-07-01 09:49:23,356 | INFO     |   → 119/1336: ✅ 0 взято | 🗑️ 0 мусор
2026-07-01 09:49:23,356 | INFO     |   → 120/1336: ✅ 0 взято | 🗑️ 0 мусор
2026-07-01 09:49:23,356 | INFO     |   → 121/1336: ✅ 0 взято | 🗑️ 0 мусор
2026-07-01 09:49:23,356 | INFO     |   → 122/1336: ✅ 0 взято | 🗑️ 0 мусор
2026-07-01 09:49:23,356 | INFO     |   → 123/1336: ✅ 0 взято | 🗑️ 0 мусор
2026-07-01 09:49:23,356 | INFO     |   → 124/1336: ✅ 0 взято | 🗑️ 0 мусор
2026-07-01 09:49:23,356 | INFO     |   → 125/1336: ✅ 0 взято | 🗑️ 0 мусор
2026-07-01 09:49:23,356 | INFO     |   → 126/1336: ✅ 0 взято | 🗑️ 0 мусор
2026-07-01 09:49:23,356 | INFO     |   → 127/1336: ✅ 0 взято | 🗑️ 0 мусор
2026-07-01 09:49:23,356 | INFO     |   → 128/1336: ✅ 0 взято | 🗑️ 0 мусор
2026-07-01 09:49:23,356 | INFO     |   → 129/1336: ✅ 0 взято | 🗑️ 0 мусор
2026-07-01 09:49:23,356 | INFO     |   → 130/1336: ✅ 0 взято | 🗑️ 0 мусор
2026-07-01 09:49:23,357 | INFO     |   → 131/1336: ✅ 0 взято | 🗑️ 0 мусор
2026-07-01 09:49:23,357 | INFO     |   → 132/1336: ✅ 0 взято | 🗑️ 0 мусор
2026-07-01 09:49:23,357 | INFO     |   → 133/1336: ✅ 0 взято | 🗑️ 0 мусор
2026-07-01 09:49:23,357 | INFO     |   → 134/1336: ✅ 0 взято | 🗑️ 0 мусор
2026-07-01 09:49:23,357 | INFO     |   → 135/1336: ✅ 0 взято | 🗑️ 0 мусор
2026-07-01 09:49:23,357 | INFO     |   → 136/1336: ✅ 0 взято | 🗑️ 0 мусор
2026-07-01 09:49:23,357 | INFO     |   → 137/1336: ✅ 0 взято | 🗑️ 0 мусор
2026-07-01 09:49:23,357 | INFO     |   → 138/1336: ✅ 0 взято | 🗑️ 0 мусор
2026-07-01 09:49:23,357 | INFO     |   → 139/1336: ✅ 0 взято | 🗑️ 0 мусор
2026-07-01 09:49:23,357 | INFO     |   → 140/1336: ✅ 0 взято | 🗑️ 0 мусор
2026-07-01 09:49:23,357 | INFO     |   → 141/1336: ✅ 0 взято | 🗑️ 0 мусор
2026-07-01 09:49:23,357 | INFO     |   → 142/1336: ✅ 0 взято | 🗑️ 0 мусор
2026-07-01 09:49:23,357 | INFO     |   → 143/1336: ✅ 0 взято | 🗑️ 0 мусор
2026-07-01 09:49:23,357 | INFO     |   → 144/1336: ✅ 0 взято | 🗑️ 0 мусор
2026-07-01 09:49:23,357 | INFO     |   → 145/1336: ✅ 0 взято | 🗑️ 0 мусор
2026-07-01 09:49:23,357 | INFO     |   → 146/1336: ✅ 0 взято | 🗑️ 0 мусор
2026-07-01 09:49:23,357 | INFO     |   → 147/1336: ✅ 0 взято | 🗑️ 0 мусор
2026-07-01 09:49:23,357 | INFO     |   → 148/1336: ✅ 0 взято | 🗑️ 0 мусор
2026-07-01 09:49:23,357 | INFO     |   → 149/1336: ✅ 0 взято | 🗑️ 0 мусор
2026-07-01 09:49:23,358 | INFO     |   → 150/1336: ✅ 0 взято | 🗑️ 0 мусор
2026-07-01 09:49:23,358 | INFO     |   → 151/1336: ✅ 0 взято | 🗑️ 0 мусор
2026-07-01 09:49:23,358 | INFO     |   → 152/1336: ✅ 0 взято | 🗑️ 0 мусор
2026-07-01 09:49:23,358 | INFO     |   → 153/1336: ✅ 0 взято | 🗑️ 0 мусор
2026-07-01 09:49:23,358 | INFO     |   → 154/1336: ✅ 0 взято | 🗑️ 0 мусор
2026-07-01 09:49:23,358 | INFO     |   → 155/1336: ✅ 0 взято | 🗑️ 0 мусор
2026-07-01 09:49:23,358 | INFO     |   → 156/1336: ✅ 0 взято | 🗑️ 0 мусор
2026-07-01 09:49:23,358 | INFO     |   → 157/1336: ✅ 0 взято | 🗑️ 0 мусор
2026-07-01 09:49:23,358 | INFO     |   → 158/1336: ✅ 0 взято | 🗑️ 0 мусор
2026-07-01 09:49:23,358 | INFO     |   → 159/1336: ✅ 0 взято | 🗑️ 0 мусор
2026-07-01 09:49:23,358 | INFO     |   → 160/1336: ✅ 0 взято | 🗑️ 0 мусор
2026-07-01 09:49:23,358 | INFO     |   → 161/1336: ✅ 0 взято | 🗑️ 0 мусор
2026-07-01 09:49:23,358 | INFO     |   → 162/1336: ✅ 0 взято | 🗑️ 0 мусор
2026-07-01 09:49:23,358 | INFO     |   → 163/1336: ✅ 0 взято | 🗑️ 0 мусор
2026-07-01 09:49:23,358 | INFO     |   → 164/1336: ✅ 0 взято | 🗑️ 0 мусор
2026-07-01 09:49:23,358 | INFO     |   → 165/1336: ✅ 0 взято | 🗑️ 0 мусор
2026-07-01 09:49:23,358 | INFO     |   → 166/1336: ✅ 0 взято | 🗑️ 0 мусор
2026-07-01 09:49:23,358 | INFO     |   → 167/1336: ✅ 0 взято | 🗑️ 0 мусор
2026-07-01 09:49:23,359 | INFO     |   → 168/1336: ✅ 0 взято | 🗑️ 0 мусор
2026-07-01 09:49:23,359 | INFO     |   → 169/1336: ✅ 0 взято | 🗑️ 0 мусор
2026-07-01 09:49:23,359 | INFO     |   → 170/1336: ✅ 0 взято | 🗑️ 0 мусор
2026-07-01 09:49:23,359 | INFO     |   → 171/1336: ✅ 0 взято | 🗑️ 0 мусор
2026-07-01 09:49:23,359 | INFO     |   → 172/1336: ✅ 0 взято | 🗑️ 0 мусор
2026-07-01 09:49:23,359 | INFO     |   → 173/1336: ✅ 0 взято | 🗑️ 0 мусор
2026-07-01 09:49:23,359 | INFO     |   → 174/1336 ❌ HTTP 404 — https://freessrnode.github.io/uploads/2024/08/0-20240822.txt
2026-07-01 09:49:23,359 | INFO     |   → 175/1336 ❌ HTTP 404 — https://freessrnode.github.io/uploads/2024/08/1-20240822.txt
2026-07-01 09:49:23,359 | INFO     |   → 176/1336 ❌ HTTP 404 — https://freessrnode.github.io/uploads/2024/08/2-20240822.txt
2026-07-01 09:49:23,359 | INFO     |   → 177/1336 ❌ HTTP 404 — https://freessrnode.github.io/uploads/2024/08/3-20240822.txt
2026-07-01 09:49:23,359 | INFO     |   → 178/1336 ❌ HTTP 404 — https://freessrnode.github.io/uploads/2024/08/4-20240822.txt
2026-07-01 09:49:23,359 | INFO     |   → 179/1336 ⚠️ Ошибка: HTTPSConnectionPool(host='freevpnspy.githubrowcontent.com', port=443): Max retries exceeded with url: /2024/08/20240802_novless.yaml (Caused by NameResolutionError("HTTPSConnection(host='freevpnspy.githubrowcontent.com', port=443): Failed to resolve 'freevpnspy.githubrowcontent.com' ([Errno -2] Name or service not known)")) — https://freevpnspy.githubrowcontent.com/2024/08/20240802_novless.yaml
2026-07-01 09:49:23,359 | INFO     |   → 180/1336 ⚠️ Ошибка: HTTPSConnectionPool(host='freevpnspy.githubrowcontent.com', port=443): Max retries exceeded with url: /2024/08/20240802_vless.yaml (Caused by NameResolutionError("HTTPSConnection(host='freevpnspy.githubrowcontent.com', port=443): Failed to resolve 'freevpnspy.githubrowcontent.com' ([Errno -2] Name or service not known)")) — https://freevpnspy.githubrowcontent.com/2024/08/20240802_vless.yaml
2026-07-01 09:49:23,359 | INFO     |   → 181/1336: ✅ 0 взято | 🗑️ 0 мусор
2026-07-01 09:49:23,359 | INFO     |   → 182/1336: ✅ 0 взято | 🗑️ 0 мусор
2026-07-01 09:49:23,359 | INFO     |   → 183/1336: ✅ 5 взято | 🗑️ 133 мусор
2026-07-01 09:49:23,359 | INFO     |   → 184/1336: ✅ 5 взято | 🗑️ 166 мусор
2026-07-01 09:49:23,359 | INFO     |   → 185/1336: ✅ 2 взято | 🗑️ 114 мусор
2026-07-01 09:49:23,359 | INFO     |   → 186/1336: ✅ 14 взято | 🗑️ 292 мусор
2026-07-01 09:49:23,359 | INFO     |   → 187/1336: ✅ 0 взято | 🗑️ 115 мусор
2026-07-01 09:49:23,359 | INFO     |   → 188/1336: ✅ 14 взято | 🗑️ 218 мусор
2026-07-01 09:49:23,359 | INFO     |   → 189/1336: ✅ 7 взято | 🗑️ 148 мусор
2026-07-01 09:49:23,360 | INFO     |   → 190/1336: ✅ 5 взято | 🗑️ 161 мусор
2026-07-01 09:49:23,360 | INFO     |   → 191/1336: ✅ 2 взято | 🗑️ 60 мусор
2026-07-01 09:49:23,360 | INFO     |   → 192/1336: ✅ 0 взято | 🗑️ 0 мусор
2026-07-01 09:49:23,360 | INFO     |   → 193/1336: ✅ 10 взято | 🗑️ 232 мусор
2026-07-01 09:49:23,360 | INFO     |   → 194/1336: ✅ 4 взято | 🗑️ 151 мусор
2026-07-01 09:49:23,360 | INFO     |   → 195/1336: ✅ 0 взято | 🗑️ 0 мусор
2026-07-01 09:49:23,360 | INFO     |   → 196/1336: ✅ 0 взято | 🗑️ 0 мусор
2026-07-01 09:49:23,360 | INFO     |   → 197/1336: ✅ 0 взято | 🗑️ 0 мусор
2026-07-01 09:49:23,360 | INFO     |   → 198/1336: ✅ 1 взято | 🗑️ 226 мусор
2026-07-01 09:49:23,360 | INFO     |   → 199/1336: ✅ 0 взято | 🗑️ 0 мусор
2026-07-01 09:49:23,360 | INFO     |   → 200/1336: ✅ 0 взято | 🗑️ 0 мусор
2026-07-01 09:49:23,360 | INFO     |   → 201/1336: ✅ 0 взято | 🗑️ 0 мусор
2026-07-01 09:49:23,360 | INFO     |   → 202/1336: ✅ 7 взято | 🗑️ 113 мусор
2026-07-01 09:49:23,360 | INFO     |   → 203/1336: ✅ 0 взято | 🗑️ 0 мусор
2026-07-01 09:49:23,360 | INFO     |   → 204/1336: ✅ 0 взято | 🗑️ 0 мусор
2026-07-01 09:49:23,360 | INFO     |   → 205/1336: ✅ 0 взято | 🗑️ 0 мусор
2026-07-01 09:49:23,360 | INFO     |   → 206/1336: ✅ 1 взято | 🗑️ 169 мусор
2026-07-01 09:49:23,360 | INFO     |   → 207/1336: ✅ 0 взято | 🗑️ 0 мусор
2026-07-01 09:49:23,360 | INFO     |   → 208/1336: ✅ 0 взято | 🗑️ 0 мусор
2026-07-01 09:49:23,360 | INFO     |   → 209/1336: ✅ 5 взято | 🗑️ 211 мусор
2026-07-01 09:49:23,360 | INFO     |   → 210/1336: ✅ 0 взято | 🗑️ 0 мусор
2026-07-01 09:49:23,361 | INFO     |   → 211/1336: ✅ 1 взято | 🗑️ 213 мусор
2026-07-01 09:49:23,361 | INFO     |   → 212/1336: ✅ 0 взято | 🗑️ 0 мусор
2026-07-01 09:49:23,361 | INFO     |   → 213/1336: ✅ 0 взято | 🗑️ 0 мусор
2026-07-01 09:49:23,361 | INFO     |   → 214/1336: ✅ 2 взято | 🗑️ 60 мусор
2026-07-01 09:49:23,361 | INFO     |   → 215/1336: ✅ 0 взято | 🗑️ 0 мусор
2026-07-01 09:49:23,361 | INFO     |   → 216/1336: ✅ 1 взято | 🗑️ 226 мусор
2026-07-01 09:49:23,361 | INFO     |   → 217/1336: ✅ 3 взято | 🗑️ 152 мусор
2026-07-01 09:49:23,361 | INFO     |   → 218/1336: ✅ 0 взято | 🗑️ 0 мусор
2026-07-01 09:49:23,361 | INFO     |   → 219/1336: ✅ 0 взято | 🗑️ 0 мусор
2026-07-01 09:49:23,361 | INFO     |   → 220/1336: ✅ 3 взято | 🗑️ 99 мусор
2026-07-01 09:49:23,361 | INFO     |   → 221/1336: ✅ 0 взято | 🗑️ 0 мусор
2026-07-01 09:49:23,361 | INFO     |   → 222/1336: ✅ 0 взято | 🗑️ 300 мусор
2026-07-01 09:49:23,361 | INFO     |   → 223/1336: ✅ 0 взято | 🗑️ 0 мусор
2026-07-01 09:49:23,361 | INFO     |   → 224/1336: ✅ 0 взято | 🗑️ 0 мусор
2026-07-01 09:49:23,361 | INFO     |   → 225/1336: ✅ 0 взято | 🗑️ 142 мусор
2026-07-01 09:49:23,361 | INFO     |   → 226/1336: ✅ 2 взято | 🗑️ 124 мусор
2026-07-01 09:49:23,361 | INFO     |   → 227/1336: ✅ 0 взято | 🗑️ 0 мусор
2026-07-01 09:49:23,361 | INFO     |   → 228/1336: ✅ 0 взято | 🗑️ 0 мусор
2026-07-01 09:49:23,361 | INFO     |   → 229/1336: ✅ 1 взято | 🗑️ 104 мусор
2026-07-01 09:49:23,361 | INFO     |   → 230/1336: ✅ 1 взято | 🗑️ 96 мусор
2026-07-01 09:49:23,361 | INFO     |   → 231/1336: ✅ 0 взято | 🗑️ 193 мусор
2026-07-01 09:49:23,361 | INFO     |   → 232/1336: ✅ 2 взято | 🗑️ 115 мусор
2026-07-01 09:49:23,362 | INFO     |   → 233/1336: ✅ 7 взято | 🗑️ 179 мусор
2026-07-01 09:49:23,362 | INFO     |   → 234/1336: ✅ 0 взято | 🗑️ 0 мусор
2026-07-01 09:49:23,362 | INFO     |   → 235/1336: ✅ 0 взято | 🗑️ 0 мусор
2026-07-01 09:49:23,362 | INFO     |   → 236/1336: ✅ 0 взято | 🗑️ 125 мусор
2026-07-01 09:49:23,362 | INFO     |   → 237/1336: ✅ 11 взято | 🗑️ 225 мусор
2026-07-01 09:49:23,362 | INFO     |   → 238/1336: ✅ 0 взято | 🗑️ 296 мусор
2026-07-01 09:49:23,362 | INFO     |   → 239/1336: ✅ 1 взято | 🗑️ 141 мусор
2026-07-01 09:49:23,362 | INFO     |   → 240/1336: ✅ 1 взято | 🗑️ 279 мусор
2026-07-01 09:49:23,362 | INFO     |   → 241/1336: ✅ 0 взято | 🗑️ 96 мусор
2026-07-01 09:49:23,362 | INFO     |   → 242/1336: ✅ 0 взято | 🗑️ 130 мусор
2026-07-01 09:49:23,362 | INFO     |   → 243/1336: ✅ 0 взято | 🗑️ 263 мусор
2026-07-01 09:49:23,362 | INFO     |   → 244/1336: ✅ 2 взято | 🗑️ 105 мусор
2026-07-01 09:49:23,362 | INFO     |   → 245/1336: ✅ 0 взято | 🗑️ 0 мусор
2026-07-01 09:49:23,362 | INFO     |   → 246/1336: ✅ 0 взято | 🗑️ 0 мусор
2026-07-01 09:49:23,362 | INFO     |   → 247/1336: ✅ 3 взято | 🗑️ 268 мусор
2026-07-01 09:49:23,362 | INFO     |   → 248/1336: ✅ 0 взято | 🗑️ 248 мусор
2026-07-01 09:49:23,362 | INFO     |   → 249/1336: ✅ 0 взято | 🗑️ 0 мусор
2026-07-01 09:49:23,362 | INFO     |   → 250/1336: ✅ 1 взято | 🗑️ 139 мусор
2026-07-01 09:49:23,362 | INFO     |   → 251/1336: ✅ 1 взято | 🗑️ 109 мусор
2026-07-01 09:49:23,362 | INFO     |   → 252/1336: ✅ 0 взято | 🗑️ 0 мусор
2026-07-01 09:49:23,362 | INFO     |   → 253/1336: ✅ 0 взято | 🗑️ 0 мусор
2026-07-01 09:49:23,362 | INFO     |   → 254/1336: ✅ 0 взято | 🗑️ 0 мусор
2026-07-01 09:49:23,362 | INFO     |   → 255/1336: ✅ 0 взято | 🗑️ 0 мусор
2026-07-01 09:49:23,363 | INFO     |   → 256/1336: ✅ 0 взято | 🗑️ 137 мусор
2026-07-01 09:49:23,363 | INFO     |   → 257/1336: ✅ 0 взято | 🗑️ 0 мусор
2026-07-01 09:49:23,363 | INFO     |   → 258/1336: ✅ 0 взято | 🗑️ 0 мусор
2026-07-01 09:49:23,363 | INFO     |   → 259/1336: ✅ 0 взято | 🗑️ 198 мусор
2026-07-01 09:49:23,363 | INFO     |   → 260/1336: ✅ 0 взято | 🗑️ 0 мусор
2026-07-01 09:49:23,363 | INFO     |   → 261/1336: ✅ 0 взято | 🗑️ 0 мусор
2026-07-01 09:49:23,363 | INFO     |   → 262/1336: ✅ 0 взято | 🗑️ 0 мусор
2026-07-01 09:49:23,363 | INFO     |   → 263/1336: ✅ 0 взято | 🗑️ 0 мусор
2026-07-01 09:49:23,363 | INFO     |   → 264/1336: ✅ 0 взято | 🗑️ 0 мусор
2026-07-01 09:49:23,363 | INFO     |   → 265/1336: ✅ 0 взято | 🗑️ 112 мусор
2026-07-01 09:49:23,363 | INFO     |   → 266/1336: ✅ 0 взято | 🗑️ 0 мусор
2026-07-01 09:49:23,363 | INFO     |   → 267/1336: ✅ 0 взято | 🗑️ 0 мусор
2026-07-01 09:49:23,363 | INFO     |   → 268/1336: ✅ 0 взято | 🗑️ 0 мусор
2026-07-01 09:49:23,363 | INFO     |   → 269/1336 ❌ HTTP 404 — https://github.com/Epodonios/bulk-xray-v2ray-vless-vmess-...-configs/raw/main/sub/Albania/config.txt
2026-07-01 09:49:23,363 | INFO     |   → 270/1336 ❌ HTTP 404 — https://github.com/Epodonios/bulk-xray-v2ray-vless-vmess-...-configs/raw/main/sub/Cura%C3%A7ao/config.txt
2026-07-01 09:49:23,363 | INFO     |   → 271/1336 ❌ HTTP 404 — https://github.com/Epodonios/bulk-xray-v2ray-vless-vmess-...-configs/raw/main/sub/Finland/config.txt
2026-07-01 09:49:23,363 | INFO     |   → 272/1336 ❌ HTTP 404 — https://github.com/Epodonios/bulk-xray-v2ray-vless-vmess-...-configs/raw/main/sub/Iran/config.txt
2026-07-01 09:49:23,363 | INFO     |   → 273/1336 ❌ HTTP 404 — https://github.com/Epodonios/bulk-xray-v2ray-vless-vmess-...-configs/raw/main/sub/Netherlands/config.txt
2026-07-01 09:49:23,363 | INFO     |   → 274/1336 ❌ HTTP 404 — https://github.com/Epodonios/bulk-xray-v2ray-vless-vmess-...-configs/raw/main/sub/Norway/config.txt
2026-07-01 09:49:23,363 | INFO     |   → 275/1336 ❌ HTTP 404 — https://github.com/Epodonios/bulk-xray-v2ray-vless-vmess-...-configs/raw/main/sub/Russia/config.txt
2026-07-01 09:49:23,363 | INFO     |   → 276/1336: ✅ 13 взято | 🗑️ 70 мусор
2026-07-01 09:49:23,363 | INFO     |   → 277/1336: ✅ 0 взято | 🗑️ 4 мусор
2026-07-01 09:49:23,364 | INFO     |   → 278/1336: ✅ 0 взято | 🗑️ 7 мусор
2026-07-01 09:49:23,364 | INFO     |   → 279/1336: ✅ 0 взято | 🗑️ 51 мусор
2026-07-01 09:49:23,364 | INFO     |   → 280/1336: ✅ 0 взято | 🗑️ 8 мусор
2026-07-01 09:49:23,364 | INFO     |   → 281/1336: ✅ 0 взято | 🗑️ 0 мусор
2026-07-01 09:49:23,364 | INFO     |   → 282/1336: ✅ 17 взято | 🗑️ 119 мусор
2026-07-01 09:49:23,364 | INFO     |   → 283/1336 ❌ HTTP 404 — https://github.com/MrMohebi/xray-proxy-grabber-telegram/raw/master/collected-proxies/clash-meta/all.yaml
2026-07-01 09:49:23,364 | INFO     |   → 284/1336 ❌ HTTP 404 — https://github.com/MrMohebi/xray-proxy-grabber-telegram/raw/master/collected-proxies/row-url/all.txt
2026-07-01 09:49:23,364 | INFO     |   → 285/1336: ✅ 0 взято | 🗑️ 0 мусор
2026-07-01 09:49:23,364 | INFO     |   → 286/1336: ✅ 0 взято | 🗑️ 113 мусор
2026-07-01 09:49:23,364 | INFO     |   → 287/1336: ✅ 0 взято | 🗑️ 119 мусор
2026-07-01 09:49:23,364 | INFO     |   → 288/1336 ❌ HTTP 404 — https://github.com/abbasdvd3/abbasdvd10/73ec60de7a6c6aa6df4c14b511c1da60686891ca/ppo.txt
2026-07-01 09:49:23,364 | INFO     |   → 289/1336 ❌ HTTP 404 — https://github.com/acymz/AutoVPN/refs/heads/main/data/V2.txt
2026-07-01 09:49:23,364 | INFO     |   → 290/1336: ✅ 0 взято | 🗑️ 0 мусор
2026-07-01 09:49:23,364 | INFO     |   → 291/1336: ✅ 0 взято | 🗑️ 0 мусор
2026-07-01 09:49:23,364 | INFO     |   → 292/1336: ✅ 0 взято | 🗑️ 0 мусор
2026-07-01 09:49:23,364 | INFO     |   → 293/1336: ✅ 0 взято | 🗑️ 0 мусор
2026-07-01 09:49:23,364 | INFO     |   → 294/1336: ✅ 0 взято | 🗑️ 0 мусор
2026-07-01 09:49:23,364 | INFO     |   → 295/1336: ✅ 0 взято | 🗑️ 0 мусор
2026-07-01 09:49:23,364 | INFO     |   → 296/1336: ✅ 0 взято | 🗑️ 0 мусор
2026-07-01 09:49:23,364 | INFO     |   → 297/1336 ❌ HTTP 404 — https://github.com/mermeroo/V2RAY-FREE/raw/main/All_Configs_base64_Sub.txt
2026-07-01 09:49:23,364 | INFO     |   → 298/1336 ❌ HTTP 404 — https://github.com/mermeroo/V2RAY-FREE/raw/main/Base64/Sub1_base64.txt
2026-07-01 09:49:23,364 | INFO     |   → 299/1336 ❌ HTTP 404 — https://github.com/mermeroo/V2RAY-FREE/raw/main/Base64/Sub2_base64.txt
2026-07-01 09:49:23,364 | INFO     |   → 300/1336 ❌ HTTP 404 — https://github.com/mermeroo/V2RAY-FREE/raw/main/Base64/Sub3_base64.txt
2026-07-01 09:49:23,365 | INFO     |   → 301/1336 ❌ HTTP 404 — https://github.com/mermeroo/V2RAY-FREE/raw/main/Base64/Sub4_base64.txt
2026-07-01 09:49:23,365 | INFO     |   → 302/1336 ❌ HTTP 404 — https://github.com/mermeroo/V2RAY-FREE/raw/main/Base64/Sub5_base64.txt
2026-07-01 09:49:23,365 | INFO     |   → 303/1336 ❌ HTTP 404 — https://github.com/mermeroo/telegram-configs-collector/raw/main/protocols/hysteria
2026-07-01 09:49:23,365 | INFO     |   → 304/1336 ❌ HTTP 404 — https://github.com/mermeroo/telegram-configs-collector/raw/main/protocols/juicity
2026-07-01 09:49:23,365 | INFO     |   → 305/1336 ❌ HTTP 404 — https://github.com/mermeroo/telegram-configs-collector/raw/main/protocols/tuic
2026-07-01 09:49:23,365 | INFO     |   → 306/1336: ✅ 5 взято | 🗑️ 16 мусор
2026-07-01 09:49:23,365 | INFO     |   → 307/1336: ✅ 0 взято | 🗑️ 0 мусор
2026-07-01 09:49:23,365 | INFO     |   → 308/1336: ✅ 0 взято | 🗑️ 0 мусор
2026-07-01 09:49:23,365 | INFO     |   → 309/1336: ✅ 0 взято | 🗑️ 0 мусор
2026-07-01 09:49:23,365 | INFO     |   → 310/1336: ✅ 10 взято | 🗑️ 238 мусор
2026-07-01 09:49:23,365 | INFO     |   → 311/1336: ✅ 0 взято | 🗑️ 0 мусор
2026-07-01 09:49:23,365 | INFO     |   → 312/1336: ✅ 5 взято | 🗑️ 239 мусор
2026-07-01 09:49:23,365 | INFO     |   → 313/1336: ✅ 0 взято | 🗑️ 0 мусор
2026-07-01 09:49:23,365 | INFO     |   → 314/1336: ✅ 0 взято | 🗑️ 255 мусор
2026-07-01 09:49:23,365 | INFO     |   → 315/1336: ✅ 0 взято | 🗑️ 0 мусор
2026-07-01 09:49:23,365 | INFO     |   → 316/1336: ✅ 1 взято | 🗑️ 249 мусор
2026-07-01 09:49:23,365 | INFO     |   → 317/1336: ✅ 0 взято | 🗑️ 0 мусор
2026-07-01 09:49:23,365 | INFO     |   → 318/1336: ✅ 0 взято | 🗑️ 207 мусор
2026-07-01 09:49:23,365 | INFO     |   → 319/1336: ✅ 0 взято | 🗑️ 0 мусор
2026-07-01 09:49:23,365 | INFO     |   → 320/1336: ✅ 0 взято | 🗑️ 228 мусор
2026-07-01 09:49:23,365 | INFO     |   → 321/1336: ✅ 0 взято | 🗑️ 0 мусор
2026-07-01 09:49:23,365 | INFO     |   → 322/1336: ✅ 1 взято | 🗑️ 291 мусор
2026-07-01 09:49:23,366 | INFO     |   → 323/1336: ✅ 0 взято | 🗑️ 0 мусор
2026-07-01 09:49:23,366 | INFO     |   → 324/1336: ✅ 3 взято | 🗑️ 221 мусор
2026-07-01 09:49:23,366 | INFO     |   → 325/1336: ✅ 0 взято | 🗑️ 0 мусор
2026-07-01 09:49:23,366 | INFO     |   → 326/1336: ✅ 1 взято | 🗑️ 222 мусор
2026-07-01 09:49:23,366 | INFO     |   → 327/1336: ✅ 0 взято | 🗑️ 0 мусор
2026-07-01 09:49:23,366 | INFO     |   → 328/1336: ✅ 1 взято | 🗑️ 218 мусор
2026-07-01 09:49:23,366 | INFO     |   → 329/1336: ✅ 0 взято | 🗑️ 0 мусор
2026-07-01 09:49:23,366 | INFO     |   → 330/1336: ✅ 0 взято | 🗑️ 193 мусор
2026-07-01 09:49:23,366 | INFO     |   → 331/1336: ✅ 0 взято | 🗑️ 0 мусор
2026-07-01 09:49:23,366 | INFO     |   → 332/1336: ✅ 0 взято | 🗑️ 290 мусор
2026-07-01 09:49:23,366 | INFO     |   → 333/1336: ✅ 0 взято | 🗑️ 0 мусор
2026-07-01 09:49:23,366 | INFO     |   → 334/1336: ✅ 0 взято | 🗑️ 238 мусор
2026-07-01 09:49:23,366 | INFO     |   → 335/1336: ✅ 0 взято | 🗑️ 0 мусор
2026-07-01 09:49:23,366 | INFO     |   → 336/1336: ✅ 1 взято | 🗑️ 221 мусор
2026-07-01 09:49:23,366 | INFO     |   → 337/1336: ✅ 0 взято | 🗑️ 0 мусор
2026-07-01 09:49:23,366 | INFO     |   → 338/1336: ✅ 0 взято | 🗑️ 248 мусор
2026-07-01 09:49:23,366 | INFO     |   → 339/1336: ✅ 0 взято | 🗑️ 0 мусор
2026-07-01 09:49:23,366 | INFO     |   → 340/1336: ✅ 0 взято | 🗑️ 203 мусор
2026-07-01 09:49:23,366 | INFO     |   → 341/1336: ✅ 0 взято | 🗑️ 0 мусор
2026-07-01 09:49:23,366 | INFO     |   → 342/1336: ✅ 0 взято | 🗑️ 208 мусор
2026-07-01 09:49:23,366 | INFO     |   → 343/1336: ✅ 0 взято | 🗑️ 0 мусор
2026-07-01 09:49:23,366 | INFO     |   → 344/1336: ✅ 2 взято | 🗑️ 209 мусор
2026-07-01 09:49:23,366 | INFO     |   → 345/1336: ✅ 0 взято | 🗑️ 0 мусор
2026-07-01 09:49:23,367 | INFO     |   → 346/1336: ✅ 0 взято | 🗑️ 258 мусор
2026-07-01 09:49:23,367 | INFO     |   → 347/1336: ✅ 0 взято | 🗑️ 0 мусор
2026-07-01 09:49:23,367 | INFO     |   → 348/1336: ✅ 0 взято | 🗑️ 296 мусор
2026-07-01 09:49:23,367 | INFO     |   → 349/1336: ✅ 0 взято | 🗑️ 0 мусор
2026-07-01 09:49:23,367 | INFO     |   → 350/1336: ✅ 1 взято | 🗑️ 286 мусор
2026-07-01 09:49:23,367 | INFO     |   → 351/1336: ✅ 0 взято | 🗑️ 0 мусор
2026-07-01 09:49:23,367 | INFO     |   → 352/1336: ✅ 0 взято | 🗑️ 195 мусор
2026-07-01 09:49:23,367 | INFO     |   → 353/1336: ✅ 0 взято | 🗑️ 0 мусор
2026-07-01 09:49:23,367 | INFO     |   → 354/1336: ✅ 0 взято | 🗑️ 170 мусор
2026-07-01 09:49:23,367 | INFO     |   → 355/1336: ✅ 0 взято | 🗑️ 0 мусор
2026-07-01 09:49:23,367 | INFO     |   → 356/1336: ✅ 0 взято | 🗑️ 160 мусор
2026-07-01 09:49:23,367 | INFO     |   → 357/1336: ✅ 0 взято | 🗑️ 0 мусор
2026-07-01 09:49:23,367 | INFO     |   → 358/1336: ✅ 0 взято | 🗑️ 121 мусор
2026-07-01 09:49:23,367 | INFO     |   → 359/1336: ✅ 0 взято | 🗑️ 0 мусор
2026-07-01 09:49:23,367 | INFO     |   → 360/1336: ✅ 0 взято | 🗑️ 135 мусор
2026-07-01 09:49:23,367 | INFO     |   → 361/1336: ✅ 0 взято | 🗑️ 0 мусор
2026-07-01 09:49:23,367 | INFO     |   → 362/1336: ✅ 1 взято | 🗑️ 129 мусор
2026-07-01 09:49:23,367 | INFO     |   → 363/1336: ✅ 0 взято | 🗑️ 0 мусор
2026-07-01 09:49:23,367 | INFO     |   → 364/1336: ✅ 0 взято | 🗑️ 189 мусор
2026-07-01 09:49:23,367 | INFO     |   → 365/1336: ✅ 0 взято | 🗑️ 0 мусор
2026-07-01 09:49:23,367 | INFO     |   → 366/1336: ✅ 3 взято | 🗑️ 147 мусор
2026-07-01 09:49:23,367 | INFO     |   → 367/1336: ✅ 0 взято | 🗑️ 0 мусор
2026-07-01 09:49:23,367 | INFO     |   → 368/1336: ✅ 1 взято | 🗑️ 183 мусор
2026-07-01 09:49:23,368 | INFO     |   → 369/1336: ✅ 0 взято | 🗑️ 0 мусор
2026-07-01 09:49:23,368 | INFO     |   → 370/1336: ✅ 0 взято | 🗑️ 155 мусор
2026-07-01 09:49:23,368 | INFO     |   → 371/1336: ✅ 0 взято | 🗑️ 0 мусор
2026-07-01 09:49:23,368 | INFO     |   → 372/1336: ✅ 0 взято | 🗑️ 114 мусор
2026-07-01 09:49:23,368 | INFO     |   → 373/1336: ✅ 0 взято | 🗑️ 0 мусор
2026-07-01 09:49:23,368 | INFO     |   → 374/1336: ✅ 0 взято | 🗑️ 239 мусор
2026-07-01 09:49:23,368 | INFO     |   → 375/1336: ✅ 0 взято | 🗑️ 0 мусор
2026-07-01 09:49:23,368 | INFO     |   → 376/1336: ✅ 0 взято | 🗑️ 204 мусор
2026-07-01 09:49:23,368 | INFO     |   → 377/1336: ✅ 0 взято | 🗑️ 0 мусор
2026-07-01 09:49:23,368 | INFO     |   → 378/1336: ✅ 0 взято | 🗑️ 232 мусор
2026-07-01 09:49:23,368 | INFO     |   → 379/1336: ✅ 0 взято | 🗑️ 0 мусор
2026-07-01 09:49:23,368 | INFO     |   → 380/1336: ✅ 0 взято | 🗑️ 192 мусор
2026-07-01 09:49:23,368 | INFO     |   → 381/1336: ✅ 0 взято | 🗑️ 0 мусор
2026-07-01 09:49:23,368 | INFO     |   → 382/1336: ✅ 0 взято | 🗑️ 183 мусор
2026-07-01 09:49:23,368 | INFO     |   → 383/1336: ✅ 0 взято | 🗑️ 0 мусор
2026-07-01 09:49:23,368 | INFO     |   → 384/1336: ✅ 0 взято | 🗑️ 169 мусор
2026-07-01 09:49:23,368 | INFO     |   → 385/1336: ✅ 0 взято | 🗑️ 0 мусор
2026-07-01 09:49:23,368 | INFO     |   → 386/1336: ✅ 0 взято | 🗑️ 167 мусор
2026-07-01 09:49:23,368 | INFO     |   → 387/1336: ✅ 0 взято | 🗑️ 0 мусор
2026-07-01 09:49:23,368 | INFO     |   → 388/1336: ✅ 0 взято | 🗑️ 193 мусор
2026-07-01 09:49:23,368 | INFO     |   → 389/1336: ✅ 0 взято | 🗑️ 0 мусор
2026-07-01 09:49:23,368 | INFO     |   → 390/1336: ✅ 1 взято | 🗑️ 161 мусор
2026-07-01 09:49:23,369 | INFO     |   → 391/1336: ✅ 0 взято | 🗑️ 0 мусор
2026-07-01 09:49:23,369 | INFO     |   → 392/1336: ✅ 0 взято | 🗑️ 171 мусор
2026-07-01 09:49:23,369 | INFO     |   → 393/1336: ✅ 0 взято | 🗑️ 0 мусор
2026-07-01 09:49:23,369 | INFO     |   → 394/1336: ✅ 0 взято | 🗑️ 174 мусор
2026-07-01 09:49:23,369 | INFO     |   → 395/1336: ✅ 0 взято | 🗑️ 0 мусор
2026-07-01 09:49:23,369 | INFO     |   → 396/1336: ✅ 0 взято | 🗑️ 206 мусор
2026-07-01 09:49:23,369 | INFO     |   → 397/1336: ✅ 0 взято | 🗑️ 0 мусор
2026-07-01 09:49:23,369 | INFO     |   → 398/1336: ✅ 0 взято | 🗑️ 170 мусор
2026-07-01 09:49:23,369 | INFO     |   → 399/1336: ✅ 0 взято | 🗑️ 0 мусор
2026-07-01 09:49:23,369 | INFO     |   → 400/1336: ✅ 1 взято | 🗑️ 196 мусор
2026-07-01 09:49:23,369 | INFO     |   → 401/1336: ✅ 0 взято | 🗑️ 0 мусор
2026-07-01 09:49:23,369 | INFO     |   → 402/1336: ✅ 0 взято | 🗑️ 208 мусор
2026-07-01 09:49:23,369 | INFO     |   → 403/1336: ✅ 0 взято | 🗑️ 0 мусор
2026-07-01 09:49:23,369 | INFO     |   → 404/1336: ✅ 0 взято | 🗑️ 162 мусор
2026-07-01 09:49:23,369 | INFO     |   → 405/1336: ✅ 0 взято | 🗑️ 0 мусор
2026-07-01 09:49:23,369 | INFO     |   → 406/1336: ✅ 0 взято | 🗑️ 116 мусор
2026-07-01 09:49:23,369 | INFO     |   → 407/1336: ✅ 0 взято | 🗑️ 0 мусор
2026-07-01 09:49:23,369 | INFO     |   → 408/1336: ✅ 0 взято | 🗑️ 132 мусор
2026-07-01 09:49:23,369 | INFO     |   → 409/1336: ✅ 0 взято | 🗑️ 0 мусор
2026-07-01 09:49:23,369 | INFO     |   → 410/1336: ✅ 0 взято | 🗑️ 132 мусор
2026-07-01 09:49:23,369 | INFO     |   → 411/1336: ✅ 0 взято | 🗑️ 0 мусор
2026-07-01 09:49:23,369 | INFO     |   → 412/1336: ✅ 1 взято | 🗑️ 113 мусор
2026-07-01 09:49:23,370 | INFO     |   → 413/1336: ✅ 0 взято | 🗑️ 0 мусор
2026-07-01 09:49:23,370 | INFO     |   → 414/1336: ✅ 0 взято | 🗑️ 103 мусор
2026-07-01 09:49:23,370 | INFO     |   → 415/1336: ✅ 0 взято | 🗑️ 0 мусор
2026-07-01 09:49:23,370 | INFO     |   → 416/1336: ✅ 3 взято | 🗑️ 213 мусор
2026-07-01 09:49:23,370 | INFO     |   → 417/1336: ✅ 0 взято | 🗑️ 0 мусор
2026-07-01 09:49:23,370 | INFO     |   → 418/1336: ✅ 1 взято | 🗑️ 130 мусор
2026-07-01 09:49:23,370 | INFO     |   → 419/1336: ✅ 0 взято | 🗑️ 0 мусор
2026-07-01 09:49:23,370 | INFO     |   → 420/1336: ✅ 0 взято | 🗑️ 135 мусор
2026-07-01 09:49:23,370 | INFO     |   → 421/1336: ✅ 0 взято | 🗑️ 0 мусор
2026-07-01 09:49:23,370 | INFO     |   → 422/1336: ✅ 0 взято | 🗑️ 145 мусор
2026-07-01 09:49:23,370 | INFO     |   → 423/1336: ✅ 0 взято | 🗑️ 0 мусор
2026-07-01 09:49:23,370 | INFO     |   → 424/1336: ✅ 0 взято | 🗑️ 157 мусор
2026-07-01 09:49:23,370 | INFO     |   → 425/1336: ✅ 0 взято | 🗑️ 0 мусор
2026-07-01 09:49:23,370 | INFO     |   → 426/1336: ✅ 0 взято | 🗑️ 131 мусор
2026-07-01 09:49:23,370 | INFO     |   → 427/1336: ✅ 0 взято | 🗑️ 0 мусор
2026-07-01 09:49:23,370 | INFO     |   → 428/1336: ✅ 1 взято | 🗑️ 124 мусор
2026-07-01 09:49:23,370 | INFO     |   → 429/1336: ✅ 0 взято | 🗑️ 0 мусор
2026-07-01 09:49:23,370 | INFO     |   → 430/1336: ✅ 2 взято | 🗑️ 189 мусор
2026-07-01 09:49:23,370 | INFO     |   → 431/1336: ✅ 0 взято | 🗑️ 0 мусор
2026-07-01 09:49:23,370 | INFO     |   → 432/1336: ✅ 1 взято | 🗑️ 279 мусор
2026-07-01 09:49:23,370 | INFO     |   → 433/1336: ✅ 0 взято | 🗑️ 0 мусор
2026-07-01 09:49:23,370 | INFO     |   → 434/1336: ✅ 0 взято | 🗑️ 270 мусор
2026-07-01 09:49:23,371 | INFO     |   → 435/1336: ✅ 0 взято | 🗑️ 0 мусор
2026-07-01 09:49:23,371 | INFO     |   → 436/1336: ✅ 0 взято | 🗑️ 161 мусор
2026-07-01 09:49:23,371 | INFO     |   → 437/1336: ✅ 0 взято | 🗑️ 0 мусор
2026-07-01 09:49:23,371 | INFO     |   → 438/1336: ✅ 3 взято | 🗑️ 117 мусор
2026-07-01 09:49:23,371 | INFO     |   → 439/1336: ✅ 0 взято | 🗑️ 0 мусор
2026-07-01 09:49:23,371 | INFO     |   → 440/1336: ✅ 0 взято | 🗑️ 100 мусор
2026-07-01 09:49:23,371 | INFO     |   → 441/1336: ✅ 0 взято | 🗑️ 0 мусор
2026-07-01 09:49:23,371 | INFO     |   → 442/1336: ✅ 1 взято | 🗑️ 171 мусор
2026-07-01 09:49:23,371 | INFO     |   → 443/1336: ✅ 0 взято | 🗑️ 0 мусор
2026-07-01 09:49:23,371 | INFO     |   → 444/1336: ✅ 0 взято | 🗑️ 202 мусор
2026-07-01 09:49:23,371 | INFO     |   → 445/1336: ✅ 0 взято | 🗑️ 0 мусор
2026-07-01 09:49:23,371 | INFO     |   → 446/1336: ✅ 0 взято | 🗑️ 138 мусор
2026-07-01 09:49:23,371 | INFO     |   → 447/1336: ✅ 0 взято | 🗑️ 0 мусор
2026-07-01 09:49:23,371 | INFO     |   → 448/1336: ✅ 0 взято | 🗑️ 236 мусор
2026-07-01 09:49:23,371 | INFO     |   → 449/1336: ✅ 0 взято | 🗑️ 0 мусор
2026-07-01 09:49:23,371 | INFO     |   → 450/1336: ✅ 0 взято | 🗑️ 192 мусор
2026-07-01 09:49:23,371 | INFO     |   → 451/1336: ✅ 0 взято | 🗑️ 0 мусор
2026-07-01 09:49:23,371 | INFO     |   → 452/1336: ✅ 1 взято | 🗑️ 174 мусор
2026-07-01 09:49:23,371 | INFO     |   → 453/1336: ✅ 0 взято | 🗑️ 0 мусор
2026-07-01 09:49:23,371 | INFO     |   → 454/1336: ✅ 0 взято | 🗑️ 149 мусор
2026-07-01 09:49:23,371 | INFO     |   → 455/1336: ✅ 0 взято | 🗑️ 0 мусор
2026-07-01 09:49:23,372 | INFO     |   → 456/1336: ✅ 0 взято | 🗑️ 147 мусор
2026-07-01 09:49:23,372 | INFO     |   → 457/1336: ✅ 0 взято | 🗑️ 0 мусор
2026-07-01 09:49:23,372 | INFO     |   → 458/1336: ✅ 2 взято | 🗑️ 196 мусор
2026-07-01 09:49:23,372 | INFO     |   → 459/1336: ✅ 0 взято | 🗑️ 0 мусор
2026-07-01 09:49:23,372 | INFO     |   → 460/1336: ✅ 2 взято | 🗑️ 277 мусор
2026-07-01 09:49:23,372 | INFO     |   → 461/1336: ✅ 0 взято | 🗑️ 0 мусор
2026-07-01 09:49:23,372 | INFO     |   → 462/1336: ✅ 0 взято | 🗑️ 211 мусор
2026-07-01 09:49:23,372 | INFO     |   → 463/1336: ✅ 0 взято | 🗑️ 0 мусор
2026-07-01 09:49:23,372 | INFO     |   → 464/1336: ✅ 1 взято | 🗑️ 229 мусор
2026-07-01 09:49:23,372 | INFO     |   → 465/1336: ✅ 0 взято | 🗑️ 0 мусор
2026-07-01 09:49:23,372 | INFO     |   → 466/1336: ✅ 1 взято | 🗑️ 131 мусор
2026-07-01 09:49:23,372 | INFO     |   → 467/1336: ✅ 0 взято | 🗑️ 0 мусор
2026-07-01 09:49:23,372 | INFO     |   → 468/1336: ✅ 3 взято | 🗑️ 257 мусор
2026-07-01 09:49:23,372 | INFO     |   → 469/1336: ✅ 0 взято | 🗑️ 0 мусор
2026-07-01 09:49:23,372 | INFO     |   → 470/1336: ✅ 0 взято | 🗑️ 180 мусор
2026-07-01 09:49:23,372 | INFO     |   → 471/1336: ✅ 0 взято | 🗑️ 0 мусор
2026-07-01 09:49:23,372 | INFO     |   → 472/1336: ✅ 0 взято | 🗑️ 191 мусор
2026-07-01 09:49:23,372 | INFO     |   → 473/1336: ✅ 0 взято | 🗑️ 0 мусор
2026-07-01 09:49:23,372 | INFO     |   → 474/1336: ✅ 1 взято | 🗑️ 224 мусор
2026-07-01 09:49:23,372 | INFO     |   → 475/1336: ✅ 0 взято | 🗑️ 0 мусор
2026-07-01 09:49:23,372 | INFO     |   → 476/1336: ✅ 2 взято | 🗑️ 183 мусор
2026-07-01 09:49:23,372 | INFO     |   → 477/1336: ✅ 0 взято | 🗑️ 0 мусор
2026-07-01 09:49:23,373 | INFO     |   → 478/1336 ⚠️ Ошибка: HTTPSConnectionPool(host='ivuxy.tech', port=443): Max retries exceeded with url: /v.txt (Caused by NameResolutionError("HTTPSConnection(host='ivuxy.tech', port=443): Failed to resolve 'ivuxy.tech' ([Errno -2] Name or service not known)")) — https://ivuxy.tech/v.txt
2026-07-01 09:49:23,373 | INFO     |   → 479/1336 ⚠️ Ошибка: HTTPSConnectionPool(host='mirror.ghproxy.com', port=443): Max retries exceeded with url: /https://raw.githubusercontent.com/Barabama/FreeNodes/master/nodes/blues.txt (Caused by NameResolutionError("HTTPSConnection(host='mirror.ghproxy.com', port=443): Failed to resolve 'mirror.ghproxy.com' ([Errno -2] Name or service not known)")) — https://mirror.ghproxy.com/https://raw.githubusercontent.com/Barabama/FreeNodes/master/nodes/blues.txt
2026-07-01 09:49:23,373 | INFO     |   → 480/1336 ⚠️ Ошибка: HTTPSConnectionPool(host='mirror.ghproxy.com', port=443): Max retries exceeded with url: /https://raw.githubusercontent.com/Barabama/FreeNodes/master/nodes/halekj.txt (Caused by NameResolutionError("HTTPSConnection(host='mirror.ghproxy.com', port=443): Failed to resolve 'mirror.ghproxy.com' ([Errno -2] Name or service not known)")) — https://mirror.ghproxy.com/https://raw.githubusercontent.com/Barabama/FreeNodes/master/nodes/halekj.txt
2026-07-01 09:49:23,373 | INFO     |   → 481/1336 ⚠️ Ошибка: HTTPSConnectionPool(host='mirror.ghproxy.com', port=443): Max retries exceeded with url: /https://raw.githubusercontent.com/Barabama/FreeNodes/master/nodes/kkzui.txt (Caused by NameResolutionError("HTTPSConnection(host='mirror.ghproxy.com', port=443): Failed to resolve 'mirror.ghproxy.com' ([Errno -2] Name or service not known)")) — https://mirror.ghproxy.com/https://raw.githubusercontent.com/Barabama/FreeNodes/master/nodes/kkzui.txt
2026-07-01 09:49:23,373 | INFO     |   → 482/1336 ⚠️ Ошибка: HTTPSConnectionPool(host='mirror.ghproxy.com', port=443): Max retries exceeded with url: /https://raw.githubusercontent.com/Barabama/FreeNodes/master/nodes/merged.txt (Caused by NameResolutionError("HTTPSConnection(host='mirror.ghproxy.com', port=443): Failed to resolve 'mirror.ghproxy.com' ([Errno -2] Name or service not known)")) — https://mirror.ghproxy.com/https://raw.githubusercontent.com/Barabama/FreeNodes/master/nodes/merged.txt
2026-07-01 09:49:23,373 | INFO     |   → 483/1336 ⚠️ Ошибка: HTTPSConnectionPool(host='mirror.ghproxy.com', port=443): Max retries exceeded with url: /https://raw.githubusercontent.com/Barabama/FreeNodes/master/nodes/nodefree.txt (Caused by NameResolutionError("HTTPSConnection(host='mirror.ghproxy.com', port=443): Failed to resolve 'mirror.ghproxy.com' ([Errno -2] Name or service not known)")) — https://mirror.ghproxy.com/https://raw.githubusercontent.com/Barabama/FreeNodes/master/nodes/nodefree.txt
2026-07-01 09:49:23,373 | INFO     |   → 484/1336 ⚠️ Ошибка: HTTPSConnectionPool(host='mirror.ghproxy.com', port=443): Max retries exceeded with url: /https://raw.githubusercontent.com/Barabama/FreeNodes/master/nodes/openrunner.txt (Caused by NameResolutionError("HTTPSConnection(host='mirror.ghproxy.com', port=443): Failed to resolve 'mirror.ghproxy.com' ([Errno -2] Name or service not known)")) — https://mirror.ghproxy.com/https://raw.githubusercontent.com/Barabama/FreeNodes/master/nodes/openrunner.txt
2026-07-01 09:49:23,373 | INFO     |   → 485/1336 ⚠️ Ошибка: HTTPSConnectionPool(host='mirror.ghproxy.com', port=443): Max retries exceeded with url: /https://raw.githubusercontent.com/Barabama/FreeNodes/master/nodes/v2rayshare.txt (Caused by NameResolutionError("HTTPSConnection(host='mirror.ghproxy.com', port=443): Failed to resolve 'mirror.ghproxy.com' ([Errno -2] Name or service not known)")) — https://mirror.ghproxy.com/https://raw.githubusercontent.com/Barabama/FreeNodes/master/nodes/v2rayshare.txt
2026-07-01 09:49:23,373 | INFO     |   → 486/1336 ⚠️ Ошибка: HTTPSConnectionPool(host='mirror.ghproxy.com', port=443): Max retries exceeded with url: /https://raw.githubusercontent.com/Barabama/FreeNodes/master/nodes/wenode.txt (Caused by NameResolutionError("HTTPSConnection(host='mirror.ghproxy.com', port=443): Failed to resolve 'mirror.ghproxy.com' ([Errno -2] Name or service not known)")) — https://mirror.ghproxy.com/https://raw.githubusercontent.com/Barabama/FreeNodes/master/nodes/wenode.txt
2026-07-01 09:49:23,373 | INFO     |   → 487/1336 ⚠️ Ошибка: HTTPSConnectionPool(host='mirror.ghproxy.com', port=443): Max retries exceeded with url: /https://raw.githubusercontent.com/Barabama/FreeNodes/master/nodes/yudou66.txt (Caused by NameResolutionError("HTTPSConnection(host='mirror.ghproxy.com', port=443): Failed to resolve 'mirror.ghproxy.com' ([Errno -2] Name or service not known)")) — https://mirror.ghproxy.com/https://raw.githubusercontent.com/Barabama/FreeNodes/master/nodes/yudou66.txt
2026-07-01 09:49:23,373 | INFO     |   → 488/1336: ✅ 7 взято | 🗑️ 17 мусор
2026-07-01 09:49:23,373 | INFO     |   → 489/1336: ✅ 0 взято | 🗑️ 17 мусор
2026-07-01 09:49:23,373 | INFO     |   → 490/1336: ✅ 14 взято | 🗑️ 14 мусор
2026-07-01 09:49:23,373 | INFO     |   → 491/1336: ✅ 0 взято | 🗑️ 14 мусор
2026-07-01 09:49:23,373 | INFO     |   → 492/1336: ✅ 0 взято | 🗑️ 14 мусор
2026-07-01 09:49:23,373 | INFO     |   → 493/1336: ✅ 0 взято | 🗑️ 14 мусор
2026-07-01 09:49:23,373 | INFO     |   → 494/1336: ✅ 0 взято | 🗑️ 14 мусор
2026-07-01 09:49:23,373 | INFO     |   → 495/1336: ✅ 0 взято | 🗑️ 14 мусор
2026-07-01 09:49:23,373 | INFO     |   → 496/1336: ✅ 0 взято | 🗑️ 14 мусор
2026-07-01 09:49:23,373 | INFO     |   → 497/1336: ✅ 0 взято | 🗑️ 14 мусор
2026-07-01 09:49:23,374 | INFO     |   → 498/1336: ✅ 0 взято | 🗑️ 14 мусор
2026-07-01 09:49:23,374 | INFO     |   → 499/1336: ✅ 7 взято | 🗑️ 21 мусор
2026-07-01 09:49:23,374 | INFO     |   → 500/1336: ✅ 0 взято | 🗑️ 21 мусор
2026-07-01 09:49:23,374 | INFO     |   → 501/1336: ✅ 0 взято | 🗑️ 21 мусор
2026-07-01 09:49:23,374 | INFO     |   → 502/1336: ✅ 0 взято | 🗑️ 21 мусор
2026-07-01 09:49:23,374 | INFO     |   → 503/1336: ✅ 0 взято | 🗑️ 21 мусор
2026-07-01 09:49:23,374 | INFO     |   → 504/1336: ✅ 0 взято | 🗑️ 21 мусор
2026-07-01 09:49:23,374 | INFO     |   → 505/1336: ✅ 0 взято | 🗑️ 21 мусор
2026-07-01 09:49:23,374 | INFO     |   → 506/1336: ✅ 0 взято | 🗑️ 21 мусор
2026-07-01 09:49:23,374 | INFO     |   → 507/1336: ✅ 0 взято | 🗑️ 21 мусор
2026-07-01 09:49:23,374 | INFO     |   → 508/1336: ✅ 0 взято | 🗑️ 21 мусор
2026-07-01 09:49:23,374 | INFO     |   → 509/1336: ✅ 0 взято | 🗑️ 21 мусор
2026-07-01 09:49:23,374 | INFO     |   → 510/1336: ✅ 5 взято | 🗑️ 15 мусор
2026-07-01 09:49:23,374 | INFO     |   → 511/1336: ✅ 0 взято | 🗑️ 15 мусор
2026-07-01 09:49:23,374 | INFO     |   → 512/1336: ✅ 0 взято | 🗑️ 15 мусор
2026-07-01 09:49:23,374 | INFO     |   → 513/1336: ✅ 0 взято | 🗑️ 15 мусор
2026-07-01 09:49:23,374 | INFO     |   → 514/1336: ✅ 0 взято | 🗑️ 15 мусор
2026-07-01 09:49:23,374 | INFO     |   → 515/1336: ✅ 0 взято | 🗑️ 15 мусор
2026-07-01 09:49:23,374 | INFO     |   → 516/1336: ✅ 0 взято | 🗑️ 15 мусор
2026-07-01 09:49:23,374 | INFO     |   → 517/1336: ✅ 0 взято | 🗑️ 15 мусор
2026-07-01 09:49:23,374 | INFO     |   → 518/1336: ✅ 0 взято | 🗑️ 15 мусор
2026-07-01 09:49:23,374 | INFO     |   → 519/1336: ✅ 0 взято | 🗑️ 14 мусор
2026-07-01 09:49:23,375 | INFO     |   → 520/1336: ✅ 0 взято | 🗑️ 14 мусор
2026-07-01 09:49:23,375 | INFO     |   → 521/1336: ✅ 0 взято | 🗑️ 14 мусор
2026-07-01 09:49:23,375 | INFO     |   → 522/1336: ✅ 0 взято | 🗑️ 14 мусор
2026-07-01 09:49:23,375 | INFO     |   → 523/1336: ✅ 6 взято | 🗑️ 17 мусор
2026-07-01 09:49:23,375 | INFO     |   → 524/1336: ✅ 0 взято | 🗑️ 17 мусор
2026-07-01 09:49:23,375 | INFO     |   → 525/1336: ✅ 0 взято | 🗑️ 17 мусор
2026-07-01 09:49:23,375 | INFO     |   → 526/1336: ✅ 0 взято | 🗑️ 17 мусор
2026-07-01 09:49:23,375 | INFO     |   → 527/1336: ✅ 0 взято | 🗑️ 17 мусор
2026-07-01 09:49:23,375 | INFO     |   → 528/1336: ✅ 0 взято | 🗑️ 17 мусор
2026-07-01 09:49:23,375 | INFO     |   → 529/1336: ✅ 6 взято | 🗑️ 24 мусор
2026-07-01 09:49:23,375 | INFO     |   → 530/1336: ✅ 0 взято | 🗑️ 24 мусор
2026-07-01 09:49:23,375 | INFO     |   → 531/1336: ✅ 0 взято | 🗑️ 24 мусор
2026-07-01 09:49:23,375 | INFO     |   → 532/1336: ✅ 0 взято | 🗑️ 24 мусор
2026-07-01 09:49:23,375 | INFO     |   → 533/1336: ✅ 0 взято | 🗑️ 24 мусор
2026-07-01 09:49:23,375 | INFO     |   → 534/1336: ✅ 0 взято | 🗑️ 24 мусор
2026-07-01 09:49:23,375 | INFO     |   → 535/1336: ✅ 0 взято | 🗑️ 24 мусор
2026-07-01 09:49:23,375 | INFO     |   → 536/1336: ✅ 0 взято | 🗑️ 24 мусор
2026-07-01 09:49:23,375 | INFO     |   → 537/1336: ✅ 0 взято | 🗑️ 24 мусор
2026-07-01 09:49:23,375 | INFO     |   → 538/1336: ✅ 0 взято | 🗑️ 24 мусор
2026-07-01 09:49:23,375 | INFO     |   → 539/1336: ✅ 0 взято | 🗑️ 24 мусор
2026-07-01 09:49:23,375 | INFO     |   → 540/1336: ✅ 13 взято | 🗑️ 7 мусор
2026-07-01 09:49:23,375 | INFO     |   → 541/1336: ✅ 0 взято | 🗑️ 7 мусор
2026-07-01 09:49:23,376 | INFO     |   → 542/1336: ✅ 0 взято | 🗑️ 7 мусор
2026-07-01 09:49:23,376 | INFO     |   → 543/1336: ✅ 0 взято | 🗑️ 7 мусор
2026-07-01 09:49:23,376 | INFO     |   → 544/1336: ✅ 0 взято | 🗑️ 7 мусор
2026-07-01 09:49:23,376 | INFO     |   → 545/1336: ✅ 0 взято | 🗑️ 7 мусор
2026-07-01 09:49:23,376 | INFO     |   → 546/1336: ✅ 0 взято | 🗑️ 7 мусор
2026-07-01 09:49:23,376 | INFO     |   → 547/1336: ✅ 0 взято | 🗑️ 7 мусор
2026-07-01 09:49:23,376 | INFO     |   → 548/1336: ✅ 0 взято | 🗑️ 7 мусор
2026-07-01 09:49:23,376 | INFO     |   → 549/1336: ✅ 0 взято | 🗑️ 7 мусор
2026-07-01 09:49:23,376 | INFO     |   → 550/1336: ✅ 5 взято | 🗑️ 9 мусор
2026-07-01 09:49:23,376 | INFO     |   → 551/1336: ✅ 0 взято | 🗑️ 9 мусор
2026-07-01 09:49:23,376 | INFO     |   → 552/1336: ✅ 0 взято | 🗑️ 9 мусор
2026-07-01 09:49:23,376 | INFO     |   → 553/1336: ✅ 0 взято | 🗑️ 9 мусор
2026-07-01 09:49:23,376 | INFO     |   → 554/1336: ✅ 0 взято | 🗑️ 9 мусор
2026-07-01 09:49:23,376 | INFO     |   → 555/1336: ✅ 0 взято | 🗑️ 9 мусор
2026-07-01 09:49:23,376 | INFO     |   → 556/1336: ✅ 0 взято | 🗑️ 9 мусор
2026-07-01 09:49:23,376 | INFO     |   → 557/1336: ✅ 0 взято | 🗑️ 9 мусор
2026-07-01 09:49:23,376 | INFO     |   → 558/1336: ✅ 0 взято | 🗑️ 9 мусор
2026-07-01 09:49:23,376 | INFO     |   → 559/1336: ✅ 0 взято | 🗑️ 9 мусор
2026-07-01 09:49:23,376 | INFO     |   → 560/1336: ✅ 13 взято | 🗑️ 10 мусор
2026-07-01 09:49:23,376 | INFO     |   → 561/1336: ✅ 0 взято | 🗑️ 10 мусор
2026-07-01 09:49:23,376 | INFO     |   → 562/1336: ✅ 0 взято | 🗑️ 10 мусор
2026-07-01 09:49:23,376 | INFO     |   → 563/1336: ✅ 0 взято | 🗑️ 10 мусор
2026-07-01 09:49:23,377 | INFO     |   → 564/1336: ✅ 0 взято | 🗑️ 10 мусор
2026-07-01 09:49:23,377 | INFO     |   → 565/1336: ✅ 0 взято | 🗑️ 10 мусор
2026-07-01 09:49:23,377 | INFO     |   → 566/1336: ✅ 0 взято | 🗑️ 10 мусор
2026-07-01 09:49:23,377 | INFO     |   → 567/1336: ✅ 0 взято | 🗑️ 10 мусор
2026-07-01 09:49:23,377 | INFO     |   → 568/1336: ✅ 0 взято | 🗑️ 10 мусор
2026-07-01 09:49:23,377 | INFO     |   → 569/1336: ✅ 0 взято | 🗑️ 10 мусор
2026-07-01 09:49:23,377 | INFO     |   → 570/1336: ✅ 0 взято | 🗑️ 7 мусор
2026-07-01 09:49:23,377 | INFO     |   → 571/1336 ⚠️ Ошибка: HTTPSConnectionPool(host='nodefree.githubrowcontent.com', port=443): Max retries exceeded with url: /2024/07/20240705.yaml (Caused by NameResolutionError("HTTPSConnection(host='nodefree.githubrowcontent.com', port=443): Failed to resolve 'nodefree.githubrowcontent.com' ([Errno -2] Name or service not known)")) — https://nodefree.org/dy/2023/08/20230806.yaml
2026-07-01 09:49:23,377 | INFO     |   → 572/1336 ⚠️ Ошибка: HTTPSConnectionPool(host='nodefree.githubrowcontent.com', port=443): Max retries exceeded with url: /2024/07/20240705.txt (Caused by NameResolutionError("HTTPSConnection(host='nodefree.githubrowcontent.com', port=443): Failed to resolve 'nodefree.githubrowcontent.com' ([Errno -2] Name or service not known)")) — https://nodefree.org/dy/2023/12/20231221.txt
2026-07-01 09:49:23,377 | INFO     |   → 573/1336: ✅ 0 взято | 🗑️ 17 мусор
2026-07-01 09:49:23,377 | INFO     |   → 574/1336: ✅ 0 взято | 🗑️ 17 мусор
2026-07-01 09:49:23,377 | INFO     |   → 575/1336: ✅ 0 взято | 🗑️ 14 мусор
2026-07-01 09:49:23,377 | INFO     |   → 576/1336: ✅ 0 взято | 🗑️ 14 мусор
2026-07-01 09:49:23,377 | INFO     |   → 577/1336: ✅ 0 взято | 🗑️ 14 мусор
2026-07-01 09:49:23,377 | INFO     |   → 578/1336: ✅ 0 взято | 🗑️ 14 мусор
2026-07-01 09:49:23,377 | INFO     |   → 579/1336: ✅ 0 взято | 🗑️ 14 мусор
2026-07-01 09:49:23,377 | INFO     |   → 580/1336: ✅ 0 взято | 🗑️ 14 мусор
2026-07-01 09:49:23,377 | INFO     |   → 581/1336: ✅ 0 взято | 🗑️ 14 мусор
2026-07-01 09:49:23,377 | INFO     |   → 582/1336: ✅ 0 взято | 🗑️ 14 мусор
2026-07-01 09:49:23,377 | INFO     |   → 583/1336: ✅ 0 взято | 🗑️ 14 мусор
2026-07-01 09:49:23,377 | INFO     |   → 584/1336: ✅ 0 взято | 🗑️ 21 мусор
2026-07-01 09:49:23,377 | INFO     |   → 585/1336: ✅ 0 взято | 🗑️ 21 мусор
2026-07-01 09:49:23,378 | INFO     |   → 586/1336: ✅ 0 взято | 🗑️ 21 мусор
2026-07-01 09:49:23,378 | INFO     |   → 587/1336: ✅ 0 взято | 🗑️ 21 мусор
2026-07-01 09:49:23,378 | INFO     |   → 588/1336: ✅ 0 взято | 🗑️ 21 мусор
2026-07-01 09:49:23,378 | INFO     |   → 589/1336: ✅ 0 взято | 🗑️ 21 мусор
2026-07-01 09:49:23,378 | INFO     |   → 590/1336: ✅ 0 взято | 🗑️ 21 мусор
2026-07-01 09:49:23,378 | INFO     |   → 591/1336: ✅ 0 взято | 🗑️ 21 мусор
2026-07-01 09:49:23,378 | INFO     |   → 592/1336: ✅ 0 взято | 🗑️ 21 мусор
2026-07-01 09:49:23,378 | INFO     |   → 593/1336: ✅ 0 взято | 🗑️ 21 мусор
2026-07-01 09:49:23,378 | INFO     |   → 594/1336: ✅ 0 взято | 🗑️ 21 мусор
2026-07-01 09:49:23,378 | INFO     |   → 595/1336: ✅ 0 взято | 🗑️ 15 мусор
2026-07-01 09:49:23,378 | INFO     |   → 596/1336: ✅ 0 взято | 🗑️ 15 мусор
2026-07-01 09:49:23,378 | INFO     |   → 597/1336: ✅ 0 взято | 🗑️ 15 мусор
2026-07-01 09:49:23,378 | INFO     |   → 598/1336: ✅ 0 взято | 🗑️ 15 мусор
2026-07-01 09:49:23,378 | INFO     |   → 599/1336: ✅ 0 взято | 🗑️ 15 мусор
2026-07-01 09:49:23,378 | INFO     |   → 600/1336: ✅ 0 взято | 🗑️ 15 мусор
2026-07-01 09:49:23,378 | INFO     |   → 601/1336: ✅ 0 взято | 🗑️ 15 мусор
2026-07-01 09:49:23,378 | INFO     |   → 602/1336: ✅ 0 взято | 🗑️ 15 мусор
2026-07-01 09:49:23,378 | INFO     |   → 603/1336: ✅ 0 взято | 🗑️ 15 мусор
2026-07-01 09:49:23,378 | INFO     |   → 604/1336: ✅ 0 взято | 🗑️ 15 мусор
2026-07-01 09:49:23,378 | INFO     |   → 605/1336: ✅ 0 взято | 🗑️ 14 мусор
2026-07-01 09:49:23,378 | INFO     |   → 606/1336: ✅ 0 взято | 🗑️ 14 мусор
2026-07-01 09:49:23,378 | INFO     |   → 607/1336: ✅ 0 взято | 🗑️ 14 мусор
2026-07-01 09:49:23,378 | INFO     |   → 608/1336: ✅ 0 взято | 🗑️ 14 мусор
2026-07-01 09:49:23,379 | INFO     |   → 609/1336: ✅ 0 взято | 🗑️ 17 мусор
2026-07-01 09:49:23,379 | INFO     |   → 610/1336: ✅ 0 взято | 🗑️ 17 мусор
2026-07-01 09:49:23,379 | INFO     |   → 611/1336: ✅ 0 взято | 🗑️ 17 мусор
2026-07-01 09:49:23,379 | INFO     |   → 612/1336: ✅ 0 взято | 🗑️ 17 мусор
2026-07-01 09:49:23,379 | INFO     |   → 613/1336: ✅ 0 взято | 🗑️ 17 мусор
2026-07-01 09:49:23,379 | INFO     |   → 614/1336: ✅ 0 взято | 🗑️ 24 мусор
2026-07-01 09:49:23,379 | INFO     |   → 615/1336: ✅ 0 взято | 🗑️ 24 мусор
2026-07-01 09:49:23,379 | INFO     |   → 616/1336: ✅ 0 взято | 🗑️ 24 мусор
2026-07-01 09:49:23,379 | INFO     |   → 617/1336: ✅ 0 взято | 🗑️ 24 мусор
2026-07-01 09:49:23,379 | INFO     |   → 618/1336: ✅ 0 взято | 🗑️ 24 мусор
2026-07-01 09:49:23,379 | INFO     |   → 619/1336: ✅ 0 взято | 🗑️ 24 мусор
2026-07-01 09:49:23,379 | INFO     |   → 620/1336: ✅ 0 взято | 🗑️ 24 мусор
2026-07-01 09:49:23,379 | INFO     |   → 621/1336: ✅ 0 взято | 🗑️ 24 мусор
2026-07-01 09:49:23,379 | INFO     |   → 622/1336: ✅ 0 взято | 🗑️ 24 мусор
2026-07-01 09:49:23,379 | INFO     |   → 623/1336: ✅ 0 взято | 🗑️ 24 мусор
2026-07-01 09:49:23,379 | INFO     |   → 624/1336: ✅ 0 взято | 🗑️ 24 мусор
2026-07-01 09:49:23,379 | INFO     |   → 625/1336: ✅ 0 взято | 🗑️ 7 мусор
2026-07-01 09:49:23,379 | INFO     |   → 626/1336: ✅ 0 взято | 🗑️ 7 мусор
2026-07-01 09:49:23,379 | INFO     |   → 627/1336: ✅ 0 взято | 🗑️ 7 мусор
2026-07-01 09:49:23,379 | INFO     |   → 628/1336: ✅ 0 взято | 🗑️ 7 мусор
2026-07-01 09:49:23,379 | INFO     |   → 629/1336: ✅ 0 взято | 🗑️ 7 мусор
2026-07-01 09:49:23,379 | INFO     |   → 630/1336: ✅ 0 взято | 🗑️ 7 мусор
2026-07-01 09:49:23,379 | INFO     |   → 631/1336: ✅ 0 взято | 🗑️ 7 мусор
2026-07-01 09:49:23,379 | INFO     |   → 632/1336: ✅ 0 взято | 🗑️ 7 мусор
2026-07-01 09:49:23,379 | INFO     |   → 633/1336: ✅ 0 взято | 🗑️ 7 мусор
2026-07-01 09:49:23,379 | INFO     |   → 634/1336: ✅ 0 взято | 🗑️ 7 мусор
2026-07-01 09:49:23,379 | INFO     |   → 635/1336: ✅ 0 взято | 🗑️ 9 мусор
2026-07-01 09:49:23,379 | INFO     |   → 636/1336: ✅ 0 взято | 🗑️ 9 мусор
2026-07-01 09:49:23,379 | INFO     |   → 637/1336: ✅ 0 взято | 🗑️ 9 мусор
2026-07-01 09:49:23,379 | INFO     |   → 638/1336: ✅ 0 взято | 🗑️ 9 мусор
2026-07-01 09:49:23,380 | INFO     |   → 639/1336: ✅ 0 взято | 🗑️ 9 мусор
2026-07-01 09:49:23,380 | INFO     |   → 640/1336: ✅ 0 взято | 🗑️ 9 мусор
2026-07-01 09:49:23,380 | INFO     |   → 641/1336: ✅ 0 взято | 🗑️ 9 мусор
2026-07-01 09:49:23,380 | INFO     |   → 642/1336: ✅ 0 взято | 🗑️ 9 мусор
2026-07-01 09:49:23,380 | INFO     |   → 643/1336: ✅ 0 взято | 🗑️ 9 мусор
2026-07-01 09:49:23,380 | INFO     |   → 644/1336: ✅ 0 взято | 🗑️ 9 мусор
2026-07-01 09:49:23,380 | INFO     |   → 645/1336: ✅ 0 взято | 🗑️ 10 мусор
2026-07-01 09:49:23,380 | INFO     |   → 646/1336: ✅ 0 взято | 🗑️ 10 мусор
2026-07-01 09:49:23,380 | INFO     |   → 647/1336: ✅ 0 взято | 🗑️ 10 мусор
2026-07-01 09:49:23,380 | INFO     |   → 648/1336: ✅ 0 взято | 🗑️ 10 мусор
2026-07-01 09:49:23,380 | INFO     |   → 649/1336: ✅ 0 взято | 🗑️ 10 мусор
2026-07-01 09:49:23,380 | INFO     |   → 650/1336: ✅ 0 взято | 🗑️ 10 мусор
2026-07-01 09:49:23,380 | INFO     |   → 651/1336: ✅ 0 взято | 🗑️ 10 мусор
2026-07-01 09:49:23,380 | INFO     |   → 652/1336: ✅ 0 взято | 🗑️ 10 мусор
2026-07-01 09:49:23,380 | INFO     |   → 653/1336: ✅ 0 взято | 🗑️ 10 мусор
2026-07-01 09:49:23,380 | INFO     |   → 654/1336: ✅ 0 взято | 🗑️ 10 мусор
2026-07-01 09:49:23,380 | INFO     |   → 655/1336: ✅ 0 взято | 🗑️ 0 мусор
2026-07-01 09:49:23,380 | INFO     |   → 656/1336: ✅ 0 взято | 🗑️ 0 мусор
2026-07-01 09:49:23,380 | INFO     |   → 657/1336: ✅ 0 взято | 🗑️ 0 мусор
2026-07-01 09:49:23,380 | INFO     |   → 658/1336: ✅ 0 взято | 🗑️ 0 мусор
2026-07-01 09:49:23,380 | INFO     |   → 659/1336: ✅ 0 взято | 🗑️ 0 мусор
2026-07-01 09:49:23,380 | INFO     |   → 660/1336: ✅ 0 взято | 🗑️ 0 мусор
2026-07-01 09:49:23,380 | INFO     |   → 661/1336: ✅ 0 взято | 🗑️ 0 мусор
2026-07-01 09:49:23,380 | INFO     |   → 662/1336: ✅ 0 взято | 🗑️ 0 мусор
2026-07-01 09:49:23,380 | INFO     |   → 663/1336: ✅ 0 взято | 🗑️ 0 мусор
2026-07-01 09:49:23,380 | INFO     |   → 664/1336: ✅ 0 взято | 🗑️ 0 мусор
2026-07-01 09:49:23,380 | INFO     |   → 665/1336: ✅ 0 взято | 🗑️ 0 мусор
2026-07-01 09:49:23,380 | INFO     |   → 666/1336: ✅ 0 взято | 🗑️ 0 мусор
2026-07-01 09:49:23,380 | INFO     |   → 667/1336 ❌ HTTP 404 — https://raw.githubusercontent.com/10ium/MihomoSaz/main/Sublist/shatakvpn.yaml4_Sub.txt
2026-07-01 09:49:23,380 | INFO     |   → 668/1336: ✅ 0 взято | 🗑️ 0 мусор
2026-07-01 09:49:23,380 | INFO     |   → 669/1336: ✅ 0 взято | 🗑️ 0 мусор
2026-07-01 09:49:23,380 | INFO     |   → 670/1336: ✅ 167 взято | 🗑️ 672 мусор
2026-07-01 09:49:23,380 | INFO     |   → 671/1336: ✅ 0 взято | 🗑️ 0 мусор
2026-07-01 09:49:23,380 | INFO     |   → 672/1336: ✅ 0 взято | 🗑️ 0 мусор
2026-07-01 09:49:23,380 | INFO     |   → 673/1336: ✅ 11 взято | 🗑️ 399 мусор
2026-07-01 09:49:23,380 | INFO     |   → 674/1336: ✅ 0 взято | 🗑️ 0 мусор
2026-07-01 09:49:23,380 | INFO     |   → 675/1336 ❌ HTTP 404 — https://raw.githubusercontent.com/9Fork/openit/main/Clash.yaml
2026-07-01 09:49:23,380 | INFO     |   → 676/1336: ✅ 134 взято | 🗑️ 686 мусор
2026-07-01 09:49:23,380 | INFO     |   → 677/1336: ✅ 0 взято | 🗑️ 686 мусор
2026-07-01 09:49:23,380 | INFO     |   → 678/1336: ✅ 19 взято | 🗑️ 81 мусор
2026-07-01 09:49:23,381 | INFO     |   → 679/1336: ✅ 11 взято | 🗑️ 87 мусор
2026-07-01 09:49:23,381 | INFO     |   → 680/1336: ✅ 27 взято | 🗑️ 73 мусор
2026-07-01 09:49:23,381 | INFO     |   → 681/1336: ✅ 13 взято | 🗑️ 75 мусор
2026-07-01 09:49:23,381 | INFO     |   → 682/1336: ✅ 10 взято | 🗑️ 83 мусор
2026-07-01 09:49:23,381 | INFO     |   → 683/1336: ✅ 12 взято | 🗑️ 86 мусор
2026-07-01 09:49:23,381 | INFO     |   → 684/1336: ✅ 11 взято | 🗑️ 87 мусор
2026-07-01 09:49:23,381 | INFO     |   → 685/1336: ✅ 11 взято | 🗑️ 80 мусор
2026-07-01 09:49:23,381 | INFO     |   → 686/1336: ✅ 9 взято | 🗑️ 82 мусор
2026-07-01 09:49:23,381 | INFO     |   → 687/1336: ✅ 69 взято | 🗑️ 3 мусор
2026-07-01 09:49:23,381 | INFO     |   → 688/1336: ✅ 3 взято | 🗑️ 75 мусор
2026-07-01 09:49:23,381 | INFO     |   → 689/1336: ✅ 4 взято | 🗑️ 69 мусор
2026-07-01 09:49:23,381 | INFO     |   → 690/1336: ✅ 4 взято | 🗑️ 80 мусор
2026-07-01 09:49:23,381 | INFO     |   → 691/1336: ✅ 6 взято | 🗑️ 81 мусор
2026-07-01 09:49:23,381 | INFO     |   → 692/1336: ✅ 5 взято | 🗑️ 79 мусор
2026-07-01 09:49:23,381 | INFO     |   → 693/1336: ✅ 11 взято | 🗑️ 78 мусор
2026-07-01 09:49:23,381 | INFO     |   → 694/1336: ✅ 3 взято | 🗑️ 83 мусор
2026-07-01 09:49:23,381 | INFO     |   → 695/1336: ✅ 14 взято | 🗑️ 76 мусор
2026-07-01 09:49:23,381 | INFO     |   → 696/1336: ✅ 12 взято | 🗑️ 78 мусор
2026-07-01 09:49:23,381 | INFO     |   → 697/1336: ✅ 26 взято | 🗑️ 218 мусор
2026-07-01 09:49:23,381 | INFO     |   → 698/1336: ✅ 44 взято | 🗑️ 141 мусор
2026-07-01 09:49:23,381 | INFO     |   → 699/1336: ✅ 10 взято | 🗑️ 71 мусор
2026-07-01 09:49:23,381 | INFO     |   → 700/1336: ✅ 2 взято | 🗑️ 88 мусор
2026-07-01 09:49:23,381 | INFO     |   → 701/1336: ✅ 0 взято | 🗑️ 3 мусор
2026-07-01 09:49:23,381 | INFO     |   → 702/1336: ✅ 14 взято | 🗑️ 4 мусор
2026-07-01 09:49:23,381 | INFO     |   → 703/1336: ✅ 690 взято | 🗑️ 2216 мусор
2026-07-01 09:49:23,381 | INFO     |   → 704/1336 ❌ HTTP 404 — https://raw.githubusercontent.com/Alvin9999/pac2/master/clash/1/config.yaml
2026-07-01 09:49:23,381 | INFO     |   → 705/1336 ❌ HTTP 404 — https://raw.githubusercontent.com/AmirHDevo/temp2/7f15e7ddb311a6f8c5ab338bd1af0e1f2136a84b/configs.txt
2026-07-01 09:49:23,381 | INFO     |   → 706/1336: ✅ 44 взято | 🗑️ 529 мусор
2026-07-01 09:49:23,381 | INFO     |   → 707/1336: ✅ 11440 взято | 🗑️ 182681 мусор
2026-07-01 09:49:23,381 | INFO     |   → 708/1336: ✅ 5 взято | 🗑️ 47 мусор
2026-07-01 09:49:23,381 | INFO     |   → 709/1336: ✅ 0 взято | 🗑️ 63 мусор
2026-07-01 09:49:23,381 | INFO     |   → 710/1336: ✅ 21 взято | 🗑️ 107 мусор
2026-07-01 09:49:23,381 | INFO     |   → 711/1336: ✅ 78 взято | 🗑️ 347 мусор
2026-07-01 09:49:23,381 | INFO     |   → 712/1336: ✅ 0 взято | 🗑️ 1373 мусор
2026-07-01 09:49:23,381 | INFO     |   → 713/1336: ✅ 392 взято | 🗑️ 1821 мусор
2026-07-01 09:49:23,382 | INFO     |   → 714/1336: ✅ 0 взято | 🗑️ 6 мусор
2026-07-01 09:49:23,382 | INFO     |   → 715/1336: ✅ 0 взято | 🗑️ 0 мусор
2026-07-01 09:49:23,382 | INFO     |   → 716/1336: ✅ 1 взято | 🗑️ 235 мусор
2026-07-01 09:49:23,382 | INFO     |   → 717/1336: ✅ 0 взято | 🗑️ 16 мусор
2026-07-01 09:49:23,382 | INFO     |   → 718/1336: ✅ 0 взято | 🗑️ 0 мусор
2026-07-01 09:49:23,382 | INFO     |   → 719/1336: ✅ 0 взято | 🗑️ 14 мусор
2026-07-01 09:49:23,382 | INFO     |   → 720/1336: ✅ 0 взято | 🗑️ 0 мусор
2026-07-01 09:49:23,382 | INFO     |   → 721/1336: ✅ 0 взято | 🗑️ 17 мусор
2026-07-01 09:49:23,382 | INFO     |   → 722/1336: ✅ 0 взято | 🗑️ 0 мусор
2026-07-01 09:49:23,382 | INFO     |   → 723/1336: ✅ 1 взято | 🗑️ 12 мусор
2026-07-01 09:49:23,382 | INFO     |   → 724/1336: ✅ 0 взято | 🗑️ 0 мусор
2026-07-01 09:49:23,382 | INFO     |   → 725/1336: ✅ 0 взято | 🗑️ 17 мусор
2026-07-01 09:49:23,382 | INFO     |   → 726/1336: ✅ 0 взято | 🗑️ 0 мусор
2026-07-01 09:49:23,382 | INFO     |   → 727/1336: ✅ 0 взято | 🗑️ 17 мусор
2026-07-01 09:49:23,382 | INFO     |   → 728/1336: ✅ 0 взято | 🗑️ 0 мусор
2026-07-01 09:49:23,382 | INFO     |   → 729/1336: ✅ 0 взято | 🗑️ 161 мусор
2026-07-01 09:49:23,382 | INFO     |   → 730/1336: ✅ 0 взято | 🗑️ 0 мусор
2026-07-01 09:49:23,382 | INFO     |   → 731/1336: ✅ 5 взято | 🗑️ 76 мусор
2026-07-01 09:49:23,382 | INFO     |   → 732/1336: ✅ 80 взято | 🗑️ 1110 мусор
2026-07-01 09:49:23,382 | INFO     |   → 733/1336: ✅ 5 взято | 🗑️ 13 мусор
2026-07-01 09:49:23,382 | INFO     |   → 734/1336 ❌ HTTP 404 — https://raw.githubusercontent.com/Epodonios/bulk-xray-v2ray-vless-vmess-...-configs/main/sub/Austria/config.txt
2026-07-01 09:49:23,382 | INFO     |   → 735/1336 ❌ HTTP 404 — https://raw.githubusercontent.com/Epodonios/bulk-xray-v2ray-vless-vmess-...-configs/main/sub/Canada/config.txt
2026-07-01 09:49:23,382 | INFO     |   → 736/1336 ❌ HTTP 404 — https://raw.githubusercontent.com/Epodonios/bulk-xray-v2ray-vless-vmess-...-configs/main/sub/Costa%20Rica/config.txt
2026-07-01 09:49:23,382 | INFO     |   → 737/1336 ❌ HTTP 404 — https://raw.githubusercontent.com/Epodonios/bulk-xray-v2ray-vless-vmess-...-configs/main/sub/France/config.txt
2026-07-01 09:49:23,382 | INFO     |   → 738/1336 ❌ HTTP 404 — https://raw.githubusercontent.com/Epodonios/bulk-xray-v2ray-vless-vmess-...-configs/main/sub/Germany/config.txt
2026-07-01 09:49:23,382 | INFO     |   → 739/1336 ❌ HTTP 404 — https://raw.githubusercontent.com/Epodonios/bulk-xray-v2ray-vless-vmess-...-configs/main/sub/Indonesia/config.txt
2026-07-01 09:49:23,382 | INFO     |   → 740/1336 ❌ HTTP 404 — https://raw.githubusercontent.com/Epodonios/bulk-xray-v2ray-vless-vmess-...-configs/main/sub/Ireland/config.txt
2026-07-01 09:49:23,382 | INFO     |   → 741/1336 ❌ HTTP 404 — https://raw.githubusercontent.com/Epodonios/bulk-xray-v2ray-vless-vmess-...-configs/main/sub/Republic%20of%20Lithuania/config.txt
2026-07-01 09:49:23,382 | INFO     |   → 742/1336 ❌ HTTP 404 — https://raw.githubusercontent.com/Epodonios/bulk-xray-v2ray-vless-vmess-...-configs/main/sub/South%20Africa/config.txt
2026-07-01 09:49:23,382 | INFO     |   → 743/1336 ❌ HTTP 404 — https://raw.githubusercontent.com/Epodonios/bulk-xray-v2ray-vless-vmess-...-configs/main/sub/Sweden/config.txt
2026-07-01 09:49:23,382 | INFO     |   → 744/1336 ❌ HTTP 404 — https://raw.githubusercontent.com/Epodonios/bulk-xray-v2ray-vless-vmess-...-configs/main/sub/Turkey/config.txt
2026-07-01 09:49:23,382 | INFO     |   → 745/1336 ❌ HTTP 404 — https://raw.githubusercontent.com/Epodonios/bulk-xray-v2ray-vless-vmess-...-configs/main/sub/United%20Arab%20Emirates/config.txt
2026-07-01 09:49:23,382 | INFO     |   → 746/1336 ❌ HTTP 404 — https://raw.githubusercontent.com/Epodonios/bulk-xray-v2ray-vless-vmess-...-configs/main/sub/United%20Kingdom/config.txt
2026-07-01 09:49:23,382 | INFO     |   → 747/1336 ❌ HTTP 404 — https://raw.githubusercontent.com/Epodonios/bulk-xray-v2ray-vless-vmess-...-configs/main/sub/United%20States/config.txt
2026-07-01 09:49:23,382 | INFO     |   → 748/1336: ✅ 48 взято | 🗑️ 6259 мусор
2026-07-01 09:49:23,382 | INFO     |   → 749/1336 ❌ HTTP 404 — https://raw.githubusercontent.com/Epodonios/v2ray-configs/main/Splitted-By-Protocol/mix.txt
2026-07-01 09:49:23,382 | INFO     |   → 750/1336: ✅ 0 взято | 🗑️ 515 мусор
2026-07-01 09:49:23,382 | INFO     |   → 751/1336: ✅ 0 взято | 🗑️ 0 мусор
2026-07-01 09:49:23,383 | INFO     |   → 752/1336: ✅ 0 взято | 🗑️ 1071 мусор
2026-07-01 09:49:23,383 | INFO     |   → 753/1336: ✅ 1 взято | 🗑️ 4514 мусор
2026-07-01 09:49:23,383 | INFO     |   → 754/1336: ✅ 0 взято | 🗑️ 161 мусор
2026-07-01 09:49:23,383 | INFO     |   → 755/1336 ❌ HTTP 404 — https://raw.githubusercontent.com/Epodonios/v2ray-configs/raw/main/Splitted-By-Protocol/trojan.txt
2026-07-01 09:49:23,383 | INFO     |   → 756/1336 ❌ HTTP 404 — https://raw.githubusercontent.com/Epodonios/v2ray-configs/raw/main/Splitted-By-Protocol/vmess.txt
2026-07-01 09:49:23,383 | INFO     |   → 757/1336: ✅ 0 взято | 🗑️ 515 мусор
2026-07-01 09:49:23,383 | INFO     |   → 758/1336: ✅ 0 взято | 🗑️ 0 мусор
2026-07-01 09:49:23,383 | INFO     |   → 759/1336: ✅ 0 взято | 🗑️ 1071 мусор
2026-07-01 09:49:23,383 | INFO     |   → 760/1336: ✅ 0 взято | 🗑️ 4514 мусор
2026-07-01 09:49:23,383 | INFO     |   → 761/1336: ✅ 0 взято | 🗑️ 161 мусор
2026-07-01 09:49:23,383 | INFO     |   → 762/1336 ❌ HTTP 404 — https://raw.githubusercontent.com/Fido6/FreeNodes/57221e59caddde55ffdda21d491ae952cd608049/nodes/halekj.txt
2026-07-01 09:49:23,383 | INFO     |   → 763/1336 ❌ HTTP 404 — https://raw.githubusercontent.com/Fido6/FreeNodes/57221e59caddde55ffdda21d491ae952cd608049/nodes/kkzui.txt
2026-07-01 09:49:23,383 | INFO     |   → 764/1336 ❌ HTTP 404 — https://raw.githubusercontent.com/Fido6/FreeNodes/57221e59caddde55ffdda21d491ae952cd608049/nodes/wenode.txt
2026-07-01 09:49:23,383 | INFO     |   → 765/1336: ✅ 0 взято | 🗑️ 0 мусор
2026-07-01 09:49:23,383 | INFO     |   → 766/1336: ✅ 0 взято | 🗑️ 0 мусор
2026-07-01 09:49:23,383 | INFO     |   → 767/1336: ✅ 14 взято | 🗑️ 250 мусор
2026-07-01 09:49:23,383 | INFO     |   → 768/1336: ✅ 0 взято | 🗑️ 21 мусор
2026-07-01 09:49:23,383 | INFO     |   → 769/1336: ✅ 1 взято | 🗑️ 17 мусор
2026-07-01 09:49:23,383 | INFO     |   → 770/1336: ✅ 4 взято | 🗑️ 11 мусор
2026-07-01 09:49:23,383 | INFO     |   → 771/1336: ✅ 0 взято | 🗑️ 0 мусор
2026-07-01 09:49:23,383 | INFO     |   → 772/1336: ✅ 0 взято | 🗑️ 137 мусор
2026-07-01 09:49:23,383 | INFO     |   → 773/1336: ✅ 0 взято | 🗑️ 32 мусор
2026-07-01 09:49:23,383 | INFO     |   → 774/1336: ✅ 2 взято | 🗑️ 19 мусор
2026-07-01 09:49:23,383 | INFO     |   → 775/1336: ✅ 0 взято | 🗑️ 43 мусор
2026-07-01 09:49:23,383 | INFO     |   → 776/1336: ✅ 0 взято | 🗑️ 43 мусор
2026-07-01 09:49:23,383 | INFO     |   → 777/1336 ❌ HTTP 404 — https://raw.githubusercontent.com/Iran-v2ray/v2ray/main/v2ray
2026-07-01 09:49:23,383 | INFO     |   → 778/1336: ✅ 0 взято | 🗑️ 1 мусор
2026-07-01 09:49:23,383 | INFO     |   → 779/1336: ✅ 0 взято | 🗑️ 1 мусор
2026-07-01 09:49:23,383 | INFO     |   → 780/1336: ✅ 0 взято | 🗑️ 28 мусор
2026-07-01 09:49:23,383 | INFO     |   → 781/1336: ✅ 14 взято | 🗑️ 282 мусор
2026-07-01 09:49:23,383 | INFO     |   → 782/1336: ✅ 0 взято | 🗑️ 94 мусор
2026-07-01 09:49:23,383 | INFO     |   → 783/1336: ✅ 0 взято | 🗑️ 0 мусор
2026-07-01 09:49:23,383 | INFO     |   → 784/1336: ✅ 0 взято | 🗑️ 0 мусор
2026-07-01 09:49:23,383 | INFO     |   → 785/1336 ❌ HTTP 404 — https://raw.githubusercontent.com/Kwinshadow/TelegramV2rayCollector/raw/refs/heads/main/sublinks/mix.txt
2026-07-01 09:49:23,383 | INFO     |   → 786/1336 ❌ HTTP 404 — https://raw.githubusercontent.com/LalatinaHub/Mineral/raw/refs/heads/master/result/nodes
2026-07-01 09:49:23,383 | INFO     |   → 787/1336 ❌ HTTP 404 — https://raw.githubusercontent.com/Leon406/SubCrawler/main/sub/share/all3
2026-07-01 09:49:23,383 | INFO     |   → 788/1336 ❌ HTTP 404 — https://raw.githubusercontent.com/Leon406/SubCrawler/main/sub/share/all4
2026-07-01 09:49:23,383 | INFO     |   → 789/1336: ✅ 4 взято | 🗑️ 335 мусор
2026-07-01 09:49:23,383 | INFO     |   → 790/1336: ✅ 0 взято | 🗑️ 33 мусор
2026-07-01 09:49:23,383 | INFO     |   → 791/1336: ✅ 0 взято | 🗑️ 6 мусор
2026-07-01 09:49:23,383 | INFO     |   → 792/1336: ✅ 0 взято | 🗑️ 147 мусор
2026-07-01 09:49:23,383 | INFO     |   → 793/1336 ❌ HTTP 404 — https://raw.githubusercontent.com/M-Mashreghi/free-config-collector/main/Splitted-By-Protocol/ssr.txt
2026-07-01 09:49:23,383 | INFO     |   → 794/1336: ✅ 139 взято | 🗑️ 114 мусор
2026-07-01 09:49:23,384 | INFO     |   → 795/1336: ✅ 126 взято | 🗑️ 137 мусор
2026-07-01 09:49:23,384 | INFO     |   → 796/1336: ✅ 0 взято | 🗑️ 12 мусор
2026-07-01 09:49:23,384 | INFO     |   → 797/1336: ✅ 0 взято | 🗑️ 1 мусор
2026-07-01 09:49:23,384 | INFO     |   → 798/1336: ✅ 59 взято | 🗑️ 32 мусор
2026-07-01 09:49:23,384 | INFO     |   → 799/1336: ✅ 0 взято | 🗑️ 32 мусор
2026-07-01 09:49:23,384 | INFO     |   → 800/1336 ❌ HTTP 404 — https://raw.githubusercontent.com/MatinGhanbari/v2ray-configs/main/subscriptions/filtered/subs/hy2.txt
2026-07-01 09:49:23,384 | INFO     |   → 801/1336: ✅ 25 взято | 🗑️ 1162 мусор
2026-07-01 09:49:23,384 | INFO     |   → 802/1336 ❌ HTTP 404 — https://raw.githubusercontent.com/MatinGhanbari/v2ray-configs/main/subscriptions/filtered/subs/ssr.txt
2026-07-01 09:49:23,384 | INFO     |   → 803/1336: ✅ 42 взято | 🗑️ 566 мусор
2026-07-01 09:49:23,384 | INFO     |   → 804/1336 ❌ HTTP 404 — https://raw.githubusercontent.com/MatinGhanbari/v2ray-configs/main/subscriptions/filtered/subs/tuic.txt
2026-07-01 09:49:23,384 | INFO     |   → 805/1336: ✅ 17 взято | 🗑️ 444 мусор
2026-07-01 09:49:23,384 | INFO     |   → 806/1336: ✅ 249 взято | 🗑️ 1459 мусор
2026-07-01 09:49:23,384 | INFO     |   → 807/1336: ✅ 0 взято | 🗑️ 2 мусор
2026-07-01 09:49:23,384 | INFO     |   → 808/1336: ✅ 211 взято | 🗑️ 1310 мусор
2026-07-01 09:49:23,384 | INFO     |   → 809/1336: ✅ 0 взято | 🗑️ 604 мусор
2026-07-01 09:49:23,384 | INFO     |   → 810/1336: ✅ 0 взято | 🗑️ 604 мусор
2026-07-01 09:49:23,384 | INFO     |   → 811/1336: ✅ 0 взято | 🗑️ 148 мусор
2026-07-01 09:49:23,384 | INFO     |   → 812/1336: ✅ 0 взято | 🗑️ 2 мусор
2026-07-01 09:49:23,384 | INFO     |   → 813/1336: ✅ 0 взято | 🗑️ 485 мусор
2026-07-01 09:49:23,384 | INFO     |   → 814/1336: ✅ 0 взято | 🗑️ 79 мусор
2026-07-01 09:49:23,384 | INFO     |   → 815/1336 ❌ HTTP 404 — https://raw.githubusercontent.com/MhdiTaheri/V2rayCollector/raw/refs/heads/main/sub/mix
2026-07-01 09:49:23,384 | INFO     |   → 816/1336: ✅ 53 взято | 🗑️ 267 мусор
2026-07-01 09:49:23,384 | INFO     |   → 817/1336 ❌ HTTP 404 — https://raw.githubusercontent.com/MhdiTaheri/V2rayCollector_Py/raw/refs/heads/main/sub/Mix/mix.txt
2026-07-01 09:49:23,384 | INFO     |   → 818/1336: ✅ 0 взято | 🗑️ 0 мусор
2026-07-01 09:49:23,384 | INFO     |   → 819/1336: ✅ 43 взято | 🗑️ 217 мусор
2026-07-01 09:49:23,384 | INFO     |   → 820/1336: ✅ 0 взято | 🗑️ 31 мусор
2026-07-01 09:49:23,384 | INFO     |   → 821/1336: ✅ 94 взято | 🗑️ 282 мусор
2026-07-01 09:49:23,384 | INFO     |   → 822/1336: ✅ 0 взято | 🗑️ 26 мусор
2026-07-01 09:49:23,384 | INFO     |   → 823/1336 ❌ HTTP 404 — https://raw.githubusercontent.com/MrMohebi/xray-proxy-grabber-telegram/master/collected-proxies/clash-meta/all.yaml
2026-07-01 09:49:23,384 | INFO     |   → 824/1336 ❌ HTTP 404 — https://raw.githubusercontent.com/MrMohebi/xray-proxy-grabber-telegram/master/collected-proxies/row-url/actives.txt
2026-07-01 09:49:23,384 | INFO     |   → 825/1336 ❌ HTTP 404 — https://raw.githubusercontent.com/MrMohebi/xray-proxy-grabber-telegram/master/collected-proxies/row-url/all.txt
2026-07-01 09:49:23,384 | INFO     |   → 826/1336: ✅ 0 взято | 🗑️ 13 мусор
2026-07-01 09:49:23,384 | INFO     |   → 827/1336: ✅ 0 взято | 🗑️ 13 мусор
2026-07-01 09:49:23,384 | INFO     |   → 828/1336: ✅ 5 взято | 🗑️ 15 мусор
2026-07-01 09:49:23,384 | INFO     |   → 829/1336: ✅ 0 взято | 🗑️ 30 мусор
2026-07-01 09:49:23,385 | INFO     |   → 830/1336: ✅ 0 взято | 🗑️ 15 мусор
2026-07-01 09:49:23,385 | INFO     |   → 831/1336: ✅ 66 взято | 🗑️ 123 мусор
2026-07-01 09:49:23,385 | INFO     |   → 832/1336: ✅ 133 взято | 🗑️ 65 мусор
2026-07-01 09:49:23,385 | INFO     |   → 833/1336: ✅ 0 взято | 🗑️ 0 мусор
2026-07-01 09:49:23,385 | INFO     |   → 834/1336 ❌ HTTP 404 — https://raw.githubusercontent.com/OpenCNLink/freevpn/3cfcff048bfdd1493ccffa52ecf30ce7f9fc6b28/src/list/vmess.txt
2026-07-01 09:49:23,385 | INFO     |   → 835/1336 ❌ HTTP 404 — https://raw.githubusercontent.com/Pawdro/Collection/main/sub
2026-07-01 09:49:23,385 | INFO     |   → 836/1336: ✅ 0 взято | 🗑️ 18 мусор
2026-07-01 09:49:23,385 | INFO     |   → 837/1336: ✅ 0 взято | 🗑️ 18 мусор
2026-07-01 09:49:23,385 | INFO     |   → 838/1336: ✅ 0 взято | 🗑️ 0 мусор
2026-07-01 09:49:23,385 | INFO     |   → 839/1336: ✅ 0 взято | 🗑️ 0 мусор
2026-07-01 09:49:23,385 | INFO     |   → 840/1336: ✅ 0 взято | 🗑️ 50 мусор
2026-07-01 09:49:23,385 | INFO     |   → 841/1336: ✅ 5 взято | 🗑️ 206 мусор
2026-07-01 09:49:23,385 | INFO     |   → 842/1336: ✅ 21 взято | 🗑️ 138 мусор
2026-07-01 09:49:23,385 | INFO     |   → 843/1336: ✅ 23 взято | 🗑️ 89 мусор
2026-07-01 09:49:23,385 | INFO     |   → 844/1336: ✅ 9 взято | 🗑️ 85 мусор
2026-07-01 09:49:23,385 | INFO     |   → 845/1336: ✅ 0 взято | 🗑️ 129 мусор
2026-07-01 09:49:23,385 | INFO     |   → 846/1336: ✅ 0 взято | 🗑️ 81 мусор
2026-07-01 09:49:23,385 | INFO     |   → 847/1336 ❌ HTTP 404 — https://raw.githubusercontent.com/STR97/STRUGOV/refs/heads/main/STR.BYPASS
2026-07-01 09:49:23,385 | INFO     |   → 848/1336: ✅ 4 взято | 🗑️ 34 мусор
2026-07-01 09:49:23,385 | INFO     |   → 849/1336: ✅ 11 взято | 🗑️ 16 мусор
2026-07-01 09:49:23,385 | INFO     |   → 850/1336: ✅ 0 взято | 🗑️ 16 мусор
2026-07-01 09:49:23,385 | INFO     |   → 851/1336: ✅ 0 взято | 🗑️ 27 мусор
2026-07-01 09:49:23,385 | INFO     |   → 852/1336: ✅ 140 взято | 🗑️ 1153 мусор
2026-07-01 09:49:23,385 | INFO     |   → 853/1336: ✅ 29 взято | 🗑️ 54 мусор
2026-07-01 09:49:23,385 | INFO     |   → 854/1336: ✅ 1 взято | 🗑️ 7 мусор
2026-07-01 09:49:23,385 | INFO     |   → 855/1336: ✅ 1 взято | 🗑️ 0 мусор
2026-07-01 09:49:23,385 | INFO     |   → 856/1336: ✅ 5 взято | 🗑️ 25 мусор
2026-07-01 09:49:23,385 | INFO     |   → 857/1336: ✅ 0 взято | 🗑️ 7 мусор
2026-07-01 09:49:23,385 | INFO     |   → 858/1336: ✅ 0 взято | 🗑️ 25 мусор
2026-07-01 09:49:23,385 | INFO     |   → 859/1336: ✅ 4 взято | 🗑️ 291 мусор
2026-07-01 09:49:23,385 | INFO     |   → 860/1336: ✅ 0 взято | 🗑️ 119 мусор
2026-07-01 09:49:23,385 | INFO     |   → 861/1336: ✅ 0 взято | 🗑️ 0 мусор
2026-07-01 09:49:23,385 | INFO     |   → 862/1336 ❌ HTTP 404 — https://raw.githubusercontent.com/V2RAYCONFIGSPOOL/V2RAY_SUB/main/V2RAY_SUB.txt
2026-07-01 09:49:23,385 | INFO     |   → 863/1336: ✅ 63 взято | 🗑️ 118 мусор
2026-07-01 09:49:23,385 | INFO     |   → 864/1336: ✅ 88 взято | 🗑️ 44 мусор
2026-07-01 09:49:23,385 | INFO     |   → 865/1336: ✅ 0 взято | 🗑️ 0 мусор
2026-07-01 09:49:23,385 | INFO     |   → 866/1336: ✅ 0 взято | 🗑️ 44 мусор
2026-07-01 09:49:23,385 | INFO     |   → 867/1336: ✅ 58 взято | 🗑️ 348 мусор
2026-07-01 09:49:23,385 | INFO     |   → 868/1336: ✅ 0 взято | 🗑️ 0 мусор
2026-07-01 09:49:23,385 | INFO     |   → 869/1336: ✅ 4 взято | 🗑️ 458 мусор
2026-07-01 09:49:23,385 | INFO     |   → 870/1336 ❌ HTTP 404 — https://raw.githubusercontent.com/ZYFXS/ZYFXS001/refs/heads/main/20c-youtube%40ZYFXS
2026-07-01 09:49:23,385 | INFO     |   → 871/1336 ❌ HTTP 404 — https://raw.githubusercontent.com/ZYFXS/ZYFXS001/refs/heads/main/20v-youtube%40ZYFXS
2026-07-01 09:49:23,385 | INFO     |   → 872/1336: ✅ 0 взято | 🗑️ 0 мусор
2026-07-01 09:49:23,386 | INFO     |   → 873/1336: ✅ 1 взято | 🗑️ 164 мусор
2026-07-01 09:49:23,386 | INFO     |   → 874/1336 ❌ HTTP 404 — https://raw.githubusercontent.com/ZYFXS/ZYFXS001/refs/heads/main/youtube%40ZYFXS---23c
2026-07-01 09:49:23,386 | INFO     |   → 875/1336 ❌ HTTP 404 — https://raw.githubusercontent.com/ZYFXS/ZYFXS001/refs/heads/main/youtube%40ZYFXS---23v
2026-07-01 09:49:23,386 | INFO     |   → 876/1336: ✅ 0 взято | 🗑️ 0 мусор
2026-07-01 09:49:23,386 | INFO     |   → 877/1336: ✅ 0 взято | 🗑️ 0 мусор
2026-07-01 09:49:23,386 | INFO     |   → 878/1336: ✅ 6 взято | 🗑️ 221 мусор
2026-07-01 09:49:23,386 | INFO     |   → 879/1336 ❌ HTTP 404 — https://raw.githubusercontent.com/ZYFXS/ZYFXS001/refs/heads/main/youtube%40ZYFXS-21c
2026-07-01 09:49:23,386 | INFO     |   → 880/1336 ❌ HTTP 404 — https://raw.githubusercontent.com/ZYFXS/ZYFXS001/refs/heads/main/youtube%40ZYFXS-21v
2026-07-01 09:49:23,386 | INFO     |   → 881/1336: ✅ 1 взято | 🗑️ 251 мусор
2026-07-01 09:49:23,386 | INFO     |   → 882/1336: ✅ 1 взято | 🗑️ 231 мусор
2026-07-01 09:49:23,386 | INFO     |   → 883/1336: ✅ 0 взято | 🗑️ 0 мусор
2026-07-01 09:49:23,386 | INFO     |   → 884/1336: ✅ 1 взято | 🗑️ 83 мусор
2026-07-01 09:49:23,386 | INFO     |   → 885/1336: ✅ 0 взято | 🗑️ 16 мусор
2026-07-01 09:49:23,386 | INFO     |   → 886/1336: ✅ 0 взято | 🗑️ 16 мусор
2026-07-01 09:49:23,386 | INFO     |   → 887/1336 ❌ HTTP 404 — https://raw.githubusercontent.com/aiboboxx/clashfree/main/clash.yml
2026-07-01 09:49:23,386 | INFO     |   → 888/1336 ❌ HTTP 404 — https://raw.githubusercontent.com/aiboboxx/v2rayfree/main/v2
2026-07-01 09:49:23,386 | INFO     |   → 889/1336 ❌ HTTP 404 — https://raw.githubusercontent.com/amirmohammad-mohammad-88/Sub-Reality-Azadi-config/Config/Azadi-Reality-Different
2026-07-01 09:49:23,386 | INFO     |   → 890/1336 ❌ HTTP 404 — https://raw.githubusercontent.com/amirmohammad-mohammad-88/Sub-Reality-Azadi-config/Config/Azadi-Reality-Different-Base64
2026-07-01 09:49:23,386 | INFO     |   → 891/1336: ✅ 1 взято | 🗑️ 17 мусор
2026-07-01 09:49:23,386 | INFO     |   → 892/1336: ✅ 0 взято | 🗑️ 0 мусор
2026-07-01 09:49:23,386 | INFO     |   → 893/1336: ✅ 4 взято | 🗑️ 114 мусор
2026-07-01 09:49:23,386 | INFO     |   → 894/1336: ✅ 26 взято | 🗑️ 73 мусор
2026-07-01 09:49:23,386 | INFO     |   → 895/1336 ❌ HTTP 404 — https://raw.githubusercontent.com/awesome-vpn/awesome-vpn/master/ss
2026-07-01 09:49:23,386 | INFO     |   → 896/1336 ❌ HTTP 404 — https://raw.githubusercontent.com/awesome-vpn/awesome-vpn/master/ssr
2026-07-01 09:49:23,386 | INFO     |   → 897/1336: ✅ 0 взято | 🗑️ 0 мусор
2026-07-01 09:49:23,387 | INFO     |   → 898/1336: ✅ 1 взято | 🗑️ 22 мусор
2026-07-01 09:49:23,387 | INFO     |   → 899/1336: ✅ 49 взято | 🗑️ 448 мусор
2026-07-01 09:49:23,387 | INFO     |   → 900/1336 ❌ HTTP 404 — https://raw.githubusercontent.com/barry-far/V2ray-Configs/ced94ddfff48276ec365b40227561f36b1b64bc8/Sub5.txt
2026-07-01 09:49:23,387 | INFO     |   → 901/1336 ❌ HTTP 404 — https://raw.githubusercontent.com/barry-far/V2ray-Configs/main/Splitted-By-Protocol/hysteria2.txt
2026-07-01 09:49:23,387 | INFO     |   → 902/1336 ❌ HTTP 404 — https://raw.githubusercontent.com/barry-far/V2ray-Configs/main/Splitted-By-Protocol/vless.txt
2026-07-01 09:49:23,387 | INFO     |   → 903/1336 ❌ HTTP 404 — https://raw.githubusercontent.com/barry-far/V2ray-Configs/main/Sub1.txt
2026-07-01 09:49:23,387 | INFO     |   → 904/1336 ❌ HTTP 404 — https://raw.githubusercontent.com/barry-far/V2ray-Configs/refs/heads/main/All_Configs_Sub.txt
2026-07-01 09:49:23,387 | INFO     |   → 905/1336: ✅ 0 взято | 🗑️ 0 мусор
2026-07-01 09:49:23,387 | INFO     |   → 906/1336 ❌ HTTP 404 — https://raw.githubusercontent.com/budamu/clashconfig/main/v2ray.txt
2026-07-01 09:49:23,387 | INFO     |   → 907/1336 ❌ HTTP 404 — https://raw.githubusercontent.com/budamu/clashconfig/main/v2ray2.txt
2026-07-01 09:49:23,387 | INFO     |   → 908/1336: ✅ 0 взято | 🗑️ 0 мусор
2026-07-01 09:49:23,387 | INFO     |   → 909/1336: ✅ 0 взято | 🗑️ 442 мусор
2026-07-01 09:49:23,387 | INFO     |   → 910/1336: ✅ 0 взято | 🗑️ 0 мусор
2026-07-01 09:49:23,387 | INFO     |   → 911/1336 ❌ HTTP 404 — https://raw.githubusercontent.com/chxxyz2004/zd/17fca23b73c46b5dd73e9be49b14d219b5e5f836/sub/2401/240110.txt
2026-07-01 09:49:23,387 | INFO     |   → 912/1336: ✅ 0 взято | 🗑️ 44 мусор
2026-07-01 09:49:23,387 | INFO     |   → 913/1336: ✅ 236 взято | 🗑️ 517 мусор
2026-07-01 09:49:23,387 | INFO     |   → 914/1336 ❌ HTTP 404 — https://raw.githubusercontent.com/cxr9912/cxr2022/main/free.yaml
2026-07-01 09:49:23,387 | INFO     |   → 915/1336 ❌ HTTP 404 — https://raw.githubusercontent.com/cxr9912/cxr2022/main/mix.yaml
2026-07-01 09:49:23,387 | INFO     |   → 916/1336 ❌ HTTP 404 — https://raw.githubusercontent.com/cxr9912/cxr2022/main/ss.yaml
2026-07-01 09:49:23,387 | INFO     |   → 917/1336 ❌ HTTP 404 — https://raw.githubusercontent.com/cxr9912/cxr2022/main/ssr.yaml
2026-07-01 09:49:23,387 | INFO     |   → 918/1336 ❌ HTTP 404 — https://raw.githubusercontent.com/cxr9912/cxr2022/main/vmess.yaml
2026-07-01 09:49:23,387 | INFO     |   → 919/1336 ❌ HTTP 404 — https://raw.githubusercontent.com/cxr9912/cxr2022/refs/heads/main/18cj.json
2026-07-01 09:49:23,387 | INFO     |   → 920/1336 ❌ HTTP 404 — https://raw.githubusercontent.com/cxr9912/cxr2022/refs/heads/main/aaaaaaaa.yaml
2026-07-01 09:49:23,387 | INFO     |   → 921/1336 ❌ HTTP 404 — https://raw.githubusercontent.com/cxr9912/cxr2022/refs/heads/main/free.yaml
2026-07-01 09:49:23,388 | INFO     |   → 922/1336 ❌ HTTP 404 — https://raw.githubusercontent.com/cxr9912/cxr2022/refs/heads/main/ss2088.txt
2026-07-01 09:49:23,388 | INFO     |   → 923/1336: ✅ 0 взято | 🗑️ 18 мусор
2026-07-01 09:49:23,388 | INFO     |   → 924/1336: ✅ 0 взято | 🗑️ 18 мусор
2026-07-01 09:49:23,388 | INFO     |   → 925/1336: ✅ 6 взято | 🗑️ 78 мусор
2026-07-01 09:49:23,388 | INFO     |   → 926/1336: ✅ 6 взято | 🗑️ 4 мусор
2026-07-01 09:49:23,388 | INFO     |   → 927/1336: ✅ 0 взято | 🗑️ 2 мусор
2026-07-01 09:49:23,388 | INFO     |   → 928/1336: ✅ 0 взято | 🗑️ 2 мусор
2026-07-01 09:49:23,388 | INFO     |   → 929/1336: ✅ 0 взято | 🗑️ 2 мусор
2026-07-01 09:49:23,388 | INFO     |   → 930/1336: ✅ 1 взято | 🗑️ 3 мусор
2026-07-01 09:49:23,388 | INFO     |   → 931/1336: ✅ 0 взято | 🗑️ 2 мусор
2026-07-01 09:49:23,388 | INFO     |   → 932/1336: ✅ 4 взято | 🗑️ 4 мусор
2026-07-01 09:49:23,388 | INFO     |   → 933/1336: ✅ 1 взято | 🗑️ 1 мусор
2026-07-01 09:49:23,388 | INFO     |   → 934/1336: ✅ 0 взято | 🗑️ 5 мусор
2026-07-01 09:49:23,388 | INFO     |   → 935/1336: ✅ 0 взято | 🗑️ 2 мусор
2026-07-01 09:49:23,388 | INFO     |   → 936/1336: ✅ 0 взято | 🗑️ 0 мусор
2026-07-01 09:49:23,388 | INFO     |   → 937/1336: ✅ 14902 взято | 🗑️ 267800 мусор
2026-07-01 09:49:23,388 | INFO     |   → 938/1336: ✅ 26 взято | 🗑️ 680 мусор
2026-07-01 09:49:23,388 | INFO     |   → 939/1336: ✅ 6 взято | 🗑️ 113 мусор
2026-07-01 09:49:23,388 | INFO     |   → 940/1336: ✅ 0 взято | 🗑️ 0 мусор
2026-07-01 09:49:23,388 | INFO     |   → 941/1336: ✅ 7 взято | 🗑️ 21 мусор
2026-07-01 09:49:23,388 | INFO     |   → 942/1336: ✅ 0 взято | 🗑️ 0 мусор
2026-07-01 09:49:23,388 | INFO     |   → 943/1336: ✅ 13 взято | 🗑️ 19 мусор
2026-07-01 09:49:23,388 | INFO     |   → 944/1336: ✅ 0 взято | 🗑️ 5 мусор
2026-07-01 09:49:23,388 | INFO     |   → 945/1336: ✅ 2 взято | 🗑️ 80 мусор
2026-07-01 09:49:23,388 | INFO     |   → 946/1336 ❌ HTTP 404 — https://raw.githubusercontent.com/free-nodes/v2rayfree/main/v2
2026-07-01 09:49:23,388 | INFO     |   → 947/1336 ❌ HTTP 404 — https://raw.githubusercontent.com/free-v2ray-config/trojan/main/trojan.txt
2026-07-01 09:49:23,388 | INFO     |   → 948/1336 ❌ HTTP 404 — https://raw.githubusercontent.com/free-v2ray-config/vless/main/vless.txt
2026-07-01 09:49:23,388 | INFO     |   → 949/1336 ❌ HTTP 404 — https://raw.githubusercontent.com/free-v2ray-config/vmess/main/vmess.txt
2026-07-01 09:49:23,388 | INFO     |   → 950/1336: ✅ 5 взято | 🗑️ 169 мусор
2026-07-01 09:49:23,388 | INFO     |   → 951/1336: ✅ 34 взято | 🗑️ 121 мусор
2026-07-01 09:49:23,388 | INFO     |   → 952/1336: ✅ 4 взято | 🗑️ 97 мусор
2026-07-01 09:49:23,388 | INFO     |   → 953/1336 ❌ HTTP 404 — https://raw.githubusercontent.com/free18/v2ray/main/Clash.yaml
2026-07-01 09:49:23,388 | INFO     |   → 954/1336: ✅ 0 взято | 🗑️ 0 мусор
2026-07-01 09:49:23,388 | INFO     |   → 955/1336: ✅ 0 взято | 🗑️ 15 мусор
2026-07-01 09:49:23,389 | INFO     |   → 956/1336: ✅ 0 взято | 🗑️ 0 мусор
2026-07-01 09:49:23,389 | INFO     |   → 957/1336: ✅ 0 взято | 🗑️ 8 мусор
2026-07-01 09:49:23,389 | INFO     |   → 958/1336: ✅ 0 взято | 🗑️ 8 мусор
2026-07-01 09:49:23,389 | INFO     |   → 959/1336: ✅ 0 взято | 🗑️ 8 мусор
2026-07-01 09:49:23,389 | INFO     |   → 960/1336: ✅ 0 взято | 🗑️ 8 мусор
2026-07-01 09:49:23,389 | INFO     |   → 961/1336 ❌ HTTP 404 — https://raw.githubusercontent.com/freev2rayconfig/V2RAY_SUB/3e6a7786a1601ee3723e8d043ae79e70dbdfd9a8/v2rayconfigs.txt
2026-07-01 09:49:23,389 | INFO     |   → 962/1336 ❌ HTTP 404 — https://raw.githubusercontent.com/freev2rayconfig/V2RAY_SUBSCRIPTION_LINK/main/v2rayconfigs.txt
2026-07-01 09:49:23,389 | INFO     |   → 963/1336 ❌ HTTP 404 — https://raw.githubusercontent.com/gfpcom/free-proxy-list/main/list/http.txt
2026-07-01 09:49:23,389 | INFO     |   → 964/1336 ❌ HTTP 404 — https://raw.githubusercontent.com/gfpcom/free-proxy-list/main/list/https.txt
2026-07-01 09:49:23,389 | INFO     |   → 965/1336 ❌ HTTP 404 — https://raw.githubusercontent.com/gfpcom/free-proxy-list/main/list/socks4.txt
2026-07-01 09:49:23,389 | INFO     |   → 966/1336 ❌ HTTP 404 — https://raw.githubusercontent.com/gfpcom/free-proxy-list/main/list/socks4a.txt
2026-07-01 09:49:23,389 | INFO     |   → 967/1336 ❌ HTTP 404 — https://raw.githubusercontent.com/gfpcom/free-proxy-list/main/list/socks5.txt
2026-07-01 09:49:23,389 | INFO     |   → 968/1336 ❌ HTTP 404 — https://raw.githubusercontent.com/gfpcom/free-proxy-list/main/list/socks5h.txt
2026-07-01 09:49:23,389 | INFO     |   → 969/1336 ❌ HTTP 404 — https://raw.githubusercontent.com/gfpcom/free-proxy-list/main/list/ss.txt
2026-07-01 09:49:23,389 | INFO     |   → 970/1336 ❌ HTTP 404 — https://raw.githubusercontent.com/gfpcom/free-proxy-list/main/list/ssr.txt
2026-07-01 09:49:23,389 | INFO     |   → 971/1336 ❌ HTTP 404 — https://raw.githubusercontent.com/gfpcom/free-proxy-list/main/list/trojan.txt
2026-07-01 09:49:23,389 | INFO     |   → 972/1336 ❌ HTTP 404 — https://raw.githubusercontent.com/gfpcom/free-proxy-list/main/list/vless.txt
2026-07-01 09:49:23,389 | INFO     |   → 973/1336 ❌ HTTP 404 — https://raw.githubusercontent.com/gfpcom/free-proxy-list/main/list/vmess.txt
2026-07-01 09:49:23,389 | INFO     |   → 974/1336: ✅ 0 взято | 🗑️ 17 мусор
2026-07-01 09:49:23,389 | INFO     |   → 975/1336: ✅ 0 взято | 🗑️ 0 мусор
2026-07-01 09:49:23,389 | INFO     |   → 976/1336: ✅ 4 взято | 🗑️ 63 мусор
2026-07-01 09:49:23,389 | INFO     |   → 977/1336 ❌ HTTP 404 — https://raw.githubusercontent.com/hameed-maleki/TVC/89a4522969c57dcc22458cae9898426e5c4f2679/lite/config.txt
2026-07-01 09:49:23,389 | INFO     |   → 978/1336: ✅ 5 взято | 🗑️ 132 мусор
2026-07-01 09:49:23,389 | INFO     |   → 979/1336: ✅ 0 взято | 🗑️ 56 мусор
2026-07-01 09:49:23,390 | INFO     |   → 980/1336 ❌ HTTP 404 — https://raw.githubusercontent.com/hkaa0/permalink/main/proxy/V2ray
2026-07-01 09:49:23,390 | INFO     |   → 981/1336 ❌ HTTP 404 — https://raw.githubusercontent.com/hkaa0/permalink/main/proxy/clash
2026-07-01 09:49:23,390 | INFO     |   → 982/1336 ❌ HTTP 404 — https://raw.githubusercontent.com/hkpc/Autoproxy/6cf946ddfc677a29062007e4b47d70674474baa7/sub/2401/240110.txt
2026-07-01 09:49:23,390 | INFO     |   → 983/1336 ❌ HTTP 404 — https://raw.githubusercontent.com/hkpc/V2ray-Configs/7d9aa0dabf947af180a7dd6302818ed37950531a/Sub1.txt
2026-07-01 09:49:23,390 | INFO     |   → 984/1336: ✅ 0 взято | 🗑️ 14 мусор
2026-07-01 09:49:23,390 | INFO     |   → 985/1336: ✅ 16 взято | 🗑️ 16 мусор
2026-07-01 09:49:23,390 | INFO     |   → 986/1336 ❌ HTTP 404 — https://raw.githubusercontent.com/iboxz/free-v2ray-collector/main/main
2026-07-01 09:49:23,390 | INFO     |   → 987/1336: ✅ 15 взято | 🗑️ 8 мусор
2026-07-01 09:49:23,390 | INFO     |   → 988/1336: ✅ 14 взято | 🗑️ 46 мусор
2026-07-01 09:49:23,390 | INFO     |   → 989/1336: ✅ 114 взято | 🗑️ 163 мусор
2026-07-01 09:49:23,390 | INFO     |   → 990/1336 ❌ HTTP 404 — https://raw.githubusercontent.com/igareck/vpn-configs-for-russia/refs/heads/main/Vless-Reality-White-Lists-Rus-Cable.txt
2026-07-01 09:49:23,390 | INFO     |   → 991/1336: ✅ 144 взято | 🗑️ 6 мусор
2026-07-01 09:49:23,390 | INFO     |   → 992/1336: ✅ 0 взято | 🗑️ 0 мусор
2026-07-01 09:49:23,390 | INFO     |   → 993/1336: ✅ 0 взято | 🗑️ 0 мусор
2026-07-01 09:49:23,390 | INFO     |   → 994/1336: ✅ 23 взято | 🗑️ 9 мусор
2026-07-01 09:49:23,390 | INFO     |   → 995/1336: ✅ 0 взято | 🗑️ 0 мусор
2026-07-01 09:49:23,390 | INFO     |   → 996/1336: ✅ 0 взято | 🗑️ 0 мусор
2026-07-01 09:49:23,390 | INFO     |   → 997/1336: ✅ 0 взято | 🗑️ 12 мусор
2026-07-01 09:49:23,391 | INFO     |   → 998/1336: ✅ 0 взято | 🗑️ 43 мусор
2026-07-01 09:49:23,391 | INFO     |   → 999/1336 ❌ HTTP 404 — https://raw.githubusercontent.com/jw853355718/clash_233/master/config.yml
2026-07-01 09:49:23,391 | INFO     |   → 1000/1336: ✅ 0 взято | 🗑️ 210 мусор
2026-07-01 09:49:23,391 | INFO     |   → 1001/1336: ✅ 0 взято | 🗑️ 0 мусор
2026-07-01 09:49:23,391 | INFO     |   → 1002/1336: ✅ 0 взято | 🗑️ 0 мусор
2026-07-01 09:49:23,391 | INFO     |   → 1003/1336 ❌ HTTP 404 — https://raw.githubusercontent.com/lcx12901/v2ray-/master/sspool.herokuapp.com/yzcloud.yaml
2026-07-01 09:49:23,391 | INFO     |   → 1004/1336 ❌ HTTP 404 — https://raw.githubusercontent.com/lcx12901/v2ray-/master/sspool.herokuapp.com/yzcloud2.yaml
2026-07-01 09:49:23,391 | INFO     |   → 1005/1336: ✅ 0 взято | 🗑️ 0 мусор
2026-07-01 09:49:23,391 | INFO     |   → 1006/1336 ❌ HTTP 404 — https://raw.githubusercontent.com/learnhard-cn/free_proxy_ss/main/clash/config.yaml
2026-07-01 09:49:23,391 | INFO     |   → 1007/1336: ✅ 0 взято | 🗑️ 8 мусор
2026-07-01 09:49:23,391 | INFO     |   → 1008/1336: ✅ 0 взято | 🗑️ 4 мусор
2026-07-01 09:49:23,391 | INFO     |   → 1009/1336: ✅ 0 взято | 🗑️ 0 мусор
2026-07-01 09:49:23,391 | INFO     |   → 1010/1336: ✅ 0 взято | 🗑️ 4 мусор
2026-07-01 09:49:23,391 | INFO     |   → 1011/1336: ✅ 0 взято | 🗑️ 149 мусор
2026-07-01 09:49:23,391 | INFO     |   → 1012/1336: ✅ 0 взято | 🗑️ 421 мусор
2026-07-01 09:49:23,391 | INFO     |   → 1013/1336 ❌ HTTP 404 — https://raw.githubusercontent.com/lisylva-lee/v2dyku/main/ssr
2026-07-01 09:49:23,391 | INFO     |   → 1014/1336 ❌ HTTP 404 — https://raw.githubusercontent.com/lisylva-lee/v2dyku/main/v2dy
2026-07-01 09:49:23,392 | INFO     |   → 1015/1336: ✅ 0 взято | 🗑️ 53 мусор
2026-07-01 09:49:23,392 | INFO     |   → 1016/1336 ❌ HTTP 404 — https://raw.githubusercontent.com/luxl-1379/merge/77247d23def72b25226dfa741614e9b07a569c72/sub/sub_merge_base64.txt
2026-07-01 09:49:23,392 | INFO     |   → 1017/1336: ✅ 146 взято | 🗑️ 343 мусор
2026-07-01 09:49:23,392 | INFO     |   → 1018/1336: ✅ 83 взято | 🗑️ 116 мусор
2026-07-01 09:49:23,392 | INFO     |   → 1019/1336: ✅ 967 взято | 🗑️ 4189 мусор
2026-07-01 09:49:23,392 | INFO     |   → 1020/1336: ✅ 0 взято | 🗑️ 0 мусор
2026-07-01 09:49:23,392 | INFO     |   → 1021/1336: ✅ 0 взято | 🗑️ 4189 мусор
2026-07-01 09:49:23,392 | INFO     |   → 1022/1336: ✅ 59 взято | 🗑️ 331 мусор
2026-07-01 09:49:23,392 | INFO     |   → 1023/1336 ❌ HTTP 404 — https://raw.githubusercontent.com/mermeroo/Clash-V2ray/main/v2ray
2026-07-01 09:49:23,392 | INFO     |   → 1024/1336: ✅ 15 взято | 🗑️ 417 мусор
2026-07-01 09:49:23,392 | INFO     |   → 1025/1336: ✅ 6 взято | 🗑️ 102 мусор
2026-07-01 09:49:23,392 | INFO     |   → 1026/1336: ✅ 716 взято | 🗑️ 6258 мусор
2026-07-01 09:49:23,392 | INFO     |   → 1027/1336: ✅ 8 взято | 🗑️ 853 мусор
2026-07-01 09:49:23,392 | INFO     |   → 1028/1336: ✅ 32 взято | 🗑️ 69 мусор
2026-07-01 09:49:23,392 | INFO     |   → 1029/1336 ❌ HTTP 404 — https://raw.githubusercontent.com/mermeroo/free-v2ray-collector/main/main/mix
2026-07-01 09:49:23,392 | INFO     |   → 1030/1336 ❌ HTTP 404 — https://raw.githubusercontent.com/mermeroo/free-v2ray-collector/main/main/reality
2026-07-01 09:49:23,392 | INFO     |   → 1031/1336 ❌ HTTP 404 — https://raw.githubusercontent.com/mermeroo/free-v2ray-collector/main/main/shadowsocks
2026-07-01 09:49:23,392 | INFO     |   → 1032/1336 ❌ HTTP 404 — https://raw.githubusercontent.com/mermeroo/free-v2ray-collector/main/main/trojan
2026-07-01 09:49:23,392 | INFO     |   → 1033/1336 ❌ HTTP 404 — https://raw.githubusercontent.com/mermeroo/free-v2ray-collector/main/main/vless
2026-07-01 09:49:23,393 | INFO     |   → 1034/1336 ❌ HTTP 404 — https://raw.githubusercontent.com/mermeroo/free-v2ray-collector/main/main/vmess
2026-07-01 09:49:23,393 | INFO     |   → 1035/1336 ❌ HTTP 404 — https://raw.githubusercontent.com/mfuu/v2ray/master/merge/merge.txt
2026-07-01 09:49:23,393 | INFO     |   → 1036/1336: ✅ 2 взято | 🗑️ 61 мусор
2026-07-01 09:49:23,393 | INFO     |   → 1037/1336: ✅ 0 взято | 🗑️ 61 мусор
2026-07-01 09:49:23,393 | INFO     |   → 1038/1336: ✅ 579 взято | 🗑️ 15078 мусор
2026-07-01 09:49:23,393 | INFO     |   → 1039/1336: ✅ 0 взято | 🗑️ 15078 мусор
2026-07-01 09:49:23,393 | INFO     |   → 1040/1336: ✅ 0 взято | 🗑️ 2848 мусор
2026-07-01 09:49:23,393 | INFO     |   → 1041/1336: ✅ 0 взято | 🗑️ 2133 мусор
2026-07-01 09:49:23,393 | INFO     |   → 1042/1336: ✅ 0 взято | 🗑️ 5903 мусор
2026-07-01 09:49:23,393 | INFO     |   → 1043/1336: ✅ 0 взято | 🗑️ 4194 мусор
2026-07-01 09:49:23,393 | INFO     |   → 1044/1336 ❌ HTTP 404 — https://raw.githubusercontent.com/mianous/qiren/main/qiren.txt
2026-07-01 09:49:23,393 | INFO     |   → 1045/1336 ❌ HTTP 404 — https://raw.githubusercontent.com/miladtahanian/V2RayCFGDumper/refs/heads/main/config.txt
2026-07-01 09:49:23,393 | INFO     |   → 1046/1336 ❌ HTTP 404 — https://raw.githubusercontent.com/miladtahanian/multi-proxy-config-fetcher/refs/heads/main/configs/proxy_configs.txt
2026-07-01 09:49:23,393 | INFO     |   → 1047/1336: ✅ 0 взято | 🗑️ 0 мусор
2026-07-01 09:49:23,393 | INFO     |   → 1048/1336: ✅ 0 взято | 🗑️ 0 мусор
2026-07-01 09:49:23,393 | INFO     |   → 1049/1336: ✅ 0 взято | 🗑️ 0 мусор
2026-07-01 09:49:23,393 | INFO     |   → 1050/1336: ✅ 15 взято | 🗑️ 46 мусор
2026-07-01 09:49:23,394 | INFO     |   → 1051/1336: ✅ 0 взято | 🗑️ 163 мусор
2026-07-01 09:49:23,394 | INFO     |   → 1052/1336: ✅ 0 взято | 🗑️ 0 мусор
2026-07-01 09:49:23,394 | INFO     |   → 1053/1336: ✅ 28 взято | 🗑️ 93 мусор
2026-07-01 09:49:23,394 | INFO     |   → 1054/1336: ✅ 0 взято | 🗑️ 0 мусор
2026-07-01 09:49:23,394 | INFO     |   → 1055/1336: ✅ 15 взято | 🗑️ 70 мусор
2026-07-01 09:49:23,394 | INFO     |   → 1056/1336: ✅ 127 взято | 🗑️ 492 мусор
2026-07-01 09:49:23,394 | INFO     |   → 1057/1336: ✅ 331 взято | 🗑️ 190 мусор
2026-07-01 09:49:23,394 | INFO     |   → 1058/1336: ✅ 60 взято | 🗑️ 1148 мусор
2026-07-01 09:49:23,394 | INFO     |   → 1059/1336 ❌ HTTP 404 — https://raw.githubusercontent.com/obscure1990/freeVM/master/snippets/nodes.yml
2026-07-01 09:49:23,394 | INFO     |   → 1060/1336 ❌ HTTP 404 — https://raw.githubusercontent.com/op30mmd/things/909b38024ba14d69dc0f95c238f63bc6e930a00f/eut.txt
2026-07-01 09:49:23,394 | INFO     |   → 1061/1336 ❌ HTTP 404 — https://raw.githubusercontent.com/openRunner/clash-freenode/main/v2ray.txt
2026-07-01 09:49:23,394 | INFO     |   → 1062/1336 ❌ HTTP 404 — https://raw.githubusercontent.com/oslook/clash-freenode/main/clash.yaml
2026-07-01 09:49:23,394 | INFO     |   → 1063/1336: ✅ 0 взято | 🗑️ 0 мусор
2026-07-01 09:49:23,394 | INFO     |   → 1064/1336: ✅ 4 взято | 🗑️ 1 мусор
2026-07-01 09:49:23,394 | INFO     |   → 1065/1336: ✅ 0 взято | 🗑️ 0 мусор
2026-07-01 09:49:23,394 | INFO     |   → 1066/1336: ✅ 0 взято | 🗑️ 3 мусор
2026-07-01 09:49:23,394 | INFO     |   → 1067/1336: ✅ 0 взято | 🗑️ 0 мусор
2026-07-01 09:49:23,394 | INFO     |   → 1068/1336: ✅ 0 взято | 🗑️ 0 мусор
2026-07-01 09:49:23,394 | INFO     |   → 1069/1336: ✅ 0 взято | 🗑️ 19 мусор
2026-07-01 09:49:23,395 | INFO     |   → 1070/1336: ✅ 0 взято | 🗑️ 44 мусор
2026-07-01 09:49:23,395 | INFO     |   → 1071/1336: ✅ 63 взято | 🗑️ 521 мусор
2026-07-01 09:49:23,395 | INFO     |   → 1072/1336: ✅ 165 взято | 🗑️ 273 мусор
2026-07-01 09:49:23,395 | INFO     |   → 1073/1336: ✅ 0 взято | 🗑️ 0 мусор
2026-07-01 09:49:23,395 | INFO     |   → 1074/1336: ✅ 28 взято | 🗑️ 211 мусор
2026-07-01 09:49:23,395 | INFO     |   → 1075/1336: ✅ 0 взято | 🗑️ 79 мусор
2026-07-01 09:49:23,395 | INFO     |   → 1076/1336: ✅ 13 взято | 🗑️ 32 мусор
2026-07-01 09:49:23,395 | INFO     |   → 1077/1336: ✅ 0 взято | 🗑️ 0 мусор
2026-07-01 09:49:23,395 | INFO     |   → 1078/1336: ✅ 2 взято | 🗑️ 9 мусор
2026-07-01 09:49:23,395 | INFO     |   → 1079/1336: ✅ 11 взято | 🗑️ 76 мусор
2026-07-01 09:49:23,395 | INFO     |   → 1080/1336: ✅ 0 взято | 🗑️ 168 мусор
2026-07-01 09:49:23,395 | INFO     |   → 1081/1336: ✅ 0 взято | 🗑️ 79 мусор
2026-07-01 09:49:23,395 | INFO     |   → 1082/1336: ✅ 0 взято | 🗑️ 14 мусор
2026-07-01 09:49:23,395 | INFO     |   → 1083/1336 ❌ HTTP 404 — https://raw.githubusercontent.com/ronghuaxueleng/get_v2/main/pub/changfengoss.yaml
2026-07-01 09:49:23,395 | INFO     |   → 1084/1336: ✅ 0 взято | 🗑️ 0 мусор
2026-07-01 09:49:23,395 | INFO     |   → 1085/1336: ✅ 105 взято | 🗑️ 44 мусор
2026-07-01 09:49:23,395 | INFO     |   → 1086/1336: ✅ 0 взято | 🗑️ 44 мусор
2026-07-01 09:49:23,395 | INFO     |   → 1087/1336 ❌ HTTP 404 — https://raw.githubusercontent.com/rxsweet/CM_Vmess/refs/heads/main/test.txt
2026-07-01 09:49:23,396 | INFO     |   → 1088/1336 ❌ HTTP 404 — https://raw.githubusercontent.com/rxsweet/proxies/main/sub/free.yaml
2026-07-01 09:49:23,396 | INFO     |   → 1089/1336 ❌ HTTP 404 — https://raw.githubusercontent.com/rxsweet/proxies/main/sub/rx.yaml
2026-07-01 09:49:23,396 | INFO     |   → 1090/1336 ❌ HTTP 404 — https://raw.githubusercontent.com/rxsweet/proxies/main/sub/sources/dynamicAll.yaml
2026-07-01 09:49:23,396 | INFO     |   → 1091/1336 ❌ HTTP 404 — https://raw.githubusercontent.com/rxsweet/proxies/main/sub/sources/miningAll.yaml
2026-07-01 09:49:23,396 | INFO     |   → 1092/1336 ❌ HTTP 404 — https://raw.githubusercontent.com/rxsweet/proxies/main/sub/srx.yaml
2026-07-01 09:49:23,396 | INFO     |   → 1093/1336 ❌ HTTP 404 — https://raw.githubusercontent.com/sajad-sajadi/V2ray-Collector/raw/main/output/protocols/vmess.txt
2026-07-01 09:49:23,396 | INFO     |   → 1094/1336 ❌ HTTP 404 — https://raw.githubusercontent.com/sakha1370/OpenRay/raw/refs/heads/main/output/all_valid_proxies.txt
2026-07-01 09:49:23,396 | INFO     |   → 1095/1336: ✅ 53 взято | 🗑️ 399 мусор
2026-07-01 09:49:23,396 | INFO     |   → 1096/1336: ✅ 0 взято | 🗑️ 399 мусор
2026-07-01 09:49:23,396 | INFO     |   → 1097/1336 ❌ HTTP 404 — https://raw.githubusercontent.com/samjoeyang/subscribe/main/fly
2026-07-01 09:49:23,396 | INFO     |   → 1098/1336: ✅ 0 взято | 🗑️ 0 мусор
2026-07-01 09:49:23,396 | INFO     |   → 1099/1336 ❌ HTTP 404 — https://raw.githubusercontent.com/sarina-ad/v2ray/main/v2ray
2026-07-01 09:49:23,396 | INFO     |   → 1100/1336 ❌ HTTP 404 — https://raw.githubusercontent.com/satrom/V2SSR/master/SSR/Sub.txt
2026-07-01 09:49:23,396 | INFO     |   → 1101/1336 ❌ HTTP 404 — https://raw.githubusercontent.com/satrom/V2SSR/master/V2RAY/Sub.txt
2026-07-01 09:49:23,396 | INFO     |   → 1102/1336: ✅ 12980 взято | 🗑️ 237258 мусор
2026-07-01 09:49:23,396 | INFO     |   → 1103/1336: ✅ 0 взято | 🗑️ 0 мусор
2026-07-01 09:49:23,396 | INFO     |   → 1104/1336: ✅ 0 взято | 🗑️ 0 мусор
2026-07-01 09:49:23,396 | INFO     |   → 1105/1336: ✅ 3 взято | 🗑️ 49 мусор
2026-07-01 09:49:23,397 | INFO     |   → 1106/1336: ✅ 387 взято | 🗑️ 2459 мусор
2026-07-01 09:49:23,397 | INFO     |   → 1107/1336: ✅ 0 взято | 🗑️ 1180 мусор
2026-07-01 09:49:23,397 | INFO     |   → 1108/1336: ✅ 0 взято | 🗑️ 193 мусор
2026-07-01 09:49:23,397 | INFO     |   → 1109/1336: ✅ 0 взято | 🗑️ 1061 мусор
2026-07-01 09:49:23,397 | INFO     |   → 1110/1336: ✅ 0 взято | 🗑️ 25 мусор
2026-07-01 09:49:23,397 | INFO     |   → 1111/1336: ✅ 0 взято | 🗑️ 2459 мусор
2026-07-01 09:49:23,397 | INFO     |   → 1112/1336: ✅ 0 взято | 🗑️ 0 мусор
2026-07-01 09:49:23,397 | INFO     |   → 1113/1336 ❌ HTTP 404 — https://raw.githubusercontent.com/shirkerboy/scp/main/sub
2026-07-01 09:49:23,397 | INFO     |   → 1114/1336 ❌ HTTP 404 — https://raw.githubusercontent.com/snakem982/proxypool/main/nodelist.txt
2026-07-01 09:49:23,397 | INFO     |   → 1115/1336: ✅ 8 взято | 🗑️ 10 мусор
2026-07-01 09:49:23,397 | INFO     |   → 1116/1336 ❌ HTTP 404 — https://raw.githubusercontent.com/snakem982/proxypool/main/source/v2ray.txt
2026-07-01 09:49:23,397 | INFO     |   → 1117/1336 ❌ HTTP 404 — https://raw.githubusercontent.com/soroushmirzaei/telegram-configs-collector/main/channels/protocols/hysteria
2026-07-01 09:49:23,397 | INFO     |   → 1118/1336 ❌ HTTP 404 — https://raw.githubusercontent.com/soroushmirzaei/telegram-configs-collector/main/channels/protocols/juicity
2026-07-01 09:49:23,397 | INFO     |   → 1119/1336 ❌ HTTP 404 — https://raw.githubusercontent.com/soroushmirzaei/telegram-configs-collector/main/channels/protocols/reality
2026-07-01 09:49:23,397 | INFO     |   → 1120/1336 ❌ HTTP 404 — https://raw.githubusercontent.com/soroushmirzaei/telegram-configs-collector/main/channels/protocols/shadowsocks
2026-07-01 09:49:23,397 | INFO     |   → 1121/1336 ❌ HTTP 404 — https://raw.githubusercontent.com/soroushmirzaei/telegram-configs-collector/main/channels/protocols/trojan
2026-07-01 09:49:23,397 | INFO     |   → 1122/1336 ❌ HTTP 404 — https://raw.githubusercontent.com/soroushmirzaei/telegram-configs-collector/main/channels/protocols/tuic
2026-07-01 09:49:23,398 | INFO     |   → 1123/1336 ❌ HTTP 404 — https://raw.githubusercontent.com/soroushmirzaei/telegram-configs-collector/main/channels/protocols/vless
2026-07-01 09:49:23,398 | INFO     |   → 1124/1336 ❌ HTTP 404 — https://raw.githubusercontent.com/soroushmirzaei/telegram-configs-collector/main/channels/protocols/vmess
2026-07-01 09:49:23,398 | INFO     |   → 1125/1336 ❌ HTTP 404 — https://raw.githubusercontent.com/soroushmirzaei/telegram-configs-collector/main/countries/jp/mixed
2026-07-01 09:49:23,398 | INFO     |   → 1126/1336 ❌ HTTP 404 — https://raw.githubusercontent.com/soroushmirzaei/telegram-configs-collector/main/protocols/hysteria
2026-07-01 09:49:23,398 | INFO     |   → 1127/1336 ❌ HTTP 404 — https://raw.githubusercontent.com/soroushmirzaei/telegram-configs-collector/main/protocols/juicity
2026-07-01 09:49:23,398 | INFO     |   → 1128/1336 ❌ HTTP 404 — https://raw.githubusercontent.com/soroushmirzaei/telegram-configs-collector/main/protocols/reality
2026-07-01 09:49:23,398 | INFO     |   → 1129/1336 ❌ HTTP 404 — https://raw.githubusercontent.com/soroushmirzaei/telegram-configs-collector/main/protocols/shadowsocks
2026-07-01 09:49:23,398 | INFO     |   → 1130/1336 ❌ HTTP 404 — https://raw.githubusercontent.com/soroushmirzaei/telegram-configs-collector/main/protocols/trojan
2026-07-01 09:49:23,398 | INFO     |   → 1131/1336 ❌ HTTP 404 — https://raw.githubusercontent.com/soroushmirzaei/telegram-configs-collector/main/protocols/tuic
2026-07-01 09:49:23,398 | INFO     |   → 1132/1336 ❌ HTTP 404 — https://raw.githubusercontent.com/soroushmirzaei/telegram-configs-collector/main/protocols/vless
2026-07-01 09:49:23,398 | INFO     |   → 1133/1336 ❌ HTTP 404 — https://raw.githubusercontent.com/soroushmirzaei/telegram-configs-collector/main/protocols/vmess
2026-07-01 09:49:23,398 | INFO     |   → 1134/1336 ❌ HTTP 404 — https://raw.githubusercontent.com/soroushmirzaei/telegram-configs-collector/main/splitted/subscribe
2026-07-01 09:49:23,398 | INFO     |   → 1135/1336 ❌ HTTP 404 — https://raw.githubusercontent.com/ssrsub/ssr/master/Clash.yml
2026-07-01 09:49:23,398 | INFO     |   → 1136/1336 ❌ HTTP 404 — https://raw.githubusercontent.com/ssrsub/ssr/master/V2Ray
2026-07-01 09:49:23,398 | INFO     |   → 1137/1336 ❌ HTTP 404 — https://raw.githubusercontent.com/ssrsub/ssr/master/ss-sub
2026-07-01 09:49:23,398 | INFO     |   → 1138/1336 ❌ HTTP 404 — https://raw.githubusercontent.com/ssrsub/ssr/master/ssrsub
2026-07-01 09:49:23,398 | INFO     |   → 1139/1336 ❌ HTTP 404 — https://raw.githubusercontent.com/ssrsub/ssr/master/trojan
2026-07-01 09:49:23,398 | INFO     |   → 1140/1336: ✅ 0 взято | 🗑️ 0 мусор
2026-07-01 09:49:23,399 | INFO     |   → 1141/1336: ✅ 2 взято | 🗑️ 12 мусор
2026-07-01 09:49:23,399 | INFO     |   → 1142/1336: ✅ 0 взято | 🗑️ 13 мусор
2026-07-01 09:49:23,399 | INFO     |   → 1143/1336: ✅ 0 взято | 🗑️ 13 мусор
2026-07-01 09:49:23,399 | INFO     |   → 1144/1336 ❌ HTTP 404 — https://raw.githubusercontent.com/tbbatbb/Proxy/master/dist/clash.config.yaml
2026-07-01 09:49:23,399 | INFO     |   → 1145/1336: ✅ 2 взято | 🗑️ 35 мусор
2026-07-01 09:49:23,399 | INFO     |   → 1146/1336: ✅ 0 взято | 🗑️ 0 мусор
2026-07-01 09:49:23,399 | INFO     |   → 1147/1336: ✅ 5 взято | 🗑️ 111 мусор
2026-07-01 09:49:23,399 | INFO     |   → 1148/1336: ✅ 0 взято | 🗑️ 0 мусор
2026-07-01 09:49:23,399 | INFO     |   → 1149/1336: ✅ 0 взято | 🗑️ 117 мусор
2026-07-01 09:49:23,399 | INFO     |   → 1150/1336 ❌ HTTP 404 — https://raw.githubusercontent.com/v2clash/Autoproxy/a81f840ab2364124133572ec94e4b81fb0d4e58d/sub/2401/240104.txt
2026-07-01 09:49:23,399 | INFO     |   → 1151/1336 ❌ HTTP 404 — https://raw.githubusercontent.com/v2clash/V2ray-Configs/31f493c584d0c7b56350f4a34d80c53ad82bcc18/Sub9.txt
2026-07-01 09:49:23,399 | INFO     |   → 1152/1336: ✅ 0 взято | 🗑️ 0 мусор
2026-07-01 09:49:23,399 | INFO     |   → 1153/1336: ✅ 0 взято | 🗑️ 0 мусор
2026-07-01 09:49:23,399 | INFO     |   → 1154/1336: ✅ 0 взято | 🗑️ 0 мусор
2026-07-01 09:49:23,399 | INFO     |   → 1155/1336: ✅ 283 взято | 🗑️ 9640 мусор
2026-07-01 09:49:23,399 | INFO     |   → 1156/1336: ✅ 281 взято | 🗑️ 10086 мусор
2026-07-01 09:49:23,399 | INFO     |   → 1157/1336: ✅ 280 взято | 🗑️ 9675 мусор
2026-07-01 09:49:23,400 | INFO     |   → 1158/1336: ✅ 334 взято | 🗑️ 9823 мусор
2026-07-01 09:49:23,400 | INFO     |   → 1159/1336: ✅ 350 взято | 🗑️ 9639 мусор
2026-07-01 09:49:23,400 | INFO     |   → 1160/1336: ✅ 125 взято | 🗑️ 7919 мусор
2026-07-01 09:49:23,400 | INFO     |   → 1161/1336: ✅ 135 взято | 🗑️ 4836 мусор
2026-07-01 09:49:23,400 | INFO     |   → 1162/1336: ✅ 502 взято | 🗑️ 7659 мусор
2026-07-01 09:49:23,400 | INFO     |   → 1163/1336: ✅ 631 взято | 🗑️ 8081 мусор
2026-07-01 09:49:23,400 | INFO     |   → 1164/1336: ✅ 202 взято | 🗑️ 5131 мусор
2026-07-01 09:49:23,400 | INFO     |   → 1165/1336 ❌ HTTP 404 — https://raw.githubusercontent.com/vveg26/chromego_merge/main/sub/merged_proxies.yaml
2026-07-01 09:49:23,400 | INFO     |   → 1166/1336 ❌ HTTP 404 — https://raw.githubusercontent.com/vveg26/get_proxy/main/dist/clash.config.yaml
2026-07-01 09:49:23,400 | INFO     |   → 1167/1336: ✅ 0 взято | 🗑️ 10 мусор
2026-07-01 09:49:23,400 | INFO     |   → 1168/1336: ✅ 0 взято | 🗑️ 10 мусор
2026-07-01 09:49:23,400 | INFO     |   → 1169/1336: ✅ 0 взято | 🗑️ 4 мусор
2026-07-01 09:49:23,400 | INFO     |   → 1170/1336: ✅ 0 взято | 🗑️ 0 мусор
2026-07-01 09:49:23,400 | INFO     |   → 1171/1336: ✅ 0 взято | 🗑️ 4 мусор
2026-07-01 09:49:23,400 | INFO     |   → 1172/1336: ✅ 106 взято | 🗑️ 689 мусор
2026-07-01 09:49:23,400 | INFO     |   → 1173/1336: ✅ 48 взято | 🗑️ 841 мусор
2026-07-01 09:49:23,400 | INFO     |   → 1174/1336: ✅ 21 взято | 🗑️ 789 мусор
2026-07-01 09:49:23,400 | INFO     |   → 1175/1336: ✅ 24 взято | 🗑️ 774 мусор
2026-07-01 09:49:23,400 | INFO     |   → 1176/1336: ✅ 52 взято | 🗑️ 756 мусор
2026-07-01 09:49:23,401 | INFO     |   → 1177/1336: ✅ 191 взято | 🗑️ 745 мусор
2026-07-01 09:49:23,401 | INFO     |   → 1178/1336: ✅ 9 взято | 🗑️ 651 мусор
2026-07-01 09:49:23,401 | INFO     |   → 1179/1336: ✅ 185 взято | 🗑️ 388 мусор
2026-07-01 09:49:23,401 | INFO     |   → 1180/1336: ✅ 130 взято | 🗑️ 523 мусор
2026-07-01 09:49:23,401 | INFO     |   → 1181/1336: ✅ 67 взято | 🗑️ 533 мусор
2026-07-01 09:49:23,401 | INFO     |   → 1182/1336: ✅ 98 взято | 🗑️ 444 мусор
2026-07-01 09:49:23,401 | INFO     |   → 1183/1336: ✅ 102 взято | 🗑️ 670 мусор
2026-07-01 09:49:23,401 | INFO     |   → 1184/1336: ✅ 86 взято | 🗑️ 476 мусор
2026-07-01 09:49:23,401 | INFO     |   → 1185/1336: ✅ 95 взято | 🗑️ 657 мусор
2026-07-01 09:49:23,401 | INFO     |   → 1186/1336: ✅ 105 взято | 🗑️ 645 мусор
2026-07-01 09:49:23,401 | INFO     |   → 1187/1336: ✅ 115 взято | 🗑️ 985 мусор
2026-07-01 09:49:23,401 | INFO     |   → 1188/1336: ✅ 6 взято | 🗑️ 63 мусор
2026-07-01 09:49:23,401 | INFO     |   → 1189/1336: ✅ 7 взято | 🗑️ 62 мусор
2026-07-01 09:49:23,401 | INFO     |   → 1190/1336: ✅ 39 взято | 🗑️ 489 мусор
2026-07-01 09:49:23,401 | INFO     |   → 1191/1336: ✅ 0 взято | 🗑️ 0 мусор
2026-07-01 09:49:23,401 | INFO     |   → 1192/1336: ✅ 0 взято | 🗑️ 0 мусор
2026-07-01 09:49:23,401 | INFO     |   → 1193/1336: ✅ 0 взято | 🗑️ 0 мусор
2026-07-01 09:49:23,401 | INFO     |   → 1194/1336: ✅ 0 взято | 🗑️ 0 мусор
2026-07-01 09:49:23,401 | INFO     |   → 1195/1336: ✅ 0 взято | 🗑️ 0 мусор
2026-07-01 09:49:23,402 | INFO     |   → 1196/1336: ✅ 0 взято | 🗑️ 52 мусор
2026-07-01 09:49:23,402 | INFO     |   → 1197/1336: ✅ 5 взято | 🗑️ 10 мусор
2026-07-01 09:49:23,402 | INFO     |   → 1198/1336: ✅ 1 взято | 🗑️ 124 мусор
2026-07-01 09:49:23,402 | INFO     |   → 1199/1336: ✅ 216 взято | 🗑️ 293 мусор
2026-07-01 09:49:23,402 | INFO     |   → 1200/1336: ✅ 0 взято | 🗑️ 9 мусор
2026-07-01 09:49:23,402 | INFO     |   → 1201/1336: ✅ 13 взято | 🗑️ 1240 мусор
2026-07-01 09:49:23,402 | INFO     |   → 1202/1336 ❌ HTTP 404 — https://raw.githubusercontent.com/xiaozhu2007/xiaozhu2007/61a755a044dbaeea678bc2d1e20f21a21c6d7170/docs/fxxk.txt
2026-07-01 09:49:23,402 | INFO     |   → 1203/1336: ✅ 1 взято | 🗑️ 159 мусор
2026-07-01 09:49:23,402 | INFO     |   → 1204/1336: ✅ 0 взято | 🗑️ 22 мусор
2026-07-01 09:49:23,402 | INFO     |   → 1205/1336: ✅ 0 взято | 🗑️ 0 мусор
2026-07-01 09:49:23,402 | INFO     |   → 1206/1336 ❌ HTTP 404 — https://raw.githubusercontent.com/yebekhe/TVC/0f745f92bf381e505f1245abbc7c145b19b11503/config.txt
2026-07-01 09:49:23,402 | INFO     |   → 1207/1336 ❌ HTTP 404 — https://raw.githubusercontent.com/yebekhe/TVC/9fac69239c69327fb7a61f5a8d79d107133889e1/lite/config.txt
2026-07-01 09:49:23,402 | INFO     |   → 1208/1336 ❌ HTTP 404 — https://raw.githubusercontent.com/yebekhe/TelegramV2rayCollector/main/sub/normal/donated
2026-07-01 09:49:23,402 | INFO     |   → 1209/1336 ❌ HTTP 404 — https://raw.githubusercontent.com/yebekhe/TelegramV2rayCollector/main/sub/normal/hysteria2
2026-07-01 09:49:23,402 | INFO     |   → 1210/1336 ❌ HTTP 404 — https://raw.githubusercontent.com/yebekhe/TelegramV2rayCollector/main/sub/normal/mix
2026-07-01 09:49:23,402 | INFO     |   → 1211/1336 ❌ HTTP 404 — https://raw.githubusercontent.com/yebekhe/TelegramV2rayCollector/main/sub/normal/reality
2026-07-01 09:49:23,402 | INFO     |   → 1212/1336 ❌ HTTP 404 — https://raw.githubusercontent.com/yebekhe/TelegramV2rayCollector/main/sub/normal/shadowsocks
2026-07-01 09:49:23,402 | INFO     |   → 1213/1336 ❌ HTTP 404 — https://raw.githubusercontent.com/yebekhe/TelegramV2rayCollector/main/sub/normal/trojan
2026-07-01 09:49:23,402 | INFO     |   → 1214/1336 ❌ HTTP 404 — https://raw.githubusercontent.com/yebekhe/TelegramV2rayCollector/main/sub/normal/tuic
2026-07-01 09:49:23,402 | INFO     |   → 1215/1336 ❌ HTTP 404 — https://raw.githubusercontent.com/yebekhe/TelegramV2rayCollector/main/sub/normal/vless
2026-07-01 09:49:23,403 | INFO     |   → 1216/1336 ❌ HTTP 404 — https://raw.githubusercontent.com/yebekhe/TelegramV2rayCollector/main/sub/normal/vmess
2026-07-01 09:49:23,403 | INFO     |   → 1217/1336 ❌ HTTP 404 — https://raw.githubusercontent.com/yebekhe/V2Hub/main/Split/Normal/shadowsocks
2026-07-01 09:49:23,403 | INFO     |   → 1218/1336 ❌ HTTP 404 — https://raw.githubusercontent.com/yebekhe/V2Hub/main/merged
2026-07-01 09:49:23,403 | INFO     |   → 1219/1336: ✅ 0 взято | 🗑️ 30 мусор
2026-07-01 09:49:23,403 | INFO     |   → 1220/1336: ✅ 1298 взято | 🗑️ 10842 мусор
2026-07-01 09:49:23,403 | INFO     |   → 1221/1336: ✅ 12 взято | 🗑️ 465 мусор
2026-07-01 09:49:23,403 | INFO     |   → 1222/1336: ✅ 13 взято | 🗑️ 401 мусор
2026-07-01 09:49:23,403 | INFO     |   → 1223/1336: ✅ 215 взято | 🗑️ 501 мусор
2026-07-01 09:49:23,403 | INFO     |   → 1224/1336: ✅ 127 взято | 🗑️ 2011 мусор
2026-07-01 09:49:23,403 | INFO     |   → 1225/1336: ✅ 3 взято | 🗑️ 550 мусор
2026-07-01 09:49:23,403 | INFO     |   → 1226/1336 ❌ HTTP 404 — https://raw.githubusercontent.com/yyyr-otz/tele-providers-collector/019cb3e07ee52fddbc7caa54fc670c6b9bae6539/sub/proxies.txt
2026-07-01 09:49:23,403 | INFO     |   → 1227/1336 ❌ HTTP 404 — https://raw.githubusercontent.com/yyyr-otz/tele-providers-collector/b7a74ee98bcf02c5a507d688a1bed3aa9f7f4ed1/script/raw/protocols/mixed.txt
2026-07-01 09:49:23,403 | INFO     |   → 1228/1336: ✅ 0 взято | 🗑️ 0 мусор
2026-07-01 09:49:23,403 | INFO     |   → 1229/1336: ✅ 0 взято | 🗑️ 0 мусор
2026-07-01 09:49:23,403 | INFO     |   → 1230/1336: ✅ 1 взято | 🗑️ 18 мусор
2026-07-01 09:49:23,403 | INFO     |   → 1231/1336: ✅ 0 взято | 🗑️ 7 мусор
2026-07-01 09:49:23,403 | INFO     |   → 1232/1336: ✅ 0 взято | 🗑️ 5 мусор
2026-07-01 09:49:23,403 | INFO     |   → 1233/1336: ✅ 0 взято | 🗑️ 0 мусор
2026-07-01 09:49:23,403 | INFO     |   → 1234/1336 ⚠️ Ошибка: HTTPSConnectionPool(host='sub.pmsub.me', port=443): Max retries exceeded with url: /clash.yaml (Caused by SSLError(SSLCertVerificationError(1, '[SSL: CERTIFICATE_VERIFY_FAILED] certificate verify failed: unable to get local issuer certificate (_ssl.c:1016)'))) — https://sub.pmsub.me/clash.yaml
2026-07-01 09:49:23,404 | INFO     |   → 1235/1336: ✅ 0 взято | 🗑️ 1 мусор
2026-07-01 09:49:23,404 | INFO     |   → 1236/1336: ✅ 8 взято | 🗑️ 21 мусор
2026-07-01 09:49:23,404 | INFO     |   → 1237/1336: ✅ 0 взято | 🗑️ 0 мусор
2026-07-01 09:49:23,404 | INFO     |   → 1238/1336: ✅ 9 взято | 🗑️ 19 мусор
2026-07-01 09:49:23,404 | INFO     |   → 1239/1336: ✅ 0 взято | 🗑️ 0 мусор
2026-07-01 09:49:23,404 | INFO     |   → 1240/1336: ✅ 2 взято | 🗑️ 14 мусор
2026-07-01 09:49:23,404 | INFO     |   → 1241/1336: ✅ 4 взято | 🗑️ 22 мусор
2026-07-01 09:49:23,404 | INFO     |   → 1242/1336: ✅ 0 взято | 🗑️ 0 мусор
2026-07-01 09:49:23,404 | INFO     |   → 1243/1336: ✅ 0 взято | 🗑️ 0 мусор
2026-07-01 09:49:23,404 | INFO     |   → 1244/1336: ✅ 0 взято | 🗑️ 0 мусор
2026-07-01 09:49:23,404 | INFO     |   → 1245/1336: ✅ 2 взято | 🗑️ 16 мусор
2026-07-01 09:49:23,404 | INFO     |   → 1246/1336: ✅ 0 взято | 🗑️ 0 мусор
2026-07-01 09:49:23,404 | INFO     |   → 1247/1336: ✅ 4 взято | 🗑️ 7 мусор
2026-07-01 09:49:23,404 | INFO     |   → 1248/1336: ✅ 0 взято | 🗑️ 0 мусор
2026-07-01 09:49:23,404 | INFO     |   → 1249/1336: ✅ 6 взято | 🗑️ 14 мусор
2026-07-01 09:49:23,404 | INFO     |   → 1250/1336: ✅ 0 взято | 🗑️ 0 мусор
2026-07-01 09:49:23,404 | INFO     |   → 1251/1336: ✅ 2 взято | 🗑️ 13 мусор
2026-07-01 09:49:23,404 | INFO     |   → 1252/1336: ✅ 0 взято | 🗑️ 0 мусор
2026-07-01 09:49:23,404 | INFO     |   → 1253/1336: ✅ 0 взято | 🗑️ 0 мусор
2026-07-01 09:49:23,404 | INFO     |   → 1254/1336: ✅ 2 взято | 🗑️ 7 мусор
2026-07-01 09:49:23,405 | INFO     |   → 1255/1336: ✅ 1 взято | 🗑️ 14 мусор
2026-07-01 09:49:23,405 | INFO     |   → 1256/1336: ✅ 2 взято | 🗑️ 14 мусор
2026-07-01 09:49:23,405 | INFO     |   → 1257/1336: ✅ 0 взято | 🗑️ 0 мусор
2026-07-01 09:49:23,405 | INFO     |   → 1258/1336: ✅ 3 взято | 🗑️ 22 мусор
2026-07-01 09:49:23,405 | INFO     |   → 1259/1336: ✅ 0 взято | 🗑️ 0 мусор
2026-07-01 09:49:23,405 | INFO     |   → 1260/1336: ✅ 2 взято | 🗑️ 15 мусор
2026-07-01 09:49:23,405 | INFO     |   → 1261/1336: ✅ 3 взято | 🗑️ 12 мусор
2026-07-01 09:49:23,405 | INFO     |   → 1262/1336: ✅ 0 взято | 🗑️ 0 мусор
2026-07-01 09:49:23,405 | INFO     |   → 1263/1336: ✅ 0 взято | 🗑️ 0 мусор
2026-07-01 09:49:23,405 | INFO     |   → 1264/1336: ✅ 0 взято | 🗑️ 0 мусор
2026-07-01 09:49:23,405 | INFO     |   → 1265/1336: ✅ 4 взято | 🗑️ 11 мусор
2026-07-01 09:49:23,405 | INFO     |   → 1266/1336: ✅ 10 взято | 🗑️ 15 мусор
2026-07-01 09:49:23,405 | INFO     |   → 1267/1336: ✅ 0 взято | 🗑️ 0 мусор
2026-07-01 09:49:23,405 | INFO     |   → 1268/1336: ✅ 13 взято | 🗑️ 15 мусор
2026-07-01 09:49:23,405 | INFO     |   → 1269/1336: ✅ 0 взято | 🗑️ 0 мусор
2026-07-01 09:49:23,405 | INFO     |   → 1270/1336: ✅ 5 взято | 🗑️ 15 мусор
2026-07-01 09:49:23,405 | INFO     |   → 1271/1336: ✅ 0 взято | 🗑️ 0 мусор
2026-07-01 09:49:23,405 | INFO     |   → 1272/1336: ✅ 8 взято | 🗑️ 16 мусор
2026-07-01 09:49:23,405 | INFO     |   → 1273/1336: ✅ 0 взято | 🗑️ 0 мусор
2026-07-01 09:49:23,406 | INFO     |   → 1274/1336: ✅ 0 взято | 🗑️ 24 мусор
2026-07-01 09:49:23,406 | INFO     |   → 1275/1336: ✅ 0 взято | 🗑️ 0 мусор
2026-07-01 09:49:23,406 | INFO     |   → 1276/1336: ✅ 4 взято | 🗑️ 17 мусор
2026-07-01 09:49:23,406 | INFO     |   → 1277/1336: ✅ 0 взято | 🗑️ 0 мусор
2026-07-01 09:49:23,406 | INFO     |   → 1278/1336: ✅ 12 взято | 🗑️ 18 мусор
2026-07-01 09:49:23,406 | INFO     |   → 1279/1336: ✅ 0 взято | 🗑️ 0 мусор
2026-07-01 09:49:23,406 | INFO     |   → 1280/1336: ✅ 2 взято | 🗑️ 17 мусор
2026-07-01 09:49:23,406 | INFO     |   → 1281/1336: ✅ 0 взято | 🗑️ 0 мусор
2026-07-01 09:49:23,406 | INFO     |   → 1282/1336: ✅ 1 взято | 🗑️ 27 мусор
2026-07-01 09:49:23,406 | INFO     |   → 1283/1336: ✅ 0 взято | 🗑️ 0 мусор
2026-07-01 09:49:23,406 | INFO     |   → 1284/1336: ✅ 4 взято | 🗑️ 15 мусор
2026-07-01 09:49:23,406 | INFO     |   → 1285/1336: ✅ 0 взято | 🗑️ 0 мусор
2026-07-01 09:49:23,406 | INFO     |   → 1286/1336: ✅ 4 взято | 🗑️ 26 мусор
2026-07-01 09:49:23,406 | INFO     |   → 1287/1336: ✅ 0 взято | 🗑️ 0 мусор
2026-07-01 09:49:23,406 | INFO     |   → 1288/1336: ✅ 3 взято | 🗑️ 21 мусор
2026-07-01 09:49:23,406 | INFO     |   → 1289/1336: ✅ 0 взято | 🗑️ 0 мусор
2026-07-01 09:49:23,406 | INFO     |   → 1290/1336: ✅ 8 взято | 🗑️ 12 мусор
2026-07-01 09:49:23,406 | INFO     |   → 1291/1336: ✅ 0 взято | 🗑️ 0 мусор
2026-07-01 09:49:23,406 | INFO     |   → 1292/1336: ✅ 8 взято | 🗑️ 15 мусор
2026-07-01 09:49:23,406 | INFO     |   → 1293/1336: ✅ 0 взято | 🗑️ 0 мусор
2026-07-01 09:49:23,407 | INFO     |   → 1294/1336: ✅ 10 взято | 🗑️ 14 мусор
2026-07-01 09:49:23,407 | INFO     |   → 1295/1336: ✅ 0 взято | 🗑️ 0 мусор
2026-07-01 09:49:23,407 | INFO     |   → 1296/1336: ✅ 5 взято | 🗑️ 18 мусор
2026-07-01 09:49:23,407 | INFO     |   → 1297/1336: ✅ 0 взято | 🗑️ 0 мусор
2026-07-01 09:49:23,407 | INFO     |   → 1298/1336: ✅ 5 взято | 🗑️ 22 мусор
2026-07-01 09:49:23,407 | INFO     |   → 1299/1336: ✅ 0 взято | 🗑️ 0 мусор
2026-07-01 09:49:23,407 | INFO     |   → 1300/1336: ✅ 5 взято | 🗑️ 18 мусор
2026-07-01 09:49:23,407 | INFO     |   → 1301/1336: ✅ 0 взято | 🗑️ 0 мусор
2026-07-01 09:49:23,407 | INFO     |   → 1302/1336: ✅ 1 взято | 🗑️ 23 мусор
2026-07-01 09:49:23,407 | INFO     |   → 1303/1336: ✅ 0 взято | 🗑️ 0 мусор
2026-07-01 09:49:23,407 | INFO     |   → 1304/1336: ✅ 5 взято | 🗑️ 18 мусор
2026-07-01 09:49:23,407 | INFO     |   → 1305/1336: ✅ 0 взято | 🗑️ 0 мусор
2026-07-01 09:49:23,407 | INFO     |   → 1306/1336: ✅ 17 взято | 🗑️ 7 мусор
2026-07-01 09:49:23,407 | INFO     |   → 1307/1336: ✅ 0 взято | 🗑️ 0 мусор
2026-07-01 09:49:23,407 | INFO     |   → 1308/1336: ✅ 3 взято | 🗑️ 17 мусор
2026-07-01 09:49:23,407 | INFO     |   → 1309/1336: ✅ 0 взято | 🗑️ 0 мусор
2026-07-01 09:49:23,407 | INFO     |   → 1310/1336: ✅ 7 взято | 🗑️ 14 мусор
2026-07-01 09:49:23,407 | INFO     |   → 1311/1336: ✅ 0 взято | 🗑️ 0 мусор
2026-07-01 09:49:23,407 | INFO     |   → 1312/1336: ✅ 7 взято | 🗑️ 14 мусор
2026-07-01 09:49:23,407 | INFO     |   → 1313/1336: ✅ 0 взято | 🗑️ 0 мусор
2026-07-01 09:49:23,408 | INFO     |   → 1314/1336: ✅ 8 взято | 🗑️ 11 мусор
2026-07-01 09:49:23,408 | INFO     |   → 1315/1336: ✅ 0 взято | 🗑️ 0 мусор
2026-07-01 09:49:23,408 | INFO     |   → 1316/1336: ✅ 0 взято | 🗑️ 22 мусор
2026-07-01 09:49:23,408 | INFO     |   → 1317/1336: ✅ 0 взято | 🗑️ 0 мусор
2026-07-01 09:49:23,408 | INFO     |   → 1318/1336: ✅ 3 взято | 🗑️ 12 мусор
2026-07-01 09:49:23,408 | INFO     |   → 1319/1336: ✅ 0 взято | 🗑️ 0 мусор
2026-07-01 09:49:23,408 | INFO     |   → 1320/1336: ✅ 0 взято | 🗑️ 7 мусор
2026-07-01 09:49:23,408 | INFO     |   → 1321/1336: ✅ 0 взято | 🗑️ 0 мусор
2026-07-01 09:49:23,408 | INFO     |   → 1322/1336: ✅ 3 взято | 🗑️ 8 мусор
2026-07-01 09:49:23,408 | INFO     |   → 1323/1336: ✅ 0 взято | 🗑️ 0 мусор
2026-07-01 09:49:23,408 | INFO     |   → 1324/1336: ✅ 6 взято | 🗑️ 12 мусор
2026-07-01 09:49:23,408 | INFO     |   → 1325/1336: ✅ 0 взято | 🗑️ 0 мусор
2026-07-01 09:49:23,408 | INFO     |   → 1326/1336: ✅ 2 взято | 🗑️ 12 мусор
2026-07-01 09:49:23,408 | INFO     |   → 1327/1336: ✅ 0 взято | 🗑️ 0 мусор
2026-07-01 09:49:23,408 | INFO     |   → 1328/1336: ✅ 8 взято | 🗑️ 12 мусор
2026-07-01 09:49:23,408 | INFO     |   → 1329/1336: ✅ 0 взято | 🗑️ 0 мусор
2026-07-01 09:49:23,408 | INFO     |   → 1330/1336: ✅ 0 взято | 🗑️ 10 мусор
2026-07-01 09:49:23,408 | INFO     |   → 1331/1336: ✅ 0 взято | 🗑️ 0 мусор
2026-07-01 09:49:23,409 | INFO     |   → 1332/1336: ✅ 7 взято | 🗑️ 14 мусор
2026-07-01 09:49:23,409 | INFO     |   → 1333/1336: ✅ 0 взято | 🗑️ 0 мусор
2026-07-01 09:49:23,409 | INFO     |   → 1334/1336: ✅ 4 взято | 🗑️ 19 мусор
2026-07-01 09:49:23,409 | INFO     |   → 1335/1336: ✅ 0 взято | 🗑️ 0 мусор
2026-07-01 09:49:23,409 | INFO     |   → 1336/1336: ✅ 0 взято | 🗑️ 9 мусор
2026-07-01 09:49:23,409 | INFO     |   → ✅ ГОТОВО!
2026-07-01 09:49:23,409 | INFO     |   →    📥 Всего ключей после фильтра: 54994
2026-07-01 09:49:23,409 | INFO     |   →    🔗 Уникальных IP:PORT:SCHEME: 14034
2026-07-01 09:49:23,409 | INFO     |   →    🗑️ Выброшено мусора: 950334
2026-07-01 09:49:23,409 | INFO     |   → 📊 По протоколам:
2026-07-01 09:49:23,409 | INFO     |   →    vless: 6144
2026-07-01 09:49:23,409 | INFO     |   →    vmess: 3665
2026-07-01 09:49:23,409 | INFO     |   →    trojan: 2039
2026-07-01 09:49:23,409 | INFO     |   →    ss: 2014
2026-07-01 09:49:23,409 | INFO     |   →    hysteria: 13
2026-07-01 09:49:23,409 | INFO     |   →    hysteria2: 40
2026-07-01 09:49:23,409 | INFO     |   →    hy2: 67
2026-07-01 09:49:23,409 | INFO     |   →    tuic: 52
2026-07-01 09:49:23,410 | INFO     | ✅ mirror.py завершён успешно
2026-07-01 09:49:23,410 | INFO     | 
2026-07-01 09:49:23,410 | INFO     | 
2026-07-01 09:49:23,410 | INFO     | ──────────────────────────────────────────────────────────────────────
2026-07-01 09:49:23,410 | INFO     | 📌 ЭТАП: Фильтрация по реальному SNI
2026-07-01 09:49:23,410 | INFO     | ──────────────────────────────────────────────────────────────────────
2026-07-01 09:49:23,410 | INFO     | 🚀 Запуск filter_ru_sni.py (Фильтр по реальному SNI (CDN+RU))...
2026-07-01 09:49:23,774 | INFO     |   → hy2.txt: 67 → 21 (SNI-filtered)
2026-07-01 09:49:23,775 | INFO     |   →   hysteria.txt: 13 → 0 (SNI-filtered)
2026-07-01 09:49:23,775 | INFO     |   →   hysteria2.txt: 40 → 4 (SNI-filtered)
2026-07-01 09:49:23,775 | INFO     |   →   ss.txt: 2014 → 1 (SNI-filtered)
2026-07-01 09:49:23,775 | INFO     |   →   trojan.txt: 2039 → 16 (SNI-filtered)
2026-07-01 09:49:23,775 | INFO     |   →   tuic.txt: 52 → 0 (SNI-filtered)
2026-07-01 09:49:23,775 | INFO     |   →   vless.txt: 6144 → 1084 (SNI-filtered)
2026-07-01 09:49:23,775 | INFO     |   →   vmess.txt: 3665 → 39 (SNI-filtered)
2026-07-01 09:49:23,775 | INFO     |   → ==================================================
2026-07-01 09:49:23,775 | INFO     |   →   Всего входных:  14034
2026-07-01 09:49:23,775 | INFO     |   →   Прошли фильтр:  1165
2026-07-01 09:49:23,775 | INFO     |   →   Отброшено:      12869
2026-07-01 09:49:23,775 | INFO     |   → ==================================================
2026-07-01 09:49:23,775 | INFO     |   → Готово → /home/runner/work/vpn-vless-configs-russia/vpn-vless-configs-russia/githubmirror/ru-sni
2026-07-01 09:49:23,775 | INFO     | ✅ filter_ru_sni.py завершён успешно
2026-07-01 09:49:23,775 | INFO     | 
2026-07-01 09:49:23,775 | INFO     | 
2026-07-01 09:49:23,775 | INFO     | ──────────────────────────────────────────────────────────────────────
2026-07-01 09:49:23,775 | INFO     | 📌 ЭТАП: Экспериментальный RU-SNI фильтр
2026-07-01 09:49:23,776 | INFO     | ──────────────────────────────────────────────────────────────────────
2026-07-01 09:49:23,776 | INFO     | 🚀 Запуск filter_ru_sni_local.py (Экспериментальный фильтр по RU-SNI (локальные домены))...
2026-07-01 09:49:24,014 | INFO     |   → hy2.txt: 67 → 0 (RU-SNI)
2026-07-01 09:49:24,014 | INFO     |   → hysteria.txt: 13 → 0 (RU-SNI)
2026-07-01 09:49:24,014 | INFO     |   → hysteria2.txt: 40 → 0 (RU-SNI)
2026-07-01 09:49:24,014 | INFO     |   → ss.txt: 2014 → 0 (RU-SNI)
2026-07-01 09:49:24,014 | INFO     |   → trojan.txt: 2039 → 0 (RU-SNI)
2026-07-01 09:49:24,014 | INFO     |   → tuic.txt: 52 → 0 (RU-SNI)
2026-07-01 09:49:24,014 | INFO     |   → vless.txt: 6144 → 209 (RU-SNI)
2026-07-01 09:49:24,014 | INFO     |   → vmess.txt: 3665 → 0 (RU-SNI)
2026-07-01 09:49:24,014 | INFO     |   → ==================================================
2026-07-01 09:49:24,014 | INFO     |   → Всего входных:  14034
2026-07-01 09:49:24,015 | INFO     |   → Прошли RU-SNI:  209
2026-07-01 09:49:24,015 | INFO     |   → Отброшено:      13825
2026-07-01 09:49:24,015 | INFO     |   → ==================================================
2026-07-01 09:49:24,015 | INFO     |   → Готово → /home/runner/work/vpn-vless-configs-russia/vpn-vless-configs-russia/githubmirror/ru-sni-local
2026-07-01 09:49:24,015 | INFO     | ✅ filter_ru_sni_local.py завершён успешно
2026-07-01 09:49:24,015 | INFO     | 
2026-07-01 09:49:24,015 | INFO     | 
2026-07-01 09:49:24,015 | INFO     | ──────────────────────────────────────────────────────────────────────
2026-07-01 09:49:24,015 | INFO     | 📌 ЭТАП: Сбор статистики
2026-07-01 09:49:24,015 | INFO     | ──────────────────────────────────────────────────────────────────────
2026-07-01 09:49:24,015 | INFO     | 📊 Сбор статистики...
2026-07-01 09:49:24,015 | INFO     |   📁 githubmirror/clean:
2026-07-01 09:49:24,016 | INFO     |     • hy2         :    67 конфигов
2026-07-01 09:49:24,016 | INFO     |     • hysteria    :    13 конфигов
2026-07-01 09:49:24,016 | INFO     |     • hysteria2   :    40 конфигов
2026-07-01 09:49:24,017 | INFO     |     • ss          :  2014 конфигов
2026-07-01 09:49:24,019 | INFO     |     • trojan      :  2039 конфигов
2026-07-01 09:49:24,020 | INFO     |     • tuic        :    52 конфигов
2026-07-01 09:49:24,026 | INFO     |     • vless       :  6144 конфигов
2026-07-01 09:49:24,029 | INFO     |     • vmess       :  3665 конфигов
2026-07-01 09:49:24,029 | INFO     |   📁 githubmirror/ru-sni:
2026-07-01 09:49:24,029 | INFO     |     • hy2         :    21 конфигов ( 31.3% от clean)
2026-07-01 09:49:24,029 | INFO     |     • hysteria    :     0 конфигов (  0.0% от clean)
2026-07-01 09:49:24,030 | INFO     |     • hysteria2   :     4 конфигов ( 10.0% от clean)
2026-07-01 09:49:24,030 | INFO     |     • ss          :     1 конфигов (  0.0% от clean)
2026-07-01 09:49:24,030 | INFO     |     • trojan      :    16 конфигов (  0.8% от clean)
2026-07-01 09:49:24,030 | INFO     |     • tuic        :     0 конфигов (  0.0% от clean)
2026-07-01 09:49:24,031 | INFO     |     • vless       :  1084 конфигов ( 17.6% от clean)
2026-07-01 09:49:24,031 | INFO     |     • vmess       :    39 конфигов (  1.1% от clean)
2026-07-01 09:49:24,032 | INFO     | 
2026-07-01 09:49:24,032 | INFO     |   ──────────────────────────────────────────────────
2026-07-01 09:49:24,032 | INFO     |   📈 ИТОГО:
2026-07-01 09:49:24,032 | INFO     |     Clean (после geo-фильтра):    14034
2026-07-01 09:49:24,032 | INFO     |     RU-SNI (после SNI-фильтра):    1165
2026-07-01 09:49:24,032 | INFO     |     Прошло фильтр:                  8.3%
2026-07-01 09:49:24,032 | INFO     |   ──────────────────────────────────────────────────
2026-07-01 09:49:24,032 | INFO     | ✅ Статистика сохранена: /home/runner/work/vpn-vless-configs-russia/vpn-vless-configs-russia/stats.json
2026-07-01 09:49:24,032 | INFO     | 
2026-07-01 09:49:24,032 | INFO     | ======================================================================
2026-07-01 09:49:24,032 | INFO     | 📊 ИТОГОВЫЙ ОТЧЁТ
2026-07-01 09:49:24,032 | INFO     | ======================================================================
2026-07-01 09:49:24,033 | INFO     |   ✅ OK         | Загрузка и geo-фильтрация
2026-07-01 09:49:24,033 | INFO     |   ✅ OK         | Фильтрация по реальному SNI
2026-07-01 09:49:24,033 | INFO     |   ✅ OK         | Экспериментальный RU-SNI фильтр
2026-07-01 09:49:24,033 | INFO     |   ✅ OK         | Сбор статистики
2026-07-01 09:49:24,033 | INFO     | ──────────────────────────────────────────────────────────────────────
2026-07-01 09:49:24,033 | INFO     | ✅ ВСЕ ЭТАПЫ УСПЕШНЫ (4/4)
2026-07-01 09:49:24,033 | INFO     | ⏰ Время завершения: 2026-07-01 09:49:24
2026-07-01 09:49:24,033 | INFO     | ======================================================================
