2026-06-08 20:12:54,987 | INFO     | ======================================================================
2026-06-08 20:12:54,988 | INFO     | 🔍 VPN KEY CHECKER - Начало проверки
2026-06-08 20:12:54,988 | INFO     | ⏰ Время старта: 2026-06-08 20:12:54
2026-06-08 20:12:54,988 | INFO     | 📂 Рабочая директория: /home/runner/work/vpn-vless-configs-russia/vpn-vless-configs-russia
2026-06-08 20:12:54,988 | INFO     | ======================================================================
2026-06-08 20:12:54,988 | INFO     | 
2026-06-08 20:12:54,988 | INFO     | 🔍 Проверка наличия скриптов...
2026-06-08 20:12:54,988 | INFO     |   ✅ mirror.py
2026-06-08 20:12:54,988 | INFO     |   ✅ filter_ru_sni.py
2026-06-08 20:12:54,988 | INFO     |   ✅ filter_ru_sni_local.py
2026-06-08 20:12:54,988 | INFO     | 
2026-06-08 20:12:54,988 | INFO     | 
2026-06-08 20:12:54,988 | INFO     | ──────────────────────────────────────────────────────────────────────
2026-06-08 20:12:54,988 | INFO     | 📌 ЭТАП: Загрузка и geo-фильтрация
2026-06-08 20:12:54,988 | INFO     | ──────────────────────────────────────────────────────────────────────
2026-06-08 20:12:54,989 | INFO     | 🚀 Запуск mirror.py (Загрузка и фильтрация по РФ/СНГ/Европа)...
2026-06-08 20:17:00,571 | INFO     |   → 🚀 Старт: всего источников (старые + новые): 1151
2026-06-08 20:17:00,571 | INFO     |   → 1/1151: ✅ 13 взято | 🗑️ 242 мусор
2026-06-08 20:17:00,571 | INFO     |   → 2/1151: ✅ 0 взято | 🗑️ 0 мусор
2026-06-08 20:17:00,571 | INFO     |   → 3/1151 ❌ HTTP 404 — https://bitbucket.org/huwo1/proxy_nodes/raw/f31ca9ec67b84071515729ff45b011b6b09c10f2/clash.yaml
2026-06-08 20:17:00,571 | INFO     |   → 4/1151 ❌ HTTP 404 — https://cdn.jsdelivr.net/gh/cry0ice/genode@main/public/all.txt
2026-06-08 20:17:00,571 | INFO     |   → 5/1151 ❌ HTTP 404 — https://cdn.jsdelivr.net/gh/cry0ice/genode@main/public/ss.txt
2026-06-08 20:17:00,571 | INFO     |   → 6/1151 ❌ HTTP 404 — https://cdn.jsdelivr.net/gh/cry0ice/genode@main/public/ssr.txt
2026-06-08 20:17:00,571 | INFO     |   → 7/1151 ❌ HTTP 404 — https://cdn.jsdelivr.net/gh/cry0ice/genode@main/public/trojan.txt
2026-06-08 20:17:00,571 | INFO     |   → 8/1151 ❌ HTTP 404 — https://cdn.jsdelivr.net/gh/cry0ice/genode@main/public/vless.txt
2026-06-08 20:17:00,571 | INFO     |   → 9/1151 ❌ HTTP 404 — https://cdn.jsdelivr.net/gh/cry0ice/genode@main/public/vmess.txt
2026-06-08 20:17:00,571 | INFO     |   → 10/1151: ✅ 0 взято | 🗑️ 0 мусор
2026-06-08 20:17:00,571 | INFO     |   → 11/1151: ✅ 0 взято | 🗑️ 0 мусор
2026-06-08 20:17:00,571 | INFO     |   → 12/1151: ✅ 0 взято | 🗑️ 0 мусор
2026-06-08 20:17:00,571 | INFO     |   → 13/1151: ✅ 0 взято | 🗑️ 0 мусор
2026-06-08 20:17:00,571 | INFO     |   → 14/1151: ✅ 0 взято | 🗑️ 0 мусор
2026-06-08 20:17:00,571 | INFO     |   → 15/1151: ✅ 0 взято | 🗑️ 0 мусор
2026-06-08 20:17:00,572 | INFO     |   → 16/1151: ✅ 0 взято | 🗑️ 0 мусор
2026-06-08 20:17:00,572 | INFO     |   → 17/1151: ✅ 0 взято | 🗑️ 0 мусор
2026-06-08 20:17:00,572 | INFO     |   → 18/1151: ✅ 0 взято | 🗑️ 0 мусор
2026-06-08 20:17:00,572 | INFO     |   → 19/1151: ✅ 0 взято | 🗑️ 0 мусор
2026-06-08 20:17:00,572 | INFO     |   → 20/1151: ✅ 0 взято | 🗑️ 0 мусор
2026-06-08 20:17:00,572 | INFO     |   → 21/1151: ✅ 0 взято | 🗑️ 0 мусор
2026-06-08 20:17:00,572 | INFO     |   → 22/1151: ✅ 0 взято | 🗑️ 0 мусор
2026-06-08 20:17:00,572 | INFO     |   → 23/1151: ✅ 0 взято | 🗑️ 0 мусор
2026-06-08 20:17:00,572 | INFO     |   → 24/1151: ✅ 0 взято | 🗑️ 0 мусор
2026-06-08 20:17:00,572 | INFO     |   → 25/1151: ✅ 0 взято | 🗑️ 0 мусор
2026-06-08 20:17:00,572 | INFO     |   → 26/1151: ✅ 0 взято | 🗑️ 0 мусор
2026-06-08 20:17:00,572 | INFO     |   → 27/1151: ✅ 0 взято | 🗑️ 0 мусор
2026-06-08 20:17:00,572 | INFO     |   → 28/1151: ✅ 0 взято | 🗑️ 0 мусор
2026-06-08 20:17:00,572 | INFO     |   → 29/1151: ✅ 0 взято | 🗑️ 0 мусор
2026-06-08 20:17:00,572 | INFO     |   → 30/1151: ✅ 0 взято | 🗑️ 0 мусор
2026-06-08 20:17:00,572 | INFO     |   → 31/1151: ✅ 0 взято | 🗑️ 0 мусор
2026-06-08 20:17:00,572 | INFO     |   → 32/1151: ✅ 0 взято | 🗑️ 0 мусор
2026-06-08 20:17:00,572 | INFO     |   → 33/1151: ✅ 0 взято | 🗑️ 0 мусор
2026-06-08 20:17:00,572 | INFO     |   → 34/1151: ✅ 0 взято | 🗑️ 0 мусор
2026-06-08 20:17:00,572 | INFO     |   → 35/1151: ✅ 0 взято | 🗑️ 0 мусор
2026-06-08 20:17:00,572 | INFO     |   → 36/1151: ✅ 0 взято | 🗑️ 0 мусор
2026-06-08 20:17:00,572 | INFO     |   → 37/1151: ✅ 0 взято | 🗑️ 0 мусор
2026-06-08 20:17:00,572 | INFO     |   → 38/1151: ✅ 0 взято | 🗑️ 0 мусор
2026-06-08 20:17:00,572 | INFO     |   → 39/1151: ✅ 0 взято | 🗑️ 0 мусор
2026-06-08 20:17:00,572 | INFO     |   → 40/1151: ✅ 0 взято | 🗑️ 0 мусор
2026-06-08 20:17:00,572 | INFO     |   → 41/1151: ✅ 0 взято | 🗑️ 0 мусор
2026-06-08 20:17:00,572 | INFO     |   → 42/1151: ✅ 0 взято | 🗑️ 0 мусор
2026-06-08 20:17:00,572 | INFO     |   → 43/1151: ✅ 0 взято | 🗑️ 0 мусор
2026-06-08 20:17:00,572 | INFO     |   → 44/1151: ✅ 0 взято | 🗑️ 0 мусор
2026-06-08 20:17:00,572 | INFO     |   → 45/1151: ✅ 0 взято | 🗑️ 0 мусор
2026-06-08 20:17:00,572 | INFO     |   → 46/1151: ✅ 0 взято | 🗑️ 0 мусор
2026-06-08 20:17:00,572 | INFO     |   → 47/1151: ✅ 0 взято | 🗑️ 0 мусор
2026-06-08 20:17:00,572 | INFO     |   → 48/1151: ✅ 0 взято | 🗑️ 0 мусор
2026-06-08 20:17:00,572 | INFO     |   → 49/1151: ✅ 0 взято | 🗑️ 0 мусор
2026-06-08 20:17:00,572 | INFO     |   → 50/1151: ✅ 0 взято | 🗑️ 0 мусор
2026-06-08 20:17:00,572 | INFO     |   → 51/1151: ✅ 0 взято | 🗑️ 0 мусор
2026-06-08 20:17:00,572 | INFO     |   → 52/1151: ✅ 0 взято | 🗑️ 0 мусор
2026-06-08 20:17:00,572 | INFO     |   → 53/1151: ✅ 0 взято | 🗑️ 0 мусор
2026-06-08 20:17:00,572 | INFO     |   → 54/1151: ✅ 0 взято | 🗑️ 0 мусор
2026-06-08 20:17:00,573 | INFO     |   → 55/1151: ✅ 0 взято | 🗑️ 0 мусор
2026-06-08 20:17:00,573 | INFO     |   → 56/1151: ✅ 0 взято | 🗑️ 0 мусор
2026-06-08 20:17:00,573 | INFO     |   → 57/1151: ✅ 0 взято | 🗑️ 0 мусор
2026-06-08 20:17:00,573 | INFO     |   → 58/1151: ✅ 0 взято | 🗑️ 0 мусор
2026-06-08 20:17:00,573 | INFO     |   → 59/1151: ✅ 0 взято | 🗑️ 0 мусор
2026-06-08 20:17:00,573 | INFO     |   → 60/1151: ✅ 0 взято | 🗑️ 0 мусор
2026-06-08 20:17:00,573 | INFO     |   → 61/1151: ✅ 0 взято | 🗑️ 0 мусор
2026-06-08 20:17:00,573 | INFO     |   → 62/1151: ✅ 0 взято | 🗑️ 0 мусор
2026-06-08 20:17:00,573 | INFO     |   → 63/1151: ✅ 0 взято | 🗑️ 0 мусор
2026-06-08 20:17:00,573 | INFO     |   → 64/1151: ✅ 0 взято | 🗑️ 0 мусор
2026-06-08 20:17:00,573 | INFO     |   → 65/1151: ✅ 0 взято | 🗑️ 0 мусор
2026-06-08 20:17:00,573 | INFO     |   → 66/1151: ✅ 0 взято | 🗑️ 0 мусор
2026-06-08 20:17:00,573 | INFO     |   → 67/1151: ✅ 0 взято | 🗑️ 0 мусор
2026-06-08 20:17:00,573 | INFO     |   → 68/1151: ✅ 0 взято | 🗑️ 0 мусор
2026-06-08 20:17:00,573 | INFO     |   → 69/1151: ✅ 0 взято | 🗑️ 0 мусор
2026-06-08 20:17:00,573 | INFO     |   → 70/1151: ✅ 0 взято | 🗑️ 0 мусор
2026-06-08 20:17:00,573 | INFO     |   → 71/1151: ✅ 0 взято | 🗑️ 0 мусор
2026-06-08 20:17:00,573 | INFO     |   → 72/1151: ✅ 0 взято | 🗑️ 0 мусор
2026-06-08 20:17:00,573 | INFO     |   → 73/1151: ✅ 0 взято | 🗑️ 0 мусор
2026-06-08 20:17:00,573 | INFO     |   → 74/1151: ✅ 0 взято | 🗑️ 0 мусор
2026-06-08 20:17:00,573 | INFO     |   → 75/1151: ✅ 0 взято | 🗑️ 0 мусор
2026-06-08 20:17:00,573 | INFO     |   → 76/1151: ✅ 0 взято | 🗑️ 0 мусор
2026-06-08 20:17:00,573 | INFO     |   → 77/1151: ✅ 0 взято | 🗑️ 0 мусор
2026-06-08 20:17:00,573 | INFO     |   → 78/1151: ✅ 0 взято | 🗑️ 0 мусор
2026-06-08 20:17:00,573 | INFO     |   → 79/1151: ✅ 0 взято | 🗑️ 0 мусор
2026-06-08 20:17:00,573 | INFO     |   → 80/1151: ✅ 0 взято | 🗑️ 0 мусор
2026-06-08 20:17:00,573 | INFO     |   → 81/1151: ✅ 0 взято | 🗑️ 0 мусор
2026-06-08 20:17:00,573 | INFO     |   → 82/1151: ✅ 0 взято | 🗑️ 0 мусор
2026-06-08 20:17:00,573 | INFO     |   → 83/1151: ✅ 0 взято | 🗑️ 0 мусор
2026-06-08 20:17:00,573 | INFO     |   → 84/1151: ✅ 0 взято | 🗑️ 0 мусор
2026-06-08 20:17:00,573 | INFO     |   → 85/1151: ✅ 0 взято | 🗑️ 0 мусор
2026-06-08 20:17:00,573 | INFO     |   → 86/1151: ✅ 0 взято | 🗑️ 0 мусор
2026-06-08 20:17:00,573 | INFO     |   → 87/1151: ✅ 0 взято | 🗑️ 0 мусор
2026-06-08 20:17:00,573 | INFO     |   → 88/1151: ✅ 0 взято | 🗑️ 0 мусор
2026-06-08 20:17:00,573 | INFO     |   → 89/1151: ✅ 0 взято | 🗑️ 0 мусор
2026-06-08 20:17:00,573 | INFO     |   → 90/1151: ✅ 0 взято | 🗑️ 0 мусор
2026-06-08 20:17:00,573 | INFO     |   → 91/1151: ✅ 0 взято | 🗑️ 0 мусор
2026-06-08 20:17:00,573 | INFO     |   → 92/1151: ✅ 0 взято | 🗑️ 0 мусор
2026-06-08 20:17:00,573 | INFO     |   → 93/1151: ✅ 0 взято | 🗑️ 0 мусор
2026-06-08 20:17:00,573 | INFO     |   → 94/1151: ✅ 0 взято | 🗑️ 0 мусор
2026-06-08 20:17:00,574 | INFO     |   → 95/1151: ✅ 0 взято | 🗑️ 0 мусор
2026-06-08 20:17:00,574 | INFO     |   → 96/1151: ✅ 0 взято | 🗑️ 0 мусор
2026-06-08 20:17:00,574 | INFO     |   → 97/1151: ✅ 0 взято | 🗑️ 0 мусор
2026-06-08 20:17:00,574 | INFO     |   → 98/1151: ✅ 0 взято | 🗑️ 0 мусор
2026-06-08 20:17:00,574 | INFO     |   → 99/1151: ✅ 0 взято | 🗑️ 0 мусор
2026-06-08 20:17:00,574 | INFO     |   → 100/1151: ✅ 0 взято | 🗑️ 0 мусор
2026-06-08 20:17:00,574 | INFO     |   → 101/1151: ✅ 0 взято | 🗑️ 0 мусор
2026-06-08 20:17:00,574 | INFO     |   → 102/1151: ✅ 0 взято | 🗑️ 0 мусор
2026-06-08 20:17:00,574 | INFO     |   → 103/1151: ✅ 0 взято | 🗑️ 0 мусор
2026-06-08 20:17:00,574 | INFO     |   → 104/1151: ✅ 0 взято | 🗑️ 0 мусор
2026-06-08 20:17:00,574 | INFO     |   → 105/1151: ✅ 0 взято | 🗑️ 0 мусор
2026-06-08 20:17:00,574 | INFO     |   → 106/1151: ✅ 0 взято | 🗑️ 0 мусор
2026-06-08 20:17:00,574 | INFO     |   → 107/1151: ✅ 0 взято | 🗑️ 0 мусор
2026-06-08 20:17:00,574 | INFO     |   → 108/1151: ✅ 0 взято | 🗑️ 0 мусор
2026-06-08 20:17:00,574 | INFO     |   → 109/1151: ✅ 0 взято | 🗑️ 0 мусор
2026-06-08 20:17:00,574 | INFO     |   → 110/1151: ✅ 0 взято | 🗑️ 0 мусор
2026-06-08 20:17:00,574 | INFO     |   → 111/1151: ✅ 0 взято | 🗑️ 0 мусор
2026-06-08 20:17:00,574 | INFO     |   → 112/1151: ✅ 0 взято | 🗑️ 0 мусор
2026-06-08 20:17:00,574 | INFO     |   → 113/1151: ✅ 0 взято | 🗑️ 0 мусор
2026-06-08 20:17:00,574 | INFO     |   → 114/1151: ✅ 0 взято | 🗑️ 0 мусор
2026-06-08 20:17:00,574 | INFO     |   → 115/1151: ✅ 0 взято | 🗑️ 0 мусор
2026-06-08 20:17:00,574 | INFO     |   → 116/1151: ✅ 0 взято | 🗑️ 0 мусор
2026-06-08 20:17:00,574 | INFO     |   → 117/1151: ✅ 0 взято | 🗑️ 0 мусор
2026-06-08 20:17:00,574 | INFO     |   → 118/1151: ✅ 0 взято | 🗑️ 0 мусор
2026-06-08 20:17:00,574 | INFO     |   → 119/1151: ✅ 0 взято | 🗑️ 0 мусор
2026-06-08 20:17:00,574 | INFO     |   → 120/1151: ✅ 0 взято | 🗑️ 0 мусор
2026-06-08 20:17:00,574 | INFO     |   → 121/1151: ✅ 0 взято | 🗑️ 0 мусор
2026-06-08 20:17:00,574 | INFO     |   → 122/1151: ✅ 0 взято | 🗑️ 0 мусор
2026-06-08 20:17:00,574 | INFO     |   → 123/1151: ✅ 0 взято | 🗑️ 0 мусор
2026-06-08 20:17:00,574 | INFO     |   → 124/1151: ✅ 0 взято | 🗑️ 0 мусор
2026-06-08 20:17:00,574 | INFO     |   → 125/1151: ✅ 0 взято | 🗑️ 0 мусор
2026-06-08 20:17:00,574 | INFO     |   → 126/1151: ✅ 0 взято | 🗑️ 0 мусор
2026-06-08 20:17:00,574 | INFO     |   → 127/1151: ✅ 0 взято | 🗑️ 0 мусор
2026-06-08 20:17:00,574 | INFO     |   → 128/1151 ❌ HTTP 404 — https://freessrnode.github.io/uploads/2024/08/0-20240822.txt
2026-06-08 20:17:00,574 | INFO     |   → 129/1151 ❌ HTTP 404 — https://freessrnode.github.io/uploads/2024/08/1-20240822.txt
2026-06-08 20:17:00,574 | INFO     |   → 130/1151 ❌ HTTP 404 — https://freessrnode.github.io/uploads/2024/08/2-20240822.txt
2026-06-08 20:17:00,574 | INFO     |   → 131/1151 ❌ HTTP 404 — https://freessrnode.github.io/uploads/2024/08/3-20240822.txt
2026-06-08 20:17:00,574 | INFO     |   → 132/1151 ❌ HTTP 404 — https://freessrnode.github.io/uploads/2024/08/4-20240822.txt
2026-06-08 20:17:00,574 | INFO     |   → 133/1151 ⚠️ Ошибка: HTTPSConnectionPool(host='freevpnspy.githubrowcontent.com', port=443): Max retries exceeded with url: /2024/08/20240802_novless.yaml (Caused by NameResolutionError("HTTPSConnection(host='freevpnspy.githubrowcontent.com', port=443): Failed to resolve 'freevpnspy.githubrowcontent.com' ([Errno -2] Name or service not known)")) — https://freevpnspy.githubrowcontent.com/2024/08/20240802_novless.yaml
2026-06-08 20:17:00,574 | INFO     |   → 134/1151 ⚠️ Ошибка: HTTPSConnectionPool(host='freevpnspy.githubrowcontent.com', port=443): Max retries exceeded with url: /2024/08/20240802_vless.yaml (Caused by NameResolutionError("HTTPSConnection(host='freevpnspy.githubrowcontent.com', port=443): Failed to resolve 'freevpnspy.githubrowcontent.com' ([Errno -2] Name or service not known)")) — https://freevpnspy.githubrowcontent.com/2024/08/20240802_vless.yaml
2026-06-08 20:17:00,574 | INFO     |   → 135/1151: ✅ 0 взято | 🗑️ 0 мусор
2026-06-08 20:17:00,574 | INFO     |   → 136/1151: ✅ 14 взято | 🗑️ 292 мусор
2026-06-08 20:17:00,574 | INFO     |   → 137/1151: ✅ 14 взято | 🗑️ 218 мусор
2026-06-08 20:17:00,574 | INFO     |   → 138/1151: ✅ 7 взято | 🗑️ 148 мусор
2026-06-08 20:17:00,575 | INFO     |   → 139/1151: ✅ 9 взято | 🗑️ 151 мусор
2026-06-08 20:17:00,575 | INFO     |   → 140/1151: ✅ 0 взято | 🗑️ 0 мусор
2026-06-08 20:17:00,575 | INFO     |   → 141/1151: ✅ 0 взято | 🗑️ 0 мусор
2026-06-08 20:17:00,575 | INFO     |   → 142/1151: ✅ 10 взято | 🗑️ 113 мусор
2026-06-08 20:17:00,575 | INFO     |   → 143/1151: ✅ 0 взято | 🗑️ 0 мусор
2026-06-08 20:17:00,575 | INFO     |   → 144/1151: ✅ 0 взято | 🗑️ 0 мусор
2026-06-08 20:17:00,575 | INFO     |   → 145/1151: ✅ 0 взято | 🗑️ 0 мусор
2026-06-08 20:17:00,575 | INFO     |   → 146/1151: ✅ 5 взято | 🗑️ 211 мусор
2026-06-08 20:17:00,575 | INFO     |   → 147/1151: ✅ 0 взято | 🗑️ 0 мусор
2026-06-08 20:17:00,575 | INFO     |   → 148/1151: ✅ 0 взято | 🗑️ 0 мусор
2026-06-08 20:17:00,575 | INFO     |   → 149/1151: ✅ 1 взято | 🗑️ 226 мусор
2026-06-08 20:17:00,575 | INFO     |   → 150/1151: ✅ 3 взято | 🗑️ 152 мусор
2026-06-08 20:17:00,575 | INFO     |   → 151/1151: ✅ 0 взято | 🗑️ 0 мусор
2026-06-08 20:17:00,575 | INFO     |   → 152/1151: ✅ 0 взято | 🗑️ 0 мусор
2026-06-08 20:17:00,575 | INFO     |   → 153/1151: ✅ 0 взято | 🗑️ 300 мусор
2026-06-08 20:17:00,575 | INFO     |   → 154/1151: ✅ 0 взято | 🗑️ 0 мусор
2026-06-08 20:17:00,575 | INFO     |   → 155/1151: ✅ 0 взято | 🗑️ 142 мусор
2026-06-08 20:17:00,575 | INFO     |   → 156/1151: ✅ 2 взято | 🗑️ 124 мусор
2026-06-08 20:17:00,575 | INFO     |   → 157/1151: ✅ 0 взято | 🗑️ 0 мусор
2026-06-08 20:17:00,576 | INFO     |   → 158/1151: ✅ 1 взято | 🗑️ 104 мусор
2026-06-08 20:17:00,576 | INFO     |   → 159/1151: ✅ 0 взято | 🗑️ 193 мусор
2026-06-08 20:17:00,576 | INFO     |   → 160/1151: ✅ 2 взято | 🗑️ 115 мусор
2026-06-08 20:17:00,576 | INFO     |   → 161/1151: ✅ 0 взято | 🗑️ 0 мусор
2026-06-08 20:17:00,576 | INFO     |   → 162/1151: ✅ 0 взято | 🗑️ 0 мусор
2026-06-08 20:17:00,576 | INFO     |   → 163/1151: ✅ 0 взято | 🗑️ 125 мусор
2026-06-08 20:17:00,576 | INFO     |   → 164/1151: ✅ 0 взято | 🗑️ 296 мусор
2026-06-08 20:17:00,576 | INFO     |   → 165/1151: ✅ 0 взято | 🗑️ 130 мусор
2026-06-08 20:17:00,576 | INFO     |   → 166/1151: ✅ 2 взято | 🗑️ 105 мусор
2026-06-08 20:17:00,576 | INFO     |   → 167/1151: ✅ 0 взято | 🗑️ 0 мусор
2026-06-08 20:17:00,576 | INFO     |   → 168/1151: ✅ 3 взято | 🗑️ 268 мусор
2026-06-08 20:17:00,576 | INFO     |   → 169/1151: ✅ 0 взято | 🗑️ 248 мусор
2026-06-08 20:17:00,576 | INFO     |   → 170/1151: ✅ 0 взято | 🗑️ 0 мусор
2026-06-08 20:17:00,576 | INFO     |   → 171/1151: ✅ 1 взято | 🗑️ 139 мусор
2026-06-08 20:17:00,576 | INFO     |   → 172/1151: ✅ 1 взято | 🗑️ 109 мусор
2026-06-08 20:17:00,576 | INFO     |   → 173/1151: ✅ 0 взято | 🗑️ 0 мусор
2026-06-08 20:17:00,576 | INFO     |   → 174/1151: ✅ 0 взято | 🗑️ 0 мусор
2026-06-08 20:17:00,576 | INFO     |   → 175/1151: ✅ 0 взято | 🗑️ 0 мусор
2026-06-08 20:17:00,576 | INFO     |   → 176/1151: ✅ 0 взято | 🗑️ 0 мусор
2026-06-08 20:17:00,577 | INFO     |   → 177/1151: ✅ 0 взято | 🗑️ 198 мусор
2026-06-08 20:17:00,577 | INFO     |   → 178/1151: ✅ 0 взято | 🗑️ 0 мусор
2026-06-08 20:17:00,577 | INFO     |   → 179/1151: ✅ 0 взято | 🗑️ 0 мусор
2026-06-08 20:17:00,577 | INFO     |   → 180/1151: ✅ 0 взято | 🗑️ 0 мусор
2026-06-08 20:17:00,577 | INFO     |   → 181/1151 ❌ HTTP 404 — https://github.com/Epodonios/bulk-xray-v2ray-vless-vmess-...-configs/raw/main/sub/Albania/config.txt
2026-06-08 20:17:00,577 | INFO     |   → 182/1151 ❌ HTTP 404 — https://github.com/Epodonios/bulk-xray-v2ray-vless-vmess-...-configs/raw/main/sub/Cura%C3%A7ao/config.txt
2026-06-08 20:17:00,577 | INFO     |   → 183/1151 ❌ HTTP 404 — https://github.com/Epodonios/bulk-xray-v2ray-vless-vmess-...-configs/raw/main/sub/Finland/config.txt
2026-06-08 20:17:00,577 | INFO     |   → 184/1151 ❌ HTTP 404 — https://github.com/Epodonios/bulk-xray-v2ray-vless-vmess-...-configs/raw/main/sub/Iran/config.txt
2026-06-08 20:17:00,577 | INFO     |   → 185/1151 ❌ HTTP 404 — https://github.com/Epodonios/bulk-xray-v2ray-vless-vmess-...-configs/raw/main/sub/Netherlands/config.txt
2026-06-08 20:17:00,577 | INFO     |   → 186/1151 ❌ HTTP 404 — https://github.com/Epodonios/bulk-xray-v2ray-vless-vmess-...-configs/raw/main/sub/Norway/config.txt
2026-06-08 20:17:00,577 | INFO     |   → 187/1151 ❌ HTTP 404 — https://github.com/Epodonios/bulk-xray-v2ray-vless-vmess-...-configs/raw/main/sub/Russia/config.txt
2026-06-08 20:17:00,577 | INFO     |   → 188/1151: ✅ 13 взято | 🗑️ 70 мусор
2026-06-08 20:17:00,577 | INFO     |   → 189/1151: ✅ 0 взято | 🗑️ 4 мусор
2026-06-08 20:17:00,577 | INFO     |   → 190/1151: ✅ 0 взято | 🗑️ 7 мусор
2026-06-08 20:17:00,577 | INFO     |   → 191/1151: ✅ 0 взято | 🗑️ 51 мусор
2026-06-08 20:17:00,577 | INFO     |   → 192/1151: ✅ 0 взято | 🗑️ 8 мусор
2026-06-08 20:17:00,577 | INFO     |   → 193/1151: ✅ 0 взято | 🗑️ 0 мусор
2026-06-08 20:17:00,577 | INFO     |   → 194/1151: ✅ 17 взято | 🗑️ 119 мусор
2026-06-08 20:17:00,577 | INFO     |   → 195/1151 ❌ HTTP 404 — https://github.com/MrMohebi/xray-proxy-grabber-telegram/raw/master/collected-proxies/clash-meta/all.yaml
2026-06-08 20:17:00,578 | INFO     |   → 196/1151 ❌ HTTP 404 — https://github.com/MrMohebi/xray-proxy-grabber-telegram/raw/master/collected-proxies/row-url/all.txt
2026-06-08 20:17:00,578 | INFO     |   → 197/1151: ✅ 0 взято | 🗑️ 0 мусор
2026-06-08 20:17:00,578 | INFO     |   → 198/1151: ✅ 0 взято | 🗑️ 113 мусор
2026-06-08 20:17:00,578 | INFO     |   → 199/1151: ✅ 0 взято | 🗑️ 119 мусор
2026-06-08 20:17:00,578 | INFO     |   → 200/1151 ❌ HTTP 404 — https://github.com/abbasdvd3/abbasdvd10/73ec60de7a6c6aa6df4c14b511c1da60686891ca/ppo.txt
2026-06-08 20:17:00,578 | INFO     |   → 201/1151 ❌ HTTP 404 — https://github.com/acymz/AutoVPN/refs/heads/main/data/V2.txt
2026-06-08 20:17:00,578 | INFO     |   → 202/1151: ✅ 0 взято | 🗑️ 0 мусор
2026-06-08 20:17:00,578 | INFO     |   → 203/1151: ✅ 0 взято | 🗑️ 0 мусор
2026-06-08 20:17:00,578 | INFO     |   → 204/1151: ✅ 0 взято | 🗑️ 0 мусор
2026-06-08 20:17:00,578 | INFO     |   → 205/1151: ✅ 0 взято | 🗑️ 0 мусор
2026-06-08 20:17:00,578 | INFO     |   → 206/1151: ✅ 0 взято | 🗑️ 0 мусор
2026-06-08 20:17:00,578 | INFO     |   → 207/1151: ✅ 0 взято | 🗑️ 0 мусор
2026-06-08 20:17:00,578 | INFO     |   → 208/1151: ✅ 0 взято | 🗑️ 0 мусор
2026-06-08 20:17:00,578 | INFO     |   → 209/1151 ❌ HTTP 404 — https://github.com/mermeroo/V2RAY-FREE/raw/main/All_Configs_base64_Sub.txt
2026-06-08 20:17:00,578 | INFO     |   → 210/1151 ❌ HTTP 404 — https://github.com/mermeroo/V2RAY-FREE/raw/main/Base64/Sub1_base64.txt
2026-06-08 20:17:00,578 | INFO     |   → 211/1151 ❌ HTTP 404 — https://github.com/mermeroo/V2RAY-FREE/raw/main/Base64/Sub2_base64.txt
2026-06-08 20:17:00,578 | INFO     |   → 212/1151 ❌ HTTP 404 — https://github.com/mermeroo/V2RAY-FREE/raw/main/Base64/Sub3_base64.txt
2026-06-08 20:17:00,578 | INFO     |   → 213/1151 ❌ HTTP 404 — https://github.com/mermeroo/V2RAY-FREE/raw/main/Base64/Sub4_base64.txt
2026-06-08 20:17:00,578 | INFO     |   → 214/1151 ❌ HTTP 404 — https://github.com/mermeroo/V2RAY-FREE/raw/main/Base64/Sub5_base64.txt
2026-06-08 20:17:00,579 | INFO     |   → 215/1151 ❌ HTTP 404 — https://github.com/mermeroo/telegram-configs-collector/raw/main/protocols/hysteria
2026-06-08 20:17:00,579 | INFO     |   → 216/1151 ❌ HTTP 404 — https://github.com/mermeroo/telegram-configs-collector/raw/main/protocols/juicity
2026-06-08 20:17:00,579 | INFO     |   → 217/1151 ❌ HTTP 404 — https://github.com/mermeroo/telegram-configs-collector/raw/main/protocols/tuic
2026-06-08 20:17:00,579 | INFO     |   → 218/1151: ✅ 5 взято | 🗑️ 16 мусор
2026-06-08 20:17:00,579 | INFO     |   → 219/1151: ✅ 0 взято | 🗑️ 0 мусор
2026-06-08 20:17:00,579 | INFO     |   → 220/1151: ✅ 0 взято | 🗑️ 0 мусор
2026-06-08 20:17:00,579 | INFO     |   → 221/1151: ✅ 0 взято | 🗑️ 0 мусор
2026-06-08 20:17:00,579 | INFO     |   → 222/1151: ✅ 3 взято | 🗑️ 238 мусор
2026-06-08 20:17:00,579 | INFO     |   → 223/1151: ✅ 0 взято | 🗑️ 0 мусор
2026-06-08 20:17:00,579 | INFO     |   → 224/1151: ✅ 3 взято | 🗑️ 239 мусор
2026-06-08 20:17:00,579 | INFO     |   → 225/1151: ✅ 0 взято | 🗑️ 0 мусор
2026-06-08 20:17:00,579 | INFO     |   → 226/1151: ✅ 0 взято | 🗑️ 255 мусор
2026-06-08 20:17:00,579 | INFO     |   → 227/1151: ✅ 0 взято | 🗑️ 0 мусор
2026-06-08 20:17:00,579 | INFO     |   → 228/1151: ✅ 1 взято | 🗑️ 249 мусор
2026-06-08 20:17:00,579 | INFO     |   → 229/1151: ✅ 0 взято | 🗑️ 0 мусор
2026-06-08 20:17:00,579 | INFO     |   → 230/1151: ✅ 0 взято | 🗑️ 207 мусор
2026-06-08 20:17:00,579 | INFO     |   → 231/1151: ✅ 0 взято | 🗑️ 0 мусор
2026-06-08 20:17:00,579 | INFO     |   → 232/1151: ✅ 0 взято | 🗑️ 228 мусор
2026-06-08 20:17:00,579 | INFO     |   → 233/1151: ✅ 0 взято | 🗑️ 0 мусор
2026-06-08 20:17:00,580 | INFO     |   → 234/1151: ✅ 1 взято | 🗑️ 291 мусор
2026-06-08 20:17:00,580 | INFO     |   → 235/1151: ✅ 0 взято | 🗑️ 0 мусор
2026-06-08 20:17:00,580 | INFO     |   → 236/1151: ✅ 3 взято | 🗑️ 221 мусор
2026-06-08 20:17:00,580 | INFO     |   → 237/1151: ✅ 0 взято | 🗑️ 0 мусор
2026-06-08 20:17:00,580 | INFO     |   → 238/1151: ✅ 1 взято | 🗑️ 222 мусор
2026-06-08 20:17:00,580 | INFO     |   → 239/1151: ✅ 0 взято | 🗑️ 0 мусор
2026-06-08 20:17:00,580 | INFO     |   → 240/1151: ✅ 1 взято | 🗑️ 218 мусор
2026-06-08 20:17:00,580 | INFO     |   → 241/1151: ✅ 0 взято | 🗑️ 0 мусор
2026-06-08 20:17:00,580 | INFO     |   → 242/1151: ✅ 0 взято | 🗑️ 193 мусор
2026-06-08 20:17:00,580 | INFO     |   → 243/1151: ✅ 0 взято | 🗑️ 0 мусор
2026-06-08 20:17:00,580 | INFO     |   → 244/1151: ✅ 0 взято | 🗑️ 290 мусор
2026-06-08 20:17:00,580 | INFO     |   → 245/1151: ✅ 0 взято | 🗑️ 0 мусор
2026-06-08 20:17:00,580 | INFO     |   → 246/1151: ✅ 0 взято | 🗑️ 238 мусор
2026-06-08 20:17:00,580 | INFO     |   → 247/1151: ✅ 0 взято | 🗑️ 0 мусор
2026-06-08 20:17:00,580 | INFO     |   → 248/1151: ✅ 0 взято | 🗑️ 221 мусор
2026-06-08 20:17:00,580 | INFO     |   → 249/1151: ✅ 0 взято | 🗑️ 0 мусор
2026-06-08 20:17:00,580 | INFO     |   → 250/1151: ✅ 0 взято | 🗑️ 248 мусор
2026-06-08 20:17:00,580 | INFO     |   → 251/1151: ✅ 0 взято | 🗑️ 0 мусор
2026-06-08 20:17:00,580 | INFO     |   → 252/1151: ✅ 0 взято | 🗑️ 203 мусор
2026-06-08 20:17:00,581 | INFO     |   → 253/1151: ✅ 0 взято | 🗑️ 0 мусор
2026-06-08 20:17:00,581 | INFO     |   → 254/1151: ✅ 0 взято | 🗑️ 208 мусор
2026-06-08 20:17:00,581 | INFO     |   → 255/1151: ✅ 0 взято | 🗑️ 0 мусор
2026-06-08 20:17:00,581 | INFO     |   → 256/1151: ✅ 2 взято | 🗑️ 209 мусор
2026-06-08 20:17:00,581 | INFO     |   → 257/1151: ✅ 0 взято | 🗑️ 0 мусор
2026-06-08 20:17:00,581 | INFO     |   → 258/1151: ✅ 0 взято | 🗑️ 258 мусор
2026-06-08 20:17:00,581 | INFO     |   → 259/1151: ✅ 0 взято | 🗑️ 0 мусор
2026-06-08 20:17:00,581 | INFO     |   → 260/1151: ✅ 0 взято | 🗑️ 296 мусор
2026-06-08 20:17:00,581 | INFO     |   → 261/1151: ✅ 0 взято | 🗑️ 0 мусор
2026-06-08 20:17:00,581 | INFO     |   → 262/1151: ✅ 1 взято | 🗑️ 286 мусор
2026-06-08 20:17:00,581 | INFO     |   → 263/1151: ✅ 0 взято | 🗑️ 0 мусор
2026-06-08 20:17:00,581 | INFO     |   → 264/1151: ✅ 0 взято | 🗑️ 195 мусор
2026-06-08 20:17:00,581 | INFO     |   → 265/1151: ✅ 0 взято | 🗑️ 0 мусор
2026-06-08 20:17:00,581 | INFO     |   → 266/1151: ✅ 0 взято | 🗑️ 170 мусор
2026-06-08 20:17:00,581 | INFO     |   → 267/1151: ✅ 0 взято | 🗑️ 0 мусор
2026-06-08 20:17:00,581 | INFO     |   → 268/1151: ✅ 0 взято | 🗑️ 160 мусор
2026-06-08 20:17:00,581 | INFO     |   → 269/1151: ✅ 0 взято | 🗑️ 0 мусор
2026-06-08 20:17:00,581 | INFO     |   → 270/1151: ✅ 0 взято | 🗑️ 121 мусор
2026-06-08 20:17:00,581 | INFO     |   → 271/1151: ✅ 0 взято | 🗑️ 0 мусор
2026-06-08 20:17:00,582 | INFO     |   → 272/1151: ✅ 0 взято | 🗑️ 135 мусор
2026-06-08 20:17:00,582 | INFO     |   → 273/1151: ✅ 0 взято | 🗑️ 0 мусор
2026-06-08 20:17:00,582 | INFO     |   → 274/1151: ✅ 1 взято | 🗑️ 129 мусор
2026-06-08 20:17:00,582 | INFO     |   → 275/1151: ✅ 0 взято | 🗑️ 0 мусор
2026-06-08 20:17:00,582 | INFO     |   → 276/1151: ✅ 0 взято | 🗑️ 189 мусор
2026-06-08 20:17:00,582 | INFO     |   → 277/1151: ✅ 0 взято | 🗑️ 0 мусор
2026-06-08 20:17:00,582 | INFO     |   → 278/1151: ✅ 3 взято | 🗑️ 147 мусор
2026-06-08 20:17:00,582 | INFO     |   → 279/1151: ✅ 0 взято | 🗑️ 0 мусор
2026-06-08 20:17:00,582 | INFO     |   → 280/1151: ✅ 1 взято | 🗑️ 183 мусор
2026-06-08 20:17:00,582 | INFO     |   → 281/1151: ✅ 0 взято | 🗑️ 0 мусор
2026-06-08 20:17:00,582 | INFO     |   → 282/1151: ✅ 0 взято | 🗑️ 155 мусор
2026-06-08 20:17:00,582 | INFO     |   → 283/1151: ✅ 0 взято | 🗑️ 0 мусор
2026-06-08 20:17:00,582 | INFO     |   → 284/1151: ✅ 0 взято | 🗑️ 114 мусор
2026-06-08 20:17:00,582 | INFO     |   → 285/1151: ✅ 0 взято | 🗑️ 0 мусор
2026-06-08 20:17:00,582 | INFO     |   → 286/1151: ✅ 0 взято | 🗑️ 239 мусор
2026-06-08 20:17:00,582 | INFO     |   → 287/1151: ✅ 0 взято | 🗑️ 0 мусор
2026-06-08 20:17:00,582 | INFO     |   → 288/1151: ✅ 0 взято | 🗑️ 204 мусор
2026-06-08 20:17:00,582 | INFO     |   → 289/1151: ✅ 0 взято | 🗑️ 0 мусор
2026-06-08 20:17:00,582 | INFO     |   → 290/1151: ✅ 0 взято | 🗑️ 232 мусор
2026-06-08 20:17:00,583 | INFO     |   → 291/1151: ✅ 0 взято | 🗑️ 0 мусор
2026-06-08 20:17:00,583 | INFO     |   → 292/1151: ✅ 0 взято | 🗑️ 192 мусор
2026-06-08 20:17:00,583 | INFO     |   → 293/1151: ✅ 0 взято | 🗑️ 0 мусор
2026-06-08 20:17:00,583 | INFO     |   → 294/1151: ✅ 0 взято | 🗑️ 183 мусор
2026-06-08 20:17:00,583 | INFO     |   → 295/1151: ✅ 0 взято | 🗑️ 0 мусор
2026-06-08 20:17:00,583 | INFO     |   → 296/1151: ✅ 0 взято | 🗑️ 169 мусор
2026-06-08 20:17:00,583 | INFO     |   → 297/1151: ✅ 0 взято | 🗑️ 0 мусор
2026-06-08 20:17:00,583 | INFO     |   → 298/1151: ✅ 0 взято | 🗑️ 167 мусор
2026-06-08 20:17:00,583 | INFO     |   → 299/1151: ✅ 0 взято | 🗑️ 0 мусор
2026-06-08 20:17:00,583 | INFO     |   → 300/1151: ✅ 0 взято | 🗑️ 193 мусор
2026-06-08 20:17:00,583 | INFO     |   → 301/1151: ✅ 0 взято | 🗑️ 0 мусор
2026-06-08 20:17:00,583 | INFO     |   → 302/1151: ✅ 1 взято | 🗑️ 161 мусор
2026-06-08 20:17:00,583 | INFO     |   → 303/1151: ✅ 0 взято | 🗑️ 0 мусор
2026-06-08 20:17:00,583 | INFO     |   → 304/1151: ✅ 0 взято | 🗑️ 171 мусор
2026-06-08 20:17:00,583 | INFO     |   → 305/1151: ✅ 0 взято | 🗑️ 0 мусор
2026-06-08 20:17:00,583 | INFO     |   → 306/1151: ✅ 0 взято | 🗑️ 174 мусор
2026-06-08 20:17:00,583 | INFO     |   → 307/1151: ✅ 0 взято | 🗑️ 0 мусор
2026-06-08 20:17:00,583 | INFO     |   → 308/1151: ✅ 0 взято | 🗑️ 206 мусор
2026-06-08 20:17:00,584 | INFO     |   → 309/1151: ✅ 0 взято | 🗑️ 0 мусор
2026-06-08 20:17:00,584 | INFO     |   → 310/1151: ✅ 0 взято | 🗑️ 170 мусор
2026-06-08 20:17:00,584 | INFO     |   → 311/1151: ✅ 0 взято | 🗑️ 0 мусор
2026-06-08 20:17:00,584 | INFO     |   → 312/1151: ✅ 1 взято | 🗑️ 196 мусор
2026-06-08 20:17:00,584 | INFO     |   → 313/1151: ✅ 0 взято | 🗑️ 0 мусор
2026-06-08 20:17:00,584 | INFO     |   → 314/1151: ✅ 0 взято | 🗑️ 208 мусор
2026-06-08 20:17:00,584 | INFO     |   → 315/1151: ✅ 0 взято | 🗑️ 0 мусор
2026-06-08 20:17:00,584 | INFO     |   → 316/1151: ✅ 0 взято | 🗑️ 162 мусор
2026-06-08 20:17:00,584 | INFO     |   → 317/1151: ✅ 0 взято | 🗑️ 0 мусор
2026-06-08 20:17:00,584 | INFO     |   → 318/1151: ✅ 0 взято | 🗑️ 116 мусор
2026-06-08 20:17:00,584 | INFO     |   → 319/1151: ✅ 0 взято | 🗑️ 0 мусор
2026-06-08 20:17:00,584 | INFO     |   → 320/1151: ✅ 0 взято | 🗑️ 132 мусор
2026-06-08 20:17:00,584 | INFO     |   → 321/1151: ✅ 0 взято | 🗑️ 0 мусор
2026-06-08 20:17:00,584 | INFO     |   → 322/1151: ✅ 0 взято | 🗑️ 132 мусор
2026-06-08 20:17:00,584 | INFO     |   → 323/1151: ✅ 0 взято | 🗑️ 0 мусор
2026-06-08 20:17:00,584 | INFO     |   → 324/1151: ✅ 1 взято | 🗑️ 113 мусор
2026-06-08 20:17:00,584 | INFO     |   → 325/1151: ✅ 0 взято | 🗑️ 0 мусор
2026-06-08 20:17:00,584 | INFO     |   → 326/1151: ✅ 0 взято | 🗑️ 103 мусор
2026-06-08 20:17:00,585 | INFO     |   → 327/1151: ✅ 0 взято | 🗑️ 0 мусор
2026-06-08 20:17:00,585 | INFO     |   → 328/1151: ✅ 3 взято | 🗑️ 213 мусор
2026-06-08 20:17:00,585 | INFO     |   → 329/1151: ✅ 0 взято | 🗑️ 0 мусор
2026-06-08 20:17:00,585 | INFO     |   → 330/1151: ✅ 1 взято | 🗑️ 130 мусор
2026-06-08 20:17:00,585 | INFO     |   → 331/1151: ✅ 0 взято | 🗑️ 0 мусор
2026-06-08 20:17:00,585 | INFO     |   → 332/1151: ✅ 0 взято | 🗑️ 135 мусор
2026-06-08 20:17:00,585 | INFO     |   → 333/1151: ✅ 0 взято | 🗑️ 0 мусор
2026-06-08 20:17:00,585 | INFO     |   → 334/1151: ✅ 0 взято | 🗑️ 145 мусор
2026-06-08 20:17:00,585 | INFO     |   → 335/1151: ✅ 0 взято | 🗑️ 0 мусор
2026-06-08 20:17:00,585 | INFO     |   → 336/1151: ✅ 0 взято | 🗑️ 157 мусор
2026-06-08 20:17:00,585 | INFO     |   → 337/1151: ✅ 0 взято | 🗑️ 0 мусор
2026-06-08 20:17:00,585 | INFO     |   → 338/1151: ✅ 0 взято | 🗑️ 131 мусор
2026-06-08 20:17:00,585 | INFO     |   → 339/1151: ✅ 0 взято | 🗑️ 0 мусор
2026-06-08 20:17:00,585 | INFO     |   → 340/1151: ✅ 1 взято | 🗑️ 124 мусор
2026-06-08 20:17:00,585 | INFO     |   → 341/1151: ✅ 0 взято | 🗑️ 0 мусор
2026-06-08 20:17:00,585 | INFO     |   → 342/1151: ✅ 2 взято | 🗑️ 189 мусор
2026-06-08 20:17:00,585 | INFO     |   → 343/1151: ✅ 0 взято | 🗑️ 0 мусор
2026-06-08 20:17:00,585 | INFO     |   → 344/1151 ⚠️ Ошибка: HTTPSConnectionPool(host='ivuxy.tech', port=443): Max retries exceeded with url: /v.txt (Caused by NameResolutionError("HTTPSConnection(host='ivuxy.tech', port=443): Failed to resolve 'ivuxy.tech' ([Errno -2] Name or service not known)")) — https://ivuxy.tech/v.txt
2026-06-08 20:17:00,585 | INFO     |   → 345/1151 ⚠️ Ошибка: HTTPSConnectionPool(host='mirror.ghproxy.com', port=443): Max retries exceeded with url: /https://raw.githubusercontent.com/Barabama/FreeNodes/master/nodes/blues.txt (Caused by NameResolutionError("HTTPSConnection(host='mirror.ghproxy.com', port=443): Failed to resolve 'mirror.ghproxy.com' ([Errno -2] Name or service not known)")) — https://mirror.ghproxy.com/https://raw.githubusercontent.com/Barabama/FreeNodes/master/nodes/blues.txt
2026-06-08 20:17:00,586 | INFO     |   → 346/1151 ⚠️ Ошибка: HTTPSConnectionPool(host='mirror.ghproxy.com', port=443): Max retries exceeded with url: /https://raw.githubusercontent.com/Barabama/FreeNodes/master/nodes/halekj.txt (Caused by NameResolutionError("HTTPSConnection(host='mirror.ghproxy.com', port=443): Failed to resolve 'mirror.ghproxy.com' ([Errno -2] Name or service not known)")) — https://mirror.ghproxy.com/https://raw.githubusercontent.com/Barabama/FreeNodes/master/nodes/halekj.txt
2026-06-08 20:17:00,586 | INFO     |   → 347/1151 ⚠️ Ошибка: HTTPSConnectionPool(host='mirror.ghproxy.com', port=443): Max retries exceeded with url: /https://raw.githubusercontent.com/Barabama/FreeNodes/master/nodes/kkzui.txt (Caused by NameResolutionError("HTTPSConnection(host='mirror.ghproxy.com', port=443): Failed to resolve 'mirror.ghproxy.com' ([Errno -2] Name or service not known)")) — https://mirror.ghproxy.com/https://raw.githubusercontent.com/Barabama/FreeNodes/master/nodes/kkzui.txt
2026-06-08 20:17:00,586 | INFO     |   → 348/1151 ⚠️ Ошибка: HTTPSConnectionPool(host='mirror.ghproxy.com', port=443): Max retries exceeded with url: /https://raw.githubusercontent.com/Barabama/FreeNodes/master/nodes/merged.txt (Caused by NameResolutionError("HTTPSConnection(host='mirror.ghproxy.com', port=443): Failed to resolve 'mirror.ghproxy.com' ([Errno -2] Name or service not known)")) — https://mirror.ghproxy.com/https://raw.githubusercontent.com/Barabama/FreeNodes/master/nodes/merged.txt
2026-06-08 20:17:00,586 | INFO     |   → 349/1151 ⚠️ Ошибка: HTTPSConnectionPool(host='mirror.ghproxy.com', port=443): Max retries exceeded with url: /https://raw.githubusercontent.com/Barabama/FreeNodes/master/nodes/nodefree.txt (Caused by NameResolutionError("HTTPSConnection(host='mirror.ghproxy.com', port=443): Failed to resolve 'mirror.ghproxy.com' ([Errno -2] Name or service not known)")) — https://mirror.ghproxy.com/https://raw.githubusercontent.com/Barabama/FreeNodes/master/nodes/nodefree.txt
2026-06-08 20:17:00,586 | INFO     |   → 350/1151 ⚠️ Ошибка: HTTPSConnectionPool(host='mirror.ghproxy.com', port=443): Max retries exceeded with url: /https://raw.githubusercontent.com/Barabama/FreeNodes/master/nodes/openrunner.txt (Caused by NameResolutionError("HTTPSConnection(host='mirror.ghproxy.com', port=443): Failed to resolve 'mirror.ghproxy.com' ([Errno -2] Name or service not known)")) — https://mirror.ghproxy.com/https://raw.githubusercontent.com/Barabama/FreeNodes/master/nodes/openrunner.txt
2026-06-08 20:17:00,586 | INFO     |   → 351/1151 ⚠️ Ошибка: HTTPSConnectionPool(host='mirror.ghproxy.com', port=443): Max retries exceeded with url: /https://raw.githubusercontent.com/Barabama/FreeNodes/master/nodes/v2rayshare.txt (Caused by NameResolutionError("HTTPSConnection(host='mirror.ghproxy.com', port=443): Failed to resolve 'mirror.ghproxy.com' ([Errno -2] Name or service not known)")) — https://mirror.ghproxy.com/https://raw.githubusercontent.com/Barabama/FreeNodes/master/nodes/v2rayshare.txt
2026-06-08 20:17:00,586 | INFO     |   → 352/1151 ⚠️ Ошибка: HTTPSConnectionPool(host='mirror.ghproxy.com', port=443): Max retries exceeded with url: /https://raw.githubusercontent.com/Barabama/FreeNodes/master/nodes/wenode.txt (Caused by NameResolutionError("HTTPSConnection(host='mirror.ghproxy.com', port=443): Failed to resolve 'mirror.ghproxy.com' ([Errno -2] Name or service not known)")) — https://mirror.ghproxy.com/https://raw.githubusercontent.com/Barabama/FreeNodes/master/nodes/wenode.txt
2026-06-08 20:17:00,586 | INFO     |   → 353/1151 ⚠️ Ошибка: HTTPSConnectionPool(host='mirror.ghproxy.com', port=443): Max retries exceeded with url: /https://raw.githubusercontent.com/Barabama/FreeNodes/master/nodes/yudou66.txt (Caused by NameResolutionError("HTTPSConnection(host='mirror.ghproxy.com', port=443): Failed to resolve 'mirror.ghproxy.com' ([Errno -2] Name or service not known)")) — https://mirror.ghproxy.com/https://raw.githubusercontent.com/Barabama/FreeNodes/master/nodes/yudou66.txt
2026-06-08 20:17:00,586 | INFO     |   → 354/1151: ✅ 7 взято | 🗑️ 17 мусор
2026-06-08 20:17:00,586 | INFO     |   → 355/1151: ✅ 0 взято | 🗑️ 17 мусор
2026-06-08 20:17:00,586 | INFO     |   → 356/1151: ✅ 14 взято | 🗑️ 14 мусор
2026-06-08 20:17:00,586 | INFO     |   → 357/1151: ✅ 0 взято | 🗑️ 14 мусор
2026-06-08 20:17:00,586 | INFO     |   → 358/1151: ✅ 0 взято | 🗑️ 14 мусор
2026-06-08 20:17:00,586 | INFO     |   → 359/1151: ✅ 0 взято | 🗑️ 14 мусор
2026-06-08 20:17:00,586 | INFO     |   → 360/1151: ✅ 0 взято | 🗑️ 14 мусор
2026-06-08 20:17:00,586 | INFO     |   → 361/1151: ✅ 0 взято | 🗑️ 14 мусор
2026-06-08 20:17:00,586 | INFO     |   → 362/1151: ✅ 0 взято | 🗑️ 14 мусор
2026-06-08 20:17:00,586 | INFO     |   → 363/1151: ✅ 0 взято | 🗑️ 14 мусор
2026-06-08 20:17:00,586 | INFO     |   → 364/1151: ✅ 0 взято | 🗑️ 14 мусор
2026-06-08 20:17:00,586 | INFO     |   → 365/1151: ✅ 7 взято | 🗑️ 21 мусор
2026-06-08 20:17:00,586 | INFO     |   → 366/1151: ✅ 0 взято | 🗑️ 21 мусор
2026-06-08 20:17:00,586 | INFO     |   → 367/1151: ✅ 0 взято | 🗑️ 21 мусор
2026-06-08 20:17:00,587 | INFO     |   → 368/1151: ✅ 0 взято | 🗑️ 21 мусор
2026-06-08 20:17:00,587 | INFO     |   → 369/1151: ✅ 0 взято | 🗑️ 21 мусор
2026-06-08 20:17:00,587 | INFO     |   → 370/1151: ✅ 0 взято | 🗑️ 21 мусор
2026-06-08 20:17:00,587 | INFO     |   → 371/1151: ✅ 0 взято | 🗑️ 21 мусор
2026-06-08 20:17:00,587 | INFO     |   → 372/1151: ✅ 0 взято | 🗑️ 21 мусор
2026-06-08 20:17:00,587 | INFO     |   → 373/1151: ✅ 0 взято | 🗑️ 21 мусор
2026-06-08 20:17:00,587 | INFO     |   → 374/1151: ✅ 0 взято | 🗑️ 21 мусор
2026-06-08 20:17:00,587 | INFO     |   → 375/1151: ✅ 0 взято | 🗑️ 21 мусор
2026-06-08 20:17:00,587 | INFO     |   → 376/1151: ✅ 5 взято | 🗑️ 15 мусор
2026-06-08 20:17:00,587 | INFO     |   → 377/1151: ✅ 0 взято | 🗑️ 15 мусор
2026-06-08 20:17:00,587 | INFO     |   → 378/1151: ✅ 0 взято | 🗑️ 15 мусор
2026-06-08 20:17:00,587 | INFO     |   → 379/1151: ✅ 0 взято | 🗑️ 15 мусор
2026-06-08 20:17:00,587 | INFO     |   → 380/1151: ✅ 0 взято | 🗑️ 15 мусор
2026-06-08 20:17:00,587 | INFO     |   → 381/1151: ✅ 0 взято | 🗑️ 15 мусор
2026-06-08 20:17:00,587 | INFO     |   → 382/1151: ✅ 0 взято | 🗑️ 15 мусор
2026-06-08 20:17:00,587 | INFO     |   → 383/1151: ✅ 0 взято | 🗑️ 15 мусор
2026-06-08 20:17:00,587 | INFO     |   → 384/1151: ✅ 0 взято | 🗑️ 15 мусор
2026-06-08 20:17:00,587 | INFO     |   → 385/1151: ✅ 0 взято | 🗑️ 14 мусор
2026-06-08 20:17:00,587 | INFO     |   → 386/1151: ✅ 0 взято | 🗑️ 14 мусор
2026-06-08 20:17:00,588 | INFO     |   → 387/1151: ✅ 0 взято | 🗑️ 14 мусор
2026-06-08 20:17:00,588 | INFO     |   → 388/1151: ✅ 0 взято | 🗑️ 14 мусор
2026-06-08 20:17:00,588 | INFO     |   → 389/1151: ✅ 6 взято | 🗑️ 17 мусор
2026-06-08 20:17:00,588 | INFO     |   → 390/1151: ✅ 0 взято | 🗑️ 17 мусор
2026-06-08 20:17:00,588 | INFO     |   → 391/1151: ✅ 0 взято | 🗑️ 17 мусор
2026-06-08 20:17:00,588 | INFO     |   → 392/1151: ✅ 0 взято | 🗑️ 17 мусор
2026-06-08 20:17:00,588 | INFO     |   → 393/1151: ✅ 0 взято | 🗑️ 17 мусор
2026-06-08 20:17:00,588 | INFO     |   → 394/1151: ✅ 0 взято | 🗑️ 17 мусор
2026-06-08 20:17:00,588 | INFO     |   → 395/1151: ✅ 6 взято | 🗑️ 24 мусор
2026-06-08 20:17:00,588 | INFO     |   → 396/1151: ✅ 0 взято | 🗑️ 24 мусор
2026-06-08 20:17:00,588 | INFO     |   → 397/1151: ✅ 0 взято | 🗑️ 24 мусор
2026-06-08 20:17:00,588 | INFO     |   → 398/1151: ✅ 0 взято | 🗑️ 24 мусор
2026-06-08 20:17:00,588 | INFO     |   → 399/1151: ✅ 0 взято | 🗑️ 24 мусор
2026-06-08 20:17:00,588 | INFO     |   → 400/1151: ✅ 0 взято | 🗑️ 24 мусор
2026-06-08 20:17:00,588 | INFO     |   → 401/1151: ✅ 0 взято | 🗑️ 24 мусор
2026-06-08 20:17:00,588 | INFO     |   → 402/1151: ✅ 0 взято | 🗑️ 24 мусор
2026-06-08 20:17:00,588 | INFO     |   → 403/1151: ✅ 0 взято | 🗑️ 24 мусор
2026-06-08 20:17:00,588 | INFO     |   → 404/1151: ✅ 0 взято | 🗑️ 24 мусор
2026-06-08 20:17:00,589 | INFO     |   → 405/1151: ✅ 0 взято | 🗑️ 24 мусор
2026-06-08 20:17:00,589 | INFO     |   → 406/1151: ✅ 13 взято | 🗑️ 7 мусор
2026-06-08 20:17:00,589 | INFO     |   → 407/1151: ✅ 0 взято | 🗑️ 7 мусор
2026-06-08 20:17:00,589 | INFO     |   → 408/1151: ✅ 0 взято | 🗑️ 7 мусор
2026-06-08 20:17:00,589 | INFO     |   → 409/1151: ✅ 0 взято | 🗑️ 7 мусор
2026-06-08 20:17:00,589 | INFO     |   → 410/1151: ✅ 0 взято | 🗑️ 7 мусор
2026-06-08 20:17:00,589 | INFO     |   → 411/1151: ✅ 0 взято | 🗑️ 7 мусор
2026-06-08 20:17:00,589 | INFO     |   → 412/1151: ✅ 0 взято | 🗑️ 7 мусор
2026-06-08 20:17:00,589 | INFO     |   → 413/1151: ✅ 0 взято | 🗑️ 7 мусор
2026-06-08 20:17:00,589 | INFO     |   → 414/1151 ⚠️ Ошибка: HTTPSConnectionPool(host='nodefree.githubrowcontent.com', port=443): Max retries exceeded with url: /2024/07/20240705.yaml (Caused by NameResolutionError("HTTPSConnection(host='nodefree.githubrowcontent.com', port=443): Failed to resolve 'nodefree.githubrowcontent.com' ([Errno -2] Name or service not known)")) — https://nodefree.org/dy/2023/08/20230806.yaml
2026-06-08 20:17:00,589 | INFO     |   → 415/1151 ⚠️ Ошибка: HTTPSConnectionPool(host='nodefree.githubrowcontent.com', port=443): Max retries exceeded with url: /2024/07/20240705.txt (Caused by NameResolutionError("HTTPSConnection(host='nodefree.githubrowcontent.com', port=443): Failed to resolve 'nodefree.githubrowcontent.com' ([Errno -2] Name or service not known)")) — https://nodefree.org/dy/2023/12/20231221.txt
2026-06-08 20:17:00,589 | INFO     |   → 416/1151: ✅ 0 взято | 🗑️ 17 мусор
2026-06-08 20:17:00,589 | INFO     |   → 417/1151: ✅ 0 взято | 🗑️ 17 мусор
2026-06-08 20:17:00,589 | INFO     |   → 418/1151: ✅ 0 взято | 🗑️ 14 мусор
2026-06-08 20:17:00,589 | INFO     |   → 419/1151: ✅ 0 взято | 🗑️ 14 мусор
2026-06-08 20:17:00,589 | INFO     |   → 420/1151: ✅ 0 взято | 🗑️ 14 мусор
2026-06-08 20:17:00,589 | INFO     |   → 421/1151: ✅ 0 взято | 🗑️ 14 мусор
2026-06-08 20:17:00,589 | INFO     |   → 422/1151: ✅ 0 взято | 🗑️ 14 мусор
2026-06-08 20:17:00,590 | INFO     |   → 423/1151: ✅ 0 взято | 🗑️ 14 мусор
2026-06-08 20:17:00,590 | INFO     |   → 424/1151: ✅ 0 взято | 🗑️ 14 мусор
2026-06-08 20:17:00,590 | INFO     |   → 425/1151: ✅ 0 взято | 🗑️ 14 мусор
2026-06-08 20:17:00,590 | INFO     |   → 426/1151: ✅ 0 взято | 🗑️ 14 мусор
2026-06-08 20:17:00,590 | INFO     |   → 427/1151: ✅ 0 взято | 🗑️ 21 мусор
2026-06-08 20:17:00,590 | INFO     |   → 428/1151: ✅ 0 взято | 🗑️ 21 мусор
2026-06-08 20:17:00,590 | INFO     |   → 429/1151: ✅ 0 взято | 🗑️ 21 мусор
2026-06-08 20:17:00,590 | INFO     |   → 430/1151: ✅ 0 взято | 🗑️ 21 мусор
2026-06-08 20:17:00,590 | INFO     |   → 431/1151: ✅ 0 взято | 🗑️ 21 мусор
2026-06-08 20:17:00,590 | INFO     |   → 432/1151: ✅ 0 взято | 🗑️ 21 мусор
2026-06-08 20:17:00,590 | INFO     |   → 433/1151: ✅ 0 взято | 🗑️ 21 мусор
2026-06-08 20:17:00,590 | INFO     |   → 434/1151: ✅ 0 взято | 🗑️ 21 мусор
2026-06-08 20:17:00,590 | INFO     |   → 435/1151: ✅ 0 взято | 🗑️ 21 мусор
2026-06-08 20:17:00,590 | INFO     |   → 436/1151: ✅ 0 взято | 🗑️ 21 мусор
2026-06-08 20:17:00,590 | INFO     |   → 437/1151: ✅ 0 взято | 🗑️ 21 мусор
2026-06-08 20:17:00,590 | INFO     |   → 438/1151: ✅ 0 взято | 🗑️ 15 мусор
2026-06-08 20:17:00,590 | INFO     |   → 439/1151: ✅ 0 взято | 🗑️ 15 мусор
2026-06-08 20:17:00,590 | INFO     |   → 440/1151: ✅ 0 взято | 🗑️ 15 мусор
2026-06-08 20:17:00,590 | INFO     |   → 441/1151: ✅ 0 взято | 🗑️ 15 мусор
2026-06-08 20:17:00,591 | INFO     |   → 442/1151: ✅ 0 взято | 🗑️ 15 мусор
2026-06-08 20:17:00,591 | INFO     |   → 443/1151: ✅ 0 взято | 🗑️ 15 мусор
2026-06-08 20:17:00,591 | INFO     |   → 444/1151: ✅ 0 взято | 🗑️ 15 мусор
2026-06-08 20:17:00,591 | INFO     |   → 445/1151: ✅ 0 взято | 🗑️ 15 мусор
2026-06-08 20:17:00,591 | INFO     |   → 446/1151: ✅ 0 взято | 🗑️ 15 мусор
2026-06-08 20:17:00,591 | INFO     |   → 447/1151: ✅ 0 взято | 🗑️ 15 мусор
2026-06-08 20:17:00,591 | INFO     |   → 448/1151: ✅ 0 взято | 🗑️ 14 мусор
2026-06-08 20:17:00,591 | INFO     |   → 449/1151: ✅ 0 взято | 🗑️ 14 мусор
2026-06-08 20:17:00,591 | INFO     |   → 450/1151: ✅ 0 взято | 🗑️ 14 мусор
2026-06-08 20:17:00,591 | INFO     |   → 451/1151: ✅ 0 взято | 🗑️ 14 мусор
2026-06-08 20:17:00,591 | INFO     |   → 452/1151: ✅ 0 взято | 🗑️ 17 мусор
2026-06-08 20:17:00,591 | INFO     |   → 453/1151: ✅ 0 взято | 🗑️ 17 мусор
2026-06-08 20:17:00,591 | INFO     |   → 454/1151: ✅ 0 взято | 🗑️ 17 мусор
2026-06-08 20:17:00,591 | INFO     |   → 455/1151: ✅ 0 взято | 🗑️ 17 мусор
2026-06-08 20:17:00,591 | INFO     |   → 456/1151: ✅ 0 взято | 🗑️ 17 мусор
2026-06-08 20:17:00,591 | INFO     |   → 457/1151: ✅ 0 взято | 🗑️ 24 мусор
2026-06-08 20:17:00,591 | INFO     |   → 458/1151: ✅ 0 взято | 🗑️ 24 мусор
2026-06-08 20:17:00,592 | INFO     |   → 459/1151: ✅ 0 взято | 🗑️ 24 мусор
2026-06-08 20:17:00,592 | INFO     |   → 460/1151: ✅ 0 взято | 🗑️ 24 мусор
2026-06-08 20:17:00,592 | INFO     |   → 461/1151: ✅ 0 взято | 🗑️ 24 мусор
2026-06-08 20:17:00,592 | INFO     |   → 462/1151: ✅ 0 взято | 🗑️ 24 мусор
2026-06-08 20:17:00,592 | INFO     |   → 463/1151: ✅ 0 взято | 🗑️ 24 мусор
2026-06-08 20:17:00,592 | INFO     |   → 464/1151: ✅ 0 взято | 🗑️ 24 мусор
2026-06-08 20:17:00,592 | INFO     |   → 465/1151: ✅ 0 взято | 🗑️ 24 мусор
2026-06-08 20:17:00,592 | INFO     |   → 466/1151: ✅ 0 взято | 🗑️ 24 мусор
2026-06-08 20:17:00,592 | INFO     |   → 467/1151: ✅ 0 взято | 🗑️ 24 мусор
2026-06-08 20:17:00,592 | INFO     |   → 468/1151: ✅ 0 взято | 🗑️ 7 мусор
2026-06-08 20:17:00,592 | INFO     |   → 469/1151: ✅ 0 взято | 🗑️ 7 мусор
2026-06-08 20:17:00,592 | INFO     |   → 470/1151: ✅ 0 взято | 🗑️ 7 мусор
2026-06-08 20:17:00,592 | INFO     |   → 471/1151: ✅ 0 взято | 🗑️ 7 мусор
2026-06-08 20:17:00,592 | INFO     |   → 472/1151: ✅ 0 взято | 🗑️ 7 мусор
2026-06-08 20:17:00,592 | INFO     |   → 473/1151: ✅ 0 взято | 🗑️ 7 мусор
2026-06-08 20:17:00,592 | INFO     |   → 474/1151: ✅ 0 взято | 🗑️ 7 мусор
2026-06-08 20:17:00,592 | INFO     |   → 475/1151: ✅ 0 взято | 🗑️ 7 мусор
2026-06-08 20:17:00,592 | INFO     |   → 476/1151: ✅ 0 взято | 🗑️ 0 мусор
2026-06-08 20:17:00,593 | INFO     |   → 477/1151: ✅ 0 взято | 🗑️ 0 мусор
2026-06-08 20:17:00,593 | INFO     |   → 478/1151: ✅ 0 взято | 🗑️ 0 мусор
2026-06-08 20:17:00,593 | INFO     |   → 479/1151: ✅ 0 взято | 🗑️ 0 мусор
2026-06-08 20:17:00,593 | INFO     |   → 480/1151: ✅ 0 взято | 🗑️ 0 мусор
2026-06-08 20:17:00,593 | INFO     |   → 481/1151: ✅ 0 взято | 🗑️ 0 мусор
2026-06-08 20:17:00,593 | INFO     |   → 482/1151: ✅ 0 взято | 🗑️ 0 мусор
2026-06-08 20:17:00,593 | INFO     |   → 483/1151: ✅ 0 взято | 🗑️ 0 мусор
2026-06-08 20:17:00,593 | INFO     |   → 484/1151: ✅ 0 взято | 🗑️ 0 мусор
2026-06-08 20:17:00,593 | INFO     |   → 485/1151: ✅ 0 взято | 🗑️ 0 мусор
2026-06-08 20:17:00,593 | INFO     |   → 486/1151: ✅ 0 взято | 🗑️ 0 мусор
2026-06-08 20:17:00,593 | INFO     |   → 487/1151: ✅ 0 взято | 🗑️ 0 мусор
2026-06-08 20:17:00,593 | INFO     |   → 488/1151 ❌ HTTP 404 — https://raw.githubusercontent.com/10ium/MihomoSaz/main/Sublist/shatakvpn.yaml4_Sub.txt
2026-06-08 20:17:00,593 | INFO     |   → 489/1151: ✅ 0 взято | 🗑️ 0 мусор
2026-06-08 20:17:00,593 | INFO     |   → 490/1151: ✅ 0 взято | 🗑️ 0 мусор
2026-06-08 20:17:00,593 | INFO     |   → 491/1151: ✅ 167 взято | 🗑️ 672 мусор
2026-06-08 20:17:00,593 | INFO     |   → 492/1151: ✅ 0 взято | 🗑️ 0 мусор
2026-06-08 20:17:00,593 | INFO     |   → 493/1151: ✅ 0 взято | 🗑️ 0 мусор
2026-06-08 20:17:00,593 | INFO     |   → 494/1151: ✅ 11 взято | 🗑️ 399 мусор
2026-06-08 20:17:00,593 | INFO     |   → 495/1151: ✅ 0 взято | 🗑️ 0 мусор
2026-06-08 20:17:00,594 | INFO     |   → 496/1151 ❌ HTTP 404 — https://raw.githubusercontent.com/9Fork/openit/main/Clash.yaml
2026-06-08 20:17:00,594 | INFO     |   → 497/1151: ✅ 46 взято | 🗑️ 44 мусор
2026-06-08 20:17:00,594 | INFO     |   → 498/1151: ✅ 0 взято | 🗑️ 44 мусор
2026-06-08 20:17:00,594 | INFO     |   → 499/1151: ✅ 19 взято | 🗑️ 81 мусор
2026-06-08 20:17:00,594 | INFO     |   → 500/1151: ✅ 11 взято | 🗑️ 87 мусор
2026-06-08 20:17:00,594 | INFO     |   → 501/1151: ✅ 27 взято | 🗑️ 73 мусор
2026-06-08 20:17:00,594 | INFO     |   → 502/1151: ✅ 13 взято | 🗑️ 75 мусор
2026-06-08 20:17:00,594 | INFO     |   → 503/1151: ✅ 10 взято | 🗑️ 83 мусор
2026-06-08 20:17:00,594 | INFO     |   → 504/1151: ✅ 12 взято | 🗑️ 86 мусор
2026-06-08 20:17:00,594 | INFO     |   → 505/1151: ✅ 11 взято | 🗑️ 87 мусор
2026-06-08 20:17:00,594 | INFO     |   → 506/1151: ✅ 11 взято | 🗑️ 80 мусор
2026-06-08 20:17:00,594 | INFO     |   → 507/1151: ✅ 9 взято | 🗑️ 82 мусор
2026-06-08 20:17:00,594 | INFO     |   → 508/1151: ✅ 69 взято | 🗑️ 3 мусор
2026-06-08 20:17:00,594 | INFO     |   → 509/1151: ✅ 3 взято | 🗑️ 75 мусор
2026-06-08 20:17:00,594 | INFO     |   → 510/1151: ✅ 4 взято | 🗑️ 69 мусор
2026-06-08 20:17:00,594 | INFO     |   → 511/1151: ✅ 4 взято | 🗑️ 80 мусор
2026-06-08 20:17:00,594 | INFO     |   → 512/1151: ✅ 6 взято | 🗑️ 81 мусор
2026-06-08 20:17:00,594 | INFO     |   → 513/1151: ✅ 5 взято | 🗑️ 79 мусор
2026-06-08 20:17:00,595 | INFO     |   → 514/1151: ✅ 11 взято | 🗑️ 78 мусор
2026-06-08 20:17:00,595 | INFO     |   → 515/1151: ✅ 3 взято | 🗑️ 83 мусор
2026-06-08 20:17:00,595 | INFO     |   → 516/1151: ✅ 14 взято | 🗑️ 76 мусор
2026-06-08 20:17:00,595 | INFO     |   → 517/1151: ✅ 12 взято | 🗑️ 78 мусор
2026-06-08 20:17:00,595 | INFO     |   → 518/1151: ✅ 26 взято | 🗑️ 218 мусор
2026-06-08 20:17:00,595 | INFO     |   → 519/1151: ✅ 44 взято | 🗑️ 141 мусор
2026-06-08 20:17:00,595 | INFO     |   → 520/1151: ✅ 10 взято | 🗑️ 71 мусор
2026-06-08 20:17:00,595 | INFO     |   → 521/1151: ✅ 2 взято | 🗑️ 88 мусор
2026-06-08 20:17:00,595 | INFO     |   → 522/1151: ✅ 0 взято | 🗑️ 3 мусор
2026-06-08 20:17:00,595 | INFO     |   → 523/1151: ✅ 14 взято | 🗑️ 4 мусор
2026-06-08 20:17:00,595 | INFO     |   → 524/1151: ✅ 710 взято | 🗑️ 2405 мусор
2026-06-08 20:17:00,595 | INFO     |   → 525/1151 ❌ HTTP 404 — https://raw.githubusercontent.com/Alvin9999/pac2/master/clash/1/config.yaml
2026-06-08 20:17:00,595 | INFO     |   → 526/1151 ❌ HTTP 404 — https://raw.githubusercontent.com/AmirHDevo/temp2/7f15e7ddb311a6f8c5ab338bd1af0e1f2136a84b/configs.txt
2026-06-08 20:17:00,595 | INFO     |   → 527/1151: ✅ 26 взято | 🗑️ 222 мусор
2026-06-08 20:17:00,595 | INFO     |   → 528/1151: ✅ 6006 взято | 🗑️ 81058 мусор
2026-06-08 20:17:00,595 | INFO     |   → 529/1151: ✅ 5 взято | 🗑️ 47 мусор
2026-06-08 20:17:00,595 | INFO     |   → 530/1151: ✅ 1 взято | 🗑️ 48 мусор
2026-06-08 20:17:00,595 | INFO     |   → 531/1151: ✅ 21 взято | 🗑️ 107 мусор
2026-06-08 20:17:00,595 | INFO     |   → 532/1151: ✅ 78 взято | 🗑️ 347 мусор
2026-06-08 20:17:00,596 | INFO     |   → 533/1151: ✅ 0 взято | 🗑️ 1373 мусор
2026-06-08 20:17:00,596 | INFO     |   → 534/1151: ✅ 339 взято | 🗑️ 1542 мусор
2026-06-08 20:17:00,596 | INFO     |   → 535/1151: ✅ 0 взято | 🗑️ 6 мусор
2026-06-08 20:17:00,596 | INFO     |   → 536/1151: ✅ 0 взято | 🗑️ 0 мусор
2026-06-08 20:17:00,596 | INFO     |   → 537/1151: ✅ 1 взято | 🗑️ 235 мусор
2026-06-08 20:17:00,596 | INFO     |   → 538/1151: ✅ 0 взято | 🗑️ 16 мусор
2026-06-08 20:17:00,596 | INFO     |   → 539/1151: ✅ 0 взято | 🗑️ 0 мусор
2026-06-08 20:17:00,596 | INFO     |   → 540/1151: ✅ 0 взято | 🗑️ 14 мусор
2026-06-08 20:17:00,596 | INFO     |   → 541/1151: ✅ 0 взято | 🗑️ 0 мусор
2026-06-08 20:17:00,596 | INFO     |   → 542/1151: ✅ 0 взято | 🗑️ 17 мусор
2026-06-08 20:17:00,596 | INFO     |   → 543/1151: ✅ 0 взято | 🗑️ 0 мусор
2026-06-08 20:17:00,596 | INFO     |   → 544/1151: ✅ 1 взято | 🗑️ 12 мусор
2026-06-08 20:17:00,596 | INFO     |   → 545/1151: ✅ 0 взято | 🗑️ 0 мусор
2026-06-08 20:17:00,596 | INFO     |   → 546/1151: ✅ 0 взято | 🗑️ 17 мусор
2026-06-08 20:17:00,596 | INFO     |   → 547/1151: ✅ 0 взято | 🗑️ 0 мусор
2026-06-08 20:17:00,596 | INFO     |   → 548/1151: ✅ 0 взято | 🗑️ 17 мусор
2026-06-08 20:17:00,596 | INFO     |   → 549/1151: ✅ 0 взято | 🗑️ 0 мусор
2026-06-08 20:17:00,596 | INFO     |   → 550/1151: ✅ 0 взято | 🗑️ 161 мусор
2026-06-08 20:17:00,596 | INFO     |   → 551/1151: ✅ 0 взято | 🗑️ 0 мусор
2026-06-08 20:17:00,597 | INFO     |   → 552/1151: ✅ 5 взято | 🗑️ 76 мусор
2026-06-08 20:17:00,597 | INFO     |   → 553/1151: ✅ 80 взято | 🗑️ 1110 мусор
2026-06-08 20:17:00,597 | INFO     |   → 554/1151: ✅ 5 взято | 🗑️ 13 мусор
2026-06-08 20:17:00,597 | INFO     |   → 555/1151 ❌ HTTP 404 — https://raw.githubusercontent.com/Epodonios/bulk-xray-v2ray-vless-vmess-...-configs/main/sub/Austria/config.txt
2026-06-08 20:17:00,597 | INFO     |   → 556/1151 ❌ HTTP 404 — https://raw.githubusercontent.com/Epodonios/bulk-xray-v2ray-vless-vmess-...-configs/main/sub/Canada/config.txt
2026-06-08 20:17:00,597 | INFO     |   → 557/1151 ❌ HTTP 404 — https://raw.githubusercontent.com/Epodonios/bulk-xray-v2ray-vless-vmess-...-configs/main/sub/Costa%20Rica/config.txt
2026-06-08 20:17:00,597 | INFO     |   → 558/1151 ❌ HTTP 404 — https://raw.githubusercontent.com/Epodonios/bulk-xray-v2ray-vless-vmess-...-configs/main/sub/France/config.txt
2026-06-08 20:17:00,597 | INFO     |   → 559/1151 ❌ HTTP 404 — https://raw.githubusercontent.com/Epodonios/bulk-xray-v2ray-vless-vmess-...-configs/main/sub/Germany/config.txt
2026-06-08 20:17:00,597 | INFO     |   → 560/1151 ❌ HTTP 404 — https://raw.githubusercontent.com/Epodonios/bulk-xray-v2ray-vless-vmess-...-configs/main/sub/Indonesia/config.txt
2026-06-08 20:17:00,597 | INFO     |   → 561/1151 ❌ HTTP 404 — https://raw.githubusercontent.com/Epodonios/bulk-xray-v2ray-vless-vmess-...-configs/main/sub/Ireland/config.txt
2026-06-08 20:17:00,597 | INFO     |   → 562/1151 ❌ HTTP 404 — https://raw.githubusercontent.com/Epodonios/bulk-xray-v2ray-vless-vmess-...-configs/main/sub/Republic%20of%20Lithuania/config.txt
2026-06-08 20:17:00,597 | INFO     |   → 563/1151 ❌ HTTP 404 — https://raw.githubusercontent.com/Epodonios/bulk-xray-v2ray-vless-vmess-...-configs/main/sub/South%20Africa/config.txt
2026-06-08 20:17:00,597 | INFO     |   → 564/1151 ❌ HTTP 404 — https://raw.githubusercontent.com/Epodonios/bulk-xray-v2ray-vless-vmess-...-configs/main/sub/Sweden/config.txt
2026-06-08 20:17:00,597 | INFO     |   → 565/1151 ❌ HTTP 404 — https://raw.githubusercontent.com/Epodonios/bulk-xray-v2ray-vless-vmess-...-configs/main/sub/Turkey/config.txt
2026-06-08 20:17:00,597 | INFO     |   → 566/1151 ❌ HTTP 404 — https://raw.githubusercontent.com/Epodonios/bulk-xray-v2ray-vless-vmess-...-configs/main/sub/United%20Arab%20Emirates/config.txt
2026-06-08 20:17:00,597 | INFO     |   → 567/1151 ❌ HTTP 404 — https://raw.githubusercontent.com/Epodonios/bulk-xray-v2ray-vless-vmess-...-configs/main/sub/United%20Kingdom/config.txt
2026-06-08 20:17:00,597 | INFO     |   → 568/1151 ❌ HTTP 404 — https://raw.githubusercontent.com/Epodonios/bulk-xray-v2ray-vless-vmess-...-configs/main/sub/United%20States/config.txt
2026-06-08 20:17:00,597 | INFO     |   → 569/1151: ✅ 790 взято | 🗑️ 4347 мусор
2026-06-08 20:17:00,598 | INFO     |   → 570/1151 ❌ HTTP 404 — https://raw.githubusercontent.com/Epodonios/v2ray-configs/main/Splitted-By-Protocol/mix.txt
2026-06-08 20:17:00,598 | INFO     |   → 571/1151: ✅ 0 взято | 🗑️ 338 мусор
2026-06-08 20:17:00,598 | INFO     |   → 572/1151: ✅ 0 взято | 🗑️ 0 мусор
2026-06-08 20:17:00,598 | INFO     |   → 573/1151: ✅ 2 взято | 🗑️ 481 мусор
2026-06-08 20:17:00,598 | INFO     |   → 574/1151: ✅ 0 взято | 🗑️ 2937 мусор
2026-06-08 20:17:00,598 | INFO     |   → 575/1151: ✅ 1 взято | 🗑️ 547 мусор
2026-06-08 20:17:00,598 | INFO     |   → 576/1151 ❌ HTTP 404 — https://raw.githubusercontent.com/Epodonios/v2ray-configs/raw/main/Splitted-By-Protocol/trojan.txt
2026-06-08 20:17:00,598 | INFO     |   → 577/1151 ❌ HTTP 404 — https://raw.githubusercontent.com/Epodonios/v2ray-configs/raw/main/Splitted-By-Protocol/vmess.txt
2026-06-08 20:17:00,598 | INFO     |   → 578/1151: ✅ 0 взято | 🗑️ 338 мусор
2026-06-08 20:17:00,598 | INFO     |   → 579/1151: ✅ 0 взято | 🗑️ 0 мусор
2026-06-08 20:17:00,598 | INFO     |   → 580/1151: ✅ 0 взято | 🗑️ 481 мусор
2026-06-08 20:17:00,598 | INFO     |   → 581/1151: ✅ 0 взято | 🗑️ 2937 мусор
2026-06-08 20:17:00,598 | INFO     |   → 582/1151: ✅ 0 взято | 🗑️ 547 мусор
2026-06-08 20:17:00,598 | INFO     |   → 583/1151 ❌ HTTP 404 — https://raw.githubusercontent.com/Fido6/FreeNodes/57221e59caddde55ffdda21d491ae952cd608049/nodes/halekj.txt
2026-06-08 20:17:00,598 | INFO     |   → 584/1151 ❌ HTTP 404 — https://raw.githubusercontent.com/Fido6/FreeNodes/57221e59caddde55ffdda21d491ae952cd608049/nodes/kkzui.txt
2026-06-08 20:17:00,598 | INFO     |   → 585/1151 ❌ HTTP 404 — https://raw.githubusercontent.com/Fido6/FreeNodes/57221e59caddde55ffdda21d491ae952cd608049/nodes/wenode.txt
2026-06-08 20:17:00,598 | INFO     |   → 586/1151: ✅ 0 взято | 🗑️ 0 мусор
2026-06-08 20:17:00,598 | INFO     |   → 587/1151: ✅ 0 взято | 🗑️ 0 мусор
2026-06-08 20:17:00,598 | INFO     |   → 588/1151: ✅ 14 взято | 🗑️ 250 мусор
2026-06-08 20:17:00,599 | INFO     |   → 589/1151: ✅ 2 взято | 🗑️ 9 мусор
2026-06-08 20:17:00,599 | INFO     |   → 590/1151: ✅ 1 взято | 🗑️ 17 мусор
2026-06-08 20:17:00,599 | INFO     |   → 591/1151: ✅ 4 взято | 🗑️ 11 мусор
2026-06-08 20:17:00,599 | INFO     |   → 592/1151: ✅ 0 взято | 🗑️ 0 мусор
2026-06-08 20:17:00,599 | INFO     |   → 593/1151: ✅ 0 взято | 🗑️ 137 мусор
2026-06-08 20:17:00,599 | INFO     |   → 594/1151: ✅ 0 взято | 🗑️ 32 мусор
2026-06-08 20:17:00,599 | INFO     |   → 595/1151: ✅ 2 взято | 🗑️ 19 мусор
2026-06-08 20:17:00,599 | INFO     |   → 596/1151: ✅ 0 взято | 🗑️ 43 мусор
2026-06-08 20:17:00,599 | INFO     |   → 597/1151: ✅ 0 взято | 🗑️ 43 мусор
2026-06-08 20:17:00,599 | INFO     |   → 598/1151 ❌ HTTP 404 — https://raw.githubusercontent.com/Iran-v2ray/v2ray/main/v2ray
2026-06-08 20:17:00,599 | INFO     |   → 599/1151: ✅ 0 взято | 🗑️ 1 мусор
2026-06-08 20:17:00,599 | INFO     |   → 600/1151: ✅ 0 взято | 🗑️ 1 мусор
2026-06-08 20:17:00,599 | INFO     |   → 601/1151: ✅ 0 взято | 🗑️ 28 мусор
2026-06-08 20:17:00,599 | INFO     |   → 602/1151: ✅ 14 взято | 🗑️ 282 мусор
2026-06-08 20:17:00,599 | INFO     |   → 603/1151: ✅ 0 взято | 🗑️ 94 мусор
2026-06-08 20:17:00,599 | INFO     |   → 604/1151: ✅ 0 взято | 🗑️ 0 мусор
2026-06-08 20:17:00,599 | INFO     |   → 605/1151: ✅ 0 взято | 🗑️ 0 мусор
2026-06-08 20:17:00,600 | INFO     |   → 606/1151 ❌ HTTP 404 — https://raw.githubusercontent.com/Kwinshadow/TelegramV2rayCollector/raw/refs/heads/main/sublinks/mix.txt
2026-06-08 20:17:00,600 | INFO     |   → 607/1151 ❌ HTTP 404 — https://raw.githubusercontent.com/LalatinaHub/Mineral/raw/refs/heads/master/result/nodes
2026-06-08 20:17:00,600 | INFO     |   → 608/1151 ❌ HTTP 404 — https://raw.githubusercontent.com/Leon406/SubCrawler/main/sub/share/all3
2026-06-08 20:17:00,600 | INFO     |   → 609/1151 ❌ HTTP 404 — https://raw.githubusercontent.com/Leon406/SubCrawler/main/sub/share/all4
2026-06-08 20:17:00,600 | INFO     |   → 610/1151: ✅ 4 взято | 🗑️ 335 мусор
2026-06-08 20:17:00,600 | INFO     |   → 611/1151: ✅ 0 взято | 🗑️ 33 мусор
2026-06-08 20:17:00,600 | INFO     |   → 612/1151: ✅ 0 взято | 🗑️ 6 мусор
2026-06-08 20:17:00,600 | INFO     |   → 613/1151: ✅ 0 взято | 🗑️ 147 мусор
2026-06-08 20:17:00,600 | INFO     |   → 614/1151 ❌ HTTP 404 — https://raw.githubusercontent.com/M-Mashreghi/free-config-collector/main/Splitted-By-Protocol/ssr.txt
2026-06-08 20:17:00,600 | INFO     |   → 615/1151: ✅ 139 взято | 🗑️ 114 мусор
2026-06-08 20:17:00,600 | INFO     |   → 616/1151: ✅ 126 взято | 🗑️ 137 мусор
2026-06-08 20:17:00,600 | INFO     |   → 617/1151: ✅ 0 взято | 🗑️ 12 мусор
2026-06-08 20:17:00,600 | INFO     |   → 618/1151: ✅ 0 взято | 🗑️ 1 мусор
2026-06-08 20:17:00,600 | INFO     |   → 619/1151: ✅ 15 взято | 🗑️ 113 мусор
2026-06-08 20:17:00,600 | INFO     |   → 620/1151: ✅ 0 взято | 🗑️ 113 мусор
2026-06-08 20:17:00,600 | INFO     |   → 621/1151 ❌ HTTP 404 — https://raw.githubusercontent.com/MatinGhanbari/v2ray-configs/main/subscriptions/filtered/subs/hy2.txt
2026-06-08 20:17:00,600 | INFO     |   → 622/1151: ✅ 32 взято | 🗑️ 1526 мусор
2026-06-08 20:17:00,600 | INFO     |   → 623/1151 ❌ HTTP 404 — https://raw.githubusercontent.com/MatinGhanbari/v2ray-configs/main/subscriptions/filtered/subs/ssr.txt
2026-06-08 20:17:00,601 | INFO     |   → 624/1151: ✅ 66 взято | 🗑️ 504 мусор
2026-06-08 20:17:00,601 | INFO     |   → 625/1151 ❌ HTTP 404 — https://raw.githubusercontent.com/MatinGhanbari/v2ray-configs/main/subscriptions/filtered/subs/tuic.txt
2026-06-08 20:17:00,601 | INFO     |   → 626/1151: ✅ 5 взято | 🗑️ 69 мусор
2026-06-08 20:17:00,601 | INFO     |   → 627/1151: ✅ 254 взято | 🗑️ 1498 мусор
2026-06-08 20:17:00,601 | INFO     |   → 628/1151: ✅ 0 взято | 🗑️ 2 мусор
2026-06-08 20:17:00,601 | INFO     |   → 629/1151: ✅ 162 взято | 🗑️ 1453 мусор
2026-06-08 20:17:00,601 | INFO     |   → 630/1151: ✅ 0 взято | 🗑️ 710 мусор
2026-06-08 20:17:00,601 | INFO     |   → 631/1151: ✅ 0 взято | 🗑️ 710 мусор
2026-06-08 20:17:00,601 | INFO     |   → 632/1151: ✅ 0 взято | 🗑️ 101 мусор
2026-06-08 20:17:00,601 | INFO     |   → 633/1151: ✅ 0 взято | 🗑️ 2 мусор
2026-06-08 20:17:00,601 | INFO     |   → 634/1151: ✅ 0 взято | 🗑️ 566 мусор
2026-06-08 20:17:00,601 | INFO     |   → 635/1151: ✅ 0 взято | 🗑️ 82 мусор
2026-06-08 20:17:00,601 | INFO     |   → 636/1151 ❌ HTTP 404 — https://raw.githubusercontent.com/MhdiTaheri/V2rayCollector/raw/refs/heads/main/sub/mix
2026-06-08 20:17:00,601 | INFO     |   → 637/1151: ✅ 53 взято | 🗑️ 267 мусор
2026-06-08 20:17:00,601 | INFO     |   → 638/1151 ❌ HTTP 404 — https://raw.githubusercontent.com/MhdiTaheri/V2rayCollector_Py/raw/refs/heads/main/sub/Mix/mix.txt
2026-06-08 20:17:00,601 | INFO     |   → 639/1151: ✅ 0 взято | 🗑️ 0 мусор
2026-06-08 20:17:00,601 | INFO     |   → 640/1151: ✅ 43 взято | 🗑️ 217 мусор
2026-06-08 20:17:00,601 | INFO     |   → 641/1151: ✅ 0 взято | 🗑️ 31 мусор
2026-06-08 20:17:00,601 | INFO     |   → 642/1151: ✅ 93 взято | 🗑️ 282 мусор
2026-06-08 20:17:00,601 | INFO     |   → 643/1151: ✅ 0 взято | 🗑️ 26 мусор
2026-06-08 20:17:00,601 | INFO     |   → 644/1151 ❌ HTTP 404 — https://raw.githubusercontent.com/MrMohebi/xray-proxy-grabber-telegram/master/collected-proxies/clash-meta/all.yaml
2026-06-08 20:17:00,601 | INFO     |   → 645/1151 ❌ HTTP 404 — https://raw.githubusercontent.com/MrMohebi/xray-proxy-grabber-telegram/master/collected-proxies/row-url/actives.txt
2026-06-08 20:17:00,601 | INFO     |   → 646/1151 ❌ HTTP 404 — https://raw.githubusercontent.com/MrMohebi/xray-proxy-grabber-telegram/master/collected-proxies/row-url/all.txt
2026-06-08 20:17:00,601 | INFO     |   → 647/1151: ✅ 0 взято | 🗑️ 13 мусор
2026-06-08 20:17:00,601 | INFO     |   → 648/1151: ✅ 0 взято | 🗑️ 13 мусор
2026-06-08 20:17:00,601 | INFO     |   → 649/1151: ✅ 5 взято | 🗑️ 15 мусор
2026-06-08 20:17:00,601 | INFO     |   → 650/1151: ✅ 0 взято | 🗑️ 30 мусор
2026-06-08 20:17:00,601 | INFO     |   → 651/1151: ✅ 0 взято | 🗑️ 15 мусор
2026-06-08 20:17:00,601 | INFO     |   → 652/1151: ✅ 66 взято | 🗑️ 123 мусор
2026-06-08 20:17:00,601 | INFO     |   → 653/1151: ✅ 58 взято | 🗑️ 31 мусор
2026-06-08 20:17:00,601 | INFO     |   → 654/1151: ✅ 0 взято | 🗑️ 0 мусор
2026-06-08 20:17:00,601 | INFO     |   → 655/1151 ❌ HTTP 404 — https://raw.githubusercontent.com/OpenCNLink/freevpn/3cfcff048bfdd1493ccffa52ecf30ce7f9fc6b28/src/list/vmess.txt
2026-06-08 20:17:00,601 | INFO     |   → 656/1151 ❌ HTTP 404 — https://raw.githubusercontent.com/Pawdro/Collection/main/sub
2026-06-08 20:17:00,601 | INFO     |   → 657/1151: ✅ 1 взято | 🗑️ 4 мусор
2026-06-08 20:17:00,601 | INFO     |   → 658/1151: ✅ 0 взято | 🗑️ 4 мусор
2026-06-08 20:17:00,601 | INFO     |   → 659/1151: ✅ 0 взято | 🗑️ 0 мусор
2026-06-08 20:17:00,601 | INFO     |   → 660/1151: ✅ 0 взято | 🗑️ 0 мусор
2026-06-08 20:17:00,601 | INFO     |   → 661/1151: ✅ 0 взято | 🗑️ 50 мусор
2026-06-08 20:17:00,601 | INFO     |   → 662/1151: ✅ 5 взято | 🗑️ 206 мусор
2026-06-08 20:17:00,602 | INFO     |   → 663/1151: ✅ 21 взято | 🗑️ 138 мусор
2026-06-08 20:17:00,602 | INFO     |   → 664/1151: ✅ 23 взято | 🗑️ 89 мусор
2026-06-08 20:17:00,602 | INFO     |   → 665/1151: ✅ 9 взято | 🗑️ 85 мусор
2026-06-08 20:17:00,602 | INFO     |   → 666/1151: ✅ 0 взято | 🗑️ 129 мусор
2026-06-08 20:17:00,602 | INFO     |   → 667/1151: ✅ 0 взято | 🗑️ 81 мусор
2026-06-08 20:17:00,602 | INFO     |   → 668/1151 ❌ HTTP 404 — https://raw.githubusercontent.com/STR97/STRUGOV/refs/heads/main/STR.BYPASS
2026-06-08 20:17:00,602 | INFO     |   → 669/1151: ✅ 4 взято | 🗑️ 34 мусор
2026-06-08 20:17:00,602 | INFO     |   → 670/1151: ✅ 11 взято | 🗑️ 16 мусор
2026-06-08 20:17:00,602 | INFO     |   → 671/1151: ✅ 0 взято | 🗑️ 16 мусор
2026-06-08 20:17:00,602 | INFO     |   → 672/1151: ✅ 0 взято | 🗑️ 27 мусор
2026-06-08 20:17:00,602 | INFO     |   → 673/1151: ✅ 140 взято | 🗑️ 1153 мусор
2026-06-08 20:17:00,602 | INFO     |   → 674/1151: ✅ 29 взято | 🗑️ 54 мусор
2026-06-08 20:17:00,602 | INFO     |   → 675/1151: ✅ 0 взято | 🗑️ 5 мусор
2026-06-08 20:17:00,602 | INFO     |   → 676/1151: ✅ 1 взято | 🗑️ 0 мусор
2026-06-08 20:17:00,602 | INFO     |   → 677/1151: ✅ 3 взято | 🗑️ 56 мусор
2026-06-08 20:17:00,602 | INFO     |   → 678/1151: ✅ 0 взято | 🗑️ 5 мусор
2026-06-08 20:17:00,602 | INFO     |   → 679/1151: ✅ 0 взято | 🗑️ 56 мусор
2026-06-08 20:17:00,602 | INFO     |   → 680/1151: ✅ 4 взято | 🗑️ 291 мусор
2026-06-08 20:17:00,602 | INFO     |   → 681/1151: ✅ 0 взято | 🗑️ 119 мусор
2026-06-08 20:17:00,603 | INFO     |   → 682/1151: ✅ 0 взято | 🗑️ 0 мусор
2026-06-08 20:17:00,603 | INFO     |   → 683/1151 ❌ HTTP 404 — https://raw.githubusercontent.com/V2RAYCONFIGSPOOL/V2RAY_SUB/main/V2RAY_SUB.txt
2026-06-08 20:17:00,603 | INFO     |   → 684/1151: ✅ 69 взято | 🗑️ 168 мусор
2026-06-08 20:17:00,603 | INFO     |   → 685/1151: ✅ 16 взято | 🗑️ 17 мусор
2026-06-08 20:17:00,603 | INFO     |   → 686/1151: ✅ 0 взято | 🗑️ 0 мусор
2026-06-08 20:17:00,603 | INFO     |   → 687/1151: ✅ 0 взято | 🗑️ 17 мусор
2026-06-08 20:17:00,603 | INFO     |   → 688/1151: ✅ 58 взято | 🗑️ 348 мусор
2026-06-08 20:17:00,603 | INFO     |   → 689/1151: ✅ 0 взято | 🗑️ 0 мусор
2026-06-08 20:17:00,603 | INFO     |   → 690/1151: ✅ 6 взято | 🗑️ 245 мусор
2026-06-08 20:17:00,603 | INFO     |   → 691/1151: ✅ 0 взято | 🗑️ 0 мусор
2026-06-08 20:17:00,603 | INFO     |   → 692/1151: ✅ 3 взято | 🗑️ 322 мусор
2026-06-08 20:17:00,603 | INFO     |   → 693/1151: ✅ 0 взято | 🗑️ 0 мусор
2026-06-08 20:17:00,603 | INFO     |   → 694/1151: ✅ 0 взято | 🗑️ 0 мусор
2026-06-08 20:17:00,603 | INFO     |   → 695/1151: ✅ 3 взято | 🗑️ 268 мусор
2026-06-08 20:17:00,603 | INFO     |   → 696/1151: ✅ 1 взято | 🗑️ 251 мусор
2026-06-08 20:17:00,603 | INFO     |   → 697/1151: ✅ 1 взято | 🗑️ 231 мусор
2026-06-08 20:17:00,603 | INFO     |   → 698/1151: ✅ 0 взято | 🗑️ 0 мусор
2026-06-08 20:17:00,603 | INFO     |   → 699/1151: ✅ 1 взято | 🗑️ 83 мусор
2026-06-08 20:17:00,604 | INFO     |   → 700/1151: ✅ 0 взято | 🗑️ 16 мусор
2026-06-08 20:17:00,604 | INFO     |   → 701/1151: ✅ 0 взято | 🗑️ 16 мусор
2026-06-08 20:17:00,604 | INFO     |   → 702/1151 ❌ HTTP 404 — https://raw.githubusercontent.com/aiboboxx/clashfree/main/clash.yml
2026-06-08 20:17:00,604 | INFO     |   → 703/1151 ❌ HTTP 404 — https://raw.githubusercontent.com/aiboboxx/v2rayfree/main/v2
2026-06-08 20:17:00,604 | INFO     |   → 704/1151 ❌ HTTP 404 — https://raw.githubusercontent.com/amirmohammad-mohammad-88/Sub-Reality-Azadi-config/Config/Azadi-Reality-Different
2026-06-08 20:17:00,604 | INFO     |   → 705/1151 ❌ HTTP 404 — https://raw.githubusercontent.com/amirmohammad-mohammad-88/Sub-Reality-Azadi-config/Config/Azadi-Reality-Different-Base64
2026-06-08 20:17:00,604 | INFO     |   → 706/1151: ✅ 1 взято | 🗑️ 17 мусор
2026-06-08 20:17:00,604 | INFO     |   → 707/1151: ✅ 0 взято | 🗑️ 0 мусор
2026-06-08 20:17:00,604 | INFO     |   → 708/1151: ✅ 4 взято | 🗑️ 114 мусор
2026-06-08 20:17:00,604 | INFO     |   → 709/1151: ✅ 23 взято | 🗑️ 68 мусор
2026-06-08 20:17:00,604 | INFO     |   → 710/1151 ❌ HTTP 404 — https://raw.githubusercontent.com/awesome-vpn/awesome-vpn/master/ss
2026-06-08 20:17:00,604 | INFO     |   → 711/1151 ❌ HTTP 404 — https://raw.githubusercontent.com/awesome-vpn/awesome-vpn/master/ssr
2026-06-08 20:17:00,604 | INFO     |   → 712/1151: ✅ 0 взято | 🗑️ 0 мусор
2026-06-08 20:17:00,604 | INFO     |   → 713/1151: ✅ 1 взято | 🗑️ 22 мусор
2026-06-08 20:17:00,604 | INFO     |   → 714/1151: ✅ 0 взято | 🗑️ 414 мусор
2026-06-08 20:17:00,604 | INFO     |   → 715/1151 ❌ HTTP 404 — https://raw.githubusercontent.com/barry-far/V2ray-Configs/ced94ddfff48276ec365b40227561f36b1b64bc8/Sub5.txt
2026-06-08 20:17:00,604 | INFO     |   → 716/1151 ❌ HTTP 404 — https://raw.githubusercontent.com/barry-far/V2ray-Configs/main/Splitted-By-Protocol/hysteria2.txt
2026-06-08 20:17:00,604 | INFO     |   → 717/1151 ❌ HTTP 404 — https://raw.githubusercontent.com/barry-far/V2ray-Configs/main/Splitted-By-Protocol/vless.txt
2026-06-08 20:17:00,604 | INFO     |   → 718/1151 ❌ HTTP 404 — https://raw.githubusercontent.com/barry-far/V2ray-Configs/main/Sub1.txt
2026-06-08 20:17:00,605 | INFO     |   → 719/1151 ❌ HTTP 404 — https://raw.githubusercontent.com/barry-far/V2ray-Configs/refs/heads/main/All_Configs_Sub.txt
2026-06-08 20:17:00,605 | INFO     |   → 720/1151: ✅ 0 взято | 🗑️ 0 мусор
2026-06-08 20:17:00,605 | INFO     |   → 721/1151 ❌ HTTP 404 — https://raw.githubusercontent.com/budamu/clashconfig/main/v2ray.txt
2026-06-08 20:17:00,605 | INFO     |   → 722/1151 ❌ HTTP 404 — https://raw.githubusercontent.com/budamu/clashconfig/main/v2ray2.txt
2026-06-08 20:17:00,605 | INFO     |   → 723/1151: ✅ 0 взято | 🗑️ 0 мусор
2026-06-08 20:17:00,605 | INFO     |   → 724/1151: ✅ 0 взято | 🗑️ 442 мусор
2026-06-08 20:17:00,605 | INFO     |   → 725/1151: ✅ 0 взято | 🗑️ 0 мусор
2026-06-08 20:17:00,605 | INFO     |   → 726/1151 ❌ HTTP 404 — https://raw.githubusercontent.com/chxxyz2004/zd/17fca23b73c46b5dd73e9be49b14d219b5e5f836/sub/2401/240110.txt
2026-06-08 20:17:00,605 | INFO     |   → 727/1151: ✅ 0 взято | 🗑️ 44 мусор
2026-06-08 20:17:00,605 | INFO     |   → 728/1151: ✅ 236 взято | 🗑️ 517 мусор
2026-06-08 20:17:00,605 | INFO     |   → 729/1151 ❌ HTTP 404 — https://raw.githubusercontent.com/cxr9912/cxr2022/main/free.yaml
2026-06-08 20:17:00,605 | INFO     |   → 730/1151 ❌ HTTP 404 — https://raw.githubusercontent.com/cxr9912/cxr2022/main/mix.yaml
2026-06-08 20:17:00,605 | INFO     |   → 731/1151 ❌ HTTP 404 — https://raw.githubusercontent.com/cxr9912/cxr2022/main/ss.yaml
2026-06-08 20:17:00,605 | INFO     |   → 732/1151 ❌ HTTP 404 — https://raw.githubusercontent.com/cxr9912/cxr2022/main/ssr.yaml
2026-06-08 20:17:00,605 | INFO     |   → 733/1151 ❌ HTTP 404 — https://raw.githubusercontent.com/cxr9912/cxr2022/main/vmess.yaml
2026-06-08 20:17:00,605 | INFO     |   → 734/1151 ❌ HTTP 404 — https://raw.githubusercontent.com/cxr9912/cxr2022/refs/heads/main/18cj.json
2026-06-08 20:17:00,605 | INFO     |   → 735/1151 ❌ HTTP 404 — https://raw.githubusercontent.com/cxr9912/cxr2022/refs/heads/main/aaaaaaaa.yaml
2026-06-08 20:17:00,605 | INFO     |   → 736/1151 ❌ HTTP 404 — https://raw.githubusercontent.com/cxr9912/cxr2022/refs/heads/main/free.yaml
2026-06-08 20:17:00,606 | INFO     |   → 737/1151 ❌ HTTP 404 — https://raw.githubusercontent.com/cxr9912/cxr2022/refs/heads/main/ss2088.txt
2026-06-08 20:17:00,606 | INFO     |   → 738/1151: ✅ 0 взято | 🗑️ 18 мусор
2026-06-08 20:17:00,606 | INFO     |   → 739/1151: ✅ 0 взято | 🗑️ 18 мусор
2026-06-08 20:17:00,606 | INFO     |   → 740/1151: ✅ 6 взято | 🗑️ 78 мусор
2026-06-08 20:17:00,606 | INFO     |   → 741/1151: ✅ 6 взято | 🗑️ 4 мусор
2026-06-08 20:17:00,606 | INFO     |   → 742/1151: ✅ 0 взято | 🗑️ 2 мусор
2026-06-08 20:17:00,606 | INFO     |   → 743/1151: ✅ 0 взято | 🗑️ 2 мусор
2026-06-08 20:17:00,606 | INFO     |   → 744/1151: ✅ 0 взято | 🗑️ 2 мусор
2026-06-08 20:17:00,606 | INFO     |   → 745/1151: ✅ 0 взято | 🗑️ 3 мусор
2026-06-08 20:17:00,606 | INFO     |   → 746/1151: ✅ 0 взято | 🗑️ 2 мусор
2026-06-08 20:17:00,606 | INFO     |   → 747/1151: ✅ 0 взято | 🗑️ 9 мусор
2026-06-08 20:17:00,606 | INFO     |   → 748/1151: ✅ 1 взято | 🗑️ 1 мусор
2026-06-08 20:17:00,606 | INFO     |   → 749/1151: ✅ 0 взято | 🗑️ 10 мусор
2026-06-08 20:17:00,606 | INFO     |   → 750/1151: ✅ 0 взято | 🗑️ 2 мусор
2026-06-08 20:17:00,606 | INFO     |   → 751/1151: ✅ 0 взято | 🗑️ 0 мусор
2026-06-08 20:17:00,606 | INFO     |   → 752/1151: ✅ 8360 взято | 🗑️ 156652 мусор
2026-06-08 20:17:00,606 | INFO     |   → 753/1151: ✅ 7 взято | 🗑️ 126 мусор
2026-06-08 20:17:00,606 | INFO     |   → 754/1151: ✅ 6 взято | 🗑️ 113 мусор
2026-06-08 20:17:00,606 | INFO     |   → 755/1151: ✅ 0 взято | 🗑️ 0 мусор
2026-06-08 20:17:00,607 | INFO     |   → 756/1151: ✅ 7 взято | 🗑️ 19 мусор
2026-06-08 20:17:00,607 | INFO     |   → 757/1151: ✅ 0 взято | 🗑️ 0 мусор
2026-06-08 20:17:00,607 | INFO     |   → 758/1151: ✅ 13 взято | 🗑️ 19 мусор
2026-06-08 20:17:00,607 | INFO     |   → 759/1151: ✅ 0 взято | 🗑️ 5 мусор
2026-06-08 20:17:00,607 | INFO     |   → 760/1151: ✅ 2 взято | 🗑️ 80 мусор
2026-06-08 20:17:00,607 | INFO     |   → 761/1151 ❌ HTTP 404 — https://raw.githubusercontent.com/free-nodes/v2rayfree/main/v2
2026-06-08 20:17:00,607 | INFO     |   → 762/1151 ❌ HTTP 404 — https://raw.githubusercontent.com/free-v2ray-config/trojan/main/trojan.txt
2026-06-08 20:17:00,607 | INFO     |   → 763/1151 ❌ HTTP 404 — https://raw.githubusercontent.com/free-v2ray-config/vless/main/vless.txt
2026-06-08 20:17:00,607 | INFO     |   → 764/1151 ❌ HTTP 404 — https://raw.githubusercontent.com/free-v2ray-config/vmess/main/vmess.txt
2026-06-08 20:17:00,607 | INFO     |   → 765/1151: ✅ 5 взято | 🗑️ 169 мусор
2026-06-08 20:17:00,607 | INFO     |   → 766/1151: ✅ 34 взято | 🗑️ 121 мусор
2026-06-08 20:17:00,607 | INFO     |   → 767/1151: ✅ 4 взято | 🗑️ 97 мусор
2026-06-08 20:17:00,607 | INFO     |   → 768/1151 ❌ HTTP 404 — https://raw.githubusercontent.com/free18/v2ray/main/Clash.yaml
2026-06-08 20:17:00,607 | INFO     |   → 769/1151: ✅ 0 взято | 🗑️ 0 мусор
2026-06-08 20:17:00,607 | INFO     |   → 770/1151: ✅ 0 взято | 🗑️ 15 мусор
2026-06-08 20:17:00,607 | INFO     |   → 771/1151: ✅ 0 взято | 🗑️ 0 мусор
2026-06-08 20:17:00,607 | INFO     |   → 772/1151: ✅ 0 взято | 🗑️ 8 мусор
2026-06-08 20:17:00,607 | INFO     |   → 773/1151: ✅ 0 взято | 🗑️ 8 мусор
2026-06-08 20:17:00,608 | INFO     |   → 774/1151: ✅ 0 взято | 🗑️ 8 мусор
2026-06-08 20:17:00,608 | INFO     |   → 775/1151: ✅ 0 взято | 🗑️ 8 мусор
2026-06-08 20:17:00,608 | INFO     |   → 776/1151 ❌ HTTP 404 — https://raw.githubusercontent.com/freev2rayconfig/V2RAY_SUB/3e6a7786a1601ee3723e8d043ae79e70dbdfd9a8/v2rayconfigs.txt
2026-06-08 20:17:00,608 | INFO     |   → 777/1151 ❌ HTTP 404 — https://raw.githubusercontent.com/freev2rayconfig/V2RAY_SUBSCRIPTION_LINK/main/v2rayconfigs.txt
2026-06-08 20:17:00,608 | INFO     |   → 778/1151 ❌ HTTP 404 — https://raw.githubusercontent.com/gfpcom/free-proxy-list/main/list/http.txt
2026-06-08 20:17:00,608 | INFO     |   → 779/1151 ❌ HTTP 404 — https://raw.githubusercontent.com/gfpcom/free-proxy-list/main/list/https.txt
2026-06-08 20:17:00,608 | INFO     |   → 780/1151 ❌ HTTP 404 — https://raw.githubusercontent.com/gfpcom/free-proxy-list/main/list/socks4.txt
2026-06-08 20:17:00,608 | INFO     |   → 781/1151 ❌ HTTP 404 — https://raw.githubusercontent.com/gfpcom/free-proxy-list/main/list/socks4a.txt
2026-06-08 20:17:00,608 | INFO     |   → 782/1151 ❌ HTTP 404 — https://raw.githubusercontent.com/gfpcom/free-proxy-list/main/list/socks5.txt
2026-06-08 20:17:00,608 | INFO     |   → 783/1151 ❌ HTTP 404 — https://raw.githubusercontent.com/gfpcom/free-proxy-list/main/list/socks5h.txt
2026-06-08 20:17:00,608 | INFO     |   → 784/1151 ❌ HTTP 404 — https://raw.githubusercontent.com/gfpcom/free-proxy-list/main/list/ss.txt
2026-06-08 20:17:00,608 | INFO     |   → 785/1151 ❌ HTTP 404 — https://raw.githubusercontent.com/gfpcom/free-proxy-list/main/list/ssr.txt
2026-06-08 20:17:00,608 | INFO     |   → 786/1151 ❌ HTTP 404 — https://raw.githubusercontent.com/gfpcom/free-proxy-list/main/list/trojan.txt
2026-06-08 20:17:00,608 | INFO     |   → 787/1151 ❌ HTTP 404 — https://raw.githubusercontent.com/gfpcom/free-proxy-list/main/list/vless.txt
2026-06-08 20:17:00,608 | INFO     |   → 788/1151 ❌ HTTP 404 — https://raw.githubusercontent.com/gfpcom/free-proxy-list/main/list/vmess.txt
2026-06-08 20:17:00,608 | INFO     |   → 789/1151: ✅ 0 взято | 🗑️ 17 мусор
2026-06-08 20:17:00,608 | INFO     |   → 790/1151: ✅ 0 взято | 🗑️ 0 мусор
2026-06-08 20:17:00,608 | INFO     |   → 791/1151: ✅ 4 взято | 🗑️ 63 мусор
2026-06-08 20:17:00,608 | INFO     |   → 792/1151 ❌ HTTP 404 — https://raw.githubusercontent.com/hameed-maleki/TVC/89a4522969c57dcc22458cae9898426e5c4f2679/lite/config.txt
2026-06-08 20:17:00,609 | INFO     |   → 793/1151: ✅ 5 взято | 🗑️ 132 мусор
2026-06-08 20:17:00,609 | INFO     |   → 794/1151: ✅ 0 взято | 🗑️ 56 мусор
2026-06-08 20:17:00,609 | INFO     |   → 795/1151 ❌ HTTP 404 — https://raw.githubusercontent.com/hkaa0/permalink/main/proxy/V2ray
2026-06-08 20:17:00,609 | INFO     |   → 796/1151 ❌ HTTP 404 — https://raw.githubusercontent.com/hkaa0/permalink/main/proxy/clash
2026-06-08 20:17:00,609 | INFO     |   → 797/1151 ❌ HTTP 404 — https://raw.githubusercontent.com/hkpc/Autoproxy/6cf946ddfc677a29062007e4b47d70674474baa7/sub/2401/240110.txt
2026-06-08 20:17:00,609 | INFO     |   → 798/1151 ❌ HTTP 404 — https://raw.githubusercontent.com/hkpc/V2ray-Configs/7d9aa0dabf947af180a7dd6302818ed37950531a/Sub1.txt
2026-06-08 20:17:00,609 | INFO     |   → 799/1151: ✅ 0 взято | 🗑️ 14 мусор
2026-06-08 20:17:00,609 | INFO     |   → 800/1151: ✅ 16 взято | 🗑️ 16 мусор
2026-06-08 20:17:00,609 | INFO     |   → 801/1151 ❌ HTTP 404 — https://raw.githubusercontent.com/iboxz/free-v2ray-collector/main/main
2026-06-08 20:17:00,609 | INFO     |   → 802/1151: ✅ 7 взято | 🗑️ 24 мусор
2026-06-08 20:17:00,609 | INFO     |   → 803/1151: ✅ 17 взято | 🗑️ 13 мусор
2026-06-08 20:17:00,609 | INFO     |   → 804/1151: ✅ 82 взято | 🗑️ 232 мусор
2026-06-08 20:17:00,609 | INFO     |   → 805/1151 ❌ HTTP 404 — https://raw.githubusercontent.com/igareck/vpn-configs-for-russia/refs/heads/main/Vless-Reality-White-Lists-Rus-Cable.txt
2026-06-08 20:17:00,609 | INFO     |   → 806/1151: ✅ 33 взято | 🗑️ 10 мусор
2026-06-08 20:17:00,609 | INFO     |   → 807/1151: ✅ 0 взято | 🗑️ 0 мусор
2026-06-08 20:17:00,609 | INFO     |   → 808/1151: ✅ 0 взято | 🗑️ 0 мусор
2026-06-08 20:17:00,609 | INFO     |   → 809/1151: ✅ 23 взято | 🗑️ 9 мусор
2026-06-08 20:17:00,609 | INFO     |   → 810/1151: ✅ 0 взято | 🗑️ 0 мусор
2026-06-08 20:17:00,609 | INFO     |   → 811/1151: ✅ 0 взято | 🗑️ 0 мусор
2026-06-08 20:17:00,609 | INFO     |   → 812/1151: ✅ 0 взято | 🗑️ 12 мусор
2026-06-08 20:17:00,609 | INFO     |   → 813/1151: ✅ 0 взято | 🗑️ 43 мусор
2026-06-08 20:17:00,609 | INFO     |   → 814/1151 ❌ HTTP 404 — https://raw.githubusercontent.com/jw853355718/clash_233/master/config.yml
2026-06-08 20:17:00,609 | INFO     |   → 815/1151: ✅ 0 взято | 🗑️ 210 мусор
2026-06-08 20:17:00,609 | INFO     |   → 816/1151: ✅ 0 взято | 🗑️ 0 мусор
2026-06-08 20:17:00,609 | INFO     |   → 817/1151: ✅ 0 взято | 🗑️ 0 мусор
2026-06-08 20:17:00,609 | INFO     |   → 818/1151 ❌ HTTP 404 — https://raw.githubusercontent.com/lcx12901/v2ray-/master/sspool.herokuapp.com/yzcloud.yaml
2026-06-08 20:17:00,609 | INFO     |   → 819/1151 ❌ HTTP 404 — https://raw.githubusercontent.com/lcx12901/v2ray-/master/sspool.herokuapp.com/yzcloud2.yaml
2026-06-08 20:17:00,609 | INFO     |   → 820/1151: ✅ 0 взято | 🗑️ 0 мусор
2026-06-08 20:17:00,609 | INFO     |   → 821/1151 ❌ HTTP 404 — https://raw.githubusercontent.com/learnhard-cn/free_proxy_ss/main/clash/config.yaml
2026-06-08 20:17:00,609 | INFO     |   → 822/1151: ✅ 0 взято | 🗑️ 8 мусор
2026-06-08 20:17:00,609 | INFO     |   → 823/1151: ✅ 0 взято | 🗑️ 4 мусор
2026-06-08 20:17:00,609 | INFO     |   → 824/1151: ✅ 0 взято | 🗑️ 0 мусор
2026-06-08 20:17:00,609 | INFO     |   → 825/1151: ✅ 0 взято | 🗑️ 4 мусор
2026-06-08 20:17:00,609 | INFO     |   → 826/1151: ✅ 0 взято | 🗑️ 149 мусор
2026-06-08 20:17:00,609 | INFO     |   → 827/1151: ✅ 0 взято | 🗑️ 421 мусор
2026-06-08 20:17:00,609 | INFO     |   → 828/1151 ❌ HTTP 404 — https://raw.githubusercontent.com/lisylva-lee/v2dyku/main/ssr
2026-06-08 20:17:00,609 | INFO     |   → 829/1151 ❌ HTTP 404 — https://raw.githubusercontent.com/lisylva-lee/v2dyku/main/v2dy
2026-06-08 20:17:00,609 | INFO     |   → 830/1151: ✅ 0 взято | 🗑️ 53 мусор
2026-06-08 20:17:00,609 | INFO     |   → 831/1151 ❌ HTTP 404 — https://raw.githubusercontent.com/luxl-1379/merge/77247d23def72b25226dfa741614e9b07a569c72/sub/sub_merge_base64.txt
2026-06-08 20:17:00,609 | INFO     |   → 832/1151: ✅ 146 взято | 🗑️ 343 мусор
2026-06-08 20:17:00,609 | INFO     |   → 833/1151: ✅ 0 взято | 🗑️ 120 мусор
2026-06-08 20:17:00,609 | INFO     |   → 834/1151: ✅ 866 взято | 🗑️ 3518 мусор
2026-06-08 20:17:00,609 | INFO     |   → 835/1151: ✅ 0 взято | 🗑️ 0 мусор
2026-06-08 20:17:00,610 | INFO     |   → 836/1151: ✅ 0 взято | 🗑️ 3518 мусор
2026-06-08 20:17:00,610 | INFO     |   → 837/1151: ✅ 20 взято | 🗑️ 370 мусор
2026-06-08 20:17:00,610 | INFO     |   → 838/1151 ❌ HTTP 404 — https://raw.githubusercontent.com/mermeroo/Clash-V2ray/main/v2ray
2026-06-08 20:17:00,610 | INFO     |   → 839/1151: ✅ 15 взято | 🗑️ 417 мусор
2026-06-08 20:17:00,610 | INFO     |   → 840/1151: ✅ 6 взято | 🗑️ 102 мусор
2026-06-08 20:17:00,610 | INFO     |   → 841/1151: ✅ 716 взято | 🗑️ 6258 мусор
2026-06-08 20:17:00,610 | INFO     |   → 842/1151: ✅ 8 взято | 🗑️ 853 мусор
2026-06-08 20:17:00,610 | INFO     |   → 843/1151: ✅ 32 взято | 🗑️ 69 мусор
2026-06-08 20:17:00,610 | INFO     |   → 844/1151 ❌ HTTP 404 — https://raw.githubusercontent.com/mermeroo/free-v2ray-collector/main/main/mix
2026-06-08 20:17:00,610 | INFO     |   → 845/1151 ❌ HTTP 404 — https://raw.githubusercontent.com/mermeroo/free-v2ray-collector/main/main/reality
2026-06-08 20:17:00,610 | INFO     |   → 846/1151 ❌ HTTP 404 — https://raw.githubusercontent.com/mermeroo/free-v2ray-collector/main/main/shadowsocks
2026-06-08 20:17:00,610 | INFO     |   → 847/1151 ❌ HTTP 404 — https://raw.githubusercontent.com/mermeroo/free-v2ray-collector/main/main/trojan
2026-06-08 20:17:00,610 | INFO     |   → 848/1151 ❌ HTTP 404 — https://raw.githubusercontent.com/mermeroo/free-v2ray-collector/main/main/vless
2026-06-08 20:17:00,610 | INFO     |   → 849/1151 ❌ HTTP 404 — https://raw.githubusercontent.com/mermeroo/free-v2ray-collector/main/main/vmess
2026-06-08 20:17:00,610 | INFO     |   → 850/1151 ❌ HTTP 404 — https://raw.githubusercontent.com/mfuu/v2ray/master/merge/merge.txt
2026-06-08 20:17:00,610 | INFO     |   → 851/1151: ✅ 0 взято | 🗑️ 73 мусор
2026-06-08 20:17:00,610 | INFO     |   → 852/1151: ✅ 0 взято | 🗑️ 73 мусор
2026-06-08 20:17:00,611 | INFO     |   → 853/1151: ✅ 574 взято | 🗑️ 12823 мусор
2026-06-08 20:17:00,611 | INFO     |   → 854/1151: ✅ 0 взято | 🗑️ 12823 мусор
2026-06-08 20:17:00,611 | INFO     |   → 855/1151: ✅ 0 взято | 🗑️ 2760 мусор
2026-06-08 20:17:00,611 | INFO     |   → 856/1151: ✅ 0 взято | 🗑️ 1672 мусор
2026-06-08 20:17:00,611 | INFO     |   → 857/1151: ✅ 0 взято | 🗑️ 4487 мусор
2026-06-08 20:17:00,611 | INFO     |   → 858/1151: ✅ 0 взято | 🗑️ 3904 мусор
2026-06-08 20:17:00,611 | INFO     |   → 859/1151 ❌ HTTP 404 — https://raw.githubusercontent.com/mianous/qiren/main/qiren.txt
2026-06-08 20:17:00,611 | INFO     |   → 860/1151 ❌ HTTP 404 — https://raw.githubusercontent.com/miladtahanian/V2RayCFGDumper/refs/heads/main/config.txt
2026-06-08 20:17:00,611 | INFO     |   → 861/1151 ❌ HTTP 404 — https://raw.githubusercontent.com/miladtahanian/multi-proxy-config-fetcher/refs/heads/main/configs/proxy_configs.txt
2026-06-08 20:17:00,611 | INFO     |   → 862/1151: ✅ 0 взято | 🗑️ 0 мусор
2026-06-08 20:17:00,611 | INFO     |   → 863/1151: ✅ 0 взято | 🗑️ 0 мусор
2026-06-08 20:17:00,611 | INFO     |   → 864/1151: ✅ 0 взято | 🗑️ 0 мусор
2026-06-08 20:17:00,611 | INFO     |   → 865/1151: ✅ 15 взято | 🗑️ 46 мусор
2026-06-08 20:17:00,611 | INFO     |   → 866/1151: ✅ 0 взято | 🗑️ 232 мусор
2026-06-08 20:17:00,611 | INFO     |   → 867/1151: ✅ 0 взято | 🗑️ 0 мусор
2026-06-08 20:17:00,611 | INFO     |   → 868/1151: ✅ 28 взято | 🗑️ 93 мусор
2026-06-08 20:17:00,611 | INFO     |   → 869/1151: ✅ 0 взято | 🗑️ 0 мусор
2026-06-08 20:17:00,611 | INFO     |   → 870/1151: ✅ 15 взято | 🗑️ 70 мусор
2026-06-08 20:17:00,611 | INFO     |   → 871/1151: ✅ 127 взято | 🗑️ 492 мусор
2026-06-08 20:17:00,611 | INFO     |   → 872/1151: ✅ 331 взято | 🗑️ 190 мусор
2026-06-08 20:17:00,611 | INFO     |   → 873/1151: ✅ 27 взято | 🗑️ 393 мусор
2026-06-08 20:17:00,611 | INFO     |   → 874/1151 ❌ HTTP 404 — https://raw.githubusercontent.com/obscure1990/freeVM/master/snippets/nodes.yml
2026-06-08 20:17:00,611 | INFO     |   → 875/1151 ❌ HTTP 404 — https://raw.githubusercontent.com/op30mmd/things/909b38024ba14d69dc0f95c238f63bc6e930a00f/eut.txt
2026-06-08 20:17:00,611 | INFO     |   → 876/1151 ❌ HTTP 404 — https://raw.githubusercontent.com/openRunner/clash-freenode/main/v2ray.txt
2026-06-08 20:17:00,611 | INFO     |   → 877/1151 ❌ HTTP 404 — https://raw.githubusercontent.com/oslook/clash-freenode/main/clash.yaml
2026-06-08 20:17:00,611 | INFO     |   → 878/1151: ✅ 0 взято | 🗑️ 0 мусор
2026-06-08 20:17:00,611 | INFO     |   → 879/1151: ✅ 4 взято | 🗑️ 1 мусор
2026-06-08 20:17:00,611 | INFO     |   → 880/1151: ✅ 0 взято | 🗑️ 0 мусор
2026-06-08 20:17:00,611 | INFO     |   → 881/1151: ✅ 7 взято | 🗑️ 76 мусор
2026-06-08 20:17:00,611 | INFO     |   → 882/1151: ✅ 0 взято | 🗑️ 0 мусор
2026-06-08 20:17:00,611 | INFO     |   → 883/1151: ✅ 0 взято | 🗑️ 0 мусор
2026-06-08 20:17:00,611 | INFO     |   → 884/1151: ✅ 0 взято | 🗑️ 19 мусор
2026-06-08 20:17:00,611 | INFO     |   → 885/1151: ✅ 0 взято | 🗑️ 44 мусор
2026-06-08 20:17:00,611 | INFO     |   → 886/1151: ✅ 63 взято | 🗑️ 521 мусор
2026-06-08 20:17:00,611 | INFO     |   → 887/1151: ✅ 165 взято | 🗑️ 273 мусор
2026-06-08 20:17:00,611 | INFO     |   → 888/1151: ✅ 0 взято | 🗑️ 0 мусор
2026-06-08 20:17:00,611 | INFO     |   → 889/1151: ✅ 28 взято | 🗑️ 211 мусор
2026-06-08 20:17:00,611 | INFO     |   → 890/1151: ✅ 0 взято | 🗑️ 79 мусор
2026-06-08 20:17:00,611 | INFO     |   → 891/1151: ✅ 13 взято | 🗑️ 32 мусор
2026-06-08 20:17:00,611 | INFO     |   → 892/1151: ✅ 0 взято | 🗑️ 0 мусор
2026-06-08 20:17:00,612 | INFO     |   → 893/1151: ✅ 2 взято | 🗑️ 9 мусор
2026-06-08 20:17:00,612 | INFO     |   → 894/1151: ✅ 11 взято | 🗑️ 76 мусор
2026-06-08 20:17:00,612 | INFO     |   → 895/1151: ✅ 0 взято | 🗑️ 168 мусор
2026-06-08 20:17:00,612 | INFO     |   → 896/1151: ✅ 0 взято | 🗑️ 79 мусор
2026-06-08 20:17:00,612 | INFO     |   → 897/1151: ✅ 0 взято | 🗑️ 15 мусор
2026-06-08 20:17:00,612 | INFO     |   → 898/1151 ❌ HTTP 404 — https://raw.githubusercontent.com/ronghuaxueleng/get_v2/main/pub/changfengoss.yaml
2026-06-08 20:17:00,612 | INFO     |   → 899/1151: ✅ 0 взято | 🗑️ 0 мусор
2026-06-08 20:17:00,612 | INFO     |   → 900/1151: ✅ 94 взято | 🗑️ 48 мусор
2026-06-08 20:17:00,612 | INFO     |   → 901/1151: ✅ 0 взято | 🗑️ 48 мусор
2026-06-08 20:17:00,612 | INFO     |   → 902/1151 ❌ HTTP 404 — https://raw.githubusercontent.com/rxsweet/CM_Vmess/refs/heads/main/test.txt
2026-06-08 20:17:00,612 | INFO     |   → 903/1151 ❌ HTTP 404 — https://raw.githubusercontent.com/rxsweet/proxies/main/sub/free.yaml
2026-06-08 20:17:00,612 | INFO     |   → 904/1151 ❌ HTTP 404 — https://raw.githubusercontent.com/rxsweet/proxies/main/sub/rx.yaml
2026-06-08 20:17:00,612 | INFO     |   → 905/1151 ❌ HTTP 404 — https://raw.githubusercontent.com/rxsweet/proxies/main/sub/sources/dynamicAll.yaml
2026-06-08 20:17:00,612 | INFO     |   → 906/1151 ❌ HTTP 404 — https://raw.githubusercontent.com/rxsweet/proxies/main/sub/sources/miningAll.yaml
2026-06-08 20:17:00,612 | INFO     |   → 907/1151 ❌ HTTP 404 — https://raw.githubusercontent.com/rxsweet/proxies/main/sub/srx.yaml
2026-06-08 20:17:00,612 | INFO     |   → 908/1151 ❌ HTTP 404 — https://raw.githubusercontent.com/sajad-sajadi/V2ray-Collector/raw/main/output/protocols/vmess.txt
2026-06-08 20:17:00,612 | INFO     |   → 909/1151 ❌ HTTP 404 — https://raw.githubusercontent.com/sakha1370/OpenRay/raw/refs/heads/main/output/all_valid_proxies.txt
2026-06-08 20:17:00,612 | INFO     |   → 910/1151: ✅ 53 взято | 🗑️ 399 мусор
2026-06-08 20:17:00,612 | INFO     |   → 911/1151: ✅ 0 взято | 🗑️ 399 мусор
2026-06-08 20:17:00,612 | INFO     |   → 912/1151 ❌ HTTP 404 — https://raw.githubusercontent.com/samjoeyang/subscribe/main/fly
2026-06-08 20:17:00,612 | INFO     |   → 913/1151: ✅ 0 взято | 🗑️ 0 мусор
2026-06-08 20:17:00,612 | INFO     |   → 914/1151 ❌ HTTP 404 — https://raw.githubusercontent.com/sarina-ad/v2ray/main/v2ray
2026-06-08 20:17:00,612 | INFO     |   → 915/1151 ❌ HTTP 404 — https://raw.githubusercontent.com/satrom/V2SSR/master/SSR/Sub.txt
2026-06-08 20:17:00,612 | INFO     |   → 916/1151 ❌ HTTP 404 — https://raw.githubusercontent.com/satrom/V2SSR/master/V2RAY/Sub.txt
2026-06-08 20:17:00,612 | INFO     |   → 917/1151: ✅ 7570 взято | 🗑️ 133088 мусор
2026-06-08 20:17:00,612 | INFO     |   → 918/1151: ✅ 0 взято | 🗑️ 0 мусор
2026-06-08 20:17:00,612 | INFO     |   → 919/1151: ✅ 0 взято | 🗑️ 0 мусор
2026-06-08 20:17:00,612 | INFO     |   → 920/1151: ✅ 3 взято | 🗑️ 49 мусор
2026-06-08 20:17:00,612 | INFO     |   → 921/1151: ✅ 259 взято | 🗑️ 2055 мусор
2026-06-08 20:17:00,612 | INFO     |   → 922/1151: ✅ 0 взято | 🗑️ 1032 мусор
2026-06-08 20:17:00,612 | INFO     |   → 923/1151: ✅ 0 взято | 🗑️ 81 мусор
2026-06-08 20:17:00,612 | INFO     |   → 924/1151: ✅ 0 взято | 🗑️ 915 мусор
2026-06-08 20:17:00,612 | INFO     |   → 925/1151: ✅ 0 взято | 🗑️ 27 мусор
2026-06-08 20:17:00,612 | INFO     |   → 926/1151: ✅ 0 взято | 🗑️ 2055 мусор
2026-06-08 20:17:00,612 | INFO     |   → 927/1151: ✅ 0 взято | 🗑️ 0 мусор
2026-06-08 20:17:00,612 | INFO     |   → 928/1151 ❌ HTTP 404 — https://raw.githubusercontent.com/shirkerboy/scp/main/sub
2026-06-08 20:17:00,612 | INFO     |   → 929/1151 ❌ HTTP 404 — https://raw.githubusercontent.com/snakem982/proxypool/main/nodelist.txt
2026-06-08 20:17:00,612 | INFO     |   → 930/1151: ✅ 0 взято | 🗑️ 0 мусор
2026-06-08 20:17:00,612 | INFO     |   → 931/1151 ❌ HTTP 404 — https://raw.githubusercontent.com/snakem982/proxypool/main/source/v2ray.txt
2026-06-08 20:17:00,612 | INFO     |   → 932/1151 ❌ HTTP 404 — https://raw.githubusercontent.com/soroushmirzaei/telegram-configs-collector/main/channels/protocols/hysteria
2026-06-08 20:17:00,612 | INFO     |   → 933/1151 ❌ HTTP 404 — https://raw.githubusercontent.com/soroushmirzaei/telegram-configs-collector/main/channels/protocols/juicity
2026-06-08 20:17:00,612 | INFO     |   → 934/1151 ❌ HTTP 404 — https://raw.githubusercontent.com/soroushmirzaei/telegram-configs-collector/main/channels/protocols/reality
2026-06-08 20:17:00,612 | INFO     |   → 935/1151 ❌ HTTP 404 — https://raw.githubusercontent.com/soroushmirzaei/telegram-configs-collector/main/channels/protocols/shadowsocks
2026-06-08 20:17:00,612 | INFO     |   → 936/1151 ❌ HTTP 404 — https://raw.githubusercontent.com/soroushmirzaei/telegram-configs-collector/main/channels/protocols/trojan
2026-06-08 20:17:00,612 | INFO     |   → 937/1151 ❌ HTTP 404 — https://raw.githubusercontent.com/soroushmirzaei/telegram-configs-collector/main/channels/protocols/tuic
2026-06-08 20:17:00,613 | INFO     |   → 938/1151 ❌ HTTP 404 — https://raw.githubusercontent.com/soroushmirzaei/telegram-configs-collector/main/channels/protocols/vless
2026-06-08 20:17:00,613 | INFO     |   → 939/1151 ❌ HTTP 404 — https://raw.githubusercontent.com/soroushmirzaei/telegram-configs-collector/main/channels/protocols/vmess
2026-06-08 20:17:00,613 | INFO     |   → 940/1151 ❌ HTTP 404 — https://raw.githubusercontent.com/soroushmirzaei/telegram-configs-collector/main/countries/jp/mixed
2026-06-08 20:17:00,613 | INFO     |   → 941/1151 ❌ HTTP 404 — https://raw.githubusercontent.com/soroushmirzaei/telegram-configs-collector/main/protocols/hysteria
2026-06-08 20:17:00,613 | INFO     |   → 942/1151 ❌ HTTP 404 — https://raw.githubusercontent.com/soroushmirzaei/telegram-configs-collector/main/protocols/juicity
2026-06-08 20:17:00,613 | INFO     |   → 943/1151 ❌ HTTP 404 — https://raw.githubusercontent.com/soroushmirzaei/telegram-configs-collector/main/protocols/reality
2026-06-08 20:17:00,613 | INFO     |   → 944/1151 ❌ HTTP 404 — https://raw.githubusercontent.com/soroushmirzaei/telegram-configs-collector/main/protocols/shadowsocks
2026-06-08 20:17:00,613 | INFO     |   → 945/1151 ❌ HTTP 404 — https://raw.githubusercontent.com/soroushmirzaei/telegram-configs-collector/main/protocols/trojan
2026-06-08 20:17:00,613 | INFO     |   → 946/1151 ❌ HTTP 404 — https://raw.githubusercontent.com/soroushmirzaei/telegram-configs-collector/main/protocols/tuic
2026-06-08 20:17:00,613 | INFO     |   → 947/1151 ❌ HTTP 404 — https://raw.githubusercontent.com/soroushmirzaei/telegram-configs-collector/main/protocols/vless
2026-06-08 20:17:00,613 | INFO     |   → 948/1151 ❌ HTTP 404 — https://raw.githubusercontent.com/soroushmirzaei/telegram-configs-collector/main/protocols/vmess
2026-06-08 20:17:00,613 | INFO     |   → 949/1151 ❌ HTTP 404 — https://raw.githubusercontent.com/soroushmirzaei/telegram-configs-collector/main/splitted/subscribe
2026-06-08 20:17:00,613 | INFO     |   → 950/1151 ❌ HTTP 404 — https://raw.githubusercontent.com/ssrsub/ssr/master/Clash.yml
2026-06-08 20:17:00,613 | INFO     |   → 951/1151 ❌ HTTP 404 — https://raw.githubusercontent.com/ssrsub/ssr/master/V2Ray
2026-06-08 20:17:00,613 | INFO     |   → 952/1151 ❌ HTTP 404 — https://raw.githubusercontent.com/ssrsub/ssr/master/ss-sub
2026-06-08 20:17:00,613 | INFO     |   → 953/1151 ❌ HTTP 404 — https://raw.githubusercontent.com/ssrsub/ssr/master/ssrsub
2026-06-08 20:17:00,613 | INFO     |   → 954/1151 ❌ HTTP 404 — https://raw.githubusercontent.com/ssrsub/ssr/master/trojan
2026-06-08 20:17:00,614 | INFO     |   → 955/1151: ✅ 0 взято | 🗑️ 0 мусор
2026-06-08 20:17:00,614 | INFO     |   → 956/1151: ✅ 2 взято | 🗑️ 12 мусор
2026-06-08 20:17:00,614 | INFO     |   → 957/1151: ✅ 0 взято | 🗑️ 13 мусор
2026-06-08 20:17:00,614 | INFO     |   → 958/1151: ✅ 0 взято | 🗑️ 13 мусор
2026-06-08 20:17:00,614 | INFO     |   → 959/1151 ❌ HTTP 404 — https://raw.githubusercontent.com/tbbatbb/Proxy/master/dist/clash.config.yaml
2026-06-08 20:17:00,614 | INFO     |   → 960/1151: ✅ 2 взято | 🗑️ 35 мусор
2026-06-08 20:17:00,614 | INFO     |   → 961/1151: ✅ 0 взято | 🗑️ 0 мусор
2026-06-08 20:17:00,614 | INFO     |   → 962/1151: ✅ 5 взято | 🗑️ 111 мусор
2026-06-08 20:17:00,614 | INFO     |   → 963/1151: ✅ 0 взято | 🗑️ 0 мусор
2026-06-08 20:17:00,614 | INFO     |   → 964/1151: ✅ 0 взято | 🗑️ 48 мусор
2026-06-08 20:17:00,614 | INFO     |   → 965/1151 ❌ HTTP 404 — https://raw.githubusercontent.com/v2clash/Autoproxy/a81f840ab2364124133572ec94e4b81fb0d4e58d/sub/2401/240104.txt
2026-06-08 20:17:00,614 | INFO     |   → 966/1151 ❌ HTTP 404 — https://raw.githubusercontent.com/v2clash/V2ray-Configs/31f493c584d0c7b56350f4a34d80c53ad82bcc18/Sub9.txt
2026-06-08 20:17:00,614 | INFO     |   → 967/1151: ✅ 0 взято | 🗑️ 0 мусор
2026-06-08 20:17:00,614 | INFO     |   → 968/1151: ✅ 0 взято | 🗑️ 0 мусор
2026-06-08 20:17:00,614 | INFO     |   → 969/1151: ✅ 0 взято | 🗑️ 0 мусор
2026-06-08 20:17:00,614 | INFO     |   → 970/1151: ✅ 283 взято | 🗑️ 9640 мусор
2026-06-08 20:17:00,614 | INFO     |   → 971/1151: ✅ 281 взято | 🗑️ 10086 мусор
2026-06-08 20:17:00,614 | INFO     |   → 972/1151: ✅ 280 взято | 🗑️ 9675 мусор
2026-06-08 20:17:00,615 | INFO     |   → 973/1151: ✅ 334 взято | 🗑️ 9823 мусор
2026-06-08 20:17:00,615 | INFO     |   → 974/1151: ✅ 350 взято | 🗑️ 9639 мусор
2026-06-08 20:17:00,615 | INFO     |   → 975/1151: ✅ 125 взято | 🗑️ 7919 мусор
2026-06-08 20:17:00,615 | INFO     |   → 976/1151: ✅ 135 взято | 🗑️ 4836 мусор
2026-06-08 20:17:00,615 | INFO     |   → 977/1151: ✅ 502 взято | 🗑️ 7659 мусор
2026-06-08 20:17:00,615 | INFO     |   → 978/1151: ✅ 631 взято | 🗑️ 8081 мусор
2026-06-08 20:17:00,615 | INFO     |   → 979/1151: ✅ 202 взято | 🗑️ 5131 мусор
2026-06-08 20:17:00,615 | INFO     |   → 980/1151 ❌ HTTP 404 — https://raw.githubusercontent.com/vveg26/chromego_merge/main/sub/merged_proxies.yaml
2026-06-08 20:17:00,615 | INFO     |   → 981/1151 ❌ HTTP 404 — https://raw.githubusercontent.com/vveg26/get_proxy/main/dist/clash.config.yaml
2026-06-08 20:17:00,615 | INFO     |   → 982/1151: ✅ 0 взято | 🗑️ 10 мусор
2026-06-08 20:17:00,615 | INFO     |   → 983/1151: ✅ 0 взято | 🗑️ 10 мусор
2026-06-08 20:17:00,615 | INFO     |   → 984/1151: ✅ 0 взято | 🗑️ 4 мусор
2026-06-08 20:17:00,615 | INFO     |   → 985/1151: ✅ 0 взято | 🗑️ 0 мусор
2026-06-08 20:17:00,615 | INFO     |   → 986/1151: ✅ 0 взято | 🗑️ 4 мусор
2026-06-08 20:17:00,615 | INFO     |   → 987/1151: ✅ 106 взято | 🗑️ 689 мусор
2026-06-08 20:17:00,615 | INFO     |   → 988/1151: ✅ 48 взято | 🗑️ 841 мусор
2026-06-08 20:17:00,615 | INFO     |   → 989/1151: ✅ 21 взято | 🗑️ 789 мусор
2026-06-08 20:17:00,615 | INFO     |   → 990/1151: ✅ 24 взято | 🗑️ 774 мусор
2026-06-08 20:17:00,616 | INFO     |   → 991/1151: ✅ 52 взято | 🗑️ 756 мусор
2026-06-08 20:17:00,616 | INFO     |   → 992/1151: ✅ 191 взято | 🗑️ 745 мусор
2026-06-08 20:17:00,616 | INFO     |   → 993/1151: ✅ 9 взято | 🗑️ 651 мусор
2026-06-08 20:17:00,616 | INFO     |   → 994/1151: ✅ 185 взято | 🗑️ 388 мусор
2026-06-08 20:17:00,616 | INFO     |   → 995/1151: ✅ 130 взято | 🗑️ 523 мусор
2026-06-08 20:17:00,616 | INFO     |   → 996/1151: ✅ 67 взято | 🗑️ 533 мусор
2026-06-08 20:17:00,616 | INFO     |   → 997/1151: ✅ 98 взято | 🗑️ 444 мусор
2026-06-08 20:17:00,616 | INFO     |   → 998/1151: ✅ 102 взято | 🗑️ 670 мусор
2026-06-08 20:17:00,616 | INFO     |   → 999/1151: ✅ 86 взято | 🗑️ 476 мусор
2026-06-08 20:17:00,616 | INFO     |   → 1000/1151: ✅ 95 взято | 🗑️ 657 мусор
2026-06-08 20:17:00,616 | INFO     |   → 1001/1151: ✅ 105 взято | 🗑️ 645 мусор
2026-06-08 20:17:00,616 | INFO     |   → 1002/1151: ✅ 115 взято | 🗑️ 985 мусор
2026-06-08 20:17:00,616 | INFO     |   → 1003/1151: ✅ 6 взято | 🗑️ 63 мусор
2026-06-08 20:17:00,616 | INFO     |   → 1004/1151: ✅ 7 взято | 🗑️ 62 мусор
2026-06-08 20:17:00,616 | INFO     |   → 1005/1151: ✅ 39 взято | 🗑️ 489 мусор
2026-06-08 20:17:00,616 | INFO     |   → 1006/1151: ✅ 0 взято | 🗑️ 0 мусор
2026-06-08 20:17:00,616 | INFO     |   → 1007/1151: ✅ 0 взято | 🗑️ 0 мусор
2026-06-08 20:17:00,616 | INFO     |   → 1008/1151: ✅ 0 взято | 🗑️ 0 мусор
2026-06-08 20:17:00,616 | INFO     |   → 1009/1151: ✅ 0 взято | 🗑️ 0 мусор
2026-06-08 20:17:00,617 | INFO     |   → 1010/1151: ✅ 0 взято | 🗑️ 0 мусор
2026-06-08 20:17:00,617 | INFO     |   → 1011/1151: ✅ 0 взято | 🗑️ 52 мусор
2026-06-08 20:17:00,617 | INFO     |   → 1012/1151: ✅ 5 взято | 🗑️ 10 мусор
2026-06-08 20:17:00,617 | INFO     |   → 1013/1151: ✅ 1 взято | 🗑️ 124 мусор
2026-06-08 20:17:00,617 | INFO     |   → 1014/1151: ✅ 172 взято | 🗑️ 152 мусор
2026-06-08 20:17:00,617 | INFO     |   → 1015/1151: ✅ 0 взято | 🗑️ 9 мусор
2026-06-08 20:17:00,617 | INFO     |   → 1016/1151: ✅ 5 взято | 🗑️ 546 мусор
2026-06-08 20:17:00,617 | INFO     |   → 1017/1151 ❌ HTTP 404 — https://raw.githubusercontent.com/xiaozhu2007/xiaozhu2007/61a755a044dbaeea678bc2d1e20f21a21c6d7170/docs/fxxk.txt
2026-06-08 20:17:00,617 | INFO     |   → 1018/1151: ✅ 1 взято | 🗑️ 159 мусор
2026-06-08 20:17:00,617 | INFO     |   → 1019/1151: ✅ 0 взято | 🗑️ 22 мусор
2026-06-08 20:17:00,617 | INFO     |   → 1020/1151: ✅ 0 взято | 🗑️ 0 мусор
2026-06-08 20:17:00,617 | INFO     |   → 1021/1151 ❌ HTTP 404 — https://raw.githubusercontent.com/yebekhe/TVC/0f745f92bf381e505f1245abbc7c145b19b11503/config.txt
2026-06-08 20:17:00,617 | INFO     |   → 1022/1151 ❌ HTTP 404 — https://raw.githubusercontent.com/yebekhe/TVC/9fac69239c69327fb7a61f5a8d79d107133889e1/lite/config.txt
2026-06-08 20:17:00,617 | INFO     |   → 1023/1151 ❌ HTTP 404 — https://raw.githubusercontent.com/yebekhe/TelegramV2rayCollector/main/sub/normal/donated
2026-06-08 20:17:00,617 | INFO     |   → 1024/1151 ❌ HTTP 404 — https://raw.githubusercontent.com/yebekhe/TelegramV2rayCollector/main/sub/normal/hysteria2
2026-06-08 20:17:00,617 | INFO     |   → 1025/1151 ❌ HTTP 404 — https://raw.githubusercontent.com/yebekhe/TelegramV2rayCollector/main/sub/normal/mix
2026-06-08 20:17:00,617 | INFO     |   → 1026/1151 ❌ HTTP 404 — https://raw.githubusercontent.com/yebekhe/TelegramV2rayCollector/main/sub/normal/reality
2026-06-08 20:17:00,617 | INFO     |   → 1027/1151 ❌ HTTP 404 — https://raw.githubusercontent.com/yebekhe/TelegramV2rayCollector/main/sub/normal/shadowsocks
2026-06-08 20:17:00,618 | INFO     |   → 1028/1151 ❌ HTTP 404 — https://raw.githubusercontent.com/yebekhe/TelegramV2rayCollector/main/sub/normal/trojan
2026-06-08 20:17:00,618 | INFO     |   → 1029/1151 ❌ HTTP 404 — https://raw.githubusercontent.com/yebekhe/TelegramV2rayCollector/main/sub/normal/tuic
2026-06-08 20:17:00,618 | INFO     |   → 1030/1151 ❌ HTTP 404 — https://raw.githubusercontent.com/yebekhe/TelegramV2rayCollector/main/sub/normal/vless
2026-06-08 20:17:00,618 | INFO     |   → 1031/1151 ❌ HTTP 404 — https://raw.githubusercontent.com/yebekhe/TelegramV2rayCollector/main/sub/normal/vmess
2026-06-08 20:17:00,618 | INFO     |   → 1032/1151 ❌ HTTP 404 — https://raw.githubusercontent.com/yebekhe/V2Hub/main/Split/Normal/shadowsocks
2026-06-08 20:17:00,618 | INFO     |   → 1033/1151 ❌ HTTP 404 — https://raw.githubusercontent.com/yebekhe/V2Hub/main/merged
2026-06-08 20:17:00,618 | INFO     |   → 1034/1151: ✅ 0 взято | 🗑️ 30 мусор
2026-06-08 20:17:00,618 | INFO     |   → 1035/1151: ✅ 1121 взято | 🗑️ 9704 мусор
2026-06-08 20:17:00,618 | INFO     |   → 1036/1151: ✅ 7 взято | 🗑️ 530 мусор
2026-06-08 20:17:00,618 | INFO     |   → 1037/1151: ✅ 16 взято | 🗑️ 324 мусор
2026-06-08 20:17:00,618 | INFO     |   → 1038/1151: ✅ 211 взято | 🗑️ 328 мусор
2026-06-08 20:17:00,618 | INFO     |   → 1039/1151: ✅ 0 взято | 🗑️ 1626 мусор
2026-06-08 20:17:00,618 | INFO     |   → 1040/1151: ✅ 2 взято | 🗑️ 606 мусор
2026-06-08 20:17:00,618 | INFO     |   → 1041/1151 ❌ HTTP 404 — https://raw.githubusercontent.com/yyyr-otz/tele-providers-collector/019cb3e07ee52fddbc7caa54fc670c6b9bae6539/sub/proxies.txt
2026-06-08 20:17:00,618 | INFO     |   → 1042/1151 ❌ HTTP 404 — https://raw.githubusercontent.com/yyyr-otz/tele-providers-collector/b7a74ee98bcf02c5a507d688a1bed3aa9f7f4ed1/script/raw/protocols/mixed.txt
2026-06-08 20:17:00,618 | INFO     |   → 1043/1151: ✅ 0 взято | 🗑️ 0 мусор
2026-06-08 20:17:00,618 | INFO     |   → 1044/1151: ✅ 0 взято | 🗑️ 0 мусор
2026-06-08 20:17:00,618 | INFO     |   → 1045/1151: ✅ 1 взято | 🗑️ 18 мусор
2026-06-08 20:17:00,618 | INFO     |   → 1046/1151: ✅ 31 взято | 🗑️ 982 мусор
2026-06-08 20:17:00,619 | INFO     |   → 1047/1151: ✅ 0 взято | 🗑️ 5 мусор
2026-06-08 20:17:00,619 | INFO     |   → 1048/1151: ✅ 0 взято | 🗑️ 0 мусор
2026-06-08 20:17:00,619 | INFO     |   → 1049/1151 ⚠️ Ошибка: ('Connection aborted.', RemoteDisconnected('Remote end closed connection without response')) — https://sub.pmsub.me/clash.yaml
2026-06-08 20:17:00,619 | INFO     |   → 1050/1151: ✅ 0 взято | 🗑️ 1 мусор
2026-06-08 20:17:00,619 | INFO     |   → 1051/1151: ✅ 8 взято | 🗑️ 21 мусор
2026-06-08 20:17:00,619 | INFO     |   → 1052/1151: ✅ 0 взято | 🗑️ 0 мусор
2026-06-08 20:17:00,619 | INFO     |   → 1053/1151: ✅ 9 взято | 🗑️ 19 мусор
2026-06-08 20:17:00,619 | INFO     |   → 1054/1151: ✅ 0 взято | 🗑️ 0 мусор
2026-06-08 20:17:00,619 | INFO     |   → 1055/1151: ✅ 2 взято | 🗑️ 14 мусор
2026-06-08 20:17:00,619 | INFO     |   → 1056/1151: ✅ 4 взято | 🗑️ 22 мусор
2026-06-08 20:17:00,619 | INFO     |   → 1057/1151: ✅ 0 взято | 🗑️ 0 мусор
2026-06-08 20:17:00,619 | INFO     |   → 1058/1151: ✅ 0 взято | 🗑️ 0 мусор
2026-06-08 20:17:00,619 | INFO     |   → 1059/1151: ✅ 0 взято | 🗑️ 0 мусор
2026-06-08 20:17:00,619 | INFO     |   → 1060/1151: ✅ 2 взято | 🗑️ 16 мусор
2026-06-08 20:17:00,619 | INFO     |   → 1061/1151: ✅ 0 взято | 🗑️ 0 мусор
2026-06-08 20:17:00,619 | INFO     |   → 1062/1151: ✅ 4 взято | 🗑️ 7 мусор
2026-06-08 20:17:00,619 | INFO     |   → 1063/1151: ✅ 0 взято | 🗑️ 0 мусор
2026-06-08 20:17:00,619 | INFO     |   → 1064/1151: ✅ 6 взято | 🗑️ 14 мусор
2026-06-08 20:17:00,619 | INFO     |   → 1065/1151: ✅ 0 взято | 🗑️ 0 мусор
2026-06-08 20:17:00,620 | INFO     |   → 1066/1151: ✅ 2 взято | 🗑️ 13 мусор
2026-06-08 20:17:00,620 | INFO     |   → 1067/1151: ✅ 0 взято | 🗑️ 0 мусор
2026-06-08 20:17:00,620 | INFO     |   → 1068/1151: ✅ 0 взято | 🗑️ 0 мусор
2026-06-08 20:17:00,620 | INFO     |   → 1069/1151: ✅ 2 взято | 🗑️ 7 мусор
2026-06-08 20:17:00,620 | INFO     |   → 1070/1151: ✅ 1 взято | 🗑️ 14 мусор
2026-06-08 20:17:00,620 | INFO     |   → 1071/1151: ✅ 2 взято | 🗑️ 14 мусор
2026-06-08 20:17:00,620 | INFO     |   → 1072/1151: ✅ 0 взято | 🗑️ 0 мусор
2026-06-08 20:17:00,620 | INFO     |   → 1073/1151: ✅ 3 взято | 🗑️ 22 мусор
2026-06-08 20:17:00,620 | INFO     |   → 1074/1151: ✅ 0 взято | 🗑️ 0 мусор
2026-06-08 20:17:00,620 | INFO     |   → 1075/1151: ✅ 2 взято | 🗑️ 15 мусор
2026-06-08 20:17:00,620 | INFO     |   → 1076/1151: ✅ 3 взято | 🗑️ 12 мусор
2026-06-08 20:17:00,620 | INFO     |   → 1077/1151: ✅ 0 взято | 🗑️ 0 мусор
2026-06-08 20:17:00,620 | INFO     |   → 1078/1151: ✅ 0 взято | 🗑️ 0 мусор
2026-06-08 20:17:00,620 | INFO     |   → 1079/1151: ✅ 0 взято | 🗑️ 0 мусор
2026-06-08 20:17:00,620 | INFO     |   → 1080/1151: ✅ 4 взято | 🗑️ 11 мусор
2026-06-08 20:17:00,620 | INFO     |   → 1081/1151: ✅ 10 взято | 🗑️ 15 мусор
2026-06-08 20:17:00,620 | INFO     |   → 1082/1151: ✅ 0 взято | 🗑️ 0 мусор
2026-06-08 20:17:00,620 | INFO     |   → 1083/1151: ✅ 13 взято | 🗑️ 15 мусор
2026-06-08 20:17:00,621 | INFO     |   → 1084/1151: ✅ 0 взято | 🗑️ 0 мусор
2026-06-08 20:17:00,621 | INFO     |   → 1085/1151: ✅ 5 взято | 🗑️ 15 мусор
2026-06-08 20:17:00,621 | INFO     |   → 1086/1151: ✅ 0 взято | 🗑️ 0 мусор
2026-06-08 20:17:00,621 | INFO     |   → 1087/1151: ✅ 8 взято | 🗑️ 16 мусор
2026-06-08 20:17:00,621 | INFO     |   → 1088/1151: ✅ 0 взято | 🗑️ 0 мусор
2026-06-08 20:17:00,621 | INFO     |   → 1089/1151: ✅ 0 взято | 🗑️ 24 мусор
2026-06-08 20:17:00,621 | INFO     |   → 1090/1151: ✅ 0 взято | 🗑️ 0 мусор
2026-06-08 20:17:00,621 | INFO     |   → 1091/1151: ✅ 4 взято | 🗑️ 17 мусор
2026-06-08 20:17:00,621 | INFO     |   → 1092/1151: ✅ 0 взято | 🗑️ 0 мусор
2026-06-08 20:17:00,621 | INFO     |   → 1093/1151: ✅ 12 взято | 🗑️ 18 мусор
2026-06-08 20:17:00,621 | INFO     |   → 1094/1151: ✅ 0 взято | 🗑️ 0 мусор
2026-06-08 20:17:00,621 | INFO     |   → 1095/1151: ✅ 2 взято | 🗑️ 17 мусор
2026-06-08 20:17:00,621 | INFO     |   → 1096/1151: ✅ 0 взято | 🗑️ 0 мусор
2026-06-08 20:17:00,621 | INFO     |   → 1097/1151: ✅ 1 взято | 🗑️ 27 мусор
2026-06-08 20:17:00,621 | INFO     |   → 1098/1151: ✅ 0 взято | 🗑️ 0 мусор
2026-06-08 20:17:00,621 | INFO     |   → 1099/1151: ✅ 4 взято | 🗑️ 15 мусор
2026-06-08 20:17:00,621 | INFO     |   → 1100/1151: ✅ 0 взято | 🗑️ 0 мусор
2026-06-08 20:17:00,621 | INFO     |   → 1101/1151: ✅ 4 взято | 🗑️ 26 мусор
2026-06-08 20:17:00,621 | INFO     |   → 1102/1151: ✅ 0 взято | 🗑️ 0 мусор
2026-06-08 20:17:00,622 | INFO     |   → 1103/1151: ✅ 3 взято | 🗑️ 21 мусор
2026-06-08 20:17:00,622 | INFO     |   → 1104/1151: ✅ 0 взято | 🗑️ 0 мусор
2026-06-08 20:17:00,622 | INFO     |   → 1105/1151: ✅ 8 взято | 🗑️ 12 мусор
2026-06-08 20:17:00,622 | INFO     |   → 1106/1151: ✅ 0 взято | 🗑️ 0 мусор
2026-06-08 20:17:00,622 | INFO     |   → 1107/1151: ✅ 8 взято | 🗑️ 15 мусор
2026-06-08 20:17:00,622 | INFO     |   → 1108/1151: ✅ 0 взято | 🗑️ 0 мусор
2026-06-08 20:17:00,622 | INFO     |   → 1109/1151: ✅ 10 взято | 🗑️ 14 мусор
2026-06-08 20:17:00,622 | INFO     |   → 1110/1151: ✅ 0 взято | 🗑️ 0 мусор
2026-06-08 20:17:00,622 | INFO     |   → 1111/1151: ✅ 5 взято | 🗑️ 18 мусор
2026-06-08 20:17:00,622 | INFO     |   → 1112/1151: ✅ 0 взято | 🗑️ 0 мусор
2026-06-08 20:17:00,622 | INFO     |   → 1113/1151: ✅ 5 взято | 🗑️ 22 мусор
2026-06-08 20:17:00,622 | INFO     |   → 1114/1151: ✅ 0 взято | 🗑️ 0 мусор
2026-06-08 20:17:00,622 | INFO     |   → 1115/1151: ✅ 5 взято | 🗑️ 18 мусор
2026-06-08 20:17:00,622 | INFO     |   → 1116/1151: ✅ 0 взято | 🗑️ 0 мусор
2026-06-08 20:17:00,622 | INFO     |   → 1117/1151: ✅ 1 взято | 🗑️ 23 мусор
2026-06-08 20:17:00,622 | INFO     |   → 1118/1151: ✅ 0 взято | 🗑️ 0 мусор
2026-06-08 20:17:00,622 | INFO     |   → 1119/1151: ✅ 6 взято | 🗑️ 18 мусор
2026-06-08 20:17:00,622 | INFO     |   → 1120/1151: ✅ 0 взято | 🗑️ 0 мусор
2026-06-08 20:17:00,622 | INFO     |   → 1121/1151: ✅ 17 взято | 🗑️ 7 мусор
2026-06-08 20:17:00,623 | INFO     |   → 1122/1151: ✅ 0 взято | 🗑️ 0 мусор
2026-06-08 20:17:00,623 | INFO     |   → 1123/1151: ✅ 4 взято | 🗑️ 17 мусор
2026-06-08 20:17:00,623 | INFO     |   → 1124/1151: ✅ 0 взято | 🗑️ 0 мусор
2026-06-08 20:17:00,623 | INFO     |   → 1125/1151: ✅ 7 взято | 🗑️ 14 мусор
2026-06-08 20:17:00,623 | INFO     |   → 1126/1151: ✅ 0 взято | 🗑️ 0 мусор
2026-06-08 20:17:00,623 | INFO     |   → 1127/1151: ✅ 7 взято | 🗑️ 14 мусор
2026-06-08 20:17:00,623 | INFO     |   → 1128/1151: ✅ 0 взято | 🗑️ 0 мусор
2026-06-08 20:17:00,623 | INFO     |   → 1129/1151: ✅ 9 взято | 🗑️ 11 мусор
2026-06-08 20:17:00,623 | INFO     |   → 1130/1151: ✅ 0 взято | 🗑️ 0 мусор
2026-06-08 20:17:00,623 | INFO     |   → 1131/1151: ✅ 0 взято | 🗑️ 22 мусор
2026-06-08 20:17:00,623 | INFO     |   → 1132/1151: ✅ 0 взято | 🗑️ 0 мусор
2026-06-08 20:17:00,623 | INFO     |   → 1133/1151: ✅ 3 взято | 🗑️ 12 мусор
2026-06-08 20:17:00,623 | INFO     |   → 1134/1151: ✅ 0 взято | 🗑️ 0 мусор
2026-06-08 20:17:00,623 | INFO     |   → 1135/1151: ✅ 0 взято | 🗑️ 7 мусор
2026-06-08 20:17:00,623 | INFO     |   → 1136/1151: ✅ 0 взято | 🗑️ 0 мусор
2026-06-08 20:17:00,623 | INFO     |   → 1137/1151: ✅ 2 взято | 🗑️ 8 мусор
2026-06-08 20:17:00,623 | INFO     |   → 1138/1151: ✅ 0 взято | 🗑️ 0 мусор
2026-06-08 20:17:00,623 | INFO     |   → 1139/1151: ✅ 5 взято | 🗑️ 12 мусор
2026-06-08 20:17:00,624 | INFO     |   → 1140/1151: ✅ 0 взято | 🗑️ 0 мусор
2026-06-08 20:17:00,624 | INFO     |   → 1141/1151: ✅ 2 взято | 🗑️ 12 мусор
2026-06-08 20:17:00,624 | INFO     |   → 1142/1151: ✅ 0 взято | 🗑️ 0 мусор
2026-06-08 20:17:00,624 | INFO     |   → 1143/1151: ✅ 8 взято | 🗑️ 12 мусор
2026-06-08 20:17:00,624 | INFO     |   → 1144/1151: ✅ 0 взято | 🗑️ 0 мусор
2026-06-08 20:17:00,624 | INFO     |   → 1145/1151: ✅ 0 взято | 🗑️ 10 мусор
2026-06-08 20:17:00,624 | INFO     |   → 1146/1151: ✅ 0 взято | 🗑️ 0 мусор
2026-06-08 20:17:00,624 | INFO     |   → 1147/1151: ✅ 6 взято | 🗑️ 14 мусор
2026-06-08 20:17:00,624 | INFO     |   → 1148/1151: ✅ 0 взято | 🗑️ 0 мусор
2026-06-08 20:17:00,624 | INFO     |   → 1149/1151: ✅ 0 взято | 🗑️ 19 мусор
2026-06-08 20:17:00,624 | INFO     |   → 1150/1151: ✅ 0 взято | 🗑️ 0 мусор
2026-06-08 20:17:00,624 | INFO     |   → 1151/1151: ✅ 0 взято | 🗑️ 5 мусор
2026-06-08 20:17:00,624 | INFO     |   → ✅ ГОТОВО!
2026-06-08 20:17:00,624 | INFO     |   →    📥 Всего ключей после фильтра: 36954
2026-06-08 20:17:00,624 | INFO     |   →    🔗 Уникальных IP:PORT:SCHEME: 12152
2026-06-08 20:17:00,624 | INFO     |   →    🗑️ Выброшено мусора: 606370
2026-06-08 20:17:00,624 | INFO     |   → 📊 По протоколам:
2026-06-08 20:17:00,624 | INFO     |   →    vless: 4933
2026-06-08 20:17:00,624 | INFO     |   →    vmess: 3746
2026-06-08 20:17:00,625 | INFO     |   →    trojan: 1424
2026-06-08 20:17:00,625 | INFO     |   →    ss: 1879
2026-06-08 20:17:00,625 | INFO     |   →    hysteria: 13
2026-06-08 20:17:00,625 | INFO     |   →    hysteria2: 45
2026-06-08 20:17:00,625 | INFO     |   →    hy2: 60
2026-06-08 20:17:00,625 | INFO     |   →    tuic: 52
2026-06-08 20:17:00,625 | INFO     | ✅ mirror.py завершён успешно
2026-06-08 20:17:00,625 | INFO     | 
2026-06-08 20:17:00,625 | INFO     | 
2026-06-08 20:17:00,625 | INFO     | ──────────────────────────────────────────────────────────────────────
2026-06-08 20:17:00,625 | INFO     | 📌 ЭТАП: Фильтрация по реальному SNI
2026-06-08 20:17:00,625 | INFO     | ──────────────────────────────────────────────────────────────────────
2026-06-08 20:17:00,625 | INFO     | 🚀 Запуск filter_ru_sni.py (Фильтр по реальному SNI (CDN+RU))...
2026-06-08 20:17:00,923 | INFO     |   → hy2.txt: 60 → 19 (SNI-filtered)
2026-06-08 20:17:00,923 | INFO     |   →   hysteria.txt: 13 → 0 (SNI-filtered)
2026-06-08 20:17:00,923 | INFO     |   →   hysteria2.txt: 45 → 7 (SNI-filtered)
2026-06-08 20:17:00,923 | INFO     |   →   ss.txt: 1879 → 2 (SNI-filtered)
2026-06-08 20:17:00,924 | INFO     |   →   trojan.txt: 1424 → 11 (SNI-filtered)
2026-06-08 20:17:00,924 | INFO     |   →   tuic.txt: 52 → 0 (SNI-filtered)
2026-06-08 20:17:00,924 | INFO     |   →   vless.txt: 4933 → 783 (SNI-filtered)
2026-06-08 20:17:00,924 | INFO     |   →   vmess.txt: 3746 → 41 (SNI-filtered)
2026-06-08 20:17:00,924 | INFO     |   → ==================================================
2026-06-08 20:17:00,924 | INFO     |   →   Всего входных:  12152
2026-06-08 20:17:00,924 | INFO     |   →   Прошли фильтр:  863
2026-06-08 20:17:00,924 | INFO     |   →   Отброшено:      11289
2026-06-08 20:17:00,924 | INFO     |   → ==================================================
2026-06-08 20:17:00,924 | INFO     |   → Готово → /home/runner/work/vpn-vless-configs-russia/vpn-vless-configs-russia/githubmirror/ru-sni
2026-06-08 20:17:00,924 | INFO     | ✅ filter_ru_sni.py завершён успешно
2026-06-08 20:17:00,924 | INFO     | 
2026-06-08 20:17:00,924 | INFO     | 
2026-06-08 20:17:00,924 | INFO     | ──────────────────────────────────────────────────────────────────────
2026-06-08 20:17:00,924 | INFO     | 📌 ЭТАП: Экспериментальный RU-SNI фильтр
2026-06-08 20:17:00,924 | INFO     | ──────────────────────────────────────────────────────────────────────
2026-06-08 20:17:00,924 | INFO     | 🚀 Запуск filter_ru_sni_local.py (Экспериментальный фильтр по RU-SNI (локальные домены))...
2026-06-08 20:17:01,124 | INFO     |   → hy2.txt: 60 → 0 (RU-SNI)
2026-06-08 20:17:01,124 | INFO     |   → hysteria.txt: 13 → 0 (RU-SNI)
2026-06-08 20:17:01,124 | INFO     |   → hysteria2.txt: 45 → 0 (RU-SNI)
2026-06-08 20:17:01,124 | INFO     |   → ss.txt: 1879 → 0 (RU-SNI)
2026-06-08 20:17:01,124 | INFO     |   → trojan.txt: 1424 → 0 (RU-SNI)
2026-06-08 20:17:01,124 | INFO     |   → tuic.txt: 52 → 0 (RU-SNI)
2026-06-08 20:17:01,124 | INFO     |   → vless.txt: 4933 → 190 (RU-SNI)
2026-06-08 20:17:01,125 | INFO     |   → vmess.txt: 3746 → 0 (RU-SNI)
2026-06-08 20:17:01,125 | INFO     |   → ==================================================
2026-06-08 20:17:01,125 | INFO     |   → Всего входных:  12152
2026-06-08 20:17:01,125 | INFO     |   → Прошли RU-SNI:  190
2026-06-08 20:17:01,125 | INFO     |   → Отброшено:      11962
2026-06-08 20:17:01,125 | INFO     |   → ==================================================
2026-06-08 20:17:01,125 | INFO     |   → Готово → /home/runner/work/vpn-vless-configs-russia/vpn-vless-configs-russia/githubmirror/ru-sni-local
2026-06-08 20:17:01,125 | INFO     | ✅ filter_ru_sni_local.py завершён успешно
2026-06-08 20:17:01,125 | INFO     | 
2026-06-08 20:17:01,125 | INFO     | 
2026-06-08 20:17:01,125 | INFO     | ──────────────────────────────────────────────────────────────────────
2026-06-08 20:17:01,125 | INFO     | 📌 ЭТАП: Сбор статистики
2026-06-08 20:17:01,125 | INFO     | ──────────────────────────────────────────────────────────────────────
2026-06-08 20:17:01,125 | INFO     | 📊 Сбор статистики...
2026-06-08 20:17:01,125 | INFO     |   📁 githubmirror/clean:
2026-06-08 20:17:01,126 | INFO     |     • hy2         :    60 конфигов
2026-06-08 20:17:01,126 | INFO     |     • hysteria    :    13 конфигов
2026-06-08 20:17:01,126 | INFO     |     • hysteria2   :    45 конфигов
2026-06-08 20:17:01,127 | INFO     |     • ss          :  1879 конфигов
2026-06-08 20:17:01,129 | INFO     |     • trojan      :  1424 конфигов
2026-06-08 20:17:01,129 | INFO     |     • tuic        :    52 конфигов
2026-06-08 20:17:01,134 | INFO     |     • vless       :  4933 конфигов
2026-06-08 20:17:01,137 | INFO     |     • vmess       :  3746 конфигов
2026-06-08 20:17:01,137 | INFO     |   📁 githubmirror/ru-sni:
2026-06-08 20:17:01,137 | INFO     |     • hy2         :    19 конфигов ( 31.7% от clean)
2026-06-08 20:17:01,137 | INFO     |     • hysteria    :     0 конфигов (  0.0% от clean)
2026-06-08 20:17:01,137 | INFO     |     • hysteria2   :     7 конфигов ( 15.6% от clean)
2026-06-08 20:17:01,137 | INFO     |     • ss          :     2 конфигов (  0.1% от clean)
2026-06-08 20:17:01,138 | INFO     |     • trojan      :    11 конфигов (  0.8% от clean)
2026-06-08 20:17:01,138 | INFO     |     • tuic        :     0 конфигов (  0.0% от clean)
2026-06-08 20:17:01,139 | INFO     |     • vless       :   783 конфигов ( 15.9% от clean)
2026-06-08 20:17:01,139 | INFO     |     • vmess       :    41 конфигов (  1.1% от clean)
2026-06-08 20:17:01,139 | INFO     | 
2026-06-08 20:17:01,139 | INFO     |   ──────────────────────────────────────────────────
2026-06-08 20:17:01,139 | INFO     |   📈 ИТОГО:
2026-06-08 20:17:01,139 | INFO     |     Clean (после geo-фильтра):    12152
2026-06-08 20:17:01,139 | INFO     |     RU-SNI (после SNI-фильтра):     863
2026-06-08 20:17:01,139 | INFO     |     Прошло фильтр:                  7.1%
2026-06-08 20:17:01,139 | INFO     |   ──────────────────────────────────────────────────
2026-06-08 20:17:01,139 | INFO     | ✅ Статистика сохранена: /home/runner/work/vpn-vless-configs-russia/vpn-vless-configs-russia/stats.json
2026-06-08 20:17:01,140 | INFO     | 
2026-06-08 20:17:01,140 | INFO     | ======================================================================
2026-06-08 20:17:01,140 | INFO     | 📊 ИТОГОВЫЙ ОТЧЁТ
2026-06-08 20:17:01,140 | INFO     | ======================================================================
2026-06-08 20:17:01,140 | INFO     |   ✅ OK         | Загрузка и geo-фильтрация
2026-06-08 20:17:01,140 | INFO     |   ✅ OK         | Фильтрация по реальному SNI
2026-06-08 20:17:01,140 | INFO     |   ✅ OK         | Экспериментальный RU-SNI фильтр
2026-06-08 20:17:01,140 | INFO     |   ✅ OK         | Сбор статистики
2026-06-08 20:17:01,140 | INFO     | ──────────────────────────────────────────────────────────────────────
2026-06-08 20:17:01,140 | INFO     | ✅ ВСЕ ЭТАПЫ УСПЕШНЫ (4/4)
2026-06-08 20:17:01,140 | INFO     | ⏰ Время завершения: 2026-06-08 20:17:01
2026-06-08 20:17:01,140 | INFO     | ======================================================================
