2026-06-23 14:41:15,455 | INFO     | ======================================================================
2026-06-23 14:41:15,455 | INFO     | 🔍 VPN KEY CHECKER - Начало проверки
2026-06-23 14:41:15,455 | INFO     | ⏰ Время старта: 2026-06-23 14:41:15
2026-06-23 14:41:15,455 | INFO     | 📂 Рабочая директория: /home/runner/work/vpn-vless-configs-russia/vpn-vless-configs-russia
2026-06-23 14:41:15,456 | INFO     | ======================================================================
2026-06-23 14:41:15,456 | INFO     | 
2026-06-23 14:41:15,456 | INFO     | 🔍 Проверка наличия скриптов...
2026-06-23 14:41:15,456 | INFO     |   ✅ mirror.py
2026-06-23 14:41:15,456 | INFO     |   ✅ filter_ru_sni.py
2026-06-23 14:41:15,456 | INFO     |   ✅ filter_ru_sni_local.py
2026-06-23 14:41:15,456 | INFO     | 
2026-06-23 14:41:15,456 | INFO     | 
2026-06-23 14:41:15,456 | INFO     | ──────────────────────────────────────────────────────────────────────
2026-06-23 14:41:15,456 | INFO     | 📌 ЭТАП: Загрузка и geo-фильтрация
2026-06-23 14:41:15,456 | INFO     | ──────────────────────────────────────────────────────────────────────
2026-06-23 14:41:15,456 | INFO     | 🚀 Запуск mirror.py (Загрузка и фильтрация по РФ/СНГ/Европа)...
2026-06-23 14:47:25,060 | INFO     |   → 🚀 Старт: всего источников (старые + новые): 1273
2026-06-23 14:47:25,060 | INFO     |   → 1/1273: ✅ 4 взято | 🗑️ 147 мусор
2026-06-23 14:47:25,060 | INFO     |   → 2/1273: ✅ 0 взято | 🗑️ 0 мусор
2026-06-23 14:47:25,060 | INFO     |   → 3/1273 ❌ HTTP 404 — https://bitbucket.org/huwo1/proxy_nodes/raw/f31ca9ec67b84071515729ff45b011b6b09c10f2/clash.yaml
2026-06-23 14:47:25,060 | INFO     |   → 4/1273 ❌ HTTP 404 — https://cdn.jsdelivr.net/gh/cry0ice/genode@main/public/all.txt
2026-06-23 14:47:25,060 | INFO     |   → 5/1273 ❌ HTTP 404 — https://cdn.jsdelivr.net/gh/cry0ice/genode@main/public/ss.txt
2026-06-23 14:47:25,060 | INFO     |   → 6/1273 ❌ HTTP 404 — https://cdn.jsdelivr.net/gh/cry0ice/genode@main/public/ssr.txt
2026-06-23 14:47:25,061 | INFO     |   → 7/1273 ❌ HTTP 404 — https://cdn.jsdelivr.net/gh/cry0ice/genode@main/public/trojan.txt
2026-06-23 14:47:25,061 | INFO     |   → 8/1273 ❌ HTTP 404 — https://cdn.jsdelivr.net/gh/cry0ice/genode@main/public/vless.txt
2026-06-23 14:47:25,061 | INFO     |   → 9/1273 ❌ HTTP 404 — https://cdn.jsdelivr.net/gh/cry0ice/genode@main/public/vmess.txt
2026-06-23 14:47:25,061 | INFO     |   → 10/1273: ✅ 0 взято | 🗑️ 0 мусор
2026-06-23 14:47:25,061 | INFO     |   → 11/1273: ✅ 0 взято | 🗑️ 0 мусор
2026-06-23 14:47:25,061 | INFO     |   → 12/1273: ✅ 0 взято | 🗑️ 0 мусор
2026-06-23 14:47:25,061 | INFO     |   → 13/1273: ✅ 0 взято | 🗑️ 0 мусор
2026-06-23 14:47:25,061 | INFO     |   → 14/1273: ✅ 0 взято | 🗑️ 0 мусор
2026-06-23 14:47:25,061 | INFO     |   → 15/1273: ✅ 0 взято | 🗑️ 0 мусор
2026-06-23 14:47:25,061 | INFO     |   → 16/1273: ✅ 0 взято | 🗑️ 0 мусор
2026-06-23 14:47:25,061 | INFO     |   → 17/1273: ✅ 0 взято | 🗑️ 0 мусор
2026-06-23 14:47:25,061 | INFO     |   → 18/1273: ✅ 0 взято | 🗑️ 0 мусор
2026-06-23 14:47:25,061 | INFO     |   → 19/1273: ✅ 0 взято | 🗑️ 0 мусор
2026-06-23 14:47:25,061 | INFO     |   → 20/1273: ✅ 0 взято | 🗑️ 0 мусор
2026-06-23 14:47:25,061 | INFO     |   → 21/1273: ✅ 0 взято | 🗑️ 0 мусор
2026-06-23 14:47:25,061 | INFO     |   → 22/1273: ✅ 0 взято | 🗑️ 0 мусор
2026-06-23 14:47:25,061 | INFO     |   → 23/1273: ✅ 0 взято | 🗑️ 0 мусор
2026-06-23 14:47:25,061 | INFO     |   → 24/1273: ✅ 0 взято | 🗑️ 0 мусор
2026-06-23 14:47:25,061 | INFO     |   → 25/1273: ✅ 0 взято | 🗑️ 0 мусор
2026-06-23 14:47:25,061 | INFO     |   → 26/1273: ✅ 0 взято | 🗑️ 0 мусор
2026-06-23 14:47:25,062 | INFO     |   → 27/1273: ✅ 0 взято | 🗑️ 0 мусор
2026-06-23 14:47:25,062 | INFO     |   → 28/1273: ✅ 0 взято | 🗑️ 0 мусор
2026-06-23 14:47:25,062 | INFO     |   → 29/1273: ✅ 0 взято | 🗑️ 0 мусор
2026-06-23 14:47:25,062 | INFO     |   → 30/1273: ✅ 0 взято | 🗑️ 0 мусор
2026-06-23 14:47:25,062 | INFO     |   → 31/1273: ✅ 0 взято | 🗑️ 0 мусор
2026-06-23 14:47:25,062 | INFO     |   → 32/1273: ✅ 0 взято | 🗑️ 0 мусор
2026-06-23 14:47:25,062 | INFO     |   → 33/1273: ✅ 0 взято | 🗑️ 0 мусор
2026-06-23 14:47:25,062 | INFO     |   → 34/1273: ✅ 0 взято | 🗑️ 0 мусор
2026-06-23 14:47:25,062 | INFO     |   → 35/1273: ✅ 0 взято | 🗑️ 0 мусор
2026-06-23 14:47:25,062 | INFO     |   → 36/1273: ✅ 0 взято | 🗑️ 0 мусор
2026-06-23 14:47:25,062 | INFO     |   → 37/1273: ✅ 0 взято | 🗑️ 0 мусор
2026-06-23 14:47:25,062 | INFO     |   → 38/1273: ✅ 0 взято | 🗑️ 0 мусор
2026-06-23 14:47:25,062 | INFO     |   → 39/1273: ✅ 0 взято | 🗑️ 0 мусор
2026-06-23 14:47:25,062 | INFO     |   → 40/1273: ✅ 0 взято | 🗑️ 0 мусор
2026-06-23 14:47:25,062 | INFO     |   → 41/1273: ✅ 0 взято | 🗑️ 0 мусор
2026-06-23 14:47:25,062 | INFO     |   → 42/1273: ✅ 0 взято | 🗑️ 0 мусор
2026-06-23 14:47:25,062 | INFO     |   → 43/1273: ✅ 0 взято | 🗑️ 0 мусор
2026-06-23 14:47:25,062 | INFO     |   → 44/1273: ✅ 0 взято | 🗑️ 0 мусор
2026-06-23 14:47:25,062 | INFO     |   → 45/1273: ✅ 0 взято | 🗑️ 0 мусор
2026-06-23 14:47:25,062 | INFO     |   → 46/1273: ✅ 0 взято | 🗑️ 0 мусор
2026-06-23 14:47:25,062 | INFO     |   → 47/1273: ✅ 0 взято | 🗑️ 0 мусор
2026-06-23 14:47:25,062 | INFO     |   → 48/1273: ✅ 0 взято | 🗑️ 0 мусор
2026-06-23 14:47:25,063 | INFO     |   → 49/1273: ✅ 0 взято | 🗑️ 0 мусор
2026-06-23 14:47:25,063 | INFO     |   → 50/1273: ✅ 0 взято | 🗑️ 0 мусор
2026-06-23 14:47:25,063 | INFO     |   → 51/1273: ✅ 0 взято | 🗑️ 0 мусор
2026-06-23 14:47:25,063 | INFO     |   → 52/1273: ✅ 0 взято | 🗑️ 0 мусор
2026-06-23 14:47:25,063 | INFO     |   → 53/1273: ✅ 0 взято | 🗑️ 0 мусор
2026-06-23 14:47:25,063 | INFO     |   → 54/1273: ✅ 0 взято | 🗑️ 0 мусор
2026-06-23 14:47:25,063 | INFO     |   → 55/1273: ✅ 0 взято | 🗑️ 0 мусор
2026-06-23 14:47:25,063 | INFO     |   → 56/1273: ✅ 0 взято | 🗑️ 0 мусор
2026-06-23 14:47:25,063 | INFO     |   → 57/1273: ✅ 0 взято | 🗑️ 0 мусор
2026-06-23 14:47:25,063 | INFO     |   → 58/1273: ✅ 0 взято | 🗑️ 0 мусор
2026-06-23 14:47:25,063 | INFO     |   → 59/1273: ✅ 0 взято | 🗑️ 0 мусор
2026-06-23 14:47:25,063 | INFO     |   → 60/1273: ✅ 0 взято | 🗑️ 0 мусор
2026-06-23 14:47:25,063 | INFO     |   → 61/1273: ✅ 0 взято | 🗑️ 0 мусор
2026-06-23 14:47:25,063 | INFO     |   → 62/1273: ✅ 0 взято | 🗑️ 0 мусор
2026-06-23 14:47:25,063 | INFO     |   → 63/1273: ✅ 0 взято | 🗑️ 0 мусор
2026-06-23 14:47:25,063 | INFO     |   → 64/1273: ✅ 0 взято | 🗑️ 0 мусор
2026-06-23 14:47:25,063 | INFO     |   → 65/1273: ✅ 0 взято | 🗑️ 0 мусор
2026-06-23 14:47:25,063 | INFO     |   → 66/1273: ✅ 0 взято | 🗑️ 0 мусор
2026-06-23 14:47:25,063 | INFO     |   → 67/1273: ✅ 0 взято | 🗑️ 0 мусор
2026-06-23 14:47:25,063 | INFO     |   → 68/1273: ✅ 0 взято | 🗑️ 0 мусор
2026-06-23 14:47:25,063 | INFO     |   → 69/1273: ✅ 0 взято | 🗑️ 0 мусор
2026-06-23 14:47:25,064 | INFO     |   → 70/1273: ✅ 0 взято | 🗑️ 0 мусор
2026-06-23 14:47:25,064 | INFO     |   → 71/1273: ✅ 0 взято | 🗑️ 0 мусор
2026-06-23 14:47:25,064 | INFO     |   → 72/1273: ✅ 0 взято | 🗑️ 0 мусор
2026-06-23 14:47:25,064 | INFO     |   → 73/1273: ✅ 0 взято | 🗑️ 0 мусор
2026-06-23 14:47:25,064 | INFO     |   → 74/1273: ✅ 0 взято | 🗑️ 0 мусор
2026-06-23 14:47:25,064 | INFO     |   → 75/1273: ✅ 0 взято | 🗑️ 0 мусор
2026-06-23 14:47:25,064 | INFO     |   → 76/1273: ✅ 0 взято | 🗑️ 0 мусор
2026-06-23 14:47:25,064 | INFO     |   → 77/1273: ✅ 0 взято | 🗑️ 0 мусор
2026-06-23 14:47:25,064 | INFO     |   → 78/1273: ✅ 0 взято | 🗑️ 0 мусор
2026-06-23 14:47:25,064 | INFO     |   → 79/1273: ✅ 0 взято | 🗑️ 0 мусор
2026-06-23 14:47:25,064 | INFO     |   → 80/1273: ✅ 0 взято | 🗑️ 0 мусор
2026-06-23 14:47:25,064 | INFO     |   → 81/1273: ✅ 0 взято | 🗑️ 0 мусор
2026-06-23 14:47:25,064 | INFO     |   → 82/1273: ✅ 0 взято | 🗑️ 0 мусор
2026-06-23 14:47:25,064 | INFO     |   → 83/1273: ✅ 0 взято | 🗑️ 0 мусор
2026-06-23 14:47:25,064 | INFO     |   → 84/1273: ✅ 0 взято | 🗑️ 0 мусор
2026-06-23 14:47:25,064 | INFO     |   → 85/1273: ✅ 0 взято | 🗑️ 0 мусор
2026-06-23 14:47:25,064 | INFO     |   → 86/1273: ✅ 0 взято | 🗑️ 0 мусор
2026-06-23 14:47:25,064 | INFO     |   → 87/1273: ✅ 0 взято | 🗑️ 0 мусор
2026-06-23 14:47:25,064 | INFO     |   → 88/1273: ✅ 0 взято | 🗑️ 0 мусор
2026-06-23 14:47:25,065 | INFO     |   → 89/1273: ✅ 0 взято | 🗑️ 0 мусор
2026-06-23 14:47:25,065 | INFO     |   → 90/1273: ✅ 0 взято | 🗑️ 0 мусор
2026-06-23 14:47:25,065 | INFO     |   → 91/1273: ✅ 0 взято | 🗑️ 0 мусор
2026-06-23 14:47:25,065 | INFO     |   → 92/1273: ✅ 0 взято | 🗑️ 0 мусор
2026-06-23 14:47:25,065 | INFO     |   → 93/1273: ✅ 0 взято | 🗑️ 0 мусор
2026-06-23 14:47:25,065 | INFO     |   → 94/1273: ✅ 0 взято | 🗑️ 0 мусор
2026-06-23 14:47:25,065 | INFO     |   → 95/1273: ✅ 0 взято | 🗑️ 0 мусор
2026-06-23 14:47:25,065 | INFO     |   → 96/1273: ✅ 0 взято | 🗑️ 0 мусор
2026-06-23 14:47:25,065 | INFO     |   → 97/1273: ✅ 0 взято | 🗑️ 0 мусор
2026-06-23 14:47:25,065 | INFO     |   → 98/1273: ✅ 0 взято | 🗑️ 0 мусор
2026-06-23 14:47:25,065 | INFO     |   → 99/1273: ✅ 0 взято | 🗑️ 0 мусор
2026-06-23 14:47:25,065 | INFO     |   → 100/1273: ✅ 0 взято | 🗑️ 0 мусор
2026-06-23 14:47:25,065 | INFO     |   → 101/1273: ✅ 0 взято | 🗑️ 0 мусор
2026-06-23 14:47:25,065 | INFO     |   → 102/1273: ✅ 0 взято | 🗑️ 0 мусор
2026-06-23 14:47:25,065 | INFO     |   → 103/1273: ✅ 0 взято | 🗑️ 0 мусор
2026-06-23 14:47:25,065 | INFO     |   → 104/1273: ✅ 0 взято | 🗑️ 0 мусор
2026-06-23 14:47:25,065 | INFO     |   → 105/1273: ✅ 0 взято | 🗑️ 0 мусор
2026-06-23 14:47:25,065 | INFO     |   → 106/1273: ✅ 0 взято | 🗑️ 0 мусор
2026-06-23 14:47:25,065 | INFO     |   → 107/1273: ✅ 0 взято | 🗑️ 0 мусор
2026-06-23 14:47:25,066 | INFO     |   → 108/1273: ✅ 0 взято | 🗑️ 0 мусор
2026-06-23 14:47:25,066 | INFO     |   → 109/1273: ✅ 0 взято | 🗑️ 0 мусор
2026-06-23 14:47:25,066 | INFO     |   → 110/1273: ✅ 0 взято | 🗑️ 0 мусор
2026-06-23 14:47:25,066 | INFO     |   → 111/1273: ✅ 0 взято | 🗑️ 0 мусор
2026-06-23 14:47:25,066 | INFO     |   → 112/1273: ✅ 0 взято | 🗑️ 0 мусор
2026-06-23 14:47:25,066 | INFO     |   → 113/1273: ✅ 0 взято | 🗑️ 0 мусор
2026-06-23 14:47:25,066 | INFO     |   → 114/1273: ✅ 0 взято | 🗑️ 0 мусор
2026-06-23 14:47:25,066 | INFO     |   → 115/1273: ✅ 0 взято | 🗑️ 0 мусор
2026-06-23 14:47:25,066 | INFO     |   → 116/1273: ✅ 0 взято | 🗑️ 0 мусор
2026-06-23 14:47:25,066 | INFO     |   → 117/1273: ✅ 0 взято | 🗑️ 0 мусор
2026-06-23 14:47:25,066 | INFO     |   → 118/1273: ✅ 0 взято | 🗑️ 0 мусор
2026-06-23 14:47:25,066 | INFO     |   → 119/1273: ✅ 0 взято | 🗑️ 0 мусор
2026-06-23 14:47:25,066 | INFO     |   → 120/1273: ✅ 0 взято | 🗑️ 0 мусор
2026-06-23 14:47:25,066 | INFO     |   → 121/1273: ✅ 0 взято | 🗑️ 0 мусор
2026-06-23 14:47:25,066 | INFO     |   → 122/1273: ✅ 0 взято | 🗑️ 0 мусор
2026-06-23 14:47:25,066 | INFO     |   → 123/1273: ✅ 0 взято | 🗑️ 0 мусор
2026-06-23 14:47:25,066 | INFO     |   → 124/1273: ✅ 0 взято | 🗑️ 0 мусор
2026-06-23 14:47:25,066 | INFO     |   → 125/1273: ✅ 0 взято | 🗑️ 0 мусор
2026-06-23 14:47:25,067 | INFO     |   → 126/1273: ✅ 0 взято | 🗑️ 0 мусор
2026-06-23 14:47:25,067 | INFO     |   → 127/1273: ✅ 0 взято | 🗑️ 0 мусор
2026-06-23 14:47:25,067 | INFO     |   → 128/1273: ✅ 0 взято | 🗑️ 0 мусор
2026-06-23 14:47:25,067 | INFO     |   → 129/1273: ✅ 0 взято | 🗑️ 0 мусор
2026-06-23 14:47:25,067 | INFO     |   → 130/1273: ✅ 0 взято | 🗑️ 0 мусор
2026-06-23 14:47:25,067 | INFO     |   → 131/1273: ✅ 0 взято | 🗑️ 0 мусор
2026-06-23 14:47:25,067 | INFO     |   → 132/1273: ✅ 0 взято | 🗑️ 0 мусор
2026-06-23 14:47:25,067 | INFO     |   → 133/1273: ✅ 0 взято | 🗑️ 0 мусор
2026-06-23 14:47:25,067 | INFO     |   → 134/1273: ✅ 0 взято | 🗑️ 0 мусор
2026-06-23 14:47:25,067 | INFO     |   → 135/1273: ✅ 0 взято | 🗑️ 0 мусор
2026-06-23 14:47:25,067 | INFO     |   → 136/1273: ✅ 0 взято | 🗑️ 0 мусор
2026-06-23 14:47:25,067 | INFO     |   → 137/1273: ✅ 0 взято | 🗑️ 0 мусор
2026-06-23 14:47:25,067 | INFO     |   → 138/1273: ✅ 0 взято | 🗑️ 0 мусор
2026-06-23 14:47:25,067 | INFO     |   → 139/1273: ✅ 0 взято | 🗑️ 0 мусор
2026-06-23 14:47:25,067 | INFO     |   → 140/1273: ✅ 0 взято | 🗑️ 0 мусор
2026-06-23 14:47:25,067 | INFO     |   → 141/1273: ✅ 0 взято | 🗑️ 0 мусор
2026-06-23 14:47:25,067 | INFO     |   → 142/1273: ✅ 0 взято | 🗑️ 0 мусор
2026-06-23 14:47:25,067 | INFO     |   → 143/1273: ✅ 0 взято | 🗑️ 0 мусор
2026-06-23 14:47:25,067 | INFO     |   → 144/1273: ✅ 0 взято | 🗑️ 0 мусор
2026-06-23 14:47:25,067 | INFO     |   → 145/1273: ✅ 0 взято | 🗑️ 0 мусор
2026-06-23 14:47:25,067 | INFO     |   → 146/1273: ✅ 0 взято | 🗑️ 0 мусор
2026-06-23 14:47:25,067 | INFO     |   → 147/1273: ✅ 0 взято | 🗑️ 0 мусор
2026-06-23 14:47:25,067 | INFO     |   → 148/1273: ✅ 0 взято | 🗑️ 0 мусор
2026-06-23 14:47:25,067 | INFO     |   → 149/1273: ✅ 0 взято | 🗑️ 0 мусор
2026-06-23 14:47:25,068 | INFO     |   → 150/1273: ✅ 0 взято | 🗑️ 0 мусор
2026-06-23 14:47:25,068 | INFO     |   → 151/1273: ✅ 0 взято | 🗑️ 0 мусор
2026-06-23 14:47:25,068 | INFO     |   → 152/1273: ✅ 0 взято | 🗑️ 0 мусор
2026-06-23 14:47:25,068 | INFO     |   → 153/1273: ✅ 0 взято | 🗑️ 0 мусор
2026-06-23 14:47:25,068 | INFO     |   → 154/1273: ✅ 0 взято | 🗑️ 0 мусор
2026-06-23 14:47:25,068 | INFO     |   → 155/1273: ✅ 0 взято | 🗑️ 0 мусор
2026-06-23 14:47:25,068 | INFO     |   → 156/1273: ✅ 0 взято | 🗑️ 0 мусор
2026-06-23 14:47:25,068 | INFO     |   → 157/1273: ✅ 0 взято | 🗑️ 0 мусор
2026-06-23 14:47:25,068 | INFO     |   → 158/1273 ❌ HTTP 404 — https://freessrnode.github.io/uploads/2024/08/0-20240822.txt
2026-06-23 14:47:25,068 | INFO     |   → 159/1273 ❌ HTTP 404 — https://freessrnode.github.io/uploads/2024/08/1-20240822.txt
2026-06-23 14:47:25,068 | INFO     |   → 160/1273 ❌ HTTP 404 — https://freessrnode.github.io/uploads/2024/08/2-20240822.txt
2026-06-23 14:47:25,068 | INFO     |   → 161/1273 ❌ HTTP 404 — https://freessrnode.github.io/uploads/2024/08/3-20240822.txt
2026-06-23 14:47:25,068 | INFO     |   → 162/1273 ❌ HTTP 404 — https://freessrnode.github.io/uploads/2024/08/4-20240822.txt
2026-06-23 14:47:25,068 | INFO     |   → 163/1273 ⚠️ Ошибка: HTTPSConnectionPool(host='freevpnspy.githubrowcontent.com', port=443): Max retries exceeded with url: /2024/08/20240802_novless.yaml (Caused by NameResolutionError("HTTPSConnection(host='freevpnspy.githubrowcontent.com', port=443): Failed to resolve 'freevpnspy.githubrowcontent.com' ([Errno -2] Name or service not known)")) — https://freevpnspy.githubrowcontent.com/2024/08/20240802_novless.yaml
2026-06-23 14:47:25,068 | INFO     |   → 164/1273 ⚠️ Ошибка: HTTPSConnectionPool(host='freevpnspy.githubrowcontent.com', port=443): Max retries exceeded with url: /2024/08/20240802_vless.yaml (Caused by NameResolutionError("HTTPSConnection(host='freevpnspy.githubrowcontent.com', port=443): Failed to resolve 'freevpnspy.githubrowcontent.com' ([Errno -2] Name or service not known)")) — https://freevpnspy.githubrowcontent.com/2024/08/20240802_vless.yaml
2026-06-23 14:47:25,068 | INFO     |   → 165/1273: ✅ 0 взято | 🗑️ 0 мусор
2026-06-23 14:47:25,068 | INFO     |   → 166/1273: ✅ 5 взято | 🗑️ 166 мусор
2026-06-23 14:47:25,068 | INFO     |   → 167/1273: ✅ 14 взято | 🗑️ 292 мусор
2026-06-23 14:47:25,068 | INFO     |   → 168/1273: ✅ 0 взято | 🗑️ 115 мусор
2026-06-23 14:47:25,068 | INFO     |   → 169/1273: ✅ 14 взято | 🗑️ 218 мусор
2026-06-23 14:47:25,068 | INFO     |   → 170/1273: ✅ 7 взято | 🗑️ 148 мусор
2026-06-23 14:47:25,068 | INFO     |   → 171/1273: ✅ 0 взято | 🗑️ 0 мусор
2026-06-23 14:47:25,068 | INFO     |   → 172/1273: ✅ 10 взято | 🗑️ 232 мусор
2026-06-23 14:47:25,068 | INFO     |   → 173/1273: ✅ 4 взято | 🗑️ 151 мусор
2026-06-23 14:47:25,068 | INFO     |   → 174/1273: ✅ 0 взято | 🗑️ 0 мусор
2026-06-23 14:47:25,068 | INFO     |   → 175/1273: ✅ 0 взято | 🗑️ 0 мусор
2026-06-23 14:47:25,068 | INFO     |   → 176/1273: ✅ 0 взято | 🗑️ 0 мусор
2026-06-23 14:47:25,068 | INFO     |   → 177/1273: ✅ 0 взято | 🗑️ 0 мусор
2026-06-23 14:47:25,068 | INFO     |   → 178/1273: ✅ 0 взято | 🗑️ 0 мусор
2026-06-23 14:47:25,068 | INFO     |   → 179/1273: ✅ 0 взято | 🗑️ 0 мусор
2026-06-23 14:47:25,068 | INFO     |   → 180/1273: ✅ 7 взято | 🗑️ 113 мусор
2026-06-23 14:47:25,068 | INFO     |   → 181/1273: ✅ 0 взято | 🗑️ 0 мусор
2026-06-23 14:47:25,068 | INFO     |   → 182/1273: ✅ 0 взято | 🗑️ 0 мусор
2026-06-23 14:47:25,068 | INFO     |   → 183/1273: ✅ 0 взято | 🗑️ 0 мусор
2026-06-23 14:47:25,068 | INFO     |   → 184/1273: ✅ 1 взято | 🗑️ 169 мусор
2026-06-23 14:47:25,068 | INFO     |   → 185/1273: ✅ 0 взято | 🗑️ 0 мусор
2026-06-23 14:47:25,068 | INFO     |   → 186/1273: ✅ 5 взято | 🗑️ 211 мусор
2026-06-23 14:47:25,069 | INFO     |   → 187/1273: ✅ 0 взято | 🗑️ 0 мусор
2026-06-23 14:47:25,069 | INFO     |   → 188/1273: ✅ 1 взято | 🗑️ 213 мусор
2026-06-23 14:47:25,069 | INFO     |   → 189/1273: ✅ 0 взято | 🗑️ 0 мусор
2026-06-23 14:47:25,069 | INFO     |   → 190/1273: ✅ 0 взято | 🗑️ 0 мусор
2026-06-23 14:47:25,069 | INFO     |   → 191/1273: ✅ 1 взято | 🗑️ 226 мусор
2026-06-23 14:47:25,069 | INFO     |   → 192/1273: ✅ 3 взято | 🗑️ 152 мусор
2026-06-23 14:47:25,069 | INFO     |   → 193/1273: ✅ 0 взято | 🗑️ 0 мусор
2026-06-23 14:47:25,069 | INFO     |   → 194/1273: ✅ 0 взято | 🗑️ 0 мусор
2026-06-23 14:47:25,069 | INFO     |   → 195/1273: ✅ 3 взято | 🗑️ 99 мусор
2026-06-23 14:47:25,069 | INFO     |   → 196/1273: ✅ 0 взято | 🗑️ 0 мусор
2026-06-23 14:47:25,069 | INFO     |   → 197/1273: ✅ 0 взято | 🗑️ 300 мусор
2026-06-23 14:47:25,069 | INFO     |   → 198/1273: ✅ 0 взято | 🗑️ 0 мусор
2026-06-23 14:47:25,069 | INFO     |   → 199/1273: ✅ 0 взято | 🗑️ 142 мусор
2026-06-23 14:47:25,069 | INFO     |   → 200/1273: ✅ 2 взято | 🗑️ 124 мусор
2026-06-23 14:47:25,069 | INFO     |   → 201/1273: ✅ 0 взято | 🗑️ 0 мусор
2026-06-23 14:47:25,069 | INFO     |   → 202/1273: ✅ 0 взято | 🗑️ 0 мусор
2026-06-23 14:47:25,069 | INFO     |   → 203/1273: ✅ 1 взято | 🗑️ 104 мусор
2026-06-23 14:47:25,069 | INFO     |   → 204/1273: ✅ 0 взято | 🗑️ 193 мусор
2026-06-23 14:47:25,069 | INFO     |   → 205/1273: ✅ 2 взято | 🗑️ 115 мусор
2026-06-23 14:47:25,070 | INFO     |   → 206/1273: ✅ 7 взято | 🗑️ 179 мусор
2026-06-23 14:47:25,070 | INFO     |   → 207/1273: ✅ 0 взято | 🗑️ 0 мусор
2026-06-23 14:47:25,070 | INFO     |   → 208/1273: ✅ 0 взято | 🗑️ 0 мусор
2026-06-23 14:47:25,070 | INFO     |   → 209/1273: ✅ 0 взято | 🗑️ 125 мусор
2026-06-23 14:47:25,070 | INFO     |   → 210/1273: ✅ 11 взято | 🗑️ 225 мусор
2026-06-23 14:47:25,070 | INFO     |   → 211/1273: ✅ 0 взято | 🗑️ 296 мусор
2026-06-23 14:47:25,070 | INFO     |   → 212/1273: ✅ 1 взято | 🗑️ 141 мусор
2026-06-23 14:47:25,070 | INFO     |   → 213/1273: ✅ 1 взято | 🗑️ 279 мусор
2026-06-23 14:47:25,070 | INFO     |   → 214/1273: ✅ 0 взято | 🗑️ 96 мусор
2026-06-23 14:47:25,070 | INFO     |   → 215/1273: ✅ 0 взято | 🗑️ 130 мусор
2026-06-23 14:47:25,070 | INFO     |   → 216/1273: ✅ 2 взято | 🗑️ 105 мусор
2026-06-23 14:47:25,070 | INFO     |   → 217/1273: ✅ 0 взято | 🗑️ 0 мусор
2026-06-23 14:47:25,070 | INFO     |   → 218/1273: ✅ 3 взято | 🗑️ 268 мусор
2026-06-23 14:47:25,070 | INFO     |   → 219/1273: ✅ 0 взято | 🗑️ 248 мусор
2026-06-23 14:47:25,070 | INFO     |   → 220/1273: ✅ 0 взято | 🗑️ 0 мусор
2026-06-23 14:47:25,070 | INFO     |   → 221/1273: ✅ 1 взято | 🗑️ 139 мусор
2026-06-23 14:47:25,070 | INFO     |   → 222/1273: ✅ 1 взято | 🗑️ 109 мусор
2026-06-23 14:47:25,070 | INFO     |   → 223/1273: ✅ 0 взято | 🗑️ 0 мусор
2026-06-23 14:47:25,070 | INFO     |   → 224/1273: ✅ 0 взято | 🗑️ 0 мусор
2026-06-23 14:47:25,071 | INFO     |   → 225/1273: ✅ 0 взято | 🗑️ 0 мусор
2026-06-23 14:47:25,071 | INFO     |   → 226/1273: ✅ 0 взято | 🗑️ 0 мусор
2026-06-23 14:47:25,071 | INFO     |   → 227/1273: ✅ 0 взято | 🗑️ 137 мусор
2026-06-23 14:47:25,071 | INFO     |   → 228/1273: ✅ 0 взято | 🗑️ 0 мусор
2026-06-23 14:47:25,071 | INFO     |   → 229/1273: ✅ 0 взято | 🗑️ 0 мусор
2026-06-23 14:47:25,071 | INFO     |   → 230/1273: ✅ 0 взято | 🗑️ 198 мусор
2026-06-23 14:47:25,071 | INFO     |   → 231/1273: ✅ 0 взято | 🗑️ 0 мусор
2026-06-23 14:47:25,071 | INFO     |   → 232/1273: ✅ 0 взято | 🗑️ 0 мусор
2026-06-23 14:47:25,071 | INFO     |   → 233/1273: ✅ 0 взято | 🗑️ 112 мусор
2026-06-23 14:47:25,071 | INFO     |   → 234/1273: ✅ 0 взято | 🗑️ 0 мусор
2026-06-23 14:47:25,071 | INFO     |   → 235/1273: ✅ 0 взято | 🗑️ 0 мусор
2026-06-23 14:47:25,071 | INFO     |   → 236/1273: ✅ 0 взято | 🗑️ 0 мусор
2026-06-23 14:47:25,071 | INFO     |   → 237/1273 ❌ HTTP 404 — https://github.com/Epodonios/bulk-xray-v2ray-vless-vmess-...-configs/raw/main/sub/Albania/config.txt
2026-06-23 14:47:25,071 | INFO     |   → 238/1273 ❌ HTTP 404 — https://github.com/Epodonios/bulk-xray-v2ray-vless-vmess-...-configs/raw/main/sub/Cura%C3%A7ao/config.txt
2026-06-23 14:47:25,071 | INFO     |   → 239/1273 ❌ HTTP 404 — https://github.com/Epodonios/bulk-xray-v2ray-vless-vmess-...-configs/raw/main/sub/Finland/config.txt
2026-06-23 14:47:25,071 | INFO     |   → 240/1273 ❌ HTTP 404 — https://github.com/Epodonios/bulk-xray-v2ray-vless-vmess-...-configs/raw/main/sub/Iran/config.txt
2026-06-23 14:47:25,071 | INFO     |   → 241/1273 ❌ HTTP 404 — https://github.com/Epodonios/bulk-xray-v2ray-vless-vmess-...-configs/raw/main/sub/Netherlands/config.txt
2026-06-23 14:47:25,071 | INFO     |   → 242/1273 ❌ HTTP 404 — https://github.com/Epodonios/bulk-xray-v2ray-vless-vmess-...-configs/raw/main/sub/Norway/config.txt
2026-06-23 14:47:25,071 | INFO     |   → 243/1273 ❌ HTTP 404 — https://github.com/Epodonios/bulk-xray-v2ray-vless-vmess-...-configs/raw/main/sub/Russia/config.txt
2026-06-23 14:47:25,072 | INFO     |   → 244/1273: ✅ 13 взято | 🗑️ 70 мусор
2026-06-23 14:47:25,072 | INFO     |   → 245/1273: ✅ 0 взято | 🗑️ 4 мусор
2026-06-23 14:47:25,072 | INFO     |   → 246/1273: ✅ 0 взято | 🗑️ 7 мусор
2026-06-23 14:47:25,072 | INFO     |   → 247/1273: ✅ 0 взято | 🗑️ 51 мусор
2026-06-23 14:47:25,072 | INFO     |   → 248/1273: ✅ 0 взято | 🗑️ 8 мусор
2026-06-23 14:47:25,072 | INFO     |   → 249/1273: ✅ 0 взято | 🗑️ 0 мусор
2026-06-23 14:47:25,072 | INFO     |   → 250/1273: ✅ 17 взято | 🗑️ 119 мусор
2026-06-23 14:47:25,072 | INFO     |   → 251/1273 ❌ HTTP 404 — https://github.com/MrMohebi/xray-proxy-grabber-telegram/raw/master/collected-proxies/clash-meta/all.yaml
2026-06-23 14:47:25,072 | INFO     |   → 252/1273 ❌ HTTP 404 — https://github.com/MrMohebi/xray-proxy-grabber-telegram/raw/master/collected-proxies/row-url/all.txt
2026-06-23 14:47:25,072 | INFO     |   → 253/1273: ✅ 0 взято | 🗑️ 0 мусор
2026-06-23 14:47:25,072 | INFO     |   → 254/1273: ✅ 0 взято | 🗑️ 113 мусор
2026-06-23 14:47:25,072 | INFO     |   → 255/1273: ✅ 0 взято | 🗑️ 119 мусор
2026-06-23 14:47:25,072 | INFO     |   → 256/1273 ❌ HTTP 404 — https://github.com/abbasdvd3/abbasdvd10/73ec60de7a6c6aa6df4c14b511c1da60686891ca/ppo.txt
2026-06-23 14:47:25,072 | INFO     |   → 257/1273 ❌ HTTP 404 — https://github.com/acymz/AutoVPN/refs/heads/main/data/V2.txt
2026-06-23 14:47:25,072 | INFO     |   → 258/1273: ✅ 0 взято | 🗑️ 0 мусор
2026-06-23 14:47:25,072 | INFO     |   → 259/1273: ✅ 0 взято | 🗑️ 0 мусор
2026-06-23 14:47:25,072 | INFO     |   → 260/1273: ✅ 0 взято | 🗑️ 0 мусор
2026-06-23 14:47:25,072 | INFO     |   → 261/1273: ✅ 0 взято | 🗑️ 0 мусор
2026-06-23 14:47:25,073 | INFO     |   → 262/1273: ✅ 0 взято | 🗑️ 0 мусор
2026-06-23 14:47:25,073 | INFO     |   → 263/1273: ✅ 0 взято | 🗑️ 0 мусор
2026-06-23 14:47:25,073 | INFO     |   → 264/1273: ✅ 0 взято | 🗑️ 0 мусор
2026-06-23 14:47:25,073 | INFO     |   → 265/1273 ❌ HTTP 404 — https://github.com/mermeroo/V2RAY-FREE/raw/main/All_Configs_base64_Sub.txt
2026-06-23 14:47:25,073 | INFO     |   → 266/1273 ❌ HTTP 404 — https://github.com/mermeroo/V2RAY-FREE/raw/main/Base64/Sub1_base64.txt
2026-06-23 14:47:25,073 | INFO     |   → 267/1273 ❌ HTTP 404 — https://github.com/mermeroo/V2RAY-FREE/raw/main/Base64/Sub2_base64.txt
2026-06-23 14:47:25,073 | INFO     |   → 268/1273 ❌ HTTP 404 — https://github.com/mermeroo/V2RAY-FREE/raw/main/Base64/Sub3_base64.txt
2026-06-23 14:47:25,073 | INFO     |   → 269/1273 ❌ HTTP 404 — https://github.com/mermeroo/V2RAY-FREE/raw/main/Base64/Sub4_base64.txt
2026-06-23 14:47:25,073 | INFO     |   → 270/1273 ❌ HTTP 404 — https://github.com/mermeroo/V2RAY-FREE/raw/main/Base64/Sub5_base64.txt
2026-06-23 14:47:25,073 | INFO     |   → 271/1273 ❌ HTTP 404 — https://github.com/mermeroo/telegram-configs-collector/raw/main/protocols/hysteria
2026-06-23 14:47:25,073 | INFO     |   → 272/1273 ❌ HTTP 404 — https://github.com/mermeroo/telegram-configs-collector/raw/main/protocols/juicity
2026-06-23 14:47:25,073 | INFO     |   → 273/1273 ❌ HTTP 404 — https://github.com/mermeroo/telegram-configs-collector/raw/main/protocols/tuic
2026-06-23 14:47:25,073 | INFO     |   → 274/1273: ✅ 5 взято | 🗑️ 16 мусор
2026-06-23 14:47:25,073 | INFO     |   → 275/1273: ✅ 0 взято | 🗑️ 0 мусор
2026-06-23 14:47:25,073 | INFO     |   → 276/1273: ✅ 0 взято | 🗑️ 0 мусор
2026-06-23 14:47:25,073 | INFO     |   → 277/1273: ✅ 0 взято | 🗑️ 0 мусор
2026-06-23 14:47:25,073 | INFO     |   → 278/1273: ✅ 10 взято | 🗑️ 238 мусор
2026-06-23 14:47:25,073 | INFO     |   → 279/1273: ✅ 0 взято | 🗑️ 0 мусор
2026-06-23 14:47:25,073 | INFO     |   → 280/1273: ✅ 5 взято | 🗑️ 239 мусор
2026-06-23 14:47:25,073 | INFO     |   → 281/1273: ✅ 0 взято | 🗑️ 0 мусор
2026-06-23 14:47:25,073 | INFO     |   → 282/1273: ✅ 0 взято | 🗑️ 255 мусор
2026-06-23 14:47:25,074 | INFO     |   → 283/1273: ✅ 0 взято | 🗑️ 0 мусор
2026-06-23 14:47:25,074 | INFO     |   → 284/1273: ✅ 1 взято | 🗑️ 249 мусор
2026-06-23 14:47:25,074 | INFO     |   → 285/1273: ✅ 0 взято | 🗑️ 0 мусор
2026-06-23 14:47:25,074 | INFO     |   → 286/1273: ✅ 0 взято | 🗑️ 207 мусор
2026-06-23 14:47:25,074 | INFO     |   → 287/1273: ✅ 0 взято | 🗑️ 0 мусор
2026-06-23 14:47:25,074 | INFO     |   → 288/1273: ✅ 0 взято | 🗑️ 228 мусор
2026-06-23 14:47:25,074 | INFO     |   → 289/1273: ✅ 0 взято | 🗑️ 0 мусор
2026-06-23 14:47:25,074 | INFO     |   → 290/1273: ✅ 1 взято | 🗑️ 291 мусор
2026-06-23 14:47:25,074 | INFO     |   → 291/1273: ✅ 0 взято | 🗑️ 0 мусор
2026-06-23 14:47:25,074 | INFO     |   → 292/1273: ✅ 3 взято | 🗑️ 221 мусор
2026-06-23 14:47:25,074 | INFO     |   → 293/1273: ✅ 0 взято | 🗑️ 0 мусор
2026-06-23 14:47:25,074 | INFO     |   → 294/1273: ✅ 1 взято | 🗑️ 222 мусор
2026-06-23 14:47:25,074 | INFO     |   → 295/1273: ✅ 0 взято | 🗑️ 0 мусор
2026-06-23 14:47:25,074 | INFO     |   → 296/1273: ✅ 1 взято | 🗑️ 218 мусор
2026-06-23 14:47:25,074 | INFO     |   → 297/1273: ✅ 0 взято | 🗑️ 0 мусор
2026-06-23 14:47:25,074 | INFO     |   → 298/1273: ✅ 0 взято | 🗑️ 193 мусор
2026-06-23 14:47:25,074 | INFO     |   → 299/1273: ✅ 0 взято | 🗑️ 0 мусор
2026-06-23 14:47:25,074 | INFO     |   → 300/1273: ✅ 0 взято | 🗑️ 290 мусор
2026-06-23 14:47:25,074 | INFO     |   → 301/1273: ✅ 0 взято | 🗑️ 0 мусор
2026-06-23 14:47:25,075 | INFO     |   → 302/1273: ✅ 0 взято | 🗑️ 238 мусор
2026-06-23 14:47:25,075 | INFO     |   → 303/1273: ✅ 0 взято | 🗑️ 0 мусор
2026-06-23 14:47:25,075 | INFO     |   → 304/1273: ✅ 1 взято | 🗑️ 221 мусор
2026-06-23 14:47:25,075 | INFO     |   → 305/1273: ✅ 0 взято | 🗑️ 0 мусор
2026-06-23 14:47:25,075 | INFO     |   → 306/1273: ✅ 0 взято | 🗑️ 248 мусор
2026-06-23 14:47:25,075 | INFO     |   → 307/1273: ✅ 0 взято | 🗑️ 0 мусор
2026-06-23 14:47:25,075 | INFO     |   → 308/1273: ✅ 0 взято | 🗑️ 203 мусор
2026-06-23 14:47:25,075 | INFO     |   → 309/1273: ✅ 0 взято | 🗑️ 0 мусор
2026-06-23 14:47:25,075 | INFO     |   → 310/1273: ✅ 0 взято | 🗑️ 208 мусор
2026-06-23 14:47:25,075 | INFO     |   → 311/1273: ✅ 0 взято | 🗑️ 0 мусор
2026-06-23 14:47:25,075 | INFO     |   → 312/1273: ✅ 2 взято | 🗑️ 209 мусор
2026-06-23 14:47:25,075 | INFO     |   → 313/1273: ✅ 0 взято | 🗑️ 0 мусор
2026-06-23 14:47:25,075 | INFO     |   → 314/1273: ✅ 0 взято | 🗑️ 258 мусор
2026-06-23 14:47:25,075 | INFO     |   → 315/1273: ✅ 0 взято | 🗑️ 0 мусор
2026-06-23 14:47:25,075 | INFO     |   → 316/1273: ✅ 0 взято | 🗑️ 296 мусор
2026-06-23 14:47:25,075 | INFO     |   → 317/1273: ✅ 0 взято | 🗑️ 0 мусор
2026-06-23 14:47:25,075 | INFO     |   → 318/1273: ✅ 1 взято | 🗑️ 286 мусор
2026-06-23 14:47:25,075 | INFO     |   → 319/1273: ✅ 0 взято | 🗑️ 0 мусор
2026-06-23 14:47:25,075 | INFO     |   → 320/1273: ✅ 0 взято | 🗑️ 195 мусор
2026-06-23 14:47:25,076 | INFO     |   → 321/1273: ✅ 0 взято | 🗑️ 0 мусор
2026-06-23 14:47:25,076 | INFO     |   → 322/1273: ✅ 0 взято | 🗑️ 170 мусор
2026-06-23 14:47:25,076 | INFO     |   → 323/1273: ✅ 0 взято | 🗑️ 0 мусор
2026-06-23 14:47:25,076 | INFO     |   → 324/1273: ✅ 0 взято | 🗑️ 160 мусор
2026-06-23 14:47:25,076 | INFO     |   → 325/1273: ✅ 0 взято | 🗑️ 0 мусор
2026-06-23 14:47:25,076 | INFO     |   → 326/1273: ✅ 0 взято | 🗑️ 121 мусор
2026-06-23 14:47:25,076 | INFO     |   → 327/1273: ✅ 0 взято | 🗑️ 0 мусор
2026-06-23 14:47:25,076 | INFO     |   → 328/1273: ✅ 0 взято | 🗑️ 135 мусор
2026-06-23 14:47:25,076 | INFO     |   → 329/1273: ✅ 0 взято | 🗑️ 0 мусор
2026-06-23 14:47:25,076 | INFO     |   → 330/1273: ✅ 1 взято | 🗑️ 129 мусор
2026-06-23 14:47:25,076 | INFO     |   → 331/1273: ✅ 0 взято | 🗑️ 0 мусор
2026-06-23 14:47:25,076 | INFO     |   → 332/1273: ✅ 0 взято | 🗑️ 189 мусор
2026-06-23 14:47:25,076 | INFO     |   → 333/1273: ✅ 0 взято | 🗑️ 0 мусор
2026-06-23 14:47:25,076 | INFO     |   → 334/1273: ✅ 3 взято | 🗑️ 147 мусор
2026-06-23 14:47:25,076 | INFO     |   → 335/1273: ✅ 0 взято | 🗑️ 0 мусор
2026-06-23 14:47:25,076 | INFO     |   → 336/1273: ✅ 1 взято | 🗑️ 183 мусор
2026-06-23 14:47:25,076 | INFO     |   → 337/1273: ✅ 0 взято | 🗑️ 0 мусор
2026-06-23 14:47:25,076 | INFO     |   → 338/1273: ✅ 0 взято | 🗑️ 155 мусор
2026-06-23 14:47:25,077 | INFO     |   → 339/1273: ✅ 0 взято | 🗑️ 0 мусор
2026-06-23 14:47:25,077 | INFO     |   → 340/1273: ✅ 0 взято | 🗑️ 114 мусор
2026-06-23 14:47:25,077 | INFO     |   → 341/1273: ✅ 0 взято | 🗑️ 0 мусор
2026-06-23 14:47:25,077 | INFO     |   → 342/1273: ✅ 0 взято | 🗑️ 239 мусор
2026-06-23 14:47:25,077 | INFO     |   → 343/1273: ✅ 0 взято | 🗑️ 0 мусор
2026-06-23 14:47:25,077 | INFO     |   → 344/1273: ✅ 0 взято | 🗑️ 204 мусор
2026-06-23 14:47:25,077 | INFO     |   → 345/1273: ✅ 0 взято | 🗑️ 0 мусор
2026-06-23 14:47:25,077 | INFO     |   → 346/1273: ✅ 0 взято | 🗑️ 232 мусор
2026-06-23 14:47:25,077 | INFO     |   → 347/1273: ✅ 0 взято | 🗑️ 0 мусор
2026-06-23 14:47:25,077 | INFO     |   → 348/1273: ✅ 0 взято | 🗑️ 192 мусор
2026-06-23 14:47:25,077 | INFO     |   → 349/1273: ✅ 0 взято | 🗑️ 0 мусор
2026-06-23 14:47:25,077 | INFO     |   → 350/1273: ✅ 0 взято | 🗑️ 183 мусор
2026-06-23 14:47:25,077 | INFO     |   → 351/1273: ✅ 0 взято | 🗑️ 0 мусор
2026-06-23 14:47:25,077 | INFO     |   → 352/1273: ✅ 0 взято | 🗑️ 169 мусор
2026-06-23 14:47:25,077 | INFO     |   → 353/1273: ✅ 0 взято | 🗑️ 0 мусор
2026-06-23 14:47:25,077 | INFO     |   → 354/1273: ✅ 0 взято | 🗑️ 167 мусор
2026-06-23 14:47:25,077 | INFO     |   → 355/1273: ✅ 0 взято | 🗑️ 0 мусор
2026-06-23 14:47:25,077 | INFO     |   → 356/1273: ✅ 0 взято | 🗑️ 193 мусор
2026-06-23 14:47:25,077 | INFO     |   → 357/1273: ✅ 0 взято | 🗑️ 0 мусор
2026-06-23 14:47:25,078 | INFO     |   → 358/1273: ✅ 1 взято | 🗑️ 161 мусор
2026-06-23 14:47:25,078 | INFO     |   → 359/1273: ✅ 0 взято | 🗑️ 0 мусор
2026-06-23 14:47:25,078 | INFO     |   → 360/1273: ✅ 0 взято | 🗑️ 171 мусор
2026-06-23 14:47:25,078 | INFO     |   → 361/1273: ✅ 0 взято | 🗑️ 0 мусор
2026-06-23 14:47:25,078 | INFO     |   → 362/1273: ✅ 0 взято | 🗑️ 174 мусор
2026-06-23 14:47:25,078 | INFO     |   → 363/1273: ✅ 0 взято | 🗑️ 0 мусор
2026-06-23 14:47:25,078 | INFO     |   → 364/1273: ✅ 0 взято | 🗑️ 206 мусор
2026-06-23 14:47:25,078 | INFO     |   → 365/1273: ✅ 0 взято | 🗑️ 0 мусор
2026-06-23 14:47:25,078 | INFO     |   → 366/1273: ✅ 0 взято | 🗑️ 170 мусор
2026-06-23 14:47:25,078 | INFO     |   → 367/1273: ✅ 0 взято | 🗑️ 0 мусор
2026-06-23 14:47:25,078 | INFO     |   → 368/1273: ✅ 1 взято | 🗑️ 196 мусор
2026-06-23 14:47:25,078 | INFO     |   → 369/1273: ✅ 0 взято | 🗑️ 0 мусор
2026-06-23 14:47:25,078 | INFO     |   → 370/1273: ✅ 0 взято | 🗑️ 208 мусор
2026-06-23 14:47:25,078 | INFO     |   → 371/1273: ✅ 0 взято | 🗑️ 0 мусор
2026-06-23 14:47:25,078 | INFO     |   → 372/1273: ✅ 0 взято | 🗑️ 162 мусор
2026-06-23 14:47:25,078 | INFO     |   → 373/1273: ✅ 0 взято | 🗑️ 0 мусор
2026-06-23 14:47:25,078 | INFO     |   → 374/1273: ✅ 0 взято | 🗑️ 116 мусор
2026-06-23 14:47:25,078 | INFO     |   → 375/1273: ✅ 0 взято | 🗑️ 0 мусор
2026-06-23 14:47:25,079 | INFO     |   → 376/1273: ✅ 0 взято | 🗑️ 132 мусор
2026-06-23 14:47:25,079 | INFO     |   → 377/1273: ✅ 0 взято | 🗑️ 0 мусор
2026-06-23 14:47:25,079 | INFO     |   → 378/1273: ✅ 0 взято | 🗑️ 132 мусор
2026-06-23 14:47:25,079 | INFO     |   → 379/1273: ✅ 0 взято | 🗑️ 0 мусор
2026-06-23 14:47:25,079 | INFO     |   → 380/1273: ✅ 1 взято | 🗑️ 113 мусор
2026-06-23 14:47:25,079 | INFO     |   → 381/1273: ✅ 0 взято | 🗑️ 0 мусор
2026-06-23 14:47:25,079 | INFO     |   → 382/1273: ✅ 0 взято | 🗑️ 103 мусор
2026-06-23 14:47:25,079 | INFO     |   → 383/1273: ✅ 0 взято | 🗑️ 0 мусор
2026-06-23 14:47:25,079 | INFO     |   → 384/1273: ✅ 3 взято | 🗑️ 213 мусор
2026-06-23 14:47:25,079 | INFO     |   → 385/1273: ✅ 0 взято | 🗑️ 0 мусор
2026-06-23 14:47:25,079 | INFO     |   → 386/1273: ✅ 1 взято | 🗑️ 130 мусор
2026-06-23 14:47:25,079 | INFO     |   → 387/1273: ✅ 0 взято | 🗑️ 0 мусор
2026-06-23 14:47:25,079 | INFO     |   → 388/1273: ✅ 0 взято | 🗑️ 135 мусор
2026-06-23 14:47:25,079 | INFO     |   → 389/1273: ✅ 0 взято | 🗑️ 0 мусор
2026-06-23 14:47:25,079 | INFO     |   → 390/1273: ✅ 0 взято | 🗑️ 145 мусор
2026-06-23 14:47:25,079 | INFO     |   → 391/1273: ✅ 0 взято | 🗑️ 0 мусор
2026-06-23 14:47:25,079 | INFO     |   → 392/1273: ✅ 0 взято | 🗑️ 157 мусор
2026-06-23 14:47:25,079 | INFO     |   → 393/1273: ✅ 0 взято | 🗑️ 0 мусор
2026-06-23 14:47:25,079 | INFO     |   → 394/1273: ✅ 0 взято | 🗑️ 131 мусор
2026-06-23 14:47:25,080 | INFO     |   → 395/1273: ✅ 0 взято | 🗑️ 0 мусор
2026-06-23 14:47:25,080 | INFO     |   → 396/1273: ✅ 1 взято | 🗑️ 124 мусор
2026-06-23 14:47:25,080 | INFO     |   → 397/1273: ✅ 0 взято | 🗑️ 0 мусор
2026-06-23 14:47:25,080 | INFO     |   → 398/1273: ✅ 2 взято | 🗑️ 189 мусор
2026-06-23 14:47:25,080 | INFO     |   → 399/1273: ✅ 0 взято | 🗑️ 0 мусор
2026-06-23 14:47:25,080 | INFO     |   → 400/1273: ✅ 1 взято | 🗑️ 279 мусор
2026-06-23 14:47:25,080 | INFO     |   → 401/1273: ✅ 0 взято | 🗑️ 0 мусор
2026-06-23 14:47:25,080 | INFO     |   → 402/1273: ✅ 0 взято | 🗑️ 270 мусор
2026-06-23 14:47:25,080 | INFO     |   → 403/1273: ✅ 0 взято | 🗑️ 0 мусор
2026-06-23 14:47:25,080 | INFO     |   → 404/1273: ✅ 0 взято | 🗑️ 161 мусор
2026-06-23 14:47:25,080 | INFO     |   → 405/1273: ✅ 0 взято | 🗑️ 0 мусор
2026-06-23 14:47:25,080 | INFO     |   → 406/1273: ✅ 3 взято | 🗑️ 117 мусор
2026-06-23 14:47:25,080 | INFO     |   → 407/1273: ✅ 0 взято | 🗑️ 0 мусор
2026-06-23 14:47:25,080 | INFO     |   → 408/1273: ✅ 0 взято | 🗑️ 100 мусор
2026-06-23 14:47:25,080 | INFO     |   → 409/1273: ✅ 0 взято | 🗑️ 0 мусор
2026-06-23 14:47:25,080 | INFO     |   → 410/1273: ✅ 1 взято | 🗑️ 171 мусор
2026-06-23 14:47:25,080 | INFO     |   → 411/1273: ✅ 0 взято | 🗑️ 0 мусор
2026-06-23 14:47:25,080 | INFO     |   → 412/1273: ✅ 0 взято | 🗑️ 202 мусор
2026-06-23 14:47:25,080 | INFO     |   → 413/1273: ✅ 0 взято | 🗑️ 0 мусор
2026-06-23 14:47:25,080 | INFO     |   → 414/1273: ✅ 0 взято | 🗑️ 138 мусор
2026-06-23 14:47:25,081 | INFO     |   → 415/1273: ✅ 0 взято | 🗑️ 0 мусор
2026-06-23 14:47:25,081 | INFO     |   → 416/1273: ✅ 0 взято | 🗑️ 236 мусор
2026-06-23 14:47:25,081 | INFO     |   → 417/1273: ✅ 0 взято | 🗑️ 0 мусор
2026-06-23 14:47:25,081 | INFO     |   → 418/1273: ✅ 0 взято | 🗑️ 192 мусор
2026-06-23 14:47:25,081 | INFO     |   → 419/1273: ✅ 0 взято | 🗑️ 0 мусор
2026-06-23 14:47:25,081 | INFO     |   → 420/1273: ✅ 1 взято | 🗑️ 174 мусор
2026-06-23 14:47:25,081 | INFO     |   → 421/1273: ✅ 0 взято | 🗑️ 0 мусор
2026-06-23 14:47:25,081 | INFO     |   → 422/1273: ✅ 0 взято | 🗑️ 149 мусор
2026-06-23 14:47:25,081 | INFO     |   → 423/1273: ✅ 0 взято | 🗑️ 0 мусор
2026-06-23 14:47:25,081 | INFO     |   → 424/1273: ✅ 0 взято | 🗑️ 147 мусор
2026-06-23 14:47:25,081 | INFO     |   → 425/1273: ✅ 0 взято | 🗑️ 0 мусор
2026-06-23 14:47:25,081 | INFO     |   → 426/1273: ✅ 2 взято | 🗑️ 196 мусор
2026-06-23 14:47:25,081 | INFO     |   → 427/1273: ✅ 0 взято | 🗑️ 0 мусор
2026-06-23 14:47:25,081 | INFO     |   → 428/1273: ✅ 2 взято | 🗑️ 277 мусор
2026-06-23 14:47:25,081 | INFO     |   → 429/1273: ✅ 0 взято | 🗑️ 0 мусор
2026-06-23 14:47:25,081 | INFO     |   → 430/1273 ⚠️ Ошибка: HTTPSConnectionPool(host='ivuxy.tech', port=443): Max retries exceeded with url: /v.txt (Caused by NameResolutionError("HTTPSConnection(host='ivuxy.tech', port=443): Failed to resolve 'ivuxy.tech' ([Errno -2] Name or service not known)")) — https://ivuxy.tech/v.txt
2026-06-23 14:47:25,081 | INFO     |   → 431/1273 ⚠️ Ошибка: HTTPSConnectionPool(host='mirror.ghproxy.com', port=443): Max retries exceeded with url: /https://raw.githubusercontent.com/Barabama/FreeNodes/master/nodes/blues.txt (Caused by NameResolutionError("HTTPSConnection(host='mirror.ghproxy.com', port=443): Failed to resolve 'mirror.ghproxy.com' ([Errno -2] Name or service not known)")) — https://mirror.ghproxy.com/https://raw.githubusercontent.com/Barabama/FreeNodes/master/nodes/blues.txt
2026-06-23 14:47:25,081 | INFO     |   → 432/1273 ⚠️ Ошибка: HTTPSConnectionPool(host='mirror.ghproxy.com', port=443): Max retries exceeded with url: /https://raw.githubusercontent.com/Barabama/FreeNodes/master/nodes/halekj.txt (Caused by NameResolutionError("HTTPSConnection(host='mirror.ghproxy.com', port=443): Failed to resolve 'mirror.ghproxy.com' ([Errno -2] Name or service not known)")) — https://mirror.ghproxy.com/https://raw.githubusercontent.com/Barabama/FreeNodes/master/nodes/halekj.txt
2026-06-23 14:47:25,081 | INFO     |   → 433/1273 ⚠️ Ошибка: HTTPSConnectionPool(host='mirror.ghproxy.com', port=443): Max retries exceeded with url: /https://raw.githubusercontent.com/Barabama/FreeNodes/master/nodes/kkzui.txt (Caused by NameResolutionError("HTTPSConnection(host='mirror.ghproxy.com', port=443): Failed to resolve 'mirror.ghproxy.com' ([Errno -2] Name or service not known)")) — https://mirror.ghproxy.com/https://raw.githubusercontent.com/Barabama/FreeNodes/master/nodes/kkzui.txt
2026-06-23 14:47:25,082 | INFO     |   → 434/1273 ⚠️ Ошибка: HTTPSConnectionPool(host='mirror.ghproxy.com', port=443): Max retries exceeded with url: /https://raw.githubusercontent.com/Barabama/FreeNodes/master/nodes/merged.txt (Caused by NameResolutionError("HTTPSConnection(host='mirror.ghproxy.com', port=443): Failed to resolve 'mirror.ghproxy.com' ([Errno -2] Name or service not known)")) — https://mirror.ghproxy.com/https://raw.githubusercontent.com/Barabama/FreeNodes/master/nodes/merged.txt
2026-06-23 14:47:25,082 | INFO     |   → 435/1273 ⚠️ Ошибка: HTTPSConnectionPool(host='mirror.ghproxy.com', port=443): Max retries exceeded with url: /https://raw.githubusercontent.com/Barabama/FreeNodes/master/nodes/nodefree.txt (Caused by NameResolutionError("HTTPSConnection(host='mirror.ghproxy.com', port=443): Failed to resolve 'mirror.ghproxy.com' ([Errno -2] Name or service not known)")) — https://mirror.ghproxy.com/https://raw.githubusercontent.com/Barabama/FreeNodes/master/nodes/nodefree.txt
2026-06-23 14:47:25,082 | INFO     |   → 436/1273 ⚠️ Ошибка: HTTPSConnectionPool(host='mirror.ghproxy.com', port=443): Max retries exceeded with url: /https://raw.githubusercontent.com/Barabama/FreeNodes/master/nodes/openrunner.txt (Caused by NameResolutionError("HTTPSConnection(host='mirror.ghproxy.com', port=443): Failed to resolve 'mirror.ghproxy.com' ([Errno -2] Name or service not known)")) — https://mirror.ghproxy.com/https://raw.githubusercontent.com/Barabama/FreeNodes/master/nodes/openrunner.txt
2026-06-23 14:47:25,082 | INFO     |   → 437/1273 ⚠️ Ошибка: HTTPSConnectionPool(host='mirror.ghproxy.com', port=443): Max retries exceeded with url: /https://raw.githubusercontent.com/Barabama/FreeNodes/master/nodes/v2rayshare.txt (Caused by NameResolutionError("HTTPSConnection(host='mirror.ghproxy.com', port=443): Failed to resolve 'mirror.ghproxy.com' ([Errno -2] Name or service not known)")) — https://mirror.ghproxy.com/https://raw.githubusercontent.com/Barabama/FreeNodes/master/nodes/v2rayshare.txt
2026-06-23 14:47:25,082 | INFO     |   → 438/1273 ⚠️ Ошибка: HTTPSConnectionPool(host='mirror.ghproxy.com', port=443): Max retries exceeded with url: /https://raw.githubusercontent.com/Barabama/FreeNodes/master/nodes/wenode.txt (Caused by NameResolutionError("HTTPSConnection(host='mirror.ghproxy.com', port=443): Failed to resolve 'mirror.ghproxy.com' ([Errno -2] Name or service not known)")) — https://mirror.ghproxy.com/https://raw.githubusercontent.com/Barabama/FreeNodes/master/nodes/wenode.txt
2026-06-23 14:47:25,082 | INFO     |   → 439/1273 ⚠️ Ошибка: HTTPSConnectionPool(host='mirror.ghproxy.com', port=443): Max retries exceeded with url: /https://raw.githubusercontent.com/Barabama/FreeNodes/master/nodes/yudou66.txt (Caused by NameResolutionError("HTTPSConnection(host='mirror.ghproxy.com', port=443): Failed to resolve 'mirror.ghproxy.com' ([Errno -2] Name or service not known)")) — https://mirror.ghproxy.com/https://raw.githubusercontent.com/Barabama/FreeNodes/master/nodes/yudou66.txt
2026-06-23 14:47:25,082 | INFO     |   → 440/1273: ✅ 7 взято | 🗑️ 17 мусор
2026-06-23 14:47:25,082 | INFO     |   → 441/1273: ✅ 0 взято | 🗑️ 17 мусор
2026-06-23 14:47:25,082 | INFO     |   → 442/1273: ✅ 14 взято | 🗑️ 14 мусор
2026-06-23 14:47:25,082 | INFO     |   → 443/1273: ✅ 0 взято | 🗑️ 14 мусор
2026-06-23 14:47:25,082 | INFO     |   → 444/1273: ✅ 0 взято | 🗑️ 14 мусор
2026-06-23 14:47:25,082 | INFO     |   → 445/1273: ✅ 0 взято | 🗑️ 14 мусор
2026-06-23 14:47:25,082 | INFO     |   → 446/1273: ✅ 0 взято | 🗑️ 14 мусор
2026-06-23 14:47:25,082 | INFO     |   → 447/1273: ✅ 0 взято | 🗑️ 14 мусор
2026-06-23 14:47:25,082 | INFO     |   → 448/1273: ✅ 0 взято | 🗑️ 14 мусор
2026-06-23 14:47:25,082 | INFO     |   → 449/1273: ✅ 0 взято | 🗑️ 14 мусор
2026-06-23 14:47:25,082 | INFO     |   → 450/1273: ✅ 0 взято | 🗑️ 14 мусор
2026-06-23 14:47:25,082 | INFO     |   → 451/1273: ✅ 7 взято | 🗑️ 21 мусор
2026-06-23 14:47:25,082 | INFO     |   → 452/1273: ✅ 0 взято | 🗑️ 21 мусор
2026-06-23 14:47:25,083 | INFO     |   → 453/1273: ✅ 0 взято | 🗑️ 21 мусор
2026-06-23 14:47:25,083 | INFO     |   → 454/1273: ✅ 0 взято | 🗑️ 21 мусор
2026-06-23 14:47:25,083 | INFO     |   → 455/1273: ✅ 0 взято | 🗑️ 21 мусор
2026-06-23 14:47:25,083 | INFO     |   → 456/1273: ✅ 0 взято | 🗑️ 21 мусор
2026-06-23 14:47:25,083 | INFO     |   → 457/1273: ✅ 0 взято | 🗑️ 21 мусор
2026-06-23 14:47:25,083 | INFO     |   → 458/1273: ✅ 0 взято | 🗑️ 21 мусор
2026-06-23 14:47:25,083 | INFO     |   → 459/1273: ✅ 0 взято | 🗑️ 21 мусор
2026-06-23 14:47:25,083 | INFO     |   → 460/1273: ✅ 0 взято | 🗑️ 21 мусор
2026-06-23 14:47:25,083 | INFO     |   → 461/1273: ✅ 0 взято | 🗑️ 21 мусор
2026-06-23 14:47:25,083 | INFO     |   → 462/1273: ✅ 5 взято | 🗑️ 15 мусор
2026-06-23 14:47:25,083 | INFO     |   → 463/1273: ✅ 0 взято | 🗑️ 15 мусор
2026-06-23 14:47:25,083 | INFO     |   → 464/1273: ✅ 0 взято | 🗑️ 15 мусор
2026-06-23 14:47:25,083 | INFO     |   → 465/1273: ✅ 0 взято | 🗑️ 15 мусор
2026-06-23 14:47:25,083 | INFO     |   → 466/1273: ✅ 0 взято | 🗑️ 15 мусор
2026-06-23 14:47:25,083 | INFO     |   → 467/1273: ✅ 0 взято | 🗑️ 15 мусор
2026-06-23 14:47:25,083 | INFO     |   → 468/1273: ✅ 0 взято | 🗑️ 15 мусор
2026-06-23 14:47:25,083 | INFO     |   → 469/1273: ✅ 0 взято | 🗑️ 15 мусор
2026-06-23 14:47:25,083 | INFO     |   → 470/1273: ✅ 0 взято | 🗑️ 15 мусор
2026-06-23 14:47:25,084 | INFO     |   → 471/1273: ✅ 0 взято | 🗑️ 14 мусор
2026-06-23 14:47:25,084 | INFO     |   → 472/1273: ✅ 0 взято | 🗑️ 14 мусор
2026-06-23 14:47:25,084 | INFO     |   → 473/1273: ✅ 0 взято | 🗑️ 14 мусор
2026-06-23 14:47:25,084 | INFO     |   → 474/1273: ✅ 0 взято | 🗑️ 14 мусор
2026-06-23 14:47:25,084 | INFO     |   → 475/1273: ✅ 6 взято | 🗑️ 17 мусор
2026-06-23 14:47:25,084 | INFO     |   → 476/1273: ✅ 0 взято | 🗑️ 17 мусор
2026-06-23 14:47:25,084 | INFO     |   → 477/1273: ✅ 0 взято | 🗑️ 17 мусор
2026-06-23 14:47:25,084 | INFO     |   → 478/1273: ✅ 0 взято | 🗑️ 17 мусор
2026-06-23 14:47:25,084 | INFO     |   → 479/1273: ✅ 0 взято | 🗑️ 17 мусор
2026-06-23 14:47:25,084 | INFO     |   → 480/1273: ✅ 0 взято | 🗑️ 17 мусор
2026-06-23 14:47:25,084 | INFO     |   → 481/1273: ✅ 6 взято | 🗑️ 24 мусор
2026-06-23 14:47:25,084 | INFO     |   → 482/1273: ✅ 0 взято | 🗑️ 24 мусор
2026-06-23 14:47:25,084 | INFO     |   → 483/1273: ✅ 0 взято | 🗑️ 24 мусор
2026-06-23 14:47:25,084 | INFO     |   → 484/1273: ✅ 0 взято | 🗑️ 24 мусор
2026-06-23 14:47:25,084 | INFO     |   → 485/1273: ✅ 0 взято | 🗑️ 24 мусор
2026-06-23 14:47:25,084 | INFO     |   → 486/1273: ✅ 0 взято | 🗑️ 24 мусор
2026-06-23 14:47:25,084 | INFO     |   → 487/1273: ✅ 0 взято | 🗑️ 24 мусор
2026-06-23 14:47:25,084 | INFO     |   → 488/1273: ✅ 0 взято | 🗑️ 24 мусор
2026-06-23 14:47:25,084 | INFO     |   → 489/1273: ✅ 0 взято | 🗑️ 24 мусор
2026-06-23 14:47:25,085 | INFO     |   → 490/1273: ✅ 0 взято | 🗑️ 24 мусор
2026-06-23 14:47:25,085 | INFO     |   → 491/1273: ✅ 0 взято | 🗑️ 24 мусор
2026-06-23 14:47:25,085 | INFO     |   → 492/1273: ✅ 13 взято | 🗑️ 7 мусор
2026-06-23 14:47:25,085 | INFO     |   → 493/1273: ✅ 0 взято | 🗑️ 7 мусор
2026-06-23 14:47:25,085 | INFO     |   → 494/1273: ✅ 0 взято | 🗑️ 7 мусор
2026-06-23 14:47:25,085 | INFO     |   → 495/1273: ✅ 0 взято | 🗑️ 7 мусор
2026-06-23 14:47:25,085 | INFO     |   → 496/1273: ✅ 0 взято | 🗑️ 7 мусор
2026-06-23 14:47:25,085 | INFO     |   → 497/1273: ✅ 0 взято | 🗑️ 7 мусор
2026-06-23 14:47:25,085 | INFO     |   → 498/1273: ✅ 0 взято | 🗑️ 7 мусор
2026-06-23 14:47:25,085 | INFO     |   → 499/1273: ✅ 0 взято | 🗑️ 7 мусор
2026-06-23 14:47:25,085 | INFO     |   → 500/1273: ✅ 0 взято | 🗑️ 7 мусор
2026-06-23 14:47:25,085 | INFO     |   → 501/1273: ✅ 0 взято | 🗑️ 7 мусор
2026-06-23 14:47:25,085 | INFO     |   → 502/1273: ✅ 5 взято | 🗑️ 9 мусор
2026-06-23 14:47:25,085 | INFO     |   → 503/1273: ✅ 0 взято | 🗑️ 9 мусор
2026-06-23 14:47:25,085 | INFO     |   → 504/1273: ✅ 0 взято | 🗑️ 9 мусор
2026-06-23 14:47:25,085 | INFO     |   → 505/1273: ✅ 0 взято | 🗑️ 9 мусор
2026-06-23 14:47:25,085 | INFO     |   → 506/1273: ✅ 0 взято | 🗑️ 9 мусор
2026-06-23 14:47:25,085 | INFO     |   → 507/1273: ✅ 0 взято | 🗑️ 9 мусор
2026-06-23 14:47:25,086 | INFO     |   → 508/1273: ✅ 0 взято | 🗑️ 9 мусор
2026-06-23 14:47:25,086 | INFO     |   → 509/1273: ✅ 0 взято | 🗑️ 9 мусор
2026-06-23 14:47:25,086 | INFO     |   → 510/1273: ✅ 0 взято | 🗑️ 9 мусор
2026-06-23 14:47:25,086 | INFO     |   → 511/1273: ✅ 0 взято | 🗑️ 9 мусор
2026-06-23 14:47:25,086 | INFO     |   → 512/1273: ✅ 13 взято | 🗑️ 10 мусор
2026-06-23 14:47:25,086 | INFO     |   → 513/1273: ✅ 0 взято | 🗑️ 10 мусор
2026-06-23 14:47:25,086 | INFO     |   → 514/1273: ✅ 0 взято | 🗑️ 10 мусор
2026-06-23 14:47:25,086 | INFO     |   → 515/1273 ⚠️ Ошибка: HTTPSConnectionPool(host='nodefree.githubrowcontent.com', port=443): Max retries exceeded with url: /2024/07/20240705.yaml (Caused by NameResolutionError("HTTPSConnection(host='nodefree.githubrowcontent.com', port=443): Failed to resolve 'nodefree.githubrowcontent.com' ([Errno -2] Name or service not known)")) — https://nodefree.org/dy/2023/08/20230806.yaml
2026-06-23 14:47:25,086 | INFO     |   → 516/1273 ⚠️ Ошибка: HTTPSConnectionPool(host='nodefree.githubrowcontent.com', port=443): Max retries exceeded with url: /2024/07/20240705.txt (Caused by NameResolutionError("HTTPSConnection(host='nodefree.githubrowcontent.com', port=443): Failed to resolve 'nodefree.githubrowcontent.com' ([Errno -2] Name or service not known)")) — https://nodefree.org/dy/2023/12/20231221.txt
2026-06-23 14:47:25,086 | INFO     |   → 517/1273: ✅ 0 взято | 🗑️ 17 мусор
2026-06-23 14:47:25,086 | INFO     |   → 518/1273: ✅ 0 взято | 🗑️ 17 мусор
2026-06-23 14:47:25,086 | INFO     |   → 519/1273: ✅ 0 взято | 🗑️ 14 мусор
2026-06-23 14:47:25,086 | INFO     |   → 520/1273: ✅ 0 взято | 🗑️ 14 мусор
2026-06-23 14:47:25,086 | INFO     |   → 521/1273: ✅ 0 взято | 🗑️ 14 мусор
2026-06-23 14:47:25,086 | INFO     |   → 522/1273: ✅ 0 взято | 🗑️ 14 мусор
2026-06-23 14:47:25,086 | INFO     |   → 523/1273: ✅ 0 взято | 🗑️ 14 мусор
2026-06-23 14:47:25,086 | INFO     |   → 524/1273: ✅ 0 взято | 🗑️ 14 мусор
2026-06-23 14:47:25,086 | INFO     |   → 525/1273: ✅ 0 взято | 🗑️ 14 мусор
2026-06-23 14:47:25,086 | INFO     |   → 526/1273: ✅ 0 взято | 🗑️ 14 мусор
2026-06-23 14:47:25,087 | INFO     |   → 527/1273: ✅ 0 взято | 🗑️ 14 мусор
2026-06-23 14:47:25,087 | INFO     |   → 528/1273: ✅ 0 взято | 🗑️ 21 мусор
2026-06-23 14:47:25,087 | INFO     |   → 529/1273: ✅ 0 взято | 🗑️ 21 мусор
2026-06-23 14:47:25,087 | INFO     |   → 530/1273: ✅ 0 взято | 🗑️ 21 мусор
2026-06-23 14:47:25,087 | INFO     |   → 531/1273: ✅ 0 взято | 🗑️ 21 мусор
2026-06-23 14:47:25,087 | INFO     |   → 532/1273: ✅ 0 взято | 🗑️ 21 мусор
2026-06-23 14:47:25,087 | INFO     |   → 533/1273: ✅ 0 взято | 🗑️ 21 мусор
2026-06-23 14:47:25,087 | INFO     |   → 534/1273: ✅ 0 взято | 🗑️ 21 мусор
2026-06-23 14:47:25,087 | INFO     |   → 535/1273: ✅ 0 взято | 🗑️ 21 мусор
2026-06-23 14:47:25,087 | INFO     |   → 536/1273: ✅ 0 взято | 🗑️ 21 мусор
2026-06-23 14:47:25,087 | INFO     |   → 537/1273: ✅ 0 взято | 🗑️ 21 мусор
2026-06-23 14:47:25,087 | INFO     |   → 538/1273: ✅ 0 взято | 🗑️ 21 мусор
2026-06-23 14:47:25,087 | INFO     |   → 539/1273: ✅ 0 взято | 🗑️ 15 мусор
2026-06-23 14:47:25,087 | INFO     |   → 540/1273: ✅ 0 взято | 🗑️ 15 мусор
2026-06-23 14:47:25,087 | INFO     |   → 541/1273: ✅ 0 взято | 🗑️ 15 мусор
2026-06-23 14:47:25,087 | INFO     |   → 542/1273: ✅ 0 взято | 🗑️ 15 мусор
2026-06-23 14:47:25,087 | INFO     |   → 543/1273: ✅ 0 взято | 🗑️ 15 мусор
2026-06-23 14:47:25,087 | INFO     |   → 544/1273: ✅ 0 взято | 🗑️ 15 мусор
2026-06-23 14:47:25,088 | INFO     |   → 545/1273: ✅ 0 взято | 🗑️ 15 мусор
2026-06-23 14:47:25,088 | INFO     |   → 546/1273: ✅ 0 взято | 🗑️ 15 мусор
2026-06-23 14:47:25,088 | INFO     |   → 547/1273: ✅ 0 взято | 🗑️ 15 мусор
2026-06-23 14:47:25,088 | INFO     |   → 548/1273: ✅ 0 взято | 🗑️ 15 мусор
2026-06-23 14:47:25,088 | INFO     |   → 549/1273: ✅ 0 взято | 🗑️ 14 мусор
2026-06-23 14:47:25,088 | INFO     |   → 550/1273: ✅ 0 взято | 🗑️ 14 мусор
2026-06-23 14:47:25,088 | INFO     |   → 551/1273: ✅ 0 взято | 🗑️ 14 мусор
2026-06-23 14:47:25,088 | INFO     |   → 552/1273: ✅ 0 взято | 🗑️ 14 мусор
2026-06-23 14:47:25,088 | INFO     |   → 553/1273: ✅ 0 взято | 🗑️ 17 мусор
2026-06-23 14:47:25,088 | INFO     |   → 554/1273: ✅ 0 взято | 🗑️ 17 мусор
2026-06-23 14:47:25,088 | INFO     |   → 555/1273: ✅ 0 взято | 🗑️ 17 мусор
2026-06-23 14:47:25,088 | INFO     |   → 556/1273: ✅ 0 взято | 🗑️ 17 мусор
2026-06-23 14:47:25,088 | INFO     |   → 557/1273: ✅ 0 взято | 🗑️ 17 мусор
2026-06-23 14:47:25,088 | INFO     |   → 558/1273: ✅ 0 взято | 🗑️ 24 мусор
2026-06-23 14:47:25,088 | INFO     |   → 559/1273: ✅ 0 взято | 🗑️ 24 мусор
2026-06-23 14:47:25,088 | INFO     |   → 560/1273: ✅ 0 взято | 🗑️ 24 мусор
2026-06-23 14:47:25,088 | INFO     |   → 561/1273: ✅ 0 взято | 🗑️ 24 мусор
2026-06-23 14:47:25,088 | INFO     |   → 562/1273: ✅ 0 взято | 🗑️ 24 мусор
2026-06-23 14:47:25,088 | INFO     |   → 563/1273: ✅ 0 взято | 🗑️ 24 мусор
2026-06-23 14:47:25,089 | INFO     |   → 564/1273: ✅ 0 взято | 🗑️ 24 мусор
2026-06-23 14:47:25,089 | INFO     |   → 565/1273: ✅ 0 взято | 🗑️ 24 мусор
2026-06-23 14:47:25,089 | INFO     |   → 566/1273: ✅ 0 взято | 🗑️ 24 мусор
2026-06-23 14:47:25,089 | INFO     |   → 567/1273: ✅ 0 взято | 🗑️ 24 мусор
2026-06-23 14:47:25,089 | INFO     |   → 568/1273: ✅ 0 взято | 🗑️ 24 мусор
2026-06-23 14:47:25,089 | INFO     |   → 569/1273: ✅ 0 взято | 🗑️ 7 мусор
2026-06-23 14:47:25,089 | INFO     |   → 570/1273: ✅ 0 взято | 🗑️ 7 мусор
2026-06-23 14:47:25,089 | INFO     |   → 571/1273: ✅ 0 взято | 🗑️ 7 мусор
2026-06-23 14:47:25,089 | INFO     |   → 572/1273: ✅ 0 взято | 🗑️ 7 мусор
2026-06-23 14:47:25,089 | INFO     |   → 573/1273: ✅ 0 взято | 🗑️ 7 мусор
2026-06-23 14:47:25,089 | INFO     |   → 574/1273: ✅ 0 взято | 🗑️ 7 мусор
2026-06-23 14:47:25,089 | INFO     |   → 575/1273: ✅ 0 взято | 🗑️ 7 мусор
2026-06-23 14:47:25,089 | INFO     |   → 576/1273: ✅ 0 взято | 🗑️ 7 мусор
2026-06-23 14:47:25,089 | INFO     |   → 577/1273: ✅ 0 взято | 🗑️ 7 мусор
2026-06-23 14:47:25,089 | INFO     |   → 578/1273: ✅ 0 взято | 🗑️ 7 мусор
2026-06-23 14:47:25,089 | INFO     |   → 579/1273: ✅ 0 взято | 🗑️ 9 мусор
2026-06-23 14:47:25,089 | INFO     |   → 580/1273: ✅ 0 взято | 🗑️ 9 мусор
2026-06-23 14:47:25,089 | INFO     |   → 581/1273: ✅ 0 взято | 🗑️ 9 мусор
2026-06-23 14:47:25,089 | INFO     |   → 582/1273: ✅ 0 взято | 🗑️ 9 мусор
2026-06-23 14:47:25,090 | INFO     |   → 583/1273: ✅ 0 взято | 🗑️ 9 мусор
2026-06-23 14:47:25,090 | INFO     |   → 584/1273: ✅ 0 взято | 🗑️ 9 мусор
2026-06-23 14:47:25,090 | INFO     |   → 585/1273: ✅ 0 взято | 🗑️ 9 мусор
2026-06-23 14:47:25,090 | INFO     |   → 586/1273: ✅ 0 взято | 🗑️ 9 мусор
2026-06-23 14:47:25,090 | INFO     |   → 587/1273: ✅ 0 взято | 🗑️ 9 мусор
2026-06-23 14:47:25,090 | INFO     |   → 588/1273: ✅ 0 взято | 🗑️ 9 мусор
2026-06-23 14:47:25,090 | INFO     |   → 589/1273: ✅ 0 взято | 🗑️ 10 мусор
2026-06-23 14:47:25,090 | INFO     |   → 590/1273: ✅ 0 взято | 🗑️ 10 мусор
2026-06-23 14:47:25,090 | INFO     |   → 591/1273: ✅ 0 взято | 🗑️ 10 мусор
2026-06-23 14:47:25,090 | INFO     |   → 592/1273: ✅ 0 взято | 🗑️ 0 мусор
2026-06-23 14:47:25,090 | INFO     |   → 593/1273: ✅ 0 взято | 🗑️ 0 мусор
2026-06-23 14:47:25,090 | INFO     |   → 594/1273: ✅ 0 взято | 🗑️ 0 мусор
2026-06-23 14:47:25,090 | INFO     |   → 595/1273: ✅ 0 взято | 🗑️ 0 мусор
2026-06-23 14:47:25,090 | INFO     |   → 596/1273: ✅ 0 взято | 🗑️ 0 мусор
2026-06-23 14:47:25,090 | INFO     |   → 597/1273: ✅ 0 взято | 🗑️ 0 мусор
2026-06-23 14:47:25,090 | INFO     |   → 598/1273: ✅ 0 взято | 🗑️ 0 мусор
2026-06-23 14:47:25,090 | INFO     |   → 599/1273: ✅ 0 взято | 🗑️ 0 мусор
2026-06-23 14:47:25,090 | INFO     |   → 600/1273: ✅ 0 взято | 🗑️ 0 мусор
2026-06-23 14:47:25,090 | INFO     |   → 601/1273: ✅ 0 взято | 🗑️ 0 мусор
2026-06-23 14:47:25,091 | INFO     |   → 602/1273: ✅ 0 взято | 🗑️ 0 мусор
2026-06-23 14:47:25,091 | INFO     |   → 603/1273: ✅ 0 взято | 🗑️ 0 мусор
2026-06-23 14:47:25,091 | INFO     |   → 604/1273 ❌ HTTP 404 — https://raw.githubusercontent.com/10ium/MihomoSaz/main/Sublist/shatakvpn.yaml4_Sub.txt
2026-06-23 14:47:25,091 | INFO     |   → 605/1273: ✅ 0 взято | 🗑️ 0 мусор
2026-06-23 14:47:25,091 | INFO     |   → 606/1273: ✅ 0 взято | 🗑️ 0 мусор
2026-06-23 14:47:25,091 | INFO     |   → 607/1273: ✅ 167 взято | 🗑️ 672 мусор
2026-06-23 14:47:25,091 | INFO     |   → 608/1273: ✅ 0 взято | 🗑️ 0 мусор
2026-06-23 14:47:25,091 | INFO     |   → 609/1273: ✅ 0 взято | 🗑️ 0 мусор
2026-06-23 14:47:25,091 | INFO     |   → 610/1273: ✅ 11 взято | 🗑️ 399 мусор
2026-06-23 14:47:25,091 | INFO     |   → 611/1273: ✅ 0 взято | 🗑️ 0 мусор
2026-06-23 14:47:25,091 | INFO     |   → 612/1273 ❌ HTTP 404 — https://raw.githubusercontent.com/9Fork/openit/main/Clash.yaml
2026-06-23 14:47:25,091 | INFO     |   → 613/1273: ✅ 214 взято | 🗑️ 829 мусор
2026-06-23 14:47:25,091 | INFO     |   → 614/1273: ✅ 0 взято | 🗑️ 829 мусор
2026-06-23 14:47:25,091 | INFO     |   → 615/1273: ✅ 19 взято | 🗑️ 81 мусор
2026-06-23 14:47:25,091 | INFO     |   → 616/1273: ✅ 11 взято | 🗑️ 87 мусор
2026-06-23 14:47:25,091 | INFO     |   → 617/1273: ✅ 27 взято | 🗑️ 73 мусор
2026-06-23 14:47:25,091 | INFO     |   → 618/1273: ✅ 13 взято | 🗑️ 75 мусор
2026-06-23 14:47:25,091 | INFO     |   → 619/1273: ✅ 10 взято | 🗑️ 83 мусор
2026-06-23 14:47:25,092 | INFO     |   → 620/1273: ✅ 12 взято | 🗑️ 86 мусор
2026-06-23 14:47:25,092 | INFO     |   → 621/1273: ✅ 11 взято | 🗑️ 87 мусор
2026-06-23 14:47:25,092 | INFO     |   → 622/1273: ✅ 11 взято | 🗑️ 80 мусор
2026-06-23 14:47:25,092 | INFO     |   → 623/1273: ✅ 9 взято | 🗑️ 82 мусор
2026-06-23 14:47:25,092 | INFO     |   → 624/1273: ✅ 69 взято | 🗑️ 3 мусор
2026-06-23 14:47:25,092 | INFO     |   → 625/1273: ✅ 3 взято | 🗑️ 75 мусор
2026-06-23 14:47:25,092 | INFO     |   → 626/1273: ✅ 4 взято | 🗑️ 69 мусор
2026-06-23 14:47:25,092 | INFO     |   → 627/1273: ✅ 4 взято | 🗑️ 80 мусор
2026-06-23 14:47:25,092 | INFO     |   → 628/1273: ✅ 6 взято | 🗑️ 81 мусор
2026-06-23 14:47:25,092 | INFO     |   → 629/1273: ✅ 5 взято | 🗑️ 79 мусор
2026-06-23 14:47:25,092 | INFO     |   → 630/1273: ✅ 11 взято | 🗑️ 78 мусор
2026-06-23 14:47:25,092 | INFO     |   → 631/1273: ✅ 3 взято | 🗑️ 83 мусор
2026-06-23 14:47:25,092 | INFO     |   → 632/1273: ✅ 14 взято | 🗑️ 76 мусор
2026-06-23 14:47:25,092 | INFO     |   → 633/1273: ✅ 12 взято | 🗑️ 78 мусор
2026-06-23 14:47:25,092 | INFO     |   → 634/1273: ✅ 26 взято | 🗑️ 218 мусор
2026-06-23 14:47:25,092 | INFO     |   → 635/1273: ✅ 44 взято | 🗑️ 141 мусор
2026-06-23 14:47:25,092 | INFO     |   → 636/1273: ✅ 10 взято | 🗑️ 71 мусор
2026-06-23 14:47:25,092 | INFO     |   → 637/1273: ✅ 2 взято | 🗑️ 88 мусор
2026-06-23 14:47:25,092 | INFO     |   → 638/1273: ✅ 0 взято | 🗑️ 3 мусор
2026-06-23 14:47:25,093 | INFO     |   → 639/1273: ✅ 14 взято | 🗑️ 4 мусор
2026-06-23 14:47:25,093 | INFO     |   → 640/1273: ✅ 673 взято | 🗑️ 2164 мусор
2026-06-23 14:47:25,093 | INFO     |   → 641/1273 ❌ HTTP 404 — https://raw.githubusercontent.com/Alvin9999/pac2/master/clash/1/config.yaml
2026-06-23 14:47:25,093 | INFO     |   → 642/1273 ❌ HTTP 404 — https://raw.githubusercontent.com/AmirHDevo/temp2/7f15e7ddb311a6f8c5ab338bd1af0e1f2136a84b/configs.txt
2026-06-23 14:47:25,093 | INFO     |   → 643/1273: ✅ 40 взято | 🗑️ 423 мусор
2026-06-23 14:47:25,093 | INFO     |   → 644/1273: ✅ 10901 взято | 🗑️ 155557 мусор
2026-06-23 14:47:25,093 | INFO     |   → 645/1273: ✅ 5 взято | 🗑️ 47 мусор
2026-06-23 14:47:25,093 | INFO     |   → 646/1273: ✅ 0 взято | 🗑️ 57 мусор
2026-06-23 14:47:25,093 | INFO     |   → 647/1273: ✅ 21 взято | 🗑️ 107 мусор
2026-06-23 14:47:25,093 | INFO     |   → 648/1273: ✅ 78 взято | 🗑️ 347 мусор
2026-06-23 14:47:25,093 | INFO     |   → 649/1273: ✅ 0 взято | 🗑️ 1373 мусор
2026-06-23 14:47:25,093 | INFO     |   → 650/1273: ✅ 301 взято | 🗑️ 355 мусор
2026-06-23 14:47:25,093 | INFO     |   → 651/1273: ✅ 0 взято | 🗑️ 6 мусор
2026-06-23 14:47:25,093 | INFO     |   → 652/1273: ✅ 0 взято | 🗑️ 0 мусор
2026-06-23 14:47:25,093 | INFO     |   → 653/1273: ✅ 1 взято | 🗑️ 235 мусор
2026-06-23 14:47:25,093 | INFO     |   → 654/1273: ✅ 0 взято | 🗑️ 16 мусор
2026-06-23 14:47:25,093 | INFO     |   → 655/1273: ✅ 0 взято | 🗑️ 0 мусор
2026-06-23 14:47:25,093 | INFO     |   → 656/1273: ✅ 0 взято | 🗑️ 14 мусор
2026-06-23 14:47:25,094 | INFO     |   → 657/1273: ✅ 0 взято | 🗑️ 0 мусор
2026-06-23 14:47:25,094 | INFO     |   → 658/1273: ✅ 0 взято | 🗑️ 17 мусор
2026-06-23 14:47:25,094 | INFO     |   → 659/1273: ✅ 0 взято | 🗑️ 0 мусор
2026-06-23 14:47:25,094 | INFO     |   → 660/1273: ✅ 1 взято | 🗑️ 12 мусор
2026-06-23 14:47:25,094 | INFO     |   → 661/1273: ✅ 0 взято | 🗑️ 0 мусор
2026-06-23 14:47:25,094 | INFO     |   → 662/1273: ✅ 0 взято | 🗑️ 17 мусор
2026-06-23 14:47:25,094 | INFO     |   → 663/1273: ✅ 0 взято | 🗑️ 0 мусор
2026-06-23 14:47:25,094 | INFO     |   → 664/1273: ✅ 0 взято | 🗑️ 17 мусор
2026-06-23 14:47:25,094 | INFO     |   → 665/1273: ✅ 0 взято | 🗑️ 0 мусор
2026-06-23 14:47:25,094 | INFO     |   → 666/1273: ✅ 0 взято | 🗑️ 161 мусор
2026-06-23 14:47:25,094 | INFO     |   → 667/1273: ✅ 0 взято | 🗑️ 0 мусор
2026-06-23 14:47:25,094 | INFO     |   → 668/1273: ✅ 5 взято | 🗑️ 76 мусор
2026-06-23 14:47:25,094 | INFO     |   → 669/1273: ✅ 80 взято | 🗑️ 1110 мусор
2026-06-23 14:47:25,094 | INFO     |   → 670/1273: ✅ 5 взято | 🗑️ 13 мусор
2026-06-23 14:47:25,094 | INFO     |   → 671/1273 ❌ HTTP 404 — https://raw.githubusercontent.com/Epodonios/bulk-xray-v2ray-vless-vmess-...-configs/main/sub/Austria/config.txt
2026-06-23 14:47:25,094 | INFO     |   → 672/1273 ❌ HTTP 404 — https://raw.githubusercontent.com/Epodonios/bulk-xray-v2ray-vless-vmess-...-configs/main/sub/Canada/config.txt
2026-06-23 14:47:25,094 | INFO     |   → 673/1273 ❌ HTTP 404 — https://raw.githubusercontent.com/Epodonios/bulk-xray-v2ray-vless-vmess-...-configs/main/sub/Costa%20Rica/config.txt
2026-06-23 14:47:25,094 | INFO     |   → 674/1273 ❌ HTTP 404 — https://raw.githubusercontent.com/Epodonios/bulk-xray-v2ray-vless-vmess-...-configs/main/sub/France/config.txt
2026-06-23 14:47:25,094 | INFO     |   → 675/1273 ❌ HTTP 404 — https://raw.githubusercontent.com/Epodonios/bulk-xray-v2ray-vless-vmess-...-configs/main/sub/Germany/config.txt
2026-06-23 14:47:25,095 | INFO     |   → 676/1273 ❌ HTTP 404 — https://raw.githubusercontent.com/Epodonios/bulk-xray-v2ray-vless-vmess-...-configs/main/sub/Indonesia/config.txt
2026-06-23 14:47:25,095 | INFO     |   → 677/1273 ❌ HTTP 404 — https://raw.githubusercontent.com/Epodonios/bulk-xray-v2ray-vless-vmess-...-configs/main/sub/Ireland/config.txt
2026-06-23 14:47:25,095 | INFO     |   → 678/1273 ❌ HTTP 404 — https://raw.githubusercontent.com/Epodonios/bulk-xray-v2ray-vless-vmess-...-configs/main/sub/Republic%20of%20Lithuania/config.txt
2026-06-23 14:47:25,095 | INFO     |   → 679/1273 ❌ HTTP 404 — https://raw.githubusercontent.com/Epodonios/bulk-xray-v2ray-vless-vmess-...-configs/main/sub/South%20Africa/config.txt
2026-06-23 14:47:25,095 | INFO     |   → 680/1273 ❌ HTTP 404 — https://raw.githubusercontent.com/Epodonios/bulk-xray-v2ray-vless-vmess-...-configs/main/sub/Sweden/config.txt
2026-06-23 14:47:25,095 | INFO     |   → 681/1273 ❌ HTTP 404 — https://raw.githubusercontent.com/Epodonios/bulk-xray-v2ray-vless-vmess-...-configs/main/sub/Turkey/config.txt
2026-06-23 14:47:25,095 | INFO     |   → 682/1273 ❌ HTTP 404 — https://raw.githubusercontent.com/Epodonios/bulk-xray-v2ray-vless-vmess-...-configs/main/sub/United%20Arab%20Emirates/config.txt
2026-06-23 14:47:25,095 | INFO     |   → 683/1273 ❌ HTTP 404 — https://raw.githubusercontent.com/Epodonios/bulk-xray-v2ray-vless-vmess-...-configs/main/sub/United%20Kingdom/config.txt
2026-06-23 14:47:25,095 | INFO     |   → 684/1273 ❌ HTTP 404 — https://raw.githubusercontent.com/Epodonios/bulk-xray-v2ray-vless-vmess-...-configs/main/sub/United%20States/config.txt
2026-06-23 14:47:25,095 | INFO     |   → 685/1273: ✅ 910 взято | 🗑️ 6718 мусор
2026-06-23 14:47:25,095 | INFO     |   → 686/1273 ❌ HTTP 404 — https://raw.githubusercontent.com/Epodonios/v2ray-configs/main/Splitted-By-Protocol/mix.txt
2026-06-23 14:47:25,095 | INFO     |   → 687/1273: ✅ 12 взято | 🗑️ 496 мусор
2026-06-23 14:47:25,095 | INFO     |   → 688/1273: ✅ 0 взято | 🗑️ 0 мусор
2026-06-23 14:47:25,095 | INFO     |   → 689/1273: ✅ 11 взято | 🗑️ 732 мусор
2026-06-23 14:47:25,095 | INFO     |   → 690/1273: ✅ 37 взято | 🗑️ 4687 мусор
2026-06-23 14:47:25,095 | INFO     |   → 691/1273: ✅ 9 взято | 🗑️ 644 мусор
2026-06-23 14:47:25,095 | INFO     |   → 692/1273 ❌ HTTP 404 — https://raw.githubusercontent.com/Epodonios/v2ray-configs/raw/main/Splitted-By-Protocol/trojan.txt
2026-06-23 14:47:25,095 | INFO     |   → 693/1273 ❌ HTTP 404 — https://raw.githubusercontent.com/Epodonios/v2ray-configs/raw/main/Splitted-By-Protocol/vmess.txt
2026-06-23 14:47:25,096 | INFO     |   → 694/1273: ✅ 0 взято | 🗑️ 496 мусор
2026-06-23 14:47:25,096 | INFO     |   → 695/1273: ✅ 0 взято | 🗑️ 0 мусор
2026-06-23 14:47:25,096 | INFO     |   → 696/1273: ✅ 0 взято | 🗑️ 732 мусор
2026-06-23 14:47:25,096 | INFO     |   → 697/1273: ✅ 0 взято | 🗑️ 4687 мусор
2026-06-23 14:47:25,096 | INFO     |   → 698/1273: ✅ 0 взято | 🗑️ 644 мусор
2026-06-23 14:47:25,096 | INFO     |   → 699/1273 ❌ HTTP 404 — https://raw.githubusercontent.com/Fido6/FreeNodes/57221e59caddde55ffdda21d491ae952cd608049/nodes/halekj.txt
2026-06-23 14:47:25,096 | INFO     |   → 700/1273 ❌ HTTP 404 — https://raw.githubusercontent.com/Fido6/FreeNodes/57221e59caddde55ffdda21d491ae952cd608049/nodes/kkzui.txt
2026-06-23 14:47:25,096 | INFO     |   → 701/1273 ❌ HTTP 404 — https://raw.githubusercontent.com/Fido6/FreeNodes/57221e59caddde55ffdda21d491ae952cd608049/nodes/wenode.txt
2026-06-23 14:47:25,096 | INFO     |   → 702/1273: ✅ 0 взято | 🗑️ 0 мусор
2026-06-23 14:47:25,096 | INFO     |   → 703/1273: ✅ 0 взято | 🗑️ 0 мусор
2026-06-23 14:47:25,096 | INFO     |   → 704/1273: ✅ 14 взято | 🗑️ 250 мусор
2026-06-23 14:47:25,096 | INFO     |   → 705/1273: ✅ 2 взято | 🗑️ 7 мусор
2026-06-23 14:47:25,096 | INFO     |   → 706/1273: ✅ 1 взято | 🗑️ 17 мусор
2026-06-23 14:47:25,096 | INFO     |   → 707/1273: ✅ 4 взято | 🗑️ 11 мусор
2026-06-23 14:47:25,096 | INFO     |   → 708/1273: ✅ 0 взято | 🗑️ 0 мусор
2026-06-23 14:47:25,096 | INFO     |   → 709/1273: ✅ 0 взято | 🗑️ 137 мусор
2026-06-23 14:47:25,096 | INFO     |   → 710/1273: ✅ 0 взято | 🗑️ 32 мусор
2026-06-23 14:47:25,096 | INFO     |   → 711/1273: ✅ 2 взято | 🗑️ 19 мусор
2026-06-23 14:47:25,096 | INFO     |   → 712/1273: ✅ 0 взято | 🗑️ 43 мусор
2026-06-23 14:47:25,097 | INFO     |   → 713/1273: ✅ 0 взято | 🗑️ 43 мусор
2026-06-23 14:47:25,097 | INFO     |   → 714/1273 ❌ HTTP 404 — https://raw.githubusercontent.com/Iran-v2ray/v2ray/main/v2ray
2026-06-23 14:47:25,097 | INFO     |   → 715/1273: ✅ 0 взято | 🗑️ 1 мусор
2026-06-23 14:47:25,097 | INFO     |   → 716/1273: ✅ 0 взято | 🗑️ 1 мусор
2026-06-23 14:47:25,097 | INFO     |   → 717/1273: ✅ 0 взято | 🗑️ 28 мусор
2026-06-23 14:47:25,097 | INFO     |   → 718/1273: ✅ 14 взято | 🗑️ 282 мусор
2026-06-23 14:47:25,097 | INFO     |   → 719/1273: ✅ 0 взято | 🗑️ 94 мусор
2026-06-23 14:47:25,097 | INFO     |   → 720/1273: ✅ 0 взято | 🗑️ 0 мусор
2026-06-23 14:47:25,097 | INFO     |   → 721/1273: ✅ 0 взято | 🗑️ 0 мусор
2026-06-23 14:47:25,097 | INFO     |   → 722/1273 ❌ HTTP 404 — https://raw.githubusercontent.com/Kwinshadow/TelegramV2rayCollector/raw/refs/heads/main/sublinks/mix.txt
2026-06-23 14:47:25,097 | INFO     |   → 723/1273 ❌ HTTP 404 — https://raw.githubusercontent.com/LalatinaHub/Mineral/raw/refs/heads/master/result/nodes
2026-06-23 14:47:25,097 | INFO     |   → 724/1273 ❌ HTTP 404 — https://raw.githubusercontent.com/Leon406/SubCrawler/main/sub/share/all3
2026-06-23 14:47:25,097 | INFO     |   → 725/1273 ❌ HTTP 404 — https://raw.githubusercontent.com/Leon406/SubCrawler/main/sub/share/all4
2026-06-23 14:47:25,097 | INFO     |   → 726/1273: ✅ 4 взято | 🗑️ 335 мусор
2026-06-23 14:47:25,097 | INFO     |   → 727/1273: ✅ 0 взято | 🗑️ 33 мусор
2026-06-23 14:47:25,097 | INFO     |   → 728/1273: ✅ 0 взято | 🗑️ 6 мусор
2026-06-23 14:47:25,097 | INFO     |   → 729/1273: ✅ 0 взято | 🗑️ 147 мусор
2026-06-23 14:47:25,097 | INFO     |   → 730/1273 ❌ HTTP 404 — https://raw.githubusercontent.com/M-Mashreghi/free-config-collector/main/Splitted-By-Protocol/ssr.txt
2026-06-23 14:47:25,097 | INFO     |   → 731/1273: ✅ 139 взято | 🗑️ 114 мусор
2026-06-23 14:47:25,098 | INFO     |   → 732/1273: ✅ 126 взято | 🗑️ 137 мусор
2026-06-23 14:47:25,098 | INFO     |   → 733/1273: ✅ 0 взято | 🗑️ 12 мусор
2026-06-23 14:47:25,098 | INFO     |   → 734/1273: ✅ 0 взято | 🗑️ 1 мусор
2026-06-23 14:47:25,098 | INFO     |   → 735/1273: ✅ 122 взято | 🗑️ 51 мусор
2026-06-23 14:47:25,098 | INFO     |   → 736/1273: ✅ 0 взято | 🗑️ 51 мусор
2026-06-23 14:47:25,098 | INFO     |   → 737/1273 ❌ HTTP 404 — https://raw.githubusercontent.com/MatinGhanbari/v2ray-configs/main/subscriptions/filtered/subs/hy2.txt
2026-06-23 14:47:25,098 | INFO     |   → 738/1273: ✅ 26 взято | 🗑️ 1255 мусор
2026-06-23 14:47:25,098 | INFO     |   → 739/1273 ❌ HTTP 404 — https://raw.githubusercontent.com/MatinGhanbari/v2ray-configs/main/subscriptions/filtered/subs/ssr.txt
2026-06-23 14:47:25,098 | INFO     |   → 740/1273: ✅ 62 взято | 🗑️ 358 мусор
2026-06-23 14:47:25,098 | INFO     |   → 741/1273 ❌ HTTP 404 — https://raw.githubusercontent.com/MatinGhanbari/v2ray-configs/main/subscriptions/filtered/subs/tuic.txt
2026-06-23 14:47:25,098 | INFO     |   → 742/1273: ✅ 35 взято | 🗑️ 604 мусор
2026-06-23 14:47:25,098 | INFO     |   → 743/1273: ✅ 238 взято | 🗑️ 1368 мусор
2026-06-23 14:47:25,098 | INFO     |   → 744/1273: ✅ 0 взято | 🗑️ 2 мусор
2026-06-23 14:47:25,098 | INFO     |   → 745/1273: ✅ 426 взято | 🗑️ 1673 мусор
2026-06-23 14:47:25,098 | INFO     |   → 746/1273: ✅ 0 взято | 🗑️ 830 мусор
2026-06-23 14:47:25,098 | INFO     |   → 747/1273: ✅ 0 взято | 🗑️ 830 мусор
2026-06-23 14:47:25,098 | INFO     |   → 748/1273: ✅ 0 взято | 🗑️ 73 мусор
2026-06-23 14:47:25,098 | INFO     |   → 749/1273: ✅ 0 взято | 🗑️ 2 мусор
2026-06-23 14:47:25,099 | INFO     |   → 750/1273: ✅ 0 взято | 🗑️ 690 мусор
2026-06-23 14:47:25,099 | INFO     |   → 751/1273: ✅ 0 взято | 🗑️ 86 мусор
2026-06-23 14:47:25,099 | INFO     |   → 752/1273 ❌ HTTP 404 — https://raw.githubusercontent.com/MhdiTaheri/V2rayCollector/raw/refs/heads/main/sub/mix
2026-06-23 14:47:25,099 | INFO     |   → 753/1273: ✅ 53 взято | 🗑️ 267 мусор
2026-06-23 14:47:25,099 | INFO     |   → 754/1273 ❌ HTTP 404 — https://raw.githubusercontent.com/MhdiTaheri/V2rayCollector_Py/raw/refs/heads/main/sub/Mix/mix.txt
2026-06-23 14:47:25,099 | INFO     |   → 755/1273: ✅ 0 взято | 🗑️ 0 мусор
2026-06-23 14:47:25,099 | INFO     |   → 756/1273: ✅ 43 взято | 🗑️ 217 мусор
2026-06-23 14:47:25,099 | INFO     |   → 757/1273: ✅ 0 взято | 🗑️ 31 мусор
2026-06-23 14:47:25,099 | INFO     |   → 758/1273: ✅ 94 взято | 🗑️ 282 мусор
2026-06-23 14:47:25,099 | INFO     |   → 759/1273: ✅ 0 взято | 🗑️ 26 мусор
2026-06-23 14:47:25,099 | INFO     |   → 760/1273 ❌ HTTP 404 — https://raw.githubusercontent.com/MrMohebi/xray-proxy-grabber-telegram/master/collected-proxies/clash-meta/all.yaml
2026-06-23 14:47:25,099 | INFO     |   → 761/1273 ❌ HTTP 404 — https://raw.githubusercontent.com/MrMohebi/xray-proxy-grabber-telegram/master/collected-proxies/row-url/actives.txt
2026-06-23 14:47:25,099 | INFO     |   → 762/1273 ❌ HTTP 404 — https://raw.githubusercontent.com/MrMohebi/xray-proxy-grabber-telegram/master/collected-proxies/row-url/all.txt
2026-06-23 14:47:25,099 | INFO     |   → 763/1273: ✅ 0 взято | 🗑️ 13 мусор
2026-06-23 14:47:25,099 | INFO     |   → 764/1273: ✅ 0 взято | 🗑️ 13 мусор
2026-06-23 14:47:25,099 | INFO     |   → 765/1273: ✅ 5 взято | 🗑️ 15 мусор
2026-06-23 14:47:25,099 | INFO     |   → 766/1273: ✅ 0 взято | 🗑️ 30 мусор
2026-06-23 14:47:25,099 | INFO     |   → 767/1273: ✅ 0 взято | 🗑️ 15 мусор
2026-06-23 14:47:25,099 | INFO     |   → 768/1273: ✅ 66 взято | 🗑️ 123 мусор
2026-06-23 14:47:25,100 | INFO     |   → 769/1273: ✅ 133 взято | 🗑️ 65 мусор
2026-06-23 14:47:25,100 | INFO     |   → 770/1273: ✅ 0 взято | 🗑️ 0 мусор
2026-06-23 14:47:25,100 | INFO     |   → 771/1273 ❌ HTTP 404 — https://raw.githubusercontent.com/OpenCNLink/freevpn/3cfcff048bfdd1493ccffa52ecf30ce7f9fc6b28/src/list/vmess.txt
2026-06-23 14:47:25,100 | INFO     |   → 772/1273 ❌ HTTP 404 — https://raw.githubusercontent.com/Pawdro/Collection/main/sub
2026-06-23 14:47:25,100 | INFO     |   → 773/1273: ✅ 0 взято | 🗑️ 15 мусор
2026-06-23 14:47:25,100 | INFO     |   → 774/1273: ✅ 0 взято | 🗑️ 15 мусор
2026-06-23 14:47:25,100 | INFO     |   → 775/1273: ✅ 0 взято | 🗑️ 0 мусор
2026-06-23 14:47:25,100 | INFO     |   → 776/1273: ✅ 0 взято | 🗑️ 0 мусор
2026-06-23 14:47:25,100 | INFO     |   → 777/1273: ✅ 0 взято | 🗑️ 50 мусор
2026-06-23 14:47:25,100 | INFO     |   → 778/1273: ✅ 5 взято | 🗑️ 206 мусор
2026-06-23 14:47:25,100 | INFO     |   → 779/1273: ✅ 21 взято | 🗑️ 138 мусор
2026-06-23 14:47:25,100 | INFO     |   → 780/1273: ✅ 23 взято | 🗑️ 89 мусор
2026-06-23 14:47:25,100 | INFO     |   → 781/1273: ✅ 9 взято | 🗑️ 85 мусор
2026-06-23 14:47:25,100 | INFO     |   → 782/1273: ✅ 0 взято | 🗑️ 129 мусор
2026-06-23 14:47:25,100 | INFO     |   → 783/1273: ✅ 0 взято | 🗑️ 81 мусор
2026-06-23 14:47:25,100 | INFO     |   → 784/1273 ❌ HTTP 404 — https://raw.githubusercontent.com/STR97/STRUGOV/refs/heads/main/STR.BYPASS
2026-06-23 14:47:25,100 | INFO     |   → 785/1273: ✅ 4 взято | 🗑️ 34 мусор
2026-06-23 14:47:25,100 | INFO     |   → 786/1273: ✅ 11 взято | 🗑️ 16 мусор
2026-06-23 14:47:25,101 | INFO     |   → 787/1273: ✅ 0 взято | 🗑️ 16 мусор
2026-06-23 14:47:25,101 | INFO     |   → 788/1273: ✅ 0 взято | 🗑️ 27 мусор
2026-06-23 14:47:25,101 | INFO     |   → 789/1273: ✅ 140 взято | 🗑️ 1153 мусор
2026-06-23 14:47:25,101 | INFO     |   → 790/1273: ✅ 29 взято | 🗑️ 54 мусор
2026-06-23 14:47:25,101 | INFO     |   → 791/1273: ✅ 0 взято | 🗑️ 5 мусор
2026-06-23 14:47:25,101 | INFO     |   → 792/1273: ✅ 1 взято | 🗑️ 0 мусор
2026-06-23 14:47:25,101 | INFO     |   → 793/1273: ✅ 0 взято | 🗑️ 22 мусор
2026-06-23 14:47:25,101 | INFO     |   → 794/1273: ✅ 0 взято | 🗑️ 5 мусор
2026-06-23 14:47:25,101 | INFO     |   → 795/1273: ✅ 0 взято | 🗑️ 22 мусор
2026-06-23 14:47:25,101 | INFO     |   → 796/1273: ✅ 4 взято | 🗑️ 291 мусор
2026-06-23 14:47:25,101 | INFO     |   → 797/1273: ✅ 0 взято | 🗑️ 119 мусор
2026-06-23 14:47:25,101 | INFO     |   → 798/1273: ✅ 0 взято | 🗑️ 0 мусор
2026-06-23 14:47:25,101 | INFO     |   → 799/1273 ❌ HTTP 404 — https://raw.githubusercontent.com/V2RAYCONFIGSPOOL/V2RAY_SUB/main/V2RAY_SUB.txt
2026-06-23 14:47:25,101 | INFO     |   → 800/1273: ✅ 95 взято | 🗑️ 130 мусор
2026-06-23 14:47:25,101 | INFO     |   → 801/1273: ✅ 57 взято | 🗑️ 39 мусор
2026-06-23 14:47:25,101 | INFO     |   → 802/1273: ✅ 0 взято | 🗑️ 0 мусор
2026-06-23 14:47:25,101 | INFO     |   → 803/1273: ✅ 0 взято | 🗑️ 39 мусор
2026-06-23 14:47:25,102 | INFO     |   → 804/1273: ✅ 58 взято | 🗑️ 348 мусор
2026-06-23 14:47:25,102 | INFO     |   → 805/1273: ✅ 0 взято | 🗑️ 0 мусор
2026-06-23 14:47:25,102 | INFO     |   → 806/1273: ✅ 4 взято | 🗑️ 458 мусор
2026-06-23 14:47:25,102 | INFO     |   → 807/1273 ❌ HTTP 404 — https://raw.githubusercontent.com/ZYFXS/ZYFXS001/refs/heads/main/20c-youtube%40ZYFXS
2026-06-23 14:47:25,102 | INFO     |   → 808/1273 ❌ HTTP 404 — https://raw.githubusercontent.com/ZYFXS/ZYFXS001/refs/heads/main/20v-youtube%40ZYFXS
2026-06-23 14:47:25,102 | INFO     |   → 809/1273: ✅ 0 взято | 🗑️ 0 мусор
2026-06-23 14:47:25,102 | INFO     |   → 810/1273: ✅ 1 взято | 🗑️ 164 мусор
2026-06-23 14:47:25,102 | INFO     |   → 811/1273 ❌ HTTP 404 — https://raw.githubusercontent.com/ZYFXS/ZYFXS001/refs/heads/main/youtube%40ZYFXS---23c
2026-06-23 14:47:25,102 | INFO     |   → 812/1273 ❌ HTTP 404 — https://raw.githubusercontent.com/ZYFXS/ZYFXS001/refs/heads/main/youtube%40ZYFXS---23v
2026-06-23 14:47:25,102 | INFO     |   → 813/1273: ✅ 0 взято | 🗑️ 0 мусор
2026-06-23 14:47:25,102 | INFO     |   → 814/1273: ✅ 0 взято | 🗑️ 0 мусор
2026-06-23 14:47:25,102 | INFO     |   → 815/1273: ✅ 6 взято | 🗑️ 221 мусор
2026-06-23 14:47:25,102 | INFO     |   → 816/1273 ❌ HTTP 404 — https://raw.githubusercontent.com/ZYFXS/ZYFXS001/refs/heads/main/youtube%40ZYFXS-21c
2026-06-23 14:47:25,102 | INFO     |   → 817/1273 ❌ HTTP 404 — https://raw.githubusercontent.com/ZYFXS/ZYFXS001/refs/heads/main/youtube%40ZYFXS-21v
2026-06-23 14:47:25,102 | INFO     |   → 818/1273: ✅ 1 взято | 🗑️ 251 мусор
2026-06-23 14:47:25,102 | INFO     |   → 819/1273: ✅ 1 взято | 🗑️ 231 мусор
2026-06-23 14:47:25,102 | INFO     |   → 820/1273: ✅ 0 взято | 🗑️ 0 мусор
2026-06-23 14:47:25,102 | INFO     |   → 821/1273: ✅ 1 взято | 🗑️ 83 мусор
2026-06-23 14:47:25,103 | INFO     |   → 822/1273: ✅ 0 взято | 🗑️ 16 мусор
2026-06-23 14:47:25,103 | INFO     |   → 823/1273: ✅ 0 взято | 🗑️ 16 мусор
2026-06-23 14:47:25,103 | INFO     |   → 824/1273 ❌ HTTP 404 — https://raw.githubusercontent.com/aiboboxx/clashfree/main/clash.yml
2026-06-23 14:47:25,103 | INFO     |   → 825/1273 ❌ HTTP 404 — https://raw.githubusercontent.com/aiboboxx/v2rayfree/main/v2
2026-06-23 14:47:25,103 | INFO     |   → 826/1273 ❌ HTTP 404 — https://raw.githubusercontent.com/amirmohammad-mohammad-88/Sub-Reality-Azadi-config/Config/Azadi-Reality-Different
2026-06-23 14:47:25,103 | INFO     |   → 827/1273 ❌ HTTP 404 — https://raw.githubusercontent.com/amirmohammad-mohammad-88/Sub-Reality-Azadi-config/Config/Azadi-Reality-Different-Base64
2026-06-23 14:47:25,103 | INFO     |   → 828/1273: ✅ 1 взято | 🗑️ 17 мусор
2026-06-23 14:47:25,103 | INFO     |   → 829/1273: ✅ 0 взято | 🗑️ 0 мусор
2026-06-23 14:47:25,103 | INFO     |   → 830/1273: ✅ 4 взято | 🗑️ 114 мусор
2026-06-23 14:47:25,103 | INFO     |   → 831/1273: ✅ 35 взято | 🗑️ 78 мусор
2026-06-23 14:47:25,103 | INFO     |   → 832/1273 ❌ HTTP 404 — https://raw.githubusercontent.com/awesome-vpn/awesome-vpn/master/ss
2026-06-23 14:47:25,103 | INFO     |   → 833/1273 ❌ HTTP 404 — https://raw.githubusercontent.com/awesome-vpn/awesome-vpn/master/ssr
2026-06-23 14:47:25,103 | INFO     |   → 834/1273: ✅ 0 взято | 🗑️ 0 мусор
2026-06-23 14:47:25,103 | INFO     |   → 835/1273: ✅ 1 взято | 🗑️ 22 мусор
2026-06-23 14:47:25,103 | INFO     |   → 836/1273: ✅ 0 взято | 🗑️ 433 мусор
2026-06-23 14:47:25,103 | INFO     |   → 837/1273 ❌ HTTP 404 — https://raw.githubusercontent.com/barry-far/V2ray-Configs/ced94ddfff48276ec365b40227561f36b1b64bc8/Sub5.txt
2026-06-23 14:47:25,103 | INFO     |   → 838/1273 ❌ HTTP 404 — https://raw.githubusercontent.com/barry-far/V2ray-Configs/main/Splitted-By-Protocol/hysteria2.txt
2026-06-23 14:47:25,103 | INFO     |   → 839/1273 ❌ HTTP 404 — https://raw.githubusercontent.com/barry-far/V2ray-Configs/main/Splitted-By-Protocol/vless.txt
2026-06-23 14:47:25,103 | INFO     |   → 840/1273 ❌ HTTP 404 — https://raw.githubusercontent.com/barry-far/V2ray-Configs/main/Sub1.txt
2026-06-23 14:47:25,104 | INFO     |   → 841/1273 ❌ HTTP 404 — https://raw.githubusercontent.com/barry-far/V2ray-Configs/refs/heads/main/All_Configs_Sub.txt
2026-06-23 14:47:25,104 | INFO     |   → 842/1273: ✅ 0 взято | 🗑️ 0 мусор
2026-06-23 14:47:25,104 | INFO     |   → 843/1273 ❌ HTTP 404 — https://raw.githubusercontent.com/budamu/clashconfig/main/v2ray.txt
2026-06-23 14:47:25,104 | INFO     |   → 844/1273 ❌ HTTP 404 — https://raw.githubusercontent.com/budamu/clashconfig/main/v2ray2.txt
2026-06-23 14:47:25,104 | INFO     |   → 845/1273: ✅ 0 взято | 🗑️ 0 мусор
2026-06-23 14:47:25,104 | INFO     |   → 846/1273: ✅ 0 взято | 🗑️ 442 мусор
2026-06-23 14:47:25,104 | INFO     |   → 847/1273: ✅ 0 взято | 🗑️ 0 мусор
2026-06-23 14:47:25,104 | INFO     |   → 848/1273 ❌ HTTP 404 — https://raw.githubusercontent.com/chxxyz2004/zd/17fca23b73c46b5dd73e9be49b14d219b5e5f836/sub/2401/240110.txt
2026-06-23 14:47:25,104 | INFO     |   → 849/1273: ✅ 0 взято | 🗑️ 44 мусор
2026-06-23 14:47:25,104 | INFO     |   → 850/1273: ✅ 236 взято | 🗑️ 517 мусор
2026-06-23 14:47:25,104 | INFO     |   → 851/1273 ❌ HTTP 404 — https://raw.githubusercontent.com/cxr9912/cxr2022/main/free.yaml
2026-06-23 14:47:25,104 | INFO     |   → 852/1273 ❌ HTTP 404 — https://raw.githubusercontent.com/cxr9912/cxr2022/main/mix.yaml
2026-06-23 14:47:25,104 | INFO     |   → 853/1273 ❌ HTTP 404 — https://raw.githubusercontent.com/cxr9912/cxr2022/main/ss.yaml
2026-06-23 14:47:25,104 | INFO     |   → 854/1273 ❌ HTTP 404 — https://raw.githubusercontent.com/cxr9912/cxr2022/main/ssr.yaml
2026-06-23 14:47:25,104 | INFO     |   → 855/1273 ❌ HTTP 404 — https://raw.githubusercontent.com/cxr9912/cxr2022/main/vmess.yaml
2026-06-23 14:47:25,104 | INFO     |   → 856/1273 ❌ HTTP 404 — https://raw.githubusercontent.com/cxr9912/cxr2022/refs/heads/main/18cj.json
2026-06-23 14:47:25,104 | INFO     |   → 857/1273 ❌ HTTP 404 — https://raw.githubusercontent.com/cxr9912/cxr2022/refs/heads/main/aaaaaaaa.yaml
2026-06-23 14:47:25,104 | INFO     |   → 858/1273 ❌ HTTP 404 — https://raw.githubusercontent.com/cxr9912/cxr2022/refs/heads/main/free.yaml
2026-06-23 14:47:25,105 | INFO     |   → 859/1273 ❌ HTTP 404 — https://raw.githubusercontent.com/cxr9912/cxr2022/refs/heads/main/ss2088.txt
2026-06-23 14:47:25,105 | INFO     |   → 860/1273: ✅ 0 взято | 🗑️ 18 мусор
2026-06-23 14:47:25,105 | INFO     |   → 861/1273: ✅ 0 взято | 🗑️ 18 мусор
2026-06-23 14:47:25,105 | INFO     |   → 862/1273: ✅ 6 взято | 🗑️ 78 мусор
2026-06-23 14:47:25,105 | INFO     |   → 863/1273: ✅ 6 взято | 🗑️ 4 мусор
2026-06-23 14:47:25,105 | INFO     |   → 864/1273: ✅ 0 взято | 🗑️ 2 мусор
2026-06-23 14:47:25,105 | INFO     |   → 865/1273: ✅ 0 взято | 🗑️ 2 мусор
2026-06-23 14:47:25,105 | INFO     |   → 866/1273: ✅ 13 взято | 🗑️ 5 мусор
2026-06-23 14:47:25,105 | INFO     |   → 867/1273: ✅ 0 взято | 🗑️ 2 мусор
2026-06-23 14:47:25,105 | INFO     |   → 868/1273: ✅ 0 взято | 🗑️ 2 мусор
2026-06-23 14:47:25,105 | INFO     |   → 869/1273: ✅ 0 взято | 🗑️ 2 мусор
2026-06-23 14:47:25,105 | INFO     |   → 870/1273: ✅ 1 взято | 🗑️ 1 мусор
2026-06-23 14:47:25,105 | INFO     |   → 871/1273: ✅ 0 взято | 🗑️ 5 мусор
2026-06-23 14:47:25,105 | INFO     |   → 872/1273: ✅ 0 взято | 🗑️ 2 мусор
2026-06-23 14:47:25,105 | INFO     |   → 873/1273: ✅ 0 взято | 🗑️ 0 мусор
2026-06-23 14:47:25,105 | INFO     |   → 874/1273: ✅ 13121 взято | 🗑️ 230349 мусор
2026-06-23 14:47:25,105 | INFO     |   → 875/1273: ✅ 30 взято | 🗑️ 554 мусор
2026-06-23 14:47:25,105 | INFO     |   → 876/1273: ✅ 6 взято | 🗑️ 113 мусор
2026-06-23 14:47:25,105 | INFO     |   → 877/1273: ✅ 0 взято | 🗑️ 0 мусор
2026-06-23 14:47:25,106 | INFO     |   → 878/1273: ✅ 7 взято | 🗑️ 19 мусор
2026-06-23 14:47:25,106 | INFO     |   → 879/1273: ✅ 0 взято | 🗑️ 0 мусор
2026-06-23 14:47:25,106 | INFO     |   → 880/1273: ✅ 13 взято | 🗑️ 19 мусор
2026-06-23 14:47:25,106 | INFO     |   → 881/1273: ✅ 0 взято | 🗑️ 5 мусор
2026-06-23 14:47:25,106 | INFO     |   → 882/1273: ✅ 2 взято | 🗑️ 80 мусор
2026-06-23 14:47:25,106 | INFO     |   → 883/1273 ❌ HTTP 404 — https://raw.githubusercontent.com/free-nodes/v2rayfree/main/v2
2026-06-23 14:47:25,106 | INFO     |   → 884/1273 ❌ HTTP 404 — https://raw.githubusercontent.com/free-v2ray-config/trojan/main/trojan.txt
2026-06-23 14:47:25,106 | INFO     |   → 885/1273 ❌ HTTP 404 — https://raw.githubusercontent.com/free-v2ray-config/vless/main/vless.txt
2026-06-23 14:47:25,106 | INFO     |   → 886/1273 ❌ HTTP 404 — https://raw.githubusercontent.com/free-v2ray-config/vmess/main/vmess.txt
2026-06-23 14:47:25,106 | INFO     |   → 887/1273: ✅ 5 взято | 🗑️ 169 мусор
2026-06-23 14:47:25,106 | INFO     |   → 888/1273: ✅ 34 взято | 🗑️ 121 мусор
2026-06-23 14:47:25,106 | INFO     |   → 889/1273: ✅ 4 взято | 🗑️ 97 мусор
2026-06-23 14:47:25,106 | INFO     |   → 890/1273 ❌ HTTP 404 — https://raw.githubusercontent.com/free18/v2ray/main/Clash.yaml
2026-06-23 14:47:25,106 | INFO     |   → 891/1273: ✅ 0 взято | 🗑️ 0 мусор
2026-06-23 14:47:25,106 | INFO     |   → 892/1273: ✅ 0 взято | 🗑️ 15 мусор
2026-06-23 14:47:25,106 | INFO     |   → 893/1273: ✅ 0 взято | 🗑️ 0 мусор
2026-06-23 14:47:25,106 | INFO     |   → 894/1273: ✅ 0 взято | 🗑️ 8 мусор
2026-06-23 14:47:25,106 | INFO     |   → 895/1273: ✅ 0 взято | 🗑️ 8 мусор
2026-06-23 14:47:25,107 | INFO     |   → 896/1273: ✅ 0 взято | 🗑️ 8 мусор
2026-06-23 14:47:25,107 | INFO     |   → 897/1273: ✅ 0 взято | 🗑️ 8 мусор
2026-06-23 14:47:25,107 | INFO     |   → 898/1273 ❌ HTTP 404 — https://raw.githubusercontent.com/freev2rayconfig/V2RAY_SUB/3e6a7786a1601ee3723e8d043ae79e70dbdfd9a8/v2rayconfigs.txt
2026-06-23 14:47:25,107 | INFO     |   → 899/1273 ❌ HTTP 404 — https://raw.githubusercontent.com/freev2rayconfig/V2RAY_SUBSCRIPTION_LINK/main/v2rayconfigs.txt
2026-06-23 14:47:25,107 | INFO     |   → 900/1273 ❌ HTTP 404 — https://raw.githubusercontent.com/gfpcom/free-proxy-list/main/list/http.txt
2026-06-23 14:47:25,107 | INFO     |   → 901/1273 ❌ HTTP 404 — https://raw.githubusercontent.com/gfpcom/free-proxy-list/main/list/https.txt
2026-06-23 14:47:25,107 | INFO     |   → 902/1273 ❌ HTTP 404 — https://raw.githubusercontent.com/gfpcom/free-proxy-list/main/list/socks4.txt
2026-06-23 14:47:25,107 | INFO     |   → 903/1273 ❌ HTTP 404 — https://raw.githubusercontent.com/gfpcom/free-proxy-list/main/list/socks4a.txt
2026-06-23 14:47:25,107 | INFO     |   → 904/1273 ❌ HTTP 404 — https://raw.githubusercontent.com/gfpcom/free-proxy-list/main/list/socks5.txt
2026-06-23 14:47:25,107 | INFO     |   → 905/1273 ❌ HTTP 404 — https://raw.githubusercontent.com/gfpcom/free-proxy-list/main/list/socks5h.txt
2026-06-23 14:47:25,107 | INFO     |   → 906/1273 ❌ HTTP 404 — https://raw.githubusercontent.com/gfpcom/free-proxy-list/main/list/ss.txt
2026-06-23 14:47:25,107 | INFO     |   → 907/1273 ❌ HTTP 404 — https://raw.githubusercontent.com/gfpcom/free-proxy-list/main/list/ssr.txt
2026-06-23 14:47:25,107 | INFO     |   → 908/1273 ❌ HTTP 404 — https://raw.githubusercontent.com/gfpcom/free-proxy-list/main/list/trojan.txt
2026-06-23 14:47:25,107 | INFO     |   → 909/1273 ❌ HTTP 404 — https://raw.githubusercontent.com/gfpcom/free-proxy-list/main/list/vless.txt
2026-06-23 14:47:25,107 | INFO     |   → 910/1273 ❌ HTTP 404 — https://raw.githubusercontent.com/gfpcom/free-proxy-list/main/list/vmess.txt
2026-06-23 14:47:25,107 | INFO     |   → 911/1273: ✅ 0 взято | 🗑️ 17 мусор
2026-06-23 14:47:25,107 | INFO     |   → 912/1273: ✅ 0 взято | 🗑️ 0 мусор
2026-06-23 14:47:25,107 | INFO     |   → 913/1273: ✅ 4 взято | 🗑️ 63 мусор
2026-06-23 14:47:25,107 | INFO     |   → 914/1273 ❌ HTTP 404 — https://raw.githubusercontent.com/hameed-maleki/TVC/89a4522969c57dcc22458cae9898426e5c4f2679/lite/config.txt
2026-06-23 14:47:25,108 | INFO     |   → 915/1273: ✅ 5 взято | 🗑️ 132 мусор
2026-06-23 14:47:25,108 | INFO     |   → 916/1273: ✅ 0 взято | 🗑️ 56 мусор
2026-06-23 14:47:25,108 | INFO     |   → 917/1273 ❌ HTTP 404 — https://raw.githubusercontent.com/hkaa0/permalink/main/proxy/V2ray
2026-06-23 14:47:25,108 | INFO     |   → 918/1273 ❌ HTTP 404 — https://raw.githubusercontent.com/hkaa0/permalink/main/proxy/clash
2026-06-23 14:47:25,108 | INFO     |   → 919/1273 ❌ HTTP 404 — https://raw.githubusercontent.com/hkpc/Autoproxy/6cf946ddfc677a29062007e4b47d70674474baa7/sub/2401/240110.txt
2026-06-23 14:47:25,108 | INFO     |   → 920/1273 ❌ HTTP 404 — https://raw.githubusercontent.com/hkpc/V2ray-Configs/7d9aa0dabf947af180a7dd6302818ed37950531a/Sub1.txt
2026-06-23 14:47:25,108 | INFO     |   → 921/1273: ✅ 0 взято | 🗑️ 14 мусор
2026-06-23 14:47:25,108 | INFO     |   → 922/1273: ✅ 16 взято | 🗑️ 16 мусор
2026-06-23 14:47:25,108 | INFO     |   → 923/1273 ❌ HTTP 404 — https://raw.githubusercontent.com/iboxz/free-v2ray-collector/main/main
2026-06-23 14:47:25,108 | INFO     |   → 924/1273: ✅ 19 взято | 🗑️ 18 мусор
2026-06-23 14:47:25,108 | INFO     |   → 925/1273: ✅ 14 взято | 🗑️ 17 мусор
2026-06-23 14:47:25,108 | INFO     |   → 926/1273: ✅ 124 взято | 🗑️ 179 мусор
2026-06-23 14:47:25,108 | INFO     |   → 927/1273 ❌ HTTP 404 — https://raw.githubusercontent.com/igareck/vpn-configs-for-russia/refs/heads/main/Vless-Reality-White-Lists-Rus-Cable.txt
2026-06-23 14:47:25,108 | INFO     |   → 928/1273: ✅ 135 взято | 🗑️ 15 мусор
2026-06-23 14:47:25,108 | INFO     |   → 929/1273: ✅ 0 взято | 🗑️ 0 мусор
2026-06-23 14:47:25,108 | INFO     |   → 930/1273: ✅ 0 взято | 🗑️ 0 мусор
2026-06-23 14:47:25,108 | INFO     |   → 931/1273: ✅ 23 взято | 🗑️ 9 мусор
2026-06-23 14:47:25,108 | INFO     |   → 932/1273: ✅ 0 взято | 🗑️ 0 мусор
2026-06-23 14:47:25,108 | INFO     |   → 933/1273: ✅ 0 взято | 🗑️ 0 мусор
2026-06-23 14:47:25,109 | INFO     |   → 934/1273: ✅ 0 взято | 🗑️ 12 мусор
2026-06-23 14:47:25,109 | INFO     |   → 935/1273: ✅ 0 взято | 🗑️ 43 мусор
2026-06-23 14:47:25,109 | INFO     |   → 936/1273 ❌ HTTP 404 — https://raw.githubusercontent.com/jw853355718/clash_233/master/config.yml
2026-06-23 14:47:25,109 | INFO     |   → 937/1273: ✅ 0 взято | 🗑️ 210 мусор
2026-06-23 14:47:25,109 | INFO     |   → 938/1273: ✅ 0 взято | 🗑️ 0 мусор
2026-06-23 14:47:25,109 | INFO     |   → 939/1273: ✅ 0 взято | 🗑️ 0 мусор
2026-06-23 14:47:25,109 | INFO     |   → 940/1273 ❌ HTTP 404 — https://raw.githubusercontent.com/lcx12901/v2ray-/master/sspool.herokuapp.com/yzcloud.yaml
2026-06-23 14:47:25,109 | INFO     |   → 941/1273 ❌ HTTP 404 — https://raw.githubusercontent.com/lcx12901/v2ray-/master/sspool.herokuapp.com/yzcloud2.yaml
2026-06-23 14:47:25,109 | INFO     |   → 942/1273: ✅ 0 взято | 🗑️ 0 мусор
2026-06-23 14:47:25,109 | INFO     |   → 943/1273 ❌ HTTP 404 — https://raw.githubusercontent.com/learnhard-cn/free_proxy_ss/main/clash/config.yaml
2026-06-23 14:47:25,109 | INFO     |   → 944/1273: ✅ 0 взято | 🗑️ 8 мусор
2026-06-23 14:47:25,109 | INFO     |   → 945/1273: ✅ 0 взято | 🗑️ 4 мусор
2026-06-23 14:47:25,109 | INFO     |   → 946/1273: ✅ 0 взято | 🗑️ 0 мусор
2026-06-23 14:47:25,109 | INFO     |   → 947/1273: ✅ 0 взято | 🗑️ 4 мусор
2026-06-23 14:47:25,109 | INFO     |   → 948/1273: ✅ 0 взято | 🗑️ 149 мусор
2026-06-23 14:47:25,109 | INFO     |   → 949/1273: ✅ 0 взято | 🗑️ 421 мусор
2026-06-23 14:47:25,109 | INFO     |   → 950/1273 ❌ HTTP 404 — https://raw.githubusercontent.com/lisylva-lee/v2dyku/main/ssr
2026-06-23 14:47:25,109 | INFO     |   → 951/1273 ❌ HTTP 404 — https://raw.githubusercontent.com/lisylva-lee/v2dyku/main/v2dy
2026-06-23 14:47:25,110 | INFO     |   → 952/1273: ✅ 0 взято | 🗑️ 53 мусор
2026-06-23 14:47:25,110 | INFO     |   → 953/1273 ❌ HTTP 404 — https://raw.githubusercontent.com/luxl-1379/merge/77247d23def72b25226dfa741614e9b07a569c72/sub/sub_merge_base64.txt
2026-06-23 14:47:25,110 | INFO     |   → 954/1273: ✅ 146 взято | 🗑️ 343 мусор
2026-06-23 14:47:25,110 | INFO     |   → 955/1273: ✅ 0 взято | 🗑️ 122 мусор
2026-06-23 14:47:25,110 | INFO     |   → 956/1273: ✅ 626 взято | 🗑️ 3448 мусор
2026-06-23 14:47:25,110 | INFO     |   → 957/1273: ✅ 0 взято | 🗑️ 0 мусор
2026-06-23 14:47:25,110 | INFO     |   → 958/1273: ✅ 0 взято | 🗑️ 3448 мусор
2026-06-23 14:47:25,110 | INFO     |   → 959/1273: ✅ 59 взято | 🗑️ 331 мусор
2026-06-23 14:47:25,110 | INFO     |   → 960/1273 ❌ HTTP 404 — https://raw.githubusercontent.com/mermeroo/Clash-V2ray/main/v2ray
2026-06-23 14:47:25,110 | INFO     |   → 961/1273: ✅ 15 взято | 🗑️ 417 мусор
2026-06-23 14:47:25,110 | INFO     |   → 962/1273: ✅ 6 взято | 🗑️ 102 мусор
2026-06-23 14:47:25,110 | INFO     |   → 963/1273: ✅ 716 взято | 🗑️ 6258 мусор
2026-06-23 14:47:25,110 | INFO     |   → 964/1273: ✅ 8 взято | 🗑️ 853 мусор
2026-06-23 14:47:25,110 | INFO     |   → 965/1273: ✅ 32 взято | 🗑️ 69 мусор
2026-06-23 14:47:25,110 | INFO     |   → 966/1273 ❌ HTTP 404 — https://raw.githubusercontent.com/mermeroo/free-v2ray-collector/main/main/mix
2026-06-23 14:47:25,110 | INFO     |   → 967/1273 ❌ HTTP 404 — https://raw.githubusercontent.com/mermeroo/free-v2ray-collector/main/main/reality
2026-06-23 14:47:25,110 | INFO     |   → 968/1273 ❌ HTTP 404 — https://raw.githubusercontent.com/mermeroo/free-v2ray-collector/main/main/shadowsocks
2026-06-23 14:47:25,110 | INFO     |   → 969/1273 ❌ HTTP 404 — https://raw.githubusercontent.com/mermeroo/free-v2ray-collector/main/main/trojan
2026-06-23 14:47:25,110 | INFO     |   → 970/1273 ❌ HTTP 404 — https://raw.githubusercontent.com/mermeroo/free-v2ray-collector/main/main/vless
2026-06-23 14:47:25,111 | INFO     |   → 971/1273 ❌ HTTP 404 — https://raw.githubusercontent.com/mermeroo/free-v2ray-collector/main/main/vmess
2026-06-23 14:47:25,111 | INFO     |   → 972/1273 ❌ HTTP 404 — https://raw.githubusercontent.com/mfuu/v2ray/master/merge/merge.txt
2026-06-23 14:47:25,111 | INFO     |   → 973/1273: ✅ 0 взято | 🗑️ 86 мусор
2026-06-23 14:47:25,111 | INFO     |   → 974/1273: ✅ 0 взято | 🗑️ 86 мусор
2026-06-23 14:47:25,111 | INFO     |   → 975/1273: ✅ 687 взято | 🗑️ 15024 мусор
2026-06-23 14:47:25,111 | INFO     |   → 976/1273: ✅ 0 взято | 🗑️ 15024 мусор
2026-06-23 14:47:25,111 | INFO     |   → 977/1273: ✅ 0 взято | 🗑️ 2803 мусор
2026-06-23 14:47:25,111 | INFO     |   → 978/1273: ✅ 0 взято | 🗑️ 1773 мусор
2026-06-23 14:47:25,111 | INFO     |   → 979/1273: ✅ 0 взято | 🗑️ 6537 мусор
2026-06-23 14:47:25,111 | INFO     |   → 980/1273: ✅ 0 взято | 🗑️ 3911 мусор
2026-06-23 14:47:25,111 | INFO     |   → 981/1273 ❌ HTTP 404 — https://raw.githubusercontent.com/mianous/qiren/main/qiren.txt
2026-06-23 14:47:25,111 | INFO     |   → 982/1273 ❌ HTTP 404 — https://raw.githubusercontent.com/miladtahanian/V2RayCFGDumper/refs/heads/main/config.txt
2026-06-23 14:47:25,111 | INFO     |   → 983/1273 ❌ HTTP 404 — https://raw.githubusercontent.com/miladtahanian/multi-proxy-config-fetcher/refs/heads/main/configs/proxy_configs.txt
2026-06-23 14:47:25,111 | INFO     |   → 984/1273: ✅ 0 взято | 🗑️ 0 мусор
2026-06-23 14:47:25,111 | INFO     |   → 985/1273: ✅ 0 взято | 🗑️ 0 мусор
2026-06-23 14:47:25,111 | INFO     |   → 986/1273: ✅ 0 взято | 🗑️ 0 мусор
2026-06-23 14:47:25,111 | INFO     |   → 987/1273: ✅ 15 взято | 🗑️ 46 мусор
2026-06-23 14:47:25,111 | INFO     |   → 988/1273: ✅ 0 взято | 🗑️ 179 мусор
2026-06-23 14:47:25,111 | INFO     |   → 989/1273: ✅ 0 взято | 🗑️ 0 мусор
2026-06-23 14:47:25,112 | INFO     |   → 990/1273: ✅ 28 взято | 🗑️ 93 мусор
2026-06-23 14:47:25,112 | INFO     |   → 991/1273: ✅ 0 взято | 🗑️ 0 мусор
2026-06-23 14:47:25,112 | INFO     |   → 992/1273: ✅ 15 взято | 🗑️ 70 мусор
2026-06-23 14:47:25,112 | INFO     |   → 993/1273: ✅ 127 взято | 🗑️ 492 мусор
2026-06-23 14:47:25,112 | INFO     |   → 994/1273: ✅ 331 взято | 🗑️ 190 мусор
2026-06-23 14:47:25,112 | INFO     |   → 995/1273: ✅ 27 взято | 🗑️ 1274 мусор
2026-06-23 14:47:25,112 | INFO     |   → 996/1273 ❌ HTTP 404 — https://raw.githubusercontent.com/obscure1990/freeVM/master/snippets/nodes.yml
2026-06-23 14:47:25,112 | INFO     |   → 997/1273 ❌ HTTP 404 — https://raw.githubusercontent.com/op30mmd/things/909b38024ba14d69dc0f95c238f63bc6e930a00f/eut.txt
2026-06-23 14:47:25,112 | INFO     |   → 998/1273 ❌ HTTP 404 — https://raw.githubusercontent.com/openRunner/clash-freenode/main/v2ray.txt
2026-06-23 14:47:25,112 | INFO     |   → 999/1273 ❌ HTTP 404 — https://raw.githubusercontent.com/oslook/clash-freenode/main/clash.yaml
2026-06-23 14:47:25,112 | INFO     |   → 1000/1273: ✅ 0 взято | 🗑️ 0 мусор
2026-06-23 14:47:25,112 | INFO     |   → 1001/1273: ✅ 4 взято | 🗑️ 1 мусор
2026-06-23 14:47:25,112 | INFO     |   → 1002/1273: ✅ 0 взято | 🗑️ 0 мусор
2026-06-23 14:47:25,112 | INFO     |   → 1003/1273: ✅ 7 взято | 🗑️ 75 мусор
2026-06-23 14:47:25,112 | INFO     |   → 1004/1273: ✅ 0 взято | 🗑️ 0 мусор
2026-06-23 14:47:25,112 | INFO     |   → 1005/1273: ✅ 0 взято | 🗑️ 0 мусор
2026-06-23 14:47:25,113 | INFO     |   → 1006/1273: ✅ 0 взято | 🗑️ 19 мусор
2026-06-23 14:47:25,113 | INFO     |   → 1007/1273: ✅ 0 взято | 🗑️ 44 мусор
2026-06-23 14:47:25,113 | INFO     |   → 1008/1273: ✅ 63 взято | 🗑️ 521 мусор
2026-06-23 14:47:25,113 | INFO     |   → 1009/1273: ✅ 165 взято | 🗑️ 273 мусор
2026-06-23 14:47:25,113 | INFO     |   → 1010/1273: ✅ 0 взято | 🗑️ 0 мусор
2026-06-23 14:47:25,113 | INFO     |   → 1011/1273: ✅ 28 взято | 🗑️ 211 мусор
2026-06-23 14:47:25,113 | INFO     |   → 1012/1273: ✅ 0 взято | 🗑️ 79 мусор
2026-06-23 14:47:25,113 | INFO     |   → 1013/1273: ✅ 13 взято | 🗑️ 32 мусор
2026-06-23 14:47:25,113 | INFO     |   → 1014/1273: ✅ 0 взято | 🗑️ 0 мусор
2026-06-23 14:47:25,113 | INFO     |   → 1015/1273: ✅ 2 взято | 🗑️ 9 мусор
2026-06-23 14:47:25,113 | INFO     |   → 1016/1273: ✅ 11 взято | 🗑️ 76 мусор
2026-06-23 14:47:25,113 | INFO     |   → 1017/1273: ✅ 0 взято | 🗑️ 168 мусор
2026-06-23 14:47:25,113 | INFO     |   → 1018/1273: ✅ 0 взято | 🗑️ 79 мусор
2026-06-23 14:47:25,113 | INFO     |   → 1019/1273: ✅ 0 взято | 🗑️ 14 мусор
2026-06-23 14:47:25,113 | INFO     |   → 1020/1273 ❌ HTTP 404 — https://raw.githubusercontent.com/ronghuaxueleng/get_v2/main/pub/changfengoss.yaml
2026-06-23 14:47:25,113 | INFO     |   → 1021/1273: ✅ 0 взято | 🗑️ 0 мусор
2026-06-23 14:47:25,113 | INFO     |   → 1022/1273: ✅ 114 взято | 🗑️ 36 мусор
2026-06-23 14:47:25,114 | INFO     |   → 1023/1273: ✅ 0 взято | 🗑️ 36 мусор
2026-06-23 14:47:25,114 | INFO     |   → 1024/1273 ❌ HTTP 404 — https://raw.githubusercontent.com/rxsweet/CM_Vmess/refs/heads/main/test.txt
2026-06-23 14:47:25,114 | INFO     |   → 1025/1273 ❌ HTTP 404 — https://raw.githubusercontent.com/rxsweet/proxies/main/sub/free.yaml
2026-06-23 14:47:25,114 | INFO     |   → 1026/1273 ❌ HTTP 404 — https://raw.githubusercontent.com/rxsweet/proxies/main/sub/rx.yaml
2026-06-23 14:47:25,114 | INFO     |   → 1027/1273 ❌ HTTP 404 — https://raw.githubusercontent.com/rxsweet/proxies/main/sub/sources/dynamicAll.yaml
2026-06-23 14:47:25,114 | INFO     |   → 1028/1273 ❌ HTTP 404 — https://raw.githubusercontent.com/rxsweet/proxies/main/sub/sources/miningAll.yaml
2026-06-23 14:47:25,114 | INFO     |   → 1029/1273 ❌ HTTP 404 — https://raw.githubusercontent.com/rxsweet/proxies/main/sub/srx.yaml
2026-06-23 14:47:25,114 | INFO     |   → 1030/1273 ❌ HTTP 404 — https://raw.githubusercontent.com/sajad-sajadi/V2ray-Collector/raw/main/output/protocols/vmess.txt
2026-06-23 14:47:25,114 | INFO     |   → 1031/1273 ❌ HTTP 404 — https://raw.githubusercontent.com/sakha1370/OpenRay/raw/refs/heads/main/output/all_valid_proxies.txt
2026-06-23 14:47:25,114 | INFO     |   → 1032/1273: ✅ 53 взято | 🗑️ 399 мусор
2026-06-23 14:47:25,114 | INFO     |   → 1033/1273: ✅ 0 взято | 🗑️ 399 мусор
2026-06-23 14:47:25,114 | INFO     |   → 1034/1273 ❌ HTTP 404 — https://raw.githubusercontent.com/samjoeyang/subscribe/main/fly
2026-06-23 14:47:25,114 | INFO     |   → 1035/1273: ✅ 0 взято | 🗑️ 0 мусор
2026-06-23 14:47:25,114 | INFO     |   → 1036/1273 ❌ HTTP 404 — https://raw.githubusercontent.com/sarina-ad/v2ray/main/v2ray
2026-06-23 14:47:25,114 | INFO     |   → 1037/1273 ❌ HTTP 404 — https://raw.githubusercontent.com/satrom/V2SSR/master/SSR/Sub.txt
2026-06-23 14:47:25,114 | INFO     |   → 1038/1273 ❌ HTTP 404 — https://raw.githubusercontent.com/satrom/V2SSR/master/V2RAY/Sub.txt
2026-06-23 14:47:25,115 | INFO     |   → 1039/1273: ✅ 11908 взято | 🗑️ 207514 мусор
2026-06-23 14:47:25,115 | INFO     |   → 1040/1273: ✅ 0 взято | 🗑️ 0 мусор
2026-06-23 14:47:25,115 | INFO     |   → 1041/1273: ✅ 0 взято | 🗑️ 0 мусор
2026-06-23 14:47:25,115 | INFO     |   → 1042/1273: ✅ 3 взято | 🗑️ 49 мусор
2026-06-23 14:47:25,115 | INFO     |   → 1043/1273: ✅ 372 взято | 🗑️ 2407 мусор
2026-06-23 14:47:25,115 | INFO     |   → 1044/1273: ✅ 0 взято | 🗑️ 1180 мусор
2026-06-23 14:47:25,115 | INFO     |   → 1045/1273: ✅ 0 взято | 🗑️ 130 мусор
2026-06-23 14:47:25,115 | INFO     |   → 1046/1273: ✅ 0 взято | 🗑️ 1070 мусор
2026-06-23 14:47:25,115 | INFO     |   → 1047/1273: ✅ 0 взято | 🗑️ 27 мусор
2026-06-23 14:47:25,115 | INFO     |   → 1048/1273: ✅ 0 взято | 🗑️ 2407 мусор
2026-06-23 14:47:25,115 | INFO     |   → 1049/1273: ✅ 0 взято | 🗑️ 0 мусор
2026-06-23 14:47:25,115 | INFO     |   → 1050/1273 ❌ HTTP 404 — https://raw.githubusercontent.com/shirkerboy/scp/main/sub
2026-06-23 14:47:25,115 | INFO     |   → 1051/1273 ❌ HTTP 404 — https://raw.githubusercontent.com/snakem982/proxypool/main/nodelist.txt
2026-06-23 14:47:25,115 | INFO     |   → 1052/1273: ✅ 1 взято | 🗑️ 0 мусор
2026-06-23 14:47:25,115 | INFO     |   → 1053/1273 ❌ HTTP 404 — https://raw.githubusercontent.com/snakem982/proxypool/main/source/v2ray.txt
2026-06-23 14:47:25,115 | INFO     |   → 1054/1273 ❌ HTTP 404 — https://raw.githubusercontent.com/soroushmirzaei/telegram-configs-collector/main/channels/protocols/hysteria
2026-06-23 14:47:25,116 | INFO     |   → 1055/1273 ❌ HTTP 404 — https://raw.githubusercontent.com/soroushmirzaei/telegram-configs-collector/main/channels/protocols/juicity
2026-06-23 14:47:25,116 | INFO     |   → 1056/1273 ❌ HTTP 404 — https://raw.githubusercontent.com/soroushmirzaei/telegram-configs-collector/main/channels/protocols/reality
2026-06-23 14:47:25,116 | INFO     |   → 1057/1273 ❌ HTTP 404 — https://raw.githubusercontent.com/soroushmirzaei/telegram-configs-collector/main/channels/protocols/shadowsocks
2026-06-23 14:47:25,116 | INFO     |   → 1058/1273 ❌ HTTP 404 — https://raw.githubusercontent.com/soroushmirzaei/telegram-configs-collector/main/channels/protocols/trojan
2026-06-23 14:47:25,116 | INFO     |   → 1059/1273 ❌ HTTP 404 — https://raw.githubusercontent.com/soroushmirzaei/telegram-configs-collector/main/channels/protocols/tuic
2026-06-23 14:47:25,116 | INFO     |   → 1060/1273 ❌ HTTP 404 — https://raw.githubusercontent.com/soroushmirzaei/telegram-configs-collector/main/channels/protocols/vless
2026-06-23 14:47:25,116 | INFO     |   → 1061/1273 ❌ HTTP 404 — https://raw.githubusercontent.com/soroushmirzaei/telegram-configs-collector/main/channels/protocols/vmess
2026-06-23 14:47:25,116 | INFO     |   → 1062/1273 ❌ HTTP 404 — https://raw.githubusercontent.com/soroushmirzaei/telegram-configs-collector/main/countries/jp/mixed
2026-06-23 14:47:25,116 | INFO     |   → 1063/1273 ❌ HTTP 404 — https://raw.githubusercontent.com/soroushmirzaei/telegram-configs-collector/main/protocols/hysteria
2026-06-23 14:47:25,116 | INFO     |   → 1064/1273 ❌ HTTP 404 — https://raw.githubusercontent.com/soroushmirzaei/telegram-configs-collector/main/protocols/juicity
2026-06-23 14:47:25,116 | INFO     |   → 1065/1273 ❌ HTTP 404 — https://raw.githubusercontent.com/soroushmirzaei/telegram-configs-collector/main/protocols/reality
2026-06-23 14:47:25,116 | INFO     |   → 1066/1273 ❌ HTTP 404 — https://raw.githubusercontent.com/soroushmirzaei/telegram-configs-collector/main/protocols/shadowsocks
2026-06-23 14:47:25,116 | INFO     |   → 1067/1273 ❌ HTTP 404 — https://raw.githubusercontent.com/soroushmirzaei/telegram-configs-collector/main/protocols/trojan
2026-06-23 14:47:25,116 | INFO     |   → 1068/1273 ❌ HTTP 404 — https://raw.githubusercontent.com/soroushmirzaei/telegram-configs-collector/main/protocols/tuic
2026-06-23 14:47:25,116 | INFO     |   → 1069/1273 ❌ HTTP 404 — https://raw.githubusercontent.com/soroushmirzaei/telegram-configs-collector/main/protocols/vless
2026-06-23 14:47:25,116 | INFO     |   → 1070/1273 ❌ HTTP 404 — https://raw.githubusercontent.com/soroushmirzaei/telegram-configs-collector/main/protocols/vmess
2026-06-23 14:47:25,117 | INFO     |   → 1071/1273 ❌ HTTP 404 — https://raw.githubusercontent.com/soroushmirzaei/telegram-configs-collector/main/splitted/subscribe
2026-06-23 14:47:25,117 | INFO     |   → 1072/1273 ❌ HTTP 404 — https://raw.githubusercontent.com/ssrsub/ssr/master/Clash.yml
2026-06-23 14:47:25,117 | INFO     |   → 1073/1273 ❌ HTTP 404 — https://raw.githubusercontent.com/ssrsub/ssr/master/V2Ray
2026-06-23 14:47:25,117 | INFO     |   → 1074/1273 ❌ HTTP 404 — https://raw.githubusercontent.com/ssrsub/ssr/master/ss-sub
2026-06-23 14:47:25,117 | INFO     |   → 1075/1273 ❌ HTTP 404 — https://raw.githubusercontent.com/ssrsub/ssr/master/ssrsub
2026-06-23 14:47:25,117 | INFO     |   → 1076/1273 ❌ HTTP 404 — https://raw.githubusercontent.com/ssrsub/ssr/master/trojan
2026-06-23 14:47:25,117 | INFO     |   → 1077/1273: ✅ 0 взято | 🗑️ 0 мусор
2026-06-23 14:47:25,117 | INFO     |   → 1078/1273: ✅ 2 взято | 🗑️ 12 мусор
2026-06-23 14:47:25,117 | INFO     |   → 1079/1273: ✅ 0 взято | 🗑️ 13 мусор
2026-06-23 14:47:25,117 | INFO     |   → 1080/1273: ✅ 0 взято | 🗑️ 13 мусор
2026-06-23 14:47:25,117 | INFO     |   → 1081/1273 ❌ HTTP 404 — https://raw.githubusercontent.com/tbbatbb/Proxy/master/dist/clash.config.yaml
2026-06-23 14:47:25,117 | INFO     |   → 1082/1273: ✅ 2 взято | 🗑️ 35 мусор
2026-06-23 14:47:25,117 | INFO     |   → 1083/1273: ✅ 0 взято | 🗑️ 0 мусор
2026-06-23 14:47:25,117 | INFO     |   → 1084/1273: ✅ 5 взято | 🗑️ 111 мусор
2026-06-23 14:47:25,117 | INFO     |   → 1085/1273: ✅ 0 взято | 🗑️ 0 мусор
2026-06-23 14:47:25,117 | INFO     |   → 1086/1273: ✅ 0 взято | 🗑️ 145 мусор
2026-06-23 14:47:25,118 | INFO     |   → 1087/1273 ❌ HTTP 404 — https://raw.githubusercontent.com/v2clash/Autoproxy/a81f840ab2364124133572ec94e4b81fb0d4e58d/sub/2401/240104.txt
2026-06-23 14:47:25,118 | INFO     |   → 1088/1273 ❌ HTTP 404 — https://raw.githubusercontent.com/v2clash/V2ray-Configs/31f493c584d0c7b56350f4a34d80c53ad82bcc18/Sub9.txt
2026-06-23 14:47:25,118 | INFO     |   → 1089/1273: ✅ 0 взято | 🗑️ 0 мусор
2026-06-23 14:47:25,118 | INFO     |   → 1090/1273: ✅ 0 взято | 🗑️ 0 мусор
2026-06-23 14:47:25,118 | INFO     |   → 1091/1273: ✅ 0 взято | 🗑️ 0 мусор
2026-06-23 14:47:25,118 | INFO     |   → 1092/1273: ✅ 283 взято | 🗑️ 9640 мусор
2026-06-23 14:47:25,118 | INFO     |   → 1093/1273: ✅ 281 взято | 🗑️ 10086 мусор
2026-06-23 14:47:25,118 | INFO     |   → 1094/1273: ✅ 280 взято | 🗑️ 9675 мусор
2026-06-23 14:47:25,118 | INFO     |   → 1095/1273: ✅ 334 взято | 🗑️ 9823 мусор
2026-06-23 14:47:25,118 | INFO     |   → 1096/1273: ✅ 350 взято | 🗑️ 9639 мусор
2026-06-23 14:47:25,118 | INFO     |   → 1097/1273: ✅ 125 взято | 🗑️ 7919 мусор
2026-06-23 14:47:25,118 | INFO     |   → 1098/1273: ✅ 135 взято | 🗑️ 4836 мусор
2026-06-23 14:47:25,118 | INFO     |   → 1099/1273: ✅ 502 взято | 🗑️ 7659 мусор
2026-06-23 14:47:25,118 | INFO     |   → 1100/1273: ✅ 631 взято | 🗑️ 8081 мусор
2026-06-23 14:47:25,118 | INFO     |   → 1101/1273: ✅ 202 взято | 🗑️ 5131 мусор
2026-06-23 14:47:25,119 | INFO     |   → 1102/1273 ❌ HTTP 404 — https://raw.githubusercontent.com/vveg26/chromego_merge/main/sub/merged_proxies.yaml
2026-06-23 14:47:25,119 | INFO     |   → 1103/1273 ❌ HTTP 404 — https://raw.githubusercontent.com/vveg26/get_proxy/main/dist/clash.config.yaml
2026-06-23 14:47:25,119 | INFO     |   → 1104/1273: ✅ 0 взято | 🗑️ 10 мусор
2026-06-23 14:47:25,119 | INFO     |   → 1105/1273: ✅ 0 взято | 🗑️ 10 мусор
2026-06-23 14:47:25,119 | INFO     |   → 1106/1273: ✅ 0 взято | 🗑️ 4 мусор
2026-06-23 14:47:25,119 | INFO     |   → 1107/1273: ✅ 0 взято | 🗑️ 0 мусор
2026-06-23 14:47:25,119 | INFO     |   → 1108/1273: ✅ 0 взято | 🗑️ 4 мусор
2026-06-23 14:47:25,119 | INFO     |   → 1109/1273: ✅ 106 взято | 🗑️ 689 мусор
2026-06-23 14:47:25,119 | INFO     |   → 1110/1273: ✅ 48 взято | 🗑️ 841 мусор
2026-06-23 14:47:25,119 | INFO     |   → 1111/1273: ✅ 21 взято | 🗑️ 789 мусор
2026-06-23 14:47:25,119 | INFO     |   → 1112/1273: ✅ 24 взято | 🗑️ 774 мусор
2026-06-23 14:47:25,119 | INFO     |   → 1113/1273: ✅ 52 взято | 🗑️ 756 мусор
2026-06-23 14:47:25,119 | INFO     |   → 1114/1273: ✅ 191 взято | 🗑️ 745 мусор
2026-06-23 14:47:25,119 | INFO     |   → 1115/1273: ✅ 9 взято | 🗑️ 651 мусор
2026-06-23 14:47:25,119 | INFO     |   → 1116/1273: ✅ 185 взято | 🗑️ 388 мусор
2026-06-23 14:47:25,119 | INFO     |   → 1117/1273: ✅ 130 взято | 🗑️ 523 мусор
2026-06-23 14:47:25,120 | INFO     |   → 1118/1273: ✅ 67 взято | 🗑️ 533 мусор
2026-06-23 14:47:25,120 | INFO     |   → 1119/1273: ✅ 98 взято | 🗑️ 444 мусор
2026-06-23 14:47:25,120 | INFO     |   → 1120/1273: ✅ 102 взято | 🗑️ 670 мусор
2026-06-23 14:47:25,120 | INFO     |   → 1121/1273: ✅ 86 взято | 🗑️ 476 мусор
2026-06-23 14:47:25,120 | INFO     |   → 1122/1273: ✅ 95 взято | 🗑️ 657 мусор
2026-06-23 14:47:25,120 | INFO     |   → 1123/1273: ✅ 105 взято | 🗑️ 645 мусор
2026-06-23 14:47:25,120 | INFO     |   → 1124/1273: ✅ 115 взято | 🗑️ 985 мусор
2026-06-23 14:47:25,120 | INFO     |   → 1125/1273: ✅ 6 взято | 🗑️ 63 мусор
2026-06-23 14:47:25,120 | INFO     |   → 1126/1273: ✅ 7 взято | 🗑️ 62 мусор
2026-06-23 14:47:25,120 | INFO     |   → 1127/1273: ✅ 39 взято | 🗑️ 489 мусор
2026-06-23 14:47:25,120 | INFO     |   → 1128/1273: ✅ 0 взято | 🗑️ 0 мусор
2026-06-23 14:47:25,120 | INFO     |   → 1129/1273: ✅ 0 взято | 🗑️ 0 мусор
2026-06-23 14:47:25,120 | INFO     |   → 1130/1273: ✅ 0 взято | 🗑️ 0 мусор
2026-06-23 14:47:25,120 | INFO     |   → 1131/1273: ✅ 0 взято | 🗑️ 0 мусор
2026-06-23 14:47:25,120 | INFO     |   → 1132/1273: ✅ 0 взято | 🗑️ 0 мусор
2026-06-23 14:47:25,120 | INFO     |   → 1133/1273: ✅ 0 взято | 🗑️ 52 мусор
2026-06-23 14:47:25,121 | INFO     |   → 1134/1273: ✅ 5 взято | 🗑️ 10 мусор
2026-06-23 14:47:25,121 | INFO     |   → 1135/1273: ✅ 1 взято | 🗑️ 124 мусор
2026-06-23 14:47:25,121 | INFO     |   → 1136/1273: ✅ 223 взято | 🗑️ 154 мусор
2026-06-23 14:47:25,121 | INFO     |   → 1137/1273: ✅ 0 взято | 🗑️ 9 мусор
2026-06-23 14:47:25,121 | INFO     |   → 1138/1273: ✅ 11 взято | 🗑️ 990 мусор
2026-06-23 14:47:25,121 | INFO     |   → 1139/1273 ❌ HTTP 404 — https://raw.githubusercontent.com/xiaozhu2007/xiaozhu2007/61a755a044dbaeea678bc2d1e20f21a21c6d7170/docs/fxxk.txt
2026-06-23 14:47:25,121 | INFO     |   → 1140/1273: ✅ 1 взято | 🗑️ 159 мусор
2026-06-23 14:47:25,121 | INFO     |   → 1141/1273: ✅ 0 взято | 🗑️ 22 мусор
2026-06-23 14:47:25,121 | INFO     |   → 1142/1273: ✅ 0 взято | 🗑️ 0 мусор
2026-06-23 14:47:25,121 | INFO     |   → 1143/1273 ❌ HTTP 404 — https://raw.githubusercontent.com/yebekhe/TVC/0f745f92bf381e505f1245abbc7c145b19b11503/config.txt
2026-06-23 14:47:25,121 | INFO     |   → 1144/1273 ❌ HTTP 404 — https://raw.githubusercontent.com/yebekhe/TVC/9fac69239c69327fb7a61f5a8d79d107133889e1/lite/config.txt
2026-06-23 14:47:25,121 | INFO     |   → 1145/1273 ❌ HTTP 404 — https://raw.githubusercontent.com/yebekhe/TelegramV2rayCollector/main/sub/normal/donated
2026-06-23 14:47:25,121 | INFO     |   → 1146/1273 ❌ HTTP 404 — https://raw.githubusercontent.com/yebekhe/TelegramV2rayCollector/main/sub/normal/hysteria2
2026-06-23 14:47:25,121 | INFO     |   → 1147/1273 ❌ HTTP 404 — https://raw.githubusercontent.com/yebekhe/TelegramV2rayCollector/main/sub/normal/mix
2026-06-23 14:47:25,121 | INFO     |   → 1148/1273 ❌ HTTP 404 — https://raw.githubusercontent.com/yebekhe/TelegramV2rayCollector/main/sub/normal/reality
2026-06-23 14:47:25,122 | INFO     |   → 1149/1273 ❌ HTTP 404 — https://raw.githubusercontent.com/yebekhe/TelegramV2rayCollector/main/sub/normal/shadowsocks
2026-06-23 14:47:25,122 | INFO     |   → 1150/1273 ❌ HTTP 404 — https://raw.githubusercontent.com/yebekhe/TelegramV2rayCollector/main/sub/normal/trojan
2026-06-23 14:47:25,122 | INFO     |   → 1151/1273 ❌ HTTP 404 — https://raw.githubusercontent.com/yebekhe/TelegramV2rayCollector/main/sub/normal/tuic
2026-06-23 14:47:25,122 | INFO     |   → 1152/1273 ❌ HTTP 404 — https://raw.githubusercontent.com/yebekhe/TelegramV2rayCollector/main/sub/normal/vless
2026-06-23 14:47:25,122 | INFO     |   → 1153/1273 ❌ HTTP 404 — https://raw.githubusercontent.com/yebekhe/TelegramV2rayCollector/main/sub/normal/vmess
2026-06-23 14:47:25,122 | INFO     |   → 1154/1273 ❌ HTTP 404 — https://raw.githubusercontent.com/yebekhe/V2Hub/main/Split/Normal/shadowsocks
2026-06-23 14:47:25,122 | INFO     |   → 1155/1273 ❌ HTTP 404 — https://raw.githubusercontent.com/yebekhe/V2Hub/main/merged
2026-06-23 14:47:25,122 | INFO     |   → 1156/1273: ✅ 0 взято | 🗑️ 30 мусор
2026-06-23 14:47:25,122 | INFO     |   → 1157/1273: ✅ 1339 взято | 🗑️ 10561 мусор
2026-06-23 14:47:25,122 | INFO     |   → 1158/1273: ✅ 30 взято | 🗑️ 572 мусор
2026-06-23 14:47:25,122 | INFO     |   → 1159/1273: ✅ 15 взято | 🗑️ 395 мусор
2026-06-23 14:47:25,122 | INFO     |   → 1160/1273: ✅ 205 взято | 🗑️ 357 мусор
2026-06-23 14:47:25,122 | INFO     |   → 1161/1273: ✅ 0 взято | 🗑️ 1992 мусор
2026-06-23 14:47:25,122 | INFO     |   → 1162/1273: ✅ 3 взято | 🗑️ 558 мусор
2026-06-23 14:47:25,122 | INFO     |   → 1163/1273 ❌ HTTP 404 — https://raw.githubusercontent.com/yyyr-otz/tele-providers-collector/019cb3e07ee52fddbc7caa54fc670c6b9bae6539/sub/proxies.txt
2026-06-23 14:47:25,122 | INFO     |   → 1164/1273 ❌ HTTP 404 — https://raw.githubusercontent.com/yyyr-otz/tele-providers-collector/b7a74ee98bcf02c5a507d688a1bed3aa9f7f4ed1/script/raw/protocols/mixed.txt
2026-06-23 14:47:25,123 | INFO     |   → 1165/1273: ✅ 0 взято | 🗑️ 0 мусор
2026-06-23 14:47:25,123 | INFO     |   → 1166/1273: ✅ 0 взято | 🗑️ 0 мусор
2026-06-23 14:47:25,123 | INFO     |   → 1167/1273: ✅ 1 взято | 🗑️ 18 мусор
2026-06-23 14:47:25,123 | INFO     |   → 1168/1273: ✅ 0 взято | 🗑️ 34 мусор
2026-06-23 14:47:25,123 | INFO     |   → 1169/1273: ✅ 0 взято | 🗑️ 5 мусор
2026-06-23 14:47:25,123 | INFO     |   → 1170/1273: ✅ 0 взято | 🗑️ 0 мусор
2026-06-23 14:47:25,123 | INFO     |   → 1171/1273 ⚠️ Ошибка: ('Connection aborted.', RemoteDisconnected('Remote end closed connection without response')) — https://sub.pmsub.me/clash.yaml
2026-06-23 14:47:25,123 | INFO     |   → 1172/1273: ✅ 0 взято | 🗑️ 1 мусор
2026-06-23 14:47:25,123 | INFO     |   → 1173/1273: ✅ 8 взято | 🗑️ 21 мусор
2026-06-23 14:47:25,123 | INFO     |   → 1174/1273: ✅ 0 взято | 🗑️ 0 мусор
2026-06-23 14:47:25,123 | INFO     |   → 1175/1273: ✅ 9 взято | 🗑️ 19 мусор
2026-06-23 14:47:25,123 | INFO     |   → 1176/1273: ✅ 0 взято | 🗑️ 0 мусор
2026-06-23 14:47:25,123 | INFO     |   → 1177/1273: ✅ 2 взято | 🗑️ 14 мусор
2026-06-23 14:47:25,123 | INFO     |   → 1178/1273: ✅ 4 взято | 🗑️ 22 мусор
2026-06-23 14:47:25,123 | INFO     |   → 1179/1273: ✅ 0 взято | 🗑️ 0 мусор
2026-06-23 14:47:25,123 | INFO     |   → 1180/1273: ✅ 0 взято | 🗑️ 0 мусор
2026-06-23 14:47:25,124 | INFO     |   → 1181/1273: ✅ 0 взято | 🗑️ 0 мусор
2026-06-23 14:47:25,124 | INFO     |   → 1182/1273: ✅ 2 взято | 🗑️ 16 мусор
2026-06-23 14:47:25,124 | INFO     |   → 1183/1273: ✅ 0 взято | 🗑️ 0 мусор
2026-06-23 14:47:25,124 | INFO     |   → 1184/1273: ✅ 4 взято | 🗑️ 7 мусор
2026-06-23 14:47:25,124 | INFO     |   → 1185/1273: ✅ 0 взято | 🗑️ 0 мусор
2026-06-23 14:47:25,124 | INFO     |   → 1186/1273: ✅ 6 взято | 🗑️ 14 мусор
2026-06-23 14:47:25,124 | INFO     |   → 1187/1273: ✅ 0 взято | 🗑️ 0 мусор
2026-06-23 14:47:25,124 | INFO     |   → 1188/1273: ✅ 2 взято | 🗑️ 13 мусор
2026-06-23 14:47:25,124 | INFO     |   → 1189/1273: ✅ 0 взято | 🗑️ 0 мусор
2026-06-23 14:47:25,124 | INFO     |   → 1190/1273: ✅ 0 взято | 🗑️ 0 мусор
2026-06-23 14:47:25,124 | INFO     |   → 1191/1273: ✅ 2 взято | 🗑️ 7 мусор
2026-06-23 14:47:25,124 | INFO     |   → 1192/1273: ✅ 1 взято | 🗑️ 14 мусор
2026-06-23 14:47:25,124 | INFO     |   → 1193/1273: ✅ 2 взято | 🗑️ 14 мусор
2026-06-23 14:47:25,124 | INFO     |   → 1194/1273: ✅ 0 взято | 🗑️ 0 мусор
2026-06-23 14:47:25,124 | INFO     |   → 1195/1273: ✅ 3 взято | 🗑️ 22 мусор
2026-06-23 14:47:25,125 | INFO     |   → 1196/1273: ✅ 0 взято | 🗑️ 0 мусор
2026-06-23 14:47:25,125 | INFO     |   → 1197/1273: ✅ 2 взято | 🗑️ 15 мусор
2026-06-23 14:47:25,125 | INFO     |   → 1198/1273: ✅ 3 взято | 🗑️ 12 мусор
2026-06-23 14:47:25,125 | INFO     |   → 1199/1273: ✅ 0 взято | 🗑️ 0 мусор
2026-06-23 14:47:25,125 | INFO     |   → 1200/1273: ✅ 0 взято | 🗑️ 0 мусор
2026-06-23 14:47:25,125 | INFO     |   → 1201/1273: ✅ 0 взято | 🗑️ 0 мусор
2026-06-23 14:47:25,125 | INFO     |   → 1202/1273: ✅ 4 взято | 🗑️ 11 мусор
2026-06-23 14:47:25,125 | INFO     |   → 1203/1273: ✅ 10 взято | 🗑️ 15 мусор
2026-06-23 14:47:25,125 | INFO     |   → 1204/1273: ✅ 0 взято | 🗑️ 0 мусор
2026-06-23 14:47:25,125 | INFO     |   → 1205/1273: ✅ 13 взято | 🗑️ 15 мусор
2026-06-23 14:47:25,125 | INFO     |   → 1206/1273: ✅ 0 взято | 🗑️ 0 мусор
2026-06-23 14:47:25,125 | INFO     |   → 1207/1273: ✅ 5 взято | 🗑️ 15 мусор
2026-06-23 14:47:25,125 | INFO     |   → 1208/1273: ✅ 0 взято | 🗑️ 0 мусор
2026-06-23 14:47:25,125 | INFO     |   → 1209/1273: ✅ 8 взято | 🗑️ 16 мусор
2026-06-23 14:47:25,125 | INFO     |   → 1210/1273: ✅ 0 взято | 🗑️ 0 мусор
2026-06-23 14:47:25,125 | INFO     |   → 1211/1273: ✅ 0 взято | 🗑️ 24 мусор
2026-06-23 14:47:25,126 | INFO     |   → 1212/1273: ✅ 0 взято | 🗑️ 0 мусор
2026-06-23 14:47:25,126 | INFO     |   → 1213/1273: ✅ 4 взято | 🗑️ 17 мусор
2026-06-23 14:47:25,126 | INFO     |   → 1214/1273: ✅ 0 взято | 🗑️ 0 мусор
2026-06-23 14:47:25,126 | INFO     |   → 1215/1273: ✅ 12 взято | 🗑️ 18 мусор
2026-06-23 14:47:25,126 | INFO     |   → 1216/1273: ✅ 0 взято | 🗑️ 0 мусор
2026-06-23 14:47:25,126 | INFO     |   → 1217/1273: ✅ 2 взято | 🗑️ 17 мусор
2026-06-23 14:47:25,126 | INFO     |   → 1218/1273: ✅ 0 взято | 🗑️ 0 мусор
2026-06-23 14:47:25,126 | INFO     |   → 1219/1273: ✅ 1 взято | 🗑️ 27 мусор
2026-06-23 14:47:25,126 | INFO     |   → 1220/1273: ✅ 0 взято | 🗑️ 0 мусор
2026-06-23 14:47:25,126 | INFO     |   → 1221/1273: ✅ 4 взято | 🗑️ 15 мусор
2026-06-23 14:47:25,126 | INFO     |   → 1222/1273: ✅ 0 взято | 🗑️ 0 мусор
2026-06-23 14:47:25,126 | INFO     |   → 1223/1273: ✅ 4 взято | 🗑️ 26 мусор
2026-06-23 14:47:25,126 | INFO     |   → 1224/1273: ✅ 0 взято | 🗑️ 0 мусор
2026-06-23 14:47:25,126 | INFO     |   → 1225/1273: ✅ 3 взято | 🗑️ 21 мусор
2026-06-23 14:47:25,126 | INFO     |   → 1226/1273: ✅ 0 взято | 🗑️ 0 мусор
2026-06-23 14:47:25,126 | INFO     |   → 1227/1273: ✅ 8 взято | 🗑️ 12 мусор
2026-06-23 14:47:25,127 | INFO     |   → 1228/1273: ✅ 0 взято | 🗑️ 0 мусор
2026-06-23 14:47:25,127 | INFO     |   → 1229/1273: ✅ 8 взято | 🗑️ 15 мусор
2026-06-23 14:47:25,127 | INFO     |   → 1230/1273: ✅ 0 взято | 🗑️ 0 мусор
2026-06-23 14:47:25,127 | INFO     |   → 1231/1273: ✅ 10 взято | 🗑️ 14 мусор
2026-06-23 14:47:25,127 | INFO     |   → 1232/1273: ✅ 0 взято | 🗑️ 0 мусор
2026-06-23 14:47:25,127 | INFO     |   → 1233/1273: ✅ 5 взято | 🗑️ 18 мусор
2026-06-23 14:47:25,127 | INFO     |   → 1234/1273: ✅ 0 взято | 🗑️ 0 мусор
2026-06-23 14:47:25,127 | INFO     |   → 1235/1273: ✅ 5 взято | 🗑️ 22 мусор
2026-06-23 14:47:25,127 | INFO     |   → 1236/1273: ✅ 0 взято | 🗑️ 0 мусор
2026-06-23 14:47:25,127 | INFO     |   → 1237/1273: ✅ 5 взято | 🗑️ 18 мусор
2026-06-23 14:47:25,127 | INFO     |   → 1238/1273: ✅ 0 взято | 🗑️ 0 мусор
2026-06-23 14:47:25,127 | INFO     |   → 1239/1273: ✅ 1 взято | 🗑️ 23 мусор
2026-06-23 14:47:25,127 | INFO     |   → 1240/1273: ✅ 0 взято | 🗑️ 0 мусор
2026-06-23 14:47:25,127 | INFO     |   → 1241/1273: ✅ 5 взято | 🗑️ 18 мусор
2026-06-23 14:47:25,127 | INFO     |   → 1242/1273: ✅ 0 взято | 🗑️ 0 мусор
2026-06-23 14:47:25,127 | INFO     |   → 1243/1273: ✅ 17 взято | 🗑️ 7 мусор
2026-06-23 14:47:25,127 | INFO     |   → 1244/1273: ✅ 0 взято | 🗑️ 0 мусор
2026-06-23 14:47:25,128 | INFO     |   → 1245/1273: ✅ 3 взято | 🗑️ 17 мусор
2026-06-23 14:47:25,128 | INFO     |   → 1246/1273: ✅ 0 взято | 🗑️ 0 мусор
2026-06-23 14:47:25,128 | INFO     |   → 1247/1273: ✅ 7 взято | 🗑️ 14 мусор
2026-06-23 14:47:25,128 | INFO     |   → 1248/1273: ✅ 0 взято | 🗑️ 0 мусор
2026-06-23 14:47:25,128 | INFO     |   → 1249/1273: ✅ 7 взято | 🗑️ 14 мусор
2026-06-23 14:47:25,128 | INFO     |   → 1250/1273: ✅ 0 взято | 🗑️ 0 мусор
2026-06-23 14:47:25,128 | INFO     |   → 1251/1273: ✅ 8 взято | 🗑️ 11 мусор
2026-06-23 14:47:25,128 | INFO     |   → 1252/1273: ✅ 0 взято | 🗑️ 0 мусор
2026-06-23 14:47:25,128 | INFO     |   → 1253/1273: ✅ 0 взято | 🗑️ 22 мусор
2026-06-23 14:47:25,128 | INFO     |   → 1254/1273: ✅ 0 взято | 🗑️ 0 мусор
2026-06-23 14:47:25,128 | INFO     |   → 1255/1273: ✅ 3 взято | 🗑️ 12 мусор
2026-06-23 14:47:25,128 | INFO     |   → 1256/1273: ✅ 0 взято | 🗑️ 0 мусор
2026-06-23 14:47:25,128 | INFO     |   → 1257/1273: ✅ 0 взято | 🗑️ 7 мусор
2026-06-23 14:47:25,128 | INFO     |   → 1258/1273: ✅ 0 взято | 🗑️ 0 мусор
2026-06-23 14:47:25,128 | INFO     |   → 1259/1273: ✅ 2 взято | 🗑️ 8 мусор
2026-06-23 14:47:25,128 | INFO     |   → 1260/1273: ✅ 0 взято | 🗑️ 0 мусор
2026-06-23 14:47:25,129 | INFO     |   → 1261/1273: ✅ 5 взято | 🗑️ 12 мусор
2026-06-23 14:47:25,129 | INFO     |   → 1262/1273: ✅ 0 взято | 🗑️ 0 мусор
2026-06-23 14:47:25,129 | INFO     |   → 1263/1273: ✅ 2 взято | 🗑️ 12 мусор
2026-06-23 14:47:25,129 | INFO     |   → 1264/1273: ✅ 0 взято | 🗑️ 0 мусор
2026-06-23 14:47:25,129 | INFO     |   → 1265/1273: ✅ 8 взято | 🗑️ 12 мусор
2026-06-23 14:47:25,129 | INFO     |   → 1266/1273: ✅ 0 взято | 🗑️ 0 мусор
2026-06-23 14:47:25,129 | INFO     |   → 1267/1273: ✅ 0 взято | 🗑️ 10 мусор
2026-06-23 14:47:25,129 | INFO     |   → 1268/1273: ✅ 0 взято | 🗑️ 0 мусор
2026-06-23 14:47:25,129 | INFO     |   → 1269/1273: ✅ 6 взято | 🗑️ 14 мусор
2026-06-23 14:47:25,129 | INFO     |   → 1270/1273: ✅ 0 взято | 🗑️ 0 мусор
2026-06-23 14:47:25,129 | INFO     |   → 1271/1273: ✅ 0 взято | 🗑️ 19 мусор
2026-06-23 14:47:25,129 | INFO     |   → 1272/1273: ✅ 0 взято | 🗑️ 0 мусор
2026-06-23 14:47:25,129 | INFO     |   → 1273/1273: ✅ 0 взято | 🗑️ 25 мусор
2026-06-23 14:47:25,129 | INFO     |   → ✅ ГОТОВО!
2026-06-23 14:47:25,129 | INFO     |   →    📥 Всего ключей после фильтра: 52319
2026-06-23 14:47:25,129 | INFO     |   →    🔗 Уникальных IP:PORT:SCHEME: 13500
2026-06-23 14:47:25,130 | INFO     |   →    🗑️ Выброшено мусора: 851435
2026-06-23 14:47:25,130 | INFO     |   → 📊 По протоколам:
2026-06-23 14:47:25,130 | INFO     |   →    vless: 6093
2026-06-23 14:47:25,130 | INFO     |   →    vmess: 3441
2026-06-23 14:47:25,130 | INFO     |   →    trojan: 1730
2026-06-23 14:47:25,130 | INFO     |   →    ss: 2073
2026-06-23 14:47:25,130 | INFO     |   →    hysteria: 13
2026-06-23 14:47:25,130 | INFO     |   →    hysteria2: 30
2026-06-23 14:47:25,130 | INFO     |   →    hy2: 67
2026-06-23 14:47:25,130 | INFO     |   →    tuic: 53
2026-06-23 14:47:25,130 | INFO     | ✅ mirror.py завершён успешно
2026-06-23 14:47:25,130 | INFO     | 
2026-06-23 14:47:25,130 | INFO     | 
2026-06-23 14:47:25,130 | INFO     | ──────────────────────────────────────────────────────────────────────
2026-06-23 14:47:25,130 | INFO     | 📌 ЭТАП: Фильтрация по реальному SNI
2026-06-23 14:47:25,130 | INFO     | ──────────────────────────────────────────────────────────────────────
2026-06-23 14:47:25,130 | INFO     | 🚀 Запуск filter_ru_sni.py (Фильтр по реальному SNI (CDN+RU))...
2026-06-23 14:47:25,471 | INFO     |   → hy2.txt: 67 → 21 (SNI-filtered)
2026-06-23 14:47:25,471 | INFO     |   →   hysteria.txt: 13 → 0 (SNI-filtered)
2026-06-23 14:47:25,471 | INFO     |   →   hysteria2.txt: 30 → 6 (SNI-filtered)
2026-06-23 14:47:25,471 | INFO     |   →   ss.txt: 2073 → 3 (SNI-filtered)
2026-06-23 14:47:25,471 | INFO     |   →   trojan.txt: 1730 → 17 (SNI-filtered)
2026-06-23 14:47:25,471 | INFO     |   →   tuic.txt: 53 → 0 (SNI-filtered)
2026-06-23 14:47:25,471 | INFO     |   →   vless.txt: 6093 → 1024 (SNI-filtered)
2026-06-23 14:47:25,471 | INFO     |   →   vmess.txt: 3441 → 36 (SNI-filtered)
2026-06-23 14:47:25,471 | INFO     |   → ==================================================
2026-06-23 14:47:25,471 | INFO     |   →   Всего входных:  13500
2026-06-23 14:47:25,471 | INFO     |   →   Прошли фильтр:  1107
2026-06-23 14:47:25,471 | INFO     |   →   Отброшено:      12393
2026-06-23 14:47:25,471 | INFO     |   → ==================================================
2026-06-23 14:47:25,471 | INFO     |   → Готово → /home/runner/work/vpn-vless-configs-russia/vpn-vless-configs-russia/githubmirror/ru-sni
2026-06-23 14:47:25,471 | INFO     | ✅ filter_ru_sni.py завершён успешно
2026-06-23 14:47:25,471 | INFO     | 
2026-06-23 14:47:25,471 | INFO     | 
2026-06-23 14:47:25,472 | INFO     | ──────────────────────────────────────────────────────────────────────
2026-06-23 14:47:25,472 | INFO     | 📌 ЭТАП: Экспериментальный RU-SNI фильтр
2026-06-23 14:47:25,472 | INFO     | ──────────────────────────────────────────────────────────────────────
2026-06-23 14:47:25,472 | INFO     | 🚀 Запуск filter_ru_sni_local.py (Экспериментальный фильтр по RU-SNI (локальные домены))...
2026-06-23 14:47:25,697 | INFO     |   → hy2.txt: 67 → 0 (RU-SNI)
2026-06-23 14:47:25,697 | INFO     |   → hysteria.txt: 13 → 0 (RU-SNI)
2026-06-23 14:47:25,697 | INFO     |   → hysteria2.txt: 30 → 0 (RU-SNI)
2026-06-23 14:47:25,697 | INFO     |   → ss.txt: 2073 → 0 (RU-SNI)
2026-06-23 14:47:25,697 | INFO     |   → trojan.txt: 1730 → 1 (RU-SNI)
2026-06-23 14:47:25,697 | INFO     |   → tuic.txt: 53 → 0 (RU-SNI)
2026-06-23 14:47:25,697 | INFO     |   → vless.txt: 6093 → 177 (RU-SNI)
2026-06-23 14:47:25,697 | INFO     |   → vmess.txt: 3441 → 0 (RU-SNI)
2026-06-23 14:47:25,697 | INFO     |   → ==================================================
2026-06-23 14:47:25,697 | INFO     |   → Всего входных:  13500
2026-06-23 14:47:25,697 | INFO     |   → Прошли RU-SNI:  178
2026-06-23 14:47:25,697 | INFO     |   → Отброшено:      13322
2026-06-23 14:47:25,697 | INFO     |   → ==================================================
2026-06-23 14:47:25,698 | INFO     |   → Готово → /home/runner/work/vpn-vless-configs-russia/vpn-vless-configs-russia/githubmirror/ru-sni-local
2026-06-23 14:47:25,698 | INFO     | ✅ filter_ru_sni_local.py завершён успешно
2026-06-23 14:47:25,698 | INFO     | 
2026-06-23 14:47:25,698 | INFO     | 
2026-06-23 14:47:25,698 | INFO     | ──────────────────────────────────────────────────────────────────────
2026-06-23 14:47:25,698 | INFO     | 📌 ЭТАП: Сбор статистики
2026-06-23 14:47:25,698 | INFO     | ──────────────────────────────────────────────────────────────────────
2026-06-23 14:47:25,698 | INFO     | 📊 Сбор статистики...
2026-06-23 14:47:25,698 | INFO     |   📁 githubmirror/clean:
2026-06-23 14:47:25,698 | INFO     |     • hy2         :    67 конфигов
2026-06-23 14:47:25,699 | INFO     |     • hysteria    :    13 конфигов
2026-06-23 14:47:25,699 | INFO     |     • hysteria2   :    30 конфигов
2026-06-23 14:47:25,700 | INFO     |     • ss          :  2073 конфигов
2026-06-23 14:47:25,702 | INFO     |     • trojan      :  1730 конфигов
2026-06-23 14:47:25,702 | INFO     |     • tuic        :    53 конфигов
2026-06-23 14:47:25,708 | INFO     |     • vless       :  6093 конфигов
2026-06-23 14:47:25,711 | INFO     |     • vmess       :  3441 конфигов
2026-06-23 14:47:25,711 | INFO     |   📁 githubmirror/ru-sni:
2026-06-23 14:47:25,711 | INFO     |     • hy2         :    21 конфигов ( 31.3% от clean)
2026-06-23 14:47:25,711 | INFO     |     • hysteria    :     0 конфигов (  0.0% от clean)
2026-06-23 14:47:25,711 | INFO     |     • hysteria2   :     6 конфигов ( 20.0% от clean)
2026-06-23 14:47:25,712 | INFO     |     • ss          :     3 конфигов (  0.1% от clean)
2026-06-23 14:47:25,712 | INFO     |     • trojan      :    17 конфигов (  1.0% от clean)
2026-06-23 14:47:25,712 | INFO     |     • tuic        :     0 конфигов (  0.0% от clean)
2026-06-23 14:47:25,713 | INFO     |     • vless       :  1024 конфигов ( 16.8% от clean)
2026-06-23 14:47:25,713 | INFO     |     • vmess       :    36 конфигов (  1.0% от clean)
2026-06-23 14:47:25,713 | INFO     | 
2026-06-23 14:47:25,713 | INFO     |   ──────────────────────────────────────────────────
2026-06-23 14:47:25,713 | INFO     |   📈 ИТОГО:
2026-06-23 14:47:25,713 | INFO     |     Clean (после geo-фильтра):    13500
2026-06-23 14:47:25,713 | INFO     |     RU-SNI (после SNI-фильтра):    1107
2026-06-23 14:47:25,713 | INFO     |     Прошло фильтр:                  8.2%
2026-06-23 14:47:25,714 | INFO     |   ──────────────────────────────────────────────────
2026-06-23 14:47:25,714 | INFO     | ✅ Статистика сохранена: /home/runner/work/vpn-vless-configs-russia/vpn-vless-configs-russia/stats.json
2026-06-23 14:47:25,714 | INFO     | 
2026-06-23 14:47:25,714 | INFO     | ======================================================================
2026-06-23 14:47:25,714 | INFO     | 📊 ИТОГОВЫЙ ОТЧЁТ
2026-06-23 14:47:25,714 | INFO     | ======================================================================
2026-06-23 14:47:25,714 | INFO     |   ✅ OK         | Загрузка и geo-фильтрация
2026-06-23 14:47:25,714 | INFO     |   ✅ OK         | Фильтрация по реальному SNI
2026-06-23 14:47:25,714 | INFO     |   ✅ OK         | Экспериментальный RU-SNI фильтр
2026-06-23 14:47:25,715 | INFO     |   ✅ OK         | Сбор статистики
2026-06-23 14:47:25,715 | INFO     | ──────────────────────────────────────────────────────────────────────
2026-06-23 14:47:25,715 | INFO     | ✅ ВСЕ ЭТАПЫ УСПЕШНЫ (4/4)
2026-06-23 14:47:25,715 | INFO     | ⏰ Время завершения: 2026-06-23 14:47:25
2026-06-23 14:47:25,715 | INFO     | ======================================================================
