2026-07-01 02:55:06,044 | INFO     | ======================================================================
2026-07-01 02:55:06,044 | INFO     | 🔍 VPN KEY CHECKER - Начало проверки
2026-07-01 02:55:06,044 | INFO     | ⏰ Время старта: 2026-07-01 02:55:06
2026-07-01 02:55:06,044 | INFO     | 📂 Рабочая директория: /home/runner/work/vpn-vless-configs-russia/vpn-vless-configs-russia
2026-07-01 02:55:06,045 | INFO     | ======================================================================
2026-07-01 02:55:06,045 | INFO     | 
2026-07-01 02:55:06,045 | INFO     | 🔍 Проверка наличия скриптов...
2026-07-01 02:55:06,045 | INFO     |   ✅ mirror.py
2026-07-01 02:55:06,045 | INFO     |   ✅ filter_ru_sni.py
2026-07-01 02:55:06,045 | INFO     |   ✅ filter_ru_sni_local.py
2026-07-01 02:55:06,045 | INFO     | 
2026-07-01 02:55:06,045 | INFO     | 
2026-07-01 02:55:06,045 | INFO     | ──────────────────────────────────────────────────────────────────────
2026-07-01 02:55:06,045 | INFO     | 📌 ЭТАП: Загрузка и geo-фильтрация
2026-07-01 02:55:06,045 | INFO     | ──────────────────────────────────────────────────────────────────────
2026-07-01 02:55:06,045 | INFO     | 🚀 Запуск mirror.py (Загрузка и фильтрация по РФ/СНГ/Европа)...
2026-07-01 03:01:12,918 | INFO     |   → 🚀 Старт: всего источников (старые + новые): 1331
2026-07-01 03:01:12,918 | INFO     |   → 1/1331: ✅ 4 взято | 🗑️ 147 мусор
2026-07-01 03:01:12,919 | INFO     |   → 2/1331: ✅ 0 взято | 🗑️ 0 мусор
2026-07-01 03:01:12,919 | INFO     |   → 3/1331 ❌ HTTP 404 — https://bitbucket.org/huwo1/proxy_nodes/raw/f31ca9ec67b84071515729ff45b011b6b09c10f2/clash.yaml
2026-07-01 03:01:12,919 | INFO     |   → 4/1331 ❌ HTTP 404 — https://cdn.jsdelivr.net/gh/cry0ice/genode@main/public/all.txt
2026-07-01 03:01:12,919 | INFO     |   → 5/1331 ❌ HTTP 404 — https://cdn.jsdelivr.net/gh/cry0ice/genode@main/public/ss.txt
2026-07-01 03:01:12,919 | INFO     |   → 6/1331 ❌ HTTP 404 — https://cdn.jsdelivr.net/gh/cry0ice/genode@main/public/ssr.txt
2026-07-01 03:01:12,919 | INFO     |   → 7/1331 ❌ HTTP 404 — https://cdn.jsdelivr.net/gh/cry0ice/genode@main/public/trojan.txt
2026-07-01 03:01:12,919 | INFO     |   → 8/1331 ❌ HTTP 404 — https://cdn.jsdelivr.net/gh/cry0ice/genode@main/public/vless.txt
2026-07-01 03:01:12,919 | INFO     |   → 9/1331 ❌ HTTP 404 — https://cdn.jsdelivr.net/gh/cry0ice/genode@main/public/vmess.txt
2026-07-01 03:01:12,919 | INFO     |   → 10/1331: ✅ 0 взято | 🗑️ 0 мусор
2026-07-01 03:01:12,919 | INFO     |   → 11/1331: ✅ 0 взято | 🗑️ 0 мусор
2026-07-01 03:01:12,919 | INFO     |   → 12/1331: ✅ 0 взято | 🗑️ 0 мусор
2026-07-01 03:01:12,919 | INFO     |   → 13/1331: ✅ 0 взято | 🗑️ 0 мусор
2026-07-01 03:01:12,919 | INFO     |   → 14/1331: ✅ 0 взято | 🗑️ 0 мусор
2026-07-01 03:01:12,919 | INFO     |   → 15/1331: ✅ 0 взято | 🗑️ 0 мусор
2026-07-01 03:01:12,919 | INFO     |   → 16/1331: ✅ 0 взято | 🗑️ 0 мусор
2026-07-01 03:01:12,919 | INFO     |   → 17/1331: ✅ 0 взято | 🗑️ 0 мусор
2026-07-01 03:01:12,919 | INFO     |   → 18/1331: ✅ 0 взято | 🗑️ 0 мусор
2026-07-01 03:01:12,919 | INFO     |   → 19/1331: ✅ 0 взято | 🗑️ 0 мусор
2026-07-01 03:01:12,919 | INFO     |   → 20/1331: ✅ 0 взято | 🗑️ 0 мусор
2026-07-01 03:01:12,919 | INFO     |   → 21/1331: ✅ 0 взято | 🗑️ 0 мусор
2026-07-01 03:01:12,919 | INFO     |   → 22/1331: ✅ 0 взято | 🗑️ 0 мусор
2026-07-01 03:01:12,920 | INFO     |   → 23/1331: ✅ 0 взято | 🗑️ 0 мусор
2026-07-01 03:01:12,920 | INFO     |   → 24/1331: ✅ 0 взято | 🗑️ 0 мусор
2026-07-01 03:01:12,920 | INFO     |   → 25/1331: ✅ 0 взято | 🗑️ 0 мусор
2026-07-01 03:01:12,920 | INFO     |   → 26/1331: ✅ 0 взято | 🗑️ 0 мусор
2026-07-01 03:01:12,920 | INFO     |   → 27/1331: ✅ 0 взято | 🗑️ 0 мусор
2026-07-01 03:01:12,920 | INFO     |   → 28/1331: ✅ 0 взято | 🗑️ 0 мусор
2026-07-01 03:01:12,920 | INFO     |   → 29/1331: ✅ 0 взято | 🗑️ 0 мусор
2026-07-01 03:01:12,920 | INFO     |   → 30/1331: ✅ 0 взято | 🗑️ 0 мусор
2026-07-01 03:01:12,920 | INFO     |   → 31/1331: ✅ 0 взято | 🗑️ 0 мусор
2026-07-01 03:01:12,920 | INFO     |   → 32/1331: ✅ 0 взято | 🗑️ 0 мусор
2026-07-01 03:01:12,920 | INFO     |   → 33/1331: ✅ 0 взято | 🗑️ 0 мусор
2026-07-01 03:01:12,920 | INFO     |   → 34/1331: ✅ 0 взято | 🗑️ 0 мусор
2026-07-01 03:01:12,920 | INFO     |   → 35/1331: ✅ 0 взято | 🗑️ 0 мусор
2026-07-01 03:01:12,920 | INFO     |   → 36/1331: ✅ 0 взято | 🗑️ 0 мусор
2026-07-01 03:01:12,920 | INFO     |   → 37/1331: ✅ 0 взято | 🗑️ 0 мусор
2026-07-01 03:01:12,920 | INFO     |   → 38/1331: ✅ 0 взято | 🗑️ 0 мусор
2026-07-01 03:01:12,920 | INFO     |   → 39/1331: ✅ 0 взято | 🗑️ 0 мусор
2026-07-01 03:01:12,920 | INFO     |   → 40/1331: ✅ 0 взято | 🗑️ 0 мусор
2026-07-01 03:01:12,920 | INFO     |   → 41/1331: ✅ 0 взято | 🗑️ 0 мусор
2026-07-01 03:01:12,920 | INFO     |   → 42/1331: ✅ 0 взято | 🗑️ 0 мусор
2026-07-01 03:01:12,920 | INFO     |   → 43/1331: ✅ 0 взято | 🗑️ 0 мусор
2026-07-01 03:01:12,920 | INFO     |   → 44/1331: ✅ 0 взято | 🗑️ 0 мусор
2026-07-01 03:01:12,920 | INFO     |   → 45/1331: ✅ 0 взято | 🗑️ 0 мусор
2026-07-01 03:01:12,920 | INFO     |   → 46/1331: ✅ 0 взято | 🗑️ 0 мусор
2026-07-01 03:01:12,920 | INFO     |   → 47/1331: ✅ 0 взято | 🗑️ 0 мусор
2026-07-01 03:01:12,921 | INFO     |   → 48/1331: ✅ 0 взято | 🗑️ 0 мусор
2026-07-01 03:01:12,921 | INFO     |   → 49/1331: ✅ 0 взято | 🗑️ 0 мусор
2026-07-01 03:01:12,921 | INFO     |   → 50/1331: ✅ 0 взято | 🗑️ 0 мусор
2026-07-01 03:01:12,921 | INFO     |   → 51/1331: ✅ 0 взято | 🗑️ 0 мусор
2026-07-01 03:01:12,921 | INFO     |   → 52/1331: ✅ 0 взято | 🗑️ 0 мусор
2026-07-01 03:01:12,921 | INFO     |   → 53/1331: ✅ 0 взято | 🗑️ 0 мусор
2026-07-01 03:01:12,921 | INFO     |   → 54/1331: ✅ 0 взято | 🗑️ 0 мусор
2026-07-01 03:01:12,921 | INFO     |   → 55/1331: ✅ 0 взято | 🗑️ 0 мусор
2026-07-01 03:01:12,921 | INFO     |   → 56/1331: ✅ 0 взято | 🗑️ 0 мусор
2026-07-01 03:01:12,921 | INFO     |   → 57/1331: ✅ 0 взято | 🗑️ 0 мусор
2026-07-01 03:01:12,921 | INFO     |   → 58/1331: ✅ 0 взято | 🗑️ 0 мусор
2026-07-01 03:01:12,921 | INFO     |   → 59/1331: ✅ 0 взято | 🗑️ 0 мусор
2026-07-01 03:01:12,921 | INFO     |   → 60/1331: ✅ 0 взято | 🗑️ 0 мусор
2026-07-01 03:01:12,921 | INFO     |   → 61/1331: ✅ 0 взято | 🗑️ 0 мусор
2026-07-01 03:01:12,921 | INFO     |   → 62/1331: ✅ 0 взято | 🗑️ 0 мусор
2026-07-01 03:01:12,921 | INFO     |   → 63/1331: ✅ 0 взято | 🗑️ 0 мусор
2026-07-01 03:01:12,921 | INFO     |   → 64/1331: ✅ 0 взято | 🗑️ 0 мусор
2026-07-01 03:01:12,921 | INFO     |   → 65/1331: ✅ 0 взято | 🗑️ 0 мусор
2026-07-01 03:01:12,921 | INFO     |   → 66/1331: ✅ 0 взято | 🗑️ 0 мусор
2026-07-01 03:01:12,921 | INFO     |   → 67/1331: ✅ 0 взято | 🗑️ 0 мусор
2026-07-01 03:01:12,921 | INFO     |   → 68/1331: ✅ 0 взято | 🗑️ 0 мусор
2026-07-01 03:01:12,921 | INFO     |   → 69/1331: ✅ 0 взято | 🗑️ 0 мусор
2026-07-01 03:01:12,921 | INFO     |   → 70/1331: ✅ 0 взято | 🗑️ 0 мусор
2026-07-01 03:01:12,921 | INFO     |   → 71/1331: ✅ 0 взято | 🗑️ 0 мусор
2026-07-01 03:01:12,921 | INFO     |   → 72/1331: ✅ 0 взято | 🗑️ 0 мусор
2026-07-01 03:01:12,921 | INFO     |   → 73/1331: ✅ 0 взято | 🗑️ 0 мусор
2026-07-01 03:01:12,921 | INFO     |   → 74/1331: ✅ 0 взято | 🗑️ 0 мусор
2026-07-01 03:01:12,921 | INFO     |   → 75/1331: ✅ 0 взято | 🗑️ 0 мусор
2026-07-01 03:01:12,921 | INFO     |   → 76/1331: ✅ 0 взято | 🗑️ 0 мусор
2026-07-01 03:01:12,921 | INFO     |   → 77/1331: ✅ 0 взято | 🗑️ 0 мусор
2026-07-01 03:01:12,921 | INFO     |   → 78/1331: ✅ 0 взято | 🗑️ 0 мусор
2026-07-01 03:01:12,921 | INFO     |   → 79/1331: ✅ 0 взято | 🗑️ 0 мусор
2026-07-01 03:01:12,921 | INFO     |   → 80/1331: ✅ 0 взято | 🗑️ 0 мусор
2026-07-01 03:01:12,921 | INFO     |   → 81/1331: ✅ 0 взято | 🗑️ 0 мусор
2026-07-01 03:01:12,921 | INFO     |   → 82/1331: ✅ 0 взято | 🗑️ 0 мусор
2026-07-01 03:01:12,921 | INFO     |   → 83/1331: ✅ 0 взято | 🗑️ 0 мусор
2026-07-01 03:01:12,921 | INFO     |   → 84/1331: ✅ 0 взято | 🗑️ 0 мусор
2026-07-01 03:01:12,921 | INFO     |   → 85/1331: ✅ 0 взято | 🗑️ 0 мусор
2026-07-01 03:01:12,922 | INFO     |   → 86/1331: ✅ 0 взято | 🗑️ 0 мусор
2026-07-01 03:01:12,922 | INFO     |   → 87/1331: ✅ 0 взято | 🗑️ 0 мусор
2026-07-01 03:01:12,922 | INFO     |   → 88/1331: ✅ 0 взято | 🗑️ 0 мусор
2026-07-01 03:01:12,922 | INFO     |   → 89/1331: ✅ 0 взято | 🗑️ 0 мусор
2026-07-01 03:01:12,922 | INFO     |   → 90/1331: ✅ 0 взято | 🗑️ 0 мусор
2026-07-01 03:01:12,922 | INFO     |   → 91/1331: ✅ 0 взято | 🗑️ 0 мусор
2026-07-01 03:01:12,922 | INFO     |   → 92/1331: ✅ 0 взято | 🗑️ 0 мусор
2026-07-01 03:01:12,922 | INFO     |   → 93/1331: ✅ 0 взято | 🗑️ 0 мусор
2026-07-01 03:01:12,922 | INFO     |   → 94/1331: ✅ 0 взято | 🗑️ 0 мусор
2026-07-01 03:01:12,922 | INFO     |   → 95/1331: ✅ 0 взято | 🗑️ 0 мусор
2026-07-01 03:01:12,922 | INFO     |   → 96/1331: ✅ 0 взято | 🗑️ 0 мусор
2026-07-01 03:01:12,922 | INFO     |   → 97/1331: ✅ 0 взято | 🗑️ 0 мусор
2026-07-01 03:01:12,922 | INFO     |   → 98/1331: ✅ 0 взято | 🗑️ 0 мусор
2026-07-01 03:01:12,922 | INFO     |   → 99/1331: ✅ 0 взято | 🗑️ 0 мусор
2026-07-01 03:01:12,922 | INFO     |   → 100/1331: ✅ 0 взято | 🗑️ 0 мусор
2026-07-01 03:01:12,922 | INFO     |   → 101/1331: ✅ 0 взято | 🗑️ 0 мусор
2026-07-01 03:01:12,922 | INFO     |   → 102/1331: ✅ 0 взято | 🗑️ 0 мусор
2026-07-01 03:01:12,922 | INFO     |   → 103/1331: ✅ 0 взято | 🗑️ 0 мусор
2026-07-01 03:01:12,922 | INFO     |   → 104/1331: ✅ 0 взято | 🗑️ 0 мусор
2026-07-01 03:01:12,922 | INFO     |   → 105/1331: ✅ 0 взято | 🗑️ 0 мусор
2026-07-01 03:01:12,922 | INFO     |   → 106/1331: ✅ 0 взято | 🗑️ 0 мусор
2026-07-01 03:01:12,922 | INFO     |   → 107/1331: ✅ 0 взято | 🗑️ 0 мусор
2026-07-01 03:01:12,922 | INFO     |   → 108/1331: ✅ 0 взято | 🗑️ 0 мусор
2026-07-01 03:01:12,922 | INFO     |   → 109/1331: ✅ 0 взято | 🗑️ 0 мусор
2026-07-01 03:01:12,922 | INFO     |   → 110/1331: ✅ 0 взято | 🗑️ 0 мусор
2026-07-01 03:01:12,922 | INFO     |   → 111/1331: ✅ 0 взято | 🗑️ 0 мусор
2026-07-01 03:01:12,922 | INFO     |   → 112/1331: ✅ 0 взято | 🗑️ 0 мусор
2026-07-01 03:01:12,922 | INFO     |   → 113/1331: ✅ 0 взято | 🗑️ 0 мусор
2026-07-01 03:01:12,922 | INFO     |   → 114/1331: ✅ 0 взято | 🗑️ 0 мусор
2026-07-01 03:01:12,923 | INFO     |   → 115/1331: ✅ 0 взято | 🗑️ 0 мусор
2026-07-01 03:01:12,923 | INFO     |   → 116/1331: ✅ 0 взято | 🗑️ 0 мусор
2026-07-01 03:01:12,923 | INFO     |   → 117/1331: ✅ 0 взято | 🗑️ 0 мусор
2026-07-01 03:01:12,923 | INFO     |   → 118/1331: ✅ 0 взято | 🗑️ 0 мусор
2026-07-01 03:01:12,923 | INFO     |   → 119/1331: ✅ 0 взято | 🗑️ 0 мусор
2026-07-01 03:01:12,923 | INFO     |   → 120/1331: ✅ 0 взято | 🗑️ 0 мусор
2026-07-01 03:01:12,923 | INFO     |   → 121/1331: ✅ 0 взято | 🗑️ 0 мусор
2026-07-01 03:01:12,923 | INFO     |   → 122/1331: ✅ 0 взято | 🗑️ 0 мусор
2026-07-01 03:01:12,923 | INFO     |   → 123/1331: ✅ 0 взято | 🗑️ 0 мусор
2026-07-01 03:01:12,923 | INFO     |   → 124/1331: ✅ 0 взято | 🗑️ 0 мусор
2026-07-01 03:01:12,923 | INFO     |   → 125/1331: ✅ 0 взято | 🗑️ 0 мусор
2026-07-01 03:01:12,923 | INFO     |   → 126/1331: ✅ 0 взято | 🗑️ 0 мусор
2026-07-01 03:01:12,923 | INFO     |   → 127/1331: ✅ 0 взято | 🗑️ 0 мусор
2026-07-01 03:01:12,923 | INFO     |   → 128/1331: ✅ 0 взято | 🗑️ 0 мусор
2026-07-01 03:01:12,923 | INFO     |   → 129/1331: ✅ 0 взято | 🗑️ 0 мусор
2026-07-01 03:01:12,923 | INFO     |   → 130/1331: ✅ 0 взято | 🗑️ 0 мусор
2026-07-01 03:01:12,923 | INFO     |   → 131/1331: ✅ 0 взято | 🗑️ 0 мусор
2026-07-01 03:01:12,923 | INFO     |   → 132/1331: ✅ 0 взято | 🗑️ 0 мусор
2026-07-01 03:01:12,923 | INFO     |   → 133/1331: ✅ 0 взято | 🗑️ 0 мусор
2026-07-01 03:01:12,923 | INFO     |   → 134/1331: ✅ 0 взято | 🗑️ 0 мусор
2026-07-01 03:01:12,923 | INFO     |   → 135/1331: ✅ 0 взято | 🗑️ 0 мусор
2026-07-01 03:01:12,923 | INFO     |   → 136/1331: ✅ 0 взято | 🗑️ 0 мусор
2026-07-01 03:01:12,924 | INFO     |   → 137/1331: ✅ 0 взято | 🗑️ 0 мусор
2026-07-01 03:01:12,924 | INFO     |   → 138/1331: ✅ 0 взято | 🗑️ 0 мусор
2026-07-01 03:01:12,924 | INFO     |   → 139/1331: ✅ 0 взято | 🗑️ 0 мусор
2026-07-01 03:01:12,924 | INFO     |   → 140/1331: ✅ 0 взято | 🗑️ 0 мусор
2026-07-01 03:01:12,924 | INFO     |   → 141/1331: ✅ 0 взято | 🗑️ 0 мусор
2026-07-01 03:01:12,924 | INFO     |   → 142/1331: ✅ 0 взято | 🗑️ 0 мусор
2026-07-01 03:01:12,924 | INFO     |   → 143/1331: ✅ 0 взято | 🗑️ 0 мусор
2026-07-01 03:01:12,924 | INFO     |   → 144/1331: ✅ 0 взято | 🗑️ 0 мусор
2026-07-01 03:01:12,924 | INFO     |   → 145/1331: ✅ 0 взято | 🗑️ 0 мусор
2026-07-01 03:01:12,924 | INFO     |   → 146/1331: ✅ 0 взято | 🗑️ 0 мусор
2026-07-01 03:01:12,924 | INFO     |   → 147/1331: ✅ 0 взято | 🗑️ 0 мусор
2026-07-01 03:01:12,924 | INFO     |   → 148/1331: ✅ 0 взято | 🗑️ 0 мусор
2026-07-01 03:01:12,924 | INFO     |   → 149/1331: ✅ 0 взято | 🗑️ 0 мусор
2026-07-01 03:01:12,924 | INFO     |   → 150/1331: ✅ 0 взято | 🗑️ 0 мусор
2026-07-01 03:01:12,924 | INFO     |   → 151/1331: ✅ 0 взято | 🗑️ 0 мусор
2026-07-01 03:01:12,924 | INFO     |   → 152/1331: ✅ 0 взято | 🗑️ 0 мусор
2026-07-01 03:01:12,924 | INFO     |   → 153/1331: ✅ 0 взято | 🗑️ 0 мусор
2026-07-01 03:01:12,924 | INFO     |   → 154/1331: ✅ 0 взято | 🗑️ 0 мусор
2026-07-01 03:01:12,924 | INFO     |   → 155/1331: ✅ 0 взято | 🗑️ 0 мусор
2026-07-01 03:01:12,924 | INFO     |   → 156/1331: ✅ 0 взято | 🗑️ 0 мусор
2026-07-01 03:01:12,924 | INFO     |   → 157/1331: ✅ 0 взято | 🗑️ 0 мусор
2026-07-01 03:01:12,924 | INFO     |   → 158/1331: ✅ 0 взято | 🗑️ 0 мусор
2026-07-01 03:01:12,925 | INFO     |   → 159/1331: ✅ 0 взято | 🗑️ 0 мусор
2026-07-01 03:01:12,925 | INFO     |   → 160/1331: ✅ 0 взято | 🗑️ 0 мусор
2026-07-01 03:01:12,925 | INFO     |   → 161/1331: ✅ 0 взято | 🗑️ 0 мусор
2026-07-01 03:01:12,925 | INFO     |   → 162/1331: ✅ 0 взято | 🗑️ 0 мусор
2026-07-01 03:01:12,925 | INFO     |   → 163/1331: ✅ 0 взято | 🗑️ 0 мусор
2026-07-01 03:01:12,925 | INFO     |   → 164/1331: ✅ 0 взято | 🗑️ 0 мусор
2026-07-01 03:01:12,925 | INFO     |   → 165/1331: ✅ 0 взято | 🗑️ 0 мусор
2026-07-01 03:01:12,925 | INFO     |   → 166/1331: ✅ 0 взято | 🗑️ 0 мусор
2026-07-01 03:01:12,925 | INFO     |   → 167/1331: ✅ 0 взято | 🗑️ 0 мусор
2026-07-01 03:01:12,925 | INFO     |   → 168/1331: ✅ 0 взято | 🗑️ 0 мусор
2026-07-01 03:01:12,925 | INFO     |   → 169/1331: ✅ 0 взято | 🗑️ 0 мусор
2026-07-01 03:01:12,925 | INFO     |   → 170/1331: ✅ 0 взято | 🗑️ 0 мусор
2026-07-01 03:01:12,925 | INFO     |   → 171/1331: ✅ 0 взято | 🗑️ 0 мусор
2026-07-01 03:01:12,925 | INFO     |   → 172/1331: ✅ 0 взято | 🗑️ 0 мусор
2026-07-01 03:01:12,925 | INFO     |   → 173/1331: ✅ 0 взято | 🗑️ 0 мусор
2026-07-01 03:01:12,925 | INFO     |   → 174/1331 ❌ HTTP 404 — https://freessrnode.github.io/uploads/2024/08/0-20240822.txt
2026-07-01 03:01:12,925 | INFO     |   → 175/1331 ❌ HTTP 404 — https://freessrnode.github.io/uploads/2024/08/1-20240822.txt
2026-07-01 03:01:12,925 | INFO     |   → 176/1331 ❌ HTTP 404 — https://freessrnode.github.io/uploads/2024/08/2-20240822.txt
2026-07-01 03:01:12,925 | INFO     |   → 177/1331 ❌ HTTP 404 — https://freessrnode.github.io/uploads/2024/08/3-20240822.txt
2026-07-01 03:01:12,925 | INFO     |   → 178/1331 ❌ HTTP 404 — https://freessrnode.github.io/uploads/2024/08/4-20240822.txt
2026-07-01 03:01:12,925 | INFO     |   → 179/1331 ⚠️ Ошибка: HTTPSConnectionPool(host='freevpnspy.githubrowcontent.com', port=443): Max retries exceeded with url: /2024/08/20240802_novless.yaml (Caused by NameResolutionError("HTTPSConnection(host='freevpnspy.githubrowcontent.com', port=443): Failed to resolve 'freevpnspy.githubrowcontent.com' ([Errno -2] Name or service not known)")) — https://freevpnspy.githubrowcontent.com/2024/08/20240802_novless.yaml
2026-07-01 03:01:12,925 | INFO     |   → 180/1331 ⚠️ Ошибка: HTTPSConnectionPool(host='freevpnspy.githubrowcontent.com', port=443): Max retries exceeded with url: /2024/08/20240802_vless.yaml (Caused by NameResolutionError("HTTPSConnection(host='freevpnspy.githubrowcontent.com', port=443): Failed to resolve 'freevpnspy.githubrowcontent.com' ([Errno -2] Name or service not known)")) — https://freevpnspy.githubrowcontent.com/2024/08/20240802_vless.yaml
2026-07-01 03:01:12,925 | INFO     |   → 181/1331: ✅ 0 взято | 🗑️ 0 мусор
2026-07-01 03:01:12,926 | INFO     |   → 182/1331: ✅ 0 взято | 🗑️ 0 мусор
2026-07-01 03:01:12,926 | INFO     |   → 183/1331: ✅ 5 взято | 🗑️ 133 мусор
2026-07-01 03:01:12,926 | INFO     |   → 184/1331: ✅ 5 взято | 🗑️ 166 мусор
2026-07-01 03:01:12,926 | INFO     |   → 185/1331: ✅ 14 взято | 🗑️ 292 мусор
2026-07-01 03:01:12,926 | INFO     |   → 186/1331: ✅ 0 взято | 🗑️ 115 мусор
2026-07-01 03:01:12,926 | INFO     |   → 187/1331: ✅ 14 взято | 🗑️ 218 мусор
2026-07-01 03:01:12,926 | INFO     |   → 188/1331: ✅ 7 взято | 🗑️ 148 мусор
2026-07-01 03:01:12,926 | INFO     |   → 189/1331: ✅ 5 взято | 🗑️ 161 мусор
2026-07-01 03:01:12,926 | INFO     |   → 190/1331: ✅ 2 взято | 🗑️ 60 мусор
2026-07-01 03:01:12,926 | INFO     |   → 191/1331: ✅ 0 взято | 🗑️ 0 мусор
2026-07-01 03:01:12,926 | INFO     |   → 192/1331: ✅ 10 взято | 🗑️ 232 мусор
2026-07-01 03:01:12,926 | INFO     |   → 193/1331: ✅ 4 взято | 🗑️ 151 мусор
2026-07-01 03:01:12,926 | INFO     |   → 194/1331: ✅ 0 взято | 🗑️ 0 мусор
2026-07-01 03:01:12,926 | INFO     |   → 195/1331: ✅ 0 взято | 🗑️ 0 мусор
2026-07-01 03:01:12,926 | INFO     |   → 196/1331: ✅ 0 взято | 🗑️ 0 мусор
2026-07-01 03:01:12,926 | INFO     |   → 197/1331: ✅ 1 взято | 🗑️ 226 мусор
2026-07-01 03:01:12,926 | INFO     |   → 198/1331: ✅ 0 взято | 🗑️ 0 мусор
2026-07-01 03:01:12,926 | INFO     |   → 199/1331: ✅ 0 взято | 🗑️ 0 мусор
2026-07-01 03:01:12,926 | INFO     |   → 200/1331: ✅ 0 взято | 🗑️ 0 мусор
2026-07-01 03:01:12,926 | INFO     |   → 201/1331: ✅ 7 взято | 🗑️ 113 мусор
2026-07-01 03:01:12,926 | INFO     |   → 202/1331: ✅ 0 взято | 🗑️ 0 мусор
2026-07-01 03:01:12,926 | INFO     |   → 203/1331: ✅ 0 взято | 🗑️ 0 мусор
2026-07-01 03:01:12,927 | INFO     |   → 204/1331: ✅ 0 взято | 🗑️ 0 мусор
2026-07-01 03:01:12,927 | INFO     |   → 205/1331: ✅ 1 взято | 🗑️ 169 мусор
2026-07-01 03:01:12,927 | INFO     |   → 206/1331: ✅ 0 взято | 🗑️ 0 мусор
2026-07-01 03:01:12,927 | INFO     |   → 207/1331: ✅ 5 взято | 🗑️ 211 мусор
2026-07-01 03:01:12,927 | INFO     |   → 208/1331: ✅ 0 взято | 🗑️ 0 мусор
2026-07-01 03:01:12,927 | INFO     |   → 209/1331: ✅ 1 взято | 🗑️ 213 мусор
2026-07-01 03:01:12,927 | INFO     |   → 210/1331: ✅ 0 взято | 🗑️ 0 мусор
2026-07-01 03:01:12,927 | INFO     |   → 211/1331: ✅ 0 взято | 🗑️ 0 мусор
2026-07-01 03:01:12,927 | INFO     |   → 212/1331: ✅ 2 взято | 🗑️ 60 мусор
2026-07-01 03:01:12,927 | INFO     |   → 213/1331: ✅ 0 взято | 🗑️ 0 мусор
2026-07-01 03:01:12,927 | INFO     |   → 214/1331: ✅ 1 взято | 🗑️ 226 мусор
2026-07-01 03:01:12,927 | INFO     |   → 215/1331: ✅ 3 взято | 🗑️ 152 мусор
2026-07-01 03:01:12,927 | INFO     |   → 216/1331: ✅ 0 взято | 🗑️ 0 мусор
2026-07-01 03:01:12,927 | INFO     |   → 217/1331: ✅ 0 взято | 🗑️ 0 мусор
2026-07-01 03:01:12,927 | INFO     |   → 218/1331: ✅ 3 взято | 🗑️ 99 мусор
2026-07-01 03:01:12,927 | INFO     |   → 219/1331: ✅ 0 взято | 🗑️ 0 мусор
2026-07-01 03:01:12,927 | INFO     |   → 220/1331: ✅ 0 взято | 🗑️ 300 мусор
2026-07-01 03:01:12,927 | INFO     |   → 221/1331: ✅ 0 взято | 🗑️ 0 мусор
2026-07-01 03:01:12,927 | INFO     |   → 222/1331: ✅ 0 взято | 🗑️ 0 мусор
2026-07-01 03:01:12,927 | INFO     |   → 223/1331: ✅ 0 взято | 🗑️ 142 мусор
2026-07-01 03:01:12,927 | INFO     |   → 224/1331: ✅ 2 взято | 🗑️ 124 мусор
2026-07-01 03:01:12,927 | INFO     |   → 225/1331: ✅ 0 взято | 🗑️ 0 мусор
2026-07-01 03:01:12,927 | INFO     |   → 226/1331: ✅ 0 взято | 🗑️ 0 мусор
2026-07-01 03:01:12,927 | INFO     |   → 227/1331: ✅ 1 взято | 🗑️ 104 мусор
2026-07-01 03:01:12,928 | INFO     |   → 228/1331: ✅ 1 взято | 🗑️ 96 мусор
2026-07-01 03:01:12,928 | INFO     |   → 229/1331: ✅ 0 взято | 🗑️ 193 мусор
2026-07-01 03:01:12,928 | INFO     |   → 230/1331: ✅ 2 взято | 🗑️ 115 мусор
2026-07-01 03:01:12,928 | INFO     |   → 231/1331: ✅ 7 взято | 🗑️ 179 мусор
2026-07-01 03:01:12,928 | INFO     |   → 232/1331: ✅ 0 взято | 🗑️ 0 мусор
2026-07-01 03:01:12,928 | INFO     |   → 233/1331: ✅ 0 взято | 🗑️ 0 мусор
2026-07-01 03:01:12,928 | INFO     |   → 234/1331: ✅ 0 взято | 🗑️ 125 мусор
2026-07-01 03:01:12,928 | INFO     |   → 235/1331: ✅ 11 взято | 🗑️ 225 мусор
2026-07-01 03:01:12,928 | INFO     |   → 236/1331: ✅ 0 взято | 🗑️ 296 мусор
2026-07-01 03:01:12,928 | INFO     |   → 237/1331: ✅ 1 взято | 🗑️ 141 мусор
2026-07-01 03:01:12,928 | INFO     |   → 238/1331: ✅ 1 взято | 🗑️ 279 мусор
2026-07-01 03:01:12,928 | INFO     |   → 239/1331: ✅ 0 взято | 🗑️ 96 мусор
2026-07-01 03:01:12,928 | INFO     |   → 240/1331: ✅ 0 взято | 🗑️ 130 мусор
2026-07-01 03:01:12,928 | INFO     |   → 241/1331: ✅ 0 взято | 🗑️ 263 мусор
2026-07-01 03:01:12,928 | INFO     |   → 242/1331: ✅ 2 взято | 🗑️ 105 мусор
2026-07-01 03:01:12,928 | INFO     |   → 243/1331: ✅ 0 взято | 🗑️ 0 мусор
2026-07-01 03:01:12,928 | INFO     |   → 244/1331: ✅ 0 взято | 🗑️ 0 мусор
2026-07-01 03:01:12,928 | INFO     |   → 245/1331: ✅ 3 взято | 🗑️ 268 мусор
2026-07-01 03:01:12,928 | INFO     |   → 246/1331: ✅ 0 взято | 🗑️ 248 мусор
2026-07-01 03:01:12,928 | INFO     |   → 247/1331: ✅ 0 взято | 🗑️ 0 мусор
2026-07-01 03:01:12,928 | INFO     |   → 248/1331: ✅ 1 взято | 🗑️ 139 мусор
2026-07-01 03:01:12,928 | INFO     |   → 249/1331: ✅ 1 взято | 🗑️ 109 мусор
2026-07-01 03:01:12,929 | INFO     |   → 250/1331: ✅ 0 взято | 🗑️ 0 мусор
2026-07-01 03:01:12,929 | INFO     |   → 251/1331: ✅ 0 взято | 🗑️ 0 мусор
2026-07-01 03:01:12,929 | INFO     |   → 252/1331: ✅ 0 взято | 🗑️ 0 мусор
2026-07-01 03:01:12,929 | INFO     |   → 253/1331: ✅ 0 взято | 🗑️ 0 мусор
2026-07-01 03:01:12,929 | INFO     |   → 254/1331: ✅ 0 взято | 🗑️ 137 мусор
2026-07-01 03:01:12,929 | INFO     |   → 255/1331: ✅ 0 взято | 🗑️ 0 мусор
2026-07-01 03:01:12,929 | INFO     |   → 256/1331: ✅ 0 взято | 🗑️ 0 мусор
2026-07-01 03:01:12,929 | INFO     |   → 257/1331: ✅ 0 взято | 🗑️ 198 мусор
2026-07-01 03:01:12,929 | INFO     |   → 258/1331: ✅ 0 взято | 🗑️ 0 мусор
2026-07-01 03:01:12,929 | INFO     |   → 259/1331: ✅ 0 взято | 🗑️ 0 мусор
2026-07-01 03:01:12,929 | INFO     |   → 260/1331: ✅ 0 взято | 🗑️ 0 мусор
2026-07-01 03:01:12,929 | INFO     |   → 261/1331: ✅ 0 взято | 🗑️ 0 мусор
2026-07-01 03:01:12,929 | INFO     |   → 262/1331: ✅ 0 взято | 🗑️ 0 мусор
2026-07-01 03:01:12,929 | INFO     |   → 263/1331: ✅ 0 взято | 🗑️ 112 мусор
2026-07-01 03:01:12,929 | INFO     |   → 264/1331: ✅ 0 взято | 🗑️ 0 мусор
2026-07-01 03:01:12,929 | INFO     |   → 265/1331: ✅ 0 взято | 🗑️ 0 мусор
2026-07-01 03:01:12,929 | INFO     |   → 266/1331: ✅ 0 взято | 🗑️ 0 мусор
2026-07-01 03:01:12,929 | INFO     |   → 267/1331 ❌ HTTP 404 — https://github.com/Epodonios/bulk-xray-v2ray-vless-vmess-...-configs/raw/main/sub/Albania/config.txt
2026-07-01 03:01:12,929 | INFO     |   → 268/1331 ❌ HTTP 404 — https://github.com/Epodonios/bulk-xray-v2ray-vless-vmess-...-configs/raw/main/sub/Cura%C3%A7ao/config.txt
2026-07-01 03:01:12,929 | INFO     |   → 269/1331 ❌ HTTP 404 — https://github.com/Epodonios/bulk-xray-v2ray-vless-vmess-...-configs/raw/main/sub/Finland/config.txt
2026-07-01 03:01:12,929 | INFO     |   → 270/1331 ❌ HTTP 404 — https://github.com/Epodonios/bulk-xray-v2ray-vless-vmess-...-configs/raw/main/sub/Iran/config.txt
2026-07-01 03:01:12,929 | INFO     |   → 271/1331 ❌ HTTP 404 — https://github.com/Epodonios/bulk-xray-v2ray-vless-vmess-...-configs/raw/main/sub/Netherlands/config.txt
2026-07-01 03:01:12,929 | INFO     |   → 272/1331 ❌ HTTP 404 — https://github.com/Epodonios/bulk-xray-v2ray-vless-vmess-...-configs/raw/main/sub/Norway/config.txt
2026-07-01 03:01:12,930 | INFO     |   → 273/1331 ❌ HTTP 404 — https://github.com/Epodonios/bulk-xray-v2ray-vless-vmess-...-configs/raw/main/sub/Russia/config.txt
2026-07-01 03:01:12,930 | INFO     |   → 274/1331: ✅ 13 взято | 🗑️ 70 мусор
2026-07-01 03:01:12,930 | INFO     |   → 275/1331: ✅ 0 взято | 🗑️ 4 мусор
2026-07-01 03:01:12,930 | INFO     |   → 276/1331: ✅ 0 взято | 🗑️ 7 мусор
2026-07-01 03:01:12,930 | INFO     |   → 277/1331: ✅ 0 взято | 🗑️ 51 мусор
2026-07-01 03:01:12,930 | INFO     |   → 278/1331: ✅ 0 взято | 🗑️ 8 мусор
2026-07-01 03:01:12,930 | INFO     |   → 279/1331: ✅ 0 взято | 🗑️ 0 мусор
2026-07-01 03:01:12,930 | INFO     |   → 280/1331: ✅ 17 взято | 🗑️ 119 мусор
2026-07-01 03:01:12,930 | INFO     |   → 281/1331 ❌ HTTP 404 — https://github.com/MrMohebi/xray-proxy-grabber-telegram/raw/master/collected-proxies/clash-meta/all.yaml
2026-07-01 03:01:12,930 | INFO     |   → 282/1331 ❌ HTTP 404 — https://github.com/MrMohebi/xray-proxy-grabber-telegram/raw/master/collected-proxies/row-url/all.txt
2026-07-01 03:01:12,930 | INFO     |   → 283/1331: ✅ 0 взято | 🗑️ 0 мусор
2026-07-01 03:01:12,930 | INFO     |   → 284/1331: ✅ 0 взято | 🗑️ 113 мусор
2026-07-01 03:01:12,930 | INFO     |   → 285/1331: ✅ 0 взято | 🗑️ 119 мусор
2026-07-01 03:01:12,930 | INFO     |   → 286/1331 ❌ HTTP 404 — https://github.com/abbasdvd3/abbasdvd10/73ec60de7a6c6aa6df4c14b511c1da60686891ca/ppo.txt
2026-07-01 03:01:12,930 | INFO     |   → 287/1331 ❌ HTTP 404 — https://github.com/acymz/AutoVPN/refs/heads/main/data/V2.txt
2026-07-01 03:01:12,930 | INFO     |   → 288/1331: ✅ 0 взято | 🗑️ 0 мусор
2026-07-01 03:01:12,930 | INFO     |   → 289/1331: ✅ 0 взято | 🗑️ 0 мусор
2026-07-01 03:01:12,930 | INFO     |   → 290/1331: ✅ 0 взято | 🗑️ 0 мусор
2026-07-01 03:01:12,930 | INFO     |   → 291/1331: ✅ 0 взято | 🗑️ 0 мусор
2026-07-01 03:01:12,930 | INFO     |   → 292/1331: ✅ 0 взято | 🗑️ 0 мусор
2026-07-01 03:01:12,930 | INFO     |   → 293/1331: ✅ 0 взято | 🗑️ 0 мусор
2026-07-01 03:01:12,930 | INFO     |   → 294/1331: ✅ 0 взято | 🗑️ 0 мусор
2026-07-01 03:01:12,930 | INFO     |   → 295/1331 ❌ HTTP 404 — https://github.com/mermeroo/V2RAY-FREE/raw/main/All_Configs_base64_Sub.txt
2026-07-01 03:01:12,931 | INFO     |   → 296/1331 ❌ HTTP 404 — https://github.com/mermeroo/V2RAY-FREE/raw/main/Base64/Sub1_base64.txt
2026-07-01 03:01:12,931 | INFO     |   → 297/1331 ❌ HTTP 404 — https://github.com/mermeroo/V2RAY-FREE/raw/main/Base64/Sub2_base64.txt
2026-07-01 03:01:12,931 | INFO     |   → 298/1331 ❌ HTTP 404 — https://github.com/mermeroo/V2RAY-FREE/raw/main/Base64/Sub3_base64.txt
2026-07-01 03:01:12,931 | INFO     |   → 299/1331 ❌ HTTP 404 — https://github.com/mermeroo/V2RAY-FREE/raw/main/Base64/Sub4_base64.txt
2026-07-01 03:01:12,931 | INFO     |   → 300/1331 ❌ HTTP 404 — https://github.com/mermeroo/V2RAY-FREE/raw/main/Base64/Sub5_base64.txt
2026-07-01 03:01:12,931 | INFO     |   → 301/1331 ❌ HTTP 404 — https://github.com/mermeroo/telegram-configs-collector/raw/main/protocols/hysteria
2026-07-01 03:01:12,931 | INFO     |   → 302/1331 ❌ HTTP 404 — https://github.com/mermeroo/telegram-configs-collector/raw/main/protocols/juicity
2026-07-01 03:01:12,931 | INFO     |   → 303/1331 ❌ HTTP 404 — https://github.com/mermeroo/telegram-configs-collector/raw/main/protocols/tuic
2026-07-01 03:01:12,931 | INFO     |   → 304/1331: ✅ 5 взято | 🗑️ 16 мусор
2026-07-01 03:01:12,931 | INFO     |   → 305/1331: ✅ 0 взято | 🗑️ 0 мусор
2026-07-01 03:01:12,931 | INFO     |   → 306/1331: ✅ 0 взято | 🗑️ 0 мусор
2026-07-01 03:01:12,931 | INFO     |   → 307/1331: ✅ 0 взято | 🗑️ 0 мусор
2026-07-01 03:01:12,931 | INFO     |   → 308/1331: ✅ 10 взято | 🗑️ 238 мусор
2026-07-01 03:01:12,931 | INFO     |   → 309/1331: ✅ 0 взято | 🗑️ 0 мусор
2026-07-01 03:01:12,931 | INFO     |   → 310/1331: ✅ 5 взято | 🗑️ 239 мусор
2026-07-01 03:01:12,931 | INFO     |   → 311/1331: ✅ 0 взято | 🗑️ 0 мусор
2026-07-01 03:01:12,931 | INFO     |   → 312/1331: ✅ 0 взято | 🗑️ 255 мусор
2026-07-01 03:01:12,931 | INFO     |   → 313/1331: ✅ 0 взято | 🗑️ 0 мусор
2026-07-01 03:01:12,931 | INFO     |   → 314/1331: ✅ 1 взято | 🗑️ 249 мусор
2026-07-01 03:01:12,931 | INFO     |   → 315/1331: ✅ 0 взято | 🗑️ 0 мусор
2026-07-01 03:01:12,931 | INFO     |   → 316/1331: ✅ 0 взято | 🗑️ 207 мусор
2026-07-01 03:01:12,932 | INFO     |   → 317/1331: ✅ 0 взято | 🗑️ 0 мусор
2026-07-01 03:01:12,932 | INFO     |   → 318/1331: ✅ 0 взято | 🗑️ 228 мусор
2026-07-01 03:01:12,932 | INFO     |   → 319/1331: ✅ 0 взято | 🗑️ 0 мусор
2026-07-01 03:01:12,932 | INFO     |   → 320/1331: ✅ 1 взято | 🗑️ 291 мусор
2026-07-01 03:01:12,932 | INFO     |   → 321/1331: ✅ 0 взято | 🗑️ 0 мусор
2026-07-01 03:01:12,932 | INFO     |   → 322/1331: ✅ 3 взято | 🗑️ 221 мусор
2026-07-01 03:01:12,932 | INFO     |   → 323/1331: ✅ 0 взято | 🗑️ 0 мусор
2026-07-01 03:01:12,932 | INFO     |   → 324/1331: ✅ 1 взято | 🗑️ 222 мусор
2026-07-01 03:01:12,932 | INFO     |   → 325/1331: ✅ 0 взято | 🗑️ 0 мусор
2026-07-01 03:01:12,932 | INFO     |   → 326/1331: ✅ 1 взято | 🗑️ 218 мусор
2026-07-01 03:01:12,932 | INFO     |   → 327/1331: ✅ 0 взято | 🗑️ 0 мусор
2026-07-01 03:01:12,932 | INFO     |   → 328/1331: ✅ 0 взято | 🗑️ 193 мусор
2026-07-01 03:01:12,932 | INFO     |   → 329/1331: ✅ 0 взято | 🗑️ 0 мусор
2026-07-01 03:01:12,932 | INFO     |   → 330/1331: ✅ 0 взято | 🗑️ 290 мусор
2026-07-01 03:01:12,932 | INFO     |   → 331/1331: ✅ 0 взято | 🗑️ 0 мусор
2026-07-01 03:01:12,932 | INFO     |   → 332/1331: ✅ 0 взято | 🗑️ 238 мусор
2026-07-01 03:01:12,932 | INFO     |   → 333/1331: ✅ 0 взято | 🗑️ 0 мусор
2026-07-01 03:01:12,932 | INFO     |   → 334/1331: ✅ 1 взято | 🗑️ 221 мусор
2026-07-01 03:01:12,932 | INFO     |   → 335/1331: ✅ 0 взято | 🗑️ 0 мусор
2026-07-01 03:01:12,932 | INFO     |   → 336/1331: ✅ 0 взято | 🗑️ 248 мусор
2026-07-01 03:01:12,932 | INFO     |   → 337/1331: ✅ 0 взято | 🗑️ 0 мусор
2026-07-01 03:01:12,932 | INFO     |   → 338/1331: ✅ 0 взято | 🗑️ 203 мусор
2026-07-01 03:01:12,932 | INFO     |   → 339/1331: ✅ 0 взято | 🗑️ 0 мусор
2026-07-01 03:01:12,933 | INFO     |   → 340/1331: ✅ 0 взято | 🗑️ 208 мусор
2026-07-01 03:01:12,933 | INFO     |   → 341/1331: ✅ 0 взято | 🗑️ 0 мусор
2026-07-01 03:01:12,933 | INFO     |   → 342/1331: ✅ 2 взято | 🗑️ 209 мусор
2026-07-01 03:01:12,933 | INFO     |   → 343/1331: ✅ 0 взято | 🗑️ 0 мусор
2026-07-01 03:01:12,933 | INFO     |   → 344/1331: ✅ 0 взято | 🗑️ 258 мусор
2026-07-01 03:01:12,933 | INFO     |   → 345/1331: ✅ 0 взято | 🗑️ 0 мусор
2026-07-01 03:01:12,933 | INFO     |   → 346/1331: ✅ 0 взято | 🗑️ 296 мусор
2026-07-01 03:01:12,933 | INFO     |   → 347/1331: ✅ 0 взято | 🗑️ 0 мусор
2026-07-01 03:01:12,933 | INFO     |   → 348/1331: ✅ 1 взято | 🗑️ 286 мусор
2026-07-01 03:01:12,933 | INFO     |   → 349/1331: ✅ 0 взято | 🗑️ 0 мусор
2026-07-01 03:01:12,933 | INFO     |   → 350/1331: ✅ 0 взято | 🗑️ 195 мусор
2026-07-01 03:01:12,933 | INFO     |   → 351/1331: ✅ 0 взято | 🗑️ 0 мусор
2026-07-01 03:01:12,933 | INFO     |   → 352/1331: ✅ 0 взято | 🗑️ 170 мусор
2026-07-01 03:01:12,933 | INFO     |   → 353/1331: ✅ 0 взято | 🗑️ 0 мусор
2026-07-01 03:01:12,933 | INFO     |   → 354/1331: ✅ 0 взято | 🗑️ 160 мусор
2026-07-01 03:01:12,933 | INFO     |   → 355/1331: ✅ 0 взято | 🗑️ 0 мусор
2026-07-01 03:01:12,933 | INFO     |   → 356/1331: ✅ 0 взято | 🗑️ 121 мусор
2026-07-01 03:01:12,933 | INFO     |   → 357/1331: ✅ 0 взято | 🗑️ 0 мусор
2026-07-01 03:01:12,933 | INFO     |   → 358/1331: ✅ 0 взято | 🗑️ 135 мусор
2026-07-01 03:01:12,933 | INFO     |   → 359/1331: ✅ 0 взято | 🗑️ 0 мусор
2026-07-01 03:01:12,933 | INFO     |   → 360/1331: ✅ 1 взято | 🗑️ 129 мусор
2026-07-01 03:01:12,933 | INFO     |   → 361/1331: ✅ 0 взято | 🗑️ 0 мусор
2026-07-01 03:01:12,933 | INFO     |   → 362/1331: ✅ 0 взято | 🗑️ 189 мусор
2026-07-01 03:01:12,933 | INFO     |   → 363/1331: ✅ 0 взято | 🗑️ 0 мусор
2026-07-01 03:01:12,933 | INFO     |   → 364/1331: ✅ 3 взято | 🗑️ 147 мусор
2026-07-01 03:01:12,933 | INFO     |   → 365/1331: ✅ 0 взято | 🗑️ 0 мусор
2026-07-01 03:01:12,933 | INFO     |   → 366/1331: ✅ 1 взято | 🗑️ 183 мусор
2026-07-01 03:01:12,934 | INFO     |   → 367/1331: ✅ 0 взято | 🗑️ 0 мусор
2026-07-01 03:01:12,934 | INFO     |   → 368/1331: ✅ 0 взято | 🗑️ 155 мусор
2026-07-01 03:01:12,934 | INFO     |   → 369/1331: ✅ 0 взято | 🗑️ 0 мусор
2026-07-01 03:01:12,934 | INFO     |   → 370/1331: ✅ 0 взято | 🗑️ 114 мусор
2026-07-01 03:01:12,934 | INFO     |   → 371/1331: ✅ 0 взято | 🗑️ 0 мусор
2026-07-01 03:01:12,934 | INFO     |   → 372/1331: ✅ 0 взято | 🗑️ 239 мусор
2026-07-01 03:01:12,934 | INFO     |   → 373/1331: ✅ 0 взято | 🗑️ 0 мусор
2026-07-01 03:01:12,934 | INFO     |   → 374/1331: ✅ 0 взято | 🗑️ 204 мусор
2026-07-01 03:01:12,934 | INFO     |   → 375/1331: ✅ 0 взято | 🗑️ 0 мусор
2026-07-01 03:01:12,934 | INFO     |   → 376/1331: ✅ 0 взято | 🗑️ 232 мусор
2026-07-01 03:01:12,934 | INFO     |   → 377/1331: ✅ 0 взято | 🗑️ 0 мусор
2026-07-01 03:01:12,934 | INFO     |   → 378/1331: ✅ 0 взято | 🗑️ 192 мусор
2026-07-01 03:01:12,934 | INFO     |   → 379/1331: ✅ 0 взято | 🗑️ 0 мусор
2026-07-01 03:01:12,934 | INFO     |   → 380/1331: ✅ 0 взято | 🗑️ 183 мусор
2026-07-01 03:01:12,934 | INFO     |   → 381/1331: ✅ 0 взято | 🗑️ 0 мусор
2026-07-01 03:01:12,934 | INFO     |   → 382/1331: ✅ 0 взято | 🗑️ 169 мусор
2026-07-01 03:01:12,934 | INFO     |   → 383/1331: ✅ 0 взято | 🗑️ 0 мусор
2026-07-01 03:01:12,934 | INFO     |   → 384/1331: ✅ 0 взято | 🗑️ 167 мусор
2026-07-01 03:01:12,934 | INFO     |   → 385/1331: ✅ 0 взято | 🗑️ 0 мусор
2026-07-01 03:01:12,934 | INFO     |   → 386/1331: ✅ 0 взято | 🗑️ 193 мусор
2026-07-01 03:01:12,934 | INFO     |   → 387/1331: ✅ 0 взято | 🗑️ 0 мусор
2026-07-01 03:01:12,934 | INFO     |   → 388/1331: ✅ 1 взято | 🗑️ 161 мусор
2026-07-01 03:01:12,934 | INFO     |   → 389/1331: ✅ 0 взято | 🗑️ 0 мусор
2026-07-01 03:01:12,934 | INFO     |   → 390/1331: ✅ 0 взято | 🗑️ 171 мусор
2026-07-01 03:01:12,934 | INFO     |   → 391/1331: ✅ 0 взято | 🗑️ 0 мусор
2026-07-01 03:01:12,934 | INFO     |   → 392/1331: ✅ 0 взято | 🗑️ 174 мусор
2026-07-01 03:01:12,934 | INFO     |   → 393/1331: ✅ 0 взято | 🗑️ 0 мусор
2026-07-01 03:01:12,934 | INFO     |   → 394/1331: ✅ 0 взято | 🗑️ 206 мусор
2026-07-01 03:01:12,934 | INFO     |   → 395/1331: ✅ 0 взято | 🗑️ 0 мусор
2026-07-01 03:01:12,935 | INFO     |   → 396/1331: ✅ 0 взято | 🗑️ 170 мусор
2026-07-01 03:01:12,935 | INFO     |   → 397/1331: ✅ 0 взято | 🗑️ 0 мусор
2026-07-01 03:01:12,935 | INFO     |   → 398/1331: ✅ 1 взято | 🗑️ 196 мусор
2026-07-01 03:01:12,935 | INFO     |   → 399/1331: ✅ 0 взято | 🗑️ 0 мусор
2026-07-01 03:01:12,935 | INFO     |   → 400/1331: ✅ 0 взято | 🗑️ 208 мусор
2026-07-01 03:01:12,935 | INFO     |   → 401/1331: ✅ 0 взято | 🗑️ 0 мусор
2026-07-01 03:01:12,935 | INFO     |   → 402/1331: ✅ 0 взято | 🗑️ 162 мусор
2026-07-01 03:01:12,935 | INFO     |   → 403/1331: ✅ 0 взято | 🗑️ 0 мусор
2026-07-01 03:01:12,935 | INFO     |   → 404/1331: ✅ 0 взято | 🗑️ 116 мусор
2026-07-01 03:01:12,935 | INFO     |   → 405/1331: ✅ 0 взято | 🗑️ 0 мусор
2026-07-01 03:01:12,935 | INFO     |   → 406/1331: ✅ 0 взято | 🗑️ 132 мусор
2026-07-01 03:01:12,935 | INFO     |   → 407/1331: ✅ 0 взято | 🗑️ 0 мусор
2026-07-01 03:01:12,935 | INFO     |   → 408/1331: ✅ 0 взято | 🗑️ 132 мусор
2026-07-01 03:01:12,935 | INFO     |   → 409/1331: ✅ 0 взято | 🗑️ 0 мусор
2026-07-01 03:01:12,935 | INFO     |   → 410/1331: ✅ 1 взято | 🗑️ 113 мусор
2026-07-01 03:01:12,935 | INFO     |   → 411/1331: ✅ 0 взято | 🗑️ 0 мусор
2026-07-01 03:01:12,935 | INFO     |   → 412/1331: ✅ 0 взято | 🗑️ 103 мусор
2026-07-01 03:01:12,935 | INFO     |   → 413/1331: ✅ 0 взято | 🗑️ 0 мусор
2026-07-01 03:01:12,936 | INFO     |   → 414/1331: ✅ 3 взято | 🗑️ 213 мусор
2026-07-01 03:01:12,936 | INFO     |   → 415/1331: ✅ 0 взято | 🗑️ 0 мусор
2026-07-01 03:01:12,936 | INFO     |   → 416/1331: ✅ 1 взято | 🗑️ 130 мусор
2026-07-01 03:01:12,936 | INFO     |   → 417/1331: ✅ 0 взято | 🗑️ 0 мусор
2026-07-01 03:01:12,936 | INFO     |   → 418/1331: ✅ 0 взято | 🗑️ 135 мусор
2026-07-01 03:01:12,936 | INFO     |   → 419/1331: ✅ 0 взято | 🗑️ 0 мусор
2026-07-01 03:01:12,936 | INFO     |   → 420/1331: ✅ 0 взято | 🗑️ 145 мусор
2026-07-01 03:01:12,936 | INFO     |   → 421/1331: ✅ 0 взято | 🗑️ 0 мусор
2026-07-01 03:01:12,936 | INFO     |   → 422/1331: ✅ 0 взято | 🗑️ 157 мусор
2026-07-01 03:01:12,936 | INFO     |   → 423/1331: ✅ 0 взято | 🗑️ 0 мусор
2026-07-01 03:01:12,936 | INFO     |   → 424/1331: ✅ 0 взято | 🗑️ 131 мусор
2026-07-01 03:01:12,936 | INFO     |   → 425/1331: ✅ 0 взято | 🗑️ 0 мусор
2026-07-01 03:01:12,936 | INFO     |   → 426/1331: ✅ 1 взято | 🗑️ 124 мусор
2026-07-01 03:01:12,936 | INFO     |   → 427/1331: ✅ 0 взято | 🗑️ 0 мусор
2026-07-01 03:01:12,936 | INFO     |   → 428/1331: ✅ 2 взято | 🗑️ 189 мусор
2026-07-01 03:01:12,936 | INFO     |   → 429/1331: ✅ 0 взято | 🗑️ 0 мусор
2026-07-01 03:01:12,936 | INFO     |   → 430/1331: ✅ 1 взято | 🗑️ 279 мусор
2026-07-01 03:01:12,936 | INFO     |   → 431/1331: ✅ 0 взято | 🗑️ 0 мусор
2026-07-01 03:01:12,937 | INFO     |   → 432/1331: ✅ 0 взято | 🗑️ 270 мусор
2026-07-01 03:01:12,937 | INFO     |   → 433/1331: ✅ 0 взято | 🗑️ 0 мусор
2026-07-01 03:01:12,937 | INFO     |   → 434/1331: ✅ 0 взято | 🗑️ 161 мусор
2026-07-01 03:01:12,937 | INFO     |   → 435/1331: ✅ 0 взято | 🗑️ 0 мусор
2026-07-01 03:01:12,937 | INFO     |   → 436/1331: ✅ 3 взято | 🗑️ 117 мусор
2026-07-01 03:01:12,937 | INFO     |   → 437/1331: ✅ 0 взято | 🗑️ 0 мусор
2026-07-01 03:01:12,937 | INFO     |   → 438/1331: ✅ 0 взято | 🗑️ 100 мусор
2026-07-01 03:01:12,937 | INFO     |   → 439/1331: ✅ 0 взято | 🗑️ 0 мусор
2026-07-01 03:01:12,937 | INFO     |   → 440/1331: ✅ 1 взято | 🗑️ 171 мусор
2026-07-01 03:01:12,937 | INFO     |   → 441/1331: ✅ 0 взято | 🗑️ 0 мусор
2026-07-01 03:01:12,937 | INFO     |   → 442/1331: ✅ 0 взято | 🗑️ 202 мусор
2026-07-01 03:01:12,937 | INFO     |   → 443/1331: ✅ 0 взято | 🗑️ 0 мусор
2026-07-01 03:01:12,937 | INFO     |   → 444/1331: ✅ 0 взято | 🗑️ 138 мусор
2026-07-01 03:01:12,937 | INFO     |   → 445/1331: ✅ 0 взято | 🗑️ 0 мусор
2026-07-01 03:01:12,937 | INFO     |   → 446/1331: ✅ 0 взято | 🗑️ 236 мусор
2026-07-01 03:01:12,937 | INFO     |   → 447/1331: ✅ 0 взято | 🗑️ 0 мусор
2026-07-01 03:01:12,937 | INFO     |   → 448/1331: ✅ 0 взято | 🗑️ 192 мусор
2026-07-01 03:01:12,937 | INFO     |   → 449/1331: ✅ 0 взято | 🗑️ 0 мусор
2026-07-01 03:01:12,937 | INFO     |   → 450/1331: ✅ 1 взято | 🗑️ 174 мусор
2026-07-01 03:01:12,938 | INFO     |   → 451/1331: ✅ 0 взято | 🗑️ 0 мусор
2026-07-01 03:01:12,938 | INFO     |   → 452/1331: ✅ 0 взято | 🗑️ 149 мусор
2026-07-01 03:01:12,938 | INFO     |   → 453/1331: ✅ 0 взято | 🗑️ 0 мусор
2026-07-01 03:01:12,938 | INFO     |   → 454/1331: ✅ 0 взято | 🗑️ 147 мусор
2026-07-01 03:01:12,938 | INFO     |   → 455/1331: ✅ 0 взято | 🗑️ 0 мусор
2026-07-01 03:01:12,938 | INFO     |   → 456/1331: ✅ 2 взято | 🗑️ 196 мусор
2026-07-01 03:01:12,938 | INFO     |   → 457/1331: ✅ 0 взято | 🗑️ 0 мусор
2026-07-01 03:01:12,938 | INFO     |   → 458/1331: ✅ 2 взято | 🗑️ 277 мусор
2026-07-01 03:01:12,938 | INFO     |   → 459/1331: ✅ 0 взято | 🗑️ 0 мусор
2026-07-01 03:01:12,938 | INFO     |   → 460/1331: ✅ 0 взято | 🗑️ 211 мусор
2026-07-01 03:01:12,938 | INFO     |   → 461/1331: ✅ 0 взято | 🗑️ 0 мусор
2026-07-01 03:01:12,938 | INFO     |   → 462/1331: ✅ 1 взято | 🗑️ 229 мусор
2026-07-01 03:01:12,938 | INFO     |   → 463/1331: ✅ 0 взято | 🗑️ 0 мусор
2026-07-01 03:01:12,938 | INFO     |   → 464/1331: ✅ 1 взято | 🗑️ 131 мусор
2026-07-01 03:01:12,938 | INFO     |   → 465/1331: ✅ 0 взято | 🗑️ 0 мусор
2026-07-01 03:01:12,938 | INFO     |   → 466/1331: ✅ 3 взято | 🗑️ 257 мусор
2026-07-01 03:01:12,938 | INFO     |   → 467/1331: ✅ 0 взято | 🗑️ 0 мусор
2026-07-01 03:01:12,938 | INFO     |   → 468/1331: ✅ 0 взято | 🗑️ 180 мусор
2026-07-01 03:01:12,939 | INFO     |   → 469/1331: ✅ 0 взято | 🗑️ 0 мусор
2026-07-01 03:01:12,939 | INFO     |   → 470/1331: ✅ 0 взято | 🗑️ 191 мусор
2026-07-01 03:01:12,939 | INFO     |   → 471/1331: ✅ 0 взято | 🗑️ 0 мусор
2026-07-01 03:01:12,939 | INFO     |   → 472/1331: ✅ 1 взято | 🗑️ 224 мусор
2026-07-01 03:01:12,939 | INFO     |   → 473/1331: ✅ 0 взято | 🗑️ 0 мусор
2026-07-01 03:01:12,939 | INFO     |   → 474/1331 ⚠️ Ошибка: HTTPSConnectionPool(host='ivuxy.tech', port=443): Max retries exceeded with url: /v.txt (Caused by NameResolutionError("HTTPSConnection(host='ivuxy.tech', port=443): Failed to resolve 'ivuxy.tech' ([Errno -2] Name or service not known)")) — https://ivuxy.tech/v.txt
2026-07-01 03:01:12,939 | INFO     |   → 475/1331 ⚠️ Ошибка: HTTPSConnectionPool(host='mirror.ghproxy.com', port=443): Max retries exceeded with url: /https://raw.githubusercontent.com/Barabama/FreeNodes/master/nodes/blues.txt (Caused by NameResolutionError("HTTPSConnection(host='mirror.ghproxy.com', port=443): Failed to resolve 'mirror.ghproxy.com' ([Errno -2] Name or service not known)")) — https://mirror.ghproxy.com/https://raw.githubusercontent.com/Barabama/FreeNodes/master/nodes/blues.txt
2026-07-01 03:01:12,939 | INFO     |   → 476/1331 ⚠️ Ошибка: HTTPSConnectionPool(host='mirror.ghproxy.com', port=443): Max retries exceeded with url: /https://raw.githubusercontent.com/Barabama/FreeNodes/master/nodes/halekj.txt (Caused by NameResolutionError("HTTPSConnection(host='mirror.ghproxy.com', port=443): Failed to resolve 'mirror.ghproxy.com' ([Errno -2] Name or service not known)")) — https://mirror.ghproxy.com/https://raw.githubusercontent.com/Barabama/FreeNodes/master/nodes/halekj.txt
2026-07-01 03:01:12,939 | INFO     |   → 477/1331 ⚠️ Ошибка: HTTPSConnectionPool(host='mirror.ghproxy.com', port=443): Max retries exceeded with url: /https://raw.githubusercontent.com/Barabama/FreeNodes/master/nodes/kkzui.txt (Caused by NameResolutionError("HTTPSConnection(host='mirror.ghproxy.com', port=443): Failed to resolve 'mirror.ghproxy.com' ([Errno -2] Name or service not known)")) — https://mirror.ghproxy.com/https://raw.githubusercontent.com/Barabama/FreeNodes/master/nodes/kkzui.txt
2026-07-01 03:01:12,939 | INFO     |   → 478/1331 ⚠️ Ошибка: HTTPSConnectionPool(host='mirror.ghproxy.com', port=443): Max retries exceeded with url: /https://raw.githubusercontent.com/Barabama/FreeNodes/master/nodes/merged.txt (Caused by NameResolutionError("HTTPSConnection(host='mirror.ghproxy.com', port=443): Failed to resolve 'mirror.ghproxy.com' ([Errno -2] Name or service not known)")) — https://mirror.ghproxy.com/https://raw.githubusercontent.com/Barabama/FreeNodes/master/nodes/merged.txt
2026-07-01 03:01:12,939 | INFO     |   → 479/1331 ⚠️ Ошибка: HTTPSConnectionPool(host='mirror.ghproxy.com', port=443): Max retries exceeded with url: /https://raw.githubusercontent.com/Barabama/FreeNodes/master/nodes/nodefree.txt (Caused by NameResolutionError("HTTPSConnection(host='mirror.ghproxy.com', port=443): Failed to resolve 'mirror.ghproxy.com' ([Errno -2] Name or service not known)")) — https://mirror.ghproxy.com/https://raw.githubusercontent.com/Barabama/FreeNodes/master/nodes/nodefree.txt
2026-07-01 03:01:12,939 | INFO     |   → 480/1331 ⚠️ Ошибка: HTTPSConnectionPool(host='mirror.ghproxy.com', port=443): Max retries exceeded with url: /https://raw.githubusercontent.com/Barabama/FreeNodes/master/nodes/openrunner.txt (Caused by NameResolutionError("HTTPSConnection(host='mirror.ghproxy.com', port=443): Failed to resolve 'mirror.ghproxy.com' ([Errno -2] Name or service not known)")) — https://mirror.ghproxy.com/https://raw.githubusercontent.com/Barabama/FreeNodes/master/nodes/openrunner.txt
2026-07-01 03:01:12,939 | INFO     |   → 481/1331 ⚠️ Ошибка: HTTPSConnectionPool(host='mirror.ghproxy.com', port=443): Max retries exceeded with url: /https://raw.githubusercontent.com/Barabama/FreeNodes/master/nodes/v2rayshare.txt (Caused by NameResolutionError("HTTPSConnection(host='mirror.ghproxy.com', port=443): Failed to resolve 'mirror.ghproxy.com' ([Errno -2] Name or service not known)")) — https://mirror.ghproxy.com/https://raw.githubusercontent.com/Barabama/FreeNodes/master/nodes/v2rayshare.txt
2026-07-01 03:01:12,939 | INFO     |   → 482/1331 ⚠️ Ошибка: HTTPSConnectionPool(host='mirror.ghproxy.com', port=443): Max retries exceeded with url: /https://raw.githubusercontent.com/Barabama/FreeNodes/master/nodes/wenode.txt (Caused by NameResolutionError("HTTPSConnection(host='mirror.ghproxy.com', port=443): Failed to resolve 'mirror.ghproxy.com' ([Errno -2] Name or service not known)")) — https://mirror.ghproxy.com/https://raw.githubusercontent.com/Barabama/FreeNodes/master/nodes/wenode.txt
2026-07-01 03:01:12,939 | INFO     |   → 483/1331 ⚠️ Ошибка: HTTPSConnectionPool(host='mirror.ghproxy.com', port=443): Max retries exceeded with url: /https://raw.githubusercontent.com/Barabama/FreeNodes/master/nodes/yudou66.txt (Caused by NameResolutionError("HTTPSConnection(host='mirror.ghproxy.com', port=443): Failed to resolve 'mirror.ghproxy.com' ([Errno -2] Name or service not known)")) — https://mirror.ghproxy.com/https://raw.githubusercontent.com/Barabama/FreeNodes/master/nodes/yudou66.txt
2026-07-01 03:01:12,939 | INFO     |   → 484/1331: ✅ 7 взято | 🗑️ 17 мусор
2026-07-01 03:01:12,939 | INFO     |   → 485/1331: ✅ 0 взято | 🗑️ 17 мусор
2026-07-01 03:01:12,939 | INFO     |   → 486/1331: ✅ 14 взято | 🗑️ 14 мусор
2026-07-01 03:01:12,940 | INFO     |   → 487/1331: ✅ 0 взято | 🗑️ 14 мусор
2026-07-01 03:01:12,940 | INFO     |   → 488/1331: ✅ 0 взято | 🗑️ 14 мусор
2026-07-01 03:01:12,940 | INFO     |   → 489/1331: ✅ 0 взято | 🗑️ 14 мусор
2026-07-01 03:01:12,940 | INFO     |   → 490/1331: ✅ 0 взято | 🗑️ 14 мусор
2026-07-01 03:01:12,940 | INFO     |   → 491/1331: ✅ 0 взято | 🗑️ 14 мусор
2026-07-01 03:01:12,940 | INFO     |   → 492/1331: ✅ 0 взято | 🗑️ 14 мусор
2026-07-01 03:01:12,940 | INFO     |   → 493/1331: ✅ 0 взято | 🗑️ 14 мусор
2026-07-01 03:01:12,940 | INFO     |   → 494/1331: ✅ 0 взято | 🗑️ 14 мусор
2026-07-01 03:01:12,940 | INFO     |   → 495/1331: ✅ 7 взято | 🗑️ 21 мусор
2026-07-01 03:01:12,940 | INFO     |   → 496/1331: ✅ 0 взято | 🗑️ 21 мусор
2026-07-01 03:01:12,940 | INFO     |   → 497/1331: ✅ 0 взято | 🗑️ 21 мусор
2026-07-01 03:01:12,940 | INFO     |   → 498/1331: ✅ 0 взято | 🗑️ 21 мусор
2026-07-01 03:01:12,940 | INFO     |   → 499/1331: ✅ 0 взято | 🗑️ 21 мусор
2026-07-01 03:01:12,940 | INFO     |   → 500/1331: ✅ 0 взято | 🗑️ 21 мусор
2026-07-01 03:01:12,940 | INFO     |   → 501/1331: ✅ 0 взято | 🗑️ 21 мусор
2026-07-01 03:01:12,940 | INFO     |   → 502/1331: ✅ 0 взято | 🗑️ 21 мусор
2026-07-01 03:01:12,940 | INFO     |   → 503/1331: ✅ 0 взято | 🗑️ 21 мусор
2026-07-01 03:01:12,940 | INFO     |   → 504/1331: ✅ 0 взято | 🗑️ 21 мусор
2026-07-01 03:01:12,940 | INFO     |   → 505/1331: ✅ 0 взято | 🗑️ 21 мусор
2026-07-01 03:01:12,941 | INFO     |   → 506/1331: ✅ 5 взято | 🗑️ 15 мусор
2026-07-01 03:01:12,941 | INFO     |   → 507/1331: ✅ 0 взято | 🗑️ 15 мусор
2026-07-01 03:01:12,941 | INFO     |   → 508/1331: ✅ 0 взято | 🗑️ 15 мусор
2026-07-01 03:01:12,941 | INFO     |   → 509/1331: ✅ 0 взято | 🗑️ 15 мусор
2026-07-01 03:01:12,941 | INFO     |   → 510/1331: ✅ 0 взято | 🗑️ 15 мусор
2026-07-01 03:01:12,941 | INFO     |   → 511/1331: ✅ 0 взято | 🗑️ 15 мусор
2026-07-01 03:01:12,941 | INFO     |   → 512/1331: ✅ 0 взято | 🗑️ 15 мусор
2026-07-01 03:01:12,941 | INFO     |   → 513/1331: ✅ 0 взято | 🗑️ 15 мусор
2026-07-01 03:01:12,941 | INFO     |   → 514/1331: ✅ 0 взято | 🗑️ 15 мусор
2026-07-01 03:01:12,941 | INFO     |   → 515/1331: ✅ 0 взято | 🗑️ 14 мусор
2026-07-01 03:01:12,941 | INFO     |   → 516/1331: ✅ 0 взято | 🗑️ 14 мусор
2026-07-01 03:01:12,941 | INFO     |   → 517/1331: ✅ 0 взято | 🗑️ 14 мусор
2026-07-01 03:01:12,941 | INFO     |   → 518/1331: ✅ 0 взято | 🗑️ 14 мусор
2026-07-01 03:01:12,941 | INFO     |   → 519/1331: ✅ 6 взято | 🗑️ 17 мусор
2026-07-01 03:01:12,941 | INFO     |   → 520/1331: ✅ 0 взято | 🗑️ 17 мусор
2026-07-01 03:01:12,941 | INFO     |   → 521/1331: ✅ 0 взято | 🗑️ 17 мусор
2026-07-01 03:01:12,941 | INFO     |   → 522/1331: ✅ 0 взято | 🗑️ 17 мусор
2026-07-01 03:01:12,941 | INFO     |   → 523/1331: ✅ 0 взято | 🗑️ 17 мусор
2026-07-01 03:01:12,942 | INFO     |   → 524/1331: ✅ 0 взято | 🗑️ 17 мусор
2026-07-01 03:01:12,942 | INFO     |   → 525/1331: ✅ 6 взято | 🗑️ 24 мусор
2026-07-01 03:01:12,942 | INFO     |   → 526/1331: ✅ 0 взято | 🗑️ 24 мусор
2026-07-01 03:01:12,942 | INFO     |   → 527/1331: ✅ 0 взято | 🗑️ 24 мусор
2026-07-01 03:01:12,942 | INFO     |   → 528/1331: ✅ 0 взято | 🗑️ 24 мусор
2026-07-01 03:01:12,942 | INFO     |   → 529/1331: ✅ 0 взято | 🗑️ 24 мусор
2026-07-01 03:01:12,942 | INFO     |   → 530/1331: ✅ 0 взято | 🗑️ 24 мусор
2026-07-01 03:01:12,942 | INFO     |   → 531/1331: ✅ 0 взято | 🗑️ 24 мусор
2026-07-01 03:01:12,942 | INFO     |   → 532/1331: ✅ 0 взято | 🗑️ 24 мусор
2026-07-01 03:01:12,942 | INFO     |   → 533/1331: ✅ 0 взято | 🗑️ 24 мусор
2026-07-01 03:01:12,942 | INFO     |   → 534/1331: ✅ 0 взято | 🗑️ 24 мусор
2026-07-01 03:01:12,942 | INFO     |   → 535/1331: ✅ 0 взято | 🗑️ 24 мусор
2026-07-01 03:01:12,942 | INFO     |   → 536/1331: ✅ 13 взято | 🗑️ 7 мусор
2026-07-01 03:01:12,942 | INFO     |   → 537/1331: ✅ 0 взято | 🗑️ 7 мусор
2026-07-01 03:01:12,942 | INFO     |   → 538/1331: ✅ 0 взято | 🗑️ 7 мусор
2026-07-01 03:01:12,942 | INFO     |   → 539/1331: ✅ 0 взято | 🗑️ 7 мусор
2026-07-01 03:01:12,942 | INFO     |   → 540/1331: ✅ 0 взято | 🗑️ 7 мусор
2026-07-01 03:01:12,942 | INFO     |   → 541/1331: ✅ 0 взято | 🗑️ 7 мусор
2026-07-01 03:01:12,943 | INFO     |   → 542/1331: ✅ 0 взято | 🗑️ 7 мусор
2026-07-01 03:01:12,943 | INFO     |   → 543/1331: ✅ 0 взято | 🗑️ 7 мусор
2026-07-01 03:01:12,943 | INFO     |   → 544/1331: ✅ 0 взято | 🗑️ 7 мусор
2026-07-01 03:01:12,943 | INFO     |   → 545/1331: ✅ 0 взято | 🗑️ 7 мусор
2026-07-01 03:01:12,943 | INFO     |   → 546/1331: ✅ 5 взято | 🗑️ 9 мусор
2026-07-01 03:01:12,943 | INFO     |   → 547/1331: ✅ 0 взято | 🗑️ 9 мусор
2026-07-01 03:01:12,943 | INFO     |   → 548/1331: ✅ 0 взято | 🗑️ 9 мусор
2026-07-01 03:01:12,943 | INFO     |   → 549/1331: ✅ 0 взято | 🗑️ 9 мусор
2026-07-01 03:01:12,943 | INFO     |   → 550/1331: ✅ 0 взято | 🗑️ 9 мусор
2026-07-01 03:01:12,943 | INFO     |   → 551/1331: ✅ 0 взято | 🗑️ 9 мусор
2026-07-01 03:01:12,943 | INFO     |   → 552/1331: ✅ 0 взято | 🗑️ 9 мусор
2026-07-01 03:01:12,943 | INFO     |   → 553/1331: ✅ 0 взято | 🗑️ 9 мусор
2026-07-01 03:01:12,943 | INFO     |   → 554/1331: ✅ 0 взято | 🗑️ 9 мусор
2026-07-01 03:01:12,943 | INFO     |   → 555/1331: ✅ 0 взято | 🗑️ 9 мусор
2026-07-01 03:01:12,943 | INFO     |   → 556/1331: ✅ 13 взято | 🗑️ 10 мусор
2026-07-01 03:01:12,943 | INFO     |   → 557/1331: ✅ 0 взято | 🗑️ 10 мусор
2026-07-01 03:01:12,943 | INFO     |   → 558/1331: ✅ 0 взято | 🗑️ 10 мусор
2026-07-01 03:01:12,943 | INFO     |   → 559/1331: ✅ 0 взято | 🗑️ 10 мусор
2026-07-01 03:01:12,943 | INFO     |   → 560/1331: ✅ 0 взято | 🗑️ 10 мусор
2026-07-01 03:01:12,944 | INFO     |   → 561/1331: ✅ 0 взято | 🗑️ 10 мусор
2026-07-01 03:01:12,944 | INFO     |   → 562/1331: ✅ 0 взято | 🗑️ 10 мусор
2026-07-01 03:01:12,944 | INFO     |   → 563/1331: ✅ 0 взято | 🗑️ 10 мусор
2026-07-01 03:01:12,944 | INFO     |   → 564/1331: ✅ 0 взято | 🗑️ 10 мусор
2026-07-01 03:01:12,944 | INFO     |   → 565/1331: ✅ 0 взято | 🗑️ 10 мусор
2026-07-01 03:01:12,944 | INFO     |   → 566/1331 ❌ HTTP 403 — https://nodefree.org/dy/2023/08/20230806.yaml
2026-07-01 03:01:12,944 | INFO     |   → 567/1331 ❌ HTTP 403 — https://nodefree.org/dy/2023/12/20231221.txt
2026-07-01 03:01:12,944 | INFO     |   → 568/1331: ✅ 0 взято | 🗑️ 17 мусор
2026-07-01 03:01:12,944 | INFO     |   → 569/1331: ✅ 0 взято | 🗑️ 17 мусор
2026-07-01 03:01:12,944 | INFO     |   → 570/1331: ✅ 0 взято | 🗑️ 14 мусор
2026-07-01 03:01:12,944 | INFO     |   → 571/1331: ✅ 0 взято | 🗑️ 14 мусор
2026-07-01 03:01:12,944 | INFO     |   → 572/1331: ✅ 0 взято | 🗑️ 14 мусор
2026-07-01 03:01:12,944 | INFO     |   → 573/1331: ✅ 0 взято | 🗑️ 14 мусор
2026-07-01 03:01:12,944 | INFO     |   → 574/1331: ✅ 0 взято | 🗑️ 14 мусор
2026-07-01 03:01:12,944 | INFO     |   → 575/1331: ✅ 0 взято | 🗑️ 14 мусор
2026-07-01 03:01:12,944 | INFO     |   → 576/1331: ✅ 0 взято | 🗑️ 14 мусор
2026-07-01 03:01:12,944 | INFO     |   → 577/1331: ✅ 0 взято | 🗑️ 14 мусор
2026-07-01 03:01:12,944 | INFO     |   → 578/1331: ✅ 0 взято | 🗑️ 14 мусор
2026-07-01 03:01:12,944 | INFO     |   → 579/1331: ✅ 0 взято | 🗑️ 21 мусор
2026-07-01 03:01:12,945 | INFO     |   → 580/1331: ✅ 0 взято | 🗑️ 21 мусор
2026-07-01 03:01:12,945 | INFO     |   → 581/1331: ✅ 0 взято | 🗑️ 21 мусор
2026-07-01 03:01:12,945 | INFO     |   → 582/1331: ✅ 0 взято | 🗑️ 21 мусор
2026-07-01 03:01:12,945 | INFO     |   → 583/1331: ✅ 0 взято | 🗑️ 21 мусор
2026-07-01 03:01:12,945 | INFO     |   → 584/1331: ✅ 0 взято | 🗑️ 21 мусор
2026-07-01 03:01:12,945 | INFO     |   → 585/1331: ✅ 0 взято | 🗑️ 21 мусор
2026-07-01 03:01:12,945 | INFO     |   → 586/1331: ✅ 0 взято | 🗑️ 21 мусор
2026-07-01 03:01:12,945 | INFO     |   → 587/1331: ✅ 0 взято | 🗑️ 21 мусор
2026-07-01 03:01:12,945 | INFO     |   → 588/1331: ✅ 0 взято | 🗑️ 21 мусор
2026-07-01 03:01:12,945 | INFO     |   → 589/1331: ✅ 0 взято | 🗑️ 21 мусор
2026-07-01 03:01:12,945 | INFO     |   → 590/1331: ✅ 0 взято | 🗑️ 15 мусор
2026-07-01 03:01:12,945 | INFO     |   → 591/1331: ✅ 0 взято | 🗑️ 15 мусор
2026-07-01 03:01:12,945 | INFO     |   → 592/1331: ✅ 0 взято | 🗑️ 15 мусор
2026-07-01 03:01:12,945 | INFO     |   → 593/1331: ✅ 0 взято | 🗑️ 15 мусор
2026-07-01 03:01:12,945 | INFO     |   → 594/1331: ✅ 0 взято | 🗑️ 15 мусор
2026-07-01 03:01:12,945 | INFO     |   → 595/1331: ✅ 0 взято | 🗑️ 15 мусор
2026-07-01 03:01:12,945 | INFO     |   → 596/1331: ✅ 0 взято | 🗑️ 15 мусор
2026-07-01 03:01:12,945 | INFO     |   → 597/1331: ✅ 0 взято | 🗑️ 15 мусор
2026-07-01 03:01:12,946 | INFO     |   → 598/1331: ✅ 0 взято | 🗑️ 15 мусор
2026-07-01 03:01:12,946 | INFO     |   → 599/1331: ✅ 0 взято | 🗑️ 15 мусор
2026-07-01 03:01:12,946 | INFO     |   → 600/1331: ✅ 0 взято | 🗑️ 14 мусор
2026-07-01 03:01:12,946 | INFO     |   → 601/1331: ✅ 0 взято | 🗑️ 14 мусор
2026-07-01 03:01:12,946 | INFO     |   → 602/1331: ✅ 0 взято | 🗑️ 14 мусор
2026-07-01 03:01:12,946 | INFO     |   → 603/1331: ✅ 0 взято | 🗑️ 14 мусор
2026-07-01 03:01:12,946 | INFO     |   → 604/1331: ✅ 0 взято | 🗑️ 17 мусор
2026-07-01 03:01:12,946 | INFO     |   → 605/1331: ✅ 0 взято | 🗑️ 17 мусор
2026-07-01 03:01:12,946 | INFO     |   → 606/1331: ✅ 0 взято | 🗑️ 17 мусор
2026-07-01 03:01:12,946 | INFO     |   → 607/1331: ✅ 0 взято | 🗑️ 17 мусор
2026-07-01 03:01:12,946 | INFO     |   → 608/1331: ✅ 0 взято | 🗑️ 17 мусор
2026-07-01 03:01:12,946 | INFO     |   → 609/1331: ✅ 0 взято | 🗑️ 24 мусор
2026-07-01 03:01:12,946 | INFO     |   → 610/1331: ✅ 0 взято | 🗑️ 24 мусор
2026-07-01 03:01:12,946 | INFO     |   → 611/1331: ✅ 0 взято | 🗑️ 24 мусор
2026-07-01 03:01:12,946 | INFO     |   → 612/1331: ✅ 0 взято | 🗑️ 24 мусор
2026-07-01 03:01:12,946 | INFO     |   → 613/1331: ✅ 0 взято | 🗑️ 24 мусор
2026-07-01 03:01:12,946 | INFO     |   → 614/1331: ✅ 0 взято | 🗑️ 24 мусор
2026-07-01 03:01:12,946 | INFO     |   → 615/1331: ✅ 0 взято | 🗑️ 24 мусор
2026-07-01 03:01:12,946 | INFO     |   → 616/1331: ✅ 0 взято | 🗑️ 24 мусор
2026-07-01 03:01:12,947 | INFO     |   → 617/1331: ✅ 0 взято | 🗑️ 24 мусор
2026-07-01 03:01:12,947 | INFO     |   → 618/1331: ✅ 0 взято | 🗑️ 24 мусор
2026-07-01 03:01:12,947 | INFO     |   → 619/1331: ✅ 0 взято | 🗑️ 24 мусор
2026-07-01 03:01:12,947 | INFO     |   → 620/1331: ✅ 0 взято | 🗑️ 7 мусор
2026-07-01 03:01:12,947 | INFO     |   → 621/1331: ✅ 0 взято | 🗑️ 7 мусор
2026-07-01 03:01:12,947 | INFO     |   → 622/1331: ✅ 0 взято | 🗑️ 7 мусор
2026-07-01 03:01:12,947 | INFO     |   → 623/1331: ✅ 0 взято | 🗑️ 7 мусор
2026-07-01 03:01:12,947 | INFO     |   → 624/1331: ✅ 0 взято | 🗑️ 7 мусор
2026-07-01 03:01:12,947 | INFO     |   → 625/1331: ✅ 0 взято | 🗑️ 7 мусор
2026-07-01 03:01:12,947 | INFO     |   → 626/1331: ✅ 0 взято | 🗑️ 7 мусор
2026-07-01 03:01:12,947 | INFO     |   → 627/1331: ✅ 0 взято | 🗑️ 7 мусор
2026-07-01 03:01:12,947 | INFO     |   → 628/1331: ✅ 0 взято | 🗑️ 7 мусор
2026-07-01 03:01:12,947 | INFO     |   → 629/1331: ✅ 0 взято | 🗑️ 7 мусор
2026-07-01 03:01:12,947 | INFO     |   → 630/1331: ✅ 0 взято | 🗑️ 9 мусор
2026-07-01 03:01:12,947 | INFO     |   → 631/1331: ✅ 0 взято | 🗑️ 9 мусор
2026-07-01 03:01:12,947 | INFO     |   → 632/1331: ✅ 0 взято | 🗑️ 9 мусор
2026-07-01 03:01:12,947 | INFO     |   → 633/1331: ✅ 0 взято | 🗑️ 9 мусор
2026-07-01 03:01:12,947 | INFO     |   → 634/1331: ✅ 0 взято | 🗑️ 9 мусор
2026-07-01 03:01:12,947 | INFO     |   → 635/1331: ✅ 0 взято | 🗑️ 9 мусор
2026-07-01 03:01:12,948 | INFO     |   → 636/1331: ✅ 0 взято | 🗑️ 9 мусор
2026-07-01 03:01:12,948 | INFO     |   → 637/1331: ✅ 0 взято | 🗑️ 9 мусор
2026-07-01 03:01:12,948 | INFO     |   → 638/1331: ✅ 0 взято | 🗑️ 9 мусор
2026-07-01 03:01:12,948 | INFO     |   → 639/1331: ✅ 0 взято | 🗑️ 9 мусор
2026-07-01 03:01:12,948 | INFO     |   → 640/1331: ✅ 0 взято | 🗑️ 10 мусор
2026-07-01 03:01:12,948 | INFO     |   → 641/1331: ✅ 0 взято | 🗑️ 10 мусор
2026-07-01 03:01:12,948 | INFO     |   → 642/1331: ✅ 0 взято | 🗑️ 10 мусор
2026-07-01 03:01:12,948 | INFO     |   → 643/1331: ✅ 0 взято | 🗑️ 10 мусор
2026-07-01 03:01:12,948 | INFO     |   → 644/1331: ✅ 0 взято | 🗑️ 10 мусор
2026-07-01 03:01:12,948 | INFO     |   → 645/1331: ✅ 0 взято | 🗑️ 10 мусор
2026-07-01 03:01:12,948 | INFO     |   → 646/1331: ✅ 0 взято | 🗑️ 10 мусор
2026-07-01 03:01:12,948 | INFO     |   → 647/1331: ✅ 0 взято | 🗑️ 10 мусор
2026-07-01 03:01:12,948 | INFO     |   → 648/1331: ✅ 0 взято | 🗑️ 10 мусор
2026-07-01 03:01:12,948 | INFO     |   → 649/1331: ✅ 0 взято | 🗑️ 10 мусор
2026-07-01 03:01:12,948 | INFO     |   → 650/1331: ✅ 0 взято | 🗑️ 0 мусор
2026-07-01 03:01:12,948 | INFO     |   → 651/1331: ✅ 0 взято | 🗑️ 0 мусор
2026-07-01 03:01:12,948 | INFO     |   → 652/1331: ✅ 0 взято | 🗑️ 0 мусор
2026-07-01 03:01:12,948 | INFO     |   → 653/1331: ✅ 0 взято | 🗑️ 0 мусор
2026-07-01 03:01:12,948 | INFO     |   → 654/1331: ✅ 0 взято | 🗑️ 0 мусор
2026-07-01 03:01:12,949 | INFO     |   → 655/1331: ✅ 0 взято | 🗑️ 0 мусор
2026-07-01 03:01:12,949 | INFO     |   → 656/1331: ✅ 0 взято | 🗑️ 0 мусор
2026-07-01 03:01:12,949 | INFO     |   → 657/1331: ✅ 0 взято | 🗑️ 0 мусор
2026-07-01 03:01:12,949 | INFO     |   → 658/1331: ✅ 0 взято | 🗑️ 0 мусор
2026-07-01 03:01:12,949 | INFO     |   → 659/1331: ✅ 0 взято | 🗑️ 0 мусор
2026-07-01 03:01:12,949 | INFO     |   → 660/1331: ✅ 0 взято | 🗑️ 0 мусор
2026-07-01 03:01:12,949 | INFO     |   → 661/1331: ✅ 0 взято | 🗑️ 0 мусор
2026-07-01 03:01:12,949 | INFO     |   → 662/1331 ❌ HTTP 404 — https://raw.githubusercontent.com/10ium/MihomoSaz/main/Sublist/shatakvpn.yaml4_Sub.txt
2026-07-01 03:01:12,949 | INFO     |   → 663/1331: ✅ 0 взято | 🗑️ 0 мусор
2026-07-01 03:01:12,949 | INFO     |   → 664/1331: ✅ 0 взято | 🗑️ 0 мусор
2026-07-01 03:01:12,949 | INFO     |   → 665/1331: ✅ 167 взято | 🗑️ 672 мусор
2026-07-01 03:01:12,949 | INFO     |   → 666/1331: ✅ 0 взято | 🗑️ 0 мусор
2026-07-01 03:01:12,949 | INFO     |   → 667/1331: ✅ 0 взято | 🗑️ 0 мусор
2026-07-01 03:01:12,949 | INFO     |   → 668/1331: ✅ 11 взято | 🗑️ 399 мусор
2026-07-01 03:01:12,949 | INFO     |   → 669/1331: ✅ 0 взято | 🗑️ 0 мусор
2026-07-01 03:01:12,949 | INFO     |   → 670/1331 ❌ HTTP 404 — https://raw.githubusercontent.com/9Fork/openit/main/Clash.yaml
2026-07-01 03:01:12,949 | INFO     |   → 671/1331: ✅ 150 взято | 🗑️ 694 мусор
2026-07-01 03:01:12,949 | INFO     |   → 672/1331: ✅ 0 взято | 🗑️ 694 мусор
2026-07-01 03:01:12,950 | INFO     |   → 673/1331: ✅ 19 взято | 🗑️ 81 мусор
2026-07-01 03:01:12,950 | INFO     |   → 674/1331: ✅ 11 взято | 🗑️ 87 мусор
2026-07-01 03:01:12,950 | INFO     |   → 675/1331: ✅ 27 взято | 🗑️ 73 мусор
2026-07-01 03:01:12,950 | INFO     |   → 676/1331: ✅ 13 взято | 🗑️ 75 мусор
2026-07-01 03:01:12,950 | INFO     |   → 677/1331: ✅ 10 взято | 🗑️ 83 мусор
2026-07-01 03:01:12,950 | INFO     |   → 678/1331: ✅ 12 взято | 🗑️ 86 мусор
2026-07-01 03:01:12,950 | INFO     |   → 679/1331: ✅ 11 взято | 🗑️ 87 мусор
2026-07-01 03:01:12,950 | INFO     |   → 680/1331: ✅ 11 взято | 🗑️ 80 мусор
2026-07-01 03:01:12,950 | INFO     |   → 681/1331: ✅ 9 взято | 🗑️ 82 мусор
2026-07-01 03:01:12,950 | INFO     |   → 682/1331: ✅ 69 взято | 🗑️ 3 мусор
2026-07-01 03:01:12,950 | INFO     |   → 683/1331: ✅ 3 взято | 🗑️ 75 мусор
2026-07-01 03:01:12,950 | INFO     |   → 684/1331: ✅ 4 взято | 🗑️ 69 мусор
2026-07-01 03:01:12,950 | INFO     |   → 685/1331: ✅ 4 взято | 🗑️ 80 мусор
2026-07-01 03:01:12,950 | INFO     |   → 686/1331: ✅ 6 взято | 🗑️ 81 мусор
2026-07-01 03:01:12,950 | INFO     |   → 687/1331: ✅ 5 взято | 🗑️ 79 мусор
2026-07-01 03:01:12,950 | INFO     |   → 688/1331: ✅ 11 взято | 🗑️ 78 мусор
2026-07-01 03:01:12,950 | INFO     |   → 689/1331: ✅ 3 взято | 🗑️ 83 мусор
2026-07-01 03:01:12,950 | INFO     |   → 690/1331: ✅ 14 взято | 🗑️ 76 мусор
2026-07-01 03:01:12,950 | INFO     |   → 691/1331: ✅ 12 взято | 🗑️ 78 мусор
2026-07-01 03:01:12,951 | INFO     |   → 692/1331: ✅ 26 взято | 🗑️ 218 мусор
2026-07-01 03:01:12,951 | INFO     |   → 693/1331: ✅ 44 взято | 🗑️ 141 мусор
2026-07-01 03:01:12,951 | INFO     |   → 694/1331: ✅ 10 взято | 🗑️ 71 мусор
2026-07-01 03:01:12,951 | INFO     |   → 695/1331: ✅ 2 взято | 🗑️ 88 мусор
2026-07-01 03:01:12,951 | INFO     |   → 696/1331: ✅ 0 взято | 🗑️ 3 мусор
2026-07-01 03:01:12,951 | INFO     |   → 697/1331: ✅ 14 взято | 🗑️ 4 мусор
2026-07-01 03:01:12,951 | INFO     |   → 698/1331: ✅ 669 взято | 🗑️ 2164 мусор
2026-07-01 03:01:12,951 | INFO     |   → 699/1331 ❌ HTTP 404 — https://raw.githubusercontent.com/Alvin9999/pac2/master/clash/1/config.yaml
2026-07-01 03:01:12,951 | INFO     |   → 700/1331 ❌ HTTP 404 — https://raw.githubusercontent.com/AmirHDevo/temp2/7f15e7ddb311a6f8c5ab338bd1af0e1f2136a84b/configs.txt
2026-07-01 03:01:12,951 | INFO     |   → 701/1331: ✅ 51 взято | 🗑️ 543 мусор
2026-07-01 03:01:12,951 | INFO     |   → 702/1331: ✅ 11365 взято | 🗑️ 182086 мусор
2026-07-01 03:01:12,951 | INFO     |   → 703/1331: ✅ 5 взято | 🗑️ 47 мусор
2026-07-01 03:01:12,951 | INFO     |   → 704/1331: ✅ 0 взято | 🗑️ 63 мусор
2026-07-01 03:01:12,951 | INFO     |   → 705/1331: ✅ 21 взято | 🗑️ 107 мусор
2026-07-01 03:01:12,951 | INFO     |   → 706/1331: ✅ 78 взято | 🗑️ 347 мусор
2026-07-01 03:01:12,951 | INFO     |   → 707/1331: ✅ 0 взято | 🗑️ 1373 мусор
2026-07-01 03:01:12,951 | INFO     |   → 708/1331: ✅ 392 взято | 🗑️ 1821 мусор
2026-07-01 03:01:12,951 | INFO     |   → 709/1331: ✅ 0 взято | 🗑️ 6 мусор
2026-07-01 03:01:12,951 | INFO     |   → 710/1331: ✅ 0 взято | 🗑️ 0 мусор
2026-07-01 03:01:12,952 | INFO     |   → 711/1331: ✅ 1 взято | 🗑️ 235 мусор
2026-07-01 03:01:12,952 | INFO     |   → 712/1331: ✅ 0 взято | 🗑️ 16 мусор
2026-07-01 03:01:12,952 | INFO     |   → 713/1331: ✅ 0 взято | 🗑️ 0 мусор
2026-07-01 03:01:12,952 | INFO     |   → 714/1331: ✅ 0 взято | 🗑️ 14 мусор
2026-07-01 03:01:12,952 | INFO     |   → 715/1331: ✅ 0 взято | 🗑️ 0 мусор
2026-07-01 03:01:12,952 | INFO     |   → 716/1331: ✅ 0 взято | 🗑️ 17 мусор
2026-07-01 03:01:12,952 | INFO     |   → 717/1331: ✅ 0 взято | 🗑️ 0 мусор
2026-07-01 03:01:12,952 | INFO     |   → 718/1331: ✅ 1 взято | 🗑️ 12 мусор
2026-07-01 03:01:12,952 | INFO     |   → 719/1331: ✅ 0 взято | 🗑️ 0 мусор
2026-07-01 03:01:12,952 | INFO     |   → 720/1331: ✅ 0 взято | 🗑️ 17 мусор
2026-07-01 03:01:12,952 | INFO     |   → 721/1331: ✅ 0 взято | 🗑️ 0 мусор
2026-07-01 03:01:12,952 | INFO     |   → 722/1331: ✅ 0 взято | 🗑️ 17 мусор
2026-07-01 03:01:12,952 | INFO     |   → 723/1331: ✅ 0 взято | 🗑️ 0 мусор
2026-07-01 03:01:12,952 | INFO     |   → 724/1331: ✅ 0 взято | 🗑️ 161 мусор
2026-07-01 03:01:12,952 | INFO     |   → 725/1331: ✅ 0 взято | 🗑️ 0 мусор
2026-07-01 03:01:12,952 | INFO     |   → 726/1331: ✅ 5 взято | 🗑️ 76 мусор
2026-07-01 03:01:12,952 | INFO     |   → 727/1331: ✅ 80 взято | 🗑️ 1110 мусор
2026-07-01 03:01:12,952 | INFO     |   → 728/1331: ✅ 5 взято | 🗑️ 13 мусор
2026-07-01 03:01:12,952 | INFO     |   → 729/1331 ❌ HTTP 404 — https://raw.githubusercontent.com/Epodonios/bulk-xray-v2ray-vless-vmess-...-configs/main/sub/Austria/config.txt
2026-07-01 03:01:12,953 | INFO     |   → 730/1331 ❌ HTTP 404 — https://raw.githubusercontent.com/Epodonios/bulk-xray-v2ray-vless-vmess-...-configs/main/sub/Canada/config.txt
2026-07-01 03:01:12,953 | INFO     |   → 731/1331 ❌ HTTP 404 — https://raw.githubusercontent.com/Epodonios/bulk-xray-v2ray-vless-vmess-...-configs/main/sub/Costa%20Rica/config.txt
2026-07-01 03:01:12,953 | INFO     |   → 732/1331 ❌ HTTP 404 — https://raw.githubusercontent.com/Epodonios/bulk-xray-v2ray-vless-vmess-...-configs/main/sub/France/config.txt
2026-07-01 03:01:12,953 | INFO     |   → 733/1331 ❌ HTTP 404 — https://raw.githubusercontent.com/Epodonios/bulk-xray-v2ray-vless-vmess-...-configs/main/sub/Germany/config.txt
2026-07-01 03:01:12,953 | INFO     |   → 734/1331 ❌ HTTP 404 — https://raw.githubusercontent.com/Epodonios/bulk-xray-v2ray-vless-vmess-...-configs/main/sub/Indonesia/config.txt
2026-07-01 03:01:12,953 | INFO     |   → 735/1331 ❌ HTTP 404 — https://raw.githubusercontent.com/Epodonios/bulk-xray-v2ray-vless-vmess-...-configs/main/sub/Ireland/config.txt
2026-07-01 03:01:12,953 | INFO     |   → 736/1331 ❌ HTTP 404 — https://raw.githubusercontent.com/Epodonios/bulk-xray-v2ray-vless-vmess-...-configs/main/sub/Republic%20of%20Lithuania/config.txt
2026-07-01 03:01:12,953 | INFO     |   → 737/1331 ❌ HTTP 404 — https://raw.githubusercontent.com/Epodonios/bulk-xray-v2ray-vless-vmess-...-configs/main/sub/South%20Africa/config.txt
2026-07-01 03:01:12,953 | INFO     |   → 738/1331 ❌ HTTP 404 — https://raw.githubusercontent.com/Epodonios/bulk-xray-v2ray-vless-vmess-...-configs/main/sub/Sweden/config.txt
2026-07-01 03:01:12,953 | INFO     |   → 739/1331 ❌ HTTP 404 — https://raw.githubusercontent.com/Epodonios/bulk-xray-v2ray-vless-vmess-...-configs/main/sub/Turkey/config.txt
2026-07-01 03:01:12,953 | INFO     |   → 740/1331 ❌ HTTP 404 — https://raw.githubusercontent.com/Epodonios/bulk-xray-v2ray-vless-vmess-...-configs/main/sub/United%20Arab%20Emirates/config.txt
2026-07-01 03:01:12,953 | INFO     |   → 741/1331 ❌ HTTP 404 — https://raw.githubusercontent.com/Epodonios/bulk-xray-v2ray-vless-vmess-...-configs/main/sub/United%20Kingdom/config.txt
2026-07-01 03:01:12,953 | INFO     |   → 742/1331 ❌ HTTP 404 — https://raw.githubusercontent.com/Epodonios/bulk-xray-v2ray-vless-vmess-...-configs/main/sub/United%20States/config.txt
2026-07-01 03:01:12,953 | INFO     |   → 743/1331: ✅ 46 взято | 🗑️ 6302 мусор
2026-07-01 03:01:12,953 | INFO     |   → 744/1331 ❌ HTTP 404 — https://raw.githubusercontent.com/Epodonios/v2ray-configs/main/Splitted-By-Protocol/mix.txt
2026-07-01 03:01:12,953 | INFO     |   → 745/1331: ✅ 0 взято | 🗑️ 499 мусор
2026-07-01 03:01:12,953 | INFO     |   → 746/1331: ✅ 0 взято | 🗑️ 0 мусор
2026-07-01 03:01:12,953 | INFO     |   → 747/1331: ✅ 1 взято | 🗑️ 1098 мусор
2026-07-01 03:01:12,954 | INFO     |   → 748/1331: ✅ 0 взято | 🗑️ 4459 мусор
2026-07-01 03:01:12,954 | INFO     |   → 749/1331: ✅ 0 взято | 🗑️ 167 мусор
2026-07-01 03:01:12,954 | INFO     |   → 750/1331 ❌ HTTP 404 — https://raw.githubusercontent.com/Epodonios/v2ray-configs/raw/main/Splitted-By-Protocol/trojan.txt
2026-07-01 03:01:12,954 | INFO     |   → 751/1331 ❌ HTTP 404 — https://raw.githubusercontent.com/Epodonios/v2ray-configs/raw/main/Splitted-By-Protocol/vmess.txt
2026-07-01 03:01:12,954 | INFO     |   → 752/1331: ✅ 0 взято | 🗑️ 499 мусор
2026-07-01 03:01:12,954 | INFO     |   → 753/1331: ✅ 0 взято | 🗑️ 0 мусор
2026-07-01 03:01:12,954 | INFO     |   → 754/1331: ✅ 0 взято | 🗑️ 1098 мусор
2026-07-01 03:01:12,954 | INFO     |   → 755/1331: ✅ 0 взято | 🗑️ 4459 мусор
2026-07-01 03:01:12,954 | INFO     |   → 756/1331: ✅ 0 взято | 🗑️ 167 мусор
2026-07-01 03:01:12,954 | INFO     |   → 757/1331 ❌ HTTP 404 — https://raw.githubusercontent.com/Fido6/FreeNodes/57221e59caddde55ffdda21d491ae952cd608049/nodes/halekj.txt
2026-07-01 03:01:12,954 | INFO     |   → 758/1331 ❌ HTTP 404 — https://raw.githubusercontent.com/Fido6/FreeNodes/57221e59caddde55ffdda21d491ae952cd608049/nodes/kkzui.txt
2026-07-01 03:01:12,954 | INFO     |   → 759/1331 ❌ HTTP 404 — https://raw.githubusercontent.com/Fido6/FreeNodes/57221e59caddde55ffdda21d491ae952cd608049/nodes/wenode.txt
2026-07-01 03:01:12,954 | INFO     |   → 760/1331: ✅ 0 взято | 🗑️ 0 мусор
2026-07-01 03:01:12,954 | INFO     |   → 761/1331: ✅ 0 взято | 🗑️ 0 мусор
2026-07-01 03:01:12,954 | INFO     |   → 762/1331: ✅ 14 взято | 🗑️ 250 мусор
2026-07-01 03:01:12,954 | INFO     |   → 763/1331: ✅ 0 взято | 🗑️ 19 мусор
2026-07-01 03:01:12,954 | INFO     |   → 764/1331: ✅ 1 взято | 🗑️ 17 мусор
2026-07-01 03:01:12,954 | INFO     |   → 765/1331: ✅ 4 взято | 🗑️ 11 мусор
2026-07-01 03:01:12,954 | INFO     |   → 766/1331: ✅ 0 взято | 🗑️ 0 мусор
2026-07-01 03:01:12,955 | INFO     |   → 767/1331: ✅ 0 взято | 🗑️ 137 мусор
2026-07-01 03:01:12,955 | INFO     |   → 768/1331: ✅ 0 взято | 🗑️ 32 мусор
2026-07-01 03:01:12,955 | INFO     |   → 769/1331: ✅ 2 взято | 🗑️ 19 мусор
2026-07-01 03:01:12,955 | INFO     |   → 770/1331: ✅ 0 взято | 🗑️ 43 мусор
2026-07-01 03:01:12,955 | INFO     |   → 771/1331: ✅ 0 взято | 🗑️ 43 мусор
2026-07-01 03:01:12,955 | INFO     |   → 772/1331 ❌ HTTP 404 — https://raw.githubusercontent.com/Iran-v2ray/v2ray/main/v2ray
2026-07-01 03:01:12,955 | INFO     |   → 773/1331: ✅ 0 взято | 🗑️ 1 мусор
2026-07-01 03:01:12,955 | INFO     |   → 774/1331: ✅ 0 взято | 🗑️ 1 мусор
2026-07-01 03:01:12,955 | INFO     |   → 775/1331: ✅ 0 взято | 🗑️ 28 мусор
2026-07-01 03:01:12,955 | INFO     |   → 776/1331: ✅ 14 взято | 🗑️ 282 мусор
2026-07-01 03:01:12,955 | INFO     |   → 777/1331: ✅ 0 взято | 🗑️ 94 мусор
2026-07-01 03:01:12,955 | INFO     |   → 778/1331: ✅ 0 взято | 🗑️ 0 мусор
2026-07-01 03:01:12,955 | INFO     |   → 779/1331: ✅ 0 взято | 🗑️ 0 мусор
2026-07-01 03:01:12,955 | INFO     |   → 780/1331 ❌ HTTP 404 — https://raw.githubusercontent.com/Kwinshadow/TelegramV2rayCollector/raw/refs/heads/main/sublinks/mix.txt
2026-07-01 03:01:12,955 | INFO     |   → 781/1331 ❌ HTTP 404 — https://raw.githubusercontent.com/LalatinaHub/Mineral/raw/refs/heads/master/result/nodes
2026-07-01 03:01:12,955 | INFO     |   → 782/1331 ❌ HTTP 404 — https://raw.githubusercontent.com/Leon406/SubCrawler/main/sub/share/all3
2026-07-01 03:01:12,955 | INFO     |   → 783/1331 ❌ HTTP 404 — https://raw.githubusercontent.com/Leon406/SubCrawler/main/sub/share/all4
2026-07-01 03:01:12,955 | INFO     |   → 784/1331: ✅ 4 взято | 🗑️ 335 мусор
2026-07-01 03:01:12,956 | INFO     |   → 785/1331: ✅ 0 взято | 🗑️ 33 мусор
2026-07-01 03:01:12,956 | INFO     |   → 786/1331: ✅ 0 взято | 🗑️ 6 мусор
2026-07-01 03:01:12,956 | INFO     |   → 787/1331: ✅ 0 взято | 🗑️ 147 мусор
2026-07-01 03:01:12,956 | INFO     |   → 788/1331 ❌ HTTP 404 — https://raw.githubusercontent.com/M-Mashreghi/free-config-collector/main/Splitted-By-Protocol/ssr.txt
2026-07-01 03:01:12,956 | INFO     |   → 789/1331: ✅ 139 взято | 🗑️ 114 мусор
2026-07-01 03:01:12,956 | INFO     |   → 790/1331: ✅ 126 взято | 🗑️ 137 мусор
2026-07-01 03:01:12,956 | INFO     |   → 791/1331: ✅ 0 взято | 🗑️ 12 мусор
2026-07-01 03:01:12,956 | INFO     |   → 792/1331: ✅ 0 взято | 🗑️ 1 мусор
2026-07-01 03:01:12,956 | INFO     |   → 793/1331: ✅ 59 взято | 🗑️ 32 мусор
2026-07-01 03:01:12,956 | INFO     |   → 794/1331: ✅ 0 взято | 🗑️ 32 мусор
2026-07-01 03:01:12,956 | INFO     |   → 795/1331 ❌ HTTP 404 — https://raw.githubusercontent.com/MatinGhanbari/v2ray-configs/main/subscriptions/filtered/subs/hy2.txt
2026-07-01 03:01:12,956 | INFO     |   → 796/1331: ✅ 23 взято | 🗑️ 1159 мусор
2026-07-01 03:01:12,956 | INFO     |   → 797/1331 ❌ HTTP 404 — https://raw.githubusercontent.com/MatinGhanbari/v2ray-configs/main/subscriptions/filtered/subs/ssr.txt
2026-07-01 03:01:12,956 | INFO     |   → 798/1331: ✅ 62 взято | 🗑️ 551 мусор
2026-07-01 03:01:12,956 | INFO     |   → 799/1331 ❌ HTTP 404 — https://raw.githubusercontent.com/MatinGhanbari/v2ray-configs/main/subscriptions/filtered/subs/tuic.txt
2026-07-01 03:01:12,956 | INFO     |   → 800/1331: ✅ 17 взято | 🗑️ 424 мусор
2026-07-01 03:01:12,956 | INFO     |   → 801/1331: ✅ 250 взято | 🗑️ 1483 мусор
2026-07-01 03:01:12,956 | INFO     |   → 802/1331: ✅ 0 взято | 🗑️ 2 мусор
2026-07-01 03:01:12,956 | INFO     |   → 803/1331: ✅ 201 взято | 🗑️ 1278 мусор
2026-07-01 03:01:12,957 | INFO     |   → 804/1331: ✅ 0 взято | 🗑️ 591 мусор
2026-07-01 03:01:12,957 | INFO     |   → 805/1331: ✅ 0 взято | 🗑️ 591 мусор
2026-07-01 03:01:12,957 | INFO     |   → 806/1331: ✅ 0 взято | 🗑️ 141 мусор
2026-07-01 03:01:12,957 | INFO     |   → 807/1331: ✅ 0 взято | 🗑️ 2 мусор
2026-07-01 03:01:12,957 | INFO     |   → 808/1331: ✅ 0 взято | 🗑️ 476 мусор
2026-07-01 03:01:12,957 | INFO     |   → 809/1331: ✅ 0 взято | 🗑️ 76 мусор
2026-07-01 03:01:12,957 | INFO     |   → 810/1331 ❌ HTTP 404 — https://raw.githubusercontent.com/MhdiTaheri/V2rayCollector/raw/refs/heads/main/sub/mix
2026-07-01 03:01:12,957 | INFO     |   → 811/1331: ✅ 53 взято | 🗑️ 267 мусор
2026-07-01 03:01:12,957 | INFO     |   → 812/1331 ❌ HTTP 404 — https://raw.githubusercontent.com/MhdiTaheri/V2rayCollector_Py/raw/refs/heads/main/sub/Mix/mix.txt
2026-07-01 03:01:12,957 | INFO     |   → 813/1331: ✅ 0 взято | 🗑️ 0 мусор
2026-07-01 03:01:12,957 | INFO     |   → 814/1331: ✅ 43 взято | 🗑️ 217 мусор
2026-07-01 03:01:12,957 | INFO     |   → 815/1331: ✅ 0 взято | 🗑️ 31 мусор
2026-07-01 03:01:12,957 | INFO     |   → 816/1331: ✅ 94 взято | 🗑️ 282 мусор
2026-07-01 03:01:12,957 | INFO     |   → 817/1331: ✅ 0 взято | 🗑️ 26 мусор
2026-07-01 03:01:12,957 | INFO     |   → 818/1331 ❌ HTTP 404 — https://raw.githubusercontent.com/MrMohebi/xray-proxy-grabber-telegram/master/collected-proxies/clash-meta/all.yaml
2026-07-01 03:01:12,957 | INFO     |   → 819/1331 ❌ HTTP 404 — https://raw.githubusercontent.com/MrMohebi/xray-proxy-grabber-telegram/master/collected-proxies/row-url/actives.txt
2026-07-01 03:01:12,957 | INFO     |   → 820/1331 ❌ HTTP 404 — https://raw.githubusercontent.com/MrMohebi/xray-proxy-grabber-telegram/master/collected-proxies/row-url/all.txt
2026-07-01 03:01:12,958 | INFO     |   → 821/1331: ✅ 0 взято | 🗑️ 13 мусор
2026-07-01 03:01:12,958 | INFO     |   → 822/1331: ✅ 0 взято | 🗑️ 13 мусор
2026-07-01 03:01:12,958 | INFO     |   → 823/1331: ✅ 5 взято | 🗑️ 15 мусор
2026-07-01 03:01:12,958 | INFO     |   → 824/1331: ✅ 0 взято | 🗑️ 30 мусор
2026-07-01 03:01:12,958 | INFO     |   → 825/1331: ✅ 0 взято | 🗑️ 15 мусор
2026-07-01 03:01:12,958 | INFO     |   → 826/1331: ✅ 66 взято | 🗑️ 123 мусор
2026-07-01 03:01:12,958 | INFO     |   → 827/1331: ✅ 133 взято | 🗑️ 65 мусор
2026-07-01 03:01:12,958 | INFO     |   → 828/1331: ✅ 0 взято | 🗑️ 0 мусор
2026-07-01 03:01:12,958 | INFO     |   → 829/1331 ❌ HTTP 404 — https://raw.githubusercontent.com/OpenCNLink/freevpn/3cfcff048bfdd1493ccffa52ecf30ce7f9fc6b28/src/list/vmess.txt
2026-07-01 03:01:12,958 | INFO     |   → 830/1331 ❌ HTTP 404 — https://raw.githubusercontent.com/Pawdro/Collection/main/sub
2026-07-01 03:01:12,958 | INFO     |   → 831/1331: ✅ 0 взято | 🗑️ 14 мусор
2026-07-01 03:01:12,958 | INFO     |   → 832/1331: ✅ 0 взято | 🗑️ 14 мусор
2026-07-01 03:01:12,958 | INFO     |   → 833/1331: ✅ 0 взято | 🗑️ 0 мусор
2026-07-01 03:01:12,958 | INFO     |   → 834/1331: ✅ 0 взято | 🗑️ 0 мусор
2026-07-01 03:01:12,958 | INFO     |   → 835/1331: ✅ 0 взято | 🗑️ 50 мусор
2026-07-01 03:01:12,958 | INFO     |   → 836/1331: ✅ 5 взято | 🗑️ 206 мусор
2026-07-01 03:01:12,958 | INFO     |   → 837/1331: ✅ 21 взято | 🗑️ 138 мусор
2026-07-01 03:01:12,958 | INFO     |   → 838/1331: ✅ 23 взято | 🗑️ 89 мусор
2026-07-01 03:01:12,959 | INFO     |   → 839/1331: ✅ 9 взято | 🗑️ 85 мусор
2026-07-01 03:01:12,959 | INFO     |   → 840/1331: ✅ 0 взято | 🗑️ 129 мусор
2026-07-01 03:01:12,959 | INFO     |   → 841/1331: ✅ 0 взято | 🗑️ 81 мусор
2026-07-01 03:01:12,959 | INFO     |   → 842/1331 ❌ HTTP 404 — https://raw.githubusercontent.com/STR97/STRUGOV/refs/heads/main/STR.BYPASS
2026-07-01 03:01:12,959 | INFO     |   → 843/1331: ✅ 4 взято | 🗑️ 34 мусор
2026-07-01 03:01:12,959 | INFO     |   → 844/1331: ✅ 11 взято | 🗑️ 16 мусор
2026-07-01 03:01:12,959 | INFO     |   → 845/1331: ✅ 0 взято | 🗑️ 16 мусор
2026-07-01 03:01:12,959 | INFO     |   → 846/1331: ✅ 0 взято | 🗑️ 27 мусор
2026-07-01 03:01:12,959 | INFO     |   → 847/1331: ✅ 140 взято | 🗑️ 1153 мусор
2026-07-01 03:01:12,959 | INFO     |   → 848/1331: ✅ 29 взято | 🗑️ 54 мусор
2026-07-01 03:01:12,959 | INFO     |   → 849/1331: ✅ 1 взято | 🗑️ 7 мусор
2026-07-01 03:01:12,959 | INFO     |   → 850/1331: ✅ 1 взято | 🗑️ 0 мусор
2026-07-01 03:01:12,959 | INFO     |   → 851/1331: ✅ 5 взято | 🗑️ 25 мусор
2026-07-01 03:01:12,959 | INFO     |   → 852/1331: ✅ 0 взято | 🗑️ 7 мусор
2026-07-01 03:01:12,959 | INFO     |   → 853/1331: ✅ 0 взято | 🗑️ 25 мусор
2026-07-01 03:01:12,959 | INFO     |   → 854/1331: ✅ 4 взято | 🗑️ 291 мусор
2026-07-01 03:01:12,959 | INFO     |   → 855/1331: ✅ 0 взято | 🗑️ 119 мусор
2026-07-01 03:01:12,959 | INFO     |   → 856/1331: ✅ 0 взято | 🗑️ 0 мусор
2026-07-01 03:01:12,960 | INFO     |   → 857/1331 ❌ HTTP 404 — https://raw.githubusercontent.com/V2RAYCONFIGSPOOL/V2RAY_SUB/main/V2RAY_SUB.txt
2026-07-01 03:01:12,960 | INFO     |   → 858/1331: ✅ 68 взято | 🗑️ 121 мусор
2026-07-01 03:01:12,960 | INFO     |   → 859/1331: ✅ 88 взято | 🗑️ 44 мусор
2026-07-01 03:01:12,960 | INFO     |   → 860/1331: ✅ 0 взято | 🗑️ 0 мусор
2026-07-01 03:01:12,960 | INFO     |   → 861/1331: ✅ 0 взято | 🗑️ 44 мусор
2026-07-01 03:01:12,960 | INFO     |   → 862/1331: ✅ 58 взято | 🗑️ 348 мусор
2026-07-01 03:01:12,960 | INFO     |   → 863/1331: ✅ 0 взято | 🗑️ 0 мусор
2026-07-01 03:01:12,960 | INFO     |   → 864/1331: ✅ 4 взято | 🗑️ 458 мусор
2026-07-01 03:01:12,960 | INFO     |   → 865/1331 ❌ HTTP 404 — https://raw.githubusercontent.com/ZYFXS/ZYFXS001/refs/heads/main/20c-youtube%40ZYFXS
2026-07-01 03:01:12,960 | INFO     |   → 866/1331 ❌ HTTP 404 — https://raw.githubusercontent.com/ZYFXS/ZYFXS001/refs/heads/main/20v-youtube%40ZYFXS
2026-07-01 03:01:12,960 | INFO     |   → 867/1331: ✅ 0 взято | 🗑️ 0 мусор
2026-07-01 03:01:12,960 | INFO     |   → 868/1331: ✅ 1 взято | 🗑️ 164 мусор
2026-07-01 03:01:12,960 | INFO     |   → 869/1331 ❌ HTTP 404 — https://raw.githubusercontent.com/ZYFXS/ZYFXS001/refs/heads/main/youtube%40ZYFXS---23c
2026-07-01 03:01:12,960 | INFO     |   → 870/1331 ❌ HTTP 404 — https://raw.githubusercontent.com/ZYFXS/ZYFXS001/refs/heads/main/youtube%40ZYFXS---23v
2026-07-01 03:01:12,960 | INFO     |   → 871/1331: ✅ 0 взято | 🗑️ 0 мусор
2026-07-01 03:01:12,960 | INFO     |   → 872/1331: ✅ 0 взято | 🗑️ 0 мусор
2026-07-01 03:01:12,960 | INFO     |   → 873/1331: ✅ 6 взято | 🗑️ 221 мусор
2026-07-01 03:01:12,960 | INFO     |   → 874/1331 ❌ HTTP 404 — https://raw.githubusercontent.com/ZYFXS/ZYFXS001/refs/heads/main/youtube%40ZYFXS-21c
2026-07-01 03:01:12,961 | INFO     |   → 875/1331 ❌ HTTP 404 — https://raw.githubusercontent.com/ZYFXS/ZYFXS001/refs/heads/main/youtube%40ZYFXS-21v
2026-07-01 03:01:12,961 | INFO     |   → 876/1331: ✅ 1 взято | 🗑️ 251 мусор
2026-07-01 03:01:12,961 | INFO     |   → 877/1331: ✅ 1 взято | 🗑️ 231 мусор
2026-07-01 03:01:12,961 | INFO     |   → 878/1331: ✅ 0 взято | 🗑️ 0 мусор
2026-07-01 03:01:12,961 | INFO     |   → 879/1331: ✅ 1 взято | 🗑️ 83 мусор
2026-07-01 03:01:12,961 | INFO     |   → 880/1331: ✅ 0 взято | 🗑️ 16 мусор
2026-07-01 03:01:12,961 | INFO     |   → 881/1331: ✅ 0 взято | 🗑️ 16 мусор
2026-07-01 03:01:12,961 | INFO     |   → 882/1331 ❌ HTTP 404 — https://raw.githubusercontent.com/aiboboxx/clashfree/main/clash.yml
2026-07-01 03:01:12,961 | INFO     |   → 883/1331 ❌ HTTP 404 — https://raw.githubusercontent.com/aiboboxx/v2rayfree/main/v2
2026-07-01 03:01:12,961 | INFO     |   → 884/1331 ❌ HTTP 404 — https://raw.githubusercontent.com/amirmohammad-mohammad-88/Sub-Reality-Azadi-config/Config/Azadi-Reality-Different
2026-07-01 03:01:12,961 | INFO     |   → 885/1331 ❌ HTTP 404 — https://raw.githubusercontent.com/amirmohammad-mohammad-88/Sub-Reality-Azadi-config/Config/Azadi-Reality-Different-Base64
2026-07-01 03:01:12,961 | INFO     |   → 886/1331: ✅ 1 взято | 🗑️ 17 мусор
2026-07-01 03:01:12,961 | INFO     |   → 887/1331: ✅ 0 взято | 🗑️ 0 мусор
2026-07-01 03:01:12,961 | INFO     |   → 888/1331: ✅ 4 взято | 🗑️ 114 мусор
2026-07-01 03:01:12,961 | INFO     |   → 889/1331: ✅ 26 взято | 🗑️ 73 мусор
2026-07-01 03:01:12,961 | INFO     |   → 890/1331 ❌ HTTP 404 — https://raw.githubusercontent.com/awesome-vpn/awesome-vpn/master/ss
2026-07-01 03:01:12,961 | INFO     |   → 891/1331 ❌ HTTP 404 — https://raw.githubusercontent.com/awesome-vpn/awesome-vpn/master/ssr
2026-07-01 03:01:12,961 | INFO     |   → 892/1331: ✅ 0 взято | 🗑️ 0 мусор
2026-07-01 03:01:12,962 | INFO     |   → 893/1331: ✅ 1 взято | 🗑️ 22 мусор
2026-07-01 03:01:12,962 | INFO     |   → 894/1331: ✅ 48 взято | 🗑️ 449 мусор
2026-07-01 03:01:12,962 | INFO     |   → 895/1331 ❌ HTTP 404 — https://raw.githubusercontent.com/barry-far/V2ray-Configs/ced94ddfff48276ec365b40227561f36b1b64bc8/Sub5.txt
2026-07-01 03:01:12,962 | INFO     |   → 896/1331 ❌ HTTP 404 — https://raw.githubusercontent.com/barry-far/V2ray-Configs/main/Splitted-By-Protocol/hysteria2.txt
2026-07-01 03:01:12,962 | INFO     |   → 897/1331 ❌ HTTP 404 — https://raw.githubusercontent.com/barry-far/V2ray-Configs/main/Splitted-By-Protocol/vless.txt
2026-07-01 03:01:12,962 | INFO     |   → 898/1331 ❌ HTTP 404 — https://raw.githubusercontent.com/barry-far/V2ray-Configs/main/Sub1.txt
2026-07-01 03:01:12,962 | INFO     |   → 899/1331 ❌ HTTP 404 — https://raw.githubusercontent.com/barry-far/V2ray-Configs/refs/heads/main/All_Configs_Sub.txt
2026-07-01 03:01:12,962 | INFO     |   → 900/1331: ✅ 0 взято | 🗑️ 0 мусор
2026-07-01 03:01:12,962 | INFO     |   → 901/1331 ❌ HTTP 404 — https://raw.githubusercontent.com/budamu/clashconfig/main/v2ray.txt
2026-07-01 03:01:12,962 | INFO     |   → 902/1331 ❌ HTTP 404 — https://raw.githubusercontent.com/budamu/clashconfig/main/v2ray2.txt
2026-07-01 03:01:12,962 | INFO     |   → 903/1331: ✅ 0 взято | 🗑️ 0 мусор
2026-07-01 03:01:12,962 | INFO     |   → 904/1331: ✅ 0 взято | 🗑️ 442 мусор
2026-07-01 03:01:12,962 | INFO     |   → 905/1331: ✅ 0 взято | 🗑️ 0 мусор
2026-07-01 03:01:12,962 | INFO     |   → 906/1331 ❌ HTTP 404 — https://raw.githubusercontent.com/chxxyz2004/zd/17fca23b73c46b5dd73e9be49b14d219b5e5f836/sub/2401/240110.txt
2026-07-01 03:01:12,962 | INFO     |   → 907/1331: ✅ 0 взято | 🗑️ 44 мусор
2026-07-01 03:01:12,962 | INFO     |   → 908/1331: ✅ 236 взято | 🗑️ 517 мусор
2026-07-01 03:01:12,962 | INFO     |   → 909/1331 ❌ HTTP 404 — https://raw.githubusercontent.com/cxr9912/cxr2022/main/free.yaml
2026-07-01 03:01:12,963 | INFO     |   → 910/1331 ❌ HTTP 404 — https://raw.githubusercontent.com/cxr9912/cxr2022/main/mix.yaml
2026-07-01 03:01:12,963 | INFO     |   → 911/1331 ❌ HTTP 404 — https://raw.githubusercontent.com/cxr9912/cxr2022/main/ss.yaml
2026-07-01 03:01:12,963 | INFO     |   → 912/1331 ❌ HTTP 404 — https://raw.githubusercontent.com/cxr9912/cxr2022/main/ssr.yaml
2026-07-01 03:01:12,963 | INFO     |   → 913/1331 ❌ HTTP 404 — https://raw.githubusercontent.com/cxr9912/cxr2022/main/vmess.yaml
2026-07-01 03:01:12,963 | INFO     |   → 914/1331 ❌ HTTP 404 — https://raw.githubusercontent.com/cxr9912/cxr2022/refs/heads/main/18cj.json
2026-07-01 03:01:12,963 | INFO     |   → 915/1331 ❌ HTTP 404 — https://raw.githubusercontent.com/cxr9912/cxr2022/refs/heads/main/aaaaaaaa.yaml
2026-07-01 03:01:12,963 | INFO     |   → 916/1331 ❌ HTTP 404 — https://raw.githubusercontent.com/cxr9912/cxr2022/refs/heads/main/free.yaml
2026-07-01 03:01:12,963 | INFO     |   → 917/1331 ❌ HTTP 404 — https://raw.githubusercontent.com/cxr9912/cxr2022/refs/heads/main/ss2088.txt
2026-07-01 03:01:12,963 | INFO     |   → 918/1331: ✅ 0 взято | 🗑️ 18 мусор
2026-07-01 03:01:12,963 | INFO     |   → 919/1331: ✅ 0 взято | 🗑️ 18 мусор
2026-07-01 03:01:12,963 | INFO     |   → 920/1331: ✅ 6 взято | 🗑️ 78 мусор
2026-07-01 03:01:12,963 | INFO     |   → 921/1331: ✅ 6 взято | 🗑️ 4 мусор
2026-07-01 03:01:12,963 | INFO     |   → 922/1331: ✅ 0 взято | 🗑️ 2 мусор
2026-07-01 03:01:12,963 | INFO     |   → 923/1331: ✅ 0 взято | 🗑️ 2 мусор
2026-07-01 03:01:12,963 | INFO     |   → 924/1331: ✅ 0 взято | 🗑️ 2 мусор
2026-07-01 03:01:12,963 | INFO     |   → 925/1331: ✅ 1 взято | 🗑️ 3 мусор
2026-07-01 03:01:12,963 | INFO     |   → 926/1331: ✅ 0 взято | 🗑️ 2 мусор
2026-07-01 03:01:12,963 | INFO     |   → 927/1331: ✅ 5 взято | 🗑️ 4 мусор
2026-07-01 03:01:12,963 | INFO     |   → 928/1331: ✅ 1 взято | 🗑️ 1 мусор
2026-07-01 03:01:12,963 | INFO     |   → 929/1331: ✅ 0 взято | 🗑️ 5 мусор
2026-07-01 03:01:12,963 | INFO     |   → 930/1331: ✅ 0 взято | 🗑️ 2 мусор
2026-07-01 03:01:12,964 | INFO     |   → 931/1331: ✅ 0 взято | 🗑️ 0 мусор
2026-07-01 03:01:12,964 | INFO     |   → 932/1331: ✅ 14836 взято | 🗑️ 267087 мусор
2026-07-01 03:01:12,964 | INFO     |   → 933/1331: ✅ 25 взято | 🗑️ 690 мусор
2026-07-01 03:01:12,964 | INFO     |   → 934/1331: ✅ 6 взято | 🗑️ 113 мусор
2026-07-01 03:01:12,964 | INFO     |   → 935/1331: ✅ 0 взято | 🗑️ 0 мусор
2026-07-01 03:01:12,964 | INFO     |   → 936/1331: ✅ 7 взято | 🗑️ 21 мусор
2026-07-01 03:01:12,964 | INFO     |   → 937/1331: ✅ 0 взято | 🗑️ 0 мусор
2026-07-01 03:01:12,964 | INFO     |   → 938/1331: ✅ 13 взято | 🗑️ 19 мусор
2026-07-01 03:01:12,964 | INFO     |   → 939/1331: ✅ 0 взято | 🗑️ 5 мусор
2026-07-01 03:01:12,964 | INFO     |   → 940/1331: ✅ 2 взято | 🗑️ 80 мусор
2026-07-01 03:01:12,964 | INFO     |   → 941/1331 ❌ HTTP 404 — https://raw.githubusercontent.com/free-nodes/v2rayfree/main/v2
2026-07-01 03:01:12,964 | INFO     |   → 942/1331 ❌ HTTP 404 — https://raw.githubusercontent.com/free-v2ray-config/trojan/main/trojan.txt
2026-07-01 03:01:12,964 | INFO     |   → 943/1331 ❌ HTTP 404 — https://raw.githubusercontent.com/free-v2ray-config/vless/main/vless.txt
2026-07-01 03:01:12,964 | INFO     |   → 944/1331 ❌ HTTP 404 — https://raw.githubusercontent.com/free-v2ray-config/vmess/main/vmess.txt
2026-07-01 03:01:12,964 | INFO     |   → 945/1331: ✅ 5 взято | 🗑️ 169 мусор
2026-07-01 03:01:12,964 | INFO     |   → 946/1331: ✅ 34 взято | 🗑️ 121 мусор
2026-07-01 03:01:12,964 | INFO     |   → 947/1331: ✅ 4 взято | 🗑️ 97 мусор
2026-07-01 03:01:12,964 | INFO     |   → 948/1331 ❌ HTTP 404 — https://raw.githubusercontent.com/free18/v2ray/main/Clash.yaml
2026-07-01 03:01:12,964 | INFO     |   → 949/1331: ✅ 0 взято | 🗑️ 0 мусор
2026-07-01 03:01:12,965 | INFO     |   → 950/1331: ✅ 0 взято | 🗑️ 15 мусор
2026-07-01 03:01:12,965 | INFO     |   → 951/1331: ✅ 0 взято | 🗑️ 0 мусор
2026-07-01 03:01:12,965 | INFO     |   → 952/1331: ✅ 0 взято | 🗑️ 8 мусор
2026-07-01 03:01:12,965 | INFO     |   → 953/1331: ✅ 0 взято | 🗑️ 8 мусор
2026-07-01 03:01:12,965 | INFO     |   → 954/1331: ✅ 0 взято | 🗑️ 8 мусор
2026-07-01 03:01:12,965 | INFO     |   → 955/1331: ✅ 0 взято | 🗑️ 8 мусор
2026-07-01 03:01:12,965 | INFO     |   → 956/1331 ❌ HTTP 404 — https://raw.githubusercontent.com/freev2rayconfig/V2RAY_SUB/3e6a7786a1601ee3723e8d043ae79e70dbdfd9a8/v2rayconfigs.txt
2026-07-01 03:01:12,965 | INFO     |   → 957/1331 ❌ HTTP 404 — https://raw.githubusercontent.com/freev2rayconfig/V2RAY_SUBSCRIPTION_LINK/main/v2rayconfigs.txt
2026-07-01 03:01:12,965 | INFO     |   → 958/1331 ❌ HTTP 404 — https://raw.githubusercontent.com/gfpcom/free-proxy-list/main/list/http.txt
2026-07-01 03:01:12,965 | INFO     |   → 959/1331 ❌ HTTP 404 — https://raw.githubusercontent.com/gfpcom/free-proxy-list/main/list/https.txt
2026-07-01 03:01:12,965 | INFO     |   → 960/1331 ❌ HTTP 404 — https://raw.githubusercontent.com/gfpcom/free-proxy-list/main/list/socks4.txt
2026-07-01 03:01:12,965 | INFO     |   → 961/1331 ❌ HTTP 404 — https://raw.githubusercontent.com/gfpcom/free-proxy-list/main/list/socks4a.txt
2026-07-01 03:01:12,965 | INFO     |   → 962/1331 ❌ HTTP 404 — https://raw.githubusercontent.com/gfpcom/free-proxy-list/main/list/socks5.txt
2026-07-01 03:01:12,965 | INFO     |   → 963/1331 ❌ HTTP 404 — https://raw.githubusercontent.com/gfpcom/free-proxy-list/main/list/socks5h.txt
2026-07-01 03:01:12,965 | INFO     |   → 964/1331 ❌ HTTP 404 — https://raw.githubusercontent.com/gfpcom/free-proxy-list/main/list/ss.txt
2026-07-01 03:01:12,965 | INFO     |   → 965/1331 ❌ HTTP 404 — https://raw.githubusercontent.com/gfpcom/free-proxy-list/main/list/ssr.txt
2026-07-01 03:01:12,965 | INFO     |   → 966/1331 ❌ HTTP 404 — https://raw.githubusercontent.com/gfpcom/free-proxy-list/main/list/trojan.txt
2026-07-01 03:01:12,965 | INFO     |   → 967/1331 ❌ HTTP 404 — https://raw.githubusercontent.com/gfpcom/free-proxy-list/main/list/vless.txt
2026-07-01 03:01:12,966 | INFO     |   → 968/1331 ❌ HTTP 404 — https://raw.githubusercontent.com/gfpcom/free-proxy-list/main/list/vmess.txt
2026-07-01 03:01:12,966 | INFO     |   → 969/1331: ✅ 0 взято | 🗑️ 17 мусор
2026-07-01 03:01:12,966 | INFO     |   → 970/1331: ✅ 0 взято | 🗑️ 0 мусор
2026-07-01 03:01:12,966 | INFO     |   → 971/1331: ✅ 4 взято | 🗑️ 63 мусор
2026-07-01 03:01:12,966 | INFO     |   → 972/1331 ❌ HTTP 404 — https://raw.githubusercontent.com/hameed-maleki/TVC/89a4522969c57dcc22458cae9898426e5c4f2679/lite/config.txt
2026-07-01 03:01:12,966 | INFO     |   → 973/1331: ✅ 5 взято | 🗑️ 132 мусор
2026-07-01 03:01:12,966 | INFO     |   → 974/1331: ✅ 0 взято | 🗑️ 56 мусор
2026-07-01 03:01:12,966 | INFO     |   → 975/1331 ❌ HTTP 404 — https://raw.githubusercontent.com/hkaa0/permalink/main/proxy/V2ray
2026-07-01 03:01:12,966 | INFO     |   → 976/1331 ❌ HTTP 404 — https://raw.githubusercontent.com/hkaa0/permalink/main/proxy/clash
2026-07-01 03:01:12,966 | INFO     |   → 977/1331 ❌ HTTP 404 — https://raw.githubusercontent.com/hkpc/Autoproxy/6cf946ddfc677a29062007e4b47d70674474baa7/sub/2401/240110.txt
2026-07-01 03:01:12,966 | INFO     |   → 978/1331 ❌ HTTP 404 — https://raw.githubusercontent.com/hkpc/V2ray-Configs/7d9aa0dabf947af180a7dd6302818ed37950531a/Sub1.txt
2026-07-01 03:01:12,966 | INFO     |   → 979/1331: ✅ 0 взято | 🗑️ 14 мусор
2026-07-01 03:01:12,966 | INFO     |   → 980/1331: ✅ 16 взято | 🗑️ 16 мусор
2026-07-01 03:01:12,966 | INFO     |   → 981/1331 ❌ HTTP 404 — https://raw.githubusercontent.com/iboxz/free-v2ray-collector/main/main
2026-07-01 03:01:12,966 | INFO     |   → 982/1331: ✅ 12 взято | 🗑️ 10 мусор
2026-07-01 03:01:12,966 | INFO     |   → 983/1331: ✅ 14 взято | 🗑️ 45 мусор
2026-07-01 03:01:12,966 | INFO     |   → 984/1331: ✅ 113 взято | 🗑️ 166 мусор
2026-07-01 03:01:12,966 | INFO     |   → 985/1331 ❌ HTTP 404 — https://raw.githubusercontent.com/igareck/vpn-configs-for-russia/refs/heads/main/Vless-Reality-White-Lists-Rus-Cable.txt
2026-07-01 03:01:12,967 | INFO     |   → 986/1331: ✅ 145 взято | 🗑️ 5 мусор
2026-07-01 03:01:12,967 | INFO     |   → 987/1331: ✅ 0 взято | 🗑️ 0 мусор
2026-07-01 03:01:12,967 | INFO     |   → 988/1331: ✅ 0 взято | 🗑️ 0 мусор
2026-07-01 03:01:12,967 | INFO     |   → 989/1331: ✅ 23 взято | 🗑️ 9 мусор
2026-07-01 03:01:12,967 | INFO     |   → 990/1331: ✅ 0 взято | 🗑️ 0 мусор
2026-07-01 03:01:12,967 | INFO     |   → 991/1331: ✅ 0 взято | 🗑️ 0 мусор
2026-07-01 03:01:12,967 | INFO     |   → 992/1331: ✅ 0 взято | 🗑️ 12 мусор
2026-07-01 03:01:12,967 | INFO     |   → 993/1331: ✅ 0 взято | 🗑️ 43 мусор
2026-07-01 03:01:12,967 | INFO     |   → 994/1331 ❌ HTTP 404 — https://raw.githubusercontent.com/jw853355718/clash_233/master/config.yml
2026-07-01 03:01:12,967 | INFO     |   → 995/1331: ✅ 0 взято | 🗑️ 210 мусор
2026-07-01 03:01:12,967 | INFO     |   → 996/1331: ✅ 0 взято | 🗑️ 0 мусор
2026-07-01 03:01:12,967 | INFO     |   → 997/1331: ✅ 0 взято | 🗑️ 0 мусор
2026-07-01 03:01:12,967 | INFO     |   → 998/1331 ❌ HTTP 404 — https://raw.githubusercontent.com/lcx12901/v2ray-/master/sspool.herokuapp.com/yzcloud.yaml
2026-07-01 03:01:12,967 | INFO     |   → 999/1331 ❌ HTTP 404 — https://raw.githubusercontent.com/lcx12901/v2ray-/master/sspool.herokuapp.com/yzcloud2.yaml
2026-07-01 03:01:12,967 | INFO     |   → 1000/1331: ✅ 0 взято | 🗑️ 0 мусор
2026-07-01 03:01:12,967 | INFO     |   → 1001/1331 ❌ HTTP 404 — https://raw.githubusercontent.com/learnhard-cn/free_proxy_ss/main/clash/config.yaml
2026-07-01 03:01:12,967 | INFO     |   → 1002/1331: ✅ 0 взято | 🗑️ 8 мусор
2026-07-01 03:01:12,967 | INFO     |   → 1003/1331: ✅ 0 взято | 🗑️ 4 мусор
2026-07-01 03:01:12,968 | INFO     |   → 1004/1331: ✅ 0 взято | 🗑️ 0 мусор
2026-07-01 03:01:12,968 | INFO     |   → 1005/1331: ✅ 0 взято | 🗑️ 4 мусор
2026-07-01 03:01:12,968 | INFO     |   → 1006/1331: ✅ 0 взято | 🗑️ 149 мусор
2026-07-01 03:01:12,968 | INFO     |   → 1007/1331: ✅ 0 взято | 🗑️ 421 мусор
2026-07-01 03:01:12,968 | INFO     |   → 1008/1331 ❌ HTTP 404 — https://raw.githubusercontent.com/lisylva-lee/v2dyku/main/ssr
2026-07-01 03:01:12,968 | INFO     |   → 1009/1331 ❌ HTTP 404 — https://raw.githubusercontent.com/lisylva-lee/v2dyku/main/v2dy
2026-07-01 03:01:12,968 | INFO     |   → 1010/1331: ✅ 0 взято | 🗑️ 53 мусор
2026-07-01 03:01:12,968 | INFO     |   → 1011/1331 ❌ HTTP 404 — https://raw.githubusercontent.com/luxl-1379/merge/77247d23def72b25226dfa741614e9b07a569c72/sub/sub_merge_base64.txt
2026-07-01 03:01:12,968 | INFO     |   → 1012/1331: ✅ 146 взято | 🗑️ 343 мусор
2026-07-01 03:01:12,968 | INFO     |   → 1013/1331: ✅ 82 взято | 🗑️ 117 мусор
2026-07-01 03:01:12,968 | INFO     |   → 1014/1331: ✅ 725 взято | 🗑️ 4231 мусор
2026-07-01 03:01:12,968 | INFO     |   → 1015/1331: ✅ 0 взято | 🗑️ 0 мусор
2026-07-01 03:01:12,968 | INFO     |   → 1016/1331: ✅ 0 взято | 🗑️ 4231 мусор
2026-07-01 03:01:12,968 | INFO     |   → 1017/1331: ✅ 59 взято | 🗑️ 331 мусор
2026-07-01 03:01:12,968 | INFO     |   → 1018/1331 ❌ HTTP 404 — https://raw.githubusercontent.com/mermeroo/Clash-V2ray/main/v2ray
2026-07-01 03:01:12,968 | INFO     |   → 1019/1331: ✅ 15 взято | 🗑️ 417 мусор
2026-07-01 03:01:12,968 | INFO     |   → 1020/1331: ✅ 6 взято | 🗑️ 102 мусор
2026-07-01 03:01:12,968 | INFO     |   → 1021/1331: ✅ 716 взято | 🗑️ 6258 мусор
2026-07-01 03:01:12,969 | INFO     |   → 1022/1331: ✅ 8 взято | 🗑️ 853 мусор
2026-07-01 03:01:12,969 | INFO     |   → 1023/1331: ✅ 32 взято | 🗑️ 69 мусор
2026-07-01 03:01:12,969 | INFO     |   → 1024/1331 ❌ HTTP 404 — https://raw.githubusercontent.com/mermeroo/free-v2ray-collector/main/main/mix
2026-07-01 03:01:12,969 | INFO     |   → 1025/1331 ❌ HTTP 404 — https://raw.githubusercontent.com/mermeroo/free-v2ray-collector/main/main/reality
2026-07-01 03:01:12,969 | INFO     |   → 1026/1331 ❌ HTTP 404 — https://raw.githubusercontent.com/mermeroo/free-v2ray-collector/main/main/shadowsocks
2026-07-01 03:01:12,969 | INFO     |   → 1027/1331 ❌ HTTP 404 — https://raw.githubusercontent.com/mermeroo/free-v2ray-collector/main/main/trojan
2026-07-01 03:01:12,969 | INFO     |   → 1028/1331 ❌ HTTP 404 — https://raw.githubusercontent.com/mermeroo/free-v2ray-collector/main/main/vless
2026-07-01 03:01:12,969 | INFO     |   → 1029/1331 ❌ HTTP 404 — https://raw.githubusercontent.com/mermeroo/free-v2ray-collector/main/main/vmess
2026-07-01 03:01:12,969 | INFO     |   → 1030/1331 ❌ HTTP 404 — https://raw.githubusercontent.com/mfuu/v2ray/master/merge/merge.txt
2026-07-01 03:01:12,969 | INFO     |   → 1031/1331: ✅ 17 взято | 🗑️ 115 мусор
2026-07-01 03:01:12,969 | INFO     |   → 1032/1331: ✅ 0 взято | 🗑️ 115 мусор
2026-07-01 03:01:12,969 | INFO     |   → 1033/1331: ✅ 589 взято | 🗑️ 15120 мусор
2026-07-01 03:01:12,969 | INFO     |   → 1034/1331: ✅ 0 взято | 🗑️ 15120 мусор
2026-07-01 03:01:12,969 | INFO     |   → 1035/1331: ✅ 0 взято | 🗑️ 2841 мусор
2026-07-01 03:01:12,969 | INFO     |   → 1036/1331: ✅ 0 взято | 🗑️ 2203 мусор
2026-07-01 03:01:12,969 | INFO     |   → 1037/1331: ✅ 0 взято | 🗑️ 5889 мусор
2026-07-01 03:01:12,969 | INFO     |   → 1038/1331: ✅ 0 взято | 🗑️ 4187 мусор
2026-07-01 03:01:12,969 | INFO     |   → 1039/1331 ❌ HTTP 404 — https://raw.githubusercontent.com/mianous/qiren/main/qiren.txt
2026-07-01 03:01:12,969 | INFO     |   → 1040/1331 ❌ HTTP 404 — https://raw.githubusercontent.com/miladtahanian/V2RayCFGDumper/refs/heads/main/config.txt
2026-07-01 03:01:12,969 | INFO     |   → 1041/1331 ❌ HTTP 404 — https://raw.githubusercontent.com/miladtahanian/multi-proxy-config-fetcher/refs/heads/main/configs/proxy_configs.txt
2026-07-01 03:01:12,969 | INFO     |   → 1042/1331: ✅ 0 взято | 🗑️ 0 мусор
2026-07-01 03:01:12,969 | INFO     |   → 1043/1331: ✅ 0 взято | 🗑️ 0 мусор
2026-07-01 03:01:12,970 | INFO     |   → 1044/1331: ✅ 0 взято | 🗑️ 0 мусор
2026-07-01 03:01:12,970 | INFO     |   → 1045/1331: ✅ 15 взято | 🗑️ 46 мусор
2026-07-01 03:01:12,970 | INFO     |   → 1046/1331: ✅ 0 взято | 🗑️ 166 мусор
2026-07-01 03:01:12,970 | INFO     |   → 1047/1331: ✅ 0 взято | 🗑️ 0 мусор
2026-07-01 03:01:12,970 | INFO     |   → 1048/1331: ✅ 28 взято | 🗑️ 93 мусор
2026-07-01 03:01:12,970 | INFO     |   → 1049/1331: ✅ 0 взято | 🗑️ 0 мусор
2026-07-01 03:01:12,970 | INFO     |   → 1050/1331: ✅ 15 взято | 🗑️ 70 мусор
2026-07-01 03:01:12,970 | INFO     |   → 1051/1331: ✅ 127 взято | 🗑️ 492 мусор
2026-07-01 03:01:12,970 | INFO     |   → 1052/1331: ✅ 331 взято | 🗑️ 190 мусор
2026-07-01 03:01:12,970 | INFO     |   → 1053/1331: ✅ 52 взято | 🗑️ 1177 мусор
2026-07-01 03:01:12,970 | INFO     |   → 1054/1331 ❌ HTTP 404 — https://raw.githubusercontent.com/obscure1990/freeVM/master/snippets/nodes.yml
2026-07-01 03:01:12,970 | INFO     |   → 1055/1331 ❌ HTTP 404 — https://raw.githubusercontent.com/op30mmd/things/909b38024ba14d69dc0f95c238f63bc6e930a00f/eut.txt
2026-07-01 03:01:12,970 | INFO     |   → 1056/1331 ❌ HTTP 404 — https://raw.githubusercontent.com/openRunner/clash-freenode/main/v2ray.txt
2026-07-01 03:01:12,970 | INFO     |   → 1057/1331 ❌ HTTP 404 — https://raw.githubusercontent.com/oslook/clash-freenode/main/clash.yaml
2026-07-01 03:01:12,970 | INFO     |   → 1058/1331: ✅ 0 взято | 🗑️ 0 мусор
2026-07-01 03:01:12,970 | INFO     |   → 1059/1331: ✅ 4 взято | 🗑️ 1 мусор
2026-07-01 03:01:12,970 | INFO     |   → 1060/1331: ✅ 0 взято | 🗑️ 0 мусор
2026-07-01 03:01:12,970 | INFO     |   → 1061/1331: ✅ 0 взято | 🗑️ 3 мусор
2026-07-01 03:01:12,970 | INFO     |   → 1062/1331: ✅ 0 взято | 🗑️ 0 мусор
2026-07-01 03:01:12,970 | INFO     |   → 1063/1331: ✅ 0 взято | 🗑️ 0 мусор
2026-07-01 03:01:12,970 | INFO     |   → 1064/1331: ✅ 0 взято | 🗑️ 19 мусор
2026-07-01 03:01:12,970 | INFO     |   → 1065/1331: ✅ 0 взято | 🗑️ 44 мусор
2026-07-01 03:01:12,970 | INFO     |   → 1066/1331: ✅ 63 взято | 🗑️ 521 мусор
2026-07-01 03:01:12,970 | INFO     |   → 1067/1331: ✅ 165 взято | 🗑️ 273 мусор
2026-07-01 03:01:12,970 | INFO     |   → 1068/1331: ✅ 0 взято | 🗑️ 0 мусор
2026-07-01 03:01:12,970 | INFO     |   → 1069/1331: ✅ 28 взято | 🗑️ 211 мусор
2026-07-01 03:01:12,970 | INFO     |   → 1070/1331: ✅ 0 взято | 🗑️ 79 мусор
2026-07-01 03:01:12,970 | INFO     |   → 1071/1331: ✅ 13 взято | 🗑️ 32 мусор
2026-07-01 03:01:12,970 | INFO     |   → 1072/1331: ✅ 0 взято | 🗑️ 0 мусор
2026-07-01 03:01:12,970 | INFO     |   → 1073/1331: ✅ 2 взято | 🗑️ 9 мусор
2026-07-01 03:01:12,970 | INFO     |   → 1074/1331: ✅ 11 взято | 🗑️ 76 мусор
2026-07-01 03:01:12,970 | INFO     |   → 1075/1331: ✅ 0 взято | 🗑️ 168 мусор
2026-07-01 03:01:12,970 | INFO     |   → 1076/1331: ✅ 0 взято | 🗑️ 79 мусор
2026-07-01 03:01:12,971 | INFO     |   → 1077/1331: ✅ 0 взято | 🗑️ 14 мусор
2026-07-01 03:01:12,971 | INFO     |   → 1078/1331 ❌ HTTP 404 — https://raw.githubusercontent.com/ronghuaxueleng/get_v2/main/pub/changfengoss.yaml
2026-07-01 03:01:12,971 | INFO     |   → 1079/1331: ✅ 0 взято | 🗑️ 0 мусор
2026-07-01 03:01:12,971 | INFO     |   → 1080/1331: ✅ 101 взято | 🗑️ 49 мусор
2026-07-01 03:01:12,971 | INFO     |   → 1081/1331: ✅ 0 взято | 🗑️ 49 мусор
2026-07-01 03:01:12,971 | INFO     |   → 1082/1331 ❌ HTTP 404 — https://raw.githubusercontent.com/rxsweet/CM_Vmess/refs/heads/main/test.txt
2026-07-01 03:01:12,971 | INFO     |   → 1083/1331 ❌ HTTP 404 — https://raw.githubusercontent.com/rxsweet/proxies/main/sub/free.yaml
2026-07-01 03:01:12,971 | INFO     |   → 1084/1331 ❌ HTTP 404 — https://raw.githubusercontent.com/rxsweet/proxies/main/sub/rx.yaml
2026-07-01 03:01:12,971 | INFO     |   → 1085/1331 ❌ HTTP 404 — https://raw.githubusercontent.com/rxsweet/proxies/main/sub/sources/dynamicAll.yaml
2026-07-01 03:01:12,971 | INFO     |   → 1086/1331 ❌ HTTP 404 — https://raw.githubusercontent.com/rxsweet/proxies/main/sub/sources/miningAll.yaml
2026-07-01 03:01:12,971 | INFO     |   → 1087/1331 ❌ HTTP 404 — https://raw.githubusercontent.com/rxsweet/proxies/main/sub/srx.yaml
2026-07-01 03:01:12,971 | INFO     |   → 1088/1331 ❌ HTTP 404 — https://raw.githubusercontent.com/sajad-sajadi/V2ray-Collector/raw/main/output/protocols/vmess.txt
2026-07-01 03:01:12,971 | INFO     |   → 1089/1331 ❌ HTTP 404 — https://raw.githubusercontent.com/sakha1370/OpenRay/raw/refs/heads/main/output/all_valid_proxies.txt
2026-07-01 03:01:12,971 | INFO     |   → 1090/1331: ✅ 53 взято | 🗑️ 399 мусор
2026-07-01 03:01:12,971 | INFO     |   → 1091/1331: ✅ 0 взято | 🗑️ 399 мусор
2026-07-01 03:01:12,971 | INFO     |   → 1092/1331 ❌ HTTP 404 — https://raw.githubusercontent.com/samjoeyang/subscribe/main/fly
2026-07-01 03:01:12,971 | INFO     |   → 1093/1331: ✅ 0 взято | 🗑️ 0 мусор
2026-07-01 03:01:12,971 | INFO     |   → 1094/1331 ❌ HTTP 404 — https://raw.githubusercontent.com/sarina-ad/v2ray/main/v2ray
2026-07-01 03:01:12,972 | INFO     |   → 1095/1331 ❌ HTTP 404 — https://raw.githubusercontent.com/satrom/V2SSR/master/SSR/Sub.txt
2026-07-01 03:01:12,972 | INFO     |   → 1096/1331 ❌ HTTP 404 — https://raw.githubusercontent.com/satrom/V2SSR/master/V2RAY/Sub.txt
2026-07-01 03:01:12,972 | INFO     |   → 1097/1331: ✅ 12686 взято | 🗑️ 236652 мусор
2026-07-01 03:01:12,972 | INFO     |   → 1098/1331: ✅ 0 взято | 🗑️ 0 мусор
2026-07-01 03:01:12,972 | INFO     |   → 1099/1331: ✅ 0 взято | 🗑️ 0 мусор
2026-07-01 03:01:12,972 | INFO     |   → 1100/1331: ✅ 3 взято | 🗑️ 49 мусор
2026-07-01 03:01:12,972 | INFO     |   → 1101/1331: ✅ 387 взято | 🗑️ 2459 мусор
2026-07-01 03:01:12,972 | INFO     |   → 1102/1331: ✅ 0 взято | 🗑️ 1180 мусор
2026-07-01 03:01:12,972 | INFO     |   → 1103/1331: ✅ 0 взято | 🗑️ 193 мусор
2026-07-01 03:01:12,972 | INFO     |   → 1104/1331: ✅ 0 взято | 🗑️ 1061 мусор
2026-07-01 03:01:12,972 | INFO     |   → 1105/1331: ✅ 0 взято | 🗑️ 25 мусор
2026-07-01 03:01:12,972 | INFO     |   → 1106/1331: ✅ 0 взято | 🗑️ 2459 мусор
2026-07-01 03:01:12,972 | INFO     |   → 1107/1331: ✅ 0 взято | 🗑️ 0 мусор
2026-07-01 03:01:12,972 | INFO     |   → 1108/1331 ❌ HTTP 404 — https://raw.githubusercontent.com/shirkerboy/scp/main/sub
2026-07-01 03:01:12,972 | INFO     |   → 1109/1331 ❌ HTTP 404 — https://raw.githubusercontent.com/snakem982/proxypool/main/nodelist.txt
2026-07-01 03:01:12,972 | INFO     |   → 1110/1331: ✅ 0 взято | 🗑️ 2 мусор
2026-07-01 03:01:12,972 | INFO     |   → 1111/1331 ❌ HTTP 404 — https://raw.githubusercontent.com/snakem982/proxypool/main/source/v2ray.txt
2026-07-01 03:01:12,972 | INFO     |   → 1112/1331 ❌ HTTP 404 — https://raw.githubusercontent.com/soroushmirzaei/telegram-configs-collector/main/channels/protocols/hysteria
2026-07-01 03:01:12,973 | INFO     |   → 1113/1331 ❌ HTTP 404 — https://raw.githubusercontent.com/soroushmirzaei/telegram-configs-collector/main/channels/protocols/juicity
2026-07-01 03:01:12,973 | INFO     |   → 1114/1331 ❌ HTTP 404 — https://raw.githubusercontent.com/soroushmirzaei/telegram-configs-collector/main/channels/protocols/reality
2026-07-01 03:01:12,973 | INFO     |   → 1115/1331 ❌ HTTP 404 — https://raw.githubusercontent.com/soroushmirzaei/telegram-configs-collector/main/channels/protocols/shadowsocks
2026-07-01 03:01:12,973 | INFO     |   → 1116/1331 ❌ HTTP 404 — https://raw.githubusercontent.com/soroushmirzaei/telegram-configs-collector/main/channels/protocols/trojan
2026-07-01 03:01:12,973 | INFO     |   → 1117/1331 ❌ HTTP 404 — https://raw.githubusercontent.com/soroushmirzaei/telegram-configs-collector/main/channels/protocols/tuic
2026-07-01 03:01:12,973 | INFO     |   → 1118/1331 ❌ HTTP 404 — https://raw.githubusercontent.com/soroushmirzaei/telegram-configs-collector/main/channels/protocols/vless
2026-07-01 03:01:12,973 | INFO     |   → 1119/1331 ❌ HTTP 404 — https://raw.githubusercontent.com/soroushmirzaei/telegram-configs-collector/main/channels/protocols/vmess
2026-07-01 03:01:12,973 | INFO     |   → 1120/1331 ❌ HTTP 404 — https://raw.githubusercontent.com/soroushmirzaei/telegram-configs-collector/main/countries/jp/mixed
2026-07-01 03:01:12,973 | INFO     |   → 1121/1331 ❌ HTTP 404 — https://raw.githubusercontent.com/soroushmirzaei/telegram-configs-collector/main/protocols/hysteria
2026-07-01 03:01:12,973 | INFO     |   → 1122/1331 ❌ HTTP 404 — https://raw.githubusercontent.com/soroushmirzaei/telegram-configs-collector/main/protocols/juicity
2026-07-01 03:01:12,973 | INFO     |   → 1123/1331 ❌ HTTP 404 — https://raw.githubusercontent.com/soroushmirzaei/telegram-configs-collector/main/protocols/reality
2026-07-01 03:01:12,973 | INFO     |   → 1124/1331 ❌ HTTP 404 — https://raw.githubusercontent.com/soroushmirzaei/telegram-configs-collector/main/protocols/shadowsocks
2026-07-01 03:01:12,973 | INFO     |   → 1125/1331 ❌ HTTP 404 — https://raw.githubusercontent.com/soroushmirzaei/telegram-configs-collector/main/protocols/trojan
2026-07-01 03:01:12,973 | INFO     |   → 1126/1331 ❌ HTTP 404 — https://raw.githubusercontent.com/soroushmirzaei/telegram-configs-collector/main/protocols/tuic
2026-07-01 03:01:12,973 | INFO     |   → 1127/1331 ❌ HTTP 404 — https://raw.githubusercontent.com/soroushmirzaei/telegram-configs-collector/main/protocols/vless
2026-07-01 03:01:12,973 | INFO     |   → 1128/1331 ❌ HTTP 404 — https://raw.githubusercontent.com/soroushmirzaei/telegram-configs-collector/main/protocols/vmess
2026-07-01 03:01:12,973 | INFO     |   → 1129/1331 ❌ HTTP 404 — https://raw.githubusercontent.com/soroushmirzaei/telegram-configs-collector/main/splitted/subscribe
2026-07-01 03:01:12,973 | INFO     |   → 1130/1331 ❌ HTTP 404 — https://raw.githubusercontent.com/ssrsub/ssr/master/Clash.yml
2026-07-01 03:01:12,973 | INFO     |   → 1131/1331 ❌ HTTP 404 — https://raw.githubusercontent.com/ssrsub/ssr/master/V2Ray
2026-07-01 03:01:12,974 | INFO     |   → 1132/1331 ❌ HTTP 404 — https://raw.githubusercontent.com/ssrsub/ssr/master/ss-sub
2026-07-01 03:01:12,974 | INFO     |   → 1133/1331 ❌ HTTP 404 — https://raw.githubusercontent.com/ssrsub/ssr/master/ssrsub
2026-07-01 03:01:12,974 | INFO     |   → 1134/1331 ❌ HTTP 404 — https://raw.githubusercontent.com/ssrsub/ssr/master/trojan
2026-07-01 03:01:12,974 | INFO     |   → 1135/1331: ✅ 0 взято | 🗑️ 0 мусор
2026-07-01 03:01:12,974 | INFO     |   → 1136/1331: ✅ 2 взято | 🗑️ 12 мусор
2026-07-01 03:01:12,974 | INFO     |   → 1137/1331: ✅ 0 взято | 🗑️ 13 мусор
2026-07-01 03:01:12,974 | INFO     |   → 1138/1331: ✅ 0 взято | 🗑️ 13 мусор
2026-07-01 03:01:12,974 | INFO     |   → 1139/1331 ❌ HTTP 404 — https://raw.githubusercontent.com/tbbatbb/Proxy/master/dist/clash.config.yaml
2026-07-01 03:01:12,974 | INFO     |   → 1140/1331: ✅ 2 взято | 🗑️ 35 мусор
2026-07-01 03:01:12,974 | INFO     |   → 1141/1331: ✅ 0 взято | 🗑️ 0 мусор
2026-07-01 03:01:12,974 | INFO     |   → 1142/1331: ✅ 5 взято | 🗑️ 111 мусор
2026-07-01 03:01:12,974 | INFO     |   → 1143/1331: ✅ 0 взято | 🗑️ 0 мусор
2026-07-01 03:01:12,974 | INFO     |   → 1144/1331: ✅ 0 взято | 🗑️ 144 мусор
2026-07-01 03:01:12,974 | INFO     |   → 1145/1331 ❌ HTTP 404 — https://raw.githubusercontent.com/v2clash/Autoproxy/a81f840ab2364124133572ec94e4b81fb0d4e58d/sub/2401/240104.txt
2026-07-01 03:01:12,974 | INFO     |   → 1146/1331 ❌ HTTP 404 — https://raw.githubusercontent.com/v2clash/V2ray-Configs/31f493c584d0c7b56350f4a34d80c53ad82bcc18/Sub9.txt
2026-07-01 03:01:12,974 | INFO     |   → 1147/1331: ✅ 0 взято | 🗑️ 0 мусор
2026-07-01 03:01:12,974 | INFO     |   → 1148/1331: ✅ 0 взято | 🗑️ 0 мусор
2026-07-01 03:01:12,974 | INFO     |   → 1149/1331: ✅ 0 взято | 🗑️ 0 мусор
2026-07-01 03:01:12,975 | INFO     |   → 1150/1331: ✅ 283 взято | 🗑️ 9640 мусор
2026-07-01 03:01:12,975 | INFO     |   → 1151/1331: ✅ 281 взято | 🗑️ 10086 мусор
2026-07-01 03:01:12,975 | INFO     |   → 1152/1331: ✅ 280 взято | 🗑️ 9675 мусор
2026-07-01 03:01:12,975 | INFO     |   → 1153/1331: ✅ 334 взято | 🗑️ 9823 мусор
2026-07-01 03:01:12,975 | INFO     |   → 1154/1331: ✅ 350 взято | 🗑️ 9639 мусор
2026-07-01 03:01:12,975 | INFO     |   → 1155/1331: ✅ 125 взято | 🗑️ 7919 мусор
2026-07-01 03:01:12,975 | INFO     |   → 1156/1331: ✅ 135 взято | 🗑️ 4836 мусор
2026-07-01 03:01:12,975 | INFO     |   → 1157/1331: ✅ 502 взято | 🗑️ 7659 мусор
2026-07-01 03:01:12,975 | INFO     |   → 1158/1331: ✅ 631 взято | 🗑️ 8081 мусор
2026-07-01 03:01:12,975 | INFO     |   → 1159/1331: ✅ 202 взято | 🗑️ 5131 мусор
2026-07-01 03:01:12,975 | INFO     |   → 1160/1331 ❌ HTTP 404 — https://raw.githubusercontent.com/vveg26/chromego_merge/main/sub/merged_proxies.yaml
2026-07-01 03:01:12,975 | INFO     |   → 1161/1331 ❌ HTTP 404 — https://raw.githubusercontent.com/vveg26/get_proxy/main/dist/clash.config.yaml
2026-07-01 03:01:12,975 | INFO     |   → 1162/1331: ✅ 0 взято | 🗑️ 10 мусор
2026-07-01 03:01:12,975 | INFO     |   → 1163/1331: ✅ 0 взято | 🗑️ 10 мусор
2026-07-01 03:01:12,975 | INFO     |   → 1164/1331: ✅ 0 взято | 🗑️ 4 мусор
2026-07-01 03:01:12,975 | INFO     |   → 1165/1331: ✅ 0 взято | 🗑️ 0 мусор
2026-07-01 03:01:12,975 | INFO     |   → 1166/1331: ✅ 0 взято | 🗑️ 4 мусор
2026-07-01 03:01:12,975 | INFO     |   → 1167/1331: ✅ 106 взято | 🗑️ 689 мусор
2026-07-01 03:01:12,976 | INFO     |   → 1168/1331: ✅ 48 взято | 🗑️ 841 мусор
2026-07-01 03:01:12,976 | INFO     |   → 1169/1331: ✅ 21 взято | 🗑️ 789 мусор
2026-07-01 03:01:12,976 | INFO     |   → 1170/1331: ✅ 24 взято | 🗑️ 774 мусор
2026-07-01 03:01:12,976 | INFO     |   → 1171/1331: ✅ 52 взято | 🗑️ 756 мусор
2026-07-01 03:01:12,976 | INFO     |   → 1172/1331: ✅ 191 взято | 🗑️ 745 мусор
2026-07-01 03:01:12,976 | INFO     |   → 1173/1331: ✅ 9 взято | 🗑️ 651 мусор
2026-07-01 03:01:12,976 | INFO     |   → 1174/1331: ✅ 185 взято | 🗑️ 388 мусор
2026-07-01 03:01:12,976 | INFO     |   → 1175/1331: ✅ 130 взято | 🗑️ 523 мусор
2026-07-01 03:01:12,976 | INFO     |   → 1176/1331: ✅ 67 взято | 🗑️ 533 мусор
2026-07-01 03:01:12,976 | INFO     |   → 1177/1331: ✅ 98 взято | 🗑️ 444 мусор
2026-07-01 03:01:12,976 | INFO     |   → 1178/1331: ✅ 102 взято | 🗑️ 670 мусор
2026-07-01 03:01:12,976 | INFO     |   → 1179/1331: ✅ 86 взято | 🗑️ 476 мусор
2026-07-01 03:01:12,976 | INFO     |   → 1180/1331: ✅ 95 взято | 🗑️ 657 мусор
2026-07-01 03:01:12,976 | INFO     |   → 1181/1331: ✅ 105 взято | 🗑️ 645 мусор
2026-07-01 03:01:12,976 | INFO     |   → 1182/1331: ✅ 115 взято | 🗑️ 985 мусор
2026-07-01 03:01:12,976 | INFO     |   → 1183/1331: ✅ 6 взято | 🗑️ 63 мусор
2026-07-01 03:01:12,976 | INFO     |   → 1184/1331: ✅ 7 взято | 🗑️ 62 мусор
2026-07-01 03:01:12,976 | INFO     |   → 1185/1331: ✅ 39 взято | 🗑️ 489 мусор
2026-07-01 03:01:12,976 | INFO     |   → 1186/1331: ✅ 0 взято | 🗑️ 0 мусор
2026-07-01 03:01:12,977 | INFO     |   → 1187/1331: ✅ 0 взято | 🗑️ 0 мусор
2026-07-01 03:01:12,977 | INFO     |   → 1188/1331: ✅ 0 взято | 🗑️ 0 мусор
2026-07-01 03:01:12,977 | INFO     |   → 1189/1331: ✅ 0 взято | 🗑️ 0 мусор
2026-07-01 03:01:12,977 | INFO     |   → 1190/1331: ✅ 0 взято | 🗑️ 0 мусор
2026-07-01 03:01:12,977 | INFO     |   → 1191/1331: ✅ 0 взято | 🗑️ 52 мусор
2026-07-01 03:01:12,977 | INFO     |   → 1192/1331: ✅ 5 взято | 🗑️ 10 мусор
2026-07-01 03:01:12,977 | INFO     |   → 1193/1331: ✅ 1 взято | 🗑️ 124 мусор
2026-07-01 03:01:12,977 | INFO     |   → 1194/1331: ✅ 167 взято | 🗑️ 143 мусор
2026-07-01 03:01:12,977 | INFO     |   → 1195/1331: ✅ 0 взято | 🗑️ 9 мусор
2026-07-01 03:01:12,977 | INFO     |   → 1196/1331: ✅ 23 взято | 🗑️ 1240 мусор
2026-07-01 03:01:12,977 | INFO     |   → 1197/1331 ❌ HTTP 404 — https://raw.githubusercontent.com/xiaozhu2007/xiaozhu2007/61a755a044dbaeea678bc2d1e20f21a21c6d7170/docs/fxxk.txt
2026-07-01 03:01:12,977 | INFO     |   → 1198/1331: ✅ 1 взято | 🗑️ 159 мусор
2026-07-01 03:01:12,977 | INFO     |   → 1199/1331: ✅ 0 взято | 🗑️ 22 мусор
2026-07-01 03:01:12,977 | INFO     |   → 1200/1331: ✅ 0 взято | 🗑️ 0 мусор
2026-07-01 03:01:12,977 | INFO     |   → 1201/1331 ❌ HTTP 404 — https://raw.githubusercontent.com/yebekhe/TVC/0f745f92bf381e505f1245abbc7c145b19b11503/config.txt
2026-07-01 03:01:12,977 | INFO     |   → 1202/1331 ❌ HTTP 404 — https://raw.githubusercontent.com/yebekhe/TVC/9fac69239c69327fb7a61f5a8d79d107133889e1/lite/config.txt
2026-07-01 03:01:12,977 | INFO     |   → 1203/1331 ❌ HTTP 404 — https://raw.githubusercontent.com/yebekhe/TelegramV2rayCollector/main/sub/normal/donated
2026-07-01 03:01:12,977 | INFO     |   → 1204/1331 ❌ HTTP 404 — https://raw.githubusercontent.com/yebekhe/TelegramV2rayCollector/main/sub/normal/hysteria2
2026-07-01 03:01:12,977 | INFO     |   → 1205/1331 ❌ HTTP 404 — https://raw.githubusercontent.com/yebekhe/TelegramV2rayCollector/main/sub/normal/mix
2026-07-01 03:01:12,977 | INFO     |   → 1206/1331 ❌ HTTP 404 — https://raw.githubusercontent.com/yebekhe/TelegramV2rayCollector/main/sub/normal/reality
2026-07-01 03:01:12,978 | INFO     |   → 1207/1331 ❌ HTTP 404 — https://raw.githubusercontent.com/yebekhe/TelegramV2rayCollector/main/sub/normal/shadowsocks
2026-07-01 03:01:12,978 | INFO     |   → 1208/1331 ❌ HTTP 404 — https://raw.githubusercontent.com/yebekhe/TelegramV2rayCollector/main/sub/normal/trojan
2026-07-01 03:01:12,978 | INFO     |   → 1209/1331 ❌ HTTP 404 — https://raw.githubusercontent.com/yebekhe/TelegramV2rayCollector/main/sub/normal/tuic
2026-07-01 03:01:12,978 | INFO     |   → 1210/1331 ❌ HTTP 404 — https://raw.githubusercontent.com/yebekhe/TelegramV2rayCollector/main/sub/normal/vless
2026-07-01 03:01:12,978 | INFO     |   → 1211/1331 ❌ HTTP 404 — https://raw.githubusercontent.com/yebekhe/TelegramV2rayCollector/main/sub/normal/vmess
2026-07-01 03:01:12,978 | INFO     |   → 1212/1331 ❌ HTTP 404 — https://raw.githubusercontent.com/yebekhe/V2Hub/main/Split/Normal/shadowsocks
2026-07-01 03:01:12,978 | INFO     |   → 1213/1331 ❌ HTTP 404 — https://raw.githubusercontent.com/yebekhe/V2Hub/main/merged
2026-07-01 03:01:12,978 | INFO     |   → 1214/1331: ✅ 0 взято | 🗑️ 30 мусор
2026-07-01 03:01:12,978 | INFO     |   → 1215/1331: ✅ 1279 взято | 🗑️ 10759 мусор
2026-07-01 03:01:12,978 | INFO     |   → 1216/1331: ✅ 16 взято | 🗑️ 458 мусор
2026-07-01 03:01:12,978 | INFO     |   → 1217/1331: ✅ 13 взято | 🗑️ 402 мусор
2026-07-01 03:01:12,978 | INFO     |   → 1218/1331: ✅ 215 взято | 🗑️ 524 мусор
2026-07-01 03:01:12,978 | INFO     |   → 1219/1331: ✅ 118 взято | 🗑️ 2065 мусор
2026-07-01 03:01:12,978 | INFO     |   → 1220/1331: ✅ 3 взято | 🗑️ 548 мусор
2026-07-01 03:01:12,978 | INFO     |   → 1221/1331 ❌ HTTP 404 — https://raw.githubusercontent.com/yyyr-otz/tele-providers-collector/019cb3e07ee52fddbc7caa54fc670c6b9bae6539/sub/proxies.txt
2026-07-01 03:01:12,978 | INFO     |   → 1222/1331 ❌ HTTP 404 — https://raw.githubusercontent.com/yyyr-otz/tele-providers-collector/b7a74ee98bcf02c5a507d688a1bed3aa9f7f4ed1/script/raw/protocols/mixed.txt
2026-07-01 03:01:12,978 | INFO     |   → 1223/1331: ✅ 0 взято | 🗑️ 0 мусор
2026-07-01 03:01:12,978 | INFO     |   → 1224/1331: ✅ 0 взято | 🗑️ 0 мусор
2026-07-01 03:01:12,978 | INFO     |   → 1225/1331: ✅ 1 взято | 🗑️ 18 мусор
2026-07-01 03:01:12,978 | INFO     |   → 1226/1331: ✅ 0 взято | 🗑️ 7 мусор
2026-07-01 03:01:12,979 | INFO     |   → 1227/1331: ✅ 0 взято | 🗑️ 5 мусор
2026-07-01 03:01:12,979 | INFO     |   → 1228/1331: ✅ 0 взято | 🗑️ 0 мусор
2026-07-01 03:01:12,979 | INFO     |   → 1229/1331 ⚠️ Ошибка: HTTPSConnectionPool(host='sub.pmsub.me', port=443): Max retries exceeded with url: /clash.yaml (Caused by SSLError(SSLCertVerificationError(1, '[SSL: CERTIFICATE_VERIFY_FAILED] certificate verify failed: unable to get local issuer certificate (_ssl.c:1016)'))) — https://sub.pmsub.me/clash.yaml
2026-07-01 03:01:12,979 | INFO     |   → 1230/1331: ✅ 0 взято | 🗑️ 1 мусор
2026-07-01 03:01:12,979 | INFO     |   → 1231/1331: ✅ 8 взято | 🗑️ 21 мусор
2026-07-01 03:01:12,979 | INFO     |   → 1232/1331: ✅ 0 взято | 🗑️ 0 мусор
2026-07-01 03:01:12,979 | INFO     |   → 1233/1331: ✅ 9 взято | 🗑️ 19 мусор
2026-07-01 03:01:12,979 | INFO     |   → 1234/1331: ✅ 0 взято | 🗑️ 0 мусор
2026-07-01 03:01:12,979 | INFO     |   → 1235/1331: ✅ 2 взято | 🗑️ 14 мусор
2026-07-01 03:01:12,979 | INFO     |   → 1236/1331: ✅ 4 взято | 🗑️ 22 мусор
2026-07-01 03:01:12,979 | INFO     |   → 1237/1331: ✅ 0 взято | 🗑️ 0 мусор
2026-07-01 03:01:12,979 | INFO     |   → 1238/1331: ✅ 0 взято | 🗑️ 0 мусор
2026-07-01 03:01:12,979 | INFO     |   → 1239/1331: ✅ 0 взято | 🗑️ 0 мусор
2026-07-01 03:01:12,979 | INFO     |   → 1240/1331: ✅ 2 взято | 🗑️ 16 мусор
2026-07-01 03:01:12,979 | INFO     |   → 1241/1331: ✅ 0 взято | 🗑️ 0 мусор
2026-07-01 03:01:12,979 | INFO     |   → 1242/1331: ✅ 4 взято | 🗑️ 7 мусор
2026-07-01 03:01:12,979 | INFO     |   → 1243/1331: ✅ 0 взято | 🗑️ 0 мусор
2026-07-01 03:01:12,979 | INFO     |   → 1244/1331: ✅ 6 взято | 🗑️ 14 мусор
2026-07-01 03:01:12,980 | INFO     |   → 1245/1331: ✅ 0 взято | 🗑️ 0 мусор
2026-07-01 03:01:12,980 | INFO     |   → 1246/1331: ✅ 2 взято | 🗑️ 13 мусор
2026-07-01 03:01:12,980 | INFO     |   → 1247/1331: ✅ 0 взято | 🗑️ 0 мусор
2026-07-01 03:01:12,980 | INFO     |   → 1248/1331: ✅ 0 взято | 🗑️ 0 мусор
2026-07-01 03:01:12,980 | INFO     |   → 1249/1331: ✅ 2 взято | 🗑️ 7 мусор
2026-07-01 03:01:12,980 | INFO     |   → 1250/1331: ✅ 1 взято | 🗑️ 14 мусор
2026-07-01 03:01:12,980 | INFO     |   → 1251/1331: ✅ 2 взято | 🗑️ 14 мусор
2026-07-01 03:01:12,980 | INFO     |   → 1252/1331: ✅ 0 взято | 🗑️ 0 мусор
2026-07-01 03:01:12,980 | INFO     |   → 1253/1331: ✅ 3 взято | 🗑️ 22 мусор
2026-07-01 03:01:12,980 | INFO     |   → 1254/1331: ✅ 0 взято | 🗑️ 0 мусор
2026-07-01 03:01:12,980 | INFO     |   → 1255/1331: ✅ 2 взято | 🗑️ 15 мусор
2026-07-01 03:01:12,980 | INFO     |   → 1256/1331: ✅ 3 взято | 🗑️ 12 мусор
2026-07-01 03:01:12,980 | INFO     |   → 1257/1331: ✅ 0 взято | 🗑️ 0 мусор
2026-07-01 03:01:12,980 | INFO     |   → 1258/1331: ✅ 0 взято | 🗑️ 0 мусор
2026-07-01 03:01:12,980 | INFO     |   → 1259/1331: ✅ 0 взято | 🗑️ 0 мусор
2026-07-01 03:01:12,980 | INFO     |   → 1260/1331: ✅ 4 взято | 🗑️ 11 мусор
2026-07-01 03:01:12,980 | INFO     |   → 1261/1331: ✅ 10 взято | 🗑️ 15 мусор
2026-07-01 03:01:12,980 | INFO     |   → 1262/1331: ✅ 0 взято | 🗑️ 0 мусор
2026-07-01 03:01:12,981 | INFO     |   → 1263/1331: ✅ 13 взято | 🗑️ 15 мусор
2026-07-01 03:01:12,981 | INFO     |   → 1264/1331: ✅ 0 взято | 🗑️ 0 мусор
2026-07-01 03:01:12,981 | INFO     |   → 1265/1331: ✅ 5 взято | 🗑️ 15 мусор
2026-07-01 03:01:12,981 | INFO     |   → 1266/1331: ✅ 0 взято | 🗑️ 0 мусор
2026-07-01 03:01:12,981 | INFO     |   → 1267/1331: ✅ 8 взято | 🗑️ 16 мусор
2026-07-01 03:01:12,981 | INFO     |   → 1268/1331: ✅ 0 взято | 🗑️ 0 мусор
2026-07-01 03:01:12,981 | INFO     |   → 1269/1331: ✅ 0 взято | 🗑️ 24 мусор
2026-07-01 03:01:12,981 | INFO     |   → 1270/1331: ✅ 0 взято | 🗑️ 0 мусор
2026-07-01 03:01:12,981 | INFO     |   → 1271/1331: ✅ 4 взято | 🗑️ 17 мусор
2026-07-01 03:01:12,981 | INFO     |   → 1272/1331: ✅ 0 взято | 🗑️ 0 мусор
2026-07-01 03:01:12,981 | INFO     |   → 1273/1331: ✅ 12 взято | 🗑️ 18 мусор
2026-07-01 03:01:12,981 | INFO     |   → 1274/1331: ✅ 0 взято | 🗑️ 0 мусор
2026-07-01 03:01:12,981 | INFO     |   → 1275/1331: ✅ 2 взято | 🗑️ 17 мусор
2026-07-01 03:01:12,981 | INFO     |   → 1276/1331: ✅ 0 взято | 🗑️ 0 мусор
2026-07-01 03:01:12,981 | INFO     |   → 1277/1331: ✅ 1 взято | 🗑️ 27 мусор
2026-07-01 03:01:12,981 | INFO     |   → 1278/1331: ✅ 0 взято | 🗑️ 0 мусор
2026-07-01 03:01:12,981 | INFO     |   → 1279/1331: ✅ 4 взято | 🗑️ 15 мусор
2026-07-01 03:01:12,981 | INFO     |   → 1280/1331: ✅ 0 взято | 🗑️ 0 мусор
2026-07-01 03:01:12,981 | INFO     |   → 1281/1331: ✅ 4 взято | 🗑️ 26 мусор
2026-07-01 03:01:12,981 | INFO     |   → 1282/1331: ✅ 0 взято | 🗑️ 0 мусор
2026-07-01 03:01:12,982 | INFO     |   → 1283/1331: ✅ 3 взято | 🗑️ 21 мусор
2026-07-01 03:01:12,982 | INFO     |   → 1284/1331: ✅ 0 взято | 🗑️ 0 мусор
2026-07-01 03:01:12,982 | INFO     |   → 1285/1331: ✅ 8 взято | 🗑️ 12 мусор
2026-07-01 03:01:12,982 | INFO     |   → 1286/1331: ✅ 0 взято | 🗑️ 0 мусор
2026-07-01 03:01:12,982 | INFO     |   → 1287/1331: ✅ 8 взято | 🗑️ 15 мусор
2026-07-01 03:01:12,982 | INFO     |   → 1288/1331: ✅ 0 взято | 🗑️ 0 мусор
2026-07-01 03:01:12,982 | INFO     |   → 1289/1331: ✅ 10 взято | 🗑️ 14 мусор
2026-07-01 03:01:12,982 | INFO     |   → 1290/1331: ✅ 0 взято | 🗑️ 0 мусор
2026-07-01 03:01:12,982 | INFO     |   → 1291/1331: ✅ 5 взято | 🗑️ 18 мусор
2026-07-01 03:01:12,982 | INFO     |   → 1292/1331: ✅ 0 взято | 🗑️ 0 мусор
2026-07-01 03:01:12,982 | INFO     |   → 1293/1331: ✅ 5 взято | 🗑️ 22 мусор
2026-07-01 03:01:12,982 | INFO     |   → 1294/1331: ✅ 0 взято | 🗑️ 0 мусор
2026-07-01 03:01:12,982 | INFO     |   → 1295/1331: ✅ 5 взято | 🗑️ 18 мусор
2026-07-01 03:01:12,982 | INFO     |   → 1296/1331: ✅ 0 взято | 🗑️ 0 мусор
2026-07-01 03:01:12,982 | INFO     |   → 1297/1331: ✅ 1 взято | 🗑️ 23 мусор
2026-07-01 03:01:12,982 | INFO     |   → 1298/1331: ✅ 0 взято | 🗑️ 0 мусор
2026-07-01 03:01:12,982 | INFO     |   → 1299/1331: ✅ 5 взято | 🗑️ 18 мусор
2026-07-01 03:01:12,982 | INFO     |   → 1300/1331: ✅ 0 взято | 🗑️ 0 мусор
2026-07-01 03:01:12,982 | INFO     |   → 1301/1331: ✅ 17 взято | 🗑️ 7 мусор
2026-07-01 03:01:12,982 | INFO     |   → 1302/1331: ✅ 0 взято | 🗑️ 0 мусор
2026-07-01 03:01:12,983 | INFO     |   → 1303/1331: ✅ 3 взято | 🗑️ 17 мусор
2026-07-01 03:01:12,983 | INFO     |   → 1304/1331: ✅ 0 взято | 🗑️ 0 мусор
2026-07-01 03:01:12,983 | INFO     |   → 1305/1331: ✅ 7 взято | 🗑️ 14 мусор
2026-07-01 03:01:12,983 | INFO     |   → 1306/1331: ✅ 0 взято | 🗑️ 0 мусор
2026-07-01 03:01:12,983 | INFO     |   → 1307/1331: ✅ 7 взято | 🗑️ 14 мусор
2026-07-01 03:01:12,983 | INFO     |   → 1308/1331: ✅ 0 взято | 🗑️ 0 мусор
2026-07-01 03:01:12,983 | INFO     |   → 1309/1331: ✅ 8 взято | 🗑️ 11 мусор
2026-07-01 03:01:12,983 | INFO     |   → 1310/1331: ✅ 0 взято | 🗑️ 0 мусор
2026-07-01 03:01:12,983 | INFO     |   → 1311/1331: ✅ 0 взято | 🗑️ 22 мусор
2026-07-01 03:01:12,983 | INFO     |   → 1312/1331: ✅ 0 взято | 🗑️ 0 мусор
2026-07-01 03:01:12,983 | INFO     |   → 1313/1331: ✅ 3 взято | 🗑️ 12 мусор
2026-07-01 03:01:12,983 | INFO     |   → 1314/1331: ✅ 0 взято | 🗑️ 0 мусор
2026-07-01 03:01:12,983 | INFO     |   → 1315/1331: ✅ 0 взято | 🗑️ 7 мусор
2026-07-01 03:01:12,983 | INFO     |   → 1316/1331: ✅ 0 взято | 🗑️ 0 мусор
2026-07-01 03:01:12,983 | INFO     |   → 1317/1331: ✅ 3 взято | 🗑️ 8 мусор
2026-07-01 03:01:12,983 | INFO     |   → 1318/1331: ✅ 0 взято | 🗑️ 0 мусор
2026-07-01 03:01:12,983 | INFO     |   → 1319/1331: ✅ 6 взято | 🗑️ 12 мусор
2026-07-01 03:01:12,983 | INFO     |   → 1320/1331: ✅ 0 взято | 🗑️ 0 мусор
2026-07-01 03:01:12,984 | INFO     |   → 1321/1331: ✅ 2 взято | 🗑️ 12 мусор
2026-07-01 03:01:12,984 | INFO     |   → 1322/1331: ✅ 0 взято | 🗑️ 0 мусор
2026-07-01 03:01:12,984 | INFO     |   → 1323/1331: ✅ 8 взято | 🗑️ 12 мусор
2026-07-01 03:01:12,984 | INFO     |   → 1324/1331: ✅ 0 взято | 🗑️ 0 мусор
2026-07-01 03:01:12,984 | INFO     |   → 1325/1331: ✅ 0 взято | 🗑️ 10 мусор
2026-07-01 03:01:12,984 | INFO     |   → 1326/1331: ✅ 0 взято | 🗑️ 0 мусор
2026-07-01 03:01:12,984 | INFO     |   → 1327/1331: ✅ 7 взято | 🗑️ 14 мусор
2026-07-01 03:01:12,984 | INFO     |   → 1328/1331: ✅ 0 взято | 🗑️ 0 мусор
2026-07-01 03:01:12,984 | INFO     |   → 1329/1331: ✅ 4 взято | 🗑️ 19 мусор
2026-07-01 03:01:12,984 | INFO     |   → 1330/1331: ✅ 0 взято | 🗑️ 0 мусор
2026-07-01 03:01:12,984 | INFO     |   → 1331/1331: ✅ 1 взято | 🗑️ 9 мусор
2026-07-01 03:01:12,984 | INFO     |   → ✅ ГОТОВО!
2026-07-01 03:01:12,984 | INFO     |   →    📥 Всего ключей после фильтра: 54265
2026-07-01 03:01:12,984 | INFO     |   →    🔗 Уникальных IP:PORT:SCHEME: 13750
2026-07-01 03:01:12,984 | INFO     |   →    🗑️ Выброшено мусора: 948193
2026-07-01 03:01:12,984 | INFO     |   → 📊 По протоколам:
2026-07-01 03:01:12,984 | INFO     |   →    vless: 6120
2026-07-01 03:01:12,984 | INFO     |   →    vmess: 3404
2026-07-01 03:01:12,984 | INFO     |   →    trojan: 2048
2026-07-01 03:01:12,985 | INFO     |   →    ss: 2005
2026-07-01 03:01:12,985 | INFO     |   →    hysteria: 13
2026-07-01 03:01:12,985 | INFO     |   →    hysteria2: 40
2026-07-01 03:01:12,985 | INFO     |   →    hy2: 68
2026-07-01 03:01:12,985 | INFO     |   →    tuic: 52
2026-07-01 03:01:12,985 | INFO     | ✅ mirror.py завершён успешно
2026-07-01 03:01:12,985 | INFO     | 
2026-07-01 03:01:12,985 | INFO     | 
2026-07-01 03:01:12,985 | INFO     | ──────────────────────────────────────────────────────────────────────
2026-07-01 03:01:12,985 | INFO     | 📌 ЭТАП: Фильтрация по реальному SNI
2026-07-01 03:01:12,985 | INFO     | ──────────────────────────────────────────────────────────────────────
2026-07-01 03:01:12,985 | INFO     | 🚀 Запуск filter_ru_sni.py (Фильтр по реальному SNI (CDN+RU))...
2026-07-01 03:01:13,338 | INFO     |   → hy2.txt: 68 → 21 (SNI-filtered)
2026-07-01 03:01:13,338 | INFO     |   →   hysteria.txt: 13 → 0 (SNI-filtered)
2026-07-01 03:01:13,338 | INFO     |   →   hysteria2.txt: 40 → 4 (SNI-filtered)
2026-07-01 03:01:13,338 | INFO     |   →   ss.txt: 2005 → 0 (SNI-filtered)
2026-07-01 03:01:13,338 | INFO     |   →   trojan.txt: 2048 → 16 (SNI-filtered)
2026-07-01 03:01:13,338 | INFO     |   →   tuic.txt: 52 → 0 (SNI-filtered)
2026-07-01 03:01:13,338 | INFO     |   →   vless.txt: 6120 → 1080 (SNI-filtered)
2026-07-01 03:01:13,338 | INFO     |   →   vmess.txt: 3404 → 37 (SNI-filtered)
2026-07-01 03:01:13,338 | INFO     |   → ==================================================
2026-07-01 03:01:13,339 | INFO     |   →   Всего входных:  13750
2026-07-01 03:01:13,339 | INFO     |   →   Прошли фильтр:  1158
2026-07-01 03:01:13,339 | INFO     |   →   Отброшено:      12592
2026-07-01 03:01:13,339 | INFO     |   → ==================================================
2026-07-01 03:01:13,339 | INFO     |   → Готово → /home/runner/work/vpn-vless-configs-russia/vpn-vless-configs-russia/githubmirror/ru-sni
2026-07-01 03:01:13,339 | INFO     | ✅ filter_ru_sni.py завершён успешно
2026-07-01 03:01:13,339 | INFO     | 
2026-07-01 03:01:13,339 | INFO     | 
2026-07-01 03:01:13,339 | INFO     | ──────────────────────────────────────────────────────────────────────
2026-07-01 03:01:13,339 | INFO     | 📌 ЭТАП: Экспериментальный RU-SNI фильтр
2026-07-01 03:01:13,339 | INFO     | ──────────────────────────────────────────────────────────────────────
2026-07-01 03:01:13,339 | INFO     | 🚀 Запуск filter_ru_sni_local.py (Экспериментальный фильтр по RU-SNI (локальные домены))...
2026-07-01 03:01:13,569 | INFO     |   → hy2.txt: 68 → 0 (RU-SNI)
2026-07-01 03:01:13,570 | INFO     |   → hysteria.txt: 13 → 0 (RU-SNI)
2026-07-01 03:01:13,570 | INFO     |   → hysteria2.txt: 40 → 0 (RU-SNI)
2026-07-01 03:01:13,570 | INFO     |   → ss.txt: 2005 → 0 (RU-SNI)
2026-07-01 03:01:13,570 | INFO     |   → trojan.txt: 2048 → 0 (RU-SNI)
2026-07-01 03:01:13,570 | INFO     |   → tuic.txt: 52 → 0 (RU-SNI)
2026-07-01 03:01:13,570 | INFO     |   → vless.txt: 6120 → 208 (RU-SNI)
2026-07-01 03:01:13,570 | INFO     |   → vmess.txt: 3404 → 0 (RU-SNI)
2026-07-01 03:01:13,570 | INFO     |   → ==================================================
2026-07-01 03:01:13,570 | INFO     |   → Всего входных:  13750
2026-07-01 03:01:13,570 | INFO     |   → Прошли RU-SNI:  208
2026-07-01 03:01:13,570 | INFO     |   → Отброшено:      13542
2026-07-01 03:01:13,570 | INFO     |   → ==================================================
2026-07-01 03:01:13,570 | INFO     |   → Готово → /home/runner/work/vpn-vless-configs-russia/vpn-vless-configs-russia/githubmirror/ru-sni-local
2026-07-01 03:01:13,570 | INFO     | ✅ filter_ru_sni_local.py завершён успешно
2026-07-01 03:01:13,570 | INFO     | 
2026-07-01 03:01:13,570 | INFO     | 
2026-07-01 03:01:13,570 | INFO     | ──────────────────────────────────────────────────────────────────────
2026-07-01 03:01:13,570 | INFO     | 📌 ЭТАП: Сбор статистики
2026-07-01 03:01:13,570 | INFO     | ──────────────────────────────────────────────────────────────────────
2026-07-01 03:01:13,570 | INFO     | 📊 Сбор статистики...
2026-07-01 03:01:13,571 | INFO     |   📁 githubmirror/clean:
2026-07-01 03:01:13,571 | INFO     |     • hy2         :    68 конфигов
2026-07-01 03:01:13,571 | INFO     |     • hysteria    :    13 конфигов
2026-07-01 03:01:13,571 | INFO     |     • hysteria2   :    40 конфигов
2026-07-01 03:01:13,573 | INFO     |     • ss          :  2005 конфигов
2026-07-01 03:01:13,575 | INFO     |     • trojan      :  2048 конфигов
2026-07-01 03:01:13,575 | INFO     |     • tuic        :    52 конфигов
2026-07-01 03:01:13,581 | INFO     |     • vless       :  6120 конфигов
2026-07-01 03:01:13,583 | INFO     |     • vmess       :  3404 конфигов
2026-07-01 03:01:13,584 | INFO     |   📁 githubmirror/ru-sni:
2026-07-01 03:01:13,584 | INFO     |     • hy2         :    21 конфигов ( 30.9% от clean)
2026-07-01 03:01:13,584 | INFO     |     • hysteria    :     0 конфигов (  0.0% от clean)
2026-07-01 03:01:13,584 | INFO     |     • hysteria2   :     4 конфигов ( 10.0% от clean)
2026-07-01 03:01:13,584 | INFO     |     • ss          :     0 конфигов (  0.0% от clean)
2026-07-01 03:01:13,585 | INFO     |     • trojan      :    16 конфигов (  0.8% от clean)
2026-07-01 03:01:13,585 | INFO     |     • tuic        :     0 конфигов (  0.0% от clean)
2026-07-01 03:01:13,586 | INFO     |     • vless       :  1080 конфигов ( 17.6% от clean)
2026-07-01 03:01:13,586 | INFO     |     • vmess       :    37 конфигов (  1.1% от clean)
2026-07-01 03:01:13,586 | INFO     | 
2026-07-01 03:01:13,586 | INFO     |   ──────────────────────────────────────────────────
2026-07-01 03:01:13,586 | INFO     |   📈 ИТОГО:
2026-07-01 03:01:13,586 | INFO     |     Clean (после geo-фильтра):    13750
2026-07-01 03:01:13,587 | INFO     |     RU-SNI (после SNI-фильтра):    1158
2026-07-01 03:01:13,587 | INFO     |     Прошло фильтр:                  8.4%
2026-07-01 03:01:13,587 | INFO     |   ──────────────────────────────────────────────────
2026-07-01 03:01:13,587 | INFO     | ✅ Статистика сохранена: /home/runner/work/vpn-vless-configs-russia/vpn-vless-configs-russia/stats.json
2026-07-01 03:01:13,587 | INFO     | 
2026-07-01 03:01:13,587 | INFO     | ======================================================================
2026-07-01 03:01:13,587 | INFO     | 📊 ИТОГОВЫЙ ОТЧЁТ
2026-07-01 03:01:13,587 | INFO     | ======================================================================
2026-07-01 03:01:13,587 | INFO     |   ✅ OK         | Загрузка и geo-фильтрация
2026-07-01 03:01:13,587 | INFO     |   ✅ OK         | Фильтрация по реальному SNI
2026-07-01 03:01:13,587 | INFO     |   ✅ OK         | Экспериментальный RU-SNI фильтр
2026-07-01 03:01:13,587 | INFO     |   ✅ OK         | Сбор статистики
2026-07-01 03:01:13,588 | INFO     | ──────────────────────────────────────────────────────────────────────
2026-07-01 03:01:13,588 | INFO     | ✅ ВСЕ ЭТАПЫ УСПЕШНЫ (4/4)
2026-07-01 03:01:13,588 | INFO     | ⏰ Время завершения: 2026-07-01 03:01:13
2026-07-01 03:01:13,588 | INFO     | ======================================================================
