2026-06-11 20:20:26,176 | INFO     | ======================================================================
2026-06-11 20:20:26,176 | INFO     | 🔍 VPN KEY CHECKER - Начало проверки
2026-06-11 20:20:26,176 | INFO     | ⏰ Время старта: 2026-06-11 20:20:26
2026-06-11 20:20:26,176 | INFO     | 📂 Рабочая директория: /home/runner/work/vpn-vless-configs-russia/vpn-vless-configs-russia
2026-06-11 20:20:26,176 | INFO     | ======================================================================
2026-06-11 20:20:26,176 | INFO     | 
2026-06-11 20:20:26,176 | INFO     | 🔍 Проверка наличия скриптов...
2026-06-11 20:20:26,176 | INFO     |   ✅ mirror.py
2026-06-11 20:20:26,176 | INFO     |   ✅ filter_ru_sni.py
2026-06-11 20:20:26,176 | INFO     |   ✅ filter_ru_sni_local.py
2026-06-11 20:20:26,176 | INFO     | 
2026-06-11 20:20:26,176 | INFO     | 
2026-06-11 20:20:26,177 | INFO     | ──────────────────────────────────────────────────────────────────────
2026-06-11 20:20:26,177 | INFO     | 📌 ЭТАП: Загрузка и geo-фильтрация
2026-06-11 20:20:26,177 | INFO     | ──────────────────────────────────────────────────────────────────────
2026-06-11 20:20:26,177 | INFO     | 🚀 Запуск mirror.py (Загрузка и фильтрация по РФ/СНГ/Европа)...
2026-06-11 20:26:22,738 | INFO     |   → 🚀 Старт: всего источников (старые + новые): 1175
2026-06-11 20:26:22,738 | INFO     |   → 1/1175: ✅ 13 взято | 🗑️ 242 мусор
2026-06-11 20:26:22,738 | INFO     |   → 2/1175: ✅ 0 взято | 🗑️ 0 мусор
2026-06-11 20:26:22,738 | INFO     |   → 3/1175 ❌ HTTP 404 — https://bitbucket.org/huwo1/proxy_nodes/raw/f31ca9ec67b84071515729ff45b011b6b09c10f2/clash.yaml
2026-06-11 20:26:22,738 | INFO     |   → 4/1175 ❌ HTTP 404 — https://cdn.jsdelivr.net/gh/cry0ice/genode@main/public/all.txt
2026-06-11 20:26:22,739 | INFO     |   → 5/1175 ❌ HTTP 404 — https://cdn.jsdelivr.net/gh/cry0ice/genode@main/public/ss.txt
2026-06-11 20:26:22,739 | INFO     |   → 6/1175 ❌ HTTP 404 — https://cdn.jsdelivr.net/gh/cry0ice/genode@main/public/ssr.txt
2026-06-11 20:26:22,739 | INFO     |   → 7/1175 ❌ HTTP 404 — https://cdn.jsdelivr.net/gh/cry0ice/genode@main/public/trojan.txt
2026-06-11 20:26:22,739 | INFO     |   → 8/1175 ❌ HTTP 404 — https://cdn.jsdelivr.net/gh/cry0ice/genode@main/public/vless.txt
2026-06-11 20:26:22,739 | INFO     |   → 9/1175 ❌ HTTP 404 — https://cdn.jsdelivr.net/gh/cry0ice/genode@main/public/vmess.txt
2026-06-11 20:26:22,739 | INFO     |   → 10/1175: ✅ 0 взято | 🗑️ 0 мусор
2026-06-11 20:26:22,739 | INFO     |   → 11/1175: ✅ 0 взято | 🗑️ 0 мусор
2026-06-11 20:26:22,739 | INFO     |   → 12/1175: ✅ 0 взято | 🗑️ 0 мусор
2026-06-11 20:26:22,739 | INFO     |   → 13/1175: ✅ 0 взято | 🗑️ 0 мусор
2026-06-11 20:26:22,739 | INFO     |   → 14/1175: ✅ 0 взято | 🗑️ 0 мусор
2026-06-11 20:26:22,739 | INFO     |   → 15/1175: ✅ 0 взято | 🗑️ 0 мусор
2026-06-11 20:26:22,739 | INFO     |   → 16/1175: ✅ 0 взято | 🗑️ 0 мусор
2026-06-11 20:26:22,739 | INFO     |   → 17/1175: ✅ 0 взято | 🗑️ 0 мусор
2026-06-11 20:26:22,739 | INFO     |   → 18/1175: ✅ 0 взято | 🗑️ 0 мусор
2026-06-11 20:26:22,739 | INFO     |   → 19/1175: ✅ 0 взято | 🗑️ 0 мусор
2026-06-11 20:26:22,739 | INFO     |   → 20/1175: ✅ 0 взято | 🗑️ 0 мусор
2026-06-11 20:26:22,739 | INFO     |   → 21/1175: ✅ 0 взято | 🗑️ 0 мусор
2026-06-11 20:26:22,739 | INFO     |   → 22/1175: ✅ 0 взято | 🗑️ 0 мусор
2026-06-11 20:26:22,739 | INFO     |   → 23/1175: ✅ 0 взято | 🗑️ 0 мусор
2026-06-11 20:26:22,739 | INFO     |   → 24/1175: ✅ 0 взято | 🗑️ 0 мусор
2026-06-11 20:26:22,739 | INFO     |   → 25/1175: ✅ 0 взято | 🗑️ 0 мусор
2026-06-11 20:26:22,739 | INFO     |   → 26/1175: ✅ 0 взято | 🗑️ 0 мусор
2026-06-11 20:26:22,739 | INFO     |   → 27/1175: ✅ 0 взято | 🗑️ 0 мусор
2026-06-11 20:26:22,740 | INFO     |   → 28/1175: ✅ 0 взято | 🗑️ 0 мусор
2026-06-11 20:26:22,740 | INFO     |   → 29/1175: ✅ 0 взято | 🗑️ 0 мусор
2026-06-11 20:26:22,740 | INFO     |   → 30/1175: ✅ 0 взято | 🗑️ 0 мусор
2026-06-11 20:26:22,740 | INFO     |   → 31/1175: ✅ 0 взято | 🗑️ 0 мусор
2026-06-11 20:26:22,740 | INFO     |   → 32/1175: ✅ 0 взято | 🗑️ 0 мусор
2026-06-11 20:26:22,740 | INFO     |   → 33/1175: ✅ 0 взято | 🗑️ 0 мусор
2026-06-11 20:26:22,740 | INFO     |   → 34/1175: ✅ 0 взято | 🗑️ 0 мусор
2026-06-11 20:26:22,740 | INFO     |   → 35/1175: ✅ 0 взято | 🗑️ 0 мусор
2026-06-11 20:26:22,740 | INFO     |   → 36/1175: ✅ 0 взято | 🗑️ 0 мусор
2026-06-11 20:26:22,740 | INFO     |   → 37/1175: ✅ 0 взято | 🗑️ 0 мусор
2026-06-11 20:26:22,740 | INFO     |   → 38/1175: ✅ 0 взято | 🗑️ 0 мусор
2026-06-11 20:26:22,740 | INFO     |   → 39/1175: ✅ 0 взято | 🗑️ 0 мусор
2026-06-11 20:26:22,740 | INFO     |   → 40/1175: ✅ 0 взято | 🗑️ 0 мусор
2026-06-11 20:26:22,740 | INFO     |   → 41/1175: ✅ 0 взято | 🗑️ 0 мусор
2026-06-11 20:26:22,740 | INFO     |   → 42/1175: ✅ 0 взято | 🗑️ 0 мусор
2026-06-11 20:26:22,740 | INFO     |   → 43/1175: ✅ 0 взято | 🗑️ 0 мусор
2026-06-11 20:26:22,740 | INFO     |   → 44/1175: ✅ 0 взято | 🗑️ 0 мусор
2026-06-11 20:26:22,740 | INFO     |   → 45/1175: ✅ 0 взято | 🗑️ 0 мусор
2026-06-11 20:26:22,740 | INFO     |   → 46/1175: ✅ 0 взято | 🗑️ 0 мусор
2026-06-11 20:26:22,740 | INFO     |   → 47/1175: ✅ 0 взято | 🗑️ 0 мусор
2026-06-11 20:26:22,740 | INFO     |   → 48/1175: ✅ 0 взято | 🗑️ 0 мусор
2026-06-11 20:26:22,741 | INFO     |   → 49/1175: ✅ 0 взято | 🗑️ 0 мусор
2026-06-11 20:26:22,741 | INFO     |   → 50/1175: ✅ 0 взято | 🗑️ 0 мусор
2026-06-11 20:26:22,741 | INFO     |   → 51/1175: ✅ 0 взято | 🗑️ 0 мусор
2026-06-11 20:26:22,741 | INFO     |   → 52/1175: ✅ 0 взято | 🗑️ 0 мусор
2026-06-11 20:26:22,741 | INFO     |   → 53/1175: ✅ 0 взято | 🗑️ 0 мусор
2026-06-11 20:26:22,741 | INFO     |   → 54/1175: ✅ 0 взято | 🗑️ 0 мусор
2026-06-11 20:26:22,741 | INFO     |   → 55/1175: ✅ 0 взято | 🗑️ 0 мусор
2026-06-11 20:26:22,741 | INFO     |   → 56/1175: ✅ 0 взято | 🗑️ 0 мусор
2026-06-11 20:26:22,741 | INFO     |   → 57/1175: ✅ 0 взято | 🗑️ 0 мусор
2026-06-11 20:26:22,741 | INFO     |   → 58/1175: ✅ 0 взято | 🗑️ 0 мусор
2026-06-11 20:26:22,741 | INFO     |   → 59/1175: ✅ 0 взято | 🗑️ 0 мусор
2026-06-11 20:26:22,741 | INFO     |   → 60/1175: ✅ 0 взято | 🗑️ 0 мусор
2026-06-11 20:26:22,741 | INFO     |   → 61/1175: ✅ 0 взято | 🗑️ 0 мусор
2026-06-11 20:26:22,741 | INFO     |   → 62/1175: ✅ 0 взято | 🗑️ 0 мусор
2026-06-11 20:26:22,741 | INFO     |   → 63/1175: ✅ 0 взято | 🗑️ 0 мусор
2026-06-11 20:26:22,741 | INFO     |   → 64/1175: ✅ 0 взято | 🗑️ 0 мусор
2026-06-11 20:26:22,741 | INFO     |   → 65/1175: ✅ 0 взято | 🗑️ 0 мусор
2026-06-11 20:26:22,741 | INFO     |   → 66/1175: ✅ 0 взято | 🗑️ 0 мусор
2026-06-11 20:26:22,741 | INFO     |   → 67/1175: ✅ 0 взято | 🗑️ 0 мусор
2026-06-11 20:26:22,741 | INFO     |   → 68/1175: ✅ 0 взято | 🗑️ 0 мусор
2026-06-11 20:26:22,741 | INFO     |   → 69/1175: ✅ 0 взято | 🗑️ 0 мусор
2026-06-11 20:26:22,741 | INFO     |   → 70/1175: ✅ 0 взято | 🗑️ 0 мусор
2026-06-11 20:26:22,742 | INFO     |   → 71/1175: ✅ 0 взято | 🗑️ 0 мусор
2026-06-11 20:26:22,742 | INFO     |   → 72/1175: ✅ 0 взято | 🗑️ 0 мусор
2026-06-11 20:26:22,742 | INFO     |   → 73/1175: ✅ 0 взято | 🗑️ 0 мусор
2026-06-11 20:26:22,742 | INFO     |   → 74/1175: ✅ 0 взято | 🗑️ 0 мусор
2026-06-11 20:26:22,742 | INFO     |   → 75/1175: ✅ 0 взято | 🗑️ 0 мусор
2026-06-11 20:26:22,742 | INFO     |   → 76/1175: ✅ 0 взято | 🗑️ 0 мусор
2026-06-11 20:26:22,742 | INFO     |   → 77/1175: ✅ 0 взято | 🗑️ 0 мусор
2026-06-11 20:26:22,742 | INFO     |   → 78/1175: ✅ 0 взято | 🗑️ 0 мусор
2026-06-11 20:26:22,742 | INFO     |   → 79/1175: ✅ 0 взято | 🗑️ 0 мусор
2026-06-11 20:26:22,742 | INFO     |   → 80/1175: ✅ 0 взято | 🗑️ 0 мусор
2026-06-11 20:26:22,742 | INFO     |   → 81/1175: ✅ 0 взято | 🗑️ 0 мусор
2026-06-11 20:26:22,742 | INFO     |   → 82/1175: ✅ 0 взято | 🗑️ 0 мусор
2026-06-11 20:26:22,742 | INFO     |   → 83/1175: ✅ 0 взято | 🗑️ 0 мусор
2026-06-11 20:26:22,742 | INFO     |   → 84/1175: ✅ 0 взято | 🗑️ 0 мусор
2026-06-11 20:26:22,742 | INFO     |   → 85/1175: ✅ 0 взято | 🗑️ 0 мусор
2026-06-11 20:26:22,742 | INFO     |   → 86/1175: ✅ 0 взято | 🗑️ 0 мусор
2026-06-11 20:26:22,742 | INFO     |   → 87/1175: ✅ 0 взято | 🗑️ 0 мусор
2026-06-11 20:26:22,742 | INFO     |   → 88/1175: ✅ 0 взято | 🗑️ 0 мусор
2026-06-11 20:26:22,742 | INFO     |   → 89/1175: ✅ 0 взято | 🗑️ 0 мусор
2026-06-11 20:26:22,742 | INFO     |   → 90/1175: ✅ 0 взято | 🗑️ 0 мусор
2026-06-11 20:26:22,742 | INFO     |   → 91/1175: ✅ 0 взято | 🗑️ 0 мусор
2026-06-11 20:26:22,742 | INFO     |   → 92/1175: ✅ 0 взято | 🗑️ 0 мусор
2026-06-11 20:26:22,742 | INFO     |   → 93/1175: ✅ 0 взято | 🗑️ 0 мусор
2026-06-11 20:26:22,743 | INFO     |   → 94/1175: ✅ 0 взято | 🗑️ 0 мусор
2026-06-11 20:26:22,743 | INFO     |   → 95/1175: ✅ 0 взято | 🗑️ 0 мусор
2026-06-11 20:26:22,743 | INFO     |   → 96/1175: ✅ 0 взято | 🗑️ 0 мусор
2026-06-11 20:26:22,743 | INFO     |   → 97/1175: ✅ 0 взято | 🗑️ 0 мусор
2026-06-11 20:26:22,743 | INFO     |   → 98/1175: ✅ 0 взято | 🗑️ 0 мусор
2026-06-11 20:26:22,743 | INFO     |   → 99/1175: ✅ 0 взято | 🗑️ 0 мусор
2026-06-11 20:26:22,743 | INFO     |   → 100/1175: ✅ 0 взято | 🗑️ 0 мусор
2026-06-11 20:26:22,743 | INFO     |   → 101/1175: ✅ 0 взято | 🗑️ 0 мусор
2026-06-11 20:26:22,743 | INFO     |   → 102/1175: ✅ 0 взято | 🗑️ 0 мусор
2026-06-11 20:26:22,743 | INFO     |   → 103/1175: ✅ 0 взято | 🗑️ 0 мусор
2026-06-11 20:26:22,743 | INFO     |   → 104/1175: ✅ 0 взято | 🗑️ 0 мусор
2026-06-11 20:26:22,743 | INFO     |   → 105/1175: ✅ 0 взято | 🗑️ 0 мусор
2026-06-11 20:26:22,743 | INFO     |   → 106/1175: ✅ 0 взято | 🗑️ 0 мусор
2026-06-11 20:26:22,743 | INFO     |   → 107/1175: ✅ 0 взято | 🗑️ 0 мусор
2026-06-11 20:26:22,743 | INFO     |   → 108/1175: ✅ 0 взято | 🗑️ 0 мусор
2026-06-11 20:26:22,743 | INFO     |   → 109/1175: ✅ 0 взято | 🗑️ 0 мусор
2026-06-11 20:26:22,743 | INFO     |   → 110/1175: ✅ 0 взято | 🗑️ 0 мусор
2026-06-11 20:26:22,743 | INFO     |   → 111/1175: ✅ 0 взято | 🗑️ 0 мусор
2026-06-11 20:26:22,743 | INFO     |   → 112/1175: ✅ 0 взято | 🗑️ 0 мусор
2026-06-11 20:26:22,743 | INFO     |   → 113/1175: ✅ 0 взято | 🗑️ 0 мусор
2026-06-11 20:26:22,743 | INFO     |   → 114/1175: ✅ 0 взято | 🗑️ 0 мусор
2026-06-11 20:26:22,743 | INFO     |   → 115/1175: ✅ 0 взято | 🗑️ 0 мусор
2026-06-11 20:26:22,743 | INFO     |   → 116/1175: ✅ 0 взято | 🗑️ 0 мусор
2026-06-11 20:26:22,744 | INFO     |   → 117/1175: ✅ 0 взято | 🗑️ 0 мусор
2026-06-11 20:26:22,744 | INFO     |   → 118/1175: ✅ 0 взято | 🗑️ 0 мусор
2026-06-11 20:26:22,744 | INFO     |   → 119/1175: ✅ 0 взято | 🗑️ 0 мусор
2026-06-11 20:26:22,744 | INFO     |   → 120/1175: ✅ 0 взято | 🗑️ 0 мусор
2026-06-11 20:26:22,744 | INFO     |   → 121/1175: ✅ 0 взято | 🗑️ 0 мусор
2026-06-11 20:26:22,744 | INFO     |   → 122/1175: ✅ 0 взято | 🗑️ 0 мусор
2026-06-11 20:26:22,744 | INFO     |   → 123/1175: ✅ 0 взято | 🗑️ 0 мусор
2026-06-11 20:26:22,744 | INFO     |   → 124/1175: ✅ 0 взято | 🗑️ 0 мусор
2026-06-11 20:26:22,744 | INFO     |   → 125/1175: ✅ 0 взято | 🗑️ 0 мусор
2026-06-11 20:26:22,744 | INFO     |   → 126/1175: ✅ 0 взято | 🗑️ 0 мусор
2026-06-11 20:26:22,744 | INFO     |   → 127/1175: ✅ 0 взято | 🗑️ 0 мусор
2026-06-11 20:26:22,744 | INFO     |   → 128/1175: ✅ 0 взято | 🗑️ 0 мусор
2026-06-11 20:26:22,744 | INFO     |   → 129/1175: ✅ 0 взято | 🗑️ 0 мусор
2026-06-11 20:26:22,744 | INFO     |   → 130/1175: ✅ 0 взято | 🗑️ 0 мусор
2026-06-11 20:26:22,744 | INFO     |   → 131/1175: ✅ 0 взято | 🗑️ 0 мусор
2026-06-11 20:26:22,744 | INFO     |   → 132/1175: ✅ 0 взято | 🗑️ 0 мусор
2026-06-11 20:26:22,744 | INFO     |   → 133/1175: ✅ 0 взято | 🗑️ 0 мусор
2026-06-11 20:26:22,744 | INFO     |   → 134/1175 ❌ HTTP 404 — https://freessrnode.github.io/uploads/2024/08/0-20240822.txt
2026-06-11 20:26:22,744 | INFO     |   → 135/1175 ❌ HTTP 404 — https://freessrnode.github.io/uploads/2024/08/1-20240822.txt
2026-06-11 20:26:22,744 | INFO     |   → 136/1175 ❌ HTTP 404 — https://freessrnode.github.io/uploads/2024/08/2-20240822.txt
2026-06-11 20:26:22,744 | INFO     |   → 137/1175 ❌ HTTP 404 — https://freessrnode.github.io/uploads/2024/08/3-20240822.txt
2026-06-11 20:26:22,744 | INFO     |   → 138/1175 ❌ HTTP 404 — https://freessrnode.github.io/uploads/2024/08/4-20240822.txt
2026-06-11 20:26:22,744 | INFO     |   → 139/1175 ⚠️ Ошибка: HTTPSConnectionPool(host='freevpnspy.githubrowcontent.com', port=443): Max retries exceeded with url: /2024/08/20240802_novless.yaml (Caused by NameResolutionError("HTTPSConnection(host='freevpnspy.githubrowcontent.com', port=443): Failed to resolve 'freevpnspy.githubrowcontent.com' ([Errno -2] Name or service not known)")) — https://freevpnspy.githubrowcontent.com/2024/08/20240802_novless.yaml
2026-06-11 20:26:22,745 | INFO     |   → 140/1175 ⚠️ Ошибка: HTTPSConnectionPool(host='freevpnspy.githubrowcontent.com', port=443): Max retries exceeded with url: /2024/08/20240802_vless.yaml (Caused by NameResolutionError("HTTPSConnection(host='freevpnspy.githubrowcontent.com', port=443): Failed to resolve 'freevpnspy.githubrowcontent.com' ([Errno -2] Name or service not known)")) — https://freevpnspy.githubrowcontent.com/2024/08/20240802_vless.yaml
2026-06-11 20:26:22,745 | INFO     |   → 141/1175: ✅ 0 взято | 🗑️ 0 мусор
2026-06-11 20:26:22,745 | INFO     |   → 142/1175: ✅ 14 взято | 🗑️ 292 мусор
2026-06-11 20:26:22,745 | INFO     |   → 143/1175: ✅ 14 взято | 🗑️ 218 мусор
2026-06-11 20:26:22,745 | INFO     |   → 144/1175: ✅ 7 взято | 🗑️ 148 мусор
2026-06-11 20:26:22,745 | INFO     |   → 145/1175: ✅ 10 взято | 🗑️ 232 мусор
2026-06-11 20:26:22,745 | INFO     |   → 146/1175: ✅ 4 взято | 🗑️ 151 мусор
2026-06-11 20:26:22,745 | INFO     |   → 147/1175: ✅ 0 взято | 🗑️ 0 мусор
2026-06-11 20:26:22,745 | INFO     |   → 148/1175: ✅ 0 взято | 🗑️ 0 мусор
2026-06-11 20:26:22,745 | INFO     |   → 149/1175: ✅ 0 взято | 🗑️ 0 мусор
2026-06-11 20:26:22,745 | INFO     |   → 150/1175: ✅ 7 взято | 🗑️ 113 мусор
2026-06-11 20:26:22,745 | INFO     |   → 151/1175: ✅ 0 взято | 🗑️ 0 мусор
2026-06-11 20:26:22,745 | INFO     |   → 152/1175: ✅ 0 взято | 🗑️ 0 мусор
2026-06-11 20:26:22,745 | INFO     |   → 153/1175: ✅ 0 взято | 🗑️ 0 мусор
2026-06-11 20:26:22,745 | INFO     |   → 154/1175: ✅ 5 взято | 🗑️ 211 мусор
2026-06-11 20:26:22,745 | INFO     |   → 155/1175: ✅ 0 взято | 🗑️ 0 мусор
2026-06-11 20:26:22,745 | INFO     |   → 156/1175: ✅ 0 взято | 🗑️ 0 мусор
2026-06-11 20:26:22,745 | INFO     |   → 157/1175: ✅ 1 взято | 🗑️ 226 мусор
2026-06-11 20:26:22,745 | INFO     |   → 158/1175: ✅ 3 взято | 🗑️ 152 мусор
2026-06-11 20:26:22,745 | INFO     |   → 159/1175: ✅ 0 взято | 🗑️ 0 мусор
2026-06-11 20:26:22,745 | INFO     |   → 160/1175: ✅ 0 взято | 🗑️ 0 мусор
2026-06-11 20:26:22,745 | INFO     |   → 161/1175: ✅ 0 взято | 🗑️ 0 мусор
2026-06-11 20:26:22,745 | INFO     |   → 162/1175: ✅ 0 взято | 🗑️ 300 мусор
2026-06-11 20:26:22,745 | INFO     |   → 163/1175: ✅ 0 взято | 🗑️ 0 мусор
2026-06-11 20:26:22,745 | INFO     |   → 164/1175: ✅ 0 взято | 🗑️ 142 мусор
2026-06-11 20:26:22,745 | INFO     |   → 165/1175: ✅ 2 взято | 🗑️ 124 мусор
2026-06-11 20:26:22,745 | INFO     |   → 166/1175: ✅ 0 взято | 🗑️ 0 мусор
2026-06-11 20:26:22,745 | INFO     |   → 167/1175: ✅ 1 взято | 🗑️ 104 мусор
2026-06-11 20:26:22,745 | INFO     |   → 168/1175: ✅ 0 взято | 🗑️ 193 мусор
2026-06-11 20:26:22,745 | INFO     |   → 169/1175: ✅ 2 взято | 🗑️ 115 мусор
2026-06-11 20:26:22,745 | INFO     |   → 170/1175: ✅ 7 взято | 🗑️ 179 мусор
2026-06-11 20:26:22,745 | INFO     |   → 171/1175: ✅ 0 взято | 🗑️ 0 мусор
2026-06-11 20:26:22,745 | INFO     |   → 172/1175: ✅ 0 взято | 🗑️ 0 мусор
2026-06-11 20:26:22,745 | INFO     |   → 173/1175: ✅ 0 взято | 🗑️ 125 мусор
2026-06-11 20:26:22,745 | INFO     |   → 174/1175: ✅ 0 взято | 🗑️ 296 мусор
2026-06-11 20:26:22,746 | INFO     |   → 175/1175: ✅ 1 взято | 🗑️ 279 мусор
2026-06-11 20:26:22,746 | INFO     |   → 176/1175: ✅ 0 взято | 🗑️ 130 мусор
2026-06-11 20:26:22,746 | INFO     |   → 177/1175: ✅ 2 взято | 🗑️ 105 мусор
2026-06-11 20:26:22,746 | INFO     |   → 178/1175: ✅ 0 взято | 🗑️ 0 мусор
2026-06-11 20:26:22,746 | INFO     |   → 179/1175: ✅ 3 взято | 🗑️ 268 мусор
2026-06-11 20:26:22,746 | INFO     |   → 180/1175: ✅ 0 взято | 🗑️ 248 мусор
2026-06-11 20:26:22,746 | INFO     |   → 181/1175: ✅ 0 взято | 🗑️ 0 мусор
2026-06-11 20:26:22,746 | INFO     |   → 182/1175: ✅ 1 взято | 🗑️ 139 мусор
2026-06-11 20:26:22,746 | INFO     |   → 183/1175: ✅ 1 взято | 🗑️ 109 мусор
2026-06-11 20:26:22,746 | INFO     |   → 184/1175: ✅ 0 взято | 🗑️ 0 мусор
2026-06-11 20:26:22,746 | INFO     |   → 185/1175: ✅ 0 взято | 🗑️ 0 мусор
2026-06-11 20:26:22,746 | INFO     |   → 186/1175: ✅ 0 взято | 🗑️ 0 мусор
2026-06-11 20:26:22,746 | INFO     |   → 187/1175: ✅ 0 взято | 🗑️ 0 мусор
2026-06-11 20:26:22,746 | INFO     |   → 188/1175: ✅ 0 взято | 🗑️ 198 мусор
2026-06-11 20:26:22,746 | INFO     |   → 189/1175: ✅ 0 взято | 🗑️ 0 мусор
2026-06-11 20:26:22,746 | INFO     |   → 190/1175: ✅ 0 взято | 🗑️ 0 мусор
2026-06-11 20:26:22,746 | INFO     |   → 191/1175: ✅ 0 взято | 🗑️ 0 мусор
2026-06-11 20:26:22,746 | INFO     |   → 192/1175: ✅ 0 взято | 🗑️ 0 мусор
2026-06-11 20:26:22,746 | INFO     |   → 193/1175 ❌ HTTP 404 — https://github.com/Epodonios/bulk-xray-v2ray-vless-vmess-...-configs/raw/main/sub/Albania/config.txt
2026-06-11 20:26:22,746 | INFO     |   → 194/1175 ❌ HTTP 404 — https://github.com/Epodonios/bulk-xray-v2ray-vless-vmess-...-configs/raw/main/sub/Cura%C3%A7ao/config.txt
2026-06-11 20:26:22,746 | INFO     |   → 195/1175 ❌ HTTP 404 — https://github.com/Epodonios/bulk-xray-v2ray-vless-vmess-...-configs/raw/main/sub/Finland/config.txt
2026-06-11 20:26:22,746 | INFO     |   → 196/1175 ❌ HTTP 404 — https://github.com/Epodonios/bulk-xray-v2ray-vless-vmess-...-configs/raw/main/sub/Iran/config.txt
2026-06-11 20:26:22,747 | INFO     |   → 197/1175 ❌ HTTP 404 — https://github.com/Epodonios/bulk-xray-v2ray-vless-vmess-...-configs/raw/main/sub/Netherlands/config.txt
2026-06-11 20:26:22,747 | INFO     |   → 198/1175 ❌ HTTP 404 — https://github.com/Epodonios/bulk-xray-v2ray-vless-vmess-...-configs/raw/main/sub/Norway/config.txt
2026-06-11 20:26:22,747 | INFO     |   → 199/1175 ⚠️ Ошибка: HTTPSConnectionPool(host='github.com', port=443): Read timed out. (read timeout=15) — https://github.com/Epodonios/bulk-xray-v2ray-vless-vmess-...-configs/raw/main/sub/Russia/config.txt
2026-06-11 20:26:22,747 | INFO     |   → 200/1175: ✅ 13 взято | 🗑️ 70 мусор
2026-06-11 20:26:22,747 | INFO     |   → 201/1175: ✅ 0 взято | 🗑️ 4 мусор
2026-06-11 20:26:22,747 | INFO     |   → 202/1175: ✅ 0 взято | 🗑️ 7 мусор
2026-06-11 20:26:22,747 | INFO     |   → 203/1175: ✅ 0 взято | 🗑️ 51 мусор
2026-06-11 20:26:22,747 | INFO     |   → 204/1175: ✅ 0 взято | 🗑️ 8 мусор
2026-06-11 20:26:22,747 | INFO     |   → 205/1175: ✅ 0 взято | 🗑️ 0 мусор
2026-06-11 20:26:22,747 | INFO     |   → 206/1175: ✅ 17 взято | 🗑️ 119 мусор
2026-06-11 20:26:22,747 | INFO     |   → 207/1175 ❌ HTTP 404 — https://github.com/MrMohebi/xray-proxy-grabber-telegram/raw/master/collected-proxies/clash-meta/all.yaml
2026-06-11 20:26:22,747 | INFO     |   → 208/1175 ❌ HTTP 404 — https://github.com/MrMohebi/xray-proxy-grabber-telegram/raw/master/collected-proxies/row-url/all.txt
2026-06-11 20:26:22,747 | INFO     |   → 209/1175: ✅ 0 взято | 🗑️ 0 мусор
2026-06-11 20:26:22,747 | INFO     |   → 210/1175: ✅ 0 взято | 🗑️ 113 мусор
2026-06-11 20:26:22,747 | INFO     |   → 211/1175: ✅ 0 взято | 🗑️ 119 мусор
2026-06-11 20:26:22,747 | INFO     |   → 212/1175 ❌ HTTP 404 — https://github.com/abbasdvd3/abbasdvd10/73ec60de7a6c6aa6df4c14b511c1da60686891ca/ppo.txt
2026-06-11 20:26:22,747 | INFO     |   → 213/1175 ❌ HTTP 404 — https://github.com/acymz/AutoVPN/refs/heads/main/data/V2.txt
2026-06-11 20:26:22,747 | INFO     |   → 214/1175: ✅ 0 взято | 🗑️ 0 мусор
2026-06-11 20:26:22,748 | INFO     |   → 215/1175: ✅ 0 взято | 🗑️ 0 мусор
2026-06-11 20:26:22,748 | INFO     |   → 216/1175: ✅ 0 взято | 🗑️ 0 мусор
2026-06-11 20:26:22,748 | INFO     |   → 217/1175 ⚠️ Ошибка: HTTPSConnectionPool(host='github.com', port=443): Read timed out. (read timeout=15) — https://github.com/barry-far/V2ray-Configs/raw/main/Splitted-By-Protocol/tuic.txt
2026-06-11 20:26:22,748 | INFO     |   → 218/1175: ✅ 0 взято | 🗑️ 0 мусор
2026-06-11 20:26:22,748 | INFO     |   → 219/1175: ✅ 0 взято | 🗑️ 0 мусор
2026-06-11 20:26:22,748 | INFO     |   → 220/1175: ✅ 0 взято | 🗑️ 0 мусор
2026-06-11 20:26:22,748 | INFO     |   → 221/1175 ❌ HTTP 404 — https://github.com/mermeroo/V2RAY-FREE/raw/main/All_Configs_base64_Sub.txt
2026-06-11 20:26:22,748 | INFO     |   → 222/1175 ❌ HTTP 404 — https://github.com/mermeroo/V2RAY-FREE/raw/main/Base64/Sub1_base64.txt
2026-06-11 20:26:22,748 | INFO     |   → 223/1175 ❌ HTTP 404 — https://github.com/mermeroo/V2RAY-FREE/raw/main/Base64/Sub2_base64.txt
2026-06-11 20:26:22,748 | INFO     |   → 224/1175 ❌ HTTP 404 — https://github.com/mermeroo/V2RAY-FREE/raw/main/Base64/Sub3_base64.txt
2026-06-11 20:26:22,748 | INFO     |   → 225/1175 ❌ HTTP 404 — https://github.com/mermeroo/V2RAY-FREE/raw/main/Base64/Sub4_base64.txt
2026-06-11 20:26:22,748 | INFO     |   → 226/1175 ❌ HTTP 404 — https://github.com/mermeroo/V2RAY-FREE/raw/main/Base64/Sub5_base64.txt
2026-06-11 20:26:22,748 | INFO     |   → 227/1175 ❌ HTTP 404 — https://github.com/mermeroo/telegram-configs-collector/raw/main/protocols/hysteria
2026-06-11 20:26:22,748 | INFO     |   → 228/1175 ❌ HTTP 404 — https://github.com/mermeroo/telegram-configs-collector/raw/main/protocols/juicity
2026-06-11 20:26:22,748 | INFO     |   → 229/1175 ❌ HTTP 404 — https://github.com/mermeroo/telegram-configs-collector/raw/main/protocols/tuic
2026-06-11 20:26:22,748 | INFO     |   → 230/1175: ✅ 5 взято | 🗑️ 16 мусор
2026-06-11 20:26:22,748 | INFO     |   → 231/1175: ✅ 0 взято | 🗑️ 0 мусор
2026-06-11 20:26:22,748 | INFO     |   → 232/1175: ✅ 0 взято | 🗑️ 0 мусор
2026-06-11 20:26:22,748 | INFO     |   → 233/1175: ✅ 0 взято | 🗑️ 0 мусор
2026-06-11 20:26:22,748 | INFO     |   → 234/1175: ✅ 3 взято | 🗑️ 238 мусор
2026-06-11 20:26:22,748 | INFO     |   → 235/1175: ✅ 0 взято | 🗑️ 0 мусор
2026-06-11 20:26:22,749 | INFO     |   → 236/1175: ✅ 3 взято | 🗑️ 239 мусор
2026-06-11 20:26:22,749 | INFO     |   → 237/1175: ✅ 0 взято | 🗑️ 0 мусор
2026-06-11 20:26:22,749 | INFO     |   → 238/1175: ✅ 0 взято | 🗑️ 255 мусор
2026-06-11 20:26:22,749 | INFO     |   → 239/1175: ✅ 0 взято | 🗑️ 0 мусор
2026-06-11 20:26:22,749 | INFO     |   → 240/1175: ✅ 1 взято | 🗑️ 249 мусор
2026-06-11 20:26:22,749 | INFO     |   → 241/1175: ✅ 0 взято | 🗑️ 0 мусор
2026-06-11 20:26:22,749 | INFO     |   → 242/1175: ✅ 0 взято | 🗑️ 207 мусор
2026-06-11 20:26:22,749 | INFO     |   → 243/1175: ✅ 0 взято | 🗑️ 0 мусор
2026-06-11 20:26:22,749 | INFO     |   → 244/1175: ✅ 0 взято | 🗑️ 228 мусор
2026-06-11 20:26:22,749 | INFO     |   → 245/1175: ✅ 0 взято | 🗑️ 0 мусор
2026-06-11 20:26:22,749 | INFO     |   → 246/1175: ✅ 1 взято | 🗑️ 291 мусор
2026-06-11 20:26:22,749 | INFO     |   → 247/1175: ✅ 0 взято | 🗑️ 0 мусор
2026-06-11 20:26:22,749 | INFO     |   → 248/1175: ✅ 3 взято | 🗑️ 221 мусор
2026-06-11 20:26:22,749 | INFO     |   → 249/1175: ✅ 0 взято | 🗑️ 0 мусор
2026-06-11 20:26:22,749 | INFO     |   → 250/1175: ✅ 1 взято | 🗑️ 222 мусор
2026-06-11 20:26:22,749 | INFO     |   → 251/1175: ✅ 0 взято | 🗑️ 0 мусор
2026-06-11 20:26:22,749 | INFO     |   → 252/1175: ✅ 1 взято | 🗑️ 218 мусор
2026-06-11 20:26:22,749 | INFO     |   → 253/1175: ✅ 0 взято | 🗑️ 0 мусор
2026-06-11 20:26:22,749 | INFO     |   → 254/1175: ✅ 0 взято | 🗑️ 193 мусор
2026-06-11 20:26:22,749 | INFO     |   → 255/1175: ✅ 0 взято | 🗑️ 0 мусор
2026-06-11 20:26:22,749 | INFO     |   → 256/1175: ✅ 0 взято | 🗑️ 290 мусор
2026-06-11 20:26:22,749 | INFO     |   → 257/1175: ✅ 0 взято | 🗑️ 0 мусор
2026-06-11 20:26:22,749 | INFO     |   → 258/1175: ✅ 0 взято | 🗑️ 238 мусор
2026-06-11 20:26:22,749 | INFO     |   → 259/1175: ✅ 0 взято | 🗑️ 0 мусор
2026-06-11 20:26:22,749 | INFO     |   → 260/1175: ✅ 0 взято | 🗑️ 221 мусор
2026-06-11 20:26:22,749 | INFO     |   → 261/1175: ✅ 0 взято | 🗑️ 0 мусор
2026-06-11 20:26:22,749 | INFO     |   → 262/1175: ✅ 0 взято | 🗑️ 248 мусор
2026-06-11 20:26:22,750 | INFO     |   → 263/1175: ✅ 0 взято | 🗑️ 0 мусор
2026-06-11 20:26:22,750 | INFO     |   → 264/1175: ✅ 0 взято | 🗑️ 203 мусор
2026-06-11 20:26:22,750 | INFO     |   → 265/1175: ✅ 0 взято | 🗑️ 0 мусор
2026-06-11 20:26:22,750 | INFO     |   → 266/1175: ✅ 0 взято | 🗑️ 208 мусор
2026-06-11 20:26:22,750 | INFO     |   → 267/1175: ✅ 0 взято | 🗑️ 0 мусор
2026-06-11 20:26:22,750 | INFO     |   → 268/1175: ✅ 2 взято | 🗑️ 209 мусор
2026-06-11 20:26:22,750 | INFO     |   → 269/1175: ✅ 0 взято | 🗑️ 0 мусор
2026-06-11 20:26:22,750 | INFO     |   → 270/1175: ✅ 0 взято | 🗑️ 258 мусор
2026-06-11 20:26:22,750 | INFO     |   → 271/1175: ✅ 0 взято | 🗑️ 0 мусор
2026-06-11 20:26:22,750 | INFO     |   → 272/1175: ✅ 0 взято | 🗑️ 296 мусор
2026-06-11 20:26:22,750 | INFO     |   → 273/1175: ✅ 0 взято | 🗑️ 0 мусор
2026-06-11 20:26:22,750 | INFO     |   → 274/1175: ✅ 1 взято | 🗑️ 286 мусор
2026-06-11 20:26:22,750 | INFO     |   → 275/1175: ✅ 0 взято | 🗑️ 0 мусор
2026-06-11 20:26:22,750 | INFO     |   → 276/1175: ✅ 0 взято | 🗑️ 195 мусор
2026-06-11 20:26:22,750 | INFO     |   → 277/1175: ✅ 0 взято | 🗑️ 0 мусор
2026-06-11 20:26:22,750 | INFO     |   → 278/1175: ✅ 0 взято | 🗑️ 170 мусор
2026-06-11 20:26:22,750 | INFO     |   → 279/1175: ✅ 0 взято | 🗑️ 0 мусор
2026-06-11 20:26:22,750 | INFO     |   → 280/1175: ✅ 0 взято | 🗑️ 160 мусор
2026-06-11 20:26:22,750 | INFO     |   → 281/1175: ✅ 0 взято | 🗑️ 0 мусор
2026-06-11 20:26:22,750 | INFO     |   → 282/1175: ✅ 0 взято | 🗑️ 121 мусор
2026-06-11 20:26:22,750 | INFO     |   → 283/1175: ✅ 0 взято | 🗑️ 0 мусор
2026-06-11 20:26:22,750 | INFO     |   → 284/1175: ✅ 0 взято | 🗑️ 135 мусор
2026-06-11 20:26:22,750 | INFO     |   → 285/1175: ✅ 0 взято | 🗑️ 0 мусор
2026-06-11 20:26:22,750 | INFO     |   → 286/1175: ✅ 1 взято | 🗑️ 129 мусор
2026-06-11 20:26:22,750 | INFO     |   → 287/1175: ✅ 0 взято | 🗑️ 0 мусор
2026-06-11 20:26:22,750 | INFO     |   → 288/1175: ✅ 0 взято | 🗑️ 189 мусор
2026-06-11 20:26:22,750 | INFO     |   → 289/1175: ✅ 0 взято | 🗑️ 0 мусор
2026-06-11 20:26:22,750 | INFO     |   → 290/1175: ✅ 3 взято | 🗑️ 147 мусор
2026-06-11 20:26:22,750 | INFO     |   → 291/1175: ✅ 0 взято | 🗑️ 0 мусор
2026-06-11 20:26:22,750 | INFO     |   → 292/1175: ✅ 1 взято | 🗑️ 183 мусор
2026-06-11 20:26:22,750 | INFO     |   → 293/1175: ✅ 0 взято | 🗑️ 0 мусор
2026-06-11 20:26:22,750 | INFO     |   → 294/1175: ✅ 0 взято | 🗑️ 155 мусор
2026-06-11 20:26:22,750 | INFO     |   → 295/1175: ✅ 0 взято | 🗑️ 0 мусор
2026-06-11 20:26:22,750 | INFO     |   → 296/1175: ✅ 0 взято | 🗑️ 114 мусор
2026-06-11 20:26:22,750 | INFO     |   → 297/1175: ✅ 0 взято | 🗑️ 0 мусор
2026-06-11 20:26:22,750 | INFO     |   → 298/1175: ✅ 0 взято | 🗑️ 239 мусор
2026-06-11 20:26:22,751 | INFO     |   → 299/1175: ✅ 0 взято | 🗑️ 0 мусор
2026-06-11 20:26:22,751 | INFO     |   → 300/1175: ✅ 0 взято | 🗑️ 204 мусор
2026-06-11 20:26:22,751 | INFO     |   → 301/1175: ✅ 0 взято | 🗑️ 0 мусор
2026-06-11 20:26:22,751 | INFO     |   → 302/1175: ✅ 0 взято | 🗑️ 232 мусор
2026-06-11 20:26:22,751 | INFO     |   → 303/1175: ✅ 0 взято | 🗑️ 0 мусор
2026-06-11 20:26:22,751 | INFO     |   → 304/1175: ✅ 0 взято | 🗑️ 192 мусор
2026-06-11 20:26:22,751 | INFO     |   → 305/1175: ✅ 0 взято | 🗑️ 0 мусор
2026-06-11 20:26:22,751 | INFO     |   → 306/1175: ✅ 0 взято | 🗑️ 183 мусор
2026-06-11 20:26:22,751 | INFO     |   → 307/1175: ✅ 0 взято | 🗑️ 0 мусор
2026-06-11 20:26:22,751 | INFO     |   → 308/1175: ✅ 0 взято | 🗑️ 169 мусор
2026-06-11 20:26:22,751 | INFO     |   → 309/1175: ✅ 0 взято | 🗑️ 0 мусор
2026-06-11 20:26:22,751 | INFO     |   → 310/1175: ✅ 0 взято | 🗑️ 167 мусор
2026-06-11 20:26:22,751 | INFO     |   → 311/1175: ✅ 0 взято | 🗑️ 0 мусор
2026-06-11 20:26:22,751 | INFO     |   → 312/1175: ✅ 0 взято | 🗑️ 193 мусор
2026-06-11 20:26:22,751 | INFO     |   → 313/1175: ✅ 0 взято | 🗑️ 0 мусор
2026-06-11 20:26:22,751 | INFO     |   → 314/1175: ✅ 1 взято | 🗑️ 161 мусор
2026-06-11 20:26:22,751 | INFO     |   → 315/1175: ✅ 0 взято | 🗑️ 0 мусор
2026-06-11 20:26:22,751 | INFO     |   → 316/1175: ✅ 0 взято | 🗑️ 171 мусор
2026-06-11 20:26:22,751 | INFO     |   → 317/1175: ✅ 0 взято | 🗑️ 0 мусор
2026-06-11 20:26:22,751 | INFO     |   → 318/1175: ✅ 0 взято | 🗑️ 174 мусор
2026-06-11 20:26:22,751 | INFO     |   → 319/1175: ✅ 0 взято | 🗑️ 0 мусор
2026-06-11 20:26:22,751 | INFO     |   → 320/1175: ✅ 0 взято | 🗑️ 206 мусор
2026-06-11 20:26:22,751 | INFO     |   → 321/1175: ✅ 0 взято | 🗑️ 0 мусор
2026-06-11 20:26:22,751 | INFO     |   → 322/1175: ✅ 0 взято | 🗑️ 170 мусор
2026-06-11 20:26:22,751 | INFO     |   → 323/1175: ✅ 0 взято | 🗑️ 0 мусор
2026-06-11 20:26:22,751 | INFO     |   → 324/1175: ✅ 1 взято | 🗑️ 196 мусор
2026-06-11 20:26:22,751 | INFO     |   → 325/1175: ✅ 0 взято | 🗑️ 0 мусор
2026-06-11 20:26:22,751 | INFO     |   → 326/1175: ✅ 0 взято | 🗑️ 208 мусор
2026-06-11 20:26:22,751 | INFO     |   → 327/1175: ✅ 0 взято | 🗑️ 0 мусор
2026-06-11 20:26:22,751 | INFO     |   → 328/1175: ✅ 0 взято | 🗑️ 162 мусор
2026-06-11 20:26:22,751 | INFO     |   → 329/1175: ✅ 0 взято | 🗑️ 0 мусор
2026-06-11 20:26:22,751 | INFO     |   → 330/1175: ✅ 0 взято | 🗑️ 116 мусор
2026-06-11 20:26:22,751 | INFO     |   → 331/1175: ✅ 0 взято | 🗑️ 0 мусор
2026-06-11 20:26:22,751 | INFO     |   → 332/1175: ✅ 0 взято | 🗑️ 132 мусор
2026-06-11 20:26:22,751 | INFO     |   → 333/1175: ✅ 0 взято | 🗑️ 0 мусор
2026-06-11 20:26:22,751 | INFO     |   → 334/1175: ✅ 0 взято | 🗑️ 132 мусор
2026-06-11 20:26:22,751 | INFO     |   → 335/1175: ✅ 0 взято | 🗑️ 0 мусор
2026-06-11 20:26:22,752 | INFO     |   → 336/1175: ✅ 1 взято | 🗑️ 113 мусор
2026-06-11 20:26:22,752 | INFO     |   → 337/1175: ✅ 0 взято | 🗑️ 0 мусор
2026-06-11 20:26:22,752 | INFO     |   → 338/1175: ✅ 0 взято | 🗑️ 103 мусор
2026-06-11 20:26:22,752 | INFO     |   → 339/1175: ✅ 0 взято | 🗑️ 0 мусор
2026-06-11 20:26:22,752 | INFO     |   → 340/1175: ✅ 3 взято | 🗑️ 213 мусор
2026-06-11 20:26:22,752 | INFO     |   → 341/1175: ✅ 0 взято | 🗑️ 0 мусор
2026-06-11 20:26:22,752 | INFO     |   → 342/1175: ✅ 1 взято | 🗑️ 130 мусор
2026-06-11 20:26:22,752 | INFO     |   → 343/1175: ✅ 0 взято | 🗑️ 0 мусор
2026-06-11 20:26:22,752 | INFO     |   → 344/1175: ✅ 0 взято | 🗑️ 135 мусор
2026-06-11 20:26:22,752 | INFO     |   → 345/1175: ✅ 0 взято | 🗑️ 0 мусор
2026-06-11 20:26:22,752 | INFO     |   → 346/1175: ✅ 0 взято | 🗑️ 145 мусор
2026-06-11 20:26:22,752 | INFO     |   → 347/1175: ✅ 0 взято | 🗑️ 0 мусор
2026-06-11 20:26:22,752 | INFO     |   → 348/1175: ✅ 0 взято | 🗑️ 157 мусор
2026-06-11 20:26:22,752 | INFO     |   → 349/1175: ✅ 0 взято | 🗑️ 0 мусор
2026-06-11 20:26:22,752 | INFO     |   → 350/1175: ✅ 0 взято | 🗑️ 131 мусор
2026-06-11 20:26:22,752 | INFO     |   → 351/1175: ✅ 0 взято | 🗑️ 0 мусор
2026-06-11 20:26:22,752 | INFO     |   → 352/1175: ✅ 1 взято | 🗑️ 124 мусор
2026-06-11 20:26:22,752 | INFO     |   → 353/1175: ✅ 0 взято | 🗑️ 0 мусор
2026-06-11 20:26:22,752 | INFO     |   → 354/1175: ✅ 2 взято | 🗑️ 189 мусор
2026-06-11 20:26:22,752 | INFO     |   → 355/1175: ✅ 0 взято | 🗑️ 0 мусор
2026-06-11 20:26:22,752 | INFO     |   → 356/1175: ✅ 1 взято | 🗑️ 279 мусор
2026-06-11 20:26:22,752 | INFO     |   → 357/1175: ✅ 0 взято | 🗑️ 0 мусор
2026-06-11 20:26:22,752 | INFO     |   → 358/1175: ✅ 0 взято | 🗑️ 270 мусор
2026-06-11 20:26:22,752 | INFO     |   → 359/1175: ✅ 0 взято | 🗑️ 0 мусор
2026-06-11 20:26:22,753 | INFO     |   → 360/1175: ✅ 0 взято | 🗑️ 161 мусор
2026-06-11 20:26:22,753 | INFO     |   → 361/1175: ✅ 0 взято | 🗑️ 0 мусор
2026-06-11 20:26:22,753 | INFO     |   → 362/1175 ⚠️ Ошибка: HTTPSConnectionPool(host='ivuxy.tech', port=443): Max retries exceeded with url: /v.txt (Caused by NameResolutionError("HTTPSConnection(host='ivuxy.tech', port=443): Failed to resolve 'ivuxy.tech' ([Errno -2] Name or service not known)")) — https://ivuxy.tech/v.txt
2026-06-11 20:26:22,753 | INFO     |   → 363/1175 ⚠️ Ошибка: HTTPSConnectionPool(host='mirror.ghproxy.com', port=443): Max retries exceeded with url: /https://raw.githubusercontent.com/Barabama/FreeNodes/master/nodes/blues.txt (Caused by NameResolutionError("HTTPSConnection(host='mirror.ghproxy.com', port=443): Failed to resolve 'mirror.ghproxy.com' ([Errno -2] Name or service not known)")) — https://mirror.ghproxy.com/https://raw.githubusercontent.com/Barabama/FreeNodes/master/nodes/blues.txt
2026-06-11 20:26:22,753 | INFO     |   → 364/1175 ⚠️ Ошибка: HTTPSConnectionPool(host='mirror.ghproxy.com', port=443): Max retries exceeded with url: /https://raw.githubusercontent.com/Barabama/FreeNodes/master/nodes/halekj.txt (Caused by NameResolutionError("HTTPSConnection(host='mirror.ghproxy.com', port=443): Failed to resolve 'mirror.ghproxy.com' ([Errno -2] Name or service not known)")) — https://mirror.ghproxy.com/https://raw.githubusercontent.com/Barabama/FreeNodes/master/nodes/halekj.txt
2026-06-11 20:26:22,753 | INFO     |   → 365/1175 ⚠️ Ошибка: HTTPSConnectionPool(host='mirror.ghproxy.com', port=443): Max retries exceeded with url: /https://raw.githubusercontent.com/Barabama/FreeNodes/master/nodes/kkzui.txt (Caused by NameResolutionError("HTTPSConnection(host='mirror.ghproxy.com', port=443): Failed to resolve 'mirror.ghproxy.com' ([Errno -2] Name or service not known)")) — https://mirror.ghproxy.com/https://raw.githubusercontent.com/Barabama/FreeNodes/master/nodes/kkzui.txt
2026-06-11 20:26:22,753 | INFO     |   → 366/1175 ⚠️ Ошибка: HTTPSConnectionPool(host='mirror.ghproxy.com', port=443): Max retries exceeded with url: /https://raw.githubusercontent.com/Barabama/FreeNodes/master/nodes/merged.txt (Caused by NameResolutionError("HTTPSConnection(host='mirror.ghproxy.com', port=443): Failed to resolve 'mirror.ghproxy.com' ([Errno -2] Name or service not known)")) — https://mirror.ghproxy.com/https://raw.githubusercontent.com/Barabama/FreeNodes/master/nodes/merged.txt
2026-06-11 20:26:22,753 | INFO     |   → 367/1175 ⚠️ Ошибка: HTTPSConnectionPool(host='mirror.ghproxy.com', port=443): Max retries exceeded with url: /https://raw.githubusercontent.com/Barabama/FreeNodes/master/nodes/nodefree.txt (Caused by NameResolutionError("HTTPSConnection(host='mirror.ghproxy.com', port=443): Failed to resolve 'mirror.ghproxy.com' ([Errno -2] Name or service not known)")) — https://mirror.ghproxy.com/https://raw.githubusercontent.com/Barabama/FreeNodes/master/nodes/nodefree.txt
2026-06-11 20:26:22,753 | INFO     |   → 368/1175 ⚠️ Ошибка: HTTPSConnectionPool(host='mirror.ghproxy.com', port=443): Max retries exceeded with url: /https://raw.githubusercontent.com/Barabama/FreeNodes/master/nodes/openrunner.txt (Caused by NameResolutionError("HTTPSConnection(host='mirror.ghproxy.com', port=443): Failed to resolve 'mirror.ghproxy.com' ([Errno -2] Name or service not known)")) — https://mirror.ghproxy.com/https://raw.githubusercontent.com/Barabama/FreeNodes/master/nodes/openrunner.txt
2026-06-11 20:26:22,753 | INFO     |   → 369/1175 ⚠️ Ошибка: HTTPSConnectionPool(host='mirror.ghproxy.com', port=443): Max retries exceeded with url: /https://raw.githubusercontent.com/Barabama/FreeNodes/master/nodes/v2rayshare.txt (Caused by NameResolutionError("HTTPSConnection(host='mirror.ghproxy.com', port=443): Failed to resolve 'mirror.ghproxy.com' ([Errno -2] Name or service not known)")) — https://mirror.ghproxy.com/https://raw.githubusercontent.com/Barabama/FreeNodes/master/nodes/v2rayshare.txt
2026-06-11 20:26:22,753 | INFO     |   → 370/1175 ⚠️ Ошибка: HTTPSConnectionPool(host='mirror.ghproxy.com', port=443): Max retries exceeded with url: /https://raw.githubusercontent.com/Barabama/FreeNodes/master/nodes/wenode.txt (Caused by NameResolutionError("HTTPSConnection(host='mirror.ghproxy.com', port=443): Failed to resolve 'mirror.ghproxy.com' ([Errno -2] Name or service not known)")) — https://mirror.ghproxy.com/https://raw.githubusercontent.com/Barabama/FreeNodes/master/nodes/wenode.txt
2026-06-11 20:26:22,753 | INFO     |   → 371/1175 ⚠️ Ошибка: HTTPSConnectionPool(host='mirror.ghproxy.com', port=443): Max retries exceeded with url: /https://raw.githubusercontent.com/Barabama/FreeNodes/master/nodes/yudou66.txt (Caused by NameResolutionError("HTTPSConnection(host='mirror.ghproxy.com', port=443): Failed to resolve 'mirror.ghproxy.com' ([Errno -2] Name or service not known)")) — https://mirror.ghproxy.com/https://raw.githubusercontent.com/Barabama/FreeNodes/master/nodes/yudou66.txt
2026-06-11 20:26:22,753 | INFO     |   → 372/1175: ✅ 7 взято | 🗑️ 17 мусор
2026-06-11 20:26:22,753 | INFO     |   → 373/1175: ✅ 0 взято | 🗑️ 17 мусор
2026-06-11 20:26:22,753 | INFO     |   → 374/1175: ✅ 14 взято | 🗑️ 14 мусор
2026-06-11 20:26:22,753 | INFO     |   → 375/1175: ✅ 0 взято | 🗑️ 14 мусор
2026-06-11 20:26:22,753 | INFO     |   → 376/1175: ✅ 0 взято | 🗑️ 14 мусор
2026-06-11 20:26:22,753 | INFO     |   → 377/1175: ✅ 0 взято | 🗑️ 14 мусор
2026-06-11 20:26:22,753 | INFO     |   → 378/1175: ✅ 0 взято | 🗑️ 14 мусор
2026-06-11 20:26:22,753 | INFO     |   → 379/1175: ✅ 0 взято | 🗑️ 14 мусор
2026-06-11 20:26:22,753 | INFO     |   → 380/1175: ✅ 0 взято | 🗑️ 14 мусор
2026-06-11 20:26:22,753 | INFO     |   → 381/1175: ✅ 0 взято | 🗑️ 14 мусор
2026-06-11 20:26:22,754 | INFO     |   → 382/1175: ✅ 0 взято | 🗑️ 14 мусор
2026-06-11 20:26:22,754 | INFO     |   → 383/1175: ✅ 7 взято | 🗑️ 21 мусор
2026-06-11 20:26:22,754 | INFO     |   → 384/1175: ✅ 0 взято | 🗑️ 21 мусор
2026-06-11 20:26:22,754 | INFO     |   → 385/1175: ✅ 0 взято | 🗑️ 21 мусор
2026-06-11 20:26:22,754 | INFO     |   → 386/1175: ✅ 0 взято | 🗑️ 21 мусор
2026-06-11 20:26:22,754 | INFO     |   → 387/1175: ✅ 0 взято | 🗑️ 21 мусор
2026-06-11 20:26:22,754 | INFO     |   → 388/1175: ✅ 0 взято | 🗑️ 21 мусор
2026-06-11 20:26:22,754 | INFO     |   → 389/1175: ✅ 0 взято | 🗑️ 21 мусор
2026-06-11 20:26:22,754 | INFO     |   → 390/1175: ✅ 0 взято | 🗑️ 21 мусор
2026-06-11 20:26:22,754 | INFO     |   → 391/1175: ✅ 0 взято | 🗑️ 21 мусор
2026-06-11 20:26:22,754 | INFO     |   → 392/1175: ✅ 0 взято | 🗑️ 21 мусор
2026-06-11 20:26:22,754 | INFO     |   → 393/1175: ✅ 0 взято | 🗑️ 21 мусор
2026-06-11 20:26:22,754 | INFO     |   → 394/1175: ✅ 5 взято | 🗑️ 15 мусор
2026-06-11 20:26:22,754 | INFO     |   → 395/1175: ✅ 0 взято | 🗑️ 15 мусор
2026-06-11 20:26:22,754 | INFO     |   → 396/1175: ✅ 0 взято | 🗑️ 15 мусор
2026-06-11 20:26:22,754 | INFO     |   → 397/1175: ✅ 0 взято | 🗑️ 15 мусор
2026-06-11 20:26:22,754 | INFO     |   → 398/1175: ✅ 0 взято | 🗑️ 15 мусор
2026-06-11 20:26:22,754 | INFO     |   → 399/1175: ✅ 0 взято | 🗑️ 15 мусор
2026-06-11 20:26:22,754 | INFO     |   → 400/1175: ✅ 0 взято | 🗑️ 15 мусор
2026-06-11 20:26:22,754 | INFO     |   → 401/1175: ✅ 0 взято | 🗑️ 15 мусор
2026-06-11 20:26:22,754 | INFO     |   → 402/1175: ✅ 0 взято | 🗑️ 15 мусор
2026-06-11 20:26:22,754 | INFO     |   → 403/1175: ✅ 0 взято | 🗑️ 14 мусор
2026-06-11 20:26:22,755 | INFO     |   → 404/1175: ✅ 0 взято | 🗑️ 14 мусор
2026-06-11 20:26:22,755 | INFO     |   → 405/1175: ✅ 0 взято | 🗑️ 14 мусор
2026-06-11 20:26:22,755 | INFO     |   → 406/1175: ✅ 0 взято | 🗑️ 14 мусор
2026-06-11 20:26:22,755 | INFO     |   → 407/1175: ✅ 6 взято | 🗑️ 17 мусор
2026-06-11 20:26:22,755 | INFO     |   → 408/1175: ✅ 0 взято | 🗑️ 17 мусор
2026-06-11 20:26:22,755 | INFO     |   → 409/1175: ✅ 0 взято | 🗑️ 17 мусор
2026-06-11 20:26:22,755 | INFO     |   → 410/1175: ✅ 0 взято | 🗑️ 17 мусор
2026-06-11 20:26:22,755 | INFO     |   → 411/1175: ✅ 0 взято | 🗑️ 17 мусор
2026-06-11 20:26:22,755 | INFO     |   → 412/1175: ✅ 0 взято | 🗑️ 17 мусор
2026-06-11 20:26:22,755 | INFO     |   → 413/1175: ✅ 6 взято | 🗑️ 24 мусор
2026-06-11 20:26:22,755 | INFO     |   → 414/1175: ✅ 0 взято | 🗑️ 24 мусор
2026-06-11 20:26:22,755 | INFO     |   → 415/1175: ✅ 0 взято | 🗑️ 24 мусор
2026-06-11 20:26:22,755 | INFO     |   → 416/1175: ✅ 0 взято | 🗑️ 24 мусор
2026-06-11 20:26:22,755 | INFO     |   → 417/1175: ✅ 0 взято | 🗑️ 24 мусор
2026-06-11 20:26:22,755 | INFO     |   → 418/1175: ✅ 0 взято | 🗑️ 24 мусор
2026-06-11 20:26:22,755 | INFO     |   → 419/1175: ✅ 0 взято | 🗑️ 24 мусор
2026-06-11 20:26:22,755 | INFO     |   → 420/1175: ✅ 0 взято | 🗑️ 24 мусор
2026-06-11 20:26:22,755 | INFO     |   → 421/1175: ✅ 0 взято | 🗑️ 24 мусор
2026-06-11 20:26:22,755 | INFO     |   → 422/1175: ✅ 0 взято | 🗑️ 24 мусор
2026-06-11 20:26:22,755 | INFO     |   → 423/1175: ✅ 0 взято | 🗑️ 24 мусор
2026-06-11 20:26:22,755 | INFO     |   → 424/1175: ✅ 13 взято | 🗑️ 7 мусор
2026-06-11 20:26:22,755 | INFO     |   → 425/1175: ✅ 0 взято | 🗑️ 7 мусор
2026-06-11 20:26:22,756 | INFO     |   → 426/1175: ✅ 0 взято | 🗑️ 7 мусор
2026-06-11 20:26:22,756 | INFO     |   → 427/1175: ✅ 0 взято | 🗑️ 7 мусор
2026-06-11 20:26:22,756 | INFO     |   → 428/1175: ✅ 0 взято | 🗑️ 7 мусор
2026-06-11 20:26:22,756 | INFO     |   → 429/1175: ✅ 0 взято | 🗑️ 7 мусор
2026-06-11 20:26:22,756 | INFO     |   → 430/1175: ✅ 0 взято | 🗑️ 7 мусор
2026-06-11 20:26:22,756 | INFO     |   → 431/1175: ✅ 0 взято | 🗑️ 7 мусор
2026-06-11 20:26:22,756 | INFO     |   → 432/1175: ✅ 0 взято | 🗑️ 7 мусор
2026-06-11 20:26:22,756 | INFO     |   → 433/1175: ✅ 0 взято | 🗑️ 7 мусор
2026-06-11 20:26:22,756 | INFO     |   → 434/1175: ✅ 5 взято | 🗑️ 9 мусор
2026-06-11 20:26:22,756 | INFO     |   → 435/1175 ⚠️ Ошибка: HTTPSConnectionPool(host='nodefree.githubrowcontent.com', port=443): Max retries exceeded with url: /2024/07/20240705.yaml (Caused by NameResolutionError("HTTPSConnection(host='nodefree.githubrowcontent.com', port=443): Failed to resolve 'nodefree.githubrowcontent.com' ([Errno -2] Name or service not known)")) — https://nodefree.org/dy/2023/08/20230806.yaml
2026-06-11 20:26:22,756 | INFO     |   → 436/1175 ⚠️ Ошибка: HTTPSConnectionPool(host='nodefree.githubrowcontent.com', port=443): Max retries exceeded with url: /2024/07/20240705.txt (Caused by NameResolutionError("HTTPSConnection(host='nodefree.githubrowcontent.com', port=443): Failed to resolve 'nodefree.githubrowcontent.com' ([Errno -2] Name or service not known)")) — https://nodefree.org/dy/2023/12/20231221.txt
2026-06-11 20:26:22,756 | INFO     |   → 437/1175: ✅ 0 взято | 🗑️ 17 мусор
2026-06-11 20:26:22,756 | INFO     |   → 438/1175: ✅ 0 взято | 🗑️ 17 мусор
2026-06-11 20:26:22,756 | INFO     |   → 439/1175: ✅ 0 взято | 🗑️ 14 мусор
2026-06-11 20:26:22,756 | INFO     |   → 440/1175: ✅ 0 взято | 🗑️ 14 мусор
2026-06-11 20:26:22,756 | INFO     |   → 441/1175: ✅ 0 взято | 🗑️ 14 мусор
2026-06-11 20:26:22,756 | INFO     |   → 442/1175: ✅ 0 взято | 🗑️ 14 мусор
2026-06-11 20:26:22,756 | INFO     |   → 443/1175: ✅ 0 взято | 🗑️ 14 мусор
2026-06-11 20:26:22,756 | INFO     |   → 444/1175: ✅ 0 взято | 🗑️ 14 мусор
2026-06-11 20:26:22,756 | INFO     |   → 445/1175: ✅ 0 взято | 🗑️ 14 мусор
2026-06-11 20:26:22,757 | INFO     |   → 446/1175: ✅ 0 взято | 🗑️ 14 мусор
2026-06-11 20:26:22,757 | INFO     |   → 447/1175: ✅ 0 взято | 🗑️ 14 мусор
2026-06-11 20:26:22,757 | INFO     |   → 448/1175: ✅ 0 взято | 🗑️ 21 мусор
2026-06-11 20:26:22,757 | INFO     |   → 449/1175: ✅ 0 взято | 🗑️ 21 мусор
2026-06-11 20:26:22,757 | INFO     |   → 450/1175: ✅ 0 взято | 🗑️ 21 мусор
2026-06-11 20:26:22,757 | INFO     |   → 451/1175: ✅ 0 взято | 🗑️ 21 мусор
2026-06-11 20:26:22,757 | INFO     |   → 452/1175: ✅ 0 взято | 🗑️ 21 мусор
2026-06-11 20:26:22,757 | INFO     |   → 453/1175: ✅ 0 взято | 🗑️ 21 мусор
2026-06-11 20:26:22,757 | INFO     |   → 454/1175: ✅ 0 взято | 🗑️ 21 мусор
2026-06-11 20:26:22,757 | INFO     |   → 455/1175: ✅ 0 взято | 🗑️ 21 мусор
2026-06-11 20:26:22,757 | INFO     |   → 456/1175: ✅ 0 взято | 🗑️ 21 мусор
2026-06-11 20:26:22,757 | INFO     |   → 457/1175: ✅ 0 взято | 🗑️ 21 мусор
2026-06-11 20:26:22,757 | INFO     |   → 458/1175: ✅ 0 взято | 🗑️ 21 мусор
2026-06-11 20:26:22,757 | INFO     |   → 459/1175: ✅ 0 взято | 🗑️ 15 мусор
2026-06-11 20:26:22,757 | INFO     |   → 460/1175: ✅ 0 взято | 🗑️ 15 мусор
2026-06-11 20:26:22,757 | INFO     |   → 461/1175: ✅ 0 взято | 🗑️ 15 мусор
2026-06-11 20:26:22,757 | INFO     |   → 462/1175: ✅ 0 взято | 🗑️ 15 мусор
2026-06-11 20:26:22,757 | INFO     |   → 463/1175: ✅ 0 взято | 🗑️ 15 мусор
2026-06-11 20:26:22,757 | INFO     |   → 464/1175: ✅ 0 взято | 🗑️ 15 мусор
2026-06-11 20:26:22,757 | INFO     |   → 465/1175: ✅ 0 взято | 🗑️ 15 мусор
2026-06-11 20:26:22,758 | INFO     |   → 466/1175: ✅ 0 взято | 🗑️ 15 мусор
2026-06-11 20:26:22,758 | INFO     |   → 467/1175: ✅ 0 взято | 🗑️ 15 мусор
2026-06-11 20:26:22,758 | INFO     |   → 468/1175: ✅ 0 взято | 🗑️ 15 мусор
2026-06-11 20:26:22,758 | INFO     |   → 469/1175: ✅ 0 взято | 🗑️ 14 мусор
2026-06-11 20:26:22,758 | INFO     |   → 470/1175: ✅ 0 взято | 🗑️ 14 мусор
2026-06-11 20:26:22,758 | INFO     |   → 471/1175: ✅ 0 взято | 🗑️ 14 мусор
2026-06-11 20:26:22,758 | INFO     |   → 472/1175: ✅ 0 взято | 🗑️ 14 мусор
2026-06-11 20:26:22,758 | INFO     |   → 473/1175: ✅ 0 взято | 🗑️ 17 мусор
2026-06-11 20:26:22,758 | INFO     |   → 474/1175: ✅ 0 взято | 🗑️ 17 мусор
2026-06-11 20:26:22,758 | INFO     |   → 475/1175: ✅ 0 взято | 🗑️ 17 мусор
2026-06-11 20:26:22,758 | INFO     |   → 476/1175: ✅ 0 взято | 🗑️ 17 мусор
2026-06-11 20:26:22,758 | INFO     |   → 477/1175: ✅ 0 взято | 🗑️ 17 мусор
2026-06-11 20:26:22,758 | INFO     |   → 478/1175: ✅ 0 взято | 🗑️ 24 мусор
2026-06-11 20:26:22,758 | INFO     |   → 479/1175: ✅ 0 взято | 🗑️ 24 мусор
2026-06-11 20:26:22,758 | INFO     |   → 480/1175: ✅ 0 взято | 🗑️ 24 мусор
2026-06-11 20:26:22,758 | INFO     |   → 481/1175: ✅ 0 взято | 🗑️ 24 мусор
2026-06-11 20:26:22,758 | INFO     |   → 482/1175: ✅ 0 взято | 🗑️ 24 мусор
2026-06-11 20:26:22,758 | INFO     |   → 483/1175: ✅ 0 взято | 🗑️ 24 мусор
2026-06-11 20:26:22,758 | INFO     |   → 484/1175: ✅ 0 взято | 🗑️ 24 мусор
2026-06-11 20:26:22,758 | INFO     |   → 485/1175: ✅ 0 взято | 🗑️ 24 мусор
2026-06-11 20:26:22,758 | INFO     |   → 486/1175: ✅ 0 взято | 🗑️ 24 мусор
2026-06-11 20:26:22,759 | INFO     |   → 487/1175: ✅ 0 взято | 🗑️ 24 мусор
2026-06-11 20:26:22,759 | INFO     |   → 488/1175: ✅ 0 взято | 🗑️ 24 мусор
2026-06-11 20:26:22,759 | INFO     |   → 489/1175: ✅ 0 взято | 🗑️ 7 мусор
2026-06-11 20:26:22,759 | INFO     |   → 490/1175: ✅ 0 взято | 🗑️ 7 мусор
2026-06-11 20:26:22,759 | INFO     |   → 491/1175: ✅ 0 взято | 🗑️ 7 мусор
2026-06-11 20:26:22,759 | INFO     |   → 492/1175: ✅ 0 взято | 🗑️ 7 мусор
2026-06-11 20:26:22,759 | INFO     |   → 493/1175: ✅ 0 взято | 🗑️ 7 мусор
2026-06-11 20:26:22,759 | INFO     |   → 494/1175: ✅ 0 взято | 🗑️ 7 мусор
2026-06-11 20:26:22,759 | INFO     |   → 495/1175: ✅ 0 взято | 🗑️ 7 мусор
2026-06-11 20:26:22,759 | INFO     |   → 496/1175: ✅ 0 взято | 🗑️ 7 мусор
2026-06-11 20:26:22,759 | INFO     |   → 497/1175: ✅ 0 взято | 🗑️ 7 мусор
2026-06-11 20:26:22,759 | INFO     |   → 498/1175: ✅ 0 взято | 🗑️ 7 мусор
2026-06-11 20:26:22,759 | INFO     |   → 499/1175: ✅ 0 взято | 🗑️ 9 мусор
2026-06-11 20:26:22,759 | INFO     |   → 500/1175: ✅ 0 взято | 🗑️ 0 мусор
2026-06-11 20:26:22,759 | INFO     |   → 501/1175: ✅ 0 взято | 🗑️ 0 мусор
2026-06-11 20:26:22,759 | INFO     |   → 502/1175: ✅ 0 взято | 🗑️ 0 мусор
2026-06-11 20:26:22,759 | INFO     |   → 503/1175: ✅ 0 взято | 🗑️ 0 мусор
2026-06-11 20:26:22,759 | INFO     |   → 504/1175: ✅ 0 взято | 🗑️ 0 мусор
2026-06-11 20:26:22,759 | INFO     |   → 505/1175: ✅ 0 взято | 🗑️ 0 мусор
2026-06-11 20:26:22,760 | INFO     |   → 506/1175: ✅ 0 взято | 🗑️ 0 мусор
2026-06-11 20:26:22,760 | INFO     |   → 507/1175: ✅ 0 взято | 🗑️ 0 мусор
2026-06-11 20:26:22,760 | INFO     |   → 508/1175: ✅ 0 взято | 🗑️ 0 мусор
2026-06-11 20:26:22,760 | INFO     |   → 509/1175: ✅ 0 взято | 🗑️ 0 мусор
2026-06-11 20:26:22,760 | INFO     |   → 510/1175: ✅ 0 взято | 🗑️ 0 мусор
2026-06-11 20:26:22,760 | INFO     |   → 511/1175: ✅ 0 взято | 🗑️ 0 мусор
2026-06-11 20:26:22,760 | INFO     |   → 512/1175 ❌ HTTP 404 — https://raw.githubusercontent.com/10ium/MihomoSaz/main/Sublist/shatakvpn.yaml4_Sub.txt
2026-06-11 20:26:22,760 | INFO     |   → 513/1175: ✅ 0 взято | 🗑️ 0 мусор
2026-06-11 20:26:22,760 | INFO     |   → 514/1175: ✅ 0 взято | 🗑️ 0 мусор
2026-06-11 20:26:22,760 | INFO     |   → 515/1175: ✅ 167 взято | 🗑️ 672 мусор
2026-06-11 20:26:22,760 | INFO     |   → 516/1175: ✅ 0 взято | 🗑️ 0 мусор
2026-06-11 20:26:22,760 | INFO     |   → 517/1175: ✅ 0 взято | 🗑️ 0 мусор
2026-06-11 20:26:22,760 | INFO     |   → 518/1175: ✅ 11 взято | 🗑️ 399 мусор
2026-06-11 20:26:22,760 | INFO     |   → 519/1175: ✅ 0 взято | 🗑️ 0 мусор
2026-06-11 20:26:22,760 | INFO     |   → 520/1175 ❌ HTTP 404 — https://raw.githubusercontent.com/9Fork/openit/main/Clash.yaml
2026-06-11 20:26:22,760 | INFO     |   → 521/1175: ✅ 45 взято | 🗑️ 35 мусор
2026-06-11 20:26:22,760 | INFO     |   → 522/1175: ✅ 0 взято | 🗑️ 35 мусор
2026-06-11 20:26:22,760 | INFO     |   → 523/1175: ✅ 19 взято | 🗑️ 81 мусор
2026-06-11 20:26:22,760 | INFO     |   → 524/1175: ✅ 11 взято | 🗑️ 87 мусор
2026-06-11 20:26:22,761 | INFO     |   → 525/1175: ✅ 27 взято | 🗑️ 73 мусор
2026-06-11 20:26:22,761 | INFO     |   → 526/1175: ✅ 13 взято | 🗑️ 75 мусор
2026-06-11 20:26:22,761 | INFO     |   → 527/1175: ✅ 10 взято | 🗑️ 83 мусор
2026-06-11 20:26:22,761 | INFO     |   → 528/1175: ✅ 12 взято | 🗑️ 86 мусор
2026-06-11 20:26:22,761 | INFO     |   → 529/1175: ✅ 11 взято | 🗑️ 87 мусор
2026-06-11 20:26:22,761 | INFO     |   → 530/1175: ✅ 11 взято | 🗑️ 80 мусор
2026-06-11 20:26:22,761 | INFO     |   → 531/1175: ✅ 9 взято | 🗑️ 82 мусор
2026-06-11 20:26:22,761 | INFO     |   → 532/1175: ✅ 69 взято | 🗑️ 3 мусор
2026-06-11 20:26:22,761 | INFO     |   → 533/1175: ✅ 3 взято | 🗑️ 75 мусор
2026-06-11 20:26:22,761 | INFO     |   → 534/1175: ✅ 4 взято | 🗑️ 69 мусор
2026-06-11 20:26:22,761 | INFO     |   → 535/1175: ✅ 4 взято | 🗑️ 80 мусор
2026-06-11 20:26:22,761 | INFO     |   → 536/1175: ✅ 6 взято | 🗑️ 81 мусор
2026-06-11 20:26:22,761 | INFO     |   → 537/1175: ✅ 5 взято | 🗑️ 79 мусор
2026-06-11 20:26:22,761 | INFO     |   → 538/1175: ✅ 11 взято | 🗑️ 78 мусор
2026-06-11 20:26:22,761 | INFO     |   → 539/1175: ✅ 3 взято | 🗑️ 83 мусор
2026-06-11 20:26:22,761 | INFO     |   → 540/1175: ✅ 14 взято | 🗑️ 76 мусор
2026-06-11 20:26:22,761 | INFO     |   → 541/1175: ✅ 12 взято | 🗑️ 78 мусор
2026-06-11 20:26:22,761 | INFO     |   → 542/1175: ✅ 26 взято | 🗑️ 218 мусор
2026-06-11 20:26:22,762 | INFO     |   → 543/1175: ✅ 44 взято | 🗑️ 141 мусор
2026-06-11 20:26:22,762 | INFO     |   → 544/1175: ✅ 10 взято | 🗑️ 71 мусор
2026-06-11 20:26:22,762 | INFO     |   → 545/1175: ✅ 2 взято | 🗑️ 88 мусор
2026-06-11 20:26:22,762 | INFO     |   → 546/1175: ✅ 0 взято | 🗑️ 3 мусор
2026-06-11 20:26:22,762 | INFO     |   → 547/1175: ✅ 14 взято | 🗑️ 4 мусор
2026-06-11 20:26:22,762 | INFO     |   → 548/1175: ✅ 705 взято | 🗑️ 2486 мусор
2026-06-11 20:26:22,762 | INFO     |   → 549/1175 ❌ HTTP 404 — https://raw.githubusercontent.com/Alvin9999/pac2/master/clash/1/config.yaml
2026-06-11 20:26:22,762 | INFO     |   → 550/1175 ❌ HTTP 404 — https://raw.githubusercontent.com/AmirHDevo/temp2/7f15e7ddb311a6f8c5ab338bd1af0e1f2136a84b/configs.txt
2026-06-11 20:26:22,762 | INFO     |   → 551/1175: ✅ 13 взято | 🗑️ 289 мусор
2026-06-11 20:26:22,762 | INFO     |   → 552/1175: ✅ 7796 взято | 🗑️ 111430 мусор
2026-06-11 20:26:22,762 | INFO     |   → 553/1175: ✅ 5 взято | 🗑️ 47 мусор
2026-06-11 20:26:22,762 | INFO     |   → 554/1175: ✅ 0 взято | 🗑️ 48 мусор
2026-06-11 20:26:22,762 | INFO     |   → 555/1175: ✅ 21 взято | 🗑️ 107 мусор
2026-06-11 20:26:22,762 | INFO     |   → 556/1175: ✅ 78 взято | 🗑️ 347 мусор
2026-06-11 20:26:22,762 | INFO     |   → 557/1175: ✅ 0 взято | 🗑️ 1373 мусор
2026-06-11 20:26:22,762 | INFO     |   → 558/1175: ✅ 339 взято | 🗑️ 1542 мусор
2026-06-11 20:26:22,762 | INFO     |   → 559/1175: ✅ 0 взято | 🗑️ 6 мусор
2026-06-11 20:26:22,762 | INFO     |   → 560/1175: ✅ 0 взято | 🗑️ 0 мусор
2026-06-11 20:26:22,762 | INFO     |   → 561/1175: ✅ 1 взято | 🗑️ 235 мусор
2026-06-11 20:26:22,763 | INFO     |   → 562/1175: ✅ 0 взято | 🗑️ 16 мусор
2026-06-11 20:26:22,763 | INFO     |   → 563/1175: ✅ 0 взято | 🗑️ 0 мусор
2026-06-11 20:26:22,763 | INFO     |   → 564/1175: ✅ 0 взято | 🗑️ 14 мусор
2026-06-11 20:26:22,763 | INFO     |   → 565/1175: ✅ 0 взято | 🗑️ 0 мусор
2026-06-11 20:26:22,763 | INFO     |   → 566/1175: ✅ 0 взято | 🗑️ 17 мусор
2026-06-11 20:26:22,763 | INFO     |   → 567/1175: ✅ 0 взято | 🗑️ 0 мусор
2026-06-11 20:26:22,763 | INFO     |   → 568/1175: ✅ 1 взято | 🗑️ 12 мусор
2026-06-11 20:26:22,763 | INFO     |   → 569/1175: ✅ 0 взято | 🗑️ 0 мусор
2026-06-11 20:26:22,763 | INFO     |   → 570/1175: ✅ 0 взято | 🗑️ 17 мусор
2026-06-11 20:26:22,763 | INFO     |   → 571/1175: ✅ 0 взято | 🗑️ 0 мусор
2026-06-11 20:26:22,763 | INFO     |   → 572/1175: ✅ 0 взято | 🗑️ 17 мусор
2026-06-11 20:26:22,763 | INFO     |   → 573/1175: ✅ 0 взято | 🗑️ 0 мусор
2026-06-11 20:26:22,763 | INFO     |   → 574/1175: ✅ 0 взято | 🗑️ 161 мусор
2026-06-11 20:26:22,763 | INFO     |   → 575/1175: ✅ 0 взято | 🗑️ 0 мусор
2026-06-11 20:26:22,763 | INFO     |   → 576/1175: ✅ 5 взято | 🗑️ 76 мусор
2026-06-11 20:26:22,763 | INFO     |   → 577/1175: ✅ 80 взято | 🗑️ 1110 мусор
2026-06-11 20:26:22,763 | INFO     |   → 578/1175: ✅ 5 взято | 🗑️ 13 мусор
2026-06-11 20:26:22,763 | INFO     |   → 579/1175 ❌ HTTP 404 — https://raw.githubusercontent.com/Epodonios/bulk-xray-v2ray-vless-vmess-...-configs/main/sub/Austria/config.txt
2026-06-11 20:26:22,763 | INFO     |   → 580/1175 ❌ HTTP 404 — https://raw.githubusercontent.com/Epodonios/bulk-xray-v2ray-vless-vmess-...-configs/main/sub/Canada/config.txt
2026-06-11 20:26:22,764 | INFO     |   → 581/1175 ❌ HTTP 404 — https://raw.githubusercontent.com/Epodonios/bulk-xray-v2ray-vless-vmess-...-configs/main/sub/Costa%20Rica/config.txt
2026-06-11 20:26:22,764 | INFO     |   → 582/1175 ❌ HTTP 404 — https://raw.githubusercontent.com/Epodonios/bulk-xray-v2ray-vless-vmess-...-configs/main/sub/France/config.txt
2026-06-11 20:26:22,764 | INFO     |   → 583/1175 ❌ HTTP 404 — https://raw.githubusercontent.com/Epodonios/bulk-xray-v2ray-vless-vmess-...-configs/main/sub/Germany/config.txt
2026-06-11 20:26:22,764 | INFO     |   → 584/1175 ❌ HTTP 404 — https://raw.githubusercontent.com/Epodonios/bulk-xray-v2ray-vless-vmess-...-configs/main/sub/Indonesia/config.txt
2026-06-11 20:26:22,764 | INFO     |   → 585/1175 ❌ HTTP 404 — https://raw.githubusercontent.com/Epodonios/bulk-xray-v2ray-vless-vmess-...-configs/main/sub/Ireland/config.txt
2026-06-11 20:26:22,764 | INFO     |   → 586/1175 ❌ HTTP 404 — https://raw.githubusercontent.com/Epodonios/bulk-xray-v2ray-vless-vmess-...-configs/main/sub/Republic%20of%20Lithuania/config.txt
2026-06-11 20:26:22,764 | INFO     |   → 587/1175 ❌ HTTP 404 — https://raw.githubusercontent.com/Epodonios/bulk-xray-v2ray-vless-vmess-...-configs/main/sub/South%20Africa/config.txt
2026-06-11 20:26:22,764 | INFO     |   → 588/1175 ❌ HTTP 404 — https://raw.githubusercontent.com/Epodonios/bulk-xray-v2ray-vless-vmess-...-configs/main/sub/Sweden/config.txt
2026-06-11 20:26:22,764 | INFO     |   → 589/1175 ❌ HTTP 404 — https://raw.githubusercontent.com/Epodonios/bulk-xray-v2ray-vless-vmess-...-configs/main/sub/Turkey/config.txt
2026-06-11 20:26:22,764 | INFO     |   → 590/1175 ❌ HTTP 404 — https://raw.githubusercontent.com/Epodonios/bulk-xray-v2ray-vless-vmess-...-configs/main/sub/United%20Arab%20Emirates/config.txt
2026-06-11 20:26:22,764 | INFO     |   → 591/1175 ❌ HTTP 404 — https://raw.githubusercontent.com/Epodonios/bulk-xray-v2ray-vless-vmess-...-configs/main/sub/United%20Kingdom/config.txt
2026-06-11 20:26:22,764 | INFO     |   → 592/1175 ❌ HTTP 404 — https://raw.githubusercontent.com/Epodonios/bulk-xray-v2ray-vless-vmess-...-configs/main/sub/United%20States/config.txt
2026-06-11 20:26:22,764 | INFO     |   → 593/1175: ✅ 787 взято | 🗑️ 4722 мусор
2026-06-11 20:26:22,764 | INFO     |   → 594/1175 ❌ HTTP 404 — https://raw.githubusercontent.com/Epodonios/v2ray-configs/main/Splitted-By-Protocol/mix.txt
2026-06-11 20:26:22,764 | INFO     |   → 595/1175: ✅ 0 взято | 🗑️ 481 мусор
2026-06-11 20:26:22,764 | INFO     |   → 596/1175: ✅ 0 взято | 🗑️ 0 мусор
2026-06-11 20:26:22,764 | INFO     |   → 597/1175: ✅ 8 взято | 🗑️ 540 мусор
2026-06-11 20:26:22,764 | INFO     |   → 598/1175: ✅ 0 взято | 🗑️ 3187 мусор
2026-06-11 20:26:22,764 | INFO     |   → 599/1175: ✅ 0 взято | 🗑️ 480 мусор
2026-06-11 20:26:22,765 | INFO     |   → 600/1175 ❌ HTTP 404 — https://raw.githubusercontent.com/Epodonios/v2ray-configs/raw/main/Splitted-By-Protocol/trojan.txt
2026-06-11 20:26:22,765 | INFO     |   → 601/1175 ❌ HTTP 404 — https://raw.githubusercontent.com/Epodonios/v2ray-configs/raw/main/Splitted-By-Protocol/vmess.txt
2026-06-11 20:26:22,765 | INFO     |   → 602/1175: ✅ 0 взято | 🗑️ 481 мусор
2026-06-11 20:26:22,765 | INFO     |   → 603/1175: ✅ 0 взято | 🗑️ 0 мусор
2026-06-11 20:26:22,765 | INFO     |   → 604/1175: ✅ 0 взято | 🗑️ 540 мусор
2026-06-11 20:26:22,765 | INFO     |   → 605/1175: ✅ 0 взято | 🗑️ 3187 мусор
2026-06-11 20:26:22,765 | INFO     |   → 606/1175: ✅ 0 взято | 🗑️ 480 мусор
2026-06-11 20:26:22,765 | INFO     |   → 607/1175 ❌ HTTP 404 — https://raw.githubusercontent.com/Fido6/FreeNodes/57221e59caddde55ffdda21d491ae952cd608049/nodes/halekj.txt
2026-06-11 20:26:22,765 | INFO     |   → 608/1175 ❌ HTTP 404 — https://raw.githubusercontent.com/Fido6/FreeNodes/57221e59caddde55ffdda21d491ae952cd608049/nodes/kkzui.txt
2026-06-11 20:26:22,765 | INFO     |   → 609/1175 ❌ HTTP 404 — https://raw.githubusercontent.com/Fido6/FreeNodes/57221e59caddde55ffdda21d491ae952cd608049/nodes/wenode.txt
2026-06-11 20:26:22,765 | INFO     |   → 610/1175: ✅ 0 взято | 🗑️ 0 мусор
2026-06-11 20:26:22,765 | INFO     |   → 611/1175: ✅ 0 взято | 🗑️ 0 мусор
2026-06-11 20:26:22,765 | INFO     |   → 612/1175: ✅ 14 взято | 🗑️ 250 мусор
2026-06-11 20:26:22,765 | INFO     |   → 613/1175: ✅ 2 взято | 🗑️ 9 мусор
2026-06-11 20:26:22,765 | INFO     |   → 614/1175: ✅ 1 взято | 🗑️ 17 мусор
2026-06-11 20:26:22,765 | INFO     |   → 615/1175: ✅ 4 взято | 🗑️ 11 мусор
2026-06-11 20:26:22,765 | INFO     |   → 616/1175: ✅ 0 взято | 🗑️ 0 мусор
2026-06-11 20:26:22,765 | INFO     |   → 617/1175: ✅ 0 взято | 🗑️ 137 мусор
2026-06-11 20:26:22,765 | INFO     |   → 618/1175: ✅ 0 взято | 🗑️ 32 мусор
2026-06-11 20:26:22,766 | INFO     |   → 619/1175: ✅ 2 взято | 🗑️ 19 мусор
2026-06-11 20:26:22,766 | INFO     |   → 620/1175: ✅ 0 взято | 🗑️ 43 мусор
2026-06-11 20:26:22,766 | INFO     |   → 621/1175: ✅ 0 взято | 🗑️ 43 мусор
2026-06-11 20:26:22,766 | INFO     |   → 622/1175 ❌ HTTP 404 — https://raw.githubusercontent.com/Iran-v2ray/v2ray/main/v2ray
2026-06-11 20:26:22,766 | INFO     |   → 623/1175: ✅ 0 взято | 🗑️ 1 мусор
2026-06-11 20:26:22,766 | INFO     |   → 624/1175: ✅ 0 взято | 🗑️ 1 мусор
2026-06-11 20:26:22,766 | INFO     |   → 625/1175: ✅ 0 взято | 🗑️ 28 мусор
2026-06-11 20:26:22,766 | INFO     |   → 626/1175: ✅ 14 взято | 🗑️ 282 мусор
2026-06-11 20:26:22,766 | INFO     |   → 627/1175: ✅ 0 взято | 🗑️ 94 мусор
2026-06-11 20:26:22,766 | INFO     |   → 628/1175: ✅ 0 взято | 🗑️ 0 мусор
2026-06-11 20:26:22,766 | INFO     |   → 629/1175: ✅ 0 взято | 🗑️ 0 мусор
2026-06-11 20:26:22,766 | INFO     |   → 630/1175 ❌ HTTP 404 — https://raw.githubusercontent.com/Kwinshadow/TelegramV2rayCollector/raw/refs/heads/main/sublinks/mix.txt
2026-06-11 20:26:22,766 | INFO     |   → 631/1175 ❌ HTTP 404 — https://raw.githubusercontent.com/LalatinaHub/Mineral/raw/refs/heads/master/result/nodes
2026-06-11 20:26:22,766 | INFO     |   → 632/1175 ❌ HTTP 404 — https://raw.githubusercontent.com/Leon406/SubCrawler/main/sub/share/all3
2026-06-11 20:26:22,766 | INFO     |   → 633/1175 ❌ HTTP 404 — https://raw.githubusercontent.com/Leon406/SubCrawler/main/sub/share/all4
2026-06-11 20:26:22,766 | INFO     |   → 634/1175: ✅ 4 взято | 🗑️ 335 мусор
2026-06-11 20:26:22,766 | INFO     |   → 635/1175: ✅ 0 взято | 🗑️ 33 мусор
2026-06-11 20:26:22,766 | INFO     |   → 636/1175: ✅ 0 взято | 🗑️ 6 мусор
2026-06-11 20:26:22,766 | INFO     |   → 637/1175: ✅ 0 взято | 🗑️ 147 мусор
2026-06-11 20:26:22,767 | INFO     |   → 638/1175 ❌ HTTP 404 — https://raw.githubusercontent.com/M-Mashreghi/free-config-collector/main/Splitted-By-Protocol/ssr.txt
2026-06-11 20:26:22,767 | INFO     |   → 639/1175: ✅ 139 взято | 🗑️ 114 мусор
2026-06-11 20:26:22,767 | INFO     |   → 640/1175: ✅ 126 взято | 🗑️ 137 мусор
2026-06-11 20:26:22,767 | INFO     |   → 641/1175: ✅ 0 взято | 🗑️ 12 мусор
2026-06-11 20:26:22,767 | INFO     |   → 642/1175: ✅ 0 взято | 🗑️ 1 мусор
2026-06-11 20:26:22,767 | INFO     |   → 643/1175: ✅ 353 взято | 🗑️ 38 мусор
2026-06-11 20:26:22,767 | INFO     |   → 644/1175: ✅ 0 взято | 🗑️ 38 мусор
2026-06-11 20:26:22,767 | INFO     |   → 645/1175 ❌ HTTP 404 — https://raw.githubusercontent.com/MatinGhanbari/v2ray-configs/main/subscriptions/filtered/subs/hy2.txt
2026-06-11 20:26:22,767 | INFO     |   → 646/1175: ✅ 28 взято | 🗑️ 1550 мусор
2026-06-11 20:26:22,767 | INFO     |   → 647/1175 ❌ HTTP 404 — https://raw.githubusercontent.com/MatinGhanbari/v2ray-configs/main/subscriptions/filtered/subs/ssr.txt
2026-06-11 20:26:22,767 | INFO     |   → 648/1175: ✅ 63 взято | 🗑️ 547 мусор
2026-06-11 20:26:22,767 | INFO     |   → 649/1175 ❌ HTTP 404 — https://raw.githubusercontent.com/MatinGhanbari/v2ray-configs/main/subscriptions/filtered/subs/tuic.txt
2026-06-11 20:26:22,767 | INFO     |   → 650/1175: ✅ 5 взято | 🗑️ 51 мусор
2026-06-11 20:26:22,767 | INFO     |   → 651/1175: ✅ 261 взято | 🗑️ 1450 мусор
2026-06-11 20:26:22,767 | INFO     |   → 652/1175: ✅ 0 взято | 🗑️ 2 мусор
2026-06-11 20:26:22,767 | INFO     |   → 653/1175: ✅ 231 взято | 🗑️ 1527 мусор
2026-06-11 20:26:22,767 | INFO     |   → 654/1175: ✅ 0 взято | 🗑️ 739 мусор
2026-06-11 20:26:22,767 | INFO     |   → 655/1175: ✅ 0 взято | 🗑️ 739 мусор
2026-06-11 20:26:22,767 | INFO     |   → 656/1175: ✅ 0 взято | 🗑️ 120 мусор
2026-06-11 20:26:22,768 | INFO     |   → 657/1175: ✅ 0 взято | 🗑️ 2 мусор
2026-06-11 20:26:22,768 | INFO     |   → 658/1175: ✅ 0 взято | 🗑️ 586 мусор
2026-06-11 20:26:22,768 | INFO     |   → 659/1175: ✅ 0 взято | 🗑️ 88 мусор
2026-06-11 20:26:22,768 | INFO     |   → 660/1175 ❌ HTTP 404 — https://raw.githubusercontent.com/MhdiTaheri/V2rayCollector/raw/refs/heads/main/sub/mix
2026-06-11 20:26:22,768 | INFO     |   → 661/1175: ✅ 53 взято | 🗑️ 267 мусор
2026-06-11 20:26:22,768 | INFO     |   → 662/1175 ❌ HTTP 404 — https://raw.githubusercontent.com/MhdiTaheri/V2rayCollector_Py/raw/refs/heads/main/sub/Mix/mix.txt
2026-06-11 20:26:22,768 | INFO     |   → 663/1175: ✅ 0 взято | 🗑️ 0 мусор
2026-06-11 20:26:22,768 | INFO     |   → 664/1175: ✅ 43 взято | 🗑️ 217 мусор
2026-06-11 20:26:22,768 | INFO     |   → 665/1175: ✅ 0 взято | 🗑️ 31 мусор
2026-06-11 20:26:22,768 | INFO     |   → 666/1175: ✅ 93 взято | 🗑️ 282 мусор
2026-06-11 20:26:22,768 | INFO     |   → 667/1175: ✅ 0 взято | 🗑️ 26 мусор
2026-06-11 20:26:22,768 | INFO     |   → 668/1175 ❌ HTTP 404 — https://raw.githubusercontent.com/MrMohebi/xray-proxy-grabber-telegram/master/collected-proxies/clash-meta/all.yaml
2026-06-11 20:26:22,768 | INFO     |   → 669/1175 ❌ HTTP 404 — https://raw.githubusercontent.com/MrMohebi/xray-proxy-grabber-telegram/master/collected-proxies/row-url/actives.txt
2026-06-11 20:26:22,768 | INFO     |   → 670/1175 ❌ HTTP 404 — https://raw.githubusercontent.com/MrMohebi/xray-proxy-grabber-telegram/master/collected-proxies/row-url/all.txt
2026-06-11 20:26:22,768 | INFO     |   → 671/1175: ✅ 0 взято | 🗑️ 13 мусор
2026-06-11 20:26:22,768 | INFO     |   → 672/1175: ✅ 0 взято | 🗑️ 13 мусор
2026-06-11 20:26:22,768 | INFO     |   → 673/1175: ✅ 5 взято | 🗑️ 15 мусор
2026-06-11 20:26:22,768 | INFO     |   → 674/1175: ✅ 0 взято | 🗑️ 30 мусор
2026-06-11 20:26:22,768 | INFO     |   → 675/1175: ✅ 0 взято | 🗑️ 15 мусор
2026-06-11 20:26:22,769 | INFO     |   → 676/1175: ✅ 66 взято | 🗑️ 123 мусор
2026-06-11 20:26:22,769 | INFO     |   → 677/1175: ✅ 133 взято | 🗑️ 65 мусор
2026-06-11 20:26:22,769 | INFO     |   → 678/1175: ✅ 0 взято | 🗑️ 0 мусор
2026-06-11 20:26:22,769 | INFO     |   → 679/1175 ❌ HTTP 404 — https://raw.githubusercontent.com/OpenCNLink/freevpn/3cfcff048bfdd1493ccffa52ecf30ce7f9fc6b28/src/list/vmess.txt
2026-06-11 20:26:22,769 | INFO     |   → 680/1175 ❌ HTTP 404 — https://raw.githubusercontent.com/Pawdro/Collection/main/sub
2026-06-11 20:26:22,769 | INFO     |   → 681/1175: ✅ 0 взято | 🗑️ 7 мусор
2026-06-11 20:26:22,769 | INFO     |   → 682/1175: ✅ 0 взято | 🗑️ 7 мусор
2026-06-11 20:26:22,769 | INFO     |   → 683/1175: ✅ 0 взято | 🗑️ 0 мусор
2026-06-11 20:26:22,769 | INFO     |   → 684/1175: ✅ 0 взято | 🗑️ 0 мусор
2026-06-11 20:26:22,769 | INFO     |   → 685/1175: ✅ 0 взято | 🗑️ 50 мусор
2026-06-11 20:26:22,769 | INFO     |   → 686/1175: ✅ 5 взято | 🗑️ 206 мусор
2026-06-11 20:26:22,769 | INFO     |   → 687/1175: ✅ 21 взято | 🗑️ 138 мусор
2026-06-11 20:26:22,769 | INFO     |   → 688/1175: ✅ 23 взято | 🗑️ 89 мусор
2026-06-11 20:26:22,769 | INFO     |   → 689/1175: ✅ 9 взято | 🗑️ 85 мусор
2026-06-11 20:26:22,769 | INFO     |   → 690/1175: ✅ 0 взято | 🗑️ 129 мусор
2026-06-11 20:26:22,769 | INFO     |   → 691/1175: ✅ 0 взято | 🗑️ 81 мусор
2026-06-11 20:26:22,769 | INFO     |   → 692/1175 ❌ HTTP 404 — https://raw.githubusercontent.com/STR97/STRUGOV/refs/heads/main/STR.BYPASS
2026-06-11 20:26:22,769 | INFO     |   → 693/1175: ✅ 4 взято | 🗑️ 34 мусор
2026-06-11 20:26:22,769 | INFO     |   → 694/1175: ✅ 11 взято | 🗑️ 16 мусор
2026-06-11 20:26:22,770 | INFO     |   → 695/1175: ✅ 0 взято | 🗑️ 16 мусор
2026-06-11 20:26:22,770 | INFO     |   → 696/1175: ✅ 0 взято | 🗑️ 27 мусор
2026-06-11 20:26:22,770 | INFO     |   → 697/1175: ✅ 140 взято | 🗑️ 1153 мусор
2026-06-11 20:26:22,770 | INFO     |   → 698/1175: ✅ 29 взято | 🗑️ 54 мусор
2026-06-11 20:26:22,770 | INFO     |   → 699/1175: ✅ 0 взято | 🗑️ 5 мусор
2026-06-11 20:26:22,770 | INFO     |   → 700/1175: ✅ 1 взято | 🗑️ 0 мусор
2026-06-11 20:26:22,770 | INFO     |   → 701/1175: ✅ 0 взято | 🗑️ 42 мусор
2026-06-11 20:26:22,770 | INFO     |   → 702/1175: ✅ 0 взято | 🗑️ 5 мусор
2026-06-11 20:26:22,770 | INFO     |   → 703/1175: ✅ 0 взято | 🗑️ 42 мусор
2026-06-11 20:26:22,770 | INFO     |   → 704/1175: ✅ 4 взято | 🗑️ 291 мусор
2026-06-11 20:26:22,770 | INFO     |   → 705/1175: ✅ 0 взято | 🗑️ 119 мусор
2026-06-11 20:26:22,770 | INFO     |   → 706/1175: ✅ 0 взято | 🗑️ 0 мусор
2026-06-11 20:26:22,770 | INFO     |   → 707/1175 ❌ HTTP 404 — https://raw.githubusercontent.com/V2RAYCONFIGSPOOL/V2RAY_SUB/main/V2RAY_SUB.txt
2026-06-11 20:26:22,770 | INFO     |   → 708/1175: ✅ 74 взято | 🗑️ 155 мусор
2026-06-11 20:26:22,770 | INFO     |   → 709/1175: ✅ 16 взято | 🗑️ 17 мусор
2026-06-11 20:26:22,770 | INFO     |   → 710/1175: ✅ 0 взято | 🗑️ 0 мусор
2026-06-11 20:26:22,770 | INFO     |   → 711/1175: ✅ 0 взято | 🗑️ 17 мусор
2026-06-11 20:26:22,770 | INFO     |   → 712/1175: ✅ 58 взято | 🗑️ 348 мусор
2026-06-11 20:26:22,770 | INFO     |   → 713/1175: ✅ 0 взято | 🗑️ 0 мусор
2026-06-11 20:26:22,771 | INFO     |   → 714/1175: ✅ 6 взято | 🗑️ 245 мусор
2026-06-11 20:26:22,771 | INFO     |   → 715/1175: ✅ 0 взято | 🗑️ 0 мусор
2026-06-11 20:26:22,771 | INFO     |   → 716/1175: ✅ 3 взято | 🗑️ 322 мусор
2026-06-11 20:26:22,771 | INFO     |   → 717/1175: ✅ 0 взято | 🗑️ 0 мусор
2026-06-11 20:26:22,771 | INFO     |   → 718/1175: ✅ 0 взято | 🗑️ 0 мусор
2026-06-11 20:26:22,771 | INFO     |   → 719/1175: ✅ 3 взято | 🗑️ 268 мусор
2026-06-11 20:26:22,771 | INFO     |   → 720/1175: ✅ 1 взято | 🗑️ 251 мусор
2026-06-11 20:26:22,771 | INFO     |   → 721/1175: ✅ 1 взято | 🗑️ 231 мусор
2026-06-11 20:26:22,771 | INFO     |   → 722/1175: ✅ 0 взято | 🗑️ 0 мусор
2026-06-11 20:26:22,771 | INFO     |   → 723/1175: ✅ 1 взято | 🗑️ 83 мусор
2026-06-11 20:26:22,771 | INFO     |   → 724/1175: ✅ 0 взято | 🗑️ 16 мусор
2026-06-11 20:26:22,771 | INFO     |   → 725/1175: ✅ 0 взято | 🗑️ 16 мусор
2026-06-11 20:26:22,771 | INFO     |   → 726/1175 ❌ HTTP 404 — https://raw.githubusercontent.com/aiboboxx/clashfree/main/clash.yml
2026-06-11 20:26:22,771 | INFO     |   → 727/1175 ❌ HTTP 404 — https://raw.githubusercontent.com/aiboboxx/v2rayfree/main/v2
2026-06-11 20:26:22,771 | INFO     |   → 728/1175 ❌ HTTP 404 — https://raw.githubusercontent.com/amirmohammad-mohammad-88/Sub-Reality-Azadi-config/Config/Azadi-Reality-Different
2026-06-11 20:26:22,771 | INFO     |   → 729/1175 ❌ HTTP 404 — https://raw.githubusercontent.com/amirmohammad-mohammad-88/Sub-Reality-Azadi-config/Config/Azadi-Reality-Different-Base64
2026-06-11 20:26:22,771 | INFO     |   → 730/1175: ✅ 1 взято | 🗑️ 17 мусор
2026-06-11 20:26:22,771 | INFO     |   → 731/1175: ✅ 0 взято | 🗑️ 0 мусор
2026-06-11 20:26:22,771 | INFO     |   → 732/1175: ✅ 4 взято | 🗑️ 114 мусор
2026-06-11 20:26:22,772 | INFO     |   → 733/1175: ✅ 22 взято | 🗑️ 55 мусор
2026-06-11 20:26:22,772 | INFO     |   → 734/1175 ❌ HTTP 404 — https://raw.githubusercontent.com/awesome-vpn/awesome-vpn/master/ss
2026-06-11 20:26:22,772 | INFO     |   → 735/1175 ❌ HTTP 404 — https://raw.githubusercontent.com/awesome-vpn/awesome-vpn/master/ssr
2026-06-11 20:26:22,772 | INFO     |   → 736/1175: ✅ 0 взято | 🗑️ 0 мусор
2026-06-11 20:26:22,772 | INFO     |   → 737/1175: ✅ 1 взято | 🗑️ 22 мусор
2026-06-11 20:26:22,772 | INFO     |   → 738/1175: ✅ 0 взято | 🗑️ 435 мусор
2026-06-11 20:26:22,772 | INFO     |   → 739/1175 ❌ HTTP 404 — https://raw.githubusercontent.com/barry-far/V2ray-Configs/ced94ddfff48276ec365b40227561f36b1b64bc8/Sub5.txt
2026-06-11 20:26:22,772 | INFO     |   → 740/1175 ❌ HTTP 404 — https://raw.githubusercontent.com/barry-far/V2ray-Configs/main/Splitted-By-Protocol/hysteria2.txt
2026-06-11 20:26:22,772 | INFO     |   → 741/1175 ❌ HTTP 404 — https://raw.githubusercontent.com/barry-far/V2ray-Configs/main/Splitted-By-Protocol/vless.txt
2026-06-11 20:26:22,772 | INFO     |   → 742/1175 ❌ HTTP 404 — https://raw.githubusercontent.com/barry-far/V2ray-Configs/main/Sub1.txt
2026-06-11 20:26:22,772 | INFO     |   → 743/1175 ❌ HTTP 404 — https://raw.githubusercontent.com/barry-far/V2ray-Configs/refs/heads/main/All_Configs_Sub.txt
2026-06-11 20:26:22,772 | INFO     |   → 744/1175: ✅ 0 взято | 🗑️ 0 мусор
2026-06-11 20:26:22,772 | INFO     |   → 745/1175 ❌ HTTP 404 — https://raw.githubusercontent.com/budamu/clashconfig/main/v2ray.txt
2026-06-11 20:26:22,772 | INFO     |   → 746/1175 ❌ HTTP 404 — https://raw.githubusercontent.com/budamu/clashconfig/main/v2ray2.txt
2026-06-11 20:26:22,772 | INFO     |   → 747/1175: ✅ 0 взято | 🗑️ 0 мусор
2026-06-11 20:26:22,772 | INFO     |   → 748/1175: ✅ 0 взято | 🗑️ 442 мусор
2026-06-11 20:26:22,772 | INFO     |   → 749/1175: ✅ 0 взято | 🗑️ 0 мусор
2026-06-11 20:26:22,772 | INFO     |   → 750/1175 ❌ HTTP 404 — https://raw.githubusercontent.com/chxxyz2004/zd/17fca23b73c46b5dd73e9be49b14d219b5e5f836/sub/2401/240110.txt
2026-06-11 20:26:22,772 | INFO     |   → 751/1175: ✅ 0 взято | 🗑️ 44 мусор
2026-06-11 20:26:22,773 | INFO     |   → 752/1175: ✅ 236 взято | 🗑️ 517 мусор
2026-06-11 20:26:22,773 | INFO     |   → 753/1175 ❌ HTTP 404 — https://raw.githubusercontent.com/cxr9912/cxr2022/main/free.yaml
2026-06-11 20:26:22,773 | INFO     |   → 754/1175 ❌ HTTP 404 — https://raw.githubusercontent.com/cxr9912/cxr2022/main/mix.yaml
2026-06-11 20:26:22,773 | INFO     |   → 755/1175 ❌ HTTP 404 — https://raw.githubusercontent.com/cxr9912/cxr2022/main/ss.yaml
2026-06-11 20:26:22,773 | INFO     |   → 756/1175 ❌ HTTP 404 — https://raw.githubusercontent.com/cxr9912/cxr2022/main/ssr.yaml
2026-06-11 20:26:22,773 | INFO     |   → 757/1175 ❌ HTTP 404 — https://raw.githubusercontent.com/cxr9912/cxr2022/main/vmess.yaml
2026-06-11 20:26:22,773 | INFO     |   → 758/1175 ❌ HTTP 404 — https://raw.githubusercontent.com/cxr9912/cxr2022/refs/heads/main/18cj.json
2026-06-11 20:26:22,773 | INFO     |   → 759/1175 ❌ HTTP 404 — https://raw.githubusercontent.com/cxr9912/cxr2022/refs/heads/main/aaaaaaaa.yaml
2026-06-11 20:26:22,773 | INFO     |   → 760/1175 ❌ HTTP 404 — https://raw.githubusercontent.com/cxr9912/cxr2022/refs/heads/main/free.yaml
2026-06-11 20:26:22,773 | INFO     |   → 761/1175 ❌ HTTP 404 — https://raw.githubusercontent.com/cxr9912/cxr2022/refs/heads/main/ss2088.txt
2026-06-11 20:26:22,773 | INFO     |   → 762/1175: ✅ 0 взято | 🗑️ 18 мусор
2026-06-11 20:26:22,773 | INFO     |   → 763/1175: ✅ 0 взято | 🗑️ 18 мусор
2026-06-11 20:26:22,773 | INFO     |   → 764/1175: ✅ 6 взято | 🗑️ 78 мусор
2026-06-11 20:26:22,773 | INFO     |   → 765/1175: ✅ 6 взято | 🗑️ 4 мусор
2026-06-11 20:26:22,773 | INFO     |   → 766/1175: ✅ 0 взято | 🗑️ 2 мусор
2026-06-11 20:26:22,773 | INFO     |   → 767/1175: ✅ 0 взято | 🗑️ 2 мусор
2026-06-11 20:26:22,773 | INFO     |   → 768/1175: ✅ 14 взято | 🗑️ 5 мусор
2026-06-11 20:26:22,773 | INFO     |   → 769/1175: ✅ 0 взято | 🗑️ 2 мусор
2026-06-11 20:26:22,773 | INFO     |   → 770/1175: ✅ 0 взято | 🗑️ 2 мусор
2026-06-11 20:26:22,774 | INFO     |   → 771/1175: ✅ 0 взято | 🗑️ 2 мусор
2026-06-11 20:26:22,774 | INFO     |   → 772/1175: ✅ 1 взято | 🗑️ 1 мусор
2026-06-11 20:26:22,774 | INFO     |   → 773/1175: ✅ 0 взято | 🗑️ 5 мусор
2026-06-11 20:26:22,774 | INFO     |   → 774/1175: ✅ 0 взято | 🗑️ 2 мусор
2026-06-11 20:26:22,774 | INFO     |   → 775/1175: ✅ 0 взято | 🗑️ 0 мусор
2026-06-11 20:26:22,774 | INFO     |   → 776/1175: ✅ 9486 взято | 🗑️ 172819 мусор
2026-06-11 20:26:22,774 | INFO     |   → 777/1175: ✅ 4 взято | 🗑️ 135 мусор
2026-06-11 20:26:22,774 | INFO     |   → 778/1175: ✅ 6 взято | 🗑️ 113 мусор
2026-06-11 20:26:22,774 | INFO     |   → 779/1175: ✅ 0 взято | 🗑️ 0 мусор
2026-06-11 20:26:22,774 | INFO     |   → 780/1175: ✅ 7 взято | 🗑️ 19 мусор
2026-06-11 20:26:22,774 | INFO     |   → 781/1175: ✅ 0 взято | 🗑️ 0 мусор
2026-06-11 20:26:22,774 | INFO     |   → 782/1175: ✅ 13 взято | 🗑️ 19 мусор
2026-06-11 20:26:22,774 | INFO     |   → 783/1175: ✅ 0 взято | 🗑️ 5 мусор
2026-06-11 20:26:22,774 | INFO     |   → 784/1175: ✅ 2 взято | 🗑️ 80 мусор
2026-06-11 20:26:22,774 | INFO     |   → 785/1175 ❌ HTTP 404 — https://raw.githubusercontent.com/free-nodes/v2rayfree/main/v2
2026-06-11 20:26:22,774 | INFO     |   → 786/1175 ❌ HTTP 404 — https://raw.githubusercontent.com/free-v2ray-config/trojan/main/trojan.txt
2026-06-11 20:26:22,774 | INFO     |   → 787/1175 ❌ HTTP 404 — https://raw.githubusercontent.com/free-v2ray-config/vless/main/vless.txt
2026-06-11 20:26:22,774 | INFO     |   → 788/1175 ❌ HTTP 404 — https://raw.githubusercontent.com/free-v2ray-config/vmess/main/vmess.txt
2026-06-11 20:26:22,774 | INFO     |   → 789/1175: ✅ 5 взято | 🗑️ 169 мусор
2026-06-11 20:26:22,775 | INFO     |   → 790/1175: ✅ 34 взято | 🗑️ 121 мусор
2026-06-11 20:26:22,775 | INFO     |   → 791/1175: ✅ 4 взято | 🗑️ 97 мусор
2026-06-11 20:26:22,775 | INFO     |   → 792/1175 ❌ HTTP 404 — https://raw.githubusercontent.com/free18/v2ray/main/Clash.yaml
2026-06-11 20:26:22,775 | INFO     |   → 793/1175: ✅ 0 взято | 🗑️ 0 мусор
2026-06-11 20:26:22,775 | INFO     |   → 794/1175: ✅ 0 взято | 🗑️ 15 мусор
2026-06-11 20:26:22,775 | INFO     |   → 795/1175: ✅ 0 взято | 🗑️ 0 мусор
2026-06-11 20:26:22,775 | INFO     |   → 796/1175: ✅ 0 взято | 🗑️ 8 мусор
2026-06-11 20:26:22,775 | INFO     |   → 797/1175: ✅ 0 взято | 🗑️ 8 мусор
2026-06-11 20:26:22,775 | INFO     |   → 798/1175: ✅ 0 взято | 🗑️ 8 мусор
2026-06-11 20:26:22,775 | INFO     |   → 799/1175: ✅ 0 взято | 🗑️ 8 мусор
2026-06-11 20:26:22,775 | INFO     |   → 800/1175 ❌ HTTP 404 — https://raw.githubusercontent.com/freev2rayconfig/V2RAY_SUB/3e6a7786a1601ee3723e8d043ae79e70dbdfd9a8/v2rayconfigs.txt
2026-06-11 20:26:22,775 | INFO     |   → 801/1175 ❌ HTTP 404 — https://raw.githubusercontent.com/freev2rayconfig/V2RAY_SUBSCRIPTION_LINK/main/v2rayconfigs.txt
2026-06-11 20:26:22,775 | INFO     |   → 802/1175 ❌ HTTP 404 — https://raw.githubusercontent.com/gfpcom/free-proxy-list/main/list/http.txt
2026-06-11 20:26:22,775 | INFO     |   → 803/1175 ❌ HTTP 404 — https://raw.githubusercontent.com/gfpcom/free-proxy-list/main/list/https.txt
2026-06-11 20:26:22,775 | INFO     |   → 804/1175 ❌ HTTP 404 — https://raw.githubusercontent.com/gfpcom/free-proxy-list/main/list/socks4.txt
2026-06-11 20:26:22,775 | INFO     |   → 805/1175 ❌ HTTP 404 — https://raw.githubusercontent.com/gfpcom/free-proxy-list/main/list/socks4a.txt
2026-06-11 20:26:22,775 | INFO     |   → 806/1175 ❌ HTTP 404 — https://raw.githubusercontent.com/gfpcom/free-proxy-list/main/list/socks5.txt
2026-06-11 20:26:22,775 | INFO     |   → 807/1175 ❌ HTTP 404 — https://raw.githubusercontent.com/gfpcom/free-proxy-list/main/list/socks5h.txt
2026-06-11 20:26:22,775 | INFO     |   → 808/1175 ❌ HTTP 404 — https://raw.githubusercontent.com/gfpcom/free-proxy-list/main/list/ss.txt
2026-06-11 20:26:22,776 | INFO     |   → 809/1175 ❌ HTTP 404 — https://raw.githubusercontent.com/gfpcom/free-proxy-list/main/list/ssr.txt
2026-06-11 20:26:22,776 | INFO     |   → 810/1175 ❌ HTTP 404 — https://raw.githubusercontent.com/gfpcom/free-proxy-list/main/list/trojan.txt
2026-06-11 20:26:22,776 | INFO     |   → 811/1175 ❌ HTTP 404 — https://raw.githubusercontent.com/gfpcom/free-proxy-list/main/list/vless.txt
2026-06-11 20:26:22,776 | INFO     |   → 812/1175 ❌ HTTP 404 — https://raw.githubusercontent.com/gfpcom/free-proxy-list/main/list/vmess.txt
2026-06-11 20:26:22,776 | INFO     |   → 813/1175: ✅ 0 взято | 🗑️ 17 мусор
2026-06-11 20:26:22,776 | INFO     |   → 814/1175: ✅ 0 взято | 🗑️ 0 мусор
2026-06-11 20:26:22,776 | INFO     |   → 815/1175: ✅ 4 взято | 🗑️ 63 мусор
2026-06-11 20:26:22,776 | INFO     |   → 816/1175 ❌ HTTP 404 — https://raw.githubusercontent.com/hameed-maleki/TVC/89a4522969c57dcc22458cae9898426e5c4f2679/lite/config.txt
2026-06-11 20:26:22,776 | INFO     |   → 817/1175: ✅ 5 взято | 🗑️ 132 мусор
2026-06-11 20:26:22,776 | INFO     |   → 818/1175: ✅ 0 взято | 🗑️ 56 мусор
2026-06-11 20:26:22,776 | INFO     |   → 819/1175 ❌ HTTP 404 — https://raw.githubusercontent.com/hkaa0/permalink/main/proxy/V2ray
2026-06-11 20:26:22,776 | INFO     |   → 820/1175 ❌ HTTP 404 — https://raw.githubusercontent.com/hkaa0/permalink/main/proxy/clash
2026-06-11 20:26:22,776 | INFO     |   → 821/1175 ❌ HTTP 404 — https://raw.githubusercontent.com/hkpc/Autoproxy/6cf946ddfc677a29062007e4b47d70674474baa7/sub/2401/240110.txt
2026-06-11 20:26:22,776 | INFO     |   → 822/1175 ❌ HTTP 404 — https://raw.githubusercontent.com/hkpc/V2ray-Configs/7d9aa0dabf947af180a7dd6302818ed37950531a/Sub1.txt
2026-06-11 20:26:22,776 | INFO     |   → 823/1175: ✅ 0 взято | 🗑️ 14 мусор
2026-06-11 20:26:22,776 | INFO     |   → 824/1175: ✅ 16 взято | 🗑️ 16 мусор
2026-06-11 20:26:22,776 | INFO     |   → 825/1175 ❌ HTTP 404 — https://raw.githubusercontent.com/iboxz/free-v2ray-collector/main/main
2026-06-11 20:26:22,776 | INFO     |   → 826/1175: ✅ 21 взято | 🗑️ 17 мусор
2026-06-11 20:26:22,776 | INFO     |   → 827/1175: ✅ 13 взято | 🗑️ 16 мусор
2026-06-11 20:26:22,776 | INFO     |   → 828/1175: ✅ 106 взято | 🗑️ 189 мусор
2026-06-11 20:26:22,777 | INFO     |   → 829/1175 ❌ HTTP 404 — https://raw.githubusercontent.com/igareck/vpn-configs-for-russia/refs/heads/main/Vless-Reality-White-Lists-Rus-Cable.txt
2026-06-11 20:26:22,777 | INFO     |   → 830/1175: ✅ 90 взято | 🗑️ 20 мусор
2026-06-11 20:26:22,777 | INFO     |   → 831/1175: ✅ 0 взято | 🗑️ 0 мусор
2026-06-11 20:26:22,777 | INFO     |   → 832/1175: ✅ 0 взято | 🗑️ 0 мусор
2026-06-11 20:26:22,777 | INFO     |   → 833/1175: ✅ 23 взято | 🗑️ 9 мусор
2026-06-11 20:26:22,777 | INFO     |   → 834/1175: ✅ 0 взято | 🗑️ 0 мусор
2026-06-11 20:26:22,777 | INFO     |   → 835/1175: ✅ 0 взято | 🗑️ 0 мусор
2026-06-11 20:26:22,777 | INFO     |   → 836/1175: ✅ 0 взято | 🗑️ 12 мусор
2026-06-11 20:26:22,777 | INFO     |   → 837/1175: ✅ 0 взято | 🗑️ 43 мусор
2026-06-11 20:26:22,777 | INFO     |   → 838/1175 ❌ HTTP 404 — https://raw.githubusercontent.com/jw853355718/clash_233/master/config.yml
2026-06-11 20:26:22,777 | INFO     |   → 839/1175: ✅ 0 взято | 🗑️ 210 мусор
2026-06-11 20:26:22,777 | INFO     |   → 840/1175: ✅ 0 взято | 🗑️ 0 мусор
2026-06-11 20:26:22,777 | INFO     |   → 841/1175: ✅ 0 взято | 🗑️ 0 мусор
2026-06-11 20:26:22,777 | INFO     |   → 842/1175 ❌ HTTP 404 — https://raw.githubusercontent.com/lcx12901/v2ray-/master/sspool.herokuapp.com/yzcloud.yaml
2026-06-11 20:26:22,777 | INFO     |   → 843/1175 ❌ HTTP 404 — https://raw.githubusercontent.com/lcx12901/v2ray-/master/sspool.herokuapp.com/yzcloud2.yaml
2026-06-11 20:26:22,777 | INFO     |   → 844/1175: ✅ 0 взято | 🗑️ 0 мусор
2026-06-11 20:26:22,777 | INFO     |   → 845/1175 ❌ HTTP 404 — https://raw.githubusercontent.com/learnhard-cn/free_proxy_ss/main/clash/config.yaml
2026-06-11 20:26:22,777 | INFO     |   → 846/1175: ✅ 0 взято | 🗑️ 8 мусор
2026-06-11 20:26:22,777 | INFO     |   → 847/1175: ✅ 0 взято | 🗑️ 4 мусор
2026-06-11 20:26:22,778 | INFO     |   → 848/1175: ✅ 0 взято | 🗑️ 0 мусор
2026-06-11 20:26:22,778 | INFO     |   → 849/1175: ✅ 0 взято | 🗑️ 4 мусор
2026-06-11 20:26:22,778 | INFO     |   → 850/1175: ✅ 0 взято | 🗑️ 149 мусор
2026-06-11 20:26:22,778 | INFO     |   → 851/1175: ✅ 0 взято | 🗑️ 421 мусор
2026-06-11 20:26:22,778 | INFO     |   → 852/1175 ❌ HTTP 404 — https://raw.githubusercontent.com/lisylva-lee/v2dyku/main/ssr
2026-06-11 20:26:22,778 | INFO     |   → 853/1175 ❌ HTTP 404 — https://raw.githubusercontent.com/lisylva-lee/v2dyku/main/v2dy
2026-06-11 20:26:22,778 | INFO     |   → 854/1175: ✅ 0 взято | 🗑️ 53 мусор
2026-06-11 20:26:22,778 | INFO     |   → 855/1175 ❌ HTTP 404 — https://raw.githubusercontent.com/luxl-1379/merge/77247d23def72b25226dfa741614e9b07a569c72/sub/sub_merge_base64.txt
2026-06-11 20:26:22,778 | INFO     |   → 856/1175: ✅ 146 взято | 🗑️ 343 мусор
2026-06-11 20:26:22,778 | INFO     |   → 857/1175: ✅ 0 взято | 🗑️ 118 мусор
2026-06-11 20:26:22,778 | INFO     |   → 858/1175: ✅ 613 взято | 🗑️ 3531 мусор
2026-06-11 20:26:22,778 | INFO     |   → 859/1175: ✅ 0 взято | 🗑️ 0 мусор
2026-06-11 20:26:22,778 | INFO     |   → 860/1175: ✅ 0 взято | 🗑️ 3531 мусор
2026-06-11 20:26:22,778 | INFO     |   → 861/1175: ✅ 59 взято | 🗑️ 331 мусор
2026-06-11 20:26:22,778 | INFO     |   → 862/1175 ❌ HTTP 404 — https://raw.githubusercontent.com/mermeroo/Clash-V2ray/main/v2ray
2026-06-11 20:26:22,778 | INFO     |   → 863/1175: ✅ 15 взято | 🗑️ 417 мусор
2026-06-11 20:26:22,778 | INFO     |   → 864/1175: ✅ 6 взято | 🗑️ 102 мусор
2026-06-11 20:26:22,778 | INFO     |   → 865/1175: ✅ 716 взято | 🗑️ 6258 мусор
2026-06-11 20:26:22,778 | INFO     |   → 866/1175: ✅ 8 взято | 🗑️ 853 мусор
2026-06-11 20:26:22,779 | INFO     |   → 867/1175: ✅ 32 взято | 🗑️ 69 мусор
2026-06-11 20:26:22,779 | INFO     |   → 868/1175 ❌ HTTP 404 — https://raw.githubusercontent.com/mermeroo/free-v2ray-collector/main/main/mix
2026-06-11 20:26:22,779 | INFO     |   → 869/1175 ❌ HTTP 404 — https://raw.githubusercontent.com/mermeroo/free-v2ray-collector/main/main/reality
2026-06-11 20:26:22,779 | INFO     |   → 870/1175 ❌ HTTP 404 — https://raw.githubusercontent.com/mermeroo/free-v2ray-collector/main/main/shadowsocks
2026-06-11 20:26:22,779 | INFO     |   → 871/1175 ❌ HTTP 404 — https://raw.githubusercontent.com/mermeroo/free-v2ray-collector/main/main/trojan
2026-06-11 20:26:22,779 | INFO     |   → 872/1175 ❌ HTTP 404 — https://raw.githubusercontent.com/mermeroo/free-v2ray-collector/main/main/vless
2026-06-11 20:26:22,779 | INFO     |   → 873/1175 ❌ HTTP 404 — https://raw.githubusercontent.com/mermeroo/free-v2ray-collector/main/main/vmess
2026-06-11 20:26:22,779 | INFO     |   → 874/1175 ❌ HTTP 404 — https://raw.githubusercontent.com/mfuu/v2ray/master/merge/merge.txt
2026-06-11 20:26:22,779 | INFO     |   → 875/1175: ✅ 0 взято | 🗑️ 142 мусор
2026-06-11 20:26:22,779 | INFO     |   → 876/1175: ✅ 0 взято | 🗑️ 142 мусор
2026-06-11 20:26:22,779 | INFO     |   → 877/1175: ✅ 559 взято | 🗑️ 13491 мусор
2026-06-11 20:26:22,779 | INFO     |   → 878/1175: ✅ 0 взято | 🗑️ 13491 мусор
2026-06-11 20:26:22,779 | INFO     |   → 879/1175: ✅ 0 взято | 🗑️ 2789 мусор
2026-06-11 20:26:22,779 | INFO     |   → 880/1175: ✅ 0 взято | 🗑️ 1702 мусор
2026-06-11 20:26:22,779 | INFO     |   → 881/1175: ✅ 0 взято | 🗑️ 5132 мусор
2026-06-11 20:26:22,779 | INFO     |   → 882/1175: ✅ 0 взято | 🗑️ 3868 мусор
2026-06-11 20:26:22,779 | INFO     |   → 883/1175 ❌ HTTP 404 — https://raw.githubusercontent.com/mianous/qiren/main/qiren.txt
2026-06-11 20:26:22,779 | INFO     |   → 884/1175 ❌ HTTP 404 — https://raw.githubusercontent.com/miladtahanian/V2RayCFGDumper/refs/heads/main/config.txt
2026-06-11 20:26:22,779 | INFO     |   → 885/1175 ❌ HTTP 404 — https://raw.githubusercontent.com/miladtahanian/multi-proxy-config-fetcher/refs/heads/main/configs/proxy_configs.txt
2026-06-11 20:26:22,780 | INFO     |   → 886/1175: ✅ 0 взято | 🗑️ 0 мусор
2026-06-11 20:26:22,780 | INFO     |   → 887/1175: ✅ 0 взято | 🗑️ 0 мусор
2026-06-11 20:26:22,780 | INFO     |   → 888/1175: ✅ 0 взято | 🗑️ 0 мусор
2026-06-11 20:26:22,780 | INFO     |   → 889/1175: ✅ 15 взято | 🗑️ 46 мусор
2026-06-11 20:26:22,780 | INFO     |   → 890/1175: ✅ 0 взято | 🗑️ 189 мусор
2026-06-11 20:26:22,780 | INFO     |   → 891/1175: ✅ 0 взято | 🗑️ 0 мусор
2026-06-11 20:26:22,780 | INFO     |   → 892/1175: ✅ 28 взято | 🗑️ 93 мусор
2026-06-11 20:26:22,780 | INFO     |   → 893/1175: ✅ 0 взято | 🗑️ 0 мусор
2026-06-11 20:26:22,780 | INFO     |   → 894/1175: ✅ 15 взято | 🗑️ 70 мусор
2026-06-11 20:26:22,780 | INFO     |   → 895/1175: ✅ 127 взято | 🗑️ 492 мусор
2026-06-11 20:26:22,780 | INFO     |   → 896/1175: ✅ 331 взято | 🗑️ 190 мусор
2026-06-11 20:26:22,780 | INFO     |   → 897/1175: ✅ 27 взято | 🗑️ 494 мусор
2026-06-11 20:26:22,780 | INFO     |   → 898/1175 ❌ HTTP 404 — https://raw.githubusercontent.com/obscure1990/freeVM/master/snippets/nodes.yml
2026-06-11 20:26:22,780 | INFO     |   → 899/1175 ❌ HTTP 404 — https://raw.githubusercontent.com/op30mmd/things/909b38024ba14d69dc0f95c238f63bc6e930a00f/eut.txt
2026-06-11 20:26:22,780 | INFO     |   → 900/1175 ❌ HTTP 404 — https://raw.githubusercontent.com/openRunner/clash-freenode/main/v2ray.txt
2026-06-11 20:26:22,780 | INFO     |   → 901/1175 ❌ HTTP 404 — https://raw.githubusercontent.com/oslook/clash-freenode/main/clash.yaml
2026-06-11 20:26:22,780 | INFO     |   → 902/1175: ✅ 0 взято | 🗑️ 0 мусор
2026-06-11 20:26:22,780 | INFO     |   → 903/1175: ✅ 4 взято | 🗑️ 1 мусор
2026-06-11 20:26:22,780 | INFO     |   → 904/1175: ✅ 0 взято | 🗑️ 0 мусор
2026-06-11 20:26:22,780 | INFO     |   → 905/1175: ✅ 0 взято | 🗑️ 66 мусор
2026-06-11 20:26:22,781 | INFO     |   → 906/1175: ✅ 0 взято | 🗑️ 0 мусор
2026-06-11 20:26:22,781 | INFO     |   → 907/1175: ✅ 0 взято | 🗑️ 0 мусор
2026-06-11 20:26:22,781 | INFO     |   → 908/1175: ✅ 0 взято | 🗑️ 19 мусор
2026-06-11 20:26:22,781 | INFO     |   → 909/1175: ✅ 0 взято | 🗑️ 44 мусор
2026-06-11 20:26:22,781 | INFO     |   → 910/1175: ✅ 63 взято | 🗑️ 521 мусор
2026-06-11 20:26:22,781 | INFO     |   → 911/1175: ✅ 165 взято | 🗑️ 273 мусор
2026-06-11 20:26:22,781 | INFO     |   → 912/1175: ✅ 0 взято | 🗑️ 0 мусор
2026-06-11 20:26:22,781 | INFO     |   → 913/1175: ✅ 28 взято | 🗑️ 211 мусор
2026-06-11 20:26:22,781 | INFO     |   → 914/1175: ✅ 0 взято | 🗑️ 79 мусор
2026-06-11 20:26:22,781 | INFO     |   → 915/1175: ✅ 13 взято | 🗑️ 32 мусор
2026-06-11 20:26:22,781 | INFO     |   → 916/1175: ✅ 0 взято | 🗑️ 0 мусор
2026-06-11 20:26:22,781 | INFO     |   → 917/1175: ✅ 2 взято | 🗑️ 9 мусор
2026-06-11 20:26:22,781 | INFO     |   → 918/1175: ✅ 11 взято | 🗑️ 76 мусор
2026-06-11 20:26:22,781 | INFO     |   → 919/1175: ✅ 0 взято | 🗑️ 168 мусор
2026-06-11 20:26:22,781 | INFO     |   → 920/1175: ✅ 0 взято | 🗑️ 79 мусор
2026-06-11 20:26:22,781 | INFO     |   → 921/1175: ✅ 0 взято | 🗑️ 15 мусор
2026-06-11 20:26:22,781 | INFO     |   → 922/1175 ❌ HTTP 404 — https://raw.githubusercontent.com/ronghuaxueleng/get_v2/main/pub/changfengoss.yaml
2026-06-11 20:26:22,781 | INFO     |   → 923/1175: ✅ 0 взято | 🗑️ 0 мусор
2026-06-11 20:26:22,781 | INFO     |   → 924/1175: ✅ 85 взято | 🗑️ 60 мусор
2026-06-11 20:26:22,782 | INFO     |   → 925/1175: ✅ 0 взято | 🗑️ 60 мусор
2026-06-11 20:26:22,782 | INFO     |   → 926/1175 ❌ HTTP 404 — https://raw.githubusercontent.com/rxsweet/CM_Vmess/refs/heads/main/test.txt
2026-06-11 20:26:22,782 | INFO     |   → 927/1175 ❌ HTTP 404 — https://raw.githubusercontent.com/rxsweet/proxies/main/sub/free.yaml
2026-06-11 20:26:22,782 | INFO     |   → 928/1175 ❌ HTTP 404 — https://raw.githubusercontent.com/rxsweet/proxies/main/sub/rx.yaml
2026-06-11 20:26:22,782 | INFO     |   → 929/1175 ❌ HTTP 404 — https://raw.githubusercontent.com/rxsweet/proxies/main/sub/sources/dynamicAll.yaml
2026-06-11 20:26:22,782 | INFO     |   → 930/1175 ❌ HTTP 404 — https://raw.githubusercontent.com/rxsweet/proxies/main/sub/sources/miningAll.yaml
2026-06-11 20:26:22,782 | INFO     |   → 931/1175 ❌ HTTP 404 — https://raw.githubusercontent.com/rxsweet/proxies/main/sub/srx.yaml
2026-06-11 20:26:22,782 | INFO     |   → 932/1175 ❌ HTTP 404 — https://raw.githubusercontent.com/sajad-sajadi/V2ray-Collector/raw/main/output/protocols/vmess.txt
2026-06-11 20:26:22,782 | INFO     |   → 933/1175 ❌ HTTP 404 — https://raw.githubusercontent.com/sakha1370/OpenRay/raw/refs/heads/main/output/all_valid_proxies.txt
2026-06-11 20:26:22,782 | INFO     |   → 934/1175: ✅ 53 взято | 🗑️ 399 мусор
2026-06-11 20:26:22,782 | INFO     |   → 935/1175: ✅ 0 взято | 🗑️ 399 мусор
2026-06-11 20:26:22,782 | INFO     |   → 936/1175 ❌ HTTP 404 — https://raw.githubusercontent.com/samjoeyang/subscribe/main/fly
2026-06-11 20:26:22,782 | INFO     |   → 937/1175: ✅ 0 взято | 🗑️ 0 мусор
2026-06-11 20:26:22,782 | INFO     |   → 938/1175 ❌ HTTP 404 — https://raw.githubusercontent.com/sarina-ad/v2ray/main/v2ray
2026-06-11 20:26:22,782 | INFO     |   → 939/1175 ❌ HTTP 404 — https://raw.githubusercontent.com/satrom/V2SSR/master/SSR/Sub.txt
2026-06-11 20:26:22,782 | INFO     |   → 940/1175 ❌ HTTP 404 — https://raw.githubusercontent.com/satrom/V2SSR/master/V2RAY/Sub.txt
2026-06-11 20:26:22,782 | INFO     |   → 941/1175: ✅ 8515 взято | 🗑️ 149907 мусор
2026-06-11 20:26:22,782 | INFO     |   → 942/1175: ✅ 0 взято | 🗑️ 0 мусор
2026-06-11 20:26:22,782 | INFO     |   → 943/1175: ✅ 0 взято | 🗑️ 0 мусор
2026-06-11 20:26:22,782 | INFO     |   → 944/1175: ✅ 3 взято | 🗑️ 49 мусор
2026-06-11 20:26:22,783 | INFO     |   → 945/1175: ✅ 267 взято | 🗑️ 2055 мусор
2026-06-11 20:26:22,783 | INFO     |   → 946/1175: ✅ 0 взято | 🗑️ 1032 мусор
2026-06-11 20:26:22,783 | INFO     |   → 947/1175: ✅ 0 взято | 🗑️ 81 мусор
2026-06-11 20:26:22,783 | INFO     |   → 948/1175: ✅ 0 взято | 🗑️ 915 мусор
2026-06-11 20:26:22,783 | INFO     |   → 949/1175: ✅ 0 взято | 🗑️ 27 мусор
2026-06-11 20:26:22,783 | INFO     |   → 950/1175: ✅ 0 взято | 🗑️ 2055 мусор
2026-06-11 20:26:22,783 | INFO     |   → 951/1175: ✅ 0 взято | 🗑️ 0 мусор
2026-06-11 20:26:22,783 | INFO     |   → 952/1175 ❌ HTTP 404 — https://raw.githubusercontent.com/shirkerboy/scp/main/sub
2026-06-11 20:26:22,783 | INFO     |   → 953/1175 ❌ HTTP 404 — https://raw.githubusercontent.com/snakem982/proxypool/main/nodelist.txt
2026-06-11 20:26:22,783 | INFO     |   → 954/1175: ✅ 3 взято | 🗑️ 0 мусор
2026-06-11 20:26:22,783 | INFO     |   → 955/1175 ❌ HTTP 404 — https://raw.githubusercontent.com/snakem982/proxypool/main/source/v2ray.txt
2026-06-11 20:26:22,783 | INFO     |   → 956/1175 ❌ HTTP 404 — https://raw.githubusercontent.com/soroushmirzaei/telegram-configs-collector/main/channels/protocols/hysteria
2026-06-11 20:26:22,783 | INFO     |   → 957/1175 ❌ HTTP 404 — https://raw.githubusercontent.com/soroushmirzaei/telegram-configs-collector/main/channels/protocols/juicity
2026-06-11 20:26:22,783 | INFO     |   → 958/1175 ❌ HTTP 404 — https://raw.githubusercontent.com/soroushmirzaei/telegram-configs-collector/main/channels/protocols/reality
2026-06-11 20:26:22,783 | INFO     |   → 959/1175 ❌ HTTP 404 — https://raw.githubusercontent.com/soroushmirzaei/telegram-configs-collector/main/channels/protocols/shadowsocks
2026-06-11 20:26:22,783 | INFO     |   → 960/1175 ❌ HTTP 404 — https://raw.githubusercontent.com/soroushmirzaei/telegram-configs-collector/main/channels/protocols/trojan
2026-06-11 20:26:22,783 | INFO     |   → 961/1175 ❌ HTTP 404 — https://raw.githubusercontent.com/soroushmirzaei/telegram-configs-collector/main/channels/protocols/tuic
2026-06-11 20:26:22,783 | INFO     |   → 962/1175 ❌ HTTP 404 — https://raw.githubusercontent.com/soroushmirzaei/telegram-configs-collector/main/channels/protocols/vless
2026-06-11 20:26:22,783 | INFO     |   → 963/1175 ❌ HTTP 404 — https://raw.githubusercontent.com/soroushmirzaei/telegram-configs-collector/main/channels/protocols/vmess
2026-06-11 20:26:22,784 | INFO     |   → 964/1175 ❌ HTTP 404 — https://raw.githubusercontent.com/soroushmirzaei/telegram-configs-collector/main/countries/jp/mixed
2026-06-11 20:26:22,784 | INFO     |   → 965/1175 ❌ HTTP 404 — https://raw.githubusercontent.com/soroushmirzaei/telegram-configs-collector/main/protocols/hysteria
2026-06-11 20:26:22,784 | INFO     |   → 966/1175 ❌ HTTP 404 — https://raw.githubusercontent.com/soroushmirzaei/telegram-configs-collector/main/protocols/juicity
2026-06-11 20:26:22,784 | INFO     |   → 967/1175 ❌ HTTP 404 — https://raw.githubusercontent.com/soroushmirzaei/telegram-configs-collector/main/protocols/reality
2026-06-11 20:26:22,784 | INFO     |   → 968/1175 ❌ HTTP 404 — https://raw.githubusercontent.com/soroushmirzaei/telegram-configs-collector/main/protocols/shadowsocks
2026-06-11 20:26:22,784 | INFO     |   → 969/1175 ❌ HTTP 404 — https://raw.githubusercontent.com/soroushmirzaei/telegram-configs-collector/main/protocols/trojan
2026-06-11 20:26:22,784 | INFO     |   → 970/1175 ❌ HTTP 404 — https://raw.githubusercontent.com/soroushmirzaei/telegram-configs-collector/main/protocols/tuic
2026-06-11 20:26:22,784 | INFO     |   → 971/1175 ❌ HTTP 404 — https://raw.githubusercontent.com/soroushmirzaei/telegram-configs-collector/main/protocols/vless
2026-06-11 20:26:22,784 | INFO     |   → 972/1175 ❌ HTTP 404 — https://raw.githubusercontent.com/soroushmirzaei/telegram-configs-collector/main/protocols/vmess
2026-06-11 20:26:22,784 | INFO     |   → 973/1175 ❌ HTTP 404 — https://raw.githubusercontent.com/soroushmirzaei/telegram-configs-collector/main/splitted/subscribe
2026-06-11 20:26:22,784 | INFO     |   → 974/1175 ❌ HTTP 404 — https://raw.githubusercontent.com/ssrsub/ssr/master/Clash.yml
2026-06-11 20:26:22,784 | INFO     |   → 975/1175 ❌ HTTP 404 — https://raw.githubusercontent.com/ssrsub/ssr/master/V2Ray
2026-06-11 20:26:22,784 | INFO     |   → 976/1175 ❌ HTTP 404 — https://raw.githubusercontent.com/ssrsub/ssr/master/ss-sub
2026-06-11 20:26:22,784 | INFO     |   → 977/1175 ❌ HTTP 404 — https://raw.githubusercontent.com/ssrsub/ssr/master/ssrsub
2026-06-11 20:26:22,784 | INFO     |   → 978/1175 ❌ HTTP 404 — https://raw.githubusercontent.com/ssrsub/ssr/master/trojan
2026-06-11 20:26:22,784 | INFO     |   → 979/1175: ✅ 0 взято | 🗑️ 0 мусор
2026-06-11 20:26:22,784 | INFO     |   → 980/1175: ✅ 2 взято | 🗑️ 12 мусор
2026-06-11 20:26:22,784 | INFO     |   → 981/1175: ✅ 0 взято | 🗑️ 13 мусор
2026-06-11 20:26:22,784 | INFO     |   → 982/1175: ✅ 0 взято | 🗑️ 13 мусор
2026-06-11 20:26:22,785 | INFO     |   → 983/1175 ❌ HTTP 404 — https://raw.githubusercontent.com/tbbatbb/Proxy/master/dist/clash.config.yaml
2026-06-11 20:26:22,785 | INFO     |   → 984/1175: ✅ 2 взято | 🗑️ 35 мусор
2026-06-11 20:26:22,785 | INFO     |   → 985/1175: ✅ 0 взято | 🗑️ 0 мусор
2026-06-11 20:26:22,785 | INFO     |   → 986/1175: ✅ 5 взято | 🗑️ 111 мусор
2026-06-11 20:26:22,785 | INFO     |   → 987/1175: ✅ 0 взято | 🗑️ 0 мусор
2026-06-11 20:26:22,785 | INFO     |   → 988/1175: ✅ 0 взято | 🗑️ 78 мусор
2026-06-11 20:26:22,785 | INFO     |   → 989/1175 ❌ HTTP 404 — https://raw.githubusercontent.com/v2clash/Autoproxy/a81f840ab2364124133572ec94e4b81fb0d4e58d/sub/2401/240104.txt
2026-06-11 20:26:22,785 | INFO     |   → 990/1175 ❌ HTTP 404 — https://raw.githubusercontent.com/v2clash/V2ray-Configs/31f493c584d0c7b56350f4a34d80c53ad82bcc18/Sub9.txt
2026-06-11 20:26:22,785 | INFO     |   → 991/1175: ✅ 0 взято | 🗑️ 0 мусор
2026-06-11 20:26:22,785 | INFO     |   → 992/1175: ✅ 0 взято | 🗑️ 0 мусор
2026-06-11 20:26:22,785 | INFO     |   → 993/1175: ✅ 0 взято | 🗑️ 0 мусор
2026-06-11 20:26:22,785 | INFO     |   → 994/1175: ✅ 283 взято | 🗑️ 9640 мусор
2026-06-11 20:26:22,785 | INFO     |   → 995/1175: ✅ 281 взято | 🗑️ 10086 мусор
2026-06-11 20:26:22,785 | INFO     |   → 996/1175: ✅ 280 взято | 🗑️ 9675 мусор
2026-06-11 20:26:22,785 | INFO     |   → 997/1175: ✅ 334 взято | 🗑️ 9823 мусор
2026-06-11 20:26:22,785 | INFO     |   → 998/1175: ✅ 350 взято | 🗑️ 9639 мусор
2026-06-11 20:26:22,785 | INFO     |   → 999/1175: ✅ 125 взято | 🗑️ 7919 мусор
2026-06-11 20:26:22,785 | INFO     |   → 1000/1175: ✅ 135 взято | 🗑️ 4836 мусор
2026-06-11 20:26:22,785 | INFO     |   → 1001/1175: ✅ 502 взято | 🗑️ 7659 мусор
2026-06-11 20:26:22,786 | INFO     |   → 1002/1175: ✅ 631 взято | 🗑️ 8081 мусор
2026-06-11 20:26:22,786 | INFO     |   → 1003/1175: ✅ 202 взято | 🗑️ 5131 мусор
2026-06-11 20:26:22,786 | INFO     |   → 1004/1175 ❌ HTTP 404 — https://raw.githubusercontent.com/vveg26/chromego_merge/main/sub/merged_proxies.yaml
2026-06-11 20:26:22,786 | INFO     |   → 1005/1175 ❌ HTTP 404 — https://raw.githubusercontent.com/vveg26/get_proxy/main/dist/clash.config.yaml
2026-06-11 20:26:22,786 | INFO     |   → 1006/1175: ✅ 0 взято | 🗑️ 10 мусор
2026-06-11 20:26:22,786 | INFO     |   → 1007/1175: ✅ 0 взято | 🗑️ 10 мусор
2026-06-11 20:26:22,786 | INFO     |   → 1008/1175: ✅ 0 взято | 🗑️ 4 мусор
2026-06-11 20:26:22,786 | INFO     |   → 1009/1175: ✅ 0 взято | 🗑️ 0 мусор
2026-06-11 20:26:22,786 | INFO     |   → 1010/1175: ✅ 0 взято | 🗑️ 4 мусор
2026-06-11 20:26:22,786 | INFO     |   → 1011/1175: ✅ 106 взято | 🗑️ 689 мусор
2026-06-11 20:26:22,786 | INFO     |   → 1012/1175: ✅ 48 взято | 🗑️ 841 мусор
2026-06-11 20:26:22,786 | INFO     |   → 1013/1175: ✅ 21 взято | 🗑️ 789 мусор
2026-06-11 20:26:22,786 | INFO     |   → 1014/1175: ✅ 24 взято | 🗑️ 774 мусор
2026-06-11 20:26:22,786 | INFO     |   → 1015/1175: ✅ 52 взято | 🗑️ 756 мусор
2026-06-11 20:26:22,786 | INFO     |   → 1016/1175: ✅ 191 взято | 🗑️ 745 мусор
2026-06-11 20:26:22,786 | INFO     |   → 1017/1175: ✅ 9 взято | 🗑️ 651 мусор
2026-06-11 20:26:22,786 | INFO     |   → 1018/1175: ✅ 185 взято | 🗑️ 388 мусор
2026-06-11 20:26:22,786 | INFO     |   → 1019/1175: ✅ 130 взято | 🗑️ 523 мусор
2026-06-11 20:26:22,786 | INFO     |   → 1020/1175: ✅ 67 взято | 🗑️ 533 мусор
2026-06-11 20:26:22,786 | INFO     |   → 1021/1175: ✅ 98 взято | 🗑️ 444 мусор
2026-06-11 20:26:22,786 | INFO     |   → 1022/1175: ✅ 102 взято | 🗑️ 670 мусор
2026-06-11 20:26:22,786 | INFO     |   → 1023/1175: ✅ 86 взято | 🗑️ 476 мусор
2026-06-11 20:26:22,787 | INFO     |   → 1024/1175: ✅ 95 взято | 🗑️ 657 мусор
2026-06-11 20:26:22,787 | INFO     |   → 1025/1175: ✅ 105 взято | 🗑️ 645 мусор
2026-06-11 20:26:22,787 | INFO     |   → 1026/1175: ✅ 115 взято | 🗑️ 985 мусор
2026-06-11 20:26:22,787 | INFO     |   → 1027/1175: ✅ 6 взято | 🗑️ 63 мусор
2026-06-11 20:26:22,787 | INFO     |   → 1028/1175: ✅ 7 взято | 🗑️ 62 мусор
2026-06-11 20:26:22,787 | INFO     |   → 1029/1175: ✅ 39 взято | 🗑️ 489 мусор
2026-06-11 20:26:22,787 | INFO     |   → 1030/1175: ✅ 0 взято | 🗑️ 0 мусор
2026-06-11 20:26:22,787 | INFO     |   → 1031/1175: ✅ 0 взято | 🗑️ 0 мусор
2026-06-11 20:26:22,787 | INFO     |   → 1032/1175: ✅ 0 взято | 🗑️ 0 мусор
2026-06-11 20:26:22,787 | INFO     |   → 1033/1175: ✅ 0 взято | 🗑️ 0 мусор
2026-06-11 20:26:22,787 | INFO     |   → 1034/1175: ✅ 0 взято | 🗑️ 0 мусор
2026-06-11 20:26:22,787 | INFO     |   → 1035/1175: ✅ 0 взято | 🗑️ 52 мусор
2026-06-11 20:26:22,787 | INFO     |   → 1036/1175: ✅ 5 взято | 🗑️ 10 мусор
2026-06-11 20:26:22,787 | INFO     |   → 1037/1175: ✅ 1 взято | 🗑️ 124 мусор
2026-06-11 20:26:22,787 | INFO     |   → 1038/1175: ✅ 191 взято | 🗑️ 133 мусор
2026-06-11 20:26:22,787 | INFO     |   → 1039/1175: ✅ 0 взято | 🗑️ 9 мусор
2026-06-11 20:26:22,787 | INFO     |   → 1040/1175: ✅ 7 взято | 🗑️ 698 мусор
2026-06-11 20:26:22,787 | INFO     |   → 1041/1175 ❌ HTTP 404 — https://raw.githubusercontent.com/xiaozhu2007/xiaozhu2007/61a755a044dbaeea678bc2d1e20f21a21c6d7170/docs/fxxk.txt
2026-06-11 20:26:22,787 | INFO     |   → 1042/1175: ✅ 1 взято | 🗑️ 159 мусор
2026-06-11 20:26:22,787 | INFO     |   → 1043/1175: ✅ 0 взято | 🗑️ 22 мусор
2026-06-11 20:26:22,787 | INFO     |   → 1044/1175: ✅ 0 взято | 🗑️ 0 мусор
2026-06-11 20:26:22,787 | INFO     |   → 1045/1175 ❌ HTTP 404 — https://raw.githubusercontent.com/yebekhe/TVC/0f745f92bf381e505f1245abbc7c145b19b11503/config.txt
2026-06-11 20:26:22,788 | INFO     |   → 1046/1175 ❌ HTTP 404 — https://raw.githubusercontent.com/yebekhe/TVC/9fac69239c69327fb7a61f5a8d79d107133889e1/lite/config.txt
2026-06-11 20:26:22,788 | INFO     |   → 1047/1175 ❌ HTTP 404 — https://raw.githubusercontent.com/yebekhe/TelegramV2rayCollector/main/sub/normal/donated
2026-06-11 20:26:22,788 | INFO     |   → 1048/1175 ❌ HTTP 404 — https://raw.githubusercontent.com/yebekhe/TelegramV2rayCollector/main/sub/normal/hysteria2
2026-06-11 20:26:22,788 | INFO     |   → 1049/1175 ❌ HTTP 404 — https://raw.githubusercontent.com/yebekhe/TelegramV2rayCollector/main/sub/normal/mix
2026-06-11 20:26:22,788 | INFO     |   → 1050/1175 ❌ HTTP 404 — https://raw.githubusercontent.com/yebekhe/TelegramV2rayCollector/main/sub/normal/reality
2026-06-11 20:26:22,788 | INFO     |   → 1051/1175 ❌ HTTP 404 — https://raw.githubusercontent.com/yebekhe/TelegramV2rayCollector/main/sub/normal/shadowsocks
2026-06-11 20:26:22,788 | INFO     |   → 1052/1175 ❌ HTTP 404 — https://raw.githubusercontent.com/yebekhe/TelegramV2rayCollector/main/sub/normal/trojan
2026-06-11 20:26:22,788 | INFO     |   → 1053/1175 ❌ HTTP 404 — https://raw.githubusercontent.com/yebekhe/TelegramV2rayCollector/main/sub/normal/tuic
2026-06-11 20:26:22,788 | INFO     |   → 1054/1175 ❌ HTTP 404 — https://raw.githubusercontent.com/yebekhe/TelegramV2rayCollector/main/sub/normal/vless
2026-06-11 20:26:22,788 | INFO     |   → 1055/1175 ❌ HTTP 404 — https://raw.githubusercontent.com/yebekhe/TelegramV2rayCollector/main/sub/normal/vmess
2026-06-11 20:26:22,788 | INFO     |   → 1056/1175 ❌ HTTP 404 — https://raw.githubusercontent.com/yebekhe/V2Hub/main/Split/Normal/shadowsocks
2026-06-11 20:26:22,788 | INFO     |   → 1057/1175 ❌ HTTP 404 — https://raw.githubusercontent.com/yebekhe/V2Hub/main/merged
2026-06-11 20:26:22,788 | INFO     |   → 1058/1175: ✅ 0 взято | 🗑️ 30 мусор
2026-06-11 20:26:22,788 | INFO     |   → 1059/1175: ✅ 1130 взято | 🗑️ 10126 мусор
2026-06-11 20:26:22,788 | INFO     |   → 1060/1175: ✅ 12 взято | 🗑️ 604 мусор
2026-06-11 20:26:22,788 | INFO     |   → 1061/1175: ✅ 16 взято | 🗑️ 353 мусор
2026-06-11 20:26:22,788 | INFO     |   → 1062/1175: ✅ 216 взято | 🗑️ 359 мусор
2026-06-11 20:26:22,788 | INFO     |   → 1063/1175: ✅ 114 взято | 🗑️ 1810 мусор
2026-06-11 20:26:22,788 | INFO     |   → 1064/1175: ✅ 1 взято | 🗑️ 575 мусор
2026-06-11 20:26:22,789 | INFO     |   → 1065/1175 ❌ HTTP 404 — https://raw.githubusercontent.com/yyyr-otz/tele-providers-collector/019cb3e07ee52fddbc7caa54fc670c6b9bae6539/sub/proxies.txt
2026-06-11 20:26:22,789 | INFO     |   → 1066/1175 ❌ HTTP 404 — https://raw.githubusercontent.com/yyyr-otz/tele-providers-collector/b7a74ee98bcf02c5a507d688a1bed3aa9f7f4ed1/script/raw/protocols/mixed.txt
2026-06-11 20:26:22,789 | INFO     |   → 1067/1175: ✅ 0 взято | 🗑️ 0 мусор
2026-06-11 20:26:22,789 | INFO     |   → 1068/1175: ✅ 0 взято | 🗑️ 0 мусор
2026-06-11 20:26:22,789 | INFO     |   → 1069/1175: ✅ 1 взято | 🗑️ 18 мусор
2026-06-11 20:26:22,789 | INFO     |   → 1070/1175: ✅ 0 взято | 🗑️ 28 мусор
2026-06-11 20:26:22,789 | INFO     |   → 1071/1175: ✅ 0 взято | 🗑️ 5 мусор
2026-06-11 20:26:22,789 | INFO     |   → 1072/1175: ✅ 0 взято | 🗑️ 0 мусор
2026-06-11 20:26:22,789 | INFO     |   → 1073/1175 ⚠️ Ошибка: ('Connection aborted.', RemoteDisconnected('Remote end closed connection without response')) — https://sub.pmsub.me/clash.yaml
2026-06-11 20:26:22,789 | INFO     |   → 1074/1175: ✅ 0 взято | 🗑️ 1 мусор
2026-06-11 20:26:22,789 | INFO     |   → 1075/1175: ✅ 8 взято | 🗑️ 21 мусор
2026-06-11 20:26:22,789 | INFO     |   → 1076/1175: ✅ 0 взято | 🗑️ 0 мусор
2026-06-11 20:26:22,789 | INFO     |   → 1077/1175: ✅ 9 взято | 🗑️ 19 мусор
2026-06-11 20:26:22,789 | INFO     |   → 1078/1175: ✅ 0 взято | 🗑️ 0 мусор
2026-06-11 20:26:22,789 | INFO     |   → 1079/1175: ✅ 2 взято | 🗑️ 14 мусор
2026-06-11 20:26:22,789 | INFO     |   → 1080/1175: ✅ 4 взято | 🗑️ 22 мусор
2026-06-11 20:26:22,789 | INFO     |   → 1081/1175: ✅ 0 взято | 🗑️ 0 мусор
2026-06-11 20:26:22,789 | INFO     |   → 1082/1175: ✅ 0 взято | 🗑️ 0 мусор
2026-06-11 20:26:22,789 | INFO     |   → 1083/1175: ✅ 0 взято | 🗑️ 0 мусор
2026-06-11 20:26:22,790 | INFO     |   → 1084/1175: ✅ 2 взято | 🗑️ 16 мусор
2026-06-11 20:26:22,790 | INFO     |   → 1085/1175: ✅ 0 взято | 🗑️ 0 мусор
2026-06-11 20:26:22,790 | INFO     |   → 1086/1175: ✅ 4 взято | 🗑️ 7 мусор
2026-06-11 20:26:22,790 | INFO     |   → 1087/1175: ✅ 0 взято | 🗑️ 0 мусор
2026-06-11 20:26:22,790 | INFO     |   → 1088/1175: ✅ 6 взято | 🗑️ 14 мусор
2026-06-11 20:26:22,790 | INFO     |   → 1089/1175: ✅ 0 взято | 🗑️ 0 мусор
2026-06-11 20:26:22,790 | INFO     |   → 1090/1175: ✅ 2 взято | 🗑️ 13 мусор
2026-06-11 20:26:22,790 | INFO     |   → 1091/1175: ✅ 0 взято | 🗑️ 0 мусор
2026-06-11 20:26:22,790 | INFO     |   → 1092/1175: ✅ 0 взято | 🗑️ 0 мусор
2026-06-11 20:26:22,790 | INFO     |   → 1093/1175: ✅ 2 взято | 🗑️ 7 мусор
2026-06-11 20:26:22,790 | INFO     |   → 1094/1175: ✅ 1 взято | 🗑️ 14 мусор
2026-06-11 20:26:22,790 | INFO     |   → 1095/1175: ✅ 2 взято | 🗑️ 14 мусор
2026-06-11 20:26:22,790 | INFO     |   → 1096/1175: ✅ 0 взято | 🗑️ 0 мусор
2026-06-11 20:26:22,790 | INFO     |   → 1097/1175: ✅ 3 взято | 🗑️ 22 мусор
2026-06-11 20:26:22,790 | INFO     |   → 1098/1175: ✅ 0 взято | 🗑️ 0 мусор
2026-06-11 20:26:22,790 | INFO     |   → 1099/1175: ✅ 2 взято | 🗑️ 15 мусор
2026-06-11 20:26:22,790 | INFO     |   → 1100/1175: ✅ 3 взято | 🗑️ 12 мусор
2026-06-11 20:26:22,790 | INFO     |   → 1101/1175: ✅ 0 взято | 🗑️ 0 мусор
2026-06-11 20:26:22,790 | INFO     |   → 1102/1175: ✅ 0 взято | 🗑️ 0 мусор
2026-06-11 20:26:22,791 | INFO     |   → 1103/1175: ✅ 0 взято | 🗑️ 0 мусор
2026-06-11 20:26:22,791 | INFO     |   → 1104/1175: ✅ 4 взято | 🗑️ 11 мусор
2026-06-11 20:26:22,791 | INFO     |   → 1105/1175: ✅ 10 взято | 🗑️ 15 мусор
2026-06-11 20:26:22,791 | INFO     |   → 1106/1175: ✅ 0 взято | 🗑️ 0 мусор
2026-06-11 20:26:22,791 | INFO     |   → 1107/1175: ✅ 13 взято | 🗑️ 15 мусор
2026-06-11 20:26:22,791 | INFO     |   → 1108/1175: ✅ 0 взято | 🗑️ 0 мусор
2026-06-11 20:26:22,791 | INFO     |   → 1109/1175: ✅ 5 взято | 🗑️ 15 мусор
2026-06-11 20:26:22,791 | INFO     |   → 1110/1175: ✅ 0 взято | 🗑️ 0 мусор
2026-06-11 20:26:22,791 | INFO     |   → 1111/1175: ✅ 8 взято | 🗑️ 16 мусор
2026-06-11 20:26:22,791 | INFO     |   → 1112/1175: ✅ 0 взято | 🗑️ 0 мусор
2026-06-11 20:26:22,791 | INFO     |   → 1113/1175: ✅ 0 взято | 🗑️ 24 мусор
2026-06-11 20:26:22,791 | INFO     |   → 1114/1175: ✅ 0 взято | 🗑️ 0 мусор
2026-06-11 20:26:22,791 | INFO     |   → 1115/1175: ✅ 4 взято | 🗑️ 17 мусор
2026-06-11 20:26:22,791 | INFO     |   → 1116/1175: ✅ 0 взято | 🗑️ 0 мусор
2026-06-11 20:26:22,791 | INFO     |   → 1117/1175: ✅ 12 взято | 🗑️ 18 мусор
2026-06-11 20:26:22,791 | INFO     |   → 1118/1175: ✅ 0 взято | 🗑️ 0 мусор
2026-06-11 20:26:22,791 | INFO     |   → 1119/1175: ✅ 2 взято | 🗑️ 17 мусор
2026-06-11 20:26:22,791 | INFO     |   → 1120/1175: ✅ 0 взято | 🗑️ 0 мусор
2026-06-11 20:26:22,791 | INFO     |   → 1121/1175: ✅ 1 взято | 🗑️ 27 мусор
2026-06-11 20:26:22,791 | INFO     |   → 1122/1175: ✅ 0 взято | 🗑️ 0 мусор
2026-06-11 20:26:22,792 | INFO     |   → 1123/1175: ✅ 4 взято | 🗑️ 15 мусор
2026-06-11 20:26:22,792 | INFO     |   → 1124/1175: ✅ 0 взято | 🗑️ 0 мусор
2026-06-11 20:26:22,792 | INFO     |   → 1125/1175: ✅ 4 взято | 🗑️ 26 мусор
2026-06-11 20:26:22,792 | INFO     |   → 1126/1175: ✅ 0 взято | 🗑️ 0 мусор
2026-06-11 20:26:22,792 | INFO     |   → 1127/1175: ✅ 3 взято | 🗑️ 21 мусор
2026-06-11 20:26:22,792 | INFO     |   → 1128/1175: ✅ 0 взято | 🗑️ 0 мусор
2026-06-11 20:26:22,792 | INFO     |   → 1129/1175: ✅ 8 взято | 🗑️ 12 мусор
2026-06-11 20:26:22,792 | INFO     |   → 1130/1175: ✅ 0 взято | 🗑️ 0 мусор
2026-06-11 20:26:22,792 | INFO     |   → 1131/1175: ✅ 8 взято | 🗑️ 15 мусор
2026-06-11 20:26:22,792 | INFO     |   → 1132/1175: ✅ 0 взято | 🗑️ 0 мусор
2026-06-11 20:26:22,792 | INFO     |   → 1133/1175: ✅ 10 взято | 🗑️ 14 мусор
2026-06-11 20:26:22,792 | INFO     |   → 1134/1175: ✅ 0 взято | 🗑️ 0 мусор
2026-06-11 20:26:22,792 | INFO     |   → 1135/1175: ✅ 5 взято | 🗑️ 18 мусор
2026-06-11 20:26:22,792 | INFO     |   → 1136/1175: ✅ 0 взято | 🗑️ 0 мусор
2026-06-11 20:26:22,792 | INFO     |   → 1137/1175: ✅ 5 взято | 🗑️ 22 мусор
2026-06-11 20:26:22,792 | INFO     |   → 1138/1175: ✅ 0 взято | 🗑️ 0 мусор
2026-06-11 20:26:22,792 | INFO     |   → 1139/1175: ✅ 5 взято | 🗑️ 18 мусор
2026-06-11 20:26:22,792 | INFO     |   → 1140/1175: ✅ 0 взято | 🗑️ 0 мусор
2026-06-11 20:26:22,792 | INFO     |   → 1141/1175: ✅ 1 взято | 🗑️ 23 мусор
2026-06-11 20:26:22,793 | INFO     |   → 1142/1175: ✅ 0 взято | 🗑️ 0 мусор
2026-06-11 20:26:22,793 | INFO     |   → 1143/1175: ✅ 5 взято | 🗑️ 18 мусор
2026-06-11 20:26:22,793 | INFO     |   → 1144/1175: ✅ 0 взято | 🗑️ 0 мусор
2026-06-11 20:26:22,793 | INFO     |   → 1145/1175: ✅ 17 взято | 🗑️ 7 мусор
2026-06-11 20:26:22,793 | INFO     |   → 1146/1175: ✅ 0 взято | 🗑️ 0 мусор
2026-06-11 20:26:22,793 | INFO     |   → 1147/1175: ✅ 3 взято | 🗑️ 17 мусор
2026-06-11 20:26:22,793 | INFO     |   → 1148/1175: ✅ 0 взято | 🗑️ 0 мусор
2026-06-11 20:26:22,793 | INFO     |   → 1149/1175: ✅ 7 взято | 🗑️ 14 мусор
2026-06-11 20:26:22,793 | INFO     |   → 1150/1175: ✅ 0 взято | 🗑️ 0 мусор
2026-06-11 20:26:22,793 | INFO     |   → 1151/1175: ✅ 7 взято | 🗑️ 14 мусор
2026-06-11 20:26:22,793 | INFO     |   → 1152/1175: ✅ 0 взято | 🗑️ 0 мусор
2026-06-11 20:26:22,793 | INFO     |   → 1153/1175: ✅ 8 взято | 🗑️ 11 мусор
2026-06-11 20:26:22,793 | INFO     |   → 1154/1175: ✅ 0 взято | 🗑️ 0 мусор
2026-06-11 20:26:22,793 | INFO     |   → 1155/1175: ✅ 0 взято | 🗑️ 22 мусор
2026-06-11 20:26:22,793 | INFO     |   → 1156/1175: ✅ 0 взято | 🗑️ 0 мусор
2026-06-11 20:26:22,793 | INFO     |   → 1157/1175: ✅ 3 взято | 🗑️ 12 мусор
2026-06-11 20:26:22,793 | INFO     |   → 1158/1175: ✅ 0 взято | 🗑️ 0 мусор
2026-06-11 20:26:22,793 | INFO     |   → 1159/1175: ✅ 0 взято | 🗑️ 7 мусор
2026-06-11 20:26:22,793 | INFO     |   → 1160/1175: ✅ 0 взято | 🗑️ 0 мусор
2026-06-11 20:26:22,794 | INFO     |   → 1161/1175: ✅ 2 взято | 🗑️ 8 мусор
2026-06-11 20:26:22,794 | INFO     |   → 1162/1175: ✅ 0 взято | 🗑️ 0 мусор
2026-06-11 20:26:22,794 | INFO     |   → 1163/1175: ✅ 5 взято | 🗑️ 12 мусор
2026-06-11 20:26:22,794 | INFO     |   → 1164/1175: ✅ 0 взято | 🗑️ 0 мусор
2026-06-11 20:26:22,794 | INFO     |   → 1165/1175: ✅ 2 взято | 🗑️ 12 мусор
2026-06-11 20:26:22,794 | INFO     |   → 1166/1175: ✅ 0 взято | 🗑️ 0 мусор
2026-06-11 20:26:22,794 | INFO     |   → 1167/1175: ✅ 8 взято | 🗑️ 12 мусор
2026-06-11 20:26:22,794 | INFO     |   → 1168/1175: ✅ 0 взято | 🗑️ 0 мусор
2026-06-11 20:26:22,794 | INFO     |   → 1169/1175: ✅ 0 взято | 🗑️ 10 мусор
2026-06-11 20:26:22,794 | INFO     |   → 1170/1175: ✅ 0 взято | 🗑️ 0 мусор
2026-06-11 20:26:22,794 | INFO     |   → 1171/1175: ✅ 6 взято | 🗑️ 14 мусор
2026-06-11 20:26:22,794 | INFO     |   → 1172/1175: ✅ 0 взято | 🗑️ 0 мусор
2026-06-11 20:26:22,794 | INFO     |   → 1173/1175: ✅ 0 взято | 🗑️ 19 мусор
2026-06-11 20:26:22,794 | INFO     |   → 1174/1175: ✅ 0 взято | 🗑️ 0 мусор
2026-06-11 20:26:22,794 | INFO     |   → 1175/1175: ✅ 0 взято | 🗑️ 2 мусор
2026-06-11 20:26:22,794 | INFO     |   → ✅ ГОТОВО!
2026-06-11 20:26:22,794 | INFO     |   →    📥 Всего ключей после фильтра: 41282
2026-06-11 20:26:22,794 | INFO     |   →    🔗 Уникальных IP:PORT:SCHEME: 12358
2026-06-11 20:26:22,794 | INFO     |   →    🗑️ Выброшено мусора: 674560
2026-06-11 20:26:22,795 | INFO     |   → 📊 По протоколам:
2026-06-11 20:26:22,795 | INFO     |   →    vless: 5279
2026-06-11 20:26:22,795 | INFO     |   →    vmess: 3444
2026-06-11 20:26:22,795 | INFO     |   →    trojan: 1494
2026-06-11 20:26:22,795 | INFO     |   →    ss: 1979
2026-06-11 20:26:22,795 | INFO     |   →    hysteria: 13
2026-06-11 20:26:22,795 | INFO     |   →    hysteria2: 30
2026-06-11 20:26:22,795 | INFO     |   →    hy2: 66
2026-06-11 20:26:22,795 | INFO     |   →    tuic: 53
2026-06-11 20:26:22,795 | INFO     | ✅ mirror.py завершён успешно
2026-06-11 20:26:22,795 | INFO     | 
2026-06-11 20:26:22,795 | INFO     | 
2026-06-11 20:26:22,795 | INFO     | ──────────────────────────────────────────────────────────────────────
2026-06-11 20:26:22,795 | INFO     | 📌 ЭТАП: Фильтрация по реальному SNI
2026-06-11 20:26:22,795 | INFO     | ──────────────────────────────────────────────────────────────────────
2026-06-11 20:26:22,795 | INFO     | 🚀 Запуск filter_ru_sni.py (Фильтр по реальному SNI (CDN+RU))...
2026-06-11 20:26:23,094 | INFO     |   → hy2.txt: 66 → 20 (SNI-filtered)
2026-06-11 20:26:23,094 | INFO     |   →   hysteria.txt: 13 → 0 (SNI-filtered)
2026-06-11 20:26:23,094 | INFO     |   →   hysteria2.txt: 30 → 7 (SNI-filtered)
2026-06-11 20:26:23,094 | INFO     |   →   ss.txt: 1979 → 1 (SNI-filtered)
2026-06-11 20:26:23,094 | INFO     |   →   trojan.txt: 1494 → 11 (SNI-filtered)
2026-06-11 20:26:23,094 | INFO     |   →   tuic.txt: 53 → 0 (SNI-filtered)
2026-06-11 20:26:23,094 | INFO     |   →   vless.txt: 5279 → 851 (SNI-filtered)
2026-06-11 20:26:23,095 | INFO     |   →   vmess.txt: 3444 → 38 (SNI-filtered)
2026-06-11 20:26:23,095 | INFO     |   → ==================================================
2026-06-11 20:26:23,095 | INFO     |   →   Всего входных:  12358
2026-06-11 20:26:23,095 | INFO     |   →   Прошли фильтр:  928
2026-06-11 20:26:23,095 | INFO     |   →   Отброшено:      11430
2026-06-11 20:26:23,095 | INFO     |   → ==================================================
2026-06-11 20:26:23,095 | INFO     |   → Готово → /home/runner/work/vpn-vless-configs-russia/vpn-vless-configs-russia/githubmirror/ru-sni
2026-06-11 20:26:23,095 | INFO     | ✅ filter_ru_sni.py завершён успешно
2026-06-11 20:26:23,095 | INFO     | 
2026-06-11 20:26:23,095 | INFO     | 
2026-06-11 20:26:23,095 | INFO     | ──────────────────────────────────────────────────────────────────────
2026-06-11 20:26:23,095 | INFO     | 📌 ЭТАП: Экспериментальный RU-SNI фильтр
2026-06-11 20:26:23,095 | INFO     | ──────────────────────────────────────────────────────────────────────
2026-06-11 20:26:23,095 | INFO     | 🚀 Запуск filter_ru_sni_local.py (Экспериментальный фильтр по RU-SNI (локальные домены))...
2026-06-11 20:26:23,297 | INFO     |   → hy2.txt: 66 → 0 (RU-SNI)
2026-06-11 20:26:23,298 | INFO     |   → hysteria.txt: 13 → 0 (RU-SNI)
2026-06-11 20:26:23,298 | INFO     |   → hysteria2.txt: 30 → 0 (RU-SNI)
2026-06-11 20:26:23,298 | INFO     |   → ss.txt: 1979 → 0 (RU-SNI)
2026-06-11 20:26:23,298 | INFO     |   → trojan.txt: 1494 → 0 (RU-SNI)
2026-06-11 20:26:23,298 | INFO     |   → tuic.txt: 53 → 0 (RU-SNI)
2026-06-11 20:26:23,298 | INFO     |   → vless.txt: 5279 → 204 (RU-SNI)
2026-06-11 20:26:23,298 | INFO     |   → vmess.txt: 3444 → 0 (RU-SNI)
2026-06-11 20:26:23,298 | INFO     |   → ==================================================
2026-06-11 20:26:23,298 | INFO     |   → Всего входных:  12358
2026-06-11 20:26:23,298 | INFO     |   → Прошли RU-SNI:  204
2026-06-11 20:26:23,298 | INFO     |   → Отброшено:      12154
2026-06-11 20:26:23,298 | INFO     |   → ==================================================
2026-06-11 20:26:23,298 | INFO     |   → Готово → /home/runner/work/vpn-vless-configs-russia/vpn-vless-configs-russia/githubmirror/ru-sni-local
2026-06-11 20:26:23,298 | INFO     | ✅ filter_ru_sni_local.py завершён успешно
2026-06-11 20:26:23,298 | INFO     | 
2026-06-11 20:26:23,298 | INFO     | 
2026-06-11 20:26:23,298 | INFO     | ──────────────────────────────────────────────────────────────────────
2026-06-11 20:26:23,298 | INFO     | 📌 ЭТАП: Сбор статистики
2026-06-11 20:26:23,298 | INFO     | ──────────────────────────────────────────────────────────────────────
2026-06-11 20:26:23,299 | INFO     | 📊 Сбор статистики...
2026-06-11 20:26:23,299 | INFO     |   📁 githubmirror/clean:
2026-06-11 20:26:23,299 | INFO     |     • hy2         :    66 конфигов
2026-06-11 20:26:23,299 | INFO     |     • hysteria    :    13 конфигов
2026-06-11 20:26:23,299 | INFO     |     • hysteria2   :    30 конфигов
2026-06-11 20:26:23,301 | INFO     |     • ss          :  1979 конфигов
2026-06-11 20:26:23,302 | INFO     |     • trojan      :  1494 конфигов
2026-06-11 20:26:23,303 | INFO     |     • tuic        :    53 конфигов
2026-06-11 20:26:23,308 | INFO     |     • vless       :  5279 конфигов
2026-06-11 20:26:23,310 | INFO     |     • vmess       :  3444 конфигов
2026-06-11 20:26:23,310 | INFO     |   📁 githubmirror/ru-sni:
2026-06-11 20:26:23,311 | INFO     |     • hy2         :    20 конфигов ( 30.3% от clean)
2026-06-11 20:26:23,311 | INFO     |     • hysteria    :     0 конфигов (  0.0% от clean)
2026-06-11 20:26:23,311 | INFO     |     • hysteria2   :     7 конфигов ( 23.3% от clean)
2026-06-11 20:26:23,311 | INFO     |     • ss          :     1 конфигов (  0.1% от clean)
2026-06-11 20:26:23,311 | INFO     |     • trojan      :    11 конфигов (  0.7% от clean)
2026-06-11 20:26:23,311 | INFO     |     • tuic        :     0 конфигов (  0.0% от clean)
2026-06-11 20:26:23,312 | INFO     |     • vless       :   851 конфигов ( 16.1% от clean)
2026-06-11 20:26:23,312 | INFO     |     • vmess       :    38 конфигов (  1.1% от clean)
2026-06-11 20:26:23,312 | INFO     | 
2026-06-11 20:26:23,313 | INFO     |   ──────────────────────────────────────────────────
2026-06-11 20:26:23,313 | INFO     |   📈 ИТОГО:
2026-06-11 20:26:23,313 | INFO     |     Clean (после geo-фильтра):    12358
2026-06-11 20:26:23,313 | INFO     |     RU-SNI (после SNI-фильтра):     928
2026-06-11 20:26:23,313 | INFO     |     Прошло фильтр:                  7.5%
2026-06-11 20:26:23,313 | INFO     |   ──────────────────────────────────────────────────
2026-06-11 20:26:23,313 | INFO     | ✅ Статистика сохранена: /home/runner/work/vpn-vless-configs-russia/vpn-vless-configs-russia/stats.json
2026-06-11 20:26:23,313 | INFO     | 
2026-06-11 20:26:23,313 | INFO     | ======================================================================
2026-06-11 20:26:23,313 | INFO     | 📊 ИТОГОВЫЙ ОТЧЁТ
2026-06-11 20:26:23,313 | INFO     | ======================================================================
2026-06-11 20:26:23,313 | INFO     |   ✅ OK         | Загрузка и geo-фильтрация
2026-06-11 20:26:23,314 | INFO     |   ✅ OK         | Фильтрация по реальному SNI
2026-06-11 20:26:23,314 | INFO     |   ✅ OK         | Экспериментальный RU-SNI фильтр
2026-06-11 20:26:23,314 | INFO     |   ✅ OK         | Сбор статистики
2026-06-11 20:26:23,314 | INFO     | ──────────────────────────────────────────────────────────────────────
2026-06-11 20:26:23,314 | INFO     | ✅ ВСЕ ЭТАПЫ УСПЕШНЫ (4/4)
2026-06-11 20:26:23,314 | INFO     | ⏰ Время завершения: 2026-06-11 20:26:23
2026-06-11 20:26:23,314 | INFO     | ======================================================================
