2026-05-25 02:50:31,320 | INFO     | ======================================================================
2026-05-25 02:50:31,320 | INFO     | 🔍 VPN KEY CHECKER - Начало проверки
2026-05-25 02:50:31,320 | INFO     | ⏰ Время старта: 2026-05-25 02:50:31
2026-05-25 02:50:31,320 | INFO     | 📂 Рабочая директория: /home/runner/work/vpn-vless-configs-russia/vpn-vless-configs-russia
2026-05-25 02:50:31,320 | INFO     | ======================================================================
2026-05-25 02:50:31,320 | INFO     | 
2026-05-25 02:50:31,320 | INFO     | 🔍 Проверка наличия скриптов...
2026-05-25 02:50:31,320 | INFO     |   ✅ mirror.py
2026-05-25 02:50:31,321 | INFO     |   ✅ filter_ru_sni.py
2026-05-25 02:50:31,321 | INFO     |   ✅ filter_ru_sni_local.py
2026-05-25 02:50:31,321 | INFO     | 
2026-05-25 02:50:31,321 | INFO     | 
2026-05-25 02:50:31,321 | INFO     | ──────────────────────────────────────────────────────────────────────
2026-05-25 02:50:31,321 | INFO     | 📌 ЭТАП: Загрузка и geo-фильтрация
2026-05-25 02:50:31,321 | INFO     | ──────────────────────────────────────────────────────────────────────
2026-05-25 02:50:31,321 | INFO     | 🚀 Запуск mirror.py (Загрузка и фильтрация по РФ/СНГ/Европа)...
2026-05-25 02:54:19,138 | INFO     |   → 🚀 Старт: всего источников (старые + новые): 989
2026-05-25 02:54:19,138 | INFO     |   → 1/989: ✅ 13 взято | 🗑️ 242 мусор
2026-05-25 02:54:19,138 | INFO     |   → 2/989: ✅ 0 взято | 🗑️ 0 мусор
2026-05-25 02:54:19,138 | INFO     |   → 3/989 ❌ HTTP 404 — https://bitbucket.org/huwo1/proxy_nodes/raw/f31ca9ec67b84071515729ff45b011b6b09c10f2/clash.yaml
2026-05-25 02:54:19,138 | INFO     |   → 4/989 ❌ HTTP 404 — https://cdn.jsdelivr.net/gh/cry0ice/genode@main/public/all.txt
2026-05-25 02:54:19,138 | INFO     |   → 5/989 ❌ HTTP 404 — https://cdn.jsdelivr.net/gh/cry0ice/genode@main/public/ss.txt
2026-05-25 02:54:19,139 | INFO     |   → 6/989 ❌ HTTP 404 — https://cdn.jsdelivr.net/gh/cry0ice/genode@main/public/ssr.txt
2026-05-25 02:54:19,139 | INFO     |   → 7/989 ❌ HTTP 404 — https://cdn.jsdelivr.net/gh/cry0ice/genode@main/public/trojan.txt
2026-05-25 02:54:19,139 | INFO     |   → 8/989 ❌ HTTP 404 — https://cdn.jsdelivr.net/gh/cry0ice/genode@main/public/vless.txt
2026-05-25 02:54:19,139 | INFO     |   → 9/989 ❌ HTTP 404 — https://cdn.jsdelivr.net/gh/cry0ice/genode@main/public/vmess.txt
2026-05-25 02:54:19,139 | INFO     |   → 10/989: ✅ 0 взято | 🗑️ 0 мусор
2026-05-25 02:54:19,139 | INFO     |   → 11/989: ✅ 0 взято | 🗑️ 0 мусор
2026-05-25 02:54:19,139 | INFO     |   → 12/989: ✅ 0 взято | 🗑️ 0 мусор
2026-05-25 02:54:19,139 | INFO     |   → 13/989: ✅ 0 взято | 🗑️ 0 мусор
2026-05-25 02:54:19,139 | INFO     |   → 14/989: ✅ 0 взято | 🗑️ 0 мусор
2026-05-25 02:54:19,139 | INFO     |   → 15/989: ✅ 0 взято | 🗑️ 0 мусор
2026-05-25 02:54:19,139 | INFO     |   → 16/989: ✅ 0 взято | 🗑️ 0 мусор
2026-05-25 02:54:19,139 | INFO     |   → 17/989: ✅ 0 взято | 🗑️ 0 мусор
2026-05-25 02:54:19,139 | INFO     |   → 18/989: ✅ 0 взято | 🗑️ 0 мусор
2026-05-25 02:54:19,139 | INFO     |   → 19/989: ✅ 0 взято | 🗑️ 0 мусор
2026-05-25 02:54:19,139 | INFO     |   → 20/989: ✅ 0 взято | 🗑️ 0 мусор
2026-05-25 02:54:19,139 | INFO     |   → 21/989: ✅ 0 взято | 🗑️ 0 мусор
2026-05-25 02:54:19,139 | INFO     |   → 22/989: ✅ 0 взято | 🗑️ 0 мусор
2026-05-25 02:54:19,139 | INFO     |   → 23/989: ✅ 0 взято | 🗑️ 0 мусор
2026-05-25 02:54:19,139 | INFO     |   → 24/989: ✅ 0 взято | 🗑️ 0 мусор
2026-05-25 02:54:19,140 | INFO     |   → 25/989: ✅ 0 взято | 🗑️ 0 мусор
2026-05-25 02:54:19,140 | INFO     |   → 26/989: ✅ 0 взято | 🗑️ 0 мусор
2026-05-25 02:54:19,140 | INFO     |   → 27/989: ✅ 0 взято | 🗑️ 0 мусор
2026-05-25 02:54:19,140 | INFO     |   → 28/989: ✅ 0 взято | 🗑️ 0 мусор
2026-05-25 02:54:19,140 | INFO     |   → 29/989: ✅ 0 взято | 🗑️ 0 мусор
2026-05-25 02:54:19,140 | INFO     |   → 30/989: ✅ 0 взято | 🗑️ 0 мусор
2026-05-25 02:54:19,140 | INFO     |   → 31/989: ✅ 0 взято | 🗑️ 0 мусор
2026-05-25 02:54:19,140 | INFO     |   → 32/989: ✅ 0 взято | 🗑️ 0 мусор
2026-05-25 02:54:19,140 | INFO     |   → 33/989: ✅ 0 взято | 🗑️ 0 мусор
2026-05-25 02:54:19,140 | INFO     |   → 34/989: ✅ 0 взято | 🗑️ 0 мусор
2026-05-25 02:54:19,140 | INFO     |   → 35/989: ✅ 0 взято | 🗑️ 0 мусор
2026-05-25 02:54:19,140 | INFO     |   → 36/989: ✅ 0 взято | 🗑️ 0 мусор
2026-05-25 02:54:19,140 | INFO     |   → 37/989: ✅ 0 взято | 🗑️ 0 мусор
2026-05-25 02:54:19,140 | INFO     |   → 38/989: ✅ 0 взято | 🗑️ 0 мусор
2026-05-25 02:54:19,140 | INFO     |   → 39/989: ✅ 0 взято | 🗑️ 0 мусор
2026-05-25 02:54:19,140 | INFO     |   → 40/989: ✅ 0 взято | 🗑️ 0 мусор
2026-05-25 02:54:19,140 | INFO     |   → 41/989: ✅ 0 взято | 🗑️ 0 мусор
2026-05-25 02:54:19,140 | INFO     |   → 42/989: ✅ 0 взято | 🗑️ 0 мусор
2026-05-25 02:54:19,141 | INFO     |   → 43/989: ✅ 0 взято | 🗑️ 0 мусор
2026-05-25 02:54:19,141 | INFO     |   → 44/989: ✅ 0 взято | 🗑️ 0 мусор
2026-05-25 02:54:19,141 | INFO     |   → 45/989: ✅ 0 взято | 🗑️ 0 мусор
2026-05-25 02:54:19,141 | INFO     |   → 46/989: ✅ 0 взято | 🗑️ 0 мусор
2026-05-25 02:54:19,141 | INFO     |   → 47/989: ✅ 0 взято | 🗑️ 0 мусор
2026-05-25 02:54:19,141 | INFO     |   → 48/989: ✅ 0 взято | 🗑️ 0 мусор
2026-05-25 02:54:19,141 | INFO     |   → 49/989: ✅ 0 взято | 🗑️ 0 мусор
2026-05-25 02:54:19,141 | INFO     |   → 50/989: ✅ 0 взято | 🗑️ 0 мусор
2026-05-25 02:54:19,141 | INFO     |   → 51/989: ✅ 0 взято | 🗑️ 0 мусор
2026-05-25 02:54:19,141 | INFO     |   → 52/989: ✅ 0 взято | 🗑️ 0 мусор
2026-05-25 02:54:19,141 | INFO     |   → 53/989: ✅ 0 взято | 🗑️ 0 мусор
2026-05-25 02:54:19,141 | INFO     |   → 54/989: ✅ 0 взято | 🗑️ 0 мусор
2026-05-25 02:54:19,141 | INFO     |   → 55/989: ✅ 0 взято | 🗑️ 0 мусор
2026-05-25 02:54:19,141 | INFO     |   → 56/989: ✅ 0 взято | 🗑️ 0 мусор
2026-05-25 02:54:19,141 | INFO     |   → 57/989: ✅ 0 взято | 🗑️ 0 мусор
2026-05-25 02:54:19,141 | INFO     |   → 58/989: ✅ 0 взято | 🗑️ 0 мусор
2026-05-25 02:54:19,141 | INFO     |   → 59/989: ✅ 0 взято | 🗑️ 0 мусор
2026-05-25 02:54:19,141 | INFO     |   → 60/989: ✅ 0 взято | 🗑️ 0 мусор
2026-05-25 02:54:19,142 | INFO     |   → 61/989: ✅ 0 взято | 🗑️ 0 мусор
2026-05-25 02:54:19,142 | INFO     |   → 62/989: ✅ 0 взято | 🗑️ 0 мусор
2026-05-25 02:54:19,142 | INFO     |   → 63/989: ✅ 0 взято | 🗑️ 0 мусор
2026-05-25 02:54:19,142 | INFO     |   → 64/989: ✅ 0 взято | 🗑️ 0 мусор
2026-05-25 02:54:19,142 | INFO     |   → 65/989: ✅ 0 взято | 🗑️ 0 мусор
2026-05-25 02:54:19,142 | INFO     |   → 66/989: ✅ 0 взято | 🗑️ 0 мусор
2026-05-25 02:54:19,142 | INFO     |   → 67/989: ✅ 0 взято | 🗑️ 0 мусор
2026-05-25 02:54:19,142 | INFO     |   → 68/989: ✅ 0 взято | 🗑️ 0 мусор
2026-05-25 02:54:19,142 | INFO     |   → 69/989: ✅ 0 взято | 🗑️ 0 мусор
2026-05-25 02:54:19,142 | INFO     |   → 70/989: ✅ 0 взято | 🗑️ 0 мусор
2026-05-25 02:54:19,142 | INFO     |   → 71/989: ✅ 0 взято | 🗑️ 0 мусор
2026-05-25 02:54:19,142 | INFO     |   → 72/989: ✅ 0 взято | 🗑️ 0 мусор
2026-05-25 02:54:19,142 | INFO     |   → 73/989: ✅ 0 взято | 🗑️ 0 мусор
2026-05-25 02:54:19,142 | INFO     |   → 74/989: ✅ 0 взято | 🗑️ 0 мусор
2026-05-25 02:54:19,142 | INFO     |   → 75/989: ✅ 0 взято | 🗑️ 0 мусор
2026-05-25 02:54:19,142 | INFO     |   → 76/989: ✅ 0 взято | 🗑️ 0 мусор
2026-05-25 02:54:19,142 | INFO     |   → 77/989: ✅ 0 взято | 🗑️ 0 мусор
2026-05-25 02:54:19,142 | INFO     |   → 78/989: ✅ 0 взято | 🗑️ 0 мусор
2026-05-25 02:54:19,143 | INFO     |   → 79/989: ✅ 0 взято | 🗑️ 0 мусор
2026-05-25 02:54:19,143 | INFO     |   → 80/989: ✅ 0 взято | 🗑️ 0 мусор
2026-05-25 02:54:19,143 | INFO     |   → 81/989: ✅ 0 взято | 🗑️ 0 мусор
2026-05-25 02:54:19,143 | INFO     |   → 82/989: ✅ 0 взято | 🗑️ 0 мусор
2026-05-25 02:54:19,143 | INFO     |   → 83/989: ✅ 0 взято | 🗑️ 0 мусор
2026-05-25 02:54:19,143 | INFO     |   → 84/989: ✅ 0 взято | 🗑️ 0 мусор
2026-05-25 02:54:19,143 | INFO     |   → 85/989: ✅ 0 взято | 🗑️ 0 мусор
2026-05-25 02:54:19,143 | INFO     |   → 86/989: ✅ 0 взято | 🗑️ 0 мусор
2026-05-25 02:54:19,143 | INFO     |   → 87/989: ✅ 0 взято | 🗑️ 0 мусор
2026-05-25 02:54:19,143 | INFO     |   → 88/989: ✅ 0 взято | 🗑️ 0 мусор
2026-05-25 02:54:19,143 | INFO     |   → 89/989: ✅ 0 взято | 🗑️ 0 мусор
2026-05-25 02:54:19,143 | INFO     |   → 90/989: ✅ 0 взято | 🗑️ 0 мусор
2026-05-25 02:54:19,143 | INFO     |   → 91/989: ✅ 0 взято | 🗑️ 0 мусор
2026-05-25 02:54:19,143 | INFO     |   → 92/989: ✅ 0 взято | 🗑️ 0 мусор
2026-05-25 02:54:19,143 | INFO     |   → 93/989: ✅ 0 взято | 🗑️ 0 мусор
2026-05-25 02:54:19,143 | INFO     |   → 94/989: ✅ 0 взято | 🗑️ 0 мусор
2026-05-25 02:54:19,143 | INFO     |   → 95/989: ✅ 0 взято | 🗑️ 0 мусор
2026-05-25 02:54:19,143 | INFO     |   → 96/989: ✅ 0 взято | 🗑️ 0 мусор
2026-05-25 02:54:19,143 | INFO     |   → 97/989: ✅ 0 взято | 🗑️ 0 мусор
2026-05-25 02:54:19,143 | INFO     |   → 98/989: ✅ 0 взято | 🗑️ 0 мусор
2026-05-25 02:54:19,143 | INFO     |   → 99/989: ✅ 0 взято | 🗑️ 0 мусор
2026-05-25 02:54:19,143 | INFO     |   → 100/989 ❌ HTTP 404 — https://freessrnode.github.io/uploads/2024/08/0-20240822.txt
2026-05-25 02:54:19,144 | INFO     |   → 101/989 ❌ HTTP 404 — https://freessrnode.github.io/uploads/2024/08/1-20240822.txt
2026-05-25 02:54:19,144 | INFO     |   → 102/989 ❌ HTTP 404 — https://freessrnode.github.io/uploads/2024/08/2-20240822.txt
2026-05-25 02:54:19,144 | INFO     |   → 103/989 ❌ HTTP 404 — https://freessrnode.github.io/uploads/2024/08/3-20240822.txt
2026-05-25 02:54:19,144 | INFO     |   → 104/989 ❌ HTTP 404 — https://freessrnode.github.io/uploads/2024/08/4-20240822.txt
2026-05-25 02:54:19,144 | INFO     |   → 105/989 ⚠️ Ошибка: HTTPSConnectionPool(host='freevpnspy.githubrowcontent.com', port=443): Max retries exceeded with url: /2024/08/20240802_novless.yaml (Caused by NameResolutionError("HTTPSConnection(host='freevpnspy.githubrowcontent.com', port=443): Failed to resolve 'freevpnspy.githubrowcontent.com' ([Errno -2] Name or service not known)")) — https://freevpnspy.githubrowcontent.com/2024/08/20240802_novless.yaml
2026-05-25 02:54:19,144 | INFO     |   → 106/989 ⚠️ Ошибка: HTTPSConnectionPool(host='freevpnspy.githubrowcontent.com', port=443): Max retries exceeded with url: /2024/08/20240802_vless.yaml (Caused by NameResolutionError("HTTPSConnection(host='freevpnspy.githubrowcontent.com', port=443): Failed to resolve 'freevpnspy.githubrowcontent.com' ([Errno -2] Name or service not known)")) — https://freevpnspy.githubrowcontent.com/2024/08/20240802_vless.yaml
2026-05-25 02:54:19,144 | INFO     |   → 107/989: ✅ 0 взято | 🗑️ 0 мусор
2026-05-25 02:54:19,144 | INFO     |   → 108/989: ✅ 20 взято | 🗑️ 218 мусор
2026-05-25 02:54:19,144 | INFO     |   → 109/989: ✅ 0 взято | 🗑️ 0 мусор
2026-05-25 02:54:19,144 | INFO     |   → 110/989: ✅ 0 взято | 🗑️ 0 мусор
2026-05-25 02:54:19,144 | INFO     |   → 111/989: ✅ 9 взято | 🗑️ 211 мусор
2026-05-25 02:54:19,144 | INFO     |   → 112/989: ✅ 0 взято | 🗑️ 0 мусор
2026-05-25 02:54:19,144 | INFO     |   → 113/989: ✅ 1 взято | 🗑️ 226 мусор
2026-05-25 02:54:19,144 | INFO     |   → 114/989: ✅ 0 взято | 🗑️ 0 мусор
2026-05-25 02:54:19,144 | INFO     |   → 115/989: ✅ 1 взято | 🗑️ 300 мусор
2026-05-25 02:54:19,144 | INFO     |   → 116/989: ✅ 0 взято | 🗑️ 193 мусор
2026-05-25 02:54:19,144 | INFO     |   → 117/989: ✅ 0 взято | 🗑️ 0 мусор
2026-05-25 02:54:19,144 | INFO     |   → 118/989: ✅ 3 взято | 🗑️ 268 мусор
2026-05-25 02:54:19,145 | INFO     |   → 119/989: ✅ 0 взято | 🗑️ 0 мусор
2026-05-25 02:54:19,145 | INFO     |   → 120/989: ✅ 0 взято | 🗑️ 198 мусор
2026-05-25 02:54:19,145 | INFO     |   → 121/989 ❌ HTTP 404 — https://github.com/Epodonios/bulk-xray-v2ray-vless-vmess-...-configs/raw/main/sub/Albania/config.txt
2026-05-25 02:54:19,145 | INFO     |   → 122/989 ❌ HTTP 404 — https://github.com/Epodonios/bulk-xray-v2ray-vless-vmess-...-configs/raw/main/sub/Cura%C3%A7ao/config.txt
2026-05-25 02:54:19,145 | INFO     |   → 123/989 ❌ HTTP 404 — https://github.com/Epodonios/bulk-xray-v2ray-vless-vmess-...-configs/raw/main/sub/Finland/config.txt
2026-05-25 02:54:19,145 | INFO     |   → 124/989 ❌ HTTP 404 — https://github.com/Epodonios/bulk-xray-v2ray-vless-vmess-...-configs/raw/main/sub/Iran/config.txt
2026-05-25 02:54:19,145 | INFO     |   → 125/989 ❌ HTTP 404 — https://github.com/Epodonios/bulk-xray-v2ray-vless-vmess-...-configs/raw/main/sub/Netherlands/config.txt
2026-05-25 02:54:19,145 | INFO     |   → 126/989 ❌ HTTP 404 — https://github.com/Epodonios/bulk-xray-v2ray-vless-vmess-...-configs/raw/main/sub/Norway/config.txt
2026-05-25 02:54:19,145 | INFO     |   → 127/989 ❌ HTTP 404 — https://github.com/Epodonios/bulk-xray-v2ray-vless-vmess-...-configs/raw/main/sub/Russia/config.txt
2026-05-25 02:54:19,145 | INFO     |   → 128/989: ✅ 13 взято | 🗑️ 70 мусор
2026-05-25 02:54:19,145 | INFO     |   → 129/989: ✅ 0 взято | 🗑️ 4 мусор
2026-05-25 02:54:19,145 | INFO     |   → 130/989: ✅ 0 взято | 🗑️ 7 мусор
2026-05-25 02:54:19,145 | INFO     |   → 131/989: ✅ 0 взято | 🗑️ 51 мусор
2026-05-25 02:54:19,145 | INFO     |   → 132/989: ✅ 0 взято | 🗑️ 8 мусор
2026-05-25 02:54:19,145 | INFO     |   → 133/989: ✅ 0 взято | 🗑️ 0 мусор
2026-05-25 02:54:19,145 | INFO     |   → 134/989: ✅ 17 взято | 🗑️ 119 мусор
2026-05-25 02:54:19,145 | INFO     |   → 135/989 ❌ HTTP 404 — https://github.com/MrMohebi/xray-proxy-grabber-telegram/raw/master/collected-proxies/clash-meta/all.yaml
2026-05-25 02:54:19,145 | INFO     |   → 136/989 ❌ HTTP 404 — https://github.com/MrMohebi/xray-proxy-grabber-telegram/raw/master/collected-proxies/row-url/all.txt
2026-05-25 02:54:19,146 | INFO     |   → 137/989: ✅ 0 взято | 🗑️ 0 мусор
2026-05-25 02:54:19,146 | INFO     |   → 138/989: ✅ 0 взято | 🗑️ 113 мусор
2026-05-25 02:54:19,146 | INFO     |   → 139/989: ✅ 0 взято | 🗑️ 119 мусор
2026-05-25 02:54:19,146 | INFO     |   → 140/989 ❌ HTTP 404 — https://github.com/abbasdvd3/abbasdvd10/73ec60de7a6c6aa6df4c14b511c1da60686891ca/ppo.txt
2026-05-25 02:54:19,146 | INFO     |   → 141/989 ❌ HTTP 404 — https://github.com/acymz/AutoVPN/refs/heads/main/data/V2.txt
2026-05-25 02:54:19,146 | INFO     |   → 142/989: ✅ 0 взято | 🗑️ 0 мусор
2026-05-25 02:54:19,146 | INFO     |   → 143/989: ✅ 0 взято | 🗑️ 0 мусор
2026-05-25 02:54:19,146 | INFO     |   → 144/989: ✅ 0 взято | 🗑️ 0 мусор
2026-05-25 02:54:19,146 | INFO     |   → 145/989: ✅ 0 взято | 🗑️ 0 мусор
2026-05-25 02:54:19,146 | INFO     |   → 146/989: ✅ 0 взято | 🗑️ 0 мусор
2026-05-25 02:54:19,146 | INFO     |   → 147/989: ✅ 0 взято | 🗑️ 0 мусор
2026-05-25 02:54:19,146 | INFO     |   → 148/989: ✅ 0 взято | 🗑️ 0 мусор
2026-05-25 02:54:19,146 | INFO     |   → 149/989 ❌ HTTP 404 — https://github.com/mermeroo/V2RAY-FREE/raw/main/All_Configs_base64_Sub.txt
2026-05-25 02:54:19,146 | INFO     |   → 150/989 ❌ HTTP 404 — https://github.com/mermeroo/V2RAY-FREE/raw/main/Base64/Sub1_base64.txt
2026-05-25 02:54:19,146 | INFO     |   → 151/989 ❌ HTTP 404 — https://github.com/mermeroo/V2RAY-FREE/raw/main/Base64/Sub2_base64.txt
2026-05-25 02:54:19,146 | INFO     |   → 152/989 ❌ HTTP 404 — https://github.com/mermeroo/V2RAY-FREE/raw/main/Base64/Sub3_base64.txt
2026-05-25 02:54:19,146 | INFO     |   → 153/989 ❌ HTTP 404 — https://github.com/mermeroo/V2RAY-FREE/raw/main/Base64/Sub4_base64.txt
2026-05-25 02:54:19,146 | INFO     |   → 154/989 ❌ HTTP 404 — https://github.com/mermeroo/V2RAY-FREE/raw/main/Base64/Sub5_base64.txt
2026-05-25 02:54:19,146 | INFO     |   → 155/989 ❌ HTTP 404 — https://github.com/mermeroo/telegram-configs-collector/raw/main/protocols/hysteria
2026-05-25 02:54:19,146 | INFO     |   → 156/989 ❌ HTTP 404 — https://github.com/mermeroo/telegram-configs-collector/raw/main/protocols/juicity
2026-05-25 02:54:19,146 | INFO     |   → 157/989 ❌ HTTP 404 — https://github.com/mermeroo/telegram-configs-collector/raw/main/protocols/tuic
2026-05-25 02:54:19,146 | INFO     |   → 158/989: ✅ 5 взято | 🗑️ 16 мусор
2026-05-25 02:54:19,147 | INFO     |   → 159/989: ✅ 0 взято | 🗑️ 0 мусор
2026-05-25 02:54:19,147 | INFO     |   → 160/989: ✅ 0 взято | 🗑️ 0 мусор
2026-05-25 02:54:19,147 | INFO     |   → 161/989: ✅ 0 взято | 🗑️ 0 мусор
2026-05-25 02:54:19,147 | INFO     |   → 162/989: ✅ 3 взято | 🗑️ 238 мусор
2026-05-25 02:54:19,147 | INFO     |   → 163/989: ✅ 0 взято | 🗑️ 0 мусор
2026-05-25 02:54:19,147 | INFO     |   → 164/989: ✅ 3 взято | 🗑️ 239 мусор
2026-05-25 02:54:19,147 | INFO     |   → 165/989: ✅ 0 взято | 🗑️ 0 мусор
2026-05-25 02:54:19,147 | INFO     |   → 166/989: ✅ 0 взято | 🗑️ 255 мусор
2026-05-25 02:54:19,147 | INFO     |   → 167/989: ✅ 0 взято | 🗑️ 0 мусор
2026-05-25 02:54:19,147 | INFO     |   → 168/989: ✅ 1 взято | 🗑️ 249 мусор
2026-05-25 02:54:19,147 | INFO     |   → 169/989: ✅ 0 взято | 🗑️ 0 мусор
2026-05-25 02:54:19,147 | INFO     |   → 170/989: ✅ 0 взято | 🗑️ 207 мусор
2026-05-25 02:54:19,147 | INFO     |   → 171/989: ✅ 0 взято | 🗑️ 0 мусор
2026-05-25 02:54:19,147 | INFO     |   → 172/989: ✅ 0 взято | 🗑️ 228 мусор
2026-05-25 02:54:19,147 | INFO     |   → 173/989: ✅ 0 взято | 🗑️ 0 мусор
2026-05-25 02:54:19,147 | INFO     |   → 174/989: ✅ 1 взято | 🗑️ 291 мусор
2026-05-25 02:54:19,147 | INFO     |   → 175/989: ✅ 0 взято | 🗑️ 0 мусор
2026-05-25 02:54:19,147 | INFO     |   → 176/989: ✅ 3 взято | 🗑️ 221 мусор
2026-05-25 02:54:19,147 | INFO     |   → 177/989: ✅ 0 взято | 🗑️ 0 мусор
2026-05-25 02:54:19,147 | INFO     |   → 178/989: ✅ 1 взято | 🗑️ 222 мусор
2026-05-25 02:54:19,148 | INFO     |   → 179/989: ✅ 0 взято | 🗑️ 0 мусор
2026-05-25 02:54:19,148 | INFO     |   → 180/989: ✅ 1 взято | 🗑️ 218 мусор
2026-05-25 02:54:19,148 | INFO     |   → 181/989: ✅ 0 взято | 🗑️ 0 мусор
2026-05-25 02:54:19,148 | INFO     |   → 182/989: ✅ 0 взято | 🗑️ 193 мусор
2026-05-25 02:54:19,148 | INFO     |   → 183/989: ✅ 0 взято | 🗑️ 0 мусор
2026-05-25 02:54:19,148 | INFO     |   → 184/989: ✅ 0 взято | 🗑️ 290 мусор
2026-05-25 02:54:19,148 | INFO     |   → 185/989: ✅ 0 взято | 🗑️ 0 мусор
2026-05-25 02:54:19,148 | INFO     |   → 186/989: ✅ 0 взято | 🗑️ 238 мусор
2026-05-25 02:54:19,148 | INFO     |   → 187/989: ✅ 0 взято | 🗑️ 0 мусор
2026-05-25 02:54:19,148 | INFO     |   → 188/989: ✅ 0 взято | 🗑️ 221 мусор
2026-05-25 02:54:19,148 | INFO     |   → 189/989: ✅ 0 взято | 🗑️ 0 мусор
2026-05-25 02:54:19,148 | INFO     |   → 190/989: ✅ 0 взято | 🗑️ 248 мусор
2026-05-25 02:54:19,148 | INFO     |   → 191/989: ✅ 0 взято | 🗑️ 0 мусор
2026-05-25 02:54:19,148 | INFO     |   → 192/989: ✅ 0 взято | 🗑️ 203 мусор
2026-05-25 02:54:19,148 | INFO     |   → 193/989: ✅ 0 взято | 🗑️ 0 мусор
2026-05-25 02:54:19,148 | INFO     |   → 194/989: ✅ 0 взято | 🗑️ 208 мусор
2026-05-25 02:54:19,148 | INFO     |   → 195/989: ✅ 0 взято | 🗑️ 0 мусор
2026-05-25 02:54:19,148 | INFO     |   → 196/989: ✅ 2 взято | 🗑️ 209 мусор
2026-05-25 02:54:19,148 | INFO     |   → 197/989: ✅ 0 взято | 🗑️ 0 мусор
2026-05-25 02:54:19,149 | INFO     |   → 198/989: ✅ 0 взято | 🗑️ 258 мусор
2026-05-25 02:54:19,149 | INFO     |   → 199/989: ✅ 0 взято | 🗑️ 0 мусор
2026-05-25 02:54:19,149 | INFO     |   → 200/989: ✅ 0 взято | 🗑️ 296 мусор
2026-05-25 02:54:19,149 | INFO     |   → 201/989: ✅ 0 взято | 🗑️ 0 мусор
2026-05-25 02:54:19,149 | INFO     |   → 202/989: ✅ 1 взято | 🗑️ 286 мусор
2026-05-25 02:54:19,149 | INFO     |   → 203/989: ✅ 0 взято | 🗑️ 0 мусор
2026-05-25 02:54:19,149 | INFO     |   → 204/989: ✅ 0 взято | 🗑️ 195 мусор
2026-05-25 02:54:19,149 | INFO     |   → 205/989: ✅ 0 взято | 🗑️ 0 мусор
2026-05-25 02:54:19,149 | INFO     |   → 206/989: ✅ 0 взято | 🗑️ 170 мусор
2026-05-25 02:54:19,149 | INFO     |   → 207/989: ✅ 0 взято | 🗑️ 0 мусор
2026-05-25 02:54:19,149 | INFO     |   → 208/989: ✅ 0 взято | 🗑️ 160 мусор
2026-05-25 02:54:19,149 | INFO     |   → 209/989: ✅ 0 взято | 🗑️ 0 мусор
2026-05-25 02:54:19,149 | INFO     |   → 210/989: ✅ 0 взято | 🗑️ 121 мусор
2026-05-25 02:54:19,149 | INFO     |   → 211/989: ✅ 0 взято | 🗑️ 0 мусор
2026-05-25 02:54:19,149 | INFO     |   → 212/989: ✅ 0 взято | 🗑️ 135 мусор
2026-05-25 02:54:19,149 | INFO     |   → 213/989: ✅ 0 взято | 🗑️ 0 мусор
2026-05-25 02:54:19,149 | INFO     |   → 214/989: ✅ 1 взято | 🗑️ 129 мусор
2026-05-25 02:54:19,149 | INFO     |   → 215/989: ✅ 0 взято | 🗑️ 0 мусор
2026-05-25 02:54:19,149 | INFO     |   → 216/989: ✅ 0 взято | 🗑️ 189 мусор
2026-05-25 02:54:19,150 | INFO     |   → 217/989: ✅ 0 взято | 🗑️ 0 мусор
2026-05-25 02:54:19,150 | INFO     |   → 218/989: ✅ 3 взято | 🗑️ 147 мусор
2026-05-25 02:54:19,150 | INFO     |   → 219/989: ✅ 0 взято | 🗑️ 0 мусор
2026-05-25 02:54:19,150 | INFO     |   → 220/989: ✅ 1 взято | 🗑️ 183 мусор
2026-05-25 02:54:19,150 | INFO     |   → 221/989: ✅ 0 взято | 🗑️ 0 мусор
2026-05-25 02:54:19,150 | INFO     |   → 222/989: ✅ 0 взято | 🗑️ 155 мусор
2026-05-25 02:54:19,150 | INFO     |   → 223/989: ✅ 0 взято | 🗑️ 0 мусор
2026-05-25 02:54:19,150 | INFO     |   → 224/989: ✅ 0 взято | 🗑️ 114 мусор
2026-05-25 02:54:19,150 | INFO     |   → 225/989: ✅ 0 взято | 🗑️ 0 мусор
2026-05-25 02:54:19,150 | INFO     |   → 226/989: ✅ 0 взято | 🗑️ 239 мусор
2026-05-25 02:54:19,150 | INFO     |   → 227/989: ✅ 0 взято | 🗑️ 0 мусор
2026-05-25 02:54:19,150 | INFO     |   → 228/989: ✅ 0 взято | 🗑️ 204 мусор
2026-05-25 02:54:19,150 | INFO     |   → 229/989: ✅ 0 взято | 🗑️ 0 мусор
2026-05-25 02:54:19,150 | INFO     |   → 230/989: ✅ 0 взято | 🗑️ 232 мусор
2026-05-25 02:54:19,150 | INFO     |   → 231/989: ✅ 0 взято | 🗑️ 0 мусор
2026-05-25 02:54:19,150 | INFO     |   → 232/989: ✅ 0 взято | 🗑️ 192 мусор
2026-05-25 02:54:19,150 | INFO     |   → 233/989: ✅ 0 взято | 🗑️ 0 мусор
2026-05-25 02:54:19,150 | INFO     |   → 234/989: ✅ 0 взято | 🗑️ 183 мусор
2026-05-25 02:54:19,150 | INFO     |   → 235/989: ✅ 0 взято | 🗑️ 0 мусор
2026-05-25 02:54:19,151 | INFO     |   → 236/989: ✅ 0 взято | 🗑️ 169 мусор
2026-05-25 02:54:19,151 | INFO     |   → 237/989: ✅ 0 взято | 🗑️ 0 мусор
2026-05-25 02:54:19,151 | INFO     |   → 238/989: ✅ 0 взято | 🗑️ 167 мусор
2026-05-25 02:54:19,151 | INFO     |   → 239/989: ✅ 0 взято | 🗑️ 0 мусор
2026-05-25 02:54:19,151 | INFO     |   → 240/989: ✅ 0 взято | 🗑️ 193 мусор
2026-05-25 02:54:19,151 | INFO     |   → 241/989: ✅ 0 взято | 🗑️ 0 мусор
2026-05-25 02:54:19,151 | INFO     |   → 242/989: ✅ 1 взято | 🗑️ 161 мусор
2026-05-25 02:54:19,151 | INFO     |   → 243/989: ✅ 0 взято | 🗑️ 0 мусор
2026-05-25 02:54:19,151 | INFO     |   → 244/989: ✅ 0 взято | 🗑️ 171 мусор
2026-05-25 02:54:19,151 | INFO     |   → 245/989: ✅ 0 взято | 🗑️ 0 мусор
2026-05-25 02:54:19,151 | INFO     |   → 246/989: ✅ 0 взято | 🗑️ 174 мусор
2026-05-25 02:54:19,151 | INFO     |   → 247/989: ✅ 0 взято | 🗑️ 0 мусор
2026-05-25 02:54:19,151 | INFO     |   → 248/989: ✅ 0 взято | 🗑️ 206 мусор
2026-05-25 02:54:19,151 | INFO     |   → 249/989: ✅ 0 взято | 🗑️ 0 мусор
2026-05-25 02:54:19,151 | INFO     |   → 250/989: ✅ 0 взято | 🗑️ 170 мусор
2026-05-25 02:54:19,151 | INFO     |   → 251/989: ✅ 0 взято | 🗑️ 0 мусор
2026-05-25 02:54:19,151 | INFO     |   → 252/989: ✅ 1 взято | 🗑️ 196 мусор
2026-05-25 02:54:19,151 | INFO     |   → 253/989: ✅ 0 взято | 🗑️ 0 мусор
2026-05-25 02:54:19,152 | INFO     |   → 254/989 ⚠️ Ошибка: HTTPSConnectionPool(host='ivuxy.tech', port=443): Max retries exceeded with url: /v.txt (Caused by NameResolutionError("HTTPSConnection(host='ivuxy.tech', port=443): Failed to resolve 'ivuxy.tech' ([Errno -2] Name or service not known)")) — https://ivuxy.tech/v.txt
2026-05-25 02:54:19,152 | INFO     |   → 255/989 ⚠️ Ошибка: HTTPSConnectionPool(host='mirror.ghproxy.com', port=443): Max retries exceeded with url: /https://raw.githubusercontent.com/Barabama/FreeNodes/master/nodes/blues.txt (Caused by NameResolutionError("HTTPSConnection(host='mirror.ghproxy.com', port=443): Failed to resolve 'mirror.ghproxy.com' ([Errno -2] Name or service not known)")) — https://mirror.ghproxy.com/https://raw.githubusercontent.com/Barabama/FreeNodes/master/nodes/blues.txt
2026-05-25 02:54:19,152 | INFO     |   → 256/989 ⚠️ Ошибка: HTTPSConnectionPool(host='mirror.ghproxy.com', port=443): Max retries exceeded with url: /https://raw.githubusercontent.com/Barabama/FreeNodes/master/nodes/halekj.txt (Caused by NameResolutionError("HTTPSConnection(host='mirror.ghproxy.com', port=443): Failed to resolve 'mirror.ghproxy.com' ([Errno -2] Name or service not known)")) — https://mirror.ghproxy.com/https://raw.githubusercontent.com/Barabama/FreeNodes/master/nodes/halekj.txt
2026-05-25 02:54:19,152 | INFO     |   → 257/989 ⚠️ Ошибка: HTTPSConnectionPool(host='mirror.ghproxy.com', port=443): Max retries exceeded with url: /https://raw.githubusercontent.com/Barabama/FreeNodes/master/nodes/kkzui.txt (Caused by NameResolutionError("HTTPSConnection(host='mirror.ghproxy.com', port=443): Failed to resolve 'mirror.ghproxy.com' ([Errno -2] Name or service not known)")) — https://mirror.ghproxy.com/https://raw.githubusercontent.com/Barabama/FreeNodes/master/nodes/kkzui.txt
2026-05-25 02:54:19,152 | INFO     |   → 258/989 ⚠️ Ошибка: HTTPSConnectionPool(host='mirror.ghproxy.com', port=443): Max retries exceeded with url: /https://raw.githubusercontent.com/Barabama/FreeNodes/master/nodes/merged.txt (Caused by NameResolutionError("HTTPSConnection(host='mirror.ghproxy.com', port=443): Failed to resolve 'mirror.ghproxy.com' ([Errno -2] Name or service not known)")) — https://mirror.ghproxy.com/https://raw.githubusercontent.com/Barabama/FreeNodes/master/nodes/merged.txt
2026-05-25 02:54:19,152 | INFO     |   → 259/989 ⚠️ Ошибка: HTTPSConnectionPool(host='mirror.ghproxy.com', port=443): Max retries exceeded with url: /https://raw.githubusercontent.com/Barabama/FreeNodes/master/nodes/nodefree.txt (Caused by NameResolutionError("HTTPSConnection(host='mirror.ghproxy.com', port=443): Failed to resolve 'mirror.ghproxy.com' ([Errno -2] Name or service not known)")) — https://mirror.ghproxy.com/https://raw.githubusercontent.com/Barabama/FreeNodes/master/nodes/nodefree.txt
2026-05-25 02:54:19,152 | INFO     |   → 260/989 ⚠️ Ошибка: HTTPSConnectionPool(host='mirror.ghproxy.com', port=443): Max retries exceeded with url: /https://raw.githubusercontent.com/Barabama/FreeNodes/master/nodes/openrunner.txt (Caused by NameResolutionError("HTTPSConnection(host='mirror.ghproxy.com', port=443): Failed to resolve 'mirror.ghproxy.com' ([Errno -2] Name or service not known)")) — https://mirror.ghproxy.com/https://raw.githubusercontent.com/Barabama/FreeNodes/master/nodes/openrunner.txt
2026-05-25 02:54:19,152 | INFO     |   → 261/989 ⚠️ Ошибка: HTTPSConnectionPool(host='mirror.ghproxy.com', port=443): Max retries exceeded with url: /https://raw.githubusercontent.com/Barabama/FreeNodes/master/nodes/v2rayshare.txt (Caused by NameResolutionError("HTTPSConnection(host='mirror.ghproxy.com', port=443): Failed to resolve 'mirror.ghproxy.com' ([Errno -2] Name or service not known)")) — https://mirror.ghproxy.com/https://raw.githubusercontent.com/Barabama/FreeNodes/master/nodes/v2rayshare.txt
2026-05-25 02:54:19,152 | INFO     |   → 262/989 ⚠️ Ошибка: HTTPSConnectionPool(host='mirror.ghproxy.com', port=443): Max retries exceeded with url: /https://raw.githubusercontent.com/Barabama/FreeNodes/master/nodes/wenode.txt (Caused by NameResolutionError("HTTPSConnection(host='mirror.ghproxy.com', port=443): Failed to resolve 'mirror.ghproxy.com' ([Errno -2] Name or service not known)")) — https://mirror.ghproxy.com/https://raw.githubusercontent.com/Barabama/FreeNodes/master/nodes/wenode.txt
2026-05-25 02:54:19,152 | INFO     |   → 263/989 ⚠️ Ошибка: HTTPSConnectionPool(host='mirror.ghproxy.com', port=443): Max retries exceeded with url: /https://raw.githubusercontent.com/Barabama/FreeNodes/master/nodes/yudou66.txt (Caused by NameResolutionError("HTTPSConnection(host='mirror.ghproxy.com', port=443): Failed to resolve 'mirror.ghproxy.com' ([Errno -2] Name or service not known)")) — https://mirror.ghproxy.com/https://raw.githubusercontent.com/Barabama/FreeNodes/master/nodes/yudou66.txt
2026-05-25 02:54:19,152 | INFO     |   → 264/989: ✅ 7 взято | 🗑️ 17 мусор
2026-05-25 02:54:19,152 | INFO     |   → 265/989: ✅ 0 взято | 🗑️ 17 мусор
2026-05-25 02:54:19,152 | INFO     |   → 266/989: ✅ 14 взято | 🗑️ 14 мусор
2026-05-25 02:54:19,152 | INFO     |   → 267/989: ✅ 0 взято | 🗑️ 14 мусор
2026-05-25 02:54:19,152 | INFO     |   → 268/989: ✅ 0 взято | 🗑️ 14 мусор
2026-05-25 02:54:19,152 | INFO     |   → 269/989: ✅ 0 взято | 🗑️ 14 мусор
2026-05-25 02:54:19,152 | INFO     |   → 270/989: ✅ 0 взято | 🗑️ 14 мусор
2026-05-25 02:54:19,152 | INFO     |   → 271/989: ✅ 0 взято | 🗑️ 14 мусор
2026-05-25 02:54:19,152 | INFO     |   → 272/989: ✅ 0 взято | 🗑️ 14 мусор
2026-05-25 02:54:19,153 | INFO     |   → 273/989: ✅ 0 взято | 🗑️ 14 мусор
2026-05-25 02:54:19,153 | INFO     |   → 274/989: ✅ 0 взято | 🗑️ 14 мусор
2026-05-25 02:54:19,153 | INFO     |   → 275/989: ✅ 7 взято | 🗑️ 21 мусор
2026-05-25 02:54:19,153 | INFO     |   → 276/989: ✅ 0 взято | 🗑️ 21 мусор
2026-05-25 02:54:19,153 | INFO     |   → 277/989: ✅ 0 взято | 🗑️ 21 мусор
2026-05-25 02:54:19,153 | INFO     |   → 278/989: ✅ 0 взято | 🗑️ 21 мусор
2026-05-25 02:54:19,153 | INFO     |   → 279/989: ✅ 0 взято | 🗑️ 21 мусор
2026-05-25 02:54:19,153 | INFO     |   → 280/989: ✅ 0 взято | 🗑️ 21 мусор
2026-05-25 02:54:19,153 | INFO     |   → 281/989: ✅ 0 взято | 🗑️ 21 мусор
2026-05-25 02:54:19,153 | INFO     |   → 282/989: ✅ 0 взято | 🗑️ 21 мусор
2026-05-25 02:54:19,153 | INFO     |   → 283/989: ✅ 0 взято | 🗑️ 21 мусор
2026-05-25 02:54:19,153 | INFO     |   → 284/989: ✅ 0 взято | 🗑️ 21 мусор
2026-05-25 02:54:19,153 | INFO     |   → 285/989: ✅ 0 взято | 🗑️ 21 мусор
2026-05-25 02:54:19,153 | INFO     |   → 286/989: ✅ 5 взято | 🗑️ 15 мусор
2026-05-25 02:54:19,153 | INFO     |   → 287/989: ✅ 0 взято | 🗑️ 15 мусор
2026-05-25 02:54:19,153 | INFO     |   → 288/989: ✅ 0 взято | 🗑️ 15 мусор
2026-05-25 02:54:19,153 | INFO     |   → 289/989: ✅ 0 взято | 🗑️ 15 мусор
2026-05-25 02:54:19,153 | INFO     |   → 290/989: ✅ 0 взято | 🗑️ 15 мусор
2026-05-25 02:54:19,153 | INFO     |   → 291/989: ✅ 0 взято | 🗑️ 15 мусор
2026-05-25 02:54:19,154 | INFO     |   → 292/989: ✅ 0 взято | 🗑️ 15 мусор
2026-05-25 02:54:19,154 | INFO     |   → 293/989: ✅ 0 взято | 🗑️ 15 мусор
2026-05-25 02:54:19,154 | INFO     |   → 294/989: ✅ 0 взято | 🗑️ 15 мусор
2026-05-25 02:54:19,154 | INFO     |   → 295/989: ✅ 0 взято | 🗑️ 14 мусор
2026-05-25 02:54:19,154 | INFO     |   → 296/989: ✅ 0 взято | 🗑️ 14 мусор
2026-05-25 02:54:19,154 | INFO     |   → 297/989: ✅ 0 взято | 🗑️ 14 мусор
2026-05-25 02:54:19,154 | INFO     |   → 298/989: ✅ 0 взято | 🗑️ 14 мусор
2026-05-25 02:54:19,154 | INFO     |   → 299/989: ✅ 6 взято | 🗑️ 17 мусор
2026-05-25 02:54:19,154 | INFO     |   → 300/989: ✅ 0 взято | 🗑️ 17 мусор
2026-05-25 02:54:19,154 | INFO     |   → 301/989: ✅ 0 взято | 🗑️ 17 мусор
2026-05-25 02:54:19,154 | INFO     |   → 302/989: ✅ 0 взято | 🗑️ 17 мусор
2026-05-25 02:54:19,154 | INFO     |   → 303/989: ✅ 0 взято | 🗑️ 17 мусор
2026-05-25 02:54:19,154 | INFO     |   → 304/989: ✅ 0 взято | 🗑️ 17 мусор
2026-05-25 02:54:19,154 | INFO     |   → 305/989: ✅ 6 взято | 🗑️ 24 мусор
2026-05-25 02:54:19,154 | INFO     |   → 306/989: ✅ 0 взято | 🗑️ 24 мусор
2026-05-25 02:54:19,154 | INFO     |   → 307/989: ✅ 0 взято | 🗑️ 24 мусор
2026-05-25 02:54:19,154 | INFO     |   → 308/989: ✅ 0 взято | 🗑️ 24 мусор
2026-05-25 02:54:19,154 | INFO     |   → 309/989 ❌ HTTP 403 — https://nodefree.org/dy/2023/08/20230806.yaml
2026-05-25 02:54:19,154 | INFO     |   → 310/989 ❌ HTTP 403 — https://nodefree.org/dy/2023/12/20231221.txt
2026-05-25 02:54:19,154 | INFO     |   → 311/989: ✅ 0 взято | 🗑️ 17 мусор
2026-05-25 02:54:19,154 | INFO     |   → 312/989: ✅ 0 взято | 🗑️ 17 мусор
2026-05-25 02:54:19,154 | INFO     |   → 313/989: ✅ 0 взято | 🗑️ 14 мусор
2026-05-25 02:54:19,155 | INFO     |   → 314/989: ✅ 0 взято | 🗑️ 14 мусор
2026-05-25 02:54:19,155 | INFO     |   → 315/989: ✅ 0 взято | 🗑️ 14 мусор
2026-05-25 02:54:19,155 | INFO     |   → 316/989: ✅ 0 взято | 🗑️ 14 мусор
2026-05-25 02:54:19,155 | INFO     |   → 317/989: ✅ 0 взято | 🗑️ 14 мусор
2026-05-25 02:54:19,155 | INFO     |   → 318/989: ✅ 0 взято | 🗑️ 14 мусор
2026-05-25 02:54:19,155 | INFO     |   → 319/989: ✅ 0 взято | 🗑️ 14 мусор
2026-05-25 02:54:19,155 | INFO     |   → 320/989: ✅ 0 взято | 🗑️ 14 мусор
2026-05-25 02:54:19,155 | INFO     |   → 321/989: ✅ 0 взято | 🗑️ 14 мусор
2026-05-25 02:54:19,155 | INFO     |   → 322/989: ✅ 0 взято | 🗑️ 21 мусор
2026-05-25 02:54:19,155 | INFO     |   → 323/989: ✅ 0 взято | 🗑️ 21 мусор
2026-05-25 02:54:19,155 | INFO     |   → 324/989: ✅ 0 взято | 🗑️ 21 мусор
2026-05-25 02:54:19,155 | INFO     |   → 325/989: ✅ 0 взято | 🗑️ 21 мусор
2026-05-25 02:54:19,155 | INFO     |   → 326/989: ✅ 0 взято | 🗑️ 21 мусор
2026-05-25 02:54:19,155 | INFO     |   → 327/989: ✅ 0 взято | 🗑️ 21 мусор
2026-05-25 02:54:19,155 | INFO     |   → 328/989: ✅ 0 взято | 🗑️ 21 мусор
2026-05-25 02:54:19,155 | INFO     |   → 329/989: ✅ 0 взято | 🗑️ 21 мусор
2026-05-25 02:54:19,155 | INFO     |   → 330/989: ✅ 0 взято | 🗑️ 21 мусор
2026-05-25 02:54:19,155 | INFO     |   → 331/989: ✅ 0 взято | 🗑️ 21 мусор
2026-05-25 02:54:19,155 | INFO     |   → 332/989: ✅ 0 взято | 🗑️ 21 мусор
2026-05-25 02:54:19,156 | INFO     |   → 333/989: ✅ 0 взято | 🗑️ 15 мусор
2026-05-25 02:54:19,156 | INFO     |   → 334/989: ✅ 0 взято | 🗑️ 15 мусор
2026-05-25 02:54:19,156 | INFO     |   → 335/989: ✅ 0 взято | 🗑️ 15 мусор
2026-05-25 02:54:19,156 | INFO     |   → 336/989: ✅ 0 взято | 🗑️ 15 мусор
2026-05-25 02:54:19,156 | INFO     |   → 337/989: ✅ 0 взято | 🗑️ 15 мусор
2026-05-25 02:54:19,156 | INFO     |   → 338/989: ✅ 0 взято | 🗑️ 15 мусор
2026-05-25 02:54:19,156 | INFO     |   → 339/989: ✅ 0 взято | 🗑️ 15 мусор
2026-05-25 02:54:19,156 | INFO     |   → 340/989: ✅ 0 взято | 🗑️ 15 мусор
2026-05-25 02:54:19,156 | INFO     |   → 341/989: ✅ 0 взято | 🗑️ 15 мусор
2026-05-25 02:54:19,156 | INFO     |   → 342/989: ✅ 0 взято | 🗑️ 15 мусор
2026-05-25 02:54:19,156 | INFO     |   → 343/989: ✅ 0 взято | 🗑️ 14 мусор
2026-05-25 02:54:19,156 | INFO     |   → 344/989: ✅ 0 взято | 🗑️ 14 мусор
2026-05-25 02:54:19,156 | INFO     |   → 345/989: ✅ 0 взято | 🗑️ 14 мусор
2026-05-25 02:54:19,156 | INFO     |   → 346/989: ✅ 0 взято | 🗑️ 14 мусор
2026-05-25 02:54:19,156 | INFO     |   → 347/989: ✅ 0 взято | 🗑️ 17 мусор
2026-05-25 02:54:19,156 | INFO     |   → 348/989: ✅ 0 взято | 🗑️ 17 мусор
2026-05-25 02:54:19,156 | INFO     |   → 349/989: ✅ 0 взято | 🗑️ 17 мусор
2026-05-25 02:54:19,156 | INFO     |   → 350/989: ✅ 0 взято | 🗑️ 17 мусор
2026-05-25 02:54:19,156 | INFO     |   → 351/989: ✅ 0 взято | 🗑️ 17 мусор
2026-05-25 02:54:19,157 | INFO     |   → 352/989: ✅ 0 взято | 🗑️ 24 мусор
2026-05-25 02:54:19,157 | INFO     |   → 353/989: ✅ 0 взято | 🗑️ 24 мусор
2026-05-25 02:54:19,157 | INFO     |   → 354/989: ✅ 0 взято | 🗑️ 24 мусор
2026-05-25 02:54:19,157 | INFO     |   → 355/989: ✅ 0 взято | 🗑️ 24 мусор
2026-05-25 02:54:19,157 | INFO     |   → 356/989: ✅ 0 взято | 🗑️ 0 мусор
2026-05-25 02:54:19,157 | INFO     |   → 357/989: ✅ 0 взято | 🗑️ 0 мусор
2026-05-25 02:54:19,157 | INFO     |   → 358/989: ✅ 0 взято | 🗑️ 0 мусор
2026-05-25 02:54:19,157 | INFO     |   → 359/989: ✅ 0 взято | 🗑️ 0 мусор
2026-05-25 02:54:19,157 | INFO     |   → 360/989: ✅ 0 взято | 🗑️ 0 мусор
2026-05-25 02:54:19,157 | INFO     |   → 361/989: ✅ 0 взято | 🗑️ 0 мусор
2026-05-25 02:54:19,157 | INFO     |   → 362/989: ✅ 0 взято | 🗑️ 0 мусор
2026-05-25 02:54:19,157 | INFO     |   → 363/989: ✅ 0 взято | 🗑️ 0 мусор
2026-05-25 02:54:19,157 | INFO     |   → 364/989: ✅ 0 взято | 🗑️ 0 мусор
2026-05-25 02:54:19,157 | INFO     |   → 365/989: ✅ 0 взято | 🗑️ 0 мусор
2026-05-25 02:54:19,157 | INFO     |   → 366/989: ✅ 0 взято | 🗑️ 0 мусор
2026-05-25 02:54:19,157 | INFO     |   → 367/989: ✅ 0 взято | 🗑️ 0 мусор
2026-05-25 02:54:19,157 | INFO     |   → 368/989 ❌ HTTP 404 — https://raw.githubusercontent.com/10ium/MihomoSaz/main/Sublist/shatakvpn.yaml4_Sub.txt
2026-05-25 02:54:19,157 | INFO     |   → 369/989: ✅ 0 взято | 🗑️ 0 мусор
2026-05-25 02:54:19,158 | INFO     |   → 370/989: ✅ 0 взято | 🗑️ 0 мусор
2026-05-25 02:54:19,158 | INFO     |   → 371/989: ✅ 12 взято | 🗑️ 38 мусор
2026-05-25 02:54:19,158 | INFO     |   → 372/989: ✅ 0 взято | 🗑️ 0 мусор
2026-05-25 02:54:19,158 | INFO     |   → 373/989: ✅ 0 взято | 🗑️ 0 мусор
2026-05-25 02:54:19,158 | INFO     |   → 374/989: ✅ 11 взято | 🗑️ 399 мусор
2026-05-25 02:54:19,158 | INFO     |   → 375/989: ✅ 0 взято | 🗑️ 0 мусор
2026-05-25 02:54:19,158 | INFO     |   → 376/989 ❌ HTTP 404 — https://raw.githubusercontent.com/9Fork/openit/main/Clash.yaml
2026-05-25 02:54:19,158 | INFO     |   → 377/989: ✅ 100 взято | 🗑️ 381 мусор
2026-05-25 02:54:19,158 | INFO     |   → 378/989: ✅ 0 взято | 🗑️ 381 мусор
2026-05-25 02:54:19,158 | INFO     |   → 379/989: ✅ 19 взято | 🗑️ 81 мусор
2026-05-25 02:54:19,158 | INFO     |   → 380/989: ✅ 11 взято | 🗑️ 87 мусор
2026-05-25 02:54:19,158 | INFO     |   → 381/989: ✅ 27 взято | 🗑️ 73 мусор
2026-05-25 02:54:19,158 | INFO     |   → 382/989: ✅ 13 взято | 🗑️ 75 мусор
2026-05-25 02:54:19,158 | INFO     |   → 383/989: ✅ 10 взято | 🗑️ 83 мусор
2026-05-25 02:54:19,158 | INFO     |   → 384/989: ✅ 12 взято | 🗑️ 86 мусор
2026-05-25 02:54:19,158 | INFO     |   → 385/989: ✅ 11 взято | 🗑️ 87 мусор
2026-05-25 02:54:19,158 | INFO     |   → 386/989: ✅ 11 взято | 🗑️ 80 мусор
2026-05-25 02:54:19,158 | INFO     |   → 387/989: ✅ 9 взято | 🗑️ 82 мусор
2026-05-25 02:54:19,158 | INFO     |   → 388/989: ✅ 69 взято | 🗑️ 3 мусор
2026-05-25 02:54:19,159 | INFO     |   → 389/989: ✅ 3 взято | 🗑️ 75 мусор
2026-05-25 02:54:19,159 | INFO     |   → 390/989: ✅ 4 взято | 🗑️ 69 мусор
2026-05-25 02:54:19,159 | INFO     |   → 391/989: ✅ 4 взято | 🗑️ 80 мусор
2026-05-25 02:54:19,159 | INFO     |   → 392/989: ✅ 6 взято | 🗑️ 81 мусор
2026-05-25 02:54:19,159 | INFO     |   → 393/989: ✅ 5 взято | 🗑️ 79 мусор
2026-05-25 02:54:19,159 | INFO     |   → 394/989: ✅ 11 взято | 🗑️ 78 мусор
2026-05-25 02:54:19,159 | INFO     |   → 395/989: ✅ 3 взято | 🗑️ 83 мусор
2026-05-25 02:54:19,159 | INFO     |   → 396/989: ✅ 14 взято | 🗑️ 76 мусор
2026-05-25 02:54:19,159 | INFO     |   → 397/989: ✅ 12 взято | 🗑️ 78 мусор
2026-05-25 02:54:19,159 | INFO     |   → 398/989: ✅ 26 взято | 🗑️ 218 мусор
2026-05-25 02:54:19,159 | INFO     |   → 399/989: ✅ 44 взято | 🗑️ 141 мусор
2026-05-25 02:54:19,159 | INFO     |   → 400/989: ✅ 10 взято | 🗑️ 71 мусор
2026-05-25 02:54:19,159 | INFO     |   → 401/989: ✅ 2 взято | 🗑️ 88 мусор
2026-05-25 02:54:19,159 | INFO     |   → 402/989: ✅ 0 взято | 🗑️ 3 мусор
2026-05-25 02:54:19,159 | INFO     |   → 403/989: ✅ 14 взято | 🗑️ 4 мусор
2026-05-25 02:54:19,159 | INFO     |   → 404/989: ✅ 623 взято | 🗑️ 2432 мусор
2026-05-25 02:54:19,159 | INFO     |   → 405/989 ❌ HTTP 404 — https://raw.githubusercontent.com/Alvin9999/pac2/master/clash/1/config.yaml
2026-05-25 02:54:19,159 | INFO     |   → 406/989 ❌ HTTP 404 — https://raw.githubusercontent.com/AmirHDevo/temp2/7f15e7ddb311a6f8c5ab338bd1af0e1f2136a84b/configs.txt
2026-05-25 02:54:19,159 | INFO     |   → 407/989: ✅ 2 взято | 🗑️ 178 мусор
2026-05-25 02:54:19,159 | INFO     |   → 408/989: ✅ 2108 взято | 🗑️ 39472 мусор
2026-05-25 02:54:19,159 | INFO     |   → 409/989: ✅ 5 взято | 🗑️ 47 мусор
2026-05-25 02:54:19,159 | INFO     |   → 410/989: ✅ 2 взято | 🗑️ 48 мусор
2026-05-25 02:54:19,159 | INFO     |   → 411/989: ✅ 21 взято | 🗑️ 107 мусор
2026-05-25 02:54:19,159 | INFO     |   → 412/989: ✅ 78 взято | 🗑️ 347 мусор
2026-05-25 02:54:19,159 | INFO     |   → 413/989: ✅ 0 взято | 🗑️ 1373 мусор
2026-05-25 02:54:19,159 | INFO     |   → 414/989: ✅ 339 взято | 🗑️ 1542 мусор
2026-05-25 02:54:19,159 | INFO     |   → 415/989: ✅ 0 взято | 🗑️ 6 мусор
2026-05-25 02:54:19,159 | INFO     |   → 416/989: ✅ 0 взято | 🗑️ 0 мусор
2026-05-25 02:54:19,159 | INFO     |   → 417/989: ✅ 1 взято | 🗑️ 235 мусор
2026-05-25 02:54:19,159 | INFO     |   → 418/989: ✅ 0 взято | 🗑️ 16 мусор
2026-05-25 02:54:19,159 | INFO     |   → 419/989: ✅ 0 взято | 🗑️ 0 мусор
2026-05-25 02:54:19,159 | INFO     |   → 420/989: ✅ 0 взято | 🗑️ 14 мусор
2026-05-25 02:54:19,159 | INFO     |   → 421/989: ✅ 0 взято | 🗑️ 0 мусор
2026-05-25 02:54:19,159 | INFO     |   → 422/989: ✅ 0 взято | 🗑️ 17 мусор
2026-05-25 02:54:19,159 | INFO     |   → 423/989: ✅ 0 взято | 🗑️ 0 мусор
2026-05-25 02:54:19,159 | INFO     |   → 424/989: ✅ 1 взято | 🗑️ 12 мусор
2026-05-25 02:54:19,159 | INFO     |   → 425/989: ✅ 0 взято | 🗑️ 0 мусор
2026-05-25 02:54:19,159 | INFO     |   → 426/989: ✅ 0 взято | 🗑️ 17 мусор
2026-05-25 02:54:19,159 | INFO     |   → 427/989: ✅ 0 взято | 🗑️ 0 мусор
2026-05-25 02:54:19,159 | INFO     |   → 428/989: ✅ 0 взято | 🗑️ 17 мусор
2026-05-25 02:54:19,159 | INFO     |   → 429/989: ✅ 0 взято | 🗑️ 0 мусор
2026-05-25 02:54:19,159 | INFO     |   → 430/989: ✅ 0 взято | 🗑️ 161 мусор
2026-05-25 02:54:19,160 | INFO     |   → 431/989: ✅ 0 взято | 🗑️ 0 мусор
2026-05-25 02:54:19,160 | INFO     |   → 432/989: ✅ 5 взято | 🗑️ 76 мусор
2026-05-25 02:54:19,160 | INFO     |   → 433/989: ✅ 80 взято | 🗑️ 1110 мусор
2026-05-25 02:54:19,160 | INFO     |   → 434/989: ✅ 5 взято | 🗑️ 13 мусор
2026-05-25 02:54:19,160 | INFO     |   → 435/989 ❌ HTTP 404 — https://raw.githubusercontent.com/Epodonios/bulk-xray-v2ray-vless-vmess-...-configs/main/sub/Austria/config.txt
2026-05-25 02:54:19,160 | INFO     |   → 436/989 ❌ HTTP 404 — https://raw.githubusercontent.com/Epodonios/bulk-xray-v2ray-vless-vmess-...-configs/main/sub/Canada/config.txt
2026-05-25 02:54:19,160 | INFO     |   → 437/989 ❌ HTTP 404 — https://raw.githubusercontent.com/Epodonios/bulk-xray-v2ray-vless-vmess-...-configs/main/sub/Costa%20Rica/config.txt
2026-05-25 02:54:19,160 | INFO     |   → 438/989 ❌ HTTP 404 — https://raw.githubusercontent.com/Epodonios/bulk-xray-v2ray-vless-vmess-...-configs/main/sub/France/config.txt
2026-05-25 02:54:19,160 | INFO     |   → 439/989 ❌ HTTP 404 — https://raw.githubusercontent.com/Epodonios/bulk-xray-v2ray-vless-vmess-...-configs/main/sub/Germany/config.txt
2026-05-25 02:54:19,160 | INFO     |   → 440/989 ❌ HTTP 404 — https://raw.githubusercontent.com/Epodonios/bulk-xray-v2ray-vless-vmess-...-configs/main/sub/Indonesia/config.txt
2026-05-25 02:54:19,160 | INFO     |   → 441/989 ❌ HTTP 404 — https://raw.githubusercontent.com/Epodonios/bulk-xray-v2ray-vless-vmess-...-configs/main/sub/Ireland/config.txt
2026-05-25 02:54:19,160 | INFO     |   → 442/989 ❌ HTTP 404 — https://raw.githubusercontent.com/Epodonios/bulk-xray-v2ray-vless-vmess-...-configs/main/sub/Republic%20of%20Lithuania/config.txt
2026-05-25 02:54:19,160 | INFO     |   → 443/989 ❌ HTTP 404 — https://raw.githubusercontent.com/Epodonios/bulk-xray-v2ray-vless-vmess-...-configs/main/sub/South%20Africa/config.txt
2026-05-25 02:54:19,160 | INFO     |   → 444/989 ❌ HTTP 404 — https://raw.githubusercontent.com/Epodonios/bulk-xray-v2ray-vless-vmess-...-configs/main/sub/Sweden/config.txt
2026-05-25 02:54:19,160 | INFO     |   → 445/989 ❌ HTTP 404 — https://raw.githubusercontent.com/Epodonios/bulk-xray-v2ray-vless-vmess-...-configs/main/sub/Turkey/config.txt
2026-05-25 02:54:19,160 | INFO     |   → 446/989 ❌ HTTP 404 — https://raw.githubusercontent.com/Epodonios/bulk-xray-v2ray-vless-vmess-...-configs/main/sub/United%20Arab%20Emirates/config.txt
2026-05-25 02:54:19,160 | INFO     |   → 447/989 ❌ HTTP 404 — https://raw.githubusercontent.com/Epodonios/bulk-xray-v2ray-vless-vmess-...-configs/main/sub/United%20Kingdom/config.txt
2026-05-25 02:54:19,160 | INFO     |   → 448/989 ❌ HTTP 404 — https://raw.githubusercontent.com/Epodonios/bulk-xray-v2ray-vless-vmess-...-configs/main/sub/United%20States/config.txt
2026-05-25 02:54:19,160 | INFO     |   → 449/989: ✅ 335 взято | 🗑️ 3735 мусор
2026-05-25 02:54:19,160 | INFO     |   → 450/989 ❌ HTTP 404 — https://raw.githubusercontent.com/Epodonios/v2ray-configs/main/Splitted-By-Protocol/mix.txt
2026-05-25 02:54:19,160 | INFO     |   → 451/989: ✅ 4 взято | 🗑️ 324 мусор
2026-05-25 02:54:19,160 | INFO     |   → 452/989: ✅ 0 взято | 🗑️ 0 мусор
2026-05-25 02:54:19,160 | INFO     |   → 453/989: ✅ 3 взято | 🗑️ 329 мусор
2026-05-25 02:54:19,160 | INFO     |   → 454/989: ✅ 8 взято | 🗑️ 2610 мусор
2026-05-25 02:54:19,160 | INFO     |   → 455/989: ✅ 2 взято | 🗑️ 481 мусор
2026-05-25 02:54:19,160 | INFO     |   → 456/989 ❌ HTTP 404 — https://raw.githubusercontent.com/Epodonios/v2ray-configs/raw/main/Splitted-By-Protocol/trojan.txt
2026-05-25 02:54:19,160 | INFO     |   → 457/989 ❌ HTTP 404 — https://raw.githubusercontent.com/Epodonios/v2ray-configs/raw/main/Splitted-By-Protocol/vmess.txt
2026-05-25 02:54:19,160 | INFO     |   → 458/989: ✅ 0 взято | 🗑️ 324 мусор
2026-05-25 02:54:19,160 | INFO     |   → 459/989: ✅ 0 взято | 🗑️ 0 мусор
2026-05-25 02:54:19,161 | INFO     |   → 460/989: ✅ 0 взято | 🗑️ 329 мусор
2026-05-25 02:54:19,161 | INFO     |   → 461/989: ✅ 0 взято | 🗑️ 2610 мусор
2026-05-25 02:54:19,161 | INFO     |   → 462/989: ✅ 0 взято | 🗑️ 481 мусор
2026-05-25 02:54:19,161 | INFO     |   → 463/989 ❌ HTTP 404 — https://raw.githubusercontent.com/Fido6/FreeNodes/57221e59caddde55ffdda21d491ae952cd608049/nodes/halekj.txt
2026-05-25 02:54:19,161 | INFO     |   → 464/989 ❌ HTTP 404 — https://raw.githubusercontent.com/Fido6/FreeNodes/57221e59caddde55ffdda21d491ae952cd608049/nodes/kkzui.txt
2026-05-25 02:54:19,161 | INFO     |   → 465/989 ❌ HTTP 404 — https://raw.githubusercontent.com/Fido6/FreeNodes/57221e59caddde55ffdda21d491ae952cd608049/nodes/wenode.txt
2026-05-25 02:54:19,161 | INFO     |   → 466/989: ✅ 0 взято | 🗑️ 0 мусор
2026-05-25 02:54:19,161 | INFO     |   → 467/989: ✅ 0 взято | 🗑️ 17 мусор
2026-05-25 02:54:19,161 | INFO     |   → 468/989: ✅ 14 взято | 🗑️ 250 мусор
2026-05-25 02:54:19,161 | INFO     |   → 469/989: ✅ 1 взято | 🗑️ 23 мусор
2026-05-25 02:54:19,161 | INFO     |   → 470/989: ✅ 1 взято | 🗑️ 17 мусор
2026-05-25 02:54:19,161 | INFO     |   → 471/989: ✅ 4 взято | 🗑️ 11 мусор
2026-05-25 02:54:19,161 | INFO     |   → 472/989: ✅ 0 взято | 🗑️ 0 мусор
2026-05-25 02:54:19,161 | INFO     |   → 473/989: ✅ 0 взято | 🗑️ 137 мусор
2026-05-25 02:54:19,161 | INFO     |   → 474/989: ✅ 0 взято | 🗑️ 32 мусор
2026-05-25 02:54:19,161 | INFO     |   → 475/989: ✅ 2 взято | 🗑️ 19 мусор
2026-05-25 02:54:19,161 | INFO     |   → 476/989: ✅ 0 взято | 🗑️ 43 мусор
2026-05-25 02:54:19,161 | INFO     |   → 477/989: ✅ 0 взято | 🗑️ 43 мусор
2026-05-25 02:54:19,161 | INFO     |   → 478/989 ❌ HTTP 404 — https://raw.githubusercontent.com/Iran-v2ray/v2ray/main/v2ray
2026-05-25 02:54:19,161 | INFO     |   → 479/989: ✅ 0 взято | 🗑️ 1 мусор
2026-05-25 02:54:19,161 | INFO     |   → 480/989: ✅ 0 взято | 🗑️ 1 мусор
2026-05-25 02:54:19,161 | INFO     |   → 481/989: ✅ 0 взято | 🗑️ 28 мусор
2026-05-25 02:54:19,161 | INFO     |   → 482/989: ✅ 14 взято | 🗑️ 282 мусор
2026-05-25 02:54:19,161 | INFO     |   → 483/989: ✅ 0 взято | 🗑️ 94 мусор
2026-05-25 02:54:19,162 | INFO     |   → 484/989: ✅ 0 взято | 🗑️ 0 мусор
2026-05-25 02:54:19,162 | INFO     |   → 485/989: ✅ 0 взято | 🗑️ 0 мусор
2026-05-25 02:54:19,162 | INFO     |   → 486/989 ❌ HTTP 404 — https://raw.githubusercontent.com/Kwinshadow/TelegramV2rayCollector/raw/refs/heads/main/sublinks/mix.txt
2026-05-25 02:54:19,162 | INFO     |   → 487/989 ❌ HTTP 404 — https://raw.githubusercontent.com/LalatinaHub/Mineral/raw/refs/heads/master/result/nodes
2026-05-25 02:54:19,162 | INFO     |   → 488/989 ❌ HTTP 404 — https://raw.githubusercontent.com/Leon406/SubCrawler/main/sub/share/all3
2026-05-25 02:54:19,162 | INFO     |   → 489/989 ❌ HTTP 404 — https://raw.githubusercontent.com/Leon406/SubCrawler/main/sub/share/all4
2026-05-25 02:54:19,162 | INFO     |   → 490/989: ✅ 4 взято | 🗑️ 335 мусор
2026-05-25 02:54:19,162 | INFO     |   → 491/989: ✅ 0 взято | 🗑️ 33 мусор
2026-05-25 02:54:19,162 | INFO     |   → 492/989: ✅ 0 взято | 🗑️ 6 мусор
2026-05-25 02:54:19,162 | INFO     |   → 493/989: ✅ 0 взято | 🗑️ 147 мусор
2026-05-25 02:54:19,162 | INFO     |   → 494/989 ❌ HTTP 404 — https://raw.githubusercontent.com/M-Mashreghi/free-config-collector/main/Splitted-By-Protocol/ssr.txt
2026-05-25 02:54:19,162 | INFO     |   → 495/989: ✅ 139 взято | 🗑️ 114 мусор
2026-05-25 02:54:19,162 | INFO     |   → 496/989: ✅ 126 взято | 🗑️ 137 мусор
2026-05-25 02:54:19,162 | INFO     |   → 497/989: ✅ 0 взято | 🗑️ 12 мусор
2026-05-25 02:54:19,162 | INFO     |   → 498/989: ✅ 0 взято | 🗑️ 1 мусор
2026-05-25 02:54:19,162 | INFO     |   → 499/989: ✅ 130 взято | 🗑️ 736 мусор
2026-05-25 02:54:19,162 | INFO     |   → 500/989: ✅ 0 взято | 🗑️ 736 мусор
2026-05-25 02:54:19,162 | INFO     |   → 501/989 ❌ HTTP 404 — https://raw.githubusercontent.com/MatinGhanbari/v2ray-configs/main/subscriptions/filtered/subs/hy2.txt
2026-05-25 02:54:19,162 | INFO     |   → 502/989: ✅ 23 взято | 🗑️ 1555 мусор
2026-05-25 02:54:19,162 | INFO     |   → 503/989 ❌ HTTP 404 — https://raw.githubusercontent.com/MatinGhanbari/v2ray-configs/main/subscriptions/filtered/subs/ssr.txt
2026-05-25 02:54:19,162 | INFO     |   → 504/989: ✅ 53 взято | 🗑️ 522 мусор
2026-05-25 02:54:19,162 | INFO     |   → 505/989 ❌ HTTP 404 — https://raw.githubusercontent.com/MatinGhanbari/v2ray-configs/main/subscriptions/filtered/subs/tuic.txt
2026-05-25 02:54:19,162 | INFO     |   → 506/989: ✅ 14 взято | 🗑️ 231 мусор
2026-05-25 02:54:19,162 | INFO     |   → 507/989: ✅ 223 взято | 🗑️ 1314 мусор
2026-05-25 02:54:19,162 | INFO     |   → 508/989: ✅ 0 взято | 🗑️ 2 мусор
2026-05-25 02:54:19,163 | INFO     |   → 509/989: ✅ 73 взято | 🗑️ 703 мусор
2026-05-25 02:54:19,163 | INFO     |   → 510/989: ✅ 0 взято | 🗑️ 355 мусор
2026-05-25 02:54:19,163 | INFO     |   → 511/989: ✅ 0 взято | 🗑️ 355 мусор
2026-05-25 02:54:19,163 | INFO     |   → 512/989: ✅ 0 взято | 🗑️ 19 мусор
2026-05-25 02:54:19,163 | INFO     |   → 513/989: ✅ 0 взято | 🗑️ 2 мусор
2026-05-25 02:54:19,163 | INFO     |   → 514/989: ✅ 0 взято | 🗑️ 261 мусор
2026-05-25 02:54:19,163 | INFO     |   → 515/989: ✅ 0 взято | 🗑️ 74 мусор
2026-05-25 02:54:19,163 | INFO     |   → 516/989 ❌ HTTP 404 — https://raw.githubusercontent.com/MhdiTaheri/V2rayCollector/raw/refs/heads/main/sub/mix
2026-05-25 02:54:19,163 | INFO     |   → 517/989: ✅ 53 взято | 🗑️ 267 мусор
2026-05-25 02:54:19,163 | INFO     |   → 518/989 ❌ HTTP 404 — https://raw.githubusercontent.com/MhdiTaheri/V2rayCollector_Py/raw/refs/heads/main/sub/Mix/mix.txt
2026-05-25 02:54:19,163 | INFO     |   → 519/989: ✅ 0 взято | 🗑️ 0 мусор
2026-05-25 02:54:19,163 | INFO     |   → 520/989: ✅ 43 взято | 🗑️ 217 мусор
2026-05-25 02:54:19,163 | INFO     |   → 521/989: ✅ 0 взято | 🗑️ 31 мусор
2026-05-25 02:54:19,163 | INFO     |   → 522/989: ✅ 93 взято | 🗑️ 282 мусор
2026-05-25 02:54:19,163 | INFO     |   → 523/989: ✅ 0 взято | 🗑️ 26 мусор
2026-05-25 02:54:19,163 | INFO     |   → 524/989 ❌ HTTP 404 — https://raw.githubusercontent.com/MrMohebi/xray-proxy-grabber-telegram/master/collected-proxies/clash-meta/all.yaml
2026-05-25 02:54:19,163 | INFO     |   → 525/989 ❌ HTTP 404 — https://raw.githubusercontent.com/MrMohebi/xray-proxy-grabber-telegram/master/collected-proxies/row-url/actives.txt
2026-05-25 02:54:19,163 | INFO     |   → 526/989 ❌ HTTP 404 — https://raw.githubusercontent.com/MrMohebi/xray-proxy-grabber-telegram/master/collected-proxies/row-url/all.txt
2026-05-25 02:54:19,163 | INFO     |   → 527/989: ✅ 0 взято | 🗑️ 13 мусор
2026-05-25 02:54:19,163 | INFO     |   → 528/989: ✅ 0 взято | 🗑️ 13 мусор
2026-05-25 02:54:19,163 | INFO     |   → 529/989: ✅ 5 взято | 🗑️ 15 мусор
2026-05-25 02:54:19,163 | INFO     |   → 530/989: ✅ 0 взято | 🗑️ 30 мусор
2026-05-25 02:54:19,163 | INFO     |   → 531/989: ✅ 0 взято | 🗑️ 15 мусор
2026-05-25 02:54:19,163 | INFO     |   → 532/989: ✅ 66 взято | 🗑️ 123 мусор
2026-05-25 02:54:19,163 | INFO     |   → 533/989: ✅ 175 взято | 🗑️ 582 мусор
2026-05-25 02:54:19,163 | INFO     |   → 534/989: ✅ 0 взято | 🗑️ 0 мусор
2026-05-25 02:54:19,164 | INFO     |   → 535/989 ❌ HTTP 404 — https://raw.githubusercontent.com/OpenCNLink/freevpn/3cfcff048bfdd1493ccffa52ecf30ce7f9fc6b28/src/list/vmess.txt
2026-05-25 02:54:19,164 | INFO     |   → 536/989 ❌ HTTP 404 — https://raw.githubusercontent.com/Pawdro/Collection/main/sub
2026-05-25 02:54:19,164 | INFO     |   → 537/989: ✅ 0 взято | 🗑️ 20 мусор
2026-05-25 02:54:19,164 | INFO     |   → 538/989: ✅ 0 взято | 🗑️ 20 мусор
2026-05-25 02:54:19,164 | INFO     |   → 539/989: ✅ 0 взято | 🗑️ 0 мусор
2026-05-25 02:54:19,164 | INFO     |   → 540/989: ✅ 0 взято | 🗑️ 0 мусор
2026-05-25 02:54:19,164 | INFO     |   → 541/989: ✅ 0 взято | 🗑️ 50 мусор
2026-05-25 02:54:19,164 | INFO     |   → 542/989: ✅ 5 взято | 🗑️ 206 мусор
2026-05-25 02:54:19,164 | INFO     |   → 543/989: ✅ 21 взято | 🗑️ 138 мусор
2026-05-25 02:54:19,164 | INFO     |   → 544/989: ✅ 23 взято | 🗑️ 89 мусор
2026-05-25 02:54:19,164 | INFO     |   → 545/989: ✅ 9 взято | 🗑️ 85 мусор
2026-05-25 02:54:19,164 | INFO     |   → 546/989: ✅ 0 взято | 🗑️ 129 мусор
2026-05-25 02:54:19,164 | INFO     |   → 547/989: ✅ 0 взято | 🗑️ 81 мусор
2026-05-25 02:54:19,164 | INFO     |   → 548/989 ❌ HTTP 404 — https://raw.githubusercontent.com/STR97/STRUGOV/refs/heads/main/STR.BYPASS
2026-05-25 02:54:19,164 | INFO     |   → 549/989: ✅ 4 взято | 🗑️ 34 мусор
2026-05-25 02:54:19,164 | INFO     |   → 550/989: ✅ 11 взято | 🗑️ 16 мусор
2026-05-25 02:54:19,164 | INFO     |   → 551/989: ✅ 0 взято | 🗑️ 16 мусор
2026-05-25 02:54:19,164 | INFO     |   → 552/989: ✅ 0 взято | 🗑️ 27 мусор
2026-05-25 02:54:19,164 | INFO     |   → 553/989: ✅ 140 взято | 🗑️ 1153 мусор
2026-05-25 02:54:19,164 | INFO     |   → 554/989: ✅ 29 взято | 🗑️ 54 мусор
2026-05-25 02:54:19,164 | INFO     |   → 555/989: ✅ 0 взято | 🗑️ 0 мусор
2026-05-25 02:54:19,164 | INFO     |   → 556/989: ✅ 0 взято | 🗑️ 0 мусор
2026-05-25 02:54:19,164 | INFO     |   → 557/989: ✅ 2 взято | 🗑️ 12 мусор
2026-05-25 02:54:19,164 | INFO     |   → 558/989: ✅ 0 взято | 🗑️ 0 мусор
2026-05-25 02:54:19,164 | INFO     |   → 559/989: ✅ 0 взято | 🗑️ 12 мусор
2026-05-25 02:54:19,164 | INFO     |   → 560/989: ✅ 4 взято | 🗑️ 291 мусор
2026-05-25 02:54:19,165 | INFO     |   → 561/989: ✅ 0 взято | 🗑️ 119 мусор
2026-05-25 02:54:19,165 | INFO     |   → 562/989: ✅ 0 взято | 🗑️ 0 мусор
2026-05-25 02:54:19,165 | INFO     |   → 563/989 ❌ HTTP 404 — https://raw.githubusercontent.com/V2RAYCONFIGSPOOL/V2RAY_SUB/main/V2RAY_SUB.txt
2026-05-25 02:54:19,165 | INFO     |   → 564/989: ✅ 28 взято | 🗑️ 102 мусор
2026-05-25 02:54:19,165 | INFO     |   → 565/989: ✅ 19 взято | 🗑️ 76 мусор
2026-05-25 02:54:19,165 | INFO     |   → 566/989: ✅ 0 взято | 🗑️ 0 мусор
2026-05-25 02:54:19,165 | INFO     |   → 567/989: ✅ 0 взято | 🗑️ 76 мусор
2026-05-25 02:54:19,165 | INFO     |   → 568/989: ✅ 58 взято | 🗑️ 348 мусор
2026-05-25 02:54:19,165 | INFO     |   → 569/989: ✅ 0 взято | 🗑️ 0 мусор
2026-05-25 02:54:19,165 | INFO     |   → 570/989: ✅ 6 взято | 🗑️ 245 мусор
2026-05-25 02:54:19,165 | INFO     |   → 571/989: ✅ 0 взято | 🗑️ 0 мусор
2026-05-25 02:54:19,165 | INFO     |   → 572/989: ✅ 3 взято | 🗑️ 322 мусор
2026-05-25 02:54:19,165 | INFO     |   → 573/989: ✅ 0 взято | 🗑️ 0 мусор
2026-05-25 02:54:19,165 | INFO     |   → 574/989: ✅ 0 взято | 🗑️ 0 мусор
2026-05-25 02:54:19,165 | INFO     |   → 575/989: ✅ 3 взято | 🗑️ 268 мусор
2026-05-25 02:54:19,165 | INFO     |   → 576/989: ✅ 1 взято | 🗑️ 251 мусор
2026-05-25 02:54:19,165 | INFO     |   → 577/989: ✅ 1 взято | 🗑️ 231 мусор
2026-05-25 02:54:19,165 | INFO     |   → 578/989: ✅ 0 взято | 🗑️ 17 мусор
2026-05-25 02:54:19,165 | INFO     |   → 579/989: ✅ 1 взято | 🗑️ 83 мусор
2026-05-25 02:54:19,165 | INFO     |   → 580/989: ✅ 0 взято | 🗑️ 16 мусор
2026-05-25 02:54:19,165 | INFO     |   → 581/989: ✅ 0 взято | 🗑️ 16 мусор
2026-05-25 02:54:19,165 | INFO     |   → 582/989 ❌ HTTP 404 — https://raw.githubusercontent.com/aiboboxx/clashfree/main/clash.yml
2026-05-25 02:54:19,165 | INFO     |   → 583/989 ❌ HTTP 404 — https://raw.githubusercontent.com/aiboboxx/v2rayfree/main/v2
2026-05-25 02:54:19,165 | INFO     |   → 584/989 ❌ HTTP 404 — https://raw.githubusercontent.com/amirmohammad-mohammad-88/Sub-Reality-Azadi-config/Config/Azadi-Reality-Different
2026-05-25 02:54:19,165 | INFO     |   → 585/989 ❌ HTTP 404 — https://raw.githubusercontent.com/amirmohammad-mohammad-88/Sub-Reality-Azadi-config/Config/Azadi-Reality-Different-Base64
2026-05-25 02:54:19,166 | INFO     |   → 586/989: ✅ 1 взято | 🗑️ 17 мусор
2026-05-25 02:54:19,166 | INFO     |   → 587/989: ✅ 0 взято | 🗑️ 0 мусор
2026-05-25 02:54:19,166 | INFO     |   → 588/989: ✅ 4 взято | 🗑️ 114 мусор
2026-05-25 02:54:19,166 | INFO     |   → 589/989: ✅ 26 взято | 🗑️ 41 мусор
2026-05-25 02:54:19,166 | INFO     |   → 590/989 ❌ HTTP 404 — https://raw.githubusercontent.com/awesome-vpn/awesome-vpn/master/ss
2026-05-25 02:54:19,166 | INFO     |   → 591/989 ❌ HTTP 404 — https://raw.githubusercontent.com/awesome-vpn/awesome-vpn/master/ssr
2026-05-25 02:54:19,166 | INFO     |   → 592/989: ✅ 0 взято | 🗑️ 0 мусор
2026-05-25 02:54:19,166 | INFO     |   → 593/989: ✅ 1 взято | 🗑️ 22 мусор
2026-05-25 02:54:19,166 | INFO     |   → 594/989: ✅ 0 взято | 🗑️ 139 мусор
2026-05-25 02:54:19,166 | INFO     |   → 595/989 ❌ HTTP 404 — https://raw.githubusercontent.com/barry-far/V2ray-Configs/ced94ddfff48276ec365b40227561f36b1b64bc8/Sub5.txt
2026-05-25 02:54:19,166 | INFO     |   → 596/989 ❌ HTTP 404 — https://raw.githubusercontent.com/barry-far/V2ray-Configs/main/Splitted-By-Protocol/hysteria2.txt
2026-05-25 02:54:19,166 | INFO     |   → 597/989 ❌ HTTP 404 — https://raw.githubusercontent.com/barry-far/V2ray-Configs/main/Splitted-By-Protocol/vless.txt
2026-05-25 02:54:19,166 | INFO     |   → 598/989 ❌ HTTP 404 — https://raw.githubusercontent.com/barry-far/V2ray-Configs/main/Sub1.txt
2026-05-25 02:54:19,166 | INFO     |   → 599/989 ❌ HTTP 404 — https://raw.githubusercontent.com/barry-far/V2ray-Configs/refs/heads/main/All_Configs_Sub.txt
2026-05-25 02:54:19,166 | INFO     |   → 600/989: ✅ 0 взято | 🗑️ 0 мусор
2026-05-25 02:54:19,166 | INFO     |   → 601/989 ❌ HTTP 404 — https://raw.githubusercontent.com/budamu/clashconfig/main/v2ray.txt
2026-05-25 02:54:19,166 | INFO     |   → 602/989 ❌ HTTP 404 — https://raw.githubusercontent.com/budamu/clashconfig/main/v2ray2.txt
2026-05-25 02:54:19,166 | INFO     |   → 603/989: ✅ 0 взято | 🗑️ 0 мусор
2026-05-25 02:54:19,166 | INFO     |   → 604/989: ✅ 0 взято | 🗑️ 442 мусор
2026-05-25 02:54:19,166 | INFO     |   → 605/989: ✅ 0 взято | 🗑️ 0 мусор
2026-05-25 02:54:19,166 | INFO     |   → 606/989 ❌ HTTP 404 — https://raw.githubusercontent.com/chxxyz2004/zd/17fca23b73c46b5dd73e9be49b14d219b5e5f836/sub/2401/240110.txt
2026-05-25 02:54:19,166 | INFO     |   → 607/989: ✅ 0 взято | 🗑️ 44 мусор
2026-05-25 02:54:19,166 | INFO     |   → 608/989: ✅ 236 взято | 🗑️ 517 мусор
2026-05-25 02:54:19,166 | INFO     |   → 609/989 ❌ HTTP 404 — https://raw.githubusercontent.com/cxr9912/cxr2022/main/free.yaml
2026-05-25 02:54:19,166 | INFO     |   → 610/989 ❌ HTTP 404 — https://raw.githubusercontent.com/cxr9912/cxr2022/main/mix.yaml
2026-05-25 02:54:19,166 | INFO     |   → 611/989 ❌ HTTP 404 — https://raw.githubusercontent.com/cxr9912/cxr2022/main/ss.yaml
2026-05-25 02:54:19,167 | INFO     |   → 612/989 ❌ HTTP 404 — https://raw.githubusercontent.com/cxr9912/cxr2022/main/ssr.yaml
2026-05-25 02:54:19,167 | INFO     |   → 613/989 ❌ HTTP 404 — https://raw.githubusercontent.com/cxr9912/cxr2022/main/vmess.yaml
2026-05-25 02:54:19,167 | INFO     |   → 614/989 ❌ HTTP 404 — https://raw.githubusercontent.com/cxr9912/cxr2022/refs/heads/main/18cj.json
2026-05-25 02:54:19,167 | INFO     |   → 615/989 ❌ HTTP 404 — https://raw.githubusercontent.com/cxr9912/cxr2022/refs/heads/main/aaaaaaaa.yaml
2026-05-25 02:54:19,167 | INFO     |   → 616/989 ❌ HTTP 404 — https://raw.githubusercontent.com/cxr9912/cxr2022/refs/heads/main/free.yaml
2026-05-25 02:54:19,167 | INFO     |   → 617/989 ❌ HTTP 404 — https://raw.githubusercontent.com/cxr9912/cxr2022/refs/heads/main/ss2088.txt
2026-05-25 02:54:19,167 | INFO     |   → 618/989: ✅ 0 взято | 🗑️ 18 мусор
2026-05-25 02:54:19,167 | INFO     |   → 619/989: ✅ 0 взято | 🗑️ 18 мусор
2026-05-25 02:54:19,167 | INFO     |   → 620/989: ✅ 6 взято | 🗑️ 78 мусор
2026-05-25 02:54:19,167 | INFO     |   → 621/989: ✅ 6 взято | 🗑️ 4 мусор
2026-05-25 02:54:19,167 | INFO     |   → 622/989: ✅ 0 взято | 🗑️ 2 мусор
2026-05-25 02:54:19,167 | INFO     |   → 623/989: ✅ 0 взято | 🗑️ 2 мусор
2026-05-25 02:54:19,167 | INFO     |   → 624/989: ✅ 0 взято | 🗑️ 2 мусор
2026-05-25 02:54:19,167 | INFO     |   → 625/989: ✅ 0 взято | 🗑️ 3 мусор
2026-05-25 02:54:19,167 | INFO     |   → 626/989: ✅ 0 взято | 🗑️ 2 мусор
2026-05-25 02:54:19,167 | INFO     |   → 627/989: ✅ 0 взято | 🗑️ 9 мусор
2026-05-25 02:54:19,167 | INFO     |   → 628/989: ✅ 1 взято | 🗑️ 1 мусор
2026-05-25 02:54:19,167 | INFO     |   → 629/989: ✅ 0 взято | 🗑️ 10 мусор
2026-05-25 02:54:19,167 | INFO     |   → 630/989: ✅ 0 взято | 🗑️ 2 мусор
2026-05-25 02:54:19,167 | INFO     |   → 631/989: ✅ 0 взято | 🗑️ 0 мусор
2026-05-25 02:54:19,167 | INFO     |   → 632/989: ✅ 3596 взято | 🗑️ 83773 мусор
2026-05-25 02:54:19,167 | INFO     |   → 633/989: ✅ 75 взято | 🗑️ 1194 мусор
2026-05-25 02:54:19,167 | INFO     |   → 634/989: ✅ 6 взято | 🗑️ 113 мусор
2026-05-25 02:54:19,167 | INFO     |   → 635/989: ✅ 0 взято | 🗑️ 0 мусор
2026-05-25 02:54:19,167 | INFO     |   → 636/989: ✅ 1 взято | 🗑️ 25 мусор
2026-05-25 02:54:19,167 | INFO     |   → 637/989: ✅ 0 взято | 🗑️ 0 мусор
2026-05-25 02:54:19,167 | INFO     |   → 638/989: ✅ 13 взято | 🗑️ 19 мусор
2026-05-25 02:54:19,168 | INFO     |   → 639/989: ✅ 0 взято | 🗑️ 5 мусор
2026-05-25 02:54:19,168 | INFO     |   → 640/989: ✅ 2 взято | 🗑️ 80 мусор
2026-05-25 02:54:19,168 | INFO     |   → 641/989 ❌ HTTP 404 — https://raw.githubusercontent.com/free-nodes/v2rayfree/main/v2
2026-05-25 02:54:19,168 | INFO     |   → 642/989 ❌ HTTP 404 — https://raw.githubusercontent.com/free-v2ray-config/trojan/main/trojan.txt
2026-05-25 02:54:19,168 | INFO     |   → 643/989 ❌ HTTP 404 — https://raw.githubusercontent.com/free-v2ray-config/vless/main/vless.txt
2026-05-25 02:54:19,168 | INFO     |   → 644/989 ❌ HTTP 404 — https://raw.githubusercontent.com/free-v2ray-config/vmess/main/vmess.txt
2026-05-25 02:54:19,168 | INFO     |   → 645/989: ✅ 5 взято | 🗑️ 169 мусор
2026-05-25 02:54:19,168 | INFO     |   → 646/989: ✅ 34 взято | 🗑️ 121 мусор
2026-05-25 02:54:19,168 | INFO     |   → 647/989: ✅ 4 взято | 🗑️ 97 мусор
2026-05-25 02:54:19,168 | INFO     |   → 648/989 ❌ HTTP 404 — https://raw.githubusercontent.com/free18/v2ray/main/Clash.yaml
2026-05-25 02:54:19,168 | INFO     |   → 649/989: ✅ 0 взято | 🗑️ 0 мусор
2026-05-25 02:54:19,168 | INFO     |   → 650/989: ✅ 0 взято | 🗑️ 15 мусор
2026-05-25 02:54:19,168 | INFO     |   → 651/989: ✅ 0 взято | 🗑️ 0 мусор
2026-05-25 02:54:19,168 | INFO     |   → 652/989: ✅ 0 взято | 🗑️ 8 мусор
2026-05-25 02:54:19,168 | INFO     |   → 653/989: ✅ 0 взято | 🗑️ 8 мусор
2026-05-25 02:54:19,168 | INFO     |   → 654/989: ✅ 0 взято | 🗑️ 8 мусор
2026-05-25 02:54:19,168 | INFO     |   → 655/989: ✅ 0 взято | 🗑️ 8 мусор
2026-05-25 02:54:19,168 | INFO     |   → 656/989 ❌ HTTP 404 — https://raw.githubusercontent.com/freev2rayconfig/V2RAY_SUB/3e6a7786a1601ee3723e8d043ae79e70dbdfd9a8/v2rayconfigs.txt
2026-05-25 02:54:19,168 | INFO     |   → 657/989 ❌ HTTP 404 — https://raw.githubusercontent.com/freev2rayconfig/V2RAY_SUBSCRIPTION_LINK/main/v2rayconfigs.txt
2026-05-25 02:54:19,168 | INFO     |   → 658/989 ❌ HTTP 404 — https://raw.githubusercontent.com/gfpcom/free-proxy-list/main/list/http.txt
2026-05-25 02:54:19,168 | INFO     |   → 659/989 ❌ HTTP 404 — https://raw.githubusercontent.com/gfpcom/free-proxy-list/main/list/https.txt
2026-05-25 02:54:19,168 | INFO     |   → 660/989 ❌ HTTP 404 — https://raw.githubusercontent.com/gfpcom/free-proxy-list/main/list/socks4.txt
2026-05-25 02:54:19,168 | INFO     |   → 661/989 ❌ HTTP 404 — https://raw.githubusercontent.com/gfpcom/free-proxy-list/main/list/socks4a.txt
2026-05-25 02:54:19,168 | INFO     |   → 662/989 ❌ HTTP 404 — https://raw.githubusercontent.com/gfpcom/free-proxy-list/main/list/socks5.txt
2026-05-25 02:54:19,168 | INFO     |   → 663/989 ❌ HTTP 404 — https://raw.githubusercontent.com/gfpcom/free-proxy-list/main/list/socks5h.txt
2026-05-25 02:54:19,168 | INFO     |   → 664/989 ❌ HTTP 404 — https://raw.githubusercontent.com/gfpcom/free-proxy-list/main/list/ss.txt
2026-05-25 02:54:19,169 | INFO     |   → 665/989 ❌ HTTP 404 — https://raw.githubusercontent.com/gfpcom/free-proxy-list/main/list/ssr.txt
2026-05-25 02:54:19,169 | INFO     |   → 666/989 ❌ HTTP 404 — https://raw.githubusercontent.com/gfpcom/free-proxy-list/main/list/trojan.txt
2026-05-25 02:54:19,169 | INFO     |   → 667/989 ❌ HTTP 404 — https://raw.githubusercontent.com/gfpcom/free-proxy-list/main/list/vless.txt
2026-05-25 02:54:19,169 | INFO     |   → 668/989 ❌ HTTP 404 — https://raw.githubusercontent.com/gfpcom/free-proxy-list/main/list/vmess.txt
2026-05-25 02:54:19,169 | INFO     |   → 669/989: ✅ 0 взято | 🗑️ 17 мусор
2026-05-25 02:54:19,169 | INFO     |   → 670/989: ✅ 0 взято | 🗑️ 0 мусор
2026-05-25 02:54:19,169 | INFO     |   → 671/989: ✅ 4 взято | 🗑️ 63 мусор
2026-05-25 02:54:19,169 | INFO     |   → 672/989 ❌ HTTP 404 — https://raw.githubusercontent.com/hameed-maleki/TVC/89a4522969c57dcc22458cae9898426e5c4f2679/lite/config.txt
2026-05-25 02:54:19,169 | INFO     |   → 673/989: ✅ 5 взято | 🗑️ 132 мусор
2026-05-25 02:54:19,169 | INFO     |   → 674/989: ✅ 0 взято | 🗑️ 56 мусор
2026-05-25 02:54:19,169 | INFO     |   → 675/989 ❌ HTTP 404 — https://raw.githubusercontent.com/hkaa0/permalink/main/proxy/V2ray
2026-05-25 02:54:19,169 | INFO     |   → 676/989 ❌ HTTP 404 — https://raw.githubusercontent.com/hkaa0/permalink/main/proxy/clash
2026-05-25 02:54:19,169 | INFO     |   → 677/989 ❌ HTTP 404 — https://raw.githubusercontent.com/hkpc/Autoproxy/6cf946ddfc677a29062007e4b47d70674474baa7/sub/2401/240110.txt
2026-05-25 02:54:19,169 | INFO     |   → 678/989 ❌ HTTP 404 — https://raw.githubusercontent.com/hkpc/V2ray-Configs/7d9aa0dabf947af180a7dd6302818ed37950531a/Sub1.txt
2026-05-25 02:54:19,169 | INFO     |   → 679/989: ✅ 0 взято | 🗑️ 14 мусор
2026-05-25 02:54:19,169 | INFO     |   → 680/989: ✅ 16 взято | 🗑️ 16 мусор
2026-05-25 02:54:19,169 | INFO     |   → 681/989 ❌ HTTP 404 — https://raw.githubusercontent.com/iboxz/free-v2ray-collector/main/main
2026-05-25 02:54:19,169 | INFO     |   → 682/989: ✅ 10 взято | 🗑️ 12 мусор
2026-05-25 02:54:19,169 | INFO     |   → 683/989: ✅ 8 взято | 🗑️ 19 мусор
2026-05-25 02:54:19,169 | INFO     |   → 684/989: ✅ 52 взято | 🗑️ 223 мусор
2026-05-25 02:54:19,169 | INFO     |   → 685/989 ❌ HTTP 404 — https://raw.githubusercontent.com/igareck/vpn-configs-for-russia/refs/heads/main/Vless-Reality-White-Lists-Rus-Cable.txt
2026-05-25 02:54:19,169 | INFO     |   → 686/989: ✅ 142 взято | 🗑️ 8 мусор
2026-05-25 02:54:19,169 | INFO     |   → 687/989: ✅ 0 взято | 🗑️ 0 мусор
2026-05-25 02:54:19,169 | INFO     |   → 688/989: ✅ 0 взято | 🗑️ 0 мусор
2026-05-25 02:54:19,169 | INFO     |   → 689/989: ✅ 23 взято | 🗑️ 9 мусор
2026-05-25 02:54:19,169 | INFO     |   → 690/989: ✅ 0 взято | 🗑️ 0 мусор
2026-05-25 02:54:19,170 | INFO     |   → 691/989: ✅ 0 взято | 🗑️ 0 мусор
2026-05-25 02:54:19,170 | INFO     |   → 692/989: ✅ 0 взято | 🗑️ 12 мусор
2026-05-25 02:54:19,170 | INFO     |   → 693/989: ✅ 0 взято | 🗑️ 43 мусор
2026-05-25 02:54:19,170 | INFO     |   → 694/989 ❌ HTTP 404 — https://raw.githubusercontent.com/jw853355718/clash_233/master/config.yml
2026-05-25 02:54:19,170 | INFO     |   → 695/989: ✅ 0 взято | 🗑️ 210 мусор
2026-05-25 02:54:19,170 | INFO     |   → 696/989: ✅ 0 взято | 🗑️ 0 мусор
2026-05-25 02:54:19,170 | INFO     |   → 697/989: ✅ 0 взято | 🗑️ 0 мусор
2026-05-25 02:54:19,170 | INFO     |   → 698/989 ❌ HTTP 404 — https://raw.githubusercontent.com/lcx12901/v2ray-/master/sspool.herokuapp.com/yzcloud.yaml
2026-05-25 02:54:19,170 | INFO     |   → 699/989 ❌ HTTP 404 — https://raw.githubusercontent.com/lcx12901/v2ray-/master/sspool.herokuapp.com/yzcloud2.yaml
2026-05-25 02:54:19,170 | INFO     |   → 700/989: ✅ 0 взято | 🗑️ 0 мусор
2026-05-25 02:54:19,170 | INFO     |   → 701/989 ❌ HTTP 404 — https://raw.githubusercontent.com/learnhard-cn/free_proxy_ss/main/clash/config.yaml
2026-05-25 02:54:19,170 | INFO     |   → 702/989: ✅ 0 взято | 🗑️ 8 мусор
2026-05-25 02:54:19,170 | INFO     |   → 703/989: ✅ 0 взято | 🗑️ 4 мусор
2026-05-25 02:54:19,170 | INFO     |   → 704/989: ✅ 0 взято | 🗑️ 0 мусор
2026-05-25 02:54:19,170 | INFO     |   → 705/989: ✅ 0 взято | 🗑️ 4 мусор
2026-05-25 02:54:19,170 | INFO     |   → 706/989: ✅ 0 взято | 🗑️ 149 мусор
2026-05-25 02:54:19,170 | INFO     |   → 707/989: ✅ 0 взято | 🗑️ 421 мусор
2026-05-25 02:54:19,170 | INFO     |   → 708/989 ❌ HTTP 404 — https://raw.githubusercontent.com/lisylva-lee/v2dyku/main/ssr
2026-05-25 02:54:19,170 | INFO     |   → 709/989 ❌ HTTP 404 — https://raw.githubusercontent.com/lisylva-lee/v2dyku/main/v2dy
2026-05-25 02:54:19,170 | INFO     |   → 710/989: ✅ 0 взято | 🗑️ 53 мусор
2026-05-25 02:54:19,170 | INFO     |   → 711/989 ❌ HTTP 404 — https://raw.githubusercontent.com/luxl-1379/merge/77247d23def72b25226dfa741614e9b07a569c72/sub/sub_merge_base64.txt
2026-05-25 02:54:19,170 | INFO     |   → 712/989: ✅ 146 взято | 🗑️ 343 мусор
2026-05-25 02:54:19,170 | INFO     |   → 713/989: ✅ 0 взято | 🗑️ 133 мусор
2026-05-25 02:54:19,170 | INFO     |   → 714/989: ✅ 793 взято | 🗑️ 3920 мусор
2026-05-25 02:54:19,170 | INFO     |   → 715/989: ✅ 0 взято | 🗑️ 0 мусор
2026-05-25 02:54:19,170 | INFO     |   → 716/989: ✅ 0 взято | 🗑️ 3920 мусор
2026-05-25 02:54:19,171 | INFO     |   → 717/989: ✅ 20 взято | 🗑️ 370 мусор
2026-05-25 02:54:19,171 | INFO     |   → 718/989 ❌ HTTP 404 — https://raw.githubusercontent.com/mermeroo/Clash-V2ray/main/v2ray
2026-05-25 02:54:19,171 | INFO     |   → 719/989: ✅ 15 взято | 🗑️ 417 мусор
2026-05-25 02:54:19,171 | INFO     |   → 720/989: ✅ 6 взято | 🗑️ 102 мусор
2026-05-25 02:54:19,171 | INFO     |   → 721/989: ✅ 716 взято | 🗑️ 6258 мусор
2026-05-25 02:54:19,171 | INFO     |   → 722/989: ✅ 8 взято | 🗑️ 853 мусор
2026-05-25 02:54:19,171 | INFO     |   → 723/989: ✅ 32 взято | 🗑️ 69 мусор
2026-05-25 02:54:19,171 | INFO     |   → 724/989 ❌ HTTP 404 — https://raw.githubusercontent.com/mermeroo/free-v2ray-collector/main/main/mix
2026-05-25 02:54:19,171 | INFO     |   → 725/989 ❌ HTTP 404 — https://raw.githubusercontent.com/mermeroo/free-v2ray-collector/main/main/reality
2026-05-25 02:54:19,171 | INFO     |   → 726/989 ❌ HTTP 404 — https://raw.githubusercontent.com/mermeroo/free-v2ray-collector/main/main/shadowsocks
2026-05-25 02:54:19,171 | INFO     |   → 727/989 ❌ HTTP 404 — https://raw.githubusercontent.com/mermeroo/free-v2ray-collector/main/main/trojan
2026-05-25 02:54:19,171 | INFO     |   → 728/989 ❌ HTTP 404 — https://raw.githubusercontent.com/mermeroo/free-v2ray-collector/main/main/vless
2026-05-25 02:54:19,171 | INFO     |   → 729/989 ❌ HTTP 404 — https://raw.githubusercontent.com/mermeroo/free-v2ray-collector/main/main/vmess
2026-05-25 02:54:19,171 | INFO     |   → 730/989 ❌ HTTP 404 — https://raw.githubusercontent.com/mfuu/v2ray/master/merge/merge.txt
2026-05-25 02:54:19,171 | INFO     |   → 731/989: ✅ 0 взято | 🗑️ 64 мусор
2026-05-25 02:54:19,171 | INFO     |   → 732/989: ✅ 0 взято | 🗑️ 64 мусор
2026-05-25 02:54:19,171 | INFO     |   → 733/989: ✅ 552 взято | 🗑️ 14817 мусор
2026-05-25 02:54:19,171 | INFO     |   → 734/989: ✅ 0 взято | 🗑️ 14817 мусор
2026-05-25 02:54:19,171 | INFO     |   → 735/989: ✅ 0 взято | 🗑️ 3111 мусор
2026-05-25 02:54:19,171 | INFO     |   → 736/989: ✅ 0 взято | 🗑️ 1754 мусор
2026-05-25 02:54:19,171 | INFO     |   → 737/989: ✅ 0 взято | 🗑️ 5237 мусор
2026-05-25 02:54:19,171 | INFO     |   → 738/989: ✅ 0 взято | 🗑️ 4715 мусор
2026-05-25 02:54:19,171 | INFO     |   → 739/989 ❌ HTTP 404 — https://raw.githubusercontent.com/mianous/qiren/main/qiren.txt
2026-05-25 02:54:19,171 | INFO     |   → 740/989 ❌ HTTP 404 — https://raw.githubusercontent.com/miladtahanian/V2RayCFGDumper/refs/heads/main/config.txt
2026-05-25 02:54:19,171 | INFO     |   → 741/989 ❌ HTTP 404 — https://raw.githubusercontent.com/miladtahanian/multi-proxy-config-fetcher/refs/heads/main/configs/proxy_configs.txt
2026-05-25 02:54:19,171 | INFO     |   → 742/989: ✅ 0 взято | 🗑️ 0 мусор
2026-05-25 02:54:19,172 | INFO     |   → 743/989: ✅ 0 взято | 🗑️ 0 мусор
2026-05-25 02:54:19,172 | INFO     |   → 744/989: ✅ 0 взято | 🗑️ 0 мусор
2026-05-25 02:54:19,172 | INFO     |   → 745/989: ✅ 15 взято | 🗑️ 46 мусор
2026-05-25 02:54:19,172 | INFO     |   → 746/989: ✅ 0 взято | 🗑️ 223 мусор
2026-05-25 02:54:19,172 | INFO     |   → 747/989: ✅ 0 взято | 🗑️ 0 мусор
2026-05-25 02:54:19,172 | INFO     |   → 748/989: ✅ 28 взято | 🗑️ 93 мусор
2026-05-25 02:54:19,172 | INFO     |   → 749/989: ✅ 0 взято | 🗑️ 0 мусор
2026-05-25 02:54:19,172 | INFO     |   → 750/989: ✅ 15 взято | 🗑️ 70 мусор
2026-05-25 02:54:19,172 | INFO     |   → 751/989: ✅ 127 взято | 🗑️ 492 мусор
2026-05-25 02:54:19,172 | INFO     |   → 752/989: ✅ 331 взято | 🗑️ 190 мусор
2026-05-25 02:54:19,172 | INFO     |   → 753/989: ✅ 27 взято | 🗑️ 770 мусор
2026-05-25 02:54:19,172 | INFO     |   → 754/989 ❌ HTTP 404 — https://raw.githubusercontent.com/obscure1990/freeVM/master/snippets/nodes.yml
2026-05-25 02:54:19,172 | INFO     |   → 755/989 ❌ HTTP 404 — https://raw.githubusercontent.com/op30mmd/things/909b38024ba14d69dc0f95c238f63bc6e930a00f/eut.txt
2026-05-25 02:54:19,172 | INFO     |   → 756/989 ❌ HTTP 404 — https://raw.githubusercontent.com/openRunner/clash-freenode/main/v2ray.txt
2026-05-25 02:54:19,172 | INFO     |   → 757/989 ❌ HTTP 404 — https://raw.githubusercontent.com/oslook/clash-freenode/main/clash.yaml
2026-05-25 02:54:19,172 | INFO     |   → 758/989: ✅ 0 взято | 🗑️ 0 мусор
2026-05-25 02:54:19,172 | INFO     |   → 759/989: ✅ 4 взято | 🗑️ 1 мусор
2026-05-25 02:54:19,172 | INFO     |   → 760/989: ✅ 0 взято | 🗑️ 0 мусор
2026-05-25 02:54:19,172 | INFO     |   → 761/989: ✅ 25 взято | 🗑️ 171 мусор
2026-05-25 02:54:19,172 | INFO     |   → 762/989: ✅ 0 взято | 🗑️ 0 мусор
2026-05-25 02:54:19,172 | INFO     |   → 763/989: ✅ 0 взято | 🗑️ 0 мусор
2026-05-25 02:54:19,172 | INFO     |   → 764/989: ✅ 0 взято | 🗑️ 19 мусор
2026-05-25 02:54:19,172 | INFO     |   → 765/989: ✅ 0 взято | 🗑️ 44 мусор
2026-05-25 02:54:19,172 | INFO     |   → 766/989: ✅ 63 взято | 🗑️ 521 мусор
2026-05-25 02:54:19,172 | INFO     |   → 767/989: ✅ 165 взято | 🗑️ 273 мусор
2026-05-25 02:54:19,172 | INFO     |   → 768/989: ✅ 0 взято | 🗑️ 0 мусор
2026-05-25 02:54:19,173 | INFO     |   → 769/989: ✅ 28 взято | 🗑️ 211 мусор
2026-05-25 02:54:19,173 | INFO     |   → 770/989: ✅ 0 взято | 🗑️ 79 мусор
2026-05-25 02:54:19,173 | INFO     |   → 771/989: ✅ 13 взято | 🗑️ 32 мусор
2026-05-25 02:54:19,173 | INFO     |   → 772/989: ✅ 0 взято | 🗑️ 0 мусор
2026-05-25 02:54:19,173 | INFO     |   → 773/989: ✅ 2 взято | 🗑️ 9 мусор
2026-05-25 02:54:19,173 | INFO     |   → 774/989: ✅ 11 взято | 🗑️ 76 мусор
2026-05-25 02:54:19,173 | INFO     |   → 775/989: ✅ 0 взято | 🗑️ 168 мусор
2026-05-25 02:54:19,173 | INFO     |   → 776/989: ✅ 0 взято | 🗑️ 79 мусор
2026-05-25 02:54:19,173 | INFO     |   → 777/989: ✅ 0 взято | 🗑️ 16 мусор
2026-05-25 02:54:19,173 | INFO     |   → 778/989 ❌ HTTP 404 — https://raw.githubusercontent.com/ronghuaxueleng/get_v2/main/pub/changfengoss.yaml
2026-05-25 02:54:19,173 | INFO     |   → 779/989: ✅ 0 взято | 🗑️ 0 мусор
2026-05-25 02:54:19,173 | INFO     |   → 780/989: ✅ 44 взято | 🗑️ 106 мусор
2026-05-25 02:54:19,173 | INFO     |   → 781/989: ✅ 0 взято | 🗑️ 106 мусор
2026-05-25 02:54:19,173 | INFO     |   → 782/989 ❌ HTTP 404 — https://raw.githubusercontent.com/rxsweet/CM_Vmess/refs/heads/main/test.txt
2026-05-25 02:54:19,173 | INFO     |   → 783/989 ❌ HTTP 404 — https://raw.githubusercontent.com/rxsweet/proxies/main/sub/free.yaml
2026-05-25 02:54:19,173 | INFO     |   → 784/989 ❌ HTTP 404 — https://raw.githubusercontent.com/rxsweet/proxies/main/sub/rx.yaml
2026-05-25 02:54:19,173 | INFO     |   → 785/989 ❌ HTTP 404 — https://raw.githubusercontent.com/rxsweet/proxies/main/sub/sources/dynamicAll.yaml
2026-05-25 02:54:19,173 | INFO     |   → 786/989 ❌ HTTP 404 — https://raw.githubusercontent.com/rxsweet/proxies/main/sub/sources/miningAll.yaml
2026-05-25 02:54:19,173 | INFO     |   → 787/989 ❌ HTTP 404 — https://raw.githubusercontent.com/rxsweet/proxies/main/sub/srx.yaml
2026-05-25 02:54:19,173 | INFO     |   → 788/989 ❌ HTTP 404 — https://raw.githubusercontent.com/sajad-sajadi/V2ray-Collector/raw/main/output/protocols/vmess.txt
2026-05-25 02:54:19,173 | INFO     |   → 789/989 ❌ HTTP 404 — https://raw.githubusercontent.com/sakha1370/OpenRay/raw/refs/heads/main/output/all_valid_proxies.txt
2026-05-25 02:54:19,173 | INFO     |   → 790/989: ✅ 53 взято | 🗑️ 399 мусор
2026-05-25 02:54:19,173 | INFO     |   → 791/989: ✅ 0 взято | 🗑️ 399 мусор
2026-05-25 02:54:19,173 | INFO     |   → 792/989 ❌ HTTP 404 — https://raw.githubusercontent.com/samjoeyang/subscribe/main/fly
2026-05-25 02:54:19,173 | INFO     |   → 793/989: ✅ 0 взято | 🗑️ 0 мусор
2026-05-25 02:54:19,173 | INFO     |   → 794/989 ❌ HTTP 404 — https://raw.githubusercontent.com/sarina-ad/v2ray/main/v2ray
2026-05-25 02:54:19,174 | INFO     |   → 795/989 ❌ HTTP 404 — https://raw.githubusercontent.com/satrom/V2SSR/master/SSR/Sub.txt
2026-05-25 02:54:19,174 | INFO     |   → 796/989 ❌ HTTP 404 — https://raw.githubusercontent.com/satrom/V2SSR/master/V2RAY/Sub.txt
2026-05-25 02:54:19,174 | INFO     |   → 797/989: ✅ 2677 взято | 🗑️ 66194 мусор
2026-05-25 02:54:19,174 | INFO     |   → 798/989: ✅ 0 взято | 🗑️ 0 мусор
2026-05-25 02:54:19,174 | INFO     |   → 799/989: ✅ 0 взято | 🗑️ 0 мусор
2026-05-25 02:54:19,174 | INFO     |   → 800/989: ✅ 3 взято | 🗑️ 49 мусор
2026-05-25 02:54:19,174 | INFO     |   → 801/989: ✅ 134 взято | 🗑️ 1239 мусор
2026-05-25 02:54:19,174 | INFO     |   → 802/989: ✅ 0 взято | 🗑️ 618 мусор
2026-05-25 02:54:19,174 | INFO     |   → 803/989: ✅ 0 взято | 🗑️ 59 мусор
2026-05-25 02:54:19,174 | INFO     |   → 804/989: ✅ 0 взято | 🗑️ 545 мусор
2026-05-25 02:54:19,174 | INFO     |   → 805/989: ✅ 0 взято | 🗑️ 17 мусор
2026-05-25 02:54:19,174 | INFO     |   → 806/989: ✅ 0 взято | 🗑️ 1239 мусор
2026-05-25 02:54:19,174 | INFO     |   → 807/989: ✅ 0 взято | 🗑️ 0 мусор
2026-05-25 02:54:19,174 | INFO     |   → 808/989 ❌ HTTP 404 — https://raw.githubusercontent.com/shirkerboy/scp/main/sub
2026-05-25 02:54:19,174 | INFO     |   → 809/989 ❌ HTTP 404 — https://raw.githubusercontent.com/snakem982/proxypool/main/nodelist.txt
2026-05-25 02:54:19,174 | INFO     |   → 810/989: ✅ 36 взято | 🗑️ 82 мусор
2026-05-25 02:54:19,174 | INFO     |   → 811/989 ❌ HTTP 404 — https://raw.githubusercontent.com/snakem982/proxypool/main/source/v2ray.txt
2026-05-25 02:54:19,174 | INFO     |   → 812/989 ❌ HTTP 404 — https://raw.githubusercontent.com/soroushmirzaei/telegram-configs-collector/main/channels/protocols/hysteria
2026-05-25 02:54:19,174 | INFO     |   → 813/989 ❌ HTTP 404 — https://raw.githubusercontent.com/soroushmirzaei/telegram-configs-collector/main/channels/protocols/juicity
2026-05-25 02:54:19,174 | INFO     |   → 814/989 ❌ HTTP 404 — https://raw.githubusercontent.com/soroushmirzaei/telegram-configs-collector/main/channels/protocols/reality
2026-05-25 02:54:19,174 | INFO     |   → 815/989 ❌ HTTP 404 — https://raw.githubusercontent.com/soroushmirzaei/telegram-configs-collector/main/channels/protocols/shadowsocks
2026-05-25 02:54:19,174 | INFO     |   → 816/989 ❌ HTTP 404 — https://raw.githubusercontent.com/soroushmirzaei/telegram-configs-collector/main/channels/protocols/trojan
2026-05-25 02:54:19,174 | INFO     |   → 817/989 ❌ HTTP 404 — https://raw.githubusercontent.com/soroushmirzaei/telegram-configs-collector/main/channels/protocols/tuic
2026-05-25 02:54:19,174 | INFO     |   → 818/989 ❌ HTTP 404 — https://raw.githubusercontent.com/soroushmirzaei/telegram-configs-collector/main/channels/protocols/vless
2026-05-25 02:54:19,174 | INFO     |   → 819/989 ❌ HTTP 404 — https://raw.githubusercontent.com/soroushmirzaei/telegram-configs-collector/main/channels/protocols/vmess
2026-05-25 02:54:19,174 | INFO     |   → 820/989 ❌ HTTP 404 — https://raw.githubusercontent.com/soroushmirzaei/telegram-configs-collector/main/countries/jp/mixed
2026-05-25 02:54:19,175 | INFO     |   → 821/989 ❌ HTTP 404 — https://raw.githubusercontent.com/soroushmirzaei/telegram-configs-collector/main/protocols/hysteria
2026-05-25 02:54:19,175 | INFO     |   → 822/989 ❌ HTTP 404 — https://raw.githubusercontent.com/soroushmirzaei/telegram-configs-collector/main/protocols/juicity
2026-05-25 02:54:19,175 | INFO     |   → 823/989 ❌ HTTP 404 — https://raw.githubusercontent.com/soroushmirzaei/telegram-configs-collector/main/protocols/reality
2026-05-25 02:54:19,175 | INFO     |   → 824/989 ❌ HTTP 404 — https://raw.githubusercontent.com/soroushmirzaei/telegram-configs-collector/main/protocols/shadowsocks
2026-05-25 02:54:19,175 | INFO     |   → 825/989 ❌ HTTP 404 — https://raw.githubusercontent.com/soroushmirzaei/telegram-configs-collector/main/protocols/trojan
2026-05-25 02:54:19,175 | INFO     |   → 826/989 ❌ HTTP 404 — https://raw.githubusercontent.com/soroushmirzaei/telegram-configs-collector/main/protocols/tuic
2026-05-25 02:54:19,175 | INFO     |   → 827/989 ❌ HTTP 404 — https://raw.githubusercontent.com/soroushmirzaei/telegram-configs-collector/main/protocols/vless
2026-05-25 02:54:19,175 | INFO     |   → 828/989 ❌ HTTP 404 — https://raw.githubusercontent.com/soroushmirzaei/telegram-configs-collector/main/protocols/vmess
2026-05-25 02:54:19,175 | INFO     |   → 829/989 ❌ HTTP 404 — https://raw.githubusercontent.com/soroushmirzaei/telegram-configs-collector/main/splitted/subscribe
2026-05-25 02:54:19,175 | INFO     |   → 830/989 ❌ HTTP 404 — https://raw.githubusercontent.com/ssrsub/ssr/master/Clash.yml
2026-05-25 02:54:19,175 | INFO     |   → 831/989 ❌ HTTP 404 — https://raw.githubusercontent.com/ssrsub/ssr/master/V2Ray
2026-05-25 02:54:19,175 | INFO     |   → 832/989 ❌ HTTP 404 — https://raw.githubusercontent.com/ssrsub/ssr/master/ss-sub
2026-05-25 02:54:19,175 | INFO     |   → 833/989 ❌ HTTP 404 — https://raw.githubusercontent.com/ssrsub/ssr/master/ssrsub
2026-05-25 02:54:19,175 | INFO     |   → 834/989 ❌ HTTP 404 — https://raw.githubusercontent.com/ssrsub/ssr/master/trojan
2026-05-25 02:54:19,175 | INFO     |   → 835/989: ✅ 0 взято | 🗑️ 0 мусор
2026-05-25 02:54:19,175 | INFO     |   → 836/989: ✅ 2 взято | 🗑️ 12 мусор
2026-05-25 02:54:19,175 | INFO     |   → 837/989: ✅ 0 взято | 🗑️ 13 мусор
2026-05-25 02:54:19,175 | INFO     |   → 838/989: ✅ 0 взято | 🗑️ 13 мусор
2026-05-25 02:54:19,175 | INFO     |   → 839/989 ❌ HTTP 404 — https://raw.githubusercontent.com/tbbatbb/Proxy/master/dist/clash.config.yaml
2026-05-25 02:54:19,175 | INFO     |   → 840/989: ✅ 2 взято | 🗑️ 35 мусор
2026-05-25 02:54:19,175 | INFO     |   → 841/989: ✅ 0 взято | 🗑️ 0 мусор
2026-05-25 02:54:19,175 | INFO     |   → 842/989: ✅ 5 взято | 🗑️ 111 мусор
2026-05-25 02:54:19,175 | INFO     |   → 843/989: ✅ 0 взято | 🗑️ 0 мусор
2026-05-25 02:54:19,175 | INFO     |   → 844/989: ✅ 0 взято | 🗑️ 84 мусор
2026-05-25 02:54:19,175 | INFO     |   → 845/989 ❌ HTTP 404 — https://raw.githubusercontent.com/v2clash/Autoproxy/a81f840ab2364124133572ec94e4b81fb0d4e58d/sub/2401/240104.txt
2026-05-25 02:54:19,175 | INFO     |   → 846/989 ❌ HTTP 404 — https://raw.githubusercontent.com/v2clash/V2ray-Configs/31f493c584d0c7b56350f4a34d80c53ad82bcc18/Sub9.txt
2026-05-25 02:54:19,176 | INFO     |   → 847/989: ✅ 0 взято | 🗑️ 0 мусор
2026-05-25 02:54:19,176 | INFO     |   → 848/989: ✅ 0 взято | 🗑️ 0 мусор
2026-05-25 02:54:19,176 | INFO     |   → 849/989: ✅ 0 взято | 🗑️ 0 мусор
2026-05-25 02:54:19,176 | INFO     |   → 850/989: ✅ 283 взято | 🗑️ 9640 мусор
2026-05-25 02:54:19,176 | INFO     |   → 851/989: ✅ 281 взято | 🗑️ 10086 мусор
2026-05-25 02:54:19,176 | INFO     |   → 852/989: ✅ 280 взято | 🗑️ 9675 мусор
2026-05-25 02:54:19,176 | INFO     |   → 853/989: ✅ 334 взято | 🗑️ 9823 мусор
2026-05-25 02:54:19,176 | INFO     |   → 854/989: ✅ 350 взято | 🗑️ 9639 мусор
2026-05-25 02:54:19,176 | INFO     |   → 855/989: ✅ 125 взято | 🗑️ 7919 мусор
2026-05-25 02:54:19,176 | INFO     |   → 856/989: ✅ 135 взято | 🗑️ 4836 мусор
2026-05-25 02:54:19,176 | INFO     |   → 857/989: ✅ 502 взято | 🗑️ 7659 мусор
2026-05-25 02:54:19,176 | INFO     |   → 858/989: ✅ 631 взято | 🗑️ 8081 мусор
2026-05-25 02:54:19,176 | INFO     |   → 859/989: ✅ 202 взято | 🗑️ 5131 мусор
2026-05-25 02:54:19,176 | INFO     |   → 860/989 ❌ HTTP 404 — https://raw.githubusercontent.com/vveg26/chromego_merge/main/sub/merged_proxies.yaml
2026-05-25 02:54:19,176 | INFO     |   → 861/989 ❌ HTTP 404 — https://raw.githubusercontent.com/vveg26/get_proxy/main/dist/clash.config.yaml
2026-05-25 02:54:19,176 | INFO     |   → 862/989: ✅ 0 взято | 🗑️ 10 мусор
2026-05-25 02:54:19,176 | INFO     |   → 863/989: ✅ 0 взято | 🗑️ 10 мусор
2026-05-25 02:54:19,176 | INFO     |   → 864/989: ✅ 0 взято | 🗑️ 4 мусор
2026-05-25 02:54:19,176 | INFO     |   → 865/989: ✅ 0 взято | 🗑️ 0 мусор
2026-05-25 02:54:19,176 | INFO     |   → 866/989: ✅ 0 взято | 🗑️ 4 мусор
2026-05-25 02:54:19,176 | INFO     |   → 867/989: ✅ 106 взято | 🗑️ 689 мусор
2026-05-25 02:54:19,176 | INFO     |   → 868/989: ✅ 48 взято | 🗑️ 841 мусор
2026-05-25 02:54:19,176 | INFO     |   → 869/989: ✅ 21 взято | 🗑️ 789 мусор
2026-05-25 02:54:19,176 | INFO     |   → 870/989: ✅ 24 взято | 🗑️ 774 мусор
2026-05-25 02:54:19,176 | INFO     |   → 871/989: ✅ 52 взято | 🗑️ 756 мусор
2026-05-25 02:54:19,176 | INFO     |   → 872/989: ✅ 191 взято | 🗑️ 745 мусор
2026-05-25 02:54:19,177 | INFO     |   → 873/989: ✅ 9 взято | 🗑️ 651 мусор
2026-05-25 02:54:19,177 | INFO     |   → 874/989: ✅ 185 взято | 🗑️ 388 мусор
2026-05-25 02:54:19,177 | INFO     |   → 875/989: ✅ 130 взято | 🗑️ 523 мусор
2026-05-25 02:54:19,177 | INFO     |   → 876/989: ✅ 67 взято | 🗑️ 533 мусор
2026-05-25 02:54:19,177 | INFO     |   → 877/989: ✅ 98 взято | 🗑️ 444 мусор
2026-05-25 02:54:19,177 | INFO     |   → 878/989: ✅ 102 взято | 🗑️ 670 мусор
2026-05-25 02:54:19,177 | INFO     |   → 879/989: ✅ 86 взято | 🗑️ 476 мусор
2026-05-25 02:54:19,177 | INFO     |   → 880/989: ✅ 95 взято | 🗑️ 657 мусор
2026-05-25 02:54:19,177 | INFO     |   → 881/989: ✅ 105 взято | 🗑️ 645 мусор
2026-05-25 02:54:19,177 | INFO     |   → 882/989: ✅ 115 взято | 🗑️ 985 мусор
2026-05-25 02:54:19,177 | INFO     |   → 883/989: ✅ 6 взято | 🗑️ 63 мусор
2026-05-25 02:54:19,177 | INFO     |   → 884/989: ✅ 7 взято | 🗑️ 62 мусор
2026-05-25 02:54:19,177 | INFO     |   → 885/989: ✅ 39 взято | 🗑️ 489 мусор
2026-05-25 02:54:19,177 | INFO     |   → 886/989: ✅ 0 взято | 🗑️ 0 мусор
2026-05-25 02:54:19,177 | INFO     |   → 887/989: ✅ 0 взято | 🗑️ 0 мусор
2026-05-25 02:54:19,177 | INFO     |   → 888/989: ✅ 0 взято | 🗑️ 0 мусор
2026-05-25 02:54:19,177 | INFO     |   → 889/989: ✅ 0 взято | 🗑️ 0 мусор
2026-05-25 02:54:19,177 | INFO     |   → 890/989: ✅ 0 взято | 🗑️ 0 мусор
2026-05-25 02:54:19,177 | INFO     |   → 891/989: ✅ 0 взято | 🗑️ 52 мусор
2026-05-25 02:54:19,177 | INFO     |   → 892/989: ✅ 5 взято | 🗑️ 10 мусор
2026-05-25 02:54:19,177 | INFO     |   → 893/989: ✅ 1 взято | 🗑️ 124 мусор
2026-05-25 02:54:19,177 | INFO     |   → 894/989: ✅ 84 взято | 🗑️ 88 мусор
2026-05-25 02:54:19,177 | INFO     |   → 895/989: ✅ 0 взято | 🗑️ 9 мусор
2026-05-25 02:54:19,177 | INFO     |   → 896/989: ✅ 56 взято | 🗑️ 1548 мусор
2026-05-25 02:54:19,177 | INFO     |   → 897/989 ❌ HTTP 404 — https://raw.githubusercontent.com/xiaozhu2007/xiaozhu2007/61a755a044dbaeea678bc2d1e20f21a21c6d7170/docs/fxxk.txt
2026-05-25 02:54:19,177 | INFO     |   → 898/989: ✅ 1 взято | 🗑️ 159 мусор
2026-05-25 02:54:19,178 | INFO     |   → 899/989: ✅ 0 взято | 🗑️ 22 мусор
2026-05-25 02:54:19,178 | INFO     |   → 900/989: ✅ 0 взято | 🗑️ 0 мусор
2026-05-25 02:54:19,178 | INFO     |   → 901/989 ❌ HTTP 404 — https://raw.githubusercontent.com/yebekhe/TVC/0f745f92bf381e505f1245abbc7c145b19b11503/config.txt
2026-05-25 02:54:19,178 | INFO     |   → 902/989 ❌ HTTP 404 — https://raw.githubusercontent.com/yebekhe/TVC/9fac69239c69327fb7a61f5a8d79d107133889e1/lite/config.txt
2026-05-25 02:54:19,178 | INFO     |   → 903/989 ❌ HTTP 404 — https://raw.githubusercontent.com/yebekhe/TelegramV2rayCollector/main/sub/normal/donated
2026-05-25 02:54:19,178 | INFO     |   → 904/989 ❌ HTTP 404 — https://raw.githubusercontent.com/yebekhe/TelegramV2rayCollector/main/sub/normal/hysteria2
2026-05-25 02:54:19,178 | INFO     |   → 905/989 ❌ HTTP 404 — https://raw.githubusercontent.com/yebekhe/TelegramV2rayCollector/main/sub/normal/mix
2026-05-25 02:54:19,178 | INFO     |   → 906/989 ❌ HTTP 404 — https://raw.githubusercontent.com/yebekhe/TelegramV2rayCollector/main/sub/normal/reality
2026-05-25 02:54:19,178 | INFO     |   → 907/989 ❌ HTTP 404 — https://raw.githubusercontent.com/yebekhe/TelegramV2rayCollector/main/sub/normal/shadowsocks
2026-05-25 02:54:19,178 | INFO     |   → 908/989 ❌ HTTP 404 — https://raw.githubusercontent.com/yebekhe/TelegramV2rayCollector/main/sub/normal/trojan
2026-05-25 02:54:19,178 | INFO     |   → 909/989 ❌ HTTP 404 — https://raw.githubusercontent.com/yebekhe/TelegramV2rayCollector/main/sub/normal/tuic
2026-05-25 02:54:19,178 | INFO     |   → 910/989 ❌ HTTP 404 — https://raw.githubusercontent.com/yebekhe/TelegramV2rayCollector/main/sub/normal/vless
2026-05-25 02:54:19,178 | INFO     |   → 911/989 ❌ HTTP 404 — https://raw.githubusercontent.com/yebekhe/TelegramV2rayCollector/main/sub/normal/vmess
2026-05-25 02:54:19,178 | INFO     |   → 912/989 ❌ HTTP 404 — https://raw.githubusercontent.com/yebekhe/V2Hub/main/Split/Normal/shadowsocks
2026-05-25 02:54:19,178 | INFO     |   → 913/989 ❌ HTTP 404 — https://raw.githubusercontent.com/yebekhe/V2Hub/main/merged
2026-05-25 02:54:19,178 | INFO     |   → 914/989: ✅ 0 взято | 🗑️ 30 мусор
2026-05-25 02:54:19,178 | INFO     |   → 915/989: ✅ 940 взято | 🗑️ 7069 мусор
2026-05-25 02:54:19,178 | INFO     |   → 916/989: ✅ 7 взято | 🗑️ 340 мусор
2026-05-25 02:54:19,178 | INFO     |   → 917/989: ✅ 8 взято | 🗑️ 262 мусор
2026-05-25 02:54:19,178 | INFO     |   → 918/989: ✅ 306 взято | 🗑️ 284 мусор
2026-05-25 02:54:19,178 | INFO     |   → 919/989: ✅ 127 взято | 🗑️ 1418 мусор
2026-05-25 02:54:19,178 | INFO     |   → 920/989: ✅ 2 взято | 🗑️ 382 мусор
2026-05-25 02:54:19,178 | INFO     |   → 921/989 ❌ HTTP 404 — https://raw.githubusercontent.com/yyyr-otz/tele-providers-collector/019cb3e07ee52fddbc7caa54fc670c6b9bae6539/sub/proxies.txt
2026-05-25 02:54:19,178 | INFO     |   → 922/989 ❌ HTTP 404 — https://raw.githubusercontent.com/yyyr-otz/tele-providers-collector/b7a74ee98bcf02c5a507d688a1bed3aa9f7f4ed1/script/raw/protocols/mixed.txt
2026-05-25 02:54:19,178 | INFO     |   → 923/989: ✅ 0 взято | 🗑️ 0 мусор
2026-05-25 02:54:19,178 | INFO     |   → 924/989: ✅ 0 взято | 🗑️ 0 мусор
2026-05-25 02:54:19,179 | INFO     |   → 925/989: ✅ 1 взято | 🗑️ 18 мусор
2026-05-25 02:54:19,179 | INFO     |   → 926/989: ✅ 29 взято | 🗑️ 1082 мусор
2026-05-25 02:54:19,179 | INFO     |   → 927/989: ✅ 0 взято | 🗑️ 5 мусор
2026-05-25 02:54:19,179 | INFO     |   → 928/989: ✅ 0 взято | 🗑️ 0 мусор
2026-05-25 02:54:19,179 | INFO     |   → 929/989 ⚠️ Ошибка: ('Connection aborted.', RemoteDisconnected('Remote end closed connection without response')) — https://sub.pmsub.me/clash.yaml
2026-05-25 02:54:19,179 | INFO     |   → 930/989: ✅ 0 взято | 🗑️ 1 мусор
2026-05-25 02:54:19,179 | INFO     |   → 931/989: ✅ 8 взято | 🗑️ 21 мусор
2026-05-25 02:54:19,179 | INFO     |   → 932/989: ✅ 0 взято | 🗑️ 0 мусор
2026-05-25 02:54:19,179 | INFO     |   → 933/989: ✅ 9 взято | 🗑️ 19 мусор
2026-05-25 02:54:19,179 | INFO     |   → 934/989: ✅ 0 взято | 🗑️ 0 мусор
2026-05-25 02:54:19,179 | INFO     |   → 935/989: ✅ 2 взято | 🗑️ 14 мусор
2026-05-25 02:54:19,179 | INFO     |   → 936/989: ✅ 4 взято | 🗑️ 22 мусор
2026-05-25 02:54:19,179 | INFO     |   → 937/989: ✅ 0 взято | 🗑️ 0 мусор
2026-05-25 02:54:19,179 | INFO     |   → 938/989: ✅ 0 взято | 🗑️ 0 мусор
2026-05-25 02:54:19,179 | INFO     |   → 939/989: ✅ 0 взято | 🗑️ 0 мусор
2026-05-25 02:54:19,179 | INFO     |   → 940/989: ✅ 2 взято | 🗑️ 16 мусор
2026-05-25 02:54:19,179 | INFO     |   → 941/989: ✅ 0 взято | 🗑️ 0 мусор
2026-05-25 02:54:19,179 | INFO     |   → 942/989: ✅ 4 взято | 🗑️ 7 мусор
2026-05-25 02:54:19,179 | INFO     |   → 943/989: ✅ 0 взято | 🗑️ 0 мусор
2026-05-25 02:54:19,179 | INFO     |   → 944/989: ✅ 6 взято | 🗑️ 14 мусор
2026-05-25 02:54:19,179 | INFO     |   → 945/989: ✅ 0 взято | 🗑️ 0 мусор
2026-05-25 02:54:19,179 | INFO     |   → 946/989: ✅ 2 взято | 🗑️ 13 мусор
2026-05-25 02:54:19,179 | INFO     |   → 947/989: ✅ 0 взято | 🗑️ 0 мусор
2026-05-25 02:54:19,179 | INFO     |   → 948/989: ✅ 0 взято | 🗑️ 0 мусор
2026-05-25 02:54:19,179 | INFO     |   → 949/989: ✅ 2 взято | 🗑️ 7 мусор
2026-05-25 02:54:19,179 | INFO     |   → 950/989: ✅ 1 взято | 🗑️ 14 мусор
2026-05-25 02:54:19,180 | INFO     |   → 951/989: ✅ 2 взято | 🗑️ 14 мусор
2026-05-25 02:54:19,180 | INFO     |   → 952/989: ✅ 0 взято | 🗑️ 0 мусор
2026-05-25 02:54:19,180 | INFO     |   → 953/989: ✅ 3 взято | 🗑️ 22 мусор
2026-05-25 02:54:19,180 | INFO     |   → 954/989: ✅ 0 взято | 🗑️ 0 мусор
2026-05-25 02:54:19,180 | INFO     |   → 955/989: ✅ 2 взято | 🗑️ 15 мусор
2026-05-25 02:54:19,180 | INFO     |   → 956/989: ✅ 3 взято | 🗑️ 12 мусор
2026-05-25 02:54:19,180 | INFO     |   → 957/989: ✅ 0 взято | 🗑️ 0 мусор
2026-05-25 02:54:19,180 | INFO     |   → 958/989: ✅ 0 взято | 🗑️ 0 мусор
2026-05-25 02:54:19,180 | INFO     |   → 959/989: ✅ 0 взято | 🗑️ 0 мусор
2026-05-25 02:54:19,180 | INFO     |   → 960/989: ✅ 4 взято | 🗑️ 11 мусор
2026-05-25 02:54:19,180 | INFO     |   → 961/989: ✅ 10 взято | 🗑️ 15 мусор
2026-05-25 02:54:19,180 | INFO     |   → 962/989: ✅ 0 взято | 🗑️ 0 мусор
2026-05-25 02:54:19,180 | INFO     |   → 963/989: ✅ 13 взято | 🗑️ 15 мусор
2026-05-25 02:54:19,180 | INFO     |   → 964/989: ✅ 0 взято | 🗑️ 0 мусор
2026-05-25 02:54:19,180 | INFO     |   → 965/989: ✅ 5 взято | 🗑️ 15 мусор
2026-05-25 02:54:19,180 | INFO     |   → 966/989: ✅ 0 взято | 🗑️ 0 мусор
2026-05-25 02:54:19,180 | INFO     |   → 967/989: ✅ 8 взято | 🗑️ 16 мусор
2026-05-25 02:54:19,180 | INFO     |   → 968/989: ✅ 0 взято | 🗑️ 0 мусор
2026-05-25 02:54:19,180 | INFO     |   → 969/989: ✅ 0 взято | 🗑️ 24 мусор
2026-05-25 02:54:19,180 | INFO     |   → 970/989: ✅ 0 взято | 🗑️ 0 мусор
2026-05-25 02:54:19,180 | INFO     |   → 971/989: ✅ 4 взято | 🗑️ 17 мусор
2026-05-25 02:54:19,180 | INFO     |   → 972/989: ✅ 0 взято | 🗑️ 0 мусор
2026-05-25 02:54:19,180 | INFO     |   → 973/989: ✅ 12 взято | 🗑️ 18 мусор
2026-05-25 02:54:19,180 | INFO     |   → 974/989: ✅ 0 взято | 🗑️ 0 мусор
2026-05-25 02:54:19,180 | INFO     |   → 975/989: ✅ 2 взято | 🗑️ 17 мусор
2026-05-25 02:54:19,180 | INFO     |   → 976/989: ✅ 0 взято | 🗑️ 0 мусор
2026-05-25 02:54:19,181 | INFO     |   → 977/989: ✅ 1 взято | 🗑️ 27 мусор
2026-05-25 02:54:19,181 | INFO     |   → 978/989: ✅ 0 взято | 🗑️ 0 мусор
2026-05-25 02:54:19,181 | INFO     |   → 979/989: ✅ 4 взято | 🗑️ 15 мусор
2026-05-25 02:54:19,181 | INFO     |   → 980/989: ✅ 0 взято | 🗑️ 0 мусор
2026-05-25 02:54:19,181 | INFO     |   → 981/989: ✅ 4 взято | 🗑️ 26 мусор
2026-05-25 02:54:19,181 | INFO     |   → 982/989: ✅ 0 взято | 🗑️ 0 мусор
2026-05-25 02:54:19,181 | INFO     |   → 983/989: ✅ 3 взято | 🗑️ 21 мусор
2026-05-25 02:54:19,181 | INFO     |   → 984/989: ✅ 0 взято | 🗑️ 0 мусор
2026-05-25 02:54:19,181 | INFO     |   → 985/989: ✅ 8 взято | 🗑️ 12 мусор
2026-05-25 02:54:19,181 | INFO     |   → 986/989: ✅ 0 взято | 🗑️ 0 мусор
2026-05-25 02:54:19,181 | INFO     |   → 987/989: ✅ 8 взято | 🗑️ 15 мусор
2026-05-25 02:54:19,181 | INFO     |   → 988/989: ✅ 0 взято | 🗑️ 0 мусор
2026-05-25 02:54:19,181 | INFO     |   → 989/989: ✅ 2 взято | 🗑️ 103 мусор
2026-05-25 02:54:19,181 | INFO     |   → ✅ ГОТОВО!
2026-05-25 02:54:19,181 | INFO     |   →    📥 Всего ключей после фильтра: 22558
2026-05-25 02:54:19,181 | INFO     |   →    🔗 Уникальных IP:PORT:SCHEME: 10746
2026-05-25 02:54:19,181 | INFO     |   →    🗑️ Выброшено мусора: 421429
2026-05-25 02:54:19,181 | INFO     |   → 📊 По протоколам:
2026-05-25 02:54:19,181 | INFO     |   →    vless: 3846
2026-05-25 02:54:19,181 | INFO     |   →    vmess: 3509
2026-05-25 02:54:19,181 | INFO     |   →    trojan: 1343
2026-05-25 02:54:19,181 | INFO     |   →    ss: 1889
2026-05-25 02:54:19,181 | INFO     |   →    hysteria: 13
2026-05-25 02:54:19,181 | INFO     |   →    hysteria2: 35
2026-05-25 02:54:19,181 | INFO     |   →    hy2: 59
2026-05-25 02:54:19,181 | INFO     |   →    tuic: 52
2026-05-25 02:54:19,182 | INFO     | ✅ mirror.py завершён успешно
2026-05-25 02:54:19,182 | INFO     | 
2026-05-25 02:54:19,182 | INFO     | 
2026-05-25 02:54:19,182 | INFO     | ──────────────────────────────────────────────────────────────────────
2026-05-25 02:54:19,182 | INFO     | 📌 ЭТАП: Фильтрация по реальному SNI
2026-05-25 02:54:19,182 | INFO     | ──────────────────────────────────────────────────────────────────────
2026-05-25 02:54:19,182 | INFO     | 🚀 Запуск filter_ru_sni.py (Фильтр по реальному SNI (CDN+RU))...
2026-05-25 02:54:19,444 | INFO     |   → hy2.txt: 59 → 19 (SNI-filtered)
2026-05-25 02:54:19,444 | INFO     |   →   hysteria.txt: 13 → 0 (SNI-filtered)
2026-05-25 02:54:19,444 | INFO     |   →   hysteria2.txt: 35 → 4 (SNI-filtered)
2026-05-25 02:54:19,444 | INFO     |   →   ss.txt: 1889 → 0 (SNI-filtered)
2026-05-25 02:54:19,444 | INFO     |   →   trojan.txt: 1343 → 9 (SNI-filtered)
2026-05-25 02:54:19,444 | INFO     |   →   tuic.txt: 52 → 0 (SNI-filtered)
2026-05-25 02:54:19,444 | INFO     |   →   vless.txt: 3846 → 534 (SNI-filtered)
2026-05-25 02:54:19,444 | INFO     |   →   vmess.txt: 3509 → 37 (SNI-filtered)
2026-05-25 02:54:19,444 | INFO     |   → ==================================================
2026-05-25 02:54:19,445 | INFO     |   →   Всего входных:  10746
2026-05-25 02:54:19,445 | INFO     |   →   Прошли фильтр:  603
2026-05-25 02:54:19,445 | INFO     |   →   Отброшено:      10143
2026-05-25 02:54:19,445 | INFO     |   → ==================================================
2026-05-25 02:54:19,445 | INFO     |   → Готово → /home/runner/work/vpn-vless-configs-russia/vpn-vless-configs-russia/githubmirror/ru-sni
2026-05-25 02:54:19,445 | INFO     | ✅ filter_ru_sni.py завершён успешно
2026-05-25 02:54:19,445 | INFO     | 
2026-05-25 02:54:19,445 | INFO     | 
2026-05-25 02:54:19,445 | INFO     | ──────────────────────────────────────────────────────────────────────
2026-05-25 02:54:19,445 | INFO     | 📌 ЭТАП: Экспериментальный RU-SNI фильтр
2026-05-25 02:54:19,445 | INFO     | ──────────────────────────────────────────────────────────────────────
2026-05-25 02:54:19,445 | INFO     | 🚀 Запуск filter_ru_sni_local.py (Экспериментальный фильтр по RU-SNI (локальные домены))...
2026-05-25 02:54:19,620 | INFO     |   → hy2.txt: 59 → 0 (RU-SNI)
2026-05-25 02:54:19,620 | INFO     |   → hysteria.txt: 13 → 0 (RU-SNI)
2026-05-25 02:54:19,620 | INFO     |   → hysteria2.txt: 35 → 0 (RU-SNI)
2026-05-25 02:54:19,620 | INFO     |   → ss.txt: 1889 → 0 (RU-SNI)
2026-05-25 02:54:19,620 | INFO     |   → trojan.txt: 1343 → 0 (RU-SNI)
2026-05-25 02:54:19,620 | INFO     |   → tuic.txt: 52 → 0 (RU-SNI)
2026-05-25 02:54:19,620 | INFO     |   → vless.txt: 3846 → 158 (RU-SNI)
2026-05-25 02:54:19,620 | INFO     |   → vmess.txt: 3509 → 0 (RU-SNI)
2026-05-25 02:54:19,620 | INFO     |   → ==================================================
2026-05-25 02:54:19,620 | INFO     |   → Всего входных:  10746
2026-05-25 02:54:19,620 | INFO     |   → Прошли RU-SNI:  158
2026-05-25 02:54:19,620 | INFO     |   → Отброшено:      10588
2026-05-25 02:54:19,620 | INFO     |   → ==================================================
2026-05-25 02:54:19,620 | INFO     |   → Готово → /home/runner/work/vpn-vless-configs-russia/vpn-vless-configs-russia/githubmirror/ru-sni-local
2026-05-25 02:54:19,620 | INFO     | ✅ filter_ru_sni_local.py завершён успешно
2026-05-25 02:54:19,620 | INFO     | 
2026-05-25 02:54:19,620 | INFO     | 
2026-05-25 02:54:19,620 | INFO     | ──────────────────────────────────────────────────────────────────────
2026-05-25 02:54:19,620 | INFO     | 📌 ЭТАП: Сбор статистики
2026-05-25 02:54:19,620 | INFO     | ──────────────────────────────────────────────────────────────────────
2026-05-25 02:54:19,620 | INFO     | 📊 Сбор статистики...
2026-05-25 02:54:19,621 | INFO     |   📁 githubmirror/clean:
2026-05-25 02:54:19,621 | INFO     |     • hy2         :    59 конфигов
2026-05-25 02:54:19,621 | INFO     |     • hysteria    :    13 конфигов
2026-05-25 02:54:19,621 | INFO     |     • hysteria2   :    35 конфигов
2026-05-25 02:54:19,623 | INFO     |     • ss          :  1889 конфигов
2026-05-25 02:54:19,624 | INFO     |     • trojan      :  1343 конфигов
2026-05-25 02:54:19,624 | INFO     |     • tuic        :    52 конфигов
2026-05-25 02:54:19,628 | INFO     |     • vless       :  3846 конфигов
2026-05-25 02:54:19,631 | INFO     |     • vmess       :  3509 конфигов
2026-05-25 02:54:19,631 | INFO     |   📁 githubmirror/ru-sni:
2026-05-25 02:54:19,631 | INFO     |     • hy2         :    19 конфигов ( 32.2% от clean)
2026-05-25 02:54:19,631 | INFO     |     • hysteria    :     0 конфигов (  0.0% от clean)
2026-05-25 02:54:19,631 | INFO     |     • hysteria2   :     4 конфигов ( 11.4% от clean)
2026-05-25 02:54:19,631 | INFO     |     • ss          :     0 конфигов (  0.0% от clean)
2026-05-25 02:54:19,632 | INFO     |     • trojan      :     9 конфигов (  0.7% от clean)
2026-05-25 02:54:19,632 | INFO     |     • tuic        :     0 конфигов (  0.0% от clean)
2026-05-25 02:54:19,632 | INFO     |     • vless       :   534 конфигов ( 13.9% от clean)
2026-05-25 02:54:19,632 | INFO     |     • vmess       :    37 конфигов (  1.1% от clean)
2026-05-25 02:54:19,633 | INFO     | 
2026-05-25 02:54:19,633 | INFO     |   ──────────────────────────────────────────────────
2026-05-25 02:54:19,633 | INFO     |   📈 ИТОГО:
2026-05-25 02:54:19,633 | INFO     |     Clean (после geo-фильтра):    10746
2026-05-25 02:54:19,633 | INFO     |     RU-SNI (после SNI-фильтра):     603
2026-05-25 02:54:19,633 | INFO     |     Прошло фильтр:                  5.6%
2026-05-25 02:54:19,633 | INFO     |   ──────────────────────────────────────────────────
2026-05-25 02:54:19,633 | INFO     | ✅ Статистика сохранена: /home/runner/work/vpn-vless-configs-russia/vpn-vless-configs-russia/stats.json
2026-05-25 02:54:19,633 | INFO     | 
2026-05-25 02:54:19,633 | INFO     | ======================================================================
2026-05-25 02:54:19,633 | INFO     | 📊 ИТОГОВЫЙ ОТЧЁТ
2026-05-25 02:54:19,633 | INFO     | ======================================================================
2026-05-25 02:54:19,633 | INFO     |   ✅ OK         | Загрузка и geo-фильтрация
2026-05-25 02:54:19,633 | INFO     |   ✅ OK         | Фильтрация по реальному SNI
2026-05-25 02:54:19,634 | INFO     |   ✅ OK         | Экспериментальный RU-SNI фильтр
2026-05-25 02:54:19,634 | INFO     |   ✅ OK         | Сбор статистики
2026-05-25 02:54:19,634 | INFO     | ──────────────────────────────────────────────────────────────────────
2026-05-25 02:54:19,634 | INFO     | ✅ ВСЕ ЭТАПЫ УСПЕШНЫ (4/4)
2026-05-25 02:54:19,634 | INFO     | ⏰ Время завершения: 2026-05-25 02:54:19
2026-05-25 02:54:19,634 | INFO     | ======================================================================
