2026-06-27 08:38:14,550 | INFO     | ======================================================================
2026-06-27 08:38:14,550 | INFO     | 🔍 VPN KEY CHECKER - Начало проверки
2026-06-27 08:38:14,550 | INFO     | ⏰ Время старта: 2026-06-27 08:38:14
2026-06-27 08:38:14,550 | INFO     | 📂 Рабочая директория: /home/runner/work/vpn-vless-configs-russia/vpn-vless-configs-russia
2026-06-27 08:38:14,550 | INFO     | ======================================================================
2026-06-27 08:38:14,550 | INFO     | 
2026-06-27 08:38:14,550 | INFO     | 🔍 Проверка наличия скриптов...
2026-06-27 08:38:14,550 | INFO     |   ✅ mirror.py
2026-06-27 08:38:14,550 | INFO     |   ✅ filter_ru_sni.py
2026-06-27 08:38:14,551 | INFO     |   ✅ filter_ru_sni_local.py
2026-06-27 08:38:14,551 | INFO     | 
2026-06-27 08:38:14,551 | INFO     | 
2026-06-27 08:38:14,551 | INFO     | ──────────────────────────────────────────────────────────────────────
2026-06-27 08:38:14,551 | INFO     | 📌 ЭТАП: Загрузка и geo-фильтрация
2026-06-27 08:38:14,551 | INFO     | ──────────────────────────────────────────────────────────────────────
2026-06-27 08:38:14,551 | INFO     | 🚀 Запуск mirror.py (Загрузка и фильтрация по РФ/СНГ/Европа)...
2026-06-27 08:44:01,467 | INFO     |   → 🚀 Старт: всего источников (старые + новые): 1304
2026-06-27 08:44:01,467 | INFO     |   → 1/1304: ✅ 4 взято | 🗑️ 147 мусор
2026-06-27 08:44:01,467 | INFO     |   → 2/1304: ✅ 0 взято | 🗑️ 0 мусор
2026-06-27 08:44:01,467 | INFO     |   → 3/1304 ❌ HTTP 404 — https://bitbucket.org/huwo1/proxy_nodes/raw/f31ca9ec67b84071515729ff45b011b6b09c10f2/clash.yaml
2026-06-27 08:44:01,467 | INFO     |   → 4/1304 ❌ HTTP 404 — https://cdn.jsdelivr.net/gh/cry0ice/genode@main/public/all.txt
2026-06-27 08:44:01,468 | INFO     |   → 5/1304 ❌ HTTP 404 — https://cdn.jsdelivr.net/gh/cry0ice/genode@main/public/ss.txt
2026-06-27 08:44:01,468 | INFO     |   → 6/1304 ❌ HTTP 404 — https://cdn.jsdelivr.net/gh/cry0ice/genode@main/public/ssr.txt
2026-06-27 08:44:01,468 | INFO     |   → 7/1304 ❌ HTTP 404 — https://cdn.jsdelivr.net/gh/cry0ice/genode@main/public/trojan.txt
2026-06-27 08:44:01,468 | INFO     |   → 8/1304 ❌ HTTP 404 — https://cdn.jsdelivr.net/gh/cry0ice/genode@main/public/vless.txt
2026-06-27 08:44:01,468 | INFO     |   → 9/1304 ❌ HTTP 404 — https://cdn.jsdelivr.net/gh/cry0ice/genode@main/public/vmess.txt
2026-06-27 08:44:01,468 | INFO     |   → 10/1304: ✅ 0 взято | 🗑️ 0 мусор
2026-06-27 08:44:01,468 | INFO     |   → 11/1304: ✅ 0 взято | 🗑️ 0 мусор
2026-06-27 08:44:01,468 | INFO     |   → 12/1304: ✅ 0 взято | 🗑️ 0 мусор
2026-06-27 08:44:01,468 | INFO     |   → 13/1304: ✅ 0 взято | 🗑️ 0 мусор
2026-06-27 08:44:01,468 | INFO     |   → 14/1304: ✅ 0 взято | 🗑️ 0 мусор
2026-06-27 08:44:01,468 | INFO     |   → 15/1304: ✅ 0 взято | 🗑️ 0 мусор
2026-06-27 08:44:01,468 | INFO     |   → 16/1304: ✅ 0 взято | 🗑️ 0 мусор
2026-06-27 08:44:01,468 | INFO     |   → 17/1304: ✅ 0 взято | 🗑️ 0 мусор
2026-06-27 08:44:01,468 | INFO     |   → 18/1304: ✅ 0 взято | 🗑️ 0 мусор
2026-06-27 08:44:01,468 | INFO     |   → 19/1304: ✅ 0 взято | 🗑️ 0 мусор
2026-06-27 08:44:01,468 | INFO     |   → 20/1304: ✅ 0 взято | 🗑️ 0 мусор
2026-06-27 08:44:01,468 | INFO     |   → 21/1304: ✅ 0 взято | 🗑️ 0 мусор
2026-06-27 08:44:01,468 | INFO     |   → 22/1304: ✅ 0 взято | 🗑️ 0 мусор
2026-06-27 08:44:01,468 | INFO     |   → 23/1304: ✅ 0 взято | 🗑️ 0 мусор
2026-06-27 08:44:01,468 | INFO     |   → 24/1304: ✅ 0 взято | 🗑️ 0 мусор
2026-06-27 08:44:01,468 | INFO     |   → 25/1304: ✅ 0 взято | 🗑️ 0 мусор
2026-06-27 08:44:01,469 | INFO     |   → 26/1304: ✅ 0 взято | 🗑️ 0 мусор
2026-06-27 08:44:01,469 | INFO     |   → 27/1304: ✅ 0 взято | 🗑️ 0 мусор
2026-06-27 08:44:01,469 | INFO     |   → 28/1304: ✅ 0 взято | 🗑️ 0 мусор
2026-06-27 08:44:01,469 | INFO     |   → 29/1304: ✅ 0 взято | 🗑️ 0 мусор
2026-06-27 08:44:01,469 | INFO     |   → 30/1304: ✅ 0 взято | 🗑️ 0 мусор
2026-06-27 08:44:01,469 | INFO     |   → 31/1304: ✅ 0 взято | 🗑️ 0 мусор
2026-06-27 08:44:01,469 | INFO     |   → 32/1304: ✅ 0 взято | 🗑️ 0 мусор
2026-06-27 08:44:01,469 | INFO     |   → 33/1304: ✅ 0 взято | 🗑️ 0 мусор
2026-06-27 08:44:01,469 | INFO     |   → 34/1304: ✅ 0 взято | 🗑️ 0 мусор
2026-06-27 08:44:01,469 | INFO     |   → 35/1304: ✅ 0 взято | 🗑️ 0 мусор
2026-06-27 08:44:01,469 | INFO     |   → 36/1304: ✅ 0 взято | 🗑️ 0 мусор
2026-06-27 08:44:01,469 | INFO     |   → 37/1304: ✅ 0 взято | 🗑️ 0 мусор
2026-06-27 08:44:01,469 | INFO     |   → 38/1304: ✅ 0 взято | 🗑️ 0 мусор
2026-06-27 08:44:01,469 | INFO     |   → 39/1304: ✅ 0 взято | 🗑️ 0 мусор
2026-06-27 08:44:01,469 | INFO     |   → 40/1304: ✅ 0 взято | 🗑️ 0 мусор
2026-06-27 08:44:01,469 | INFO     |   → 41/1304: ✅ 0 взято | 🗑️ 0 мусор
2026-06-27 08:44:01,469 | INFO     |   → 42/1304: ✅ 0 взято | 🗑️ 0 мусор
2026-06-27 08:44:01,469 | INFO     |   → 43/1304: ✅ 0 взято | 🗑️ 0 мусор
2026-06-27 08:44:01,469 | INFO     |   → 44/1304: ✅ 0 взято | 🗑️ 0 мусор
2026-06-27 08:44:01,469 | INFO     |   → 45/1304: ✅ 0 взято | 🗑️ 0 мусор
2026-06-27 08:44:01,469 | INFO     |   → 46/1304: ✅ 0 взято | 🗑️ 0 мусор
2026-06-27 08:44:01,469 | INFO     |   → 47/1304: ✅ 0 взято | 🗑️ 0 мусор
2026-06-27 08:44:01,469 | INFO     |   → 48/1304: ✅ 0 взято | 🗑️ 0 мусор
2026-06-27 08:44:01,469 | INFO     |   → 49/1304: ✅ 0 взято | 🗑️ 0 мусор
2026-06-27 08:44:01,470 | INFO     |   → 50/1304: ✅ 0 взято | 🗑️ 0 мусор
2026-06-27 08:44:01,470 | INFO     |   → 51/1304: ✅ 0 взято | 🗑️ 0 мусор
2026-06-27 08:44:01,470 | INFO     |   → 52/1304: ✅ 0 взято | 🗑️ 0 мусор
2026-06-27 08:44:01,470 | INFO     |   → 53/1304: ✅ 0 взято | 🗑️ 0 мусор
2026-06-27 08:44:01,470 | INFO     |   → 54/1304: ✅ 0 взято | 🗑️ 0 мусор
2026-06-27 08:44:01,470 | INFO     |   → 55/1304: ✅ 0 взято | 🗑️ 0 мусор
2026-06-27 08:44:01,470 | INFO     |   → 56/1304: ✅ 0 взято | 🗑️ 0 мусор
2026-06-27 08:44:01,470 | INFO     |   → 57/1304: ✅ 0 взято | 🗑️ 0 мусор
2026-06-27 08:44:01,470 | INFO     |   → 58/1304: ✅ 0 взято | 🗑️ 0 мусор
2026-06-27 08:44:01,470 | INFO     |   → 59/1304: ✅ 0 взято | 🗑️ 0 мусор
2026-06-27 08:44:01,470 | INFO     |   → 60/1304: ✅ 0 взято | 🗑️ 0 мусор
2026-06-27 08:44:01,470 | INFO     |   → 61/1304: ✅ 0 взято | 🗑️ 0 мусор
2026-06-27 08:44:01,470 | INFO     |   → 62/1304: ✅ 0 взято | 🗑️ 0 мусор
2026-06-27 08:44:01,470 | INFO     |   → 63/1304: ✅ 0 взято | 🗑️ 0 мусор
2026-06-27 08:44:01,470 | INFO     |   → 64/1304: ✅ 0 взято | 🗑️ 0 мусор
2026-06-27 08:44:01,470 | INFO     |   → 65/1304: ✅ 0 взято | 🗑️ 0 мусор
2026-06-27 08:44:01,470 | INFO     |   → 66/1304: ✅ 0 взято | 🗑️ 0 мусор
2026-06-27 08:44:01,470 | INFO     |   → 67/1304: ✅ 0 взято | 🗑️ 0 мусор
2026-06-27 08:44:01,470 | INFO     |   → 68/1304: ✅ 0 взято | 🗑️ 0 мусор
2026-06-27 08:44:01,470 | INFO     |   → 69/1304: ✅ 0 взято | 🗑️ 0 мусор
2026-06-27 08:44:01,470 | INFO     |   → 70/1304: ✅ 0 взято | 🗑️ 0 мусор
2026-06-27 08:44:01,470 | INFO     |   → 71/1304: ✅ 0 взято | 🗑️ 0 мусор
2026-06-27 08:44:01,470 | INFO     |   → 72/1304: ✅ 0 взято | 🗑️ 0 мусор
2026-06-27 08:44:01,470 | INFO     |   → 73/1304: ✅ 0 взято | 🗑️ 0 мусор
2026-06-27 08:44:01,471 | INFO     |   → 74/1304: ✅ 0 взято | 🗑️ 0 мусор
2026-06-27 08:44:01,471 | INFO     |   → 75/1304: ✅ 0 взято | 🗑️ 0 мусор
2026-06-27 08:44:01,471 | INFO     |   → 76/1304: ✅ 0 взято | 🗑️ 0 мусор
2026-06-27 08:44:01,471 | INFO     |   → 77/1304: ✅ 0 взято | 🗑️ 0 мусор
2026-06-27 08:44:01,471 | INFO     |   → 78/1304: ✅ 0 взято | 🗑️ 0 мусор
2026-06-27 08:44:01,471 | INFO     |   → 79/1304: ✅ 0 взято | 🗑️ 0 мусор
2026-06-27 08:44:01,471 | INFO     |   → 80/1304: ✅ 0 взято | 🗑️ 0 мусор
2026-06-27 08:44:01,471 | INFO     |   → 81/1304: ✅ 0 взято | 🗑️ 0 мусор
2026-06-27 08:44:01,471 | INFO     |   → 82/1304: ✅ 0 взято | 🗑️ 0 мусор
2026-06-27 08:44:01,471 | INFO     |   → 83/1304: ✅ 0 взято | 🗑️ 0 мусор
2026-06-27 08:44:01,471 | INFO     |   → 84/1304: ✅ 0 взято | 🗑️ 0 мусор
2026-06-27 08:44:01,471 | INFO     |   → 85/1304: ✅ 0 взято | 🗑️ 0 мусор
2026-06-27 08:44:01,471 | INFO     |   → 86/1304: ✅ 0 взято | 🗑️ 0 мусор
2026-06-27 08:44:01,471 | INFO     |   → 87/1304: ✅ 0 взято | 🗑️ 0 мусор
2026-06-27 08:44:01,471 | INFO     |   → 88/1304: ✅ 0 взято | 🗑️ 0 мусор
2026-06-27 08:44:01,471 | INFO     |   → 89/1304: ✅ 0 взято | 🗑️ 0 мусор
2026-06-27 08:44:01,471 | INFO     |   → 90/1304: ✅ 0 взято | 🗑️ 0 мусор
2026-06-27 08:44:01,471 | INFO     |   → 91/1304: ✅ 0 взято | 🗑️ 0 мусор
2026-06-27 08:44:01,471 | INFO     |   → 92/1304: ✅ 0 взято | 🗑️ 0 мусор
2026-06-27 08:44:01,471 | INFO     |   → 93/1304: ✅ 0 взято | 🗑️ 0 мусор
2026-06-27 08:44:01,471 | INFO     |   → 94/1304: ✅ 0 взято | 🗑️ 0 мусор
2026-06-27 08:44:01,471 | INFO     |   → 95/1304: ✅ 0 взято | 🗑️ 0 мусор
2026-06-27 08:44:01,471 | INFO     |   → 96/1304: ✅ 0 взято | 🗑️ 0 мусор
2026-06-27 08:44:01,471 | INFO     |   → 97/1304: ✅ 0 взято | 🗑️ 0 мусор
2026-06-27 08:44:01,471 | INFO     |   → 98/1304: ✅ 0 взято | 🗑️ 0 мусор
2026-06-27 08:44:01,472 | INFO     |   → 99/1304: ✅ 0 взято | 🗑️ 0 мусор
2026-06-27 08:44:01,472 | INFO     |   → 100/1304: ✅ 0 взято | 🗑️ 0 мусор
2026-06-27 08:44:01,472 | INFO     |   → 101/1304: ✅ 0 взято | 🗑️ 0 мусор
2026-06-27 08:44:01,472 | INFO     |   → 102/1304: ✅ 0 взято | 🗑️ 0 мусор
2026-06-27 08:44:01,472 | INFO     |   → 103/1304: ✅ 0 взято | 🗑️ 0 мусор
2026-06-27 08:44:01,472 | INFO     |   → 104/1304: ✅ 0 взято | 🗑️ 0 мусор
2026-06-27 08:44:01,472 | INFO     |   → 105/1304: ✅ 0 взято | 🗑️ 0 мусор
2026-06-27 08:44:01,472 | INFO     |   → 106/1304: ✅ 0 взято | 🗑️ 0 мусор
2026-06-27 08:44:01,472 | INFO     |   → 107/1304: ✅ 0 взято | 🗑️ 0 мусор
2026-06-27 08:44:01,472 | INFO     |   → 108/1304: ✅ 0 взято | 🗑️ 0 мусор
2026-06-27 08:44:01,472 | INFO     |   → 109/1304: ✅ 0 взято | 🗑️ 0 мусор
2026-06-27 08:44:01,472 | INFO     |   → 110/1304: ✅ 0 взято | 🗑️ 0 мусор
2026-06-27 08:44:01,472 | INFO     |   → 111/1304: ✅ 0 взято | 🗑️ 0 мусор
2026-06-27 08:44:01,472 | INFO     |   → 112/1304: ✅ 0 взято | 🗑️ 0 мусор
2026-06-27 08:44:01,472 | INFO     |   → 113/1304: ✅ 0 взято | 🗑️ 0 мусор
2026-06-27 08:44:01,472 | INFO     |   → 114/1304: ✅ 0 взято | 🗑️ 0 мусор
2026-06-27 08:44:01,472 | INFO     |   → 115/1304: ✅ 0 взято | 🗑️ 0 мусор
2026-06-27 08:44:01,472 | INFO     |   → 116/1304: ✅ 0 взято | 🗑️ 0 мусор
2026-06-27 08:44:01,472 | INFO     |   → 117/1304: ✅ 0 взято | 🗑️ 0 мусор
2026-06-27 08:44:01,472 | INFO     |   → 118/1304: ✅ 0 взято | 🗑️ 0 мусор
2026-06-27 08:44:01,472 | INFO     |   → 119/1304: ✅ 0 взято | 🗑️ 0 мусор
2026-06-27 08:44:01,472 | INFO     |   → 120/1304: ✅ 0 взято | 🗑️ 0 мусор
2026-06-27 08:44:01,472 | INFO     |   → 121/1304: ✅ 0 взято | 🗑️ 0 мусор
2026-06-27 08:44:01,472 | INFO     |   → 122/1304: ✅ 0 взято | 🗑️ 0 мусор
2026-06-27 08:44:01,473 | INFO     |   → 123/1304: ✅ 0 взято | 🗑️ 0 мусор
2026-06-27 08:44:01,473 | INFO     |   → 124/1304: ✅ 0 взято | 🗑️ 0 мусор
2026-06-27 08:44:01,473 | INFO     |   → 125/1304: ✅ 0 взято | 🗑️ 0 мусор
2026-06-27 08:44:01,473 | INFO     |   → 126/1304: ✅ 0 взято | 🗑️ 0 мусор
2026-06-27 08:44:01,473 | INFO     |   → 127/1304: ✅ 0 взято | 🗑️ 0 мусор
2026-06-27 08:44:01,473 | INFO     |   → 128/1304: ✅ 0 взято | 🗑️ 0 мусор
2026-06-27 08:44:01,473 | INFO     |   → 129/1304: ✅ 0 взято | 🗑️ 0 мусор
2026-06-27 08:44:01,473 | INFO     |   → 130/1304: ✅ 0 взято | 🗑️ 0 мусор
2026-06-27 08:44:01,473 | INFO     |   → 131/1304: ✅ 0 взято | 🗑️ 0 мусор
2026-06-27 08:44:01,473 | INFO     |   → 132/1304: ✅ 0 взято | 🗑️ 0 мусор
2026-06-27 08:44:01,473 | INFO     |   → 133/1304: ✅ 0 взято | 🗑️ 0 мусор
2026-06-27 08:44:01,473 | INFO     |   → 134/1304: ✅ 0 взято | 🗑️ 0 мусор
2026-06-27 08:44:01,473 | INFO     |   → 135/1304: ✅ 0 взято | 🗑️ 0 мусор
2026-06-27 08:44:01,473 | INFO     |   → 136/1304: ✅ 0 взято | 🗑️ 0 мусор
2026-06-27 08:44:01,473 | INFO     |   → 137/1304: ✅ 0 взято | 🗑️ 0 мусор
2026-06-27 08:44:01,473 | INFO     |   → 138/1304: ✅ 0 взято | 🗑️ 0 мусор
2026-06-27 08:44:01,473 | INFO     |   → 139/1304: ✅ 0 взято | 🗑️ 0 мусор
2026-06-27 08:44:01,473 | INFO     |   → 140/1304: ✅ 0 взято | 🗑️ 0 мусор
2026-06-27 08:44:01,473 | INFO     |   → 141/1304: ✅ 0 взято | 🗑️ 0 мусор
2026-06-27 08:44:01,473 | INFO     |   → 142/1304: ✅ 0 взято | 🗑️ 0 мусор
2026-06-27 08:44:01,473 | INFO     |   → 143/1304: ✅ 0 взято | 🗑️ 0 мусор
2026-06-27 08:44:01,474 | INFO     |   → 144/1304: ✅ 0 взято | 🗑️ 0 мусор
2026-06-27 08:44:01,474 | INFO     |   → 145/1304: ✅ 0 взято | 🗑️ 0 мусор
2026-06-27 08:44:01,474 | INFO     |   → 146/1304: ✅ 0 взято | 🗑️ 0 мусор
2026-06-27 08:44:01,474 | INFO     |   → 147/1304: ✅ 0 взято | 🗑️ 0 мусор
2026-06-27 08:44:01,474 | INFO     |   → 148/1304: ✅ 0 взято | 🗑️ 0 мусор
2026-06-27 08:44:01,474 | INFO     |   → 149/1304: ✅ 0 взято | 🗑️ 0 мусор
2026-06-27 08:44:01,474 | INFO     |   → 150/1304: ✅ 0 взято | 🗑️ 0 мусор
2026-06-27 08:44:01,474 | INFO     |   → 151/1304: ✅ 0 взято | 🗑️ 0 мусор
2026-06-27 08:44:01,474 | INFO     |   → 152/1304: ✅ 0 взято | 🗑️ 0 мусор
2026-06-27 08:44:01,474 | INFO     |   → 153/1304: ✅ 0 взято | 🗑️ 0 мусор
2026-06-27 08:44:01,474 | INFO     |   → 154/1304: ✅ 0 взято | 🗑️ 0 мусор
2026-06-27 08:44:01,474 | INFO     |   → 155/1304: ✅ 0 взято | 🗑️ 0 мусор
2026-06-27 08:44:01,474 | INFO     |   → 156/1304: ✅ 0 взято | 🗑️ 0 мусор
2026-06-27 08:44:01,474 | INFO     |   → 157/1304: ✅ 0 взято | 🗑️ 0 мусор
2026-06-27 08:44:01,474 | INFO     |   → 158/1304: ✅ 0 взято | 🗑️ 0 мусор
2026-06-27 08:44:01,474 | INFO     |   → 159/1304: ✅ 0 взято | 🗑️ 0 мусор
2026-06-27 08:44:01,474 | INFO     |   → 160/1304: ✅ 0 взято | 🗑️ 0 мусор
2026-06-27 08:44:01,474 | INFO     |   → 161/1304: ✅ 0 взято | 🗑️ 0 мусор
2026-06-27 08:44:01,474 | INFO     |   → 162/1304: ✅ 0 взято | 🗑️ 0 мусор
2026-06-27 08:44:01,474 | INFO     |   → 163/1304: ✅ 0 взято | 🗑️ 0 мусор
2026-06-27 08:44:01,474 | INFO     |   → 164/1304: ✅ 0 взято | 🗑️ 0 мусор
2026-06-27 08:44:01,475 | INFO     |   → 165/1304: ✅ 0 взято | 🗑️ 0 мусор
2026-06-27 08:44:01,475 | INFO     |   → 166/1304 ❌ HTTP 404 — https://freessrnode.github.io/uploads/2024/08/0-20240822.txt
2026-06-27 08:44:01,475 | INFO     |   → 167/1304 ❌ HTTP 404 — https://freessrnode.github.io/uploads/2024/08/1-20240822.txt
2026-06-27 08:44:01,475 | INFO     |   → 168/1304 ❌ HTTP 404 — https://freessrnode.github.io/uploads/2024/08/2-20240822.txt
2026-06-27 08:44:01,475 | INFO     |   → 169/1304 ❌ HTTP 404 — https://freessrnode.github.io/uploads/2024/08/3-20240822.txt
2026-06-27 08:44:01,475 | INFO     |   → 170/1304 ❌ HTTP 404 — https://freessrnode.github.io/uploads/2024/08/4-20240822.txt
2026-06-27 08:44:01,475 | INFO     |   → 171/1304 ⚠️ Ошибка: HTTPSConnectionPool(host='freevpnspy.githubrowcontent.com', port=443): Max retries exceeded with url: /2024/08/20240802_novless.yaml (Caused by NameResolutionError("HTTPSConnection(host='freevpnspy.githubrowcontent.com', port=443): Failed to resolve 'freevpnspy.githubrowcontent.com' ([Errno -2] Name or service not known)")) — https://freevpnspy.githubrowcontent.com/2024/08/20240802_novless.yaml
2026-06-27 08:44:01,475 | INFO     |   → 172/1304 ⚠️ Ошибка: HTTPSConnectionPool(host='freevpnspy.githubrowcontent.com', port=443): Max retries exceeded with url: /2024/08/20240802_vless.yaml (Caused by NameResolutionError("HTTPSConnection(host='freevpnspy.githubrowcontent.com', port=443): Failed to resolve 'freevpnspy.githubrowcontent.com' ([Errno -2] Name or service not known)")) — https://freevpnspy.githubrowcontent.com/2024/08/20240802_vless.yaml
2026-06-27 08:44:01,475 | INFO     |   → 173/1304: ✅ 0 взято | 🗑️ 0 мусор
2026-06-27 08:44:01,475 | INFO     |   → 174/1304: ✅ 0 взято | 🗑️ 0 мусор
2026-06-27 08:44:01,475 | INFO     |   → 175/1304: ✅ 5 взято | 🗑️ 133 мусор
2026-06-27 08:44:01,475 | INFO     |   → 176/1304: ✅ 5 взято | 🗑️ 166 мусор
2026-06-27 08:44:01,475 | INFO     |   → 177/1304: ✅ 14 взято | 🗑️ 292 мусор
2026-06-27 08:44:01,475 | INFO     |   → 178/1304: ✅ 0 взято | 🗑️ 115 мусор
2026-06-27 08:44:01,475 | INFO     |   → 179/1304: ✅ 14 взято | 🗑️ 218 мусор
2026-06-27 08:44:01,475 | INFO     |   → 180/1304: ✅ 7 взято | 🗑️ 148 мусор
2026-06-27 08:44:01,475 | INFO     |   → 181/1304: ✅ 0 взято | 🗑️ 0 мусор
2026-06-27 08:44:01,475 | INFO     |   → 182/1304: ✅ 10 взято | 🗑️ 232 мусор
2026-06-27 08:44:01,475 | INFO     |   → 183/1304: ✅ 4 взято | 🗑️ 151 мусор
2026-06-27 08:44:01,475 | INFO     |   → 184/1304: ✅ 0 взято | 🗑️ 0 мусор
2026-06-27 08:44:01,475 | INFO     |   → 185/1304: ✅ 0 взято | 🗑️ 0 мусор
2026-06-27 08:44:01,475 | INFO     |   → 186/1304: ✅ 0 взято | 🗑️ 0 мусор
2026-06-27 08:44:01,476 | INFO     |   → 187/1304: ✅ 1 взято | 🗑️ 226 мусор
2026-06-27 08:44:01,476 | INFO     |   → 188/1304: ✅ 0 взято | 🗑️ 0 мусор
2026-06-27 08:44:01,476 | INFO     |   → 189/1304: ✅ 0 взято | 🗑️ 0 мусор
2026-06-27 08:44:01,476 | INFO     |   → 190/1304: ✅ 0 взято | 🗑️ 0 мусор
2026-06-27 08:44:01,476 | INFO     |   → 191/1304: ✅ 7 взято | 🗑️ 113 мусор
2026-06-27 08:44:01,476 | INFO     |   → 192/1304: ✅ 0 взято | 🗑️ 0 мусор
2026-06-27 08:44:01,476 | INFO     |   → 193/1304: ✅ 0 взято | 🗑️ 0 мусор
2026-06-27 08:44:01,476 | INFO     |   → 194/1304: ✅ 0 взято | 🗑️ 0 мусор
2026-06-27 08:44:01,476 | INFO     |   → 195/1304: ✅ 1 взято | 🗑️ 169 мусор
2026-06-27 08:44:01,476 | INFO     |   → 196/1304: ✅ 0 взято | 🗑️ 0 мусор
2026-06-27 08:44:01,476 | INFO     |   → 197/1304: ✅ 5 взято | 🗑️ 211 мусор
2026-06-27 08:44:01,476 | INFO     |   → 198/1304: ✅ 0 взято | 🗑️ 0 мусор
2026-06-27 08:44:01,476 | INFO     |   → 199/1304: ✅ 1 взято | 🗑️ 213 мусор
2026-06-27 08:44:01,476 | INFO     |   → 200/1304: ✅ 0 взято | 🗑️ 0 мусор
2026-06-27 08:44:01,476 | INFO     |   → 201/1304: ✅ 0 взято | 🗑️ 0 мусор
2026-06-27 08:44:01,476 | INFO     |   → 202/1304: ✅ 0 взято | 🗑️ 0 мусор
2026-06-27 08:44:01,476 | INFO     |   → 203/1304: ✅ 1 взято | 🗑️ 226 мусор
2026-06-27 08:44:01,476 | INFO     |   → 204/1304: ✅ 3 взято | 🗑️ 152 мусор
2026-06-27 08:44:01,476 | INFO     |   → 205/1304: ✅ 0 взято | 🗑️ 0 мусор
2026-06-27 08:44:01,476 | INFO     |   → 206/1304: ✅ 0 взято | 🗑️ 0 мусор
2026-06-27 08:44:01,476 | INFO     |   → 207/1304: ✅ 3 взято | 🗑️ 99 мусор
2026-06-27 08:44:01,476 | INFO     |   → 208/1304: ✅ 0 взято | 🗑️ 0 мусор
2026-06-27 08:44:01,476 | INFO     |   → 209/1304: ✅ 0 взято | 🗑️ 300 мусор
2026-06-27 08:44:01,477 | INFO     |   → 210/1304: ✅ 0 взято | 🗑️ 0 мусор
2026-06-27 08:44:01,477 | INFO     |   → 211/1304: ✅ 0 взято | 🗑️ 0 мусор
2026-06-27 08:44:01,477 | INFO     |   → 212/1304: ✅ 0 взято | 🗑️ 142 мусор
2026-06-27 08:44:01,477 | INFO     |   → 213/1304: ✅ 2 взято | 🗑️ 124 мусор
2026-06-27 08:44:01,477 | INFO     |   → 214/1304: ✅ 0 взято | 🗑️ 0 мусор
2026-06-27 08:44:01,477 | INFO     |   → 215/1304: ✅ 0 взято | 🗑️ 0 мусор
2026-06-27 08:44:01,477 | INFO     |   → 216/1304: ✅ 1 взято | 🗑️ 104 мусор
2026-06-27 08:44:01,477 | INFO     |   → 217/1304: ✅ 1 взято | 🗑️ 96 мусор
2026-06-27 08:44:01,477 | INFO     |   → 218/1304: ✅ 0 взято | 🗑️ 193 мусор
2026-06-27 08:44:01,477 | INFO     |   → 219/1304: ✅ 2 взято | 🗑️ 115 мусор
2026-06-27 08:44:01,477 | INFO     |   → 220/1304: ✅ 7 взято | 🗑️ 179 мусор
2026-06-27 08:44:01,477 | INFO     |   → 221/1304: ✅ 0 взято | 🗑️ 0 мусор
2026-06-27 08:44:01,477 | INFO     |   → 222/1304: ✅ 0 взято | 🗑️ 0 мусор
2026-06-27 08:44:01,477 | INFO     |   → 223/1304: ✅ 0 взято | 🗑️ 125 мусор
2026-06-27 08:44:01,477 | INFO     |   → 224/1304: ✅ 11 взято | 🗑️ 225 мусор
2026-06-27 08:44:01,477 | INFO     |   → 225/1304: ✅ 0 взято | 🗑️ 296 мусор
2026-06-27 08:44:01,477 | INFO     |   → 226/1304: ✅ 1 взято | 🗑️ 141 мусор
2026-06-27 08:44:01,477 | INFO     |   → 227/1304: ✅ 1 взято | 🗑️ 279 мусор
2026-06-27 08:44:01,477 | INFO     |   → 228/1304: ✅ 0 взято | 🗑️ 96 мусор
2026-06-27 08:44:01,477 | INFO     |   → 229/1304: ✅ 0 взято | 🗑️ 130 мусор
2026-06-27 08:44:01,477 | INFO     |   → 230/1304: ✅ 0 взято | 🗑️ 263 мусор
2026-06-27 08:44:01,478 | INFO     |   → 231/1304: ✅ 2 взято | 🗑️ 105 мусор
2026-06-27 08:44:01,478 | INFO     |   → 232/1304: ✅ 0 взято | 🗑️ 0 мусор
2026-06-27 08:44:01,478 | INFO     |   → 233/1304: ✅ 3 взято | 🗑️ 268 мусор
2026-06-27 08:44:01,478 | INFO     |   → 234/1304: ✅ 0 взято | 🗑️ 248 мусор
2026-06-27 08:44:01,478 | INFO     |   → 235/1304: ✅ 0 взято | 🗑️ 0 мусор
2026-06-27 08:44:01,478 | INFO     |   → 236/1304: ✅ 1 взято | 🗑️ 139 мусор
2026-06-27 08:44:01,478 | INFO     |   → 237/1304: ✅ 1 взято | 🗑️ 109 мусор
2026-06-27 08:44:01,478 | INFO     |   → 238/1304: ✅ 0 взято | 🗑️ 0 мусор
2026-06-27 08:44:01,478 | INFO     |   → 239/1304: ✅ 0 взято | 🗑️ 0 мусор
2026-06-27 08:44:01,478 | INFO     |   → 240/1304: ✅ 0 взято | 🗑️ 0 мусор
2026-06-27 08:44:01,478 | INFO     |   → 241/1304: ✅ 0 взято | 🗑️ 0 мусор
2026-06-27 08:44:01,478 | INFO     |   → 242/1304: ✅ 0 взято | 🗑️ 137 мусор
2026-06-27 08:44:01,478 | INFO     |   → 243/1304: ✅ 0 взято | 🗑️ 0 мусор
2026-06-27 08:44:01,478 | INFO     |   → 244/1304: ✅ 0 взято | 🗑️ 0 мусор
2026-06-27 08:44:01,478 | INFO     |   → 245/1304: ✅ 0 взято | 🗑️ 198 мусор
2026-06-27 08:44:01,478 | INFO     |   → 246/1304: ✅ 0 взято | 🗑️ 0 мусор
2026-06-27 08:44:01,478 | INFO     |   → 247/1304: ✅ 0 взято | 🗑️ 0 мусор
2026-06-27 08:44:01,478 | INFO     |   → 248/1304: ✅ 0 взято | 🗑️ 0 мусор
2026-06-27 08:44:01,478 | INFO     |   → 249/1304: ✅ 0 взято | 🗑️ 112 мусор
2026-06-27 08:44:01,478 | INFO     |   → 250/1304: ✅ 0 взято | 🗑️ 0 мусор
2026-06-27 08:44:01,478 | INFO     |   → 251/1304: ✅ 0 взято | 🗑️ 0 мусор
2026-06-27 08:44:01,478 | INFO     |   → 252/1304: ✅ 0 взято | 🗑️ 0 мусор
2026-06-27 08:44:01,478 | INFO     |   → 253/1304 ❌ HTTP 404 — https://github.com/Epodonios/bulk-xray-v2ray-vless-vmess-...-configs/raw/main/sub/Albania/config.txt
2026-06-27 08:44:01,479 | INFO     |   → 254/1304 ❌ HTTP 404 — https://github.com/Epodonios/bulk-xray-v2ray-vless-vmess-...-configs/raw/main/sub/Cura%C3%A7ao/config.txt
2026-06-27 08:44:01,479 | INFO     |   → 255/1304 ❌ HTTP 404 — https://github.com/Epodonios/bulk-xray-v2ray-vless-vmess-...-configs/raw/main/sub/Finland/config.txt
2026-06-27 08:44:01,479 | INFO     |   → 256/1304 ❌ HTTP 404 — https://github.com/Epodonios/bulk-xray-v2ray-vless-vmess-...-configs/raw/main/sub/Iran/config.txt
2026-06-27 08:44:01,479 | INFO     |   → 257/1304 ❌ HTTP 404 — https://github.com/Epodonios/bulk-xray-v2ray-vless-vmess-...-configs/raw/main/sub/Netherlands/config.txt
2026-06-27 08:44:01,479 | INFO     |   → 258/1304 ❌ HTTP 404 — https://github.com/Epodonios/bulk-xray-v2ray-vless-vmess-...-configs/raw/main/sub/Norway/config.txt
2026-06-27 08:44:01,479 | INFO     |   → 259/1304 ❌ HTTP 404 — https://github.com/Epodonios/bulk-xray-v2ray-vless-vmess-...-configs/raw/main/sub/Russia/config.txt
2026-06-27 08:44:01,479 | INFO     |   → 260/1304: ✅ 13 взято | 🗑️ 70 мусор
2026-06-27 08:44:01,479 | INFO     |   → 261/1304: ✅ 0 взято | 🗑️ 4 мусор
2026-06-27 08:44:01,479 | INFO     |   → 262/1304: ✅ 0 взято | 🗑️ 7 мусор
2026-06-27 08:44:01,479 | INFO     |   → 263/1304: ✅ 0 взято | 🗑️ 51 мусор
2026-06-27 08:44:01,479 | INFO     |   → 264/1304: ✅ 0 взято | 🗑️ 8 мусор
2026-06-27 08:44:01,479 | INFO     |   → 265/1304: ✅ 0 взято | 🗑️ 0 мусор
2026-06-27 08:44:01,479 | INFO     |   → 266/1304: ✅ 17 взято | 🗑️ 119 мусор
2026-06-27 08:44:01,479 | INFO     |   → 267/1304 ❌ HTTP 404 — https://github.com/MrMohebi/xray-proxy-grabber-telegram/raw/master/collected-proxies/clash-meta/all.yaml
2026-06-27 08:44:01,479 | INFO     |   → 268/1304 ❌ HTTP 404 — https://github.com/MrMohebi/xray-proxy-grabber-telegram/raw/master/collected-proxies/row-url/all.txt
2026-06-27 08:44:01,479 | INFO     |   → 269/1304: ✅ 0 взято | 🗑️ 0 мусор
2026-06-27 08:44:01,479 | INFO     |   → 270/1304: ✅ 0 взято | 🗑️ 113 мусор
2026-06-27 08:44:01,479 | INFO     |   → 271/1304: ✅ 0 взято | 🗑️ 119 мусор
2026-06-27 08:44:01,479 | INFO     |   → 272/1304 ❌ HTTP 404 — https://github.com/abbasdvd3/abbasdvd10/73ec60de7a6c6aa6df4c14b511c1da60686891ca/ppo.txt
2026-06-27 08:44:01,479 | INFO     |   → 273/1304 ❌ HTTP 404 — https://github.com/acymz/AutoVPN/refs/heads/main/data/V2.txt
2026-06-27 08:44:01,479 | INFO     |   → 274/1304: ✅ 0 взято | 🗑️ 0 мусор
2026-06-27 08:44:01,479 | INFO     |   → 275/1304: ✅ 0 взято | 🗑️ 0 мусор
2026-06-27 08:44:01,479 | INFO     |   → 276/1304: ✅ 0 взято | 🗑️ 0 мусор
2026-06-27 08:44:01,479 | INFO     |   → 277/1304: ✅ 0 взято | 🗑️ 0 мусор
2026-06-27 08:44:01,480 | INFO     |   → 278/1304: ✅ 0 взято | 🗑️ 0 мусор
2026-06-27 08:44:01,480 | INFO     |   → 279/1304: ✅ 0 взято | 🗑️ 0 мусор
2026-06-27 08:44:01,480 | INFO     |   → 280/1304: ✅ 0 взято | 🗑️ 0 мусор
2026-06-27 08:44:01,480 | INFO     |   → 281/1304 ❌ HTTP 404 — https://github.com/mermeroo/V2RAY-FREE/raw/main/All_Configs_base64_Sub.txt
2026-06-27 08:44:01,480 | INFO     |   → 282/1304 ❌ HTTP 404 — https://github.com/mermeroo/V2RAY-FREE/raw/main/Base64/Sub1_base64.txt
2026-06-27 08:44:01,480 | INFO     |   → 283/1304 ❌ HTTP 404 — https://github.com/mermeroo/V2RAY-FREE/raw/main/Base64/Sub2_base64.txt
2026-06-27 08:44:01,480 | INFO     |   → 284/1304 ❌ HTTP 404 — https://github.com/mermeroo/V2RAY-FREE/raw/main/Base64/Sub3_base64.txt
2026-06-27 08:44:01,480 | INFO     |   → 285/1304 ❌ HTTP 404 — https://github.com/mermeroo/V2RAY-FREE/raw/main/Base64/Sub4_base64.txt
2026-06-27 08:44:01,480 | INFO     |   → 286/1304 ❌ HTTP 404 — https://github.com/mermeroo/V2RAY-FREE/raw/main/Base64/Sub5_base64.txt
2026-06-27 08:44:01,480 | INFO     |   → 287/1304 ❌ HTTP 404 — https://github.com/mermeroo/telegram-configs-collector/raw/main/protocols/hysteria
2026-06-27 08:44:01,480 | INFO     |   → 288/1304 ❌ HTTP 404 — https://github.com/mermeroo/telegram-configs-collector/raw/main/protocols/juicity
2026-06-27 08:44:01,480 | INFO     |   → 289/1304 ❌ HTTP 404 — https://github.com/mermeroo/telegram-configs-collector/raw/main/protocols/tuic
2026-06-27 08:44:01,480 | INFO     |   → 290/1304: ✅ 5 взято | 🗑️ 16 мусор
2026-06-27 08:44:01,480 | INFO     |   → 291/1304: ✅ 0 взято | 🗑️ 0 мусор
2026-06-27 08:44:01,480 | INFO     |   → 292/1304: ✅ 0 взято | 🗑️ 0 мусор
2026-06-27 08:44:01,480 | INFO     |   → 293/1304: ✅ 0 взято | 🗑️ 0 мусор
2026-06-27 08:44:01,480 | INFO     |   → 294/1304: ✅ 10 взято | 🗑️ 238 мусор
2026-06-27 08:44:01,480 | INFO     |   → 295/1304: ✅ 0 взято | 🗑️ 0 мусор
2026-06-27 08:44:01,480 | INFO     |   → 296/1304: ✅ 5 взято | 🗑️ 239 мусор
2026-06-27 08:44:01,480 | INFO     |   → 297/1304: ✅ 0 взято | 🗑️ 0 мусор
2026-06-27 08:44:01,480 | INFO     |   → 298/1304: ✅ 0 взято | 🗑️ 255 мусор
2026-06-27 08:44:01,481 | INFO     |   → 299/1304: ✅ 0 взято | 🗑️ 0 мусор
2026-06-27 08:44:01,481 | INFO     |   → 300/1304: ✅ 1 взято | 🗑️ 249 мусор
2026-06-27 08:44:01,481 | INFO     |   → 301/1304: ✅ 0 взято | 🗑️ 0 мусор
2026-06-27 08:44:01,481 | INFO     |   → 302/1304: ✅ 0 взято | 🗑️ 207 мусор
2026-06-27 08:44:01,481 | INFO     |   → 303/1304: ✅ 0 взято | 🗑️ 0 мусор
2026-06-27 08:44:01,481 | INFO     |   → 304/1304: ✅ 0 взято | 🗑️ 228 мусор
2026-06-27 08:44:01,481 | INFO     |   → 305/1304: ✅ 0 взято | 🗑️ 0 мусор
2026-06-27 08:44:01,481 | INFO     |   → 306/1304: ✅ 1 взято | 🗑️ 291 мусор
2026-06-27 08:44:01,481 | INFO     |   → 307/1304: ✅ 0 взято | 🗑️ 0 мусор
2026-06-27 08:44:01,481 | INFO     |   → 308/1304: ✅ 3 взято | 🗑️ 221 мусор
2026-06-27 08:44:01,481 | INFO     |   → 309/1304: ✅ 0 взято | 🗑️ 0 мусор
2026-06-27 08:44:01,481 | INFO     |   → 310/1304: ✅ 1 взято | 🗑️ 222 мусор
2026-06-27 08:44:01,481 | INFO     |   → 311/1304: ✅ 0 взято | 🗑️ 0 мусор
2026-06-27 08:44:01,481 | INFO     |   → 312/1304: ✅ 1 взято | 🗑️ 218 мусор
2026-06-27 08:44:01,481 | INFO     |   → 313/1304: ✅ 0 взято | 🗑️ 0 мусор
2026-06-27 08:44:01,481 | INFO     |   → 314/1304: ✅ 0 взято | 🗑️ 193 мусор
2026-06-27 08:44:01,481 | INFO     |   → 315/1304: ✅ 0 взято | 🗑️ 0 мусор
2026-06-27 08:44:01,481 | INFO     |   → 316/1304: ✅ 0 взято | 🗑️ 290 мусор
2026-06-27 08:44:01,481 | INFO     |   → 317/1304: ✅ 0 взято | 🗑️ 0 мусор
2026-06-27 08:44:01,481 | INFO     |   → 318/1304: ✅ 0 взято | 🗑️ 238 мусор
2026-06-27 08:44:01,481 | INFO     |   → 319/1304: ✅ 0 взято | 🗑️ 0 мусор
2026-06-27 08:44:01,481 | INFO     |   → 320/1304: ✅ 1 взято | 🗑️ 221 мусор
2026-06-27 08:44:01,482 | INFO     |   → 321/1304: ✅ 0 взято | 🗑️ 0 мусор
2026-06-27 08:44:01,482 | INFO     |   → 322/1304: ✅ 0 взято | 🗑️ 248 мусор
2026-06-27 08:44:01,482 | INFO     |   → 323/1304: ✅ 0 взято | 🗑️ 0 мусор
2026-06-27 08:44:01,482 | INFO     |   → 324/1304: ✅ 0 взято | 🗑️ 203 мусор
2026-06-27 08:44:01,482 | INFO     |   → 325/1304: ✅ 0 взято | 🗑️ 0 мусор
2026-06-27 08:44:01,482 | INFO     |   → 326/1304: ✅ 0 взято | 🗑️ 208 мусор
2026-06-27 08:44:01,482 | INFO     |   → 327/1304: ✅ 0 взято | 🗑️ 0 мусор
2026-06-27 08:44:01,482 | INFO     |   → 328/1304: ✅ 2 взято | 🗑️ 209 мусор
2026-06-27 08:44:01,482 | INFO     |   → 329/1304: ✅ 0 взято | 🗑️ 0 мусор
2026-06-27 08:44:01,482 | INFO     |   → 330/1304: ✅ 0 взято | 🗑️ 258 мусор
2026-06-27 08:44:01,482 | INFO     |   → 331/1304: ✅ 0 взято | 🗑️ 0 мусор
2026-06-27 08:44:01,482 | INFO     |   → 332/1304: ✅ 0 взято | 🗑️ 296 мусор
2026-06-27 08:44:01,482 | INFO     |   → 333/1304: ✅ 0 взято | 🗑️ 0 мусор
2026-06-27 08:44:01,482 | INFO     |   → 334/1304: ✅ 1 взято | 🗑️ 286 мусор
2026-06-27 08:44:01,482 | INFO     |   → 335/1304: ✅ 0 взято | 🗑️ 0 мусор
2026-06-27 08:44:01,482 | INFO     |   → 336/1304: ✅ 0 взято | 🗑️ 195 мусор
2026-06-27 08:44:01,482 | INFO     |   → 337/1304: ✅ 0 взято | 🗑️ 0 мусор
2026-06-27 08:44:01,482 | INFO     |   → 338/1304: ✅ 0 взято | 🗑️ 170 мусор
2026-06-27 08:44:01,482 | INFO     |   → 339/1304: ✅ 0 взято | 🗑️ 0 мусор
2026-06-27 08:44:01,482 | INFO     |   → 340/1304: ✅ 0 взято | 🗑️ 160 мусор
2026-06-27 08:44:01,482 | INFO     |   → 341/1304: ✅ 0 взято | 🗑️ 0 мусор
2026-06-27 08:44:01,482 | INFO     |   → 342/1304: ✅ 0 взято | 🗑️ 121 мусор
2026-06-27 08:44:01,483 | INFO     |   → 343/1304: ✅ 0 взято | 🗑️ 0 мусор
2026-06-27 08:44:01,483 | INFO     |   → 344/1304: ✅ 0 взято | 🗑️ 135 мусор
2026-06-27 08:44:01,483 | INFO     |   → 345/1304: ✅ 0 взято | 🗑️ 0 мусор
2026-06-27 08:44:01,483 | INFO     |   → 346/1304: ✅ 1 взято | 🗑️ 129 мусор
2026-06-27 08:44:01,483 | INFO     |   → 347/1304: ✅ 0 взято | 🗑️ 0 мусор
2026-06-27 08:44:01,483 | INFO     |   → 348/1304: ✅ 0 взято | 🗑️ 189 мусор
2026-06-27 08:44:01,483 | INFO     |   → 349/1304: ✅ 0 взято | 🗑️ 0 мусор
2026-06-27 08:44:01,483 | INFO     |   → 350/1304: ✅ 3 взято | 🗑️ 147 мусор
2026-06-27 08:44:01,483 | INFO     |   → 351/1304: ✅ 0 взято | 🗑️ 0 мусор
2026-06-27 08:44:01,483 | INFO     |   → 352/1304: ✅ 1 взято | 🗑️ 183 мусор
2026-06-27 08:44:01,483 | INFO     |   → 353/1304: ✅ 0 взято | 🗑️ 0 мусор
2026-06-27 08:44:01,483 | INFO     |   → 354/1304: ✅ 0 взято | 🗑️ 155 мусор
2026-06-27 08:44:01,483 | INFO     |   → 355/1304: ✅ 0 взято | 🗑️ 0 мусор
2026-06-27 08:44:01,483 | INFO     |   → 356/1304: ✅ 0 взято | 🗑️ 114 мусор
2026-06-27 08:44:01,483 | INFO     |   → 357/1304: ✅ 0 взято | 🗑️ 0 мусор
2026-06-27 08:44:01,483 | INFO     |   → 358/1304: ✅ 0 взято | 🗑️ 239 мусор
2026-06-27 08:44:01,483 | INFO     |   → 359/1304: ✅ 0 взято | 🗑️ 0 мусор
2026-06-27 08:44:01,483 | INFO     |   → 360/1304: ✅ 0 взято | 🗑️ 204 мусор
2026-06-27 08:44:01,483 | INFO     |   → 361/1304: ✅ 0 взято | 🗑️ 0 мусор
2026-06-27 08:44:01,483 | INFO     |   → 362/1304: ✅ 0 взято | 🗑️ 232 мусор
2026-06-27 08:44:01,483 | INFO     |   → 363/1304: ✅ 0 взято | 🗑️ 0 мусор
2026-06-27 08:44:01,483 | INFO     |   → 364/1304: ✅ 0 взято | 🗑️ 192 мусор
2026-06-27 08:44:01,484 | INFO     |   → 365/1304: ✅ 0 взято | 🗑️ 0 мусор
2026-06-27 08:44:01,484 | INFO     |   → 366/1304: ✅ 0 взято | 🗑️ 183 мусор
2026-06-27 08:44:01,484 | INFO     |   → 367/1304: ✅ 0 взято | 🗑️ 0 мусор
2026-06-27 08:44:01,484 | INFO     |   → 368/1304: ✅ 0 взято | 🗑️ 169 мусор
2026-06-27 08:44:01,484 | INFO     |   → 369/1304: ✅ 0 взято | 🗑️ 0 мусор
2026-06-27 08:44:01,484 | INFO     |   → 370/1304: ✅ 0 взято | 🗑️ 167 мусор
2026-06-27 08:44:01,484 | INFO     |   → 371/1304: ✅ 0 взято | 🗑️ 0 мусор
2026-06-27 08:44:01,484 | INFO     |   → 372/1304: ✅ 0 взято | 🗑️ 193 мусор
2026-06-27 08:44:01,484 | INFO     |   → 373/1304: ✅ 0 взято | 🗑️ 0 мусор
2026-06-27 08:44:01,484 | INFO     |   → 374/1304: ✅ 1 взято | 🗑️ 161 мусор
2026-06-27 08:44:01,484 | INFO     |   → 375/1304: ✅ 0 взято | 🗑️ 0 мусор
2026-06-27 08:44:01,484 | INFO     |   → 376/1304: ✅ 0 взято | 🗑️ 171 мусор
2026-06-27 08:44:01,484 | INFO     |   → 377/1304: ✅ 0 взято | 🗑️ 0 мусор
2026-06-27 08:44:01,484 | INFO     |   → 378/1304: ✅ 0 взято | 🗑️ 174 мусор
2026-06-27 08:44:01,484 | INFO     |   → 379/1304: ✅ 0 взято | 🗑️ 0 мусор
2026-06-27 08:44:01,484 | INFO     |   → 380/1304: ✅ 0 взято | 🗑️ 206 мусор
2026-06-27 08:44:01,484 | INFO     |   → 381/1304: ✅ 0 взято | 🗑️ 0 мусор
2026-06-27 08:44:01,484 | INFO     |   → 382/1304: ✅ 0 взято | 🗑️ 170 мусор
2026-06-27 08:44:01,484 | INFO     |   → 383/1304: ✅ 0 взято | 🗑️ 0 мусор
2026-06-27 08:44:01,484 | INFO     |   → 384/1304: ✅ 1 взято | 🗑️ 196 мусор
2026-06-27 08:44:01,484 | INFO     |   → 385/1304: ✅ 0 взято | 🗑️ 0 мусор
2026-06-27 08:44:01,484 | INFO     |   → 386/1304: ✅ 0 взято | 🗑️ 208 мусор
2026-06-27 08:44:01,484 | INFO     |   → 387/1304: ✅ 0 взято | 🗑️ 0 мусор
2026-06-27 08:44:01,484 | INFO     |   → 388/1304: ✅ 0 взято | 🗑️ 162 мусор
2026-06-27 08:44:01,484 | INFO     |   → 389/1304: ✅ 0 взято | 🗑️ 0 мусор
2026-06-27 08:44:01,485 | INFO     |   → 390/1304: ✅ 0 взято | 🗑️ 116 мусор
2026-06-27 08:44:01,485 | INFO     |   → 391/1304: ✅ 0 взято | 🗑️ 0 мусор
2026-06-27 08:44:01,485 | INFO     |   → 392/1304: ✅ 0 взято | 🗑️ 132 мусор
2026-06-27 08:44:01,485 | INFO     |   → 393/1304: ✅ 0 взято | 🗑️ 0 мусор
2026-06-27 08:44:01,485 | INFO     |   → 394/1304: ✅ 0 взято | 🗑️ 132 мусор
2026-06-27 08:44:01,485 | INFO     |   → 395/1304: ✅ 0 взято | 🗑️ 0 мусор
2026-06-27 08:44:01,485 | INFO     |   → 396/1304: ✅ 1 взято | 🗑️ 113 мусор
2026-06-27 08:44:01,485 | INFO     |   → 397/1304: ✅ 0 взято | 🗑️ 0 мусор
2026-06-27 08:44:01,485 | INFO     |   → 398/1304: ✅ 0 взято | 🗑️ 103 мусор
2026-06-27 08:44:01,485 | INFO     |   → 399/1304: ✅ 0 взято | 🗑️ 0 мусор
2026-06-27 08:44:01,485 | INFO     |   → 400/1304: ✅ 3 взято | 🗑️ 213 мусор
2026-06-27 08:44:01,485 | INFO     |   → 401/1304: ✅ 0 взято | 🗑️ 0 мусор
2026-06-27 08:44:01,485 | INFO     |   → 402/1304: ✅ 1 взято | 🗑️ 130 мусор
2026-06-27 08:44:01,485 | INFO     |   → 403/1304: ✅ 0 взято | 🗑️ 0 мусор
2026-06-27 08:44:01,485 | INFO     |   → 404/1304: ✅ 0 взято | 🗑️ 135 мусор
2026-06-27 08:44:01,485 | INFO     |   → 405/1304: ✅ 0 взято | 🗑️ 0 мусор
2026-06-27 08:44:01,485 | INFO     |   → 406/1304: ✅ 0 взято | 🗑️ 145 мусор
2026-06-27 08:44:01,485 | INFO     |   → 407/1304: ✅ 0 взято | 🗑️ 0 мусор
2026-06-27 08:44:01,485 | INFO     |   → 408/1304: ✅ 0 взято | 🗑️ 157 мусор
2026-06-27 08:44:01,485 | INFO     |   → 409/1304: ✅ 0 взято | 🗑️ 0 мусор
2026-06-27 08:44:01,485 | INFO     |   → 410/1304: ✅ 0 взято | 🗑️ 131 мусор
2026-06-27 08:44:01,485 | INFO     |   → 411/1304: ✅ 0 взято | 🗑️ 0 мусор
2026-06-27 08:44:01,485 | INFO     |   → 412/1304: ✅ 1 взято | 🗑️ 124 мусор
2026-06-27 08:44:01,486 | INFO     |   → 413/1304: ✅ 0 взято | 🗑️ 0 мусор
2026-06-27 08:44:01,486 | INFO     |   → 414/1304: ✅ 2 взято | 🗑️ 189 мусор
2026-06-27 08:44:01,486 | INFO     |   → 415/1304: ✅ 0 взято | 🗑️ 0 мусор
2026-06-27 08:44:01,486 | INFO     |   → 416/1304: ✅ 1 взято | 🗑️ 279 мусор
2026-06-27 08:44:01,486 | INFO     |   → 417/1304: ✅ 0 взято | 🗑️ 0 мусор
2026-06-27 08:44:01,486 | INFO     |   → 418/1304: ✅ 0 взято | 🗑️ 270 мусор
2026-06-27 08:44:01,486 | INFO     |   → 419/1304: ✅ 0 взято | 🗑️ 0 мусор
2026-06-27 08:44:01,486 | INFO     |   → 420/1304: ✅ 0 взято | 🗑️ 161 мусор
2026-06-27 08:44:01,486 | INFO     |   → 421/1304: ✅ 0 взято | 🗑️ 0 мусор
2026-06-27 08:44:01,486 | INFO     |   → 422/1304: ✅ 3 взято | 🗑️ 117 мусор
2026-06-27 08:44:01,486 | INFO     |   → 423/1304: ✅ 0 взято | 🗑️ 0 мусор
2026-06-27 08:44:01,486 | INFO     |   → 424/1304: ✅ 0 взято | 🗑️ 100 мусор
2026-06-27 08:44:01,486 | INFO     |   → 425/1304: ✅ 0 взято | 🗑️ 0 мусор
2026-06-27 08:44:01,486 | INFO     |   → 426/1304: ✅ 1 взято | 🗑️ 171 мусор
2026-06-27 08:44:01,486 | INFO     |   → 427/1304: ✅ 0 взято | 🗑️ 0 мусор
2026-06-27 08:44:01,486 | INFO     |   → 428/1304: ✅ 0 взято | 🗑️ 202 мусор
2026-06-27 08:44:01,486 | INFO     |   → 429/1304: ✅ 0 взято | 🗑️ 0 мусор
2026-06-27 08:44:01,486 | INFO     |   → 430/1304: ✅ 0 взято | 🗑️ 138 мусор
2026-06-27 08:44:01,486 | INFO     |   → 431/1304: ✅ 0 взято | 🗑️ 0 мусор
2026-06-27 08:44:01,487 | INFO     |   → 432/1304: ✅ 0 взято | 🗑️ 236 мусор
2026-06-27 08:44:01,487 | INFO     |   → 433/1304: ✅ 0 взято | 🗑️ 0 мусор
2026-06-27 08:44:01,487 | INFO     |   → 434/1304: ✅ 0 взято | 🗑️ 192 мусор
2026-06-27 08:44:01,487 | INFO     |   → 435/1304: ✅ 0 взято | 🗑️ 0 мусор
2026-06-27 08:44:01,487 | INFO     |   → 436/1304: ✅ 1 взято | 🗑️ 174 мусор
2026-06-27 08:44:01,487 | INFO     |   → 437/1304: ✅ 0 взято | 🗑️ 0 мусор
2026-06-27 08:44:01,487 | INFO     |   → 438/1304: ✅ 0 взято | 🗑️ 149 мусор
2026-06-27 08:44:01,487 | INFO     |   → 439/1304: ✅ 0 взято | 🗑️ 0 мусор
2026-06-27 08:44:01,487 | INFO     |   → 440/1304: ✅ 0 взято | 🗑️ 147 мусор
2026-06-27 08:44:01,487 | INFO     |   → 441/1304: ✅ 0 взято | 🗑️ 0 мусор
2026-06-27 08:44:01,487 | INFO     |   → 442/1304: ✅ 2 взято | 🗑️ 196 мусор
2026-06-27 08:44:01,487 | INFO     |   → 443/1304: ✅ 0 взято | 🗑️ 0 мусор
2026-06-27 08:44:01,487 | INFO     |   → 444/1304: ✅ 2 взято | 🗑️ 277 мусор
2026-06-27 08:44:01,487 | INFO     |   → 445/1304: ✅ 0 взято | 🗑️ 0 мусор
2026-06-27 08:44:01,487 | INFO     |   → 446/1304: ✅ 0 взято | 🗑️ 211 мусор
2026-06-27 08:44:01,487 | INFO     |   → 447/1304: ✅ 0 взято | 🗑️ 0 мусор
2026-06-27 08:44:01,487 | INFO     |   → 448/1304: ✅ 1 взято | 🗑️ 229 мусор
2026-06-27 08:44:01,487 | INFO     |   → 449/1304: ✅ 0 взято | 🗑️ 0 мусор
2026-06-27 08:44:01,487 | INFO     |   → 450/1304: ✅ 1 взято | 🗑️ 131 мусор
2026-06-27 08:44:01,487 | INFO     |   → 451/1304: ✅ 0 взято | 🗑️ 0 мусор
2026-06-27 08:44:01,487 | INFO     |   → 452/1304: ✅ 3 взято | 🗑️ 257 мусор
2026-06-27 08:44:01,487 | INFO     |   → 453/1304: ✅ 0 взято | 🗑️ 0 мусор
2026-06-27 08:44:01,487 | INFO     |   → 454/1304 ⚠️ Ошибка: HTTPSConnectionPool(host='ivuxy.tech', port=443): Max retries exceeded with url: /v.txt (Caused by NameResolutionError("HTTPSConnection(host='ivuxy.tech', port=443): Failed to resolve 'ivuxy.tech' ([Errno -2] Name or service not known)")) — https://ivuxy.tech/v.txt
2026-06-27 08:44:01,487 | INFO     |   → 455/1304 ⚠️ Ошибка: HTTPSConnectionPool(host='mirror.ghproxy.com', port=443): Max retries exceeded with url: /https://raw.githubusercontent.com/Barabama/FreeNodes/master/nodes/blues.txt (Caused by NameResolutionError("HTTPSConnection(host='mirror.ghproxy.com', port=443): Failed to resolve 'mirror.ghproxy.com' ([Errno -2] Name or service not known)")) — https://mirror.ghproxy.com/https://raw.githubusercontent.com/Barabama/FreeNodes/master/nodes/blues.txt
2026-06-27 08:44:01,487 | INFO     |   → 456/1304 ⚠️ Ошибка: HTTPSConnectionPool(host='mirror.ghproxy.com', port=443): Max retries exceeded with url: /https://raw.githubusercontent.com/Barabama/FreeNodes/master/nodes/halekj.txt (Caused by NameResolutionError("HTTPSConnection(host='mirror.ghproxy.com', port=443): Failed to resolve 'mirror.ghproxy.com' ([Errno -2] Name or service not known)")) — https://mirror.ghproxy.com/https://raw.githubusercontent.com/Barabama/FreeNodes/master/nodes/halekj.txt
2026-06-27 08:44:01,488 | INFO     |   → 457/1304 ⚠️ Ошибка: HTTPSConnectionPool(host='mirror.ghproxy.com', port=443): Max retries exceeded with url: /https://raw.githubusercontent.com/Barabama/FreeNodes/master/nodes/kkzui.txt (Caused by NameResolutionError("HTTPSConnection(host='mirror.ghproxy.com', port=443): Failed to resolve 'mirror.ghproxy.com' ([Errno -2] Name or service not known)")) — https://mirror.ghproxy.com/https://raw.githubusercontent.com/Barabama/FreeNodes/master/nodes/kkzui.txt
2026-06-27 08:44:01,488 | INFO     |   → 458/1304 ⚠️ Ошибка: HTTPSConnectionPool(host='mirror.ghproxy.com', port=443): Max retries exceeded with url: /https://raw.githubusercontent.com/Barabama/FreeNodes/master/nodes/merged.txt (Caused by NameResolutionError("HTTPSConnection(host='mirror.ghproxy.com', port=443): Failed to resolve 'mirror.ghproxy.com' ([Errno -2] Name or service not known)")) — https://mirror.ghproxy.com/https://raw.githubusercontent.com/Barabama/FreeNodes/master/nodes/merged.txt
2026-06-27 08:44:01,488 | INFO     |   → 459/1304 ⚠️ Ошибка: HTTPSConnectionPool(host='mirror.ghproxy.com', port=443): Max retries exceeded with url: /https://raw.githubusercontent.com/Barabama/FreeNodes/master/nodes/nodefree.txt (Caused by NameResolutionError("HTTPSConnection(host='mirror.ghproxy.com', port=443): Failed to resolve 'mirror.ghproxy.com' ([Errno -2] Name or service not known)")) — https://mirror.ghproxy.com/https://raw.githubusercontent.com/Barabama/FreeNodes/master/nodes/nodefree.txt
2026-06-27 08:44:01,488 | INFO     |   → 460/1304 ⚠️ Ошибка: HTTPSConnectionPool(host='mirror.ghproxy.com', port=443): Max retries exceeded with url: /https://raw.githubusercontent.com/Barabama/FreeNodes/master/nodes/openrunner.txt (Caused by NameResolutionError("HTTPSConnection(host='mirror.ghproxy.com', port=443): Failed to resolve 'mirror.ghproxy.com' ([Errno -2] Name or service not known)")) — https://mirror.ghproxy.com/https://raw.githubusercontent.com/Barabama/FreeNodes/master/nodes/openrunner.txt
2026-06-27 08:44:01,488 | INFO     |   → 461/1304 ⚠️ Ошибка: HTTPSConnectionPool(host='mirror.ghproxy.com', port=443): Max retries exceeded with url: /https://raw.githubusercontent.com/Barabama/FreeNodes/master/nodes/v2rayshare.txt (Caused by NameResolutionError("HTTPSConnection(host='mirror.ghproxy.com', port=443): Failed to resolve 'mirror.ghproxy.com' ([Errno -2] Name or service not known)")) — https://mirror.ghproxy.com/https://raw.githubusercontent.com/Barabama/FreeNodes/master/nodes/v2rayshare.txt
2026-06-27 08:44:01,488 | INFO     |   → 462/1304 ⚠️ Ошибка: HTTPSConnectionPool(host='mirror.ghproxy.com', port=443): Max retries exceeded with url: /https://raw.githubusercontent.com/Barabama/FreeNodes/master/nodes/wenode.txt (Caused by NameResolutionError("HTTPSConnection(host='mirror.ghproxy.com', port=443): Failed to resolve 'mirror.ghproxy.com' ([Errno -2] Name or service not known)")) — https://mirror.ghproxy.com/https://raw.githubusercontent.com/Barabama/FreeNodes/master/nodes/wenode.txt
2026-06-27 08:44:01,488 | INFO     |   → 463/1304 ⚠️ Ошибка: HTTPSConnectionPool(host='mirror.ghproxy.com', port=443): Max retries exceeded with url: /https://raw.githubusercontent.com/Barabama/FreeNodes/master/nodes/yudou66.txt (Caused by NameResolutionError("HTTPSConnection(host='mirror.ghproxy.com', port=443): Failed to resolve 'mirror.ghproxy.com' ([Errno -2] Name or service not known)")) — https://mirror.ghproxy.com/https://raw.githubusercontent.com/Barabama/FreeNodes/master/nodes/yudou66.txt
2026-06-27 08:44:01,488 | INFO     |   → 464/1304: ✅ 7 взято | 🗑️ 17 мусор
2026-06-27 08:44:01,488 | INFO     |   → 465/1304: ✅ 0 взято | 🗑️ 17 мусор
2026-06-27 08:44:01,488 | INFO     |   → 466/1304: ✅ 14 взято | 🗑️ 14 мусор
2026-06-27 08:44:01,488 | INFO     |   → 467/1304: ✅ 0 взято | 🗑️ 14 мусор
2026-06-27 08:44:01,488 | INFO     |   → 468/1304: ✅ 0 взято | 🗑️ 14 мусор
2026-06-27 08:44:01,488 | INFO     |   → 469/1304: ✅ 0 взято | 🗑️ 14 мусор
2026-06-27 08:44:01,488 | INFO     |   → 470/1304: ✅ 0 взято | 🗑️ 14 мусор
2026-06-27 08:44:01,488 | INFO     |   → 471/1304: ✅ 0 взято | 🗑️ 14 мусор
2026-06-27 08:44:01,488 | INFO     |   → 472/1304: ✅ 0 взято | 🗑️ 14 мусор
2026-06-27 08:44:01,488 | INFO     |   → 473/1304: ✅ 0 взято | 🗑️ 14 мусор
2026-06-27 08:44:01,488 | INFO     |   → 474/1304: ✅ 0 взято | 🗑️ 14 мусор
2026-06-27 08:44:01,488 | INFO     |   → 475/1304: ✅ 7 взято | 🗑️ 21 мусор
2026-06-27 08:44:01,488 | INFO     |   → 476/1304: ✅ 0 взято | 🗑️ 21 мусор
2026-06-27 08:44:01,488 | INFO     |   → 477/1304: ✅ 0 взято | 🗑️ 21 мусор
2026-06-27 08:44:01,488 | INFO     |   → 478/1304: ✅ 0 взято | 🗑️ 21 мусор
2026-06-27 08:44:01,488 | INFO     |   → 479/1304: ✅ 0 взято | 🗑️ 21 мусор
2026-06-27 08:44:01,489 | INFO     |   → 480/1304: ✅ 0 взято | 🗑️ 21 мусор
2026-06-27 08:44:01,489 | INFO     |   → 481/1304: ✅ 0 взято | 🗑️ 21 мусор
2026-06-27 08:44:01,489 | INFO     |   → 482/1304: ✅ 0 взято | 🗑️ 21 мусор
2026-06-27 08:44:01,489 | INFO     |   → 483/1304: ✅ 0 взято | 🗑️ 21 мусор
2026-06-27 08:44:01,489 | INFO     |   → 484/1304: ✅ 0 взято | 🗑️ 21 мусор
2026-06-27 08:44:01,489 | INFO     |   → 485/1304: ✅ 0 взято | 🗑️ 21 мусор
2026-06-27 08:44:01,489 | INFO     |   → 486/1304: ✅ 5 взято | 🗑️ 15 мусор
2026-06-27 08:44:01,489 | INFO     |   → 487/1304: ✅ 0 взято | 🗑️ 15 мусор
2026-06-27 08:44:01,489 | INFO     |   → 488/1304: ✅ 0 взято | 🗑️ 15 мусор
2026-06-27 08:44:01,489 | INFO     |   → 489/1304: ✅ 0 взято | 🗑️ 15 мусор
2026-06-27 08:44:01,489 | INFO     |   → 490/1304: ✅ 0 взято | 🗑️ 15 мусор
2026-06-27 08:44:01,489 | INFO     |   → 491/1304: ✅ 0 взято | 🗑️ 15 мусор
2026-06-27 08:44:01,489 | INFO     |   → 492/1304: ✅ 0 взято | 🗑️ 15 мусор
2026-06-27 08:44:01,489 | INFO     |   → 493/1304: ✅ 0 взято | 🗑️ 15 мусор
2026-06-27 08:44:01,489 | INFO     |   → 494/1304: ✅ 0 взято | 🗑️ 15 мусор
2026-06-27 08:44:01,489 | INFO     |   → 495/1304: ✅ 0 взято | 🗑️ 14 мусор
2026-06-27 08:44:01,489 | INFO     |   → 496/1304: ✅ 0 взято | 🗑️ 14 мусор
2026-06-27 08:44:01,489 | INFO     |   → 497/1304: ✅ 0 взято | 🗑️ 14 мусор
2026-06-27 08:44:01,489 | INFO     |   → 498/1304: ✅ 0 взято | 🗑️ 14 мусор
2026-06-27 08:44:01,489 | INFO     |   → 499/1304: ✅ 6 взято | 🗑️ 17 мусор
2026-06-27 08:44:01,489 | INFO     |   → 500/1304: ✅ 0 взято | 🗑️ 17 мусор
2026-06-27 08:44:01,490 | INFO     |   → 501/1304: ✅ 0 взято | 🗑️ 17 мусор
2026-06-27 08:44:01,490 | INFO     |   → 502/1304: ✅ 0 взято | 🗑️ 17 мусор
2026-06-27 08:44:01,490 | INFO     |   → 503/1304: ✅ 0 взято | 🗑️ 17 мусор
2026-06-27 08:44:01,490 | INFO     |   → 504/1304: ✅ 0 взято | 🗑️ 17 мусор
2026-06-27 08:44:01,490 | INFO     |   → 505/1304: ✅ 6 взято | 🗑️ 24 мусор
2026-06-27 08:44:01,490 | INFO     |   → 506/1304: ✅ 0 взято | 🗑️ 24 мусор
2026-06-27 08:44:01,490 | INFO     |   → 507/1304: ✅ 0 взято | 🗑️ 24 мусор
2026-06-27 08:44:01,490 | INFO     |   → 508/1304: ✅ 0 взято | 🗑️ 24 мусор
2026-06-27 08:44:01,490 | INFO     |   → 509/1304: ✅ 0 взято | 🗑️ 24 мусор
2026-06-27 08:44:01,490 | INFO     |   → 510/1304: ✅ 0 взято | 🗑️ 24 мусор
2026-06-27 08:44:01,490 | INFO     |   → 511/1304: ✅ 0 взято | 🗑️ 24 мусор
2026-06-27 08:44:01,490 | INFO     |   → 512/1304: ✅ 0 взято | 🗑️ 24 мусор
2026-06-27 08:44:01,490 | INFO     |   → 513/1304: ✅ 0 взято | 🗑️ 24 мусор
2026-06-27 08:44:01,490 | INFO     |   → 514/1304: ✅ 0 взято | 🗑️ 24 мусор
2026-06-27 08:44:01,490 | INFO     |   → 515/1304: ✅ 0 взято | 🗑️ 24 мусор
2026-06-27 08:44:01,490 | INFO     |   → 516/1304: ✅ 13 взято | 🗑️ 7 мусор
2026-06-27 08:44:01,490 | INFO     |   → 517/1304: ✅ 0 взято | 🗑️ 7 мусор
2026-06-27 08:44:01,490 | INFO     |   → 518/1304: ✅ 0 взято | 🗑️ 7 мусор
2026-06-27 08:44:01,490 | INFO     |   → 519/1304: ✅ 0 взято | 🗑️ 7 мусор
2026-06-27 08:44:01,490 | INFO     |   → 520/1304: ✅ 0 взято | 🗑️ 7 мусор
2026-06-27 08:44:01,490 | INFO     |   → 521/1304: ✅ 0 взято | 🗑️ 7 мусор
2026-06-27 08:44:01,490 | INFO     |   → 522/1304: ✅ 0 взято | 🗑️ 7 мусор
2026-06-27 08:44:01,490 | INFO     |   → 523/1304: ✅ 0 взято | 🗑️ 7 мусор
2026-06-27 08:44:01,491 | INFO     |   → 524/1304: ✅ 0 взято | 🗑️ 7 мусор
2026-06-27 08:44:01,491 | INFO     |   → 525/1304: ✅ 0 взято | 🗑️ 7 мусор
2026-06-27 08:44:01,491 | INFO     |   → 526/1304: ✅ 5 взято | 🗑️ 9 мусор
2026-06-27 08:44:01,491 | INFO     |   → 527/1304: ✅ 0 взято | 🗑️ 9 мусор
2026-06-27 08:44:01,491 | INFO     |   → 528/1304: ✅ 0 взято | 🗑️ 9 мусор
2026-06-27 08:44:01,491 | INFO     |   → 529/1304: ✅ 0 взято | 🗑️ 9 мусор
2026-06-27 08:44:01,491 | INFO     |   → 530/1304: ✅ 0 взято | 🗑️ 9 мусор
2026-06-27 08:44:01,491 | INFO     |   → 531/1304: ✅ 0 взято | 🗑️ 9 мусор
2026-06-27 08:44:01,491 | INFO     |   → 532/1304: ✅ 0 взято | 🗑️ 9 мусор
2026-06-27 08:44:01,491 | INFO     |   → 533/1304: ✅ 0 взято | 🗑️ 9 мусор
2026-06-27 08:44:01,491 | INFO     |   → 534/1304: ✅ 0 взято | 🗑️ 9 мусор
2026-06-27 08:44:01,491 | INFO     |   → 535/1304: ✅ 0 взято | 🗑️ 9 мусор
2026-06-27 08:44:01,491 | INFO     |   → 536/1304: ✅ 13 взято | 🗑️ 10 мусор
2026-06-27 08:44:01,491 | INFO     |   → 537/1304: ✅ 0 взято | 🗑️ 10 мусор
2026-06-27 08:44:01,491 | INFO     |   → 538/1304: ✅ 0 взято | 🗑️ 10 мусор
2026-06-27 08:44:01,491 | INFO     |   → 539/1304: ✅ 0 взято | 🗑️ 10 мусор
2026-06-27 08:44:01,491 | INFO     |   → 540/1304: ✅ 0 взято | 🗑️ 10 мусор
2026-06-27 08:44:01,491 | INFO     |   → 541/1304: ✅ 0 взято | 🗑️ 10 мусор
2026-06-27 08:44:01,491 | INFO     |   → 542/1304: ✅ 0 взято | 🗑️ 10 мусор
2026-06-27 08:44:01,491 | INFO     |   → 543/1304 ⚠️ Ошибка: HTTPSConnectionPool(host='nodefree.githubrowcontent.com', port=443): Max retries exceeded with url: /2024/07/20240705.yaml (Caused by NameResolutionError("HTTPSConnection(host='nodefree.githubrowcontent.com', port=443): Failed to resolve 'nodefree.githubrowcontent.com' ([Errno -2] Name or service not known)")) — https://nodefree.org/dy/2023/08/20230806.yaml
2026-06-27 08:44:01,491 | INFO     |   → 544/1304 ⚠️ Ошибка: HTTPSConnectionPool(host='nodefree.githubrowcontent.com', port=443): Max retries exceeded with url: /2024/07/20240705.txt (Caused by NameResolutionError("HTTPSConnection(host='nodefree.githubrowcontent.com', port=443): Failed to resolve 'nodefree.githubrowcontent.com' ([Errno -2] Name or service not known)")) — https://nodefree.org/dy/2023/12/20231221.txt
2026-06-27 08:44:01,491 | INFO     |   → 545/1304: ✅ 0 взято | 🗑️ 17 мусор
2026-06-27 08:44:01,492 | INFO     |   → 546/1304: ✅ 0 взято | 🗑️ 17 мусор
2026-06-27 08:44:01,492 | INFO     |   → 547/1304: ✅ 0 взято | 🗑️ 14 мусор
2026-06-27 08:44:01,492 | INFO     |   → 548/1304: ✅ 0 взято | 🗑️ 14 мусор
2026-06-27 08:44:01,492 | INFO     |   → 549/1304: ✅ 0 взято | 🗑️ 14 мусор
2026-06-27 08:44:01,492 | INFO     |   → 550/1304: ✅ 0 взято | 🗑️ 14 мусор
2026-06-27 08:44:01,492 | INFO     |   → 551/1304: ✅ 0 взято | 🗑️ 14 мусор
2026-06-27 08:44:01,492 | INFO     |   → 552/1304: ✅ 0 взято | 🗑️ 14 мусор
2026-06-27 08:44:01,492 | INFO     |   → 553/1304: ✅ 0 взято | 🗑️ 14 мусор
2026-06-27 08:44:01,492 | INFO     |   → 554/1304: ✅ 0 взято | 🗑️ 14 мусор
2026-06-27 08:44:01,492 | INFO     |   → 555/1304: ✅ 0 взято | 🗑️ 14 мусор
2026-06-27 08:44:01,492 | INFO     |   → 556/1304: ✅ 0 взято | 🗑️ 21 мусор
2026-06-27 08:44:01,492 | INFO     |   → 557/1304: ✅ 0 взято | 🗑️ 21 мусор
2026-06-27 08:44:01,492 | INFO     |   → 558/1304: ✅ 0 взято | 🗑️ 21 мусор
2026-06-27 08:44:01,492 | INFO     |   → 559/1304: ✅ 0 взято | 🗑️ 21 мусор
2026-06-27 08:44:01,492 | INFO     |   → 560/1304: ✅ 0 взято | 🗑️ 21 мусор
2026-06-27 08:44:01,492 | INFO     |   → 561/1304: ✅ 0 взято | 🗑️ 21 мусор
2026-06-27 08:44:01,492 | INFO     |   → 562/1304: ✅ 0 взято | 🗑️ 21 мусор
2026-06-27 08:44:01,492 | INFO     |   → 563/1304: ✅ 0 взято | 🗑️ 21 мусор
2026-06-27 08:44:01,492 | INFO     |   → 564/1304: ✅ 0 взято | 🗑️ 21 мусор
2026-06-27 08:44:01,492 | INFO     |   → 565/1304: ✅ 0 взято | 🗑️ 21 мусор
2026-06-27 08:44:01,492 | INFO     |   → 566/1304: ✅ 0 взято | 🗑️ 21 мусор
2026-06-27 08:44:01,492 | INFO     |   → 567/1304: ✅ 0 взято | 🗑️ 15 мусор
2026-06-27 08:44:01,492 | INFO     |   → 568/1304: ✅ 0 взято | 🗑️ 15 мусор
2026-06-27 08:44:01,493 | INFO     |   → 569/1304: ✅ 0 взято | 🗑️ 15 мусор
2026-06-27 08:44:01,493 | INFO     |   → 570/1304: ✅ 0 взято | 🗑️ 15 мусор
2026-06-27 08:44:01,493 | INFO     |   → 571/1304: ✅ 0 взято | 🗑️ 15 мусор
2026-06-27 08:44:01,493 | INFO     |   → 572/1304: ✅ 0 взято | 🗑️ 15 мусор
2026-06-27 08:44:01,493 | INFO     |   → 573/1304: ✅ 0 взято | 🗑️ 15 мусор
2026-06-27 08:44:01,493 | INFO     |   → 574/1304: ✅ 0 взято | 🗑️ 15 мусор
2026-06-27 08:44:01,493 | INFO     |   → 575/1304: ✅ 0 взято | 🗑️ 15 мусор
2026-06-27 08:44:01,493 | INFO     |   → 576/1304: ✅ 0 взято | 🗑️ 15 мусор
2026-06-27 08:44:01,493 | INFO     |   → 577/1304: ✅ 0 взято | 🗑️ 14 мусор
2026-06-27 08:44:01,493 | INFO     |   → 578/1304: ✅ 0 взято | 🗑️ 14 мусор
2026-06-27 08:44:01,493 | INFO     |   → 579/1304: ✅ 0 взято | 🗑️ 14 мусор
2026-06-27 08:44:01,493 | INFO     |   → 580/1304: ✅ 0 взято | 🗑️ 14 мусор
2026-06-27 08:44:01,493 | INFO     |   → 581/1304: ✅ 0 взято | 🗑️ 17 мусор
2026-06-27 08:44:01,493 | INFO     |   → 582/1304: ✅ 0 взято | 🗑️ 17 мусор
2026-06-27 08:44:01,493 | INFO     |   → 583/1304: ✅ 0 взято | 🗑️ 17 мусор
2026-06-27 08:44:01,493 | INFO     |   → 584/1304: ✅ 0 взято | 🗑️ 17 мусор
2026-06-27 08:44:01,493 | INFO     |   → 585/1304: ✅ 0 взято | 🗑️ 17 мусор
2026-06-27 08:44:01,493 | INFO     |   → 586/1304: ✅ 0 взято | 🗑️ 24 мусор
2026-06-27 08:44:01,493 | INFO     |   → 587/1304: ✅ 0 взято | 🗑️ 24 мусор
2026-06-27 08:44:01,493 | INFO     |   → 588/1304: ✅ 0 взято | 🗑️ 24 мусор
2026-06-27 08:44:01,493 | INFO     |   → 589/1304: ✅ 0 взято | 🗑️ 24 мусор
2026-06-27 08:44:01,493 | INFO     |   → 590/1304: ✅ 0 взято | 🗑️ 24 мусор
2026-06-27 08:44:01,493 | INFO     |   → 591/1304: ✅ 0 взято | 🗑️ 24 мусор
2026-06-27 08:44:01,494 | INFO     |   → 592/1304: ✅ 0 взято | 🗑️ 24 мусор
2026-06-27 08:44:01,494 | INFO     |   → 593/1304: ✅ 0 взято | 🗑️ 24 мусор
2026-06-27 08:44:01,494 | INFO     |   → 594/1304: ✅ 0 взято | 🗑️ 24 мусор
2026-06-27 08:44:01,494 | INFO     |   → 595/1304: ✅ 0 взято | 🗑️ 24 мусор
2026-06-27 08:44:01,494 | INFO     |   → 596/1304: ✅ 0 взято | 🗑️ 24 мусор
2026-06-27 08:44:01,494 | INFO     |   → 597/1304: ✅ 0 взято | 🗑️ 7 мусор
2026-06-27 08:44:01,494 | INFO     |   → 598/1304: ✅ 0 взято | 🗑️ 7 мусор
2026-06-27 08:44:01,494 | INFO     |   → 599/1304: ✅ 0 взято | 🗑️ 7 мусор
2026-06-27 08:44:01,494 | INFO     |   → 600/1304: ✅ 0 взято | 🗑️ 7 мусор
2026-06-27 08:44:01,494 | INFO     |   → 601/1304: ✅ 0 взято | 🗑️ 7 мусор
2026-06-27 08:44:01,494 | INFO     |   → 602/1304: ✅ 0 взято | 🗑️ 7 мусор
2026-06-27 08:44:01,494 | INFO     |   → 603/1304: ✅ 0 взято | 🗑️ 7 мусор
2026-06-27 08:44:01,494 | INFO     |   → 604/1304: ✅ 0 взято | 🗑️ 7 мусор
2026-06-27 08:44:01,494 | INFO     |   → 605/1304: ✅ 0 взято | 🗑️ 7 мусор
2026-06-27 08:44:01,494 | INFO     |   → 606/1304: ✅ 0 взято | 🗑️ 7 мусор
2026-06-27 08:44:01,494 | INFO     |   → 607/1304: ✅ 0 взято | 🗑️ 9 мусор
2026-06-27 08:44:01,494 | INFO     |   → 608/1304: ✅ 0 взято | 🗑️ 9 мусор
2026-06-27 08:44:01,494 | INFO     |   → 609/1304: ✅ 0 взято | 🗑️ 9 мусор
2026-06-27 08:44:01,494 | INFO     |   → 610/1304: ✅ 0 взято | 🗑️ 9 мусор
2026-06-27 08:44:01,494 | INFO     |   → 611/1304: ✅ 0 взято | 🗑️ 9 мусор
2026-06-27 08:44:01,494 | INFO     |   → 612/1304: ✅ 0 взято | 🗑️ 9 мусор
2026-06-27 08:44:01,494 | INFO     |   → 613/1304: ✅ 0 взято | 🗑️ 9 мусор
2026-06-27 08:44:01,494 | INFO     |   → 614/1304: ✅ 0 взято | 🗑️ 9 мусор
2026-06-27 08:44:01,494 | INFO     |   → 615/1304: ✅ 0 взято | 🗑️ 9 мусор
2026-06-27 08:44:01,495 | INFO     |   → 616/1304: ✅ 0 взято | 🗑️ 9 мусор
2026-06-27 08:44:01,495 | INFO     |   → 617/1304: ✅ 0 взято | 🗑️ 10 мусор
2026-06-27 08:44:01,495 | INFO     |   → 618/1304: ✅ 0 взято | 🗑️ 10 мусор
2026-06-27 08:44:01,495 | INFO     |   → 619/1304: ✅ 0 взято | 🗑️ 10 мусор
2026-06-27 08:44:01,495 | INFO     |   → 620/1304: ✅ 0 взято | 🗑️ 10 мусор
2026-06-27 08:44:01,495 | INFO     |   → 621/1304: ✅ 0 взято | 🗑️ 10 мусор
2026-06-27 08:44:01,495 | INFO     |   → 622/1304: ✅ 0 взято | 🗑️ 10 мусор
2026-06-27 08:44:01,495 | INFO     |   → 623/1304: ✅ 0 взято | 🗑️ 0 мусор
2026-06-27 08:44:01,495 | INFO     |   → 624/1304: ✅ 0 взято | 🗑️ 0 мусор
2026-06-27 08:44:01,495 | INFO     |   → 625/1304: ✅ 0 взято | 🗑️ 0 мусор
2026-06-27 08:44:01,495 | INFO     |   → 626/1304: ✅ 0 взято | 🗑️ 0 мусор
2026-06-27 08:44:01,495 | INFO     |   → 627/1304: ✅ 0 взято | 🗑️ 0 мусор
2026-06-27 08:44:01,495 | INFO     |   → 628/1304: ✅ 0 взято | 🗑️ 0 мусор
2026-06-27 08:44:01,495 | INFO     |   → 629/1304: ✅ 0 взято | 🗑️ 0 мусор
2026-06-27 08:44:01,495 | INFO     |   → 630/1304: ✅ 0 взято | 🗑️ 0 мусор
2026-06-27 08:44:01,495 | INFO     |   → 631/1304: ✅ 0 взято | 🗑️ 0 мусор
2026-06-27 08:44:01,495 | INFO     |   → 632/1304: ✅ 0 взято | 🗑️ 0 мусор
2026-06-27 08:44:01,495 | INFO     |   → 633/1304: ✅ 0 взято | 🗑️ 0 мусор
2026-06-27 08:44:01,495 | INFO     |   → 634/1304: ✅ 0 взято | 🗑️ 0 мусор
2026-06-27 08:44:01,495 | INFO     |   → 635/1304 ❌ HTTP 404 — https://raw.githubusercontent.com/10ium/MihomoSaz/main/Sublist/shatakvpn.yaml4_Sub.txt
2026-06-27 08:44:01,495 | INFO     |   → 636/1304: ✅ 0 взято | 🗑️ 0 мусор
2026-06-27 08:44:01,495 | INFO     |   → 637/1304: ✅ 0 взято | 🗑️ 0 мусор
2026-06-27 08:44:01,496 | INFO     |   → 638/1304: ✅ 167 взято | 🗑️ 672 мусор
2026-06-27 08:44:01,496 | INFO     |   → 639/1304: ✅ 0 взято | 🗑️ 0 мусор
2026-06-27 08:44:01,496 | INFO     |   → 640/1304: ✅ 0 взято | 🗑️ 0 мусор
2026-06-27 08:44:01,496 | INFO     |   → 641/1304: ✅ 11 взято | 🗑️ 399 мусор
2026-06-27 08:44:01,496 | INFO     |   → 642/1304: ✅ 0 взято | 🗑️ 0 мусор
2026-06-27 08:44:01,496 | INFO     |   → 643/1304 ❌ HTTP 404 — https://raw.githubusercontent.com/9Fork/openit/main/Clash.yaml
2026-06-27 08:44:01,496 | INFO     |   → 644/1304: ✅ 202 взято | 🗑️ 703 мусор
2026-06-27 08:44:01,496 | INFO     |   → 645/1304: ✅ 0 взято | 🗑️ 703 мусор
2026-06-27 08:44:01,496 | INFO     |   → 646/1304: ✅ 19 взято | 🗑️ 81 мусор
2026-06-27 08:44:01,496 | INFO     |   → 647/1304: ✅ 11 взято | 🗑️ 87 мусор
2026-06-27 08:44:01,496 | INFO     |   → 648/1304: ✅ 27 взято | 🗑️ 73 мусор
2026-06-27 08:44:01,496 | INFO     |   → 649/1304: ✅ 13 взято | 🗑️ 75 мусор
2026-06-27 08:44:01,496 | INFO     |   → 650/1304: ✅ 10 взято | 🗑️ 83 мусор
2026-06-27 08:44:01,496 | INFO     |   → 651/1304: ✅ 12 взято | 🗑️ 86 мусор
2026-06-27 08:44:01,496 | INFO     |   → 652/1304: ✅ 11 взято | 🗑️ 87 мусор
2026-06-27 08:44:01,496 | INFO     |   → 653/1304: ✅ 11 взято | 🗑️ 80 мусор
2026-06-27 08:44:01,496 | INFO     |   → 654/1304: ✅ 9 взято | 🗑️ 82 мусор
2026-06-27 08:44:01,496 | INFO     |   → 655/1304: ✅ 69 взято | 🗑️ 3 мусор
2026-06-27 08:44:01,496 | INFO     |   → 656/1304: ✅ 3 взято | 🗑️ 75 мусор
2026-06-27 08:44:01,496 | INFO     |   → 657/1304: ✅ 4 взято | 🗑️ 69 мусор
2026-06-27 08:44:01,496 | INFO     |   → 658/1304: ✅ 4 взято | 🗑️ 80 мусор
2026-06-27 08:44:01,496 | INFO     |   → 659/1304: ✅ 6 взято | 🗑️ 81 мусор
2026-06-27 08:44:01,496 | INFO     |   → 660/1304: ✅ 5 взято | 🗑️ 79 мусор
2026-06-27 08:44:01,497 | INFO     |   → 661/1304: ✅ 11 взято | 🗑️ 78 мусор
2026-06-27 08:44:01,497 | INFO     |   → 662/1304: ✅ 3 взято | 🗑️ 83 мусор
2026-06-27 08:44:01,497 | INFO     |   → 663/1304: ✅ 14 взято | 🗑️ 76 мусор
2026-06-27 08:44:01,497 | INFO     |   → 664/1304: ✅ 12 взято | 🗑️ 78 мусор
2026-06-27 08:44:01,497 | INFO     |   → 665/1304: ✅ 26 взято | 🗑️ 218 мусор
2026-06-27 08:44:01,497 | INFO     |   → 666/1304: ✅ 44 взято | 🗑️ 141 мусор
2026-06-27 08:44:01,497 | INFO     |   → 667/1304: ✅ 10 взято | 🗑️ 71 мусор
2026-06-27 08:44:01,497 | INFO     |   → 668/1304: ✅ 2 взято | 🗑️ 88 мусор
2026-06-27 08:44:01,497 | INFO     |   → 669/1304: ✅ 0 взято | 🗑️ 3 мусор
2026-06-27 08:44:01,497 | INFO     |   → 670/1304: ✅ 14 взято | 🗑️ 4 мусор
2026-06-27 08:44:01,497 | INFO     |   → 671/1304: ✅ 694 взято | 🗑️ 2230 мусор
2026-06-27 08:44:01,497 | INFO     |   → 672/1304 ❌ HTTP 404 — https://raw.githubusercontent.com/Alvin9999/pac2/master/clash/1/config.yaml
2026-06-27 08:44:01,497 | INFO     |   → 673/1304 ❌ HTTP 404 — https://raw.githubusercontent.com/AmirHDevo/temp2/7f15e7ddb311a6f8c5ab338bd1af0e1f2136a84b/configs.txt
2026-06-27 08:44:01,497 | INFO     |   → 674/1304: ✅ 39 взято | 🗑️ 491 мусор
2026-06-27 08:44:01,497 | INFO     |   → 675/1304: ✅ 11113 взято | 🗑️ 169218 мусор
2026-06-27 08:44:01,497 | INFO     |   → 676/1304: ✅ 5 взято | 🗑️ 47 мусор
2026-06-27 08:44:01,497 | INFO     |   → 677/1304: ✅ 0 взято | 🗑️ 64 мусор
2026-06-27 08:44:01,497 | INFO     |   → 678/1304: ✅ 21 взято | 🗑️ 107 мусор
2026-06-27 08:44:01,497 | INFO     |   → 679/1304: ✅ 78 взято | 🗑️ 347 мусор
2026-06-27 08:44:01,497 | INFO     |   → 680/1304: ✅ 0 взято | 🗑️ 1373 мусор
2026-06-27 08:44:01,497 | INFO     |   → 681/1304: ✅ 323 взято | 🗑️ 391 мусор
2026-06-27 08:44:01,497 | INFO     |   → 682/1304: ✅ 0 взято | 🗑️ 6 мусор
2026-06-27 08:44:01,498 | INFO     |   → 683/1304: ✅ 0 взято | 🗑️ 0 мусор
2026-06-27 08:44:01,498 | INFO     |   → 684/1304: ✅ 1 взято | 🗑️ 235 мусор
2026-06-27 08:44:01,498 | INFO     |   → 685/1304: ✅ 0 взято | 🗑️ 16 мусор
2026-06-27 08:44:01,498 | INFO     |   → 686/1304: ✅ 0 взято | 🗑️ 0 мусор
2026-06-27 08:44:01,498 | INFO     |   → 687/1304: ✅ 0 взято | 🗑️ 14 мусор
2026-06-27 08:44:01,498 | INFO     |   → 688/1304: ✅ 0 взято | 🗑️ 0 мусор
2026-06-27 08:44:01,498 | INFO     |   → 689/1304: ✅ 0 взято | 🗑️ 17 мусор
2026-06-27 08:44:01,498 | INFO     |   → 690/1304: ✅ 0 взято | 🗑️ 0 мусор
2026-06-27 08:44:01,498 | INFO     |   → 691/1304: ✅ 1 взято | 🗑️ 12 мусор
2026-06-27 08:44:01,498 | INFO     |   → 692/1304: ✅ 0 взято | 🗑️ 0 мусор
2026-06-27 08:44:01,498 | INFO     |   → 693/1304: ✅ 0 взято | 🗑️ 17 мусор
2026-06-27 08:44:01,498 | INFO     |   → 694/1304: ✅ 0 взято | 🗑️ 0 мусор
2026-06-27 08:44:01,498 | INFO     |   → 695/1304: ✅ 0 взято | 🗑️ 17 мусор
2026-06-27 08:44:01,498 | INFO     |   → 696/1304: ✅ 0 взято | 🗑️ 0 мусор
2026-06-27 08:44:01,498 | INFO     |   → 697/1304: ✅ 0 взято | 🗑️ 161 мусор
2026-06-27 08:44:01,498 | INFO     |   → 698/1304: ✅ 0 взято | 🗑️ 0 мусор
2026-06-27 08:44:01,498 | INFO     |   → 699/1304: ✅ 5 взято | 🗑️ 76 мусор
2026-06-27 08:44:01,498 | INFO     |   → 700/1304: ✅ 80 взято | 🗑️ 1110 мусор
2026-06-27 08:44:01,499 | INFO     |   → 701/1304: ✅ 5 взято | 🗑️ 13 мусор
2026-06-27 08:44:01,499 | INFO     |   → 702/1304 ❌ HTTP 404 — https://raw.githubusercontent.com/Epodonios/bulk-xray-v2ray-vless-vmess-...-configs/main/sub/Austria/config.txt
2026-06-27 08:44:01,499 | INFO     |   → 703/1304 ❌ HTTP 404 — https://raw.githubusercontent.com/Epodonios/bulk-xray-v2ray-vless-vmess-...-configs/main/sub/Canada/config.txt
2026-06-27 08:44:01,499 | INFO     |   → 704/1304 ❌ HTTP 404 — https://raw.githubusercontent.com/Epodonios/bulk-xray-v2ray-vless-vmess-...-configs/main/sub/Costa%20Rica/config.txt
2026-06-27 08:44:01,499 | INFO     |   → 705/1304 ❌ HTTP 404 — https://raw.githubusercontent.com/Epodonios/bulk-xray-v2ray-vless-vmess-...-configs/main/sub/France/config.txt
2026-06-27 08:44:01,499 | INFO     |   → 706/1304 ❌ HTTP 404 — https://raw.githubusercontent.com/Epodonios/bulk-xray-v2ray-vless-vmess-...-configs/main/sub/Germany/config.txt
2026-06-27 08:44:01,499 | INFO     |   → 707/1304 ❌ HTTP 404 — https://raw.githubusercontent.com/Epodonios/bulk-xray-v2ray-vless-vmess-...-configs/main/sub/Indonesia/config.txt
2026-06-27 08:44:01,499 | INFO     |   → 708/1304 ❌ HTTP 404 — https://raw.githubusercontent.com/Epodonios/bulk-xray-v2ray-vless-vmess-...-configs/main/sub/Ireland/config.txt
2026-06-27 08:44:01,499 | INFO     |   → 709/1304 ❌ HTTP 404 — https://raw.githubusercontent.com/Epodonios/bulk-xray-v2ray-vless-vmess-...-configs/main/sub/Republic%20of%20Lithuania/config.txt
2026-06-27 08:44:01,499 | INFO     |   → 710/1304 ❌ HTTP 404 — https://raw.githubusercontent.com/Epodonios/bulk-xray-v2ray-vless-vmess-...-configs/main/sub/South%20Africa/config.txt
2026-06-27 08:44:01,499 | INFO     |   → 711/1304 ❌ HTTP 404 — https://raw.githubusercontent.com/Epodonios/bulk-xray-v2ray-vless-vmess-...-configs/main/sub/Sweden/config.txt
2026-06-27 08:44:01,499 | INFO     |   → 712/1304 ❌ HTTP 404 — https://raw.githubusercontent.com/Epodonios/bulk-xray-v2ray-vless-vmess-...-configs/main/sub/Turkey/config.txt
2026-06-27 08:44:01,499 | INFO     |   → 713/1304 ❌ HTTP 404 — https://raw.githubusercontent.com/Epodonios/bulk-xray-v2ray-vless-vmess-...-configs/main/sub/United%20Arab%20Emirates/config.txt
2026-06-27 08:44:01,499 | INFO     |   → 714/1304 ❌ HTTP 404 — https://raw.githubusercontent.com/Epodonios/bulk-xray-v2ray-vless-vmess-...-configs/main/sub/United%20Kingdom/config.txt
2026-06-27 08:44:01,499 | INFO     |   → 715/1304 ❌ HTTP 404 — https://raw.githubusercontent.com/Epodonios/bulk-xray-v2ray-vless-vmess-...-configs/main/sub/United%20States/config.txt
2026-06-27 08:44:01,499 | INFO     |   → 716/1304: ✅ 808 взято | 🗑️ 6603 мусор
2026-06-27 08:44:01,499 | INFO     |   → 717/1304 ❌ HTTP 404 — https://raw.githubusercontent.com/Epodonios/v2ray-configs/main/Splitted-By-Protocol/mix.txt
2026-06-27 08:44:01,499 | INFO     |   → 718/1304: ✅ 9 взято | 🗑️ 485 мусор
2026-06-27 08:44:01,499 | INFO     |   → 719/1304: ✅ 0 взято | 🗑️ 0 мусор
2026-06-27 08:44:01,499 | INFO     |   → 720/1304: ✅ 9 взято | 🗑️ 1019 мусор
2026-06-27 08:44:01,499 | INFO     |   → 721/1304: ✅ 10 взято | 🗑️ 4388 мусор
2026-06-27 08:44:01,499 | INFO     |   → 722/1304: ✅ 8 взято | 🗑️ 662 мусор
2026-06-27 08:44:01,500 | INFO     |   → 723/1304 ❌ HTTP 404 — https://raw.githubusercontent.com/Epodonios/v2ray-configs/raw/main/Splitted-By-Protocol/trojan.txt
2026-06-27 08:44:01,500 | INFO     |   → 724/1304 ❌ HTTP 404 — https://raw.githubusercontent.com/Epodonios/v2ray-configs/raw/main/Splitted-By-Protocol/vmess.txt
2026-06-27 08:44:01,500 | INFO     |   → 725/1304: ✅ 0 взято | 🗑️ 485 мусор
2026-06-27 08:44:01,500 | INFO     |   → 726/1304: ✅ 0 взято | 🗑️ 0 мусор
2026-06-27 08:44:01,500 | INFO     |   → 727/1304: ✅ 0 взято | 🗑️ 1019 мусор
2026-06-27 08:44:01,500 | INFO     |   → 728/1304: ✅ 0 взято | 🗑️ 4388 мусор
2026-06-27 08:44:01,500 | INFO     |   → 729/1304: ✅ 0 взято | 🗑️ 662 мусор
2026-06-27 08:44:01,500 | INFO     |   → 730/1304 ❌ HTTP 404 — https://raw.githubusercontent.com/Fido6/FreeNodes/57221e59caddde55ffdda21d491ae952cd608049/nodes/halekj.txt
2026-06-27 08:44:01,500 | INFO     |   → 731/1304 ❌ HTTP 404 — https://raw.githubusercontent.com/Fido6/FreeNodes/57221e59caddde55ffdda21d491ae952cd608049/nodes/kkzui.txt
2026-06-27 08:44:01,500 | INFO     |   → 732/1304 ❌ HTTP 404 — https://raw.githubusercontent.com/Fido6/FreeNodes/57221e59caddde55ffdda21d491ae952cd608049/nodes/wenode.txt
2026-06-27 08:44:01,500 | INFO     |   → 733/1304: ✅ 0 взято | 🗑️ 0 мусор
2026-06-27 08:44:01,500 | INFO     |   → 734/1304: ✅ 0 взято | 🗑️ 0 мусор
2026-06-27 08:44:01,500 | INFO     |   → 735/1304: ✅ 14 взято | 🗑️ 250 мусор
2026-06-27 08:44:01,500 | INFO     |   → 736/1304: ✅ 4 взято | 🗑️ 23 мусор
2026-06-27 08:44:01,500 | INFO     |   → 737/1304: ✅ 1 взято | 🗑️ 17 мусор
2026-06-27 08:44:01,500 | INFO     |   → 738/1304: ✅ 4 взято | 🗑️ 11 мусор
2026-06-27 08:44:01,500 | INFO     |   → 739/1304: ✅ 0 взято | 🗑️ 0 мусор
2026-06-27 08:44:01,500 | INFO     |   → 740/1304: ✅ 0 взято | 🗑️ 137 мусор
2026-06-27 08:44:01,500 | INFO     |   → 741/1304: ✅ 0 взято | 🗑️ 32 мусор
2026-06-27 08:44:01,500 | INFO     |   → 742/1304: ✅ 2 взято | 🗑️ 19 мусор
2026-06-27 08:44:01,500 | INFO     |   → 743/1304: ✅ 0 взято | 🗑️ 43 мусор
2026-06-27 08:44:01,500 | INFO     |   → 744/1304: ✅ 0 взято | 🗑️ 43 мусор
2026-06-27 08:44:01,501 | INFO     |   → 745/1304 ❌ HTTP 404 — https://raw.githubusercontent.com/Iran-v2ray/v2ray/main/v2ray
2026-06-27 08:44:01,501 | INFO     |   → 746/1304: ✅ 0 взято | 🗑️ 1 мусор
2026-06-27 08:44:01,501 | INFO     |   → 747/1304: ✅ 0 взято | 🗑️ 1 мусор
2026-06-27 08:44:01,501 | INFO     |   → 748/1304: ✅ 0 взято | 🗑️ 28 мусор
2026-06-27 08:44:01,501 | INFO     |   → 749/1304: ✅ 14 взято | 🗑️ 282 мусор
2026-06-27 08:44:01,501 | INFO     |   → 750/1304: ✅ 0 взято | 🗑️ 94 мусор
2026-06-27 08:44:01,501 | INFO     |   → 751/1304: ✅ 0 взято | 🗑️ 0 мусор
2026-06-27 08:44:01,501 | INFO     |   → 752/1304: ✅ 0 взято | 🗑️ 0 мусор
2026-06-27 08:44:01,501 | INFO     |   → 753/1304 ❌ HTTP 404 — https://raw.githubusercontent.com/Kwinshadow/TelegramV2rayCollector/raw/refs/heads/main/sublinks/mix.txt
2026-06-27 08:44:01,501 | INFO     |   → 754/1304 ❌ HTTP 404 — https://raw.githubusercontent.com/LalatinaHub/Mineral/raw/refs/heads/master/result/nodes
2026-06-27 08:44:01,501 | INFO     |   → 755/1304 ❌ HTTP 404 — https://raw.githubusercontent.com/Leon406/SubCrawler/main/sub/share/all3
2026-06-27 08:44:01,501 | INFO     |   → 756/1304 ❌ HTTP 404 — https://raw.githubusercontent.com/Leon406/SubCrawler/main/sub/share/all4
2026-06-27 08:44:01,501 | INFO     |   → 757/1304: ✅ 4 взято | 🗑️ 335 мусор
2026-06-27 08:44:01,501 | INFO     |   → 758/1304: ✅ 0 взято | 🗑️ 33 мусор
2026-06-27 08:44:01,501 | INFO     |   → 759/1304: ✅ 0 взято | 🗑️ 6 мусор
2026-06-27 08:44:01,501 | INFO     |   → 760/1304: ✅ 0 взято | 🗑️ 147 мусор
2026-06-27 08:44:01,501 | INFO     |   → 761/1304 ❌ HTTP 404 — https://raw.githubusercontent.com/M-Mashreghi/free-config-collector/main/Splitted-By-Protocol/ssr.txt
2026-06-27 08:44:01,501 | INFO     |   → 762/1304: ✅ 139 взято | 🗑️ 114 мусор
2026-06-27 08:44:01,501 | INFO     |   → 763/1304: ✅ 126 взято | 🗑️ 137 мусор
2026-06-27 08:44:01,501 | INFO     |   → 764/1304: ✅ 0 взято | 🗑️ 12 мусор
2026-06-27 08:44:01,501 | INFO     |   → 765/1304: ✅ 0 взято | 🗑️ 1 мусор
2026-06-27 08:44:01,501 | INFO     |   → 766/1304: ✅ 28 взято | 🗑️ 157 мусор
2026-06-27 08:44:01,502 | INFO     |   → 767/1304: ✅ 0 взято | 🗑️ 157 мусор
2026-06-27 08:44:01,502 | INFO     |   → 768/1304 ❌ HTTP 404 — https://raw.githubusercontent.com/MatinGhanbari/v2ray-configs/main/subscriptions/filtered/subs/hy2.txt
2026-06-27 08:44:01,502 | INFO     |   → 769/1304: ✅ 27 взято | 🗑️ 1194 мусор
2026-06-27 08:44:01,502 | INFO     |   → 770/1304 ❌ HTTP 404 — https://raw.githubusercontent.com/MatinGhanbari/v2ray-configs/main/subscriptions/filtered/subs/ssr.txt
2026-06-27 08:44:01,502 | INFO     |   → 771/1304: ✅ 42 взято | 🗑️ 463 мусор
2026-06-27 08:44:01,502 | INFO     |   → 772/1304 ❌ HTTP 404 — https://raw.githubusercontent.com/MatinGhanbari/v2ray-configs/main/subscriptions/filtered/subs/tuic.txt
2026-06-27 08:44:01,502 | INFO     |   → 773/1304: ✅ 27 взято | 🗑️ 449 мусор
2026-06-27 08:44:01,502 | INFO     |   → 774/1304: ✅ 246 взято | 🗑️ 1506 мусор
2026-06-27 08:44:01,502 | INFO     |   → 775/1304: ✅ 0 взято | 🗑️ 2 мусор
2026-06-27 08:44:01,502 | INFO     |   → 776/1304: ✅ 208 взято | 🗑️ 1707 мусор
2026-06-27 08:44:01,502 | INFO     |   → 777/1304: ✅ 0 взято | 🗑️ 816 мусор
2026-06-27 08:44:01,502 | INFO     |   → 778/1304: ✅ 0 взято | 🗑️ 816 мусор
2026-06-27 08:44:01,502 | INFO     |   → 779/1304: ✅ 0 взято | 🗑️ 124 мусор
2026-06-27 08:44:01,502 | INFO     |   → 780/1304: ✅ 0 взято | 🗑️ 2 мусор
2026-06-27 08:44:01,502 | INFO     |   → 781/1304: ✅ 0 взято | 🗑️ 692 мусор
2026-06-27 08:44:01,502 | INFO     |   → 782/1304: ✅ 0 взято | 🗑️ 81 мусор
2026-06-27 08:44:01,502 | INFO     |   → 783/1304 ❌ HTTP 404 — https://raw.githubusercontent.com/MhdiTaheri/V2rayCollector/raw/refs/heads/main/sub/mix
2026-06-27 08:44:01,502 | INFO     |   → 784/1304: ✅ 53 взято | 🗑️ 267 мусор
2026-06-27 08:44:01,502 | INFO     |   → 785/1304 ❌ HTTP 404 — https://raw.githubusercontent.com/MhdiTaheri/V2rayCollector_Py/raw/refs/heads/main/sub/Mix/mix.txt
2026-06-27 08:44:01,502 | INFO     |   → 786/1304: ✅ 0 взято | 🗑️ 0 мусор
2026-06-27 08:44:01,502 | INFO     |   → 787/1304: ✅ 43 взято | 🗑️ 217 мусор
2026-06-27 08:44:01,502 | INFO     |   → 788/1304: ✅ 0 взято | 🗑️ 31 мусор
2026-06-27 08:44:01,502 | INFO     |   → 789/1304: ✅ 94 взято | 🗑️ 282 мусор
2026-06-27 08:44:01,502 | INFO     |   → 790/1304: ✅ 0 взято | 🗑️ 26 мусор
2026-06-27 08:44:01,503 | INFO     |   → 791/1304 ❌ HTTP 404 — https://raw.githubusercontent.com/MrMohebi/xray-proxy-grabber-telegram/master/collected-proxies/clash-meta/all.yaml
2026-06-27 08:44:01,503 | INFO     |   → 792/1304 ❌ HTTP 404 — https://raw.githubusercontent.com/MrMohebi/xray-proxy-grabber-telegram/master/collected-proxies/row-url/actives.txt
2026-06-27 08:44:01,503 | INFO     |   → 793/1304 ❌ HTTP 404 — https://raw.githubusercontent.com/MrMohebi/xray-proxy-grabber-telegram/master/collected-proxies/row-url/all.txt
2026-06-27 08:44:01,503 | INFO     |   → 794/1304: ✅ 0 взято | 🗑️ 13 мусор
2026-06-27 08:44:01,503 | INFO     |   → 795/1304: ✅ 0 взято | 🗑️ 13 мусор
2026-06-27 08:44:01,503 | INFO     |   → 796/1304: ✅ 5 взято | 🗑️ 15 мусор
2026-06-27 08:44:01,503 | INFO     |   → 797/1304: ✅ 0 взято | 🗑️ 30 мусор
2026-06-27 08:44:01,503 | INFO     |   → 798/1304: ✅ 0 взято | 🗑️ 15 мусор
2026-06-27 08:44:01,503 | INFO     |   → 799/1304: ✅ 66 взято | 🗑️ 123 мусор
2026-06-27 08:44:01,503 | INFO     |   → 800/1304: ✅ 133 взято | 🗑️ 65 мусор
2026-06-27 08:44:01,503 | INFO     |   → 801/1304: ✅ 0 взято | 🗑️ 0 мусор
2026-06-27 08:44:01,503 | INFO     |   → 802/1304 ❌ HTTP 404 — https://raw.githubusercontent.com/OpenCNLink/freevpn/3cfcff048bfdd1493ccffa52ecf30ce7f9fc6b28/src/list/vmess.txt
2026-06-27 08:44:01,503 | INFO     |   → 803/1304 ❌ HTTP 404 — https://raw.githubusercontent.com/Pawdro/Collection/main/sub
2026-06-27 08:44:01,503 | INFO     |   → 804/1304: ✅ 2 взято | 🗑️ 16 мусор
2026-06-27 08:44:01,503 | INFO     |   → 805/1304: ✅ 0 взято | 🗑️ 16 мусор
2026-06-27 08:44:01,503 | INFO     |   → 806/1304: ✅ 0 взято | 🗑️ 0 мусор
2026-06-27 08:44:01,503 | INFO     |   → 807/1304: ✅ 0 взято | 🗑️ 0 мусор
2026-06-27 08:44:01,503 | INFO     |   → 808/1304: ✅ 0 взято | 🗑️ 50 мусор
2026-06-27 08:44:01,503 | INFO     |   → 809/1304: ✅ 5 взято | 🗑️ 206 мусор
2026-06-27 08:44:01,503 | INFO     |   → 810/1304: ✅ 21 взято | 🗑️ 138 мусор
2026-06-27 08:44:01,503 | INFO     |   → 811/1304: ✅ 23 взято | 🗑️ 89 мусор
2026-06-27 08:44:01,503 | INFO     |   → 812/1304: ✅ 9 взято | 🗑️ 85 мусор
2026-06-27 08:44:01,504 | INFO     |   → 813/1304: ✅ 0 взято | 🗑️ 129 мусор
2026-06-27 08:44:01,504 | INFO     |   → 814/1304: ✅ 0 взято | 🗑️ 81 мусор
2026-06-27 08:44:01,504 | INFO     |   → 815/1304 ❌ HTTP 404 — https://raw.githubusercontent.com/STR97/STRUGOV/refs/heads/main/STR.BYPASS
2026-06-27 08:44:01,504 | INFO     |   → 816/1304: ✅ 4 взято | 🗑️ 34 мусор
2026-06-27 08:44:01,504 | INFO     |   → 817/1304: ✅ 11 взято | 🗑️ 16 мусор
2026-06-27 08:44:01,504 | INFO     |   → 818/1304: ✅ 0 взято | 🗑️ 16 мусор
2026-06-27 08:44:01,504 | INFO     |   → 819/1304: ✅ 0 взято | 🗑️ 27 мусор
2026-06-27 08:44:01,504 | INFO     |   → 820/1304: ✅ 140 взято | 🗑️ 1153 мусор
2026-06-27 08:44:01,504 | INFO     |   → 821/1304: ✅ 29 взято | 🗑️ 54 мусор
2026-06-27 08:44:01,504 | INFO     |   → 822/1304: ✅ 0 взято | 🗑️ 7 мусор
2026-06-27 08:44:01,504 | INFO     |   → 823/1304: ✅ 1 взято | 🗑️ 0 мусор
2026-06-27 08:44:01,504 | INFO     |   → 824/1304: ✅ 0 взято | 🗑️ 15 мусор
2026-06-27 08:44:01,504 | INFO     |   → 825/1304: ✅ 0 взято | 🗑️ 7 мусор
2026-06-27 08:44:01,504 | INFO     |   → 826/1304: ✅ 0 взято | 🗑️ 15 мусор
2026-06-27 08:44:01,504 | INFO     |   → 827/1304: ✅ 4 взято | 🗑️ 291 мусор
2026-06-27 08:44:01,504 | INFO     |   → 828/1304: ✅ 0 взято | 🗑️ 119 мусор
2026-06-27 08:44:01,504 | INFO     |   → 829/1304: ✅ 0 взято | 🗑️ 0 мусор
2026-06-27 08:44:01,504 | INFO     |   → 830/1304 ❌ HTTP 404 — https://raw.githubusercontent.com/V2RAYCONFIGSPOOL/V2RAY_SUB/main/V2RAY_SUB.txt
2026-06-27 08:44:01,504 | INFO     |   → 831/1304: ✅ 50 взято | 🗑️ 121 мусор
2026-06-27 08:44:01,504 | INFO     |   → 832/1304: ✅ 57 взято | 🗑️ 39 мусор
2026-06-27 08:44:01,504 | INFO     |   → 833/1304: ✅ 0 взято | 🗑️ 0 мусор
2026-06-27 08:44:01,504 | INFO     |   → 834/1304: ✅ 0 взято | 🗑️ 39 мусор
2026-06-27 08:44:01,504 | INFO     |   → 835/1304: ✅ 58 взято | 🗑️ 348 мусор
2026-06-27 08:44:01,505 | INFO     |   → 836/1304: ✅ 0 взято | 🗑️ 0 мусор
2026-06-27 08:44:01,505 | INFO     |   → 837/1304: ✅ 4 взято | 🗑️ 458 мусор
2026-06-27 08:44:01,505 | INFO     |   → 838/1304 ❌ HTTP 404 — https://raw.githubusercontent.com/ZYFXS/ZYFXS001/refs/heads/main/20c-youtube%40ZYFXS
2026-06-27 08:44:01,505 | INFO     |   → 839/1304 ❌ HTTP 404 — https://raw.githubusercontent.com/ZYFXS/ZYFXS001/refs/heads/main/20v-youtube%40ZYFXS
2026-06-27 08:44:01,505 | INFO     |   → 840/1304: ✅ 0 взято | 🗑️ 0 мусор
2026-06-27 08:44:01,505 | INFO     |   → 841/1304: ✅ 1 взято | 🗑️ 164 мусор
2026-06-27 08:44:01,505 | INFO     |   → 842/1304 ❌ HTTP 404 — https://raw.githubusercontent.com/ZYFXS/ZYFXS001/refs/heads/main/youtube%40ZYFXS---23c
2026-06-27 08:44:01,505 | INFO     |   → 843/1304 ❌ HTTP 404 — https://raw.githubusercontent.com/ZYFXS/ZYFXS001/refs/heads/main/youtube%40ZYFXS---23v
2026-06-27 08:44:01,505 | INFO     |   → 844/1304: ✅ 0 взято | 🗑️ 0 мусор
2026-06-27 08:44:01,505 | INFO     |   → 845/1304: ✅ 0 взято | 🗑️ 0 мусор
2026-06-27 08:44:01,505 | INFO     |   → 846/1304: ✅ 6 взято | 🗑️ 221 мусор
2026-06-27 08:44:01,505 | INFO     |   → 847/1304 ❌ HTTP 404 — https://raw.githubusercontent.com/ZYFXS/ZYFXS001/refs/heads/main/youtube%40ZYFXS-21c
2026-06-27 08:44:01,505 | INFO     |   → 848/1304 ❌ HTTP 404 — https://raw.githubusercontent.com/ZYFXS/ZYFXS001/refs/heads/main/youtube%40ZYFXS-21v
2026-06-27 08:44:01,505 | INFO     |   → 849/1304: ✅ 1 взято | 🗑️ 251 мусор
2026-06-27 08:44:01,505 | INFO     |   → 850/1304: ✅ 1 взято | 🗑️ 231 мусор
2026-06-27 08:44:01,505 | INFO     |   → 851/1304: ✅ 0 взято | 🗑️ 0 мусор
2026-06-27 08:44:01,505 | INFO     |   → 852/1304: ✅ 1 взято | 🗑️ 83 мусор
2026-06-27 08:44:01,505 | INFO     |   → 853/1304: ✅ 0 взято | 🗑️ 16 мусор
2026-06-27 08:44:01,505 | INFO     |   → 854/1304: ✅ 0 взято | 🗑️ 16 мусор
2026-06-27 08:44:01,505 | INFO     |   → 855/1304 ❌ HTTP 404 — https://raw.githubusercontent.com/aiboboxx/clashfree/main/clash.yml
2026-06-27 08:44:01,505 | INFO     |   → 856/1304 ❌ HTTP 404 — https://raw.githubusercontent.com/aiboboxx/v2rayfree/main/v2
2026-06-27 08:44:01,505 | INFO     |   → 857/1304 ❌ HTTP 404 — https://raw.githubusercontent.com/amirmohammad-mohammad-88/Sub-Reality-Azadi-config/Config/Azadi-Reality-Different
2026-06-27 08:44:01,506 | INFO     |   → 858/1304 ❌ HTTP 404 — https://raw.githubusercontent.com/amirmohammad-mohammad-88/Sub-Reality-Azadi-config/Config/Azadi-Reality-Different-Base64
2026-06-27 08:44:01,506 | INFO     |   → 859/1304: ✅ 1 взято | 🗑️ 17 мусор
2026-06-27 08:44:01,506 | INFO     |   → 860/1304: ✅ 0 взято | 🗑️ 0 мусор
2026-06-27 08:44:01,506 | INFO     |   → 861/1304: ✅ 4 взято | 🗑️ 114 мусор
2026-06-27 08:44:01,506 | INFO     |   → 862/1304: ✅ 28 взято | 🗑️ 81 мусор
2026-06-27 08:44:01,506 | INFO     |   → 863/1304 ❌ HTTP 404 — https://raw.githubusercontent.com/awesome-vpn/awesome-vpn/master/ss
2026-06-27 08:44:01,506 | INFO     |   → 864/1304 ❌ HTTP 404 — https://raw.githubusercontent.com/awesome-vpn/awesome-vpn/master/ssr
2026-06-27 08:44:01,506 | INFO     |   → 865/1304: ✅ 0 взято | 🗑️ 0 мусор
2026-06-27 08:44:01,506 | INFO     |   → 866/1304: ✅ 1 взято | 🗑️ 22 мусор
2026-06-27 08:44:01,506 | INFO     |   → 867/1304: ✅ 0 взято | 🗑️ 428 мусор
2026-06-27 08:44:01,506 | INFO     |   → 868/1304 ❌ HTTP 404 — https://raw.githubusercontent.com/barry-far/V2ray-Configs/ced94ddfff48276ec365b40227561f36b1b64bc8/Sub5.txt
2026-06-27 08:44:01,506 | INFO     |   → 869/1304 ❌ HTTP 404 — https://raw.githubusercontent.com/barry-far/V2ray-Configs/main/Splitted-By-Protocol/hysteria2.txt
2026-06-27 08:44:01,506 | INFO     |   → 870/1304 ❌ HTTP 404 — https://raw.githubusercontent.com/barry-far/V2ray-Configs/main/Splitted-By-Protocol/vless.txt
2026-06-27 08:44:01,506 | INFO     |   → 871/1304 ❌ HTTP 404 — https://raw.githubusercontent.com/barry-far/V2ray-Configs/main/Sub1.txt
2026-06-27 08:44:01,506 | INFO     |   → 872/1304 ❌ HTTP 404 — https://raw.githubusercontent.com/barry-far/V2ray-Configs/refs/heads/main/All_Configs_Sub.txt
2026-06-27 08:44:01,506 | INFO     |   → 873/1304: ✅ 0 взято | 🗑️ 0 мусор
2026-06-27 08:44:01,506 | INFO     |   → 874/1304 ❌ HTTP 404 — https://raw.githubusercontent.com/budamu/clashconfig/main/v2ray.txt
2026-06-27 08:44:01,506 | INFO     |   → 875/1304 ❌ HTTP 404 — https://raw.githubusercontent.com/budamu/clashconfig/main/v2ray2.txt
2026-06-27 08:44:01,506 | INFO     |   → 876/1304: ✅ 0 взято | 🗑️ 0 мусор
2026-06-27 08:44:01,506 | INFO     |   → 877/1304: ✅ 0 взято | 🗑️ 442 мусор
2026-06-27 08:44:01,506 | INFO     |   → 878/1304: ✅ 0 взято | 🗑️ 0 мусор
2026-06-27 08:44:01,506 | INFO     |   → 879/1304 ❌ HTTP 404 — https://raw.githubusercontent.com/chxxyz2004/zd/17fca23b73c46b5dd73e9be49b14d219b5e5f836/sub/2401/240110.txt
2026-06-27 08:44:01,507 | INFO     |   → 880/1304: ✅ 0 взято | 🗑️ 44 мусор
2026-06-27 08:44:01,507 | INFO     |   → 881/1304: ✅ 236 взято | 🗑️ 517 мусор
2026-06-27 08:44:01,507 | INFO     |   → 882/1304 ❌ HTTP 404 — https://raw.githubusercontent.com/cxr9912/cxr2022/main/free.yaml
2026-06-27 08:44:01,507 | INFO     |   → 883/1304 ❌ HTTP 404 — https://raw.githubusercontent.com/cxr9912/cxr2022/main/mix.yaml
2026-06-27 08:44:01,507 | INFO     |   → 884/1304 ❌ HTTP 404 — https://raw.githubusercontent.com/cxr9912/cxr2022/main/ss.yaml
2026-06-27 08:44:01,507 | INFO     |   → 885/1304 ❌ HTTP 404 — https://raw.githubusercontent.com/cxr9912/cxr2022/main/ssr.yaml
2026-06-27 08:44:01,507 | INFO     |   → 886/1304 ❌ HTTP 404 — https://raw.githubusercontent.com/cxr9912/cxr2022/main/vmess.yaml
2026-06-27 08:44:01,507 | INFO     |   → 887/1304 ❌ HTTP 404 — https://raw.githubusercontent.com/cxr9912/cxr2022/refs/heads/main/18cj.json
2026-06-27 08:44:01,507 | INFO     |   → 888/1304 ❌ HTTP 404 — https://raw.githubusercontent.com/cxr9912/cxr2022/refs/heads/main/aaaaaaaa.yaml
2026-06-27 08:44:01,507 | INFO     |   → 889/1304 ❌ HTTP 404 — https://raw.githubusercontent.com/cxr9912/cxr2022/refs/heads/main/free.yaml
2026-06-27 08:44:01,507 | INFO     |   → 890/1304 ❌ HTTP 404 — https://raw.githubusercontent.com/cxr9912/cxr2022/refs/heads/main/ss2088.txt
2026-06-27 08:44:01,507 | INFO     |   → 891/1304: ✅ 0 взято | 🗑️ 18 мусор
2026-06-27 08:44:01,507 | INFO     |   → 892/1304: ✅ 0 взято | 🗑️ 18 мусор
2026-06-27 08:44:01,507 | INFO     |   → 893/1304: ✅ 6 взято | 🗑️ 78 мусор
2026-06-27 08:44:01,507 | INFO     |   → 894/1304: ✅ 6 взято | 🗑️ 4 мусор
2026-06-27 08:44:01,507 | INFO     |   → 895/1304: ✅ 0 взято | 🗑️ 2 мусор
2026-06-27 08:44:01,507 | INFO     |   → 896/1304: ✅ 5 взято | 🗑️ 4 мусор
2026-06-27 08:44:01,507 | INFO     |   → 897/1304: ✅ 1 взято | 🗑️ 4 мусор
2026-06-27 08:44:01,507 | INFO     |   → 898/1304: ✅ 6 взято | 🗑️ 8 мусор
2026-06-27 08:44:01,507 | INFO     |   → 899/1304: ✅ 0 взято | 🗑️ 2 мусор
2026-06-27 08:44:01,507 | INFO     |   → 900/1304: ✅ 15 взято | 🗑️ 15 мусор
2026-06-27 08:44:01,507 | INFO     |   → 901/1304: ✅ 1 взято | 🗑️ 2 мусор
2026-06-27 08:44:01,507 | INFO     |   → 902/1304: ✅ 0 взято | 🗑️ 26 мусор
2026-06-27 08:44:01,508 | INFO     |   → 903/1304: ✅ 0 взято | 🗑️ 2 мусор
2026-06-27 08:44:01,508 | INFO     |   → 904/1304: ✅ 0 взято | 🗑️ 0 мусор
2026-06-27 08:44:01,508 | INFO     |   → 905/1304: ✅ 14154 взято | 🗑️ 249978 мусор
2026-06-27 08:44:01,508 | INFO     |   → 906/1304: ✅ 30 взято | 🗑️ 619 мусор
2026-06-27 08:44:01,508 | INFO     |   → 907/1304: ✅ 6 взято | 🗑️ 113 мусор
2026-06-27 08:44:01,508 | INFO     |   → 908/1304: ✅ 0 взято | 🗑️ 0 мусор
2026-06-27 08:44:01,508 | INFO     |   → 909/1304: ✅ 5 взято | 🗑️ 21 мусор
2026-06-27 08:44:01,508 | INFO     |   → 910/1304: ✅ 0 взято | 🗑️ 0 мусор
2026-06-27 08:44:01,508 | INFO     |   → 911/1304: ✅ 13 взято | 🗑️ 19 мусор
2026-06-27 08:44:01,508 | INFO     |   → 912/1304: ✅ 0 взято | 🗑️ 5 мусор
2026-06-27 08:44:01,508 | INFO     |   → 913/1304: ✅ 2 взято | 🗑️ 80 мусор
2026-06-27 08:44:01,508 | INFO     |   → 914/1304 ❌ HTTP 404 — https://raw.githubusercontent.com/free-nodes/v2rayfree/main/v2
2026-06-27 08:44:01,508 | INFO     |   → 915/1304 ❌ HTTP 404 — https://raw.githubusercontent.com/free-v2ray-config/trojan/main/trojan.txt
2026-06-27 08:44:01,508 | INFO     |   → 916/1304 ❌ HTTP 404 — https://raw.githubusercontent.com/free-v2ray-config/vless/main/vless.txt
2026-06-27 08:44:01,508 | INFO     |   → 917/1304 ❌ HTTP 404 — https://raw.githubusercontent.com/free-v2ray-config/vmess/main/vmess.txt
2026-06-27 08:44:01,508 | INFO     |   → 918/1304: ✅ 5 взято | 🗑️ 169 мусор
2026-06-27 08:44:01,508 | INFO     |   → 919/1304: ✅ 34 взято | 🗑️ 121 мусор
2026-06-27 08:44:01,508 | INFO     |   → 920/1304: ✅ 4 взято | 🗑️ 97 мусор
2026-06-27 08:44:01,508 | INFO     |   → 921/1304 ❌ HTTP 404 — https://raw.githubusercontent.com/free18/v2ray/main/Clash.yaml
2026-06-27 08:44:01,508 | INFO     |   → 922/1304: ✅ 0 взято | 🗑️ 0 мусор
2026-06-27 08:44:01,508 | INFO     |   → 923/1304: ✅ 0 взято | 🗑️ 15 мусор
2026-06-27 08:44:01,508 | INFO     |   → 924/1304: ✅ 0 взято | 🗑️ 0 мусор
2026-06-27 08:44:01,509 | INFO     |   → 925/1304: ✅ 0 взято | 🗑️ 8 мусор
2026-06-27 08:44:01,509 | INFO     |   → 926/1304: ✅ 0 взято | 🗑️ 8 мусор
2026-06-27 08:44:01,509 | INFO     |   → 927/1304: ✅ 0 взято | 🗑️ 8 мусор
2026-06-27 08:44:01,509 | INFO     |   → 928/1304: ✅ 0 взято | 🗑️ 8 мусор
2026-06-27 08:44:01,509 | INFO     |   → 929/1304 ❌ HTTP 404 — https://raw.githubusercontent.com/freev2rayconfig/V2RAY_SUB/3e6a7786a1601ee3723e8d043ae79e70dbdfd9a8/v2rayconfigs.txt
2026-06-27 08:44:01,509 | INFO     |   → 930/1304 ❌ HTTP 404 — https://raw.githubusercontent.com/freev2rayconfig/V2RAY_SUBSCRIPTION_LINK/main/v2rayconfigs.txt
2026-06-27 08:44:01,509 | INFO     |   → 931/1304 ❌ HTTP 404 — https://raw.githubusercontent.com/gfpcom/free-proxy-list/main/list/http.txt
2026-06-27 08:44:01,509 | INFO     |   → 932/1304 ❌ HTTP 404 — https://raw.githubusercontent.com/gfpcom/free-proxy-list/main/list/https.txt
2026-06-27 08:44:01,509 | INFO     |   → 933/1304 ❌ HTTP 404 — https://raw.githubusercontent.com/gfpcom/free-proxy-list/main/list/socks4.txt
2026-06-27 08:44:01,509 | INFO     |   → 934/1304 ❌ HTTP 404 — https://raw.githubusercontent.com/gfpcom/free-proxy-list/main/list/socks4a.txt
2026-06-27 08:44:01,509 | INFO     |   → 935/1304 ❌ HTTP 404 — https://raw.githubusercontent.com/gfpcom/free-proxy-list/main/list/socks5.txt
2026-06-27 08:44:01,509 | INFO     |   → 936/1304 ❌ HTTP 404 — https://raw.githubusercontent.com/gfpcom/free-proxy-list/main/list/socks5h.txt
2026-06-27 08:44:01,509 | INFO     |   → 937/1304 ❌ HTTP 404 — https://raw.githubusercontent.com/gfpcom/free-proxy-list/main/list/ss.txt
2026-06-27 08:44:01,509 | INFO     |   → 938/1304 ❌ HTTP 404 — https://raw.githubusercontent.com/gfpcom/free-proxy-list/main/list/ssr.txt
2026-06-27 08:44:01,509 | INFO     |   → 939/1304 ❌ HTTP 404 — https://raw.githubusercontent.com/gfpcom/free-proxy-list/main/list/trojan.txt
2026-06-27 08:44:01,509 | INFO     |   → 940/1304 ❌ HTTP 404 — https://raw.githubusercontent.com/gfpcom/free-proxy-list/main/list/vless.txt
2026-06-27 08:44:01,509 | INFO     |   → 941/1304 ❌ HTTP 404 — https://raw.githubusercontent.com/gfpcom/free-proxy-list/main/list/vmess.txt
2026-06-27 08:44:01,509 | INFO     |   → 942/1304: ✅ 0 взято | 🗑️ 17 мусор
2026-06-27 08:44:01,509 | INFO     |   → 943/1304: ✅ 0 взято | 🗑️ 0 мусор
2026-06-27 08:44:01,509 | INFO     |   → 944/1304: ✅ 4 взято | 🗑️ 63 мусор
2026-06-27 08:44:01,509 | INFO     |   → 945/1304 ❌ HTTP 404 — https://raw.githubusercontent.com/hameed-maleki/TVC/89a4522969c57dcc22458cae9898426e5c4f2679/lite/config.txt
2026-06-27 08:44:01,509 | INFO     |   → 946/1304: ✅ 5 взято | 🗑️ 132 мусор
2026-06-27 08:44:01,510 | INFO     |   → 947/1304: ✅ 0 взято | 🗑️ 56 мусор
2026-06-27 08:44:01,510 | INFO     |   → 948/1304 ❌ HTTP 404 — https://raw.githubusercontent.com/hkaa0/permalink/main/proxy/V2ray
2026-06-27 08:44:01,510 | INFO     |   → 949/1304 ❌ HTTP 404 — https://raw.githubusercontent.com/hkaa0/permalink/main/proxy/clash
2026-06-27 08:44:01,510 | INFO     |   → 950/1304 ❌ HTTP 404 — https://raw.githubusercontent.com/hkpc/Autoproxy/6cf946ddfc677a29062007e4b47d70674474baa7/sub/2401/240110.txt
2026-06-27 08:44:01,510 | INFO     |   → 951/1304 ❌ HTTP 404 — https://raw.githubusercontent.com/hkpc/V2ray-Configs/7d9aa0dabf947af180a7dd6302818ed37950531a/Sub1.txt
2026-06-27 08:44:01,510 | INFO     |   → 952/1304: ✅ 0 взято | 🗑️ 14 мусор
2026-06-27 08:44:01,510 | INFO     |   → 953/1304: ✅ 16 взято | 🗑️ 16 мусор
2026-06-27 08:44:01,510 | INFO     |   → 954/1304 ❌ HTTP 404 — https://raw.githubusercontent.com/iboxz/free-v2ray-collector/main/main
2026-06-27 08:44:01,510 | INFO     |   → 955/1304: ✅ 18 взято | 🗑️ 11 мусор
2026-06-27 08:44:01,510 | INFO     |   → 956/1304: ✅ 15 взято | 🗑️ 43 мусор
2026-06-27 08:44:01,510 | INFO     |   → 957/1304: ✅ 112 взято | 🗑️ 179 мусор
2026-06-27 08:44:01,510 | INFO     |   → 958/1304 ❌ HTTP 404 — https://raw.githubusercontent.com/igareck/vpn-configs-for-russia/refs/heads/main/Vless-Reality-White-Lists-Rus-Cable.txt
2026-06-27 08:44:01,510 | INFO     |   → 959/1304: ✅ 133 взято | 🗑️ 17 мусор
2026-06-27 08:44:01,510 | INFO     |   → 960/1304: ✅ 0 взято | 🗑️ 0 мусор
2026-06-27 08:44:01,510 | INFO     |   → 961/1304: ✅ 0 взято | 🗑️ 0 мусор
2026-06-27 08:44:01,510 | INFO     |   → 962/1304: ✅ 23 взято | 🗑️ 9 мусор
2026-06-27 08:44:01,510 | INFO     |   → 963/1304: ✅ 0 взято | 🗑️ 0 мусор
2026-06-27 08:44:01,510 | INFO     |   → 964/1304: ✅ 0 взято | 🗑️ 0 мусор
2026-06-27 08:44:01,510 | INFO     |   → 965/1304: ✅ 0 взято | 🗑️ 12 мусор
2026-06-27 08:44:01,510 | INFO     |   → 966/1304: ✅ 0 взято | 🗑️ 43 мусор
2026-06-27 08:44:01,510 | INFO     |   → 967/1304 ❌ HTTP 404 — https://raw.githubusercontent.com/jw853355718/clash_233/master/config.yml
2026-06-27 08:44:01,510 | INFO     |   → 968/1304: ✅ 0 взято | 🗑️ 210 мусор
2026-06-27 08:44:01,511 | INFO     |   → 969/1304: ✅ 0 взято | 🗑️ 0 мусор
2026-06-27 08:44:01,511 | INFO     |   → 970/1304: ✅ 0 взято | 🗑️ 0 мусор
2026-06-27 08:44:01,511 | INFO     |   → 971/1304 ❌ HTTP 404 — https://raw.githubusercontent.com/lcx12901/v2ray-/master/sspool.herokuapp.com/yzcloud.yaml
2026-06-27 08:44:01,511 | INFO     |   → 972/1304 ❌ HTTP 404 — https://raw.githubusercontent.com/lcx12901/v2ray-/master/sspool.herokuapp.com/yzcloud2.yaml
2026-06-27 08:44:01,511 | INFO     |   → 973/1304: ✅ 0 взято | 🗑️ 0 мусор
2026-06-27 08:44:01,511 | INFO     |   → 974/1304 ❌ HTTP 404 — https://raw.githubusercontent.com/learnhard-cn/free_proxy_ss/main/clash/config.yaml
2026-06-27 08:44:01,511 | INFO     |   → 975/1304: ✅ 0 взято | 🗑️ 8 мусор
2026-06-27 08:44:01,511 | INFO     |   → 976/1304: ✅ 0 взято | 🗑️ 4 мусор
2026-06-27 08:44:01,511 | INFO     |   → 977/1304: ✅ 0 взято | 🗑️ 0 мусор
2026-06-27 08:44:01,511 | INFO     |   → 978/1304: ✅ 0 взято | 🗑️ 4 мусор
2026-06-27 08:44:01,511 | INFO     |   → 979/1304: ✅ 0 взято | 🗑️ 149 мусор
2026-06-27 08:44:01,511 | INFO     |   → 980/1304: ✅ 0 взято | 🗑️ 421 мусор
2026-06-27 08:44:01,511 | INFO     |   → 981/1304 ❌ HTTP 404 — https://raw.githubusercontent.com/lisylva-lee/v2dyku/main/ssr
2026-06-27 08:44:01,511 | INFO     |   → 982/1304 ❌ HTTP 404 — https://raw.githubusercontent.com/lisylva-lee/v2dyku/main/v2dy
2026-06-27 08:44:01,511 | INFO     |   → 983/1304: ✅ 0 взято | 🗑️ 53 мусор
2026-06-27 08:44:01,511 | INFO     |   → 984/1304 ❌ HTTP 404 — https://raw.githubusercontent.com/luxl-1379/merge/77247d23def72b25226dfa741614e9b07a569c72/sub/sub_merge_base64.txt
2026-06-27 08:44:01,511 | INFO     |   → 985/1304: ✅ 146 взято | 🗑️ 343 мусор
2026-06-27 08:44:01,511 | INFO     |   → 986/1304: ✅ 0 взято | 🗑️ 107 мусор
2026-06-27 08:44:01,511 | INFO     |   → 987/1304: ✅ 953 взято | 🗑️ 4136 мусор
2026-06-27 08:44:01,511 | INFO     |   → 988/1304: ✅ 0 взято | 🗑️ 0 мусор
2026-06-27 08:44:01,511 | INFO     |   → 989/1304: ✅ 0 взято | 🗑️ 4136 мусор
2026-06-27 08:44:01,511 | INFO     |   → 990/1304: ✅ 59 взято | 🗑️ 331 мусор
2026-06-27 08:44:01,511 | INFO     |   → 991/1304 ❌ HTTP 404 — https://raw.githubusercontent.com/mermeroo/Clash-V2ray/main/v2ray
2026-06-27 08:44:01,512 | INFO     |   → 992/1304: ✅ 15 взято | 🗑️ 417 мусор
2026-06-27 08:44:01,512 | INFO     |   → 993/1304: ✅ 6 взято | 🗑️ 102 мусор
2026-06-27 08:44:01,512 | INFO     |   → 994/1304: ✅ 716 взято | 🗑️ 6258 мусор
2026-06-27 08:44:01,512 | INFO     |   → 995/1304: ✅ 8 взято | 🗑️ 853 мусор
2026-06-27 08:44:01,512 | INFO     |   → 996/1304: ✅ 32 взято | 🗑️ 69 мусор
2026-06-27 08:44:01,512 | INFO     |   → 997/1304 ❌ HTTP 404 — https://raw.githubusercontent.com/mermeroo/free-v2ray-collector/main/main/mix
2026-06-27 08:44:01,512 | INFO     |   → 998/1304 ❌ HTTP 404 — https://raw.githubusercontent.com/mermeroo/free-v2ray-collector/main/main/reality
2026-06-27 08:44:01,512 | INFO     |   → 999/1304 ❌ HTTP 404 — https://raw.githubusercontent.com/mermeroo/free-v2ray-collector/main/main/shadowsocks
2026-06-27 08:44:01,512 | INFO     |   → 1000/1304 ❌ HTTP 404 — https://raw.githubusercontent.com/mermeroo/free-v2ray-collector/main/main/trojan
2026-06-27 08:44:01,512 | INFO     |   → 1001/1304 ❌ HTTP 404 — https://raw.githubusercontent.com/mermeroo/free-v2ray-collector/main/main/vless
2026-06-27 08:44:01,512 | INFO     |   → 1002/1304 ❌ HTTP 404 — https://raw.githubusercontent.com/mermeroo/free-v2ray-collector/main/main/vmess
2026-06-27 08:44:01,512 | INFO     |   → 1003/1304 ❌ HTTP 404 — https://raw.githubusercontent.com/mfuu/v2ray/master/merge/merge.txt
2026-06-27 08:44:01,512 | INFO     |   → 1004/1304: ✅ 0 взято | 🗑️ 228 мусор
2026-06-27 08:44:01,512 | INFO     |   → 1005/1304: ✅ 0 взято | 🗑️ 228 мусор
2026-06-27 08:44:01,512 | INFO     |   → 1006/1304: ✅ 664 взято | 🗑️ 15840 мусор
2026-06-27 08:44:01,512 | INFO     |   → 1007/1304: ✅ 0 взято | 🗑️ 15840 мусор
2026-06-27 08:44:01,512 | INFO     |   → 1008/1304: ✅ 0 взято | 🗑️ 2872 мусор
2026-06-27 08:44:01,512 | INFO     |   → 1009/1304: ✅ 0 взято | 🗑️ 2146 мусор
2026-06-27 08:44:01,512 | INFO     |   → 1010/1304: ✅ 0 взято | 🗑️ 6261 мусор
2026-06-27 08:44:01,512 | INFO     |   → 1011/1304: ✅ 0 взято | 🗑️ 4561 мусор
2026-06-27 08:44:01,512 | INFO     |   → 1012/1304 ❌ HTTP 404 — https://raw.githubusercontent.com/mianous/qiren/main/qiren.txt
2026-06-27 08:44:01,513 | INFO     |   → 1013/1304 ❌ HTTP 404 — https://raw.githubusercontent.com/miladtahanian/V2RayCFGDumper/refs/heads/main/config.txt
2026-06-27 08:44:01,513 | INFO     |   → 1014/1304 ❌ HTTP 404 — https://raw.githubusercontent.com/miladtahanian/multi-proxy-config-fetcher/refs/heads/main/configs/proxy_configs.txt
2026-06-27 08:44:01,513 | INFO     |   → 1015/1304: ✅ 0 взято | 🗑️ 0 мусор
2026-06-27 08:44:01,513 | INFO     |   → 1016/1304: ✅ 0 взято | 🗑️ 0 мусор
2026-06-27 08:44:01,513 | INFO     |   → 1017/1304: ✅ 0 взято | 🗑️ 0 мусор
2026-06-27 08:44:01,513 | INFO     |   → 1018/1304: ✅ 15 взято | 🗑️ 46 мусор
2026-06-27 08:44:01,513 | INFO     |   → 1019/1304: ✅ 0 взято | 🗑️ 179 мусор
2026-06-27 08:44:01,513 | INFO     |   → 1020/1304: ✅ 0 взято | 🗑️ 0 мусор
2026-06-27 08:44:01,513 | INFO     |   → 1021/1304: ✅ 28 взято | 🗑️ 93 мусор
2026-06-27 08:44:01,513 | INFO     |   → 1022/1304: ✅ 0 взято | 🗑️ 0 мусор
2026-06-27 08:44:01,513 | INFO     |   → 1023/1304: ✅ 15 взято | 🗑️ 70 мусор
2026-06-27 08:44:01,513 | INFO     |   → 1024/1304: ✅ 127 взято | 🗑️ 492 мусор
2026-06-27 08:44:01,513 | INFO     |   → 1025/1304: ✅ 331 взято | 🗑️ 190 мусор
2026-06-27 08:44:01,513 | INFO     |   → 1026/1304: ✅ 32 взято | 🗑️ 1230 мусор
2026-06-27 08:44:01,513 | INFO     |   → 1027/1304 ❌ HTTP 404 — https://raw.githubusercontent.com/obscure1990/freeVM/master/snippets/nodes.yml
2026-06-27 08:44:01,513 | INFO     |   → 1028/1304 ❌ HTTP 404 — https://raw.githubusercontent.com/op30mmd/things/909b38024ba14d69dc0f95c238f63bc6e930a00f/eut.txt
2026-06-27 08:44:01,513 | INFO     |   → 1029/1304 ❌ HTTP 404 — https://raw.githubusercontent.com/openRunner/clash-freenode/main/v2ray.txt
2026-06-27 08:44:01,513 | INFO     |   → 1030/1304 ❌ HTTP 404 — https://raw.githubusercontent.com/oslook/clash-freenode/main/clash.yaml
2026-06-27 08:44:01,513 | INFO     |   → 1031/1304: ✅ 0 взято | 🗑️ 0 мусор
2026-06-27 08:44:01,513 | INFO     |   → 1032/1304: ✅ 4 взято | 🗑️ 1 мусор
2026-06-27 08:44:01,513 | INFO     |   → 1033/1304: ✅ 0 взято | 🗑️ 0 мусор
2026-06-27 08:44:01,513 | INFO     |   → 1034/1304: ✅ 1 взято | 🗑️ 73 мусор
2026-06-27 08:44:01,514 | INFO     |   → 1035/1304: ✅ 0 взято | 🗑️ 0 мусор
2026-06-27 08:44:01,514 | INFO     |   → 1036/1304: ✅ 0 взято | 🗑️ 0 мусор
2026-06-27 08:44:01,514 | INFO     |   → 1037/1304: ✅ 0 взято | 🗑️ 19 мусор
2026-06-27 08:44:01,514 | INFO     |   → 1038/1304: ✅ 0 взято | 🗑️ 44 мусор
2026-06-27 08:44:01,514 | INFO     |   → 1039/1304: ✅ 63 взято | 🗑️ 521 мусор
2026-06-27 08:44:01,514 | INFO     |   → 1040/1304: ✅ 165 взято | 🗑️ 273 мусор
2026-06-27 08:44:01,514 | INFO     |   → 1041/1304: ✅ 0 взято | 🗑️ 0 мусор
2026-06-27 08:44:01,514 | INFO     |   → 1042/1304: ✅ 28 взято | 🗑️ 211 мусор
2026-06-27 08:44:01,514 | INFO     |   → 1043/1304: ✅ 0 взято | 🗑️ 79 мусор
2026-06-27 08:44:01,514 | INFO     |   → 1044/1304: ✅ 13 взято | 🗑️ 32 мусор
2026-06-27 08:44:01,514 | INFO     |   → 1045/1304: ✅ 0 взято | 🗑️ 0 мусор
2026-06-27 08:44:01,514 | INFO     |   → 1046/1304: ✅ 2 взято | 🗑️ 9 мусор
2026-06-27 08:44:01,514 | INFO     |   → 1047/1304: ✅ 11 взято | 🗑️ 76 мусор
2026-06-27 08:44:01,514 | INFO     |   → 1048/1304: ✅ 0 взято | 🗑️ 168 мусор
2026-06-27 08:44:01,514 | INFO     |   → 1049/1304: ✅ 0 взято | 🗑️ 79 мусор
2026-06-27 08:44:01,514 | INFO     |   → 1050/1304: ✅ 0 взято | 🗑️ 14 мусор
2026-06-27 08:44:01,514 | INFO     |   → 1051/1304 ❌ HTTP 404 — https://raw.githubusercontent.com/ronghuaxueleng/get_v2/main/pub/changfengoss.yaml
2026-06-27 08:44:01,514 | INFO     |   → 1052/1304: ✅ 0 взято | 🗑️ 0 мусор
2026-06-27 08:44:01,514 | INFO     |   → 1053/1304: ✅ 99 взято | 🗑️ 47 мусор
2026-06-27 08:44:01,514 | INFO     |   → 1054/1304: ✅ 0 взято | 🗑️ 47 мусор
2026-06-27 08:44:01,514 | INFO     |   → 1055/1304 ❌ HTTP 404 — https://raw.githubusercontent.com/rxsweet/CM_Vmess/refs/heads/main/test.txt
2026-06-27 08:44:01,514 | INFO     |   → 1056/1304 ❌ HTTP 404 — https://raw.githubusercontent.com/rxsweet/proxies/main/sub/free.yaml
2026-06-27 08:44:01,514 | INFO     |   → 1057/1304 ❌ HTTP 404 — https://raw.githubusercontent.com/rxsweet/proxies/main/sub/rx.yaml
2026-06-27 08:44:01,514 | INFO     |   → 1058/1304 ❌ HTTP 404 — https://raw.githubusercontent.com/rxsweet/proxies/main/sub/sources/dynamicAll.yaml
2026-06-27 08:44:01,515 | INFO     |   → 1059/1304 ❌ HTTP 404 — https://raw.githubusercontent.com/rxsweet/proxies/main/sub/sources/miningAll.yaml
2026-06-27 08:44:01,515 | INFO     |   → 1060/1304 ❌ HTTP 404 — https://raw.githubusercontent.com/rxsweet/proxies/main/sub/srx.yaml
2026-06-27 08:44:01,515 | INFO     |   → 1061/1304 ❌ HTTP 404 — https://raw.githubusercontent.com/sajad-sajadi/V2ray-Collector/raw/main/output/protocols/vmess.txt
2026-06-27 08:44:01,515 | INFO     |   → 1062/1304 ❌ HTTP 404 — https://raw.githubusercontent.com/sakha1370/OpenRay/raw/refs/heads/main/output/all_valid_proxies.txt
2026-06-27 08:44:01,515 | INFO     |   → 1063/1304: ✅ 53 взято | 🗑️ 399 мусор
2026-06-27 08:44:01,515 | INFO     |   → 1064/1304: ✅ 0 взято | 🗑️ 399 мусор
2026-06-27 08:44:01,515 | INFO     |   → 1065/1304 ❌ HTTP 404 — https://raw.githubusercontent.com/samjoeyang/subscribe/main/fly
2026-06-27 08:44:01,515 | INFO     |   → 1066/1304: ✅ 0 взято | 🗑️ 0 мусор
2026-06-27 08:44:01,515 | INFO     |   → 1067/1304 ❌ HTTP 404 — https://raw.githubusercontent.com/sarina-ad/v2ray/main/v2ray
2026-06-27 08:44:01,515 | INFO     |   → 1068/1304 ❌ HTTP 404 — https://raw.githubusercontent.com/satrom/V2SSR/master/SSR/Sub.txt
2026-06-27 08:44:01,515 | INFO     |   → 1069/1304 ❌ HTTP 404 — https://raw.githubusercontent.com/satrom/V2SSR/master/V2RAY/Sub.txt
2026-06-27 08:44:01,515 | INFO     |   → 1070/1304: ✅ 12249 взято | 🗑️ 222728 мусор
2026-06-27 08:44:01,515 | INFO     |   → 1071/1304: ✅ 0 взято | 🗑️ 0 мусор
2026-06-27 08:44:01,515 | INFO     |   → 1072/1304: ✅ 0 взято | 🗑️ 0 мусор
2026-06-27 08:44:01,515 | INFO     |   → 1073/1304: ✅ 3 взято | 🗑️ 49 мусор
2026-06-27 08:44:01,515 | INFO     |   → 1074/1304: ✅ 383 взято | 🗑️ 2407 мусор
2026-06-27 08:44:01,515 | INFO     |   → 1075/1304: ✅ 0 взято | 🗑️ 1180 мусор
2026-06-27 08:44:01,515 | INFO     |   → 1076/1304: ✅ 0 взято | 🗑️ 130 мусор
2026-06-27 08:44:01,515 | INFO     |   → 1077/1304: ✅ 0 взято | 🗑️ 1070 мусор
2026-06-27 08:44:01,515 | INFO     |   → 1078/1304: ✅ 0 взято | 🗑️ 27 мусор
2026-06-27 08:44:01,515 | INFO     |   → 1079/1304: ✅ 0 взято | 🗑️ 2407 мусор
2026-06-27 08:44:01,515 | INFO     |   → 1080/1304: ✅ 0 взято | 🗑️ 0 мусор
2026-06-27 08:44:01,515 | INFO     |   → 1081/1304 ❌ HTTP 404 — https://raw.githubusercontent.com/shirkerboy/scp/main/sub
2026-06-27 08:44:01,515 | INFO     |   → 1082/1304 ❌ HTTP 404 — https://raw.githubusercontent.com/snakem982/proxypool/main/nodelist.txt
2026-06-27 08:44:01,515 | INFO     |   → 1083/1304: ✅ 0 взято | 🗑️ 3 мусор
2026-06-27 08:44:01,516 | INFO     |   → 1084/1304 ❌ HTTP 404 — https://raw.githubusercontent.com/snakem982/proxypool/main/source/v2ray.txt
2026-06-27 08:44:01,516 | INFO     |   → 1085/1304 ❌ HTTP 404 — https://raw.githubusercontent.com/soroushmirzaei/telegram-configs-collector/main/channels/protocols/hysteria
2026-06-27 08:44:01,516 | INFO     |   → 1086/1304 ❌ HTTP 404 — https://raw.githubusercontent.com/soroushmirzaei/telegram-configs-collector/main/channels/protocols/juicity
2026-06-27 08:44:01,516 | INFO     |   → 1087/1304 ❌ HTTP 404 — https://raw.githubusercontent.com/soroushmirzaei/telegram-configs-collector/main/channels/protocols/reality
2026-06-27 08:44:01,516 | INFO     |   → 1088/1304 ❌ HTTP 404 — https://raw.githubusercontent.com/soroushmirzaei/telegram-configs-collector/main/channels/protocols/shadowsocks
2026-06-27 08:44:01,516 | INFO     |   → 1089/1304 ❌ HTTP 404 — https://raw.githubusercontent.com/soroushmirzaei/telegram-configs-collector/main/channels/protocols/trojan
2026-06-27 08:44:01,516 | INFO     |   → 1090/1304 ❌ HTTP 404 — https://raw.githubusercontent.com/soroushmirzaei/telegram-configs-collector/main/channels/protocols/tuic
2026-06-27 08:44:01,516 | INFO     |   → 1091/1304 ❌ HTTP 404 — https://raw.githubusercontent.com/soroushmirzaei/telegram-configs-collector/main/channels/protocols/vless
2026-06-27 08:44:01,516 | INFO     |   → 1092/1304 ❌ HTTP 404 — https://raw.githubusercontent.com/soroushmirzaei/telegram-configs-collector/main/channels/protocols/vmess
2026-06-27 08:44:01,516 | INFO     |   → 1093/1304 ❌ HTTP 404 — https://raw.githubusercontent.com/soroushmirzaei/telegram-configs-collector/main/countries/jp/mixed
2026-06-27 08:44:01,516 | INFO     |   → 1094/1304 ❌ HTTP 404 — https://raw.githubusercontent.com/soroushmirzaei/telegram-configs-collector/main/protocols/hysteria
2026-06-27 08:44:01,516 | INFO     |   → 1095/1304 ❌ HTTP 404 — https://raw.githubusercontent.com/soroushmirzaei/telegram-configs-collector/main/protocols/juicity
2026-06-27 08:44:01,516 | INFO     |   → 1096/1304 ❌ HTTP 404 — https://raw.githubusercontent.com/soroushmirzaei/telegram-configs-collector/main/protocols/reality
2026-06-27 08:44:01,516 | INFO     |   → 1097/1304 ❌ HTTP 404 — https://raw.githubusercontent.com/soroushmirzaei/telegram-configs-collector/main/protocols/shadowsocks
2026-06-27 08:44:01,516 | INFO     |   → 1098/1304 ❌ HTTP 404 — https://raw.githubusercontent.com/soroushmirzaei/telegram-configs-collector/main/protocols/trojan
2026-06-27 08:44:01,516 | INFO     |   → 1099/1304 ❌ HTTP 404 — https://raw.githubusercontent.com/soroushmirzaei/telegram-configs-collector/main/protocols/tuic
2026-06-27 08:44:01,516 | INFO     |   → 1100/1304 ❌ HTTP 404 — https://raw.githubusercontent.com/soroushmirzaei/telegram-configs-collector/main/protocols/vless
2026-06-27 08:44:01,516 | INFO     |   → 1101/1304 ❌ HTTP 404 — https://raw.githubusercontent.com/soroushmirzaei/telegram-configs-collector/main/protocols/vmess
2026-06-27 08:44:01,516 | INFO     |   → 1102/1304 ❌ HTTP 404 — https://raw.githubusercontent.com/soroushmirzaei/telegram-configs-collector/main/splitted/subscribe
2026-06-27 08:44:01,516 | INFO     |   → 1103/1304 ❌ HTTP 404 — https://raw.githubusercontent.com/ssrsub/ssr/master/Clash.yml
2026-06-27 08:44:01,516 | INFO     |   → 1104/1304 ❌ HTTP 404 — https://raw.githubusercontent.com/ssrsub/ssr/master/V2Ray
2026-06-27 08:44:01,516 | INFO     |   → 1105/1304 ❌ HTTP 404 — https://raw.githubusercontent.com/ssrsub/ssr/master/ss-sub
2026-06-27 08:44:01,516 | INFO     |   → 1106/1304 ❌ HTTP 404 — https://raw.githubusercontent.com/ssrsub/ssr/master/ssrsub
2026-06-27 08:44:01,516 | INFO     |   → 1107/1304 ❌ HTTP 404 — https://raw.githubusercontent.com/ssrsub/ssr/master/trojan
2026-06-27 08:44:01,516 | INFO     |   → 1108/1304: ✅ 0 взято | 🗑️ 0 мусор
2026-06-27 08:44:01,516 | INFO     |   → 1109/1304: ✅ 2 взято | 🗑️ 12 мусор
2026-06-27 08:44:01,517 | INFO     |   → 1110/1304: ✅ 0 взято | 🗑️ 13 мусор
2026-06-27 08:44:01,517 | INFO     |   → 1111/1304: ✅ 0 взято | 🗑️ 13 мусор
2026-06-27 08:44:01,517 | INFO     |   → 1112/1304 ❌ HTTP 404 — https://raw.githubusercontent.com/tbbatbb/Proxy/master/dist/clash.config.yaml
2026-06-27 08:44:01,517 | INFO     |   → 1113/1304: ✅ 2 взято | 🗑️ 35 мусор
2026-06-27 08:44:01,517 | INFO     |   → 1114/1304: ✅ 0 взято | 🗑️ 0 мусор
2026-06-27 08:44:01,517 | INFO     |   → 1115/1304: ✅ 5 взято | 🗑️ 111 мусор
2026-06-27 08:44:01,517 | INFO     |   → 1116/1304: ✅ 0 взято | 🗑️ 0 мусор
2026-06-27 08:44:01,517 | INFO     |   → 1117/1304: ✅ 0 взято | 🗑️ 149 мусор
2026-06-27 08:44:01,517 | INFO     |   → 1118/1304 ❌ HTTP 404 — https://raw.githubusercontent.com/v2clash/Autoproxy/a81f840ab2364124133572ec94e4b81fb0d4e58d/sub/2401/240104.txt
2026-06-27 08:44:01,517 | INFO     |   → 1119/1304 ❌ HTTP 404 — https://raw.githubusercontent.com/v2clash/V2ray-Configs/31f493c584d0c7b56350f4a34d80c53ad82bcc18/Sub9.txt
2026-06-27 08:44:01,517 | INFO     |   → 1120/1304: ✅ 0 взято | 🗑️ 0 мусор
2026-06-27 08:44:01,517 | INFO     |   → 1121/1304: ✅ 0 взято | 🗑️ 0 мусор
2026-06-27 08:44:01,517 | INFO     |   → 1122/1304: ✅ 0 взято | 🗑️ 0 мусор
2026-06-27 08:44:01,517 | INFO     |   → 1123/1304: ✅ 283 взято | 🗑️ 9640 мусор
2026-06-27 08:44:01,517 | INFO     |   → 1124/1304: ✅ 281 взято | 🗑️ 10086 мусор
2026-06-27 08:44:01,517 | INFO     |   → 1125/1304: ✅ 280 взято | 🗑️ 9675 мусор
2026-06-27 08:44:01,517 | INFO     |   → 1126/1304: ✅ 334 взято | 🗑️ 9823 мусор
2026-06-27 08:44:01,517 | INFO     |   → 1127/1304: ✅ 350 взято | 🗑️ 9639 мусор
2026-06-27 08:44:01,517 | INFO     |   → 1128/1304: ✅ 125 взято | 🗑️ 7919 мусор
2026-06-27 08:44:01,517 | INFO     |   → 1129/1304: ✅ 135 взято | 🗑️ 4836 мусор
2026-06-27 08:44:01,517 | INFO     |   → 1130/1304: ✅ 502 взято | 🗑️ 7659 мусор
2026-06-27 08:44:01,517 | INFO     |   → 1131/1304: ✅ 631 взято | 🗑️ 8081 мусор
2026-06-27 08:44:01,517 | INFO     |   → 1132/1304: ✅ 202 взято | 🗑️ 5131 мусор
2026-06-27 08:44:01,517 | INFO     |   → 1133/1304 ❌ HTTP 404 — https://raw.githubusercontent.com/vveg26/chromego_merge/main/sub/merged_proxies.yaml
2026-06-27 08:44:01,517 | INFO     |   → 1134/1304 ❌ HTTP 404 — https://raw.githubusercontent.com/vveg26/get_proxy/main/dist/clash.config.yaml
2026-06-27 08:44:01,518 | INFO     |   → 1135/1304: ✅ 0 взято | 🗑️ 10 мусор
2026-06-27 08:44:01,518 | INFO     |   → 1136/1304: ✅ 0 взято | 🗑️ 10 мусор
2026-06-27 08:44:01,518 | INFO     |   → 1137/1304: ✅ 0 взято | 🗑️ 4 мусор
2026-06-27 08:44:01,518 | INFO     |   → 1138/1304: ✅ 0 взято | 🗑️ 0 мусор
2026-06-27 08:44:01,518 | INFO     |   → 1139/1304: ✅ 0 взято | 🗑️ 4 мусор
2026-06-27 08:44:01,518 | INFO     |   → 1140/1304: ✅ 106 взято | 🗑️ 689 мусор
2026-06-27 08:44:01,518 | INFO     |   → 1141/1304: ✅ 48 взято | 🗑️ 841 мусор
2026-06-27 08:44:01,518 | INFO     |   → 1142/1304: ✅ 21 взято | 🗑️ 789 мусор
2026-06-27 08:44:01,518 | INFO     |   → 1143/1304: ✅ 24 взято | 🗑️ 774 мусор
2026-06-27 08:44:01,518 | INFO     |   → 1144/1304: ✅ 52 взято | 🗑️ 756 мусор
2026-06-27 08:44:01,518 | INFO     |   → 1145/1304: ✅ 191 взято | 🗑️ 745 мусор
2026-06-27 08:44:01,518 | INFO     |   → 1146/1304: ✅ 9 взято | 🗑️ 651 мусор
2026-06-27 08:44:01,518 | INFO     |   → 1147/1304: ✅ 185 взято | 🗑️ 388 мусор
2026-06-27 08:44:01,518 | INFO     |   → 1148/1304: ✅ 130 взято | 🗑️ 523 мусор
2026-06-27 08:44:01,518 | INFO     |   → 1149/1304: ✅ 67 взято | 🗑️ 533 мусор
2026-06-27 08:44:01,518 | INFO     |   → 1150/1304: ✅ 98 взято | 🗑️ 444 мусор
2026-06-27 08:44:01,518 | INFO     |   → 1151/1304: ✅ 102 взято | 🗑️ 670 мусор
2026-06-27 08:44:01,518 | INFO     |   → 1152/1304: ✅ 86 взято | 🗑️ 476 мусор
2026-06-27 08:44:01,518 | INFO     |   → 1153/1304: ✅ 95 взято | 🗑️ 657 мусор
2026-06-27 08:44:01,518 | INFO     |   → 1154/1304: ✅ 105 взято | 🗑️ 645 мусор
2026-06-27 08:44:01,518 | INFO     |   → 1155/1304: ✅ 115 взято | 🗑️ 985 мусор
2026-06-27 08:44:01,518 | INFO     |   → 1156/1304: ✅ 6 взято | 🗑️ 63 мусор
2026-06-27 08:44:01,518 | INFO     |   → 1157/1304: ✅ 7 взято | 🗑️ 62 мусор
2026-06-27 08:44:01,518 | INFO     |   → 1158/1304: ✅ 39 взято | 🗑️ 489 мусор
2026-06-27 08:44:01,518 | INFO     |   → 1159/1304: ✅ 0 взято | 🗑️ 0 мусор
2026-06-27 08:44:01,519 | INFO     |   → 1160/1304: ✅ 0 взято | 🗑️ 0 мусор
2026-06-27 08:44:01,519 | INFO     |   → 1161/1304: ✅ 0 взято | 🗑️ 0 мусор
2026-06-27 08:44:01,519 | INFO     |   → 1162/1304: ✅ 0 взято | 🗑️ 0 мусор
2026-06-27 08:44:01,519 | INFO     |   → 1163/1304: ✅ 0 взято | 🗑️ 0 мусор
2026-06-27 08:44:01,519 | INFO     |   → 1164/1304: ✅ 0 взято | 🗑️ 52 мусор
2026-06-27 08:44:01,519 | INFO     |   → 1165/1304: ✅ 5 взято | 🗑️ 10 мусор
2026-06-27 08:44:01,519 | INFO     |   → 1166/1304: ✅ 1 взято | 🗑️ 124 мусор
2026-06-27 08:44:01,519 | INFO     |   → 1167/1304: ✅ 247 взято | 🗑️ 207 мусор
2026-06-27 08:44:01,519 | INFO     |   → 1168/1304: ✅ 0 взято | 🗑️ 9 мусор
2026-06-27 08:44:01,519 | INFO     |   → 1169/1304: ✅ 8 взято | 🗑️ 1023 мусор
2026-06-27 08:44:01,519 | INFO     |   → 1170/1304 ❌ HTTP 404 — https://raw.githubusercontent.com/xiaozhu2007/xiaozhu2007/61a755a044dbaeea678bc2d1e20f21a21c6d7170/docs/fxxk.txt
2026-06-27 08:44:01,519 | INFO     |   → 1171/1304: ✅ 1 взято | 🗑️ 159 мусор
2026-06-27 08:44:01,519 | INFO     |   → 1172/1304: ✅ 0 взято | 🗑️ 22 мусор
2026-06-27 08:44:01,519 | INFO     |   → 1173/1304: ✅ 0 взято | 🗑️ 0 мусор
2026-06-27 08:44:01,519 | INFO     |   → 1174/1304 ❌ HTTP 404 — https://raw.githubusercontent.com/yebekhe/TVC/0f745f92bf381e505f1245abbc7c145b19b11503/config.txt
2026-06-27 08:44:01,519 | INFO     |   → 1175/1304 ❌ HTTP 404 — https://raw.githubusercontent.com/yebekhe/TVC/9fac69239c69327fb7a61f5a8d79d107133889e1/lite/config.txt
2026-06-27 08:44:01,519 | INFO     |   → 1176/1304 ❌ HTTP 404 — https://raw.githubusercontent.com/yebekhe/TelegramV2rayCollector/main/sub/normal/donated
2026-06-27 08:44:01,519 | INFO     |   → 1177/1304 ❌ HTTP 404 — https://raw.githubusercontent.com/yebekhe/TelegramV2rayCollector/main/sub/normal/hysteria2
2026-06-27 08:44:01,519 | INFO     |   → 1178/1304 ❌ HTTP 404 — https://raw.githubusercontent.com/yebekhe/TelegramV2rayCollector/main/sub/normal/mix
2026-06-27 08:44:01,519 | INFO     |   → 1179/1304 ❌ HTTP 404 — https://raw.githubusercontent.com/yebekhe/TelegramV2rayCollector/main/sub/normal/reality
2026-06-27 08:44:01,519 | INFO     |   → 1180/1304 ❌ HTTP 404 — https://raw.githubusercontent.com/yebekhe/TelegramV2rayCollector/main/sub/normal/shadowsocks
2026-06-27 08:44:01,519 | INFO     |   → 1181/1304 ❌ HTTP 404 — https://raw.githubusercontent.com/yebekhe/TelegramV2rayCollector/main/sub/normal/trojan
2026-06-27 08:44:01,519 | INFO     |   → 1182/1304 ❌ HTTP 404 — https://raw.githubusercontent.com/yebekhe/TelegramV2rayCollector/main/sub/normal/tuic
2026-06-27 08:44:01,519 | INFO     |   → 1183/1304 ❌ HTTP 404 — https://raw.githubusercontent.com/yebekhe/TelegramV2rayCollector/main/sub/normal/vless
2026-06-27 08:44:01,519 | INFO     |   → 1184/1304 ❌ HTTP 404 — https://raw.githubusercontent.com/yebekhe/TelegramV2rayCollector/main/sub/normal/vmess
2026-06-27 08:44:01,520 | INFO     |   → 1185/1304 ❌ HTTP 404 — https://raw.githubusercontent.com/yebekhe/V2Hub/main/Split/Normal/shadowsocks
2026-06-27 08:44:01,520 | INFO     |   → 1186/1304 ❌ HTTP 404 — https://raw.githubusercontent.com/yebekhe/V2Hub/main/merged
2026-06-27 08:44:01,520 | INFO     |   → 1187/1304: ✅ 0 взято | 🗑️ 30 мусор
2026-06-27 08:44:01,520 | INFO     |   → 1188/1304: ✅ 1266 взято | 🗑️ 10798 мусор
2026-06-27 08:44:01,520 | INFO     |   → 1189/1304: ✅ 16 взято | 🗑️ 441 мусор
2026-06-27 08:44:01,520 | INFO     |   → 1190/1304: ✅ 15 взято | 🗑️ 421 мусор
2026-06-27 08:44:01,520 | INFO     |   → 1191/1304: ✅ 215 взято | 🗑️ 467 мусор
2026-06-27 08:44:01,520 | INFO     |   → 1192/1304: ✅ 118 взято | 🗑️ 2020 мусор
2026-06-27 08:44:01,520 | INFO     |   → 1193/1304: ✅ 3 взято | 🗑️ 561 мусор
2026-06-27 08:44:01,520 | INFO     |   → 1194/1304 ❌ HTTP 404 — https://raw.githubusercontent.com/yyyr-otz/tele-providers-collector/019cb3e07ee52fddbc7caa54fc670c6b9bae6539/sub/proxies.txt
2026-06-27 08:44:01,520 | INFO     |   → 1195/1304 ❌ HTTP 404 — https://raw.githubusercontent.com/yyyr-otz/tele-providers-collector/b7a74ee98bcf02c5a507d688a1bed3aa9f7f4ed1/script/raw/protocols/mixed.txt
2026-06-27 08:44:01,520 | INFO     |   → 1196/1304: ✅ 0 взято | 🗑️ 0 мусор
2026-06-27 08:44:01,520 | INFO     |   → 1197/1304: ✅ 0 взято | 🗑️ 0 мусор
2026-06-27 08:44:01,520 | INFO     |   → 1198/1304: ✅ 1 взято | 🗑️ 18 мусор
2026-06-27 08:44:01,520 | INFO     |   → 1199/1304: ✅ 36 взято | 🗑️ 1210 мусор
2026-06-27 08:44:01,520 | INFO     |   → 1200/1304: ✅ 0 взято | 🗑️ 5 мусор
2026-06-27 08:44:01,520 | INFO     |   → 1201/1304: ✅ 0 взято | 🗑️ 0 мусор
2026-06-27 08:44:01,520 | INFO     |   → 1202/1304 ⚠️ Ошибка: ('Connection aborted.', RemoteDisconnected('Remote end closed connection without response')) — https://sub.pmsub.me/clash.yaml
2026-06-27 08:44:01,520 | INFO     |   → 1203/1304: ✅ 0 взято | 🗑️ 1 мусор
2026-06-27 08:44:01,520 | INFO     |   → 1204/1304: ✅ 8 взято | 🗑️ 21 мусор
2026-06-27 08:44:01,520 | INFO     |   → 1205/1304: ✅ 0 взято | 🗑️ 0 мусор
2026-06-27 08:44:01,520 | INFO     |   → 1206/1304: ✅ 9 взято | 🗑️ 19 мусор
2026-06-27 08:44:01,520 | INFO     |   → 1207/1304: ✅ 0 взято | 🗑️ 0 мусор
2026-06-27 08:44:01,520 | INFO     |   → 1208/1304: ✅ 2 взято | 🗑️ 14 мусор
2026-06-27 08:44:01,520 | INFO     |   → 1209/1304: ✅ 4 взято | 🗑️ 22 мусор
2026-06-27 08:44:01,521 | INFO     |   → 1210/1304: ✅ 0 взято | 🗑️ 0 мусор
2026-06-27 08:44:01,521 | INFO     |   → 1211/1304: ✅ 0 взято | 🗑️ 0 мусор
2026-06-27 08:44:01,521 | INFO     |   → 1212/1304: ✅ 0 взято | 🗑️ 0 мусор
2026-06-27 08:44:01,521 | INFO     |   → 1213/1304: ✅ 2 взято | 🗑️ 16 мусор
2026-06-27 08:44:01,521 | INFO     |   → 1214/1304: ✅ 0 взято | 🗑️ 0 мусор
2026-06-27 08:44:01,521 | INFO     |   → 1215/1304: ✅ 4 взято | 🗑️ 7 мусор
2026-06-27 08:44:01,521 | INFO     |   → 1216/1304: ✅ 0 взято | 🗑️ 0 мусор
2026-06-27 08:44:01,521 | INFO     |   → 1217/1304: ✅ 6 взято | 🗑️ 14 мусор
2026-06-27 08:44:01,521 | INFO     |   → 1218/1304: ✅ 0 взято | 🗑️ 0 мусор
2026-06-27 08:44:01,521 | INFO     |   → 1219/1304: ✅ 2 взято | 🗑️ 13 мусор
2026-06-27 08:44:01,521 | INFO     |   → 1220/1304: ✅ 0 взято | 🗑️ 0 мусор
2026-06-27 08:44:01,521 | INFO     |   → 1221/1304: ✅ 0 взято | 🗑️ 0 мусор
2026-06-27 08:44:01,521 | INFO     |   → 1222/1304: ✅ 2 взято | 🗑️ 7 мусор
2026-06-27 08:44:01,521 | INFO     |   → 1223/1304: ✅ 1 взято | 🗑️ 14 мусор
2026-06-27 08:44:01,521 | INFO     |   → 1224/1304: ✅ 2 взято | 🗑️ 14 мусор
2026-06-27 08:44:01,521 | INFO     |   → 1225/1304: ✅ 0 взято | 🗑️ 0 мусор
2026-06-27 08:44:01,521 | INFO     |   → 1226/1304: ✅ 3 взято | 🗑️ 22 мусор
2026-06-27 08:44:01,521 | INFO     |   → 1227/1304: ✅ 0 взято | 🗑️ 0 мусор
2026-06-27 08:44:01,521 | INFO     |   → 1228/1304: ✅ 2 взято | 🗑️ 15 мусор
2026-06-27 08:44:01,521 | INFO     |   → 1229/1304: ✅ 3 взято | 🗑️ 12 мусор
2026-06-27 08:44:01,521 | INFO     |   → 1230/1304: ✅ 0 взято | 🗑️ 0 мусор
2026-06-27 08:44:01,521 | INFO     |   → 1231/1304: ✅ 0 взято | 🗑️ 0 мусор
2026-06-27 08:44:01,521 | INFO     |   → 1232/1304: ✅ 0 взято | 🗑️ 0 мусор
2026-06-27 08:44:01,522 | INFO     |   → 1233/1304: ✅ 4 взято | 🗑️ 11 мусор
2026-06-27 08:44:01,522 | INFO     |   → 1234/1304: ✅ 10 взято | 🗑️ 15 мусор
2026-06-27 08:44:01,522 | INFO     |   → 1235/1304: ✅ 0 взято | 🗑️ 0 мусор
2026-06-27 08:44:01,522 | INFO     |   → 1236/1304: ✅ 13 взято | 🗑️ 15 мусор
2026-06-27 08:44:01,522 | INFO     |   → 1237/1304: ✅ 0 взято | 🗑️ 0 мусор
2026-06-27 08:44:01,522 | INFO     |   → 1238/1304: ✅ 5 взято | 🗑️ 15 мусор
2026-06-27 08:44:01,522 | INFO     |   → 1239/1304: ✅ 0 взято | 🗑️ 0 мусор
2026-06-27 08:44:01,522 | INFO     |   → 1240/1304: ✅ 8 взято | 🗑️ 16 мусор
2026-06-27 08:44:01,522 | INFO     |   → 1241/1304: ✅ 0 взято | 🗑️ 0 мусор
2026-06-27 08:44:01,522 | INFO     |   → 1242/1304: ✅ 0 взято | 🗑️ 24 мусор
2026-06-27 08:44:01,522 | INFO     |   → 1243/1304: ✅ 0 взято | 🗑️ 0 мусор
2026-06-27 08:44:01,522 | INFO     |   → 1244/1304: ✅ 4 взято | 🗑️ 17 мусор
2026-06-27 08:44:01,522 | INFO     |   → 1245/1304: ✅ 0 взято | 🗑️ 0 мусор
2026-06-27 08:44:01,522 | INFO     |   → 1246/1304: ✅ 12 взято | 🗑️ 18 мусор
2026-06-27 08:44:01,522 | INFO     |   → 1247/1304: ✅ 0 взято | 🗑️ 0 мусор
2026-06-27 08:44:01,522 | INFO     |   → 1248/1304: ✅ 2 взято | 🗑️ 17 мусор
2026-06-27 08:44:01,522 | INFO     |   → 1249/1304: ✅ 0 взято | 🗑️ 0 мусор
2026-06-27 08:44:01,522 | INFO     |   → 1250/1304: ✅ 1 взято | 🗑️ 27 мусор
2026-06-27 08:44:01,522 | INFO     |   → 1251/1304: ✅ 0 взято | 🗑️ 0 мусор
2026-06-27 08:44:01,522 | INFO     |   → 1252/1304: ✅ 4 взято | 🗑️ 15 мусор
2026-06-27 08:44:01,522 | INFO     |   → 1253/1304: ✅ 0 взято | 🗑️ 0 мусор
2026-06-27 08:44:01,522 | INFO     |   → 1254/1304: ✅ 4 взято | 🗑️ 26 мусор
2026-06-27 08:44:01,523 | INFO     |   → 1255/1304: ✅ 0 взято | 🗑️ 0 мусор
2026-06-27 08:44:01,523 | INFO     |   → 1256/1304: ✅ 3 взято | 🗑️ 21 мусор
2026-06-27 08:44:01,523 | INFO     |   → 1257/1304: ✅ 0 взято | 🗑️ 0 мусор
2026-06-27 08:44:01,523 | INFO     |   → 1258/1304: ✅ 8 взято | 🗑️ 12 мусор
2026-06-27 08:44:01,523 | INFO     |   → 1259/1304: ✅ 0 взято | 🗑️ 0 мусор
2026-06-27 08:44:01,523 | INFO     |   → 1260/1304: ✅ 8 взято | 🗑️ 15 мусор
2026-06-27 08:44:01,523 | INFO     |   → 1261/1304: ✅ 0 взято | 🗑️ 0 мусор
2026-06-27 08:44:01,523 | INFO     |   → 1262/1304: ✅ 10 взято | 🗑️ 14 мусор
2026-06-27 08:44:01,523 | INFO     |   → 1263/1304: ✅ 0 взято | 🗑️ 0 мусор
2026-06-27 08:44:01,523 | INFO     |   → 1264/1304: ✅ 5 взято | 🗑️ 18 мусор
2026-06-27 08:44:01,523 | INFO     |   → 1265/1304: ✅ 0 взято | 🗑️ 0 мусор
2026-06-27 08:44:01,523 | INFO     |   → 1266/1304: ✅ 5 взято | 🗑️ 22 мусор
2026-06-27 08:44:01,523 | INFO     |   → 1267/1304: ✅ 0 взято | 🗑️ 0 мусор
2026-06-27 08:44:01,523 | INFO     |   → 1268/1304: ✅ 5 взято | 🗑️ 18 мусор
2026-06-27 08:44:01,523 | INFO     |   → 1269/1304: ✅ 0 взято | 🗑️ 0 мусор
2026-06-27 08:44:01,523 | INFO     |   → 1270/1304: ✅ 1 взято | 🗑️ 23 мусор
2026-06-27 08:44:01,523 | INFO     |   → 1271/1304: ✅ 0 взято | 🗑️ 0 мусор
2026-06-27 08:44:01,523 | INFO     |   → 1272/1304: ✅ 5 взято | 🗑️ 18 мусор
2026-06-27 08:44:01,523 | INFO     |   → 1273/1304: ✅ 0 взято | 🗑️ 0 мусор
2026-06-27 08:44:01,523 | INFO     |   → 1274/1304: ✅ 17 взято | 🗑️ 7 мусор
2026-06-27 08:44:01,523 | INFO     |   → 1275/1304: ✅ 0 взято | 🗑️ 0 мусор
2026-06-27 08:44:01,523 | INFO     |   → 1276/1304: ✅ 3 взято | 🗑️ 17 мусор
2026-06-27 08:44:01,524 | INFO     |   → 1277/1304: ✅ 0 взято | 🗑️ 0 мусор
2026-06-27 08:44:01,524 | INFO     |   → 1278/1304: ✅ 7 взято | 🗑️ 14 мусор
2026-06-27 08:44:01,524 | INFO     |   → 1279/1304: ✅ 0 взято | 🗑️ 0 мусор
2026-06-27 08:44:01,524 | INFO     |   → 1280/1304: ✅ 7 взято | 🗑️ 14 мусор
2026-06-27 08:44:01,524 | INFO     |   → 1281/1304: ✅ 0 взято | 🗑️ 0 мусор
2026-06-27 08:44:01,524 | INFO     |   → 1282/1304: ✅ 8 взято | 🗑️ 11 мусор
2026-06-27 08:44:01,524 | INFO     |   → 1283/1304: ✅ 0 взято | 🗑️ 0 мусор
2026-06-27 08:44:01,524 | INFO     |   → 1284/1304: ✅ 0 взято | 🗑️ 22 мусор
2026-06-27 08:44:01,524 | INFO     |   → 1285/1304: ✅ 0 взято | 🗑️ 0 мусор
2026-06-27 08:44:01,524 | INFO     |   → 1286/1304: ✅ 3 взято | 🗑️ 12 мусор
2026-06-27 08:44:01,524 | INFO     |   → 1287/1304: ✅ 0 взято | 🗑️ 0 мусор
2026-06-27 08:44:01,524 | INFO     |   → 1288/1304: ✅ 0 взято | 🗑️ 7 мусор
2026-06-27 08:44:01,524 | INFO     |   → 1289/1304: ✅ 0 взято | 🗑️ 0 мусор
2026-06-27 08:44:01,524 | INFO     |   → 1290/1304: ✅ 3 взято | 🗑️ 8 мусор
2026-06-27 08:44:01,524 | INFO     |   → 1291/1304: ✅ 0 взято | 🗑️ 0 мусор
2026-06-27 08:44:01,524 | INFO     |   → 1292/1304: ✅ 6 взято | 🗑️ 12 мусор
2026-06-27 08:44:01,524 | INFO     |   → 1293/1304: ✅ 0 взято | 🗑️ 0 мусор
2026-06-27 08:44:01,524 | INFO     |   → 1294/1304: ✅ 2 взято | 🗑️ 12 мусор
2026-06-27 08:44:01,524 | INFO     |   → 1295/1304: ✅ 0 взято | 🗑️ 0 мусор
2026-06-27 08:44:01,524 | INFO     |   → 1296/1304: ✅ 8 взято | 🗑️ 12 мусор
2026-06-27 08:44:01,524 | INFO     |   → 1297/1304: ✅ 0 взято | 🗑️ 0 мусор
2026-06-27 08:44:01,524 | INFO     |   → 1298/1304: ✅ 0 взято | 🗑️ 10 мусор
2026-06-27 08:44:01,525 | INFO     |   → 1299/1304: ✅ 0 взято | 🗑️ 0 мусор
2026-06-27 08:44:01,525 | INFO     |   → 1300/1304: ✅ 7 взято | 🗑️ 14 мусор
2026-06-27 08:44:01,525 | INFO     |   → 1301/1304: ✅ 0 взято | 🗑️ 0 мусор
2026-06-27 08:44:01,525 | INFO     |   → 1302/1304: ✅ 4 взято | 🗑️ 19 мусор
2026-06-27 08:44:01,525 | INFO     |   → 1303/1304: ✅ 0 взято | 🗑️ 0 мусор
2026-06-27 08:44:01,525 | INFO     |   → 1304/1304: ✅ 0 взято | 🗑️ 18 мусор
2026-06-27 08:44:01,525 | INFO     |   → ✅ ГОТОВО!
2026-06-27 08:44:01,525 | INFO     |   →    📥 Всего ключей после фильтра: 53834
2026-06-27 08:44:01,525 | INFO     |   →    🔗 Уникальных IP:PORT:SCHEME: 14040
2026-06-27 08:44:01,525 | INFO     |   →    🗑️ Выброшено мусора: 907379
2026-06-27 08:44:01,525 | INFO     |   → 📊 По протоколам:
2026-06-27 08:44:01,525 | INFO     |   →    vless: 6203
2026-06-27 08:44:01,525 | INFO     |   →    vmess: 3816
2026-06-27 08:44:01,525 | INFO     |   →    trojan: 1829
2026-06-27 08:44:01,525 | INFO     |   →    ss: 2023
2026-06-27 08:44:01,525 | INFO     |   →    hysteria: 14
2026-06-27 08:44:01,525 | INFO     |   →    hysteria2: 33
2026-06-27 08:44:01,525 | INFO     |   →    hy2: 69
2026-06-27 08:44:01,525 | INFO     |   →    tuic: 53
2026-06-27 08:44:01,525 | INFO     | ✅ mirror.py завершён успешно
2026-06-27 08:44:01,526 | INFO     | 
2026-06-27 08:44:01,526 | INFO     | 
2026-06-27 08:44:01,526 | INFO     | ──────────────────────────────────────────────────────────────────────
2026-06-27 08:44:01,526 | INFO     | 📌 ЭТАП: Фильтрация по реальному SNI
2026-06-27 08:44:01,526 | INFO     | ──────────────────────────────────────────────────────────────────────
2026-06-27 08:44:01,526 | INFO     | 🚀 Запуск filter_ru_sni.py (Фильтр по реальному SNI (CDN+RU))...
2026-06-27 08:44:01,875 | INFO     |   → hy2.txt: 69 → 21 (SNI-filtered)
2026-06-27 08:44:01,875 | INFO     |   →   hysteria.txt: 14 → 0 (SNI-filtered)
2026-06-27 08:44:01,875 | INFO     |   →   hysteria2.txt: 33 → 6 (SNI-filtered)
2026-06-27 08:44:01,875 | INFO     |   →   ss.txt: 2023 → 1 (SNI-filtered)
2026-06-27 08:44:01,875 | INFO     |   →   trojan.txt: 1829 → 21 (SNI-filtered)
2026-06-27 08:44:01,875 | INFO     |   →   tuic.txt: 53 → 0 (SNI-filtered)
2026-06-27 08:44:01,875 | INFO     |   →   vless.txt: 6203 → 1066 (SNI-filtered)
2026-06-27 08:44:01,875 | INFO     |   →   vmess.txt: 3816 → 40 (SNI-filtered)
2026-06-27 08:44:01,875 | INFO     |   → ==================================================
2026-06-27 08:44:01,875 | INFO     |   →   Всего входных:  14040
2026-06-27 08:44:01,875 | INFO     |   →   Прошли фильтр:  1155
2026-06-27 08:44:01,876 | INFO     |   →   Отброшено:      12885
2026-06-27 08:44:01,876 | INFO     |   → ==================================================
2026-06-27 08:44:01,876 | INFO     |   → Готово → /home/runner/work/vpn-vless-configs-russia/vpn-vless-configs-russia/githubmirror/ru-sni
2026-06-27 08:44:01,876 | INFO     | ✅ filter_ru_sni.py завершён успешно
2026-06-27 08:44:01,876 | INFO     | 
2026-06-27 08:44:01,876 | INFO     | 
2026-06-27 08:44:01,876 | INFO     | ──────────────────────────────────────────────────────────────────────
2026-06-27 08:44:01,876 | INFO     | 📌 ЭТАП: Экспериментальный RU-SNI фильтр
2026-06-27 08:44:01,876 | INFO     | ──────────────────────────────────────────────────────────────────────
2026-06-27 08:44:01,876 | INFO     | 🚀 Запуск filter_ru_sni_local.py (Экспериментальный фильтр по RU-SNI (локальные домены))...
2026-06-27 08:44:02,108 | INFO     |   → hy2.txt: 69 → 0 (RU-SNI)
2026-06-27 08:44:02,108 | INFO     |   → hysteria.txt: 14 → 0 (RU-SNI)
2026-06-27 08:44:02,108 | INFO     |   → hysteria2.txt: 33 → 0 (RU-SNI)
2026-06-27 08:44:02,108 | INFO     |   → ss.txt: 2023 → 0 (RU-SNI)
2026-06-27 08:44:02,108 | INFO     |   → trojan.txt: 1829 → 1 (RU-SNI)
2026-06-27 08:44:02,108 | INFO     |   → tuic.txt: 53 → 0 (RU-SNI)
2026-06-27 08:44:02,108 | INFO     |   → vless.txt: 6203 → 191 (RU-SNI)
2026-06-27 08:44:02,108 | INFO     |   → vmess.txt: 3816 → 0 (RU-SNI)
2026-06-27 08:44:02,108 | INFO     |   → ==================================================
2026-06-27 08:44:02,108 | INFO     |   → Всего входных:  14040
2026-06-27 08:44:02,108 | INFO     |   → Прошли RU-SNI:  192
2026-06-27 08:44:02,108 | INFO     |   → Отброшено:      13848
2026-06-27 08:44:02,108 | INFO     |   → ==================================================
2026-06-27 08:44:02,108 | INFO     |   → Готово → /home/runner/work/vpn-vless-configs-russia/vpn-vless-configs-russia/githubmirror/ru-sni-local
2026-06-27 08:44:02,108 | INFO     | ✅ filter_ru_sni_local.py завершён успешно
2026-06-27 08:44:02,109 | INFO     | 
2026-06-27 08:44:02,109 | INFO     | 
2026-06-27 08:44:02,109 | INFO     | ──────────────────────────────────────────────────────────────────────
2026-06-27 08:44:02,109 | INFO     | 📌 ЭТАП: Сбор статистики
2026-06-27 08:44:02,109 | INFO     | ──────────────────────────────────────────────────────────────────────
2026-06-27 08:44:02,109 | INFO     | 📊 Сбор статистики...
2026-06-27 08:44:02,109 | INFO     |   📁 githubmirror/clean:
2026-06-27 08:44:02,109 | INFO     |     • hy2         :    69 конфигов
2026-06-27 08:44:02,109 | INFO     |     • hysteria    :    14 конфигов
2026-06-27 08:44:02,110 | INFO     |     • hysteria2   :    33 конфигов
2026-06-27 08:44:02,111 | INFO     |     • ss          :  2023 конфигов
2026-06-27 08:44:02,113 | INFO     |     • trojan      :  1829 конфигов
2026-06-27 08:44:02,114 | INFO     |     • tuic        :    53 конфигов
2026-06-27 08:44:02,120 | INFO     |     • vless       :  6203 конфигов
2026-06-27 08:44:02,123 | INFO     |     • vmess       :  3816 конфигов
2026-06-27 08:44:02,123 | INFO     |   📁 githubmirror/ru-sni:
2026-06-27 08:44:02,123 | INFO     |     • hy2         :    21 конфигов ( 30.4% от clean)
2026-06-27 08:44:02,124 | INFO     |     • hysteria    :     0 конфигов (  0.0% от clean)
2026-06-27 08:44:02,124 | INFO     |     • hysteria2   :     6 конфигов ( 18.2% от clean)
2026-06-27 08:44:02,124 | INFO     |     • ss          :     1 конфигов (  0.0% от clean)
2026-06-27 08:44:02,124 | INFO     |     • trojan      :    21 конфигов (  1.1% от clean)
2026-06-27 08:44:02,124 | INFO     |     • tuic        :     0 конфигов (  0.0% от clean)
2026-06-27 08:44:02,125 | INFO     |     • vless       :  1066 конфигов ( 17.2% от clean)
2026-06-27 08:44:02,126 | INFO     |     • vmess       :    40 конфигов (  1.0% от clean)
2026-06-27 08:44:02,126 | INFO     | 
2026-06-27 08:44:02,126 | INFO     |   ──────────────────────────────────────────────────
2026-06-27 08:44:02,126 | INFO     |   📈 ИТОГО:
2026-06-27 08:44:02,126 | INFO     |     Clean (после geo-фильтра):    14040
2026-06-27 08:44:02,126 | INFO     |     RU-SNI (после SNI-фильтра):    1155
2026-06-27 08:44:02,126 | INFO     |     Прошло фильтр:                  8.2%
2026-06-27 08:44:02,126 | INFO     |   ──────────────────────────────────────────────────
2026-06-27 08:44:02,126 | INFO     | ✅ Статистика сохранена: /home/runner/work/vpn-vless-configs-russia/vpn-vless-configs-russia/stats.json
2026-06-27 08:44:02,126 | INFO     | 
2026-06-27 08:44:02,127 | INFO     | ======================================================================
2026-06-27 08:44:02,127 | INFO     | 📊 ИТОГОВЫЙ ОТЧЁТ
2026-06-27 08:44:02,127 | INFO     | ======================================================================
2026-06-27 08:44:02,127 | INFO     |   ✅ OK         | Загрузка и geo-фильтрация
2026-06-27 08:44:02,127 | INFO     |   ✅ OK         | Фильтрация по реальному SNI
2026-06-27 08:44:02,127 | INFO     |   ✅ OK         | Экспериментальный RU-SNI фильтр
2026-06-27 08:44:02,127 | INFO     |   ✅ OK         | Сбор статистики
2026-06-27 08:44:02,127 | INFO     | ──────────────────────────────────────────────────────────────────────
2026-06-27 08:44:02,127 | INFO     | ✅ ВСЕ ЭТАПЫ УСПЕШНЫ (4/4)
2026-06-27 08:44:02,127 | INFO     | ⏰ Время завершения: 2026-06-27 08:44:02
2026-06-27 08:44:02,127 | INFO     | ======================================================================
